ID,timestamp,run_id,query,query_rerun_id,numStages,numTasks,elapsedTime,stageDuration,executorRunTime,executorCpuTime,executorDeserializeTime,executorDeserializeCpuTime,resultSerializationTime,jvmGCTime,shuffleFetchWaitTime,shuffleWriteTime,resultSize,diskBytesSpilled,memoryBytesSpilled,peakExecutionMemory,recordsRead,bytesRead,recordsWritten,bytesWritten,shuffleRecordsRead,shuffleTotalBlocksFetched,shuffleLocalBlocksFetched,shuffleRemoteBlocksFetched,shuffleTotalBytesRead,shuffleLocalBytesRead,shuffleRemoteBytesRead,shuffleRemoteBytesReadToDisk,shuffleBytesWritten,shuffleRecordsWritten,avg_active_tasks,elapsed_time_seconds
0,2026-05-15 19:09:05,0,q1,0,25,497,2987,2816,19612,9408,3308,2385,11,432,0,2194,1022139,0,0,5575121920,675642,33694163,0,0,108130,286,286,0,2350092,2350092,0,0,2350092,108130,6.57,2.99
1,2026-05-15 19:09:10,0,q2,0,20,394,1599,1396,9836,6769,1841,1503,9,242,0,267,680942,0,0,7086233504,2274794,67825976,0,0,5925,297,297,0,564843,564843,0,0,451439,4231,6.15,1.6
2,2026-05-15 19:09:13,0,q3,0,13,273,1165,728,6953,5481,1151,1087,0,150,0,59,265795,0,0,3538451232,2841773,40163223,0,0,728,162,162,0,193497,193497,0,0,193497,728,5.97,1.16
3,2026-05-15 19:09:15,0,q4,0,27,571,2592,5289,30968,20438,2387,2054,3,898,0,5007,7499173,0,0,11501312960,9963689,316660942,0,0,256825,248,248,0,22804550,22804550,0,0,22804550,256825,11.95,2.59
4,2026-05-15 19:09:19,0,q5,0,33,878,2736,2975,20535,15140,3369,3183,0,320,0,156,1639446,0,0,7492211472,6154418,215164525,0,0,2761,327,327,0,483239,483239,0,0,483239,2761,7.51,2.74
5,2026-05-15 19:09:23,0,q5a,0,24,675,1461,2162,12249,9154,2548,2457,0,440,0,141,1639833,0,0,1374296984,6153996,214063259,0,0,4087,37,37,0,293742,293742,0,0,195780,2837,8.38,1.46
6,2026-05-15 19:09:25,0,q6,0,22,445,1283,1964,9775,5373,1714,1630,0,144,0,899,883229,0,0,598054872,3029572,32671185,0,0,2785617,73,73,0,24382202,24382202,0,0,24382202,2785617,7.62,1.28
7,2026-05-15 19:09:28,0,q7,0,15,310,736,705,4238,3093,1314,1189,10,130,0,13,265752,0,0,274988960,38316,693259,0,0,108,104,104,0,12525,12525,0,0,12525,108,5.76,0.74
8,2026-05-15 19:09:30,0,q8,0,16,326,821,1113,5957,4787,1310,1268,0,140,0,26,494133,0,0,1390749344,2970528,44950600,0,0,3511,8,8,0,60593,60593,0,0,60593,3511,7.26,0.82
9,2026-05-15 19:09:32,0,q9,0,18,387,977,2462,8520,4454,1201,1249,1,160,0,9,269973,0,0,137494480,14403059,290459571,0,0,84,82,82,0,7758,7758,0,0,7758,84,8.72,0.98
10,2026-05-15 19:09:34,0,q10,0,19,409,1375,2337,8310,5788,1569,1446,3,352,0,564,28184438,0,0,680777184,7002647,79832352,0,0,287659,23,23,0,2088598,2088598,0,0,2088598,287659,6.04,1.38
11,2026-05-15 19:09:36,0,q10a,0,17,408,1358,1623,3806,3169,1542,1470,2,208,0,586,28184438,0,0,679204896,7002647,79832352,0,0,283274,23,23,0,2090399,2090399,0,0,2090399,283274,2.8,1.36
12,2026-05-15 19:09:39,0,q11,0,19,429,1586,2701,17289,12818,1510,1499,13,336,0,2694,7499173,0,0,7600607896,7080193,186376048,0,0,119522,154,154,0,12153105,12153105,0,0,12153105,119522,10.9,1.59
13,2026-05-15 19:09:41,0,q12,0,5,103,102,152,578,404,467,419,0,56,0,0,232350,0,0,0,20002,400413,0,0,0,0,0,0,0,0,0,0,0,0,5.67,0.1
14,2026-05-15 19:09:43,0,q13,0,14,309,687,1199,4972,2236,1330,1197,0,144,0,8,265150,0,0,137494480,77223,1003351,0,0,54,52,52,0,5761,5761,0,0,5761,54,7.24,0.69
15,2026-05-15 19:09:44,0,q14a,0,46,1016,4670,5186,33664,27253,3497,3511,6,1159,0,3689,370215,0,0,4805623368,14867536,327772074,0,0,6395099,223,223,0,89742068,89742068,0,0,88613364,6367683,7.21,4.67
16,2026-05-15 19:09:51,0,q14b,0,40,963,2945,6561,27939,21206,3608,3435,1,816,0,4018,380451,0,0,2541233120,12852304,249277213,0,0,6909851,170,170,0,94909417,94909417,0,0,50824768,4159540,9.49,2.94
17,2026-05-15 19:09:55,0,q14,0,40,962,2613,5248,22445,17691,3685,3446,0,603,0,2694,380365,0,0,2339808296,12852304,249277213,0,0,6880896,153,153,0,93688037,93688037,0,0,49603388,4130585,8.59,2.61
18,2026-05-15 19:09:59,0,q15,0,9,221,683,881,6321,5338,1112,865,0,144,0,22,1045273,0,0,510207240,1611751,35454722,0,0,317,5,5,0,23134,23134,0,0,23134,317,9.25,0.68
19,2026-05-15 19:10:01,0,q16,0,17,405,1420,1845,12086,8727,1447,1416,5,135,0,43,7192871,0,0,1376198864,3097782,86836333,0,0,291,64,64,0,23290,23290,0,0,23290,291,8.51,1.42
20,2026-05-15 19:10:03,0,q17,0,16,420,1196,2909,12487,8446,1516,1491,0,844,0,1293,6343124,0,0,3885150096,4527977,93603141,0,0,1629074,545,545,0,32951985,32951985,0,0,32951985,1629074,10.44,1.2
21,2026-05-15 19:10:06,0,q18,0,10,305,220,952,1299,523,1246,1195,3,180,0,0,233210,0,0,0,38006,647796,0,0,0,0,0,0,0,0,0,0,0,0,5.9,0.22
22,2026-05-15 19:10:07,0,q18a,0,18,461,256,1486,575,588,1902,1818,0,119,0,0,857079,0,0,0,338009,4264775,0,0,0,0,0,0,0,0,0,0,0,0,2.25,0.26
23,2026-05-15 19:10:09,0,q19,0,13,323,590,1152,4945,4024,1201,1239,4,107,0,39,1045273,0,0,275582184,2938528,47753978,0,0,684,6,6,0,79100,79100,0,0,79100,684,8.38,0.59
24,2026-05-15 19:10:10,0,q20,0,5,103,93,140,566,393,408,405,0,0,0,0,232049,0,0,0,20002,400413,0,0,0,0,0,0,0,0,0,0,0,0,6.09,0.09
25,2026-05-15 19:10:11,0,q21,0,15,324,1694,1357,12267,9202,1252,1192,5,150,0,108,265150,0,0,4088929120,11783419,46360540,0,0,19872,159,159,0,649230,649230,0,0,649230,19872,7.24,1.69
26,2026-05-15 19:10:14,0,q22,0,10,236,1989,2134,17056,14576,973,856,0,205,0,241,804447,0,0,2321800192,11783210,46297375,0,0,577088,272,272,0,24526389,24526389,0,0,24526389,577088,8.58,1.99
27,2026-05-15 19:10:17,0,q22a,0,14,259,1381,1862,15050,12961,890,908,0,194,0,1302,804447,0,0,6032709848,11783208,46309097,0,0,747912,599,599,0,41169920,41169920,0,0,9603840,171976,10.9,1.38
28,2026-05-15 19:10:20,0,q23a,0,26,627,2397,4193,28341,21845,2162,2146,15,826,0,3736,1169836,0,0,7242482208,10720963,205127396,0,0,4038477,685,685,0,103410490,103410490,0,0,103407953,4038434,11.82,2.4
29,2026-05-15 19:10:23,0,q23b,0,31,699,2261,4842,24913,19747,2777,2432,2,523,0,3595,1169836,0,0,9742290240,10820964,206629776,0,0,4134964,941,941,0,106015088,106015088,0,0,106012551,4134921,11.02,2.26
30,2026-05-15 19:10:27,0,q24,0,9,254,248,827,1368,649,998,986,0,112,0,0,659971,0,0,0,50216,659368,0,0,0,0,0,0,0,0,0,0,0,0,5.52,0.25
31,2026-05-15 19:10:28,0,q24a,0,8,253,187,656,898,555,1064,1021,0,152,0,0,250022,0,0,0,216,189046,0,0,0,0,0,0,0,0,0,0,0,0,4.8,0.19
32,2026-05-15 19:10:29,0,q24b,0,9,254,173,605,526,542,1080,1025,0,84,0,0,405606,0,0,0,50216,392096,0,0,0,0,0,0,0,0,0,0,0,0,3.04,0.17
33,2026-05-15 19:10:31,0,q25,0,16,420,1163,2972,12219,9134,1523,1495,3,264,0,1078,6350549,0,0,3885125480,4527977,113234070,0,0,1629074,545,545,0,33140816,33140816,0,0,33140816,1629074,10.51,1.16
34,2026-05-15 19:10:33,0,q26,0,9,206,161,476,935,472,837,817,0,0,0,0,232006,0,0,0,38304,685158,0,0,0,0,0,0,0,0,0,0,0,0,5.81,0.16
35,2026-05-15 19:10:34,0,q27,0,9,206,190,572,956,798,975,849,8,105,0,0,231915,0,0,0,38016,667706,0,0,0,0,0,0,0,0,0,0,0,0,5.03,0.19
36,2026-05-15 19:10:35,0,q27a,0,13,308,282,1398,1372,1179,1555,1267,0,105,0,0,231404,0,0,0,56030,861876,0,0,0,0,0,0,0,0,0,0,0,0,4.87,0.28
37,2026-05-15 19:10:37,0,q28,0,24,408,1694,3063,22248,14717,1205,1277,0,276,0,4245,250247,0,0,6603405008,17283624,364715688,0,0,165937,102,102,0,3549887,3549887,0,0,3549887,165937,13.13,1.69
38,2026-05-15 19:10:40,0,q29,0,18,471,1375,4112,13761,9194,2150,1750,22,336,0,1186,6343425,0,0,3885232920,4547978,94077422,0,0,1629074,545,545,0,32952090,32952090,0,0,32952090,1629074,10.01,1.38
39,2026-05-15 19:10:42,0,q30,0,15,340,573,1085,4313,2044,1283,1231,1,42,0,1189,10380174,0,0,1434644536,357676,27689483,0,0,26097,27,27,0,859700,859700,0,0,859700,26097,7.53,0.57
40,2026-05-15 19:10:44,0,q31,0,29,609,1892,3821,23296,19536,2272,2129,6,387,0,919,773451,0,0,1441333448,10520289,233074704,0,0,21307,45,45,0,1059441,1059441,0,0,1035579,21060,12.31,1.89
41,2026-05-15 19:10:47,0,q32,0,11,237,662,1003,7443,6439,924,859,0,112,0,158,247484,0,0,107637432,2921498,94643174,0,0,27026,22,22,0,458939,458939,0,0,458939,27026,11.24,0.66
42,2026-05-15 19:10:48,0,q33,0,6,153,120,299,844,513,588,610,0,0,0,0,232092,0,0,0,20003,407512,0,0,0,0,0,0,0,0,0,0,0,0,7.03,0.12
43,2026-05-15 19:10:50,0,q34,0,8,204,187,612,1365,900,815,817,0,80,0,0,232049,0,0,0,20016,433878,0,0,0,0,0,0,0,0,0,0,0,0,7.3,0.19
44,2026-05-15 19:10:51,0,q35,0,19,409,1141,2027,7726,6085,1326,1394,2,170,0,1186,24076245,0,0,488557656,7002647,79694498,0,0,646325,37,37,0,2861078,2861078,0,0,2861078,646325,6.77,1.14
45,2026-05-15 19:10:53,0,q35a,0,17,408,948,1483,4458,3493,1499,1458,2,171,0,1235,24076245,0,0,489854952,7002647,79694498,0,0,646170,36,36,0,2841586,2841586,0,0,2841586,646170,4.7,0.95
46,2026-05-15 19:10:55,0,q36,0,10,221,769,895,7507,6321,873,857,3,96,0,126,271427,0,0,1248387816,2788526,58101921,0,0,2114,16,16,0,196426,196426,0,0,196426,2114,9.76,0.77
47,2026-05-15 19:10:57,0,q36a,0,13,226,841,949,7412,7134,939,874,0,120,0,131,271427,0,0,1787355688,2788526,58101921,0,0,5681,51,51,0,546396,546396,0,0,195856,2079,8.81,0.84
48,2026-05-15 19:10:59,0,q37,0,9,235,627,760,5042,4134,827,853,0,42,0,14,7327436,0,0,1114065536,13224950,80039372,0,0,7,7,7,0,1771,1771,0,0,1771,7,8.04,0.63
49,2026-05-15 19:11:01,0,q38,0,15,306,1262,2080,15001,12381,1081,1037,0,156,0,1726,2502324,0,0,4130345088,5031845,70788406,0,0,91512,45,45,0,3311891,3311891,0,0,3311891,91512,11.89,1.26
50,2026-05-15 19:11:03,0,q39a,0,17,344,1252,2231,11997,10256,1327,1262,0,90,0,119,250198,0,0,998732104,23548409,91878914,0,0,408323,22,22,0,7904106,7904106,0,0,5311940,273323,9.58,1.25
51,2026-05-15 19:11:05,0,q39b,0,18,344,598,1058,3830,3041,1324,1288,0,0,0,115,250198,0,0,859804024,23548409,91878914,0,0,276476,19,19,0,5399937,5399937,0,0,5300936,273306,6.4,0.6
52,2026-05-15 19:11:07,0,q40,0,11,286,663,991,6233,5335,1126,1065,0,130,0,37,2268770,0,0,659824776,1624023,65594173,0,0,1170,4,4,0,84450,84450,0,0,84450,1170,9.4,0.66
53,2026-05-15 19:11:09,0,q41,0,3,52,157,152,1667,148,225,243,0,0,0,0,232049,0,0,262144,1,87174,0,0,0,0,0,0,0,0,0,0,0,0,10.62,0.16
54,2026-05-15 19:11:10,0,q42,0,7,169,359,361,3097,2419,647,632,0,80,0,19,250150,0,0,105385704,2788513,39578357,0,0,70,7,7,0,6429,6429,0,0,6429,70,8.63,0.36
55,2026-05-15 19:11:12,0,q43,0,7,169,350,371,2625,2017,705,647,0,56,0,34,250752,0,0,105168104,2770525,44267304,0,0,90,15,15,0,9179,9179,0,0,9179,90,7.5,0.35
56,2026-05-15 19:11:13,0,q44,0,11,190,549,564,4300,3425,652,651,0,0,0,348,298111,0,0,754869320,5779209,101128789,0,0,395956,84,84,0,5848047,5848047,0,0,2924977,198008,7.83,0.55
57,2026-05-15 19:11:15,0,q45,0,13,323,537,1242,4134,3157,1575,1263,0,0,0,14,1045273,0,0,1334610920,925589,34789360,0,0,19,7,7,0,1854,1854,0,0,1854,19,7.7,0.54
58,2026-05-15 19:11:16,0,q46,0,13,323,766,1373,7093,6263,1284,1245,0,80,0,210,3116112,0,0,218764392,2927728,66945565,0,0,10081,15,15,0,633895,633895,0,0,633895,10081,9.26,0.77
59,2026-05-15 19:11:18,0,q47,0,15,239,1487,2231,11701,10981,953,885,0,116,0,440,398425,0,0,3011247992,2788526,44995936,0,0,697726,185,185,0,23289550,23289550,0,0,15721431,470167,7.87,1.49
60,2026-05-15 19:11:21,0,q48,0,8,205,172,522,1176,720,815,812,0,0,0,0,232049,0,0,0,20016,445895,0,0,0,0,0,0,0,0,0,0,0,0,6.84,0.17
61,2026-05-15 19:11:22,0,q49,0,19,454,1100,1824,11386,8642,1682,1563,0,160,0,49,250150,0,0,1660824664,5416491,237735042,0,0,170,20,20,0,12378,12378,0,0,12378,170,10.35,1.1
62,2026-05-15 19:11:24,0,q50,0,11,286,953,1268,9005,8145,1061,1070,0,64,0,20,4745061,0,0,1490206824,3121277,56650107,0,0,48,8,8,0,11346,11346,0,0,11346,48,9.45,0.95
63,2026-05-15 19:11:26,0,q51,0,13,225,1157,1556,11493,9763,720,715,4,148,0,1191,250150,0,0,5454259864,3490096,70448222,0,0,2523869,437,437,0,44071202,44071202,0,0,44071202,2523869,9.93,1.16
64,2026-05-15 19:11:28,0,q51a,0,17,255,2632,3712,32155,25995,786,797,0,978,0,1663,1761540,0,0,13802258224,3490096,70448222,0,0,4889102,812,812,0,84700700,84700700,0,0,61739590,3644888,12.22,2.63
65,2026-05-15 19:11:32,0,q52,0,7,169,383,401,3438,2680,629,628,3,97,0,43,250150,0,0,105385704,2788513,39578357,0,0,610,7,7,0,55737,55737,0,0,55737,610,8.98,0.38
66,2026-05-15 19:11:34,0,q53,0,7,154,150,336,1082,705,622,624,0,0,0,0,232049,0,0,0,20015,505061,0,0,0,0,0,0,0,0,0,0,0,0,7.21,0.15
67,2026-05-15 19:11:35,0,q54,0,18,411,484,3167,2972,1878,1862,1638,14,127,0,4,1045273,0,0,1048576,210219,2457419,0,0,2,2,2,0,118,118,0,0,118,2,6.14,0.48
68,2026-05-15 19:11:36,0,q55,0,7,169,313,318,2352,2032,637,642,0,0,0,28,250150,0,0,105385704,2788513,39578357,0,0,434,5,5,0,37903,37903,0,0,37903,434,7.51,0.31
69,2026-05-15 19:11:38,0,q56,0,6,153,121,299,831,509,622,605,0,0,0,0,232049,0,0,0,20003,404876,0,0,0,0,0,0,0,0,0,0,0,0,6.87,0.12
70,2026-05-15 19:11:39,0,q57,0,13,228,916,1181,6311,4982,876,854,0,105,0,625,491406,0,0,1793326632,1479757,48129507,0,0,265282,105,105,0,9446406,9446406,0,0,5213951,148733,6.89,0.92
71,2026-05-15 19:11:41,0,q58,0,17,405,950,1222,8449,7190,1604,1499,0,124,0,64,251354,0,0,658343360,5095945,120443588,0,0,18752,5,5,0,339921,339921,0,0,339921,18752,8.89,0.95
72,2026-05-15 19:11:43,0,q59,0,16,325,601,1351,4498,3827,1275,1265,0,60,0,196,680942,0,0,286765128,2863589,44969087,0,0,9288,34,34,0,330073,330073,0,0,187379,6834,7.48,0.6
73,2026-05-15 19:11:45,0,q60,0,7,154,134,314,891,520,609,608,0,0,0,0,232049,0,0,0,70003,771060,0,0,0,0,0,0,0,0,0,0,0,0,6.65,0.13
74,2026-05-15 19:11:46,0,q61,0,14,309,252,1229,1561,948,1326,1222,0,155,0,0,1045273,0,0,0,170318,1814286,0,0,0,0,0,0,0,0,0,0,0,0,6.19,0.25
75,2026-05-15 19:11:47,0,q62,0,14,323,1070,1139,8882,5856,1409,1239,0,130,0,136,265150,0,0,1349963960,739649,20155358,0,0,2373,68,68,0,274601,274601,0,0,274601,2373,8.3,1.07
76,2026-05-15 19:11:49,0,q63,0,7,154,144,276,986,686,611,618,0,0,0,0,232049,0,0,0,20015,505061,0,0,0,0,0,0,0,0,0,0,0,0,6.85,0.14
77,2026-05-15 19:11:51,0,q64,0,28,744,979,6914,7031,4344,3164,2813,0,291,0,6,3573624,0,0,137494480,602579,35373173,0,0,54,52,52,0,5613,5613,0,0,5613,54,7.18,0.98
78,2026-05-15 19:11:53,0,q65,0,15,302,925,1488,9819,7515,1015,1054,0,127,0,670,1710264,0,0,3041683664,5539037,90138287,0,0,785318,155,155,0,17224418,17224418,0,0,17224418,785318,10.62,0.92
79,2026-05-15 19:11:55,0,q66,0,10,206,583,602,3325,1786,841,797,0,185,0,7,265150,0,0,137494480,20032,348069,0,0,54,52,52,0,5957,5957,0,0,5957,54,5.7,0.58
80,2026-05-15 19:11:57,0,q67,0,10,237,1417,1540,15459,13410,855,879,0,277,0,425,804447,0,0,3620200528,2788526,50942696,0,0,1265577,272,272,0,75655069,75655069,0,0,75655069,1265577,10.91,1.42
81,2026-05-15 19:11:59,0,q67a,0,18,377,2943,9727,38506,32135,1141,1152,1,453,0,4919,804447,0,0,21356070720,2788526,50942696,0,0,5040026,2406,2406,0,310267339,310267339,0,0,81619171,1338922,13.08,2.94
82,2026-05-15 19:12:03,0,q68,0,13,323,845,1463,8243,7243,1249,1248,0,18,0,93,3116155,0,0,218427752,2927728,82583267,0,0,2221,12,12,0,188810,188810,0,0,188810,2221,9.76,0.84
83,2026-05-15 19:12:05,0,q69,0,19,409,1196,2139,9636,8268,1442,1445,3,71,0,334,27823006,0,0,409430296,7002647,79736068,0,0,239275,19,19,0,2030628,2030628,0,0,2030628,239275,8.06,1.2
84,2026-05-15 19:12:08,0,q70,0,14,289,866,938,7253,5970,1206,1086,18,0,0,65,250193,0,0,1418427424,5521049,87080133,0,0,75,32,32,0,5530,5530,0,0,5530,75,8.38,0.87
85,2026-05-15 19:12:10,0,q70a,0,17,294,819,890,6491,5968,1091,1094,0,160,0,67,250150,0,0,883653600,5521049,87080133,0,0,80,67,67,0,6897,6897,0,0,3717,50,7.93,0.82
86,2026-05-15 19:12:11,0,q71,0,6,153,125,311,871,517,671,615,0,70,0,0,232651,0,0,0,20003,415390,0,0,0,0,0,0,0,0,0,0,0,0,6.97,0.12
87,2026-05-15 19:12:13,0,q72,0,22,592,900,6896,7956,6027,2198,2193,0,112,0,722,1954496,0,0,0,3691426,62701424,0,0,0,0,0,0,0,0,0,0,48268802,1427675,8.84,0.9
88,2026-05-15 19:12:15,0,q73,0,8,204,180,591,1290,859,832,809,0,65,0,0,232049,0,0,0,20016,433878,0,0,0,0,0,0,0,0,0,0,0,0,7.17,0.18
89,2026-05-15 19:12:16,0,q74,0,19,425,1687,3162,20884,17406,1546,1442,0,160,0,2234,3001190,0,0,5984752472,7080193,155346612,0,0,119522,92,92,0,6335237,6335237,0,0,6335237,119522,12.38,1.69
90,2026-05-15 19:12:19,0,q75,0,11,335,371,1544,3276,2272,1264,1226,0,70,0,0,5628752,0,0,0,399880,27530810,0,0,0,0,0,0,0,0,0,0,0,0,8.83,0.37
91,2026-05-15 19:12:20,0,q76,0,9,300,847,760,8157,6864,1106,1101,0,112,0,414,380855,0,0,3563740088,4542915,105621773,0,0,2845,47,47,0,288862,288862,0,0,288862,2845,9.63,0.85
92,2026-05-15 19:12:22,0,q77,0,26,608,1566,1935,14492,10457,2113,2098,0,256,0,98,265838,0,0,1068934640,5422729,193466764,0,0,412,88,88,0,33681,33681,0,0,33681,412,9.25,1.57
93,2026-05-15 19:12:25,0,q77a,0,26,561,1215,1797,11195,9415,1904,1918,0,208,0,77,250150,0,0,1537516864,5422723,193462670,0,0,430,48,48,0,40478,40478,0,0,29256,350,9.21,1.22
94,2026-05-15 19:12:27,0,q78,0,17,467,1536,2578,19436,15609,1835,1526,0,233,0,1094,3066921,0,0,9367067000,5435788,195962176,0,0,872867,493,493,0,22699084,22699084,0,0,22699084,872867,12.65,1.54
95,2026-05-15 19:12:30,0,q79,0,11,272,752,1137,7335,6526,1089,1051,0,65,0,278,2502367,0,0,1147022720,2877727,66051382,0,0,7013,15,15,0,417886,417886,0,0,417886,7013,9.75,0.75
96,2026-05-15 19:12:32,0,q80,0,26,706,1476,5016,15594,12740,2897,2545,9,287,0,89,5925701,0,0,2569332360,5465853,206524019,0,0,1454,17,17,0,126441,126441,0,0,126441,1454,10.57,1.48
97,2026-05-15 19:12:34,0,q80a,0,29,711,1577,3942,14790,12972,2761,2553,0,317,0,81,5925701,0,0,2974082552,5465853,206524019,0,0,2254,27,27,0,206608,206608,0,0,132374,1504,9.38,1.58
98,2026-05-15 19:12:37,0,q81,0,15,340,608,1079,4727,2265,1168,1209,0,222,0,1419,4061421,0,0,1822093480,508538,38051141,0,0,54415,31,31,0,1496687,1496687,0,0,1496687,54415,7.77,0.61
99,2026-05-15 19:12:39,0,q82,0,10,247,645,865,6324,5237,852,834,0,108,0,398,250204,0,0,322971168,14663806,79014239,0,0,475046,206,206,0,12560612,12560612,0,0,12560612,2880440,9.8,0.64
100,2026-05-15 19:12:41,0,q83,0,17,405,753,670,4021,2210,1466,1465,0,56,0,138,249968,0,0,524802200,727958,46158441,0,0,4535,11,11,0,161459,161459,0,0,161459,4535,5.34,0.75
101,2026-05-15 19:12:42,0,q84,0,13,324,618,1015,1842,953,1122,1186,0,8,0,0,9751042,0,0,204944448,2365739,26285942,0,0,25,1,1,0,966,966,0,0,966,25,2.98,0.62
102,2026-05-15 19:12:44,0,q85,0,15,423,461,1550,3376,1726,1602,1588,0,121,0,99,2448563,0,0,0,92067,11159197,0,0,50,50,50,0,4544,4544,0,0,4544,50,7.32,0.46
103,2026-05-15 19:12:46,0,q86,0,8,170,398,400,3104,2584,619,629,0,0,0,134,271427,0,0,1231609192,757586,32573325,0,0,2016,16,16,0,174839,174839,0,0,174839,2016,7.8,0.4
104,2026-05-15 19:12:47,0,q86a,0,11,175,464,452,3053,2730,695,661,0,75,0,137,271427,0,0,1837685776,757586,32573325,0,0,5717,54,54,0,507351,507351,0,0,181881,2091,6.58,0.46
105,2026-05-15 19:12:49,0,q87,0,15,306,1228,1999,14114,10471,1064,1036,0,124,0,1636,2502324,0,0,4130345088,5031845,70788406,0,0,138558,45,45,0,4440028,4440028,0,0,4440028,138558,11.49,1.23
106,2026-05-15 19:12:51,0,q88,0,44,1046,1813,5428,20264,16156,3699,3596,0,377,0,15,250634,0,0,411870208,23252054,257923937,0,0,128,128,128,0,7538,7538,0,0,7538,128,11.18,1.81
107,2026-05-15 19:12:54,0,q89,0,7,154,138,330,1007,708,601,618,0,0,0,0,232049,0,0,0,20015,439525,0,0,0,0,0,0,0,0,0,0,0,0,7.3,0.14
108,2026-05-15 19:12:55,0,q90,0,14,338,500,851,4685,3679,1136,1208,5,80,0,3,248130,0,0,103555328,1486432,39981740,0,0,32,32,32,0,1885,1885,0,0,1885,32,9.37,0.5
109,2026-05-15 19:12:57,0,q91,0,12,307,235,1103,1604,880,1243,1213,0,60,0,0,232651,0,0,0,77212,853287,0,0,0,0,0,0,0,0,0,0,0,0,6.83,0.24
110,2026-05-15 19:12:58,0,q92,0,11,237,468,644,4845,4070,828,858,3,0,0,175,247442,0,0,107651768,1477170,65019957,0,0,16290,21,21,0,307740,307740,0,0,307740,16290,10.35,0.47
111,2026-05-15 19:12:59,0,q93,0,4,102,89,163,477,148,522,401,0,96,0,0,250022,0,0,0,201,74729,0,0,0,0,0,0,0,0,0,0,0,0,5.36,0.09
112,2026-05-15 19:13:01,0,q94,0,10,270,320,831,1509,693,931,972,0,0,0,0,459066,0,0,0,142170,6599328,0,0,0,0,0,0,0,0,0,0,0,0,4.72,0.32
113,2026-05-15 19:13:02,0,q95,0,12,336,429,1843,4639,3449,1248,1245,6,186,0,728,3570531,0,0,0,1509371,56549713,0,0,0,0,0,0,0,0,0,0,15806950,719067,10.81,0.43
114,2026-05-15 19:13:04,0,q96,0,9,220,408,539,3322,2695,775,808,0,70,0,1,250204,0,0,51086464,2907819,32275559,0,0,16,16,16,0,941,941,0,0,941,16,8.14,0.41
115,2026-05-15 19:13:05,0,q97,0,8,194,862,1025,9159,7041,658,680,0,96,0,829,250150,0,0,4642400160,4212260,63848862,0,0,840662,290,290,0,10313062,10313062,0,0,10313062,840662,10.63,0.86
116,2026-05-15 19:13:07,0,q98,0,5,103,94,142,594,404,382,400,0,0,0,0,232049,0,0,0,20002,400413,0,0,0,0,0,0,0,0,0,0,0,0,6.32,0.09
117,2026-05-15 19:13:08,0,q99,0,11,271,641,1002,6134,5252,1062,1041,0,164,0,87,247484,0,0,1145357568,1461783,34474008,0,0,1350,15,15,0,166470,166470,0,0,166470,1350,9.57,0.64
118,2026-05-15 19:13:10,1,q1,0,13,289,588,895,4727,3027,1176,1041,0,66,0,1067,1022096,0,0,1871028520,675419,33274439,0,0,107715,31,31,0,2198679,2198679,0,0,2198679,107715,8.04,0.59
119,2026-05-15 19:13:11,1,q2,0,14,290,644,793,4877,4179,1108,1106,0,150,0,153,680942,0,0,435904744,2274384,66535822,0,0,5419,98,98,0,182439,182439,0,0,69035,3725,7.57,0.64
120,2026-05-15 19:13:13,1,q3,0,7,169,375,368,2895,2021,742,644,0,31,0,47,250150,0,0,109346792,2841562,39699316,0,0,421,11,11,0,40838,40838,0,0,40838,421,7.72,0.38
121,2026-05-15 19:13:15,1,q4,0,27,571,2234,4761,27441,21580,1910,1932,0,308,0,3488,7499173,0,0,11501312960,9963689,316660942,0,0,256825,248,248,0,22804550,22804550,0,0,22804550,256825,12.28,2.23
122,2026-05-15 19:13:18,1,q5,0,21,670,1510,2390,15268,11977,2372,2380,0,238,0,137,1639575,0,0,835329112,6153996,214063259,0,0,2147,28,28,0,147748,147748,0,0,147748,2147,10.11,1.51
123,2026-05-15 19:13:21,1,q5a,0,24,675,1495,2258,13998,12090,2333,2408,0,166,0,154,1639489,0,0,1374296984,6153996,214063259,0,0,4087,37,37,0,293742,293742,0,0,195780,2837,9.36,1.5
124,2026-05-15 19:13:23,1,q6,0,19,393,628,1105,5182,3793,1353,1424,0,208,0,704,883229,0,0,460560392,3029566,32667367,0,0,2785563,21,21,0,24375915,24375915,0,0,24375915,2785563,8.25,0.63
125,2026-05-15 19:13:25,1,q7,0,9,206,168,513,1148,499,869,815,0,65,0,0,232049,0,0,0,38304,685158,0,0,0,0,0,0,0,0,0,0,0,0,6.83,0.17
126,2026-05-15 19:13:26,1,q8,0,16,326,846,1122,6294,5544,1246,1270,0,44,0,26,494176,0,0,1390749344,2970528,44950600,0,0,3511,8,8,0,60593,60593,0,0,60593,3511,7.44,0.85
127,2026-05-15 19:13:28,1,q9,0,17,386,556,2260,5840,4111,1209,1232,0,84,0,15,250806,0,0,0,14403056,290460806,0,0,80,80,80,0,6668,6668,0,0,6668,80,10.5,0.56
128,2026-05-15 19:13:30,1,q10,0,19,409,1399,2545,9933,8500,1450,1453,3,156,0,410,28184438,0,0,680777184,7002647,79832352,0,0,287659,23,23,0,2088598,2088598,0,0,2088598,287659,7.1,1.4
129,2026-05-15 19:13:32,1,q10a,0,17,408,1145,1463,3861,3412,1498,1481,2,194,0,412,28184438,0,0,679204896,7002647,79832352,0,0,283274,23,23,0,2090399,2090399,0,0,2090399,283274,3.37,1.14
130,2026-05-15 19:13:34,1,q11,0,19,429,1626,2859,18589,14298,1606,1491,0,528,0,2140,7499173,0,0,7803507280,7080193,186376048,0,0,117951,154,154,0,11937820,11937820,0,0,11937820,117951,11.43,1.63
131,2026-05-15 19:13:37,1,q12,0,5,103,100,147,566,404,495,411,0,87,0,0,232694,0,0,0,20002,400413,0,0,0,0,0,0,0,0,0,0,0,0,5.66,0.1
132,2026-05-15 19:13:38,1,q13,0,11,257,227,877,1479,786,1051,1008,0,88,0,0,232479,0,0,0,77217,1001042,0,0,0,0,0,0,0,0,0,0,0,0,6.52,0.23
133,2026-05-15 19:13:40,1,q14a,0,46,1016,4423,5187,32394,26951,3958,3524,9,1194,0,3588,370215,0,0,4805623368,14867536,327772074,0,0,6395099,223,223,0,89742068,89742068,0,0,88613364,6367683,7.32,4.42
134,2026-05-15 19:13:46,1,q14b,0,40,963,2746,5593,25475,21837,3462,3410,0,582,0,2161,380451,0,0,2541233120,12852304,249277213,0,0,6909851,170,170,0,94909417,94909417,0,0,50824768,4159540,9.28,2.75
135,2026-05-15 19:13:50,1,q14,0,40,962,2526,5065,23164,20077,3485,3440,3,445,0,2146,380752,0,0,2339808296,12852304,249277213,0,0,6880896,153,153,0,93688037,93688037,0,0,49603388,4130585,9.17,2.53
136,2026-05-15 19:13:54,1,q15,0,9,221,668,799,6591,6127,858,849,0,16,0,23,1045273,0,0,510207240,1611751,35454722,0,0,317,5,5,0,23134,23134,0,0,23134,317,9.87,0.67
137,2026-05-15 19:13:55,1,q16,0,14,353,891,1385,8306,7167,1254,1240,0,84,0,33,7192871,0,0,1238704384,3097776,86829163,0,0,237,12,12,0,15988,15988,0,0,15988,237,9.32,0.89
138,2026-05-15 19:13:57,1,q17,0,16,420,1224,2560,12897,10293,1495,1493,0,483,0,1018,6343167,0,0,3885150096,4527977,93603141,0,0,1629074,545,545,0,32951985,32951985,0,0,32951985,1629074,10.54,1.22
139,2026-05-15 19:14:00,1,q18,0,10,305,213,896,1106,514,1302,1183,0,157,0,0,232737,0,0,0,38006,647796,0,0,0,0,0,0,0,0,0,0,0,0,5.19,0.21
140,2026-05-15 19:14:01,1,q18a,0,20,512,334,2436,788,620,2424,2004,0,244,0,0,857079,0,0,0,356010,4430333,0,0,0,0,0,0,0,0,0,0,0,0,2.36,0.33
141,2026-05-15 19:14:03,1,q19,0,13,323,816,1390,6542,5601,1310,1245,0,192,0,39,1045273,0,0,275582184,2938528,47753978,0,0,684,6,6,0,79100,79100,0,0,79100,684,8.02,0.82
142,2026-05-15 19:14:04,1,q20,0,5,103,91,130,570,418,407,408,0,0,0,0,232049,0,0,0,20002,400413,0,0,0,0,0,0,0,0,0,0,0,0,6.26,0.09
143,2026-05-15 19:14:06,1,q21,0,9,220,828,942,7443,6643,957,831,0,144,0,80,250886,0,0,592715840,11783208,46238973,0,0,19565,7,7,0,603756,603756,0,0,603756,19565,8.99,0.83
144,2026-05-15 19:14:07,1,q22,0,10,236,1919,1993,18874,17396,877,851,0,82,0,233,804447,0,0,2321800192,11783210,46297375,0,0,577088,272,272,0,24526389,24526389,0,0,24526389,577088,9.84,1.92
145,2026-05-15 19:14:10,1,q22a,0,14,259,1339,1840,15780,13520,871,896,0,36,0,1446,804447,0,0,6032709848,11783208,46309097,0,0,747912,599,599,0,41169920,41169920,0,0,9603840,171976,11.78,1.34
146,2026-05-15 19:14:13,1,q23a,0,26,627,2252,5424,27651,22229,2235,2162,0,684,0,2613,1169836,0,0,7242482208,10720963,205127396,0,0,4038477,685,685,0,103410490,103410490,0,0,103407953,4038434,12.28,2.25
147,2026-05-15 19:14:16,1,q23b,0,31,699,2262,5156,26171,22075,2514,2426,0,368,0,2766,1169836,0,0,9742290240,10820964,206629776,0,0,4134964,941,941,0,106015088,106015088,0,0,106012551,4134921,11.57,2.26
148,2026-05-15 19:14:20,1,q24,0,9,254,230,744,1299,636,955,995,0,0,0,0,659928,0,0,0,50216,659368,0,0,0,0,0,0,0,0,0,0,0,0,5.65,0.23
149,2026-05-15 19:14:21,1,q24a,0,8,253,166,579,756,557,987,1013,0,0,0,0,250022,0,0,0,216,189046,0,0,0,0,0,0,0,0,0,0,0,0,4.55,0.17
150,2026-05-15 19:14:22,1,q24b,0,8,253,161,617,535,518,1138,1007,0,130,0,0,250022,0,0,0,216,189046,0,0,0,0,0,0,0,0,0,0,0,0,3.32,0.16
151,2026-05-15 19:14:24,1,q25,0,16,420,1255,2731,13982,11095,1438,1509,5,274,0,1184,6350506,0,0,3885125480,4527977,113234070,0,0,1629074,545,545,0,33140816,33140816,0,0,33140816,1629074,11.14,1.25
152,2026-05-15 19:14:26,1,q26,0,9,206,154,470,950,481,797,815,0,0,0,0,232006,0,0,0,38304,685158,0,0,0,0,0,0,0,0,0,0,0,0,6.17,0.15
153,2026-05-15 19:14:27,1,q27,0,9,206,154,515,869,765,884,836,4,124,0,0,232044,0,0,0,38016,667706,0,0,0,0,0,0,0,0,0,0,0,0,5.64,0.15
154,2026-05-15 19:14:28,1,q27a,0,13,308,221,1065,1131,1141,1207,1246,4,64,0,0,231399,0,0,0,56030,861876,0,0,0,0,0,0,0,0,0,0,0,0,5.12,0.22
155,2026-05-15 19:14:30,1,q28,0,24,408,1466,2866,19100,14487,1271,1267,3,156,0,3626,250849,0,0,6603405008,17283624,364715688,0,0,165937,102,102,0,3549887,3549887,0,0,3549887,165937,13.03,1.47
156,2026-05-15 19:14:32,1,q29,0,18,471,1280,3407,13865,11077,1698,1697,9,275,0,1105,6343124,0,0,3885232920,4547978,94077422,0,0,1629074,545,545,0,32952090,32952090,0,0,32952090,1629074,10.83,1.28
157,2026-05-15 19:14:35,1,q30,0,15,340,522,953,3766,2071,1237,1244,2,155,0,806,10380174,0,0,1434644536,357676,27689483,0,0,26097,27,27,0,859700,859700,0,0,859700,26097,7.21,0.52
158,2026-05-15 19:14:36,1,q31,0,29,609,1954,3906,24299,20617,2214,2125,5,260,0,724,773451,0,0,1441333448,10520289,233074704,0,0,21307,45,45,0,1059441,1059441,0,0,1035579,21060,12.44,1.95
159,2026-05-15 19:14:39,1,q32,0,11,237,570,856,6275,5302,822,839,0,0,0,164,247484,0,0,107637432,2921498,94643174,0,0,27026,22,22,0,458939,458939,0,0,458939,27026,11.01,0.57
160,2026-05-15 19:14:41,1,q33,0,7,154,162,396,939,526,840,617,0,0,0,0,232049,0,0,0,70003,771060,0,0,0,0,0,0,0,0,0,0,0,0,5.8,0.16
161,2026-05-15 19:14:42,1,q34,0,8,204,183,604,1303,877,835,807,0,115,0,0,232350,0,0,0,20016,433878,0,0,0,0,0,0,0,0,0,0,0,0,7.12,0.18
162,2026-05-15 19:14:43,1,q35,0,19,409,1129,2113,8839,6167,1426,1424,2,160,0,1285,24076245,0,0,488557656,7002647,79694498,0,0,646325,37,37,0,2861078,2861078,0,0,2861078,646325,7.83,1.13
163,2026-05-15 19:14:46,1,q35a,0,17,408,954,1462,4165,3398,1430,1432,8,104,0,1079,24076159,0,0,489854952,7002647,79694498,0,0,646170,36,36,0,2841586,2841586,0,0,2841586,646170,4.37,0.95
164,2026-05-15 19:14:48,1,q36,0,10,221,863,992,9531,7972,791,828,0,96,0,140,271427,0,0,1248387816,2788526,58101921,0,0,2114,16,16,0,196426,196426,0,0,196426,2114,11.04,0.86
165,2026-05-15 19:14:49,1,q36a,0,13,226,808,899,7088,6821,819,860,0,12,0,132,271427,0,0,1787355688,2788526,58101921,0,0,5681,51,51,0,546396,546396,0,0,195856,2079,8.77,0.81
166,2026-05-15 19:14:51,1,q37,0,9,235,660,798,5777,4855,819,847,0,80,0,14,7327436,0,0,1114065536,13224950,80039372,0,0,7,7,7,0,1771,1771,0,0,1771,7,8.75,0.66
167,2026-05-15 19:14:53,1,q38,0,15,306,1211,2073,13480,10627,1142,1049,0,230,0,1789,2502324,0,0,4130345088,5031845,70788406,0,0,138876,45,45,0,4444807,4444807,0,0,4444807,138876,11.13,1.21
168,2026-05-15 19:14:55,1,q39a,0,17,344,1045,1884,10370,8091,1266,1269,0,106,0,185,250499,0,0,998732104,23548409,91878914,0,0,408323,22,22,0,7904106,7904106,0,0,5311940,273323,9.92,1.04
169,2026-05-15 19:14:57,1,q39b,0,17,344,741,1412,6646,6263,1323,1287,3,212,0,106,250843,0,0,998224200,23548409,91878914,0,0,405136,22,22,0,7794101,7794101,0,0,5201935,270136,8.97,0.74
170,2026-05-15 19:14:59,1,q40,0,11,286,626,930,5627,4893,1057,1060,0,48,0,38,2268770,0,0,659824776,1624023,65594173,0,0,1170,4,4,0,84450,84450,0,0,84450,1170,8.99,0.63
171,2026-05-15 19:15:01,1,q41,0,3,52,151,147,1599,145,218,232,0,0,0,0,232049,0,0,262144,1,87174,0,0,0,0,0,0,0,0,0,0,0,0,10.59,0.15
172,2026-05-15 19:15:02,1,q42,0,7,169,397,399,3249,2769,672,640,0,48,0,18,250150,0,0,105385704,2788513,39578357,0,0,70,7,7,0,6429,6429,0,0,6429,70,8.18,0.4
173,2026-05-15 19:15:04,1,q43,0,7,169,564,595,5919,5346,652,650,0,20,0,34,250365,0,0,105168104,2770525,44267304,0,0,90,15,15,0,9179,9179,0,0,9179,90,10.49,0.56
174,2026-05-15 19:15:05,1,q44,0,11,190,536,543,4506,3634,620,642,0,0,0,512,298111,0,0,754869320,5779209,101128789,0,0,395956,84,84,0,5848047,5848047,0,0,2924977,198008,8.41,0.54
175,2026-05-15 19:15:07,1,q45,0,13,323,529,1194,4174,3128,1406,1250,0,0,0,14,1045273,0,0,1334610920,925589,34789360,0,0,19,7,7,0,1854,1854,0,0,1854,19,7.89,0.53
176,2026-05-15 19:15:09,1,q46,0,13,323,905,1477,8443,7471,1268,1248,0,145,0,182,3116112,0,0,218764392,2927728,66945565,0,0,10081,15,15,0,633895,633895,0,0,633895,10081,9.33,0.9
177,2026-05-15 19:15:11,1,q47,0,15,239,1277,1943,9288,8568,852,868,0,36,0,502,398425,0,0,3011247992,2788526,44995936,0,0,697726,185,185,0,23289550,23289550,0,0,15721431,470167,7.27,1.28
178,2026-05-15 19:15:13,1,q48,0,9,206,176,526,1176,750,833,815,0,0,0,0,232049,0,0,0,70016,962913,0,0,0,0,0,0,0,0,0,0,0,0,6.68,0.18
179,2026-05-15 19:15:14,1,q49,0,19,454,1065,1740,10931,8886,1569,1522,10,264,0,43,250150,0,0,1660824664,5416491,237735042,0,0,170,20,20,0,12378,12378,0,0,12378,170,10.26,1.06
180,2026-05-15 19:15:16,1,q50,0,11,286,960,1419,9575,8351,1269,1089,3,0,0,17,4745147,0,0,1490206824,3121277,56650107,0,0,48,8,8,0,11346,11346,0,0,11346,48,9.97,0.96
181,2026-05-15 19:15:18,1,q51,0,13,225,1063,1477,10592,8966,749,726,10,250,0,1486,250150,0,0,5454259864,3490096,70448222,0,0,2523869,437,437,0,44071202,44071202,0,0,44071202,2523869,9.96,1.06
182,2026-05-15 19:15:21,1,q51a,0,17,255,2572,3579,31771,27358,831,812,0,760,0,1896,1761497,0,0,13802258224,3490096,70448222,0,0,4889102,812,812,0,84700700,84700700,0,0,61739590,3644888,12.35,2.57
183,2026-05-15 19:15:24,1,q52,0,7,169,453,465,4375,3732,621,642,0,0,0,36,250150,0,0,105385704,2788513,39578357,0,0,610,7,7,0,55737,55737,0,0,55737,610,9.66,0.45
184,2026-05-15 19:15:26,1,q53,0,7,154,153,355,1160,696,647,604,0,124,0,0,232049,0,0,0,20015,505061,0,0,0,0,0,0,0,0,0,0,0,0,7.58,0.15
185,2026-05-15 19:15:27,1,q54,0,18,411,486,3007,2839,1877,1687,1653,0,168,0,35,1045273,0,0,1048576,210219,2457419,0,0,2,2,2,0,118,118,0,0,118,2,5.84,0.49
186,2026-05-15 19:15:29,1,q55,0,7,169,331,360,2744,2299,649,631,3,102,0,30,250150,0,0,105385704,2788513,39578357,0,0,434,5,5,0,37903,37903,0,0,37903,434,8.29,0.33
187,2026-05-15 19:15:30,1,q56,0,7,154,127,307,846,522,586,610,0,0,0,0,232049,0,0,0,70003,768424,0,0,0,0,0,0,0,0,0,0,0,0,6.66,0.13
188,2026-05-15 19:15:31,1,q57,0,13,228,1028,1329,7816,6091,869,865,0,156,0,378,491406,0,0,1793326632,1479757,48129507,0,0,265282,105,105,0,9446406,9446406,0,0,5213951,148733,7.6,1.03
189,2026-05-15 19:15:33,1,q58,0,17,405,926,1235,8357,6994,1529,1499,0,170,0,65,250838,0,0,658343360,5095945,120443588,0,0,18752,5,5,0,339921,339921,0,0,339921,18752,9.02,0.93
190,2026-05-15 19:15:35,1,q59,0,16,325,568,1337,4188,3515,1252,1274,0,48,0,167,680942,0,0,286765128,2863589,44969087,0,0,9288,34,34,0,330073,330073,0,0,187379,6834,7.37,0.57
191,2026-05-15 19:15:37,1,q60,0,6,153,126,321,923,514,645,608,0,64,0,0,232049,0,0,0,20003,407512,0,0,0,0,0,0,0,0,0,0,0,0,7.33,0.13
192,2026-05-15 19:15:38,1,q61,0,14,309,240,1200,1500,960,1240,1225,0,52,0,0,1045273,0,0,0,170318,1814286,0,0,0,0,0,0,0,0,0,0,0,0,6.25,0.24
193,2026-05-15 19:15:40,1,q62,0,11,271,551,826,5093,3555,976,1022,0,128,0,220,247399,0,0,1212469480,739643,20152815,0,0,2319,16,16,0,268760,268760,0,0,268760,2319,9.24,0.55
194,2026-05-15 19:15:41,1,q63,0,7,154,141,276,1024,695,615,625,0,0,0,0,232049,0,0,0,20015,505061,0,0,0,0,0,0,0,0,0,0,0,0,7.26,0.14
195,2026-05-15 19:15:42,1,q64,0,25,692,577,5541,4484,2735,2607,2564,0,234,0,0,3573624,0,0,0,602573,35371254,0,0,0,0,0,0,0,0,0,0,0,0,7.77,0.58
196,2026-05-15 19:15:44,1,q65,0,15,302,941,1586,10515,8992,1062,1056,11,156,0,769,1710264,0,0,3041683664,5539037,90138287,0,0,785318,155,155,0,17224418,17224418,0,0,17224418,785318,11.17,0.94
197,2026-05-15 19:15:46,1,q66,0,8,204,136,442,783,453,773,791,0,0,0,0,232049,0,0,0,20029,348433,0,0,0,0,0,0,0,0,0,0,0,0,5.76,0.14
198,2026-05-15 19:15:48,1,q67,0,10,237,1390,1511,15256,13519,863,887,32,343,0,459,804447,0,0,3620200528,2788526,50942696,0,0,1265577,272,272,0,75655069,75655069,0,0,75655069,1265577,10.98,1.39
199,2026-05-15 19:15:50,1,q67a,0,18,377,2917,10623,38888,31466,1100,1153,0,624,0,4324,804447,0,0,21356070720,2788526,50942696,0,0,5040026,2406,2406,0,310267339,310267339,0,0,81619171,1338922,13.33,2.92
200,2026-05-15 19:15:54,1,q68,0,13,323,851,1472,8778,7909,1209,1240,0,64,0,99,3116112,0,0,218427752,2927728,82583267,0,0,2221,12,12,0,188810,188810,0,0,188810,2221,10.31,0.85
201,2026-05-15 19:15:56,1,q69,0,19,409,1181,1813,5877,4543,1441,1427,21,171,0,394,27823006,0,0,409430296,7002647,79736068,0,0,239275,19,19,0,2030628,2030628,0,0,2030628,239275,4.98,1.18
202,2026-05-15 19:15:58,1,q70,0,14,289,956,1049,8844,7947,1062,1097,0,80,0,64,250236,0,0,1418427424,5521049,87080133,0,0,75,32,32,0,5530,5530,0,0,5530,75,9.25,0.96
203,2026-05-15 19:16:00,1,q70a,0,17,294,774,839,5965,5652,1089,1107,0,4,0,70,250150,0,0,883653600,5521049,87080133,0,0,80,67,67,0,6897,6897,0,0,3717,50,7.71,0.77
204,2026-05-15 19:16:02,1,q71,0,6,153,127,315,981,527,594,613,0,0,0,0,232049,0,0,0,20003,415390,0,0,0,0,0,0,0,0,0,0,0,0,7.72,0.13
205,2026-05-15 19:16:03,1,q72,0,22,592,1017,7865,9301,6743,2466,2241,3,245,0,627,1954496,0,0,0,3691426,62701424,0,0,0,0,0,0,0,0,0,0,48268802,1427675,9.15,1.02
206,2026-05-15 19:16:06,1,q73,0,8,204,176,570,1227,863,882,819,0,80,0,0,232049,0,0,0,20016,433878,0,0,0,0,0,0,0,0,0,0,0,0,6.97,0.18
207,2026-05-15 19:16:07,1,q74,0,19,425,1677,3190,20768,17221,1512,1461,4,132,0,2406,3001190,0,0,5984752472,7080193,155346612,0,0,119522,92,92,0,6335237,6335237,0,0,6335237,119522,12.38,1.68
208,2026-05-15 19:16:10,1,q75,0,11,335,338,1433,3166,2141,1263,1242,6,84,0,0,5628752,0,0,0,399880,27530810,0,0,0,0,0,0,0,0,0,0,0,0,9.37,0.34
209,2026-05-15 19:16:11,1,q76,0,9,300,884,803,8876,7472,1126,1103,0,144,0,477,380855,0,0,3563740088,4542915,105621773,0,0,2845,47,47,0,288862,288862,0,0,288862,2845,10.04,0.88
210,2026-05-15 19:16:13,1,q77,0,23,556,1029,1515,9956,7899,1934,1914,6,212,0,71,250150,0,0,931440160,5422723,193462670,0,0,358,36,36,0,27413,27413,0,0,27413,358,9.68,1.03
211,2026-05-15 19:16:15,1,q77a,0,26,561,1152,1623,10251,8750,1942,1913,0,80,0,76,250150,0,0,1537516864,5422723,193462670,0,0,430,48,48,0,40478,40478,0,0,29256,350,8.9,1.15
212,2026-05-15 19:16:17,1,q78,0,17,467,1644,2941,20964,17297,1540,1541,1,276,0,1053,3066835,0,0,9367067000,5435788,195962176,0,0,872867,493,493,0,22699084,22699084,0,0,22699084,872867,12.75,1.64
213,2026-05-15 19:16:20,1,q79,0,11,272,843,1220,9060,8057,1010,1046,0,208,0,237,2502367,0,0,1147022720,2877727,66051382,0,0,7013,15,15,0,417886,417886,0,0,417886,7013,10.75,0.84
214,2026-05-15 19:16:22,1,q80,0,26,706,1493,4424,16385,13738,2429,2498,0,144,0,79,5925701,0,0,2569332360,5465853,206524019,0,0,1454,17,17,0,126441,126441,0,0,126441,1454,10.97,1.49
215,2026-05-15 19:16:25,1,q80a,0,29,711,1543,3714,14362,13139,2498,2532,0,150,0,84,5925701,0,0,2974082552,5465853,206524019,0,0,2254,27,27,0,206608,206608,0,0,132374,1504,9.31,1.54
216,2026-05-15 19:16:28,1,q81,0,15,340,547,1026,4107,2280,1205,1240,3,200,0,1001,4061421,0,0,1822093480,508538,38051141,0,0,54415,31,31,0,1496687,1496687,0,0,1496687,54415,7.51,0.55
217,2026-05-15 19:16:29,1,q82,0,10,247,640,867,6524,5404,772,825,0,80,0,433,250204,0,0,322971168,14663806,79014239,0,0,475046,206,206,0,12560612,12560612,0,0,12560612,2880440,10.19,0.64
218,2026-05-15 19:16:31,1,q83,0,17,405,691,604,3797,2193,1384,1457,0,90,0,112,249968,0,0,524802200,727958,46158441,0,0,4535,11,11,0,161459,161459,0,0,161459,4535,5.49,0.69
219,2026-05-15 19:16:33,1,q84,0,13,324,668,973,1715,809,1141,1185,0,70,0,0,9751042,0,0,204944448,2365739,26285942,0,0,25,1,1,0,966,966,0,0,966,25,2.57,0.67
220,2026-05-15 19:16:34,1,q85,0,13,372,317,1461,2538,1373,1501,1390,13,178,0,0,2448219,0,0,0,92064,11156026,0,0,0,0,0,0,0,0,0,0,0,0,8.01,0.32
221,2026-05-15 19:16:36,1,q86,0,8,170,379,379,2824,2338,632,639,0,0,0,123,271427,0,0,1231609192,757586,32573325,0,0,2016,16,16,0,174839,174839,0,0,174839,2016,7.45,0.38
222,2026-05-15 19:16:37,1,q86a,0,11,175,453,452,2999,2678,716,666,0,80,0,146,271427,0,0,1837685776,757586,32573325,0,0,5717,54,54,0,507351,507351,0,0,181881,2091,6.62,0.45
223,2026-05-15 19:16:39,1,q87,0,15,306,1082,1664,11394,8892,1096,1043,0,68,0,1841,2502324,0,0,4130345088,5031845,70788406,0,0,138558,45,45,0,4440028,4440028,0,0,4440028,138558,10.53,1.08
224,2026-05-15 19:16:41,1,q88,0,44,1046,1778,5390,20218,17152,3523,3594,0,160,0,15,250204,0,0,411870208,23252054,257923937,0,0,128,128,128,0,7538,7538,0,0,7538,128,11.37,1.78
225,2026-05-15 19:16:44,1,q89,0,7,154,146,347,1060,720,660,621,0,84,0,0,232049,0,0,0,20015,439525,0,0,0,0,0,0,0,0,0,0,0,0,7.26,0.15
226,2026-05-15 19:16:45,1,q90,0,14,338,518,920,5121,4213,1130,1220,0,80,0,3,247399,0,0,103555328,1486432,39981740,0,0,32,32,32,0,1885,1885,0,0,1885,32,9.89,0.52
227,2026-05-15 19:16:47,1,q91,0,12,307,233,1105,1593,890,1239,1202,0,75,0,0,232694,0,0,0,77212,853287,0,0,0,0,0,0,0,0,0,0,0,0,6.84,0.23
228,2026-05-15 19:16:48,1,q92,0,11,237,492,744,5284,4280,848,857,0,96,0,213,247399,0,0,107651768,1477170,65019957,0,0,16290,21,21,0,307740,307740,0,0,307740,16290,10.74,0.49
229,2026-05-15 19:16:49,1,q93,0,4,102,96,119,379,154,376,388,0,0,0,0,250022,0,0,0,201,74729,0,0,0,0,0,0,0,0,0,0,0,0,3.95,0.1
230,2026-05-15 19:16:51,1,q94,0,10,270,253,838,2191,1343,1022,977,0,80,0,0,3560486,0,0,0,789791,16628494,0,0,0,0,0,0,0,0,0,0,0,0,8.66,0.25
231,2026-05-15 19:16:52,1,q95,0,14,402,654,2492,6579,5496,1449,1437,0,96,0,640,3570531,0,0,0,1581334,64194951,0,0,0,0,0,0,0,0,0,0,15806950,719067,10.06,0.65
232,2026-05-15 19:16:54,1,q96,0,9,220,355,465,3050,2406,781,812,0,0,0,1,250204,0,0,51086464,2907819,32275559,0,0,16,16,16,0,941,941,0,0,941,16,8.59,0.36
233,2026-05-15 19:16:55,1,q97,0,8,194,932,1091,9947,8760,704,660,0,166,0,687,250838,0,0,4642400160,4212260,63848862,0,0,840662,290,290,0,10313062,10313062,0,0,10313062,840662,10.67,0.93
234,2026-05-15 19:16:57,1,q98,0,5,103,91,133,558,408,402,409,0,0,0,0,232049,0,0,0,20002,400413,0,0,0,0,0,0,0,0,0,0,0,0,6.13,0.09
235,2026-05-15 19:16:58,1,q99,0,11,271,577,921,5512,4811,1143,1057,0,135,0,90,248129,0,0,1145357568,1461783,34474008,0,0,1350,15,15,0,166470,166470,0,0,166470,1350,9.55,0.58
236,2026-05-15 19:17:00,2,q1,0,13,289,537,848,4436,3205,1015,1050,0,80,0,940,1022096,0,0,1871028520,675419,33274439,0,0,107715,31,31,0,2198679,2198679,0,0,2198679,107715,8.26,0.54
237,2026-05-15 19:17:01,2,q2,0,14,290,690,837,5830,5057,1102,1089,4,60,0,158,680942,0,0,435904744,2274384,66535822,0,0,5419,98,98,0,182439,182439,0,0,69035,3725,8.45,0.69
238,2026-05-15 19:17:03,2,q3,0,7,169,464,468,4239,3665,607,635,0,80,0,41,250150,0,0,109346792,2841562,39699316,0,0,421,11,11,0,40838,40838,0,0,40838,421,9.14,0.46
239,2026-05-15 19:17:05,2,q4,0,27,571,2380,5069,29928,25092,1979,1943,1,321,0,3550,7499173,0,0,11501312960,9963689,316660942,0,0,256825,248,248,0,22804550,22804550,0,0,22804550,256825,12.57,2.38
240,2026-05-15 19:17:08,2,q5,0,21,670,1481,2463,15182,11936,2259,2397,46,246,0,142,1639446,0,0,835329112,6153996,214063259,0,0,2147,28,28,0,147748,147748,0,0,147748,2147,10.25,1.48
241,2026-05-15 19:17:11,2,q5a,0,24,675,1485,2317,13997,11952,2342,2423,1,167,0,144,1639575,0,0,1374296984,6153996,214063259,0,0,4087,37,37,0,293742,293742,0,0,195780,2837,9.43,1.48
242,2026-05-15 19:17:14,2,q6,0,19,393,634,1121,5289,4217,1434,1430,0,84,0,509,883229,0,0,460560392,3029566,32667367,0,0,2785563,21,21,0,24375915,24375915,0,0,24375915,2785563,8.34,0.63
243,2026-05-15 19:17:15,2,q7,0,9,206,155,480,1017,492,803,812,0,0,0,0,232049,0,0,0,38304,685158,0,0,0,0,0,0,0,0,0,0,0,0,6.56,0.16
244,2026-05-15 19:17:16,2,q8,0,16,326,970,1264,8394,7726,1236,1255,0,96,0,24,494133,0,0,1390749344,2970528,44950600,0,0,3511,8,8,0,60593,60593,0,0,60593,3511,8.65,0.97
245,2026-05-15 19:17:18,2,q9,0,17,386,548,2167,5683,3937,1213,1238,0,112,0,10,250892,0,0,0,14403056,290460806,0,0,80,80,80,0,6668,6668,0,0,6668,80,10.37,0.55
246,2026-05-15 19:17:20,2,q10,0,19,409,1314,2096,7063,5654,1452,1450,2,244,0,484,28184438,0,0,680777184,7002647,79832352,0,0,287659,23,23,0,2088598,2088598,0,0,2088598,287659,5.38,1.31
247,2026-05-15 19:17:22,2,q10a,0,17,408,1149,1522,4228,3742,1456,1449,9,124,0,417,28184438,0,0,679204896,7002647,79832352,0,0,283274,23,23,0,2090399,2090399,0,0,2090399,283274,3.68,1.15
248,2026-05-15 19:17:25,2,q11,0,19,429,1512,2799,17384,14436,1512,1488,0,122,0,2171,7499173,0,0,7600607896,7080193,186376048,0,0,119522,154,154,0,12153105,12153105,0,0,12153105,119522,11.5,1.51
249,2026-05-15 19:17:27,2,q12,0,5,103,92,134,584,401,393,404,0,0,0,0,232049,0,0,0,20002,400413,0,0,0,0,0,0,0,0,0,0,0,0,6.35,0.09
250,2026-05-15 19:17:28,2,q13,0,11,257,218,855,1528,806,990,1016,0,96,0,0,232049,0,0,0,77217,1001042,0,0,0,0,0,0,0,0,0,0,0,0,7.01,0.22
251,2026-05-15 19:17:30,2,q14a,0,46,1016,4652,5457,36093,30972,3599,3504,0,850,0,3243,370215,0,0,4805623368,14867536,327772074,0,0,6395099,223,223,0,89742068,89742068,0,0,88613364,6367683,7.76,4.65
252,2026-05-15 19:17:36,2,q14b,0,40,963,2781,5522,25735,22262,3361,3450,0,186,0,2090,380451,0,0,2541233120,12852304,249277213,0,0,6909851,170,170,0,94909417,94909417,0,0,50824768,4159540,9.25,2.78
253,2026-05-15 19:17:40,2,q14,0,40,962,2481,4995,21886,18839,3355,3442,0,395,0,2008,380322,0,0,2339808296,12852304,249277213,0,0,6880896,153,153,0,93688037,93688037,0,0,49603388,4130585,8.82,2.48
254,2026-05-15 19:17:44,2,q15,0,9,221,635,777,6143,5557,835,832,7,112,0,22,1045273,0,0,510207240,1611751,35454722,0,0,317,5,5,0,23134,23134,0,0,23134,317,9.67,0.64
255,2026-05-15 19:17:46,2,q16,0,14,353,1032,1582,10363,9110,1160,1227,0,96,0,33,7193473,0,0,1238704384,3097776,86829163,0,0,237,12,12,0,15988,15988,0,0,15988,237,10.04,1.03
256,2026-05-15 19:17:48,2,q17,0,16,420,1294,3269,14062,10937,1759,1522,0,912,0,1069,6343210,0,0,3885150096,4527977,93603141,0,0,1629074,545,545,0,32951985,32951985,0,0,32951985,1629074,10.87,1.29
257,2026-05-15 19:17:50,2,q18,0,11,306,209,932,1221,535,1180,1193,0,105,0,0,232049,0,0,0,88006,1184632,0,0,0,0,0,0,0,0,0,0,0,0,5.84,0.21
258,2026-05-15 19:17:52,2,q18a,0,20,512,320,2470,665,629,2418,2027,0,65,0,0,857079,0,0,0,356010,4430333,0,0,0,0,0,0,0,0,0,0,0,0,2.08,0.32
259,2026-05-15 19:17:53,2,q19,0,13,323,747,1359,6014,5187,1275,1237,0,180,0,38,1045273,0,0,275582184,2938528,47753978,0,0,684,6,6,0,79100,79100,0,0,79100,684,8.05,0.75
260,2026-05-15 19:17:55,2,q20,0,5,103,89,136,581,413,387,411,0,0,0,0,232049,0,0,0,20002,400413,0,0,0,0,0,0,0,0,0,0,0,0,6.53,0.09
261,2026-05-15 19:17:56,2,q21,0,9,220,681,786,6879,6184,865,823,0,64,0,91,250886,0,0,592715840,11783208,46238973,0,0,19565,7,7,0,603756,603756,0,0,603756,19565,10.1,0.68
262,2026-05-15 19:17:58,2,q22,0,10,236,1786,1868,18318,16904,867,861,0,120,0,256,804447,0,0,2321800192,11783210,46297375,0,0,577088,272,272,0,24526389,24526389,0,0,24526389,577088,10.26,1.79
263,2026-05-15 19:18:01,2,q22a,0,14,259,1248,1716,14452,12271,855,901,2,96,0,1544,804447,0,0,6032709848,11783208,46309097,0,0,747912,599,599,0,41169920,41169920,0,0,9603840,171976,11.58,1.25
264,2026-05-15 19:18:03,2,q23a,0,26,627,2167,4884,25936,22171,2180,2167,0,583,0,2699,1169836,0,0,7242482208,10720963,205127396,0,0,4038477,685,685,0,103410490,103410490,0,0,103407953,4038434,11.97,2.17
265,2026-05-15 19:18:06,2,q23b,0,31,699,2143,5000,24737,21290,2433,2407,8,606,0,2625,1169836,0,0,9742290240,10820964,206629776,0,0,4134964,941,941,0,106015088,106015088,0,0,106012551,4134921,11.54,2.14
266,2026-05-15 19:18:09,2,q24,0,9,254,236,806,1301,663,1003,992,0,48,0,0,659928,0,0,0,50216,659368,0,0,0,0,0,0,0,0,0,0,0,0,5.51,0.24
267,2026-05-15 19:18:11,2,q24a,0,8,253,173,593,741,560,1014,1004,0,52,0,0,250022,0,0,0,216,189046,0,0,0,0,0,0,0,0,0,0,0,0,4.28,0.17
268,2026-05-15 19:18:12,2,q24b,0,9,254,160,579,497,534,1026,1013,0,56,0,0,405606,0,0,0,50216,392096,0,0,0,0,0,0,0,0,0,0,0,0,3.11,0.16
269,2026-05-15 19:18:13,2,q25,0,16,420,1193,2861,13252,10812,1493,1498,0,470,0,1146,6350506,0,0,3885125480,4527977,113234070,0,0,1629074,545,545,0,33140816,33140816,0,0,33140816,1629074,11.11,1.19
270,2026-05-15 19:18:16,2,q26,0,9,206,151,452,939,481,805,821,0,0,0,0,232006,0,0,0,38304,685158,0,0,0,0,0,0,0,0,0,0,0,0,6.22,0.15
271,2026-05-15 19:18:17,2,q27,0,9,206,139,471,771,774,793,823,0,0,0,0,231404,0,0,0,38016,667706,0,0,0,0,0,0,0,0,0,0,0,0,5.55,0.14
272,2026-05-15 19:18:18,2,q27a,0,13,308,217,1061,1135,1138,1226,1262,0,56,0,0,231361,0,0,0,56030,861876,0,0,0,0,0,0,0,0,0,0,0,0,5.23,0.22
273,2026-05-15 19:18:19,2,q28,0,24,408,1443,2672,19021,14284,1193,1276,0,240,0,3761,250247,0,0,6603405008,17283624,364715688,0,0,165937,102,102,0,3549887,3549887,0,0,3549887,165937,13.18,1.44
274,2026-05-15 19:18:22,2,q29,0,18,471,1219,3484,13441,10591,1631,1699,0,669,0,1142,6343167,0,0,3885232920,4547978,94077422,0,0,1629074,545,545,0,32952090,32952090,0,0,32952090,1629074,11.03,1.22
275,2026-05-15 19:18:24,2,q30,0,15,340,521,982,3739,2086,1219,1229,1,162,0,846,10380174,0,0,1434644536,357676,27689483,0,0,26097,27,27,0,859700,859700,0,0,859700,26097,7.18,0.52
276,2026-05-15 19:18:26,2,q31,0,29,609,1703,3398,20556,17582,2175,2136,4,353,0,822,773451,0,0,1441333448,10520289,233074704,0,0,21307,45,45,0,1059441,1059441,0,0,1035579,21060,12.07,1.7
277,2026-05-15 19:18:29,2,q32,0,11,237,550,807,5750,4932,866,856,0,64,0,141,248172,0,0,107637432,2921498,94643174,0,0,27026,22,22,0,458939,458939,0,0,458939,27026,10.45,0.55
278,2026-05-15 19:18:30,2,q33,0,6,153,123,295,919,525,615,615,0,64,0,0,232049,0,0,0,20003,407512,0,0,0,0,0,0,0,0,0,0,0,0,7.47,0.12
279,2026-05-15 19:18:31,2,q34,0,8,204,178,594,1385,895,788,815,0,64,0,0,232049,0,0,0,20016,433878,0,0,0,0,0,0,0,0,0,0,0,0,7.78,0.18
280,2026-05-15 19:18:33,2,q35,0,19,409,1127,1890,6716,5090,1409,1416,2,217,0,1061,24076245,0,0,488557656,7002647,79694498,0,0,646325,37,37,0,2861078,2861078,0,0,2861078,646325,5.96,1.13
281,2026-05-15 19:18:35,2,q35a,0,17,408,1034,1594,4911,4065,1583,1451,8,304,0,1148,24076245,0,0,489854952,7002647,79694498,0,0,646170,36,36,0,2841586,2841586,0,0,2841586,646170,4.75,1.03
282,2026-05-15 19:18:37,2,q36,0,10,221,730,861,7305,6519,811,854,0,72,0,118,271427,0,0,1248387816,2788526,58101921,0,0,2114,16,16,0,196426,196426,0,0,196426,2114,10.01,0.73
283,2026-05-15 19:18:39,2,q36a,0,13,226,855,947,8197,7957,830,856,0,0,0,130,271427,0,0,1787355688,2788526,58101921,0,0,5681,51,51,0,546396,546396,0,0,195856,2079,9.59,0.86
284,2026-05-15 19:18:41,2,q37,0,9,235,663,748,5206,4212,846,833,0,64,0,14,7327436,0,0,1114065536,13224950,80039372,0,0,7,7,7,0,1771,1771,0,0,1771,7,7.85,0.66
285,2026-05-15 19:18:42,2,q38,0,15,306,1192,1953,13961,10960,1028,1031,0,240,0,1852,2502324,0,0,4130345088,5031845,70788406,0,0,91512,45,45,0,3311891,3311891,0,0,3311891,91512,11.71,1.19
286,2026-05-15 19:18:45,2,q39a,0,17,344,1138,2101,11106,9875,1284,1266,0,80,0,123,250198,0,0,998732104,23548409,91878914,0,0,408323,22,22,0,7904106,7904106,0,0,5311940,273323,9.76,1.14
287,2026-05-15 19:18:47,2,q39b,0,18,344,527,1011,3304,3084,1245,1279,0,88,0,117,250198,0,0,859804024,23548409,91878914,0,0,276476,19,19,0,5399937,5399937,0,0,5300936,273306,6.27,0.53
288,2026-05-15 19:18:48,2,q40,0,11,286,739,1020,6393,5132,1058,1062,0,0,0,35,2268770,0,0,659824776,1624023,65594173,0,0,1170,4,4,0,84450,84450,0,0,84450,1170,8.65,0.74
289,2026-05-15 19:18:50,2,q41,0,3,52,156,150,1655,148,225,244,0,0,0,0,232049,0,0,262144,1,87174,0,0,0,0,0,0,0,0,0,0,0,0,10.61,0.16
290,2026-05-15 19:18:52,2,q42,0,7,169,365,372,3269,2578,630,644,0,70,0,19,250150,0,0,105385704,2788513,39578357,0,0,70,7,7,0,6429,6429,0,0,6429,70,8.96,0.36
291,2026-05-15 19:18:53,2,q43,0,7,169,528,565,5511,4889,693,655,0,96,0,37,250150,0,0,105168104,2770525,44267304,0,0,90,15,15,0,9179,9179,0,0,9179,90,10.44,0.53
292,2026-05-15 19:18:55,2,q44,0,11,190,502,507,3964,3156,679,643,0,64,0,510,298111,0,0,754869320,5779209,101128789,0,0,395956,84,84,0,5848047,5848047,0,0,2924977,198008,7.9,0.5
293,2026-05-15 19:18:56,2,q45,0,13,323,567,1105,4888,3743,1242,1236,2,10,0,14,1045316,0,0,1334610920,925589,34789360,0,0,19,7,7,0,1854,1854,0,0,1854,19,8.62,0.57
294,2026-05-15 19:18:58,2,q46,0,13,323,913,1490,9096,8274,1277,1243,0,151,0,193,3116112,0,0,218764392,2927728,66945565,0,0,10081,15,15,0,633895,633895,0,0,633895,10081,9.96,0.91
295,2026-05-15 19:19:00,2,q47,0,15,239,1226,1854,9261,8240,820,870,0,168,0,419,398425,0,0,3011247992,2788526,44995936,0,0,697726,185,185,0,23289550,23289550,0,0,15721431,470167,7.55,1.23
296,2026-05-15 19:19:02,2,q48,0,8,205,170,536,1152,718,765,801,0,0,0,0,232049,0,0,0,20016,445895,0,0,0,0,0,0,0,0,0,0,0,0,6.78,0.17
297,2026-05-15 19:19:03,2,q49,0,19,454,1038,1828,10839,8845,1499,1552,0,64,0,46,250150,0,0,1660824664,5416491,237735042,0,0,170,20,20,0,12378,12378,0,0,12378,170,10.44,1.04
298,2026-05-15 19:19:05,2,q50,0,11,286,788,1124,7003,6275,1049,1065,0,60,0,18,4745147,0,0,1490206824,3121277,56650107,0,0,48,8,8,0,11346,11346,0,0,11346,48,8.89,0.79
299,2026-05-15 19:19:07,2,q51,0,13,225,1052,1431,10397,8957,670,715,0,80,0,1351,250150,0,0,5454259864,3490096,70448222,0,0,2523869,437,437,0,44071202,44071202,0,0,44071202,2523869,9.88,1.05
300,2026-05-15 19:19:09,2,q51a,0,17,255,2819,3632,34920,29544,764,796,0,971,0,1466,1761540,0,0,13802258224,3490096,70448222,0,0,4889102,812,812,0,84700700,84700700,0,0,61739590,3644888,12.39,2.82
301,2026-05-15 19:19:13,2,q52,0,7,169,441,460,3403,2724,661,644,0,108,0,37,250150,0,0,105385704,2788513,39578357,0,0,610,7,7,0,55737,55737,0,0,55737,610,7.72,0.44
302,2026-05-15 19:19:15,2,q53,0,7,154,148,332,1093,696,606,621,0,0,0,0,232049,0,0,0,20015,505061,0,0,0,0,0,0,0,0,0,0,0,0,7.39,0.15
303,2026-05-15 19:19:16,2,q54,0,18,411,536,3253,3241,1942,1958,1674,0,212,0,4,1045230,0,0,1048576,210219,2457419,0,0,2,2,2,0,118,118,0,0,118,2,6.05,0.54
304,2026-05-15 19:19:18,2,q55,0,7,169,395,419,3076,2672,669,634,0,127,0,31,250150,0,0,105385704,2788513,39578357,0,0,434,5,5,0,37903,37903,0,0,37903,434,7.79,0.4
305,2026-05-15 19:19:19,2,q56,0,6,153,117,292,829,522,575,597,0,0,0,0,232049,0,0,0,20003,404876,0,0,0,0,0,0,0,0,0,0,0,0,7.09,0.12
306,2026-05-15 19:19:20,2,q57,0,13,228,937,1276,6401,5544,845,854,0,75,0,323,491406,0,0,1793326632,1479757,48129507,0,0,265282,105,105,0,9446406,9446406,0,0,5213951,148733,6.83,0.94
307,2026-05-15 19:19:22,2,q58,0,17,405,1067,1477,10506,9126,1444,1459,0,186,0,73,250150,0,0,658343360,5095945,120443588,0,0,18752,5,5,0,339921,339921,0,0,339921,18752,9.85,1.07
308,2026-05-15 19:19:25,2,q59,0,16,325,590,1337,4561,3859,1216,1267,0,64,0,163,680942,0,0,286765128,2863589,44969087,0,0,9288,34,34,0,330073,330073,0,0,187379,6834,7.73,0.59
309,2026-05-15 19:19:26,2,q60,0,7,154,134,311,789,513,599,607,1,0,0,0,232049,0,0,0,70003,771060,0,0,0,0,0,0,0,0,0,0,0,0,5.89,0.13
310,2026-05-15 19:19:27,2,q61,0,14,309,242,1202,1548,966,1207,1225,0,0,0,0,1045273,0,0,0,170318,1814286,0,0,0,0,0,0,0,0,0,0,0,0,6.4,0.24
311,2026-05-15 19:19:29,2,q62,0,11,271,499,802,4662,3747,1092,1028,0,121,0,173,247399,0,0,1212469480,739643,20152815,0,0,2319,16,16,0,268760,268760,0,0,268760,2319,9.34,0.5
312,2026-05-15 19:19:30,2,q63,0,7,154,142,285,999,689,627,631,0,0,0,0,232049,0,0,0,20015,505061,0,0,0,0,0,0,0,0,0,0,0,0,7.04,0.14
313,2026-05-15 19:19:32,2,q64,0,24,691,644,5956,4909,2719,2892,2627,3,176,0,0,3573624,0,0,0,552573,34621742,0,0,0,0,0,0,0,0,0,0,0,0,7.62,0.64
314,2026-05-15 19:19:34,2,q65,0,15,302,871,1465,9467,8150,1076,1045,0,160,0,716,1710264,0,0,3041683664,5539037,90138287,0,0,785318,155,155,0,17224418,17224418,0,0,17224418,785318,10.87,0.87
315,2026-05-15 19:19:36,2,q66,0,8,204,135,451,804,464,762,792,0,0,0,0,232049,0,0,0,20029,348433,0,0,0,0,0,0,0,0,0,0,0,0,5.96,0.14
316,2026-05-15 19:19:37,2,q67,0,10,237,1389,1517,15327,14171,852,887,0,329,0,404,804447,0,0,3620200528,2788526,50942696,0,0,1265577,272,272,0,75655069,75655069,0,0,75655069,1265577,11.03,1.39
317,2026-05-15 19:19:39,2,q67a,0,18,377,2588,9242,33513,27571,1098,1157,5,514,0,4499,804447,0,0,21356070720,2788526,50942696,0,0,5040026,2406,2406,0,310267339,310267339,0,0,81619171,1338922,12.95,2.59
318,2026-05-15 19:19:43,2,q68,0,13,323,698,1319,5995,5126,1230,1247,0,80,0,105,3116112,0,0,218427752,2927728,82583267,0,0,2221,12,12,0,188810,188810,0,0,188810,2221,8.59,0.7
319,2026-05-15 19:19:45,2,q69,0,19,409,1253,2171,9034,7220,1477,1451,3,274,0,389,27823006,0,0,409430296,7002647,79736068,0,0,239275,19,19,0,2030628,2030628,0,0,2030628,239275,7.21,1.25
320,2026-05-15 19:19:47,2,q70,0,14,289,978,1076,9020,8227,1076,1083,0,75,0,64,250752,0,0,1418427424,5521049,87080133,0,0,75,32,32,0,5530,5530,0,0,5530,75,9.22,0.98
321,2026-05-15 19:19:49,2,q70a,0,17,294,955,1016,7963,7572,1110,1092,0,70,0,71,250752,0,0,883653600,5521049,87080133,0,0,80,67,67,0,6897,6897,0,0,3717,50,8.34,0.96
322,2026-05-15 19:19:51,2,q71,0,6,153,121,307,891,526,598,612,0,0,0,0,232049,0,0,0,20003,415390,0,0,0,0,0,0,0,0,0,0,0,0,7.36,0.12
323,2026-05-15 19:19:52,2,q72,0,22,592,1046,7765,9220,6810,2627,2227,7,243,0,633,1954453,0,0,0,3691426,62701424,0,0,0,0,0,0,0,0,0,0,48268802,1427675,8.81,1.05
324,2026-05-15 19:19:55,2,q73,0,8,204,173,568,1232,867,775,811,0,0,0,0,232049,0,0,0,20016,433878,0,0,0,0,0,0,0,0,0,0,0,0,7.12,0.17
325,2026-05-15 19:19:56,2,q74,0,19,425,1693,3230,20746,17530,1600,1469,0,172,0,1773,3001190,0,0,5984752472,7080193,155346612,0,0,119522,92,92,0,6335237,6335237,0,0,6335237,119522,12.25,1.69
326,2026-05-15 19:19:59,2,q75,0,11,335,358,1495,3333,2260,1186,1215,0,112,0,0,2794854,0,0,0,256433,28801621,0,0,0,0,0,0,0,0,0,0,0,0,9.31,0.36
327,2026-05-15 19:20:00,2,q76,0,9,300,841,755,8158,6780,1241,1105,19,0,0,516,380855,0,0,3563740088,4542915,105621773,0,0,2845,47,47,0,288862,288862,0,0,288862,2845,9.7,0.84
328,2026-05-15 19:20:02,2,q77,0,23,556,1066,1594,10608,8652,1951,1903,10,210,0,64,250150,0,0,931440160,5422723,193462670,0,0,358,36,36,0,27413,27413,0,0,27413,358,9.95,1.07
329,2026-05-15 19:20:04,2,q77a,0,26,561,1139,1673,10171,8560,1886,1938,0,171,0,77,250150,0,0,1537516864,5422723,193462670,0,0,430,48,48,0,40478,40478,0,0,29256,350,8.93,1.14
330,2026-05-15 19:20:07,2,q78,0,17,467,1696,2992,21638,17675,1575,1558,10,346,0,1118,3067007,0,0,9367067000,5435788,195962176,0,0,872867,493,493,0,22699084,22699084,0,0,22699084,872867,12.76,1.7
331,2026-05-15 19:20:09,2,q79,0,11,272,579,961,5177,4165,1003,1040,0,105,0,278,2502367,0,0,1147022720,2877727,66051382,0,0,7013,15,15,0,417886,417886,0,0,417886,7013,8.94,0.58
332,2026-05-15 19:20:11,2,q80,0,26,706,1379,4329,14628,12223,2473,2514,0,64,0,93,5926002,0,0,2569332360,5465853,206524019,0,0,1454,17,17,0,126441,126441,0,0,126441,1454,10.61,1.38
333,2026-05-15 19:20:13,2,q80a,0,29,711,1433,3699,13220,11990,2602,2545,0,258,0,76,5925701,0,0,2974082552,5465853,206524019,0,0,2254,27,27,0,206608,206608,0,0,132374,1504,9.23,1.43
334,2026-05-15 19:20:16,2,q81,0,15,340,548,1019,3938,2284,1211,1245,0,48,0,933,4061421,0,0,1822093480,508538,38051141,0,0,54415,31,31,0,1496687,1496687,0,0,1496687,54415,7.19,0.55
335,2026-05-15 19:20:18,2,q82,0,10,247,711,939,7453,6365,787,834,0,130,0,437,250204,0,0,322971168,14663806,79014239,0,0,475046,206,206,0,12560612,12560612,0,0,12560612,2880440,10.48,0.71
336,2026-05-15 19:20:20,2,q83,0,17,405,686,598,3780,2184,1409,1465,0,96,0,118,249968,0,0,524802200,727958,46158441,0,0,4535,11,11,0,161459,161459,0,0,161459,4535,5.51,0.69
337,2026-05-15 19:20:21,2,q84,0,13,324,674,954,1655,803,1200,1175,0,90,0,0,9751042,0,0,204944448,2365739,26285942,0,0,25,1,1,0,966,966,0,0,966,25,2.46,0.67
338,2026-05-15 19:20:23,2,q85,0,13,372,318,1540,2511,1361,1463,1405,0,140,0,0,2448176,0,0,0,92064,11156026,0,0,0,0,0,0,0,0,0,0,0,0,7.9,0.32
339,2026-05-15 19:20:24,2,q86,0,8,170,406,410,3191,2651,672,647,0,65,0,120,271427,0,0,1231609192,757586,32573325,0,0,2016,16,16,0,174839,174839,0,0,174839,2016,7.86,0.41
340,2026-05-15 19:20:26,2,q86a,0,11,175,444,427,2908,2557,638,658,0,75,0,144,271427,0,0,1837685776,757586,32573325,0,0,5717,54,54,0,507351,507351,0,0,181881,2091,6.55,0.44
341,2026-05-15 19:20:27,2,q87,0,15,306,1237,2011,13967,11285,1028,1037,0,128,0,1777,2502324,0,0,4130345088,5031845,70788406,0,0,138558,45,45,0,4440028,4440028,0,0,4440028,138558,11.29,1.24
342,2026-05-15 19:20:30,2,q88,0,44,1046,1843,5815,21260,18005,3518,3540,5,266,0,16,250376,0,0,411870208,23252054,257923937,0,0,128,128,128,0,7538,7538,0,0,7538,128,11.54,1.84
343,2026-05-15 19:20:33,2,q89,0,7,154,146,341,1091,701,619,623,0,112,0,0,232737,0,0,0,20015,439525,0,0,0,0,0,0,0,0,0,0,0,0,7.47,0.15
344,2026-05-15 19:20:34,2,q90,0,14,338,533,955,5248,4244,1154,1217,0,96,0,3,247442,0,0,103555328,1486432,39981740,0,0,32,32,32,0,1885,1885,0,0,1885,32,9.85,0.53
345,2026-05-15 19:20:35,2,q91,0,12,307,235,1100,1574,886,1273,1211,0,80,0,0,232780,0,0,0,77212,853287,0,0,0,0,0,0,0,0,0,0,0,0,6.7,0.24
346,2026-05-15 19:20:37,2,q92,0,11,237,513,716,5526,4751,843,840,0,96,0,183,248087,0,0,107651768,1477170,65019957,0,0,16290,21,21,0,307740,307740,0,0,307740,16290,10.77,0.51
347,2026-05-15 19:20:38,2,q93,0,4,102,98,123,400,156,375,398,0,0,0,0,250022,0,0,0,201,74729,0,0,0,0,0,0,0,0,0,0,0,0,4.08,0.1
348,2026-05-15 19:20:40,2,q94,0,10,270,242,747,1488,667,969,963,0,0,0,0,459066,0,0,0,142170,6599328,0,0,0,0,0,0,0,0,0,0,0,0,6.15,0.24
349,2026-05-15 19:20:41,2,q95,0,14,402,675,2648,6451,5408,1462,1458,0,65,0,664,3570531,0,0,0,1581334,64194951,0,0,0,0,0,0,0,0,0,0,15806950,719067,9.56,0.68
350,2026-05-15 19:20:43,2,q96,0,9,220,353,474,2971,2271,793,809,14,77,0,2,250763,0,0,51086464,2907819,32275559,0,0,16,16,16,0,941,941,0,0,941,16,8.42,0.35
351,2026-05-15 19:20:44,2,q97,0,8,194,886,1064,9340,8246,645,660,0,90,0,707,250150,0,0,4642400160,4212260,63848862,0,0,840662,290,290,0,10313062,10313062,0,0,10313062,840662,10.54,0.89
352,2026-05-15 19:20:46,2,q98,0,5,103,90,134,558,409,395,405,0,0,0,0,232049,0,0,0,20002,400413,0,0,0,0,0,0,0,0,0,0,0,0,6.2,0.09
353,2026-05-15 19:20:47,2,q99,0,11,271,642,974,6426,5651,1060,1037,0,112,0,92,247484,0,0,1145357568,1461783,34474008,0,0,1350,15,15,0,166470,166470,0,0,166470,1350,10.01,0.64
354,2026-05-15 19:20:49,3,q1,0,13,289,537,830,4435,3078,998,1059,0,60,0,1059,1022096,0,0,1871028520,675419,33274439,0,0,107715,31,31,0,2198679,2198679,0,0,2198679,107715,8.26,0.54
355,2026-05-15 19:20:50,3,q2,0,14,290,639,777,4770,3953,1087,1099,0,128,0,139,680942,0,0,435904744,2274384,66535822,0,0,5419,98,98,0,182439,182439,0,0,69035,3725,7.46,0.64
356,2026-05-15 19:20:52,3,q3,0,7,169,316,312,2516,1960,632,644,0,0,0,44,250150,0,0,109346792,2841562,39699316,0,0,421,11,11,0,40838,40838,0,0,40838,421,7.96,0.32
357,2026-05-15 19:20:53,3,q4,0,27,571,2236,4742,27770,22290,1865,1932,9,464,0,3767,7499173,0,0,11501312960,9963689,316660942,0,0,256825,248,248,0,22804550,22804550,0,0,22804550,256825,12.42,2.24
358,2026-05-15 19:20:57,3,q5,0,21,670,1442,2393,14677,11542,2328,2395,10,221,0,130,1639446,0,0,835329112,6153996,214063259,0,0,2147,28,28,0,147748,147748,0,0,147748,2147,10.18,1.44
359,2026-05-15 19:20:59,3,q5a,0,24,675,1565,2413,15296,12964,2346,2413,0,282,0,163,1639704,0,0,1374296984,6153996,214063259,0,0,4087,37,37,0,293742,293742,0,0,195780,2837,9.77,1.56
360,2026-05-15 19:21:02,3,q6,0,19,393,630,1194,5576,4254,1411,1433,10,161,0,580,883229,0,0,460560392,3029566,32667367,0,0,2785563,21,21,0,24375915,24375915,0,0,24375915,2785563,8.85,0.63
361,2026-05-15 19:21:04,3,q7,0,9,206,168,508,1028,479,849,808,0,30,0,0,232264,0,0,0,38304,685158,0,0,0,0,0,0,0,0,0,0,0,0,6.12,0.17
362,2026-05-15 19:21:05,3,q8,0,16,326,749,1007,5343,4720,1216,1260,0,15,0,24,494133,0,0,1390749344,2970528,44950600,0,0,3511,8,8,0,60593,60593,0,0,60593,3511,7.13,0.75
363,2026-05-15 19:21:07,3,q9,0,17,386,553,2218,5793,4020,1193,1240,0,55,0,9,250462,0,0,0,14403056,290460806,0,0,80,80,80,0,6668,6668,0,0,6668,80,10.48,0.55
364,2026-05-15 19:21:09,3,q10,0,19,409,1268,1940,6376,5072,1371,1427,4,90,0,523,28184438,0,0,680777184,7002647,79832352,0,0,287659,23,23,0,2088598,2088598,0,0,2088598,287659,5.03,1.27
365,2026-05-15 19:21:11,3,q10a,0,17,408,1290,1583,4706,4176,1435,1471,2,224,0,402,28184438,0,0,679204896,7002647,79832352,0,0,283274,23,23,0,2090399,2090399,0,0,2090399,283274,3.65,1.29
366,2026-05-15 19:21:13,3,q11,0,19,429,1612,2963,18561,15407,1478,1472,3,126,0,2387,7499173,0,0,7803507280,7080193,186376048,0,0,117951,154,154,0,11937820,11937820,0,0,11937820,117951,11.51,1.61
367,2026-05-15 19:21:16,3,q12,0,5,103,98,146,596,396,412,408,0,40,0,0,232049,0,0,0,20002,400413,0,0,0,0,0,0,0,0,0,0,0,0,6.08,0.1
368,2026-05-15 19:21:17,3,q13,0,11,257,215,842,1419,785,1005,1015,0,0,0,0,232049,0,0,0,77217,1001042,0,0,0,0,0,0,0,0,0,0,0,0,6.6,0.22
369,2026-05-15 19:21:18,3,q14a,0,46,1016,4451,5108,33560,28244,3379,3531,0,896,0,3208,370215,0,0,4805623368,14867536,327772074,0,0,6395099,223,223,0,89742068,89742068,0,0,88613364,6367683,7.54,4.45
370,2026-05-15 19:21:25,3,q14b,0,40,963,2845,5816,27324,23556,3433,3450,1,419,0,2426,380451,0,0,2541233120,12852304,249277213,0,0,6909851,170,170,0,94909417,94909417,0,0,50824768,4159540,9.6,2.84
371,2026-05-15 19:21:29,3,q14,0,40,962,2415,4750,21278,18399,3372,3470,0,290,0,1856,380408,0,0,2339808296,12852304,249277213,0,0,6880896,153,153,0,93688037,93688037,0,0,49603388,4130585,8.81,2.42
372,2026-05-15 19:21:33,3,q15,0,9,221,609,745,6130,5656,795,835,0,0,0,24,1045273,0,0,510207240,1611751,35454722,0,0,317,5,5,0,23134,23134,0,0,23134,317,10.07,0.61
373,2026-05-15 19:21:34,3,q16,0,14,353,1013,1446,9693,8394,1205,1250,0,112,0,35,7192828,0,0,1238704384,3097776,86829163,0,0,237,12,12,0,15988,15988,0,0,15988,237,9.57,1.01
374,2026-05-15 19:21:36,3,q17,0,16,420,1180,2679,12441,9568,1485,1497,0,331,0,984,6343124,0,0,3885150096,4527977,93603141,0,0,1629074,545,545,0,32951985,32951985,0,0,32951985,1629074,10.54,1.18
375,2026-05-15 19:21:39,3,q18,0,11,306,210,940,1128,532,1271,1205,0,84,0,0,232522,0,0,0,88006,1184632,0,0,0,0,0,0,0,0,0,0,0,0,5.37,0.21
376,2026-05-15 19:21:40,3,q18a,0,20,512,324,2100,492,578,2314,2015,0,174,0,0,857079,0,0,0,356010,4430333,0,0,0,0,0,0,0,0,0,0,0,0,1.52,0.32
377,2026-05-15 19:21:41,3,q19,0,13,323,745,1337,6385,5532,1247,1241,0,100,0,36,1045273,0,0,275582184,2938528,47753978,0,0,684,6,6,0,79100,79100,0,0,79100,684,8.57,0.74
378,2026-05-15 19:21:43,3,q20,0,5,103,92,133,588,412,406,412,0,0,0,0,232049,0,0,0,20002,400413,0,0,0,0,0,0,0,0,0,0,0,0,6.39,0.09
379,2026-05-15 19:21:44,3,q21,0,9,220,738,858,6053,5103,866,831,4,129,0,85,250198,0,0,592715840,11783208,46238973,0,0,19565,7,7,0,603756,603756,0,0,603756,19565,8.2,0.74
380,2026-05-15 19:21:46,3,q22,0,10,236,1814,1852,17022,15390,877,844,0,220,0,260,804447,0,0,2321800192,11783210,46297375,0,0,577088,272,272,0,24526389,24526389,0,0,24526389,577088,9.38,1.81
381,2026-05-15 19:21:49,3,q22a,0,14,259,1204,1679,13492,11549,845,888,0,111,0,1275,804447,0,0,6032709848,11783208,46309097,0,0,747912,599,599,0,41169920,41169920,0,0,9603840,171976,11.21,1.2
382,2026-05-15 19:21:51,3,q23a,0,26,627,2374,5511,28519,23246,2111,2183,2,397,0,2862,1169879,0,0,7242482208,10720963,205127396,0,0,4038477,685,685,0,103410490,103410490,0,0,103407953,4038434,12.01,2.37
383,2026-05-15 19:21:55,3,q23b,0,31,699,2392,5117,28630,24136,2425,2398,11,549,0,2570,1169836,0,0,9742290240,10820964,206629776,0,0,4134964,941,941,0,106015088,106015088,0,0,106012551,4134921,11.97,2.39
384,2026-05-15 19:21:58,3,q24,0,9,254,219,765,1301,661,973,999,0,0,0,0,659928,0,0,0,50216,659368,0,0,0,0,0,0,0,0,0,0,0,0,5.94,0.22
385,2026-05-15 19:22:00,3,q24a,0,8,253,175,635,793,550,1043,1012,0,80,0,0,250022,0,0,0,216,189046,0,0,0,0,0,0,0,0,0,0,0,0,4.53,0.18
386,2026-05-15 19:22:01,3,q24b,0,9,254,173,609,539,537,1063,1007,0,121,0,0,405606,0,0,0,50216,392096,0,0,0,0,0,0,0,0,0,0,0,0,3.12,0.17
387,2026-05-15 19:22:02,3,q25,0,16,420,1250,3326,14225,12097,1498,1491,0,331,0,910,6350549,0,0,3885125480,4527977,113234070,0,0,1629074,545,545,0,33140816,33140816,0,0,33140816,1629074,11.38,1.25
388,2026-05-15 19:22:04,3,q26,0,9,206,173,534,1126,479,874,811,0,178,0,0,232694,0,0,0,38304,685158,0,0,0,0,0,0,0,0,0,0,0,0,6.51,0.17
389,2026-05-15 19:22:06,3,q27,0,9,206,142,475,834,775,828,839,0,0,0,0,231361,0,0,0,38016,667706,0,0,0,0,0,0,0,0,0,0,0,0,5.87,0.14
390,2026-05-15 19:22:07,3,q27a,0,13,308,225,1034,1145,1130,1315,1247,5,135,0,0,231872,0,0,0,56030,861876,0,0,0,0,0,0,0,0,0,0,0,0,5.09,0.22
391,2026-05-15 19:22:08,3,q28,0,24,408,1590,2981,20683,15104,1270,1299,0,404,0,3635,250763,0,0,6603405008,17283624,364715688,0,0,165937,102,102,0,3549887,3549887,0,0,3549887,165937,13.01,1.59
392,2026-05-15 19:22:11,3,q29,0,18,471,1165,3488,12570,10506,1741,1712,0,142,0,1086,6343210,0,0,3885232920,4547978,94077422,0,0,1629074,545,545,0,32952090,32952090,0,0,32952090,1629074,10.79,1.16
393,2026-05-15 19:22:13,3,q30,0,15,340,558,1039,3654,2102,1356,1260,2,72,0,732,10380174,0,0,1434644536,357676,27689483,0,0,26097,27,27,0,859700,859700,0,0,859700,26097,6.55,0.56
394,2026-05-15 19:22:15,3,q31,0,29,609,1681,3371,20108,16196,2158,2118,8,352,0,919,773451,0,0,1441333448,10520289,233074704,0,0,21307,45,45,0,1059441,1059441,0,0,1035579,21060,11.96,1.68
395,2026-05-15 19:22:18,3,q32,0,11,237,656,962,7151,5809,959,853,0,33,0,191,247484,0,0,107637432,2921498,94643174,0,0,27026,22,22,0,458939,458939,0,0,458939,27026,10.9,0.66
396,2026-05-15 19:22:19,3,q33,0,6,153,128,315,997,509,619,615,0,128,0,0,232737,0,0,0,20003,407512,0,0,0,0,0,0,0,0,0,0,0,0,7.79,0.13
397,2026-05-15 19:22:21,3,q34,0,8,204,173,566,1269,895,790,812,0,0,0,0,232049,0,0,0,20016,433878,0,0,0,0,0,0,0,0,0,0,0,0,7.34,0.17
398,2026-05-15 19:22:22,3,q35,0,19,409,1164,2139,8487,6515,1515,1422,2,407,0,1106,24076202,0,0,488557656,7002647,79694498,0,0,646325,37,37,0,2861078,2861078,0,0,2861078,646325,7.29,1.16
399,2026-05-15 19:22:24,3,q35a,0,17,408,987,1545,4932,3526,1395,1466,2,102,0,1523,24076245,0,0,489854952,7002647,79694498,0,0,646170,36,36,0,2841586,2841586,0,0,2841586,646170,5.0,0.99
400,2026-05-15 19:22:26,3,q36,0,10,221,663,804,6614,5800,817,846,0,104,0,168,271427,0,0,1248387816,2788526,58101921,0,0,2114,16,16,0,196426,196426,0,0,196426,2114,9.98,0.66
401,2026-05-15 19:22:28,3,q36a,0,13,226,794,900,6892,6720,908,868,0,65,0,124,271427,0,0,1787355688,2788526,58101921,0,0,5681,51,51,0,546396,546396,0,0,195856,2079,8.68,0.79
402,2026-05-15 19:22:30,3,q37,0,9,235,810,978,7019,5644,908,867,0,122,0,14,7327479,0,0,1114065536,13224950,80039372,0,0,7,7,7,0,1771,1771,0,0,1771,7,8.67,0.81
403,2026-05-15 19:22:32,3,q38,0,14,305,1189,1868,13282,10870,1055,1037,0,80,0,1447,2502324,0,0,4130345088,5031845,70788406,0,0,91194,44,44,0,3297487,3297487,0,0,3297487,91194,11.17,1.19
404,2026-05-15 19:22:34,3,q39a,0,17,344,1226,2302,11473,9912,1421,1292,7,150,0,148,250284,0,0,998732104,23548409,91878914,0,0,408323,22,22,0,7904106,7904106,0,0,5311940,273323,9.36,1.23
405,2026-05-15 19:22:36,3,q39b,0,18,344,526,1025,3328,3103,1283,1281,0,135,0,116,250198,0,0,859804024,23548409,91878914,0,0,276476,19,19,0,5399937,5399937,0,0,5300936,273306,6.33,0.53
406,2026-05-15 19:22:38,3,q40,0,11,286,608,936,5180,4078,1181,1071,4,135,0,35,2268770,0,0,659824776,1624023,65594173,0,0,1170,4,4,0,84450,84450,0,0,84450,1170,8.52,0.61
407,2026-05-15 19:22:39,3,q41,0,3,52,148,143,1567,145,223,242,0,0,0,0,232049,0,0,262144,1,87174,0,0,0,0,0,0,0,0,0,0,0,0,10.59,0.15
408,2026-05-15 19:22:41,3,q42,0,7,169,429,433,3422,2910,668,646,0,64,0,17,250150,0,0,105385704,2788513,39578357,0,0,70,7,7,0,6429,6429,0,0,6429,70,7.98,0.43
409,2026-05-15 19:22:42,3,q43,0,7,169,585,611,5792,5228,622,644,0,0,0,33,250150,0,0,105168104,2770525,44267304,0,0,90,15,15,0,9179,9179,0,0,9179,90,9.9,0.58
410,2026-05-15 19:22:44,3,q44,0,11,190,510,517,3924,3046,633,640,0,0,0,504,298111,0,0,754869320,5779209,101128789,0,0,395956,84,84,0,5848047,5848047,0,0,2924977,198008,7.69,0.51
411,2026-05-15 19:22:45,3,q45,0,13,323,511,1038,4379,3688,1201,1243,0,0,0,15,1045273,0,0,1334610920,925589,34789360,0,0,19,7,7,0,1854,1854,0,0,1854,19,8.57,0.51
412,2026-05-15 19:22:47,3,q46,0,13,323,878,1462,8437,7740,1186,1242,0,25,0,187,3116112,0,0,218764392,2927728,66945565,0,0,10081,15,15,0,633895,633895,0,0,633895,10081,9.61,0.88
413,2026-05-15 19:22:49,3,q47,0,15,239,1120,1767,8036,7236,831,870,0,40,0,442,398425,0,0,3011247992,2788526,44995936,0,0,697726,185,185,0,23289550,23289550,0,0,15721431,470167,7.18,1.12
414,2026-05-15 19:22:51,3,q48,0,9,206,172,510,1152,730,796,805,0,0,0,0,232049,0,0,0,70016,962913,0,0,0,0,0,0,0,0,0,0,0,0,6.7,0.17
415,2026-05-15 19:22:52,3,q49,0,19,454,1067,1848,11129,9094,1478,1540,0,171,0,45,250150,0,0,1660824664,5416491,237735042,0,0,170,20,20,0,12378,12378,0,0,12378,170,10.43,1.07
416,2026-05-15 19:22:55,3,q50,0,11,286,1030,1337,9649,8851,1016,1063,0,64,0,17,4745835,0,0,1490206824,3121277,56650107,0,0,48,8,8,0,11346,11346,0,0,11346,48,9.37,1.03
417,2026-05-15 19:22:57,3,q51,0,13,225,1120,1494,11366,9266,775,713,2,253,0,1214,250193,0,0,5454259864,3490096,70448222,0,0,2523869,437,437,0,44071202,44071202,0,0,44071202,2523869,10.15,1.12
418,2026-05-15 19:22:59,3,q51a,0,17,255,2606,3686,31948,25690,738,777,0,867,0,1962,1761540,0,0,13802258224,3490096,70448222,0,0,4889102,812,812,0,84700700,84700700,0,0,61739590,3644888,12.26,2.61
419,2026-05-15 19:23:03,3,q52,0,7,169,360,371,2865,2284,596,635,0,0,0,38,250150,0,0,105385704,2788513,39578357,0,0,610,7,7,0,55737,55737,0,0,55737,610,7.96,0.36
420,2026-05-15 19:23:04,3,q53,0,7,154,154,337,1146,706,700,618,0,122,0,0,232049,0,0,0,20015,505061,0,0,0,0,0,0,0,0,0,0,0,0,7.44,0.15
421,2026-05-15 19:23:05,3,q54,0,18,411,464,2871,2931,1851,1724,1643,8,145,0,12,1045273,0,0,1048576,210219,2457419,0,0,2,2,2,0,118,118,0,0,118,2,6.32,0.46
422,2026-05-15 19:23:07,3,q55,0,7,169,344,369,2770,2328,675,633,10,132,0,27,250150,0,0,105385704,2788513,39578357,0,0,434,5,5,0,37903,37903,0,0,37903,434,8.05,0.34
423,2026-05-15 19:23:08,3,q56,0,6,153,119,301,869,537,604,611,0,0,0,0,232049,0,0,0,20003,404876,0,0,0,0,0,0,0,0,0,0,0,0,7.3,0.12
424,2026-05-15 19:23:09,3,q57,0,13,228,973,1277,7128,6197,995,869,1,159,0,335,491406,0,0,1793326632,1479757,48129507,0,0,265282,105,105,0,9446406,9446406,0,0,5213951,148733,7.33,0.97
425,2026-05-15 19:23:11,3,q58,0,17,405,1029,1456,9774,8231,1518,1491,0,219,0,75,250150,0,0,658343360,5095945,120443588,0,0,18752,5,5,0,339921,339921,0,0,339921,18752,9.5,1.03
426,2026-05-15 19:23:14,3,q59,0,16,325,581,1342,4349,3741,1347,1290,0,120,0,156,680942,0,0,286765128,2863589,44969087,0,0,9288,34,34,0,330073,330073,0,0,187379,6834,7.49,0.58
427,2026-05-15 19:23:15,3,q60,0,7,154,131,314,921,518,580,595,0,80,0,0,232737,0,0,0,70003,771060,0,0,0,0,0,0,0,0,0,0,0,0,7.03,0.13
428,2026-05-15 19:23:16,3,q61,0,14,309,247,1209,1561,968,1236,1222,0,39,0,0,1045273,0,0,0,170318,1814286,0,0,0,0,0,0,0,0,0,0,0,0,6.32,0.25
429,2026-05-15 19:23:18,3,q62,0,11,271,584,845,5386,4139,1111,1041,0,0,0,130,247399,0,0,1212469480,739643,20152815,0,0,2319,16,16,0,268760,268760,0,0,268760,2319,9.22,0.58
430,2026-05-15 19:23:19,3,q63,0,7,154,139,275,974,667,614,606,0,0,0,0,232049,0,0,0,20015,505061,0,0,0,0,0,0,0,0,0,0,0,0,7.01,0.14
431,2026-05-15 19:23:21,3,q64,0,25,692,618,5539,5070,2724,2599,2587,0,176,0,0,3573667,0,0,0,602573,35371254,0,0,0,0,0,0,0,0,0,0,0,0,8.2,0.62
432,2026-05-15 19:23:23,3,q65,0,15,302,847,1401,8910,7398,1027,1066,0,192,0,670,1710264,0,0,3041683664,5539037,90138287,0,0,785318,155,155,0,17224418,17224418,0,0,17224418,785318,10.52,0.85
433,2026-05-15 19:23:25,3,q66,0,8,204,139,469,887,472,770,807,0,0,0,0,232092,0,0,0,20029,348433,0,0,0,0,0,0,0,0,0,0,0,0,6.38,0.14
434,2026-05-15 19:23:26,3,q67,0,10,237,1361,1483,14857,13942,942,894,0,187,0,385,804447,0,0,3620200528,2788526,50942696,0,0,1265577,272,272,0,75655069,75655069,0,0,75655069,1265577,10.92,1.36
435,2026-05-15 19:23:28,3,q67a,0,18,377,2651,9650,34871,27716,1165,1168,0,524,0,4538,804447,0,0,21356070720,2788526,50942696,0,0,5040026,2406,2406,0,310267339,310267339,0,0,81619171,1338922,13.15,2.65
436,2026-05-15 19:23:32,3,q68,0,13,323,767,1382,7377,6085,1217,1223,0,15,0,100,3116155,0,0,218427752,2927728,82583267,0,0,2221,12,12,0,188810,188810,0,0,188810,2221,9.62,0.77
437,2026-05-15 19:23:34,3,q69,0,19,409,1160,2017,7093,5504,1396,1427,2,240,0,348,27822963,0,0,409430296,7002647,79736068,0,0,239275,19,19,0,2030628,2030628,0,0,2030628,239275,6.11,1.16
438,2026-05-15 19:23:36,3,q70,0,14,289,899,1006,8328,6728,1082,1089,0,60,0,65,250150,0,0,1418427424,5521049,87080133,0,0,75,32,32,0,5530,5530,0,0,5530,75,9.26,0.9
439,2026-05-15 19:23:38,3,q70a,0,17,294,943,1001,7378,7038,1089,1105,6,98,0,69,250838,0,0,883653600,5521049,87080133,0,0,80,67,67,0,6897,6897,0,0,3717,50,7.82,0.94
440,2026-05-15 19:23:40,3,q71,0,6,153,116,286,826,521,590,611,0,0,0,0,232092,0,0,0,20003,415390,0,0,0,0,0,0,0,0,0,0,0,0,7.12,0.12
441,2026-05-15 19:23:41,3,q72,0,22,592,828,6748,7082,5382,2228,2177,0,120,0,668,1954496,0,0,0,3691426,62701424,0,0,0,0,0,0,0,0,0,0,48268802,1427675,8.55,0.83
442,2026-05-15 19:23:43,3,q73,0,8,204,219,728,1613,875,1028,813,0,0,0,0,232049,0,0,0,20016,433878,0,0,0,0,0,0,0,0,0,0,0,0,7.37,0.22
443,2026-05-15 19:23:45,3,q74,0,19,425,1656,3115,20497,16993,1557,1453,0,251,0,2131,3001190,0,0,5984752472,7080193,155346612,0,0,119522,92,92,0,6335237,6335237,0,0,6335237,119522,12.38,1.66
444,2026-05-15 19:23:47,3,q75,0,10,319,401,1423,2967,1722,1172,1204,0,176,0,0,2795542,0,0,0,184670,18123763,0,0,0,0,0,0,0,0,0,0,0,0,7.4,0.4
445,2026-05-15 19:23:49,3,q76,0,9,300,854,780,9025,7730,1048,1102,0,165,0,605,380855,0,0,3563740088,4542915,105621773,0,0,2845,47,47,0,288862,288862,0,0,288862,2845,10.57,0.85
446,2026-05-15 19:23:51,3,q77,0,23,556,1015,1455,9953,8138,1877,1921,0,60,0,68,250150,0,0,931440160,5422723,193462670,0,0,358,36,36,0,27413,27413,0,0,27413,358,9.81,1.01
447,2026-05-15 19:23:53,3,q77a,0,26,561,1225,1733,10909,9112,1896,1910,3,92,0,74,250150,0,0,1537516864,5422723,193462670,0,0,430,48,48,0,40478,40478,0,0,29256,350,8.91,1.23
448,2026-05-15 19:23:55,3,q78,0,17,467,1758,3027,22622,19190,1567,1541,0,240,0,1118,3066835,0,0,9367067000,5435788,195962176,0,0,872867,493,493,0,22699084,22699084,0,0,22699084,872867,12.87,1.76
449,2026-05-15 19:23:58,3,q79,0,11,272,678,1060,6278,5438,1003,1039,0,0,0,256,2502367,0,0,1147022720,2877727,66051382,0,0,7013,15,15,0,417886,417886,0,0,417886,7013,9.26,0.68
450,2026-05-15 19:24:00,3,q80,0,26,706,1608,5069,17938,14725,2675,2496,0,274,0,80,5926346,0,0,2569332360,5465853,206524019,0,0,1454,17,17,0,126441,126441,0,0,126441,1454,11.16,1.61
451,2026-05-15 19:24:03,3,q80a,0,29,711,1447,3514,13332,12329,2540,2536,0,96,0,85,5925701,0,0,2974082552,5465853,206524019,0,0,2254,27,27,0,206608,206608,0,0,132374,1504,9.21,1.45
452,2026-05-15 19:24:05,3,q81,0,15,340,625,1085,4781,2444,1246,1234,0,208,0,1285,4061421,0,0,1822093480,508538,38051141,0,0,54415,31,31,0,1496687,1496687,0,0,1496687,54415,7.65,0.62
453,2026-05-15 19:24:07,3,q82,0,10,247,765,1018,8515,6561,798,836,0,0,0,1216,250204,0,0,322971168,14663806,79014239,0,0,475046,206,206,0,12560612,12560612,0,0,12560612,2880440,11.13,0.76
454,2026-05-15 19:24:09,3,q83,0,17,405,702,629,3884,2242,1480,1468,1,180,0,105,249968,0,0,524802200,727958,46158441,0,0,4535,11,11,0,161459,161459,0,0,161459,4535,5.53,0.7
455,2026-05-15 19:24:11,3,q84,0,13,324,652,1047,1769,706,1228,1196,1,172,0,0,9751085,0,0,204944448,2365739,26285942,0,0,25,1,1,0,966,966,0,0,966,25,2.71,0.65
456,2026-05-15 19:24:12,3,q85,0,13,372,305,1435,2509,1370,1366,1390,0,90,0,0,2448821,0,0,0,92064,11156026,0,0,0,0,0,0,0,0,0,0,0,0,8.23,0.3
457,2026-05-15 19:24:14,3,q86,0,8,170,401,404,3182,2689,622,639,0,0,0,123,271427,0,0,1231609192,757586,32573325,0,0,2016,16,16,0,174839,174839,0,0,174839,2016,7.94,0.4
458,2026-05-15 19:24:15,3,q86a,0,11,175,503,477,3207,2558,670,654,0,208,0,152,271427,0,0,1837685776,757586,32573325,0,0,5717,54,54,0,507351,507351,0,0,181881,2091,6.38,0.5
459,2026-05-15 19:24:17,3,q87,0,15,306,1243,2002,14023,11281,1005,1031,0,248,0,1811,2502324,0,0,4130345088,5031845,70788406,0,0,138558,45,45,0,4440028,4440028,0,0,4440028,138558,11.28,1.24
460,2026-05-15 19:24:19,3,q88,0,44,1046,1680,5357,18650,15426,3487,3550,8,164,0,18,250892,0,0,411870208,23252054,257923937,0,0,128,128,128,0,7538,7538,0,0,7538,128,11.1,1.68
461,2026-05-15 19:24:22,3,q89,0,7,154,141,328,975,695,615,613,0,0,0,0,232049,0,0,0,20015,439525,0,0,0,0,0,0,0,0,0,0,0,0,6.91,0.14
462,2026-05-15 19:24:23,3,q90,0,14,338,471,830,4376,3577,1162,1218,0,0,0,3,247399,0,0,103555328,1486432,39981740,0,0,32,32,32,0,1885,1885,0,0,1885,32,9.29,0.47
463,2026-05-15 19:24:25,3,q91,0,12,307,231,1144,1636,889,1168,1204,0,0,0,0,232092,0,0,0,77212,853287,0,0,0,0,0,0,0,0,0,0,0,0,7.08,0.23
464,2026-05-15 19:24:26,3,q92,0,11,237,477,682,5017,4272,840,855,0,0,0,187,247399,0,0,107651768,1477170,65019957,0,0,16290,21,21,0,307740,307740,0,0,307740,16290,10.52,0.48
465,2026-05-15 19:24:28,3,q93,0,4,102,75,136,432,150,440,394,0,65,0,0,250538,0,0,0,201,74729,0,0,0,0,0,0,0,0,0,0,0,0,5.76,0.08
466,2026-05-15 19:24:29,3,q94,0,10,270,221,716,1515,684,938,978,3,0,0,0,459109,0,0,0,142170,6599328,0,0,0,0,0,0,0,0,0,0,0,0,6.86,0.22
467,2026-05-15 19:24:30,3,q95,0,14,402,708,2882,7354,5291,1444,1451,0,224,0,759,3570531,0,0,0,1581334,64194951,0,0,0,0,0,0,0,0,0,0,15806950,719067,10.39,0.71
468,2026-05-15 19:24:32,3,q96,0,9,220,343,478,2902,2161,780,807,5,160,0,2,250204,0,0,51086464,2907819,32275559,0,0,16,16,16,0,941,941,0,0,941,16,8.46,0.34
469,2026-05-15 19:24:33,3,q97,0,8,194,884,1058,9568,8484,617,653,0,0,0,685,250150,0,0,4642400160,4212260,63848862,0,0,840662,290,290,0,10313062,10313062,0,0,10313062,840662,10.82,0.88
470,2026-05-15 19:24:35,3,q98,0,5,103,109,164,762,417,437,412,0,160,0,0,232049,0,0,0,20002,400413,0,0,0,0,0,0,0,0,0,0,0,0,6.99,0.11
471,2026-05-15 19:24:36,3,q99,0,11,271,613,948,5992,5216,1025,1042,0,28,0,130,247484,0,0,1145357568,1461783,34474008,0,0,1350,15,15,0,166470,166470,0,0,166470,1350,9.77,0.61
472,2026-05-15 19:24:38,4,q1,0,13,289,537,850,4409,3039,980,1027,0,80,0,958,1022096,0,0,1871028520,675419,33274439,0,0,107715,31,31,0,2198679,2198679,0,0,2198679,107715,8.21,0.54
473,2026-05-15 19:24:40,4,q2,0,14,290,726,876,5744,4904,1268,1116,1,123,0,139,680942,0,0,435904744,2274384,66535822,0,0,5419,98,98,0,182439,182439,0,0,69035,3725,7.91,0.73
474,2026-05-15 19:24:41,4,q3,0,7,169,313,313,2492,1830,614,635,0,72,0,46,250838,0,0,109346792,2841562,39699316,0,0,421,11,11,0,40838,40838,0,0,40838,421,7.96,0.31
475,2026-05-15 19:24:43,4,q4,0,27,571,2220,4738,27250,21552,1939,1955,0,426,0,3425,7499173,0,0,11501312960,9963689,316660942,0,0,256825,248,248,0,22804550,22804550,0,0,22804550,256825,12.27,2.22
476,2026-05-15 19:24:46,4,q5,0,21,670,1438,2376,14583,11688,2297,2374,0,159,0,129,1639575,0,0,835329112,6153996,214063259,0,0,2147,28,28,0,147748,147748,0,0,147748,2147,10.14,1.44
477,2026-05-15 19:24:49,4,q5a,0,24,675,1422,2199,13076,11039,2284,2401,0,224,0,149,1639661,0,0,1374296984,6153996,214063259,0,0,4087,37,37,0,293742,293742,0,0,195780,2837,9.2,1.42
478,2026-05-15 19:24:51,4,q6,0,19,393,597,1071,5076,3842,1386,1439,0,75,0,599,883229,0,0,460560392,3029566,32667367,0,0,2785563,21,21,0,24375915,24375915,0,0,24375915,2785563,8.5,0.6
479,2026-05-15 19:24:53,4,q7,0,9,206,165,491,1079,491,766,798,0,0,0,0,232049,0,0,0,38304,685158,0,0,0,0,0,0,0,0,0,0,0,0,6.54,0.16
480,2026-05-15 19:24:54,4,q8,0,16,326,734,1008,5243,4616,1209,1251,0,0,0,25,494133,0,0,1390749344,2970528,44950600,0,0,3511,8,8,0,60593,60593,0,0,60593,3511,7.14,0.73
481,2026-05-15 19:24:56,4,q9,0,17,386,537,2185,5491,3810,1298,1218,0,233,0,12,250892,0,0,0,14403056,290460806,0,0,80,80,80,0,6668,6668,0,0,6668,80,10.23,0.54
482,2026-05-15 19:24:58,4,q10,0,19,409,1372,2520,10987,9187,1421,1418,3,262,0,616,28184395,0,0,680777184,7002647,79832352,0,0,287659,23,23,0,2088598,2088598,0,0,2088598,287659,8.01,1.37
483,2026-05-15 19:25:00,4,q10a,0,17,408,1121,1448,4136,3703,1377,1464,2,85,0,429,28184438,0,0,679204896,7002647,79832352,0,0,283274,23,23,0,2090399,2090399,0,0,2090399,283274,3.69,1.12
484,2026-05-15 19:25:02,4,q11,0,19,429,1601,2930,18630,14329,1549,1486,0,355,0,2360,7499173,0,0,7600607896,7080193,186376048,0,0,119522,154,154,0,12153105,12153105,0,0,12153105,119522,11.64,1.6
485,2026-05-15 19:25:05,4,q12,0,5,103,95,145,648,415,406,415,0,0,0,0,232049,0,0,0,20002,400413,0,0,0,0,0,0,0,0,0,0,0,0,6.82,0.1
486,2026-05-15 19:25:06,4,q13,0,11,257,213,849,1460,783,1011,1002,0,56,0,0,232049,0,0,0,77217,1001042,0,0,0,0,0,0,0,0,0,0,0,0,6.85,0.21
487,2026-05-15 19:25:07,4,q14a,0,46,1016,4433,5173,33882,28925,3496,3527,19,814,0,3277,370215,0,0,4805623368,14867536,327772074,0,0,6395099,223,223,0,89742068,89742068,0,0,88613364,6367683,7.64,4.43
488,2026-05-15 19:25:14,4,q14b,0,40,963,2763,5564,26438,22784,3340,3440,0,191,0,2170,380580,0,0,2541233120,12852304,249277213,0,0,6909851,170,170,0,94909417,94909417,0,0,50824768,4159540,9.57,2.76
489,2026-05-15 19:25:18,4,q14,0,40,962,2506,5001,23109,20222,3277,3399,0,224,0,2259,380322,0,0,2339808296,12852304,249277213,0,0,6880896,153,153,0,93688037,93688037,0,0,49603388,4130585,9.22,2.51
490,2026-05-15 19:25:21,4,q15,0,9,221,615,745,6133,5706,814,840,0,0,0,22,1045273,0,0,510207240,1611751,35454722,0,0,317,5,5,0,23134,23134,0,0,23134,317,9.97,0.62
491,2026-05-15 19:25:23,4,q16,0,14,353,1110,1594,10406,9058,1295,1234,16,128,0,33,7192828,0,0,1238704384,3097776,86829163,0,0,237,12,12,0,15988,15988,0,0,15988,237,9.37,1.11
492,2026-05-15 19:25:25,4,q17,0,16,420,1154,2852,12554,10269,1501,1494,0,331,0,1073,6343124,0,0,3885150096,4527977,93603141,0,0,1629074,545,545,0,32951985,32951985,0,0,32951985,1629074,10.88,1.15
493,2026-05-15 19:25:28,4,q18,0,10,305,199,860,1099,526,1270,1196,0,98,0,0,232608,0,0,0,38006,647796,0,0,0,0,0,0,0,0,0,0,0,0,5.52,0.2
494,2026-05-15 19:25:29,4,q18a,0,19,510,259,1898,519,565,2035,1999,0,157,0,0,231920,0,0,0,256010,2725005,0,0,0,0,0,0,0,0,0,0,0,0,2.0,0.26
495,2026-05-15 19:25:30,4,q19,0,13,323,675,1256,5287,4491,1284,1255,0,78,0,36,1045273,0,0,275582184,2938528,47753978,0,0,684,6,6,0,79100,79100,0,0,79100,684,7.83,0.68
496,2026-05-15 19:25:32,4,q20,0,5,103,91,138,583,398,400,406,0,0,0,0,232049,0,0,0,20002,400413,0,0,0,0,0,0,0,0,0,0,0,0,6.41,0.09
497,2026-05-15 19:25:33,4,q21,0,9,220,812,925,8187,7502,838,827,4,32,0,86,250198,0,0,592715840,11783208,46238973,0,0,19565,7,7,0,603756,603756,0,0,603756,19565,10.08,0.81
498,2026-05-15 19:25:35,4,q22,0,10,236,1912,1960,19770,18310,916,858,0,227,0,240,804447,0,0,2321800192,11783210,46297375,0,0,577088,272,272,0,24526389,24526389,0,0,24526389,577088,10.34,1.91
499,2026-05-15 19:25:38,4,q22a,0,14,259,1009,1508,10660,8513,853,905,0,112,0,1551,804447,0,0,6032709848,11783208,46309097,0,0,747912,599,599,0,41169920,41169920,0,0,9603840,171976,10.56,1.01
500,2026-05-15 19:25:40,4,q23a,0,26,627,2134,5141,26290,22606,2158,2159,6,530,0,2427,1169836,0,0,7242482208,10720963,205127396,0,0,4038477,685,685,0,103410490,103410490,0,0,103407953,4038434,12.32,2.13
501,2026-05-15 19:25:43,4,q23b,0,31,699,2090,4984,24535,20748,2319,2378,0,500,0,2945,1169836,0,0,9742290240,10820964,206629776,0,0,4134964,941,941,0,106015088,106015088,0,0,106012551,4134921,11.74,2.09
502,2026-05-15 19:25:47,4,q24,0,9,254,216,748,1283,635,997,985,0,80,0,0,659928,0,0,0,50216,659368,0,0,0,0,0,0,0,0,0,0,0,0,5.94,0.22
503,2026-05-15 19:25:48,4,q24a,0,9,269,178,710,1166,764,993,1016,0,70,0,0,2884013,0,0,0,287730,16116553,0,0,0,0,0,0,0,0,0,0,0,0,6.55,0.18
504,2026-05-15 19:25:49,4,q24b,0,9,254,160,597,501,555,1026,1021,0,55,0,0,405606,0,0,0,50216,392096,0,0,0,0,0,0,0,0,0,0,0,0,3.13,0.16
505,2026-05-15 19:25:50,4,q25,0,16,420,982,2540,10056,7865,1443,1467,0,160,0,1214,6350549,0,0,3885125480,4527977,113234070,0,0,1629074,545,545,0,33140816,33140816,0,0,33140816,1629074,10.24,0.98
506,2026-05-15 19:25:52,4,q26,0,9,206,156,484,894,467,839,798,0,55,0,0,232436,0,0,0,38304,685158,0,0,0,0,0,0,0,0,0,0,0,0,5.73,0.16
507,2026-05-15 19:25:54,4,q27,0,9,206,143,490,824,783,793,839,0,0,0,0,231361,0,0,0,38016,667706,0,0,0,0,0,0,0,0,0,0,0,0,5.76,0.14
508,2026-05-15 19:25:55,4,q27a,0,13,308,220,1027,1139,1147,1272,1244,0,66,0,0,231361,0,0,0,56030,861876,0,0,0,0,0,0,0,0,0,0,0,0,5.18,0.22
509,2026-05-15 19:25:56,4,q28,0,24,408,1489,2832,19501,15023,1252,1301,0,245,0,3538,250505,0,0,6603405008,17283624,364715688,0,0,165937,102,102,0,3549887,3549887,0,0,3549887,165937,13.1,1.49
510,2026-05-15 19:25:59,4,q29,0,18,471,1160,3460,12297,10184,1711,1702,6,282,0,1064,6343167,0,0,3885232920,4547978,94077422,0,0,1629074,545,545,0,32952090,32952090,0,0,32952090,1629074,10.6,1.16
511,2026-05-15 19:26:01,4,q30,0,15,340,526,968,3840,2099,1221,1227,1,202,0,858,10380174,0,0,1434644536,357676,27689483,0,0,26097,27,27,0,859700,859700,0,0,859700,26097,7.3,0.53
512,2026-05-15 19:26:03,4,q31,0,29,609,1587,3304,18653,15864,2141,2133,0,296,0,901,773451,0,0,1441333448,10520289,233074704,0,0,21307,45,45,0,1059441,1059441,0,0,1035579,21060,11.75,1.59
513,2026-05-15 19:26:05,4,q32,0,11,237,576,808,6130,5217,812,841,0,96,0,165,247484,0,0,107637432,2921498,94643174,0,0,27026,22,22,0,458939,458939,0,0,458939,27026,10.64,0.58
514,2026-05-15 19:26:07,4,q33,0,6,153,125,311,852,516,649,613,18,70,0,0,232780,0,0,0,20003,407512,0,0,0,0,0,0,0,0,0,0,0,0,6.82,0.12
515,2026-05-15 19:26:08,4,q34,0,8,204,175,557,1281,857,791,809,0,0,0,0,232049,0,0,0,20016,433878,0,0,0,0,0,0,0,0,0,0,0,0,7.32,0.18
516,2026-05-15 19:26:09,4,q35,0,19,409,1112,1880,6825,5142,1367,1405,2,231,0,1180,24076245,0,0,488557656,7002647,79694498,0,0,646325,37,37,0,2861078,2861078,0,0,2861078,646325,6.14,1.11
517,2026-05-15 19:26:12,4,q35a,0,17,408,980,1523,4930,3954,1377,1455,3,416,0,1040,24076245,0,0,489854952,7002647,79694498,0,0,646170,36,36,0,2841586,2841586,0,0,2841586,646170,5.03,0.98
518,2026-05-15 19:26:14,4,q36,0,10,221,634,785,6291,5516,826,848,0,98,0,174,271427,0,0,1248387816,2788526,58101921,0,0,2114,16,16,0,196426,196426,0,0,196426,2114,9.92,0.63
519,2026-05-15 19:26:15,4,q36a,0,13,226,494,606,3056,2707,851,863,0,105,0,132,271427,0,0,1787355688,2788526,58101921,0,0,5681,51,51,0,546396,546396,0,0,195856,2079,6.19,0.49
520,2026-05-15 19:26:17,4,q37,0,9,235,610,751,4766,3899,917,865,0,78,0,14,7327436,0,0,1114065536,13224950,80039372,0,0,7,7,7,0,1771,1771,0,0,1771,7,7.81,0.61
521,2026-05-15 19:26:18,4,q38,0,15,306,988,1541,10643,8108,1193,1040,0,192,0,1860,2502324,0,0,4130345088,5031845,70788406,0,0,91512,45,45,0,3311891,3311891,0,0,3311891,91512,10.77,0.99
522,2026-05-15 19:26:21,4,q39a,0,17,344,1073,1972,10059,8806,1252,1252,77,105,0,137,251316,0,0,998732104,23548409,91878914,0,0,408323,22,22,0,7904106,7904106,0,0,5311940,273323,9.37,1.07
523,2026-05-15 19:26:23,4,q39b,0,17,344,552,1056,3748,3378,1280,1297,8,203,0,97,250198,0,0,998224200,23548409,91878914,0,0,405136,22,22,0,7794101,7794101,0,0,5201935,270136,6.79,0.55
524,2026-05-15 19:26:24,4,q40,0,11,286,649,946,5877,5147,1033,1052,0,0,0,35,2268770,0,0,659824776,1624023,65594173,0,0,1170,4,4,0,84450,84450,0,0,84450,1170,9.06,0.65
525,2026-05-15 19:26:26,4,q41,0,3,52,153,150,1602,145,240,249,0,0,0,0,232049,0,0,262144,1,87174,0,0,0,0,0,0,0,0,0,0,0,0,10.47,0.15
526,2026-05-15 19:26:27,4,q42,0,7,169,405,417,3793,3125,610,643,0,77,0,19,250150,0,0,105385704,2788513,39578357,0,0,70,7,7,0,6429,6429,0,0,6429,70,9.37,0.4
527,2026-05-15 19:26:29,4,q43,0,7,169,334,352,2552,1987,639,652,0,0,0,36,250150,0,0,105168104,2770525,44267304,0,0,90,15,15,0,9179,9179,0,0,9179,90,7.64,0.33
528,2026-05-15 19:26:30,4,q44,0,11,190,552,566,4613,3608,668,640,0,128,0,457,298111,0,0,754869320,5779209,101128789,0,0,395956,84,84,0,5848047,5848047,0,0,2924977,198008,8.36,0.55
529,2026-05-15 19:26:32,4,q45,0,13,323,504,1072,4079,3351,1201,1228,48,120,0,15,1045273,0,0,1334610920,925589,34789360,0,0,19,7,7,0,1854,1854,0,0,1854,19,8.09,0.5
530,2026-05-15 19:26:33,4,q46,0,13,323,795,1393,7633,6898,1237,1243,0,84,0,209,3116112,0,0,218764392,2927728,66945565,0,0,10081,15,15,0,633895,633895,0,0,633895,10081,9.6,0.8
531,2026-05-15 19:26:35,4,q47,0,15,239,1239,1882,9647,8796,846,884,0,200,0,408,398425,0,0,3011247992,2788526,44995936,0,0,697726,185,185,0,23289550,23289550,0,0,15721431,470167,7.79,1.24
532,2026-05-15 19:26:38,4,q48,0,9,206,178,535,1215,758,812,822,0,0,0,0,232049,0,0,0,70016,962913,0,0,0,0,0,0,0,0,0,0,0,0,6.83,0.18
533,2026-05-15 19:26:39,4,q49,0,19,454,965,1639,9977,7767,1596,1535,9,224,0,43,250150,0,0,1660824664,5416491,237735042,0,0,170,20,20,0,12378,12378,0,0,12378,170,10.34,0.96
534,2026-05-15 19:26:41,4,q50,0,11,286,978,1311,9473,8674,1059,1075,0,90,0,18,4745233,0,0,1490206824,3121277,56650107,0,0,48,8,8,0,11346,11346,0,0,11346,48,9.69,0.98
535,2026-05-15 19:26:43,4,q51,0,13,225,989,1333,9676,8269,685,711,0,110,0,1322,250150,0,0,5454259864,3490096,70448222,0,0,2523869,437,437,0,44071202,44071202,0,0,44071202,2523869,9.78,0.99
536,2026-05-15 19:26:45,4,q51a,0,17,255,2527,3530,32668,28721,771,800,0,1243,0,1812,1761540,0,0,13802258224,3490096,70448222,0,0,4889102,812,812,0,84700700,84700700,0,0,61739590,3644888,12.93,2.53
537,2026-05-15 19:26:49,4,q52,0,7,169,434,454,3835,3188,603,634,0,64,0,40,250150,0,0,105385704,2788513,39578357,0,0,610,7,7,0,55737,55737,0,0,55737,610,8.84,0.43
538,2026-05-15 19:26:50,4,q53,0,7,154,149,350,1131,689,638,611,0,90,0,0,232651,0,0,0,20015,505061,0,0,0,0,0,0,0,0,0,0,0,0,7.59,0.15
539,2026-05-15 19:26:51,4,q54,0,18,411,468,2817,2568,1860,1621,1635,0,89,0,5,1045273,0,0,1048576,210219,2457419,0,0,2,2,2,0,118,118,0,0,118,2,5.49,0.47
540,2026-05-15 19:26:53,4,q55,0,7,169,308,325,2401,1999,609,634,24,50,0,27,250838,0,0,105385704,2788513,39578357,0,0,434,5,5,0,37903,37903,0,0,37903,434,7.8,0.31
541,2026-05-15 19:26:54,4,q56,0,6,153,115,288,801,512,580,604,0,0,0,0,232049,0,0,0,20003,404876,0,0,0,0,0,0,0,0,0,0,0,0,6.97,0.12
542,2026-05-15 19:26:55,4,q57,0,13,228,804,1106,5286,4330,902,868,0,128,0,369,491406,0,0,1793326632,1479757,48129507,0,0,265282,105,105,0,9446406,9446406,0,0,5213951,148733,6.57,0.8
543,2026-05-15 19:26:57,4,q58,0,17,405,911,1273,8149,6773,1532,1496,4,124,0,66,250150,0,0,658343360,5095945,120443588,0,0,18752,5,5,0,339921,339921,0,0,339921,18752,8.95,0.91
544,2026-05-15 19:26:59,4,q59,0,16,325,595,1339,4447,3789,1264,1292,0,78,0,175,680942,0,0,286765128,2863589,44969087,0,0,9288,34,34,0,330073,330073,0,0,187379,6834,7.47,0.6
545,2026-05-15 19:27:01,4,q60,0,6,153,116,286,811,516,584,600,0,0,0,0,232049,0,0,0,20003,407512,0,0,0,0,0,0,0,0,0,0,0,0,6.99,0.12
546,2026-05-15 19:27:02,4,q61,0,14,309,243,1190,1565,949,1188,1219,0,72,0,0,1045273,0,0,0,170318,1814286,0,0,0,0,0,0,0,0,0,0,0,0,6.44,0.24
547,2026-05-15 19:27:04,4,q62,0,11,271,381,669,2882,1901,1007,1024,0,80,0,228,247399,0,0,1212469480,739643,20152815,0,0,2319,16,16,0,268760,268760,0,0,268760,2319,7.56,0.38
548,2026-05-15 19:27:05,4,q63,0,7,154,140,272,939,673,606,612,0,0,0,0,232049,0,0,0,20015,505061,0,0,0,0,0,0,0,0,0,0,0,0,6.71,0.14
549,2026-05-15 19:27:06,4,q64,0,24,691,589,5409,4955,2930,2576,2590,0,263,0,0,3573624,0,0,0,552573,34621742,0,0,0,0,0,0,0,0,0,0,0,0,8.41,0.59
550,2026-05-15 19:27:08,4,q65,0,15,302,859,1443,9157,7608,1040,1061,0,320,0,641,1710264,0,0,3041683664,5539037,90138287,0,0,785318,155,155,0,17224418,17224418,0,0,17224418,785318,10.66,0.86
551,2026-05-15 19:27:10,4,q66,0,8,204,132,447,749,451,785,787,0,0,0,0,232092,0,0,0,20029,348433,0,0,0,0,0,0,0,0,0,0,0,0,5.67,0.13
552,2026-05-15 19:27:11,4,q67,0,10,237,1275,1404,13478,12416,886,888,0,259,0,438,804447,0,0,3620200528,2788526,50942696,0,0,1265577,272,272,0,75655069,75655069,0,0,75655069,1265577,10.57,1.27
553,2026-05-15 19:27:14,4,q67a,0,18,377,2673,9866,35087,29018,1131,1151,0,280,0,4480,804447,0,0,21356070720,2788526,50942696,0,0,5040026,2406,2406,0,310267339,310267339,0,0,81619171,1338922,13.13,2.67
554,2026-05-15 19:27:18,4,q68,0,13,323,819,1427,8076,7176,1186,1237,0,90,0,94,3116112,0,0,218427752,2927728,82583267,0,0,2221,12,12,0,188810,188810,0,0,188810,2221,9.86,0.82
555,2026-05-15 19:27:19,4,q69,0,19,409,1240,2177,8022,6505,1325,1422,3,144,0,352,27823006,0,0,409430296,7002647,79736068,0,0,239275,19,19,0,2030628,2030628,0,0,2030628,239275,6.47,1.24
556,2026-05-15 19:27:22,4,q70,0,14,289,878,983,8004,7032,1052,1092,0,54,0,66,250150,0,0,1418427424,5521049,87080133,0,0,75,32,32,0,5530,5530,0,0,5530,75,9.12,0.88
557,2026-05-15 19:27:24,4,q70a,0,17,294,943,1012,7635,7139,1057,1099,0,112,0,66,250150,0,0,883653600,5521049,87080133,0,0,80,67,67,0,6897,6897,0,0,3717,50,8.1,0.94
558,2026-05-15 19:27:26,4,q71,0,6,153,121,303,901,523,603,606,0,80,0,0,232049,0,0,0,20003,415390,0,0,0,0,0,0,0,0,0,0,0,0,7.45,0.12
559,2026-05-15 19:27:27,4,q72,0,22,592,911,6398,8563,6670,2145,2207,3,84,0,615,1954539,0,0,0,3691426,62701424,0,0,0,0,0,0,0,0,0,0,48268802,1427675,9.4,0.91
560,2026-05-15 19:27:29,4,q73,0,8,204,175,580,1311,892,784,817,0,0,0,0,232049,0,0,0,20016,433878,0,0,0,0,0,0,0,0,0,0,0,0,7.49,0.18
561,2026-05-15 19:27:30,4,q74,0,19,425,1675,3193,20857,17676,1453,1466,0,112,0,2128,3001190,0,0,5984752472,7080193,155346612,0,0,119522,92,92,0,6335237,6335237,0,0,6335237,119522,12.45,1.68
562,2026-05-15 19:27:33,4,q75,0,10,319,335,1351,2642,1765,1194,1216,0,50,0,0,5628752,0,0,0,328117,16852952,0,0,0,0,0,0,0,0,0,0,0,0,7.89,0.34
563,2026-05-15 19:27:34,4,q76,0,9,300,730,678,7073,5969,1105,1108,0,55,0,488,380855,0,0,3563740088,4542915,105621773,0,0,2845,47,47,0,288862,288862,0,0,288862,2845,9.69,0.73
564,2026-05-15 19:27:36,4,q77,0,23,556,1155,1753,12006,10060,1935,1897,0,171,0,64,250150,0,0,931440160,5422723,193462670,0,0,358,36,36,0,27413,27413,0,0,27413,358,10.39,1.16
565,2026-05-15 19:27:38,4,q77a,0,26,561,1009,1318,8084,6542,1868,1922,0,138,0,73,250451,0,0,1537516864,5422723,193462670,0,0,430,48,48,0,40478,40478,0,0,29256,350,8.01,1.01
566,2026-05-15 19:27:41,4,q78,0,17,467,1632,2821,20865,17310,1519,1541,0,256,0,1040,3066835,0,0,9367067000,5435788,195962176,0,0,872867,493,493,0,22699084,22699084,0,0,22699084,872867,12.78,1.63
567,2026-05-15 19:27:43,4,q79,0,11,272,657,1034,5997,5185,1000,1046,0,0,0,223,2502367,0,0,1147022720,2877727,66051382,0,0,7013,15,15,0,417886,417886,0,0,417886,7013,9.13,0.66
568,2026-05-15 19:27:45,4,q80,0,26,706,1623,4583,17849,15313,2624,2461,2,244,0,82,5925701,0,0,2569332360,5465853,206524019,0,0,1454,17,17,0,126441,126441,0,0,126441,1454,11.0,1.62
569,2026-05-15 19:27:48,4,q80a,0,29,711,1512,3848,13867,12632,2556,2534,0,196,0,80,5925744,0,0,2974082552,5465853,206524019,0,0,2254,27,27,0,206608,206608,0,0,132374,1504,9.17,1.51
570,2026-05-15 19:27:51,4,q81,0,15,340,550,995,4195,2224,1192,1231,0,80,0,1223,4061421,0,0,1822093480,508538,38051141,0,0,54415,31,31,0,1496687,1496687,0,0,1496687,54415,7.63,0.55
571,2026-05-15 19:27:52,4,q82,0,10,247,644,846,6402,5078,823,842,0,315,0,488,250204,0,0,322971168,14663806,79014239,0,0,475046,206,206,0,12560612,12560612,0,0,12560612,2880440,9.94,0.64
572,2026-05-15 19:27:54,4,q83,0,17,405,691,607,3711,2182,1407,1465,0,0,0,110,249968,0,0,524802200,727958,46158441,0,0,4535,11,11,0,161459,161459,0,0,161459,4535,5.37,0.69
573,2026-05-15 19:27:56,4,q84,0,13,324,607,979,1657,774,1189,1195,0,64,0,0,9751042,0,0,204944448,2365739,26285942,0,0,25,1,1,0,966,966,0,0,966,25,2.73,0.61
574,2026-05-15 19:27:57,4,q85,0,14,373,359,1772,2919,1280,1550,1418,3,144,0,0,2448176,0,0,0,142064,11673044,0,0,0,0,0,0,0,0,0,0,0,0,8.13,0.36
575,2026-05-15 19:27:59,4,q86,0,8,170,402,408,3127,2534,703,646,0,155,0,123,271427,0,0,1231609192,757586,32573325,0,0,2016,16,16,0,174839,174839,0,0,174839,2016,7.78,0.4
576,2026-05-15 19:28:00,4,q86a,0,11,175,426,416,2694,2396,636,648,0,0,0,151,271427,0,0,1837685776,757586,32573325,0,0,5717,54,54,0,507351,507351,0,0,181881,2091,6.32,0.43
577,2026-05-15 19:28:02,4,q87,0,15,306,1130,1816,12834,10132,1048,1052,4,28,0,1962,2502324,0,0,4130345088,5031845,70788406,0,0,138558,45,45,0,4440028,4440028,0,0,4440028,138558,11.36,1.13
578,2026-05-15 19:28:04,4,q88,0,44,1046,1600,4956,17474,14128,3552,3608,5,288,0,15,250333,0,0,411870208,23252054,257923937,0,0,128,128,128,0,7538,7538,0,0,7538,128,10.92,1.6
579,2026-05-15 19:28:07,4,q89,0,7,154,141,328,1015,719,591,616,0,0,0,0,232049,0,0,0,20015,439525,0,0,0,0,0,0,0,0,0,0,0,0,7.2,0.14
580,2026-05-15 19:28:08,4,q90,0,14,338,539,918,5141,4283,1225,1220,0,90,0,3,248044,0,0,103555328,1486432,39981740,0,0,32,32,32,0,1885,1885,0,0,1885,32,9.54,0.54
581,2026-05-15 19:28:10,4,q91,0,12,307,236,1099,1593,892,1179,1213,5,5,0,0,232049,0,0,0,77212,853287,0,0,0,0,0,0,0,0,0,0,0,0,6.75,0.24
582,2026-05-15 19:28:11,4,q92,0,11,237,469,682,4930,4196,839,867,0,0,0,152,247399,0,0,107651768,1477170,65019957,0,0,16290,21,21,0,307740,307740,0,0,307740,16290,10.51,0.47
583,2026-05-15 19:28:12,4,q93,0,4,102,69,126,385,152,392,393,0,0,0,0,250022,0,0,0,201,74729,0,0,0,0,0,0,0,0,0,0,0,0,5.58,0.07
584,2026-05-15 19:28:13,4,q94,0,10,270,236,741,1501,680,964,975,0,0,0,0,459066,0,0,0,142170,6599328,0,0,0,0,0,0,0,0,0,0,0,0,6.36,0.24
585,2026-05-15 19:28:15,4,q95,0,12,336,472,1903,5277,4343,1271,1240,0,84,0,573,3570531,0,0,0,1509371,56549713,0,0,0,0,0,0,0,0,0,0,15806950,719067,11.18,0.47
586,2026-05-15 19:28:16,4,q96,0,9,220,387,515,3108,2404,787,833,0,112,0,1,250892,0,0,51086464,2907819,32275559,0,0,16,16,16,0,941,941,0,0,941,16,8.03,0.39
587,2026-05-15 19:28:18,4,q97,0,8,194,837,976,8740,7745,639,666,0,0,0,740,250150,0,0,4642400160,4212260,63848862,0,0,840662,290,290,0,10313062,10313062,0,0,10313062,840662,10.44,0.84
588,2026-05-15 19:28:20,4,q98,0,5,103,97,147,620,405,440,407,0,90,0,0,232522,0,0,0,20002,400413,0,0,0,0,0,0,0,0,0,0,0,0,6.39,0.1
589,2026-05-15 19:28:21,4,q99,0,11,271,656,986,6950,6214,991,1050,0,0,0,98,247484,0,0,1145357568,1461783,34474008,0,0,1350,15,15,0,166470,166470,0,0,166470,1350,10.59,0.66
590,2026-05-15 19:28:23,5,q1,0,13,289,552,868,4485,3097,1015,1038,0,105,0,1040,1022096,0,0,1871028520,675419,33274439,0,0,107715,31,31,0,2198679,2198679,0,0,2198679,107715,8.12,0.55
591,2026-05-15 19:28:24,5,q2,0,14,290,648,796,5144,4502,1108,1103,0,72,0,136,680942,0,0,435904744,2274384,66535822,0,0,5419,98,98,0,182439,182439,0,0,69035,3725,7.94,0.65
592,2026-05-15 19:28:26,5,q3,0,7,169,410,404,3655,3142,611,630,0,0,0,43,250150,0,0,109346792,2841562,39699316,0,0,421,11,11,0,40838,40838,0,0,40838,421,8.91,0.41
593,2026-05-15 19:28:27,5,q4,0,27,571,2176,4580,26764,21890,1991,1940,0,320,0,3533,7499173,0,0,11501312960,9963689,316660942,0,0,256825,248,248,0,22804550,22804550,0,0,22804550,256825,12.3,2.18
594,2026-05-15 19:28:31,5,q5,0,21,670,1388,2294,13776,10715,2444,2387,0,187,0,128,1639446,0,0,835329112,6153996,214063259,0,0,2147,28,28,0,147748,147748,0,0,147748,2147,9.93,1.39
595,2026-05-15 19:28:33,5,q5a,0,24,675,1486,2251,13678,11877,2469,2437,0,196,0,138,1639575,0,0,1374296984,6153996,214063259,0,0,4087,37,37,0,293742,293742,0,0,195780,2837,9.2,1.49
596,2026-05-15 19:28:36,5,q6,0,19,393,611,1161,5197,3962,1394,1430,0,84,0,615,883229,0,0,460560392,3029566,32667367,0,0,2785563,21,21,0,24375915,24375915,0,0,24375915,2785563,8.51,0.61
597,2026-05-15 19:28:38,5,q7,0,9,206,164,488,1091,483,819,805,0,105,0,0,232049,0,0,0,38304,685158,0,0,0,0,0,0,0,0,0,0,0,0,6.65,0.16
598,2026-05-15 19:28:39,5,q8,0,16,326,524,794,2561,1758,1215,1270,0,112,0,24,494133,0,0,1390749344,2970528,44950600,0,0,3511,8,8,0,60593,60593,0,0,60593,3511,4.89,0.52
599,2026-05-15 19:28:40,5,q9,0,17,386,538,2101,5699,3967,1134,1220,0,90,0,9,250204,0,0,0,14403056,290460806,0,0,80,80,80,0,6668,6668,0,0,6668,80,10.59,0.54
600,2026-05-15 19:28:42,5,q10,0,19,409,1334,2311,8869,7569,1340,1436,3,7,0,484,28184438,0,0,680777184,7002647,79832352,0,0,287659,23,23,0,2088598,2088598,0,0,2088598,287659,6.65,1.33
601,2026-05-15 19:28:44,5,q10a,0,17,408,1169,1652,5166,4423,1400,1475,2,288,0,448,28184438,0,0,679204896,7002647,79832352,0,0,283274,23,23,0,2090399,2090399,0,0,2090399,283274,4.42,1.17
602,2026-05-15 19:28:47,5,q11,0,19,429,1475,2619,16741,13817,1441,1454,0,240,0,2149,7499173,0,0,7600607896,7080193,186376048,0,0,119522,154,154,0,12153105,12153105,0,0,12153105,119522,11.35,1.48
603,2026-05-15 19:28:49,5,q12,0,5,103,93,137,607,421,383,405,0,0,0,0,232049,0,0,0,20002,400413,0,0,0,0,0,0,0,0,0,0,0,0,6.53,0.09
604,2026-05-15 19:28:50,5,q13,0,11,257,217,855,1416,791,1093,1018,0,105,0,0,232694,0,0,0,77217,1001042,0,0,0,0,0,0,0,0,0,0,0,0,6.53,0.22
605,2026-05-15 19:28:52,5,q14a,0,46,1016,4314,5240,31637,26386,3452,3540,0,949,0,3392,370215,0,0,4805623368,14867536,327772074,0,0,6395099,223,223,0,89742068,89742068,0,0,88613364,6367683,7.33,4.31
606,2026-05-15 19:28:58,5,q14b,0,40,963,2828,5628,26710,22771,3398,3433,16,576,0,2298,380881,0,0,2541233120,12852304,249277213,0,0,6909851,170,170,0,94909417,94909417,0,0,50824768,4159540,9.44,2.83
607,2026-05-15 19:29:02,5,q14,0,40,962,2481,5018,22392,19264,3333,3448,7,415,0,2107,380322,0,0,2339808296,12852304,249277213,0,0,6880896,153,153,0,93688037,93688037,0,0,49603388,4130585,9.03,2.48
608,2026-05-15 19:29:06,5,q15,0,9,221,383,513,3183,2628,792,833,0,96,0,25,1045273,0,0,510207240,1611751,35454722,0,0,317,5,5,0,23134,23134,0,0,23134,317,8.31,0.38
609,2026-05-15 19:29:07,5,q16,0,14,353,993,1438,9467,8158,1162,1235,0,112,0,34,7193516,0,0,1238704384,3097776,86829163,0,0,237,12,12,0,15988,15988,0,0,15988,237,9.53,0.99
610,2026-05-15 19:29:09,5,q17,0,16,420,1204,2723,12812,10068,1461,1487,0,576,0,1111,6343124,0,0,3885150096,4527977,93603141,0,0,1629074,545,545,0,32951985,32951985,0,0,32951985,1629074,10.64,1.2
611,2026-05-15 19:29:11,5,q18,0,12,308,208,970,1180,550,1197,1188,0,36,0,0,842595,0,0,0,188006,2889960,0,0,0,0,0,0,0,0,0,0,0,0,5.67,0.21
612,2026-05-15 19:29:13,5,q18a,0,20,512,277,1965,499,595,2172,2017,0,154,0,0,857079,0,0,0,356010,4430333,0,0,0,0,0,0,0,0,0,0,0,0,1.8,0.28
613,2026-05-15 19:29:14,5,q19,0,13,323,651,1265,5154,4339,1322,1244,0,124,0,36,1045273,0,0,275582184,2938528,47753978,0,0,684,6,6,0,79100,79100,0,0,79100,684,7.92,0.65
614,2026-05-15 19:29:16,5,q20,0,5,103,87,131,507,397,402,399,0,0,0,0,232006,0,0,0,20002,400413,0,0,0,0,0,0,0,0,0,0,0,0,5.83,0.09
615,2026-05-15 19:29:17,5,q21,0,9,220,677,773,6736,6119,863,827,0,64,0,97,250198,0,0,592715840,11783208,46238973,0,0,19565,7,7,0,603756,603756,0,0,603756,19565,9.95,0.68
616,2026-05-15 19:29:19,5,q22,0,10,236,2015,2062,19095,17663,867,853,0,198,0,239,804447,0,0,2321800192,11783210,46297375,0,0,577088,272,272,0,24526389,24526389,0,0,24526389,577088,9.48,2.02
617,2026-05-15 19:29:22,5,q22a,0,14,259,1160,1624,13191,11392,861,899,0,40,0,1291,804447,0,0,6032709848,11783208,46309097,0,0,747912,599,599,0,41169920,41169920,0,0,9603840,171976,11.37,1.16
618,2026-05-15 19:29:24,5,q23a,0,26,627,2188,4994,25843,21876,2166,2170,0,486,0,2713,1169836,0,0,7242482208,10720963,205127396,0,0,4038477,685,685,0,103410490,103410490,0,0,103407953,4038434,11.81,2.19
619,2026-05-15 19:29:27,5,q23b,0,31,699,2048,4570,23286,19550,2451,2420,0,956,0,2489,1169836,0,0,9742290240,10820964,206629776,0,0,4134964,941,941,0,106015088,106015088,0,0,106012551,4134921,11.37,2.05
620,2026-05-15 19:29:31,5,q24,0,9,254,223,790,1251,649,974,989,0,18,0,0,659928,0,0,0,50216,659368,0,0,0,0,0,0,0,0,0,0,0,0,5.61,0.22
621,2026-05-15 19:29:32,5,q24a,0,8,253,225,793,1261,571,1166,1026,0,112,0,0,250022,0,0,0,216,189046,0,0,0,0,0,0,0,0,0,0,0,0,5.6,0.22
622,2026-05-15 19:29:33,5,q24b,0,10,270,174,705,921,743,1128,1019,0,160,0,0,2884056,0,0,0,337730,16319603,0,0,0,0,0,0,0,0,0,0,0,0,5.29,0.17
623,2026-05-15 19:29:34,5,q25,0,16,420,1159,2998,12379,9893,1423,1501,0,187,0,805,6350506,0,0,3885125480,4527977,113234070,0,0,1629074,545,545,0,33140816,33140816,0,0,33140816,1629074,10.68,1.16
624,2026-05-15 19:29:37,5,q26,0,9,206,152,454,921,469,820,817,0,0,0,0,232006,0,0,0,38304,685158,0,0,0,0,0,0,0,0,0,0,0,0,6.06,0.15
625,2026-05-15 19:29:38,5,q27,0,9,206,155,520,843,767,863,820,0,108,0,0,231748,0,0,0,38016,667706,0,0,0,0,0,0,0,0,0,0,0,0,5.44,0.16
626,2026-05-15 19:29:39,5,q27a,0,13,308,216,1055,1139,1153,1179,1250,0,0,0,0,231361,0,0,0,56030,861876,0,0,0,0,0,0,0,0,0,0,0,0,5.27,0.22
627,2026-05-15 19:29:40,5,q28,0,24,408,1430,2694,18854,14475,1183,1271,0,144,0,3559,250204,0,0,6603405008,17283624,364715688,0,0,165937,102,102,0,3549887,3549887,0,0,3549887,165937,13.18,1.43
628,2026-05-15 19:29:43,5,q29,0,18,471,1211,3485,12882,10372,1829,1716,1,160,0,1129,6343167,0,0,3885232920,4547978,94077422,0,0,1629074,545,545,0,32952090,32952090,0,0,32952090,1629074,10.64,1.21
629,2026-05-15 19:29:45,5,q30,0,15,340,575,1055,4447,2012,1221,1211,1,151,0,1372,10380174,0,0,1434644536,357676,27689483,0,0,26097,27,27,0,859700,859700,0,0,859700,26097,7.73,0.57
630,2026-05-15 19:29:47,5,q31,0,29,609,1755,3580,21248,18429,2246,2129,0,196,0,864,773494,0,0,1441333448,10520289,233074704,0,0,21307,45,45,0,1059441,1059441,0,0,1035579,21060,12.11,1.76
631,2026-05-15 19:29:50,5,q32,0,11,237,610,888,6609,5719,840,860,0,60,0,214,247957,0,0,107637432,2921498,94643174,0,0,27026,22,22,0,458939,458939,0,0,458939,27026,10.83,0.61
632,2026-05-15 19:29:51,5,q33,0,6,153,116,282,801,522,580,606,0,0,0,0,232049,0,0,0,20003,407512,0,0,0,0,0,0,0,0,0,0,0,0,6.91,0.12
633,2026-05-15 19:29:53,5,q34,0,8,204,177,570,1216,883,847,821,0,60,0,0,232651,0,0,0,20016,433878,0,0,0,0,0,0,0,0,0,0,0,0,6.87,0.18
634,2026-05-15 19:29:54,5,q35,0,19,409,1146,2060,8252,6339,1367,1426,2,246,0,1264,24076245,0,0,488557656,7002647,79694498,0,0,646325,37,37,0,2861078,2861078,0,0,2861078,646325,7.2,1.15
635,2026-05-15 19:29:56,5,q35a,0,17,408,955,1474,4533,3814,1449,1475,13,120,0,1117,24076245,0,0,489854952,7002647,79694498,0,0,646170,36,36,0,2841586,2841586,0,0,2841586,646170,4.75,0.96
636,2026-05-15 19:29:58,5,q36,0,10,221,755,889,7532,6729,824,841,0,105,0,116,271427,0,0,1248387816,2788526,58101921,0,0,2114,16,16,0,196426,196426,0,0,196426,2114,9.98,0.76
637,2026-05-15 19:30:00,5,q36a,0,13,226,812,918,7572,7319,824,863,0,0,0,136,271427,0,0,1787355688,2788526,58101921,0,0,5681,51,51,0,546396,546396,0,0,195856,2079,9.33,0.81
638,2026-05-15 19:30:02,5,q37,0,9,235,755,842,6310,5404,879,845,0,0,0,15,7327436,0,0,1114065536,13224950,80039372,0,0,7,7,7,0,1771,1771,0,0,1771,7,8.36,0.76
639,2026-05-15 19:30:04,5,q38,0,15,306,1157,1887,13708,10646,1044,1047,16,309,0,1830,2502324,0,0,4130345088,5031845,70788406,0,0,91512,45,45,0,3311891,3311891,0,0,3311891,91512,11.85,1.16
640,2026-05-15 19:30:06,5,q39a,0,17,344,1087,2013,10737,9355,1299,1257,0,104,0,124,250198,0,0,998732104,23548409,91878914,0,0,408323,22,22,0,7904106,7904106,0,0,5311940,273323,9.88,1.09
641,2026-05-15 19:30:08,5,q39b,0,17,344,536,1040,3586,3353,1235,1284,6,80,0,94,250370,0,0,998224200,23548409,91878914,0,0,405136,22,22,0,7794101,7794101,0,0,5201935,270136,6.69,0.54
642,2026-05-15 19:30:10,5,q40,0,11,286,681,968,6286,5554,1056,1056,0,40,0,38,2268770,0,0,659824776,1624023,65594173,0,0,1170,4,4,0,84450,84450,0,0,84450,1170,9.23,0.68
643,2026-05-15 19:30:11,5,q41,0,3,52,153,149,1628,146,230,245,0,0,0,0,232049,0,0,262144,1,87174,0,0,0,0,0,0,0,0,0,0,0,0,10.64,0.15
644,2026-05-15 19:30:13,5,q42,0,7,169,339,349,2930,2314,609,639,0,40,0,29,250150,0,0,105385704,2788513,39578357,0,0,70,7,7,0,6429,6429,0,0,6429,70,8.64,0.34
645,2026-05-15 19:30:14,5,q43,0,7,169,560,584,5722,5174,624,647,0,0,0,36,250150,0,0,105168104,2770525,44267304,0,0,90,15,15,0,9179,9179,0,0,9179,90,10.22,0.56
646,2026-05-15 19:30:16,5,q44,0,11,190,510,523,4143,2995,618,646,0,240,0,524,298111,0,0,754869320,5779209,101128789,0,0,395956,84,84,0,5848047,5848047,0,0,2924977,198008,8.12,0.51
647,2026-05-15 19:30:17,5,q45,0,13,323,510,1035,4102,3415,1277,1233,0,80,0,15,1045273,0,0,1334610920,925589,34789360,0,0,19,7,7,0,1854,1854,0,0,1854,19,8.04,0.51
648,2026-05-15 19:30:19,5,q46,0,13,323,787,1357,7357,6678,1251,1249,0,64,0,194,3116112,0,0,218764392,2927728,66945565,0,0,10081,15,15,0,633895,633895,0,0,633895,10081,9.35,0.79
649,2026-05-15 19:30:21,5,q47,0,15,239,1273,1867,10129,9323,842,885,0,90,0,410,398425,0,0,3011247992,2788526,44995936,0,0,697726,185,185,0,23289550,23289550,0,0,15721431,470167,7.96,1.27
650,2026-05-15 19:30:23,5,q48,0,9,206,184,570,1252,748,845,808,0,65,0,0,232393,0,0,0,70016,962913,0,0,0,0,0,0,0,0,0,0,0,0,6.8,0.18
651,2026-05-15 19:30:24,5,q49,0,19,454,1118,1909,11968,9939,1529,1532,0,80,0,44,250150,0,0,1660824664,5416491,237735042,0,0,170,20,20,0,12378,12378,0,0,12378,170,10.7,1.12
652,2026-05-15 19:30:27,5,q50,0,11,286,998,1326,9447,8741,1088,1066,0,65,0,19,4745147,0,0,1490206824,3121277,56650107,0,0,48,8,8,0,11346,11346,0,0,11346,48,9.47,1.0
653,2026-05-15 19:30:29,5,q51,0,13,225,1142,1576,11890,10478,670,711,0,165,0,1265,250150,0,0,5454259864,3490096,70448222,0,0,2523869,437,437,0,44071202,44071202,0,0,44071202,2523869,10.41,1.14
654,2026-05-15 19:30:31,5,q51a,0,17,255,2461,3482,31239,27210,749,781,0,1007,0,2116,1761626,0,0,13802258224,3490096,70448222,0,0,4889102,812,812,0,84700700,84700700,0,0,61739590,3644888,12.69,2.46
655,2026-05-15 19:30:34,5,q52,0,7,169,381,401,3040,2365,692,637,0,90,0,45,250150,0,0,105385704,2788513,39578357,0,0,610,7,7,0,55737,55737,0,0,55737,610,7.98,0.38
656,2026-05-15 19:30:36,5,q53,0,7,154,144,326,1080,707,611,619,0,0,0,0,232049,0,0,0,20015,505061,0,0,0,0,0,0,0,0,0,0,0,0,7.5,0.14
657,2026-05-15 19:30:37,5,q54,0,18,411,538,3413,3400,1899,2056,1650,0,384,0,9,1045273,0,0,1048576,210219,2457419,0,0,2,2,2,0,118,118,0,0,118,2,6.32,0.54
658,2026-05-15 19:30:39,5,q55,0,7,169,405,423,3028,2584,613,641,0,44,0,30,250150,0,0,105385704,2788513,39578357,0,0,434,5,5,0,37903,37903,0,0,37903,434,7.48,0.4
659,2026-05-15 19:30:40,5,q56,0,6,153,119,299,841,513,583,595,0,0,0,0,232049,0,0,0,20003,404876,0,0,0,0,0,0,0,0,0,0,0,0,7.07,0.12
660,2026-05-15 19:30:41,5,q57,0,13,228,954,1269,7042,6233,891,870,0,56,0,327,491406,0,0,1793326632,1479757,48129507,0,0,265282,105,105,0,9446406,9446406,0,0,5213951,148733,7.38,0.95
661,2026-05-15 19:30:43,5,q58,0,17,405,934,1263,8551,7238,1502,1487,0,75,0,76,250150,0,0,658343360,5095945,120443588,0,0,18752,5,5,0,339921,339921,0,0,339921,18752,9.16,0.93
662,2026-05-15 19:30:45,5,q59,0,16,325,587,1319,4485,3738,1198,1278,0,80,0,171,680942,0,0,286765128,2863589,44969087,0,0,9288,34,34,0,330073,330073,0,0,187379,6834,7.64,0.59
663,2026-05-15 19:30:47,5,q60,0,7,154,128,312,849,518,588,599,0,0,0,0,232049,0,0,0,70003,771060,0,0,0,0,0,0,0,0,0,0,0,0,6.63,0.13
664,2026-05-15 19:30:48,5,q61,0,14,309,246,1217,1588,965,1213,1223,0,78,0,0,1045273,0,0,0,170318,1814286,0,0,0,0,0,0,0,0,0,0,0,0,6.46,0.25
665,2026-05-15 19:30:50,5,q62,0,11,271,527,824,4790,3858,1114,1019,0,65,0,136,247399,0,0,1212469480,739643,20152815,0,0,2319,16,16,0,268760,268760,0,0,268760,2319,9.09,0.53
666,2026-05-15 19:30:51,5,q63,0,7,154,140,270,962,679,617,622,0,0,0,0,232049,0,0,0,20015,505061,0,0,0,0,0,0,0,0,0,0,0,0,6.87,0.14
667,2026-05-15 19:30:52,5,q64,0,25,692,537,5327,4214,2522,2558,2606,0,96,0,0,3573624,0,0,0,602573,35371254,0,0,0,0,0,0,0,0,0,0,0,0,7.85,0.54
668,2026-05-15 19:30:54,5,q65,0,15,302,827,1380,8704,7305,1077,1070,0,233,0,731,1710264,0,0,3041683664,5539037,90138287,0,0,785318,155,155,0,17224418,17224418,0,0,17224418,785318,10.52,0.83
669,2026-05-15 19:30:56,5,q66,0,8,204,134,453,802,463,772,793,0,0,0,0,232049,0,0,0,20029,348433,0,0,0,0,0,0,0,0,0,0,0,0,5.99,0.13
670,2026-05-15 19:30:57,5,q67,0,10,237,1391,1508,15480,14515,896,880,0,144,0,447,804447,0,0,3620200528,2788526,50942696,0,0,1265577,272,272,0,75655069,75655069,0,0,75655069,1265577,11.13,1.39
671,2026-05-15 19:31:00,5,q67a,0,18,377,2762,9855,36801,31061,1089,1154,1,288,0,4217,804447,0,0,21356070720,2788526,50942696,0,0,5040026,2406,2406,0,310267339,310267339,0,0,81619171,1338922,13.32,2.76
672,2026-05-15 19:31:04,5,q68,0,13,323,802,1413,7874,6965,1239,1253,0,80,0,92,3116112,0,0,218427752,2927728,82583267,0,0,2221,12,12,0,188810,188810,0,0,188810,2221,9.82,0.8
673,2026-05-15 19:31:06,5,q69,0,19,409,1236,2179,8604,7187,1406,1432,11,198,0,362,27823006,0,0,409430296,7002647,79736068,0,0,239275,19,19,0,2030628,2030628,0,0,2030628,239275,6.96,1.24
674,2026-05-15 19:31:08,5,q70,0,14,289,934,1041,8361,7499,1058,1075,0,0,0,64,250150,0,0,1418427424,5521049,87080133,0,0,75,32,32,0,5530,5530,0,0,5530,75,8.95,0.93
675,2026-05-15 19:31:10,5,q70a,0,17,294,793,879,5663,5257,1185,1098,0,174,0,70,250150,0,0,883653600,5521049,87080133,0,0,80,67,67,0,6897,6897,0,0,3717,50,7.14,0.79
676,2026-05-15 19:31:12,5,q71,0,6,153,125,313,873,526,619,598,0,65,0,0,232350,0,0,0,20003,415390,0,0,0,0,0,0,0,0,0,0,0,0,6.98,0.12
677,2026-05-15 19:31:13,5,q72,0,22,592,868,6937,7787,6117,2128,2209,0,75,0,608,1954496,0,0,0,3691426,62701424,0,0,0,0,0,0,0,0,0,0,48268802,1427675,8.97,0.87
678,2026-05-15 19:31:15,5,q73,0,8,204,170,558,1263,883,788,819,0,0,0,0,232049,0,0,0,20016,433878,0,0,0,0,0,0,0,0,0,0,0,0,7.43,0.17
679,2026-05-15 19:31:16,5,q74,0,19,425,1653,3187,20489,16892,1512,1472,0,80,0,2107,3001190,0,0,5984752472,7080193,155346612,0,0,119522,92,92,0,6335237,6335237,0,0,6335237,119522,12.4,1.65
680,2026-05-15 19:31:19,5,q75,0,11,335,360,1468,3436,2243,1216,1222,0,135,0,0,2794854,0,0,0,256433,28801621,0,0,0,0,0,0,0,0,0,0,0,0,9.54,0.36
681,2026-05-15 19:31:21,5,q76,0,9,300,772,717,7822,6541,1042,1098,0,64,0,491,380855,0,0,3563740088,4542915,105621773,0,0,2845,47,47,0,288862,288862,0,0,288862,2845,10.13,0.77
682,2026-05-15 19:31:22,5,q77,0,23,556,1042,1552,10400,8408,1879,1912,0,80,0,64,250150,0,0,931440160,5422723,193462670,0,0,358,36,36,0,27413,27413,0,0,27413,358,9.98,1.04
683,2026-05-15 19:31:25,5,q77a,0,26,561,1039,1382,8487,6978,1890,1915,0,120,0,74,250150,0,0,1537516864,5422723,193462670,0,0,430,48,48,0,40478,40478,0,0,29256,350,8.17,1.04
684,2026-05-15 19:31:27,5,q78,0,17,467,1659,2679,19898,16547,1537,1545,0,314,0,1069,3066835,0,0,9367067000,5435788,195962176,0,0,872867,493,493,0,22699084,22699084,0,0,22699084,872867,11.99,1.66
685,2026-05-15 19:31:30,5,q79,0,11,272,679,1065,6135,5287,1005,1034,0,48,0,239,2502367,0,0,1147022720,2877727,66051382,0,0,7013,15,15,0,417886,417886,0,0,417886,7013,9.04,0.68
686,2026-05-15 19:31:31,5,q80,0,26,706,1627,4619,17667,14298,2512,2509,0,184,0,91,5925701,0,0,2569332360,5465853,206524019,0,0,1454,17,17,0,126441,126441,0,0,126441,1454,10.86,1.63
687,2026-05-15 19:31:34,5,q80a,0,29,711,1389,3883,13312,11870,2635,2575,0,242,0,79,5925787,0,0,2974082552,5465853,206524019,0,0,2254,27,27,0,206608,206608,0,0,132374,1504,9.58,1.39
688,2026-05-15 19:31:37,5,q81,0,15,340,620,1071,4690,2321,1187,1231,0,147,0,1368,4061421,0,0,1822093480,508538,38051141,0,0,54415,31,31,0,1496687,1496687,0,0,1496687,54415,7.56,0.62
689,2026-05-15 19:31:38,5,q82,0,10,247,637,849,6155,5090,800,837,0,0,0,455,250204,0,0,322971168,14663806,79014239,0,0,475046,206,206,0,12560612,12560612,0,0,12560612,2880440,9.66,0.64
690,2026-05-15 19:31:40,5,q83,0,17,405,699,623,3790,2188,1469,1455,0,90,0,111,249968,0,0,524802200,727958,46158441,0,0,4535,11,11,0,161459,161459,0,0,161459,4535,5.42,0.7
691,2026-05-15 19:31:42,5,q84,0,13,324,648,1067,1801,660,1223,1198,0,172,0,0,9751042,0,0,204944448,2365739,26285942,0,0,25,1,1,0,966,966,0,0,966,25,2.78,0.65
692,2026-05-15 19:31:44,5,q85,0,13,372,307,1473,2503,1329,1434,1401,0,170,0,0,2448864,0,0,0,92064,11156026,0,0,0,0,0,0,0,0,0,0,0,0,8.15,0.31
693,2026-05-15 19:31:45,5,q86,0,8,170,400,403,3117,2574,640,644,0,0,0,146,271427,0,0,1231609192,757586,32573325,0,0,2016,16,16,0,174839,174839,0,0,174839,2016,7.79,0.4
694,2026-05-15 19:31:46,5,q86a,0,11,175,487,464,3436,2336,630,657,0,80,0,281,271427,0,0,1837685776,757586,32573325,0,0,5717,54,54,0,507351,507351,0,0,181881,2091,7.06,0.49
695,2026-05-15 19:31:48,5,q87,0,15,306,1203,1930,13636,11011,1035,1036,0,272,0,1663,2502324,0,0,4130345088,5031845,70788406,0,0,138558,45,45,0,4440028,4440028,0,0,4440028,138558,11.33,1.2
696,2026-05-15 19:31:50,5,q88,0,44,1046,1716,5643,18506,14991,3691,3545,0,317,0,15,250376,0,0,411870208,23252054,257923937,0,0,128,128,128,0,7538,7538,0,0,7538,128,10.78,1.72
697,2026-05-15 19:31:53,5,q89,0,7,154,142,336,1075,709,605,618,0,0,0,0,232049,0,0,0,20015,439525,0,0,0,0,0,0,0,0,0,0,0,0,7.57,0.14
698,2026-05-15 19:31:54,5,q90,0,14,338,499,884,4695,3786,1210,1218,0,80,0,3,248087,0,0,103555328,1486432,39981740,0,0,32,32,32,0,1885,1885,0,0,1885,32,9.41,0.5
699,2026-05-15 19:31:56,5,q91,0,12,307,244,1189,1660,884,1229,1213,0,40,0,0,232565,0,0,0,77212,853287,0,0,0,0,0,0,0,0,0,0,0,0,6.8,0.24
700,2026-05-15 19:31:57,5,q92,0,11,237,486,667,5081,4322,837,863,0,0,0,160,247399,0,0,107651768,1477170,65019957,0,0,16290,21,21,0,307740,307740,0,0,307740,16290,10.45,0.49
701,2026-05-15 19:31:59,5,q93,0,4,102,100,125,382,158,377,401,0,0,0,0,250022,0,0,0,201,74729,0,0,0,0,0,0,0,0,0,0,0,0,3.82,0.1
702,2026-05-15 19:32:00,5,q94,0,10,270,242,810,2048,1178,945,968,0,0,0,0,3560443,0,0,0,789791,16628494,0,0,0,0,0,0,0,0,0,0,0,0,8.46,0.24
703,2026-05-15 19:32:01,5,q95,0,12,336,488,2375,5402,3867,1411,1239,3,140,0,602,3570531,0,0,0,1509371,56549713,0,0,0,0,0,0,0,0,0,0,15806950,719067,11.07,0.49
704,2026-05-15 19:32:03,5,q96,0,9,220,344,467,2891,2272,769,804,0,0,0,1,250204,0,0,51086464,2907819,32275559,0,0,16,16,16,0,941,941,0,0,941,16,8.4,0.34
705,2026-05-15 19:32:04,5,q97,0,8,194,880,1026,9332,8133,662,657,0,155,0,750,250795,0,0,4642400160,4212260,63848862,0,0,840662,290,290,0,10313062,10313062,0,0,10313062,840662,10.6,0.88
706,2026-05-15 19:32:06,5,q98,0,5,103,88,131,551,421,408,422,0,0,0,0,232049,0,0,0,20002,400413,0,0,0,0,0,0,0,0,0,0,0,0,6.26,0.09
707,2026-05-15 19:32:07,5,q99,0,11,271,733,1046,7445,5900,1073,1040,0,24,0,93,247742,0,0,1145357568,1461783,34474008,0,0,1350,15,15,0,166470,166470,0,0,166470,1350,10.16,0.73
708,2026-05-15 19:32:09,6,q1,0,13,289,538,854,4476,3258,986,1032,0,0,0,937,1022096,0,0,1871028520,675419,33274439,0,0,107715,31,31,0,2198679,2198679,0,0,2198679,107715,8.32,0.54
709,2026-05-15 19:32:11,6,q2,0,14,290,620,772,4774,4100,1066,1106,0,30,0,163,680942,0,0,435904744,2274384,66535822,0,0,5419,98,98,0,182439,182439,0,0,69035,3725,7.7,0.62
710,2026-05-15 19:32:12,6,q3,0,7,169,431,432,3606,2753,844,635,5,64,0,42,250150,0,0,109346792,2841562,39699316,0,0,421,11,11,0,40838,40838,0,0,40838,421,8.37,0.43
711,2026-05-15 19:32:14,6,q4,0,27,571,2249,4899,27607,21832,1986,1947,0,446,0,3455,7499173,0,0,11501312960,9963689,316660942,0,0,256825,248,248,0,22804550,22804550,0,0,22804550,256825,12.28,2.25
712,2026-05-15 19:32:17,6,q5,0,21,670,1427,2315,14484,10876,2275,2385,0,96,0,135,1639446,0,0,835329112,6153996,214063259,0,0,2147,28,28,0,147748,147748,0,0,147748,2147,10.15,1.43
713,2026-05-15 19:32:20,6,q5a,0,24,675,1380,2110,12183,10228,2393,2414,0,238,0,152,1639446,0,0,1374296984,6153996,214063259,0,0,4087,37,37,0,293742,293742,0,0,195780,2837,8.83,1.38
714,2026-05-15 19:32:22,6,q6,0,19,393,622,1137,5156,4008,1462,1429,0,52,0,566,883229,0,0,460560392,3029566,32667367,0,0,2785563,21,21,0,24375915,24375915,0,0,24375915,2785563,8.29,0.62
715,2026-05-15 19:32:24,6,q7,0,9,206,159,483,1065,495,811,812,0,0,0,0,232049,0,0,0,38304,685158,0,0,0,0,0,0,0,0,0,0,0,0,6.7,0.16
716,2026-05-15 19:32:25,6,q8,0,16,326,758,1030,5394,4741,1203,1270,0,0,0,24,494133,0,0,1390749344,2970528,44950600,0,0,3511,8,8,0,60593,60593,0,0,60593,3511,7.12,0.76
717,2026-05-15 19:32:27,6,q9,0,17,386,528,2133,5500,3779,1151,1251,0,65,0,10,250204,0,0,0,14403056,290460806,0,0,80,80,80,0,6668,6668,0,0,6668,80,10.42,0.53
718,2026-05-15 19:32:29,6,q10,0,19,409,1331,2379,8631,7174,1347,1428,3,168,0,467,28184438,0,0,680777184,7002647,79832352,0,0,287659,23,23,0,2088598,2088598,0,0,2088598,287659,6.48,1.33
719,2026-05-15 19:32:31,6,q10a,0,17,408,1141,1442,3699,3074,1435,1479,25,258,0,460,28184438,0,0,679204896,7002647,79832352,0,0,283274,23,23,0,2090399,2090399,0,0,2090399,283274,3.24,1.14
720,2026-05-15 19:32:33,6,q11,0,19,429,1572,2896,18274,14169,1494,1500,0,280,0,2395,7499173,0,0,7600607896,7080193,186376048,0,0,119522,154,154,0,12153105,12153105,0,0,12153105,119522,11.62,1.57
721,2026-05-15 19:32:36,6,q12,0,5,103,92,136,611,416,406,414,0,0,0,0,232049,0,0,0,20002,400413,0,0,0,0,0,0,0,0,0,0,0,0,6.64,0.09
722,2026-05-15 19:32:37,6,q13,0,11,257,219,846,1544,794,979,1022,0,96,0,0,232049,0,0,0,77217,1001042,0,0,0,0,0,0,0,0,0,0,0,0,7.05,0.22
723,2026-05-15 19:32:38,6,q14a,0,46,1016,4473,5145,34174,28995,3510,3521,0,719,0,3299,370215,0,0,4805623368,14867536,327772074,0,0,6395099,223,223,0,89742068,89742068,0,0,88613364,6367683,7.64,4.47
724,2026-05-15 19:32:45,6,q14b,0,40,963,2813,5575,26938,23142,3431,3464,0,565,0,2126,380451,0,0,2541233120,12852304,249277213,0,0,6909851,170,170,0,94909417,94909417,0,0,50824768,4159540,9.58,2.81
725,2026-05-15 19:32:49,6,q14,0,40,962,2545,5098,23630,20602,3312,3439,0,366,0,2030,380322,0,0,2339808296,12852304,249277213,0,0,6880896,153,153,0,93688037,93688037,0,0,49603388,4130585,9.28,2.54
726,2026-05-15 19:32:53,6,q15,0,9,221,617,753,5667,5159,820,848,0,0,0,22,1045273,0,0,510207240,1611751,35454722,0,0,317,5,5,0,23134,23134,0,0,23134,317,9.18,0.62
727,2026-05-15 19:32:54,6,q16,0,14,353,919,1400,8165,6852,1377,1251,0,90,0,36,7192957,0,0,1238704384,3097776,86829163,0,0,237,12,12,0,15988,15988,0,0,15988,237,8.88,0.92
728,2026-05-15 19:32:56,6,q17,0,16,420,1185,2590,12710,10776,1503,1488,18,120,0,973,6343124,0,0,3885150096,4527977,93603141,0,0,1629074,545,545,0,32951985,32951985,0,0,32951985,1629074,10.73,1.18
729,2026-05-15 19:32:59,6,q18,0,11,306,209,869,1162,515,1226,1187,0,84,0,0,232178,0,0,0,88006,1184632,0,0,0,0,0,0,0,0,0,0,0,0,5.56,0.21
730,2026-05-15 19:33:00,6,q18a,0,20,512,272,2012,553,591,2079,1997,6,159,0,0,857079,0,0,0,356010,4430333,0,0,0,0,0,0,0,0,0,0,0,0,2.03,0.27
731,2026-05-15 19:33:01,6,q19,0,13,323,598,1157,5011,4201,1209,1240,0,40,0,41,1045273,0,0,275582184,2938528,47753978,0,0,684,6,6,0,79100,79100,0,0,79100,684,8.38,0.6
732,2026-05-15 19:33:03,6,q20,0,5,103,90,138,578,405,400,403,0,0,0,0,232049,0,0,0,20002,400413,0,0,0,0,0,0,0,0,0,0,0,0,6.42,0.09
733,2026-05-15 19:33:04,6,q21,0,9,220,808,916,7544,6755,787,833,0,96,0,86,250198,0,0,592715840,11783208,46238973,0,0,19565,7,7,0,603756,603756,0,0,603756,19565,9.34,0.81
734,2026-05-15 19:33:06,6,q22,0,10,236,2017,2091,20020,18561,858,856,0,121,0,258,804447,0,0,2321800192,11783210,46297375,0,0,577088,272,272,0,24526389,24526389,0,0,24526389,577088,9.93,2.02
735,2026-05-15 19:33:09,6,q22a,0,14,259,1214,1698,13695,11705,861,912,0,128,0,1481,804447,0,0,6032709848,11783208,46309097,0,0,747912,599,599,0,41169920,41169920,0,0,9603840,171976,11.28,1.21
736,2026-05-15 19:33:11,6,q23a,0,26,627,2134,4956,25299,21322,2041,2162,12,356,0,2876,1169836,0,0,7242482208,10720963,205127396,0,0,4038477,685,685,0,103410490,103410490,0,0,103407953,4038434,11.86,2.13
737,2026-05-15 19:33:15,6,q23b,0,31,699,2139,5230,24238,19729,2668,2449,15,1051,0,2755,1169836,0,0,9742290240,10820964,206629776,0,0,4134964,941,941,0,106015088,106015088,0,0,106012551,4134921,11.33,2.14
738,2026-05-15 19:33:18,6,q24,0,9,254,229,809,1329,652,1036,992,0,60,0,0,659928,0,0,0,50216,659368,0,0,0,0,0,0,0,0,0,0,0,0,5.8,0.23
739,2026-05-15 19:33:19,6,q24a,0,8,253,170,578,742,561,978,1013,0,0,0,0,250022,0,0,0,216,189046,0,0,0,0,0,0,0,0,0,0,0,0,4.36,0.17
740,2026-05-15 19:33:20,6,q24b,0,9,254,154,571,506,543,984,1019,0,0,0,0,405606,0,0,0,50216,392096,0,0,0,0,0,0,0,0,0,0,0,0,3.29,0.15
741,2026-05-15 19:33:22,6,q25,0,16,420,1281,3481,14154,11100,1739,1517,2,576,0,1091,6350506,0,0,3885125480,4527977,113234070,0,0,1629074,545,545,0,33140816,33140816,0,0,33140816,1629074,11.05,1.28
742,2026-05-15 19:33:24,6,q26,0,9,206,156,485,955,490,835,822,0,50,0,0,232479,0,0,0,38304,685158,0,0,0,0,0,0,0,0,0,0,0,0,6.12,0.16
743,2026-05-15 19:33:25,6,q27,0,9,206,142,477,788,771,791,823,0,0,0,0,231361,0,0,0,38016,667706,0,0,0,0,0,0,0,0,0,0,0,0,5.55,0.14
744,2026-05-15 19:33:26,6,q27a,0,13,308,220,1084,1144,1132,1245,1232,0,90,0,0,231361,0,0,0,56030,861876,0,0,0,0,0,0,0,0,0,0,0,0,5.2,0.22
745,2026-05-15 19:33:28,6,q28,0,24,408,1427,2658,18839,14522,1227,1292,0,192,0,3552,250247,0,0,6603405008,17283624,364715688,0,0,165937,102,102,0,3549887,3549887,0,0,3549887,165937,13.2,1.43
746,2026-05-15 19:33:30,6,q29,0,18,471,1093,3013,11304,9269,1708,1713,0,64,0,1108,6343167,0,0,3885232920,4547978,94077422,0,0,1629074,545,545,0,32952090,32952090,0,0,32952090,1629074,10.34,1.09
747,2026-05-15 19:33:32,6,q30,0,15,340,513,951,3429,2127,1281,1231,1,103,0,695,10380174,0,0,1434644536,357676,27689483,0,0,26097,27,27,0,859700,859700,0,0,859700,26097,6.68,0.51
748,2026-05-15 19:33:34,6,q31,0,29,609,1733,3522,20914,17957,2116,2135,0,217,0,737,773451,0,0,1508589744,10520289,233074704,0,0,23445,52,52,0,1179710,1179710,0,0,1035579,21060,12.07,1.73
749,2026-05-15 19:33:37,6,q32,0,11,237,585,924,6670,5676,823,841,0,112,0,145,247570,0,0,107637432,2921498,94643174,0,0,27026,22,22,0,458939,458939,0,0,458939,27026,11.4,0.58
750,2026-05-15 19:33:39,6,q33,0,7,154,126,299,849,527,605,622,0,0,0,0,232092,0,0,0,70003,771060,0,0,0,0,0,0,0,0,0,0,0,0,6.74,0.13
751,2026-05-15 19:33:40,6,q34,0,8,204,183,598,1339,884,846,814,0,98,0,0,232049,0,0,0,20016,433878,0,0,0,0,0,0,0,0,0,0,0,0,7.32,0.18
752,2026-05-15 19:33:41,6,q35,0,19,409,1136,1980,7594,5950,1349,1413,2,168,0,1134,24076245,0,0,488557656,7002647,79694498,0,0,646325,37,37,0,2861078,2861078,0,0,2861078,646325,6.68,1.14
753,2026-05-15 19:33:43,6,q35a,0,17,408,964,1489,4376,3668,1551,1458,10,254,0,954,24076245,0,0,489854952,7002647,79694498,0,0,646170,36,36,0,2841586,2841586,0,0,2841586,646170,4.54,0.96
754,2026-05-15 19:33:45,6,q36,0,10,221,728,859,7448,6810,916,856,0,96,0,129,271427,0,0,1248387816,2788526,58101921,0,0,2114,16,16,0,196426,196426,0,0,196426,2114,10.23,0.73
755,2026-05-15 19:33:47,6,q36a,0,13,226,810,914,7697,7396,833,868,0,66,0,183,271427,0,0,1787355688,2788526,58101921,0,0,5681,51,51,0,546396,546396,0,0,195856,2079,9.5,0.81
756,2026-05-15 19:33:49,6,q37,0,9,235,665,809,5829,4972,832,862,0,0,0,15,7327436,0,0,1114065536,13224950,80039372,0,0,7,7,7,0,1771,1771,0,0,1771,7,8.77,0.66
757,2026-05-15 19:33:51,6,q38,0,15,306,1135,1840,13288,10589,1029,1024,0,208,0,1880,2502324,0,0,4130345088,5031845,70788406,0,0,91512,45,45,0,3311891,3311891,0,0,3311891,91512,11.71,1.14
758,2026-05-15 19:33:53,6,q39a,0,17,344,1279,2309,13238,12121,1230,1236,6,49,0,124,250542,0,0,998732104,23548409,91878914,0,0,408323,22,22,0,7904106,7904106,0,0,5311940,273323,10.35,1.28
759,2026-05-15 19:33:55,6,q39b,0,18,344,529,1005,3318,2999,1277,1282,0,112,0,115,250198,0,0,859804024,23548409,91878914,0,0,276476,19,19,0,5399937,5399937,0,0,5300936,273306,6.27,0.53
760,2026-05-15 19:33:57,6,q40,0,11,286,628,942,5114,4315,1052,1049,0,98,0,35,2268770,0,0,659824776,1624023,65594173,0,0,1170,4,4,0,84450,84450,0,0,84450,1170,8.14,0.63
761,2026-05-15 19:33:58,6,q41,0,3,52,154,149,1620,145,236,245,0,0,0,0,232092,0,0,262144,1,87174,0,0,0,0,0,0,0,0,0,0,0,0,10.52,0.15
762,2026-05-15 19:34:00,6,q42,0,7,169,337,344,2806,2165,717,636,0,112,0,18,250150,0,0,105385704,2788513,39578357,0,0,70,7,7,0,6429,6429,0,0,6429,70,8.33,0.34
763,2026-05-15 19:34:01,6,q43,0,7,169,543,570,5820,5122,632,661,0,112,0,34,250150,0,0,105168104,2770525,44267304,0,0,90,15,15,0,9179,9179,0,0,9179,90,10.72,0.54
764,2026-05-15 19:34:03,6,q44,0,11,190,489,501,3785,2907,629,655,0,0,0,574,298111,0,0,754869320,5779209,101128789,0,0,395956,84,84,0,5848047,5848047,0,0,2924977,198008,7.74,0.49
765,2026-05-15 19:34:04,6,q45,0,13,323,501,1069,4193,3532,1311,1251,0,120,0,14,1045273,0,0,1334610920,925589,34789360,0,0,19,7,7,0,1854,1854,0,0,1854,19,8.37,0.5
766,2026-05-15 19:34:06,6,q46,0,13,323,900,1516,9162,8248,1207,1242,0,128,0,208,3116112,0,0,218764392,2927728,66945565,0,0,10081,15,15,0,633895,633895,0,0,633895,10081,10.18,0.9
767,2026-05-15 19:34:08,6,q47,0,15,239,1198,1825,8790,7992,834,877,8,128,0,411,398425,0,0,3011247992,2788526,44995936,0,0,697726,185,185,0,23289550,23289550,0,0,15721431,470167,7.34,1.2
768,2026-05-15 19:34:10,6,q48,0,8,205,167,492,1191,744,815,816,0,0,0,0,232049,0,0,0,20016,445895,0,0,0,0,0,0,0,0,0,0,0,0,7.13,0.17
769,2026-05-15 19:34:11,6,q49,0,19,454,1027,1728,10629,8632,1662,1541,9,371,0,47,250494,0,0,1660824664,5416491,237735042,0,0,170,20,20,0,12378,12378,0,0,12378,170,10.35,1.03
770,2026-05-15 19:34:14,6,q50,0,11,286,1014,1354,10084,9197,1100,1072,5,189,0,17,4745190,0,0,1490206824,3121277,56650107,0,0,48,8,8,0,11346,11346,0,0,11346,48,9.94,1.01
771,2026-05-15 19:34:16,6,q51,0,13,225,1033,1400,10382,9075,685,709,0,80,0,1279,250322,0,0,5454259864,3490096,70448222,0,0,2523869,437,437,0,44071202,44071202,0,0,44071202,2523869,10.05,1.03
772,2026-05-15 19:34:18,6,q51a,0,17,255,2533,3487,31111,27328,857,782,0,1062,0,1880,1761540,0,0,13802258224,3490096,70448222,0,0,4889102,812,812,0,84700700,84700700,0,0,61739590,3644888,12.28,2.53
773,2026-05-15 19:34:21,6,q52,0,7,169,546,556,5458,4914,675,631,0,64,0,37,250150,0,0,105385704,2788513,39578357,0,0,610,7,7,0,55737,55737,0,0,55737,610,10.0,0.55
774,2026-05-15 19:34:23,6,q53,0,7,154,151,347,1123,704,675,621,0,60,0,0,232049,0,0,0,20015,505061,0,0,0,0,0,0,0,0,0,0,0,0,7.44,0.15
775,2026-05-15 19:34:24,6,q54,0,18,411,449,2714,2602,1879,1642,1642,0,80,0,6,1045273,0,0,1048576,210219,2457419,0,0,2,2,2,0,118,118,0,0,118,2,5.8,0.45
776,2026-05-15 19:34:26,6,q55,0,7,169,385,405,3131,2772,619,630,0,0,0,27,250150,0,0,105385704,2788513,39578357,0,0,434,5,5,0,37903,37903,0,0,37903,434,8.13,0.38
777,2026-05-15 19:34:27,6,q56,0,6,153,124,318,928,515,622,604,1,96,0,0,232092,0,0,0,20003,404876,0,0,0,0,0,0,0,0,0,0,0,0,7.48,0.12
778,2026-05-15 19:34:28,6,q57,0,13,228,809,1099,5537,4557,871,863,0,44,0,387,578569,0,0,1793326632,1479757,48129507,0,0,265282,105,105,0,9446406,9446406,0,0,5213951,148733,6.84,0.81
779,2026-05-15 19:34:30,6,q58,0,17,405,729,852,5162,3752,1510,1511,0,140,0,75,250150,0,0,658343360,5095945,120443588,0,0,18752,5,5,0,339921,339921,0,0,339921,18752,7.08,0.73
780,2026-05-15 19:34:32,6,q59,0,16,325,574,1322,4274,3640,1266,1269,0,75,0,155,680942,0,0,286765128,2863589,44969087,0,0,9288,34,34,0,330073,330073,0,0,187379,6834,7.45,0.57
781,2026-05-15 19:34:34,6,q60,0,6,153,129,327,896,530,644,595,0,70,0,0,232651,0,0,0,20003,407512,0,0,0,0,0,0,0,0,0,0,0,0,6.95,0.13
782,2026-05-15 19:34:35,6,q61,0,14,309,247,1197,1528,947,1190,1215,0,10,0,0,1045316,0,0,0,170318,1814286,0,0,0,0,0,0,0,0,0,0,0,0,6.19,0.25
783,2026-05-15 19:34:36,6,q62,0,11,271,508,763,4629,3795,1003,1034,0,0,0,129,247399,0,0,1212469480,739643,20152815,0,0,2319,16,16,0,268760,268760,0,0,268760,2319,9.11,0.51
784,2026-05-15 19:34:38,6,q63,0,7,154,148,285,1025,710,728,631,0,96,0,0,232049,0,0,0,20015,505061,0,0,0,0,0,0,0,0,0,0,0,0,6.93,0.15
785,2026-05-15 19:34:39,6,q64,0,26,694,555,5763,4255,2532,2680,2606,0,202,0,0,3573667,0,0,0,702573,37262514,0,0,0,0,0,0,0,0,0,0,0,0,7.67,0.56
786,2026-05-15 19:34:41,6,q65,0,15,302,948,1595,10560,9000,1038,1069,0,400,0,801,1710264,0,0,3041683664,5539037,90138287,0,0,785318,155,155,0,17224418,17224418,0,0,17224418,785318,11.14,0.95
787,2026-05-15 19:34:43,6,q66,0,8,204,137,467,858,463,767,779,0,0,0,0,232092,0,0,0,20029,348433,0,0,0,0,0,0,0,0,0,0,0,0,6.26,0.14
788,2026-05-15 19:34:44,6,q67,0,10,237,1339,1469,14146,13188,879,889,0,264,0,360,804447,0,0,3620200528,2788526,50942696,0,0,1265577,272,272,0,75655069,75655069,0,0,75655069,1265577,10.56,1.34
789,2026-05-15 19:34:47,6,q67a,0,18,377,2873,10675,38546,32026,1092,1159,0,368,0,4306,804447,0,0,21356070720,2788526,50942696,0,0,5040026,2406,2406,0,310267339,310267339,0,0,81619171,1338922,13.42,2.87
790,2026-05-15 19:34:51,6,q68,0,13,323,771,1387,7777,6968,1251,1251,0,80,0,96,3116112,0,0,218427752,2927728,82583267,0,0,2221,12,12,0,188810,188810,0,0,188810,2221,10.09,0.77
791,2026-05-15 19:34:53,6,q69,0,19,409,1253,2197,8394,7024,1380,1438,3,176,0,395,27823006,0,0,409430296,7002647,79736068,0,0,239275,19,19,0,2030628,2030628,0,0,2030628,239275,6.7,1.25
792,2026-05-15 19:34:55,6,q70,0,14,289,943,1046,8767,7861,1035,1097,0,0,0,62,250150,0,0,1418427424,5521049,87080133,0,0,75,32,32,0,5530,5530,0,0,5530,75,9.3,0.94
793,2026-05-15 19:34:57,6,q70a,0,17,294,807,881,5916,5464,1054,1094,0,112,0,68,250150,0,0,883653600,5521049,87080133,0,0,80,67,67,0,6897,6897,0,0,3717,50,7.33,0.81
794,2026-05-15 19:34:59,6,q71,0,7,154,130,314,871,518,669,613,10,75,0,0,232479,0,0,0,38003,785696,0,0,0,0,0,0,0,0,0,0,0,0,6.7,0.13
795,2026-05-15 19:35:00,6,q72,0,22,592,953,6195,8800,7058,2173,2194,0,70,0,628,1954496,0,0,0,3691426,62701424,0,0,0,0,0,0,0,0,0,0,48268802,1427675,9.23,0.95
796,2026-05-15 19:35:02,6,q73,0,8,204,180,596,1267,865,843,808,0,65,0,0,232049,0,0,0,20016,433878,0,0,0,0,0,0,0,0,0,0,0,0,7.04,0.18
797,2026-05-15 19:35:03,6,q74,0,19,425,1564,2927,19117,15708,1445,1478,0,112,0,2133,3001190,0,0,5984752472,7080193,155346612,0,0,119522,92,92,0,6335237,6335237,0,0,6335237,119522,12.22,1.56
798,2026-05-15 19:35:06,6,q75,0,11,335,342,1404,3138,2180,1167,1229,0,0,0,0,2794854,0,0,0,256433,28801621,0,0,0,0,0,0,0,0,0,0,0,0,9.18,0.34
799,2026-05-15 19:35:07,6,q76,0,9,300,664,601,5925,4931,1071,1104,0,96,0,424,380855,0,0,3563740088,4542915,105621773,0,0,2845,47,47,0,288862,288862,0,0,288862,2845,8.92,0.66
800,2026-05-15 19:35:09,6,q77,0,23,556,1187,1806,12482,10616,1972,1924,0,177,0,70,250150,0,0,931440160,5422723,193462670,0,0,358,36,36,0,27413,27413,0,0,27413,358,10.52,1.19
801,2026-05-15 19:35:11,6,q77a,0,26,561,1171,1608,10462,9013,1995,1938,0,84,0,73,250534,0,0,1537516864,5422723,193462670,0,0,430,48,48,0,40478,40478,0,0,29256,350,8.93,1.17
802,2026-05-15 19:35:14,6,q78,0,17,467,1598,2739,20196,16568,1482,1538,0,336,0,1111,3066835,0,0,9367067000,5435788,195962176,0,0,872867,493,493,0,22699084,22699084,0,0,22699084,872867,12.64,1.6
803,2026-05-15 19:35:17,6,q79,0,11,272,755,1132,7845,6960,1017,1036,0,0,0,213,2502367,0,0,1147022720,2877727,66051382,0,0,7013,15,15,0,417886,417886,0,0,417886,7013,10.39,0.76
804,2026-05-15 19:35:18,6,q80,0,26,706,1751,4633,18903,15485,2575,2494,0,272,0,79,5925701,0,0,2569332360,5465853,206524019,0,0,1454,17,17,0,126441,126441,0,0,126441,1454,10.8,1.75
805,2026-05-15 19:35:21,6,q80a,0,29,711,1493,4122,14104,12890,2613,2538,6,218,0,80,5925744,0,0,2974082552,5465853,206524019,0,0,2254,27,27,0,206608,206608,0,0,132374,1504,9.45,1.49
806,2026-05-15 19:35:24,6,q81,0,15,340,612,1047,4724,2409,1198,1244,0,192,0,1260,4061421,0,0,1822093480,508538,38051141,0,0,54415,31,31,0,1496687,1496687,0,0,1496687,54415,7.72,0.61
807,2026-05-15 19:35:26,6,q82,0,10,247,664,890,7113,6108,820,851,0,0,0,406,250204,0,0,322971168,14663806,79014239,0,0,475046,206,206,0,12560612,12560612,0,0,12560612,2880440,10.71,0.66
808,2026-05-15 19:35:27,6,q83,0,17,405,699,619,3865,2225,1397,1455,0,112,0,110,249968,0,0,524802200,727958,46158441,0,0,4535,11,11,0,161459,161459,0,0,161459,4535,5.53,0.7
809,2026-05-15 19:35:29,6,q84,0,13,324,649,1110,2038,850,1221,1214,0,192,0,0,9751042,0,0,204944448,2365739,26285942,0,0,25,1,1,0,966,966,0,0,966,25,3.14,0.65
810,2026-05-15 19:35:31,6,q85,0,13,372,305,1460,2511,1337,1343,1398,0,60,0,0,2448778,0,0,0,92064,11156026,0,0,0,0,0,0,0,0,0,0,0,0,8.23,0.3
811,2026-05-15 19:35:32,6,q86,0,8,170,387,389,2993,2469,613,640,0,0,0,120,271427,0,0,1231609192,757586,32573325,0,0,2016,16,16,0,174839,174839,0,0,174839,2016,7.73,0.39
812,2026-05-15 19:35:34,6,q86a,0,11,175,496,466,3129,2735,623,654,0,55,0,154,271427,0,0,1837685776,757586,32573325,0,0,5717,54,54,0,507351,507351,0,0,181881,2091,6.31,0.5
813,2026-05-15 19:35:35,6,q87,0,15,306,1227,1976,13903,11369,1027,1024,0,84,0,1540,2502324,0,0,4130345088,5031845,70788406,0,0,138558,45,45,0,4440028,4440028,0,0,4440028,138558,11.33,1.23
814,2026-05-15 19:35:38,6,q88,0,44,1046,1924,5711,22002,17779,3577,3552,10,225,0,33,250935,0,0,411870208,23252054,257923937,0,0,128,128,128,0,7538,7538,0,0,7538,128,11.44,1.92
815,2026-05-15 19:35:41,6,q89,0,7,154,137,330,1008,709,619,622,0,0,0,0,232049,0,0,0,20015,439525,0,0,0,0,0,0,0,0,0,0,0,0,7.36,0.14
816,2026-05-15 19:35:42,6,q90,0,14,338,581,993,5737,4090,1238,1222,0,80,0,3,248087,0,0,103555328,1486432,39981740,0,0,32,32,32,0,1885,1885,0,0,1885,32,9.87,0.58
817,2026-05-15 19:35:43,6,q91,0,12,307,232,1137,1619,882,1199,1218,0,0,0,0,232049,0,0,0,77212,853287,0,0,0,0,0,0,0,0,0,0,0,0,6.98,0.23
818,2026-05-15 19:35:45,6,q92,0,11,237,508,715,5424,4690,896,855,0,120,0,167,247399,0,0,107651768,1477170,65019957,0,0,16290,21,21,0,307740,307740,0,0,307740,16290,10.68,0.51
819,2026-05-15 19:35:46,6,q93,0,4,102,86,117,385,159,363,382,0,0,0,0,250022,0,0,0,201,74729,0,0,0,0,0,0,0,0,0,0,0,0,4.48,0.09
820,2026-05-15 19:35:47,6,q94,0,10,270,281,913,2467,1111,1049,995,0,160,0,0,3560572,0,0,0,789791,16628494,0,0,0,0,0,0,0,0,0,0,0,0,8.78,0.28
821,2026-05-15 19:35:49,6,q95,0,12,336,494,2184,5747,4331,1187,1237,0,442,0,708,3570531,0,0,0,1509371,56549713,0,0,0,0,0,0,0,0,0,0,15806950,719067,11.63,0.49
822,2026-05-15 19:35:50,6,q96,0,9,220,334,457,2834,2222,789,822,0,0,0,2,250204,0,0,51086464,2907819,32275559,0,0,16,16,16,0,941,941,0,0,941,16,8.49,0.33
823,2026-05-15 19:35:52,6,q97,0,8,194,941,1144,10292,8686,656,674,0,168,0,718,250150,0,0,4642400160,4212260,63848862,0,0,840662,290,290,0,10313062,10313062,0,0,10313062,840662,10.94,0.94
824,2026-05-15 19:35:54,6,q98,0,5,103,90,133,578,401,401,410,0,0,0,0,232049,0,0,0,20002,400413,0,0,0,0,0,0,0,0,0,0,0,0,6.42,0.09
825,2026-05-15 19:35:55,6,q99,0,11,271,592,923,5634,4914,999,1033,0,0,0,87,247484,0,0,1145357568,1461783,34474008,0,0,1350,15,15,0,166470,166470,0,0,166470,1350,9.52,0.59
826,2026-05-15 19:35:57,7,q1,0,13,289,553,871,4497,3071,1090,1040,0,152,0,1077,1022096,0,0,1871028520,675419,33274439,0,0,107715,31,31,0,2198679,2198679,0,0,2198679,107715,8.13,0.55
827,2026-05-15 19:35:58,7,q2,0,14,290,695,841,5423,4344,1221,1110,0,101,0,147,680942,0,0,435904744,2274384,66535822,0,0,5419,98,98,0,182439,182439,0,0,69035,3725,7.8,0.7
828,2026-05-15 19:36:00,7,q3,0,7,169,331,323,2752,2184,618,647,0,65,0,45,250150,0,0,109346792,2841562,39699316,0,0,421,11,11,0,40838,40838,0,0,40838,421,8.31,0.33
829,2026-05-15 19:36:01,7,q4,0,27,571,2383,5213,29781,22533,1917,1940,0,368,0,4542,7499173,0,0,11501312960,9963689,316660942,0,0,256825,248,248,0,22804550,22804550,0,0,22804550,256825,12.5,2.38
830,2026-05-15 19:36:05,7,q5,0,21,670,1518,2546,15999,13103,2401,2392,4,184,0,132,1639446,0,0,835329112,6153996,214063259,0,0,2147,28,28,0,147748,147748,0,0,147748,2147,10.54,1.52
831,2026-05-15 19:36:08,7,q5a,0,24,675,1341,1997,11699,9761,2294,2430,0,192,0,141,1639446,0,0,1374296984,6153996,214063259,0,0,4087,37,37,0,293742,293742,0,0,195780,2837,8.72,1.34
832,2026-05-15 19:36:10,7,q6,0,19,393,631,1187,5275,4128,1422,1438,0,70,0,588,883229,0,0,460560392,3029566,32667367,0,0,2785563,21,21,0,24375915,24375915,0,0,24375915,2785563,8.36,0.63
833,2026-05-15 19:36:12,7,q7,0,9,206,161,487,1063,484,789,804,0,0,0,0,232049,0,0,0,38304,685158,0,0,0,0,0,0,0,0,0,0,0,0,6.6,0.16
834,2026-05-15 19:36:13,7,q8,0,16,326,952,1243,8120,7468,1296,1271,0,91,0,23,494133,0,0,1390749344,2970528,44950600,0,0,3511,8,8,0,60593,60593,0,0,60593,3511,8.53,0.95
835,2026-05-15 19:36:15,7,q9,0,17,386,533,2091,5470,3815,1189,1215,0,90,0,10,250548,0,0,0,14403056,290460806,0,0,80,80,80,0,6668,6668,0,0,6668,80,10.26,0.53
836,2026-05-15 19:36:17,7,q10,0,19,409,1294,2198,7625,6334,1410,1434,3,54,0,469,28184395,0,0,680777184,7002647,79832352,0,0,287659,23,23,0,2088598,2088598,0,0,2088598,287659,5.89,1.29
837,2026-05-15 19:36:19,7,q10a,0,17,408,1143,1468,3812,3193,1391,1461,2,277,0,455,28184438,0,0,679204896,7002647,79832352,0,0,283274,23,23,0,2090399,2090399,0,0,2090399,283274,3.34,1.14
838,2026-05-15 19:36:21,7,q11,0,19,429,1583,2877,18100,13815,1518,1498,0,427,0,2462,7499173,0,0,7803507280,7080193,186376048,0,0,117951,154,154,0,11937820,11937820,0,0,11937820,117951,11.43,1.58
839,2026-05-15 19:36:24,7,q12,0,5,103,91,134,579,416,399,412,0,0,0,0,232049,0,0,0,20002,400413,0,0,0,0,0,0,0,0,0,0,0,0,6.36,0.09
840,2026-05-15 19:36:25,7,q13,0,11,257,211,820,1393,777,1023,1003,4,56,0,0,232049,0,0,0,77217,1001042,0,0,0,0,0,0,0,0,0,0,0,0,6.6,0.21
841,2026-05-15 19:36:26,7,q14a,0,46,1016,4470,5307,33444,28462,3572,3506,28,607,0,3524,370215,0,0,4805623368,14867536,327772074,0,0,6395099,223,223,0,89742068,89742068,0,0,88613364,6367683,7.48,4.47
842,2026-05-15 19:36:33,7,q14b,0,40,963,2787,5565,26302,22791,3405,3434,0,382,0,2028,380580,0,0,2541233120,12852304,249277213,0,0,6909851,170,170,0,94909417,94909417,0,0,50824768,4159540,9.44,2.79
843,2026-05-15 19:36:37,7,q14,0,40,962,2413,5080,21694,18484,3301,3456,0,688,0,1962,380322,0,0,2339808296,12852304,249277213,0,0,6880896,153,153,0,93688037,93688037,0,0,49603388,4130585,8.99,2.41
844,2026-05-15 19:36:40,7,q15,0,9,221,607,763,5921,5348,813,838,0,64,0,24,1045273,0,0,510207240,1611751,35454722,0,0,317,5,5,0,23134,23134,0,0,23134,317,9.75,0.61
845,2026-05-15 19:36:42,7,q16,0,14,353,907,1477,8534,7244,1211,1237,0,64,0,35,7192871,0,0,1238704384,3097776,86829163,0,0,237,12,12,0,15988,15988,0,0,15988,237,9.41,0.91
846,2026-05-15 19:36:44,7,q17,0,16,420,1170,2549,12055,9737,1479,1505,7,272,0,1033,6343124,0,0,3885150096,4527977,93603141,0,0,1629074,545,545,0,32951985,32951985,0,0,32951985,1629074,10.3,1.17
847,2026-05-15 19:36:46,7,q18,0,11,306,202,905,1126,545,1167,1200,0,0,0,0,232049,0,0,0,88006,1184632,0,0,0,0,0,0,0,0,0,0,0,0,5.57,0.2
848,2026-05-15 19:36:48,7,q18a,0,20,512,278,1878,533,596,2146,2010,0,232,0,0,857079,0,0,0,356010,4430333,0,0,0,0,0,0,0,0,0,0,0,0,1.92,0.28
849,2026-05-15 19:36:49,7,q19,0,13,323,657,1209,5571,4690,1204,1240,0,75,0,49,1045273,0,0,275582184,2938528,47753978,0,0,684,6,6,0,79100,79100,0,0,79100,684,8.48,0.66
850,2026-05-15 19:36:51,7,q20,0,5,103,101,147,570,412,405,410,0,0,0,0,232049,0,0,0,20002,400413,0,0,0,0,0,0,0,0,0,0,0,0,5.64,0.1
851,2026-05-15 19:36:52,7,q21,0,9,220,664,771,6377,5722,776,814,0,0,0,84,250198,0,0,592715840,11783208,46238973,0,0,19565,7,7,0,603756,603756,0,0,603756,19565,9.6,0.66
852,2026-05-15 19:36:54,7,q22,0,10,236,1974,2051,18756,16382,836,855,5,172,0,256,804447,0,0,2321800192,11783210,46297375,0,0,577088,272,272,0,24526389,24526389,0,0,24526389,577088,9.5,1.97
853,2026-05-15 19:36:57,7,q22a,0,14,259,1150,1629,12360,10454,877,902,0,0,0,1436,804447,0,0,6032709848,11783208,46309097,0,0,747912,599,599,0,41169920,41169920,0,0,9603840,171976,10.75,1.15
854,2026-05-15 19:36:59,7,q23a,0,26,627,2247,5132,26752,21313,2368,2175,0,488,0,2884,1169836,0,0,7242482208,10720963,205127396,0,0,4038477,685,685,0,103410490,103410490,0,0,103407953,4038434,11.91,2.25
855,2026-05-15 19:37:02,7,q23b,0,31,699,2157,4569,24916,20785,2444,2411,16,435,0,2809,1169836,0,0,9742290240,10820964,206629776,0,0,4134964,941,941,0,106015088,106015088,0,0,106012551,4134921,11.55,2.16
856,2026-05-15 19:37:05,7,q24,0,10,270,279,1024,2523,1222,1058,1011,0,192,0,0,2884013,0,0,0,337730,16586875,0,0,0,0,0,0,0,0,0,0,0,0,9.04,0.28
857,2026-05-15 19:37:07,7,q24a,0,8,253,167,595,749,556,965,1007,0,0,0,0,250022,0,0,0,216,189046,0,0,0,0,0,0,0,0,0,0,0,0,4.49,0.17
858,2026-05-15 19:37:08,7,q24b,0,9,254,168,633,600,537,1030,1005,6,170,0,0,405606,0,0,0,50216,392096,0,0,0,0,0,0,0,0,0,0,0,0,3.57,0.17
859,2026-05-15 19:37:09,7,q25,0,16,420,1183,3106,12919,10491,1399,1487,0,187,0,958,6350506,0,0,3885125480,4527977,113234070,0,0,1629074,545,545,0,33140816,33140816,0,0,33140816,1629074,10.92,1.18
860,2026-05-15 19:37:12,7,q26,0,9,206,153,456,969,482,791,813,0,0,0,0,232006,0,0,0,38304,685158,0,0,0,0,0,0,0,0,0,0,0,0,6.33,0.15
861,2026-05-15 19:37:13,7,q27,0,9,206,145,487,795,794,879,844,0,65,0,0,231877,0,0,0,38016,667706,0,0,0,0,0,0,0,0,0,0,0,0,5.48,0.14
862,2026-05-15 19:37:14,7,q27a,0,13,308,221,1058,1156,1138,1235,1245,0,96,0,0,231404,0,0,0,56030,861876,0,0,0,0,0,0,0,0,0,0,0,0,5.23,0.22
863,2026-05-15 19:37:15,7,q28,0,24,408,1498,2852,19588,14278,1197,1273,0,199,0,3928,250247,0,0,6603405008,17283624,364715688,0,0,165937,102,102,0,3549887,3549887,0,0,3549887,165937,13.08,1.5
864,2026-05-15 19:37:18,7,q29,0,18,471,1182,3338,12244,9801,1699,1709,0,240,0,1087,6343124,0,0,3885232920,4547978,94077422,0,0,1629074,545,545,0,32952090,32952090,0,0,32952090,1629074,10.36,1.18
865,2026-05-15 19:37:20,7,q30,0,15,340,509,957,3640,2070,1238,1231,1,158,0,791,10380174,0,0,1434644536,357676,27689483,0,0,26097,27,27,0,859700,859700,0,0,859700,26097,7.15,0.51
866,2026-05-15 19:37:22,7,q31,0,29,609,1631,3418,19396,16935,2193,2141,0,144,0,807,773451,0,0,1441333448,10520289,233074704,0,0,21307,45,45,0,1059441,1059441,0,0,1035579,21060,11.89,1.63
867,2026-05-15 19:37:25,7,q32,0,11,237,573,884,6431,5547,864,854,0,60,0,149,247828,0,0,107637432,2921498,94643174,0,0,27026,22,22,0,458939,458939,0,0,458939,27026,11.22,0.57
868,2026-05-15 19:37:26,7,q33,0,7,154,127,301,823,508,580,598,0,0,0,0,232049,0,0,0,70003,771060,0,0,0,0,0,0,0,0,0,0,0,0,6.48,0.13
869,2026-05-15 19:37:27,7,q34,0,8,204,177,586,1299,891,789,806,0,75,0,0,232350,0,0,0,20016,433878,0,0,0,0,0,0,0,0,0,0,0,0,7.34,0.18
870,2026-05-15 19:37:29,7,q35,0,19,409,1120,1855,7238,5693,1373,1407,6,84,0,1170,24076245,0,0,488557656,7002647,79694498,0,0,646325,37,37,0,2861078,2861078,0,0,2861078,646325,6.46,1.12
871,2026-05-15 19:37:31,7,q35a,0,17,408,976,1540,5050,4116,1398,1457,2,272,0,969,24076245,0,0,489854952,7002647,79694498,0,0,646170,36,36,0,2841586,2841586,0,0,2841586,646170,5.17,0.98
872,2026-05-15 19:37:33,7,q36,0,10,221,762,894,7940,7187,794,842,1,78,0,173,271427,0,0,1248387816,2788526,58101921,0,0,2114,16,16,0,196426,196426,0,0,196426,2114,10.42,0.76
873,2026-05-15 19:37:35,7,q36a,0,13,226,798,898,7526,7335,840,872,0,0,0,139,271427,0,0,1787355688,2788526,58101921,0,0,5681,51,51,0,546396,546396,0,0,195856,2079,9.43,0.8
874,2026-05-15 19:37:37,7,q37,0,9,235,768,903,7011,6068,864,868,0,128,0,15,7327436,0,0,1114065536,13224950,80039372,0,0,7,7,7,0,1771,1771,0,0,1771,7,9.13,0.77
875,2026-05-15 19:37:38,7,q38,0,15,306,1235,1992,14140,11109,1125,1040,5,192,0,1913,2502324,0,0,4130345088,5031845,70788406,0,0,91512,45,45,0,3311891,3311891,0,0,3311891,91512,11.45,1.24
876,2026-05-15 19:37:41,7,q39a,0,17,344,1065,1914,9838,8617,1245,1245,0,96,0,129,250327,0,0,998732104,23548409,91878914,0,0,408323,22,22,0,7904106,7904106,0,0,5311940,273323,9.24,1.06
877,2026-05-15 19:37:43,7,q39b,0,17,344,567,1012,3654,3309,1218,1274,0,96,0,123,250198,0,0,998732104,23548409,91878914,0,0,408184,22,22,0,7891619,7891619,0,0,5292098,273184,6.44,0.57
878,2026-05-15 19:37:44,7,q40,0,11,286,698,989,6873,6062,1022,1061,0,80,0,36,2268770,0,0,659824776,1624023,65594173,0,0,1170,4,4,0,84450,84450,0,0,84450,1170,9.85,0.7
879,2026-05-15 19:37:46,7,q41,0,3,52,153,148,1625,148,243,257,0,0,0,0,232092,0,0,262144,1,87174,0,0,0,0,0,0,0,0,0,0,0,0,10.62,0.15
880,2026-05-15 19:37:48,7,q42,0,7,169,426,437,3729,3155,629,635,0,0,0,18,250150,0,0,105385704,2788513,39578357,0,0,70,7,7,0,6429,6429,0,0,6429,70,8.75,0.43
881,2026-05-15 19:37:49,7,q43,0,7,169,501,532,5090,4462,690,649,0,75,0,36,250150,0,0,105168104,2770525,44267304,0,0,90,15,15,0,9179,9179,0,0,9179,90,10.16,0.5
882,2026-05-15 19:37:51,7,q44,0,11,190,522,534,4215,3309,605,633,0,70,0,534,298111,0,0,754869320,5779209,101128789,0,0,395956,84,84,0,5848047,5848047,0,0,2924977,198008,8.07,0.52
883,2026-05-15 19:37:52,7,q45,0,13,323,472,1006,3928,3280,1180,1253,0,0,0,14,1045273,0,0,1334610920,925589,34789360,0,0,19,7,7,0,1854,1854,0,0,1854,19,8.32,0.47
884,2026-05-15 19:37:54,7,q46,0,13,323,923,1659,9206,8107,1457,1291,0,0,0,205,3116112,0,0,218764392,2927728,66945565,0,0,10081,15,15,0,633895,633895,0,0,633895,10081,9.97,0.92
885,2026-05-15 19:37:56,7,q47,0,15,239,1322,1984,10683,9793,889,885,0,208,0,413,398425,0,0,3011247992,2788526,44995936,0,0,697726,185,185,0,23289550,23289550,0,0,15721431,470167,8.08,1.32
886,2026-05-15 19:37:58,7,q48,0,9,206,177,521,1170,751,846,812,0,70,0,0,232049,0,0,0,70016,962913,0,0,0,0,0,0,0,0,0,0,0,0,6.61,0.18
887,2026-05-15 19:37:59,7,q49,0,19,454,1065,1795,11095,9120,1475,1527,4,60,0,41,250150,0,0,1660824664,5416491,237735042,0,0,170,20,20,0,12378,12378,0,0,12378,170,10.42,1.06
888,2026-05-15 19:38:02,7,q50,0,11,286,1012,1336,9093,8324,1024,1070,0,16,0,18,4745147,0,0,1490206824,3121277,56650107,0,0,48,8,8,0,11346,11346,0,0,11346,48,8.99,1.01
889,2026-05-15 19:38:04,7,q51,0,13,225,1100,1490,11251,9921,674,701,0,80,0,1241,250150,0,0,5454259864,3490096,70448222,0,0,2523869,437,437,0,44071202,44071202,0,0,44071202,2523869,10.23,1.1
890,2026-05-15 19:38:06,7,q51a,0,17,255,2650,3631,32840,28221,749,778,3,1003,0,1628,1761540,0,0,13802258224,3490096,70448222,0,0,4889102,812,812,0,84700700,84700700,0,0,61739590,3644888,12.39,2.65
891,2026-05-15 19:38:10,7,q52,0,7,169,447,458,3676,3110,616,627,0,0,0,39,250150,0,0,105385704,2788513,39578357,0,0,610,7,7,0,55737,55737,0,0,55737,610,8.22,0.45
892,2026-05-15 19:38:11,7,q53,0,7,154,143,319,1073,700,607,613,0,0,0,0,232049,0,0,0,20015,505061,0,0,0,0,0,0,0,0,0,0,0,0,7.5,0.14
893,2026-05-15 19:38:12,7,q54,0,16,409,457,2606,2606,1888,1667,1627,0,160,0,10,1045273,0,0,786432,210219,2457419,0,0,1,1,1,0,59,59,0,0,118,2,5.7,0.46
894,2026-05-15 19:38:14,7,q55,0,7,169,362,370,2905,1950,626,626,0,0,0,30,250150,0,0,105385704,2788513,39578357,0,0,434,5,5,0,37903,37903,0,0,37903,434,8.02,0.36
895,2026-05-15 19:38:15,7,q56,0,7,154,130,305,868,532,601,612,0,0,0,0,232049,0,0,0,70003,768424,0,0,0,0,0,0,0,0,0,0,0,0,6.68,0.13
896,2026-05-15 19:38:16,7,q57,0,13,228,923,1241,6891,6115,858,867,24,56,0,321,578569,0,0,1793326632,1479757,48129507,0,0,265282,105,105,0,9446406,9446406,0,0,5213951,148733,7.47,0.92
897,2026-05-15 19:38:18,7,q58,0,17,405,978,1329,9246,7825,1459,1495,0,80,0,83,250150,0,0,658343360,5095945,120443588,0,0,18752,5,5,0,339921,339921,0,0,339921,18752,9.45,0.98
898,2026-05-15 19:38:21,7,q59,0,16,325,646,1612,4892,3813,1522,1318,0,80,0,171,680942,0,0,286765128,2863589,44969087,0,0,9288,34,34,0,330073,330073,0,0,187379,6834,7.57,0.65
899,2026-05-15 19:38:22,7,q60,0,7,154,141,343,892,523,644,605,23,156,0,0,232780,0,0,0,70003,771060,0,0,0,0,0,0,0,0,0,0,0,0,6.33,0.14
900,2026-05-15 19:38:23,7,q61,0,14,309,239,1165,1573,950,1222,1237,0,0,0,0,1045273,0,0,0,170318,1814286,0,0,0,0,0,0,0,0,0,0,0,0,6.58,0.24
901,2026-05-15 19:38:25,7,q62,0,11,271,571,828,5644,3989,985,1024,5,166,0,289,248044,0,0,1212469480,739643,20152815,0,0,2319,16,16,0,268760,268760,0,0,268760,2319,9.88,0.57
902,2026-05-15 19:38:26,7,q63,0,7,154,140,269,992,700,608,618,0,0,0,0,232049,0,0,0,20015,505061,0,0,0,0,0,0,0,0,0,0,0,0,7.09,0.14
903,2026-05-15 19:38:28,7,q64,0,25,692,602,5748,4945,3102,2743,2614,0,162,0,0,3573667,0,0,0,602573,35371254,0,0,0,0,0,0,0,0,0,0,0,0,8.21,0.6
904,2026-05-15 19:38:30,7,q65,0,15,302,875,1403,9079,7156,1225,1050,0,176,0,772,1710264,0,0,3041683664,5539037,90138287,0,0,785318,155,155,0,17224418,17224418,0,0,17224418,785318,10.38,0.88
905,2026-05-15 19:38:32,7,q66,0,9,205,143,459,815,475,762,792,0,0,0,0,232049,0,0,0,60029,770642,0,0,0,0,0,0,0,0,0,0,0,0,5.7,0.14
906,2026-05-15 19:38:33,7,q67,0,10,237,1658,1817,17970,13543,1108,908,2,840,0,478,804447,0,0,3620200528,2788526,50942696,0,0,1265577,272,272,0,75655069,75655069,0,0,75655069,1265577,10.84,1.66
907,2026-05-15 19:38:36,7,q67a,0,18,377,3015,10551,38508,28887,1398,1256,3,546,0,5214,804447,0,0,21356070720,2788526,50942696,0,0,5040026,2406,2406,0,310267339,310267339,0,0,81619171,1338922,12.77,3.02
908,2026-05-15 19:38:40,7,q68,0,13,323,837,1637,7642,6321,1473,1259,0,128,0,109,3116112,0,0,218427752,2927728,82583267,0,0,2221,12,12,0,188810,188810,0,0,188810,2221,9.13,0.84
909,2026-05-15 19:38:42,7,q69,0,19,409,1419,2457,9049,5877,1614,1463,5,196,0,407,27823006,0,0,409430296,7002647,79736068,0,0,239275,19,19,0,2030628,2030628,0,0,2030628,239275,6.38,1.42
910,2026-05-15 19:38:44,7,q70,0,14,289,1043,1188,9088,7581,1372,1095,1,0,0,67,250150,0,0,1418427424,5521049,87080133,0,0,75,32,32,0,5530,5530,0,0,5530,75,8.71,1.04
911,2026-05-15 19:38:46,7,q70a,0,17,294,1046,1124,8645,7075,1473,1123,1,0,0,69,250150,0,0,883653600,5521049,87080133,0,0,80,67,67,0,6897,6897,0,0,3717,50,8.26,1.05
912,2026-05-15 19:38:49,7,q71,0,6,153,124,309,890,517,647,607,0,60,0,0,232694,0,0,0,20003,415390,0,0,0,0,0,0,0,0,0,0,0,0,7.18,0.12
913,2026-05-15 19:38:50,7,q72,0,22,592,1049,7419,9119,5099,2620,2229,9,636,0,882,1954496,0,0,0,3691426,62701424,0,0,0,0,0,0,0,0,0,0,48268802,1427675,8.69,1.05
914,2026-05-15 19:38:52,7,q73,0,8,204,178,572,1307,866,805,819,0,56,0,0,232049,0,0,0,20016,433878,0,0,0,0,0,0,0,0,0,0,0,0,7.34,0.18
915,2026-05-15 19:38:53,7,q74,0,19,425,1905,3543,23596,15376,1556,1502,0,453,0,3442,3001190,0,0,5984752472,7080193,155346612,0,0,119522,92,92,0,6335237,6335237,0,0,6335237,119522,12.39,1.9
916,2026-05-15 19:38:56,7,q75,0,11,335,442,1930,4204,2188,1493,1250,0,144,0,0,5628752,0,0,0,399880,27530810,0,0,0,0,0,0,0,0,0,0,0,0,9.51,0.44
917,2026-05-15 19:38:58,7,q76,0,9,300,836,778,7397,5160,1239,1122,0,0,0,526,380855,0,0,3563740088,4542915,105621773,0,0,2845,47,47,0,288862,288862,0,0,288862,2845,8.85,0.84
918,2026-05-15 19:39:00,7,q77,0,23,556,1294,1782,11938,7146,2336,1945,3,337,0,81,250150,0,0,931440160,5422723,193462670,0,0,358,36,36,0,27413,27413,0,0,27413,358,9.23,1.29
919,2026-05-15 19:39:02,7,q77a,0,26,561,1443,1937,11513,7832,2505,1959,30,63,0,78,250150,0,0,1537516864,5422723,193462670,0,0,430,48,48,0,40478,40478,0,0,29256,350,7.98,1.44
920,2026-05-15 19:39:05,7,q78,0,17,467,1938,3424,24288,16681,2001,1767,9,330,0,1147,3066835,0,0,9367067000,5435788,195962176,0,0,872867,493,493,0,22699084,22699084,0,0,22699084,872867,12.53,1.94
921,2026-05-15 19:39:08,7,q79,0,11,272,908,1410,9131,7621,1249,1074,2,10,0,191,2502453,0,0,1147022720,2877727,66051382,0,0,7013,15,15,0,417886,417886,0,0,417886,7013,10.06,0.91
922,2026-05-15 19:39:10,7,q80,0,26,706,1793,5244,18903,12570,3054,2555,0,400,0,86,5926346,0,0,2569332360,5465853,206524019,0,0,1454,17,17,0,126441,126441,0,0,126441,1454,10.54,1.79
923,2026-05-15 19:39:13,7,q80a,0,29,711,1694,4480,14864,10885,3103,2598,6,139,0,97,5925787,0,0,2974082552,5465853,206524019,0,0,2254,27,27,0,206608,206608,0,0,132374,1504,8.77,1.69
924,2026-05-15 19:39:16,7,q81,0,15,340,766,1270,5642,2304,1435,1240,0,188,0,1601,4061464,0,0,1822093480,508538,38051141,0,0,54415,31,31,0,1496687,1496687,0,0,1496687,54415,7.37,0.77
925,2026-05-15 19:39:18,7,q82,0,10,247,745,1095,7437,5777,1199,1108,6,12,0,424,250247,0,0,322971168,14663806,79014239,0,0,475046,206,206,0,12560612,12560612,0,0,12560612,2880440,9.98,0.74
926,2026-05-15 19:39:19,7,q83,0,17,405,775,688,4112,2307,1534,1473,0,80,0,113,250374,0,0,524802200,727958,46158441,0,0,4535,11,11,0,161459,161459,0,0,161459,4535,5.31,0.78
927,2026-05-15 19:39:21,7,q84,0,13,324,602,999,1755,856,1173,1196,8,48,0,0,9751042,0,0,204944448,2365739,26285942,0,0,25,1,1,0,966,966,0,0,966,25,2.92,0.6
928,2026-05-15 19:39:23,7,q85,0,12,356,245,1344,1527,654,1457,1402,0,96,0,0,249740,0,0,0,20301,513934,0,0,0,0,0,0,0,0,0,0,0,0,6.23,0.24
929,2026-05-15 19:39:24,7,q86,0,8,170,431,426,3294,2223,624,627,0,80,0,154,271427,0,0,1231609192,757586,32573325,0,0,2016,16,16,0,174839,174839,0,0,174839,2016,7.64,0.43
930,2026-05-15 19:39:26,7,q86a,0,11,175,511,482,3028,2201,730,665,15,0,0,230,271427,0,0,1837685776,757586,32573325,0,0,5717,54,54,0,507351,507351,0,0,181881,2091,5.93,0.51
931,2026-05-15 19:39:27,7,q87,0,15,306,1089,1721,11851,9340,1007,1033,0,96,0,1738,2502324,0,0,4130345088,5031845,70788406,0,0,138558,45,45,0,4440028,4440028,0,0,4440028,138558,10.88,1.09
932,2026-05-15 19:39:30,7,q88,0,44,1046,1738,5393,19595,16298,3590,3562,0,270,0,15,250634,0,0,411870208,23252054,257923937,0,0,128,128,128,0,7538,7538,0,0,7538,128,11.27,1.74
933,2026-05-15 19:39:32,7,q89,0,7,154,142,340,1043,707,600,603,0,0,0,0,232049,0,0,0,20015,439525,0,0,0,0,0,0,0,0,0,0,0,0,7.35,0.14
934,2026-05-15 19:39:34,7,q90,0,14,338,568,1022,5654,4607,1133,1211,0,24,0,3,247399,0,0,103555328,1486432,39981740,0,0,32,32,32,0,1885,1885,0,0,1885,32,9.95,0.57
935,2026-05-15 19:39:35,7,q91,0,12,307,246,1172,1795,884,1218,1212,0,176,0,0,232694,0,0,0,77212,853287,0,0,0,0,0,0,0,0,0,0,0,0,7.3,0.25
936,2026-05-15 19:39:37,7,q92,0,11,237,498,712,4903,3397,991,852,0,105,0,229,247399,0,0,107651768,1477170,65019957,0,0,16290,21,21,0,307740,307740,0,0,307740,16290,9.85,0.5
937,2026-05-15 19:39:38,7,q93,0,4,102,98,180,473,152,585,397,0,0,0,0,250022,0,0,0,201,74729,0,0,0,0,0,0,0,0,0,0,0,0,4.83,0.1
938,2026-05-15 19:39:39,7,q94,0,10,270,268,907,1789,706,1236,988,0,0,0,0,459066,0,0,0,142170,6599328,0,0,0,0,0,0,0,0,0,0,0,0,6.68,0.27
939,2026-05-15 19:39:41,7,q95,0,11,320,516,1906,3070,2169,1423,1255,0,150,0,0,3570531,0,0,0,789987,19868878,0,0,0,0,0,0,0,0,0,0,0,0,5.95,0.52
940,2026-05-15 19:39:42,7,q96,0,9,220,342,454,2450,1588,924,818,0,0,0,1,250204,0,0,51086464,2907819,32275559,0,0,16,16,16,0,941,941,0,0,941,16,7.16,0.34
941,2026-05-15 19:39:44,7,q97,0,8,194,881,1009,9390,8347,623,653,0,90,0,676,250150,0,0,4642400160,4212260,63848862,0,0,840662,290,290,0,10313062,10313062,0,0,10313062,840662,10.66,0.88
942,2026-05-15 19:39:46,7,q98,0,5,103,100,137,610,411,401,414,0,0,0,0,232049,0,0,0,20002,400413,0,0,0,0,0,0,0,0,0,0,0,0,6.1,0.1
943,2026-05-15 19:39:47,7,q99,0,11,271,633,997,5712,4634,1205,1050,0,98,0,94,247484,0,0,1145357568,1461783,34474008,0,0,1350,15,15,0,166470,166470,0,0,166470,1350,9.02,0.63
944,2026-05-15 19:39:48,8,q1,0,13,289,534,843,4337,3064,1031,1044,0,112,0,957,1022096,0,0,1871028520,675419,33274439,0,0,107715,31,31,0,2198679,2198679,0,0,2198679,107715,8.12,0.53
945,2026-05-15 19:39:50,8,q2,0,14,290,656,784,5071,4414,1091,1099,0,60,0,160,680942,0,0,435904744,2274384,66535822,0,0,5419,98,98,0,182439,182439,0,0,69035,3725,7.73,0.66
946,2026-05-15 19:39:52,8,q3,0,7,169,458,455,4075,3061,607,632,3,0,0,45,250150,0,0,109346792,2841562,39699316,0,0,421,11,11,0,40838,40838,0,0,40838,421,8.9,0.46
947,2026-05-15 19:39:53,8,q4,0,27,571,2269,4777,27646,23142,1896,1928,0,217,0,3211,7499173,0,0,11501312960,9963689,316660942,0,0,256825,248,248,0,22804550,22804550,0,0,22804550,256825,12.18,2.27
948,2026-05-15 19:39:57,8,q5,0,21,670,1463,2433,15103,12198,2313,2398,0,168,0,129,1639618,0,0,835329112,6153996,214063259,0,0,2147,28,28,0,147748,147748,0,0,147748,2147,10.32,1.46
949,2026-05-15 19:39:59,8,q5a,0,24,675,1473,2237,14060,11844,2311,2408,0,217,0,159,1640134,0,0,1374296984,6153996,214063259,0,0,4087,37,37,0,293742,293742,0,0,195780,2837,9.55,1.47
950,2026-05-15 19:40:02,8,q6,0,19,393,656,1157,5106,3880,1609,1447,0,0,0,575,883229,0,0,460560392,3029566,32667367,0,0,2785563,21,21,0,24375915,24375915,0,0,24375915,2785563,7.78,0.66
951,2026-05-15 19:40:04,8,q7,0,9,206,183,570,1259,491,857,819,18,144,0,0,232823,0,0,0,38304,685158,0,0,0,0,0,0,0,0,0,0,0,0,6.88,0.18
952,2026-05-15 19:40:05,8,q8,0,16,326,927,1202,7722,7076,1240,1263,0,0,0,24,494133,0,0,1390749344,2970528,44950600,0,0,3511,8,8,0,60593,60593,0,0,60593,3511,8.33,0.93
953,2026-05-15 19:40:07,8,q9,0,17,386,549,2202,5752,3990,1246,1223,0,112,0,19,250892,0,0,0,14403056,290460806,0,0,80,80,80,0,6668,6668,0,0,6668,80,10.48,0.55
954,2026-05-15 19:40:09,8,q10,0,19,409,1397,2427,9422,8095,1456,1435,3,91,0,488,28184395,0,0,680777184,7002647,79832352,0,0,287659,23,23,0,2088598,2088598,0,0,2088598,287659,6.74,1.4
955,2026-05-15 19:40:11,8,q10a,0,17,408,1140,1514,4181,3603,1395,1465,2,208,0,466,28184481,0,0,679204896,7002647,79832352,0,0,283274,23,23,0,2090399,2090399,0,0,2090399,283274,3.67,1.14
956,2026-05-15 19:40:13,8,q11,0,19,429,1535,2722,17709,14807,1450,1471,12,200,0,2100,7499173,0,0,7600607896,7080193,186376048,0,0,119522,154,154,0,12153105,12153105,0,0,12153105,119522,11.54,1.54
957,2026-05-15 19:40:16,8,q12,0,5,103,88,135,565,415,400,411,0,0,0,0,232049,0,0,0,20002,400413,0,0,0,0,0,0,0,0,0,0,0,0,6.42,0.09
958,2026-05-15 19:40:17,8,q13,0,11,257,221,865,1481,790,996,1018,0,70,0,0,232049,0,0,0,77217,1001042,0,0,0,0,0,0,0,0,0,0,0,0,6.7,0.22
959,2026-05-15 19:40:18,8,q14a,0,46,1016,4469,5440,34548,29293,3550,3527,0,982,0,3443,370215,0,0,4805623368,14867536,327772074,0,0,6395099,223,223,0,89742068,89742068,0,0,88613364,6367683,7.73,4.47
960,2026-05-15 19:40:25,8,q14b,0,40,963,2744,5545,25279,21107,3369,3437,0,748,0,2238,380451,0,0,2541233120,12852304,249277213,0,0,6909851,170,170,0,94909417,94909417,0,0,50824768,4159540,9.21,2.74
961,2026-05-15 19:40:29,8,q14,0,40,962,2370,5144,20326,17548,3319,3465,0,263,0,2096,380322,0,0,2339808296,12852304,249277213,0,0,6880896,153,153,0,93688037,93688037,0,0,49603388,4130585,8.58,2.37
962,2026-05-15 19:40:32,8,q15,0,9,221,634,778,6360,5920,817,843,0,0,0,23,1045273,0,0,510207240,1611751,35454722,0,0,317,5,5,0,23134,23134,0,0,23134,317,10.03,0.63
963,2026-05-15 19:40:34,8,q16,0,14,353,916,1360,8603,7336,1212,1241,0,120,0,32,7192828,0,0,1238704384,3097776,86829163,0,0,237,12,12,0,15988,15988,0,0,15988,237,9.39,0.92
964,2026-05-15 19:40:36,8,q17,0,16,420,1271,3200,13325,10201,1968,1543,0,576,13,971,6343124,0,0,3885150096,4527977,93603141,0,0,1629074,545,545,0,32951985,32951985,0,0,32951985,1629074,10.48,1.27
965,2026-05-15 19:40:38,8,q18,0,12,308,244,1134,1354,565,1402,1212,0,35,0,0,842681,0,0,0,188006,2889960,0,0,0,0,0,0,0,0,0,0,0,0,5.55,0.24
966,2026-05-15 19:40:40,8,q18a,0,20,512,265,1871,548,599,2040,2012,0,112,0,0,857079,0,0,0,356010,4430333,0,0,0,0,0,0,0,0,0,0,0,0,2.07,0.26
967,2026-05-15 19:40:41,8,q19,0,13,323,654,1369,5215,4271,1531,1268,0,160,0,39,1045273,0,0,275582184,2938528,47753978,0,0,684,6,6,0,79100,79100,0,0,79100,684,7.97,0.65
968,2026-05-15 19:40:43,8,q20,0,5,103,91,138,604,405,396,408,0,0,0,0,232049,0,0,0,20002,400413,0,0,0,0,0,0,0,0,0,0,0,0,6.64,0.09
969,2026-05-15 19:40:44,8,q21,0,9,220,816,918,6688,6003,791,824,0,36,0,101,250198,0,0,592715840,11783208,46238973,0,0,19565,7,7,0,603756,603756,0,0,603756,19565,8.2,0.82
970,2026-05-15 19:40:46,8,q22,0,10,236,1830,1907,17720,15493,895,856,0,60,0,264,804447,0,0,2321800192,11783210,46297375,0,0,577088,272,272,0,24526389,24526389,0,0,24526389,577088,9.68,1.83
971,2026-05-15 19:40:49,8,q22a,0,14,259,1072,1553,11152,8980,939,915,1,54,0,1331,804447,0,0,6032709848,11783208,46309097,0,0,747912,599,599,0,41169920,41169920,0,0,9603840,171976,10.4,1.07
972,2026-05-15 19:40:51,8,q23a,0,26,627,2255,5296,27389,23603,2145,2172,1,327,0,2700,1169836,0,0,7242482208,10720963,205127396,0,0,4038477,685,685,0,103410490,103410490,0,0,103407953,4038434,12.15,2.26
973,2026-05-15 19:40:54,8,q23b,0,31,699,2077,4398,23957,19659,2392,2421,0,659,0,2777,1169836,0,0,9742290240,10820964,206629776,0,0,4134964,941,941,0,106015088,106015088,0,0,106012551,4134921,11.53,2.08
974,2026-05-15 19:40:57,8,q24,0,9,269,250,846,2224,1237,972,984,0,84,0,0,2884615,0,0,0,287730,16116553,0,0,0,0,0,0,0,0,0,0,0,0,8.9,0.25
975,2026-05-15 19:40:59,8,q24a,0,8,253,167,605,756,555,967,997,0,0,0,0,250022,0,0,0,216,189046,0,0,0,0,0,0,0,0,0,0,0,0,4.53,0.17
976,2026-05-15 19:41:00,8,q24b,0,9,254,165,610,517,552,1094,1020,9,139,0,0,405606,0,0,0,50216,392096,0,0,0,0,0,0,0,0,0,0,0,0,3.13,0.16
977,2026-05-15 19:41:01,8,q25,0,16,420,1269,3067,14381,11452,1469,1508,4,113,0,906,6350506,0,0,3885125480,4527977,113234070,0,0,1629074,545,545,0,33140816,33140816,0,0,33140816,1629074,11.33,1.27
978,2026-05-15 19:41:04,8,q26,0,9,206,156,470,949,471,850,807,0,80,0,0,232694,0,0,0,38304,685158,0,0,0,0,0,0,0,0,0,0,0,0,6.08,0.16
979,2026-05-15 19:41:05,8,q27,0,9,206,142,472,753,755,802,823,0,0,0,0,231361,0,0,0,38016,667706,0,0,0,0,0,0,0,0,0,0,0,0,5.3,0.14
980,2026-05-15 19:41:06,8,q27a,0,13,308,232,1119,1154,1136,1309,1249,0,109,0,0,231662,0,0,0,56030,861876,0,0,0,0,0,0,0,0,0,0,0,0,4.97,0.23
981,2026-05-15 19:41:07,8,q28,0,24,408,1508,2892,20027,15560,1172,1267,0,267,0,3699,250247,0,0,6603405008,17283624,364715688,0,0,165937,102,102,0,3549887,3549887,0,0,3549887,165937,13.28,1.51
982,2026-05-15 19:41:10,8,q29,0,18,471,1151,3292,12313,10397,1637,1701,0,80,0,1007,6343124,0,0,3885232920,4547978,94077422,0,0,1629074,545,545,0,32952090,32952090,0,0,32952090,1629074,10.7,1.15
983,2026-05-15 19:41:12,8,q30,0,15,340,520,996,3894,2144,1195,1220,1,96,0,1012,10380174,0,0,1434644536,357676,27689483,0,0,26097,27,27,0,859700,859700,0,0,859700,26097,7.49,0.52
984,2026-05-15 19:41:14,8,q31,0,29,609,1650,3352,19627,16978,2226,2130,0,192,0,729,773451,0,0,1441333448,10520289,233074704,0,0,21307,45,45,0,1059441,1059441,0,0,1035579,21060,11.9,1.65
985,2026-05-15 19:41:17,8,q32,0,11,237,581,868,6266,5454,821,853,0,0,0,140,247484,0,0,107637432,2921498,94643174,0,0,27026,22,22,0,458939,458939,0,0,458939,27026,10.78,0.58
986,2026-05-15 19:41:18,8,q33,0,7,154,131,317,827,505,627,603,0,50,0,0,232565,0,0,0,70003,771060,0,0,0,0,0,0,0,0,0,0,0,0,6.31,0.13
987,2026-05-15 19:41:19,8,q34,0,8,204,171,563,1257,895,798,820,0,0,0,0,232049,0,0,0,20016,433878,0,0,0,0,0,0,0,0,0,0,0,0,7.35,0.17
988,2026-05-15 19:41:21,8,q35,0,19,409,1125,2128,8180,6050,1532,1446,4,247,0,1043,24076202,0,0,488557656,7002647,79694498,0,0,646325,37,37,0,2861078,2861078,0,0,2861078,646325,7.27,1.12
989,2026-05-15 19:41:23,8,q35a,0,17,408,1014,1456,4354,3594,1377,1462,2,11,0,1125,24076245,0,0,489854952,7002647,79694498,0,0,646170,36,36,0,2841586,2841586,0,0,2841586,646170,4.29,1.01
990,2026-05-15 19:41:25,8,q36,0,10,221,704,832,6778,6083,802,835,0,0,0,113,271427,0,0,1248387816,2788526,58101921,0,0,2114,16,16,0,196426,196426,0,0,196426,2114,9.63,0.7
991,2026-05-15 19:41:27,8,q36a,0,13,226,788,910,7142,6817,857,859,0,143,0,131,271427,0,0,1787355688,2788526,58101921,0,0,5681,51,51,0,546396,546396,0,0,195856,2079,9.06,0.79
992,2026-05-15 19:41:29,8,q37,0,9,235,674,786,5833,5086,816,851,0,16,0,15,7327436,0,0,1114065536,13224950,80039372,0,0,7,7,7,0,1771,1771,0,0,1771,7,8.65,0.67
993,2026-05-15 19:41:30,8,q38,0,15,306,1208,1957,13690,10553,1013,1032,0,112,0,1903,2502324,0,0,4130345088,5031845,70788406,0,0,91512,45,45,0,3311891,3311891,0,0,3311891,91512,11.33,1.21
994,2026-05-15 19:41:33,8,q39a,0,17,344,1138,2079,11873,10503,1247,1272,0,168,0,134,250198,0,0,998732104,23548409,91878914,0,0,408323,22,22,0,7904106,7904106,0,0,5311940,273323,10.43,1.14
995,2026-05-15 19:41:35,8,q39b,0,18,344,804,1591,7859,7565,1266,1278,0,0,0,118,250198,0,0,859804024,23548409,91878914,0,0,276476,19,19,0,5399937,5399937,0,0,5300936,273306,9.77,0.8
996,2026-05-15 19:41:37,8,q40,0,11,286,633,942,5745,5063,995,1039,0,0,0,37,2268770,0,0,659824776,1624023,65594173,0,0,1170,4,4,0,84450,84450,0,0,84450,1170,9.08,0.63
997,2026-05-15 19:41:38,8,q41,0,3,52,151,146,1628,145,226,247,0,0,0,0,232049,0,0,262144,1,87174,0,0,0,0,0,0,0,0,0,0,0,0,10.78,0.15
998,2026-05-15 19:41:40,8,q42,0,7,169,345,354,2860,2319,670,642,0,56,0,17,250150,0,0,105385704,2788513,39578357,0,0,70,7,7,0,6429,6429,0,0,6429,70,8.29,0.34
999,2026-05-15 19:41:41,8,q43,0,7,169,637,663,6826,6287,631,642,0,0,0,32,250150,0,0,105168104,2770525,44267304,0,0,90,15,15,0,9179,9179,0,0,9179,90,10.72,0.64
1000,2026-05-15 19:41:43,8,q44,0,11,190,502,517,3959,3050,627,631,0,80,0,453,298111,0,0,754869320,5779209,101128789,0,0,395956,84,84,0,5848047,5848047,0,0,2924977,198008,7.89,0.5
1001,2026-05-15 19:41:44,8,q45,0,13,323,522,1058,4462,3794,1187,1243,0,0,0,14,1045273,0,0,1334610920,925589,34789360,0,0,19,7,7,0,1854,1854,0,0,1854,19,8.55,0.52
1002,2026-05-15 19:41:46,8,q46,0,13,323,832,1604,8128,6916,1480,1278,0,0,0,248,3116112,0,0,218764392,2927728,66945565,0,0,10081,15,15,0,633895,633895,0,0,633895,10081,9.77,0.83
1003,2026-05-15 19:41:48,8,q47,0,15,239,1199,1847,8571,7818,871,882,0,65,0,407,398425,0,0,3011247992,2788526,44995936,0,0,697726,185,185,0,23289550,23289550,0,0,15721431,470167,7.15,1.2
1004,2026-05-15 19:41:50,8,q48,0,9,206,177,546,1162,738,813,817,0,0,0,0,232092,0,0,0,70016,962913,0,0,0,0,0,0,0,0,0,0,0,0,6.56,0.18
1005,2026-05-15 19:41:51,8,q49,0,19,454,1100,1931,11529,9548,1557,1543,10,110,0,44,250150,0,0,1660824664,5416491,237735042,0,0,170,20,20,0,12378,12378,0,0,12378,170,10.48,1.1
1006,2026-05-15 19:41:54,8,q50,0,11,286,976,1285,8502,7823,1007,1061,0,0,0,17,4745061,0,0,1490206824,3121277,56650107,0,0,48,8,8,0,11346,11346,0,0,11346,48,8.71,0.98
1007,2026-05-15 19:41:56,8,q51,0,13,225,1022,1384,10304,8800,693,709,0,96,0,1473,250150,0,0,5454259864,3490096,70448222,0,0,2523869,437,437,0,44071202,44071202,0,0,44071202,2523869,10.08,1.02
1008,2026-05-15 19:41:58,8,q51a,0,17,255,2572,3540,32504,28282,755,779,0,678,0,1646,1761540,0,0,13802258224,3490096,70448222,0,0,4889102,812,812,0,84700700,84700700,0,0,61739590,3644888,12.64,2.57
1009,2026-05-15 19:42:01,8,q52,0,7,169,396,406,3147,2516,626,638,0,0,0,44,250150,0,0,105385704,2788513,39578357,0,0,610,7,7,0,55737,55737,0,0,55737,610,7.95,0.4
1010,2026-05-15 19:42:03,8,q53,0,7,154,145,336,1097,702,630,617,0,0,0,0,232049,0,0,0,20015,505061,0,0,0,0,0,0,0,0,0,0,0,0,7.57,0.14
1011,2026-05-15 19:42:04,8,q54,0,16,409,419,2518,2544,1865,1698,1635,0,134,0,3,1045273,0,0,524288,210219,2457419,0,0,0,0,0,0,0,0,0,0,118,2,6.07,0.42
1012,2026-05-15 19:42:06,8,q55,0,7,169,414,431,3815,3376,605,633,0,0,0,29,250150,0,0,105385704,2788513,39578357,0,0,434,5,5,0,37903,37903,0,0,37903,434,9.21,0.41
1013,2026-05-15 19:42:07,8,q56,0,7,154,126,307,836,518,571,596,0,0,0,0,232049,0,0,0,70003,768424,0,0,0,0,0,0,0,0,0,0,0,0,6.63,0.13
1014,2026-05-15 19:42:08,8,q57,0,13,228,893,1213,6614,5741,847,864,25,150,0,355,578569,0,0,1793326632,1479757,48129507,0,0,265282,105,105,0,9446406,9446406,0,0,5213951,148733,7.41,0.89
1015,2026-05-15 19:42:10,8,q58,0,17,405,876,1154,7652,6379,1420,1473,5,70,0,93,250150,0,0,658343360,5095945,120443588,0,0,18752,5,5,0,339921,339921,0,0,339921,18752,8.74,0.88
1016,2026-05-15 19:42:12,8,q59,0,16,325,657,1624,4940,3784,1589,1293,0,112,0,167,680942,0,0,286765128,2863589,44969087,0,0,9288,34,34,0,330073,330073,0,0,187379,6834,7.52,0.66
1017,2026-05-15 19:42:14,8,q60,0,6,153,127,318,907,515,607,616,42,90,0,0,232995,0,0,0,20003,407512,0,0,0,0,0,0,0,0,0,0,0,0,7.14,0.13
1018,2026-05-15 19:42:15,8,q61,0,14,309,236,1178,1505,955,1201,1220,0,0,0,0,1045273,0,0,0,170318,1814286,0,0,0,0,0,0,0,0,0,0,0,0,6.38,0.24
1019,2026-05-15 19:42:17,8,q62,0,11,271,533,795,5099,3389,1025,1044,2,160,0,262,247442,0,0,1212469480,739643,20152815,0,0,2319,16,16,0,268760,268760,0,0,268760,2319,9.57,0.53
1020,2026-05-15 19:42:18,8,q63,0,7,154,140,274,959,694,615,629,0,0,0,0,232049,0,0,0,20015,505061,0,0,0,0,0,0,0,0,0,0,0,0,6.85,0.14
1021,2026-05-15 19:42:19,8,q64,0,24,676,605,5929,3583,2106,3080,2625,7,243,0,0,2884013,0,0,0,458506,18110584,0,0,0,0,0,0,0,0,0,0,0,0,5.92,0.6
1022,2026-05-15 19:42:21,8,q65,0,15,302,938,1594,10398,8003,1133,1067,1,203,0,705,1710264,0,0,3041683664,5539037,90138287,0,0,785318,155,155,0,17224418,17224418,0,0,17224418,785318,11.09,0.94
1023,2026-05-15 19:42:23,8,q66,0,8,204,136,452,839,463,766,798,0,0,0,0,232049,0,0,0,20029,348433,0,0,0,0,0,0,0,0,0,0,0,0,6.17,0.14
1024,2026-05-15 19:42:25,8,q67,0,10,237,1474,1597,16072,13728,994,889,0,388,0,391,804447,0,0,3620200528,2788526,50942696,0,0,1265577,272,272,0,75655069,75655069,0,0,75655069,1265577,10.9,1.47
1025,2026-05-15 19:42:27,8,q67a,0,18,377,2805,10322,37150,28991,1221,1150,3,308,0,4800,804447,0,0,21356070720,2788526,50942696,0,0,5040026,2406,2406,0,310267339,310267339,0,0,81619171,1338922,13.24,2.8
1026,2026-05-15 19:42:31,8,q68,0,13,323,767,1345,7518,6752,1228,1254,0,0,0,93,3116112,0,0,218427752,2927728,82583267,0,0,2221,12,12,0,188810,188810,0,0,188810,2221,9.8,0.77
1027,2026-05-15 19:42:33,8,q69,0,19,409,1247,2184,9725,8463,1420,1430,2,192,0,281,27822963,0,0,409430296,7002647,79736068,0,0,239275,19,19,0,2030628,2030628,0,0,2030628,239275,7.8,1.25
1028,2026-05-15 19:42:35,8,q70,0,14,289,882,978,8069,7240,1046,1094,0,0,0,64,250150,0,0,1418427424,5521049,87080133,0,0,75,32,32,0,5530,5530,0,0,5530,75,9.15,0.88
1029,2026-05-15 19:42:37,8,q70a,0,17,294,883,971,6898,6481,1136,1101,0,91,0,67,250150,0,0,883653600,5521049,87080133,0,0,80,67,67,0,6897,6897,0,0,3717,50,7.81,0.88
1030,2026-05-15 19:42:39,8,q71,0,6,153,118,286,855,517,588,607,0,0,0,0,232092,0,0,0,20003,415390,0,0,0,0,0,0,0,0,0,0,0,0,7.25,0.12
1031,2026-05-15 19:42:40,8,q72,0,22,592,1028,8025,8942,6158,2422,2229,7,728,0,586,1954496,0,0,0,3691426,62701424,0,0,0,0,0,0,0,0,0,0,48268802,1427675,8.7,1.03
1032,2026-05-15 19:42:43,8,q73,0,8,204,189,613,1365,880,858,820,0,188,0,0,232737,0,0,0,20016,433878,0,0,0,0,0,0,0,0,0,0,0,0,7.22,0.19
1033,2026-05-15 19:42:44,8,q74,0,19,425,1755,3279,21795,18199,1500,1469,0,288,0,2433,3001190,0,0,6052385600,7080193,155346612,0,0,117955,92,92,0,6195926,6195926,0,0,6195926,117955,12.42,1.76
1034,2026-05-15 19:42:47,8,q75,0,10,319,342,1323,2551,1395,1229,1213,1,202,0,0,2794854,0,0,0,184670,18123763,0,0,0,0,0,0,0,0,0,0,0,0,7.46,0.34
1035,2026-05-15 19:42:48,8,q76,0,9,300,719,646,6819,5927,1053,1107,0,84,0,520,380855,0,0,3563740088,4542915,105621773,0,0,2845,47,47,0,288862,288862,0,0,288862,2845,9.48,0.72
1036,2026-05-15 19:42:50,8,q77,0,23,556,1114,1634,11072,8361,1995,1894,0,136,0,70,250150,0,0,931440160,5422723,193462670,0,0,358,36,36,0,27413,27413,0,0,27413,358,9.94,1.11
1037,2026-05-15 19:42:52,8,q77a,0,26,561,1144,1631,10452,8771,1924,1920,0,170,0,71,250150,0,0,1537516864,5422723,193462670,0,0,430,48,48,0,40478,40478,0,0,29256,350,9.14,1.14
1038,2026-05-15 19:42:55,8,q78,0,17,467,1676,3030,21341,17374,1626,1542,2,385,0,1025,3066835,0,0,9367067000,5435788,195962176,0,0,872867,493,493,0,22699084,22699084,0,0,22699084,872867,12.73,1.68
1039,2026-05-15 19:42:57,8,q79,0,11,272,812,1204,8519,7607,989,1043,0,0,0,206,2502367,0,0,1147022720,2877727,66051382,0,0,7013,15,15,0,417886,417886,0,0,417886,7013,10.49,0.81
1040,2026-05-15 19:42:59,8,q80,0,26,706,1766,5352,19183,15400,2800,2509,12,284,0,109,5925701,0,0,2569332360,5465853,206524019,0,0,1454,17,17,0,126441,126441,0,0,126441,1454,10.86,1.77
1041,2026-05-15 19:43:02,8,q80a,0,29,711,1467,3748,13706,11836,2562,2507,6,227,0,87,5925744,0,0,2974082552,5465853,206524019,0,0,2254,27,27,0,206608,206608,0,0,132374,1504,9.34,1.47
1042,2026-05-15 19:43:05,8,q81,0,15,340,557,996,4272,2356,1257,1236,0,178,0,1134,4061421,0,0,1822093480,508538,38051141,0,0,54415,31,31,0,1496687,1496687,0,0,1496687,54415,7.67,0.56
1043,2026-05-15 19:43:06,8,q82,0,10,247,671,872,7077,6029,808,844,0,0,0,436,250204,0,0,322971168,14663806,79014239,0,0,475046,206,206,0,12560612,12560612,0,0,12560612,2880440,10.55,0.67
1044,2026-05-15 19:43:08,8,q83,0,17,405,735,648,3842,2227,1425,1440,0,80,0,107,249968,0,0,524802200,727958,46158441,0,0,4535,11,11,0,161459,161459,0,0,161459,4535,5.23,0.74
1045,2026-05-15 19:43:10,8,q84,0,13,324,605,1015,1853,852,1144,1190,5,160,0,0,9751085,0,0,204944448,2365739,26285942,0,0,25,1,1,0,966,966,0,0,966,25,3.06,0.6
1046,2026-05-15 19:43:12,8,q85,0,13,357,297,1382,1617,705,1328,1373,0,0,0,0,249740,0,0,0,70301,1030952,0,0,0,0,0,0,0,0,0,0,0,0,5.44,0.3
1047,2026-05-15 19:43:13,8,q86,0,8,170,399,403,3131,2590,617,640,0,0,0,138,271427,0,0,1231609192,757586,32573325,0,0,2016,16,16,0,174839,174839,0,0,174839,2016,7.85,0.4
1048,2026-05-15 19:43:14,8,q86a,0,11,175,448,438,2973,2715,630,664,0,0,0,135,271427,0,0,1837685776,757586,32573325,0,0,5717,54,54,0,507351,507351,0,0,181881,2091,6.64,0.45
1049,2026-05-15 19:43:16,8,q87,0,15,306,1254,2034,14320,12025,1070,1052,0,171,0,1250,2502324,0,0,4130345088,5031845,70788406,0,0,138558,45,45,0,4440028,4440028,0,0,4440028,138558,11.42,1.25
1050,2026-05-15 19:43:18,8,q88,0,44,1046,1886,6462,21307,17943,3805,3580,12,152,0,20,250548,0,0,411870208,23252054,257923937,0,0,128,128,128,0,7538,7538,0,0,7538,128,11.3,1.89
1051,2026-05-15 19:43:21,8,q89,0,7,154,142,340,1056,716,622,612,4,44,0,0,232307,0,0,0,20015,439525,0,0,0,0,0,0,0,0,0,0,0,0,7.44,0.14
1052,2026-05-15 19:43:22,8,q90,0,14,338,521,925,5176,4278,1148,1209,0,0,0,4,247399,0,0,103555328,1486432,39981740,0,0,32,32,32,0,1885,1885,0,0,1885,32,9.93,0.52
1053,2026-05-15 19:43:24,8,q91,0,12,307,236,1137,1653,895,1146,1193,0,0,0,0,232049,0,0,0,77212,853287,0,0,0,0,0,0,0,0,0,0,0,0,7.0,0.24
1054,2026-05-15 19:43:25,8,q92,0,11,237,480,693,5132,4332,831,856,0,0,0,173,247399,0,0,107651768,1477170,65019957,0,0,16290,21,21,0,307740,307740,0,0,307740,16290,10.69,0.48
1055,2026-05-15 19:43:27,8,q93,0,4,102,100,126,434,160,383,399,0,0,0,0,250022,0,0,0,201,74729,0,0,0,0,0,0,0,0,0,0,0,0,4.34,0.1
1056,2026-05-15 19:43:28,8,q94,0,10,270,242,784,2028,1174,953,974,0,40,0,0,3560400,0,0,0,789791,16628494,0,0,0,0,0,0,0,0,0,0,0,0,8.38,0.24
1057,2026-05-15 19:43:29,8,q95,0,14,402,716,2903,7415,5310,1460,1463,0,161,0,635,3571219,0,0,0,1581334,64194951,0,0,0,0,0,0,0,0,0,0,15806950,719067,10.36,0.72
1058,2026-05-15 19:43:31,8,q96,0,9,220,421,541,3787,3137,790,814,0,50,0,1,250204,0,0,51086464,2907819,32275559,0,0,16,16,16,0,941,941,0,0,941,16,9.0,0.42
1059,2026-05-15 19:43:33,8,q97,0,8,194,839,962,8762,7693,691,645,0,90,0,695,250150,0,0,4642400160,4212260,63848862,0,0,840662,290,290,0,10313062,10313062,0,0,10313062,840662,10.44,0.84
1060,2026-05-15 19:43:35,8,q98,0,5,103,94,140,601,412,397,413,0,0,0,0,232049,0,0,0,20002,400413,0,0,0,0,0,0,0,0,0,0,0,0,6.39,0.09
1061,2026-05-15 19:43:36,8,q99,0,11,271,654,1016,6146,4997,1163,1048,0,148,0,86,247484,0,0,1145357568,1461783,34474008,0,0,1350,15,15,0,166470,166470,0,0,166470,1350,9.4,0.65
1062,2026-05-15 19:43:37,9,q1,0,13,289,562,894,4816,3167,1004,1050,0,304,0,1064,1022096,0,0,1871028520,675419,33274439,0,0,107715,31,31,0,2198679,2198679,0,0,2198679,107715,8.57,0.56
1063,2026-05-15 19:43:39,9,q2,0,14,290,605,740,4605,3954,1060,1108,1,0,0,174,680942,0,0,435904744,2274384,66535822,0,0,5419,98,98,0,182439,182439,0,0,69035,3725,7.61,0.6
1064,2026-05-15 19:43:41,9,q3,0,7,169,486,481,4238,3471,692,643,0,144,0,44,250150,0,0,109346792,2841562,39699316,0,0,421,11,11,0,40838,40838,0,0,40838,421,8.72,0.49
1065,2026-05-15 19:43:42,9,q4,0,27,571,2280,4860,28024,23443,1908,1953,1,334,0,3302,7499173,0,0,11501312960,9963689,316660942,0,0,256825,248,248,0,22804550,22804550,0,0,22804550,256825,12.29,2.28
1066,2026-05-15 19:43:46,9,q5,0,21,670,1456,2407,15175,12171,2258,2394,0,192,0,127,1639446,0,0,835329112,6153996,214063259,0,0,2147,28,28,0,147748,147748,0,0,147748,2147,10.42,1.46
1067,2026-05-15 19:43:48,9,q5a,0,24,675,1414,2137,12726,9998,2405,2422,1,64,0,149,1639446,0,0,1374296984,6153996,214063259,0,0,4087,37,37,0,293742,293742,0,0,195780,2837,9.0,1.41
1068,2026-05-15 19:43:51,9,q6,0,19,393,622,1156,5297,4028,1409,1406,1,145,0,677,883229,0,0,460560392,3029566,32667367,0,0,2785563,21,21,0,24375915,24375915,0,0,24375915,2785563,8.52,0.62
1069,2026-05-15 19:43:53,9,q7,0,9,206,156,463,1014,481,796,803,0,0,0,0,232006,0,0,0,38304,685158,0,0,0,0,0,0,0,0,0,0,0,0,6.5,0.16
1070,2026-05-15 19:43:54,9,q8,0,16,326,895,1193,6180,5333,1345,1283,3,134,0,23,494133,0,0,1390749344,2970528,44950600,0,0,3511,8,8,0,60593,60593,0,0,60593,3511,6.91,0.9
1071,2026-05-15 19:43:56,9,q9,0,17,386,523,2081,5445,3634,1109,1226,0,160,0,10,250204,0,0,0,14403056,290460806,0,0,80,80,80,0,6668,6668,0,0,6668,80,10.41,0.52
1072,2026-05-15 19:43:57,9,q10,0,19,409,1321,2365,8981,7195,1329,1424,3,304,0,583,28184438,0,0,680777184,7002647,79832352,0,0,287659,23,23,0,2088598,2088598,0,0,2088598,287659,6.8,1.32
1073,2026-05-15 19:44:00,9,q10a,0,17,408,1121,1412,3526,3086,1391,1458,2,122,0,412,28184438,0,0,679204896,7002647,79832352,0,0,283274,23,23,0,2090399,2090399,0,0,2090399,283274,3.15,1.12
1074,2026-05-15 19:44:02,9,q11,0,19,429,1474,2567,16814,12649,1467,1501,0,176,0,2695,7499173,0,0,7600607896,7080193,186376048,0,0,119522,154,154,0,12153105,12153105,0,0,12153105,119522,11.41,1.47
1075,2026-05-15 19:44:05,9,q12,0,5,103,99,150,594,402,481,414,0,60,0,0,232694,0,0,0,20002,400413,0,0,0,0,0,0,0,0,0,0,0,0,6.0,0.1
1076,2026-05-15 19:44:06,9,q13,0,11,257,216,825,1387,775,1069,1006,0,64,0,0,232092,0,0,0,77217,1001042,0,0,0,0,0,0,0,0,0,0,0,0,6.42,0.22
1077,2026-05-15 19:44:07,9,q14a,0,46,1016,4485,5360,34765,29098,3367,3533,0,887,0,3572,370731,0,0,4805623368,14867536,327772074,0,0,6395099,223,223,0,89742068,89742068,0,0,88613364,6367683,7.75,4.49
1078,2026-05-15 19:44:13,9,q14b,0,40,963,2722,5288,25727,22243,3622,3428,0,416,0,2176,380451,0,0,2541233120,12852304,249277213,0,0,6909851,170,170,0,94909417,94909417,0,0,50824768,4159540,9.45,2.72
1079,2026-05-15 19:44:17,9,q14,0,40,962,2449,4994,21508,18588,3626,3457,0,407,0,2161,380322,0,0,2339808296,12852304,249277213,0,0,6880896,153,153,0,93688037,93688037,0,0,49603388,4130585,8.78,2.45
1080,2026-05-15 19:44:21,9,q15,0,9,221,621,794,5910,5456,999,839,0,168,0,22,1045273,0,0,510207240,1611751,35454722,0,0,317,5,5,0,23134,23134,0,0,23134,317,9.52,0.62
1081,2026-05-15 19:44:23,9,q16,0,14,353,897,1355,7895,6042,1183,1227,0,240,0,36,7192871,0,0,1238704384,3097776,86829163,0,0,237,12,12,0,15988,15988,0,0,15988,237,8.8,0.9
1082,2026-05-15 19:44:25,9,q17,0,16,420,1140,2908,12337,10289,1429,1487,0,235,0,1063,6343124,0,0,3885150096,4527977,93603141,0,0,1629074,545,545,0,32951985,32951985,0,0,32951985,1629074,10.82,1.14
1083,2026-05-15 19:44:27,9,q18,0,11,306,210,954,1140,530,1279,1194,0,84,0,0,232436,0,0,0,88006,1184632,0,0,0,0,0,0,0,0,0,0,0,0,5.43,0.21
1084,2026-05-15 19:44:28,9,q18a,0,20,512,253,1920,555,591,1985,2000,0,66,0,0,857079,0,0,0,356010,4430333,0,0,0,0,0,0,0,0,0,0,0,0,2.19,0.25
1085,2026-05-15 19:44:30,9,q19,0,13,323,751,1320,5610,4846,1192,1236,0,0,0,36,1045273,0,0,275582184,2938528,47753978,0,0,684,6,6,0,79100,79100,0,0,79100,684,7.47,0.75
1086,2026-05-15 19:44:31,9,q20,0,5,103,97,142,688,414,406,413,0,80,0,0,232737,0,0,0,20002,400413,0,0,0,0,0,0,0,0,0,0,0,0,7.09,0.1
1087,2026-05-15 19:44:32,9,q21,0,9,220,736,854,6345,5542,913,850,0,90,0,85,250198,0,0,592715840,11783208,46238973,0,0,19565,7,7,0,603756,603756,0,0,603756,19565,8.62,0.74
1088,2026-05-15 19:44:34,9,q22,0,10,236,1871,1910,18386,16820,856,845,0,192,0,245,804447,0,0,2321800192,11783210,46297375,0,0,577088,272,272,0,24526389,24526389,0,0,24526389,577088,9.83,1.87
1089,2026-05-15 19:44:37,9,q22a,0,14,259,1327,1943,15379,12678,865,900,0,148,0,1818,804447,0,0,6032709848,11783208,46309097,0,0,747912,599,599,0,41169920,41169920,0,0,9603840,171976,11.59,1.33
1090,2026-05-15 19:44:40,9,q23a,0,26,627,2139,4350,25984,21467,2162,2169,0,784,0,3100,1169836,0,0,7242482208,10720963,205127396,0,0,4038477,685,685,0,103410490,103410490,0,0,103407953,4038434,12.15,2.14
1091,2026-05-15 19:44:43,9,q23b,0,31,699,2055,4627,23256,19380,2396,2396,0,192,0,2919,1169836,0,0,9742290240,10820964,206629776,0,0,4134964,941,941,0,106015088,106015088,0,0,106012551,4134921,11.32,2.06
1092,2026-05-15 19:44:46,9,q24,0,10,270,219,866,1831,1010,965,1006,0,0,0,0,2884013,0,0,0,337730,16586875,0,0,0,0,0,0,0,0,0,0,0,0,8.36,0.22
1093,2026-05-15 19:44:47,9,q24a,0,8,253,169,597,762,563,990,1006,0,0,0,0,250022,0,0,0,216,189046,0,0,0,0,0,0,0,0,0,0,0,0,4.51,0.17
1094,2026-05-15 19:44:49,9,q24b,0,10,270,167,660,979,745,1001,1026,0,90,0,0,2884701,0,0,0,337730,16319603,0,0,0,0,0,0,0,0,0,0,0,0,5.86,0.17
1095,2026-05-15 19:44:50,9,q25,0,16,420,1107,2484,11484,8964,1386,1484,0,176,0,960,6350549,0,0,3885125480,4527977,113234070,0,0,1629074,545,545,0,33140816,33140816,0,0,33140816,1629074,10.37,1.11
1096,2026-05-15 19:44:52,9,q26,0,9,206,154,468,954,475,786,811,0,0,0,0,232006,0,0,0,38304,685158,0,0,0,0,0,0,0,0,0,0,0,0,6.19,0.15
1097,2026-05-15 19:44:53,9,q27,0,9,206,141,470,778,770,792,820,0,0,0,0,231361,0,0,0,38016,667706,0,0,0,0,0,0,0,0,0,0,0,0,5.52,0.14
1098,2026-05-15 19:44:55,9,q27a,0,13,308,230,1114,1224,1145,1283,1242,0,159,0,0,232178,0,0,0,56030,861876,0,0,0,0,0,0,0,0,0,0,0,0,5.32,0.23
1099,2026-05-15 19:44:56,9,q28,0,24,408,1441,2664,18998,14554,1230,1294,0,208,0,3553,250247,0,0,6603405008,17283624,364715688,0,0,165937,102,102,0,3549887,3549887,0,0,3549887,165937,13.18,1.44
1100,2026-05-15 19:44:58,9,q29,0,18,471,1217,3570,13102,10009,1873,1740,0,624,0,1037,6343167,0,0,3885232920,4547978,94077422,0,0,1629074,545,545,0,32952090,32952090,0,0,32952090,1629074,10.77,1.22
1101,2026-05-15 19:45:01,9,q30,0,15,340,503,933,3567,2075,1275,1222,3,96,0,851,10380217,0,0,1434644536,357676,27689483,0,0,26097,27,27,0,859700,859700,0,0,859700,26097,7.09,0.5
1102,2026-05-15 19:45:02,9,q31,0,29,609,1791,3840,21919,18916,2044,2098,0,174,0,904,773451,0,0,1508589744,10520289,233074704,0,0,23445,52,52,0,1179710,1179710,0,0,1035579,21060,12.24,1.79
1103,2026-05-15 19:45:05,9,q32,0,11,237,577,845,6581,5734,847,852,0,96,0,153,247484,0,0,107637432,2921498,94643174,0,0,27026,22,22,0,458939,458939,0,0,458939,27026,11.41,0.58
1104,2026-05-15 19:45:07,9,q33,0,6,153,115,286,801,505,580,600,0,0,0,0,232049,0,0,0,20003,407512,0,0,0,0,0,0,0,0,0,0,0,0,6.97,0.12
1105,2026-05-15 19:45:08,9,q34,0,8,204,181,602,1337,895,809,808,0,96,0,0,232049,0,0,0,20016,433878,0,0,0,0,0,0,0,0,0,0,0,0,7.39,0.18
1106,2026-05-15 19:45:09,9,q35,0,19,409,1124,1990,7606,5904,1372,1427,3,360,0,983,24076245,0,0,488557656,7002647,79694498,0,0,646325,37,37,0,2861078,2861078,0,0,2861078,646325,6.77,1.12
1107,2026-05-15 19:45:11,9,q35a,0,17,408,973,1516,4713,4008,1541,1459,2,224,0,1018,24076245,0,0,489854952,7002647,79694498,0,0,646170,36,36,0,2841586,2841586,0,0,2841586,646170,4.84,0.97
1108,2026-05-15 19:45:13,9,q36,0,10,221,761,896,7739,6993,805,845,0,54,0,135,271427,0,0,1248387816,2788526,58101921,0,0,2114,16,16,0,196426,196426,0,0,196426,2114,10.17,0.76
1109,2026-05-15 19:45:15,9,q36a,0,13,226,829,930,7638,7417,823,856,0,0,0,125,271427,0,0,1787355688,2788526,58101921,0,0,5681,51,51,0,546396,546396,0,0,195856,2079,9.21,0.83
1110,2026-05-15 19:45:17,9,q37,0,9,235,747,845,6041,5161,894,870,0,60,0,14,7327479,0,0,1114065536,13224950,80039372,0,0,7,7,7,0,1771,1771,0,0,1771,7,8.09,0.75
1111,2026-05-15 19:45:19,9,q38,0,15,306,1148,1795,12916,9956,1052,1041,0,0,0,1692,2502324,0,0,4130345088,5031845,70788406,0,0,91512,45,45,0,3311891,3311891,0,0,3311891,91512,11.25,1.15
1112,2026-05-15 19:45:21,9,q39a,0,17,344,1136,2046,10593,9192,1243,1257,0,187,0,127,250198,0,0,998732104,23548409,91878914,0,0,408323,22,22,0,7904106,7904106,0,0,5311940,273323,9.32,1.14
1113,2026-05-15 19:45:23,9,q39b,0,18,344,539,1007,3457,3178,1232,1278,0,80,0,113,250198,0,0,859804024,23548409,91878914,0,0,276476,19,19,0,5399937,5399937,0,0,5300936,273306,6.41,0.54
1114,2026-05-15 19:45:25,9,q40,0,11,286,597,882,5446,4774,1030,1048,0,0,0,36,2268770,0,0,659824776,1624023,65594173,0,0,1170,4,4,0,84450,84450,0,0,84450,1170,9.12,0.6
1115,2026-05-15 19:45:27,9,q41,0,3,52,154,150,1661,146,227,248,0,0,0,0,232049,0,0,262144,1,87174,0,0,0,0,0,0,0,0,0,0,0,0,10.79,0.15
1116,2026-05-15 19:45:28,9,q42,0,7,169,333,341,2636,2081,622,638,8,20,0,18,250150,0,0,105385704,2788513,39578357,0,0,70,7,7,0,6429,6429,0,0,6429,70,7.92,0.33
1117,2026-05-15 19:45:29,9,q43,0,7,169,340,366,2639,2102,634,654,0,0,0,38,250150,0,0,105168104,2770525,44267304,0,0,90,15,15,0,9179,9179,0,0,9179,90,7.76,0.34
1118,2026-05-15 19:45:31,9,q44,0,11,190,505,517,4067,3203,667,641,0,75,0,474,298111,0,0,754869320,5779209,101128789,0,0,395956,84,84,0,5848047,5848047,0,0,2924977,198008,8.05,0.5
1119,2026-05-15 19:45:32,9,q45,0,13,323,495,1011,4116,3334,1184,1228,0,96,0,14,1045273,0,0,1334610920,925589,34789360,0,0,19,7,7,0,1854,1854,0,0,1854,19,8.32,0.5
1120,2026-05-15 19:45:34,9,q46,0,13,323,881,1458,8493,7681,1218,1257,0,54,0,190,3116112,0,0,218764392,2927728,66945565,0,0,10081,15,15,0,633895,633895,0,0,633895,10081,9.64,0.88
1121,2026-05-15 19:45:36,9,q47,0,15,239,1229,1841,9093,8370,868,882,0,30,0,396,398425,0,0,3011247992,2788526,44995936,0,0,697726,185,185,0,23289550,23289550,0,0,15721431,470167,7.4,1.23
1122,2026-05-15 19:45:38,9,q48,0,8,205,168,515,1132,727,809,815,0,0,0,0,232049,0,0,0,20016,445895,0,0,0,0,0,0,0,0,0,0,0,0,6.74,0.17
1123,2026-05-15 19:45:39,9,q49,0,19,454,1070,1872,11250,9271,1545,1528,0,98,0,42,250150,0,0,1660824664,5416491,237735042,0,0,170,20,20,0,12378,12378,0,0,12378,170,10.51,1.07
1124,2026-05-15 19:45:42,9,q50,0,11,286,1008,1305,9718,8931,1029,1064,0,0,0,18,4745147,0,0,1490206824,3121277,56650107,0,0,48,8,8,0,11346,11346,0,0,11346,48,9.64,1.01
1125,2026-05-15 19:45:44,9,q51,0,13,225,1079,1488,10807,9452,669,699,0,0,0,1291,250150,0,0,5454259864,3490096,70448222,0,0,2523869,437,437,0,44071202,44071202,0,0,44071202,2523869,10.02,1.08
1126,2026-05-15 19:45:46,9,q51a,0,17,255,2527,3523,32058,27394,756,785,0,918,0,1563,1761540,0,0,13802258224,3490096,70448222,0,0,4889102,812,812,0,84700700,84700700,0,0,61739590,3644888,12.69,2.53
1127,2026-05-15 19:45:49,9,q52,0,7,169,350,364,2977,2389,652,636,0,24,0,41,250150,0,0,105385704,2788513,39578357,0,0,610,7,7,0,55737,55737,0,0,55737,610,8.51,0.35
1128,2026-05-15 19:45:51,9,q53,0,7,154,149,342,1124,705,604,616,0,0,0,0,232049,0,0,0,20015,505061,0,0,0,0,0,0,0,0,0,0,0,0,7.54,0.15
1129,2026-05-15 19:45:52,9,q54,0,18,411,436,2667,2589,1883,1635,1635,0,70,0,8,1045273,0,0,1048576,210219,2457419,0,0,2,2,2,0,118,118,0,0,118,2,5.94,0.44
1130,2026-05-15 19:45:54,9,q55,0,7,169,305,322,2313,1967,612,633,0,0,0,27,250150,0,0,105385704,2788513,39578357,0,0,434,5,5,0,37903,37903,0,0,37903,434,7.58,0.3
1131,2026-05-15 19:45:55,9,q56,0,6,153,118,297,825,515,592,605,0,0,0,0,232049,0,0,0,20003,404876,0,0,0,0,0,0,0,0,0,0,0,0,6.99,0.12
1132,2026-05-15 19:45:56,9,q57,0,13,228,863,1168,6209,5354,849,860,0,0,0,337,491406,0,0,1793326632,1479757,48129507,0,0,265282,105,105,0,9446406,9446406,0,0,5213951,148733,7.19,0.86
1133,2026-05-15 19:45:58,9,q58,0,17,405,1032,1427,10046,8624,1459,1476,0,160,0,68,250150,0,0,658343360,5095945,120443588,0,0,18752,5,5,0,339921,339921,0,0,339921,18752,9.73,1.03
1134,2026-05-15 19:46:00,9,q59,0,16,325,591,1329,4559,3854,1246,1271,0,75,0,166,680942,0,0,286765128,2863589,44969087,0,0,9288,34,34,0,330073,330073,0,0,187379,6834,7.71,0.59
1135,2026-05-15 19:46:02,9,q60,0,6,153,117,288,800,496,590,600,0,0,0,0,232092,0,0,0,20003,407512,0,0,0,0,0,0,0,0,0,0,0,0,6.84,0.12
1136,2026-05-15 19:46:03,9,q61,0,14,309,242,1206,1536,972,1260,1226,0,78,0,0,1045273,0,0,0,170318,1814286,0,0,0,0,0,0,0,0,0,0,0,0,6.35,0.24
1137,2026-05-15 19:46:04,9,q62,0,11,271,524,801,4977,4150,996,1028,0,91,0,149,247399,0,0,1212469480,739643,20152815,0,0,2319,16,16,0,268760,268760,0,0,268760,2319,9.5,0.52
1138,2026-05-15 19:46:06,9,q63,0,7,154,136,286,951,694,641,625,0,0,0,0,232049,0,0,0,20015,505061,0,0,0,0,0,0,0,0,0,0,0,0,6.99,0.14
1139,2026-05-15 19:46:07,9,q64,0,28,746,796,6309,5294,3342,2692,2793,1,256,0,0,12817673,0,0,0,2623573,45275412,0,0,0,0,0,0,0,0,0,0,0,0,6.65,0.8
1140,2026-05-15 19:46:09,9,q65,0,15,302,949,1593,10318,8554,1016,1040,0,256,0,973,1710264,0,0,3041683664,5539037,90138287,0,0,785318,155,155,0,17224418,17224418,0,0,17224418,785318,10.87,0.95
1141,2026-05-15 19:46:11,9,q66,0,8,204,144,465,835,471,788,796,0,0,0,0,232049,0,0,0,20029,348433,0,0,0,0,0,0,0,0,0,0,0,0,5.8,0.14
1142,2026-05-15 19:46:13,9,q67,0,10,237,1411,1530,15514,14649,949,891,0,88,0,458,804447,0,0,3620200528,2788526,50942696,0,0,1265577,272,272,0,75655069,75655069,0,0,75655069,1265577,11.0,1.41
1143,2026-05-15 19:46:15,9,q67a,0,18,377,2724,9524,35560,29436,1107,1143,0,259,0,4782,804447,0,0,21356070720,2788526,50942696,0,0,5040026,2406,2406,0,310267339,310267339,0,0,81619171,1338922,13.05,2.72
1144,2026-05-15 19:46:19,9,q68,0,13,323,747,1351,7067,6296,1202,1252,0,0,0,96,3116112,0,0,218427752,2927728,82583267,0,0,2221,12,12,0,188810,188810,0,0,188810,2221,9.46,0.75
1145,2026-05-15 19:46:21,9,q69,0,19,409,1183,1924,6737,5323,1390,1438,2,128,0,344,27823006,0,0,409430296,7002647,79736068,0,0,239275,19,19,0,2030628,2030628,0,0,2030628,239275,5.69,1.18
1146,2026-05-15 19:46:23,9,q70,0,14,289,801,910,6841,5943,1059,1095,0,0,0,70,250150,0,0,1418427424,5521049,87080133,0,0,75,32,32,0,5530,5530,0,0,5530,75,8.54,0.8
1147,2026-05-15 19:46:25,9,q70a,0,17,294,843,939,6432,5952,1123,1089,0,212,0,69,250150,0,0,883653600,5521049,87080133,0,0,80,67,67,0,6897,6897,0,0,3717,50,7.63,0.84
1148,2026-05-15 19:46:27,9,q71,0,6,153,122,309,862,524,586,605,0,0,0,0,232049,0,0,0,20003,415390,0,0,0,0,0,0,0,0,0,0,0,0,7.07,0.12
1149,2026-05-15 19:46:28,9,q72,0,22,592,872,6475,7987,5993,2153,2193,3,359,0,552,1954496,0,0,0,3691426,62701424,0,0,0,0,0,0,0,0,0,0,48268802,1427675,9.16,0.87
1150,2026-05-15 19:46:30,9,q73,0,8,204,179,577,1370,881,820,818,0,90,0,0,232522,0,0,0,20016,433878,0,0,0,0,0,0,0,0,0,0,0,0,7.65,0.18
1151,2026-05-15 19:46:31,9,q74,0,19,425,1560,2898,19189,15804,1499,1471,0,96,0,2206,3001190,0,0,5984752472,7080193,155346612,0,0,119522,92,92,0,6335237,6335237,0,0,6335237,119522,12.3,1.56
1152,2026-05-15 19:46:34,9,q75,0,11,335,349,1506,3485,2412,1200,1209,0,50,0,0,5628752,0,0,0,399880,27530810,0,0,0,0,0,0,0,0,0,0,0,0,9.99,0.35
1153,2026-05-15 19:46:36,9,q76,0,9,300,720,657,6702,5669,1094,1103,0,70,0,421,380855,0,0,3563740088,4542915,105621773,0,0,2845,47,47,0,288862,288862,0,0,288862,2845,9.31,0.72
1154,2026-05-15 19:46:37,9,q77,0,23,556,996,1449,9588,7607,1866,1910,0,80,0,69,250150,0,0,931440160,5422723,193462670,0,0,358,36,36,0,27413,27413,0,0,27413,358,9.63,1.0
1155,2026-05-15 19:46:39,9,q77a,0,26,561,1026,1358,8361,6852,2017,1937,0,161,0,86,250150,0,0,1537516864,5422723,193462670,0,0,430,48,48,0,40478,40478,0,0,29256,350,8.15,1.03
1156,2026-05-15 19:46:42,9,q78,0,17,467,1480,2505,17935,14482,1628,1548,0,0,0,1047,3066835,0,0,9367067000,5435788,195962176,0,0,872867,493,493,0,22699084,22699084,0,0,22699084,872867,12.12,1.48
1157,2026-05-15 19:46:44,9,q79,0,11,272,755,1162,7760,6870,1012,1051,0,112,0,201,2502367,0,0,1147022720,2877727,66051382,0,0,7013,15,15,0,417886,417886,0,0,417886,7013,10.28,0.76
1158,2026-05-15 19:46:46,9,q80,0,26,706,1404,4514,15333,12806,2481,2493,24,168,0,80,5925701,0,0,2569332360,5465853,206524019,0,0,1454,17,17,0,126441,126441,0,0,126441,1454,10.92,1.4
1159,2026-05-15 19:46:49,9,q80a,0,29,711,1463,3836,14401,13231,2536,2509,0,60,0,85,5925744,0,0,2974082552,5465853,206524019,0,0,2254,27,27,0,206608,206608,0,0,132374,1504,9.84,1.46
1160,2026-05-15 19:46:51,9,q81,0,15,340,587,1139,4523,2237,1274,1230,0,0,0,1143,4061378,0,0,1822093480,508538,38051141,0,0,54415,31,31,0,1496687,1496687,0,0,1496687,54415,7.71,0.59
1161,2026-05-15 19:46:53,9,q82,0,10,247,705,950,7143,5985,915,851,0,196,0,491,250892,0,0,322971168,14663806,79014239,0,0,475046,206,206,0,12560612,12560612,0,0,12560612,2880440,10.13,0.7
1162,2026-05-15 19:46:55,9,q83,0,17,405,680,607,3721,2188,1404,1463,0,80,0,108,249968,0,0,524802200,727958,46158441,0,0,4535,11,11,0,161459,161459,0,0,161459,4535,5.47,0.68
1163,2026-05-15 19:46:56,9,q84,0,13,324,684,984,1627,737,1106,1179,0,0,0,0,9751042,0,0,204944448,2365739,26285942,0,0,25,1,1,0,966,966,0,0,966,25,2.38,0.68
1164,2026-05-15 19:46:58,9,q85,0,13,372,297,1416,2354,1341,1349,1394,0,0,0,0,2448176,0,0,0,92064,11156026,0,0,0,0,0,0,0,0,0,0,0,0,7.93,0.3
1165,2026-05-15 19:47:00,9,q86,0,8,170,389,401,2919,2356,718,634,0,176,0,120,271427,0,0,1231609192,757586,32573325,0,0,2016,16,16,0,174839,174839,0,0,174839,2016,7.5,0.39
1166,2026-05-15 19:47:01,9,q86a,0,11,175,437,427,2912,2580,624,656,0,0,0,157,271427,0,0,1837685776,757586,32573325,0,0,5717,54,54,0,507351,507351,0,0,181881,2091,6.66,0.44
1167,2026-05-15 19:47:03,9,q87,0,15,306,1147,1826,12651,10317,1033,1032,0,96,0,1325,2502324,0,0,4130345088,5031845,70788406,0,0,138558,45,45,0,4440028,4440028,0,0,4440028,138558,11.03,1.15
1168,2026-05-15 19:47:05,9,q88,0,44,1046,1703,5277,19078,15906,3437,3574,3,147,0,20,250247,0,0,411870208,23252054,257923937,0,0,128,128,128,0,7538,7538,0,0,7538,128,11.2,1.7
1169,2026-05-15 19:47:08,9,q89,0,7,154,138,329,1016,716,596,613,0,0,0,0,232049,0,0,0,20015,439525,0,0,0,0,0,0,0,0,0,0,0,0,7.36,0.14
1170,2026-05-15 19:47:09,9,q90,0,14,338,536,937,5093,4162,1202,1210,0,90,0,4,247399,0,0,103555328,1486432,39981740,0,0,32,32,32,0,1885,1885,0,0,1885,32,9.5,0.54
1171,2026-05-15 19:47:10,9,q91,0,12,307,228,1127,1613,904,1180,1199,0,0,0,0,232049,0,0,0,77212,853287,0,0,0,0,0,0,0,0,0,0,0,0,7.07,0.23
1172,2026-05-15 19:47:12,9,q92,0,11,237,472,658,4944,4126,864,864,0,112,0,149,247399,0,0,107651768,1477170,65019957,0,0,16290,21,21,0,307740,307740,0,0,307740,16290,10.47,0.47
1173,2026-05-15 19:47:13,9,q93,0,4,102,68,125,389,157,373,390,0,0,0,0,250022,0,0,0,201,74729,0,0,0,0,0,0,0,0,0,0,0,0,5.72,0.07
1174,2026-05-15 19:47:14,9,q94,0,10,270,230,726,1793,942,1040,968,0,84,0,0,3560529,0,0,0,789791,16628494,0,0,0,0,0,0,0,0,0,0,0,0,7.8,0.23
1175,2026-05-15 19:47:16,9,q95,0,14,402,696,2652,6917,4946,1505,1453,0,368,0,861,3570531,0,0,0,1581334,64194951,0,0,0,0,0,0,0,0,0,0,15806950,719067,9.94,0.7
1176,2026-05-15 19:47:17,9,q96,0,9,220,374,488,3253,2614,774,804,0,0,0,2,250204,0,0,51086464,2907819,32275559,0,0,16,16,16,0,941,941,0,0,941,16,8.7,0.37
1177,2026-05-15 19:47:19,9,q97,0,8,194,909,1022,9263,8131,637,670,14,138,0,673,250150,0,0,4642400160,4212260,63848862,0,0,840662,290,290,0,10313062,10313062,0,0,10313062,840662,10.19,0.91
1178,2026-05-15 19:47:21,9,q98,0,5,103,91,135,572,395,410,408,1,0,0,0,232049,0,0,0,20002,400413,0,0,0,0,0,0,0,0,0,0,0,0,6.29,0.09
1179,2026-05-15 19:47:22,9,q99,0,11,271,664,984,6465,5821,1078,1038,0,24,0,87,247742,0,0,1145357568,1461783,34474008,0,0,1350,15,15,0,166470,166470,0,0,166470,1350,9.74,0.66
