ID,timestamp,run_id,query,query_rerun_id,numStages,numTasks,elapsedTime,stageDuration,executorRunTime,executorCpuTime,executorDeserializeTime,executorDeserializeCpuTime,resultSerializationTime,jvmGCTime,shuffleFetchWaitTime,shuffleWriteTime,resultSize,diskBytesSpilled,memoryBytesSpilled,peakExecutionMemory,recordsRead,bytesRead,recordsWritten,bytesWritten,shuffleRecordsRead,shuffleTotalBlocksFetched,shuffleLocalBlocksFetched,shuffleRemoteBlocksFetched,shuffleTotalBytesRead,shuffleLocalBytesRead,shuffleRemoteBytesRead,shuffleRemoteBytesReadToDisk,shuffleBytesWritten,shuffleRecordsWritten,avg_active_tasks,elapsed_time_seconds
0,2026-05-18 00:51:19,0,q1,0,12,134,1381,2223,12407,7614,237,180,0,0,0,1992,406633,0,0,3493632216,6127653,108568026,0,0,2172339,220,220,0,31541287,31541287,0,0,31541287,2172339,8.98,1.38
1,2026-05-18 00:51:22,0,q2,0,9,120,942,807,9373,5935,158,161,0,224,0,413,1204223,0,0,839171944,21747366,110395806,0,0,4756,338,338,0,200702,200702,0,0,76764,3504,9.95,0.94
2,2026-05-18 00:51:24,0,q3,0,4,69,449,424,3328,2137,77,83,0,0,0,143,721117,0,0,240926696,27682256,175143304,0,0,1010,15,15,0,88613,88613,0,0,88613,1010,7.41,0.45
3,2026-05-18 00:51:25,0,q4,0,22,389,9033,43111,139128,102769,505,542,6,2960,0,20986,1682654,0,0,39674206800,49681524,683359278,0,0,102286012,8739,8739,0,2539550644,2539550644,0,0,1275015000,51438627,15.4,9.03
4,2026-05-18 00:51:36,0,q5,0,11,403,2437,5442,35352,27325,388,494,1,544,0,5208,1556463,0,0,3754844192,61225599,592403004,0,0,7889656,1728,1728,0,114764218,114764218,0,0,114764218,7889656,14.51,2.44
5,2026-05-18 00:51:40,0,q5a,0,14,408,2577,5786,34475,27363,401,496,1,672,0,4879,1556463,0,0,4293812064,61225599,592403004,0,0,7891635,1738,1738,0,114931337,114931337,0,0,114798107,7889811,13.38,2.58
6,2026-05-18 00:51:44,0,q6,0,11,92,1926,3734,23790,18371,139,135,3,464,0,3498,5014279,0,0,4851667944,28607305,108733860,0,0,27358702,1158,1158,0,237127054,237127054,0,0,237127054,27358702,12.35,1.93
7,2026-05-18 00:51:47,0,q7,0,9,93,1926,7117,27164,22916,58,80,0,1024,0,4358,783559,0,0,838432440,29603556,356553463,0,0,26629749,85,85,0,767598824,767598824,0,0,767598824,26629749,14.1,1.93
8,2026-05-18 00:51:50,0,q8,0,10,75,920,862,10329,9376,96,120,0,0,0,23,1650915,0,0,4865332224,28580358,117278168,0,0,6668,6,6,0,79456,79456,0,0,79456,6668,11.23,0.92
9,2026-05-18 00:51:52,0,q9,0,31,1021,1568,22847,22278,17654,52,586,3,786,0,147,321512,0,0,0,432007560,1172940160,0,0,1005,1005,1005,0,63138,63138,0,0,63138,1005,14.21,1.57
10,2026-05-18 00:51:54,0,q10,0,13,211,957,2417,10317,8234,58,145,34,528,0,420,594763,0,0,1683225704,51779275,120735650,0,0,4321867,84,84,0,66317919,66317919,0,0,66317919,4321867,10.78,0.96
11,2026-05-18 00:51:57,0,q10a,0,10,210,561,1276,5789,5170,46,151,0,0,0,376,821036,0,0,2194445312,51779275,120735650,0,0,4289247,138,138,0,66290269,66290269,0,0,66290269,4289247,10.32,0.56
12,2026-05-18 00:51:58,0,q11,0,17,258,4459,14778,67840,55392,325,326,7,1395,5,9377,1373324,0,0,26856842912,35353393,267813392,0,0,71770406,5474,5474,0,1049683414,1049683414,0,0,536131307,36215116,15.21,4.46
13,2026-05-18 00:52:04,0,q12,0,5,55,685,609,6243,5460,80,75,0,0,0,41,3269297,0,0,862371576,7375137,69292534,0,0,26498,6,6,0,3416917,3416917,0,0,3416917,26498,9.11,0.68
14,2026-05-18 00:52:06,0,q13,0,9,76,1224,2302,16222,13398,52,63,0,629,0,525,1611538,0,0,573747424,29758358,442127593,0,0,193014,17,17,0,2753258,2753258,0,0,2753258,193014,13.25,1.22
15,2026-05-18 00:52:08,0,q14a,0,30,641,7440,16435,89913,73748,562,802,3,1555,0,15913,1778562,0,0,12052039384,147733425,817696760,0,0,62683055,1638,1638,0,832554372,832554372,0,0,829543316,62596531,12.09,7.44
16,2026-05-18 00:52:19,0,q14b,0,24,503,4605,11176,63236,55536,387,582,0,1033,0,7388,1777874,0,0,10234366640,126351304,625377074,0,0,68475639,1565,1565,0,934830449,934830449,0,0,491078678,40968432,13.73,4.61
17,2026-05-18 00:52:25,0,q14,0,24,499,3951,9811,52464,46133,466,652,0,934,0,7130,1778648,0,0,8268647616,126351304,625377074,0,0,68314948,1371,1371,0,925505459,925505459,0,0,481753688,40807741,13.28,3.95
18,2026-05-18 00:52:30,0,q15,0,6,83,1732,1732,22200,16533,40,67,0,33,0,6125,5014279,0,0,5245524392,15151180,83588960,0,0,14544315,1088,1088,0,126141563,126141563,0,0,126141563,14544315,12.82,1.73
19,2026-05-18 00:52:33,0,q16,0,8,195,2463,5714,35517,29747,63,145,0,752,0,6145,424379,0,0,4703921456,30563805,216701841,0,0,30114572,2975,2975,0,425546236,425546236,0,0,425546236,30114572,14.42,2.46
20,2026-05-18 00:52:36,0,q17,0,10,217,4771,11318,64728,58134,83,176,0,736,0,9788,6945969,0,0,7880912176,44860789,306329872,0,0,45538041,3319,3319,0,1083953570,1083953570,0,0,1083953570,45538041,13.57,4.77
21,2026-05-18 00:52:42,0,q18,0,12,96,1718,5983,19188,17045,82,90,3,240,0,3087,9713803,0,0,3065959144,19094780,276393850,0,0,14505220,98,98,0,425374885,425374885,0,0,425374885,14505220,11.17,1.72
22,2026-05-18 00:52:45,0,q18a,0,21,170,2749,12586,35115,30729,150,190,0,0,0,3290,9713760,0,0,13017939008,19946780,279627504,0,0,71657644,357,357,0,2102947115,2102947115,0,0,426335063,14562060,12.77,2.75
23,2026-05-18 00:52:49,0,q19,0,7,72,819,784,8513,7856,75,91,0,0,0,32,5014279,0,0,3108604640,28432358,208799922,0,0,2718,3,3,0,190396,190396,0,0,190396,2718,10.39,0.82
24,2026-05-18 00:52:51,0,q20,0,5,67,622,582,7005,6214,57,73,0,0,0,41,3269297,0,0,988820632,14503180,110733060,0,0,36807,6,6,0,4663129,4663129,0,0,4663129,36807,11.26,0.62
25,2026-05-18 00:52:52,0,q21,0,5,54,1056,1045,14447,12809,60,68,0,672,0,22,685446,0,0,385904296,133285059,523170535,0,0,63700,2,2,0,1093197,1093197,0,0,1093197,63700,13.68,1.06
26,2026-05-18 00:52:55,0,q22,0,6,71,19310,19263,162696,160514,140,106,0,830,0,229,4630315,0,0,2847197272,133285059,523150926,0,0,2038920,187,187,0,85798101,85798101,0,0,85798101,2038920,8.43,19.31
27,2026-05-18 00:53:15,0,q22a,0,10,135,2050,2724,23263,19624,188,206,0,448,0,2885,4630315,0,0,11914496448,133285059,523156014,0,0,2703130,857,857,0,135114839,135114839,0,0,33171531,664170,11.35,2.05
28,2026-05-18 00:53:18,0,q23a,0,18,403,6763,11807,97637,88495,374,453,2,1952,0,10673,6577006,0,0,22085629712,106164281,576934608,0,0,43094559,2877,2877,0,1053109860,1053109860,0,0,1008527567,40441747,14.44,6.76
29,2026-05-18 00:53:26,0,q23b,0,21,423,6738,14282,100611,90858,555,548,2,1760,0,10406,6577006,0,0,34872161472,106664281,579986654,0,0,49362664,6636,6636,0,1167746200,1167746200,0,0,1020911877,40904228,14.93,6.74
30,2026-05-18 00:53:34,0,q24,0,12,160,2875,8675,38869,34547,48,109,2,704,0,6155,463487,0,0,4795803152,32530235,250385654,0,0,30468590,2041,2041,0,736174632,736174632,0,0,736174632,30468590,13.52,2.88
31,2026-05-18 00:53:38,0,q24a,0,19,213,4468,10100,54572,48629,151,196,0,1110,0,7910,3560798,0,0,14728425696,32632235,249079712,0,0,61448141,4647,4647,0,1495214546,1495214546,0,0,765303292,30991090,12.21,4.47
32,2026-05-18 00:53:44,0,q24b,0,19,213,4029,9029,49120,46350,128,191,0,624,0,6012,3560798,0,0,14722420960,32632235,249079712,0,0,61437701,4647,4647,0,1493987363,1493987363,0,0,764076109,30980650,12.19,4.03
33,2026-05-18 00:53:49,0,q25,0,10,217,4685,10982,63838,59167,73,170,0,1072,0,7679,6945969,0,0,7880887560,44860789,397738628,0,0,45538038,3316,3316,0,1103935384,1103935384,0,0,1103935384,45538038,13.63,4.68
34,2026-05-18 00:53:54,0,q26,0,8,87,1340,4270,17340,15737,63,77,0,352,0,2295,783559,0,0,568948504,16424480,222520799,0,0,14338674,72,72,0,390664156,390664156,0,0,390664156,14338674,12.94,1.34
35,2026-05-18 00:53:57,0,q27,0,8,91,1905,7018,27175,23972,44,75,0,960,0,3789,783559,0,0,637313664,29603158,330984235,0,0,26618343,74,74,0,683120336,683120336,0,0,683120336,26618343,14.27,1.9
36,2026-05-18 00:54:00,0,q27a,0,13,130,2192,9363,32334,29514,78,113,0,800,0,3798,783559,0,0,1361438760,29705260,331293045,0,0,79689890,233,233,0,2045386751,2045386751,0,0,683384333,26621186,14.75,2.19
37,2026-05-18 00:54:03,0,q28,0,18,431,2783,15976,42247,31860,390,471,3,1314,0,15063,361206,0,0,27424709080,172803006,1181120100,0,0,1375311,1564,1564,0,24467873,24467873,0,0,24467873,1375311,15.18,2.78
38,2026-05-18 00:54:07,0,q29,0,11,218,4681,12146,63161,58524,64,170,1,720,0,8275,6945969,0,0,7880995000,44933838,306809624,0,0,45538045,3321,3321,0,1083954345,1083954345,0,0,1083954345,45538045,13.49,4.68
39,2026-05-18 00:54:13,0,q30,0,12,128,673,1431,4809,3870,188,176,0,0,0,698,1994073,0,0,3968087040,2698567,84728162,0,0,758073,76,76,0,60290235,60290235,0,0,60290235,758073,7.15,0.67
40,2026-05-18 00:54:15,0,q31,0,19,361,2064,9681,28133,23367,369,380,0,0,0,327,3834069,0,0,8267955576,104591032,556455694,0,0,35774,23,23,0,1274891,1274891,0,0,1208352,34875,13.63,2.06
41,2026-05-18 00:54:18,0,q32,0,7,129,728,1297,9570,8216,54,103,0,547,0,336,708064,0,0,219553416,28831311,213647650,0,0,135308,67,67,0,1892436,1892436,0,0,1892436,135308,13.15,0.73
42,2026-05-18 00:54:20,0,q33,0,9,186,1042,1996,13913,12844,181,218,0,0,0,104,1088027,0,0,2700416024,49562475,406209848,0,0,7609,8,8,0,210206,210206,0,0,210206,7609,13.35,1.04
43,2026-05-18 00:54:22,0,q34,0,9,104,810,1037,10886,9784,111,114,0,0,0,1051,908270,0,0,397086752,28087558,87187312,0,0,1010675,85,85,0,34409535,34409535,0,0,17491770,510675,13.44,0.81
44,2026-05-18 00:54:24,0,q35,0,12,216,1279,2550,15009,13153,60,155,0,0,0,1328,2112212,0,0,5209334768,51779275,120469410,0,0,8052611,351,351,0,39149825,39149825,0,0,39149825,8052611,11.73,1.28
45,2026-05-18 00:54:26,0,q35a,0,11,216,980,1983,10338,8888,68,171,0,208,0,1565,2112212,0,0,4420805904,51779275,120469410,0,0,8049848,363,363,0,39176588,39176588,0,0,39176588,8049848,10.55,0.98
46,2026-05-18 00:54:28,0,q36,0,6,71,806,763,10322,9312,72,89,0,0,0,171,1858292,0,0,1770423992,27682358,272625812,0,0,2238,14,14,0,177240,177240,0,0,177240,2238,12.81,0.81
47,2026-05-18 00:54:30,0,q36a,0,9,76,772,700,8575,7282,77,93,0,432,0,333,1858292,0,0,2309391864,27682358,272625812,0,0,6097,45,45,0,506805,506805,0,0,183763,2255,11.11,0.77
48,2026-05-18 00:54:32,0,q37,0,6,132,1181,1833,15392,14002,46,93,1,416,0,1656,300658,0,0,949600864,147685474,583391793,0,0,4316414,1074,1074,0,66666749,66666749,0,0,66666749,14400617,13.03,1.18
49,2026-05-18 00:54:34,0,q38,0,13,266,2181,5832,32159,25899,116,221,0,528,0,4119,2992804,0,0,14880596040,49608475,112842050,0,0,12908807,1346,1346,0,99167332,99167332,0,0,72992444,11908807,14.75,2.18
50,2026-05-18 00:54:37,0,q39a,0,11,149,2132,3660,27750,24893,269,237,0,1072,0,539,801878,0,0,4135752968,266468108,1044999740,0,0,2587909,102,102,0,54248007,54248007,0,0,33889570,1567909,13.02,2.13
51,2026-05-18 00:54:40,0,q39b,0,11,149,1436,2630,17636,16403,206,240,0,1024,0,196,685360,0,0,4037186824,266468108,1044999740,0,0,2551488,102,102,0,53122748,53122748,0,0,32764311,1531488,12.28,1.44
52,2026-05-18 00:54:43,0,q40,0,7,133,1858,4483,26103,22221,45,101,0,992,0,4513,348899,0,0,4141621464,15943072,160910918,0,0,15748014,1921,1921,0,314097218,314097218,0,0,314097218,15748014,14.05,1.86
53,2026-05-18 00:54:46,0,q41,0,4,4,146,118,102,102,3,3,0,0,0,7,13527,0,0,135268304,204000,1272987,0,0,140,2,2,0,9680,9680,0,0,9680,140,0.7,0.15
54,2026-05-18 00:54:47,0,q42,0,4,69,454,443,6262,5537,67,77,0,180,0,10,720085,0,0,361643416,27682256,175012340,0,0,32,3,3,0,2656,2656,0,0,2656,32,13.79,0.45
55,2026-05-18 00:54:49,0,q43,0,4,69,635,612,8869,7963,80,85,0,0,0,58,720988,0,0,223324760,27580358,92393362,0,0,294,14,14,0,37327,37327,0,0,37327,294,13.97,0.64
56,2026-05-18 00:54:50,0,q44,0,8,152,654,720,7898,6342,87,150,0,479,0,2042,1665021,0,0,2147935336,57703002,325654173,0,0,991985,1019,1019,0,15013054,15013054,0,0,7510252,496103,12.08,0.65
57,2026-05-18 00:54:52,0,q45,0,8,73,1281,1342,16821,15224,39,61,0,384,0,1682,5014279,0,0,5068807392,8227137,74049122,0,0,7447479,880,880,0,100357151,100357151,0,0,100357151,7447479,13.13,1.28
58,2026-05-18 00:54:54,0,q46,0,9,88,948,1101,11303,10154,122,132,0,154,0,1082,3376534,0,0,1865078648,28337558,223735832,0,0,529456,69,69,0,17624191,17624191,0,0,17624191,529456,11.92,0.95
59,2026-05-18 00:54:56,0,q47,0,11,111,1435,2114,15692,12967,146,158,0,328,0,1674,2307790,0,0,6164710032,27682358,164292904,0,0,1188303,557,557,0,45099824,45099824,0,0,31097353,822201,10.94,1.44
60,2026-05-18 00:54:59,0,q48,0,8,91,1249,2238,18347,14768,57,76,0,2162,0,2042,1686071,0,0,620257344,29751158,253754317,0,0,4383965,86,86,0,101320820,101320820,0,0,101320820,4383965,14.69,1.25
61,2026-05-18 00:55:01,0,q49,0,18,387,2417,9853,35084,28092,102,287,0,1024,0,9974,320538,0,0,4516096824,54145455,723228567,0,0,15195840,337,337,0,341356024,341356024,0,0,341356024,15195840,14.52,2.42
62,2026-05-18 00:55:05,0,q50,0,7,137,2692,6322,37097,32865,50,106,0,446,0,5239,373096,0,0,4687124776,30430658,175355068,0,0,29262054,1989,1989,0,613521501,613521501,0,0,613521501,29262054,13.78,2.69
63,2026-05-18 00:55:09,0,q51,0,10,218,2925,4190,40768,34858,252,272,0,1040,0,4352,536415,0,0,10760036720,34780344,215300374,0,0,23550796,1826,1826,0,399477556,399477556,0,0,399477556,23550796,13.94,2.92
64,2026-05-18 00:55:13,0,q51a,0,14,285,20739,24430,273236,254697,373,402,0,3124,13,4855,567630,0,0,27699775816,34780344,215300374,0,0,46681572,2728,2728,0,770734582,770734582,0,0,558633027,35219606,13.17,20.74
65,2026-05-18 00:55:34,0,q52,0,4,69,313,292,3608,2811,71,77,0,0,0,34,719526,0,0,361643416,27682256,175143412,0,0,1253,3,3,0,78201,78201,0,0,78201,1253,11.53,0.31
66,2026-05-18 00:55:36,0,q53,0,6,71,694,677,9015,8289,71,88,0,0,0,469,905346,0,0,377079056,27682358,164829516,0,0,16165,15,15,0,408667,408667,0,0,408667,16165,12.99,0.69
67,2026-05-18 00:55:38,0,q54,0,17,221,1874,6102,24457,22143,172,228,27,332,0,2885,5014322,0,0,5714824408,50179724,254216284,0,0,27925422,310,310,0,266485912,266485912,0,0,266485912,27925422,13.05,1.87
68,2026-05-18 00:55:41,0,q55,0,4,69,413,402,5490,5039,63,75,0,0,0,55,719354,0,0,428752256,27682256,175143412,0,0,1135,3,3,0,68028,68028,0,0,68028,1135,13.29,0.41
69,2026-05-18 00:55:42,0,q56,0,9,186,1133,2244,14967,13644,181,220,0,0,0,102,1087984,0,0,2175177976,49562475,406474536,0,0,9560,8,8,0,277255,277255,0,0,277255,9560,13.21,1.13
70,2026-05-18 00:55:44,0,q57,0,11,116,1365,2072,16905,13476,215,172,0,544,0,1476,2307790,0,0,7200266704,14503204,110662841,0,0,1383219,710,710,0,54933681,54933681,0,0,38383959,962849,12.38,1.36
71,2026-05-18 00:55:47,0,q58,0,10,185,1331,3077,17068,15471,185,211,0,23,0,63,1076810,0,0,2551216384,49356573,346801998,0,0,135107,4,4,0,1828873,1828873,0,0,1828873,135107,12.82,1.33
72,2026-05-18 00:55:49,0,q59,0,10,75,868,917,7628,6663,80,82,0,0,0,1098,754364,0,0,4767648528,27726558,92696242,0,0,70176,134,134,0,2819225,2819225,0,0,1588690,53703,8.79,0.87
73,2026-05-18 00:55:51,0,q60,0,9,186,1125,1935,14749,12922,181,221,3,304,0,192,1088371,0,0,2730483240,49562475,406410552,0,0,62086,11,11,0,1172891,1172891,0,0,1172891,62086,13.11,1.12
74,2026-05-18 00:55:53,0,q61,0,10,140,1056,1660,14173,13400,15,83,0,0,0,18,5014279,0,0,4114268400,55940065,442550324,0,0,132,132,132,0,7536,7536,0,0,7536,132,13.42,1.06
75,2026-05-18 00:55:56,0,q62,0,6,55,658,643,9279,8144,52,66,0,0,0,629,825949,0,0,290368584,7273209,32942921,0,0,6738,17,17,0,552322,552322,0,0,552322,6738,14.1,0.66
76,2026-05-18 00:55:57,0,q63,0,6,71,593,575,7547,6318,67,85,0,640,0,254,905647,0,0,377013520,27682358,164831636,0,0,3687,15,15,0,139756,139756,0,0,139756,3687,12.73,0.59
77,2026-05-18 00:55:59,0,q64,0,33,489,9577,40493,144867,126659,549,710,3,1680,0,20637,1086691,0,0,42845976528,49224915,554753421,0,0,66198164,9180,9180,0,2330744062,2330744062,0,0,2093202009,55680264,15.13,9.58
78,2026-05-18 00:56:10,0,q65,0,10,188,1641,2909,23610,19979,204,236,1,560,0,2246,9164527,0,0,6973681856,55189565,331105822,0,0,12118897,561,561,0,395472051,395472051,0,0,395472051,12118897,14.39,1.64
79,2026-05-18 00:56:13,0,q66,0,8,119,1111,1418,12635,9810,278,307,0,208,0,97,1024378,0,0,2539847856,21687698,256846431,0,0,270,27,27,0,99522,99522,0,0,99522,270,11.37,1.11
80,2026-05-18 00:56:15,0,q67,0,6,87,6032,5980,76080,73007,121,138,0,1119,0,1181,4630315,0,0,7731250296,27682358,196558995,0,0,8547444,255,255,0,588025508,588025508,0,0,588025508,8547444,12.61,6.03
81,2026-05-18 00:56:22,0,q67a,0,14,229,10156,35183,139437,129260,382,407,0,1903,0,5169,4630315,0,0,27839457704,27682358,196558995,0,0,53570770,2150,2150,0,3473889114,3473889114,0,0,795502802,12999562,13.73,10.16
82,2026-05-18 00:56:33,0,q68,0,9,88,986,1155,12967,11851,123,127,0,160,0,567,3376534,0,0,1836459800,28337558,342924944,0,0,507674,58,58,0,16407935,16407935,0,0,16407935,507674,13.15,0.99
83,2026-05-18 00:56:35,0,q69,0,13,211,1192,2922,14387,13234,45,140,0,0,0,562,467445,0,0,1686012184,51779275,120539042,0,0,3828287,67,67,0,62008200,62008200,0,0,62008200,3828287,12.07,1.19
84,2026-05-18 00:56:38,0,q70,0,9,139,1124,1063,13892,12877,148,185,0,81,0,76,1369128,0,0,1587645624,55087667,227527888,0,0,249,30,30,0,13762,13762,0,0,13762,249,12.36,1.12
85,2026-05-18 00:56:40,0,q70a,0,12,144,952,830,10670,9862,153,191,0,0,0,77,1365303,0,0,1119979840,55087667,227527888,0,0,276,59,59,0,17527,17527,0,0,9675,198,11.21,0.95
86,2026-05-18 00:56:42,0,q71,0,7,184,1010,972,13181,11565,187,252,0,336,0,153,3342479,0,0,1362478064,49296875,359456002,0,0,31955,17,17,0,1445052,1445052,0,0,893499,20983,13.05,1.01
87,2026-05-18 00:56:44,0,q72,0,16,230,16940,28945,232587,221967,147,233,0,3110,0,9876,6576963,0,0,19933730552,151127670,707173824,0,0,142630673,5240,5240,0,2054109950,2054109950,0,0,2054109950,142630673,13.73,16.94
88,2026-05-18 00:57:02,0,q73,0,9,104,574,811,7360,6746,102,109,0,0,0,422,906851,0,0,395522080,28087558,87187312,0,0,1002732,67,67,0,33999056,33999056,0,0,17081291,502732,12.82,0.57
89,2026-05-18 00:57:04,0,q74,0,15,233,4008,13682,62090,52695,213,259,0,944,0,8646,1428954,0,0,22921014288,35353393,187654900,0,0,71557457,4867,4867,0,760549308,760549308,0,0,388587442,36002167,15.49,4.01
90,2026-05-18 00:57:09,0,q75,0,19,578,4009,14441,61150,50361,214,448,39,1134,0,10435,575156,0,0,12471749904,103356738,960216234,0,0,14156496,2600,2600,0,343447712,343447712,0,0,230989374,9118708,15.25,4.01
91,2026-05-18 00:57:14,0,q76,0,4,181,988,956,13717,12469,177,239,0,0,0,712,2886466,0,0,13801848136,49141969,393296636,0,0,2307,178,178,0,246571,246571,0,0,246571,2307,13.88,0.99
92,2026-05-18 00:57:16,0,q77,0,14,338,1482,6667,20856,18160,219,322,0,512,0,74,719397,0,0,1386293464,54013669,520712344,0,0,838,63,63,0,62565,62565,0,0,62565,838,14.07,1.48
93,2026-05-18 00:57:19,0,q77a,0,17,343,1238,4333,14303,11682,238,325,0,0,0,79,719268,0,0,1992370176,54013669,520712344,0,0,1313,74,74,0,119317,119317,0,0,77821,983,11.55,1.24
94,2026-05-18 00:57:21,0,q78,0,12,382,7405,22090,111269,100593,233,359,0,2037,0,11437,7360137,0,0,23440107088,54219312,629070584,0,0,54207585,4641,4641,0,1581114373,1581114373,0,0,1581114373,54207585,15.03,7.4
95,2026-05-18 00:57:30,0,q79,0,8,86,692,853,8330,7006,109,118,0,240,0,1319,2321400,0,0,3200173264,28087558,221286712,0,0,581366,141,141,0,16856485,16856485,0,0,16856485,581366,12.04,0.69
96,2026-05-18 00:57:32,0,q80,0,17,389,7204,32323,110997,101927,106,307,0,1776,0,13040,396363,0,0,14185165104,54260907,753816612,0,0,53052375,5630,5630,0,1574167848,1574167848,0,0,1574167848,53052375,15.41,7.2
97,2026-05-18 00:57:40,0,q80a,0,20,394,7185,30641,108454,99645,144,331,0,1998,0,13350,396363,0,0,14657024136,54260907,753816612,0,0,53053332,5641,5641,0,1574283460,1574283460,0,0,1574180710,53052306,15.09,7.18
98,2026-05-18 00:57:49,0,q81,0,15,136,731,1509,6601,5470,185,177,0,0,0,866,1994073,0,0,4757671472,4202813,120332210,0,0,1389733,132,132,0,37657316,37657316,0,0,37657316,1389733,9.03,0.73
99,2026-05-18 00:57:50,0,q82,0,6,137,1398,2478,18162,16241,42,98,0,608,0,2209,325465,0,0,1721378256,162085550,618697681,0,0,13778665,1171,1171,0,135990185,135990185,0,0,135990185,28800829,12.99,1.4
100,2026-05-18 00:57:53,0,q83,0,10,157,643,1361,6838,5594,189,180,0,378,0,193,822203,0,0,2454086016,5226039,97536411,0,0,43611,11,11,0,713915,713915,0,0,713915,43611,10.63,0.64
101,2026-05-18 00:57:55,0,q84,0,9,73,882,2214,7276,6475,36,52,0,0,0,1399,9713760,0,0,100948512,5555652,27854895,0,0,2778987,65,65,0,15445745,15445745,0,0,15445745,2778987,8.25,0.88
102,2026-05-18 00:57:57,0,q85,0,14,146,1163,5237,15666,12111,73,125,0,832,0,4542,1611538,0,0,3522586704,12085256,163938312,0,0,3025215,1744,1744,0,68690797,68690797,0,0,68690797,3025215,13.47,1.16
103,2026-05-18 00:57:59,0,q86,0,5,54,515,479,6224,5630,54,59,0,0,0,106,1858292,0,0,1398655400,7375137,65640862,0,0,1915,12,12,0,135930,135930,0,0,135930,1915,12.09,0.52
104,2026-05-18 00:58:00,0,q86a,0,8,59,522,465,4603,4293,55,64,0,0,0,103,1858292,0,0,1937622872,7375137,65640862,0,0,5122,39,39,0,389397,389397,0,0,143801,1930,8.82,0.52
105,2026-05-18 00:58:02,0,q87,0,13,266,2132,5681,30788,23932,133,218,2,250,0,4467,2992761,0,0,14880596040,49608475,112842050,0,0,12908807,1346,1346,0,99167332,99167332,0,0,72992444,11908807,14.44,2.13
106,2026-05-18 00:58:05,0,q88,0,26,554,2025,13932,30228,28083,23,311,0,390,0,73,335649,0,0,1725092416,231102510,472553640,0,0,536,536,536,0,31619,31619,0,0,31619,536,14.93,2.02
107,2026-05-18 00:58:08,0,q89,0,6,71,604,583,6652,5610,67,87,0,16,0,662,905088,0,0,1316733360,27682358,164563240,0,0,16454,15,15,0,1056131,1056131,0,0,1056131,16454,11.01,0.6
108,2026-05-18 00:58:10,0,q90,0,8,106,568,791,8157,7629,10,54,0,0,0,12,250080,0,0,323739200,14580376,66265216,0,0,100,100,100,0,5900,5900,0,0,5900,100,14.36,0.57
109,2026-05-18 00:58:12,0,q91,0,11,62,717,779,4910,2170,65,76,0,0,0,41,9527061,0,0,2986896344,4190955,59315149,0,0,109809,8,8,0,1094555,1094555,0,0,1091937,109792,6.85,0.72
110,2026-05-18 00:58:14,0,q92,0,7,105,647,1134,8337,7586,31,80,11,22,0,433,709272,0,0,191374440,14575225,130635526,0,0,94062,53,53,0,1376229,1376229,0,0,1376229,94062,12.89,0.65
111,2026-05-18 00:58:15,0,q93,0,5,136,3973,6113,53240,50415,44,104,0,601,0,5106,321971,0,0,5766380072,31678178,236541444,0,0,31635854,2006,2006,0,788241663,788241663,0,0,788241663,31635854,13.4,3.97
112,2026-05-18 00:58:20,0,q94,0,8,171,1466,3908,21206,17846,52,113,0,496,0,3874,4007810,0,0,3571011840,15443541,143939774,0,0,14397040,1717,1717,0,225790004,225790004,0,0,225790004,14397040,14.47,1.47
113,2026-05-18 00:58:23,0,q95,0,8,171,4166,6325,60782,47064,54,124,23,1188,0,3783,4010610,0,0,14560086280,15443541,143677630,0,0,35990240,4267,4267,0,331280816,331280816,0,0,205215617,14395274,14.59,4.17
114,2026-05-18 00:58:28,0,q96,0,5,71,318,313,4312,4040,8,40,0,0,0,8,334875,0,0,213972808,28894203,59125646,0,0,67,67,67,0,3950,3950,0,0,3950,67,13.56,0.32
115,2026-05-18 00:58:29,0,q97,0,5,147,1829,2506,25462,22670,128,162,3,180,0,856,537189,0,0,7340928768,41908387,183291428,0,0,8381430,493,493,0,96998577,96998577,0,0,96998577,8381430,13.92,1.83
116,2026-05-18 00:58:32,0,q98,0,7,75,680,612,5192,4492,74,85,2,155,0,55,3269297,0,0,1300366872,27682256,178371000,0,0,71672,14,14,0,9066327,9066327,0,0,7253935,56508,7.64,0.68
117,2026-05-18 00:58:34,0,q99,0,6,67,775,762,10405,9532,68,84,0,0,0,534,1024421,0,0,343879080,14473528,74473752,0,0,13834,20,20,0,1092296,1092296,0,0,1092296,13834,13.43,0.78
118,2026-05-18 00:58:36,1,q1,0,12,134,879,1468,9727,7510,116,134,0,224,0,1713,407020,0,0,3493632216,6127653,108568026,0,0,2172339,220,220,0,31541287,31541287,0,0,31541287,2172339,11.07,0.88
119,2026-05-18 00:58:38,1,q2,0,9,120,658,600,7256,6287,116,146,0,192,0,353,1204739,0,0,839171944,21747366,110395806,0,0,4756,338,338,0,200702,200702,0,0,76764,3504,11.03,0.66
120,2026-05-18 00:58:40,1,q3,0,4,69,349,337,4422,4096,61,78,0,0,0,94,720773,0,0,240926696,27682256,175143304,0,0,1010,15,15,0,88613,88613,0,0,88613,1010,12.67,0.35
121,2026-05-18 00:58:41,1,q4,0,22,389,8261,41853,128931,111139,399,489,0,2256,0,17522,1682654,0,0,39674206800,49681524,683359278,0,0,102286012,8739,8739,0,2539550644,2539550644,0,0,1275015000,51438627,15.61,8.26
122,2026-05-18 00:58:50,1,q5,0,11,403,2160,4883,31801,27707,313,467,0,320,0,3549,1555517,0,0,3754844192,61225599,592403004,0,0,7889656,1728,1728,0,114764218,114764218,0,0,114764218,7889656,14.72,2.16
123,2026-05-18 00:58:54,1,q5a,0,14,408,2302,5431,31514,26238,325,480,0,1104,0,4078,1555646,0,0,4293812064,61225599,592403004,0,0,7891635,1738,1738,0,114931337,114931337,0,0,114798107,7889811,13.69,2.3
124,2026-05-18 00:58:57,1,q6,0,11,92,1668,3382,21910,20498,46,78,0,0,0,2397,5014279,0,0,4851667944,28607305,108733860,0,0,27358702,1158,1158,0,237127054,237127054,0,0,237127054,27358702,13.14,1.67
125,2026-05-18 00:59:00,1,q7,0,9,93,1814,6245,25164,23394,50,81,0,480,0,3309,783559,0,0,838432440,29603556,356553463,0,0,26629749,85,85,0,767598824,767598824,0,0,767598824,26629749,13.87,1.81
126,2026-05-18 00:59:03,1,q8,0,10,75,1165,1117,14361,13253,173,120,0,400,0,22,1651603,0,0,4865332224,28580358,117278168,0,0,6668,6,6,0,79456,79456,0,0,79456,6668,12.33,1.16
127,2026-05-18 00:59:05,1,q9,0,31,1021,1571,23039,22567,17170,96,581,0,1008,0,462,321254,0,0,0,432007560,1172940160,0,0,1005,1005,1005,0,63138,63138,0,0,63138,1005,14.36,1.57
128,2026-05-18 00:59:08,1,q10,0,13,211,994,2516,11369,10357,44,137,0,0,0,476,594763,0,0,1683225704,51779275,120735650,0,0,4321867,84,84,0,66317919,66317919,0,0,66317919,4321867,11.44,0.99
129,2026-05-18 00:59:10,1,q10a,0,10,210,545,1326,5915,5352,46,150,0,0,0,383,820993,0,0,2194445312,51779275,120735650,0,0,4289247,138,138,0,66290269,66290269,0,0,66290269,4289247,10.85,0.55
130,2026-05-18 00:59:11,1,q11,0,17,258,4196,14172,64618,55981,263,306,6,915,0,8675,1373324,0,0,26856842912,35353393,267813392,0,0,71770406,5474,5474,0,1049683414,1049683414,0,0,536131307,36215116,15.4,4.2
131,2026-05-18 00:59:17,1,q12,0,5,55,621,585,7281,6636,53,60,0,0,0,45,3269297,0,0,862371576,7375137,69292534,0,0,26498,6,6,0,3416917,3416917,0,0,3416917,26498,11.72,0.62
132,2026-05-18 00:59:19,1,q13,0,9,76,873,1621,11510,10015,25,56,0,368,0,537,1611581,0,0,573747424,29758358,442127593,0,0,193014,17,17,0,2753258,2753258,0,0,2753258,193014,13.18,0.87
133,2026-05-18 00:59:20,1,q14a,0,30,641,6790,15731,82486,69814,461,723,0,1984,0,13784,1778089,0,0,12052039384,147733425,817696760,0,0,62683055,1638,1638,0,832554372,832554372,0,0,829543316,62596531,12.15,6.79
134,2026-05-18 00:59:30,1,q14b,0,24,503,4513,11253,62049,55810,405,576,0,572,0,5924,1777272,0,0,10234366640,126351304,625377074,0,0,68475639,1565,1565,0,934830449,934830449,0,0,491078678,40968432,13.75,4.51
135,2026-05-18 00:59:36,1,q14,0,24,499,3678,9061,49445,43383,456,641,3,691,0,6896,1778519,0,0,8268647616,126351304,625377074,0,0,68314948,1371,1371,0,925505459,925505459,0,0,481753688,40807741,13.44,3.68
136,2026-05-18 00:59:41,1,q15,0,6,83,2054,2048,26388,23088,41,68,0,192,0,2120,5014279,0,0,5245524392,15151180,83588960,0,0,14544315,1088,1088,0,126141563,126141563,0,0,126141563,14544315,12.85,2.05
137,2026-05-18 00:59:44,1,q16,0,8,195,2281,6186,33113,29558,58,148,0,400,0,5292,424379,0,0,4703921456,30563805,216701841,0,0,30114572,2975,2975,0,425546236,425546236,0,0,425546236,30114572,14.52,2.28
138,2026-05-18 00:59:47,1,q17,0,10,217,4857,11585,65787,60305,70,176,1,528,0,7718,6945969,0,0,7880912176,44860789,306329872,0,0,45538041,3319,3319,0,1083953570,1083953570,0,0,1083953570,45538041,13.54,4.86
139,2026-05-18 00:59:53,1,q18,0,12,96,1612,5918,18352,16107,61,87,0,308,0,2833,9713760,0,0,3065959144,19094780,276393850,0,0,14505220,98,98,0,425374885,425374885,0,0,425374885,14505220,11.38,1.61
140,2026-05-18 00:59:56,1,q18a,0,21,170,2678,12593,34864,31370,133,184,0,76,0,3324,9713803,0,0,13017939008,19946780,279627504,0,0,71657644,357,357,0,2102947115,2102947115,0,0,426335063,14562060,13.02,2.68
141,2026-05-18 01:00:00,1,q19,0,7,72,552,530,5987,5465,84,91,0,0,0,49,5014279,0,0,3108604640,28432358,208799922,0,0,2718,3,3,0,190396,190396,0,0,190396,2718,10.85,0.55
142,2026-05-18 01:00:02,1,q20,0,5,67,618,560,6662,5423,63,75,0,0,0,48,3269297,0,0,988820632,14503180,110733060,0,0,36807,6,6,0,4663129,4663129,0,0,4663129,36807,10.78,0.62
143,2026-05-18 01:00:03,1,q21,0,5,54,1068,1061,14485,13821,56,65,0,0,0,23,684758,0,0,385904296,133285059,523170535,0,0,63700,2,2,0,1093197,1093197,0,0,1093197,63700,13.56,1.07
144,2026-05-18 01:00:05,1,q22,0,6,71,18492,18451,158212,155910,123,105,0,1348,0,218,4630315,0,0,2847197272,133285059,523150926,0,0,2038920,187,187,0,85798101,85798101,0,0,85798101,2038920,8.56,18.49
145,2026-05-18 01:00:25,1,q22a,0,10,135,2070,2739,25141,21545,196,208,0,688,0,2739,4630315,0,0,11914496448,133285059,523156014,0,0,2703130,857,857,0,135114839,135114839,0,0,33171531,664170,12.15,2.07
146,2026-05-18 01:00:28,1,q23a,0,18,403,6230,13020,92739,85212,403,499,0,1239,0,9599,6576963,0,0,22085629712,106164281,576934608,0,0,43094559,2877,2877,0,1053109860,1053109860,0,0,1008527567,40441747,14.89,6.23
147,2026-05-18 01:00:36,1,q23b,0,21,423,6671,14553,99494,90135,447,537,0,1495,0,11260,6576963,0,0,34872161472,106664281,579986654,0,0,49362664,6636,6636,0,1167746200,1167746200,0,0,1020911877,40904228,14.91,6.67
148,2026-05-18 01:00:43,1,q24,0,12,160,2936,8633,39206,34858,52,115,0,300,0,5789,463487,0,0,4795803152,32530235,250385654,0,0,30468590,2041,2041,0,736174632,736174632,0,0,736174632,30468590,13.35,2.94
149,2026-05-18 01:00:47,1,q24a,0,19,213,4451,9333,53709,49928,130,189,0,480,0,6911,3560798,0,0,14728425696,32632235,249079712,0,0,61448141,4647,4647,0,1495214546,1495214546,0,0,765303292,30991090,12.07,4.45
150,2026-05-18 01:00:53,1,q24b,0,19,213,4574,11354,57142,48298,135,192,0,1191,0,11750,3560798,0,0,14722420960,32632235,249079712,0,0,61437701,4647,4647,0,1493987363,1493987363,0,0,764076109,30980650,12.49,4.57
151,2026-05-18 01:00:59,1,q25,0,10,217,4854,12030,66431,62052,72,171,1,960,0,7744,6945969,0,0,7880887560,44860789,397738628,0,0,45538038,3316,3316,0,1103935384,1103935384,0,0,1103935384,45538038,13.69,4.85
152,2026-05-18 01:01:05,1,q26,0,8,87,1348,4101,17920,16207,48,74,0,360,0,2407,783559,0,0,568948504,16424480,222520799,0,0,14338674,72,72,0,390664156,390664156,0,0,390664156,14338674,13.29,1.35
153,2026-05-18 01:01:07,1,q27,0,8,91,1680,5971,23172,21674,67,85,0,403,0,2950,783602,0,0,637313664,29603158,330984235,0,0,26618343,74,74,0,683120336,683120336,0,0,683120336,26618343,13.79,1.68
154,2026-05-18 01:01:10,1,q27a,0,13,130,2366,9635,34877,32064,78,115,0,464,0,3951,783559,0,0,1361438760,29705260,331293045,0,0,79689890,233,233,0,2045386751,2045386751,0,0,683384333,26621186,14.74,2.37
155,2026-05-18 01:01:13,1,q28,0,18,431,2493,14258,37788,28573,360,476,1,1248,0,14655,360819,0,0,27424709080,172803006,1181120100,0,0,1375311,1564,1564,0,24467873,24467873,0,0,24467873,1375311,15.16,2.49
156,2026-05-18 01:01:17,1,q29,0,11,218,5168,13011,70275,61564,62,169,0,496,0,12267,6945926,0,0,7880995000,44933838,306809624,0,0,45538045,3321,3321,0,1083954345,1083954345,0,0,1083954345,45538045,13.6,5.17
157,2026-05-18 01:01:23,1,q30,0,12,128,672,1398,4410,3392,186,175,0,45,0,805,1994073,0,0,3968087040,2698567,84728162,0,0,758073,76,76,0,60290235,60290235,0,0,60290235,758073,6.56,0.67
158,2026-05-18 01:01:25,1,q31,0,19,361,2141,10336,30086,25492,304,379,0,0,0,350,3834069,0,0,8267955576,104591032,556455694,0,0,35774,23,23,0,1274891,1274891,0,0,1208352,34875,14.05,2.14
159,2026-05-18 01:01:28,1,q32,0,7,129,694,1234,9072,8310,50,102,0,0,0,320,708064,0,0,219553416,28831311,213647650,0,0,135308,67,67,0,1892436,1892436,0,0,1892436,135308,13.07,0.69
160,2026-05-18 01:01:30,1,q33,0,9,186,1182,2247,16056,11588,173,219,3,720,0,211,1087898,0,0,2700416024,49562475,406209848,0,0,7609,8,8,0,210206,210206,0,0,210206,7609,13.58,1.18
161,2026-05-18 01:01:32,1,q34,0,9,104,590,879,7306,6248,110,112,0,0,0,1259,908141,0,0,397086752,28087558,87187312,0,0,1010675,85,85,0,34409535,34409535,0,0,17491770,510675,12.38,0.59
162,2026-05-18 01:01:34,1,q35,0,12,216,1075,2212,12104,10506,59,154,0,0,0,1291,2112212,0,0,5209334768,51779275,120469410,0,0,8052611,351,351,0,39149825,39149825,0,0,39149825,8052611,11.26,1.08
163,2026-05-18 01:01:36,1,q35a,0,11,216,998,2035,10828,9144,94,165,0,495,0,1414,2112212,0,0,4420805904,51779275,120469410,0,0,8049848,363,363,0,39176588,39176588,0,0,39176588,8049848,10.85,1.0
164,2026-05-18 01:01:38,1,q36,0,6,71,725,687,8990,8213,79,89,0,0,0,211,1858292,0,0,1770423992,27682358,272625812,0,0,2238,14,14,0,177240,177240,0,0,177240,2238,12.4,0.72
165,2026-05-18 01:01:40,1,q36a,0,9,76,717,652,7693,7058,73,92,0,0,0,229,1858292,0,0,2309391864,27682358,272625812,0,0,6097,45,45,0,506805,506805,0,0,183763,2255,10.73,0.72
166,2026-05-18 01:01:42,1,q37,0,6,132,1140,1885,15360,13489,42,93,0,752,0,1788,301303,0,0,949600864,147685474,583391793,0,0,4316414,1074,1074,0,66666749,66666749,0,0,66666749,14400617,13.47,1.14
167,2026-05-18 01:01:44,1,q38,0,13,266,2025,5555,29510,24168,108,216,0,624,0,3920,2992804,0,0,14880596040,49608475,112842050,0,0,12908807,1346,1346,0,99167332,99167332,0,0,72992444,11908807,14.57,2.02
168,2026-05-18 01:01:47,1,q39a,0,11,149,2168,3772,27873,25456,251,237,0,688,0,557,801878,0,0,4135752968,266468108,1044999740,0,0,2587909,102,102,0,54248007,54248007,0,0,33889570,1567909,12.86,2.17
169,2026-05-18 01:01:50,1,q39b,0,11,149,1435,2634,17614,16358,193,230,0,1024,0,205,685317,0,0,4037186824,266468108,1044999740,0,0,2551488,102,102,0,53122748,53122748,0,0,32764311,1531488,12.27,1.44
170,2026-05-18 01:01:53,1,q40,0,7,133,1694,3968,24233,21488,48,102,0,848,0,3980,348211,0,0,4141621464,15943072,160910918,0,0,15748014,1921,1921,0,314097218,314097218,0,0,314097218,15748014,14.31,1.69
171,2026-05-18 01:01:55,1,q41,0,4,4,141,115,100,100,4,4,0,0,0,7,13527,0,0,135268304,204000,1272987,0,0,140,2,2,0,9680,9680,0,0,9680,140,0.71,0.14
172,2026-05-18 01:01:56,1,q42,0,4,69,369,360,4979,4552,63,75,0,0,0,10,719311,0,0,361643416,27682256,175012340,0,0,32,3,3,0,2656,2656,0,0,2656,32,13.49,0.37
173,2026-05-18 01:01:58,1,q43,0,4,69,424,405,5126,4508,76,86,0,0,0,55,721031,0,0,223324760,27580358,92393362,0,0,294,14,14,0,37327,37327,0,0,37327,294,12.09,0.42
174,2026-05-18 01:01:59,1,q44,0,8,152,607,645,7398,6256,83,144,0,0,0,1988,1665021,0,0,2147935336,57703002,325654173,0,0,991985,1019,1019,0,15013054,15013054,0,0,7510252,496103,12.19,0.61
175,2026-05-18 01:02:01,1,q45,0,8,73,1099,1159,14028,12500,39,61,0,360,0,1737,5014279,0,0,5068807392,8227137,74049122,0,0,7447479,880,880,0,100357151,100357151,0,0,100357151,7447479,12.76,1.1
176,2026-05-18 01:02:03,1,q46,0,9,88,722,913,8191,7272,119,132,0,0,0,1104,3376534,0,0,1865078648,28337558,223735832,0,0,529456,69,69,0,17624191,17624191,0,0,17624191,529456,11.34,0.72
177,2026-05-18 01:02:05,1,q47,0,11,111,1536,2146,17819,15566,173,161,0,330,0,1510,2307790,0,0,6164710032,27682358,164292904,0,0,1188303,557,557,0,45099824,45099824,0,0,31097353,822201,11.6,1.54
178,2026-05-18 01:02:08,1,q48,0,8,91,1197,2152,17614,15525,43,75,0,880,0,1947,1686114,0,0,620257344,29751158,253754317,0,0,4383965,86,86,0,101320820,101320820,0,0,101320820,4383965,14.72,1.2
179,2026-05-18 01:02:10,1,q49,0,18,387,2162,9164,31140,26267,95,280,0,816,0,9063,320409,0,0,4516096824,54145455,723228567,0,0,15195840,337,337,0,341356024,341356024,0,0,341356024,15195840,14.4,2.16
180,2026-05-18 01:02:13,1,q50,0,7,137,2488,5740,33920,31066,49,106,0,464,0,4998,373053,0,0,4687124776,30430658,175355068,0,0,29262054,1989,1989,0,613521501,613521501,0,0,613521501,29262054,13.63,2.49
181,2026-05-18 01:02:17,1,q51,0,10,218,2889,4168,39951,34735,223,270,0,864,0,4722,536286,0,0,10760036720,34780344,215300374,0,0,23550796,1826,1826,0,399477556,399477556,0,0,399477556,23550796,13.83,2.89
182,2026-05-18 01:02:21,1,q51a,0,14,285,20552,24210,269508,258473,312,396,0,3777,0,4739,567630,0,0,27699775816,34780344,215300374,0,0,46681572,2728,2728,0,770734582,770734582,0,0,558633027,35219606,13.11,20.55
183,2026-05-18 01:02:42,1,q52,0,4,69,475,465,6627,6156,73,76,0,0,0,43,719526,0,0,361643416,27682256,175143412,0,0,1253,3,3,0,78201,78201,0,0,78201,1253,13.95,0.48
184,2026-05-18 01:02:44,1,q53,0,6,71,517,501,6031,5437,74,86,0,0,0,475,905174,0,0,377079056,27682358,164829516,0,0,16165,15,15,0,408667,408667,0,0,408667,16165,11.67,0.52
185,2026-05-18 01:02:45,1,q54,0,17,221,1753,5996,22698,20666,169,231,0,544,0,2195,5014279,0,0,5714824408,50179724,254216284,0,0,27925422,310,310,0,266485912,266485912,0,0,266485912,27925422,12.95,1.75
186,2026-05-18 01:02:48,1,q55,0,4,69,349,342,4185,3442,66,72,0,320,0,29,720085,0,0,428752256,27682256,175143412,0,0,1135,3,3,0,68028,68028,0,0,68028,1135,11.99,0.35
187,2026-05-18 01:02:50,1,q56,0,9,186,847,1568,10491,9406,178,223,0,0,0,106,1088070,0,0,2175177976,49562475,406474536,0,0,9560,8,8,0,277255,277255,0,0,277255,9560,12.39,0.85
188,2026-05-18 01:02:52,1,q57,0,11,116,1318,2007,16131,12262,157,167,0,660,0,1887,2307790,0,0,7200266704,14503204,110662841,0,0,1383219,710,710,0,54933681,54933681,0,0,38383959,962849,12.24,1.32
189,2026-05-18 01:02:54,1,q58,0,10,185,1151,2689,14507,13284,177,213,0,0,0,69,1076767,0,0,2551216384,49356573,346801998,0,0,135107,4,4,0,1828873,1828873,0,0,1828873,135107,12.6,1.15
190,2026-05-18 01:02:56,1,q59,0,10,75,929,986,8124,6735,72,88,0,400,0,1379,754364,0,0,4767648528,27726558,92696242,0,0,70176,134,134,0,2819225,2819225,0,0,1588690,53703,8.74,0.93
191,2026-05-18 01:02:58,1,q60,0,9,186,971,1758,12443,11261,180,218,0,0,0,162,1088156,0,0,2730483240,49562475,406410552,0,0,62086,11,11,0,1172891,1172891,0,0,1172891,62086,12.81,0.97
192,2026-05-18 01:03:00,1,q61,0,10,140,904,1416,11215,10273,43,82,0,435,0,18,5014279,0,0,4114268400,55940065,442550324,0,0,132,132,132,0,7536,7536,0,0,7536,132,12.41,0.9
193,2026-05-18 01:03:02,1,q62,0,6,55,410,395,5318,4474,52,69,0,0,0,539,826078,0,0,290368584,7273209,32942921,0,0,6738,17,17,0,552322,552322,0,0,552322,6738,12.97,0.41
194,2026-05-18 01:03:04,1,q63,0,6,71,565,549,7108,6569,71,87,0,0,0,269,905088,0,0,377013520,27682358,164831636,0,0,3687,15,15,0,139756,139756,0,0,139756,3687,12.58,0.56
195,2026-05-18 01:03:05,1,q64,0,33,489,9791,45343,147656,130318,559,707,1,2215,0,19849,1087035,0,0,42845976528,49224915,554753421,0,0,66198164,9180,9180,0,2330744062,2330744062,0,0,2093202009,55680264,15.08,9.79
196,2026-05-18 01:03:17,1,q65,0,10,188,1529,2759,21953,19613,218,243,1,320,0,1835,9164527,0,0,6973681856,55189565,331105822,0,0,12118897,561,561,0,395472051,395472051,0,0,395472051,12118897,14.36,1.53
197,2026-05-18 01:03:19,1,q66,0,8,119,1228,1635,14693,11694,230,233,0,225,0,134,1024335,0,0,2539847856,21687698,256846431,0,0,270,27,27,0,99522,99522,0,0,99522,270,11.96,1.23
198,2026-05-18 01:03:22,1,q67,0,6,87,5875,5826,74004,71313,117,130,0,1292,0,1150,4630315,0,0,7731250296,27682358,196558995,0,0,8547444,255,255,0,588025508,588025508,0,0,588025508,8547444,12.6,5.88
199,2026-05-18 01:03:29,1,q67a,0,14,229,10238,35314,140285,131020,384,389,1,1462,0,5448,4630315,0,0,27839457704,27682358,196558995,0,0,53570770,2150,2150,0,3473889114,3473889114,0,0,795502802,12999562,13.7,10.24
200,2026-05-18 01:03:40,1,q68,0,9,88,937,1094,12087,11194,123,130,0,0,0,572,3376534,0,0,1836459800,28337558,342924944,0,0,507674,58,58,0,16407935,16407935,0,0,16407935,507674,12.9,0.94
201,2026-05-18 01:03:42,1,q69,0,13,211,1212,3008,14688,13320,110,140,0,276,0,601,467445,0,0,1686012184,51779275,120539042,0,0,3828287,67,67,0,62008200,62008200,0,0,62008200,3828287,12.12,1.21
202,2026-05-18 01:03:44,1,q70,0,9,139,819,758,9454,8730,143,184,0,0,0,79,1369128,0,0,1587645624,55087667,227527888,0,0,249,30,30,0,13762,13762,0,0,13762,249,11.54,0.82
203,2026-05-18 01:03:46,1,q70a,0,12,144,943,831,10560,9308,160,191,0,390,0,81,1365948,0,0,1119979840,55087667,227527888,0,0,276,59,59,0,17527,17527,0,0,9675,198,11.2,0.94
204,2026-05-18 01:03:48,1,q71,0,7,184,899,870,11633,10509,191,259,0,0,0,136,3341920,0,0,1362478064,49296875,359456002,0,0,31955,17,17,0,1445052,1445052,0,0,893499,20983,12.94,0.9
205,2026-05-18 01:03:50,1,q72,0,16,230,16560,28440,225858,214740,188,231,0,2650,0,10344,6577049,0,0,19933730552,151127670,707173824,0,0,142630673,5240,5240,0,2054109950,2054109950,0,0,2054109950,142630673,13.64,16.56
206,2026-05-18 01:04:08,1,q73,0,9,104,468,774,5630,4990,110,104,0,0,0,536,907023,0,0,395522080,28087558,87187312,0,0,1002732,67,67,0,33999056,33999056,0,0,17081291,502732,12.03,0.47
207,2026-05-18 01:04:09,1,q74,0,15,233,3930,14618,61138,53502,208,253,0,651,0,7718,1428954,0,0,22921014288,35353393,187654900,0,0,71557457,4867,4867,0,760549308,760549308,0,0,388587442,36002167,15.56,3.93
208,2026-05-18 01:04:15,1,q75,0,19,578,3726,13402,56778,46758,178,446,0,1017,0,10368,574683,0,0,12471749904,103356738,960216234,0,0,14156496,2600,2600,0,343447712,343447712,0,0,230989374,9118708,15.24,3.73
209,2026-05-18 01:04:19,1,q76,0,4,181,1067,1038,15031,13889,193,244,0,0,0,637,2886724,0,0,13801848136,49141969,393296636,0,0,2307,178,178,0,246571,246571,0,0,246571,2307,14.09,1.07
210,2026-05-18 01:04:22,1,q77,0,14,338,1182,5039,16034,13693,219,328,0,525,0,73,719526,0,0,1386293464,54013669,520712344,0,0,838,63,63,0,62565,62565,0,0,62565,838,13.57,1.18
211,2026-05-18 01:04:24,1,q77a,0,17,343,1355,5439,16750,14842,199,326,0,0,0,82,719010,0,0,1992370176,54013669,520712344,0,0,1313,74,74,0,119317,119317,0,0,77821,983,12.36,1.36
212,2026-05-18 01:04:27,1,q78,0,12,382,7165,21892,106402,91947,206,352,9,1088,0,11476,7360438,0,0,23440107088,54219312,629070584,0,0,54207585,4641,4641,0,1581114373,1581114373,0,0,1581114373,54207585,14.85,7.16
213,2026-05-18 01:04:35,1,q79,0,8,86,812,1160,10247,8824,114,123,0,256,0,1260,2321400,0,0,3200173264,28087558,221286712,0,0,581366,141,141,0,16856485,16856485,0,0,16856485,581366,12.62,0.81
214,2026-05-18 01:04:37,1,q80,0,17,389,7548,32452,116681,108413,102,305,42,1166,0,13659,396363,0,0,14185165104,54260907,753816612,0,0,53052375,5630,5630,0,1574167848,1574167848,0,0,1574167848,53052375,15.46,7.55
215,2026-05-18 01:04:45,1,q80a,0,20,394,7155,30363,108861,100305,129,326,0,1120,0,14370,396363,0,0,14657024136,54260907,753816612,0,0,53053332,5641,5641,0,1574283460,1574283460,0,0,1574180710,53052306,15.21,7.16
216,2026-05-18 01:04:54,1,q81,0,15,136,712,1484,6381,5397,196,179,0,0,0,819,1994073,0,0,4757671472,4202813,120332210,0,0,1389733,132,132,0,37657316,37657316,0,0,37657316,1389733,8.96,0.71
217,2026-05-18 01:04:56,1,q82,0,6,137,2437,5386,34411,17519,42,96,0,520,0,17530,324777,0,0,1721378256,162085550,618697681,0,0,13778665,1171,1171,0,135990185,135990185,0,0,135990185,28800829,14.12,2.44
218,2026-05-18 01:04:59,1,q83,0,10,157,552,1131,5724,4731,139,170,0,0,0,246,821687,0,0,2454086016,5226039,97536411,0,0,43611,11,11,0,713915,713915,0,0,713915,43611,10.37,0.55
219,2026-05-18 01:05:01,1,q84,0,9,73,679,1221,4179,3675,37,52,0,0,0,1416,9713760,0,0,100948512,5555652,27854895,0,0,2778987,65,65,0,15445745,15445745,0,0,15445745,2778987,6.15,0.68
220,2026-05-18 01:05:03,1,q85,0,14,146,1191,5604,16024,12664,69,123,0,480,0,4410,1611538,0,0,3522586704,12085256,163938312,0,0,3025215,1744,1744,0,68690797,68690797,0,0,68690797,3025215,13.45,1.19
221,2026-05-18 01:05:05,1,q86,0,5,54,562,526,6224,5784,58,58,0,0,0,86,1858292,0,0,1398655400,7375137,65640862,0,0,1915,12,12,0,135930,135930,0,0,135930,1915,11.07,0.56
222,2026-05-18 01:05:06,1,q86a,0,8,59,915,857,11655,5523,59,65,0,0,0,3426,1858292,0,0,1937622872,7375137,65640862,0,0,5122,39,39,0,389397,389397,0,0,143801,1930,12.74,0.92
223,2026-05-18 01:05:08,1,q87,0,13,266,2295,6154,33325,26426,122,221,0,285,0,4200,2992761,0,0,14880596040,49608475,112842050,0,0,12908807,1346,1346,0,99167332,99167332,0,0,72992444,11908807,14.52,2.3
224,2026-05-18 01:05:12,1,q88,0,26,554,1672,11302,24533,22621,80,311,0,285,0,70,335391,0,0,1725092416,231102510,472553640,0,0,536,536,536,0,31619,31619,0,0,31619,536,14.67,1.67
225,2026-05-18 01:05:15,1,q89,0,6,71,729,709,8998,8045,78,89,2,0,0,329,905389,0,0,1316733360,27682358,164563240,0,0,16454,15,15,0,1056131,1056131,0,0,1056131,16454,12.34,0.73
226,2026-05-18 01:05:16,1,q90,0,8,106,596,856,8668,8281,11,55,0,0,0,12,250080,0,0,323739200,14580376,66265216,0,0,100,100,100,0,5900,5900,0,0,5900,100,14.54,0.6
227,2026-05-18 01:05:18,1,q91,0,11,62,365,432,2356,2052,64,75,0,0,0,40,9527061,0,0,2986896344,4190955,59315149,0,0,109809,8,8,0,1094555,1094555,0,0,1091937,109792,6.45,0.36
228,2026-05-18 01:05:20,1,q92,0,7,105,526,920,6594,5529,35,82,0,0,0,571,709229,0,0,191374440,14575225,130635526,0,0,94062,53,53,0,1376229,1376229,0,0,1376229,94062,12.54,0.53
229,2026-05-18 01:05:21,1,q93,0,5,136,4010,6174,54670,51369,45,106,0,960,0,5036,322186,0,0,5766380072,31678178,236541444,0,0,31635854,2006,2006,0,788241663,788241663,0,0,788241663,31635854,13.63,4.01
230,2026-05-18 01:05:26,1,q94,0,8,171,1619,4537,23164,20410,50,115,0,0,0,3755,4007810,0,0,3571011840,15443541,143939774,0,0,14397040,1717,1717,0,225790004,225790004,0,0,225790004,14397040,14.31,1.62
231,2026-05-18 01:05:29,1,q95,0,8,171,3945,6570,57257,47494,58,126,0,1814,0,3674,4010610,0,0,14560086280,15443541,143677630,0,0,35990240,4267,4267,0,331280816,331280816,0,0,205215617,14395274,14.51,3.94
232,2026-05-18 01:05:34,1,q96,0,5,71,304,300,4095,3879,12,40,8,56,0,8,335692,0,0,213972808,28894203,59125646,0,0,67,67,67,0,3950,3950,0,0,3950,67,13.47,0.3
233,2026-05-18 01:05:35,1,q97,0,5,147,1976,2714,27470,24244,131,158,12,400,0,1064,536673,0,0,7340928768,41908387,183291428,0,0,8381430,493,493,0,96998577,96998577,0,0,96998577,8381430,13.9,1.98
234,2026-05-18 01:05:38,1,q98,0,7,75,686,614,5125,4540,72,87,2,165,0,57,3269297,0,0,1300366872,27682256,178371000,0,0,71672,14,14,0,9066327,9066327,0,0,7253935,56508,7.47,0.69
235,2026-05-18 01:05:40,1,q99,0,6,67,810,795,10800,9739,70,84,0,0,0,457,1024249,0,0,343879080,14473528,74473752,0,0,13834,20,20,0,1092296,1092296,0,0,1092296,13834,13.33,0.81
236,2026-05-18 01:05:42,2,q1,0,12,134,724,1226,7959,6706,105,130,0,0,0,1081,406375,0,0,3493632216,6127653,108568026,0,0,2172339,220,220,0,31541287,31541287,0,0,31541287,2172339,10.99,0.72
237,2026-05-18 01:05:44,2,q2,0,9,120,611,555,6575,5716,120,148,0,240,0,328,1204137,0,0,839171944,21747366,110395806,0,0,4756,338,338,0,200702,200702,0,0,76764,3504,10.76,0.61
238,2026-05-18 01:05:45,2,q3,0,4,69,357,345,4611,4303,62,76,0,0,0,90,720902,0,0,240926696,27682256,175143304,0,0,1010,15,15,0,88613,88613,0,0,88613,1010,12.92,0.36
239,2026-05-18 01:05:47,2,q4,0,22,389,7825,39834,121669,106750,361,487,0,2032,0,14119,1682654,0,0,39674206800,49681524,683359278,0,0,102286012,8739,8739,0,2539550644,2539550644,0,0,1275015000,51438627,15.55,7.82
240,2026-05-18 01:05:56,2,q5,0,11,403,2333,5931,34479,27439,334,473,0,624,0,5776,1555646,0,0,3754844192,61225599,592403004,0,0,7889656,1728,1728,0,114764218,114764218,0,0,114764218,7889656,14.78,2.33
241,2026-05-18 01:05:59,2,q5a,0,14,408,2642,5497,37113,27262,329,474,2,432,0,2990,1555861,0,0,4293812064,61225599,592403004,0,0,7891635,1738,1738,0,114931337,114931337,0,0,114798107,7889811,14.05,2.64
242,2026-05-18 01:06:03,2,q6,0,11,92,1714,3607,21721,18627,55,77,0,128,0,2788,5014279,0,0,4851667944,28607305,108733860,0,0,27358702,1158,1158,0,237127054,237127054,0,0,237127054,27358702,12.67,1.71
243,2026-05-18 01:06:06,2,q7,0,9,93,1852,6592,25632,22450,41,75,0,848,0,4516,783559,0,0,838432440,29603556,356553463,0,0,26629749,85,85,0,767598824,767598824,0,0,767598824,26629749,13.84,1.85
244,2026-05-18 01:06:09,2,q8,0,10,75,707,659,6484,6063,85,113,0,0,0,22,1650915,0,0,4865332224,28580358,117278168,0,0,6668,6,6,0,79456,79456,0,0,79456,6668,9.17,0.71
245,2026-05-18 01:06:11,2,q9,0,31,1021,1417,20757,20291,17344,33,581,0,1136,0,135,321297,0,0,0,432007560,1172940160,0,0,1005,1005,1005,0,63138,63138,0,0,63138,1005,14.32,1.42
246,2026-05-18 01:06:13,2,q10,0,13,211,1120,2839,13856,12846,49,140,0,0,0,458,594763,0,0,1683225704,51779275,120735650,0,0,4321867,84,84,0,66317919,66317919,0,0,66317919,4321867,12.37,1.12
247,2026-05-18 01:06:15,2,q10a,0,10,210,665,1552,7053,5783,64,155,0,18,0,378,821251,0,0,2194445312,51779275,120735650,0,0,4289247,138,138,0,66290269,66290269,0,0,66290269,4289247,10.61,0.66
248,2026-05-18 01:06:17,2,q11,0,17,258,4051,14473,62311,54922,228,298,3,672,0,8497,1373324,0,0,26856842912,35353393,267813392,0,0,71770406,5474,5474,0,1049683414,1049683414,0,0,536131307,36215116,15.38,4.05
249,2026-05-18 01:06:22,2,q12,0,5,55,458,417,4470,3205,54,60,0,8,0,41,3269340,0,0,862371576,7375137,69292534,0,0,26498,6,6,0,3416917,3416917,0,0,3416917,26498,9.76,0.46
250,2026-05-18 01:06:24,2,q13,0,9,76,920,1722,12219,11243,21,56,0,0,0,471,1611538,0,0,573747424,29758358,442127593,0,0,193014,17,17,0,2753258,2753258,0,0,2753258,193014,13.28,0.92
251,2026-05-18 01:06:26,2,q14a,0,30,641,6981,15618,86252,72389,446,715,1,1654,0,13269,1777573,0,0,12052039384,147733425,817696760,0,0,62683055,1638,1638,0,832554372,832554372,0,0,829543316,62596531,12.36,6.98
252,2026-05-18 01:06:36,2,q14b,0,24,503,4678,11052,64586,58722,360,570,0,767,0,6331,1777057,0,0,10234366640,126351304,625377074,0,0,68475639,1565,1565,0,934830449,934830449,0,0,491078678,40968432,13.81,4.68
253,2026-05-18 01:06:42,2,q14,0,24,499,4054,10088,54533,49105,518,672,1,798,0,6994,1779207,0,0,8268647616,126351304,625377074,0,0,68314948,1371,1371,0,925505459,925505459,0,0,481753688,40807741,13.45,4.05
254,2026-05-18 01:06:47,2,q15,0,6,83,1659,1653,21221,15394,38,65,0,288,0,3318,5014279,0,0,5245524392,15151180,83588960,0,0,14544315,1088,1088,0,126141563,126141563,0,0,126141563,14544315,12.79,1.66
255,2026-05-18 01:06:50,2,q16,0,8,195,2365,6481,34513,31171,64,147,0,682,0,5307,423691,0,0,4703921456,30563805,216701841,0,0,30114572,2975,2975,0,425546236,425546236,0,0,425546236,30114572,14.59,2.37
256,2026-05-18 01:06:53,2,q17,0,10,217,4778,11113,65185,59523,68,173,1,784,0,7510,6945969,0,0,7880912176,44860789,306329872,0,0,45538041,3319,3319,0,1083953570,1083953570,0,0,1083953570,45538041,13.64,4.78
257,2026-05-18 01:06:59,2,q18,0,12,96,1761,6627,20536,18369,69,94,1,80,0,3021,9713760,0,0,3065959144,19094780,276393850,0,0,14505220,98,98,0,425374885,425374885,0,0,425374885,14505220,11.66,1.76
258,2026-05-18 01:07:02,2,q18a,0,21,170,2636,12527,34337,31015,129,193,0,368,0,2958,9713760,0,0,13017939008,19946780,279627504,0,0,71657644,357,357,0,2102947115,2102947115,0,0,426335063,14562060,13.03,2.64
259,2026-05-18 01:07:06,2,q19,0,7,72,526,503,5359,4926,82,96,0,0,0,38,5014279,0,0,3108604640,28432358,208799922,0,0,2718,3,3,0,190396,190396,0,0,190396,2718,10.19,0.53
260,2026-05-18 01:07:07,2,q20,0,5,67,578,541,6422,5287,97,74,0,480,0,42,3269297,0,0,988820632,14503180,110733060,0,0,36807,6,6,0,4663129,4663129,0,0,4663129,36807,11.11,0.58
261,2026-05-18 01:07:09,2,q21,0,5,54,940,931,12489,11767,59,68,0,0,0,22,684758,0,0,385904296,133285059,523170535,0,0,63700,2,2,0,1093197,1093197,0,0,1093197,63700,13.29,0.94
262,2026-05-18 01:07:11,2,q22,0,6,71,19638,19599,164652,162242,119,102,0,920,0,626,4630315,0,0,2847197272,133285059,523150926,0,0,2038920,187,187,0,85798101,85798101,0,0,85798101,2038920,8.38,19.64
263,2026-05-18 01:07:32,2,q22a,0,10,135,2181,2825,24752,21213,187,200,0,411,0,2571,4630315,0,0,11914496448,133285059,523156014,0,0,2703130,857,857,0,135114839,135114839,0,0,33171531,664170,11.35,2.18
264,2026-05-18 01:07:35,2,q23a,0,18,403,6256,12762,93201,86359,376,470,0,1047,0,9684,6576963,0,0,22085629712,106164281,576934608,0,0,43094559,2877,2877,0,1053109860,1053109860,0,0,1008527567,40441747,14.9,6.26
265,2026-05-18 01:07:42,2,q23b,0,21,423,6570,14541,98668,89591,469,545,2,1264,0,10009,6576963,0,0,34872161472,106664281,579986654,0,0,49362664,6636,6636,0,1167746200,1167746200,0,0,1020911877,40904228,15.02,6.57
266,2026-05-18 01:07:50,2,q24,0,12,160,2874,8456,39201,35226,46,111,0,672,0,5892,463487,0,0,4795803152,32530235,250385654,0,0,30468590,2041,2041,0,736174632,736174632,0,0,736174632,30468590,13.64,2.87
267,2026-05-18 01:07:54,2,q24a,0,19,213,4459,9267,53958,49997,132,190,0,576,0,6270,3560798,0,0,14728425696,32632235,249079712,0,0,61448141,4647,4647,0,1495214546,1495214546,0,0,765303292,30991090,12.1,4.46
268,2026-05-18 01:08:00,2,q24b,0,19,213,4200,9024,51190,48150,133,192,0,912,0,5991,3560798,0,0,14722420960,32632235,249079712,0,0,61437701,4647,4647,0,1493987363,1493987363,0,0,764076109,30980650,12.19,4.2
269,2026-05-18 01:08:05,2,q25,0,10,217,4811,11592,66034,60335,88,167,1,592,0,8010,6945969,0,0,7880887560,44860789,397738628,0,0,45538038,3316,3316,0,1103935384,1103935384,0,0,1103935384,45538038,13.73,4.81
270,2026-05-18 01:08:11,2,q26,0,8,87,1295,3995,17095,15870,48,74,0,0,0,2356,783559,0,0,568948504,16424480,222520799,0,0,14338674,72,72,0,390664156,390664156,0,0,390664156,14338674,13.2,1.3
271,2026-05-18 01:08:13,2,q27,0,8,91,1901,7198,26755,23061,39,71,0,1040,0,4125,783559,0,0,637313664,29603158,330984235,0,0,26618343,74,74,0,683120336,683120336,0,0,683120336,26618343,14.07,1.9
272,2026-05-18 01:08:16,2,q27a,0,13,130,2206,9398,32127,28441,93,110,0,992,0,3940,783602,0,0,1361438760,29705260,331293045,0,0,79689890,233,233,0,2045386751,2045386751,0,0,683384333,26621186,14.56,2.21
273,2026-05-18 01:08:19,2,q28,0,18,431,2524,14133,37378,28145,483,481,0,1632,0,14019,360991,0,0,27424709080,172803006,1181120100,0,0,1375311,1564,1564,0,24467873,24467873,0,0,24467873,1375311,14.81,2.52
274,2026-05-18 01:08:23,2,q29,0,11,218,4743,12047,63526,59916,60,167,1,0,0,7880,6945969,0,0,7880995000,44933838,306809624,0,0,45538045,3321,3321,0,1083954345,1083954345,0,0,1083954345,45538045,13.39,4.74
275,2026-05-18 01:08:29,2,q30,0,13,129,689,1407,4601,3559,209,176,0,130,0,741,1994073,0,0,3968087040,2698567,84728162,0,0,790132,77,77,0,60668902,60668902,0,0,60668902,790132,6.68,0.69
276,2026-05-18 01:08:31,2,q31,0,19,361,1887,8758,25778,22838,309,378,0,140,0,321,3834069,0,0,8267955576,104591032,556455694,0,0,35774,23,23,0,1274891,1274891,0,0,1208352,34875,13.66,1.89
277,2026-05-18 01:08:34,2,q32,0,7,129,621,1109,7986,7265,47,102,0,0,0,364,708064,0,0,219553416,28831311,213647650,0,0,135308,67,67,0,1892436,1892436,0,0,1892436,135308,12.86,0.62
278,2026-05-18 01:08:35,2,q33,0,9,186,802,1322,9917,8995,180,219,0,0,0,136,1087984,0,0,2700416024,49562475,406209848,0,0,7609,8,8,0,210206,210206,0,0,210206,7609,12.37,0.8
279,2026-05-18 01:08:37,2,q34,0,9,104,583,889,7215,6216,112,114,0,0,0,1189,907969,0,0,397086752,28087558,87187312,0,0,1010675,85,85,0,34409535,34409535,0,0,17491770,510675,12.38,0.58
280,2026-05-18 01:08:39,2,q35,0,12,216,1321,2621,14866,12386,65,160,59,348,0,1359,2112212,0,0,5209334768,51779275,120469410,0,0,8052611,351,351,0,39149825,39149825,0,0,39149825,8052611,11.25,1.32
281,2026-05-18 01:08:41,2,q35a,0,11,216,936,1892,9742,8697,62,164,0,0,0,1316,2112212,0,0,4420805904,51779275,120469410,0,0,8049848,363,363,0,39176588,39176588,0,0,39176588,8049848,10.41,0.94
282,2026-05-18 01:08:43,2,q36,0,6,71,784,749,10014,9057,77,91,0,0,0,226,1858292,0,0,1770423992,27682358,272625812,0,0,2238,14,14,0,177240,177240,0,0,177240,2238,12.77,0.78
283,2026-05-18 01:08:45,2,q36a,0,9,76,653,586,6764,6139,81,92,0,0,0,205,1858292,0,0,2309391864,27682358,272625812,0,0,6097,45,45,0,506805,506805,0,0,183763,2255,10.36,0.65
284,2026-05-18 01:08:47,2,q37,0,6,132,1167,1807,15625,13492,63,95,0,1008,0,1567,300572,0,0,949600864,147685474,583391793,0,0,4316414,1074,1074,0,66666749,66666749,0,0,66666749,14400617,13.39,1.17
285,2026-05-18 01:08:49,2,q38,0,13,266,2085,5612,30384,25217,117,214,0,0,0,3606,2992804,0,0,14880596040,49608475,112842050,0,0,12908807,1346,1346,0,99167332,99167332,0,0,72992444,11908807,14.57,2.08
286,2026-05-18 01:08:52,2,q39a,0,11,149,2322,4108,29507,26289,335,237,0,1090,0,641,801921,0,0,4135752968,266468108,1044999740,0,0,2587909,102,102,0,54248007,54248007,0,0,33889570,1567909,12.71,2.32
287,2026-05-18 01:08:56,2,q39b,0,11,149,1377,2492,16503,16277,204,234,0,0,0,196,684629,0,0,4037186824,266468108,1044999740,0,0,2551488,102,102,0,53122748,53122748,0,0,32764311,1531488,11.98,1.38
288,2026-05-18 01:08:58,2,q40,0,7,133,1825,4132,26293,21704,122,102,0,2272,0,5695,348211,0,0,4141621464,15943072,160910918,0,0,15748014,1921,1921,0,314097218,314097218,0,0,314097218,15748014,14.41,1.82
289,2026-05-18 01:09:01,2,q41,0,4,4,138,113,99,99,3,3,0,0,0,7,13527,0,0,135268304,204000,1272987,0,0,140,2,2,0,9680,9680,0,0,9680,140,0.72,0.14
290,2026-05-18 01:09:02,2,q42,0,4,69,420,411,5842,5427,71,79,0,0,0,9,719569,0,0,361643416,27682256,175012340,0,0,32,3,3,0,2656,2656,0,0,2656,32,13.91,0.42
291,2026-05-18 01:09:04,2,q43,0,4,69,490,470,6554,5996,72,86,0,0,0,53,721074,0,0,223324760,27580358,92393362,0,0,294,14,14,0,37327,37327,0,0,37327,294,13.38,0.49
292,2026-05-18 01:09:05,2,q44,0,8,152,625,664,7667,6617,92,145,0,0,0,1880,1665021,0,0,2147935336,57703002,325654173,0,0,991985,1019,1019,0,15013054,15013054,0,0,7510252,496103,12.27,0.62
293,2026-05-18 01:09:07,2,q45,0,8,73,1206,1279,14441,13024,38,60,0,234,0,1628,5014279,0,0,5068807392,8227137,74049122,0,0,7447479,880,880,0,100357151,100357151,0,0,100357151,7447479,11.97,1.21
294,2026-05-18 01:09:09,2,q46,0,9,88,789,945,9153,8050,118,127,0,0,0,1220,3376534,0,0,1865078648,28337558,223735832,0,0,529456,69,69,0,17624191,17624191,0,0,17624191,529456,11.6,0.79
295,2026-05-18 01:09:11,2,q47,0,11,111,1349,1912,14831,12784,142,155,0,0,0,1494,2307790,0,0,6164710032,27682358,164292904,0,0,1188303,557,557,0,45099824,45099824,0,0,31097353,822201,10.99,1.35
296,2026-05-18 01:09:13,2,q48,0,8,91,1282,2267,18161,14869,95,89,0,1583,0,1723,1686114,0,0,620257344,29751158,253754317,0,0,4383965,86,86,0,101320820,101320820,0,0,101320820,4383965,14.17,1.28
297,2026-05-18 01:09:16,2,q49,0,18,387,2488,9728,36224,31045,93,279,0,720,0,8966,319592,0,0,4516096824,54145455,723228567,0,0,15195840,337,337,0,341356024,341356024,0,0,341356024,15195840,14.56,2.49
298,2026-05-18 01:09:19,2,q50,0,7,137,2561,5741,35960,33344,45,104,0,0,0,4751,373053,0,0,4687124776,30430658,175355068,0,0,29262054,1989,1989,0,613521501,613521501,0,0,613521501,29262054,14.04,2.56
299,2026-05-18 01:09:23,2,q51,0,10,218,2864,4074,39723,34525,234,268,0,544,0,4045,536544,0,0,10760036720,34780344,215300374,0,0,23550796,1826,1826,0,399477556,399477556,0,0,399477556,23550796,13.87,2.86
300,2026-05-18 01:09:27,2,q51a,0,14,285,20664,24454,272244,251375,361,412,0,2241,0,4495,567630,0,0,27699775816,34780344,215300374,0,0,46681572,2728,2728,0,770734582,770734582,0,0,558633027,35219606,13.17,20.66
301,2026-05-18 01:09:49,2,q52,0,4,69,388,379,5222,4687,66,77,0,0,0,65,719397,0,0,361643416,27682256,175143412,0,0,1253,3,3,0,78201,78201,0,0,78201,1253,13.46,0.39
302,2026-05-18 01:09:50,2,q53,0,6,71,629,596,7534,5980,75,95,0,0,0,653,904916,0,0,377079056,27682358,164829516,0,0,16165,15,15,0,408667,408667,0,0,408667,16165,11.98,0.63
303,2026-05-18 01:09:52,2,q54,0,17,221,1778,6012,23157,20942,159,226,0,0,0,3172,5014279,0,0,5714824408,50179724,254216284,0,0,27925422,310,310,0,266485912,266485912,0,0,266485912,27925422,13.02,1.78
304,2026-05-18 01:09:55,2,q55,0,4,69,502,492,7063,6657,55,73,0,0,0,38,718752,0,0,428752256,27682256,175143412,0,0,1135,3,3,0,68028,68028,0,0,68028,1135,14.07,0.5
305,2026-05-18 01:09:56,2,q56,0,9,186,987,1791,12993,10969,179,222,0,732,0,103,1087984,0,0,2175177976,49562475,406474536,0,0,9560,8,8,0,277255,277255,0,0,277255,9560,13.16,0.99
306,2026-05-18 01:09:58,2,q57,0,11,116,1400,2074,17494,14694,162,168,0,0,0,1489,2307790,0,0,7200266704,14503204,110662841,0,0,1383219,710,710,0,54933681,54933681,0,0,38383959,962849,12.5,1.4
307,2026-05-18 01:10:01,2,q58,0,10,185,1076,2413,13784,12494,171,213,0,0,0,63,1076767,0,0,2551216384,49356573,346801998,0,0,135107,4,4,0,1828873,1828873,0,0,1828873,135107,12.81,1.08
308,2026-05-18 01:10:03,2,q59,0,10,75,898,947,8172,6904,67,84,0,416,0,1241,754364,0,0,4767648528,27726558,92696242,0,0,70176,134,134,0,2819225,2819225,0,0,1588690,53703,9.1,0.9
309,2026-05-18 01:10:05,2,q60,0,9,186,1650,3173,23345,21619,175,219,0,0,0,204,1088199,0,0,2730483240,49562475,406410552,0,0,62086,11,11,0,1172891,1172891,0,0,1172891,62086,14.15,1.65
310,2026-05-18 01:10:08,2,q61,0,10,140,881,1326,11490,11007,13,82,0,0,0,18,5014279,0,0,4114268400,55940065,442550324,0,0,132,132,132,0,7536,7536,0,0,7536,132,13.04,0.88
311,2026-05-18 01:10:10,2,q62,0,6,55,655,643,9323,8390,54,67,0,0,0,575,826164,0,0,290368584,7273209,32942921,0,0,6738,17,17,0,552322,552322,0,0,552322,6738,14.23,0.66
312,2026-05-18 01:10:11,2,q63,0,6,71,427,413,5005,4541,75,88,0,0,0,183,905303,0,0,377013520,27682358,164831636,0,0,3687,15,15,0,139756,139756,0,0,139756,3687,11.72,0.43
313,2026-05-18 01:10:13,2,q64,0,33,489,9516,43649,144435,127660,579,716,4,1184,0,19098,1086691,0,0,42845976528,49224915,554753421,0,0,66198164,9180,9180,0,2330744062,2330744062,0,0,2093202009,55680264,15.18,9.52
314,2026-05-18 01:10:24,2,q65,0,10,188,1504,2758,21803,19179,217,237,1,432,0,2083,9164527,0,0,6973681856,55189565,331105822,0,0,12118897,561,561,0,395472051,395472051,0,0,395472051,12118897,14.5,1.5
315,2026-05-18 01:10:27,2,q66,0,8,119,1146,1549,13435,10974,198,233,0,0,0,105,1023690,0,0,2539847856,21687698,256846431,0,0,270,27,27,0,99522,99522,0,0,99522,270,11.72,1.15
316,2026-05-18 01:10:29,2,q67,0,6,87,6009,5960,75194,72808,111,135,0,1036,0,1122,4630315,0,0,7731250296,27682358,196558995,0,0,8547444,255,255,0,588025508,588025508,0,0,588025508,8547444,12.51,6.01
317,2026-05-18 01:10:36,2,q67a,0,14,229,9915,33757,136054,126869,365,401,0,919,0,5264,4630358,0,0,27839457704,27682358,196558995,0,0,53570770,2150,2150,0,3473889114,3473889114,0,0,795502802,12999562,13.72,9.91
318,2026-05-18 01:10:47,2,q68,0,9,88,1046,1205,13703,12238,142,126,0,304,0,831,3376534,0,0,1836459800,28337558,342924944,0,0,507674,58,58,0,16407935,16407935,0,0,16407935,507674,13.1,1.05
319,2026-05-18 01:10:49,2,q69,0,13,211,1057,2557,12594,11472,48,140,0,0,0,590,467445,0,0,1686012184,51779275,120539042,0,0,3828287,67,67,0,62008200,62008200,0,0,62008200,3828287,11.91,1.06
320,2026-05-18 01:10:51,2,q70,0,9,139,1072,1015,13674,12722,151,184,0,0,0,75,1369128,0,0,1587645624,55087667,227527888,0,0,249,30,30,0,13762,13762,0,0,13762,249,12.76,1.07
321,2026-05-18 01:10:53,2,q70a,0,12,144,1010,887,11426,9613,173,207,0,0,0,78,1365303,0,0,1119979840,55087667,227527888,0,0,276,59,59,0,17527,17527,0,0,9675,198,11.31,1.01
322,2026-05-18 01:10:56,2,q71,0,7,184,1136,1108,15385,14121,191,255,1,0,0,116,3341748,0,0,1362478064,49296875,359456002,0,0,31955,17,17,0,1445052,1445052,0,0,893499,20983,13.54,1.14
323,2026-05-18 01:10:58,2,q72,0,16,230,16867,27817,231794,222967,150,229,0,2416,0,9465,6576963,0,0,19933730552,151127670,707173824,0,0,142630673,5240,5240,0,2054109950,2054109950,0,0,2054109950,142630673,13.74,16.87
324,2026-05-18 01:11:16,2,q73,0,9,104,600,841,7872,7358,94,103,0,0,0,320,907066,0,0,395522080,28087558,87187312,0,0,1002732,67,67,0,33999056,33999056,0,0,17081291,502732,13.12,0.6
325,2026-05-18 01:11:17,2,q74,0,15,233,3915,13339,60827,53554,172,250,2,592,0,7596,1428954,0,0,22921014288,35353393,187654900,0,0,71557457,4867,4867,0,760549308,760549308,0,0,388587442,36002167,15.54,3.92
326,2026-05-18 01:11:22,2,q75,0,19,578,3734,13605,56755,46744,185,444,3,976,0,11315,574640,0,0,12471749904,103356738,960216234,0,0,14156496,2600,2600,0,343447712,343447712,0,0,230989374,9118708,15.2,3.73
327,2026-05-18 01:11:27,2,q76,0,4,181,1057,1028,14904,13857,189,240,0,0,0,609,2886767,0,0,13801848136,49141969,393296636,0,0,2307,178,178,0,246571,246571,0,0,246571,2307,14.1,1.06
328,2026-05-18 01:11:30,2,q77,0,14,338,1207,5020,16323,13726,193,319,0,532,0,75,719483,0,0,1386293464,54013669,520712344,0,0,838,63,63,0,62565,62565,0,0,62565,838,13.52,1.21
329,2026-05-18 01:11:32,2,q77a,0,17,343,1133,4192,13291,11525,217,327,0,0,0,82,719311,0,0,1992370176,54013669,520712344,0,0,1313,74,74,0,119317,119317,0,0,77821,983,11.73,1.13
330,2026-05-18 01:11:34,2,q78,0,12,382,7948,26301,118820,98894,214,345,0,1568,0,21458,7360137,0,0,23440107088,54219312,629070584,0,0,54207585,4641,4641,0,1581114373,1581114373,0,0,1581114373,54207585,14.95,7.95
331,2026-05-18 01:11:43,2,q79,0,8,86,926,1098,11955,10387,111,118,0,272,0,1398,2321400,0,0,3200173264,28087558,221286712,0,0,581366,141,141,0,16856485,16856485,0,0,16856485,581366,12.91,0.93
332,2026-05-18 01:11:45,2,q80,0,17,389,7401,31794,113874,104169,110,309,0,1199,0,12665,396320,0,0,14185165104,54260907,753816612,0,0,53052375,5630,5630,0,1574167848,1574167848,0,0,1574167848,53052375,15.39,7.4
333,2026-05-18 01:11:54,2,q80a,0,20,394,6998,30412,105471,95243,123,327,0,1328,0,13919,396363,0,0,14657024136,54260907,753816612,0,0,53053332,5641,5641,0,1574283460,1574283460,0,0,1574180710,53052306,15.07,7.0
334,2026-05-18 01:12:02,2,q81,0,15,136,711,1482,6137,5183,196,180,0,28,0,741,1994116,0,0,4757671472,4202813,120332210,0,0,1389733,132,132,0,37657316,37657316,0,0,37657316,1389733,8.63,0.71
335,2026-05-18 01:12:04,2,q82,0,6,137,2086,4363,28733,16979,42,96,0,266,0,11036,324777,0,0,1721378256,162085550,618697681,0,0,13778665,1171,1171,0,135990185,135990185,0,0,135990185,28800829,13.77,2.09
336,2026-05-18 01:12:07,2,q83,0,10,157,591,1261,6375,5336,142,172,0,0,0,218,821687,0,0,2454086016,5226039,97536411,0,0,43611,11,11,0,713915,713915,0,0,713915,43611,10.79,0.59
337,2026-05-18 01:12:09,2,q84,0,9,73,704,1348,4478,3898,37,53,0,0,0,1507,9713760,0,0,100948512,5555652,27854895,0,0,2778987,65,65,0,15445745,15445745,0,0,15445745,2778987,6.36,0.7
338,2026-05-18 01:12:11,2,q85,0,14,146,1116,5083,14946,11827,71,124,0,464,0,4427,1611538,0,0,3522586704,12085256,163938312,0,0,3025215,1744,1744,0,68690797,68690797,0,0,68690797,3025215,13.39,1.12
339,2026-05-18 01:12:13,2,q86,0,5,54,550,515,5791,5392,50,57,0,0,0,86,1858292,0,0,1398655400,7375137,65640862,0,0,1915,12,12,0,135930,135930,0,0,135930,1915,10.53,0.55
340,2026-05-18 01:12:14,2,q86a,0,8,59,513,460,4156,3694,50,63,0,170,0,142,1858292,0,0,1937622872,7375137,65640862,0,0,5122,39,39,0,389397,389397,0,0,143801,1930,8.1,0.51
341,2026-05-18 01:12:16,2,q87,0,13,266,1973,5357,28653,22897,108,216,0,176,0,3597,2992804,0,0,14880596040,49608475,112842050,0,0,12908807,1346,1346,0,99167332,99167332,0,0,72992444,11908807,14.52,1.97
342,2026-05-18 01:12:19,2,q88,0,26,554,1592,10771,23282,21537,31,310,0,0,0,70,335004,0,0,1725092416,231102510,472553640,0,0,536,536,536,0,31619,31619,0,0,31619,536,14.62,1.59
343,2026-05-18 01:12:22,2,q89,0,6,71,735,717,9114,7925,73,87,0,0,0,653,905088,0,0,1316733360,27682358,164563240,0,0,16454,15,15,0,1056131,1056131,0,0,1056131,16454,12.4,0.74
344,2026-05-18 01:12:24,2,q90,0,8,106,476,791,6721,6127,12,55,0,0,0,12,250080,0,0,323739200,14580376,66265216,0,0,100,100,100,0,5900,5900,0,0,5900,100,14.12,0.48
345,2026-05-18 01:12:25,2,q91,0,11,62,389,448,2695,2390,61,76,0,0,0,42,9527061,0,0,2986896344,4190955,59315149,0,0,109809,8,8,0,1094555,1094555,0,0,1091937,109792,6.93,0.39
346,2026-05-18 01:12:27,2,q92,0,7,105,540,935,6880,5536,44,84,0,0,0,386,709229,0,0,191374440,14575225,130635526,0,0,94062,53,53,0,1376229,1376229,0,0,1376229,94062,12.74,0.54
347,2026-05-18 01:12:28,2,q93,0,5,136,4124,6252,55107,51436,42,102,0,544,0,5424,322057,0,0,5766380072,31678178,236541444,0,0,31635854,2006,2006,0,788241663,788241663,0,0,788241663,31635854,13.36,4.12
348,2026-05-18 01:12:33,2,q94,0,8,171,1626,4854,24330,21130,49,117,0,432,0,3768,4007810,0,0,3571011840,15443541,143939774,0,0,14397040,1717,1717,0,225790004,225790004,0,0,225790004,14397040,14.96,1.63
349,2026-05-18 01:12:36,2,q95,0,8,171,3699,6178,51408,39649,60,123,0,1409,0,3628,4011212,0,0,14560086280,15443541,143677630,0,0,35990240,4267,4267,0,331280816,331280816,0,0,205215617,14395274,13.9,3.7
350,2026-05-18 01:12:41,2,q96,0,5,71,266,262,3449,2469,14,42,0,0,0,9,335047,0,0,213972808,28894203,59125646,0,0,67,67,67,0,3950,3950,0,0,3950,67,12.97,0.27
351,2026-05-18 01:12:42,2,q97,0,5,147,1773,2419,24691,21510,133,157,0,288,0,810,536673,0,0,7340928768,41908387,183291428,0,0,8381430,493,493,0,96998577,96998577,0,0,96998577,8381430,13.93,1.77
352,2026-05-18 01:12:45,2,q98,0,7,75,674,604,5115,4504,78,87,2,144,0,54,3269297,0,0,1300366872,27682256,178371000,0,0,71672,14,14,0,9066327,9066327,0,0,7253935,56508,7.59,0.67
353,2026-05-18 01:12:47,2,q99,0,6,67,834,820,11296,10218,71,87,0,176,0,421,1025152,0,0,343879080,14473528,74473752,0,0,13834,20,20,0,1092296,1092296,0,0,1092296,13834,13.54,0.83
354,2026-05-18 01:12:49,3,q1,0,12,134,697,1162,7494,6351,105,133,0,0,0,1042,406117,0,0,3493632216,6127653,108568026,0,0,2172339,220,220,0,31541287,31541287,0,0,31541287,2172339,10.75,0.7
355,2026-05-18 01:12:50,3,q2,0,9,120,653,597,7296,6342,119,148,0,195,0,317,1204008,0,0,839171944,21747366,110395806,0,0,4756,338,338,0,200702,200702,0,0,76764,3504,11.17,0.65
356,2026-05-18 01:12:52,3,q3,0,4,69,354,344,4626,4250,67,76,0,0,0,105,720988,0,0,240926696,27682256,175143304,0,0,1010,15,15,0,88613,88613,0,0,88613,1010,13.07,0.35
357,2026-05-18 01:12:53,3,q4,0,22,389,8055,40809,125307,108287,357,475,0,2272,0,14395,1682654,0,0,39674206800,49681524,683359278,0,0,102286012,8739,8739,0,2539550644,2539550644,0,0,1275015000,51438627,15.56,8.06
358,2026-05-18 01:13:03,3,q5,0,11,403,2071,4882,30388,26585,306,466,0,288,0,3202,1556463,0,0,3754844192,61225599,592403004,0,0,7889656,1728,1728,0,114764218,114764218,0,0,114764218,7889656,14.67,2.07
359,2026-05-18 01:13:06,3,q5a,0,14,408,2235,5138,30722,26755,345,483,0,832,0,3346,1555517,0,0,4293812064,61225599,592403004,0,0,7891635,1738,1738,0,114931337,114931337,0,0,114798107,7889811,13.75,2.24
360,2026-05-18 01:13:09,3,q6,0,11,92,1578,3214,19582,18430,48,76,0,0,0,2380,5014322,0,0,4851667944,28607305,108733860,0,0,27358702,1158,1158,0,237127054,237127054,0,0,237127054,27358702,12.41,1.58
361,2026-05-18 01:13:12,3,q7,0,9,93,1791,6197,25066,22795,63,82,0,512,0,3691,783559,0,0,838432440,29603556,356553463,0,0,26629749,85,85,0,767598824,767598824,0,0,767598824,26629749,14.0,1.79
362,2026-05-18 01:13:15,3,q8,0,10,75,873,827,9771,9201,85,117,0,0,0,23,1650915,0,0,4865332224,28580358,117278168,0,0,6668,6,6,0,79456,79456,0,0,79456,6668,11.19,0.87
363,2026-05-18 01:13:17,3,q9,0,31,1021,1439,21109,20586,18318,35,582,0,496,0,145,321297,0,0,0,432007560,1172940160,0,0,1005,1005,1005,0,63138,63138,0,0,63138,1005,14.31,1.44
364,2026-05-18 01:13:19,3,q10,0,13,211,1083,2937,13069,11839,42,138,0,0,0,526,594763,0,0,1683225704,51779275,120735650,0,0,4321867,84,84,0,66317919,66317919,0,0,66317919,4321867,12.07,1.08
365,2026-05-18 01:13:22,3,q10a,0,10,210,607,1459,6540,5573,39,150,0,430,0,420,821251,0,0,2194445312,51779275,120735650,0,0,4289247,138,138,0,66290269,66290269,0,0,66290269,4289247,10.77,0.61
366,2026-05-18 01:13:23,3,q11,0,17,258,4193,14098,64847,57717,203,294,0,480,0,8793,1373324,0,0,26856842912,35353393,267813392,0,0,71770406,5474,5474,0,1049683414,1049683414,0,0,536131307,36215116,15.47,4.19
367,2026-05-18 01:13:29,3,q12,0,5,55,449,410,4499,3947,51,60,0,0,0,43,3269297,0,0,862371576,7375137,69292534,0,0,26498,6,6,0,3416917,3416917,0,0,3416917,26498,10.02,0.45
368,2026-05-18 01:13:30,3,q13,0,9,76,1139,2166,15942,15002,20,54,0,0,0,388,1611538,0,0,573747424,29758358,442127593,0,0,193014,17,17,0,2753258,2753258,0,0,2753258,193014,14.0,1.14
369,2026-05-18 01:13:32,3,q14a,0,30,641,6747,15492,81642,68882,443,711,0,1792,0,14398,1778433,0,0,12052039384,147733425,817696760,0,0,62683055,1638,1638,0,832554372,832554372,0,0,829543316,62596531,12.1,6.75
370,2026-05-18 01:13:42,3,q14b,0,24,503,4816,12141,67124,59261,521,602,0,775,0,7095,1778347,0,0,10234366640,126351304,625377074,0,0,68475639,1565,1565,0,934830449,934830449,0,0,491078678,40968432,13.94,4.82
371,2026-05-18 01:13:48,3,q14,0,24,499,4302,10849,58527,51660,449,640,0,576,0,7392,1779250,0,0,8268647616,126351304,625377074,0,0,68314948,1371,1371,0,925505459,925505459,0,0,481753688,40807741,13.6,4.3
372,2026-05-18 01:13:54,3,q15,0,6,83,1474,1468,19160,17456,62,71,0,336,0,1941,5014279,0,0,5245524392,15151180,83588960,0,0,14544315,1088,1088,0,126141563,126141563,0,0,126141563,14544315,13.0,1.47
373,2026-05-18 01:13:56,3,q16,0,8,195,2391,5815,34298,29367,54,143,0,400,0,5737,424379,0,0,4703921456,30563805,216701841,0,0,30114572,2975,2975,0,425546236,425546236,0,0,425546236,30114572,14.34,2.39
374,2026-05-18 01:14:00,3,q17,0,10,217,4807,11512,64837,59799,77,171,0,768,3,8403,6945926,0,0,7880912176,44860789,306329872,0,0,45538041,3319,3319,0,1083953570,1083953570,0,0,1083953570,45538041,13.49,4.81
375,2026-05-18 01:14:06,3,q18,0,12,96,1802,6790,20856,19259,70,91,0,0,0,2485,9713803,0,0,3065959144,19094780,276393850,0,0,14505220,98,98,0,425374885,425374885,0,0,425374885,14505220,11.57,1.8
376,2026-05-18 01:14:09,3,q18a,0,21,170,2431,12799,31147,27072,153,195,0,608,0,3623,9713760,0,0,13017939008,19946780,279627504,0,0,71657644,357,357,0,2102947115,2102947115,0,0,426335063,14562060,12.81,2.43
377,2026-05-18 01:14:12,3,q19,0,7,72,702,681,7479,6856,73,91,0,0,0,31,5014279,0,0,3108604640,28432358,208799922,0,0,2718,3,3,0,190396,190396,0,0,190396,2718,10.65,0.7
378,2026-05-18 01:14:14,3,q20,0,5,67,442,406,3934,2842,62,72,0,0,0,45,3269297,0,0,988820632,14503180,110733060,0,0,36807,6,6,0,4663129,4663129,0,0,4663129,36807,8.9,0.44
379,2026-05-18 01:14:15,3,q21,0,5,54,904,895,12218,11516,57,66,0,0,0,27,684715,0,0,385904296,133285059,523170535,0,0,63700,2,2,0,1093197,1093197,0,0,1093197,63700,13.52,0.9
380,2026-05-18 01:14:17,3,q22,0,6,71,22040,22001,168069,166222,119,105,0,870,0,218,4630315,0,0,2847197272,133285059,523150926,0,0,2038920,187,187,0,85798101,85798101,0,0,85798101,2038920,7.63,22.04
381,2026-05-18 01:14:41,3,q22a,0,10,135,2073,2694,23873,20496,180,203,0,350,0,2625,4630315,0,0,11914496448,133285059,523156014,0,0,2703130,857,857,0,135114839,135114839,0,0,33171531,664170,11.52,2.07
382,2026-05-18 01:14:44,3,q23a,0,18,403,6313,12726,94169,87281,372,489,4,1536,0,9313,6577006,0,0,22085629712,106164281,576934608,0,0,43094559,2877,2877,0,1053109860,1053109860,0,0,1008527567,40441747,14.92,6.31
383,2026-05-18 01:14:51,3,q23b,0,21,423,6670,14623,99409,91011,469,566,4,1318,0,10624,6577006,0,0,34872161472,106664281,579986654,0,0,49362664,6636,6636,0,1167746200,1167746200,0,0,1020911877,40904228,14.9,6.67
384,2026-05-18 01:14:59,3,q24,0,12,160,2854,8271,38628,34547,50,109,0,416,0,6763,463487,0,0,4795803152,32530235,250385654,0,0,30468590,2041,2041,0,736174632,736174632,0,0,736174632,30468590,13.53,2.85
385,2026-05-18 01:15:03,3,q24a,0,19,213,4391,9343,52926,49317,127,189,31,496,0,6836,3560798,0,0,14728425696,32632235,249079712,0,0,61448141,4647,4647,0,1495214546,1495214546,0,0,765303292,30991090,12.05,4.39
386,2026-05-18 01:15:08,3,q24b,0,19,213,4095,9070,50150,47589,130,188,0,438,0,6325,3560798,0,0,14722420960,32632235,249079712,0,0,61437701,4647,4647,0,1493987363,1493987363,0,0,764076109,30980650,12.25,4.1
387,2026-05-18 01:15:14,3,q25,0,10,217,4802,11428,65741,60090,93,169,0,864,0,8417,6945926,0,0,7880887560,44860789,397738628,0,0,45538038,3316,3316,0,1103935384,1103935384,0,0,1103935384,45538038,13.69,4.8
388,2026-05-18 01:15:20,3,q26,0,8,87,1251,3984,16029,14598,66,76,0,384,0,2162,783559,0,0,568948504,16424480,222520799,0,0,14338674,72,72,0,390664156,390664156,0,0,390664156,14338674,12.81,1.25
389,2026-05-18 01:15:22,3,q27,0,8,91,1860,6861,26297,23895,35,73,0,512,0,3793,783559,0,0,637313664,29603158,330984235,0,0,26618343,74,74,0,683120336,683120336,0,0,683120336,26618343,14.14,1.86
390,2026-05-18 01:15:25,3,q27a,0,13,130,2345,9714,34627,31535,72,113,0,688,0,3949,783559,0,0,1361438760,29705260,331293045,0,0,79689890,233,233,0,2045386751,2045386751,0,0,683384333,26621186,14.77,2.35
391,2026-05-18 01:15:28,3,q28,0,18,431,2601,14753,39043,29481,386,478,0,1053,0,14337,360862,0,0,27424709080,172803006,1181120100,0,0,1375311,1564,1564,0,24467873,24467873,0,0,24467873,1375311,15.01,2.6
392,2026-05-18 01:15:32,3,q29,0,11,218,5155,15111,70293,58849,391,171,1,352,0,13692,6945969,0,0,7880995000,44933838,306809624,0,0,45538045,3321,3321,0,1083954345,1083954345,0,0,1083954345,45538045,13.64,5.16
393,2026-05-18 01:15:38,3,q30,0,12,128,681,1419,4786,3923,182,174,0,0,0,754,1994073,0,0,3968087040,2698567,84728162,0,0,758073,76,76,0,60290235,60290235,0,0,60290235,758073,7.03,0.68
394,2026-05-18 01:15:40,3,q31,0,19,361,1881,8837,25399,22954,270,371,0,0,0,323,3834069,0,0,8335261024,104591032,556455694,0,0,41089,26,26,0,1416781,1416781,0,0,1208275,34875,13.5,1.88
395,2026-05-18 01:15:43,3,q32,0,7,129,657,1162,8597,7932,51,103,0,0,0,294,708064,0,0,219553416,28831311,213647650,0,0,135308,67,67,0,1892436,1892436,0,0,1892436,135308,13.09,0.66
396,2026-05-18 01:15:45,3,q33,0,9,186,810,1607,10096,8317,172,219,0,645,0,112,1088586,0,0,2700416024,49562475,406209848,0,0,7609,8,8,0,210206,210206,0,0,210206,7609,12.46,0.81
397,2026-05-18 01:15:46,3,q34,0,9,104,769,1014,10107,9038,113,115,0,0,0,1059,908270,0,0,397086752,28087558,87187312,0,0,1010675,85,85,0,34409535,34409535,0,0,17491770,510675,13.14,0.77
398,2026-05-18 01:15:48,3,q35,0,12,216,1132,2404,12759,11122,60,153,0,0,0,1305,2112212,0,0,5209334768,51779275,120469410,0,0,8052611,351,351,0,39149825,39149825,0,0,39149825,8052611,11.27,1.13
399,2026-05-18 01:15:51,3,q35a,0,11,216,995,2067,10519,9299,519,163,0,480,0,1285,2112212,0,0,4420805904,51779275,120469410,0,0,8049848,363,363,0,39176588,39176588,0,0,39176588,8049848,10.57,1.0
400,2026-05-18 01:15:53,3,q36,0,6,71,711,673,8807,7946,75,88,0,0,0,204,1858292,0,0,1770423992,27682358,272625812,0,0,2238,14,14,0,177240,177240,0,0,177240,2238,12.39,0.71
401,2026-05-18 01:15:54,3,q36a,0,9,76,823,757,9842,9131,76,89,0,0,0,155,1858292,0,0,2309391864,27682358,272625812,0,0,6097,45,45,0,506805,506805,0,0,183763,2255,11.96,0.82
402,2026-05-18 01:15:56,3,q37,0,6,132,1039,1678,13327,12260,47,94,0,0,0,1800,300615,0,0,949600864,147685474,583391793,0,0,4316414,1074,1074,0,66666749,66666749,0,0,66666749,14400617,12.83,1.04
403,2026-05-18 01:15:58,3,q38,0,13,266,2074,5612,30443,23686,131,226,0,1024,0,4795,2992761,0,0,14880596040,49608475,112842050,0,0,12908807,1346,1346,0,99167332,99167332,0,0,72992444,11908807,14.68,2.07
404,2026-05-18 01:16:01,3,q39a,0,11,149,2144,3721,27518,25405,242,229,0,496,0,600,801878,0,0,4135752968,266468108,1044999740,0,0,2587909,102,102,0,54248007,54248007,0,0,33889570,1567909,12.83,2.14
405,2026-05-18 01:16:05,3,q39b,0,11,149,1487,2721,18118,16346,199,235,0,1472,0,199,685360,0,0,4037186824,266468108,1044999740,0,0,2551488,102,102,0,53122748,53122748,0,0,32764311,1531488,12.18,1.49
406,2026-05-18 01:16:07,3,q40,0,7,133,1967,4200,26799,24093,56,105,0,885,0,3537,348856,0,0,4141621464,15943072,160910918,0,0,15748014,1921,1921,0,314097218,314097218,0,0,314097218,15748014,13.62,1.97
407,2026-05-18 01:16:10,3,q41,0,4,4,158,132,118,117,5,5,0,0,0,7,13527,0,0,135268304,204000,1272987,0,0,140,2,2,0,9680,9680,0,0,9680,140,0.75,0.16
408,2026-05-18 01:16:12,3,q42,0,4,69,326,317,4320,3888,62,75,0,0,0,9,719354,0,0,361643416,27682256,175012340,0,0,32,3,3,0,2656,2656,0,0,2656,32,13.25,0.33
409,2026-05-18 01:16:13,3,q43,0,4,69,504,483,6745,6091,65,83,0,0,0,59,720730,0,0,223324760,27580358,92393362,0,0,294,14,14,0,37327,37327,0,0,37327,294,13.38,0.5
410,2026-05-18 01:16:14,3,q44,0,8,152,618,657,7542,6390,67,145,0,0,0,1948,1665021,0,0,2147935336,57703002,325654173,0,0,991985,1019,1019,0,15013054,15013054,0,0,7510252,496103,12.2,0.62
411,2026-05-18 01:16:16,3,q45,0,8,73,1463,1523,19969,17657,43,62,0,768,0,1598,5014279,0,0,5068807392,8227137,74049122,0,0,7447479,880,880,0,100357151,100357151,0,0,100357151,7447479,13.65,1.46
412,2026-05-18 01:16:19,3,q46,0,9,88,797,973,8859,7519,118,125,0,84,0,1444,3376534,0,0,1865078648,28337558,223735832,0,0,529456,69,69,0,17624191,17624191,0,0,17624191,529456,11.12,0.8
413,2026-05-18 01:16:20,3,q47,0,11,111,1523,2159,17563,15674,134,154,0,0,0,1440,2307790,0,0,6164710032,27682358,164292904,0,0,1188303,557,557,0,45099824,45099824,0,0,31097353,822201,11.53,1.52
414,2026-05-18 01:16:23,3,q48,0,8,91,1145,2063,16712,14964,48,76,0,710,0,1926,1686071,0,0,620257344,29751158,253754317,0,0,4383965,86,86,0,101320820,101320820,0,0,101320820,4383965,14.6,1.14
415,2026-05-18 01:16:25,3,q49,0,18,387,2097,8842,30027,24856,96,285,0,960,0,9123,320452,0,0,4516096824,54145455,723228567,0,0,15195840,337,337,0,341356024,341356024,0,0,341356024,15195840,14.32,2.1
416,2026-05-18 01:16:29,3,q50,0,7,137,2708,6027,39029,35608,48,105,0,432,0,5581,373096,0,0,4687124776,30430658,175355068,0,0,29262054,1989,1989,0,613521501,613521501,0,0,613521501,29262054,14.41,2.71
417,2026-05-18 01:16:32,3,q51,0,10,218,2776,4118,38695,35001,235,274,0,400,0,3622,536372,0,0,10760036720,34780344,215300374,0,0,23550796,1826,1826,0,399477556,399477556,0,0,399477556,23550796,13.94,2.78
418,2026-05-18 01:16:36,3,q51a,0,14,285,20395,24051,267404,256595,332,395,0,3203,0,4959,567630,0,0,27699775816,34780344,215300374,0,0,46681572,2728,2728,0,770734582,770734582,0,0,558633027,35219606,13.11,20.4
419,2026-05-18 01:16:58,3,q52,0,4,69,394,385,5330,4895,68,77,0,0,0,47,719569,0,0,361643416,27682256,175143412,0,0,1253,3,3,0,78201,78201,0,0,78201,1253,13.53,0.39
420,2026-05-18 01:16:59,3,q53,0,6,71,593,578,7321,6682,70,86,0,0,0,529,905131,0,0,377079056,27682358,164829516,0,0,16165,15,15,0,408667,408667,0,0,408667,16165,12.35,0.59
421,2026-05-18 01:17:01,3,q54,0,17,221,1715,5938,22132,20337,167,226,3,0,0,2879,5014279,0,0,5714824408,50179724,254216284,0,0,27925422,310,310,0,266485912,266485912,0,0,266485912,27925422,12.9,1.72
422,2026-05-18 01:17:04,3,q55,0,4,69,433,423,6021,5627,66,76,0,0,0,51,719354,0,0,428752256,27682256,175143412,0,0,1135,3,3,0,68028,68028,0,0,68028,1135,13.91,0.43
423,2026-05-18 01:17:05,3,q56,0,9,186,770,1561,9278,7759,176,220,0,480,0,103,1088586,0,0,2175177976,49562475,406474536,0,0,9560,8,8,0,277255,277255,0,0,277255,9560,12.05,0.77
424,2026-05-18 01:17:07,3,q57,0,11,116,1229,1898,14676,11797,153,168,0,0,0,1685,2307790,0,0,7200266704,14503204,110662841,0,0,1383219,710,710,0,54933681,54933681,0,0,38383959,962849,11.94,1.23
425,2026-05-18 01:17:09,3,q58,0,10,185,1197,2878,15329,13516,183,217,0,510,0,73,1076681,0,0,2551216384,49356573,346801998,0,0,135107,4,4,0,1828873,1828873,0,0,1828873,135107,12.81,1.2
426,2026-05-18 01:17:12,3,q59,0,10,75,905,956,8322,7504,71,85,0,0,0,1159,754364,0,0,4767648528,27726558,92696242,0,0,70176,134,134,0,2819225,2819225,0,0,1588690,53703,9.2,0.9
427,2026-05-18 01:17:14,3,q60,0,9,186,881,1845,10932,9431,191,225,0,448,0,181,1088199,0,0,2730483240,49562475,406410552,0,0,62086,11,11,0,1172891,1172891,0,0,1172891,62086,12.41,0.88
428,2026-05-18 01:17:16,3,q61,0,10,140,1183,1659,15669,14955,12,83,0,0,0,18,5014279,0,0,4114268400,55940065,442550324,0,0,132,132,132,0,7536,7536,0,0,7536,132,13.25,1.18
429,2026-05-18 01:17:18,3,q62,0,6,55,684,671,9765,8783,57,67,0,0,0,633,826121,0,0,290368584,7273209,32942921,0,0,6738,17,17,0,552322,552322,0,0,552322,6738,14.28,0.68
430,2026-05-18 01:17:20,3,q63,0,6,71,483,470,5777,5257,72,87,0,0,0,272,905217,0,0,377013520,27682358,164831636,0,0,3687,15,15,0,139756,139756,0,0,139756,3687,11.96,0.48
431,2026-05-18 01:17:21,3,q64,0,33,489,10040,44664,152053,135017,572,710,0,2134,0,19333,1087207,0,0,42845976528,49224915,554753421,0,0,66198164,9180,9180,0,2330744062,2330744062,0,0,2093202009,55680264,15.14,10.04
432,2026-05-18 01:17:33,3,q65,0,10,188,1434,2592,20282,18127,221,242,5,320,0,1919,9164527,0,0,6973681856,55189565,331105822,0,0,12118897,561,561,0,395472051,395472051,0,0,395472051,12118897,14.14,1.43
433,2026-05-18 01:17:35,3,q66,0,8,119,1093,1460,12611,10389,202,235,0,0,0,100,1023690,0,0,2539847856,21687698,256846431,0,0,270,27,27,0,99522,99522,0,0,99522,270,11.54,1.09
434,2026-05-18 01:17:37,3,q67,0,6,87,6073,6023,76734,73766,112,130,0,1322,0,1138,4630315,0,0,7731250296,27682358,196558995,0,0,8547444,255,255,0,588025508,588025508,0,0,588025508,8547444,12.64,6.07
435,2026-05-18 01:17:44,3,q67a,0,14,229,9935,34133,137889,126572,364,396,0,1317,0,6122,4630315,0,0,27839457704,27682358,196558995,0,0,53570770,2150,2150,0,3473889114,3473889114,0,0,795502802,12999562,13.88,9.94
436,2026-05-18 01:17:56,3,q68,0,9,88,969,1216,12481,11640,128,126,0,0,0,506,3376534,0,0,1836459800,28337558,342924944,0,0,507674,58,58,0,16407935,16407935,0,0,16407935,507674,12.88,0.97
437,2026-05-18 01:17:58,3,q69,0,13,211,1053,2518,12332,11221,42,141,0,0,0,646,467445,0,0,1686012184,51779275,120539042,0,0,3828287,67,67,0,62008200,62008200,0,0,62008200,3828287,11.71,1.05
438,2026-05-18 01:18:00,3,q70,0,9,139,972,916,11070,9763,152,186,0,420,0,82,1369128,0,0,1587645624,55087667,227527888,0,0,249,30,30,0,13762,13762,0,0,13762,249,11.39,0.97
439,2026-05-18 01:18:02,3,q70a,0,12,144,881,771,9724,8771,152,190,0,0,0,81,1365303,0,0,1119979840,55087667,227527888,0,0,276,59,59,0,17527,17527,0,0,9675,198,11.04,0.88
440,2026-05-18 01:18:04,3,q71,0,7,184,961,935,12474,10794,228,257,0,540,0,130,3342565,0,0,1362478064,49296875,359456002,0,0,31955,17,17,0,1445052,1445052,0,0,893499,20983,12.98,0.96
441,2026-05-18 01:18:06,3,q72,0,16,230,16726,30099,229445,219452,152,233,1,1876,0,9780,6577006,0,0,19933730552,151127670,707173824,0,0,142630673,5240,5240,0,2054109950,2054109950,0,0,2054109950,142630673,13.72,16.73
442,2026-05-18 01:18:24,3,q73,0,9,104,439,737,5221,4694,90,105,0,0,0,422,906937,0,0,395522080,28087558,87187312,0,0,1002732,67,67,0,33999056,33999056,0,0,17081291,502732,11.89,0.44
443,2026-05-18 01:18:25,3,q74,0,15,233,4076,14017,63303,55811,172,264,0,912,0,7097,1428954,0,0,22921014288,35353393,187654900,0,0,71557457,4867,4867,0,760549308,760549308,0,0,388587442,36002167,15.53,4.08
444,2026-05-18 01:18:30,3,q75,0,19,578,4118,14218,63100,47210,135,446,0,1024,0,16127,574640,0,0,12471749904,103356738,960216234,0,0,14156496,2600,2600,0,343447712,343447712,0,0,230989374,9118708,15.32,4.12
445,2026-05-18 01:18:36,3,q76,0,4,181,859,833,11719,10525,186,243,0,0,0,698,2886724,0,0,13801848136,49141969,393296636,0,0,2307,178,178,0,246571,246571,0,0,246571,2307,13.64,0.86
446,2026-05-18 01:18:38,3,q77,0,14,338,1307,5780,18147,15787,228,321,0,432,0,70,720128,0,0,1386293464,54013669,520712344,0,0,838,63,63,0,62565,62565,0,0,62565,838,13.88,1.31
447,2026-05-18 01:18:40,3,q77a,0,17,343,1645,7127,21358,13196,248,334,0,490,0,757,719225,0,0,1992370176,54013669,520712344,0,0,1313,74,74,0,119317,119317,0,0,77821,983,12.98,1.64
448,2026-05-18 01:18:43,3,q78,0,12,382,8842,25574,133234,93205,203,344,0,1120,0,26429,7360524,0,0,23440107088,54219312,629070584,0,0,54207585,4641,4641,0,1581114373,1581114373,0,0,1581114373,54207585,15.07,8.84
449,2026-05-18 01:18:53,3,q79,0,8,86,712,990,8517,7094,109,116,0,112,0,1385,2321400,0,0,3200173264,28087558,221286712,0,0,581366,141,141,0,16856485,16856485,0,0,16856485,581366,11.96,0.71
450,2026-05-18 01:18:55,3,q80,0,17,389,11389,83655,177254,101061,110,310,0,1296,0,81984,396320,0,0,14185165104,54260907,753816612,0,0,53052375,5630,5630,0,1574167848,1574167848,0,0,1574167848,53052375,15.56,11.39
451,2026-05-18 01:19:07,3,q80a,0,20,394,63704,309511,1014266,97817,136,335,2,1136,0,915734,396277,0,0,14657024136,54260907,753816612,0,0,53053332,5641,5641,0,1574283460,1574283460,0,0,1574180710,53052306,15.92,63.7
452,2026-05-18 01:20:12,3,q81,0,13,134,1310,4450,16186,5153,205,186,0,88,0,1875,1994073,0,0,5102319032,4202813,120332210,0,0,1321902,145,145,0,36835998,36835998,0,0,36835998,1321902,12.36,1.31
453,2026-05-18 01:20:15,3,q82,0,6,137,1406,2329,18619,17463,40,95,0,0,0,1976,324863,0,0,1721378256,162085550,618697681,0,0,13778665,1171,1171,0,135990185,135990185,0,0,135990185,28800829,13.24,1.41
454,2026-05-18 01:20:17,3,q83,0,10,157,2164,5992,31528,5310,135,174,0,656,0,330,821816,0,0,2454086016,5226039,97536411,0,0,43611,11,11,0,713915,713915,0,0,713915,43611,14.57,2.16
455,2026-05-18 01:20:20,3,q84,0,9,73,698,1296,4180,3678,35,53,0,0,0,1520,9713760,0,0,100948512,5555652,27854895,0,0,2778987,65,65,0,15445745,15445745,0,0,15445745,2778987,5.99,0.7
456,2026-05-18 01:20:22,3,q85,0,14,146,3498,24201,53065,12536,76,131,0,368,0,41884,1611538,0,0,3522586704,12085256,163938312,0,0,3025215,1744,1744,0,68690797,68690797,0,0,68690797,3025215,15.17,3.5
457,2026-05-18 01:20:27,3,q86,0,5,54,542,506,6607,6125,54,59,0,0,0,103,1858292,0,0,1398655400,7375137,65640862,0,0,1915,12,12,0,135930,135930,0,0,135930,1915,12.19,0.54
458,2026-05-18 01:20:28,3,q86a,0,8,59,567,510,5495,5087,46,63,0,0,0,105,1858292,0,0,1937622872,7375137,65640862,0,0,5122,39,39,0,389397,389397,0,0,143801,1930,9.69,0.57
459,2026-05-18 01:20:30,3,q87,0,13,266,4563,12781,68206,23641,1406,238,2,21629,0,19156,2992804,0,0,14880596040,49608475,112842050,0,0,12908807,1346,1346,0,99167332,99167332,0,0,72992444,11908807,14.95,4.56
460,2026-05-18 01:20:36,3,q88,0,26,554,1961,13021,28010,22417,67,352,36,716,0,88,335477,0,0,1725092416,231102510,472553640,0,0,536,536,536,0,31619,31619,0,0,31619,536,14.28,1.96
461,2026-05-18 01:20:39,3,q89,0,6,71,683,655,7471,5676,83,99,0,0,0,568,905303,0,0,1316733360,27682358,164563240,0,0,16454,15,15,0,1056131,1056131,0,0,1056131,16454,10.94,0.68
462,2026-05-18 01:20:40,3,q90,0,8,106,529,758,7358,6078,14,58,0,0,0,12,250166,0,0,323739200,14580376,66265216,0,0,100,100,100,0,5900,5900,0,0,5900,100,13.91,0.53
463,2026-05-18 01:20:42,3,q91,0,11,62,467,541,3139,2168,74,78,0,12,0,63,9527061,0,0,2986896344,4190955,59315149,0,0,109809,8,8,0,1094555,1094555,0,0,1091937,109792,6.72,0.47
464,2026-05-18 01:20:44,3,q92,0,7,105,597,1025,7408,5262,55,87,0,160,0,742,709229,0,0,191374440,14575225,130635526,0,0,94062,53,53,0,1376229,1376229,0,0,1376229,94062,12.41,0.6
465,2026-05-18 01:20:45,3,q93,0,5,136,4211,6676,59910,52691,105,109,0,752,0,5828,322401,0,0,5766380072,31678178,236541444,0,0,31635854,2006,2006,0,788241663,788241663,0,0,788241663,31635854,14.23,4.21
466,2026-05-18 01:20:51,3,q94,0,8,171,1777,4346,25283,17824,76,128,0,774,0,5183,4008197,0,0,3571011840,15443541,143939774,0,0,14397040,1717,1717,0,225790004,225790004,0,0,225790004,14397040,14.23,1.78
467,2026-05-18 01:20:53,3,q95,0,8,171,4844,8664,69286,45628,65,129,10,2093,0,8434,4010739,0,0,14560086280,15443541,143677630,0,0,35990240,4267,4267,0,331280816,331280816,0,0,205215617,14395274,14.3,4.84
468,2026-05-18 01:20:59,3,q96,0,5,71,351,345,4695,3787,12,41,0,0,0,8,335047,0,0,213972808,28894203,59125646,0,0,67,67,67,0,3950,3950,0,0,3950,67,13.38,0.35
469,2026-05-18 01:21:01,3,q97,0,5,147,2244,2939,31538,25039,156,170,0,515,0,1171,537103,0,0,7340928768,41908387,183291428,0,0,8381430,493,493,0,96998577,96998577,0,0,96998577,8381430,14.05,2.24
470,2026-05-18 01:21:04,3,q98,0,7,75,723,614,4781,3988,78,85,2,0,0,65,3269297,0,0,1300366872,27682256,178371000,0,0,71672,14,14,0,9066327,9066327,0,0,7253935,56508,6.61,0.72
471,2026-05-18 01:21:06,3,q99,0,6,67,942,925,12941,12151,71,85,0,0,0,423,1024464,0,0,343879080,14473528,74473752,0,0,13834,20,20,0,1092296,1092296,0,0,1092296,13834,13.74,0.94
472,2026-05-18 01:21:08,4,q1,0,12,134,824,1472,9407,7216,144,142,0,14,0,1178,406590,0,0,3493632216,6127653,108568026,0,0,2172339,220,220,0,31541287,31541287,0,0,31541287,2172339,11.42,0.82
473,2026-05-18 01:21:10,4,q2,0,9,120,658,608,7355,6359,110,142,0,0,0,567,1203234,0,0,839171944,21747366,110395806,0,0,4756,338,338,0,200702,200702,0,0,76764,3504,11.18,0.66
474,2026-05-18 01:21:11,4,q3,0,4,69,271,260,3199,2873,67,77,0,0,0,92,721074,0,0,240926696,27682256,175143304,0,0,1010,15,15,0,88613,88613,0,0,88613,1010,11.8,0.27
475,2026-05-18 01:21:13,4,q4,0,22,389,8286,41740,128433,103483,378,499,5,2796,0,17068,1682654,0,0,39674206800,49681524,683359278,0,0,102286012,8739,8739,0,2539550644,2539550644,0,0,1275015000,51438627,15.5,8.29
476,2026-05-18 01:21:22,4,q5,0,11,403,2397,5555,35193,27254,338,474,0,609,0,5320,1556334,0,0,3754844192,61225599,592403004,0,0,7889656,1728,1728,0,114764218,114764218,0,0,114764218,7889656,14.68,2.4
477,2026-05-18 01:21:26,4,q5a,0,14,408,2532,6116,33972,25336,357,490,0,976,0,5446,1555861,0,0,4293812064,61225599,592403004,0,0,7891635,1738,1738,0,114931337,114931337,0,0,114798107,7889811,13.42,2.53
478,2026-05-18 01:21:30,4,q6,0,11,92,2048,3922,26370,21829,59,83,0,308,0,2084,5014322,0,0,4851667944,28607305,108733860,0,0,27358702,1158,1158,0,237127054,237127054,0,0,237127054,27358702,12.88,2.05
479,2026-05-18 01:21:33,4,q7,0,9,93,1867,6516,25605,22381,93,86,0,480,0,3801,783645,0,0,838432440,29603556,356553463,0,0,26629749,85,85,0,767598824,767598824,0,0,767598824,26629749,13.71,1.87
480,2026-05-18 01:21:36,4,q8,0,10,75,814,717,6841,6120,95,119,0,0,0,25,1650915,0,0,4865332224,28580358,117278168,0,0,6668,6,6,0,79456,79456,0,0,79456,6668,8.4,0.81
481,2026-05-18 01:21:38,4,q9,0,31,1021,1789,26232,25402,17494,199,634,19,1197,0,194,321383,0,0,0,432007560,1172940160,0,0,1005,1005,1005,0,63138,63138,0,0,63138,1005,14.2,1.79
482,2026-05-18 01:21:41,4,q10,0,13,211,1008,2593,10943,8188,70,148,0,160,0,530,594763,0,0,1683225704,51779275,120735650,0,0,4321867,84,84,0,66317919,66317919,0,0,66317919,4321867,10.86,1.01
483,2026-05-18 01:21:43,4,q10a,0,10,210,657,1509,6934,5467,92,159,0,22,0,460,821251,0,0,2194445312,51779275,120735650,0,0,4289247,138,138,0,66290269,66290269,0,0,66290269,4289247,10.55,0.66
484,2026-05-18 01:21:45,4,q11,0,17,258,4174,14104,64497,57128,187,286,0,486,0,9069,1373324,0,0,26856842912,35353393,267813392,0,0,71770406,5474,5474,0,1049683414,1049683414,0,0,536131307,36215116,15.45,4.17
485,2026-05-18 01:21:50,4,q12,0,5,55,464,428,4850,4232,48,60,0,0,0,42,3269297,0,0,862371576,7375137,69292534,0,0,26498,6,6,0,3416917,3416917,0,0,3416917,26498,10.45,0.46
486,2026-05-18 01:21:51,4,q13,0,9,76,933,1690,11732,8936,34,57,0,169,0,486,1611538,0,0,573747424,29758358,442127593,0,0,193014,17,17,0,2753258,2753258,0,0,2753258,193014,12.57,0.93
487,2026-05-18 01:21:53,4,q14a,0,30,641,7014,16022,84784,70506,484,748,0,2224,0,13739,1777745,0,0,12052039384,147733425,817696760,0,0,62683055,1638,1638,0,832554372,832554372,0,0,829543316,62596531,12.09,7.01
488,2026-05-18 01:22:03,4,q14b,0,24,503,4655,11286,64098,58010,464,623,0,1214,0,6002,1778132,0,0,10234366640,126351304,625377074,0,0,68475639,1565,1565,0,934830449,934830449,0,0,491078678,40968432,13.77,4.66
489,2026-05-18 01:22:09,4,q14,0,24,499,3933,8758,53258,46648,442,649,0,880,0,6896,1778691,0,0,8268647616,126351304,625377074,0,0,68314948,1371,1371,0,925505459,925505459,0,0,481753688,40807741,13.54,3.93
490,2026-05-18 01:22:15,4,q15,0,6,83,1709,1706,22277,17934,44,69,0,906,0,2211,5014279,0,0,5245524392,15151180,83588960,0,0,14544315,1088,1088,0,126141563,126141563,0,0,126141563,14544315,13.04,1.71
491,2026-05-18 01:22:17,4,q16,0,8,195,2419,5762,35053,30550,54,143,0,416,0,5567,424379,0,0,4703921456,30563805,216701841,0,0,30114572,2975,2975,0,425546236,425546236,0,0,425546236,30114572,14.49,2.42
492,2026-05-18 01:22:21,4,q17,0,10,217,5113,12150,70161,58454,77,173,0,912,0,10925,6945969,0,0,7880912176,44860789,306329872,0,0,45538041,3319,3319,0,1083953570,1083953570,0,0,1083953570,45538041,13.72,5.11
493,2026-05-18 01:22:27,4,q18,0,12,96,1843,5869,20367,16791,82,91,0,336,0,3235,9713889,0,0,3065959144,19094780,276393850,0,0,14505220,98,98,0,425374885,425374885,0,0,425374885,14505220,11.05,1.84
494,2026-05-18 01:22:30,4,q18a,0,21,170,2767,12942,34576,28739,185,198,0,432,0,3822,9713889,0,0,13017939008,19946780,279627504,0,0,71657644,357,357,0,2102947115,2102947115,0,0,426335063,14562060,12.5,2.77
495,2026-05-18 01:22:34,4,q19,0,7,72,584,559,6324,5836,77,91,0,0,0,41,5014279,0,0,3108604640,28432358,208799922,0,0,2718,3,3,0,190396,190396,0,0,190396,2718,10.83,0.58
496,2026-05-18 01:22:36,4,q20,0,5,67,593,557,6658,6063,60,73,0,0,0,41,3269297,0,0,988820632,14503180,110733060,0,0,36807,6,6,0,4663129,4663129,0,0,4663129,36807,11.23,0.59
497,2026-05-18 01:22:37,4,q21,0,5,54,979,940,12309,10631,59,66,0,0,0,24,684629,0,0,385904296,133285059,523170535,0,0,63700,2,2,0,1093197,1093197,0,0,1093197,63700,12.57,0.98
498,2026-05-18 01:22:39,4,q22,0,6,71,20667,20625,164382,161006,122,103,0,1074,0,603,4630315,0,0,2847197272,133285059,523150926,0,0,2038920,187,187,0,85798101,85798101,0,0,85798101,2038920,7.95,20.67
499,2026-05-18 01:23:01,4,q22a,0,10,135,2030,2779,24586,21227,183,200,0,300,0,2490,4630315,0,0,11914496448,133285059,523156014,0,0,2703130,857,857,0,135114839,135114839,0,0,33171531,664170,12.11,2.03
500,2026-05-18 01:23:04,4,q23a,0,18,403,7150,14374,106982,87345,406,502,1,1696,0,20319,6577006,0,0,22085629712,106164281,576934608,0,0,43094559,2877,2877,0,1053109860,1053109860,0,0,1008527567,40441747,14.96,7.15
501,2026-05-18 01:23:13,4,q23b,0,21,423,6790,14032,101520,91157,433,541,1,1312,0,10106,6577006,0,0,34872161472,106664281,579986654,0,0,49362664,6636,6636,0,1167746200,1167746200,0,0,1020911877,40904228,14.95,6.79
502,2026-05-18 01:23:21,4,q24,0,12,160,2815,8254,38074,35049,55,110,0,496,0,5681,463487,0,0,4795803152,32530235,250385654,0,0,30468590,2041,2041,0,736174632,736174632,0,0,736174632,30468590,13.53,2.82
503,2026-05-18 01:23:24,4,q24a,0,19,213,4468,9242,53195,49335,136,188,0,464,0,6415,3560798,0,0,14728425696,32632235,249079712,0,0,61448141,4647,4647,0,1495214546,1495214546,0,0,765303292,30991090,11.91,4.47
504,2026-05-18 01:23:30,4,q24b,0,19,213,4119,9231,50497,47479,129,195,0,512,0,6600,3560798,0,0,14722420960,32632235,249079712,0,0,61437701,4647,4647,0,1493987363,1493987363,0,0,764076109,30980650,12.26,4.12
505,2026-05-18 01:23:35,4,q25,0,10,217,4754,11319,64778,60626,70,170,0,896,0,7525,6945926,0,0,7880887560,44860789,397738628,0,0,45538038,3316,3316,0,1103935384,1103935384,0,0,1103935384,45538038,13.63,4.75
506,2026-05-18 01:23:41,4,q26,0,8,87,1269,3955,16314,15129,48,75,0,119,0,2252,783559,0,0,568948504,16424480,222520799,0,0,14338674,72,72,0,390664156,390664156,0,0,390664156,14338674,12.86,1.27
507,2026-05-18 01:23:43,4,q27,0,8,91,1731,6146,24243,22556,52,79,0,189,0,3326,783559,0,0,637313664,29603158,330984235,0,0,26618343,74,74,0,683120336,683120336,0,0,683120336,26618343,14.01,1.73
508,2026-05-18 01:23:46,4,q27a,0,13,130,2093,9016,30667,28452,75,110,0,350,0,3689,783602,0,0,1361438760,29705260,331293045,0,0,79689890,233,233,0,2045386751,2045386751,0,0,683384333,26621186,14.65,2.09
509,2026-05-18 01:23:49,4,q28,0,18,431,2510,14446,38226,29576,339,468,0,1232,0,13729,360905,0,0,27424709080,172803006,1181120100,0,0,1375311,1564,1564,0,24467873,24467873,0,0,24467873,1375311,15.23,2.51
510,2026-05-18 01:23:53,4,q29,0,11,218,4733,11959,63673,59256,61,167,1,416,0,8416,6946055,0,0,7880995000,44933838,306809624,0,0,45538045,3321,3321,0,1083954345,1083954345,0,0,1083954345,45538045,13.45,4.73
511,2026-05-18 01:23:59,4,q30,0,13,129,686,1512,4991,3550,159,166,0,272,0,948,1994073,0,0,3968087040,2698567,84728162,0,0,790132,77,77,0,60668902,60668902,0,0,60668902,790132,7.28,0.69
512,2026-05-18 01:24:01,4,q31,0,19,361,1858,8950,25505,23024,324,381,0,0,0,293,3834069,0,0,8267955576,104591032,556455694,0,0,35774,23,23,0,1274891,1274891,0,0,1208352,34875,13.73,1.86
513,2026-05-18 01:24:04,4,q32,0,7,129,717,1262,9164,7039,72,104,16,560,0,591,708064,0,0,219553416,28831311,213647650,0,0,135308,67,67,0,1892436,1892436,0,0,1892436,135308,12.78,0.72
514,2026-05-18 01:24:05,4,q33,0,9,186,833,1499,10599,9655,176,215,0,0,0,115,1087941,0,0,2700416024,49562475,406209848,0,0,7609,8,8,0,210206,210206,0,0,210206,7609,12.72,0.83
515,2026-05-18 01:24:07,4,q34,0,9,104,905,1147,12264,11240,111,113,0,0,0,985,908227,0,0,397086752,28087558,87187312,0,0,1010675,85,85,0,34409535,34409535,0,0,17491770,510675,13.55,0.9
516,2026-05-18 01:24:09,4,q35,0,12,216,1390,2912,16614,14392,63,155,1,732,0,1009,2112212,0,0,5209334768,51779275,120469410,0,0,8052611,351,351,0,39149825,39149825,0,0,39149825,8052611,11.95,1.39
517,2026-05-18 01:24:12,4,q35a,0,11,216,948,1938,10141,9231,55,161,0,0,0,1127,2112212,0,0,4420805904,51779275,120469410,0,0,8049848,363,363,0,39176588,39176588,0,0,39176588,8049848,10.7,0.95
518,2026-05-18 01:24:14,4,q36,0,6,71,729,695,9142,8296,70,87,0,0,0,217,1858292,0,0,1770423992,27682358,272625812,0,0,2238,14,14,0,177240,177240,0,0,177240,2238,12.54,0.73
519,2026-05-18 01:24:15,4,q36a,0,9,76,724,658,7997,7276,77,93,0,0,0,313,1858292,0,0,2309391864,27682358,272625812,0,0,6097,45,45,0,506805,506805,0,0,183763,2255,11.05,0.72
520,2026-05-18 01:24:17,4,q37,0,6,132,1130,1779,14948,13901,43,97,0,0,0,1772,300529,0,0,949600864,147685474,583391793,0,0,4316414,1074,1074,0,66666749,66666749,0,0,66666749,14400617,13.23,1.13
521,2026-05-18 01:24:20,4,q38,0,13,266,2219,5967,32602,25882,111,221,0,784,0,4399,2992804,0,0,14880596040,49608475,112842050,0,0,12908807,1346,1346,0,99167332,99167332,0,0,72992444,11908807,14.69,2.22
522,2026-05-18 01:24:23,4,q39a,0,11,149,1910,3339,24465,22439,249,231,0,400,0,494,801878,0,0,4135752968,266468108,1044999740,0,0,2587909,102,102,0,54248007,54248007,0,0,33889570,1567909,12.81,1.91
523,2026-05-18 01:24:26,4,q39b,0,11,149,1509,2798,18830,17371,208,233,0,1104,0,185,685317,0,0,4037186824,266468108,1044999740,0,0,2551488,102,102,0,53122748,53122748,0,0,32764311,1531488,12.48,1.51
524,2026-05-18 01:24:28,4,q40,0,7,133,1804,4426,24270,20628,51,102,0,1184,0,5111,348211,0,0,4141621464,15943072,160910918,0,0,15748014,1921,1921,0,314097218,314097218,0,0,314097218,15748014,13.45,1.8
525,2026-05-18 01:24:31,4,q41,0,4,4,171,143,129,100,4,4,0,0,0,7,13527,0,0,135268304,204000,1272987,0,0,140,2,2,0,9680,9680,0,0,9680,140,0.75,0.17
526,2026-05-18 01:24:32,4,q42,0,4,69,409,401,5650,5135,67,77,0,0,0,10,719483,0,0,361643416,27682256,175012340,0,0,32,3,3,0,2656,2656,0,0,2656,32,13.81,0.41
527,2026-05-18 01:24:34,4,q43,0,4,69,475,469,6023,5430,73,88,0,32,0,55,720988,0,0,223324760,27580358,92393362,0,0,294,14,14,0,37327,37327,0,0,37327,294,12.68,0.48
528,2026-05-18 01:24:35,4,q44,0,8,152,617,661,7683,6414,70,145,1,0,0,2197,1665021,0,0,2147935336,57703002,325654173,0,0,991985,1019,1019,0,15013054,15013054,0,0,7510252,496103,12.45,0.62
529,2026-05-18 01:24:37,4,q45,0,8,73,1175,1239,14509,12694,42,61,0,464,0,2059,5014279,0,0,5068807392,8227137,74049122,0,0,7447479,880,880,0,100357151,100357151,0,0,100357151,7447479,12.35,1.18
530,2026-05-18 01:24:39,4,q46,0,9,88,762,931,8677,7697,120,129,0,0,0,1045,3376534,0,0,1865078648,28337558,223735832,0,0,529456,69,69,0,17624191,17624191,0,0,17624191,529456,11.39,0.76
531,2026-05-18 01:24:41,4,q47,0,11,111,1298,1838,14030,11929,140,156,0,336,0,1433,2307790,0,0,6164710032,27682358,164292904,0,0,1188303,557,557,0,45099824,45099824,0,0,31097353,822201,10.81,1.3
532,2026-05-18 01:24:44,4,q48,0,8,91,1207,2162,17520,15428,61,84,0,1120,0,2015,1686071,0,0,620257344,29751158,253754317,0,0,4383965,86,86,0,101320820,101320820,0,0,101320820,4383965,14.52,1.21
533,2026-05-18 01:24:46,4,q49,0,18,387,2236,8975,32260,27490,123,283,0,912,0,8612,319764,0,0,4516096824,54145455,723228567,0,0,15195840,337,337,0,341356024,341356024,0,0,341356024,15195840,14.43,2.24
534,2026-05-18 01:24:49,4,q50,0,7,137,2488,5679,34930,32199,40,101,0,256,0,4762,373053,0,0,4687124776,30430658,175355068,0,0,29262054,1989,1989,0,613521501,613521501,0,0,613521501,29262054,14.04,2.49
535,2026-05-18 01:24:53,4,q51,0,10,218,2936,4402,41233,37348,265,269,5,282,0,3721,536286,0,0,10760036720,34780344,215300374,0,0,23550796,1826,1826,0,399477556,399477556,0,0,399477556,23550796,14.04,2.94
536,2026-05-18 01:24:57,4,q51a,0,14,285,20708,24431,272740,261345,379,396,0,3093,0,4960,567630,0,0,27699775816,34780344,215300374,0,0,46681572,2728,2728,0,770734582,770734582,0,0,558633027,35219606,13.17,20.71
537,2026-05-18 01:25:19,4,q52,0,4,69,391,382,5322,5009,63,78,0,0,0,43,719397,0,0,361643416,27682256,175143412,0,0,1253,3,3,0,78201,78201,0,0,78201,1253,13.61,0.39
538,2026-05-18 01:25:20,4,q53,0,6,71,625,612,7948,7309,73,88,0,0,0,507,905217,0,0,377079056,27682358,164829516,0,0,16165,15,15,0,408667,408667,0,0,408667,16165,12.72,0.62
539,2026-05-18 01:25:22,4,q54,0,17,221,1832,6222,24517,22029,172,229,0,464,0,3218,5014279,0,0,5714824408,50179724,254216284,0,0,27925422,310,310,0,266485912,266485912,0,0,266485912,27925422,13.38,1.83
540,2026-05-18 01:25:25,4,q55,0,4,69,356,345,4486,4151,60,74,0,0,0,30,719268,0,0,428752256,27682256,175143412,0,0,1135,3,3,0,68028,68028,0,0,68028,1135,12.6,0.36
541,2026-05-18 01:25:26,4,q56,0,9,186,765,1393,9348,7813,165,217,0,544,0,110,1087855,0,0,2175177976,49562475,406474536,0,0,9560,8,8,0,277255,277255,0,0,277255,9560,12.22,0.76
542,2026-05-18 01:25:28,4,q57,0,11,116,1264,1858,15354,12712,157,167,0,0,0,1376,2307790,0,0,7200266704,14503204,110662841,0,0,1383219,710,710,0,54933681,54933681,0,0,38383959,962849,12.15,1.26
543,2026-05-18 01:25:30,4,q58,0,10,185,1097,2610,14018,12684,161,208,0,0,0,58,1076681,0,0,2551216384,49356573,346801998,0,0,135107,4,4,0,1828873,1828873,0,0,1828873,135107,12.78,1.1
544,2026-05-18 01:25:32,4,q59,0,10,75,883,954,7720,6979,71,85,0,48,0,1052,754364,0,0,4767648528,27726558,92696242,0,0,70176,134,134,0,2819225,2819225,0,0,1588690,53703,8.74,0.88
545,2026-05-18 01:25:34,4,q60,0,9,186,878,1851,10854,9579,177,219,0,0,0,159,1088027,0,0,2730483240,49562475,406410552,0,0,62086,11,11,0,1172891,1172891,0,0,1172891,62086,12.36,0.88
546,2026-05-18 01:25:36,4,q61,0,10,140,978,1481,12900,12355,13,81,0,0,0,18,5014279,0,0,4114268400,55940065,442550324,0,0,132,132,132,0,7536,7536,0,0,7536,132,13.19,0.98
547,2026-05-18 01:25:39,4,q62,0,6,55,759,744,10971,9935,50,65,0,0,0,570,826078,0,0,290368584,7273209,32942921,0,0,6738,17,17,0,552322,552322,0,0,552322,6738,14.45,0.76
548,2026-05-18 01:25:40,4,q63,0,6,71,518,502,6378,5829,74,85,0,0,0,302,905174,0,0,377013520,27682358,164831636,0,0,3687,15,15,0,139756,139756,0,0,139756,3687,12.31,0.52
549,2026-05-18 01:25:42,4,q64,0,33,489,9569,38554,144249,126720,521,699,0,2063,0,20415,1086691,0,0,42845976528,49224915,554753421,0,0,66198164,9180,9180,0,2330744062,2330744062,0,0,2093202009,55680264,15.07,9.57
550,2026-05-18 01:25:53,4,q65,0,10,188,1599,2945,23269,20799,203,234,1,448,0,1709,9164527,0,0,6973681856,55189565,331105822,0,0,12118897,561,561,0,395472051,395472051,0,0,395472051,12118897,14.55,1.6
551,2026-05-18 01:25:56,4,q66,0,8,119,1080,1421,12552,9878,196,238,0,160,0,104,1023991,0,0,2539847856,21687698,256846431,0,0,270,27,27,0,99522,99522,0,0,99522,270,11.62,1.08
552,2026-05-18 01:25:58,4,q67,0,6,87,5965,5915,74978,72499,113,130,0,1142,0,1112,4630315,0,0,7731250296,27682358,196558995,0,0,8547444,255,255,0,588025508,588025508,0,0,588025508,8547444,12.57,5.96
553,2026-05-18 01:26:05,4,q67a,0,14,229,10245,34862,141449,130686,342,384,0,1943,0,5507,4630315,0,0,27839457704,27682358,196558995,0,0,53570770,2150,2150,0,3473889114,3473889114,0,0,795502802,12999562,13.81,10.24
554,2026-05-18 01:26:16,4,q68,0,9,88,797,968,9695,8486,166,125,0,144,0,770,3376534,0,0,1836459800,28337558,342924944,0,0,507674,58,58,0,16407935,16407935,0,0,16407935,507674,12.16,0.8
555,2026-05-18 01:26:18,4,q69,0,13,211,1168,2917,14268,13198,48,139,0,0,0,607,467445,0,0,1686012184,51779275,120539042,0,0,3828287,67,67,0,62008200,62008200,0,0,62008200,3828287,12.22,1.17
556,2026-05-18 01:26:20,4,q70,0,9,139,1058,1003,13438,11993,155,187,0,416,0,76,1369816,0,0,1587645624,55087667,227527888,0,0,249,30,30,0,13762,13762,0,0,13762,249,12.7,1.06
557,2026-05-18 01:26:23,4,q70a,0,12,144,1014,899,11684,10940,151,190,0,0,0,76,1365303,0,0,1119979840,55087667,227527888,0,0,276,59,59,0,17527,17527,0,0,9675,198,11.52,1.01
558,2026-05-18 01:26:25,4,q71,0,7,184,802,773,10005,8415,198,259,0,368,0,151,3342651,0,0,1362478064,49296875,359456002,0,0,31955,17,17,0,1445052,1445052,0,0,893499,20983,12.48,0.8
559,2026-05-18 01:26:27,4,q72,0,16,230,16745,28243,232357,221597,145,227,1,2832,0,10132,6577006,0,0,19933730552,151127670,707173824,0,0,142630673,5240,5240,0,2054109950,2054109950,0,0,2054109950,142630673,13.88,16.74
560,2026-05-18 01:26:44,4,q73,0,9,104,527,770,6557,6087,92,105,0,0,0,299,907066,0,0,395522080,28087558,87187312,0,0,1002732,67,67,0,33999056,33999056,0,0,17081291,502732,12.44,0.53
561,2026-05-18 01:26:46,4,q74,0,15,233,3843,13024,59661,50966,178,252,0,480,0,8805,1428954,0,0,22921014288,35353393,187654900,0,0,71557457,4867,4867,0,760549308,760549308,0,0,388587442,36002167,15.52,3.84
562,2026-05-18 01:26:51,4,q75,0,19,578,3638,13283,55337,44236,136,449,0,570,0,11484,574640,0,0,12471749904,103356738,960216234,0,0,14156496,2600,2600,0,343447712,343447712,0,0,230989374,9118708,15.21,3.64
563,2026-05-18 01:26:56,4,q76,0,4,181,1160,1134,16555,14871,185,241,0,510,0,646,2887197,0,0,13801848136,49141969,393296636,0,0,2307,178,178,0,246571,246571,0,0,246571,2307,14.27,1.16
564,2026-05-18 01:26:58,4,q77,0,14,338,1223,5314,16803,15068,206,321,0,0,0,73,719354,0,0,1386293464,54013669,520712344,0,0,838,63,63,0,62565,62565,0,0,62565,838,13.74,1.22
565,2026-05-18 01:27:00,4,q77a,0,17,343,1362,5173,16378,14448,225,331,0,0,0,80,719483,0,0,1992370176,54013669,520712344,0,0,1313,74,74,0,119317,119317,0,0,77821,983,12.02,1.36
566,2026-05-18 01:27:03,4,q78,0,12,382,6846,20219,101648,91077,220,352,3,1669,0,11030,7360137,0,0,23440107088,54219312,629070584,0,0,54207585,4641,4641,0,1581114373,1581114373,0,0,1581114373,54207585,14.85,6.85
567,2026-05-18 01:27:11,4,q79,0,8,86,828,1023,10490,9160,107,114,0,160,0,1314,2321400,0,0,3200173264,28087558,221286712,0,0,581366,141,141,0,16856485,16856485,0,0,16856485,581366,12.67,0.83
568,2026-05-18 01:27:13,4,q80,0,17,389,6989,31294,107162,99027,95,303,0,1312,0,13328,396363,0,0,14185165104,54260907,753816612,0,0,53052375,5630,5630,0,1574167848,1574167848,0,0,1574167848,53052375,15.33,6.99
569,2026-05-18 01:27:21,4,q80a,0,20,394,7158,30601,107953,99114,156,334,0,1504,0,13392,396277,0,0,14657024136,54260907,753816612,0,0,53053332,5641,5641,0,1574283460,1574283460,0,0,1574180710,53052306,15.08,7.16
570,2026-05-18 01:27:30,4,q81,0,15,136,713,1501,6351,5203,213,181,0,0,0,921,1994073,0,0,4757671472,4202813,120332210,0,0,1389733,132,132,0,37657316,37657316,0,0,37657316,1389733,8.91,0.71
571,2026-05-18 01:27:31,4,q82,0,6,137,1459,2403,19439,16824,40,97,0,162,0,2018,325250,0,0,1721378256,162085550,618697681,0,0,13778665,1171,1171,0,135990185,135990185,0,0,135990185,28800829,13.32,1.46
572,2026-05-18 01:27:34,4,q83,0,10,157,678,1505,7702,6677,139,169,0,0,0,208,821773,0,0,2454086016,5226039,97536411,0,0,43611,11,11,0,713915,713915,0,0,713915,43611,11.36,0.68
573,2026-05-18 01:27:36,4,q84,0,9,73,695,1268,4385,3808,36,53,0,0,0,1550,9713760,0,0,100948512,5555652,27854895,0,0,2778987,65,65,0,15445745,15445745,0,0,15445745,2778987,6.31,0.7
574,2026-05-18 01:27:37,4,q85,0,14,146,1102,5172,14802,10286,63,119,0,1736,0,4435,1611538,0,0,3522586704,12085256,163938312,0,0,3025215,1744,1744,0,68690797,68690797,0,0,68690797,3025215,13.43,1.1
575,2026-05-18 01:27:40,4,q86,0,5,54,516,483,6153,5689,56,58,0,0,0,96,1858292,0,0,1398655400,7375137,65640862,0,0,1915,12,12,0,135930,135930,0,0,135930,1915,11.92,0.52
576,2026-05-18 01:27:41,4,q86a,0,8,59,575,517,6010,5517,54,67,0,0,0,105,1858292,0,0,1937622872,7375137,65640862,0,0,5122,39,39,0,389397,389397,0,0,143801,1930,10.45,0.57
577,2026-05-18 01:27:43,4,q87,0,13,266,2180,5854,31814,26386,109,217,0,272,0,3640,2992761,0,0,14880596040,49608475,112842050,0,0,12908807,1346,1346,0,99167332,99167332,0,0,72992444,11908807,14.59,2.18
578,2026-05-18 01:27:46,4,q88,0,26,554,1785,12209,26283,22297,20,313,0,224,0,172,335778,0,0,1725092416,231102510,472553640,0,0,536,536,536,0,31619,31619,0,0,31619,536,14.72,1.78
579,2026-05-18 01:27:49,4,q89,0,6,71,739,721,9229,8188,64,83,0,0,0,505,905045,0,0,1316733360,27682358,164563240,0,0,16454,15,15,0,1056131,1056131,0,0,1056131,16454,12.49,0.74
580,2026-05-18 01:27:51,4,q90,0,8,106,557,855,7909,6865,14,57,0,495,0,12,250768,0,0,323739200,14580376,66265216,0,0,100,100,100,0,5900,5900,0,0,5900,100,14.2,0.56
581,2026-05-18 01:27:52,4,q91,0,11,62,379,431,2611,2304,66,77,0,0,0,40,9527061,0,0,2986896344,4190955,59315149,0,0,109809,8,8,0,1094555,1094555,0,0,1091937,109792,6.89,0.38
582,2026-05-18 01:27:54,4,q92,0,7,105,564,991,7148,6563,35,82,0,0,0,428,709229,0,0,191374440,14575225,130635526,0,0,94062,53,53,0,1376229,1376229,0,0,1376229,94062,12.67,0.56
583,2026-05-18 01:27:56,4,q93,0,5,136,4022,6168,55066,52331,46,105,0,384,0,4943,321541,0,0,5766380072,31678178,236541444,0,0,31635854,2006,2006,0,788241663,788241663,0,0,788241663,31635854,13.69,4.02
584,2026-05-18 01:28:01,4,q94,0,8,171,1506,3798,21502,18622,52,114,0,208,0,3542,4007810,0,0,3571011840,15443541,143939774,0,0,14397040,1717,1717,0,225790004,225790004,0,0,225790004,14397040,14.28,1.51
585,2026-05-18 01:28:03,4,q95,0,8,171,3829,5727,57314,48493,55,123,0,1426,0,3598,4010610,0,0,14560086280,15443541,143677630,0,0,35990240,4267,4267,0,331280816,331280816,0,0,205215617,14395274,14.97,3.83
586,2026-05-18 01:28:08,4,q96,0,5,71,361,354,4829,3622,18,43,0,0,0,15,335004,0,0,213972808,28894203,59125646,0,0,67,67,67,0,3950,3950,0,0,3950,67,13.38,0.36
587,2026-05-18 01:28:09,4,q97,0,5,147,2064,2761,28313,21636,130,161,0,420,0,1483,537017,0,0,7340928768,41908387,183291428,0,0,8381430,493,493,0,96998577,96998577,0,0,96998577,8381430,13.72,2.06
588,2026-05-18 01:28:13,4,q98,0,7,75,791,687,6250,4968,86,92,3,0,0,59,3269297,0,0,1300366872,27682256,178371000,0,0,71672,14,14,0,9066327,9066327,0,0,7253935,56508,7.9,0.79
589,2026-05-18 01:28:14,4,q99,0,6,67,972,952,13235,11380,65,82,0,0,0,554,1024206,0,0,343879080,14473528,74473752,0,0,13834,20,20,0,1092296,1092296,0,0,1092296,13834,13.62,0.97
590,2026-05-18 01:28:17,5,q1,0,12,134,911,1577,10123,7309,151,139,0,112,0,1215,406633,0,0,3493632216,6127653,108568026,0,0,2172339,220,220,0,31541287,31541287,0,0,31541287,2172339,11.11,0.91
591,2026-05-18 01:28:18,5,q2,0,9,120,706,629,7484,6677,150,148,0,150,0,360,1204137,0,0,839171944,21747366,110395806,0,0,4756,338,338,0,200702,200702,0,0,76764,3504,10.6,0.71
592,2026-05-18 01:28:20,5,q3,0,4,69,380,368,4983,4690,69,77,0,0,0,97,720988,0,0,240926696,27682256,175143304,0,0,1010,15,15,0,88613,88613,0,0,88613,1010,13.11,0.38
593,2026-05-18 01:28:22,5,q4,0,22,389,8243,41515,127891,99315,458,546,14,2896,0,19224,1682654,0,0,39674206800,49681524,683359278,0,0,102286012,8739,8739,0,2539550644,2539550644,0,0,1275015000,51438627,15.52,8.24
594,2026-05-18 01:28:31,5,q5,0,11,403,2452,5926,36056,26152,351,487,6,630,0,5818,1556420,0,0,3754844192,61225599,592403004,0,0,7889656,1728,1728,0,114764218,114764218,0,0,114764218,7889656,14.7,2.45
595,2026-05-18 01:28:35,5,q5a,0,14,408,2401,5995,33290,26343,343,483,0,656,0,5860,1555861,0,0,4293812064,61225599,592403004,0,0,7891635,1738,1738,0,114931337,114931337,0,0,114798107,7889811,13.87,2.4
596,2026-05-18 01:28:39,5,q6,0,11,92,1755,3477,23295,21315,46,80,0,448,0,2476,5014279,0,0,4851667944,28607305,108733860,0,0,27358702,1158,1158,0,237127054,237127054,0,0,237127054,27358702,13.27,1.76
597,2026-05-18 01:28:41,5,q7,0,9,93,1873,6690,25894,24069,58,84,0,464,0,3184,783559,0,0,838432440,29603556,356553463,0,0,26629749,85,85,0,767598824,767598824,0,0,767598824,26629749,13.82,1.87
598,2026-05-18 01:28:44,5,q8,0,10,75,762,718,7391,6982,87,114,0,0,0,22,1650915,0,0,4865332224,28580358,117278168,0,0,6668,6,6,0,79456,79456,0,0,79456,6668,9.7,0.76
599,2026-05-18 01:28:46,5,q9,0,31,1021,1470,21579,20863,17830,136,575,0,1153,0,198,321469,0,0,0,432007560,1172940160,0,0,1005,1005,1005,0,63138,63138,0,0,63138,1005,14.19,1.47
600,2026-05-18 01:28:49,5,q10,0,13,211,1022,2545,11825,10874,43,140,0,0,0,450,594763,0,0,1683225704,51779275,120735650,0,0,4321867,84,84,0,66317919,66317919,0,0,66317919,4321867,11.57,1.02
601,2026-05-18 01:28:51,5,q10a,0,10,210,544,1292,5442,5074,43,150,1,0,0,355,821122,0,0,2194445312,51779275,120735650,0,0,4289247,138,138,0,66290269,66290269,0,0,66290269,4289247,10.0,0.54
602,2026-05-18 01:28:52,5,q11,0,17,258,4169,13915,64378,56194,199,285,0,1110,0,9375,1373324,0,0,26856842912,35353393,267813392,0,0,71770406,5474,5474,0,1049683414,1049683414,0,0,536131307,36215116,15.44,4.17
603,2026-05-18 01:28:58,5,q12,0,5,55,444,405,4445,3860,52,59,0,0,0,45,3269297,0,0,862371576,7375137,69292534,0,0,26498,6,6,0,3416917,3416917,0,0,3416917,26498,10.01,0.44
604,2026-05-18 01:28:59,5,q13,0,9,76,1062,2000,14645,13571,17,54,0,0,0,399,1611538,0,0,573747424,29758358,442127593,0,0,193014,17,17,0,2753258,2753258,0,0,2753258,193014,13.79,1.06
605,2026-05-18 01:29:01,5,q14a,0,30,641,6756,15470,82413,70106,433,727,0,1375,0,13880,1777874,0,0,12052039384,147733425,817696760,0,0,62683055,1638,1638,0,832554372,832554372,0,0,829543316,62596531,12.2,6.76
606,2026-05-18 01:29:11,5,q14b,0,24,503,4656,11578,64376,58428,465,588,23,1178,0,6206,1777874,0,0,10234366640,126351304,625377074,0,0,68475639,1565,1565,0,934830449,934830449,0,0,491078678,40968432,13.83,4.66
607,2026-05-18 01:29:17,5,q14,0,24,499,3815,9272,51127,43927,492,679,11,1068,0,7760,1778949,0,0,8268647616,126351304,625377074,0,0,68314948,1371,1371,0,925505459,925505459,0,0,481753688,40807741,13.4,3.82
608,2026-05-18 01:29:22,5,q15,0,6,83,1473,1468,18130,16401,42,71,0,384,0,1750,5014279,0,0,5245524392,15151180,83588960,0,0,14544315,1088,1088,0,126141563,126141563,0,0,126141563,14544315,12.31,1.47
609,2026-05-18 01:29:25,5,q16,0,8,195,2193,5567,31670,28629,89,150,1,389,0,5291,423820,0,0,4703921456,30563805,216701841,0,0,30114572,2975,2975,0,425546236,425546236,0,0,425546236,30114572,14.44,2.19
610,2026-05-18 01:29:28,5,q17,0,10,217,4847,11336,66299,59615,67,169,0,384,0,8544,6945926,0,0,7880912176,44860789,306329872,0,0,45538041,3319,3319,0,1083953570,1083953570,0,0,1083953570,45538041,13.68,4.85
611,2026-05-18 01:29:34,5,q18,0,12,96,1749,6761,20749,18005,79,94,33,630,0,3264,9713760,0,0,3065959144,19094780,276393850,0,0,14505220,98,98,0,425374885,425374885,0,0,425374885,14505220,11.86,1.75
612,2026-05-18 01:29:37,5,q18a,0,21,170,2614,12131,33728,30779,129,185,0,23,0,2852,9713760,0,0,13017939008,19946780,279627504,0,0,71657644,357,357,0,2102947115,2102947115,0,0,426335063,14562060,12.9,2.61
613,2026-05-18 01:29:40,5,q19,0,7,72,576,558,6411,5910,76,89,0,0,0,43,5014279,0,0,3108604640,28432358,208799922,0,0,2718,3,3,0,190396,190396,0,0,190396,2718,11.13,0.58
614,2026-05-18 01:29:42,5,q20,0,5,67,481,446,4858,4278,66,74,0,0,0,42,3269297,0,0,988820632,14503180,110733060,0,0,36807,6,6,0,4663129,4663129,0,0,4663129,36807,10.1,0.48
615,2026-05-18 01:29:44,5,q21,0,5,54,1012,1002,13719,12220,60,68,0,705,0,79,685403,0,0,385904296,133285059,523170535,0,0,63700,2,2,0,1093197,1093197,0,0,1093197,63700,13.56,1.01
616,2026-05-18 01:29:46,5,q22,0,6,71,19420,19382,165892,163513,120,103,0,1112,0,218,4630315,0,0,2847197272,133285059,523150926,0,0,2038920,187,187,0,85798101,85798101,0,0,85798101,2038920,8.54,19.42
617,2026-05-18 01:30:06,5,q22a,0,10,135,2130,2849,25331,22292,186,200,0,290,0,2432,4630315,0,0,11914496448,133285059,523156014,0,0,2703130,857,857,0,135114839,135114839,0,0,33171531,664170,11.89,2.13
618,2026-05-18 01:30:09,5,q23a,0,18,403,6208,12686,92680,85423,397,487,7,1947,0,9599,6577006,0,0,22085629712,106164281,576934608,0,0,43094559,2877,2877,0,1053109860,1053109860,0,0,1008527567,40441747,14.93,6.21
619,2026-05-18 01:30:17,5,q23b,0,21,423,6518,14601,97801,89299,418,536,0,1751,0,10469,6576963,0,0,34872161472,106664281,579986654,0,0,49362664,6636,6636,0,1167746200,1167746200,0,0,1020911877,40904228,15.0,6.52
620,2026-05-18 01:30:24,5,q24,0,12,160,2895,8657,39131,35570,47,105,0,464,0,6091,463487,0,0,4795803152,32530235,250385654,0,0,30468590,2041,2041,0,736174632,736174632,0,0,736174632,30468590,13.52,2.9
621,2026-05-18 01:30:28,5,q24a,0,19,213,4478,9483,53477,50212,128,189,0,510,0,6130,3560841,0,0,14728425696,32632235,249079712,0,0,61448141,4647,4647,0,1495214546,1495214546,0,0,765303292,30991090,11.94,4.48
622,2026-05-18 01:30:34,5,q24b,0,19,213,4222,9371,51405,47947,140,188,0,848,0,6512,3560798,0,0,14722420960,32632235,249079712,0,0,61437701,4647,4647,0,1493987363,1493987363,0,0,764076109,30980650,12.18,4.22
623,2026-05-18 01:30:39,5,q25,0,10,217,4797,11776,65141,60321,67,167,0,720,0,8285,6945969,0,0,7880887560,44860789,397738628,0,0,45538038,3316,3316,0,1103935384,1103935384,0,0,1103935384,45538038,13.58,4.8
624,2026-05-18 01:30:45,5,q26,0,8,87,1328,4346,17800,16051,43,70,0,400,0,2555,783559,0,0,568948504,16424480,222520799,0,0,14338674,72,72,0,390664156,390664156,0,0,390664156,14338674,13.4,1.33
625,2026-05-18 01:30:48,5,q27,0,8,91,1839,6680,26206,24076,52,77,0,432,0,3460,783602,0,0,637313664,29603158,330984235,0,0,26618343,74,74,0,683120336,683120336,0,0,683120336,26618343,14.25,1.84
626,2026-05-18 01:30:50,5,q27a,0,13,130,2350,9453,34678,32142,85,117,0,280,0,3902,783559,0,0,1361438760,29705260,331293045,0,0,79689890,233,233,0,2045386751,2045386751,0,0,683384333,26621186,14.76,2.35
627,2026-05-18 01:30:54,5,q28,0,18,431,2550,14612,38517,29269,437,487,27,1408,0,14201,360991,0,0,27424709080,172803006,1181120100,0,0,1375311,1564,1564,0,24467873,24467873,0,0,24467873,1375311,15.1,2.55
628,2026-05-18 01:30:57,5,q29,0,11,218,4723,12144,64197,59665,95,168,0,352,0,8340,6945926,0,0,7880995000,44933838,306809624,0,0,45538045,3321,3321,0,1083954345,1083954345,0,0,1083954345,45538045,13.59,4.72
629,2026-05-18 01:31:03,5,q30,0,13,129,669,1460,4673,3661,181,173,0,24,0,784,1994116,0,0,3968087040,2698567,84728162,0,0,790132,77,77,0,60668902,60668902,0,0,60668902,790132,6.99,0.67
630,2026-05-18 01:31:05,5,q31,0,19,361,2136,9962,29467,26593,262,370,2,0,0,334,3834069,0,0,8267955576,104591032,556455694,0,0,35774,23,23,0,1274891,1274891,0,0,1208352,34875,13.8,2.14
631,2026-05-18 01:31:08,5,q32,0,7,129,659,1162,8559,7869,49,102,0,0,0,305,708064,0,0,219553416,28831311,213647650,0,0,135308,67,67,0,1892436,1892436,0,0,1892436,135308,12.99,0.66
632,2026-05-18 01:31:10,5,q33,0,9,186,825,1388,10371,9404,169,218,0,0,0,112,1087984,0,0,2700416024,49562475,406209848,0,0,7609,8,8,0,210206,210206,0,0,210206,7609,12.57,0.82
633,2026-05-18 01:31:12,5,q34,0,9,104,617,877,7832,6649,108,111,0,0,0,1236,908184,0,0,397086752,28087558,87187312,0,0,1010675,85,85,0,34409535,34409535,0,0,17491770,510675,12.69,0.62
634,2026-05-18 01:31:14,5,q35,0,12,216,1018,2155,11509,10028,70,155,0,0,0,1327,2112212,0,0,5209334768,51779275,120469410,0,0,8052611,351,351,0,39149825,39149825,0,0,39149825,8052611,11.31,1.02
635,2026-05-18 01:31:16,5,q35a,0,11,216,993,1993,10437,9229,59,163,0,198,0,1197,2112212,0,0,4420805904,51779275,120469410,0,0,8049848,363,363,0,39176588,39176588,0,0,39176588,8049848,10.51,0.99
636,2026-05-18 01:31:18,5,q36,0,6,71,767,731,9707,8881,76,89,0,0,0,221,1858292,0,0,1770423992,27682358,272625812,0,0,2238,14,14,0,177240,177240,0,0,177240,2238,12.66,0.77
637,2026-05-18 01:31:20,5,q36a,0,9,76,841,779,9949,9085,76,91,0,0,0,277,1858292,0,0,2309391864,27682358,272625812,0,0,6097,45,45,0,506805,506805,0,0,183763,2255,11.83,0.84
638,2026-05-18 01:31:22,5,q37,0,6,132,1038,1821,13402,11826,46,95,0,540,0,2011,301346,0,0,949600864,147685474,583391793,0,0,4316414,1074,1074,0,66666749,66666749,0,0,66666749,14400617,12.91,1.04
639,2026-05-18 01:31:24,5,q38,0,13,266,2098,5733,30643,24896,121,226,0,576,0,4019,2992804,0,0,14880596040,49608475,112842050,0,0,12908807,1346,1346,0,99167332,99167332,0,0,72992444,11908807,14.61,2.1
640,2026-05-18 01:31:27,5,q39a,0,11,149,2139,3656,26109,24527,249,230,0,120,0,594,801878,0,0,4135752968,266468108,1044999740,0,0,2587909,102,102,0,54248007,54248007,0,0,33889570,1567909,12.21,2.14
641,2026-05-18 01:31:30,5,q39b,0,11,149,1370,2569,17445,16175,206,236,0,1072,0,212,685403,0,0,4037186824,266468108,1044999740,0,0,2551488,102,102,0,53122748,53122748,0,0,32764311,1531488,12.73,1.37
642,2026-05-18 01:31:32,5,q40,0,7,133,1975,4469,28009,24963,52,106,0,1024,0,3741,348899,0,0,4141621464,15943072,160910918,0,0,15748014,1921,1921,0,314097218,314097218,0,0,314097218,15748014,14.18,1.98
643,2026-05-18 01:31:35,5,q41,0,4,4,140,114,99,99,4,4,0,0,0,7,13527,0,0,135268304,204000,1272987,0,0,140,2,2,0,9680,9680,0,0,9680,140,0.71,0.14
644,2026-05-18 01:31:37,5,q42,0,4,69,373,363,5030,4618,68,78,0,0,0,9,719526,0,0,361643416,27682256,175012340,0,0,32,3,3,0,2656,2656,0,0,2656,32,13.49,0.37
645,2026-05-18 01:31:38,5,q43,0,4,69,499,479,6674,6054,77,90,0,0,0,67,721031,0,0,223324760,27580358,92393362,0,0,294,14,14,0,37327,37327,0,0,37327,294,13.37,0.5
646,2026-05-18 01:31:40,5,q44,0,8,152,644,685,8112,6487,79,146,0,320,0,2301,1665021,0,0,2147935336,57703002,325654173,0,0,991985,1019,1019,0,15013054,15013054,0,0,7510252,496103,12.6,0.64
647,2026-05-18 01:31:41,5,q45,0,8,73,1248,1304,16084,14145,41,60,0,576,0,1861,5014279,0,0,5068807392,8227137,74049122,0,0,7447479,880,880,0,100357151,100357151,0,0,100357151,7447479,12.89,1.25
648,2026-05-18 01:31:44,5,q46,0,9,88,853,1032,10127,8573,139,126,0,256,0,1401,3376534,0,0,1865078648,28337558,223735832,0,0,529456,69,69,0,17624191,17624191,0,0,17624191,529456,11.87,0.85
649,2026-05-18 01:31:46,5,q47,0,11,111,1395,2007,15624,13223,136,155,0,240,0,1743,2307790,0,0,6164710032,27682358,164292904,0,0,1188303,557,557,0,45099824,45099824,0,0,31097353,822201,11.2,1.4
650,2026-05-18 01:31:48,5,q48,0,8,91,1270,2271,18514,15869,46,76,0,1504,0,1943,1686071,0,0,620257344,29751158,253754317,0,0,4383965,86,86,0,101320820,101320820,0,0,101320820,4383965,14.58,1.27
651,2026-05-18 01:31:50,5,q49,0,18,387,2368,9394,34374,29856,188,282,0,964,0,8752,320624,0,0,4516096824,54145455,723228567,0,0,15195840,337,337,0,341356024,341356024,0,0,341356024,15195840,14.52,2.37
652,2026-05-18 01:31:54,5,q50,0,7,137,2499,5860,34306,31563,44,102,0,176,0,5162,373096,0,0,4687124776,30430658,175355068,0,0,29262054,1989,1989,0,613521501,613521501,0,0,613521501,29262054,13.73,2.5
653,2026-05-18 01:31:57,5,q51,0,10,218,2932,4287,41188,36005,228,268,0,1328,0,3653,537103,0,0,10760036720,34780344,215300374,0,0,23550796,1826,1826,0,399477556,399477556,0,0,399477556,23550796,14.05,2.93
654,2026-05-18 01:32:01,5,q51a,0,14,285,20293,23752,266515,255103,404,399,0,4094,0,4901,567630,0,0,27699775816,34780344,215300374,0,0,46681572,2728,2728,0,770734582,770734582,0,0,558633027,35219606,13.13,20.29
655,2026-05-18 01:32:23,5,q52,0,4,69,493,483,6906,6294,63,77,0,0,0,46,719311,0,0,361643416,27682256,175143412,0,0,1253,3,3,0,78201,78201,0,0,78201,1253,14.01,0.49
656,2026-05-18 01:32:24,5,q53,0,6,71,487,470,5551,4486,67,85,0,304,0,560,905862,0,0,377079056,27682358,164829516,0,0,16165,15,15,0,408667,408667,0,0,408667,16165,11.4,0.49
657,2026-05-18 01:32:26,5,q54,0,17,221,1663,6047,21814,19757,150,220,0,400,0,2682,5014279,0,0,5714824408,50179724,254216284,0,0,27925422,310,310,0,266485912,266485912,0,0,266485912,27925422,13.12,1.66
658,2026-05-18 01:32:29,5,q55,0,4,69,505,498,7072,6448,83,78,0,182,0,61,719999,0,0,428752256,27682256,175143412,0,0,1135,3,3,0,68028,68028,0,0,68028,1135,14.0,0.5
659,2026-05-18 01:32:30,5,q56,0,9,186,1019,2021,13449,12455,172,217,0,0,0,105,1087984,0,0,2175177976,49562475,406474536,0,0,9560,8,8,0,277255,277255,0,0,277255,9560,13.2,1.02
660,2026-05-18 01:32:32,5,q57,0,11,116,1401,2110,17307,14092,304,169,0,555,0,1748,2307790,0,0,7200266704,14503204,110662841,0,0,1383219,710,710,0,54933681,54933681,0,0,38383959,962849,12.35,1.4
661,2026-05-18 01:32:35,5,q58,0,10,185,976,2290,12211,10974,193,216,0,0,0,75,1076724,0,0,2551216384,49356573,346801998,0,0,135107,4,4,0,1828873,1828873,0,0,1828873,135107,12.51,0.98
662,2026-05-18 01:32:37,5,q59,0,10,75,915,967,8526,7273,71,85,0,312,0,1294,754364,0,0,4767648528,27726558,92696242,0,0,70176,134,134,0,2819225,2819225,0,0,1588690,53703,9.32,0.92
663,2026-05-18 01:32:39,5,q60,0,9,186,1048,1895,13668,12377,186,218,0,0,0,179,1088113,0,0,2730483240,49562475,406410552,0,0,62086,11,11,0,1172891,1172891,0,0,1172891,62086,13.04,1.05
664,2026-05-18 01:32:41,5,q61,0,10,140,977,1462,12540,11666,150,84,0,304,0,18,5014279,0,0,4114268400,55940065,442550324,0,0,132,132,132,0,7536,7536,0,0,7536,132,12.84,0.98
665,2026-05-18 01:32:43,5,q62,0,6,55,388,376,4995,4147,54,67,0,0,0,581,826121,0,0,290368584,7273209,32942921,0,0,6738,17,17,0,552322,552322,0,0,552322,6738,12.87,0.39
666,2026-05-18 01:32:45,5,q63,0,6,71,391,378,4371,3373,76,87,0,432,0,325,905905,0,0,377013520,27682358,164831636,0,0,3687,15,15,0,139756,139756,0,0,139756,3687,11.18,0.39
667,2026-05-18 01:32:46,5,q64,0,33,489,9688,43540,146951,129033,591,715,0,3486,0,19834,1086691,0,0,42845976528,49224915,554753421,0,0,66198164,9180,9180,0,2330744062,2330744062,0,0,2093202009,55680264,15.17,9.69
668,2026-05-18 01:32:57,5,q65,0,10,188,1501,2771,21616,18719,198,232,21,592,0,2266,9164527,0,0,6973681856,55189565,331105822,0,0,12118897,561,561,0,395472051,395472051,0,0,395472051,12118897,14.4,1.5
669,2026-05-18 01:33:00,5,q66,0,8,119,1018,1289,11529,8784,200,236,0,192,0,107,1024378,0,0,2539847856,21687698,256846431,0,0,270,27,27,0,99522,99522,0,0,99522,270,11.33,1.02
670,2026-05-18 01:33:02,5,q67,0,6,87,6010,5960,75992,72212,106,131,0,1730,0,1136,4630315,0,0,7731250296,27682358,196558995,0,0,8547444,255,255,0,588025508,588025508,0,0,588025508,8547444,12.64,6.01
671,2026-05-18 01:33:09,5,q67a,0,14,229,10216,35471,140890,130008,339,379,0,2377,0,5457,4630315,0,0,27839457704,27682358,196558995,0,0,53570770,2150,2150,0,3473889114,3473889114,0,0,795502802,12999562,13.79,10.22
672,2026-05-18 01:33:20,5,q68,0,9,88,813,991,10057,8761,107,126,0,231,0,621,3376534,0,0,1836459800,28337558,342924944,0,0,507674,58,58,0,16407935,16407935,0,0,16407935,507674,12.37,0.81
673,2026-05-18 01:33:22,5,q69,0,13,211,1010,2639,11559,10454,41,136,0,0,0,633,467445,0,0,1686012184,51779275,120539042,0,0,3828287,67,67,0,62008200,62008200,0,0,62008200,3828287,11.44,1.01
674,2026-05-18 01:33:24,5,q70,0,9,139,867,811,10318,9309,148,188,0,208,0,89,1369128,0,0,1587645624,55087667,227527888,0,0,249,30,30,0,13762,13762,0,0,13762,249,11.9,0.87
675,2026-05-18 01:33:26,5,q70a,0,12,144,961,850,10780,9819,157,194,0,224,0,80,1365303,0,0,1119979840,55087667,227527888,0,0,276,59,59,0,17527,17527,0,0,9675,198,11.22,0.96
676,2026-05-18 01:33:28,5,q71,0,7,184,1074,1045,14378,13097,195,257,0,240,0,120,3342522,0,0,1362478064,49296875,359456002,0,0,31955,17,17,0,1445052,1445052,0,0,893499,20983,13.39,1.07
677,2026-05-18 01:33:31,5,q72,0,16,230,16727,28681,230896,218167,158,236,1,3728,0,9551,6577006,0,0,19933730552,151127670,707173824,0,0,142630673,5240,5240,0,2054109950,2054109950,0,0,2054109950,142630673,13.8,16.73
678,2026-05-18 01:33:48,5,q73,0,9,104,523,774,6637,6052,99,103,0,0,0,415,907109,0,0,395522080,28087558,87187312,0,0,1002732,67,67,0,33999056,33999056,0,0,17081291,502732,12.69,0.52
679,2026-05-18 01:33:50,5,q74,0,15,233,3537,11810,54690,46564,178,259,4,1652,0,7269,1428911,0,0,22921014288,35353393,187654900,0,0,71557457,4867,4867,0,760549308,760549308,0,0,388587442,36002167,15.46,3.54
680,2026-05-18 01:33:55,5,q75,0,19,578,3675,13006,56030,45733,149,444,1,1567,0,10365,574640,0,0,12471749904,103356738,960216234,0,0,14156496,2600,2600,0,343447712,343447712,0,0,230989374,9118708,15.25,3.68
681,2026-05-18 01:33:59,5,q76,0,4,181,1222,1194,17349,15903,184,240,0,220,0,711,2886982,0,0,13801848136,49141969,393296636,0,0,2307,178,178,0,246571,246571,0,0,246571,2307,14.2,1.22
682,2026-05-18 01:34:02,5,q77,0,14,338,1212,5282,16520,14388,227,329,0,253,0,76,719440,0,0,1386293464,54013669,520712344,0,0,838,63,63,0,62565,62565,0,0,62565,838,13.63,1.21
683,2026-05-18 01:34:04,5,q77a,0,17,343,1412,5621,17741,15655,211,331,0,336,0,94,719526,0,0,1992370176,54013669,520712344,0,0,1313,74,74,0,119317,119317,0,0,77821,983,12.56,1.41
684,2026-05-18 01:34:07,5,q78,0,12,382,7027,20707,104584,95645,223,346,0,1042,0,11670,7360223,0,0,23440107088,54219312,629070584,0,0,54207585,4641,4641,0,1581114373,1581114373,0,0,1581114373,54207585,14.88,7.03
685,2026-05-18 01:34:15,5,q79,0,8,86,759,932,9318,8221,108,120,0,112,0,1159,2321400,0,0,3200173264,28087558,221286712,0,0,581366,141,141,0,16856485,16856485,0,0,16856485,581366,12.28,0.76
686,2026-05-18 01:34:17,5,q80,0,17,389,7038,31397,107746,99081,102,310,0,1473,0,13848,396363,0,0,14185165104,54260907,753816612,0,0,53052375,5630,5630,0,1574167848,1574167848,0,0,1574167848,53052375,15.31,7.04
687,2026-05-18 01:34:25,5,q80a,0,20,394,6866,29224,103128,95698,113,316,0,1424,0,13229,396234,0,0,14657024136,54260907,753816612,0,0,53053332,5641,5641,0,1574283460,1574283460,0,0,1574180710,53052306,15.02,6.87
688,2026-05-18 01:34:33,5,q81,0,15,136,735,1572,6884,5631,195,180,0,128,0,698,1994073,0,0,4757671472,4202813,120332210,0,0,1389733,132,132,0,37657316,37657316,0,0,37657316,1389733,9.37,0.74
689,2026-05-18 01:34:35,5,q82,0,6,137,1386,2355,17773,16292,56,100,1,390,0,2076,324863,0,0,1721378256,162085550,618697681,0,0,13778665,1171,1171,0,135990185,135990185,0,0,135990185,28800829,12.82,1.39
690,2026-05-18 01:34:37,5,q83,0,10,157,530,1111,5439,4522,141,174,0,0,0,197,821730,0,0,2454086016,5226039,97536411,0,0,43611,11,11,0,713915,713915,0,0,713915,43611,10.26,0.53
691,2026-05-18 01:34:39,5,q84,0,9,73,654,1219,4046,3496,41,52,0,0,0,1499,9713760,0,0,100948512,5555652,27854895,0,0,2778987,65,65,0,15445745,15445745,0,0,15445745,2778987,6.19,0.65
692,2026-05-18 01:34:41,5,q85,0,14,146,1109,5013,15010,11819,89,130,0,608,0,4547,1611538,0,0,3522586704,12085256,163938312,0,0,3025215,1744,1744,0,68690797,68690797,0,0,68690797,3025215,13.53,1.11
693,2026-05-18 01:34:43,5,q86,0,5,54,654,618,8341,7745,55,59,0,0,0,98,1858292,0,0,1398655400,7375137,65640862,0,0,1915,12,12,0,135930,135930,0,0,135930,1915,12.75,0.65
694,2026-05-18 01:34:45,5,q86a,0,8,59,557,499,5039,4758,46,62,0,0,0,110,1858292,0,0,1937622872,7375137,65640862,0,0,5122,39,39,0,389397,389397,0,0,143801,1930,9.05,0.56
695,2026-05-18 01:34:46,5,q87,0,13,266,2098,5590,30169,24418,144,224,1,263,0,4614,2992804,0,0,14880596040,49608475,112842050,0,0,12908807,1346,1346,0,99167332,99167332,0,0,72992444,11908807,14.38,2.1
696,2026-05-18 01:34:49,5,q88,0,26,554,1521,10085,21668,20058,24,313,0,0,0,76,334918,0,0,1725092416,231102510,472553640,0,0,536,536,536,0,31619,31619,0,0,31619,536,14.25,1.52
697,2026-05-18 01:34:52,5,q89,0,6,71,538,519,6044,5038,70,86,0,0,0,431,905260,0,0,1316733360,27682358,164563240,0,0,16454,15,15,0,1056131,1056131,0,0,1056131,16454,11.23,0.54
698,2026-05-18 01:34:54,5,q90,0,8,106,368,594,4973,4479,12,55,0,0,0,12,250080,0,0,323739200,14580376,66265216,0,0,100,100,100,0,5900,5900,0,0,5900,100,13.51,0.37
699,2026-05-18 01:34:55,5,q91,0,11,62,380,437,2603,2310,61,74,0,0,0,41,9527061,0,0,2986896344,4190955,59315149,0,0,109809,8,8,0,1094555,1094555,0,0,1091937,109792,6.85,0.38
700,2026-05-18 01:34:57,5,q92,0,7,105,610,1063,7854,7093,39,81,0,0,0,406,709229,0,0,191374440,14575225,130635526,0,0,94062,53,53,0,1376229,1376229,0,0,1376229,94062,12.88,0.61
701,2026-05-18 01:34:58,5,q93,0,5,136,3963,6134,54612,50872,39,100,0,960,0,5714,321971,0,0,5766380072,31678178,236541444,0,0,31635854,2006,2006,0,788241663,788241663,0,0,788241663,31635854,13.78,3.96
702,2026-05-18 01:35:03,5,q94,0,8,171,1515,3931,21812,18676,48,117,0,304,0,3806,4007810,0,0,3571011840,15443541,143939774,0,0,14397040,1717,1717,0,225790004,225790004,0,0,225790004,14397040,14.4,1.52
703,2026-05-18 01:35:06,5,q95,0,8,171,3612,5570,49964,39138,62,123,0,848,0,3616,4010610,0,0,14560086280,15443541,143677630,0,0,35990240,4267,4267,0,331280816,331280816,0,0,205215617,14395274,13.83,3.61
704,2026-05-18 01:35:11,5,q96,0,5,71,326,322,4485,4267,11,39,0,0,0,8,335004,0,0,213972808,28894203,59125646,0,0,67,67,67,0,3950,3950,0,0,3950,67,13.76,0.33
705,2026-05-18 01:35:12,5,q97,0,5,147,1765,2398,24528,22304,127,153,0,120,0,857,536587,0,0,7340928768,41908387,183291428,0,0,8381430,493,493,0,96998577,96998577,0,0,96998577,8381430,13.9,1.76
706,2026-05-18 01:35:15,5,q98,0,7,75,725,631,4110,3493,83,86,3,160,0,55,3269297,0,0,1300366872,27682256,178371000,0,0,71672,14,14,0,9066327,9066327,0,0,7253935,56508,5.67,0.72
707,2026-05-18 01:35:17,5,q99,0,6,67,824,807,11002,9161,72,85,0,0,0,524,1024292,0,0,343879080,14473528,74473752,0,0,13834,20,20,0,1092296,1092296,0,0,1092296,13834,13.35,0.82
708,2026-05-18 01:35:18,6,q1,0,12,134,878,1444,9369,6675,142,146,3,144,0,1152,407149,0,0,3493632216,6127653,108568026,0,0,2172339,220,220,0,31541287,31541287,0,0,31541287,2172339,10.67,0.88
709,2026-05-18 01:35:20,6,q2,0,9,120,679,622,7463,5670,143,158,0,112,0,371,1204137,0,0,839171944,21747366,110395806,0,0,4756,338,338,0,200702,200702,0,0,76764,3504,10.99,0.68
710,2026-05-18 01:35:22,6,q3,0,4,69,353,341,4510,4202,65,76,0,0,0,88,720816,0,0,240926696,27682256,175143304,0,0,1010,15,15,0,88613,88613,0,0,88613,1010,12.78,0.35
711,2026-05-18 01:35:24,6,q4,0,22,389,7864,40021,122359,106139,359,490,0,1568,0,15186,1682654,0,0,39674206800,49681524,683359278,0,0,102286012,8739,8739,0,2539550644,2539550644,0,0,1275015000,51438627,15.56,7.86
712,2026-05-18 01:35:33,6,q5,0,11,403,2099,5006,30681,25318,313,472,0,0,0,4536,1555302,0,0,3754844192,61225599,592403004,0,0,7889656,1728,1728,0,114764218,114764218,0,0,114764218,7889656,14.62,2.1
713,2026-05-18 01:35:36,6,q5a,0,14,408,2357,5660,32601,28303,333,485,0,798,0,3554,1555560,0,0,4293812064,61225599,592403004,0,0,7891635,1738,1738,0,114931337,114931337,0,0,114798107,7889811,13.83,2.36
714,2026-05-18 01:35:40,6,q6,0,11,92,1551,3328,19206,17495,56,82,0,574,0,2188,5014322,0,0,4851667944,28607305,108733860,0,0,27358702,1158,1158,0,237127054,237127054,0,0,237127054,27358702,12.38,1.55
715,2026-05-18 01:35:42,6,q7,0,9,93,1783,6380,24463,22986,50,79,1,0,0,3339,783559,0,0,838432440,29603556,356553463,0,0,26629749,85,85,0,767598824,767598824,0,0,767598824,26629749,13.72,1.78
716,2026-05-18 01:35:45,6,q8,0,10,75,528,485,4056,3169,93,117,0,448,0,23,1651603,0,0,4865332224,28580358,117278168,0,0,6668,6,6,0,79456,79456,0,0,79456,6668,7.68,0.53
717,2026-05-18 01:35:47,6,q9,0,31,1021,1434,20972,20538,17991,20,580,0,832,0,137,321168,0,0,0,432007560,1172940160,0,0,1005,1005,1005,0,63138,63138,0,0,63138,1005,14.32,1.43
718,2026-05-18 01:35:49,6,q10,0,13,211,815,2110,8785,7723,41,139,0,0,0,435,594763,0,0,1683225704,51779275,120735650,0,0,4321867,84,84,0,66317919,66317919,0,0,66317919,4321867,10.78,0.82
719,2026-05-18 01:35:51,6,q10a,0,10,210,548,1370,5964,5469,46,148,0,0,0,374,821122,0,0,2194445312,51779275,120735650,0,0,4289247,138,138,0,66290269,66290269,0,0,66290269,4289247,10.88,0.55
720,2026-05-18 01:35:53,6,q11,0,17,258,4151,14787,64160,56451,206,294,1,960,0,9015,1373324,0,0,26856842912,35353393,267813392,0,0,71770406,5474,5474,0,1049683414,1049683414,0,0,536131307,36215116,15.46,4.15
721,2026-05-18 01:35:58,6,q12,0,5,55,563,527,6408,5889,49,59,0,0,0,39,3269297,0,0,862371576,7375137,69292534,0,0,26498,6,6,0,3416917,3416917,0,0,3416917,26498,11.38,0.56
722,2026-05-18 01:36:00,6,q13,0,9,76,862,1604,11432,9956,25,55,0,480,0,528,1611538,0,0,573747424,29758358,442127593,0,0,193014,17,17,0,2753258,2753258,0,0,2753258,193014,13.26,0.86
723,2026-05-18 01:36:01,6,q14a,0,30,641,6773,15655,82572,70626,451,719,0,1408,0,13762,1777014,0,0,12052039384,147733425,817696760,0,0,62683055,1638,1638,0,832554372,832554372,0,0,829543316,62596531,12.19,6.77
724,2026-05-18 01:36:11,6,q14b,0,24,503,4446,11067,61603,55701,421,588,0,976,0,6371,1778132,0,0,10234366640,126351304,625377074,0,0,68475639,1565,1565,0,934830449,934830449,0,0,491078678,40968432,13.86,4.45
725,2026-05-18 01:36:17,6,q14,0,24,499,4185,9849,57270,49439,458,650,0,912,0,8562,1778906,0,0,8268647616,126351304,625377074,0,0,68314948,1371,1371,0,925505459,925505459,0,0,481753688,40807741,13.68,4.18
726,2026-05-18 01:36:22,6,q15,0,6,83,1689,1688,22401,20422,47,69,0,288,0,1908,5014279,0,0,5245524392,15151180,83588960,0,0,14544315,1088,1088,0,126141563,126141563,0,0,126141563,14544315,13.26,1.69
727,2026-05-18 01:36:25,6,q16,0,8,195,2300,5926,33697,28582,57,144,0,352,0,5329,424379,0,0,4703921456,30563805,216701841,0,0,30114572,2975,2975,0,425546236,425546236,0,0,425546236,30114572,14.65,2.3
728,2026-05-18 01:36:28,6,q17,0,10,217,4675,10660,63066,58369,74,173,0,634,0,8269,6945926,0,0,7880912176,44860789,306329872,0,0,45538041,3319,3319,0,1083953570,1083953570,0,0,1083953570,45538041,13.49,4.68
729,2026-05-18 01:36:34,6,q18,0,12,96,1744,6841,20317,18321,70,91,0,0,0,2555,9713760,0,0,3065959144,19094780,276393850,0,0,14505220,98,98,0,425374885,425374885,0,0,425374885,14505220,11.65,1.74
730,2026-05-18 01:36:37,6,q18a,0,21,170,2721,13140,35540,26565,131,187,0,672,0,5246,9713760,0,0,13017939008,19946780,279627504,0,0,71657644,357,357,0,2102947115,2102947115,0,0,426335063,14562060,13.06,2.72
731,2026-05-18 01:36:41,6,q19,0,7,72,719,696,8683,8112,78,93,0,0,0,42,5014279,0,0,3108604640,28432358,208799922,0,0,2718,3,3,0,190396,190396,0,0,190396,2718,12.08,0.72
732,2026-05-18 01:36:43,6,q20,0,5,67,508,469,5259,4709,66,73,0,0,0,47,3269297,0,0,988820632,14503180,110733060,0,0,36807,6,6,0,4663129,4663129,0,0,4663129,36807,10.35,0.51
733,2026-05-18 01:36:44,6,q21,0,5,54,1283,1274,17518,10671,61,74,0,0,0,22,684758,0,0,385904296,133285059,523170535,0,0,63700,2,2,0,1093197,1093197,0,0,1093197,63700,13.65,1.28
734,2026-05-18 01:36:47,6,q22,0,6,71,19629,19592,159036,156368,118,104,0,1498,0,225,4630315,0,0,2847197272,133285059,523150926,0,0,2038920,187,187,0,85798101,85798101,0,0,85798101,2038920,8.1,19.63
735,2026-05-18 01:37:07,6,q22a,0,10,135,2252,2942,26658,23404,181,200,0,310,0,2423,4630315,0,0,11914496448,133285059,523156014,0,0,2703130,857,857,0,135114839,135114839,0,0,33171531,664170,11.84,2.25
736,2026-05-18 01:37:11,6,q23a,0,18,403,6577,11372,94448,88011,340,445,16,1168,0,9172,6577006,0,0,22085629712,106164281,576934608,0,0,43094559,2877,2877,0,1053109860,1053109860,0,0,1008527567,40441747,14.36,6.58
737,2026-05-18 01:37:18,6,q23b,0,21,423,6610,14849,99102,90955,407,527,1,1334,0,10510,6577006,0,0,34872161472,106664281,579986654,0,0,49362664,6636,6636,0,1167746200,1167746200,0,0,1020911877,40904228,14.99,6.61
738,2026-05-18 01:37:26,6,q24,0,12,160,2815,8469,38418,35488,54,114,0,336,0,5189,463487,0,0,4795803152,32530235,250385654,0,0,30468590,2041,2041,0,736174632,736174632,0,0,736174632,30468590,13.65,2.82
739,2026-05-18 01:37:30,6,q24a,0,19,213,4442,9326,53580,49997,121,189,0,592,0,6369,3560798,0,0,14728425696,32632235,249079712,0,0,61448141,4647,4647,0,1495214546,1495214546,0,0,765303292,30991090,12.06,4.44
740,2026-05-18 01:37:36,6,q24b,0,19,213,4164,8984,50618,47705,137,189,0,592,0,6055,3560798,0,0,14722420960,32632235,249079712,0,0,61437701,4647,4647,0,1493987363,1493987363,0,0,764076109,30980650,12.16,4.16
741,2026-05-18 01:37:41,6,q25,0,10,217,4723,11247,64192,59665,62,167,0,576,0,8488,6945926,0,0,7880887560,44860789,397738628,0,0,45538038,3316,3316,0,1103935384,1103935384,0,0,1103935384,45538038,13.59,4.72
742,2026-05-18 01:37:47,6,q26,0,8,87,1297,4541,17164,15899,52,78,0,0,0,2332,783559,0,0,568948504,16424480,222520799,0,0,14338674,72,72,0,390664156,390664156,0,0,390664156,14338674,13.23,1.3
743,2026-05-18 01:37:49,6,q27,0,8,91,1747,6248,24232,21975,56,82,0,510,0,3323,783559,0,0,637313664,29603158,330984235,0,0,26618343,74,74,0,683120336,683120336,0,0,683120336,26618343,13.87,1.75
744,2026-05-18 01:37:52,6,q27a,0,13,130,2328,9679,34316,31683,82,114,0,600,0,3862,783559,0,0,1361438760,29705260,331293045,0,0,79689890,233,233,0,2045386751,2045386751,0,0,683384333,26621186,14.74,2.33
745,2026-05-18 01:37:55,6,q28,0,18,431,2574,14731,39150,29933,329,471,1,1120,0,14607,360819,0,0,27424709080,172803006,1181120100,0,0,1375311,1564,1564,0,24467873,24467873,0,0,24467873,1375311,15.21,2.57
746,2026-05-18 01:37:59,6,q29,0,11,218,4681,11565,62977,59152,71,171,1,544,0,7817,6945969,0,0,7880995000,44933838,306809624,0,0,45538045,3321,3321,0,1083954345,1083954345,0,0,1083954345,45538045,13.45,4.68
747,2026-05-18 01:38:05,6,q30,0,13,129,657,1400,4529,3713,178,173,1,0,0,721,1994073,0,0,3968087040,2698567,84728162,0,0,790132,77,77,0,60668902,60668902,0,0,60668902,790132,6.89,0.66
748,2026-05-18 01:38:06,6,q31,0,19,361,2204,10657,31177,27573,284,372,0,496,0,340,3834069,0,0,8267955576,104591032,556455694,0,0,35774,23,23,0,1274891,1274891,0,0,1208352,34875,14.15,2.2
749,2026-05-18 01:38:10,6,q32,0,7,129,582,1012,7325,6706,56,103,0,0,0,327,708064,0,0,219553416,28831311,213647650,0,0,135308,67,67,0,1892436,1892436,0,0,1892436,135308,12.59,0.58
750,2026-05-18 01:38:11,6,q33,0,9,186,1088,1926,14637,13691,168,212,0,0,0,106,1087984,0,0,2700416024,49562475,406209848,0,0,7609,8,8,0,210206,210206,0,0,210206,7609,13.45,1.09
751,2026-05-18 01:38:14,6,q34,0,9,104,695,1117,9026,8090,110,113,0,0,0,1104,908141,0,0,397086752,28087558,87187312,0,0,1010675,85,85,0,34409535,34409535,0,0,17491770,510675,12.99,0.7
752,2026-05-18 01:38:15,6,q35,0,12,216,1272,2655,15240,12860,51,154,0,720,0,1144,2112212,0,0,5209334768,51779275,120469410,0,0,8052611,351,351,0,39149825,39149825,0,0,39149825,8052611,11.98,1.27
753,2026-05-18 01:38:18,6,q35a,0,11,216,1028,2209,11330,10304,54,164,0,0,0,1132,2112212,0,0,4420805904,51779275,120469410,0,0,8049848,363,363,0,39176588,39176588,0,0,39176588,8049848,11.02,1.03
754,2026-05-18 01:38:20,6,q36,0,6,71,800,767,10464,9463,74,87,0,0,0,192,1858292,0,0,1770423992,27682358,272625812,0,0,2238,14,14,0,177240,177240,0,0,177240,2238,13.08,0.8
755,2026-05-18 01:38:22,6,q36a,0,9,76,789,723,9177,8430,78,91,0,0,0,138,1858292,0,0,2309391864,27682358,272625812,0,0,6097,45,45,0,506805,506805,0,0,183763,2255,11.63,0.79
756,2026-05-18 01:38:24,6,q37,0,6,132,1127,1768,14765,13008,42,95,0,750,0,1619,300658,0,0,949600864,147685474,583391793,0,0,4316414,1074,1074,0,66666749,66666749,0,0,66666749,14400617,13.1,1.13
757,2026-05-18 01:38:26,6,q38,0,13,266,2058,5550,30053,24509,113,219,0,0,0,4863,2992804,0,0,14880596040,49608475,112842050,0,0,12908807,1346,1346,0,99167332,99167332,0,0,72992444,11908807,14.6,2.06
758,2026-05-18 01:38:29,6,q39a,0,11,149,2024,3517,26262,23867,233,234,0,736,0,632,801878,0,0,4135752968,266468108,1044999740,0,0,2587909,102,102,0,54248007,54248007,0,0,33889570,1567909,12.98,2.02
759,2026-05-18 01:38:32,6,q39b,0,11,149,1473,2740,18349,16350,209,236,0,1696,0,193,685360,0,0,4037186824,266468108,1044999740,0,0,2551488,102,102,0,53122748,53122748,0,0,32764311,1531488,12.46,1.47
760,2026-05-18 01:38:34,6,q40,0,7,133,1661,3911,22943,20772,44,102,0,0,0,4102,348211,0,0,4141621464,15943072,160910918,0,0,15748014,1921,1921,0,314097218,314097218,0,0,314097218,15748014,13.81,1.66
761,2026-05-18 01:38:37,6,q41,0,4,4,138,112,97,97,3,3,0,0,0,7,13527,0,0,135268304,204000,1272987,0,0,140,2,2,0,9680,9680,0,0,9680,140,0.7,0.14
762,2026-05-18 01:38:38,6,q42,0,4,69,393,384,5390,4955,66,76,0,0,0,10,719354,0,0,361643416,27682256,175012340,0,0,32,3,3,0,2656,2656,0,0,2656,32,13.72,0.39
763,2026-05-18 01:38:40,6,q43,0,4,69,673,654,9410,7483,72,88,0,1184,0,57,721719,0,0,223324760,27580358,92393362,0,0,294,14,14,0,37327,37327,0,0,37327,294,13.98,0.67
764,2026-05-18 01:38:41,6,q44,0,8,152,641,682,8008,6863,78,145,0,0,0,1948,1665021,0,0,2147935336,57703002,325654173,0,0,991985,1019,1019,0,15013054,15013054,0,0,7510252,496103,12.49,0.64
765,2026-05-18 01:38:43,6,q45,0,8,73,1097,1164,13731,12657,40,59,0,0,0,1643,5014279,0,0,5068807392,8227137,74049122,0,0,7447479,880,880,0,100357151,100357151,0,0,100357151,7447479,12.52,1.1
766,2026-05-18 01:38:45,6,q46,0,9,88,702,885,7803,6332,124,130,0,528,0,1120,3376534,0,0,1865078648,28337558,223735832,0,0,529456,69,69,0,17624191,17624191,0,0,17624191,529456,11.12,0.7
767,2026-05-18 01:38:47,6,q47,0,11,111,1323,1905,14273,12683,139,153,0,0,0,1337,2307790,0,0,6164710032,27682358,164292904,0,0,1188303,557,557,0,45099824,45099824,0,0,31097353,822201,10.79,1.32
768,2026-05-18 01:38:50,6,q48,0,8,91,1158,2203,16813,14898,59,85,0,992,0,1714,1686114,0,0,620257344,29751158,253754317,0,0,4383965,86,86,0,101320820,101320820,0,0,101320820,4383965,14.52,1.16
769,2026-05-18 01:38:52,6,q49,0,18,387,2344,9608,33804,29253,102,284,0,640,0,8377,319936,0,0,4516096824,54145455,723228567,0,0,15195840,337,337,0,341356024,341356024,0,0,341356024,15195840,14.42,2.34
770,2026-05-18 01:38:55,6,q50,0,7,137,2508,5704,34834,32653,48,108,0,0,0,4406,373053,0,0,4687124776,30430658,175355068,0,0,29262054,1989,1989,0,613521501,613521501,0,0,613521501,29262054,13.89,2.51
771,2026-05-18 01:38:59,6,q51,0,10,218,2828,4191,39692,35495,224,272,0,532,0,4337,536415,0,0,10760036720,34780344,215300374,0,0,23550796,1826,1826,0,399477556,399477556,0,0,399477556,23550796,14.04,2.83
772,2026-05-18 01:39:03,6,q51a,0,14,285,20355,24069,266703,255517,358,403,0,3187,0,4528,567630,0,0,27699775816,34780344,215300374,0,0,46681572,2728,2728,0,770734582,770734582,0,0,558633027,35219606,13.1,20.36
773,2026-05-18 01:39:24,6,q52,0,4,69,473,464,6616,6145,62,74,0,0,0,44,719225,0,0,361643416,27682256,175143412,0,0,1253,3,3,0,78201,78201,0,0,78201,1253,13.99,0.47
774,2026-05-18 01:39:26,6,q53,0,6,71,445,431,4976,4237,70,85,0,0,0,595,905217,0,0,377079056,27682358,164829516,0,0,16165,15,15,0,408667,408667,0,0,408667,16165,11.18,0.44
775,2026-05-18 01:39:27,6,q54,0,17,221,1688,5921,20990,19100,170,223,0,0,0,2857,5014279,0,0,5714824408,50179724,254216284,0,0,27925422,310,310,0,266485912,266485912,0,0,266485912,27925422,12.43,1.69
776,2026-05-18 01:39:30,6,q55,0,4,69,250,240,3009,2594,73,76,0,0,0,35,719569,0,0,428752256,27682256,175143412,0,0,1135,3,3,0,68028,68028,0,0,68028,1135,12.04,0.25
777,2026-05-18 01:39:31,6,q56,0,9,186,851,1619,9995,9169,177,222,0,0,0,106,1087941,0,0,2175177976,49562475,406474536,0,0,9560,8,8,0,277255,277255,0,0,277255,9560,11.75,0.85
778,2026-05-18 01:39:33,6,q57,0,11,116,1358,2079,16566,13466,169,164,0,273,0,1735,2307790,0,0,7200266704,14503204,110662841,0,0,1383219,710,710,0,54933681,54933681,0,0,38383959,962849,12.2,1.36
779,2026-05-18 01:39:36,6,q58,0,10,185,900,2063,10881,9677,173,211,0,0,0,55,1076638,0,0,2551216384,49356573,346801998,0,0,135107,4,4,0,1828873,1828873,0,0,1828873,135107,12.09,0.9
780,2026-05-18 01:39:38,6,q59,0,10,75,868,919,7661,6780,71,84,0,0,0,1211,754364,0,0,4767648528,27726558,92696242,0,0,70176,134,134,0,2819225,2819225,0,0,1588690,53703,8.83,0.87
781,2026-05-18 01:39:40,6,q60,0,9,186,1009,2018,12843,11047,259,224,0,490,0,168,1088500,0,0,2730483240,49562475,406410552,0,0,62086,11,11,0,1172891,1172891,0,0,1172891,62086,12.73,1.01
782,2026-05-18 01:39:42,6,q61,0,10,140,1042,1594,13868,13151,18,83,0,0,0,18,5014279,0,0,4114268400,55940065,442550324,0,0,132,132,132,0,7536,7536,0,0,7536,132,13.31,1.04
783,2026-05-18 01:39:44,6,q62,0,6,55,397,384,5143,4342,57,68,0,0,0,455,826250,0,0,290368584,7273209,32942921,0,0,6738,17,17,0,552322,552322,0,0,552322,6738,12.95,0.4
784,2026-05-18 01:39:45,6,q63,0,6,71,471,455,5675,5151,72,88,0,0,0,338,905174,0,0,377013520,27682358,164831636,0,0,3687,15,15,0,139756,139756,0,0,139756,3687,12.05,0.47
785,2026-05-18 01:39:47,6,q64,0,33,489,9741,44489,147084,129472,549,708,0,2080,0,20494,1086691,0,0,42845976528,49224915,554753421,0,0,66198164,9180,9180,0,2330744062,2330744062,0,0,2093202009,55680264,15.1,9.74
786,2026-05-18 01:39:58,6,q65,0,10,188,1519,2763,21995,19679,206,235,1,336,0,1757,9164527,0,0,6973681856,55189565,331105822,0,0,12118897,561,561,0,395472051,395472051,0,0,395472051,12118897,14.48,1.52
787,2026-05-18 01:40:01,6,q66,0,8,119,955,1126,10439,8103,204,235,0,0,0,111,1023690,0,0,2539847856,21687698,256846431,0,0,270,27,27,0,99522,99522,0,0,99522,270,10.93,0.96
788,2026-05-18 01:40:03,6,q67,0,6,87,5816,5767,73107,70484,109,129,0,1090,0,1167,4630315,0,0,7731250296,27682358,196558995,0,0,8547444,255,255,0,588025508,588025508,0,0,588025508,8547444,12.57,5.82
789,2026-05-18 01:40:10,6,q67a,0,14,229,10035,33823,138488,129047,350,399,0,1359,0,5245,4630315,0,0,27839457704,27682358,196558995,0,0,53570770,2150,2150,0,3473889114,3473889114,0,0,795502802,12999562,13.8,10.04
790,2026-05-18 01:40:21,6,q68,0,9,88,725,911,8558,7547,128,128,0,0,0,784,3376534,0,0,1836459800,28337558,342924944,0,0,507674,58,58,0,16407935,16407935,0,0,16407935,507674,11.8,0.72
791,2026-05-18 01:40:23,6,q69,0,13,211,1072,2593,12577,11529,42,141,0,0,0,615,467445,0,0,1686012184,51779275,120539042,0,0,3828287,67,67,0,62008200,62008200,0,0,62008200,3828287,11.73,1.07
792,2026-05-18 01:40:25,6,q70,0,9,139,1050,990,12604,11075,147,186,0,496,0,111,1369128,0,0,1587645624,55087667,227527888,0,0,249,30,30,0,13762,13762,0,0,13762,249,12.0,1.05
793,2026-05-18 01:40:27,6,q70a,0,12,144,885,769,9599,8924,148,190,0,0,0,77,1365303,0,0,1119979840,55087667,227527888,0,0,276,59,59,0,17527,17527,0,0,9675,198,10.85,0.88
794,2026-05-18 01:40:29,6,q71,0,7,184,992,966,13054,12019,223,256,0,0,0,136,3341920,0,0,1362478064,49296875,359456002,0,0,31955,17,17,0,1445052,1445052,0,0,893499,20983,13.16,0.99
795,2026-05-18 01:40:31,6,q72,0,16,230,16752,28799,227262,220593,149,231,1,2308,0,9686,6576963,0,0,19933730552,151127670,707173824,0,0,142630673,5240,5240,0,2054109950,2054109950,0,0,2054109950,142630673,13.57,16.75
796,2026-05-18 01:40:49,6,q73,0,9,104,684,934,9180,8388,91,102,0,0,0,406,907066,0,0,395522080,28087558,87187312,0,0,1002732,67,67,0,33999056,33999056,0,0,17081291,502732,13.42,0.68
797,2026-05-18 01:40:51,6,q74,0,15,233,3614,12192,56001,48491,178,255,17,800,0,7411,1428954,0,0,22921014288,35353393,187654900,0,0,71557457,4867,4867,0,760549308,760549308,0,0,388587442,36002167,15.5,3.61
798,2026-05-18 01:40:55,6,q75,0,19,578,3718,13408,56598,46381,183,446,1,1136,0,10775,575328,0,0,12471749904,103356738,960216234,0,0,14156496,2600,2600,0,343447712,343447712,0,0,230989374,9118708,15.22,3.72
799,2026-05-18 01:41:00,6,q76,0,4,181,735,706,9673,8726,182,243,0,0,0,680,2886681,0,0,13801848136,49141969,393296636,0,0,2307,178,178,0,246571,246571,0,0,246571,2307,13.16,0.74
800,2026-05-18 01:41:02,6,q77,0,14,338,846,3386,10732,8351,271,328,0,640,0,75,719526,0,0,1386293464,54013669,520712344,0,0,838,63,63,0,62565,62565,0,0,62565,838,12.69,0.85
801,2026-05-18 01:41:04,6,q77a,0,17,343,929,3285,9922,8173,224,334,0,0,0,82,719139,0,0,1992370176,54013669,520712344,0,0,1313,74,74,0,119317,119317,0,0,77821,983,10.68,0.93
802,2026-05-18 01:41:06,6,q78,0,12,382,6705,20204,100359,90933,222,356,3,1612,0,11226,7360137,0,0,23440107088,54219312,629070584,0,0,54207585,4641,4641,0,1581114373,1581114373,0,0,1581114373,54207585,14.97,6.7
803,2026-05-18 01:41:14,6,q79,0,8,86,812,1021,10255,8705,109,112,0,192,0,1425,2321400,0,0,3200173264,28087558,221286712,0,0,581366,141,141,0,16856485,16856485,0,0,16856485,581366,12.63,0.81
804,2026-05-18 01:41:16,6,q80,0,17,389,6884,30728,105006,96777,113,309,0,1521,0,13460,396148,0,0,14185165104,54260907,753816612,0,0,53052375,5630,5630,0,1574167848,1574167848,0,0,1574167848,53052375,15.25,6.88
805,2026-05-18 01:41:24,6,q80a,0,20,394,7192,30303,108609,96169,132,324,0,1536,0,13585,396320,0,0,14657024136,54260907,753816612,0,0,53053332,5641,5641,0,1574283460,1574283460,0,0,1574180710,53052306,15.1,7.19
806,2026-05-18 01:41:32,6,q81,0,15,136,653,1312,5312,4444,211,187,0,0,0,642,1994073,0,0,4757671472,4202813,120332210,0,0,1389733,132,132,0,37657316,37657316,0,0,37657316,1389733,8.13,0.65
807,2026-05-18 01:41:34,6,q82,0,6,137,2022,4363,27789,15758,70,100,0,336,0,11964,325594,0,0,1721378256,162085550,618697681,0,0,13778665,1171,1171,0,135990185,135990185,0,0,135990185,28800829,13.74,2.02
808,2026-05-18 01:41:37,6,q83,0,10,157,496,976,4805,3209,151,178,0,570,0,257,822203,0,0,2454086016,5226039,97536411,0,0,43611,11,11,0,713915,713915,0,0,713915,43611,9.69,0.5
809,2026-05-18 01:41:39,6,q84,0,9,73,1030,1545,8224,3137,36,52,0,0,0,1488,9713760,0,0,100948512,5555652,27854895,0,0,2778987,65,65,0,15445745,15445745,0,0,15445745,2778987,7.98,1.03
810,2026-05-18 01:41:41,6,q85,0,14,146,1102,4994,14760,11413,80,128,0,480,0,4519,1611538,0,0,3522586704,12085256,163938312,0,0,3025215,1744,1744,0,68690797,68690797,0,0,68690797,3025215,13.39,1.1
811,2026-05-18 01:41:43,6,q86,0,5,54,495,458,5438,4637,55,61,0,176,0,87,1858292,0,0,1398655400,7375137,65640862,0,0,1915,12,12,0,135930,135930,0,0,135930,1915,10.99,0.5
812,2026-05-18 01:41:45,6,q86a,0,8,59,370,314,2674,2296,61,66,0,0,0,120,1858292,0,0,1937622872,7375137,65640862,0,0,5122,39,39,0,389397,389397,0,0,143801,1930,7.23,0.37
813,2026-05-18 01:41:46,6,q87,0,13,266,1908,5174,27385,22139,113,221,0,240,0,4090,2992804,0,0,14880596040,49608475,112842050,0,0,12908807,1346,1346,0,99167332,99167332,0,0,72992444,11908807,14.35,1.91
814,2026-05-18 01:41:49,6,q88,0,26,554,1396,9222,20156,18249,23,314,12,180,0,74,335348,0,0,1725092416,231102510,472553640,0,0,536,536,536,0,31619,31619,0,0,31619,536,14.44,1.4
815,2026-05-18 01:41:52,6,q89,0,6,71,624,606,7310,6411,77,86,1,0,0,299,905303,0,0,1316733360,27682358,164563240,0,0,16454,15,15,0,1056131,1056131,0,0,1056131,16454,11.71,0.62
816,2026-05-18 01:41:53,6,q90,0,8,106,240,407,2549,2160,41,57,0,75,0,12,250037,0,0,323739200,14580376,66265216,0,0,100,100,100,0,5900,5900,0,0,5900,100,10.62,0.24
817,2026-05-18 01:41:55,6,q91,0,11,62,329,384,1648,1348,66,79,0,0,0,42,9527061,0,0,2986896344,4190955,59315149,0,0,109809,8,8,0,1094555,1094555,0,0,1091937,109792,5.01,0.33
818,2026-05-18 01:41:56,6,q92,0,7,105,502,863,6204,5491,44,83,0,0,0,398,709229,0,0,191374440,14575225,130635526,0,0,94062,53,53,0,1376229,1376229,0,0,1376229,94062,12.36,0.5
819,2026-05-18 01:41:58,6,q93,0,5,136,3992,6186,54395,51209,38,97,0,768,0,5252,321885,0,0,5766380072,31678178,236541444,0,0,31635854,2006,2006,0,788241663,788241663,0,0,788241663,31635854,13.63,3.99
820,2026-05-18 01:42:03,6,q94,0,8,171,1398,3696,19920,17095,54,117,0,182,0,3736,4007810,0,0,3571011840,15443541,143939774,0,0,14397040,1717,1717,0,225790004,225790004,0,0,225790004,14397040,14.25,1.4
821,2026-05-18 01:42:05,6,q95,0,8,171,3613,5633,50786,39430,56,123,1,1242,0,3659,4010653,0,0,14560086280,15443541,143677630,0,0,35990240,4267,4267,0,331280816,331280816,0,0,205215617,14395274,14.06,3.61
822,2026-05-18 01:42:10,6,q96,0,5,71,211,208,2656,2355,10,40,0,64,0,8,335649,0,0,213972808,28894203,59125646,0,0,67,67,67,0,3950,3950,0,0,3950,67,12.59,0.21
823,2026-05-18 01:42:11,6,q97,0,5,147,1603,2129,21902,19563,104,154,0,208,0,1048,536329,0,0,7340928768,41908387,183291428,0,0,8381430,493,493,0,96998577,96998577,0,0,96998577,8381430,13.66,1.6
824,2026-05-18 01:42:14,6,q98,0,7,75,743,675,5769,4862,119,87,3,256,0,55,3269297,0,0,1300366872,27682256,178371000,0,0,71672,14,14,0,9066327,9066327,0,0,7253935,56508,7.76,0.74
825,2026-05-18 01:42:15,6,q99,0,6,67,499,481,6019,5281,75,86,0,0,0,484,1024464,0,0,343879080,14473528,74473752,0,0,13834,20,20,0,1092296,1092296,0,0,1092296,13834,12.06,0.5
826,2026-05-18 01:42:17,7,q1,0,12,134,718,1250,7438,5949,117,135,0,326,0,1156,407020,0,0,3493632216,6127653,108568026,0,0,2172339,220,220,0,31541287,31541287,0,0,31541287,2172339,10.36,0.72
827,2026-05-18 01:42:19,7,q2,0,9,120,626,573,6914,6234,114,144,0,0,0,351,1203492,0,0,839171944,21747366,110395806,0,0,4756,338,338,0,200702,200702,0,0,76764,3504,11.04,0.63
828,2026-05-18 01:42:20,7,q3,0,4,69,348,336,4454,4132,61,76,0,0,0,111,720730,0,0,240926696,27682256,175143304,0,0,1010,15,15,0,88613,88613,0,0,88613,1010,12.8,0.35
829,2026-05-18 01:42:22,7,q4,0,22,389,7996,40700,124400,108971,358,485,0,2256,0,15609,1682654,0,0,39674206800,49681524,683359278,0,0,102286012,8739,8739,0,2539550644,2539550644,0,0,1275015000,51438627,15.56,8.0
830,2026-05-18 01:42:31,7,q5,0,11,403,2512,5837,37315,30612,321,475,0,384,0,3510,1555689,0,0,3754844192,61225599,592403004,0,0,7889656,1728,1728,0,114764218,114764218,0,0,114764218,7889656,14.85,2.51
831,2026-05-18 01:42:35,7,q5a,0,14,408,2315,5663,31677,26108,356,494,0,466,0,4804,1555732,0,0,4293812064,61225599,592403004,0,0,7891635,1738,1738,0,114931337,114931337,0,0,114798107,7889811,13.68,2.32
832,2026-05-18 01:42:38,7,q6,0,11,92,1522,3111,19235,18129,47,76,3,0,0,2268,5014279,0,0,4851667944,28607305,108733860,0,0,27358702,1158,1158,0,237127054,237127054,0,0,237127054,27358702,12.64,1.52
833,2026-05-18 01:42:41,7,q7,0,9,93,1933,6880,26842,24370,48,77,0,512,0,4018,783559,0,0,838432440,29603556,356553463,0,0,26629749,85,85,0,767598824,767598824,0,0,767598824,26629749,13.89,1.93
834,2026-05-18 01:42:44,7,q8,0,10,75,811,769,8797,8257,85,113,0,0,0,23,1650915,0,0,4865332224,28580358,117278168,0,0,6668,6,6,0,79456,79456,0,0,79456,6668,10.85,0.81
835,2026-05-18 01:42:46,7,q9,0,31,1021,1564,22674,22378,17461,123,595,1,1136,0,149,322028,0,0,0,432007560,1172940160,0,0,1005,1005,1005,0,63138,63138,0,0,63138,1005,14.31,1.56
836,2026-05-18 01:42:48,7,q10,0,13,211,1070,2831,13075,11988,38,136,0,0,0,417,594763,0,0,1683225704,51779275,120735650,0,0,4321867,84,84,0,66317919,66317919,0,0,66317919,4321867,12.22,1.07
837,2026-05-18 01:42:51,7,q10a,0,10,210,543,1303,5726,5268,43,149,0,0,0,363,820993,0,0,2194445312,51779275,120735650,0,0,4289247,138,138,0,66290269,66290269,0,0,66290269,4289247,10.55,0.54
838,2026-05-18 01:42:52,7,q11,0,17,258,4010,13437,61808,55231,204,299,0,400,0,8198,1373324,0,0,26856842912,35353393,267813392,0,0,71770406,5474,5474,0,1049683414,1049683414,0,0,536131307,36215116,15.41,4.01
839,2026-05-18 01:42:57,7,q12,0,5,55,522,487,5678,5034,52,61,0,0,0,39,3269297,0,0,862371576,7375137,69292534,0,0,26498,6,6,0,3416917,3416917,0,0,3416917,26498,10.88,0.52
840,2026-05-18 01:42:59,7,q13,0,9,76,868,1627,11521,10717,20,56,0,0,0,368,1611538,0,0,573747424,29758358,442127593,0,0,193014,17,17,0,2753258,2753258,0,0,2753258,193014,13.27,0.87
841,2026-05-18 01:43:01,7,q14a,0,30,641,6819,15573,82690,70200,513,757,0,1808,0,13641,1779035,0,0,12052039384,147733425,817696760,0,0,62683055,1638,1638,0,832554372,832554372,0,0,829543316,62596531,12.13,6.82
842,2026-05-18 01:43:11,7,q14b,0,24,503,4632,11215,64418,57978,387,593,1,824,0,6809,1778175,0,0,10234366640,126351304,625377074,0,0,68475639,1565,1565,0,934830449,934830449,0,0,491078678,40968432,13.91,4.63
843,2026-05-18 01:43:17,7,q14,0,24,499,3953,9857,52801,46214,444,631,0,632,0,6903,1778820,0,0,8268647616,126351304,625377074,0,0,68314948,1371,1371,0,925505459,925505459,0,0,481753688,40807741,13.36,3.95
844,2026-05-18 01:43:22,7,q15,0,6,83,1447,1443,18556,16696,41,68,0,256,0,1991,5014279,0,0,5245524392,15151180,83588960,0,0,14544315,1088,1088,0,126141563,126141563,0,0,126141563,14544315,12.82,1.45
845,2026-05-18 01:43:24,7,q16,0,8,195,2314,6023,33586,28282,67,146,0,352,0,5212,424379,0,0,4703921456,30563805,216701841,0,0,30114572,2975,2975,0,425546236,425546236,0,0,425546236,30114572,14.51,2.31
846,2026-05-18 01:43:28,7,q17,0,10,217,4764,11388,64441,59960,70,176,0,768,0,8131,6945926,0,0,7880912176,44860789,306329872,0,0,45538041,3319,3319,0,1083953570,1083953570,0,0,1083953570,45538041,13.53,4.76
847,2026-05-18 01:43:34,7,q18,0,12,96,1739,6476,20207,18289,66,94,0,0,0,2849,9713760,0,0,3065959144,19094780,276393850,0,0,14505220,98,98,0,425374885,425374885,0,0,425374885,14505220,11.62,1.74
848,2026-05-18 01:43:36,7,q18a,0,21,170,2384,11732,29968,27184,136,190,0,0,0,2829,9713760,0,0,13017939008,19946780,279627504,0,0,71657644,357,357,0,2102947115,2102947115,0,0,426335063,14562060,12.57,2.38
849,2026-05-18 01:43:40,7,q19,0,7,72,753,723,8466,6920,76,91,0,0,0,37,5014279,0,0,3108604640,28432358,208799922,0,0,2718,3,3,0,190396,190396,0,0,190396,2718,11.24,0.75
850,2026-05-18 01:43:42,7,q20,0,5,67,545,510,5927,5452,65,74,0,0,0,59,3269297,0,0,988820632,14503180,110733060,0,0,36807,6,6,0,4663129,4663129,0,0,4663129,36807,10.88,0.55
851,2026-05-18 01:43:43,7,q21,0,5,54,1009,999,13787,12952,56,68,0,0,0,31,684758,0,0,385904296,133285059,523170535,0,0,63700,2,2,0,1093197,1093197,0,0,1093197,63700,13.66,1.01
852,2026-05-18 01:43:45,7,q22,0,6,71,20158,20121,159197,157046,118,102,0,1000,0,364,4630315,0,0,2847197272,133285059,523150926,0,0,2038920,187,187,0,85798101,85798101,0,0,85798101,2038920,7.9,20.16
853,2026-05-18 01:44:07,7,q22a,0,10,135,2016,2697,24102,20919,182,205,0,460,0,2451,4630315,0,0,11914496448,133285059,523156014,0,0,2703130,857,857,0,135114839,135114839,0,0,33171531,664170,11.96,2.02
854,2026-05-18 01:44:10,7,q23a,0,18,403,6346,12825,95230,88368,366,481,0,1232,0,9979,6576963,0,0,22085629712,106164281,576934608,0,0,43094559,2877,2877,0,1053109860,1053109860,0,0,1008527567,40441747,15.01,6.35
855,2026-05-18 01:44:17,7,q23b,0,21,423,6696,14819,100073,92111,562,539,10,1374,0,10830,6577006,0,0,34872161472,106664281,579986654,0,0,49362664,6636,6636,0,1167746200,1167746200,0,0,1020911877,40904228,14.95,6.7
856,2026-05-18 01:44:25,7,q24,0,12,160,2953,8444,40225,35872,51,113,0,0,0,5491,463487,0,0,4795803152,32530235,250385654,0,0,30468590,2041,2041,0,736174632,736174632,0,0,736174632,30468590,13.62,2.95
857,2026-05-18 01:44:29,7,q24a,0,19,213,4485,9685,53743,49119,140,194,0,480,0,7947,3560798,0,0,14728425696,32632235,249079712,0,0,61448141,4647,4647,0,1495214546,1495214546,0,0,765303292,30991090,11.98,4.49
858,2026-05-18 01:44:35,7,q24b,0,19,213,4213,9277,51742,48405,141,194,0,1008,0,6383,3560798,0,0,14722420960,32632235,249079712,0,0,61437701,4647,4647,0,1493987363,1493987363,0,0,764076109,30980650,12.28,4.21
859,2026-05-18 01:44:40,7,q25,0,10,217,4764,11396,65001,60398,127,168,0,392,0,8379,6945926,0,0,7880887560,44860789,397738628,0,0,45538038,3316,3316,0,1103935384,1103935384,0,0,1103935384,45538038,13.64,4.76
860,2026-05-18 01:44:46,7,q26,0,8,87,1431,4744,18657,16433,46,74,0,448,0,3303,783559,0,0,568948504,16424480,222520799,0,0,14338674,72,72,0,390664156,390664156,0,0,390664156,14338674,13.04,1.43
861,2026-05-18 01:44:48,7,q27,0,8,91,1809,6559,24394,22221,34,71,3,0,0,3938,783559,0,0,637313664,29603158,330984235,0,0,26618343,74,74,0,683120336,683120336,0,0,683120336,26618343,13.48,1.81
862,2026-05-18 01:44:51,7,q27a,0,13,130,2316,9734,34233,31320,73,112,0,672,0,3654,783559,0,0,1361438760,29705260,331293045,0,0,79689890,233,233,0,2045386751,2045386751,0,0,683384333,26621186,14.78,2.32
863,2026-05-18 01:44:55,7,q28,0,18,431,2563,14757,38851,29386,375,480,0,1408,0,14437,361120,0,0,27424709080,172803006,1181120100,0,0,1375311,1564,1564,0,24467873,24467873,0,0,24467873,1375311,15.16,2.56
864,2026-05-18 01:44:58,7,q29,0,11,218,4791,12245,64946,60635,76,175,0,608,0,7961,6945926,0,0,7880995000,44933838,306809624,0,0,45538045,3321,3321,0,1083954345,1083954345,0,0,1083954345,45538045,13.56,4.79
865,2026-05-18 01:45:04,7,q30,0,13,129,665,1437,4702,3636,183,173,0,0,0,954,1994073,0,0,3968087040,2698567,84728162,0,0,790132,77,77,0,60668902,60668902,0,0,60668902,790132,7.07,0.66
866,2026-05-18 01:45:06,7,q31,0,19,361,1995,9425,27612,24486,266,374,2,384,0,300,3834069,0,0,8267955576,104591032,556455694,0,0,35774,23,23,0,1274891,1274891,0,0,1208352,34875,13.84,2.0
867,2026-05-18 01:45:09,7,q32,0,7,129,631,1107,8096,7426,52,101,0,0,0,327,708064,0,0,219553416,28831311,213647650,0,0,135308,67,67,0,1892436,1892436,0,0,1892436,135308,12.83,0.63
868,2026-05-18 01:45:11,7,q33,0,9,186,972,1638,12690,11608,181,211,0,0,0,105,1087984,0,0,2700416024,49562475,406209848,0,0,7609,8,8,0,210206,210206,0,0,210206,7609,13.06,0.97
869,2026-05-18 01:45:13,7,q34,0,9,104,686,951,8836,7767,112,112,0,0,0,1099,908184,0,0,397086752,28087558,87187312,0,0,1010675,85,85,0,34409535,34409535,0,0,17491770,510675,12.88,0.69
870,2026-05-18 01:45:15,7,q35,0,12,216,1417,3050,17209,14909,64,155,0,689,0,1294,2112212,0,0,5209334768,51779275,120469410,0,0,8052611,351,351,0,39149825,39149825,0,0,39149825,8052611,12.14,1.42
871,2026-05-18 01:45:17,7,q35a,0,11,216,1026,1995,11159,9039,59,162,0,0,0,1991,2112212,0,0,4420805904,51779275,120469410,0,0,8049848,363,363,0,39176588,39176588,0,0,39176588,8049848,10.88,1.03
872,2026-05-18 01:45:19,7,q36,0,6,71,740,703,9461,8484,76,88,0,0,0,126,1858292,0,0,1770423992,27682358,272625812,0,0,2238,14,14,0,177240,177240,0,0,177240,2238,12.79,0.74
873,2026-05-18 01:45:21,7,q36a,0,9,76,766,704,8610,7224,77,94,0,624,0,309,1858292,0,0,2309391864,27682358,272625812,0,0,6097,45,45,0,506805,506805,0,0,183763,2255,11.24,0.77
874,2026-05-18 01:45:23,7,q37,0,6,132,1117,1865,14862,13493,37,93,1,0,0,2454,300658,0,0,949600864,147685474,583391793,0,0,4316414,1074,1074,0,66666749,66666749,0,0,66666749,14400617,13.31,1.12
875,2026-05-18 01:45:25,7,q38,0,13,266,2176,5785,31878,26346,114,220,0,736,0,3608,2992804,0,0,14880596040,49608475,112842050,0,0,12908807,1346,1346,0,99167332,99167332,0,0,72992444,11908807,14.65,2.18
876,2026-05-18 01:45:28,7,q39a,0,11,149,2353,4084,31560,28665,248,232,0,944,0,628,801878,0,0,4135752968,266468108,1044999740,0,0,2587909,102,102,0,54248007,54248007,0,0,33889570,1567909,13.41,2.35
877,2026-05-18 01:45:32,7,q39b,0,11,149,1352,2480,16657,16245,209,235,0,0,0,204,684629,0,0,4037186824,266468108,1044999740,0,0,2551488,102,102,0,53122748,53122748,0,0,32764311,1531488,12.32,1.35
878,2026-05-18 01:45:34,7,q40,0,7,133,1992,4607,28230,24642,46,102,0,1360,0,3880,348211,0,0,4141621464,15943072,160910918,0,0,15748014,1921,1921,0,314097218,314097218,0,0,314097218,15748014,14.17,1.99
879,2026-05-18 01:45:37,7,q41,0,4,4,137,112,98,97,4,4,0,0,0,7,13527,0,0,135268304,204000,1272987,0,0,140,2,2,0,9680,9680,0,0,9680,140,0.72,0.14
880,2026-05-18 01:45:38,7,q42,0,4,69,430,420,5674,4964,75,78,0,315,0,10,719913,0,0,361643416,27682256,175012340,0,0,32,3,3,0,2656,2656,0,0,2656,32,13.2,0.43
881,2026-05-18 01:45:40,7,q43,0,4,69,571,551,7744,7115,70,86,0,0,0,54,720988,0,0,223324760,27580358,92393362,0,0,294,14,14,0,37327,37327,0,0,37327,294,13.56,0.57
882,2026-05-18 01:45:41,7,q44,0,8,152,601,648,7392,6323,85,147,0,0,0,1974,1665021,0,0,2147935336,57703002,325654173,0,0,991985,1019,1019,0,15013054,15013054,0,0,7510252,496103,12.3,0.6
883,2026-05-18 01:45:43,7,q45,0,8,73,1150,1221,13432,11798,43,63,0,480,0,1435,5014279,0,0,5068807392,8227137,74049122,0,0,7447479,880,880,0,100357151,100357151,0,0,100357151,7447479,11.68,1.15
884,2026-05-18 01:45:45,7,q46,0,9,88,695,879,7811,6755,122,130,0,0,0,1160,3376534,0,0,1865078648,28337558,223735832,0,0,529456,69,69,0,17624191,17624191,0,0,17624191,529456,11.24,0.7
885,2026-05-18 01:45:47,7,q47,0,11,111,1512,2138,17234,15301,136,156,0,312,0,1302,2307790,0,0,6164710032,27682358,164292904,0,0,1188303,557,557,0,45099824,45099824,0,0,31097353,822201,11.4,1.51
886,2026-05-18 01:45:50,7,q48,0,8,91,1361,2441,19770,17786,64,92,0,816,0,1792,1686071,0,0,620257344,29751158,253754317,0,0,4383965,86,86,0,101320820,101320820,0,0,101320820,4383965,14.53,1.36
887,2026-05-18 01:45:52,7,q49,0,18,387,2299,9450,33393,28946,88,281,2,400,0,9106,319936,0,0,4516096824,54145455,723228567,0,0,15195840,337,337,0,341356024,341356024,0,0,341356024,15195840,14.53,2.3
888,2026-05-18 01:45:55,7,q50,0,7,137,2610,6082,35877,32292,43,105,0,688,0,4992,373053,0,0,4687124776,30430658,175355068,0,0,29262054,1989,1989,0,613521501,613521501,0,0,613521501,29262054,13.75,2.61
889,2026-05-18 01:45:59,7,q51,0,10,218,2803,4136,39356,35005,256,277,0,832,0,3833,536372,0,0,10760036720,34780344,215300374,0,0,23550796,1826,1826,0,399477556,399477556,0,0,399477556,23550796,14.04,2.8
890,2026-05-18 01:46:03,7,q51a,0,14,285,20412,24069,268016,257670,338,405,0,2856,0,4800,567630,0,0,27699775816,34780344,215300374,0,0,46681572,2728,2728,0,770734582,770734582,0,0,558633027,35219606,13.13,20.41
891,2026-05-18 01:46:25,7,q52,0,4,69,518,508,7299,6782,62,76,0,0,0,41,719311,0,0,361643416,27682256,175143412,0,0,1253,3,3,0,78201,78201,0,0,78201,1253,14.09,0.52
892,2026-05-18 01:46:26,7,q53,0,6,71,509,496,5931,4983,68,86,3,0,0,735,905174,0,0,377079056,27682358,164829516,0,0,16165,15,15,0,408667,408667,0,0,408667,16165,11.65,0.51
893,2026-05-18 01:46:28,7,q54,0,17,221,1798,6240,23562,21239,166,226,0,480,0,2721,5014279,0,0,5714824408,50179724,254216284,0,0,27925422,310,310,0,266485912,266485912,0,0,266485912,27925422,13.1,1.8
894,2026-05-18 01:46:31,7,q55,0,4,69,518,511,7331,6829,64,73,0,0,0,32,719397,0,0,428752256,27682256,175143412,0,0,1135,3,3,0,68028,68028,0,0,68028,1135,14.15,0.52
895,2026-05-18 01:46:32,7,q56,0,9,186,837,1660,10260,8636,170,222,0,544,0,143,1088672,0,0,2175177976,49562475,406474536,0,0,9560,8,8,0,277255,277255,0,0,277255,9560,12.26,0.84
896,2026-05-18 01:46:34,7,q57,0,11,116,1197,1936,14456,11655,144,167,0,0,0,1748,2307790,0,0,7200266704,14503204,110662841,0,0,1383219,710,710,0,54933681,54933681,0,0,38383959,962849,12.08,1.2
897,2026-05-18 01:46:36,7,q58,0,10,185,1111,2491,14294,12291,178,212,0,528,0,56,1076810,0,0,2551216384,49356573,346801998,0,0,135107,4,4,0,1828873,1828873,0,0,1828873,135107,12.87,1.11
898,2026-05-18 01:46:39,7,q59,0,10,75,852,900,7517,6722,69,85,0,0,0,1122,754364,0,0,4767648528,27726558,92696242,0,0,70176,134,134,0,2819225,2819225,0,0,1588690,53703,8.82,0.85
899,2026-05-18 01:46:41,7,q60,0,9,186,872,1743,10320,9142,184,220,0,93,0,194,1088070,0,0,2730483240,49562475,406410552,0,0,62086,11,11,0,1172891,1172891,0,0,1172891,62086,11.83,0.87
900,2026-05-18 01:46:42,7,q61,0,10,140,749,989,9255,8700,11,83,2,0,0,17,5014279,0,0,4114268400,55940065,442550324,0,0,132,132,132,0,7536,7536,0,0,7536,132,12.36,0.75
901,2026-05-18 01:46:44,7,q62,0,6,55,404,390,5160,4436,58,70,0,0,0,334,826250,0,0,290368584,7273209,32942921,0,0,6738,17,17,0,552322,552322,0,0,552322,6738,12.77,0.4
902,2026-05-18 01:46:46,7,q63,0,6,71,484,469,5809,5208,71,86,0,0,0,339,905303,0,0,377013520,27682358,164831636,0,0,3687,15,15,0,139756,139756,0,0,139756,3687,12.0,0.48
903,2026-05-18 01:46:47,7,q64,0,33,489,9552,43971,143903,127409,619,710,0,1856,0,19494,1086691,0,0,42845976528,49224915,554753421,0,0,66198164,9180,9180,0,2330744062,2330744062,0,0,2093202009,55680264,15.07,9.55
904,2026-05-18 01:46:58,7,q65,0,10,188,1487,2741,21232,18884,219,236,1,288,0,2367,9164527,0,0,6973681856,55189565,331105822,0,0,12118897,561,561,0,395472051,395472051,0,0,395472051,12118897,14.28,1.49
905,2026-05-18 01:47:01,7,q66,0,8,119,1024,1217,11597,8985,210,238,0,304,0,90,1024378,0,0,2539847856,21687698,256846431,0,0,270,27,27,0,99522,99522,0,0,99522,270,11.33,1.02
906,2026-05-18 01:47:03,7,q67,0,6,87,5888,5841,74148,71352,112,129,0,902,0,1128,4630315,0,0,7731250296,27682358,196558995,0,0,8547444,255,255,0,588025508,588025508,0,0,588025508,8547444,12.59,5.89
907,2026-05-18 01:47:10,7,q67a,0,14,229,10027,35113,137957,128514,345,386,0,1465,0,5618,4630315,0,0,27839457704,27682358,196558995,0,0,53570770,2150,2150,0,3473889114,3473889114,0,0,795502802,12999562,13.76,10.03
908,2026-05-18 01:47:21,7,q68,0,9,88,833,1008,10414,9084,125,122,0,0,0,986,3376534,0,0,1836459800,28337558,342924944,0,0,507674,58,58,0,16407935,16407935,0,0,16407935,507674,12.5,0.83
909,2026-05-18 01:47:23,7,q69,0,13,211,870,2344,9268,8107,53,142,0,0,0,586,467445,0,0,1686012184,51779275,120539042,0,0,3828287,67,67,0,62008200,62008200,0,0,62008200,3828287,10.65,0.87
910,2026-05-18 01:47:25,7,q70,0,9,139,888,831,9984,9195,149,185,0,32,0,87,1369128,0,0,1587645624,55087667,227527888,0,0,249,30,30,0,13762,13762,0,0,13762,249,11.24,0.89
911,2026-05-18 01:47:27,7,q70a,0,12,144,950,834,10796,10042,151,190,0,0,0,76,1365303,0,0,1119979840,55087667,227527888,0,0,276,59,59,0,17527,17527,0,0,9675,198,11.36,0.95
912,2026-05-18 01:47:29,7,q71,0,7,184,851,825,10782,9461,191,255,0,0,0,145,3341834,0,0,1362478064,49296875,359456002,0,0,31955,17,17,0,1445052,1445052,0,0,893499,20983,12.67,0.85
913,2026-05-18 01:47:31,7,q72,0,16,230,16837,27797,230127,222601,144,230,1,2640,3,9692,6577006,0,0,19933730552,151127670,707173824,0,0,142630673,5240,5240,0,2054109950,2054109950,0,0,2054109950,142630673,13.67,16.84
914,2026-05-18 01:47:49,7,q73,0,9,104,506,813,6403,5660,96,103,10,112,0,402,907840,0,0,395522080,28087558,87187312,0,0,1002732,67,67,0,33999056,33999056,0,0,17081291,502732,12.65,0.51
915,2026-05-18 01:47:51,7,q74,0,15,233,3752,13896,58070,50463,191,253,1,608,0,7935,1428911,0,0,22921014288,35353393,187654900,0,0,71557457,4867,4867,0,760549308,760549308,0,0,388587442,36002167,15.48,3.75
916,2026-05-18 01:47:55,7,q75,0,19,578,3604,13004,54922,44694,124,439,0,960,0,11000,574640,0,0,12471749904,103356738,960216234,0,0,14156496,2600,2600,0,343447712,343447712,0,0,230989374,9118708,15.24,3.6
917,2026-05-18 01:48:00,7,q76,0,4,181,882,855,12097,10864,185,239,0,0,0,712,2886595,0,0,13801848136,49141969,393296636,0,0,2307,178,178,0,246571,246571,0,0,246571,2307,13.72,0.88
918,2026-05-18 01:48:02,7,q77,0,14,338,997,4359,13155,10750,235,328,2,480,0,73,719311,0,0,1386293464,54013669,520712344,0,0,838,63,63,0,62565,62565,0,0,62565,838,13.19,1.0
919,2026-05-18 01:48:04,7,q77a,0,17,343,1026,3822,11466,9360,325,333,33,528,0,84,719397,0,0,1992370176,54013669,520712344,0,0,1313,74,74,0,119317,119317,0,0,77821,983,11.18,1.03
920,2026-05-18 01:48:07,7,q78,0,12,382,6653,19688,98107,88814,192,344,0,1184,0,11512,7360137,0,0,23440107088,54219312,629070584,0,0,54207585,4641,4641,0,1581114373,1581114373,0,0,1581114373,54207585,14.75,6.65
921,2026-05-18 01:48:14,7,q79,0,8,86,741,945,9120,7918,108,120,0,0,0,1269,2321400,0,0,3200173264,28087558,221286712,0,0,581366,141,141,0,16856485,16856485,0,0,16856485,581366,12.31,0.74
922,2026-05-18 01:48:16,7,q80,0,17,389,6996,31372,107711,96230,148,310,0,1424,0,14717,396363,0,0,14185165104,54260907,753816612,0,0,53052375,5630,5630,0,1574167848,1574167848,0,0,1574167848,53052375,15.4,7.0
923,2026-05-18 01:48:24,7,q80a,0,20,394,8650,38258,131125,91073,144,306,0,1424,0,43190,396363,0,0,14657024136,54260907,753816612,0,0,53053332,5641,5641,0,1574283460,1574283460,0,0,1574180710,53052306,15.16,8.65
924,2026-05-18 01:48:34,7,q81,0,15,136,699,1535,6267,5162,211,184,0,0,0,852,1994073,0,0,4757671472,4202813,120332210,0,0,1389733,132,132,0,37657316,37657316,0,0,37657316,1389733,8.97,0.7
925,2026-05-18 01:48:36,7,q82,0,6,137,1491,2889,19550,14994,46,95,0,368,0,5277,324734,0,0,1721378256,162085550,618697681,0,0,13778665,1171,1171,0,135990185,135990185,0,0,135990185,28800829,13.11,1.49
926,2026-05-18 01:48:39,7,q83,0,10,157,447,876,4132,3236,149,177,0,0,0,236,821816,0,0,2454086016,5226039,97536411,0,0,43611,11,11,0,713915,713915,0,0,713915,43611,9.24,0.45
927,2026-05-18 01:48:40,7,q84,0,9,73,751,1356,4430,3808,35,51,0,0,0,1588,9713760,0,0,100948512,5555652,27854895,0,0,2778987,65,65,0,15445745,15445745,0,0,15445745,2778987,5.9,0.75
928,2026-05-18 01:48:42,7,q85,0,14,146,1170,5238,15635,11827,120,129,0,880,0,4553,1611538,0,0,3522586704,12085256,163938312,0,0,3025215,1744,1744,0,68690797,68690797,0,0,68690797,3025215,13.36,1.17
929,2026-05-18 01:48:44,7,q86,0,5,54,443,409,5102,4522,56,61,0,0,0,119,1858292,0,0,1398655400,7375137,65640862,0,0,1915,12,12,0,135930,135930,0,0,135930,1915,11.52,0.44
930,2026-05-18 01:48:46,7,q86a,0,8,59,428,369,3438,3016,60,66,0,0,0,112,1858292,0,0,1937622872,7375137,65640862,0,0,5122,39,39,0,389397,389397,0,0,143801,1930,8.03,0.43
931,2026-05-18 01:48:47,7,q87,0,13,266,1981,5266,28781,23134,145,222,0,225,0,4607,2992804,0,0,14880596040,49608475,112842050,0,0,12908807,1346,1346,0,99167332,99167332,0,0,72992444,11908807,14.53,1.98
932,2026-05-18 01:48:50,7,q88,0,26,554,1568,10506,22826,21162,16,310,0,0,0,74,334918,0,0,1725092416,231102510,472553640,0,0,536,536,536,0,31619,31619,0,0,31619,536,14.56,1.57
933,2026-05-18 01:48:53,7,q89,0,6,71,606,589,6777,5483,139,89,0,450,0,524,905948,0,0,1316733360,27682358,164563240,0,0,16454,15,15,0,1056131,1056131,0,0,1056131,16454,11.18,0.61
934,2026-05-18 01:48:55,7,q90,0,8,106,225,309,2704,2321,7,56,0,0,0,12,249951,0,0,323739200,14580376,66265216,0,0,100,100,100,0,5900,5900,0,0,5900,100,12.02,0.22
935,2026-05-18 01:48:56,7,q91,0,11,62,298,351,1512,1253,65,81,0,0,0,43,9527061,0,0,2986896344,4190955,59315149,0,0,109809,8,8,0,1094555,1094555,0,0,1091937,109792,5.07,0.3
936,2026-05-18 01:48:57,7,q92,0,7,105,423,701,5009,4215,47,82,0,0,0,456,709229,0,0,191374440,14575225,130635526,0,0,94062,53,53,0,1376229,1376229,0,0,1376229,94062,11.84,0.42
937,2026-05-18 01:48:59,7,q93,0,5,136,3983,6183,54040,50423,45,103,0,896,0,5460,322100,0,0,5766380072,31678178,236541444,0,0,31635854,2006,2006,0,788241663,788241663,0,0,788241663,31635854,13.57,3.98
938,2026-05-18 01:49:04,7,q94,0,8,171,1469,3997,21435,18685,52,116,0,165,0,4065,4007810,0,0,3571011840,15443541,143939774,0,0,14397040,1717,1717,0,225790004,225790004,0,0,225790004,14397040,14.59,1.47
939,2026-05-18 01:49:06,7,q95,0,8,171,3897,5777,55998,41725,58,125,0,1024,0,3589,4010610,0,0,14560086280,15443541,143677630,0,0,35990240,4267,4267,0,331280816,331280816,0,0,205215617,14395274,14.37,3.9
940,2026-05-18 01:49:11,7,q96,0,5,71,209,205,2606,2433,10,39,0,0,0,8,334961,0,0,213972808,28894203,59125646,0,0,67,67,67,0,3950,3950,0,0,3950,67,12.47,0.21
941,2026-05-18 01:49:13,7,q97,0,5,147,1770,2201,24733,22734,115,152,0,0,0,769,536028,0,0,7340928768,41908387,183291428,0,0,8381430,493,493,0,96998577,96998577,0,0,96998577,8381430,13.97,1.77
942,2026-05-18 01:49:15,7,q98,0,7,75,586,522,4199,3413,77,86,2,336,0,63,3269297,0,0,1300366872,27682256,178371000,0,0,71672,14,14,0,9066327,9066327,0,0,7253935,56508,7.17,0.59
943,2026-05-18 01:49:17,7,q99,0,6,67,588,572,7374,6453,72,84,0,126,0,345,1024937,0,0,343879080,14473528,74473752,0,0,13834,20,20,0,1092296,1092296,0,0,1092296,13834,12.54,0.59
944,2026-05-18 01:49:19,8,q1,0,12,134,693,1167,7162,5977,102,129,0,0,0,1103,406633,0,0,3493632216,6127653,108568026,0,0,2172339,220,220,0,31541287,31541287,0,0,31541287,2172339,10.33,0.69
945,2026-05-18 01:49:20,8,q2,0,9,120,650,591,6865,6051,130,147,0,126,0,350,1204137,0,0,839171944,21747366,110395806,0,0,4756,338,338,0,200702,200702,0,0,76764,3504,10.56,0.65
946,2026-05-18 01:49:22,8,q3,0,4,69,352,341,4526,4123,62,75,0,0,0,145,720816,0,0,240926696,27682256,175143304,0,0,1010,15,15,0,88613,88613,0,0,88613,1010,12.86,0.35
947,2026-05-18 01:49:24,8,q4,0,22,389,7946,40355,123692,110418,332,478,0,1792,0,14363,1682654,0,0,39674206800,49681524,683359278,0,0,102286012,8739,8739,0,2539550644,2539550644,0,0,1275015000,51438627,15.57,7.95
948,2026-05-18 01:49:33,8,q5,0,11,403,2314,5206,34278,29886,323,479,0,880,0,3443,1555689,0,0,3754844192,61225599,592403004,0,0,7889656,1728,1728,0,114764218,114764218,0,0,114764218,7889656,14.81,2.31
949,2026-05-18 01:49:36,8,q5a,0,14,408,2432,6180,33611,27275,424,492,0,435,0,5697,1555818,0,0,4293812064,61225599,592403004,0,0,7891635,1738,1738,0,114931337,114931337,0,0,114798107,7889811,13.82,2.43
950,2026-05-18 01:49:40,8,q6,0,11,92,1546,3281,19104,17745,46,78,0,128,0,2661,5014322,0,0,4851667944,28607305,108733860,0,0,27358702,1158,1158,0,237127054,237127054,0,0,237127054,27358702,12.36,1.55
951,2026-05-18 01:49:42,8,q7,0,9,93,1900,6635,26502,23732,39,74,0,592,0,3984,783559,0,0,838432440,29603556,356553463,0,0,26629749,85,85,0,767598824,767598824,0,0,767598824,26629749,13.95,1.9
952,2026-05-18 01:49:45,8,q8,0,10,75,786,744,8381,7830,84,109,0,0,0,23,1650915,0,0,4865332224,28580358,117278168,0,0,6668,6,6,0,79456,79456,0,0,79456,6668,10.66,0.79
953,2026-05-18 01:49:47,8,q9,0,31,1021,1452,21315,20527,17909,66,577,0,473,0,143,320996,0,0,0,432007560,1172940160,0,0,1005,1005,1005,0,63138,63138,0,0,63138,1005,14.14,1.45
954,2026-05-18 01:49:50,8,q10,0,13,211,1097,3105,13326,10527,48,140,0,656,0,698,594763,0,0,1683225704,51779275,120735650,0,0,4321867,84,84,0,66317919,66317919,0,0,66317919,4321867,12.15,1.1
955,2026-05-18 01:49:52,8,q10a,0,10,210,554,1298,5919,5404,42,151,0,0,0,383,821079,0,0,2194445312,51779275,120735650,0,0,4289247,138,138,0,66290269,66290269,0,0,66290269,4289247,10.68,0.55
956,2026-05-18 01:49:54,8,q11,0,17,258,4589,15812,71122,57780,217,292,1,638,0,8690,1373324,0,0,26856842912,35353393,267813392,0,0,71770406,5474,5474,0,1049683414,1049683414,0,0,536131307,36215116,15.5,4.59
957,2026-05-18 01:49:59,8,q12,0,5,55,497,461,5355,4714,43,57,0,0,0,40,3269297,0,0,862371576,7375137,69292534,0,0,26498,6,6,0,3416917,3416917,0,0,3416917,26498,10.77,0.5
958,2026-05-18 01:50:01,8,q13,0,9,76,976,1835,13254,12482,27,56,0,0,0,362,1611538,0,0,573747424,29758358,442127593,0,0,193014,17,17,0,2753258,2753258,0,0,2753258,193014,13.58,0.98
959,2026-05-18 01:50:03,8,q14a,0,30,641,6862,15442,83540,71605,453,718,3,1472,0,13493,1776885,0,0,12052039384,147733425,817696760,0,0,62683055,1638,1638,0,832554372,832554372,0,0,829543316,62596531,12.17,6.86
960,2026-05-18 01:50:13,8,q14b,0,24,503,4975,11767,69716,60881,426,605,0,972,0,7774,1778433,0,0,10234366640,126351304,625377074,0,0,68475639,1565,1565,0,934830449,934830449,0,0,491078678,40968432,14.01,4.97
961,2026-05-18 01:50:19,8,q14,0,24,499,3790,9404,51628,46779,402,608,0,720,0,6804,1778433,0,0,8268647616,126351304,625377074,0,0,68314948,1371,1371,0,925505459,925505459,0,0,481753688,40807741,13.62,3.79
962,2026-05-18 01:50:24,8,q15,0,6,83,1464,1460,18748,17317,40,68,0,0,0,1881,5014279,0,0,5245524392,15151180,83588960,0,0,14544315,1088,1088,0,126141563,126141563,0,0,126141563,14544315,12.81,1.46
963,2026-05-18 01:50:27,8,q16,0,8,195,2369,5942,33870,29847,54,146,0,800,0,5592,424379,0,0,4703921456,30563805,216701841,0,0,30114572,2975,2975,0,425546236,425546236,0,0,425546236,30114572,14.3,2.37
964,2026-05-18 01:50:30,8,q17,0,10,217,7273,24554,102006,62009,1805,191,0,28052,0,33491,6945926,0,0,7880912176,44860789,306329872,0,0,45538041,3319,3319,0,1083953570,1083953570,0,0,1083953570,45538041,14.03,7.27
965,2026-05-18 01:50:38,8,q18,0,12,96,2094,8214,24510,18839,81,101,0,1500,0,4829,9713846,0,0,3065959144,19094780,276393850,0,0,14505220,98,98,0,425374885,425374885,0,0,425374885,14505220,11.7,2.09
966,2026-05-18 01:50:42,8,q18a,0,21,170,2871,13151,34895,27847,162,204,6,816,0,3604,9713975,0,0,13017939008,19946780,279627504,0,0,71657644,357,357,0,2102947115,2102947115,0,0,426335063,14562060,12.15,2.87
967,2026-05-18 01:50:46,8,q19,0,7,72,620,585,6102,4755,84,106,0,0,0,39,5014279,0,0,3108604640,28432358,208799922,0,0,2718,3,3,0,190396,190396,0,0,190396,2718,9.84,0.62
968,2026-05-18 01:50:47,8,q20,0,5,67,600,551,6374,4612,68,74,0,0,0,48,3269297,0,0,988820632,14503180,110733060,0,0,36807,6,6,0,4663129,4663129,0,0,4663129,36807,10.62,0.6
969,2026-05-18 01:50:49,8,q21,0,5,54,1278,1263,17087,14923,62,76,0,0,0,25,684758,0,0,385904296,133285059,523170535,0,0,63700,2,2,0,1093197,1093197,0,0,1093197,63700,13.37,1.28
970,2026-05-18 01:50:51,8,q22,0,6,71,18762,18721,164669,160593,187,110,0,968,0,222,4630315,0,0,2847197272,133285059,523150926,0,0,2038920,187,187,0,85798101,85798101,0,0,85798101,2038920,8.78,18.76
971,2026-05-18 01:51:11,8,q22a,0,10,135,2253,3122,26538,20541,214,205,0,290,0,3405,4630315,0,0,11914496448,133285059,523156014,0,0,2703130,857,857,0,135114839,135114839,0,0,33171531,664170,11.78,2.25
972,2026-05-18 01:51:15,8,q23a,0,18,403,7080,14764,104707,85119,470,520,2,1638,0,13085,6577049,0,0,22085629712,106164281,576934608,0,0,43094559,2877,2877,0,1053109860,1053109860,0,0,1008527567,40441747,14.79,7.08
973,2026-05-18 01:51:23,8,q23b,0,21,423,7464,14112,108290,90799,451,537,22,2416,0,13121,6577006,0,0,34872161472,106664281,579986654,0,0,49362664,6636,6636,0,1167746200,1167746200,0,0,1020911877,40904228,14.51,7.46
974,2026-05-18 01:51:31,8,q24,0,12,160,3116,9238,43172,33658,55,117,0,816,0,8882,463487,0,0,4795803152,32530235,250385654,0,0,30468590,2041,2041,0,736174632,736174632,0,0,736174632,30468590,13.85,3.12
975,2026-05-18 01:51:36,8,q24a,0,19,213,4484,9699,55425,49135,181,190,0,1648,0,6431,3560798,0,0,14728425696,32632235,249079712,0,0,61448141,4647,4647,0,1495214546,1495214546,0,0,765303292,30991090,12.36,4.48
976,2026-05-18 01:51:41,8,q24b,0,19,213,4180,9294,52484,47172,153,196,0,1466,0,6195,3560798,0,0,14722420960,32632235,249079712,0,0,61437701,4647,4647,0,1493987363,1493987363,0,0,764076109,30980650,12.56,4.18
977,2026-05-18 01:51:47,8,q25,0,10,217,4957,12068,67581,60201,83,176,0,1200,0,10821,6945969,0,0,7880887560,44860789,397738628,0,0,45538038,3316,3316,0,1103935384,1103935384,0,0,1103935384,45538038,13.63,4.96
978,2026-05-18 01:51:53,8,q26,0,8,87,1500,4654,20211,16630,51,74,0,1040,0,2429,783602,0,0,568948504,16424480,222520799,0,0,14338674,72,72,0,390664156,390664156,0,0,390664156,14338674,13.47,1.5
979,2026-05-18 01:51:55,8,q27,0,8,91,1848,6737,26455,23619,45,77,0,720,0,3857,783559,0,0,637313664,29603158,330984235,0,0,26618343,74,74,0,683120336,683120336,0,0,683120336,26618343,14.32,1.85
980,2026-05-18 01:51:58,8,q27a,0,13,130,2095,9042,30834,28209,92,112,0,896,0,3440,783559,0,0,1361438760,29705260,331293045,0,0,79689890,233,233,0,2045386751,2045386751,0,0,683384333,26621186,14.72,2.1
981,2026-05-18 01:52:01,8,q28,0,18,431,2655,15153,40220,29221,355,485,0,1256,0,14989,361378,0,0,27424709080,172803006,1181120100,0,0,1375311,1564,1564,0,24467873,24467873,0,0,24467873,1375311,15.15,2.66
982,2026-05-18 01:52:05,8,q29,0,11,218,4839,12420,65874,59603,70,171,44,967,0,7917,6945969,0,0,7880995000,44933838,306809624,0,0,45538045,3321,3321,0,1083954345,1083954345,0,0,1083954345,45538045,13.61,4.84
983,2026-05-18 01:52:11,8,q30,0,13,129,686,1456,4770,3502,233,176,0,285,0,748,1994073,0,0,3968087040,2698567,84728162,0,0,790132,77,77,0,60668902,60668902,0,0,60668902,790132,6.95,0.69
984,2026-05-18 01:52:13,8,q31,0,19,361,2491,12261,35532,32364,304,375,7,450,0,356,3834069,0,0,8267955576,104591032,556455694,0,0,35774,23,23,0,1274891,1274891,0,0,1208352,34875,14.26,2.49
985,2026-05-18 01:52:16,8,q32,0,7,129,584,1023,7411,6776,56,103,0,0,0,308,708064,0,0,219553416,28831311,213647650,0,0,135308,67,67,0,1892436,1892436,0,0,1892436,135308,12.69,0.58
986,2026-05-18 01:52:18,8,q33,0,9,186,906,1543,11631,10248,178,219,0,308,0,116,1088199,0,0,2700416024,49562475,406209848,0,0,7609,8,8,0,210206,210206,0,0,210206,7609,12.84,0.91
987,2026-05-18 01:52:20,8,q34,0,9,104,788,1039,10481,9051,110,111,0,0,0,1438,908098,0,0,397086752,28087558,87187312,0,0,1010675,85,85,0,34409535,34409535,0,0,17491770,510675,13.3,0.79
988,2026-05-18 01:52:22,8,q35,0,12,216,1327,2954,16203,12900,66,159,18,0,0,1316,2112212,0,0,5209334768,51779275,120469410,0,0,8052611,351,351,0,39149825,39149825,0,0,39149825,8052611,12.21,1.33
989,2026-05-18 01:52:24,8,q35a,0,11,216,986,2107,10750,9345,66,167,0,360,0,1212,2112212,0,0,4420805904,51779275,120469410,0,0,8049848,363,363,0,39176588,39176588,0,0,39176588,8049848,10.9,0.99
990,2026-05-18 01:52:26,8,q36,0,6,71,705,671,8798,8033,70,86,0,0,0,164,1858292,0,0,1770423992,27682358,272625812,0,0,2238,14,14,0,177240,177240,0,0,177240,2238,12.48,0.7
991,2026-05-18 01:52:28,8,q36a,0,9,76,883,819,10502,9150,81,93,0,464,0,266,1858292,0,0,2309391864,27682358,272625812,0,0,6097,45,45,0,506805,506805,0,0,183763,2255,11.89,0.88
992,2026-05-18 01:52:30,8,q37,0,6,132,1108,1792,14620,13077,47,93,0,480,0,1777,300615,0,0,949600864,147685474,583391793,0,0,4316414,1074,1074,0,66666749,66666749,0,0,66666749,14400617,13.19,1.11
993,2026-05-18 01:52:32,8,q38,0,13,266,2209,5970,32277,24499,119,223,0,464,0,4702,2992804,0,0,14880596040,49608475,112842050,0,0,12908807,1346,1346,0,99167332,99167332,0,0,72992444,11908807,14.61,2.21
994,2026-05-18 01:52:35,8,q39a,0,11,149,1988,3502,25749,23515,247,240,4,776,0,522,801878,0,0,4135752968,266468108,1044999740,0,0,2587909,102,102,0,54248007,54248007,0,0,33889570,1567909,12.95,1.99
995,2026-05-18 01:52:39,8,q39b,0,11,149,1430,2673,17877,16301,256,232,0,1360,0,192,685403,0,0,4037186824,266468108,1044999740,0,0,2551488,102,102,0,53122748,53122748,0,0,32764311,1531488,12.5,1.43
996,2026-05-18 01:52:41,8,q40,0,7,133,2011,4464,27292,23950,43,100,0,1264,0,3947,348899,0,0,4141621464,15943072,160910918,0,0,15748014,1921,1921,0,314097218,314097218,0,0,314097218,15748014,13.57,2.01
997,2026-05-18 01:52:44,8,q41,0,4,4,137,113,98,98,4,4,0,0,0,7,13527,0,0,135268304,204000,1272987,0,0,140,2,2,0,9680,9680,0,0,9680,140,0.72,0.14
998,2026-05-18 01:52:45,8,q42,0,4,69,360,351,4817,4222,69,77,0,144,0,10,720128,0,0,361643416,27682256,175012340,0,0,32,3,3,0,2656,2656,0,0,2656,32,13.38,0.36
999,2026-05-18 01:52:47,8,q43,0,4,69,495,475,6656,5979,73,86,0,0,0,57,720988,0,0,223324760,27580358,92393362,0,0,294,14,14,0,37327,37327,0,0,37327,294,13.45,0.5
1000,2026-05-18 01:52:48,8,q44,0,8,152,624,669,7724,6449,82,146,0,240,0,2007,1665021,0,0,2147935336,57703002,325654173,0,0,991985,1019,1019,0,15013054,15013054,0,0,7510252,496103,12.38,0.62
1001,2026-05-18 01:52:50,8,q45,0,8,73,1485,1564,18784,16906,41,61,4,420,0,1810,5014279,0,0,5068807392,8227137,74049122,0,0,7447479,880,880,0,100357151,100357151,0,0,100357151,7447479,12.65,1.48
1002,2026-05-18 01:52:52,8,q46,0,9,88,727,910,8154,7082,139,130,0,176,0,1174,3376534,0,0,1865078648,28337558,223735832,0,0,529456,69,69,0,17624191,17624191,0,0,17624191,529456,11.22,0.73
1003,2026-05-18 01:52:54,8,q47,0,11,111,1584,2221,18225,15820,147,157,0,370,0,1388,2307790,0,0,6164710032,27682358,164292904,0,0,1188303,557,557,0,45099824,45099824,0,0,31097353,822201,11.51,1.58
1004,2026-05-18 01:52:57,8,q48,0,8,91,1396,2456,20096,14868,45,75,2,2440,0,2937,1686114,0,0,620257344,29751158,253754317,0,0,4383965,86,86,0,101320820,101320820,0,0,101320820,4383965,14.4,1.4
1005,2026-05-18 01:52:59,8,q49,0,18,387,2242,8970,32169,25766,104,288,0,840,0,8800,320452,0,0,4516096824,54145455,723228567,0,0,15195840,337,337,0,341356024,341356024,0,0,341356024,15195840,14.35,2.24
1006,2026-05-18 01:53:03,8,q50,0,7,137,2636,5992,36088,32776,45,99,0,368,0,5028,373053,0,0,4687124776,30430658,175355068,0,0,29262054,1989,1989,0,613521501,613521501,0,0,613521501,29262054,13.69,2.64
1007,2026-05-18 01:53:06,8,q51,0,10,218,2964,4382,40919,34400,304,284,2,840,0,4837,536845,0,0,10760036720,34780344,215300374,0,0,23550796,1826,1826,0,399477556,399477556,0,0,399477556,23550796,13.81,2.96
1008,2026-05-18 01:53:10,8,q51a,0,14,285,20628,24283,273345,246209,419,409,3,2996,0,5339,567630,0,0,27699775816,34780344,215300374,0,0,46681572,2728,2728,0,770734582,770734582,0,0,558633027,35219606,13.25,20.63
1009,2026-05-18 01:53:32,8,q52,0,4,69,477,468,6626,6212,64,75,0,0,0,57,719440,0,0,361643416,27682256,175143412,0,0,1253,3,3,0,78201,78201,0,0,78201,1253,13.89,0.48
1010,2026-05-18 01:53:34,8,q53,0,6,71,618,611,7400,5304,79,91,0,24,0,609,905260,0,0,377079056,27682358,164829516,0,0,16165,15,15,0,408667,408667,0,0,408667,16165,11.97,0.62
1011,2026-05-18 01:53:35,8,q54,0,17,221,1813,5961,23630,21398,167,227,0,410,0,2610,5014279,0,0,5714824408,50179724,254216284,0,0,27925422,310,310,0,266485912,266485912,0,0,266485912,27925422,13.03,1.81
1012,2026-05-18 01:53:38,8,q55,0,4,69,341,332,4118,3807,65,77,0,0,0,28,719440,0,0,428752256,27682256,175143412,0,0,1135,3,3,0,68028,68028,0,0,68028,1135,12.08,0.34
1013,2026-05-18 01:53:40,8,q56,0,9,186,1097,2116,14581,13613,184,216,0,0,0,104,1087984,0,0,2175177976,49562475,406474536,0,0,9560,8,8,0,277255,277255,0,0,277255,9560,13.29,1.1
1014,2026-05-18 01:53:42,8,q57,0,11,116,1281,1870,15776,12330,153,166,0,528,0,1667,2307790,0,0,7200266704,14503204,110662841,0,0,1383219,710,710,0,54933681,54933681,0,0,38383959,962849,12.32,1.28
1015,2026-05-18 01:53:44,8,q58,0,10,185,1117,2596,13981,12485,195,211,22,352,0,64,1076810,0,0,2551216384,49356573,346801998,0,0,135107,4,4,0,1828873,1828873,0,0,1828873,135107,12.52,1.12
1016,2026-05-18 01:53:47,8,q59,0,10,75,856,904,7608,6876,72,87,0,0,0,1129,754364,0,0,4767648528,27726558,92696242,0,0,70176,134,134,0,2819225,2819225,0,0,1588690,53703,8.89,0.86
1017,2026-05-18 01:53:48,8,q60,0,9,186,1178,2010,15716,14182,181,218,0,192,0,171,1088844,0,0,2730483240,49562475,406410552,0,0,62086,11,11,0,1172891,1172891,0,0,1172891,62086,13.34,1.18
1018,2026-05-18 01:53:51,8,q61,0,10,140,996,1602,13156,12491,16,82,0,0,0,17,5014279,0,0,4114268400,55940065,442550324,0,0,132,132,132,0,7536,7536,0,0,7536,132,13.21,1.0
1019,2026-05-18 01:53:53,8,q62,0,6,55,676,663,9544,8587,54,64,0,0,0,583,826164,0,0,290368584,7273209,32942921,0,0,6738,17,17,0,552322,552322,0,0,552322,6738,14.12,0.68
1020,2026-05-18 01:53:55,8,q63,0,6,71,557,543,7025,5822,72,85,0,688,0,207,905948,0,0,377013520,27682358,164831636,0,0,3687,15,15,0,139756,139756,0,0,139756,3687,12.61,0.56
1021,2026-05-18 01:53:56,8,q64,0,33,489,9923,44949,150274,133582,549,708,0,1821,0,19434,1086691,0,0,42845976528,49224915,554753421,0,0,66198164,9180,9180,0,2330744062,2330744062,0,0,2093202009,55680264,15.14,9.92
1022,2026-05-18 01:54:08,8,q65,0,10,188,1796,3317,26163,21383,246,243,1,560,0,2456,9164527,0,0,6973681856,55189565,331105822,0,0,12118897,561,561,0,395472051,395472051,0,0,395472051,12118897,14.57,1.8
1023,2026-05-18 01:54:10,8,q66,0,8,119,1130,1504,13242,10634,209,231,0,150,0,104,1024335,0,0,2539847856,21687698,256846431,0,0,270,27,27,0,99522,99522,0,0,99522,270,11.72,1.13
1024,2026-05-18 01:54:13,8,q67,0,6,87,5997,5950,76033,73217,111,130,0,1282,0,1110,4630315,0,0,7731250296,27682358,196558995,0,0,8547444,255,255,0,588025508,588025508,0,0,588025508,8547444,12.68,6.0
1025,2026-05-18 01:54:20,8,q67a,0,14,229,10106,34523,138338,126827,377,398,0,1845,0,5482,4630358,0,0,27839457704,27682358,196558995,0,0,53570770,2150,2150,0,3473889114,3473889114,0,0,795502802,12999562,13.69,10.11
1026,2026-05-18 01:54:31,8,q68,0,9,88,968,1129,12466,11592,125,127,0,0,0,537,3376534,0,0,1836459800,28337558,342924944,0,0,507674,58,58,0,16407935,16407935,0,0,16407935,507674,12.88,0.97
1027,2026-05-18 01:54:33,8,q69,0,13,211,1221,2975,15017,13681,47,138,23,330,0,569,467445,0,0,1686012184,51779275,120539042,0,0,3828287,67,67,0,62008200,62008200,0,0,62008200,3828287,12.3,1.22
1028,2026-05-18 01:54:35,8,q70,0,9,139,1115,1074,14402,13595,144,182,0,0,0,79,1369128,0,0,1587645624,55087667,227527888,0,0,249,30,30,0,13762,13762,0,0,13762,249,12.92,1.12
1029,2026-05-18 01:54:38,8,q70a,0,12,144,1092,989,12968,11906,150,191,0,315,0,75,1365303,0,0,1119979840,55087667,227527888,0,0,276,59,59,0,17527,17527,0,0,9675,198,11.88,1.09
1030,2026-05-18 01:54:40,8,q71,0,7,184,920,891,11983,10894,200,257,0,0,0,137,3342049,0,0,1362478064,49296875,359456002,0,0,31955,17,17,0,1445052,1445052,0,0,893499,20983,13.02,0.92
1031,2026-05-18 01:54:42,8,q72,0,16,230,16887,28509,230743,217938,181,231,2,3560,0,10120,6577006,0,0,19933730552,151127670,707173824,0,0,142630673,5240,5240,0,2054109950,2054109950,0,0,2054109950,142630673,13.66,16.89
1032,2026-05-18 01:55:00,8,q73,0,9,104,515,764,6546,6042,95,103,0,0,0,338,907023,0,0,395522080,28087558,87187312,0,0,1002732,67,67,0,33999056,33999056,0,0,17081291,502732,12.71,0.52
1033,2026-05-18 01:55:01,8,q74,0,15,233,4177,15072,64545,53829,191,263,0,1126,0,7350,1428954,0,0,22921014288,35353393,187654900,0,0,71557457,4867,4867,0,760549308,760549308,0,0,388587442,36002167,15.45,4.18
1034,2026-05-18 01:55:07,8,q75,0,19,578,3741,13333,57257,47183,141,444,1,1445,0,10192,575242,0,0,12471749904,103356738,960216234,0,0,14156496,2600,2600,0,343447712,343447712,0,0,230989374,9118708,15.31,3.74
1035,2026-05-18 01:55:12,8,q76,0,4,181,1035,1009,14580,13102,187,240,0,0,0,1092,2886767,0,0,13801848136,49141969,393296636,0,0,2307,178,178,0,246571,246571,0,0,246571,2307,14.09,1.03
1036,2026-05-18 01:55:14,8,q77,0,14,338,1240,5412,16664,13194,206,325,0,23,0,72,719569,0,0,1386293464,54013669,520712344,0,0,838,63,63,0,62565,62565,0,0,62565,838,13.44,1.24
1037,2026-05-18 01:55:16,8,q77a,0,17,343,1460,5764,18478,16336,215,329,0,135,0,82,719913,0,0,1992370176,54013669,520712344,0,0,1313,74,74,0,119317,119317,0,0,77821,983,12.66,1.46
1038,2026-05-18 01:55:19,8,q78,0,12,382,7074,21068,105772,94573,216,351,31,1568,0,11598,7360180,0,0,23440107088,54219312,629070584,0,0,54207585,4641,4641,0,1581114373,1581114373,0,0,1581114373,54207585,14.95,7.07
1039,2026-05-18 01:55:27,8,q79,0,8,86,690,929,7753,6814,179,124,0,48,0,927,2321400,0,0,3200173264,28087558,221286712,0,0,581366,141,141,0,16856485,16856485,0,0,16856485,581366,11.24,0.69
1040,2026-05-18 01:55:29,8,q80,0,17,389,7274,32653,111844,102764,128,309,4,2241,0,13722,396363,0,0,14185165104,54260907,753816612,0,0,53052375,5630,5630,0,1574167848,1574167848,0,0,1574167848,53052375,15.38,7.27
1041,2026-05-18 01:55:37,8,q80a,0,20,394,7490,31935,114089,103339,156,335,0,1816,0,14646,396363,0,0,14657024136,54260907,753816612,0,0,53053332,5641,5641,0,1574283460,1574283460,0,0,1574180710,53052306,15.23,7.49
1042,2026-05-18 01:55:46,8,q81,0,15,136,737,1510,6277,5222,195,182,0,0,0,757,1994073,0,0,4757671472,4202813,120332210,0,0,1389733,132,132,0,37657316,37657316,0,0,37657316,1389733,8.52,0.74
1043,2026-05-18 01:55:48,8,q82,0,6,137,1391,2378,17929,16338,40,97,0,65,0,2282,325035,0,0,1721378256,162085550,618697681,0,0,13778665,1171,1171,0,135990185,135990185,0,0,135990185,28800829,12.89,1.39
1044,2026-05-18 01:55:50,8,q83,0,10,157,631,1370,6526,5450,143,173,0,60,0,194,821644,0,0,2454086016,5226039,97536411,0,0,43611,11,11,0,713915,713915,0,0,713915,43611,10.34,0.63
1045,2026-05-18 01:55:52,8,q84,0,9,73,699,1402,4595,3761,52,53,0,224,0,1761,9713760,0,0,100948512,5555652,27854895,0,0,2778987,65,65,0,15445745,15445745,0,0,15445745,2778987,6.57,0.7
1046,2026-05-18 01:55:54,8,q85,0,14,146,1096,4829,14699,11452,65,124,0,640,0,4229,1611538,0,0,3522586704,12085256,163938312,0,0,3025215,1744,1744,0,68690797,68690797,0,0,68690797,3025215,13.41,1.1
1047,2026-05-18 01:55:56,8,q86,0,5,54,520,485,5510,5098,53,59,0,0,0,83,1858292,0,0,1398655400,7375137,65640862,0,0,1915,12,12,0,135930,135930,0,0,135930,1915,10.6,0.52
1048,2026-05-18 01:55:58,8,q86a,0,8,59,566,507,5944,5281,53,64,0,150,0,118,1858292,0,0,1937622872,7375137,65640862,0,0,5122,39,39,0,389397,389397,0,0,143801,1930,10.5,0.57
1049,2026-05-18 01:55:59,8,q87,0,13,266,2183,5892,31853,26117,118,221,15,604,0,3696,2992804,0,0,14880596040,49608475,112842050,0,0,12908807,1346,1346,0,99167332,99167332,0,0,72992444,11908807,14.59,2.18
1050,2026-05-18 01:56:02,8,q88,0,26,554,1924,13173,28474,22189,41,318,0,528,0,725,335735,0,0,1725092416,231102510,472553640,0,0,536,536,536,0,31619,31619,0,0,31619,536,14.8,1.92
1051,2026-05-18 01:56:06,8,q89,0,6,71,584,566,6545,5420,64,86,0,0,0,658,905045,0,0,1316733360,27682358,164563240,0,0,16454,15,15,0,1056131,1056131,0,0,1056131,16454,11.21,0.58
1052,2026-05-18 01:56:07,8,q90,0,8,106,379,586,5206,4422,8,56,0,255,0,12,250338,0,0,323739200,14580376,66265216,0,0,100,100,100,0,5900,5900,0,0,5900,100,13.74,0.38
1053,2026-05-18 01:56:09,8,q91,0,11,62,377,438,2585,2281,67,78,0,0,0,41,9527061,0,0,2986896344,4190955,59315149,0,0,109809,8,8,0,1094555,1094555,0,0,1091937,109792,6.86,0.38
1054,2026-05-18 01:56:10,8,q92,0,7,105,588,1041,7646,6955,31,81,0,0,0,405,709229,0,0,191374440,14575225,130635526,0,0,94062,53,53,0,1376229,1376229,0,0,1376229,94062,13.0,0.59
1055,2026-05-18 01:56:12,8,q93,0,5,136,4153,6297,58271,53087,41,101,0,688,0,5731,322057,0,0,5766380072,31678178,236541444,0,0,31635854,2006,2006,0,788241663,788241663,0,0,788241663,31635854,14.03,4.15
1056,2026-05-18 01:56:17,8,q94,0,8,171,1790,4614,25872,22682,46,117,0,608,0,3513,4007810,0,0,3571011840,15443541,143939774,0,0,14397040,1717,1717,0,225790004,225790004,0,0,225790004,14397040,14.45,1.79
1057,2026-05-18 01:56:20,8,q95,0,8,171,4279,6803,63455,48354,70,126,0,1438,0,5166,4010610,0,0,14560086280,15443541,143677630,0,0,35990240,4267,4267,0,331280816,331280816,0,0,205215617,14395274,14.83,4.28
1058,2026-05-18 01:56:25,8,q96,0,5,71,331,323,4364,3202,16,41,0,0,0,11,335047,0,0,213972808,28894203,59125646,0,0,67,67,67,0,3950,3950,0,0,3950,67,13.18,0.33
1059,2026-05-18 01:56:26,8,q97,0,5,147,1910,2426,26272,20255,111,157,0,320,0,1053,536157,0,0,7340928768,41908387,183291428,0,0,8381430,493,493,0,96998577,96998577,0,0,96998577,8381430,13.75,1.91
1060,2026-05-18 01:56:29,8,q98,0,7,75,701,629,4819,3401,97,88,3,0,0,79,3269297,0,0,1300366872,27682256,178371000,0,0,71672,14,14,0,9066327,9066327,0,0,7253935,56508,6.87,0.7
1061,2026-05-18 01:56:31,8,q99,0,6,67,763,744,9997,7664,75,88,0,0,0,568,1024378,0,0,343879080,14473528,74473752,0,0,13834,20,20,0,1092296,1092296,0,0,1092296,13834,13.1,0.76
1062,2026-05-18 01:56:33,9,q1,0,12,134,919,1516,9901,7181,117,140,0,7,0,1381,406461,0,0,3493632216,6127653,108568026,0,0,2172339,220,220,0,31541287,31541287,0,0,31541287,2172339,10.77,0.92
1063,2026-05-18 01:56:35,9,q2,0,9,120,733,666,8066,5981,126,150,0,96,0,393,1204094,0,0,839171944,21747366,110395806,0,0,4756,338,338,0,200702,200702,0,0,76764,3504,11.0,0.73
1064,2026-05-18 01:56:37,9,q3,0,4,69,360,349,4623,4262,69,77,0,0,0,133,720988,0,0,240926696,27682256,175143304,0,0,1010,15,15,0,88613,88613,0,0,88613,1010,12.84,0.36
1065,2026-05-18 01:56:38,9,q4,0,22,389,8366,42281,130052,102449,489,533,2,2710,0,19836,1682654,0,0,39674206800,49681524,683359278,0,0,102286012,8739,8739,0,2539550644,2539550644,0,0,1275015000,51438627,15.55,8.37
1066,2026-05-18 01:56:48,9,q5,0,11,403,2458,5686,36064,26465,366,493,1,592,0,4913,1556377,0,0,3754844192,61225599,592403004,0,0,7889656,1728,1728,0,114764218,114764218,0,0,114764218,7889656,14.67,2.46
1067,2026-05-18 01:56:52,9,q5a,0,14,408,2538,6066,35038,24102,367,487,0,736,0,7795,1555646,0,0,4293812064,61225599,592403004,0,0,7891635,1738,1738,0,114931337,114931337,0,0,114798107,7889811,13.81,2.54
1068,2026-05-18 01:56:55,9,q6,0,11,92,2028,4009,24514,19111,65,81,0,325,0,3184,5014322,0,0,4851667944,28607305,108733860,0,0,27358702,1158,1158,0,237127054,237127054,0,0,237127054,27358702,12.09,2.03
1069,2026-05-18 01:56:58,9,q7,0,9,93,1897,6818,26490,21356,102,91,0,510,0,4425,783602,0,0,838432440,29603556,356553463,0,0,26629749,85,85,0,767598824,767598824,0,0,767598824,26629749,13.96,1.9
1070,2026-05-18 01:57:01,9,q8,0,10,75,716,641,6035,5399,93,119,0,0,0,23,1650915,0,0,4865332224,28580358,117278168,0,0,6668,6,6,0,79456,79456,0,0,79456,6668,8.43,0.72
1071,2026-05-18 01:57:03,9,q9,0,31,1021,1618,23718,23098,17378,88,608,1,688,0,146,321426,0,0,0,432007560,1172940160,0,0,1005,1005,1005,0,63138,63138,0,0,63138,1005,14.28,1.62
1072,2026-05-18 01:57:06,9,q10,0,13,211,1191,2931,14913,13490,39,139,25,390,0,447,594763,0,0,1683225704,51779275,120735650,0,0,4321867,84,84,0,66317919,66317919,0,0,66317919,4321867,12.52,1.19
1073,2026-05-18 01:57:08,9,q10a,0,10,210,534,1287,5378,4977,41,150,0,0,0,362,820993,0,0,2194445312,51779275,120735650,0,0,4289247,138,138,0,66290269,66290269,0,0,66290269,4289247,10.07,0.53
1074,2026-05-18 01:57:10,9,q11,0,17,258,4552,15558,70326,53802,237,313,0,896,0,11611,1373324,0,0,26856842912,35353393,267813392,0,0,71770406,5474,5474,0,1049683414,1049683414,0,0,536131307,36215116,15.45,4.55
1075,2026-05-18 01:57:16,9,q12,0,5,55,520,469,5076,3374,59,65,0,0,0,61,3269297,0,0,862371576,7375137,69292534,0,0,26498,6,6,0,3416917,3416917,0,0,3416917,26498,9.76,0.52
1076,2026-05-18 01:57:17,9,q13,0,9,76,1079,1963,14085,11729,25,58,0,135,0,536,1611538,0,0,573747424,29758358,442127593,0,0,193014,17,17,0,2753258,2753258,0,0,2753258,193014,13.05,1.08
1077,2026-05-18 01:57:19,9,q14a,0,30,641,7442,17815,91375,68727,512,763,14,3803,0,18771,1778089,0,0,12052039384,147733425,817696760,0,0,62683055,1638,1638,0,832554372,832554372,0,0,829543316,62596531,12.28,7.44
1078,2026-05-18 01:57:30,9,q14b,0,24,503,4735,10763,66190,59049,424,615,3,640,0,6321,1777444,0,0,10234366640,126351304,625377074,0,0,68475639,1565,1565,0,934830449,934830449,0,0,491078678,40968432,13.98,4.74
1079,2026-05-18 01:57:36,9,q14,0,24,499,4075,9526,54758,46415,518,681,0,752,0,7972,1779336,0,0,8268647616,126351304,625377074,0,0,68314948,1371,1371,0,925505459,925505459,0,0,481753688,40807741,13.44,4.08
1080,2026-05-18 01:57:41,9,q15,0,6,83,1676,1671,21527,17880,44,71,0,400,0,1708,5014279,0,0,5245524392,15151180,83588960,0,0,14544315,1088,1088,0,126141563,126141563,0,0,126141563,14544315,12.84,1.68
1081,2026-05-18 01:57:44,9,q16,0,8,195,2469,6284,36840,29337,157,153,0,528,0,6668,424379,0,0,4703921456,30563805,216701841,0,0,30114572,2975,2975,0,425546236,425546236,0,0,425546236,30114572,14.92,2.47
1082,2026-05-18 01:57:47,9,q17,0,10,217,4918,11283,67211,59196,76,178,1,608,0,10153,6946012,0,0,7880912176,44860789,306329872,0,0,45538041,3319,3319,0,1083953570,1083953570,0,0,1083953570,45538041,13.67,4.92
1083,2026-05-18 01:57:53,9,q18,0,12,96,1772,6644,20294,18525,75,95,0,0,0,2513,9713760,0,0,3065959144,19094780,276393850,0,0,14505220,98,98,0,425374885,425374885,0,0,425374885,14505220,11.45,1.77
1084,2026-05-18 01:57:56,9,q18a,0,21,170,2909,13304,37862,33947,124,186,1,400,0,3907,9713803,0,0,13017939008,19946780,279627504,0,0,71657644,357,357,0,2102947115,2102947115,0,0,426335063,14562060,13.02,2.91
1085,2026-05-18 01:58:00,9,q19,0,7,72,616,572,6376,4816,83,95,0,10,0,41,5014322,0,0,3108604640,28432358,208799922,0,0,2718,3,3,0,190396,190396,0,0,190396,2718,10.35,0.62
1086,2026-05-18 01:58:02,9,q20,0,5,67,640,605,7452,6841,58,74,0,0,0,44,3269297,0,0,988820632,14503180,110733060,0,0,36807,6,6,0,4663129,4663129,0,0,4663129,36807,11.64,0.64
1087,2026-05-18 01:58:04,9,q21,0,5,54,984,975,13174,12454,56,66,0,0,0,61,684758,0,0,385904296,133285059,523170535,0,0,63700,2,2,0,1093197,1093197,0,0,1093197,63700,13.39,0.98
1088,2026-05-18 01:58:06,9,q22,0,6,71,19931,19836,156043,152978,161,109,0,593,0,217,4630315,0,0,2847197272,133285059,523150926,0,0,2038920,187,187,0,85798101,85798101,0,0,85798101,2038920,7.83,19.93
1089,2026-05-18 01:58:27,9,q22a,0,10,135,2279,2995,26783,22084,187,199,0,334,0,2458,4630358,0,0,11914496448,133285059,523156014,0,0,2703130,857,857,0,135114839,135114839,0,0,33171531,664170,11.75,2.28
1090,2026-05-18 01:58:30,9,q23a,0,18,403,6358,12834,94623,85380,365,471,1,1192,0,11101,6576963,0,0,22085629712,106164281,576934608,0,0,43094559,2877,2877,0,1053109860,1053109860,0,0,1008527567,40441747,14.88,6.36
1091,2026-05-18 01:58:38,9,q23b,0,21,423,6595,14472,99050,91020,463,554,2,1392,0,10424,6577049,0,0,34872161472,106664281,579986654,0,0,49362664,6636,6636,0,1167746200,1167746200,0,0,1020911877,40904228,15.02,6.6
1092,2026-05-18 01:58:45,9,q24,0,12,160,2840,8637,38539,34797,42,107,0,432,0,6172,463487,0,0,4795803152,32530235,250385654,0,0,30468590,2041,2041,0,736174632,736174632,0,0,736174632,30468590,13.57,2.84
1093,2026-05-18 01:58:49,9,q24a,0,19,213,4517,9902,55140,50023,153,203,0,368,0,7244,3560798,0,0,14728425696,32632235,249079712,0,0,61448141,4647,4647,0,1495214546,1495214546,0,0,765303292,30991090,12.21,4.52
1094,2026-05-18 01:58:55,9,q24b,0,19,213,4201,9280,51708,48581,129,191,0,336,0,7036,3560798,0,0,14722420960,32632235,249079712,0,0,61437701,4647,4647,0,1493987363,1493987363,0,0,764076109,30980650,12.31,4.2
1095,2026-05-18 01:59:00,9,q25,0,10,217,4784,11320,65330,60316,62,169,1,1040,0,7843,6945969,0,0,7880887560,44860789,397738628,0,0,45538038,3316,3316,0,1103935384,1103935384,0,0,1103935384,45538038,13.66,4.78
1096,2026-05-18 01:59:06,9,q26,0,8,87,1326,4271,17380,16251,50,76,0,0,0,2146,783559,0,0,568948504,16424480,222520799,0,0,14338674,72,72,0,390664156,390664156,0,0,390664156,14338674,13.11,1.33
1097,2026-05-18 01:59:09,9,q27,0,8,91,1676,6035,23576,21186,51,80,0,528,0,3210,783559,0,0,637313664,29603158,330984235,0,0,26618343,74,74,0,683120336,683120336,0,0,683120336,26618343,14.07,1.68
1098,2026-05-18 01:59:11,9,q27a,0,13,130,2291,9788,33649,30975,72,110,0,592,0,3792,783559,0,0,1361438760,29705260,331293045,0,0,79689890,233,233,0,2045386751,2045386751,0,0,683384333,26621186,14.69,2.29
1099,2026-05-18 01:59:15,9,q28,0,18,431,2683,15419,40754,31769,362,466,0,1212,0,13720,360819,0,0,27424709080,172803006,1181120100,0,0,1375311,1564,1564,0,24467873,24467873,0,0,24467873,1375311,15.19,2.68
1100,2026-05-18 01:59:18,9,q29,0,11,218,4804,12187,65142,61090,63,168,0,375,0,8107,6945926,0,0,7880995000,44933838,306809624,0,0,45538045,3321,3321,0,1083954345,1083954345,0,0,1083954345,45538045,13.56,4.8
1101,2026-05-18 01:59:24,9,q30,0,13,129,655,1402,4542,3599,177,171,0,0,0,785,1994073,0,0,3968087040,2698567,84728162,0,0,790132,77,77,0,60668902,60668902,0,0,60668902,790132,6.93,0.66
1102,2026-05-18 01:59:26,9,q31,0,19,361,1926,9201,26600,23386,292,373,0,288,0,329,3834069,0,0,8267955576,104591032,556455694,0,0,35774,23,23,0,1274891,1274891,0,0,1208352,34875,13.81,1.93
1103,2026-05-18 01:59:29,9,q32,0,7,129,679,1206,8946,8318,49,102,0,0,0,349,708064,0,0,219553416,28831311,213647650,0,0,135308,67,67,0,1892436,1892436,0,0,1892436,135308,13.18,0.68
1104,2026-05-18 01:59:31,9,q33,0,9,186,839,1451,10574,8927,185,221,0,0,0,171,1088070,0,0,2700416024,49562475,406209848,0,0,7609,8,8,0,210206,210206,0,0,210206,7609,12.6,0.84
1105,2026-05-18 01:59:33,9,q34,0,9,104,839,1180,11296,9409,116,115,0,768,0,1027,908958,0,0,397086752,28087558,87187312,0,0,1010675,85,85,0,34409535,34409535,0,0,17491770,510675,13.46,0.84
1106,2026-05-18 01:59:35,9,q35,0,12,216,1133,2521,12839,11395,60,158,0,0,0,1150,2112212,0,0,5209334768,51779275,120469410,0,0,8052611,351,351,0,39149825,39149825,0,0,39149825,8052611,11.33,1.13
1107,2026-05-18 01:59:37,9,q35a,0,11,216,954,1910,9915,8953,328,161,0,285,0,1276,2112212,0,0,4420805904,51779275,120469410,0,0,8049848,363,363,0,39176588,39176588,0,0,39176588,8049848,10.39,0.95
1108,2026-05-18 01:59:39,9,q36,0,6,71,705,673,8754,7913,73,89,0,0,0,205,1858292,0,0,1770423992,27682358,272625812,0,0,2238,14,14,0,177240,177240,0,0,177240,2238,12.42,0.7
1109,2026-05-18 01:59:41,9,q36a,0,9,76,840,775,9758,9011,80,92,0,0,0,238,1858292,0,0,2309391864,27682358,272625812,0,0,6097,45,45,0,506805,506805,0,0,183763,2255,11.62,0.84
1110,2026-05-18 01:59:43,9,q37,0,6,132,1134,1785,15222,13331,42,93,0,768,0,1671,300572,0,0,949600864,147685474,583391793,0,0,4316414,1074,1074,0,66666749,66666749,0,0,66666749,14400617,13.42,1.13
1111,2026-05-18 01:59:45,9,q38,0,13,266,1934,5299,27972,22212,107,214,0,496,0,4211,2992761,0,0,14880596040,49608475,112842050,0,0,12908807,1346,1346,0,99167332,99167332,0,0,72992444,11908807,14.46,1.93
1112,2026-05-18 01:59:48,9,q39a,0,11,149,2144,3752,27695,25147,230,227,0,832,0,763,801878,0,0,4135752968,266468108,1044999740,0,0,2587909,102,102,0,54248007,54248007,0,0,33889570,1567909,12.92,2.14
1113,2026-05-18 01:59:51,9,q39b,0,11,149,1457,2696,17493,16708,202,233,0,574,0,200,684887,0,0,4037186824,266468108,1044999740,0,0,2551488,102,102,0,53122748,53122748,0,0,32764311,1531488,12.01,1.46
1114,2026-05-18 01:59:54,9,q40,0,7,133,1640,4063,23423,20397,39,99,0,464,0,4319,348899,0,0,4141621464,15943072,160910918,0,0,15748014,1921,1921,0,314097218,314097218,0,0,314097218,15748014,14.28,1.64
1115,2026-05-18 01:59:56,9,q41,0,4,4,136,113,97,97,2,2,0,0,0,7,13527,0,0,135268304,204000,1272987,0,0,140,2,2,0,9680,9680,0,0,9680,140,0.71,0.14
1116,2026-05-18 01:59:57,9,q42,0,4,69,345,337,4635,4261,65,77,0,0,0,9,719354,0,0,361643416,27682256,175012340,0,0,32,3,3,0,2656,2656,0,0,2656,32,13.43,0.34
1117,2026-05-18 01:59:59,9,q43,0,4,69,555,536,7586,6918,69,85,0,0,0,53,720902,0,0,223324760,27580358,92393362,0,0,294,14,14,0,37327,37327,0,0,37327,294,13.67,0.56
1118,2026-05-18 02:00:00,9,q44,0,8,152,664,700,8315,6594,73,147,0,315,0,2567,1665021,0,0,2147935336,57703002,325654173,0,0,991985,1019,1019,0,15013054,15013054,0,0,7510252,496103,12.52,0.66
1119,2026-05-18 02:00:02,9,q45,0,8,73,1279,1337,16765,15479,37,58,0,0,0,1719,5014279,0,0,5068807392,8227137,74049122,0,0,7447479,880,880,0,100357151,100357151,0,0,100357151,7447479,13.11,1.28
1120,2026-05-18 02:00:04,9,q46,0,9,88,800,973,9360,7853,123,128,0,368,0,1207,3376534,0,0,1865078648,28337558,223735832,0,0,529456,69,69,0,17624191,17624191,0,0,17624191,529456,11.7,0.8
1121,2026-05-18 02:00:06,9,q47,0,11,111,1436,2114,16326,14114,163,160,0,352,0,1441,2307790,0,0,6164710032,27682358,164292904,0,0,1188303,557,557,0,45099824,45099824,0,0,31097353,822201,11.37,1.44
1122,2026-05-18 02:00:09,9,q48,0,8,91,1209,2147,17564,15505,39,71,0,800,0,2009,1686114,0,0,620257344,29751158,253754317,0,0,4383965,86,86,0,101320820,101320820,0,0,101320820,4383965,14.53,1.21
1123,2026-05-18 02:00:11,9,q49,0,18,387,2117,8812,30687,25842,106,281,0,720,0,9234,320710,0,0,4516096824,54145455,723228567,0,0,15195840,337,337,0,341356024,341356024,0,0,341356024,15195840,14.5,2.12
1124,2026-05-18 02:00:14,9,q50,0,7,137,2480,5917,34157,30898,44,102,0,560,0,5175,373053,0,0,4687124776,30430658,175355068,0,0,29262054,1989,1989,0,613521501,613521501,0,0,613521501,29262054,13.77,2.48
1125,2026-05-18 02:00:18,9,q51,0,10,218,2783,4029,39253,35191,244,273,0,638,0,3845,536587,0,0,10760036720,34780344,215300374,0,0,23550796,1826,1826,0,399477556,399477556,0,0,399477556,23550796,14.1,2.78
1126,2026-05-18 02:00:22,9,q51a,0,14,285,20469,24271,269689,258833,333,408,0,3024,0,4759,567630,0,0,27699775816,34780344,215300374,0,0,46681572,2728,2728,0,770734582,770734582,0,0,558633027,35219606,13.18,20.47
1127,2026-05-18 02:00:43,9,q52,0,4,69,405,398,5549,5018,69,77,0,0,0,83,719569,0,0,361643416,27682256,175143412,0,0,1253,3,3,0,78201,78201,0,0,78201,1253,13.7,0.4
1128,2026-05-18 02:00:45,9,q53,0,6,71,610,595,7601,6995,74,87,0,0,0,476,905174,0,0,377079056,27682358,164829516,0,0,16165,15,15,0,408667,408667,0,0,408667,16165,12.46,0.61
1129,2026-05-18 02:00:46,9,q54,0,17,221,1671,5793,22157,19949,168,229,0,384,0,3084,5014279,0,0,5714824408,50179724,254216284,0,0,27925422,310,310,0,266485912,266485912,0,0,266485912,27925422,13.26,1.67
1130,2026-05-18 02:00:49,9,q55,0,4,69,401,390,5459,5064,66,78,0,0,0,40,719483,0,0,428752256,27682256,175143412,0,0,1135,3,3,0,68028,68028,0,0,68028,1135,13.61,0.4
1131,2026-05-18 02:00:51,9,q56,0,9,186,852,1665,10469,9064,238,221,0,416,0,106,1088586,0,0,2175177976,49562475,406474536,0,0,9560,8,8,0,277255,277255,0,0,277255,9560,12.29,0.85
1132,2026-05-18 02:00:53,9,q57,0,11,116,1371,2055,16980,13834,166,167,0,345,0,1506,2307790,0,0,7200266704,14503204,110662841,0,0,1383219,710,710,0,54933681,54933681,0,0,38383959,962849,12.39,1.37
1133,2026-05-18 02:00:55,9,q58,0,10,185,1155,2644,15057,13863,184,209,0,0,0,54,1076638,0,0,2551216384,49356573,346801998,0,0,135107,4,4,0,1828873,1828873,0,0,1828873,135107,13.04,1.16
1134,2026-05-18 02:00:57,9,q59,0,10,75,881,936,7930,6802,70,84,0,360,0,1190,754364,0,0,4767648528,27726558,92696242,0,0,70176,134,134,0,2819225,2819225,0,0,1588690,53703,9.0,0.88
1135,2026-05-18 02:00:59,9,q60,0,9,186,1073,2264,14035,12597,180,220,0,0,0,157,1088113,0,0,2730483240,49562475,406410552,0,0,62086,11,11,0,1172891,1172891,0,0,1172891,62086,13.08,1.07
1136,2026-05-18 02:01:02,9,q61,0,10,140,1013,1468,13525,12011,14,83,0,624,0,26,5014279,0,0,4114268400,55940065,442550324,0,0,132,132,132,0,7536,7536,0,0,7536,132,13.35,1.01
1137,2026-05-18 02:01:04,9,q62,0,6,55,352,340,4447,3550,51,67,0,0,0,565,826035,0,0,290368584,7273209,32942921,0,0,6738,17,17,0,552322,552322,0,0,552322,6738,12.63,0.35
1138,2026-05-18 02:01:05,9,q63,0,6,71,440,426,5152,4626,74,87,0,0,0,276,905303,0,0,377013520,27682358,164831636,0,0,3687,15,15,0,139756,139756,0,0,139756,3687,11.71,0.44
1139,2026-05-18 02:01:07,9,q64,0,33,489,9578,37411,144367,127769,570,708,0,2441,0,19144,1086691,0,0,42845976528,49224915,554753421,0,0,66198164,9180,9180,0,2330744062,2330744062,0,0,2093202009,55680264,15.07,9.58
1140,2026-05-18 02:01:18,9,q65,0,10,188,1516,2782,21765,19339,204,228,1,272,0,1865,9164527,0,0,6973681856,55189565,331105822,0,0,12118897,561,561,0,395472051,395472051,0,0,395472051,12118897,14.36,1.52
1141,2026-05-18 02:01:20,9,q66,0,8,119,974,1196,10725,8055,202,235,0,176,0,115,1023690,0,0,2539847856,21687698,256846431,0,0,270,27,27,0,99522,99522,0,0,99522,270,11.01,0.97
1142,2026-05-18 02:01:22,9,q67,0,6,87,6546,6498,77462,74742,102,124,0,1412,0,1052,4630315,0,0,7731250296,27682358,196558995,0,0,8547444,255,255,0,588025508,588025508,0,0,588025508,8547444,11.83,6.55
1143,2026-05-18 02:01:30,9,q67a,0,14,229,10005,35346,137865,128130,360,395,0,2016,0,5252,4630315,0,0,27839457704,27682358,196558995,0,0,53570770,2150,2150,0,3473889114,3473889114,0,0,795502802,12999562,13.78,10.01
1144,2026-05-18 02:01:41,9,q68,0,9,88,810,990,10094,8942,122,126,0,176,0,488,3376534,0,0,1836459800,28337558,342924944,0,0,507674,58,58,0,16407935,16407935,0,0,16407935,507674,12.46,0.81
1145,2026-05-18 02:01:43,9,q69,0,13,211,1023,2616,12142,11057,47,139,0,0,0,563,467445,0,0,1686012184,51779275,120539042,0,0,3828287,67,67,0,62008200,62008200,0,0,62008200,3828287,11.87,1.02
1146,2026-05-18 02:01:45,9,q70,0,9,139,963,905,11309,10002,145,184,0,448,0,80,1369816,0,0,1587645624,55087667,227527888,0,0,249,30,30,0,13762,13762,0,0,13762,249,11.74,0.96
1147,2026-05-18 02:01:47,9,q70a,0,12,144,814,702,8590,7768,155,190,0,0,0,80,1365303,0,0,1119979840,55087667,227527888,0,0,276,59,59,0,17527,17527,0,0,9675,198,10.55,0.81
1148,2026-05-18 02:01:49,9,q71,0,7,184,926,902,12004,10435,192,258,0,368,0,139,3342350,0,0,1362478064,49296875,359456002,0,0,31955,17,17,0,1445052,1445052,0,0,893499,20983,12.96,0.93
1149,2026-05-18 02:01:51,9,q72,0,16,230,16979,28670,231186,221112,151,227,1,2158,0,9825,6576963,0,0,19933730552,151127670,707173824,0,0,142630673,5240,5240,0,2054109950,2054109950,0,0,2054109950,142630673,13.62,16.98
1150,2026-05-18 02:02:09,9,q73,0,9,104,537,945,6703,6060,94,102,0,0,0,438,907023,0,0,395522080,28087558,87187312,0,0,1002732,67,67,0,33999056,33999056,0,0,17081291,502732,12.48,0.54
1151,2026-05-18 02:02:11,9,q74,0,15,233,3838,13646,59650,52113,169,256,4,640,0,7632,1428954,0,0,22921014288,35353393,187654900,0,0,71557457,4867,4867,0,760549308,760549308,0,0,388587442,36002167,15.54,3.84
1152,2026-05-18 02:02:16,9,q75,0,19,578,3944,14534,59990,50233,167,451,0,980,0,9975,574640,0,0,12471749904,103356738,960216234,0,0,14156496,2600,2600,0,343447712,343447712,0,0,230989374,9118708,15.21,3.94
1153,2026-05-18 02:02:21,9,q76,0,4,181,1040,1013,14605,13158,181,240,0,288,0,649,2887326,0,0,13801848136,49141969,393296636,0,0,2307,178,178,0,246571,246571,0,0,246571,2307,14.04,1.04
1154,2026-05-18 02:02:23,9,q77,0,14,338,1200,5208,16367,14472,191,323,0,0,0,70,719225,0,0,1386293464,54013669,520712344,0,0,838,63,63,0,62565,62565,0,0,62565,838,13.64,1.2
1155,2026-05-18 02:02:25,9,q77a,0,17,343,1461,5806,18198,14587,217,331,0,0,0,83,719311,0,0,1992370176,54013669,520712344,0,0,1313,74,74,0,119317,119317,0,0,77821,983,12.46,1.46
1156,2026-05-18 02:02:28,9,q78,0,12,382,7155,21500,108013,95752,217,355,0,1630,0,12031,7360223,0,0,23440107088,54219312,629070584,0,0,54207585,4641,4641,0,1581114373,1581114373,0,0,1581114373,54207585,15.1,7.16
1157,2026-05-18 02:02:36,9,q79,0,8,86,632,885,7413,6027,111,123,0,342,0,1263,2321400,0,0,3200173264,28087558,221286712,0,0,581366,141,141,0,16856485,16856485,0,0,16856485,581366,11.73,0.63
1158,2026-05-18 02:02:38,9,q80,0,17,389,7344,32634,113121,103695,107,311,0,1312,0,14596,396320,0,0,14185165104,54260907,753816612,0,0,53052375,5630,5630,0,1574167848,1574167848,0,0,1574167848,53052375,15.4,7.34
1159,2026-05-18 02:02:46,9,q80a,0,20,394,6809,30461,101872,94547,123,321,0,1152,0,12943,396363,0,0,14657024136,54260907,753816612,0,0,53053332,5641,5641,0,1574283460,1574283460,0,0,1574180710,53052306,14.96,6.81
1160,2026-05-18 02:02:55,9,q81,0,15,136,1312,3304,16159,5382,193,179,2,0,0,2087,1994073,0,0,4757671472,4202813,120332210,0,0,1389733,132,132,0,37657316,37657316,0,0,37657316,1389733,12.32,1.31
1161,2026-05-18 02:02:57,9,q82,0,6,137,1386,2340,17953,16850,46,96,0,0,0,2016,324906,0,0,1721378256,162085550,618697681,0,0,13778665,1171,1171,0,135990185,135990185,0,0,135990185,28800829,12.95,1.39
1162,2026-05-18 02:02:59,9,q83,0,10,157,974,2441,12558,5080,152,180,0,0,0,407,821816,0,0,2454086016,5226039,97536411,0,0,43611,11,11,0,713915,713915,0,0,713915,43611,12.89,0.97
1163,2026-05-18 02:03:02,9,q84,0,9,73,728,1464,4968,3587,38,53,0,656,0,1719,9713760,0,0,100948512,5555652,27854895,0,0,2778987,65,65,0,15445745,15445745,0,0,15445745,2778987,6.82,0.73
1164,2026-05-18 02:03:03,9,q85,0,14,146,1129,5236,14990,11946,70,124,0,285,3,4617,1611538,0,0,3522586704,12085256,163938312,0,0,3025215,1744,1744,0,68690797,68690797,0,0,68690797,3025215,13.28,1.13
1165,2026-05-18 02:03:06,9,q86,0,5,54,487,450,5729,5232,55,62,0,0,0,95,1858292,0,0,1398655400,7375137,65640862,0,0,1915,12,12,0,135930,135930,0,0,135930,1915,11.76,0.49
1166,2026-05-18 02:03:07,9,q86a,0,8,59,509,453,4695,4311,47,64,0,0,0,106,1858292,0,0,1937622872,7375137,65640862,0,0,5122,39,39,0,389397,389397,0,0,143801,1930,9.22,0.51
1167,2026-05-18 02:03:09,9,q87,0,13,266,2128,5864,31255,24468,116,219,0,288,0,4982,2992804,0,0,14880596040,49608475,112842050,0,0,12908807,1346,1346,0,99167332,99167332,0,0,72992444,11908807,14.69,2.13
1168,2026-05-18 02:03:12,9,q88,0,26,554,1636,11149,23990,21689,49,308,0,270,0,78,335305,0,0,1725092416,231102510,472553640,0,0,536,536,536,0,31619,31619,0,0,31619,536,14.66,1.64
1169,2026-05-18 02:03:15,9,q89,0,6,71,714,696,8666,7399,70,86,0,0,0,560,905217,0,0,1316733360,27682358,164563240,0,0,16454,15,15,0,1056131,1056131,0,0,1056131,16454,12.14,0.71
1170,2026-05-18 02:03:16,9,q90,0,8,106,363,597,4905,4388,14,53,0,0,0,12,250209,0,0,323739200,14580376,66265216,0,0,100,100,100,0,5900,5900,0,0,5900,100,13.51,0.36
1171,2026-05-18 02:03:18,9,q91,0,11,62,346,415,1990,1704,67,79,0,0,0,40,9527061,0,0,2986896344,4190955,59315149,0,0,109809,8,8,0,1094555,1094555,0,0,1091937,109792,5.75,0.35
1172,2026-05-18 02:03:19,9,q92,0,7,105,707,1261,9361,6285,53,86,3,0,0,984,709229,0,0,191374440,14575225,130635526,0,0,94062,53,53,0,1376229,1376229,0,0,1376229,94062,13.24,0.71
1173,2026-05-18 02:03:21,9,q93,0,5,136,3968,6026,54223,51421,53,109,0,548,0,5250,321670,0,0,5766380072,31678178,236541444,0,0,31635854,2006,2006,0,788241663,788241663,0,0,788241663,31635854,13.67,3.97
1174,2026-05-18 02:03:26,9,q94,0,8,171,1528,3937,22600,18997,53,115,0,156,0,4406,4007810,0,0,3571011840,15443541,143939774,0,0,14397040,1717,1717,0,225790004,225790004,0,0,225790004,14397040,14.79,1.53
1175,2026-05-18 02:03:29,9,q95,0,8,171,3951,5881,58618,47617,57,121,0,1310,0,3382,4010610,0,0,14560086280,15443541,143677630,0,0,35990240,4267,4267,0,331280816,331280816,0,0,205215617,14395274,14.84,3.95
1176,2026-05-18 02:03:34,9,q96,0,5,71,265,261,3451,3296,8,40,0,0,0,8,334875,0,0,213972808,28894203,59125646,0,0,67,67,67,0,3950,3950,0,0,3950,67,13.02,0.26
1177,2026-05-18 02:03:35,9,q97,0,5,147,2211,2999,30968,24156,143,161,13,266,0,1475,536845,0,0,7340928768,41908387,183291428,0,0,8381430,493,493,0,96998577,96998577,0,0,96998577,8381430,14.01,2.21
1178,2026-05-18 02:03:38,9,q98,0,7,75,764,686,5122,3711,84,89,2,0,0,59,3269297,0,0,1300366872,27682256,178371000,0,0,71672,14,14,0,9066327,9066327,0,0,7253935,56508,6.7,0.76
1179,2026-05-18 02:03:40,9,q99,0,6,67,813,794,10704,8585,74,88,0,0,0,401,1024378,0,0,343879080,14473528,74473752,0,0,13834,20,20,0,1092296,1092296,0,0,1092296,13834,13.17,0.81
