ID,timestamp,run_id,query,query_rerun_id,numStages,numTasks,elapsedTime,stageDuration,executorRunTime,executorCpuTime,executorDeserializeTime,executorDeserializeCpuTime,resultSerializationTime,jvmGCTime,shuffleFetchWaitTime,shuffleWriteTime,resultSize,diskBytesSpilled,memoryBytesSpilled,peakExecutionMemory,recordsRead,bytesRead,recordsWritten,bytesWritten,shuffleRecordsRead,shuffleTotalBlocksFetched,shuffleLocalBlocksFetched,shuffleRemoteBlocksFetched,shuffleTotalBytesRead,shuffleLocalBytesRead,shuffleRemoteBytesRead,shuffleRemoteBytesReadToDisk,shuffleBytesWritten,shuffleRecordsWritten,avg_active_tasks,elapsed_time_seconds
0,2026-05-13 15:30:39,0,q1,0,12,116,3630,6623,48643,33275,357,230,3,1168,0,5813,887723,0,0,7313515256,59676673,456403438,0,0,18384283,751,751,0,277542612,277542612,0,0,277542612,18384283,13.4,3.63
1,2026-05-13 15:30:44,0,q2,0,9,128,3113,2950,40568,34485,171,204,0,450,0,1370,1290285,0,0,879498664,216214884,669798548,0,0,35347,362,362,0,2673870,2673870,0,0,901000,13701,13.03,3.11
2,2026-05-13 15:30:49,0,q3,0,5,105,2322,2296,33937,14958,96,130,0,480,0,2324,1102313,0,0,398524368,288283437,1741750642,0,0,43002,202,202,0,2702444,2702444,0,0,2702444,43002,14.62,2.32
3,2026-05-13 15:30:52,0,q4,0,25,699,128755,584163,2050636,666490,1856,1861,0,11026,0,1347240,1070643,0,0,115346137600,794300709,9144325172,0,0,566100624,25854,25854,0,14421654048,14421654048,0,0,8530726381,341212705,15.93,128.76
4,2026-05-13 15:33:02,0,q5,0,11,327,14792,28458,207871,168960,385,496,0,1616,0,11615,1626486,0,0,8840979776,626496435,4133746708,0,0,78889487,1136,1136,0,1105462275,1105462275,0,0,1105462275,78889487,14.05,14.79
5,2026-05-13 15:33:18,0,q5a,0,14,332,13357,26764,179091,169237,487,563,0,1999,0,6697,1626744,0,0,9312838808,626496435,4133746708,0,0,78892792,1146,1146,0,1105699887,1105699887,0,0,1105491135,78889358,13.41,13.36
6,2026-05-13 15:33:33,0,q6,0,12,177,9485,21725,142244,131201,209,235,0,1662,0,8781,1319705,0,0,29655044296,291560486,1106015234,0,0,273569765,4943,4943,0,2411983064,2411983064,0,0,2411983064,273569765,15.0,9.48
7,2026-05-13 15:33:44,0,q7,0,13,153,8340,15337,124320,107742,853,700,32,8319,0,7196,1561496,0,0,3327833688,290279286,3267485113,0,0,53828203,521,521,0,1572117022,1572117022,0,0,1572117022,53828203,14.91,8.34
8,2026-05-13 15:33:53,0,q8,0,12,156,2000,3691,28369,25322,117,150,0,624,0,1962,597228,0,0,4699737736,292079839,1040308034,0,0,9745839,320,320,0,80860242,80860242,0,0,80860242,9745839,14.18,2.0
9,2026-05-13 15:33:56,0,q9,0,31,1516,22083,328854,343452,311668,3038,3270,15,14721,0,788,486843,0,0,0,4320095875,9702793557,0,0,1500,1500,1500,0,94560,94560,0,0,94560,1500,15.55,22.08
10,2026-05-13 15:34:19,0,q10,0,11,271,2788,6138,39370,34368,77,208,1,704,0,4525,495118,0,0,5950222984,508995974,534155978,0,0,22980851,2665,2665,0,107587382,107587382,0,0,107587382,22980851,14.12,2.79
11,2026-05-13 15:34:23,0,q10a,0,10,271,2155,3785,29718,27546,81,210,0,528,0,4185,884866,0,0,4673913312,508995974,534155978,0,0,22779154,2665,2665,0,107362439,107362439,0,0,107362439,22779154,13.79,2.15
12,2026-05-13 15:34:27,0,q11,0,15,378,25411,81236,401802,377666,572,619,1,11637,0,19739,747100,0,0,96265954592,362154099,1995408278,0,0,699960358,16553,16553,0,9208035628,9208035628,0,0,4755214457,353418106,15.81,25.41
13,2026-05-13 15:34:53,0,q12,0,7,68,4020,6821,50225,46277,82,74,0,496,0,4512,268870,0,0,9222228056,72278662,444255560,0,0,72106021,825,825,0,1083589609,1083589609,0,0,1083589609,72106021,12.49,4.02
14,2026-05-13 15:34:58,0,q13,0,14,132,4513,12784,66987,57467,554,537,0,4436,0,2972,1914208,0,0,938682560,291088088,3998582767,0,0,740937,124,124,0,21472290,21472290,0,0,21472290,740937,14.84,4.51
15,2026-05-13 15:35:04,0,q14a,0,30,906,31985,97767,462640,431307,1554,1636,1,6887,0,36613,4318631,0,0,41592349952,1513041522,6516286368,0,0,622772823,5384,5384,0,8835519080,8835519080,0,0,8829873692,622636851,14.46,31.98
16,2026-05-13 15:35:39,0,q14b,0,25,821,26729,72757,391644,371648,1582,1656,0,4012,0,24698,4580988,0,0,46263177240,1297191883,5175477220,0,0,681766191,5510,5510,0,10375262725,10375262725,0,0,5413022316,406720839,14.65,26.73
17,2026-05-13 15:36:07,0,q14,0,25,811,24741,72928,366808,347802,1631,1700,1,4196,0,24552,4580601,0,0,45362385304,1297191883,5175477220,0,0,680744695,4511,4511,0,10278741349,10278741349,0,0,5316500940,405699343,14.83,24.74
18,2026-05-13 15:36:33,0,q15,0,7,138,13280,20860,175706,157826,127,138,3,2046,0,12445,409603,0,0,27139515144,147067173,476461604,0,0,288833756,2610,2610,0,2528737868,2528737868,0,0,2528737868,288833756,13.23,13.28
19,2026-05-13 15:36:47,0,q16,0,8,276,26938,114514,418399,167827,286,378,0,2352,0,243591,2496600,0,0,41785807200,303459149,1637288222,0,0,301125284,17100,17100,0,4308531096,4308531096,0,0,4308531096,301125284,15.53,26.94
20,2026-05-13 15:37:15,0,q17,0,10,455,117844,557223,1856362,422475,302,495,6,2672,0,1444730,13880723,0,0,67548164624,461152623,2487085494,0,0,455396321,38027,38027,0,11102906661,11102906661,0,0,11102906661,455396321,15.75,117.84
21,2026-05-13 15:39:14,0,q18,0,13,221,26152,120385,386177,116522,167,220,0,4672,0,267312,9713889,0,0,10620901464,151112773,2141014161,0,0,159482755,2038,2038,0,4710951961,4710951961,0,0,4710951961,159482755,14.77,26.15
22,2026-05-13 15:39:42,0,q18a,0,23,302,48339,468929,760538,140845,370,427,0,4752,0,622377,9713760,0,0,33446629456,154316773,2158961281,0,0,204535227,7298,7298,0,6033670206,6033670206,0,0,4719548882,160018999,15.73,48.34
23,2026-05-13 15:40:31,0,q19,0,11,168,2925,5211,42560,32280,91,144,0,1024,0,4120,496408,0,0,5840248568,291283839,2005031778,0,0,11817289,896,896,0,226663994,226663994,0,0,226663994,11817289,14.55,2.92
24,2026-05-13 15:40:35,0,q20,0,7,120,6159,11300,90017,84532,86,113,0,720,0,6636,432759,0,0,17559457360,144271173,839612600,0,0,143395506,2512,2512,0,1673268059,1673268059,0,0,1673268059,143395506,14.62,6.16
25,2026-05-13 15:40:42,0,q21,0,5,24,2719,2700,33624,23239,30,30,0,128,0,12,274617,0,0,217853776,399607064,1594859590,0,0,95955,1,1,0,1951830,1951830,0,0,1951830,95955,12.37,2.72
26,2026-05-13 15:40:46,0,q22,0,7,57,72587,72826,851728,845161,110,73,0,2514,0,1462,320176,0,0,10466679912,399607064,1594470470,0,0,80173222,390,390,0,849064752,849064752,0,0,849064752,80173222,11.73,72.59
27,2026-05-13 15:42:00,0,q22a,0,11,82,8378,9127,76419,71798,118,122,0,397,0,2906,511504,0,0,14726520280,399607064,1594933318,0,0,80581076,684,684,0,1060993341,1060993341,0,0,1034085325,80173152,9.12,8.38
28,2026-05-13 15:42:09,0,q23a,0,17,711,116627,223820,1826160,795692,1026,1239,12,9683,0,1033764,13146599,0,0,142150849472,1082438048,4579194770,0,0,639658229,36097,36097,0,15131554150,15131554150,0,0,14753013193,612246607,15.66,116.63
29,2026-05-13 15:44:07,0,q23b,0,20,747,144846,365934,2293883,815693,1238,1406,1,11105,0,1494873,13146599,0,0,171886623048,1084438048,4592285178,0,0,688270095,50562,50562,0,15931359084,15931359084,0,0,14797169266,613634385,15.84,144.85
30,2026-05-13 15:46:33,0,q24,0,12,371,71919,388879,1124003,166222,320,454,0,1984,0,961970,3699761,0,0,50686787392,320012401,2127786170,0,0,300409241,24419,24419,0,7145032616,7145032616,0,0,7145032616,300409241,15.63,71.92
31,2026-05-13 15:47:46,0,q24a,0,20,626,57026,266737,859447,271607,647,816,3,2961,0,599080,3700449,0,0,107570656736,320216401,2119501172,0,0,611254554,52665,52665,0,14775960898,14775960898,0,0,7667539932,310999280,15.07,57.03
32,2026-05-13 15:48:44,0,q24b,0,21,612,78914,388756,1218038,249724,606,785,0,3883,0,973604,3700578,0,0,105559095376,320216401,2119501172,0,0,611115102,52528,52528,0,14763210580,14763210580,0,0,7654789614,310859828,15.44,78.91
33,2026-05-13 15:50:04,0,q25,0,10,455,137267,711450,2168889,439553,290,486,26,3584,2,1734865,13880723,0,0,67480983384,461152623,3445961902,0,0,455396296,38016,38016,0,11352290153,11352290153,0,0,11352290153,455396296,15.8,137.27
34,2026-05-13 15:52:23,0,q26,0,9,165,7615,29664,116758,105144,182,196,0,3632,0,11601,1561539,0,0,3215695544,146192973,1676473975,0,0,143110851,243,243,0,3936796619,3936796619,0,0,3936796619,143110851,15.33,7.62
35,2026-05-13 15:52:31,0,q27,0,13,134,6407,12133,95802,79578,679,626,0,8093,0,4056,1561496,0,0,1871504496,290278090,2961728789,0,0,6531992,195,195,0,171248941,171248941,0,0,171248941,6531992,14.95,6.41
36,2026-05-13 15:52:39,0,q27a,0,17,172,6632,13120,99117,85910,807,736,0,8359,0,5198,1561496,0,0,3508711432,290482492,2962486469,0,0,19007145,431,431,0,496409433,496409433,0,0,169914355,6471347,14.95,6.63
37,2026-05-13 15:52:47,0,q28,0,18,679,24430,145171,384551,348263,3058,2776,10,17108,0,27486,542943,0,0,40844379952,1728038328,10550338104,0,0,4703800,7373,7373,0,76893877,76893877,0,0,76893877,4703800,15.74,24.43
38,2026-05-13 15:53:12,0,q29,0,11,456,34140,91124,517323,487335,400,556,2,8116,0,41109,13880766,0,0,67481299384,461225672,2487565246,0,0,455396359,38035,38035,0,11102913775,11102913775,0,0,11102913775,455396359,15.15,34.14
39,2026-05-13 15:53:47,0,q30,0,16,135,2059,4839,28644,22472,126,153,21,836,0,5300,3485263,0,0,11829421592,19471827,231463322,0,0,10759655,1052,1052,0,346545150,346545150,0,0,346545150,10759655,13.91,2.06
40,2026-05-13 15:53:51,0,q31,0,24,536,8563,49477,131980,96830,376,523,33,5454,0,21033,499117,0,0,18681665456,1081243150,4107137060,0,0,44379149,7566,7566,0,438020370,438020370,0,0,356448038,39497547,15.41,8.56
41,2026-05-13 15:54:00,0,q32,0,7,167,1190,2222,16799,14589,87,149,0,288,0,468,1348293,0,0,608193728,288265297,1664005506,0,0,350080,90,90,0,4605586,4605586,0,0,4605586,350080,14.12,1.19
42,2026-05-13 15:54:02,0,q33,0,9,231,3176,6956,45008,37498,219,299,1,0,0,3980,1854368,0,0,8551312072,505483174,3389901228,0,0,140265,246,246,0,3533209,3533209,0,0,3533209,140265,14.17,3.18
43,2026-05-13 15:54:07,0,q34,0,9,135,2536,2963,34349,31857,251,182,71,756,0,2172,1381814,0,0,504117552,290087039,552697610,0,0,4031113,130,130,0,135779937,135779937,0,0,68692258,2031113,13.54,2.54
44,2026-05-13 15:54:11,0,q35,0,12,304,4335,8378,60999,54580,159,278,0,1248,0,5290,585904,0,0,13764348952,508995974,532797158,0,0,62628742,3651,3651,0,161556141,161556141,0,0,161556141,62628742,14.07,4.34
45,2026-05-13 15:54:16,0,q35a,0,11,304,3770,5449,51778,47759,150,283,0,1152,0,4987,886156,0,0,12908711344,508995974,532797158,0,0,62645069,3651,3651,0,161542892,161542892,0,0,161542892,62645069,13.73,3.77
46,2026-05-13 15:54:21,0,q36,0,6,105,2190,2126,30296,26724,119,154,0,0,0,1196,3714241,0,0,8922882160,288283839,2669530228,0,0,16094,101,101,0,1304706,1304706,0,0,1304706,16094,13.83,2.19
47,2026-05-13 15:54:24,0,q36a,0,9,110,3000,2956,40306,28199,97,140,0,656,0,1125,3714241,0,0,9461850032,288283839,2669530228,0,0,44513,306,306,0,3722869,3722869,0,0,1257107,15087,13.44,3.0
48,2026-05-13 15:54:28,0,q37,0,6,127,6815,10357,90962,77062,75,114,0,909,0,4699,453174,0,0,8354801792,543601173,1997447148,0,0,110406549,2417,2417,0,1414353688,1414353688,0,0,1414353688,295975871,13.35,6.82
49,2026-05-13 15:54:36,0,q38,0,13,351,8561,22659,132729,118847,163,327,0,1408,0,8040,578051,0,0,23373920984,506075174,516856180,0,0,120819579,4930,4930,0,740190070,740190070,0,0,635050060,116819579,15.5,8.56
50,2026-05-13 15:54:46,0,q39a,0,11,98,4989,8804,55699,51204,231,180,0,640,0,1104,2464085,0,0,5156915760,799010113,3187191398,0,0,4703618,85,85,0,112366429,112366429,0,0,75919735,3173618,11.16,4.99
51,2026-05-13 15:54:52,0,q39b,0,11,97,4369,7914,49057,47563,267,178,0,586,0,596,1036381,0,0,4773464624,799010113,3187191398,0,0,4594459,85,85,0,109301092,109301092,0,0,72854398,3064459,11.23,4.37
52,2026-05-13 15:54:57,0,q40,0,8,149,8492,23041,121615,113277,126,171,0,812,0,9325,1024150,0,0,24442330840,158669010,991554348,0,0,157478827,4755,4755,0,3042545985,3042545985,0,0,3042545985,157478827,14.32,8.49
53,2026-05-13 15:55:07,0,q41,0,4,4,188,161,145,143,5,5,0,0,0,11,13527,0,0,269488032,408000,2017652,0,0,292,2,2,0,19225,19225,0,0,19225,292,0.77,0.19
54,2026-05-13 15:55:08,0,q42,0,4,103,1065,1046,14986,12836,115,132,11,208,0,337,1103388,0,0,4275853344,288283437,1741427022,0,0,1059,100,100,0,88397,88397,0,0,88397,1059,14.07,1.06
55,2026-05-13 15:55:10,0,q43,0,4,103,2279,2241,32780,29409,117,140,0,604,0,1119,1103259,0,0,303914184,288079839,721265878,0,0,11900,100,100,0,1353429,1353429,0,0,1353429,11900,14.38,2.28
56,2026-05-13 15:55:14,0,q44,0,8,236,2091,2300,30463,28060,239,265,0,0,0,2849,3432039,0,0,11324604072,576216776,2859458594,0,0,2616272,3332,3332,0,35014545,35014545,0,0,17513938,1308362,14.57,2.09
57,2026-05-13 15:55:17,0,q45,0,9,93,7378,14812,92097,83572,63,85,0,1184,0,6873,1561496,0,0,18568166344,75482662,418217397,0,0,146949311,1341,1341,0,2126443351,2126443351,0,0,2126443351,146949311,12.48,7.38
58,2026-05-13 15:55:25,0,q46,0,12,165,5257,5579,77274,69320,218,253,0,3504,0,4234,5468127,0,0,5291431320,291087039,1886906460,0,0,5222376,1812,1812,0,116650200,116650200,0,0,102278687,4252333,14.7,5.26
59,2026-05-13 15:55:32,0,q47,0,11,165,5692,6654,81690,77000,218,255,0,672,0,4699,4610732,0,0,14671169864,288283839,1536773236,0,0,20520741,3847,3847,0,801434583,801434583,0,0,410111877,10492204,14.35,5.69
60,2026-05-13 15:55:38,0,q48,0,9,129,7797,21075,116958,109660,127,170,0,4639,0,4582,2409909,0,0,972086040,291000639,2214719143,0,0,42651137,123,123,0,1005842145,1005842145,0,0,1005842145,42651137,15.0,7.8
61,2026-05-13 15:55:47,0,q49,0,18,333,13163,51976,200678,141822,128,270,0,2192,0,42628,2330080,0,0,7967617104,554473996,5651852114,0,0,151964006,311,311,0,3382498675,3382498675,0,0,3382498675,151964006,15.25,13.16
62,2026-05-13 15:56:02,0,q50,0,8,330,56645,257966,900113,157287,421,515,0,47580,0,736321,4083126,0,0,62443797224,316954499,1483899822,0,0,292659773,25280,25280,0,6486733286,6486733286,0,0,6486733286,292659773,15.89,56.64
63,2026-05-13 15:56:59,0,q51,0,10,244,15468,24039,221643,195940,326,365,2,8937,0,15837,827026,0,0,29826097864,360081050,1827606082,0,0,173923508,3842,3842,0,2939139272,2939139272,0,0,2939139272,173923508,14.33,15.47
64,2026-05-13 15:57:16,0,q51a,0,14,315,250324,292021,3265181,3180186,519,596,3,38643,0,13898,826596,0,0,73983717904,360081050,1827606082,0,0,313992514,4882,4882,0,5206647559,5206647559,0,0,3938125725,247599251,13.04,250.32
65,2026-05-13 16:01:27,0,q52,0,5,106,1229,1215,17619,15347,115,140,0,352,0,2511,1104076,0,0,4410595312,288283437,1741754702,0,0,56873,303,303,0,3229758,3229758,0,0,3229758,56873,14.34,1.23
66,2026-05-13 16:01:30,0,q53,0,6,110,1980,1959,27565,25308,118,158,0,560,0,2739,1383147,0,0,865296216,288283839,1537506456,0,0,324087,606,606,0,6834395,6834395,0,0,6834395,324087,13.92,1.98
67,2026-05-13 16:01:33,0,q54,0,17,301,11587,31400,170706,158635,200,315,0,3933,0,9886,984240,0,0,34158724696,507498723,1949922514,0,0,291951373,5194,5194,0,2749263193,2749263193,0,0,2749263193,291951373,14.73,11.59
68,2026-05-13 16:01:45,0,q55,0,5,105,1557,1528,21659,16015,188,155,0,816,0,3973,1106699,0,0,7094686768,288283437,1741754702,0,0,43008,202,202,0,2504732,2504732,0,0,2504732,43008,13.91,1.56
69,2026-05-13 16:01:48,0,q56,0,9,230,3071,6881,43115,35813,256,324,0,835,0,3738,1854497,0,0,6758593232,505483174,3390364076,0,0,78464,145,145,0,2864472,2864472,0,0,2864472,78464,14.04,3.07
70,2026-05-13 16:01:52,0,q57,0,11,152,2750,3714,37122,30851,227,244,0,1248,0,2431,4610732,0,0,9768835904,144271203,719811720,0,0,1882447,1298,1298,0,76781779,76781779,0,0,53005620,1287630,13.5,2.75
71,2026-05-13 16:01:56,0,q58,0,10,243,2948,7000,43288,34783,368,372,0,1129,0,5165,1646364,0,0,19730899648,504425272,3009322542,0,0,2376775,2398,2398,0,36037027,36037027,0,0,36037027,2376775,14.68,2.95
72,2026-05-13 16:02:00,0,q59,0,10,141,5714,6104,74320,70013,149,189,0,651,0,3692,825564,0,0,9819229416,288226339,721563224,0,0,10227960,3434,3434,0,318130195,318130195,0,0,159984714,5187345,13.01,5.71
73,2026-05-13 16:02:07,0,q60,0,9,236,3155,6929,44076,39939,254,343,0,768,0,2987,1854368,0,0,13674264184,505483174,3390298540,0,0,553663,691,691,0,10646652,10646652,0,0,10646652,553663,13.97,3.16
74,2026-05-13 16:02:11,0,q61,0,12,253,4600,8923,71382,65653,95,235,0,2592,0,4649,1854368,0,0,6560744544,579291227,4360085292,0,0,11321881,3774,3774,0,152501497,152501497,0,0,132205493,9321881,15.52,4.6
75,2026-05-13 16:02:17,0,q62,0,6,45,1225,1204,16990,14448,49,58,0,336,0,931,665128,0,0,245764904,72074721,246070777,0,0,14400,40,40,0,1319317,1319317,0,0,1319317,14400,13.87,1.23
76,2026-05-13 16:02:19,0,q63,0,6,107,1988,1966,28195,25962,115,152,0,656,0,2944,1383104,0,0,797335408,288283839,1537445016,0,0,119054,303,303,0,3234733,3234733,0,0,3234733,119054,14.18,1.99
77,2026-05-13 16:02:22,0,q64,0,55,610,30669,130242,464955,430090,1709,1678,4,16656,0,19038,2409598,0,0,24856826104,768909000,8415829501,0,0,244146938,5566,5566,0,3746885734,3746885734,0,0,3100073287,198417039,15.16,30.67
78,2026-05-13 16:02:54,0,q65,0,11,273,12611,24014,190829,173731,368,436,0,3609,0,15186,826338,0,0,26129889408,576290227,3078779468,0,0,143020213,3757,3757,0,3463999620,3463999620,0,0,3463999620,143020213,15.13,12.61
79,2026-05-13 16:03:08,0,q66,0,8,127,2936,3696,39269,31547,364,359,0,1058,0,236,1322258,0,0,4724854960,216155221,1749129673,0,0,885,59,59,0,423776,423776,0,0,423776,885,13.38,2.94
80,2026-05-13 16:03:12,0,q67,0,8,169,46843,46976,637233,593103,168,211,0,8065,0,15094,785520,0,0,50941077272,288283839,1809603736,0,0,103430035,3325,3325,0,3748713555,3748713555,0,0,3748713555,103430035,13.6,46.84
81,2026-05-13 16:04:00,0,q67a,0,16,553,71279,224183,1099204,1048215,1391,1402,2,11570,0,29971,3922179,0,0,188499920024,288283839,1809603736,0,0,526145788,13492,13492,0,25126232148,25126232148,0,0,6904704516,151999492,15.42,71.28
82,2026-05-13 16:05:13,0,q68,0,12,157,4609,5077,68253,49777,116,165,0,1935,0,2381,1356286,0,0,3755850888,291087039,3012126804,0,0,4229984,1708,1708,0,102010109,102010109,0,0,87638596,3259941,14.81,4.61
83,2026-05-13 16:05:18,0,q69,0,11,271,2894,6681,40651,31343,61,196,0,576,0,7962,504651,0,0,5709654800,508995974,533476810,0,0,18050359,2648,2648,0,100057072,100057072,0,0,100057072,18050359,14.05,2.89
84,2026-05-13 16:05:22,0,q70,0,9,207,3709,3645,53558,51087,241,307,0,1008,0,693,2085976,0,0,7520172584,576086629,2049157256,0,0,3221,202,202,0,236975,236975,0,0,236975,3221,14.44,3.71
85,2026-05-13 16:05:27,0,q70a,0,12,212,3109,3000,43289,41184,239,303,0,975,0,686,2080376,0,0,1281146016,576086629,2049157256,0,0,4050,407,407,0,343348,343348,0,0,165400,2250,13.92,3.11
86,2026-05-13 16:05:31,0,q71,0,7,237,2874,2799,40175,34895,414,397,24,768,0,3805,4149266,0,0,4768025808,504365574,3243811666,0,0,276608,1740,1740,0,14440612,14440612,0,0,8279248,169054,13.98,2.87
87,2026-05-13 16:05:35,0,q72,0,16,357,173987,268681,2709849,2306178,544,612,2,4464,0,392201,13146599,0,0,82523784096,560074108,2918889632,0,0,538047872,23879,23879,0,9676295239,9676295239,0,0,9676295239,538047872,15.58,173.99
88,2026-05-13 16:08:30,0,q73,0,9,135,2047,2407,28939,27001,161,165,0,576,0,1692,1382545,0,0,501137872,290087039,552697610,0,0,4016581,130,130,0,135101187,135101187,0,0,68013508,2016581,14.14,2.05
89,2026-05-13 16:08:33,0,q74,0,15,372,21515,72408,339829,315192,475,543,0,4505,0,15240,747100,0,0,90607299856,362154099,1378722710,0,0,699960358,16151,16151,0,7000072686,7000072686,0,0,3595135458,353418106,15.79,21.52
90,2026-05-13 16:08:56,0,q75,0,20,575,13173,48112,202547,184849,351,611,0,4584,3,14628,815737,0,0,24640192976,1058753170,7834258164,0,0,140054991,4858,4858,0,3124293933,3124293933,0,0,2106315257,89656169,15.38,13.17
91,2026-05-13 16:09:10,0,q76,0,5,225,2550,2499,37300,32662,275,349,0,688,0,3222,3570201,0,0,18212205328,504279174,3280482246,0,0,29370,442,442,0,2390946,2390946,0,0,2390946,29370,14.63,2.55
92,2026-05-13 16:09:14,0,q77,0,14,270,3529,16897,51378,45304,245,325,6,848,0,3891,1103345,0,0,1260363280,554476438,3721794676,0,0,79773,185,185,0,2925926,2925926,0,0,2925926,79773,14.56,3.53
93,2026-05-13 16:09:19,0,q77a,0,17,275,3548,16056,49508,43165,279,344,0,1791,0,3932,1103474,0,0,1866439984,554476438,3721794676,0,0,80022,197,197,0,3092382,3092382,0,0,2921770,77548,13.95,3.55
94,2026-05-13 16:09:24,0,q78,0,15,479,73709,244333,1146885,414121,808,882,7,4155,0,741914,1820288,0,0,94462501856,554620094,4720970098,0,0,406636630,22041,22041,0,11364756495,11364756495,0,0,11364756495,406636630,15.56,73.71
95,2026-05-13 16:10:38,0,q79,0,8,148,5098,5422,76591,64208,547,444,1,3594,0,6199,1386200,0,0,10620768024,290087039,1875590930,0,0,3605125,2176,2176,0,110390087,110390087,0,0,110390087,3605125,15.02,5.1
96,2026-05-13 16:10:45,0,q80,0,23,435,43218,148130,676307,383993,1168,1190,0,3632,0,300698,2329134,0,0,54884401176,554977871,6226753010,0,0,265494087,13405,13405,0,7544340812,7544340812,0,0,7544340812,265494087,15.65,43.22
97,2026-05-13 16:11:29,0,q80a,0,26,440,41740,141724,647496,373994,1059,1166,3,4192,0,281410,2328532,0,0,55356260208,554977871,6226753010,0,0,265493759,13420,13420,0,7544510242,7544510242,0,0,7544288542,265491829,15.51,41.74
98,2026-05-13 16:12:12,0,q81,0,16,161,2677,5882,37704,31116,210,212,0,0,0,4036,713915,0,0,16970831448,33868693,346983193,0,0,18924578,1666,1666,0,364455902,364455902,0,0,364455902,18924578,14.08,2.68
99,2026-05-13 16:12:16,0,q82,0,6,162,9017,12171,129395,119614,108,173,0,1875,0,10300,737472,0,0,14750794000,687613437,2417805526,0,0,182486545,4713,4713,0,2152775123,2152775123,0,0,2152775123,439988162,14.35,9.02
100,2026-05-13 16:12:26,0,q83,0,10,49,1133,2533,13072,11651,52,59,0,0,0,795,1561496,0,0,3558133904,50821969,264231616,0,0,402103,73,73,0,5531326,5531326,0,0,5531326,402103,11.54,1.13
101,2026-05-13 16:12:28,0,q84,0,9,57,1322,2041,12062,11012,47,47,0,0,0,624,9713760,0,0,882083136,33729631,129359028,0,0,27798849,47,47,0,145652248,145652248,0,0,145652248,27798849,9.12,1.32
102,2026-05-13 16:12:31,0,q85,0,14,98,3423,18601,49828,43134,142,138,2,2016,0,3360,1649276,0,0,4434954736,84117746,933758186,0,0,11437258,903,903,0,372062316,372062316,0,0,372062316,11437258,14.56,3.42
103,2026-05-13 16:12:35,0,q86,0,5,44,990,932,12359,11415,43,52,0,0,0,856,3714241,0,0,3607813520,72278662,435354952,0,0,7501,41,41,0,521174,521174,0,0,521174,7501,12.48,0.99
104,2026-05-13 16:12:37,0,q86a,0,8,49,1022,958,12037,10772,48,59,0,512,0,645,3714241,0,0,4146781072,72278662,435354952,0,0,20456,126,126,0,1499880,1499880,0,0,514832,7068,11.78,1.02
105,2026-05-13 16:12:39,0,q87,0,13,351,8255,21416,127555,116210,179,325,0,1456,0,8279,578739,0,0,23373920984,506075174,516856180,0,0,120819579,4930,4930,0,740190070,740190070,0,0,635050060,116819579,15.45,8.26
106,2026-05-13 16:12:49,0,q88,0,26,818,8437,59053,131440,126131,53,494,0,2624,0,124,500848,0,0,2576691200,2304749906,2245153138,0,0,800,800,800,0,47197,47197,0,0,47197,800,15.58,8.44
107,2026-05-13 16:12:58,0,q89,0,8,221,9980,16171,144263,133228,198,245,0,1600,0,20243,1745959,0,0,8354877928,288283839,1537109108,0,0,269046438,1717,1717,0,4912143121,4912143121,0,0,4912143121,269046438,14.46,9.98
108,2026-05-13 16:13:09,0,q90,0,8,86,1160,1972,17253,9147,11,47,0,0,0,488,200064,0,0,259051520,144185266,286247368,0,0,80,80,80,0,4720,4720,0,0,4720,80,14.87,1.16
109,2026-05-13 16:13:11,0,q91,0,12,50,622,1033,6157,5266,37,48,0,0,0,552,1032836,0,0,2964310824,19398901,144834443,0,0,2192984,242,242,0,45350044,45350044,0,0,45328060,2192843,9.9,0.62
110,2026-05-13 16:13:13,0,q92,0,7,100,1206,1880,17192,12445,70,98,0,512,0,1895,771327,0,0,3957955072,144280275,873422498,0,0,1672198,696,696,0,21434447,21434447,0,0,21434447,1672198,14.26,1.21
111,2026-05-13 16:13:15,0,q93,0,6,333,47692,100831,739600,382298,298,432,0,2608,0,368699,2970191,0,0,68971117112,316808054,2077795901,0,0,316284326,26211,26211,0,7815370900,7815370900,0,0,7815370900,316284326,15.51,47.69
112,2026-05-13 16:14:04,0,q94,0,8,136,7795,19857,117219,91633,125,166,0,1192,0,8617,998640,0,0,16630437440,152275688,755260938,0,0,151171114,3640,3640,0,2240321543,2240321543,0,0,2240321543,151171114,15.04,7.8
113,2026-05-13 16:14:13,0,q95,0,8,163,22738,33512,342187,309965,430,377,0,5006,0,7916,1759018,0,0,49888658408,152275688,717446666,0,0,367104120,14137,14137,0,3290949327,3290949327,0,0,1995058746,151153176,15.05,22.74
114,2026-05-13 16:14:37,0,q96,0,5,104,1160,1153,16502,15787,16,63,0,0,0,14,499902,0,0,319603200,288100390,280795582,0,0,100,100,100,0,5899,5899,0,0,5899,100,14.23,1.16
115,2026-05-13 16:14:39,0,q97,0,5,199,11630,14780,154174,142892,231,274,1,2530,0,5838,827155,0,0,25010894176,432073561,1656572338,0,0,83873546,2006,2006,0,961239745,961239745,0,0,961239745,83873546,13.26,11.63
116,2026-05-13 16:14:52,0,q98,0,8,184,12571,23725,182782,163098,179,215,4,4736,0,17455,6589863,0,0,32109241216,288283437,1748218274,0,0,275228628,7247,7247,0,4146904094,4146904094,0,0,4143264802,275198085,14.54,12.57
117,2026-05-13 16:15:05,0,q99,0,7,87,2064,2017,26410,23719,110,127,0,736,0,358,1323806,0,0,1632383928,144067238,344542887,0,0,32599,50,50,0,2191785,2191785,0,0,2191785,32599,12.8,2.06
118,2026-05-13 16:15:09,1,q1,0,12,116,1928,3259,26934,23798,102,133,0,800,0,2830,887723,0,0,7313515256,59676673,456403438,0,0,18384283,751,751,0,277542612,277542612,0,0,277542612,18384283,13.97,1.93
119,2026-05-13 16:15:12,1,q2,0,9,128,2868,2785,39016,35529,155,189,0,638,0,1159,1292263,0,0,879498664,216214884,669798548,0,0,35347,362,362,0,2673870,2673870,0,0,901000,13701,13.6,2.87
120,2026-05-13 16:15:15,1,q3,0,5,105,1472,1439,20683,16234,164,153,1,614,0,3502,1105323,0,0,398524368,288283437,1741750642,0,0,43002,202,202,0,2702444,2702444,0,0,2702444,43002,14.05,1.47
121,2026-05-13 16:15:18,1,q4,0,25,699,73665,354350,1168754,693556,2084,1899,0,18560,3,446872,1071331,0,0,115346137600,794300709,9144325172,0,0,566100624,25854,25854,0,14421654048,14421654048,0,0,8530726381,341212705,15.87,73.67
122,2026-05-13 16:16:33,1,q5,0,11,327,13113,24073,178640,166596,387,520,3,1856,0,8515,1627948,0,0,8840979776,626496435,4133746708,0,0,78889487,1136,1136,0,1105462275,1105462275,0,0,1105462275,78889487,13.62,13.11
123,2026-05-13 16:16:47,1,q5a,0,14,332,13402,27605,181385,169751,406,535,0,1744,0,7788,1627647,0,0,9312838808,626496435,4133746708,0,0,78892792,1146,1146,0,1105699887,1105699887,0,0,1105491135,78889358,13.53,13.4
124,2026-05-13 16:17:02,1,q6,0,12,177,9525,21632,141965,129467,143,210,43,2160,0,8159,1319920,0,0,29655044296,291560486,1106015234,0,0,273569765,4943,4943,0,2411983064,2411983064,0,0,2411983064,273569765,14.9,9.52
125,2026-05-13 16:17:12,1,q7,0,13,153,8105,14847,119545,105386,649,642,0,5988,0,8204,1561496,0,0,3327833688,290279286,3267485113,0,0,53828203,521,521,0,1572117022,1572117022,0,0,1572117022,53828203,14.75,8.1
126,2026-05-13 16:17:22,1,q8,0,12,156,2064,3943,29363,26899,129,142,0,531,0,1716,597228,0,0,4699737736,292079839,1040308034,0,0,9745839,320,320,0,80860242,80860242,0,0,80860242,9745839,14.23,2.06
127,2026-05-13 16:17:25,1,q9,0,31,1516,21571,322066,336742,319542,2713,3205,17,9641,0,725,486370,0,0,0,4320095875,9702793557,0,0,1500,1500,1500,0,94560,94560,0,0,94560,1500,15.61,21.57
128,2026-05-13 16:17:47,1,q10,0,11,271,2569,5973,37222,33657,67,203,0,832,0,4830,494258,0,0,5950222984,508995974,534155978,0,0,22980851,2665,2665,0,107587382,107587382,0,0,107587382,22980851,14.49,2.57
129,2026-05-13 16:17:51,1,q10a,0,10,271,2722,4931,38760,28087,73,211,0,0,0,12632,884737,0,0,4673913312,508995974,534155978,0,0,22779154,2665,2665,0,107362439,107362439,0,0,107362439,22779154,14.24,2.72
130,2026-05-13 16:17:55,1,q11,0,15,378,26405,84399,415496,374152,1050,618,0,7208,3,36486,747100,0,0,96265954592,362154099,1995408278,0,0,699960358,16553,16553,0,9208035628,9208035628,0,0,4755214457,353418106,15.74,26.4
131,2026-05-13 16:18:22,1,q12,0,7,68,4612,8667,60558,46228,59,67,0,400,0,13971,268870,0,0,9222228056,72278662,444255560,0,0,72106021,825,825,0,1083589609,1083589609,0,0,1083589609,72106021,13.13,4.61
132,2026-05-13 16:18:28,1,q13,0,14,132,4339,12384,64636,58065,660,531,0,2466,0,3031,1914208,0,0,938682560,291088088,3998582767,0,0,740937,124,124,0,21472290,21472290,0,0,21472290,740937,14.9,4.34
133,2026-05-13 16:18:33,1,q14a,0,30,906,62196,215453,945416,406940,1417,1590,0,5268,0,538437,4319276,0,0,41592349952,1513041522,6516286368,0,0,622772823,5384,5384,0,8835519080,8835519080,0,0,8829873692,622636851,15.2,62.2
134,2026-05-13 16:19:38,1,q14b,0,25,821,55873,293286,855860,342745,1284,1486,5,9234,0,503946,4580343,0,0,46263177240,1297191883,5175477220,0,0,681766191,5510,5510,0,10375262725,10375262725,0,0,5413022316,406720839,15.32,55.87
135,2026-05-13 16:20:36,1,q14,0,25,811,51914,288605,804913,333047,1471,1678,22,3575,0,482028,4581676,0,0,45362385304,1297191883,5175477220,0,0,680744695,4511,4511,0,10278741349,10278741349,0,0,5316500940,405699343,15.5,51.91
136,2026-05-13 16:21:29,1,q15,0,7,138,12767,20701,169101,152525,99,137,4,2374,0,11408,409560,0,0,27139515144,147067173,476461604,0,0,288833756,2610,2610,0,2528737868,2528737868,0,0,2528737868,288833756,13.25,12.77
137,2026-05-13 16:21:43,1,q16,0,8,276,28398,115515,440797,161104,338,424,0,2684,3,277718,2495353,0,0,41785807200,303459149,1637288222,0,0,301125284,17100,17100,0,4308531096,4308531096,0,0,4308531096,301125284,15.52,28.4
138,2026-05-13 16:22:12,1,q17,0,10,455,96320,450577,1511807,443655,301,505,2,2571,0,1084959,13880723,0,0,67548164624,461152623,2487085494,0,0,455396321,38027,38027,0,11102906661,11102906661,0,0,11102906661,455396321,15.7,96.32
139,2026-05-13 16:23:49,1,q18,0,13,221,9973,47670,153286,135229,225,258,34,4048,0,17725,9713932,0,0,10620901464,151112773,2141014161,0,0,159482755,2038,2038,0,4710951961,4710951961,0,0,4710951961,159482755,15.37,9.97
140,2026-05-13 16:24:01,1,q18a,0,23,302,22506,185934,352096,166840,371,447,2,4739,0,183705,9713846,0,0,33446629456,154316773,2158961281,0,0,204535227,7298,7298,0,6033670206,6033670206,0,0,4719548882,160018999,15.64,22.51
141,2026-05-13 16:24:24,1,q19,0,11,168,2784,5006,40768,34685,135,152,0,416,0,6013,496107,0,0,5840248568,291283839,2005031778,0,0,11817289,896,896,0,226663994,226663994,0,0,226663994,11817289,14.64,2.78
142,2026-05-13 16:24:28,1,q20,0,7,120,6070,10972,87883,83967,78,114,0,1152,0,6050,432759,0,0,17559457360,144271173,839612600,0,0,143395506,2512,2512,0,1673268059,1673268059,0,0,1673268059,143395506,14.48,6.07
143,2026-05-13 16:24:35,1,q21,0,5,24,1959,1947,25480,22111,23,27,0,112,0,13,274617,0,0,217853776,399607064,1594859590,0,0,95955,1,1,0,1951830,1951830,0,0,1951830,95955,13.01,1.96
144,2026-05-13 16:24:38,1,q22,0,7,57,74263,74439,866533,859266,101,71,0,2575,0,1447,320176,0,0,10466679912,399607064,1594470470,0,0,80173222,390,390,0,849064752,849064752,0,0,849064752,80173222,11.67,74.26
145,2026-05-13 16:25:54,1,q22a,0,11,82,8442,9231,80007,75117,128,124,0,311,0,3047,511504,0,0,14726520280,399607064,1594933318,0,0,80581076,684,684,0,1060993341,1060993341,0,0,1034085325,80173152,9.48,8.44
146,2026-05-13 16:26:03,1,q23a,0,17,711,95256,185224,1497432,845396,1271,1327,2,43320,0,601530,13146642,0,0,142150849472,1082438048,4579194770,0,0,639658229,36097,36097,0,15131554150,15131554150,0,0,14753013193,612246607,15.72,95.26
147,2026-05-13 16:27:40,1,q23b,0,20,747,81414,164435,1278868,875718,1446,1501,3,21975,0,390379,13146642,0,0,171886623048,1084438048,4592285178,0,0,688270095,50562,50562,0,15931359084,15931359084,0,0,14797169266,613634385,15.71,81.41
148,2026-05-13 16:29:02,1,q24,0,12,371,13451,51552,209047,184458,362,470,12,2220,0,29141,3700664,0,0,50686787392,320012401,2127786170,0,0,300409241,24419,24419,0,7145032616,7145032616,0,0,7145032616,300409241,15.54,13.45
149,2026-05-13 16:29:17,1,q24a,0,20,626,55132,250943,822742,267255,631,821,6,3562,0,567443,3699417,0,0,107570656736,320216401,2119501172,0,0,611254554,52665,52665,0,14775960898,14775960898,0,0,7667539932,310999280,14.92,55.13
150,2026-05-13 16:30:13,1,q24b,0,21,612,19362,61886,289593,266596,624,777,0,3160,0,35913,3699804,0,0,105559095376,320216401,2119501172,0,0,611115102,52528,52528,0,14763210580,14763210580,0,0,7654789614,310859828,14.96,19.36
151,2026-05-13 16:30:33,1,q25,0,10,455,179379,925131,2842414,438796,292,509,4,3760,3,2419239,13880723,0,0,67480983384,461152623,3445961902,0,0,455396296,38016,38016,0,11352290153,11352290153,0,0,11352290153,455396296,15.85,179.38
152,2026-05-13 16:33:34,1,q26,0,9,165,7603,30483,117668,104515,157,196,0,3936,0,13259,1561539,0,0,3215695544,146192973,1676473975,0,0,143110851,243,243,0,3936796619,3936796619,0,0,3936796619,143110851,15.48,7.6
153,2026-05-13 16:33:42,1,q27,0,13,134,6070,11461,90427,77221,851,687,0,6835,0,5535,1561496,0,0,1871504496,290278090,2961728789,0,0,6531992,195,195,0,171248941,171248941,0,0,171248941,6531992,14.9,6.07
154,2026-05-13 16:33:50,1,q27a,0,17,172,6068,11799,90058,79772,771,749,0,6080,0,4556,1561496,0,0,3508711432,290482492,2962486469,0,0,19007145,431,431,0,496409433,496409433,0,0,169914355,6471347,14.84,6.07
155,2026-05-13 16:33:57,1,q28,0,18,679,24033,142868,378412,352996,2838,2748,1,8701,0,25766,542900,0,0,40844379952,1728038328,10550338104,0,0,4703800,7373,7373,0,76893877,76893877,0,0,76893877,4703800,15.75,24.03
156,2026-05-13 16:34:22,1,q29,0,11,456,32560,85983,492023,478219,360,522,2,3728,0,32061,13880723,0,0,67481299384,461225672,2487565246,0,0,455396359,38035,38035,0,11102913775,11102913775,0,0,11102913775,455396359,15.11,32.56
157,2026-05-13 16:34:56,1,q30,0,16,135,2143,5155,30323,25578,119,143,0,288,0,4017,3485263,0,0,11829421592,19471827,231463322,0,0,10759655,1052,1052,0,346545150,346545150,0,0,346545150,10759655,14.15,2.14
158,2026-05-13 16:34:59,1,q31,0,25,537,7341,41615,113586,100297,218,472,0,2707,0,14581,495849,0,0,18345596968,1081243150,4107137060,0,0,44349624,7551,7551,0,437154496,437154496,0,0,356517506,39498473,15.47,7.34
159,2026-05-13 16:35:07,1,q32,0,7,167,1563,2926,22917,18600,99,155,0,150,0,619,1348293,0,0,608193728,288265297,1664005506,0,0,350080,90,90,0,4605586,4605586,0,0,4605586,350080,14.66,1.56
160,2026-05-13 16:35:10,1,q33,0,9,231,2961,6612,42176,38880,240,317,0,400,0,3978,1854368,0,0,8551312072,505483174,3389901228,0,0,140265,246,246,0,3533209,3533209,0,0,3533209,140265,14.24,2.96
161,2026-05-13 16:35:14,1,q34,0,9,135,2430,2633,33635,31398,146,168,0,960,0,2019,1382588,0,0,504117552,290087039,552697610,0,0,4031113,130,130,0,135779937,135779937,0,0,68692258,2031113,13.84,2.43
162,2026-05-13 16:35:17,1,q35,0,12,304,4403,8296,62105,55419,161,282,0,1696,0,5223,585904,0,0,13764348952,508995974,532797158,0,0,62628742,3651,3651,0,161556141,161556141,0,0,161556141,62628742,14.11,4.4
163,2026-05-13 16:35:23,1,q35a,0,11,304,3754,5486,51461,47499,140,281,0,608,0,5798,886070,0,0,12908711344,508995974,532797158,0,0,62645069,3651,3651,0,161542892,161542892,0,0,161542892,62645069,13.71,3.75
164,2026-05-13 16:35:28,1,q36,0,6,105,2235,2175,30821,27012,142,152,0,704,0,1839,3714241,0,0,8922882160,288283839,2669530228,0,0,16094,101,101,0,1304706,1304706,0,0,1304706,16094,13.79,2.24
165,2026-05-13 16:35:31,1,q36a,0,9,110,2222,2172,29341,27233,117,154,0,544,0,1782,3714241,0,0,9461850032,288283839,2669530228,0,0,44513,306,306,0,3722869,3722869,0,0,1257107,15087,13.2,2.22
166,2026-05-13 16:35:34,1,q37,0,6,127,6176,10904,80631,77705,58,113,0,1357,0,4619,453647,0,0,8354801792,543601173,1997447148,0,0,110406549,2417,2417,0,1414353688,1414353688,0,0,1414353688,295975871,13.06,6.18
167,2026-05-13 16:35:42,1,q38,0,13,351,8141,21493,125278,114796,189,323,1,1278,0,8650,578739,0,0,23373920984,506075174,516856180,0,0,120819579,4930,4930,0,740190070,740190070,0,0,635050060,116819579,15.39,8.14
168,2026-05-13 16:35:51,1,q39a,0,11,98,4806,8549,53843,50715,257,183,0,442,0,1087,2464085,0,0,5156915760,799010113,3187191398,0,0,4703618,85,85,0,112366429,112366429,0,0,75919735,3173618,11.2,4.81
169,2026-05-13 16:35:57,1,q39b,0,11,97,4521,8283,51109,48022,164,172,0,623,0,472,1036381,0,0,4773464624,799010113,3187191398,0,0,4594459,85,85,0,109301092,109301092,0,0,72854398,3064459,11.3,4.52
170,2026-05-13 16:36:02,1,q40,0,8,149,8225,22332,119083,112951,130,174,0,1328,0,9357,1025526,0,0,24442330840,158669010,991554348,0,0,157478827,4755,4755,0,3042545985,3042545985,0,0,3042545985,157478827,14.48,8.22
171,2026-05-13 16:36:12,1,q41,0,4,4,178,152,138,138,5,5,0,0,0,11,13527,0,0,269488032,408000,2017652,0,0,292,2,2,0,19225,19225,0,0,19225,292,0.78,0.18
172,2026-05-13 16:36:13,1,q42,0,4,103,1408,1398,20361,14704,165,150,0,751,0,494,1106183,0,0,4275853344,288283437,1741427022,0,0,1059,100,100,0,88397,88397,0,0,88397,1059,14.46,1.41
173,2026-05-13 16:36:15,1,q43,0,4,103,2053,2022,29556,26969,120,145,0,368,0,1500,1104076,0,0,303914184,288079839,721265878,0,0,11900,100,100,0,1353429,1353429,0,0,1353429,11900,14.4,2.05
174,2026-05-13 16:36:18,1,q44,0,8,236,2487,2605,36177,29191,223,268,0,1216,0,5161,3432039,0,0,11324604072,576216776,2859458594,0,0,2616272,3332,3332,0,35014545,35014545,0,0,17513938,1308362,14.55,2.49
175,2026-05-13 16:36:22,1,q45,0,9,93,7103,14830,95382,87050,70,88,0,1488,0,5796,1561496,0,0,18568166344,75482662,418217397,0,0,146949311,1341,1341,0,2126443351,2126443351,0,0,2126443351,146949311,13.43,7.1
176,2026-05-13 16:36:30,1,q46,0,12,165,5552,6123,81719,70687,258,283,0,5392,0,4182,5468127,0,0,5291431320,291087039,1886906460,0,0,5222376,1812,1812,0,116650200,116650200,0,0,102278687,4252333,14.72,5.55
177,2026-05-13 16:36:37,1,q47,0,11,165,5545,6640,80026,74414,224,255,0,672,0,5152,4610732,0,0,14671169864,288283839,1536773236,0,0,20520741,3847,3847,0,801434583,801434583,0,0,410111877,10492204,14.43,5.54
178,2026-05-13 16:36:43,1,q48,0,9,129,8054,21793,121383,111390,129,173,4,5987,0,5492,2409952,0,0,972086040,291000639,2214719143,0,0,42651137,123,123,0,1005842145,1005842145,0,0,1005842145,42651137,15.07,8.05
179,2026-05-13 16:36:53,1,q49,0,18,333,11314,44007,171887,160423,235,333,0,4656,0,13109,2330080,0,0,7967617104,554473996,5651852114,0,0,151964006,311,311,0,3382498675,3382498675,0,0,3382498675,151964006,15.19,11.31
180,2026-05-13 16:37:05,1,q50,0,8,330,11730,37056,183323,171840,458,537,19,3917,0,19176,4078740,0,0,62443797224,316954499,1483899822,0,0,292659773,25280,25280,0,6486733286,6486733286,0,0,6486733286,292659773,15.63,11.73
181,2026-05-13 16:37:18,1,q51,0,10,244,14464,22255,205710,193559,314,368,3,2364,0,11906,824790,0,0,29826097864,360081050,1827606082,0,0,173923508,3842,3842,0,2939139272,2939139272,0,0,2939139272,173923508,14.22,14.46
182,2026-05-13 16:37:33,1,q51a,0,14,315,249557,290590,3243831,3189643,522,623,0,22395,0,14428,824704,0,0,73983717904,360081050,1827606082,0,0,313992514,4882,4882,0,5206647559,5206647559,0,0,3938125725,247599251,13.0,249.56
183,2026-05-13 16:41:44,1,q52,0,5,106,1269,1255,18153,16078,108,145,0,176,0,2527,1103216,0,0,4410595312,288283437,1741754702,0,0,56873,303,303,0,3229758,3229758,0,0,3229758,56873,14.3,1.27
184,2026-05-13 16:41:46,1,q53,0,6,110,1918,1898,27045,24546,114,148,0,656,0,2973,1383706,0,0,865296216,288283839,1537506456,0,0,324087,606,606,0,6834395,6834395,0,0,6834395,324087,14.1,1.92
185,2026-05-13 16:41:49,1,q54,0,17,301,11464,31196,169100,159883,169,308,0,2792,0,9961,984240,0,0,34158724696,507498723,1949922514,0,0,291951373,5194,5194,0,2749263193,2749263193,0,0,2749263193,291951373,14.75,11.46
186,2026-05-13 16:42:02,1,q55,0,5,105,1400,1386,20438,16281,123,134,0,368,0,4293,1103947,0,0,7094686768,288283437,1741754702,0,0,43008,202,202,0,2504732,2504732,0,0,2504732,43008,14.6,1.4
187,2026-05-13 16:42:04,1,q56,0,9,230,2838,6468,40348,35345,262,321,0,607,0,3833,1854368,0,0,6758593232,505483174,3390364076,0,0,78464,145,145,0,2864472,2864472,0,0,2864472,78464,14.22,2.84
188,2026-05-13 16:42:08,1,q57,0,11,152,2915,3667,39021,34087,219,238,0,768,0,2338,4610732,0,0,9768835904,144271203,719811720,0,0,1882447,1298,1298,0,76781779,76781779,0,0,53005620,1287630,13.39,2.92
189,2026-05-13 16:42:12,1,q58,0,10,243,3122,7589,45987,39173,365,355,0,826,0,4517,1645676,0,0,19730899648,504425272,3009322542,0,0,2376775,2398,2398,0,36037027,36037027,0,0,36037027,2376775,14.73,3.12
190,2026-05-13 16:42:17,1,q59,0,10,141,5578,5935,72549,68809,158,188,0,487,0,3817,824747,0,0,9819229416,288226339,721563224,0,0,10227960,3434,3434,0,318130195,318130195,0,0,159984714,5187345,13.01,5.58
191,2026-05-13 16:42:23,1,q60,0,9,236,3361,7364,48817,41679,298,349,0,1328,0,3561,1854368,0,0,13674264184,505483174,3390298540,0,0,553663,691,691,0,10646652,10646652,0,0,10646652,553663,14.52,3.36
192,2026-05-13 16:42:28,1,q61,0,12,253,4674,9096,72559,66143,111,240,0,1470,0,4419,1854497,0,0,6560744544,579291227,4360085292,0,0,11321881,3774,3774,0,152501497,152501497,0,0,132205493,9321881,15.52,4.67
193,2026-05-13 16:42:33,1,q62,0,6,45,1274,1261,17978,15865,50,56,0,624,0,1032,665042,0,0,245764904,72074721,246070777,0,0,14400,40,40,0,1319317,1319317,0,0,1319317,14400,14.11,1.27
194,2026-05-13 16:42:36,1,q63,0,6,107,2041,2025,28506,26222,119,152,0,400,0,3026,1382459,0,0,797335408,288283839,1537445016,0,0,119054,303,303,0,3234733,3234733,0,0,3234733,119054,13.97,2.04
195,2026-05-13 16:42:39,1,q64,0,55,610,30326,129169,461600,433028,1661,1604,2,13232,0,18087,2409555,0,0,24856826104,768909000,8415829501,0,0,244146938,5566,5566,0,3746885734,3746885734,0,0,3100073287,198417039,15.22,30.33
196,2026-05-13 16:43:11,1,q65,0,11,273,12040,22918,182832,172596,354,413,0,2144,0,13511,824919,0,0,26129889408,576290227,3078779468,0,0,143020213,3757,3757,0,3463999620,3463999620,0,0,3463999620,143020213,15.19,12.04
197,2026-05-13 16:43:24,1,q66,0,8,127,2907,3798,39725,32668,300,289,0,1347,0,283,1322301,0,0,4724854960,216155221,1749129673,0,0,885,59,59,0,423776,423776,0,0,423776,885,13.67,2.91
198,2026-05-13 16:43:28,1,q67,0,8,169,46053,46195,627926,596395,165,215,1,7267,0,10923,785520,0,0,50941077272,288283839,1809603736,0,0,103430035,3325,3325,0,3748713555,3748713555,0,0,3748713555,103430035,13.63,46.05
199,2026-05-13 16:44:15,1,q67a,0,16,553,71772,224790,1098725,1037568,1467,1453,7,12703,0,40505,3922136,0,0,188499920024,288283839,1809603736,0,0,526145788,13492,13492,0,25126232148,25126232148,0,0,6904704516,151999492,15.31,71.77
200,2026-05-13 16:45:28,1,q68,0,12,157,4584,4965,66360,57216,129,167,0,4416,0,2794,1356286,0,0,3755850888,291087039,3012126804,0,0,4229984,1708,1708,0,102010109,102010109,0,0,87638596,3259941,14.48,4.58
201,2026-05-13 16:45:34,1,q69,0,11,271,2539,5994,36138,31879,61,202,0,1040,0,4779,504651,0,0,5709654800,508995974,533476810,0,0,18050359,2648,2648,0,100057072,100057072,0,0,100057072,18050359,14.23,2.54
202,2026-05-13 16:45:37,1,q70,0,9,207,3603,3546,51970,50091,259,303,0,624,0,765,2085288,0,0,7520172584,576086629,2049157256,0,0,3221,202,202,0,236975,236975,0,0,236975,3221,14.42,3.6
203,2026-05-13 16:45:42,1,q70a,0,12,212,3266,3159,45471,43697,243,311,0,532,0,763,2079172,0,0,1281146016,576086629,2049157256,0,0,4050,407,407,0,343348,343348,0,0,165400,2250,13.92,3.27
204,2026-05-13 16:45:46,1,q71,0,7,237,2843,2778,40398,36447,312,393,0,345,0,3711,4148492,0,0,4768025808,504365574,3243811666,0,0,276608,1740,1740,0,14439633,14439633,0,0,8278269,169054,14.21,2.84
205,2026-05-13 16:45:50,1,q72,0,16,357,205582,352092,3192067,2322017,565,621,3,3904,3,875243,13146599,0,0,82523784096,560074108,2918889632,0,0,538047872,23879,23879,0,9676295239,9676295239,0,0,9676295239,538047872,15.53,205.58
206,2026-05-13 16:49:17,1,q73,0,9,135,2084,2473,29778,28439,119,158,0,0,0,1734,1381771,0,0,501137872,290087039,552697610,0,0,4016581,130,130,0,135101187,135101187,0,0,68013508,2016581,14.29,2.08
207,2026-05-13 16:49:20,1,q74,0,15,372,22094,77670,346720,323520,493,541,0,3946,0,17828,747100,0,0,90607299856,362154099,1378722710,0,0,699960358,16151,16151,0,7000072686,7000072686,0,0,3595135458,353418106,15.69,22.09
208,2026-05-13 16:49:43,1,q75,0,20,575,13656,49830,211136,193631,338,604,0,3938,0,16450,815651,0,0,24640192976,1058753170,7834258164,0,0,140054991,4858,4858,0,3124293933,3124293933,0,0,2106315257,89656169,15.46,13.66
209,2026-05-13 16:49:58,1,q76,0,5,225,2493,2448,36586,31473,256,340,1,304,0,2940,3567879,0,0,18212205328,504279174,3280482246,0,0,29370,442,442,0,2390946,2390946,0,0,2390946,29370,14.68,2.49
210,2026-05-13 16:50:02,1,q77,0,14,270,3384,15992,49322,41243,228,317,0,976,0,3491,1103775,0,0,1260363280,554476438,3721794676,0,0,79773,185,185,0,2925926,2925926,0,0,2925926,79773,14.58,3.38
211,2026-05-13 16:50:06,1,q77a,0,17,275,3805,17969,54113,44461,280,345,0,2408,0,6518,1103345,0,0,1866439984,554476438,3721794676,0,0,80022,197,197,0,3092382,3092382,0,0,2921770,77548,14.22,3.8
212,2026-05-13 16:50:11,1,q78,0,15,479,79780,273244,1251291,438969,803,874,2,6704,0,821708,1820288,0,0,94462501856,554620094,4720970098,0,0,406636630,22041,22041,0,11364756495,11364756495,0,0,11364756495,406636630,15.68,79.78
213,2026-05-13 16:51:32,1,q79,0,8,148,5255,5491,79328,65550,473,375,1,3408,0,5768,1385598,0,0,10620768024,290087039,1875590930,0,0,3605125,2176,2176,0,110390087,110390087,0,0,110390087,3605125,15.1,5.26
214,2026-05-13 16:51:38,1,q80,0,23,435,55482,205113,872499,369969,1062,1155,0,4448,0,508381,2328747,0,0,54884401176,554977871,6226753010,0,0,265494087,13405,13405,0,7544340812,7544340812,0,0,7544340812,265494087,15.73,55.48
215,2026-05-13 16:52:35,1,q80a,0,26,440,53109,191648,831778,364291,1100,1165,0,3984,0,475599,2328661,0,0,55356260208,554977871,6226753010,0,0,265493759,13420,13420,0,7544510242,7544510242,0,0,7544288542,265491829,15.66,53.11
216,2026-05-13 16:53:30,1,q81,0,16,161,2702,5973,37376,30738,224,222,0,352,0,3852,713915,0,0,16970831448,33868693,346983193,0,0,18924578,1666,1666,0,364455902,364455902,0,0,364455902,18924578,13.83,2.7
217,2026-05-13 16:53:33,1,q82,0,6,162,10125,14441,146993,120133,113,167,0,1456,0,24579,736956,0,0,14750794000,687613437,2417805526,0,0,182486545,4713,4713,0,2152775123,2152775123,0,0,2152775123,439988162,14.52,10.12
218,2026-05-13 16:53:44,1,q83,0,10,49,1023,2420,12016,10571,53,57,0,0,0,894,1561496,0,0,3558133904,50821969,264231616,0,0,402103,73,73,0,5531326,5531326,0,0,5531326,402103,11.75,1.02
219,2026-05-13 16:53:47,1,q84,0,9,57,1395,2252,13179,11295,53,46,0,0,0,667,9713760,0,0,882083136,33729631,129359028,0,0,27798849,47,47,0,145652248,145652248,0,0,145652248,27798849,9.45,1.4
220,2026-05-13 16:53:49,1,q85,0,14,98,3564,19736,51809,42849,155,131,0,2421,0,2729,1649276,0,0,4434954736,84117746,933758186,0,0,11437258,903,903,0,372062316,372062316,0,0,372062316,11437258,14.54,3.56
221,2026-05-13 16:53:54,1,q86,0,5,44,1009,954,12799,10575,46,55,0,0,0,1306,3714241,0,0,3607813520,72278662,435354952,0,0,7501,41,41,0,521174,521174,0,0,521174,7501,12.68,1.01
222,2026-05-13 16:53:56,1,q86a,0,8,49,916,852,10159,8389,73,65,0,224,0,922,3714241,0,0,4146781072,72278662,435354952,0,0,20456,126,126,0,1499880,1499880,0,0,514832,7068,11.09,0.92
223,2026-05-13 16:53:58,1,q87,0,13,351,8287,21908,127671,116039,171,330,2,2112,0,8715,578739,0,0,23373920984,506075174,516856180,0,0,120819579,4930,4930,0,740190070,740190070,0,0,635050060,116819579,15.41,8.29
224,2026-05-13 16:54:07,1,q88,0,26,818,8659,60849,135061,129444,42,492,1,2544,0,138,499902,0,0,2576691200,2304749906,2245153138,0,0,800,800,800,0,47197,47197,0,0,47197,800,15.6,8.66
225,2026-05-13 16:54:17,1,q89,0,8,221,19663,32498,279456,123969,171,238,0,1392,0,164340,1745185,0,0,8354877928,288283839,1537109108,0,0,269046438,1717,1717,0,4912143121,4912143121,0,0,4912143121,269046438,14.21,19.66
226,2026-05-13 16:54:38,1,q90,0,8,86,798,1211,11009,9620,10,48,0,0,0,11,200150,0,0,259051520,144185266,286247368,0,0,80,80,80,0,4720,4720,0,0,4720,80,13.8,0.8
227,2026-05-13 16:54:40,1,q91,0,12,50,733,1324,8076,7179,42,46,0,0,0,599,1032836,0,0,2964310824,19398901,144834443,0,0,2192984,242,242,0,45350044,45350044,0,0,45328060,2192843,11.02,0.73
228,2026-05-13 16:54:41,1,q92,0,7,100,1128,1736,16040,13682,71,101,0,0,0,1852,771327,0,0,3957955072,144280275,873422498,0,0,1672198,696,696,0,21434447,21434447,0,0,21434447,1672198,14.22,1.13
229,2026-05-13 16:54:44,1,q93,0,6,333,61152,140588,955423,383020,295,435,3,2880,0,585225,2969847,0,0,68971117112,316808054,2077795901,0,0,316284326,26211,26211,0,7815370900,7815370900,0,0,7815370900,316284326,15.62,61.15
230,2026-05-13 16:55:46,1,q94,0,8,136,9624,30827,145286,86725,124,157,0,844,0,57536,997780,0,0,16630437440,152275688,755260938,0,0,151171114,3640,3640,0,2240321543,2240321543,0,0,2240321543,151171114,15.1,9.62
231,2026-05-13 16:55:56,1,q95,0,8,163,22819,33356,340168,307576,353,345,0,3084,0,19040,1759018,0,0,49888658408,152275688,717446666,0,0,367104120,14137,14137,0,3290949327,3290949327,0,0,1995058746,151153176,14.91,22.82
232,2026-05-13 16:56:20,1,q96,0,5,104,1157,1149,16716,15860,11,62,0,4,0,14,499730,0,0,319603200,288100390,280795582,0,0,100,100,100,0,5899,5899,0,0,5899,100,14.45,1.16
233,2026-05-13 16:56:23,1,q97,0,5,199,11455,14337,150138,143487,195,263,0,1120,0,5309,823758,0,0,25010894176,432073561,1656572338,0,0,83873546,2006,2006,0,961239745,961239745,0,0,961239745,83873546,13.11,11.46
234,2026-05-13 16:56:35,1,q98,0,8,184,16030,28614,208787,158943,179,218,6,3089,0,53444,6589863,0,0,32109241216,288283437,1748218274,0,0,275228628,7247,7247,0,4146904094,4146904094,0,0,4143264802,275198085,13.02,16.03
235,2026-05-13 16:56:52,1,q99,0,7,87,2431,2413,30752,23790,123,137,0,1568,0,527,1324838,0,0,1632383928,144067238,344542887,0,0,32599,50,50,0,2191785,2191785,0,0,2191785,32599,12.65,2.43
236,2026-05-13 16:56:56,2,q1,0,12,116,2266,3706,30652,26026,132,161,7,1280,0,3039,887723,0,0,7313515256,59676673,456403438,0,0,18384283,751,751,0,277542612,277542612,0,0,277542612,18384283,13.53,2.27
237,2026-05-13 16:56:59,2,q2,0,9,128,3139,3077,44398,35532,194,191,0,1194,0,1702,1294413,0,0,879498664,216214884,669798548,0,0,35347,362,362,0,2673870,2673870,0,0,901000,13701,14.14,3.14
238,2026-05-13 16:57:03,2,q3,0,5,105,1538,1522,21531,15547,152,147,3,848,0,3955,1106484,0,0,398524368,288283437,1741750642,0,0,43002,202,202,0,2702444,2702444,0,0,2702444,43002,14.0,1.54
239,2026-05-13 16:57:06,2,q4,0,25,699,69845,332050,1096989,695230,2144,2015,34,20558,0,363724,1071331,0,0,115346137600,794300709,9144325172,0,0,566100624,25854,25854,0,14421654048,14421654048,0,0,8530726381,341212705,15.71,69.84
240,2026-05-13 16:58:17,2,q5,0,11,327,14476,27122,200142,167035,447,552,0,3736,0,12521,1627905,0,0,8840979776,626496435,4133746708,0,0,78889487,1136,1136,0,1105462275,1105462275,0,0,1105462275,78889487,13.83,14.48
241,2026-05-13 16:58:33,2,q5a,0,14,332,14941,30792,204244,170153,571,602,0,5446,0,9640,1629539,0,0,9312838808,626496435,4133746708,0,0,78892792,1146,1146,0,1105699887,1105699887,0,0,1105491135,78889358,13.67,14.94
242,2026-05-13 16:58:49,2,q6,0,12,177,9493,21708,140115,126178,162,216,0,2540,0,9405,1319920,0,0,29655044296,291560486,1106015234,0,0,273569765,4943,4943,0,2411983064,2411983064,0,0,2411983064,273569765,14.76,9.49
243,2026-05-13 16:58:59,2,q7,0,13,153,8542,15674,127769,108183,830,706,22,9213,0,9629,1561496,0,0,3327833688,290279286,3267485113,0,0,53828203,521,521,0,1572117022,1572117022,0,0,1572117022,53828203,14.96,8.54
244,2026-05-13 16:59:09,2,q8,0,12,156,2111,3982,30635,27848,63,132,0,432,0,1801,596540,0,0,4699737736,292079839,1040308034,0,0,9745839,320,320,0,80860242,80860242,0,0,80860242,9745839,14.51,2.11
245,2026-05-13 16:59:12,2,q9,0,31,1516,21566,322365,336614,315885,2761,3220,3,9157,0,707,486370,0,0,0,4320095875,9702793557,0,0,1500,1500,1500,0,94560,94560,0,0,94560,1500,15.61,21.57
246,2026-05-13 16:59:35,2,q10,0,11,271,2838,6948,40992,32971,71,203,0,1120,0,7362,494258,0,0,5950222984,508995974,534155978,0,0,22980851,2665,2665,0,107587382,107587382,0,0,107587382,22980851,14.44,2.84
247,2026-05-13 16:59:39,2,q10a,0,10,271,2170,3808,29899,28093,66,211,0,0,0,3965,884479,0,0,4673913312,508995974,534155978,0,0,22779154,2665,2665,0,107362439,107362439,0,0,107362439,22779154,13.78,2.17
248,2026-05-13 16:59:42,2,q11,0,15,378,27300,87331,430933,377966,535,624,0,9728,0,33507,747100,0,0,96265954592,362154099,1995408278,0,0,699960358,16553,16553,0,9208035628,9208035628,0,0,4755214457,353418106,15.79,27.3
249,2026-05-13 17:00:10,2,q12,0,7,68,4217,7310,54433,46206,72,68,1,768,0,6520,268870,0,0,9222228056,72278662,444255560,0,0,72106021,825,825,0,1083589609,1083589609,0,0,1083589609,72106021,12.91,4.22
250,2026-05-13 17:00:16,2,q13,0,14,132,4625,13097,68336,58741,692,547,1,4285,0,2184,1914208,0,0,938682560,291088088,3998582767,0,0,740937,124,124,0,21472290,21472290,0,0,21472290,740937,14.78,4.62
251,2026-05-13 17:00:21,2,q14a,0,30,906,73285,253252,1124111,407731,1368,1601,13,6106,0,717380,4318674,0,0,41592349952,1513041522,6516286368,0,0,622772823,5384,5384,0,8835519080,8835519080,0,0,8829873692,622636851,15.34,73.28
252,2026-05-13 17:01:37,2,q14b,0,25,821,56007,290965,860664,341536,1347,1486,0,4756,0,510690,4580988,0,0,46263177240,1297191883,5175477220,0,0,681766191,5510,5510,0,10375262725,10375262725,0,0,5413022316,406720839,15.37,56.01
253,2026-05-13 17:02:35,2,q14,0,25,811,49823,267493,770826,318720,1573,1564,0,4575,0,442869,4581633,0,0,45362385304,1297191883,5175477220,0,0,680744695,4511,4511,0,10278741349,10278741349,0,0,5316500940,405699343,15.47,49.82
254,2026-05-13 17:03:26,2,q15,0,7,138,15970,23536,213003,150377,103,131,0,2516,0,52270,409560,0,0,27139515144,147067173,476461604,0,0,288833756,2610,2610,0,2528737868,2528737868,0,0,2528737868,288833756,13.34,15.97
255,2026-05-13 17:03:43,2,q16,0,8,276,14237,46873,219136,175979,451,440,0,6186,3,26428,2496385,0,0,41785807200,303459149,1637288222,0,0,301125284,17100,17100,0,4308531096,4308531096,0,0,4308531096,301125284,15.39,14.24
256,2026-05-13 17:03:58,2,q17,0,10,455,130490,482316,2054999,438981,320,518,4,3744,0,1615322,13880723,0,0,67548164624,461152623,2487085494,0,0,455396321,38027,38027,0,11102906661,11102906661,0,0,11102906661,455396321,15.75,130.49
257,2026-05-13 17:06:10,2,q18,0,13,221,18090,82417,272852,130175,243,246,0,8685,0,113171,9713889,0,0,10620901464,151112773,2141014161,0,0,159482755,2038,2038,0,4710951961,4710951961,0,0,4710951961,159482755,15.08,18.09
258,2026-05-13 17:06:29,2,q18a,0,23,302,32767,298372,513992,160999,391,445,0,5047,0,348430,9713760,0,0,33446629456,154316773,2158961281,0,0,204535227,7298,7298,0,6033670206,6033670206,0,0,4719548882,160018999,15.69,32.77
259,2026-05-13 17:07:03,2,q19,0,11,168,2739,4879,39711,33189,88,145,0,640,0,6628,494989,0,0,5840248568,291283839,2005031778,0,0,11817289,896,896,0,226663994,226663994,0,0,226663994,11817289,14.5,2.74
260,2026-05-13 17:07:07,2,q20,0,7,120,13209,31016,194874,78609,72,112,0,544,0,113335,432759,0,0,17559457360,144271173,839612600,0,0,143395506,2512,2512,0,1673268059,1673268059,0,0,1673268059,143395506,14.75,13.21
261,2026-05-13 17:07:21,2,q21,0,5,24,2068,2057,26203,22243,27,30,0,276,0,12,274789,0,0,217853776,399607064,1594859590,0,0,95955,1,1,0,1951830,1951830,0,0,1951830,95955,12.67,2.07
262,2026-05-13 17:07:24,2,q22,0,7,57,75089,75273,873117,848459,104,73,0,11518,0,1492,320176,0,0,10466679912,399607064,1594470470,0,0,80173222,390,390,0,849064752,849064752,0,0,849064752,80173222,11.63,75.09
263,2026-05-13 17:08:40,2,q22a,0,11,82,8632,9428,79821,69328,133,124,0,938,0,3259,511504,0,0,14726520280,399607064,1594933318,0,0,80581076,684,684,0,1060993341,1060993341,0,0,1034085325,80173152,9.25,8.63
264,2026-05-13 17:08:50,2,q23a,0,17,711,63411,124682,991108,884655,1457,1430,6,19732,0,59729,13146642,0,0,142150849472,1082438048,4579194770,0,0,639658229,36097,36097,0,15131554150,15131554150,0,0,14753013193,612246607,15.63,63.41
265,2026-05-13 17:09:55,2,q23b,0,20,747,62366,126000,975616,915717,1493,1542,17,11492,0,54493,13146642,0,0,171886623048,1084438048,4592285178,0,0,688270095,50562,50562,0,15931359084,15931359084,0,0,14797169266,613634385,15.64,62.37
266,2026-05-13 17:10:58,2,q24,0,12,371,16347,61573,237461,182131,327,450,0,1568,0,62480,3699890,0,0,50686787392,320012401,2127786170,0,0,300409241,24419,24419,0,7145032616,7145032616,0,0,7145032616,300409241,14.53,16.35
267,2026-05-13 17:11:16,2,q24a,0,20,626,74914,380969,1158598,257381,661,800,2,2679,0,914365,3700406,0,0,107570656736,320216401,2119501172,0,0,611254554,52665,52665,0,14775960898,14775960898,0,0,7667539932,310999280,15.47,74.91
268,2026-05-13 17:12:32,2,q24b,0,21,612,70114,357501,1086273,245397,560,773,3,2064,0,853722,3698901,0,0,105559095376,320216401,2119501172,0,0,611115102,52528,52528,0,14763210580,14763210580,0,0,7654789614,310859828,15.49,70.11
269,2026-05-13 17:13:43,2,q25,0,10,455,118502,538227,1866974,435611,282,494,6,3448,0,1438222,13880723,0,0,67480983384,461152623,3445961902,0,0,455396296,38016,38016,0,11352290153,11352290153,0,0,11352290153,455396296,15.75,118.5
270,2026-05-13 17:15:43,2,q26,0,9,165,17906,75925,272499,101954,143,178,0,3216,0,159142,1561539,0,0,3215695544,146192973,1676473975,0,0,143110851,243,243,0,3936796619,3936796619,0,0,3936796619,143110851,15.22,17.91
271,2026-05-13 17:16:02,2,q27,0,13,134,5959,11183,88225,76219,571,572,1,4216,0,4102,1561496,0,0,1871504496,290278090,2961728789,0,0,6531992,195,195,0,171248941,171248941,0,0,171248941,6531992,14.81,5.96
272,2026-05-13 17:16:09,2,q27a,0,17,172,6185,12193,92618,81676,673,671,2,4336,0,8216,1561496,0,0,3508711432,290482492,2962486469,0,0,19007145,431,431,0,496409433,496409433,0,0,169914355,6471347,14.97,6.18
273,2026-05-13 17:16:16,2,q28,0,18,679,24949,148503,394263,354028,2063,2031,6,7897,0,35912,542685,0,0,40844379952,1728038328,10550338104,0,0,4703800,7373,7373,0,76893877,76893877,0,0,76893877,4703800,15.8,24.95
274,2026-05-13 17:16:42,2,q29,0,11,456,98084,431136,1543781,430011,292,503,1,3056,0,1128564,13880723,0,0,67481299384,461225672,2487565246,0,0,455396359,38035,38035,0,11102913775,11102913775,0,0,11102913775,455396359,15.74,98.08
275,2026-05-13 17:18:21,2,q30,0,16,135,1892,4389,26308,21797,124,149,0,0,0,4100,3485263,0,0,11829421592,19471827,231463322,0,0,10759655,1052,1052,0,346545150,346545150,0,0,346545150,10759655,13.9,1.89
276,2026-05-13 17:18:24,2,q31,0,25,537,8062,46068,124520,94864,212,446,0,2992,0,21144,496150,0,0,18345596968,1081243150,4107137060,0,0,44349624,7551,7551,0,437154450,437154450,0,0,356517483,39498473,15.45,8.06
277,2026-05-13 17:18:33,2,q32,0,7,167,1313,2467,18542,15505,99,155,0,0,0,550,1348293,0,0,608193728,288265297,1664005506,0,0,350080,90,90,0,4605586,4605586,0,0,4605586,350080,14.12,1.31
278,2026-05-13 17:18:36,2,q33,0,9,231,2819,6359,40621,36530,282,322,0,752,0,4034,1854368,0,0,8551312072,505483174,3389901228,0,0,140265,246,246,0,3533209,3533209,0,0,3533209,140265,14.41,2.82
279,2026-05-13 17:18:40,2,q34,0,9,135,2339,2776,32615,30736,135,169,0,0,0,2318,1381857,0,0,504117552,290087039,552697610,0,0,4031113,130,130,0,135779937,135779937,0,0,68692258,2031113,13.94,2.34
280,2026-05-13 17:18:43,2,q35,0,12,304,4256,7990,60232,53326,161,282,5,1968,0,5598,586592,0,0,13764348952,508995974,532797158,0,0,62628742,3651,3651,0,161556141,161556141,0,0,161556141,62628742,14.15,4.26
281,2026-05-13 17:18:48,2,q35a,0,11,304,3850,5478,53546,48916,158,285,0,688,0,5664,885425,0,0,12908711344,508995974,532797158,0,0,62645069,3651,3651,0,161542892,161542892,0,0,161542892,62645069,13.91,3.85
282,2026-05-13 17:18:53,2,q36,0,6,105,2251,2180,31166,27093,112,152,0,128,0,1275,3714241,0,0,8922882160,288283839,2669530228,0,0,16094,101,101,0,1304706,1304706,0,0,1304706,16094,13.85,2.25
283,2026-05-13 17:18:57,2,q36a,0,9,110,2307,2258,30677,28660,115,157,0,819,0,1866,3714241,0,0,9461850032,288283839,2669530228,0,0,44513,306,306,0,3722869,3722869,0,0,1257107,15087,13.3,2.31
284,2026-05-13 17:19:00,2,q37,0,6,127,6065,9202,80560,77980,73,112,0,1287,0,4509,453647,0,0,8354801792,543601173,1997447148,0,0,110406549,2417,2417,0,1414353688,1414353688,0,0,1414353688,295975871,13.28,6.06
285,2026-05-13 17:19:07,2,q38,0,13,351,8439,22527,130516,118459,183,329,6,1057,0,8042,578739,0,0,23373920984,506075174,516856180,0,0,120819579,4930,4930,0,740190070,740190070,0,0,635050060,116819579,15.47,8.44
286,2026-05-13 17:19:17,2,q39a,0,11,98,4982,8950,56857,52982,198,172,0,416,0,1053,2464085,0,0,5156915760,799010113,3187191398,0,0,4703618,85,85,0,112366429,112366429,0,0,75919735,3173618,11.41,4.98
287,2026-05-13 17:19:23,2,q39b,0,11,97,4576,8219,51219,48397,188,175,0,875,0,670,1036381,0,0,4773464624,799010113,3187191398,0,0,4594459,85,85,0,109301092,109301092,0,0,72854398,3064459,11.19,4.58
288,2026-05-13 17:19:28,2,q40,0,8,149,8415,23839,123438,113532,152,184,0,2007,0,10262,1025311,0,0,24442330840,158669010,991554348,0,0,157478827,4755,4755,0,3042545985,3042545985,0,0,3042545985,157478827,14.67,8.41
289,2026-05-13 17:19:38,2,q41,0,4,4,228,194,176,160,6,5,0,0,0,13,13527,0,0,269488032,408000,2017652,0,0,292,2,2,0,19225,19225,0,0,19225,292,0.77,0.23
290,2026-05-13 17:19:39,2,q42,0,4,103,1069,1061,15671,15009,101,131,0,0,0,369,1102571,0,0,4275853344,288283437,1741427022,0,0,1059,100,100,0,88397,88397,0,0,88397,1059,14.66,1.07
291,2026-05-13 17:19:41,2,q43,0,4,103,2122,2100,30890,29010,115,143,2,560,0,1190,1103861,0,0,303914184,288079839,721265878,0,0,11900,100,100,0,1353429,1353429,0,0,1353429,11900,14.56,2.12
292,2026-05-13 17:19:44,2,q44,0,8,236,2576,2740,37864,29992,240,283,0,1376,0,3608,3432039,0,0,11324604072,576216776,2859458594,0,0,2616272,3332,3332,0,35014545,35014545,0,0,17513938,1308362,14.7,2.58
293,2026-05-13 17:19:48,2,q45,0,9,93,7110,16006,92862,82517,87,96,0,1356,0,8093,1561539,0,0,18568166344,75482662,418217397,0,0,146949311,1341,1341,0,2126443351,2126443351,0,0,2126443351,146949311,13.06,7.11
294,2026-05-13 17:19:56,2,q46,0,12,165,5379,5788,79008,69789,299,278,0,4186,0,4296,5468127,0,0,5291431320,291087039,1886906460,0,0,5222376,1812,1812,0,116650200,116650200,0,0,102278687,4252333,14.69,5.38
295,2026-05-13 17:20:03,2,q47,0,11,165,5458,6400,77326,71923,227,257,1,642,0,4917,4610732,0,0,14671169864,288283839,1536773236,0,0,20520741,3847,3847,0,801434583,801434583,0,0,410111877,10492204,14.17,5.46
296,2026-05-13 17:20:09,2,q48,0,9,129,7860,21275,118178,109737,133,176,0,4896,0,6074,2409952,0,0,972086040,291000639,2214719143,0,0,42651137,123,123,0,1005842145,1005842145,0,0,1005842145,42651137,15.04,7.86
297,2026-05-13 17:20:18,2,q49,0,18,333,11130,43611,169197,156537,190,314,0,2505,0,14885,2330080,0,0,7967617104,554473996,5651852114,0,0,151964006,311,311,0,3382498675,3382498675,0,0,3382498675,151964006,15.2,11.13
298,2026-05-13 17:20:30,2,q50,0,8,330,40393,160824,630935,160139,395,531,0,1680,0,475609,4077536,0,0,62443797224,316954499,1483899822,0,0,292659773,25280,25280,0,6486733286,6486733286,0,0,6486733286,292659773,15.62,40.39
299,2026-05-13 17:21:12,2,q51,0,10,244,14818,23000,211775,196527,306,368,5,2401,0,14341,824833,0,0,29826097864,360081050,1827606082,0,0,173923508,3842,3842,0,2939139272,2939139272,0,0,2939139272,173923508,14.29,14.82
300,2026-05-13 17:21:28,2,q51a,0,14,315,250467,292422,3257934,3195692,520,583,0,17270,0,20000,823973,0,0,73983717904,360081050,1827606082,0,0,313992514,4882,4882,0,5206647559,5206647559,0,0,3938125725,247599251,13.01,250.47
301,2026-05-13 17:25:39,2,q52,0,5,106,1296,1283,18328,16029,115,149,18,208,0,2368,1103345,0,0,4410595312,288283437,1741754702,0,0,56873,303,303,0,3229758,3229758,0,0,3229758,56873,14.14,1.3
302,2026-05-13 17:25:42,2,q53,0,6,110,1941,1921,27338,25352,116,154,5,489,0,2703,1382545,0,0,865296216,288283839,1537506456,0,0,324087,606,606,0,6834395,6834395,0,0,6834395,324087,14.08,1.94
303,2026-05-13 17:25:45,2,q54,0,17,301,11655,31771,170486,160620,176,313,1,2862,0,10698,983595,0,0,34158724696,507498723,1949922514,0,0,291951373,5194,5194,0,2749263193,2749263193,0,0,2749263193,291951373,14.63,11.66
304,2026-05-13 17:25:57,2,q55,0,5,105,1302,1289,18056,15685,118,141,0,647,0,2501,1103216,0,0,7094686768,288283437,1741754702,0,0,43008,202,202,0,2504732,2504732,0,0,2504732,43008,13.87,1.3
305,2026-05-13 17:26:00,2,q56,0,9,230,2934,6572,41952,36927,239,309,0,720,0,3744,1854368,0,0,6758593232,505483174,3390364076,0,0,78464,145,145,0,2864472,2864472,0,0,2864472,78464,14.3,2.93
306,2026-05-13 17:26:04,2,q57,0,11,152,2770,3534,37074,30397,216,236,0,1008,0,2405,4610732,0,0,9768835904,144271203,719811720,0,0,1882447,1298,1298,0,76781779,76781779,0,0,53005620,1287630,13.38,2.77
307,2026-05-13 17:26:08,2,q58,0,10,243,2849,6985,42007,38944,285,343,0,0,0,3922,1644128,0,0,19730899648,504425272,3009322542,0,0,2376775,2398,2398,0,36037027,36037027,0,0,36037027,2376775,14.74,2.85
308,2026-05-13 17:26:12,2,q59,0,10,141,5883,6305,77534,72578,146,192,0,1168,0,3627,825650,0,0,9819229416,288226339,721563224,0,0,10227960,3434,3434,0,318130195,318130195,0,0,159984714,5187345,13.18,5.88
309,2026-05-13 17:26:19,2,q60,0,9,236,3067,6995,44444,40250,258,341,0,672,0,3412,1854368,0,0,13674264184,505483174,3390298540,0,0,553663,691,691,0,10646652,10646652,0,0,10646652,553663,14.49,3.07
310,2026-05-13 17:26:23,2,q61,0,12,253,4561,8819,70655,65554,105,233,0,1664,0,4923,1854368,0,0,6560744544,579291227,4360085292,0,0,11321881,3774,3774,0,152501497,152501497,0,0,132205493,9321881,15.49,4.56
311,2026-05-13 17:26:29,2,q62,0,6,45,1323,1309,18770,16769,47,56,0,0,0,964,664354,0,0,245764904,72074721,246070777,0,0,14400,40,40,0,1319317,1319317,0,0,1319317,14400,14.19,1.32
312,2026-05-13 17:26:31,2,q63,0,6,107,1971,1948,28036,24348,129,158,2,1024,0,2983,1383233,0,0,797335408,288283839,1537445016,0,0,119054,303,303,0,3234733,3234733,0,0,3234733,119054,14.22,1.97
313,2026-05-13 17:26:34,2,q64,0,55,610,33693,138107,509471,434134,1880,1654,0,46000,0,19351,2409512,0,0,24856826104,768909000,8415829501,0,0,244146938,5566,5566,0,3746885734,3746885734,0,0,3100073287,198417039,15.12,33.69
314,2026-05-13 17:27:09,2,q65,0,11,273,14034,26702,212435,173416,490,473,8,5820,0,15283,827886,0,0,26129889408,576290227,3078779468,0,0,143020213,3757,3757,0,3463999620,3463999620,0,0,3463999620,143020213,15.14,14.03
315,2026-05-13 17:27:24,2,q66,0,8,127,3609,4569,50204,35044,372,296,0,2224,0,270,1323376,0,0,4724854960,216155221,1749129673,0,0,885,59,59,0,423776,423776,0,0,423776,885,13.91,3.61
316,2026-05-13 17:27:29,2,q67,0,8,169,48011,48181,652731,596012,195,224,0,9124,0,10759,785520,0,0,50941077272,288283839,1809603736,0,0,103430035,3325,3325,0,3748713555,3748713555,0,0,3748713555,103430035,13.6,48.01
317,2026-05-13 17:28:18,2,q67a,0,16,553,72559,230839,1116405,1019366,1665,1522,1,11697,0,52350,3921878,0,0,188499920024,288283839,1809603736,0,0,526145788,13492,13492,0,25126232148,25126232148,0,0,6904704516,151999492,15.39,72.56
318,2026-05-13 17:29:32,2,q68,0,12,157,4642,4986,69201,51446,92,149,0,1840,0,3064,1356286,0,0,3755850888,291087039,3012126804,0,0,4229984,1708,1708,0,102010109,102010109,0,0,87638596,3259941,14.91,4.64
319,2026-05-13 17:29:38,2,q69,0,11,271,2529,5826,35541,31731,69,202,0,600,0,4662,504651,0,0,5709654800,508995974,533476810,0,0,18050359,2648,2648,0,100057072,100057072,0,0,100057072,18050359,14.05,2.53
320,2026-05-13 17:29:41,2,q70,0,9,207,3686,3628,53136,50827,225,306,0,1008,0,706,2085976,0,0,7520172584,576086629,2049157256,0,0,3221,202,202,0,236975,236975,0,0,236975,3221,14.42,3.69
321,2026-05-13 17:29:46,2,q70a,0,12,212,3130,3020,43609,42060,241,309,0,592,0,660,2079688,0,0,1281146016,576086629,2049157256,0,0,4050,407,407,0,343348,343348,0,0,165400,2250,13.93,3.13
322,2026-05-13 17:29:50,2,q71,0,7,237,2780,2714,38807,33928,344,385,0,1120,0,4117,4149997,0,0,4768025808,504365574,3243811666,0,0,276608,1740,1740,0,14440125,14440125,0,0,8278761,169054,13.96,2.78
323,2026-05-13 17:29:54,2,q72,0,16,357,199304,382966,3071639,2307121,540,616,2,2912,0,754551,13146599,0,0,82523784096,560074108,2918889632,0,0,538047872,23879,23879,0,9676295239,9676295239,0,0,9676295239,538047872,15.41,199.3
324,2026-05-13 17:33:14,2,q73,0,9,135,2225,2444,31455,29811,122,156,0,143,0,1945,1381771,0,0,501137872,290087039,552697610,0,0,4016581,130,130,0,135101187,135101187,0,0,68013508,2016581,14.14,2.22
325,2026-05-13 17:33:18,2,q74,0,15,372,21718,72907,343161,310626,429,525,1,4192,0,17764,747143,0,0,90607299856,362154099,1378722710,0,0,699960358,16151,16151,0,7000072686,7000072686,0,0,3595135458,353418106,15.8,21.72
326,2026-05-13 17:33:41,2,q75,0,20,575,14145,52658,217416,186739,388,600,0,4971,0,21265,815823,0,0,24640192976,1058753170,7834258164,0,0,140054991,4858,4858,0,3124293933,3124293933,0,0,2106315257,89656169,15.37,14.14
327,2026-05-13 17:33:56,2,q76,0,5,225,3098,3028,45021,32349,464,420,7,1680,0,4607,3574716,0,0,18212205328,504279174,3280482246,0,0,29370,442,442,0,2390946,2390946,0,0,2390946,29370,14.53,3.1
328,2026-05-13 17:34:00,2,q77,0,14,270,4056,19022,58425,42870,367,379,2,2099,0,6098,1106312,0,0,1260363280,554476438,3721794676,0,0,79773,185,185,0,2925926,2925926,0,0,2925926,79773,14.4,4.06
329,2026-05-13 17:34:05,2,q77a,0,17,275,3997,17732,53895,40204,321,364,5,2016,0,5835,1106699,0,0,1866439984,554476438,3721794676,0,0,80022,197,197,0,3092382,3092382,0,0,2921770,77548,13.48,4.0
330,2026-05-13 17:34:11,2,q78,0,15,479,77288,254830,1209945,400796,727,877,0,7264,0,816016,1820288,0,0,94462501856,554620094,4720970098,0,0,406636630,22041,22041,0,11364756495,11364756495,0,0,11364756495,406636630,15.66,77.29
331,2026-05-13 17:35:29,2,q79,0,8,148,5094,5375,76386,64262,429,374,17,3055,0,5959,1385985,0,0,10620768024,290087039,1875590930,0,0,3605125,2176,2176,0,110390087,110390087,0,0,110390087,3605125,15.0,5.09
332,2026-05-13 17:35:35,2,q80,0,23,435,50195,176356,785212,382553,1138,1180,0,5216,0,405358,2328704,0,0,54884401176,554977871,6226753010,0,0,265494087,13405,13405,0,7544340812,7544340812,0,0,7544340812,265494087,15.64,50.2
333,2026-05-13 17:36:27,2,q80a,0,26,440,67050,264468,1052683,359010,1501,1199,3,6949,0,689219,2328446,0,0,55356260208,554977871,6226753010,0,0,265493759,13420,13420,0,7544510242,7544510242,0,0,7544288542,265491829,15.7,67.05
334,2026-05-13 17:37:35,2,q81,0,16,161,2822,5760,39375,27905,204,217,0,304,0,8340,713915,0,0,16970831448,33868693,346983193,0,0,18924578,1666,1666,0,364455902,364455902,0,0,364455902,18924578,13.95,2.82
335,2026-05-13 17:37:39,2,q82,0,6,162,10173,14136,149992,121251,140,173,3,4695,0,11211,737773,0,0,14750794000,687613437,2417805526,0,0,182486545,4713,4713,0,2152775123,2152775123,0,0,2152775123,439988162,14.74,10.17
336,2026-05-13 17:37:50,2,q83,0,10,49,1374,3199,15726,12320,54,57,0,280,0,987,1561496,0,0,3558133904,50821969,264231616,0,0,402103,73,73,0,5531326,5531326,0,0,5531326,402103,11.45,1.37
337,2026-05-13 17:37:53,2,q84,0,9,57,1597,2753,14677,11773,83,48,0,224,0,952,9713760,0,0,882083136,33729631,129359028,0,0,27798849,47,47,0,145652248,145652248,0,0,145652248,27798849,9.19,1.6
338,2026-05-13 17:37:55,2,q85,0,14,98,3472,19006,50727,42129,168,152,0,2370,0,2811,1649276,0,0,4434954736,84117746,933758186,0,0,11437258,903,903,0,372062316,372062316,0,0,372062316,11437258,14.61,3.47
339,2026-05-13 17:38:00,2,q86,0,5,44,1065,1010,13709,12523,40,51,0,0,0,880,3714241,0,0,3607813520,72278662,435354952,0,0,7501,41,41,0,521174,521174,0,0,521174,7501,12.87,1.06
340,2026-05-13 17:38:02,2,q86a,0,8,49,1003,920,10892,8561,51,57,0,416,0,1857,3714241,0,0,4146781072,72278662,435354952,0,0,20456,126,126,0,1499880,1499880,0,0,514832,7068,10.86,1.0
341,2026-05-13 17:38:04,2,q87,0,13,351,8382,21959,129094,114318,174,323,0,1344,0,8876,578739,0,0,23373920984,506075174,516856180,0,0,120819579,4930,4930,0,740190070,740190070,0,0,635050060,116819579,15.4,8.38
342,2026-05-13 17:38:14,2,q88,0,26,818,8660,60330,134311,121709,100,505,3,3616,0,125,500590,0,0,2576691200,2304749906,2245153138,0,0,800,800,800,0,47197,47197,0,0,47197,800,15.51,8.66
343,2026-05-13 17:38:23,2,q89,0,8,221,9532,15858,143307,131812,190,250,0,1504,0,18402,1745099,0,0,8354877928,288283839,1537109108,0,0,269046438,1717,1717,0,4912143121,4912143121,0,0,4912143121,269046438,15.03,9.53
344,2026-05-13 17:38:34,2,q90,0,8,86,765,1200,10971,9840,10,46,0,0,0,10,200150,0,0,259051520,144185266,286247368,0,0,80,80,80,0,4720,4720,0,0,4720,80,14.34,0.76
345,2026-05-13 17:38:36,2,q91,0,12,50,953,1631,10630,7894,34,48,0,752,0,1178,1032836,0,0,2964310824,19398901,144834443,0,0,2192984,242,242,0,45350044,45350044,0,0,45328060,2192843,11.15,0.95
346,2026-05-13 17:38:38,2,q92,0,7,100,1327,2028,19190,13892,101,105,0,448,0,2484,771327,0,0,3957955072,144280275,873422498,0,0,1672198,696,696,0,21434447,21434447,0,0,21434447,1672198,14.46,1.33
347,2026-05-13 17:38:40,2,q93,0,6,333,46506,98699,732095,381013,310,448,2,2368,0,354420,2970019,0,0,68971117112,316808054,2077795901,0,0,316284326,26211,26211,0,7815370900,7815370900,0,0,7815370900,316284326,15.74,46.51
348,2026-05-13 17:39:28,2,q94,0,8,136,6871,18775,102958,94557,154,178,0,1312,0,7236,998554,0,0,16630437440,152275688,755260938,0,0,151171114,3640,3640,0,2240321543,2240321543,0,0,2240321543,151171114,14.98,6.87
349,2026-05-13 17:39:36,2,q95,0,8,163,22703,33763,338464,305131,412,367,4,4401,0,8983,1759061,0,0,49888658408,152275688,717446666,0,0,367104120,14137,14137,0,3290949327,3290949327,0,0,1995058746,151153176,14.91,22.7
350,2026-05-13 17:40:00,2,q96,0,5,104,1123,1116,15875,14928,14,63,0,0,0,14,499902,0,0,319603200,288100390,280795582,0,0,100,100,100,0,5899,5899,0,0,5899,100,14.14,1.12
351,2026-05-13 17:40:02,2,q97,0,5,199,11899,15290,157822,143226,265,283,4,1973,0,6783,827499,0,0,25010894176,432073561,1656572338,0,0,83873546,2006,2006,0,961239745,961239745,0,0,961239745,83873546,13.26,11.9
352,2026-05-13 17:40:15,2,q98,0,8,184,12369,23967,179728,160199,203,222,7,3228,0,18674,6589863,0,0,32109241216,288283437,1748218274,0,0,275228628,7247,7247,0,4146904094,4146904094,0,0,4143264802,275198085,14.53,12.37
353,2026-05-13 17:40:28,2,q99,0,7,87,2028,2010,26200,22105,98,121,0,300,0,419,1322215,0,0,1632383928,144067238,344542887,0,0,32599,50,50,0,2191785,2191785,0,0,2191785,32599,12.92,2.03
354,2026-05-13 17:40:31,3,q1,0,12,116,1832,3026,25282,22712,114,134,0,420,0,2978,887723,0,0,7313515256,59676673,456403438,0,0,18384283,751,751,0,277542612,277542612,0,0,277542612,18384283,13.8,1.83
355,2026-05-13 17:40:34,3,q2,0,9,128,2668,2614,37598,35563,129,173,0,464,0,1299,1292177,0,0,879498664,216214884,669798548,0,0,35347,362,362,0,2673870,2673870,0,0,901000,13701,14.09,2.67
356,2026-05-13 17:40:38,3,q3,0,5,105,1632,1604,22857,16609,150,159,4,864,0,3664,1106398,0,0,398524368,288283437,1741750642,0,0,43002,202,202,0,2702444,2702444,0,0,2702444,43002,14.01,1.63
357,2026-05-13 17:40:40,3,q4,0,25,699,70348,337874,1116515,703799,1891,1878,0,14713,0,372184,1071331,0,0,115346137600,794300709,9144325172,0,0,566100624,25854,25854,0,14421654048,14421654048,0,0,8530726381,341212705,15.87,70.35
358,2026-05-13 17:41:52,3,q5,0,11,327,14397,26737,198640,170037,534,582,1,4016,0,6483,1629195,0,0,8840979776,626496435,4133746708,0,0,78889487,1136,1136,0,1105462275,1105462275,0,0,1105462275,78889487,13.8,14.4
359,2026-05-13 17:42:08,3,q5a,0,14,332,14781,30582,200903,169096,591,604,27,4642,0,9224,1629625,0,0,9312838808,626496435,4133746708,0,0,78892792,1146,1146,0,1105699887,1105699887,0,0,1105491135,78889358,13.59,14.78
360,2026-05-13 17:42:24,3,q6,0,12,177,9682,22081,144795,130686,170,225,0,2605,0,9703,1319920,0,0,29655044296,291560486,1106015234,0,0,273569765,4943,4943,0,2411983064,2411983064,0,0,2411983064,273569765,14.96,9.68
361,2026-05-13 17:42:34,3,q7,0,13,153,8276,15237,122719,106284,741,671,0,7598,0,8524,1561496,0,0,3327833688,290279286,3267485113,0,0,53828203,521,521,0,1572117022,1572117022,0,0,1572117022,53828203,14.83,8.28
362,2026-05-13 17:42:44,3,q8,0,12,156,1994,3698,28707,27267,58,133,0,0,0,1391,596540,0,0,4699737736,292079839,1040308034,0,0,9745839,320,320,0,80860242,80860242,0,0,80860242,9745839,14.4,1.99
363,2026-05-13 17:42:47,3,q9,0,31,1516,21869,326649,341600,314952,2784,3177,9,10225,0,745,486413,0,0,0,4320095875,9702793557,0,0,1500,1500,1500,0,94560,94560,0,0,94560,1500,15.62,21.87
364,2026-05-13 17:43:10,3,q10,0,11,271,2848,6789,41500,36515,70,200,0,1136,0,4160,494258,0,0,5950222984,508995974,534155978,0,0,22980851,2665,2665,0,107587382,107587382,0,0,107587382,22980851,14.57,2.85
365,2026-05-13 17:43:14,3,q10a,0,10,271,2171,3969,29991,28496,64,211,0,0,0,3980,884608,0,0,4673913312,508995974,534155978,0,0,22779154,2665,2665,0,107362439,107362439,0,0,107362439,22779154,13.81,2.17
366,2026-05-13 17:43:17,3,q11,0,15,378,26212,84426,412463,380035,581,645,0,7244,2,21490,747100,0,0,96265954592,362154099,1995408278,0,0,699960358,16553,16553,0,9208035628,9208035628,0,0,4755214457,353418106,15.74,26.21
367,2026-05-13 17:43:44,3,q12,0,7,68,3921,6705,49690,45244,51,62,0,496,0,4752,268870,0,0,9222228056,72278662,444255560,0,0,72106021,825,825,0,1083589609,1083589609,0,0,1083589609,72106021,12.67,3.92
368,2026-05-13 17:43:49,3,q13,0,14,132,4766,13619,71401,58745,757,531,0,3504,0,2768,1914208,0,0,938682560,291088088,3998582767,0,0,740937,124,124,0,21472290,21472290,0,0,21472290,740937,14.98,4.77
369,2026-05-13 17:43:55,3,q14a,0,30,906,60996,223179,924692,400699,1370,1560,6,6783,0,512338,4317943,0,0,41592349952,1513041522,6516286368,0,0,622772823,5384,5384,0,8835519080,8835519080,0,0,8829873692,622636851,15.16,61.0
370,2026-05-13 17:44:59,3,q14b,0,25,821,38438,160253,578131,348566,1322,1481,0,4857,0,225409,4580945,0,0,46263177240,1297191883,5175477220,0,0,681766191,5510,5510,0,10375262725,10375262725,0,0,5413022316,406720839,15.04,38.44
371,2026-05-13 17:45:38,3,q14,0,25,811,50499,273058,780020,336560,1515,1660,0,3456,0,448912,4581504,0,0,45362385304,1297191883,5175477220,0,0,680744695,4511,4511,0,10278741349,10278741349,0,0,5316500940,405699343,15.45,50.5
372,2026-05-13 17:46:30,3,q15,0,7,138,12797,21177,166329,141124,90,133,0,2208,0,23325,409474,0,0,27139515144,147067173,476461604,0,0,288833756,2610,2610,0,2528737868,2528737868,0,0,2528737868,288833756,13.0,12.8
373,2026-05-13 17:46:44,3,q16,0,8,276,31663,122693,493843,158945,361,439,0,4300,0,334020,2496557,0,0,41785807200,303459149,1637288222,0,0,301125284,17100,17100,0,4308531096,4308531096,0,0,4308531096,301125284,15.6,31.66
374,2026-05-13 17:47:17,3,q17,0,10,455,141045,556160,2242671,429482,278,491,4,3312,0,1790478,13880723,0,0,67548164624,461152623,2487085494,0,0,455396321,38027,38027,0,11102906661,11102906661,0,0,11102906661,455396321,15.9,141.04
375,2026-05-13 17:49:39,3,q18,0,13,221,49804,314545,777902,119536,166,222,0,3840,0,657902,9713760,0,0,10620901464,151112773,2141014161,0,0,159482755,2038,2038,0,4710951961,4710951961,0,0,4710951961,159482755,15.62,49.8
376,2026-05-13 17:50:30,3,q18a,0,23,302,45490,434946,714643,142520,310,408,0,3792,0,562420,9713760,0,0,33446629456,154316773,2158961281,0,0,204535227,7298,7298,0,6033670206,6033670206,0,0,4719548882,160018999,15.71,45.49
377,2026-05-13 17:51:17,3,q19,0,11,168,2718,4769,39742,32364,88,147,0,1152,0,6403,496494,0,0,5840248568,291283839,2005031778,0,0,11817289,896,896,0,226663994,226663994,0,0,226663994,11817289,14.62,2.72
378,2026-05-13 17:51:20,3,q20,0,7,120,6026,10907,87549,83253,77,118,0,912,0,6465,432587,0,0,17559457360,144271173,839612600,0,0,143395506,2512,2512,0,1673268059,1673268059,0,0,1673268059,143395506,14.53,6.03
379,2026-05-13 17:51:27,3,q21,0,5,24,2533,2523,32733,22562,25,28,0,0,0,13,273929,0,0,217853776,399607064,1594859590,0,0,95955,1,1,0,1951830,1951830,0,0,1951830,95955,12.92,2.53
380,2026-05-13 17:51:31,3,q22,0,7,57,73442,73615,861897,853986,99,71,0,2398,0,1451,320176,0,0,10466679912,399607064,1594470470,0,0,80173222,390,390,0,849064752,849064752,0,0,849064752,80173222,11.74,73.44
381,2026-05-13 17:52:46,3,q22a,0,11,82,8475,9170,76613,71811,116,122,0,544,0,2847,511504,0,0,14726520280,399607064,1594933318,0,0,80581076,684,684,0,1060993341,1060993341,0,0,1034085325,80173152,9.04,8.48
382,2026-05-13 17:52:55,3,q23a,0,17,711,59452,98626,912229,883342,1048,1252,4,11063,0,42664,13146642,0,0,142150849472,1082438048,4579194770,0,0,639658229,36097,36097,0,15131554150,15131554150,0,0,14753013193,612246607,15.34,59.45
383,2026-05-13 17:53:56,3,q23b,0,20,747,61430,127331,959481,919583,1353,1506,2,11404,0,52331,13146642,0,0,171886623048,1084438048,4592285178,0,0,688270095,50562,50562,0,15931359084,15931359084,0,0,14797169266,613634385,15.62,61.43
384,2026-05-13 17:54:58,3,q24,0,12,371,39441,187425,593304,177312,321,457,0,1632,0,422152,3699847,0,0,50686787392,320012401,2127786170,0,0,300409241,24419,24419,0,7145032616,7145032616,0,0,7145032616,300409241,15.04,39.44
385,2026-05-13 17:55:39,3,q24a,0,20,626,56758,267177,855548,273533,614,824,0,2423,0,591411,3699933,0,0,107570656736,320216401,2119501172,0,0,611254554,52665,52665,0,14775960898,14775960898,0,0,7667539932,310999280,15.07,56.76
386,2026-05-13 17:56:37,3,q24b,0,21,612,49500,232699,755580,254301,607,789,0,3120,0,511327,3699847,0,0,105559095376,320216401,2119501172,0,0,611115102,52528,52528,0,14763210580,14763210580,0,0,7654789614,310859828,15.26,49.5
387,2026-05-13 17:57:27,3,q25,0,10,455,122156,539510,1930339,442616,279,479,1,3678,0,1492562,13880723,0,0,67480983384,461152623,3445961902,0,0,455396296,38016,38016,0,11352290153,11352290153,0,0,11352290153,455396296,15.8,122.16
388,2026-05-13 17:59:31,3,q26,0,9,165,32564,138138,501891,93183,116,176,0,3424,0,405741,1561496,0,0,3215695544,146192973,1676473975,0,0,143110851,243,243,0,3936796619,3936796619,0,0,3936796619,143110851,15.41,32.56
389,2026-05-13 18:00:04,3,q27,0,13,134,6285,11947,94133,71233,931,677,0,7303,0,5719,1561496,0,0,1871504496,290278090,2961728789,0,0,6531992,195,195,0,171248941,171248941,0,0,171248941,6531992,14.98,6.28
390,2026-05-13 18:00:11,3,q27a,0,17,172,5973,11769,88911,81673,731,704,0,4400,0,4454,1561496,0,0,3508711432,290482492,2962486469,0,0,19007145,431,431,0,496409433,496409433,0,0,169914355,6471347,14.89,5.97
391,2026-05-13 18:00:19,3,q28,0,18,679,24468,145616,386482,360711,2203,2200,1,8080,0,24156,542642,0,0,40844379952,1728038328,10550338104,0,0,4703800,7373,7373,0,76893877,76893877,0,0,76893877,4703800,15.8,24.47
392,2026-05-13 18:00:44,3,q29,0,11,456,83943,314019,1316033,449832,323,511,1,2336,0,883672,13880723,0,0,67481299384,461225672,2487565246,0,0,455396359,38035,38035,0,11102913775,11102913775,0,0,11102913775,455396359,15.68,83.94
393,2026-05-13 18:02:09,3,q30,0,16,135,2009,4408,27867,23620,129,148,0,0,0,3597,3485263,0,0,11829421592,19471827,231463322,0,0,10759655,1052,1052,0,346545150,346545150,0,0,346545150,10759655,13.87,2.01
394,2026-05-13 18:02:12,3,q31,0,24,536,7839,44580,121156,98025,176,445,0,2284,0,14391,495806,0,0,18681665456,1081243150,4107137060,0,0,44379154,7566,7566,0,438021960,438021960,0,0,356448068,39497547,15.46,7.84
395,2026-05-13 18:02:21,3,q32,0,7,167,1324,2518,19162,15694,112,158,0,224,0,655,1348293,0,0,608193728,288265297,1664005506,0,0,350080,90,90,0,4605586,4605586,0,0,4605586,350080,14.47,1.32
396,2026-05-13 18:02:24,3,q33,0,9,231,3046,6672,44148,39126,328,319,0,816,0,3873,1854368,0,0,8551312072,505483174,3389901228,0,0,140265,246,246,0,3533209,3533209,0,0,3533209,140265,14.49,3.05
397,2026-05-13 18:02:28,3,q34,0,9,135,2368,2650,32663,31349,132,162,0,0,0,1899,1381900,0,0,504117552,290087039,552697610,0,0,4031113,130,130,0,135779937,135779937,0,0,68692258,2031113,13.79,2.37
398,2026-05-13 18:02:31,3,q35,0,12,304,4307,7951,59998,53100,162,280,3,1456,0,6335,585904,0,0,13764348952,508995974,532797158,0,0,62628742,3651,3651,0,161556141,161556141,0,0,161556141,62628742,13.93,4.31
399,2026-05-13 18:02:37,3,q35a,0,11,304,3732,5403,51847,48236,141,287,0,768,0,5461,885984,0,0,12908711344,508995974,532797158,0,0,62645069,3651,3651,0,161542892,161542892,0,0,161542892,62645069,13.89,3.73
400,2026-05-13 18:02:41,3,q36,0,6,105,2288,2222,32136,29062,165,170,31,496,0,1737,3714241,0,0,8922882160,288283839,2669530228,0,0,16094,101,101,0,1304706,1304706,0,0,1304706,16094,14.05,2.29
401,2026-05-13 18:02:45,3,q36a,0,9,110,2237,2193,29741,27398,115,157,0,880,0,1500,3714241,0,0,9461850032,288283839,2669530228,0,0,44513,306,306,0,3722869,3722869,0,0,1257107,15087,13.3,2.24
402,2026-05-13 18:02:48,3,q37,0,6,127,6648,10034,87616,77047,75,120,0,617,0,4434,453647,0,0,8354801792,543601173,1997447148,0,0,110406549,2417,2417,0,1414353688,1414353688,0,0,1414353688,295975871,13.18,6.65
403,2026-05-13 18:02:56,3,q38,0,13,351,8232,21849,127074,117277,170,335,2,944,0,7885,578739,0,0,23373920984,506075174,516856180,0,0,120819579,4930,4930,0,740190070,740190070,0,0,635050060,116819579,15.44,8.23
404,2026-05-13 18:03:05,3,q39a,0,11,98,4948,8721,55291,51569,192,169,0,624,0,1262,2464085,0,0,5156915760,799010113,3187191398,0,0,4703618,85,85,0,112366429,112366429,0,0,75919735,3173618,11.17,4.95
405,2026-05-13 18:03:11,3,q39b,0,11,97,4364,8023,49818,48945,191,194,0,0,0,589,1036381,0,0,4773464624,799010113,3187191398,0,0,4594459,85,85,0,109301092,109301092,0,0,72854398,3064459,11.42,4.36
406,2026-05-13 18:03:17,3,q40,0,8,149,8357,22875,122511,115264,154,185,0,1552,0,9051,1024838,0,0,24442330840,158669010,991554348,0,0,157478827,4755,4755,0,3042545985,3042545985,0,0,3042545985,157478827,14.66,8.36
407,2026-05-13 18:03:26,3,q41,0,4,4,204,176,162,148,4,4,0,5,0,13,13527,0,0,269488032,408000,2017652,0,0,292,2,2,0,19225,19225,0,0,19225,292,0.79,0.2
408,2026-05-13 18:03:27,3,q42,0,4,103,1345,1334,18594,13932,139,160,0,551,0,632,1105022,0,0,4275853344,288283437,1741427022,0,0,1059,100,100,0,88397,88397,0,0,88397,1059,13.82,1.34
409,2026-05-13 18:03:30,3,q43,0,4,103,2588,2563,38132,30198,182,160,0,776,0,1739,1105753,0,0,303914184,288079839,721265878,0,0,11900,100,100,0,1353429,1353429,0,0,1353429,11900,14.73,2.59
410,2026-05-13 18:03:33,3,q44,0,8,236,2294,2444,33562,27866,229,287,0,672,0,3439,3432039,0,0,11324604072,576216776,2859458594,0,0,2616272,3332,3332,0,35014545,35014545,0,0,17513938,1308362,14.63,2.29
411,2026-05-13 18:03:37,3,q45,0,9,93,6910,14753,91668,85075,72,88,1,924,0,6311,1561496,0,0,18568166344,75482662,418217397,0,0,146949311,1341,1341,0,2126443351,2126443351,0,0,2126443351,146949311,13.27,6.91
412,2026-05-13 18:03:45,3,q46,0,12,165,5333,5681,78453,69431,273,288,0,4131,0,4221,5468127,0,0,5291431320,291087039,1886906460,0,0,5222376,1812,1812,0,116650200,116650200,0,0,102278687,4252333,14.71,5.33
413,2026-05-13 18:03:51,3,q47,0,11,165,5579,6505,78616,74503,209,255,1,640,0,4617,4610775,0,0,14671169864,288283839,1536773236,0,0,20520741,3847,3847,0,801434583,801434583,0,0,410111877,10492204,14.09,5.58
414,2026-05-13 18:03:58,3,q48,0,9,129,7859,21109,118312,110612,147,194,0,4464,0,4566,2409952,0,0,972086040,291000639,2214719143,0,0,42651137,123,123,0,1005842145,1005842145,0,0,1005842145,42651137,15.05,7.86
415,2026-05-13 18:04:07,3,q49,0,18,333,11289,46125,173216,149183,205,322,0,4512,0,19103,2330080,0,0,7967617104,554473996,5651852114,0,0,151964006,311,311,0,3382498675,3382498675,0,0,3382498675,151964006,15.34,11.29
416,2026-05-13 18:04:19,3,q50,0,8,330,66319,287286,1047042,148389,422,523,0,2800,0,900858,4077493,0,0,62443797224,316954499,1483899822,0,0,292659773,25280,25280,0,6486733286,6486733286,0,0,6486733286,292659773,15.79,66.32
417,2026-05-13 18:05:26,3,q51,0,10,244,15199,23386,218369,192227,290,355,3,2068,0,26687,824188,0,0,29826097864,360081050,1827606082,0,0,173923508,3842,3842,0,2939139272,2939139272,0,0,2939139272,173923508,14.37,15.2
418,2026-05-13 18:05:43,3,q51a,0,14,315,249739,290856,3245667,3194014,541,606,1,17445,0,18549,824704,0,0,73983717904,360081050,1827606082,0,0,313992514,4882,4882,0,5206647559,5206647559,0,0,3938125725,247599251,13.0,249.74
419,2026-05-13 18:09:54,3,q52,0,5,106,1318,1308,18730,17216,104,139,0,160,0,2379,1103173,0,0,4410595312,288283437,1741754702,0,0,56873,303,303,0,3229758,3229758,0,0,3229758,56873,14.21,1.32
420,2026-05-13 18:09:56,3,q53,0,6,110,1998,1974,28079,24564,207,157,0,672,0,2465,1383491,0,0,865296216,288283839,1537506456,0,0,324087,606,606,0,6834395,6834395,0,0,6834395,324087,14.05,2.0
421,2026-05-13 18:09:59,3,q54,0,17,301,11547,31233,169576,160958,188,313,0,1520,0,10501,983552,0,0,34158724696,507498723,1949922514,0,0,291951373,5194,5194,0,2749263193,2749263193,0,0,2749263193,291951373,14.69,11.55
422,2026-05-13 18:10:12,3,q55,0,5,105,1319,1309,18562,16062,111,134,0,280,0,2903,1103130,0,0,7094686768,288283437,1741754702,0,0,43008,202,202,0,2504732,2504732,0,0,2504732,43008,14.07,1.32
423,2026-05-13 18:10:14,3,q56,0,9,230,2707,6170,38471,33875,259,331,0,1008,0,3344,1854368,0,0,6758593232,505483174,3390364076,0,0,78464,145,145,0,2864472,2864472,0,0,2864472,78464,14.21,2.71
424,2026-05-13 18:10:18,3,q57,0,11,152,2718,3363,35856,30716,213,236,0,416,0,2452,4610732,0,0,9768835904,144271203,719811720,0,0,1882447,1298,1298,0,76781779,76781779,0,0,53005620,1287630,13.19,2.72
425,2026-05-13 18:10:22,3,q58,0,10,243,3034,7355,45002,39158,333,350,0,240,0,5499,1644945,0,0,19730899648,504425272,3009322542,0,0,2376775,2398,2398,0,36037027,36037027,0,0,36037027,2376775,14.83,3.03
426,2026-05-13 18:10:26,3,q59,0,10,141,5812,6247,76301,72421,155,191,0,944,0,3812,824833,0,0,9819229416,288226339,721563224,0,0,10227960,3434,3434,0,318130195,318130195,0,0,159984714,5187345,13.13,5.81
427,2026-05-13 18:10:33,3,q60,0,9,236,3268,7140,46666,42873,267,343,0,464,0,3057,1854368,0,0,13674264184,505483174,3390298540,0,0,553663,691,691,0,10646652,10646652,0,0,10646652,553663,14.28,3.27
428,2026-05-13 18:10:37,3,q61,0,12,253,4567,8807,71109,65774,104,235,0,1776,0,4635,1854368,0,0,6560744544,579291227,4360085292,0,0,11321881,3774,3774,0,152501497,152501497,0,0,132205493,9321881,15.57,4.57
429,2026-05-13 18:10:43,3,q62,0,6,45,1454,1438,20724,17830,42,55,0,1040,0,831,664999,0,0,245764904,72074721,246070777,0,0,14400,40,40,0,1319317,1319317,0,0,1319317,14400,14.25,1.45
430,2026-05-13 18:10:45,3,q63,0,6,107,1971,1953,27688,25521,119,153,0,434,0,2801,1382373,0,0,797335408,288283839,1537445016,0,0,119054,303,303,0,3234733,3234733,0,0,3234733,119054,14.05,1.97
431,2026-05-13 18:10:48,3,q64,0,55,610,30135,127439,456452,430332,1736,1612,2,11780,0,18698,2409555,0,0,24856826104,768909000,8415829501,0,0,244146938,5566,5566,0,3746885734,3746885734,0,0,3100073287,198417039,15.15,30.14
432,2026-05-13 18:11:20,3,q65,0,11,273,12827,24373,194186,172314,358,430,0,1776,0,24219,824618,0,0,26129889408,576290227,3078779468,0,0,143020213,3757,3757,0,3463999620,3463999620,0,0,3463999620,143020213,15.14,12.83
433,2026-05-13 18:11:34,3,q66,0,8,127,3049,4073,41660,30930,235,264,0,1023,0,1185,1321398,0,0,4724854960,216155221,1749129673,0,0,885,59,59,0,423776,423776,0,0,423776,885,13.66,3.05
434,2026-05-13 18:11:38,3,q67,0,8,169,47019,47147,637855,599927,167,211,0,5374,0,13633,785520,0,0,50941077272,288283839,1809603736,0,0,103430035,3325,3325,0,3748713555,3748713555,0,0,3748713555,103430035,13.57,47.02
435,2026-05-13 18:12:26,3,q67a,0,16,553,82761,315107,1272520,983812,1472,1450,0,8031,0,280796,3922222,0,0,188499920024,288283839,1809603736,0,0,526145788,13492,13492,0,25126232148,25126232148,0,0,6904704516,151999492,15.38,82.76
436,2026-05-13 18:13:50,3,q68,0,12,157,4076,5013,59441,52351,156,163,0,1776,0,4241,1356286,0,0,3755850888,291087039,3012126804,0,0,4229984,1708,1708,0,102010109,102010109,0,0,87638596,3259941,14.58,4.08
437,2026-05-13 18:13:55,3,q69,0,11,271,2449,5762,34266,30399,58,195,0,544,0,4422,504651,0,0,5709654800,508995974,533476810,0,0,18050359,2648,2648,0,100057072,100057072,0,0,100057072,18050359,13.99,2.45
438,2026-05-13 18:13:59,3,q70,0,9,207,3641,3667,51882,49930,226,303,0,747,0,707,2085976,0,0,7520172584,576086629,2049157256,0,0,3221,202,202,0,236975,236975,0,0,236975,3221,14.25,3.64
439,2026-05-13 18:14:03,3,q70a,0,12,212,3394,3287,47775,45932,260,321,0,640,0,726,2079688,0,0,1281146016,576086629,2049157256,0,0,4050,407,407,0,343348,343348,0,0,165400,2250,14.08,3.39
440,2026-05-13 18:14:08,3,q71,0,7,237,2924,2864,41666,36702,345,382,1,1008,0,3699,4149266,0,0,4768025808,504365574,3243811666,0,0,276608,1740,1740,0,14439744,14439744,0,0,8278380,169054,14.25,2.92
441,2026-05-13 18:14:12,3,q72,0,16,357,226393,430240,3465484,2316760,529,607,1,2640,2,1142829,13146599,0,0,82523784096,560074108,2918889632,0,0,538047872,23879,23879,0,9676295239,9676295239,0,0,9676295239,538047872,15.31,226.39
442,2026-05-13 18:17:59,3,q73,0,9,135,2293,2564,32953,29530,138,159,0,448,0,1814,1382545,0,0,501137872,290087039,552697610,0,0,4016581,130,130,0,135101187,135101187,0,0,68013508,2016581,14.37,2.29
443,2026-05-13 18:18:03,3,q74,0,15,372,20850,70282,329942,313668,393,525,0,2554,0,15197,747100,0,0,90607299856,362154099,1378722710,0,0,699960358,16151,16151,0,7000072686,7000072686,0,0,3595135458,353418106,15.82,20.85
444,2026-05-13 18:18:25,3,q75,0,20,575,13300,47436,205615,189656,327,593,0,3952,0,14462,815393,0,0,24640192976,1058753170,7834258164,0,0,140054997,4858,4858,0,3124294656,3124294656,0,0,2106315980,89656175,15.46,13.3
445,2026-05-13 18:18:39,3,q76,0,5,225,2343,2297,34218,30416,268,347,0,320,0,3123,3568653,0,0,18212205328,504279174,3280482246,0,0,29370,442,442,0,2390946,2390946,0,0,2390946,29370,14.6,2.34
446,2026-05-13 18:18:43,3,q77,0,14,270,3235,15409,46900,41974,256,333,0,771,0,3228,1103517,0,0,1260363280,554476438,3721794676,0,0,79773,185,185,0,2925926,2925926,0,0,2925926,79773,14.5,3.24
447,2026-05-13 18:18:47,3,q77a,0,17,275,3464,15539,47899,41606,349,343,72,1422,0,3996,1103087,0,0,1866439984,554476438,3721794676,0,0,80022,197,197,0,3092382,3092382,0,0,2921770,77548,13.83,3.46
448,2026-05-13 18:18:52,3,q78,0,15,479,92325,326553,1451547,435231,709,853,0,3984,0,988779,1819600,0,0,94462501856,554620094,4720970098,0,0,406636630,22041,22041,0,11364756495,11364756495,0,0,11364756495,406636630,15.72,92.32
449,2026-05-13 18:20:25,3,q79,0,8,148,5235,5509,78418,70796,318,337,0,2784,0,4430,1385770,0,0,10620768024,290087039,1875590930,0,0,3605125,2176,2176,0,110390087,110390087,0,0,110390087,3605125,14.98,5.24
450,2026-05-13 18:20:31,3,q80,0,23,435,50144,186596,787344,367969,1124,1171,0,2816,0,408018,2328188,0,0,54884401176,554977871,6226753010,0,0,265494087,13405,13405,0,7544340812,7544340812,0,0,7544340812,265494087,15.7,50.14
451,2026-05-13 18:21:23,3,q80a,0,26,440,75229,306149,1184212,353032,1029,1151,0,2896,0,812820,2328188,0,0,55356260208,554977871,6226753010,0,0,265493759,13420,13420,0,7544510242,7544510242,0,0,7544288542,265491829,15.74,75.23
452,2026-05-13 18:22:39,3,q81,0,16,161,2591,5673,35898,30478,220,225,0,400,0,4142,713915,0,0,16970831448,33868693,346983193,0,0,18924578,1666,1666,0,364455902,364455902,0,0,364455902,18924578,13.85,2.59
453,2026-05-13 18:22:43,3,q82,0,6,162,8900,12062,127941,120395,107,165,3,2993,0,6867,737601,0,0,14750794000,687613437,2417805526,0,0,182486545,4713,4713,0,2152775123,2152775123,0,0,2152775123,439988162,14.38,8.9
454,2026-05-13 18:22:53,3,q83,0,10,49,1412,3405,17694,12618,46,53,0,208,0,3820,1561496,0,0,3558133904,50821969,264231616,0,0,402103,73,73,0,5531326,5531326,0,0,5531326,402103,12.53,1.41
455,2026-05-13 18:22:55,3,q84,0,9,57,1358,2629,13055,11164,45,48,2,384,0,771,9713889,0,0,882083136,33729631,129359028,0,0,27798849,47,47,0,145652248,145652248,0,0,145652248,27798849,9.61,1.36
456,2026-05-13 18:22:58,3,q85,0,14,98,3697,19914,53530,41783,107,124,0,2256,0,3587,1649276,0,0,4434954736,84117746,933758186,0,0,11437258,903,903,0,372062316,372062316,0,0,372062316,11437258,14.48,3.7
457,2026-05-13 18:23:03,3,q86,0,5,44,949,894,11766,10152,46,55,0,368,0,898,3714241,0,0,3607813520,72278662,435354952,0,0,7501,41,41,0,521174,521174,0,0,521174,7501,12.4,0.95
458,2026-05-13 18:23:05,3,q86a,0,8,49,861,799,9319,8539,48,57,0,0,0,703,3714241,0,0,4146781072,72278662,435354952,0,0,20456,126,126,0,1499880,1499880,0,0,514832,7068,10.82,0.86
459,2026-05-13 18:23:07,3,q87,0,13,351,8446,22258,130146,118219,162,325,1,1840,0,7901,578739,0,0,23373920984,506075174,516856180,0,0,120819579,4930,4930,0,740190070,740190070,0,0,635050060,116819579,15.41,8.45
460,2026-05-13 18:23:16,3,q88,0,26,818,8456,59272,131951,125452,35,494,0,2512,0,939,500203,0,0,2576691200,2304749906,2245153138,0,0,800,800,800,0,47197,47197,0,0,47197,800,15.6,8.46
461,2026-05-13 18:23:26,3,q89,0,8,221,22877,37551,315755,127075,178,240,0,1424,0,196741,1745185,0,0,8354877928,288283839,1537109108,0,0,269046438,1717,1717,0,4912143121,4912143121,0,0,4912143121,269046438,13.8,22.88
462,2026-05-13 18:23:50,3,q90,0,8,86,772,1204,11278,9959,7,46,0,0,0,11,199978,0,0,259051520,144185266,286247368,0,0,80,80,80,0,4720,4720,0,0,4720,80,14.61,0.77
463,2026-05-13 18:23:51,3,q91,0,12,50,753,1350,7836,7012,43,48,0,0,0,454,1032836,0,0,2964310824,19398901,144834443,0,0,2192984,242,242,0,45350044,45350044,0,0,45328060,2192843,10.41,0.75
464,2026-05-13 18:23:53,3,q92,0,7,100,1164,1829,16513,12909,69,101,0,720,0,1555,771327,0,0,3957955072,144280275,873422498,0,0,1672198,696,696,0,21434447,21434447,0,0,21434447,1672198,14.19,1.16
465,2026-05-13 18:23:55,3,q93,0,6,333,72755,177168,1148522,375260,274,428,0,1952,0,769944,2970578,0,0,68971117112,316808054,2077795901,0,0,316284326,26211,26211,0,7815370900,7815370900,0,0,7815370900,316284326,15.79,72.76
466,2026-05-13 18:25:09,3,q94,0,8,136,6935,20003,104537,94813,152,180,1,832,0,6408,998382,0,0,16630437440,152275688,755260938,0,0,151171114,3640,3640,0,2240321543,2240321543,0,0,2240321543,151171114,15.07,6.94
467,2026-05-13 18:25:17,3,q95,0,8,163,22378,33916,336294,309012,376,354,0,3963,0,8699,1759018,0,0,49888658408,152275688,717446666,0,0,367104120,14137,14137,0,3290949327,3290949327,0,0,1995058746,151153176,15.03,22.38
468,2026-05-13 18:25:41,3,q96,0,5,104,1431,1426,20817,15509,12,63,0,0,0,467,499816,0,0,319603200,288100390,280795582,0,0,100,100,100,0,5899,5899,0,0,5899,100,14.55,1.43
469,2026-05-13 18:25:43,3,q97,0,5,199,11453,14281,150333,143576,212,264,0,832,0,4363,824059,0,0,25010894176,432073561,1656572338,0,0,83873546,2006,2006,0,961239745,961239745,0,0,961239745,83873546,13.13,11.45
470,2026-05-13 18:25:56,3,q98,0,8,184,17533,37562,254027,160707,152,213,4,1344,0,96698,6589863,0,0,32109241216,288283437,1748218274,0,0,275228628,7247,7247,0,4146904094,4146904094,0,0,4143264802,275198085,14.49,17.53
471,2026-05-13 18:26:14,3,q99,0,7,87,1925,1910,24880,22732,91,118,0,432,0,340,1322344,0,0,1632383928,144067238,344542887,0,0,32599,50,50,0,2191785,2191785,0,0,2191785,32599,12.92,1.92
472,2026-05-13 18:26:17,4,q1,0,12,116,1941,3116,26616,24185,104,129,0,0,0,3100,887723,0,0,7313515256,59676673,456403438,0,0,18384283,751,751,0,277542612,277542612,0,0,277542612,18384283,13.71,1.94
473,2026-05-13 18:26:20,4,q2,0,9,128,2819,2765,40083,38078,129,178,0,256,0,1384,1290285,0,0,879498664,216214884,669798548,0,0,35347,362,362,0,2673870,2673870,0,0,901000,13701,14.22,2.82
474,2026-05-13 18:26:24,4,q3,0,5,105,1483,1468,20927,17865,131,147,1,463,0,3304,1103259,0,0,398524368,288283437,1741750642,0,0,43002,202,202,0,2702444,2702444,0,0,2702444,43002,14.11,1.48
475,2026-05-13 18:26:27,4,q4,0,25,699,61517,293607,974824,699812,2017,1878,0,50485,0,205504,1071331,0,0,115346137600,794300709,9144325172,0,0,566100624,25854,25854,0,14421654048,14421654048,0,0,8530726381,341212705,15.85,61.52
476,2026-05-13 18:27:29,4,q5,0,11,327,13971,26032,192308,168653,479,541,0,2891,0,10661,1627346,0,0,8840979776,626496435,4133746708,0,0,78889487,1136,1136,0,1105462275,1105462275,0,0,1105462275,78889487,13.76,13.97
477,2026-05-13 18:27:45,4,q5a,0,14,332,14925,30912,204088,170769,556,594,0,4823,0,7903,1629625,0,0,9312838808,626496435,4133746708,0,0,78892792,1146,1146,0,1105699887,1105699887,0,0,1105491135,78889358,13.67,14.92
478,2026-05-13 18:28:01,4,q6,0,12,177,10148,23181,151271,134404,178,221,0,3479,0,9998,1319920,0,0,29655044296,291560486,1106015234,0,0,273569765,4943,4943,0,2411983064,2411983064,0,0,2411983064,273569765,14.91,10.15
479,2026-05-13 18:28:12,4,q7,0,13,153,8293,15189,123342,107688,791,691,0,7392,0,8020,1561496,0,0,3327833688,290279286,3267485113,0,0,53828203,521,521,0,1572117022,1572117022,0,0,1572117022,53828203,14.87,8.29
480,2026-05-13 18:28:21,4,q8,0,12,156,2197,4177,31757,30113,59,133,0,0,0,1540,596540,0,0,4699737736,292079839,1040308034,0,0,9745839,320,320,0,80860242,80860242,0,0,80860242,9745839,14.45,2.2
481,2026-05-13 18:28:25,4,q9,0,31,1516,21696,324460,339073,315635,2673,3033,74,10755,0,681,486413,0,0,0,4320095875,9702793557,0,0,1500,1500,1500,0,94560,94560,0,0,94560,1500,15.63,21.7
482,2026-05-13 18:28:47,4,q10,0,11,271,2774,6475,39986,35120,71,203,0,1024,0,4274,494215,0,0,5950222984,508995974,534155978,0,0,22980851,2665,2665,0,107587382,107587382,0,0,107587382,22980851,14.41,2.77
483,2026-05-13 18:28:51,4,q10a,0,10,271,2132,3721,29563,28213,58,208,0,0,0,4048,884479,0,0,4673913312,508995974,534155978,0,0,22779154,2665,2665,0,107362439,107362439,0,0,107362439,22779154,13.87,2.13
484,2026-05-13 18:28:55,4,q11,0,15,378,25754,83286,407765,377347,556,636,3,7568,0,20779,747100,0,0,96265954592,362154099,1995408278,0,0,699960358,16553,16553,0,9208035628,9208035628,0,0,4755214457,353418106,15.83,25.75
485,2026-05-13 18:29:21,4,q12,0,7,68,3988,6894,49998,45386,65,71,0,416,0,4659,268870,0,0,9222228056,72278662,444255560,0,0,72106021,825,825,0,1083589609,1083589609,0,0,1083589609,72106021,12.54,3.99
486,2026-05-13 18:29:26,4,q13,0,14,132,4666,13391,69940,61177,699,539,3,4200,0,2474,1914208,0,0,938682560,291088088,3998582767,0,0,740937,124,124,0,21472290,21472290,0,0,21472290,740937,14.99,4.67
487,2026-05-13 18:29:32,4,q14a,0,30,906,60566,197743,921460,409356,1424,1649,1,6481,0,514653,4318631,0,0,41592349952,1513041522,6516286368,0,0,622772823,5384,5384,0,8835519080,8835519080,0,0,8829873692,622636851,15.21,60.57
488,2026-05-13 18:30:35,4,q14b,0,25,821,56666,297414,869264,361923,1523,1643,1,3952,0,508130,4581676,0,0,46263177240,1297191883,5175477220,0,0,681766191,5510,5510,0,10375262725,10375262725,0,0,5413022316,406720839,15.34,56.67
489,2026-05-13 18:31:33,4,q14,0,25,811,41979,202832,645276,326277,1583,1733,0,4112,0,329267,4580687,0,0,45362385304,1297191883,5175477220,0,0,680744695,4511,4511,0,10278741349,10278741349,0,0,5316500940,405699343,15.37,41.98
490,2026-05-13 18:32:17,4,q15,0,7,138,12292,19756,163687,146429,133,134,0,2118,0,10599,409560,0,0,27139515144,147067173,476461604,0,0,288833756,2610,2610,0,2528737868,2528737868,0,0,2528737868,288833756,13.32,12.29
491,2026-05-13 18:32:30,4,q16,0,8,276,13818,37874,212807,180016,403,447,0,2858,0,17226,2496170,0,0,41785807200,303459149,1637288222,0,0,301125284,17100,17100,0,4308531096,4308531096,0,0,4308531096,301125284,15.4,13.82
492,2026-05-13 18:32:45,4,q17,0,10,455,74717,267960,1166440,456799,299,507,315,5257,0,711762,13880723,0,0,67548164624,461152623,2487085494,0,0,455396321,38027,38027,0,11102906661,11102906661,0,0,11102906661,455396321,15.61,74.72
493,2026-05-13 18:34:01,4,q18,0,13,221,10673,48894,157386,135089,221,254,1,4368,0,20199,9713932,0,0,10620901464,151112773,2141014161,0,0,159482755,2038,2038,0,4710951961,4710951961,0,0,4710951961,159482755,14.75,10.67
494,2026-05-13 18:34:12,4,q18a,0,23,302,15382,116324,240791,177917,395,457,7,3456,0,63824,9713846,0,0,33446629456,154316773,2158961281,0,0,204535227,7298,7298,0,6033670206,6033670206,0,0,4719548882,160018999,15.65,15.38
495,2026-05-13 18:34:29,4,q19,0,11,168,2781,4791,40351,33956,112,149,0,0,0,4461,495161,0,0,5840248568,291283839,2005031778,0,0,11817289,896,896,0,226663994,226663994,0,0,226663994,11817289,14.51,2.78
496,2026-05-13 18:34:33,4,q20,0,7,120,7722,14156,112245,82933,92,119,0,1408,0,30188,432759,0,0,17559457360,144271173,839612600,0,0,143395506,2512,2512,0,1673268059,1673268059,0,0,1673268059,143395506,14.54,7.72
497,2026-05-13 18:34:42,4,q21,0,5,24,2215,2207,25856,24302,29,31,0,224,0,12,274617,0,0,217853776,399607064,1594859590,0,0,95955,1,1,0,1951830,1951830,0,0,1951830,95955,11.67,2.22
498,2026-05-13 18:34:45,4,q22,0,7,57,74407,74588,868555,849010,120,76,0,2483,0,1485,320176,0,0,10466679912,399607064,1594470470,0,0,80173222,390,390,0,849064752,849064752,0,0,849064752,80173222,11.67,74.41
499,2026-05-13 18:36:00,4,q22a,0,11,82,8879,9567,86703,76313,134,122,0,771,0,2905,511504,0,0,14726520280,399607064,1594933318,0,0,80581076,684,684,0,1060993341,1060993341,0,0,1034085325,80173152,9.76,8.88
500,2026-05-13 18:36:10,4,q23a,0,17,711,92511,170980,1420270,845526,1046,1227,2,12633,0,579514,13146642,0,0,142150849472,1082438048,4579194770,0,0,639658229,36097,36097,0,15131554150,15131554150,0,0,14753013193,612246607,15.35,92.51
501,2026-05-13 18:37:44,4,q23b,0,20,747,118914,305754,1877043,812753,1189,1397,2,11955,0,1079292,13146599,0,0,171886623048,1084438048,4592285178,0,0,688270095,50562,50562,0,15931359084,15931359084,0,0,14797169266,613634385,15.78,118.91
502,2026-05-13 18:39:44,4,q24,0,12,371,106381,577335,1657888,168465,289,435,0,2048,0,1480548,3699890,0,0,50686787392,320012401,2127786170,0,0,300409241,24419,24419,0,7145032616,7145032616,0,0,7145032616,300409241,15.58,106.38
503,2026-05-13 18:41:32,4,q24a,0,20,626,102853,533116,1591740,264868,587,791,0,2818,0,1341793,3699589,0,0,107570656736,320216401,2119501172,0,0,611254554,52665,52665,0,14775960898,14775960898,0,0,7667539932,310999280,15.48,102.85
504,2026-05-13 18:43:16,4,q24b,0,21,612,68158,345205,1052553,246925,545,762,0,2504,0,819436,3699589,0,0,105559095376,320216401,2119501172,0,0,611115102,52528,52528,0,14763210580,14763210580,0,0,7654789614,310859828,15.44,68.16
505,2026-05-13 18:44:25,4,q25,0,10,455,76208,269957,1191114,453455,316,518,1,3792,0,751113,13880723,0,0,67480983384,461152623,3445961902,0,0,455396296,38016,38016,0,11352290153,11352290153,0,0,11352290153,455396296,15.63,76.21
506,2026-05-13 18:45:42,4,q26,0,9,165,7599,29824,117205,107594,173,204,0,3616,0,11843,1561539,0,0,3215695544,146192973,1676473975,0,0,143110851,243,243,0,3936796619,3936796619,0,0,3936796619,143110851,15.42,7.6
507,2026-05-13 18:45:51,4,q27,0,13,134,6466,11944,94243,74644,900,678,54,6868,0,6892,1561496,0,0,1871504496,290278090,2961728789,0,0,6531992,195,195,0,171248941,171248941,0,0,171248941,6531992,14.58,6.47
508,2026-05-13 18:45:58,4,q27a,0,17,172,6174,12109,92021,82221,759,725,0,6536,0,4972,1561496,0,0,3508711432,290482492,2962486469,0,0,19007145,431,431,0,496409433,496409433,0,0,169914355,6471347,14.9,6.17
509,2026-05-13 18:46:06,4,q28,0,18,679,24372,144843,384248,355342,2611,2558,0,7906,0,26607,542427,0,0,40844379952,1728038328,10550338104,0,0,4703800,7373,7373,0,76893877,76893877,0,0,76893877,4703800,15.77,24.37
510,2026-05-13 18:46:31,4,q29,0,11,456,33188,85863,502051,483335,389,528,6,3136,0,32681,13880723,0,0,67481299384,461225672,2487565246,0,0,455396359,38035,38035,0,11102913775,11102913775,0,0,11102913775,455396359,15.13,33.19
511,2026-05-13 18:47:05,4,q30,0,16,135,1970,4454,26977,23297,124,142,0,0,0,3560,3485263,0,0,11829421592,19471827,231463322,0,0,10759655,1052,1052,0,346545150,346545150,0,0,346545150,10759655,13.69,1.97
512,2026-05-13 18:47:08,4,q31,0,25,537,7252,41025,112250,99405,192,456,0,2672,0,13331,496580,0,0,18345596968,1081243150,4107137060,0,0,44349624,7551,7551,0,437154496,437154496,0,0,356517506,39498473,15.48,7.25
513,2026-05-13 18:47:17,4,q32,0,7,167,1315,2501,18756,14688,106,159,2,176,0,1096,1348293,0,0,608193728,288265297,1664005506,0,0,350080,90,90,0,4605586,4605586,0,0,4605586,350080,14.26,1.32
514,2026-05-13 18:47:19,4,q33,0,9,231,2899,6608,41739,37027,236,317,0,848,0,3850,1854368,0,0,8551312072,505483174,3389901228,0,0,140265,246,246,0,3533209,3533209,0,0,3533209,140265,14.4,2.9
515,2026-05-13 18:47:23,4,q34,0,9,135,2255,2540,30725,29224,127,167,0,210,0,1889,1381857,0,0,504117552,290087039,552697610,0,0,4031113,130,130,0,135779937,135779937,0,0,68692258,2031113,13.63,2.26
516,2026-05-13 18:47:26,4,q35,0,12,304,4363,8235,61170,54337,164,281,0,1808,0,5589,585904,0,0,13764348952,508995974,532797158,0,0,62628742,3651,3651,0,161556141,161556141,0,0,161556141,62628742,14.02,4.36
517,2026-05-13 18:47:32,4,q35a,0,11,304,3764,5428,52014,48544,143,285,0,608,0,5358,885984,0,0,12908711344,508995974,532797158,0,0,62645069,3651,3651,0,161542892,161542892,0,0,161542892,62645069,13.82,3.76
518,2026-05-13 18:47:37,4,q36,0,6,105,2275,2208,31491,26120,114,156,0,432,0,1277,3714241,0,0,8922882160,288283839,2669530228,0,0,16094,101,101,0,1304706,1304706,0,0,1304706,16094,13.84,2.28
519,2026-05-13 18:47:40,4,q36a,0,9,110,2266,2217,29903,27592,122,158,0,928,0,1654,3714241,0,0,9461850032,288283839,2669530228,0,0,44513,306,306,0,3722869,3722869,0,0,1257107,15087,13.2,2.27
520,2026-05-13 18:47:43,4,q37,0,6,127,6519,9740,86269,75996,60,111,0,575,0,4706,453647,0,0,8354801792,543601173,1997447148,0,0,110406549,2417,2417,0,1414353688,1414353688,0,0,1414353688,295975871,13.23,6.52
521,2026-05-13 18:47:51,4,q38,0,13,351,8251,21995,126943,116579,177,335,0,1056,0,8293,578051,0,0,23373920984,506075174,516856180,0,0,120819579,4930,4930,0,740190070,740190070,0,0,635050060,116819579,15.39,8.25
522,2026-05-13 18:48:00,4,q39a,0,11,98,4851,8602,54654,50967,209,177,0,128,0,1207,2464085,0,0,5156915760,799010113,3187191398,0,0,4703618,85,85,0,112366429,112366429,0,0,75919735,3173618,11.27,4.85
523,2026-05-13 18:48:06,4,q39b,0,11,97,4347,7931,49453,48023,151,171,0,768,0,519,1036381,0,0,4773464624,799010113,3187191398,0,0,4594459,85,85,0,109301092,109301092,0,0,72854398,3064459,11.38,4.35
524,2026-05-13 18:48:12,4,q40,0,8,149,8239,22505,119784,113517,151,173,0,1664,0,8995,1024838,0,0,24442330840,158669010,991554348,0,0,157478827,4755,4755,0,3042545985,3042545985,0,0,3042545985,157478827,14.54,8.24
525,2026-05-13 18:48:21,4,q41,0,4,4,194,168,155,144,3,3,0,0,0,12,13527,0,0,269488032,408000,2017652,0,0,292,2,2,0,19225,19225,0,0,19225,292,0.8,0.19
526,2026-05-13 18:48:22,4,q42,0,4,103,1142,1132,16628,13971,126,135,0,208,0,377,1103345,0,0,4275853344,288283437,1741427022,0,0,1059,100,100,0,88397,88397,0,0,88397,1059,14.56,1.14
527,2026-05-13 18:48:24,4,q43,0,4,103,2040,2018,29670,27682,123,139,0,560,0,1275,1103259,0,0,303914184,288079839,721265878,0,0,11900,100,100,0,1353429,1353429,0,0,1353429,11900,14.54,2.04
528,2026-05-13 18:48:27,4,q44,0,8,236,2080,2198,30143,28104,199,268,0,0,0,2834,3432039,0,0,11324604072,576216776,2859458594,0,0,2616272,3332,3332,0,35014545,35014545,0,0,17513938,1308362,14.49,2.08
529,2026-05-13 18:48:31,4,q45,0,9,93,7056,15120,92600,85769,65,89,1,1680,0,5976,1561496,0,0,18568166344,75482662,418217397,0,0,146949311,1341,1341,0,2126443351,2126443351,0,0,2126443351,146949311,13.12,7.06
530,2026-05-13 18:48:39,4,q46,0,12,165,5332,5785,78546,70910,241,238,0,4432,0,4057,5468127,0,0,5291431320,291087039,1886906460,0,0,5222376,1812,1812,0,116650200,116650200,0,0,102278687,4252333,14.73,5.33
531,2026-05-13 18:48:45,4,q47,0,11,165,5475,6397,78504,74418,221,249,0,896,0,4272,4610732,0,0,14671169864,288283839,1536773236,0,0,20520741,3847,3847,0,801434583,801434583,0,0,410111877,10492204,14.34,5.48
532,2026-05-13 18:48:52,4,q48,0,9,129,7909,21265,118825,111143,131,177,0,5652,0,4604,2409909,0,0,972086040,291000639,2214719143,0,0,42651137,123,123,0,1005842145,1005842145,0,0,1005842145,42651137,15.02,7.91
533,2026-05-13 18:49:01,4,q49,0,18,333,10616,42521,162515,151689,238,332,1,2336,0,14433,2330123,0,0,7967617104,554473996,5651852114,0,0,151964006,311,311,0,3382498675,3382498675,0,0,3382498675,151964006,15.31,10.62
534,2026-05-13 18:49:12,4,q50,0,8,330,12404,39673,193134,171893,387,507,0,1360,0,30976,4077493,0,0,62443797224,316954499,1483899822,0,0,292659773,25280,25280,0,6486733286,6486733286,0,0,6486733286,292659773,15.57,12.4
535,2026-05-13 18:49:26,4,q51,0,10,244,19399,28024,282953,195530,284,364,0,1360,0,79331,823973,0,0,29826097864,360081050,1827606082,0,0,173923508,3842,3842,0,2939139272,2939139272,0,0,2939139272,173923508,14.59,19.4
536,2026-05-13 18:49:46,4,q51a,0,14,315,247795,288192,3232768,3193099,559,631,0,15374,0,16321,824145,0,0,73983717904,360081050,1827606082,0,0,313992514,4882,4882,0,5206647559,5206647559,0,0,3938125725,247599251,13.05,247.8
537,2026-05-13 18:53:55,4,q52,0,5,106,1209,1206,17114,15742,140,140,0,180,0,2381,1103216,0,0,4410595312,288283437,1741754702,0,0,56873,303,303,0,3229758,3229758,0,0,3229758,56873,14.16,1.21
538,2026-05-13 18:53:57,4,q53,0,6,110,2222,2198,31480,26532,180,174,3,187,0,4334,1382373,0,0,865296216,288283839,1537506456,0,0,324087,606,606,0,6834395,6834395,0,0,6834395,324087,14.17,2.22
539,2026-05-13 18:54:01,4,q54,0,17,301,11695,31621,173505,163831,176,306,0,2192,0,10462,983208,0,0,34158724696,507498723,1949922514,0,0,291951373,5194,5194,0,2749263193,2749263193,0,0,2749263193,291951373,14.84,11.7
540,2026-05-13 18:54:13,4,q55,0,5,105,1201,1192,17043,15791,103,132,0,0,0,2360,1102485,0,0,7094686768,288283437,1741754702,0,0,43008,202,202,0,2504732,2504732,0,0,2504732,43008,14.19,1.2
541,2026-05-13 18:54:16,4,q56,0,9,230,3102,7050,44519,35593,238,314,0,1704,0,4248,1854368,0,0,6758593232,505483174,3390364076,0,0,78464,145,145,0,2864472,2864472,0,0,2864472,78464,14.35,3.1
542,2026-05-13 18:54:20,4,q57,0,11,152,2670,3349,36273,29815,223,235,0,736,0,2472,4610732,0,0,9768835904,144271203,719811720,0,0,1882447,1298,1298,0,76781779,76781779,0,0,53005620,1287630,13.59,2.67
543,2026-05-13 18:54:24,4,q58,0,10,243,3251,7676,47361,34556,373,392,19,1300,0,7287,1647095,0,0,19730899648,504425272,3009322542,0,0,2376775,2398,2398,0,36037027,36037027,0,0,36037027,2376775,14.57,3.25
544,2026-05-13 18:54:28,4,q59,0,10,141,5732,6173,75083,70197,149,195,0,464,0,3841,824747,0,0,9819229416,288226339,721563224,0,0,10227960,3434,3434,0,318130195,318130195,0,0,159984714,5187345,13.1,5.73
545,2026-05-13 18:54:35,4,q60,0,9,236,3757,8218,54937,42921,372,377,1,1648,0,4564,1854368,0,0,13674264184,505483174,3390298540,0,0,553663,691,691,0,10646652,10646652,0,0,10646652,553663,14.62,3.76
546,2026-05-13 18:54:40,4,q61,0,12,253,5485,10777,85526,66312,196,264,3,4238,0,6614,1854454,0,0,6560744544,579291227,4360085292,0,0,11321881,3774,3774,0,152501497,152501497,0,0,132205493,9321881,15.59,5.48
547,2026-05-13 18:54:46,4,q62,0,6,45,1275,1260,17878,16018,51,62,0,0,0,912,664440,0,0,245764904,72074721,246070777,0,0,14400,40,40,0,1319317,1319317,0,0,1319317,14400,14.02,1.27
548,2026-05-13 18:54:49,4,q63,0,6,107,2255,2226,31651,25692,178,162,0,625,0,3593,1383878,0,0,797335408,288283839,1537445016,0,0,119054,303,303,0,3234733,3234733,0,0,3234733,119054,14.04,2.26
549,2026-05-13 18:54:52,4,q64,0,55,610,30095,127720,455277,427214,1875,1606,3,10713,0,18516,2409555,0,0,24856826104,768909000,8415829501,0,0,244146938,5566,5566,0,3746885734,3746885734,0,0,3100073287,198417039,15.13,30.1
550,2026-05-13 18:55:24,4,q65,0,11,273,11912,22545,180011,171173,339,432,0,1424,0,12869,824145,0,0,26129889408,576290227,3078779468,0,0,143020213,3757,3757,0,3463999620,3463999620,0,0,3463999620,143020213,15.11,11.91
551,2026-05-13 18:55:37,4,q66,0,8,127,3128,4113,43563,32799,249,276,0,1232,0,229,1321527,0,0,4724854960,216155221,1749129673,0,0,885,59,59,0,423776,423776,0,0,423776,885,13.93,3.13
552,2026-05-13 18:55:41,4,q67,0,8,169,46275,46419,625418,594364,149,207,0,4946,0,17535,785520,0,0,50941077272,288283839,1809603736,0,0,103430035,3325,3325,0,3748713555,3748713555,0,0,3748713555,103430035,13.52,46.28
553,2026-05-13 18:56:28,4,q67a,0,16,553,87177,331216,1317166,1017376,1509,1476,4,8591,0,291677,3921964,0,0,188499920024,288283839,1809603736,0,0,526145788,13492,13492,0,25126232148,25126232148,0,0,6904704516,151999492,15.11,87.18
554,2026-05-13 18:57:57,4,q68,0,12,157,4005,4452,58221,52442,120,168,0,1808,0,3021,1356286,0,0,3755850888,291087039,3012126804,0,0,4229984,1708,1708,0,102010109,102010109,0,0,87638596,3259941,14.54,4.0
555,2026-05-13 18:58:02,4,q69,0,11,271,2573,5958,36315,32213,70,204,0,560,0,5238,504651,0,0,5709654800,508995974,533476810,0,0,18050359,2648,2648,0,100057072,100057072,0,0,100057072,18050359,14.11,2.57
556,2026-05-13 18:58:05,4,q70,0,9,207,3731,3674,53888,51557,240,305,0,992,0,700,2085288,0,0,7520172584,576086629,2049157256,0,0,3221,202,202,0,236975,236975,0,0,236975,3221,14.44,3.73
557,2026-05-13 18:58:10,4,q70a,0,12,212,3346,3238,47016,45188,239,313,0,704,0,677,2079688,0,0,1281146016,576086629,2049157256,0,0,4050,407,407,0,343348,343348,0,0,165400,2250,14.05,3.35
558,2026-05-13 18:58:15,4,q71,0,7,237,2700,2642,38196,33674,330,384,1,786,0,3655,4149094,0,0,4768025808,504365574,3243811666,0,0,276608,1740,1740,0,14439780,14439780,0,0,8278416,169054,14.15,2.7
559,2026-05-13 18:58:18,4,q72,0,16,357,230957,476967,3519509,2279405,517,607,1,4032,0,1216098,13146599,0,0,82523784096,560074108,2918889632,0,0,538047872,23879,23879,0,9676295239,9676295239,0,0,9676295239,538047872,15.24,230.96
560,2026-05-13 19:02:10,4,q73,0,9,135,2735,3387,36418,28638,186,163,0,0,0,4206,1381814,0,0,501137872,290087039,552697610,0,0,4016581,130,130,0,135101187,135101187,0,0,68013508,2016581,13.32,2.74
561,2026-05-13 19:02:14,4,q74,0,15,372,24503,82182,388008,344108,431,526,0,4864,0,38059,746971,0,0,90607299856,362154099,1378722710,0,0,699960358,16151,16151,0,7000072686,7000072686,0,0,3595135458,353418106,15.84,24.5
562,2026-05-13 19:02:40,4,q75,0,20,575,13589,49549,209676,189805,324,594,0,4491,0,14697,815651,0,0,24640192976,1058753170,7834258164,0,0,140054991,4858,4858,0,3124293933,3124293933,0,0,2106315257,89656169,15.43,13.59
563,2026-05-13 19:02:55,4,q76,0,5,225,2623,2571,38475,34217,293,361,2,566,0,3168,3569470,0,0,18212205328,504279174,3280482246,0,0,29370,442,442,0,2390946,2390946,0,0,2390946,29370,14.67,2.62
564,2026-05-13 19:02:58,4,q77,0,14,270,3971,19072,58968,43530,231,313,0,1400,0,2849,1103947,0,0,1260363280,554476438,3721794676,0,0,79773,185,185,0,2925926,2925926,0,0,2925926,79773,14.85,3.97
565,2026-05-13 19:03:03,4,q77a,0,17,275,3757,17249,52512,45256,315,342,0,1024,0,3889,1102571,0,0,1866439984,554476438,3721794676,0,0,80022,197,197,0,3092382,3092382,0,0,2921770,77548,13.98,3.76
566,2026-05-13 19:03:08,4,q78,0,15,479,97017,349061,1525574,406085,764,865,0,3536,0,1134975,1819600,0,0,94462501856,554620094,4720970098,0,0,406636630,22041,22041,0,11364756495,11364756495,0,0,11364756495,406636630,15.72,97.02
567,2026-05-13 19:04:46,4,q79,0,8,148,5115,5643,76505,66256,575,489,26,2976,0,4977,1385770,0,0,10620768024,290087039,1875590930,0,0,3605125,2176,2176,0,110390087,110390087,0,0,110390087,3605125,14.96,5.12
568,2026-05-13 19:04:53,4,q80,0,23,435,65244,250468,1026959,371237,996,1141,0,2784,0,657988,2328876,0,0,54884401176,554977871,6226753010,0,0,265494087,13405,13405,0,7544340812,7544340812,0,0,7544340812,265494087,15.74,65.24
569,2026-05-13 19:05:59,4,q80a,0,26,440,89186,374461,1408723,367277,1086,1143,82,5872,0,1046540,2328704,0,0,55356260208,554977871,6226753010,0,0,265493759,13420,13420,0,7544510242,7544510242,0,0,7544288542,265491829,15.8,89.19
570,2026-05-13 19:07:30,4,q81,0,16,161,3734,7324,53194,39803,204,215,0,0,0,10592,713915,0,0,16970831448,33868693,346983193,0,0,18924578,1666,1666,0,364455902,364455902,0,0,364455902,18924578,14.25,3.73
571,2026-05-13 19:07:34,4,q82,0,6,162,11138,15405,162433,113111,97,161,0,1917,0,8355,737687,0,0,14750794000,687613437,2417805526,0,0,182486545,4713,4713,0,2152775123,2152775123,0,0,2152775123,439988162,14.58,11.14
572,2026-05-13 19:07:47,4,q83,0,10,49,1208,2900,14476,11723,56,57,0,0,0,726,1561496,0,0,3558133904,50821969,264231616,0,0,402103,73,73,0,5531326,5531326,0,0,5531326,402103,11.98,1.21
573,2026-05-13 19:07:49,4,q84,0,9,57,1596,2885,13529,11454,47,48,0,216,0,959,9713803,0,0,882083136,33729631,129359028,0,0,27798849,47,47,0,145652248,145652248,0,0,145652248,27798849,8.48,1.6
574,2026-05-13 19:07:52,4,q85,0,14,98,3785,20511,54918,42021,92,113,0,2144,0,4543,1649276,0,0,4434954736,84117746,933758186,0,0,11437258,903,903,0,372062316,372062316,0,0,372062316,11437258,14.51,3.78
575,2026-05-13 19:07:57,4,q86,0,5,44,1023,960,12612,10187,36,49,0,0,0,560,3714241,0,0,3607813520,72278662,435354952,0,0,7501,41,41,0,521174,521174,0,0,521174,7501,12.33,1.02
576,2026-05-13 19:07:59,4,q86a,0,8,49,1132,1065,13518,9725,53,62,0,464,0,2585,3714241,0,0,4146781072,72278662,435354952,0,0,20456,126,126,0,1499880,1499880,0,0,514832,7068,11.94,1.13
577,2026-05-13 19:08:01,4,q87,0,13,351,9427,24907,146325,131368,149,312,0,1266,0,8258,578051,0,0,23373920984,506075174,516856180,0,0,120819579,4930,4930,0,740190070,740190070,0,0,635050060,116819579,15.52,9.43
578,2026-05-13 19:08:11,4,q88,0,26,818,8797,61899,137316,131422,37,494,0,2784,0,303,500504,0,0,2576691200,2304749906,2245153138,0,0,800,800,800,0,47197,47197,0,0,47197,800,15.61,8.8
579,2026-05-13 19:08:21,4,q89,0,8,221,24961,41934,346145,128137,168,234,0,1360,0,221961,1745314,0,0,8354877928,288283839,1537109108,0,0,269046438,1717,1717,0,4912143121,4912143121,0,0,4912143121,269046438,13.87,24.96
580,2026-05-13 19:08:47,4,q90,0,8,86,869,1310,12460,10841,13,49,0,464,0,10,200537,0,0,259051520,144185266,286247368,0,0,80,80,80,0,4720,4720,0,0,4720,80,14.34,0.87
581,2026-05-13 19:08:49,4,q91,0,12,50,760,1185,7356,6500,37,48,0,0,0,672,1032836,0,0,2964310824,19398901,144834443,0,0,2192984,242,242,0,45350044,45350044,0,0,45328060,2192843,9.68,0.76
582,2026-05-13 19:08:51,4,q92,0,7,100,960,1428,13395,11263,73,103,0,0,0,1848,771327,0,0,3957955072,144280275,873422498,0,0,1672198,696,696,0,21434447,21434447,0,0,21434447,1672198,13.95,0.96
583,2026-05-13 19:08:53,4,q93,0,6,333,64075,154010,998537,380306,305,434,0,2892,0,627473,2970105,0,0,68971117112,316808054,2077795901,0,0,316284326,26211,26211,0,7815370900,7815370900,0,0,7815370900,316284326,15.58,64.08
584,2026-05-13 19:09:58,4,q94,0,8,136,7294,21712,109581,91709,127,165,0,988,0,14646,998640,0,0,16630437440,152275688,755260938,0,0,151171114,3640,3640,0,2240321543,2240321543,0,0,2240321543,151171114,15.02,7.29
585,2026-05-13 19:10:07,4,q95,0,8,163,22132,34656,329593,314275,349,348,0,4290,0,8318,1759018,0,0,49888658408,152275688,717446666,0,0,367104120,14137,14137,0,3290949327,3290949327,0,0,1995058746,151153176,14.89,22.13
586,2026-05-13 19:10:30,4,q96,0,5,104,1102,1099,16103,15845,10,62,0,0,0,20,499730,0,0,319603200,288100390,280795582,0,0,100,100,100,0,5899,5899,0,0,5899,100,14.61,1.1
587,2026-05-13 19:10:32,4,q97,0,5,199,11776,14664,155884,142343,195,252,3,672,0,7223,824016,0,0,25010894176,432073561,1656572338,0,0,83873546,2006,2006,0,961239745,961239745,0,0,961239745,83873546,13.24,11.78
588,2026-05-13 19:10:45,4,q98,0,8,184,25496,57130,355536,151944,134,204,7,3168,0,199701,6589863,0,0,32109241216,288283437,1748218274,0,0,275228628,7247,7247,0,4146904094,4146904094,0,0,4143264802,275198085,13.94,25.5
589,2026-05-13 19:11:12,4,q99,0,7,87,2239,2234,29506,24969,89,118,0,176,0,333,1322129,0,0,1632383928,144067238,344542887,0,0,32599,50,50,0,2191785,2191785,0,0,2191785,32599,13.18,2.24
590,2026-05-13 19:11:15,5,q1,0,12,116,2249,3991,31931,24281,133,123,0,528,0,4962,887723,0,0,7313515256,59676673,456403438,0,0,18384283,751,751,0,277542612,277542612,0,0,277542612,18384283,14.2,2.25
591,2026-05-13 19:11:18,5,q2,0,9,128,2811,2760,40074,36735,133,174,0,688,0,874,1291188,0,0,879498664,216214884,669798548,0,0,35347,362,362,0,2673870,2673870,0,0,901000,13701,14.26,2.81
592,2026-05-13 19:11:22,5,q3,0,5,105,1365,1352,19293,17678,108,137,0,288,0,2271,1103259,0,0,398524368,288283437,1741750642,0,0,43002,202,202,0,2702444,2702444,0,0,2702444,43002,14.13,1.36
593,2026-05-13 19:11:25,5,q4,0,25,699,94409,432019,1500643,680301,1900,1952,3,16569,0,796254,1071331,0,0,115346137600,794300709,9144325172,0,0,566100624,25854,25854,0,14421654048,14421654048,0,0,8530726381,341212705,15.9,94.41
594,2026-05-13 19:13:00,5,q5,0,11,327,12967,23674,175947,167627,349,512,0,1953,0,6039,1627432,0,0,8840979776,626496435,4133746708,0,0,78889487,1136,1136,0,1105462275,1105462275,0,0,1105462275,78889487,13.57,12.97
595,2026-05-13 19:13:14,5,q5a,0,14,332,13550,27386,183763,175958,443,536,3,2224,0,5881,1627475,0,0,9312838808,626496435,4133746708,0,0,78892792,1146,1146,0,1105699887,1105699887,0,0,1105491135,78889358,13.56,13.55
596,2026-05-13 19:13:29,5,q6,0,12,177,9435,21595,140180,129999,132,202,1,1760,0,8450,1319920,0,0,29655044296,291560486,1106015234,0,0,273569765,4943,4943,0,2411983064,2411983064,0,0,2411983064,273569765,14.86,9.44
597,2026-05-13 19:13:40,5,q7,0,13,153,8274,15256,123552,106227,734,656,0,7824,0,8084,1561496,0,0,3327833688,290279286,3267485113,0,0,53828203,521,521,0,1572117022,1572117022,0,0,1572117022,53828203,14.93,8.27
598,2026-05-13 19:13:49,5,q8,0,12,156,1942,3701,27963,26119,65,132,0,416,0,1583,596540,0,0,4699737736,292079839,1040308034,0,0,9745839,320,320,0,80860242,80860242,0,0,80860242,9745839,14.4,1.94
599,2026-05-13 19:13:52,5,q9,0,31,1516,22111,329599,344473,316871,2821,3166,0,12430,0,1513,486671,0,0,0,4320095875,9702793557,0,0,1500,1500,1500,0,94560,94560,0,0,94560,1500,15.58,22.11
600,2026-05-13 19:14:15,5,q10,0,11,271,2532,5980,36534,33608,73,203,1,0,0,3973,494258,0,0,5950222984,508995974,534155978,0,0,22980851,2665,2665,0,107587382,107587382,0,0,107587382,22980851,14.43,2.53
601,2026-05-13 19:14:19,5,q10a,0,10,271,2205,3848,30570,28018,72,208,0,1312,0,3913,884952,0,0,4673913312,508995974,534155978,0,0,22779154,2665,2665,0,107362439,107362439,0,0,107362439,22779154,13.86,2.2
602,2026-05-13 19:14:22,5,q11,0,15,378,28313,89315,446299,362372,450,576,0,4928,0,82750,747100,0,0,96265954592,362154099,1995408278,0,0,699960358,16553,16553,0,9208035628,9208035628,0,0,4755214457,353418106,15.76,28.31
603,2026-05-13 19:14:52,5,q12,0,7,68,4422,8360,57242,44554,71,61,0,352,0,10671,268182,0,0,9222228056,72278662,444255560,0,0,72106021,825,825,0,1083589609,1083589609,0,0,1083589609,72106021,12.94,4.42
604,2026-05-13 19:14:57,5,q13,0,14,132,4621,13203,68637,60599,547,532,0,3232,0,2085,1914208,0,0,938682560,291088088,3998582767,0,0,740937,124,124,0,21472290,21472290,0,0,21472290,740937,14.85,4.62
605,2026-05-13 19:15:03,5,q14a,0,30,906,68786,270964,1046334,400982,1294,1567,15,10402,0,634894,4319104,0,0,41592349952,1513041522,6516286368,0,0,622772823,5384,5384,0,8835519080,8835519080,0,0,8829873692,622636851,15.21,68.79
606,2026-05-13 19:16:14,5,q14b,0,25,821,44340,206694,674479,361925,1540,1707,4,4752,0,294968,4580343,0,0,46263177240,1297191883,5175477220,0,0,681766191,5510,5510,0,10375262725,10375262725,0,0,5413022316,406720839,15.21,44.34
607,2026-05-13 19:17:00,5,q14,0,25,811,52205,289093,805948,339868,1444,1623,4,6723,0,468097,4580988,0,0,45362385304,1297191883,5175477220,0,0,680744695,4511,4511,0,10278741349,10278741349,0,0,5316500940,405699343,15.44,52.2
608,2026-05-13 19:17:53,5,q15,0,7,138,13793,23359,183946,150670,84,128,0,2412,0,27796,409517,0,0,27139515144,147067173,476461604,0,0,288833756,2610,2610,0,2528737868,2528737868,0,0,2528737868,288833756,13.34,13.79
609,2026-05-13 19:18:08,5,q16,0,8,276,31854,129898,497227,165515,299,380,0,1920,0,325439,2495740,0,0,41785807200,303459149,1637288222,0,0,301125284,17100,17100,0,4308531096,4308531096,0,0,4308531096,301125284,15.61,31.85
610,2026-05-13 19:18:41,5,q17,0,10,455,87483,382210,1369091,439197,283,493,1,2942,0,896302,13880723,0,0,67548164624,461152623,2487085494,0,0,455396321,38027,38027,0,11102906661,11102906661,0,0,11102906661,455396321,15.65,87.48
611,2026-05-13 19:20:10,5,q18,0,13,221,21344,77055,310013,132933,191,237,6,4400,0,173837,9714061,0,0,10620901464,151112773,2141014161,0,0,159482755,2038,2038,0,4710951961,4710951961,0,0,4710951961,159482755,14.52,21.34
612,2026-05-13 19:20:32,5,q18a,0,23,302,37041,350827,586420,165876,329,417,0,3840,0,421913,9713760,0,0,33446629456,154316773,2158961281,0,0,204535227,7298,7298,0,6033670206,6033670206,0,0,4719548882,160018999,15.83,37.04
613,2026-05-13 19:21:11,5,q19,0,11,168,2839,5071,41539,35758,98,155,0,640,0,5916,495892,0,0,5840248568,291283839,2005031778,0,0,11817289,896,896,0,226663994,226663994,0,0,226663994,11817289,14.63,2.84
614,2026-05-13 19:21:15,5,q20,0,7,120,6163,11213,89689,85388,80,118,0,914,0,6031,432286,0,0,17559457360,144271173,839612600,0,0,143395506,2512,2512,0,1673268059,1673268059,0,0,1673268059,143395506,14.55,6.16
615,2026-05-13 19:21:22,5,q21,0,5,24,2425,2413,31713,22929,25,28,0,96,0,13,274617,0,0,217853776,399607064,1594859590,0,0,95955,1,1,0,1951830,1951830,0,0,1951830,95955,13.08,2.42
616,2026-05-13 19:21:25,5,q22,0,7,57,73550,73744,851824,844717,96,74,0,1948,0,1435,320176,0,0,10466679912,399607064,1594470470,0,0,80173222,390,390,0,849064752,849064752,0,0,849064752,80173222,11.58,73.55
617,2026-05-13 19:22:40,5,q22a,0,11,82,9318,10091,85396,79160,113,124,0,640,0,2928,511504,0,0,14726520280,399607064,1594933318,0,0,80581076,684,684,0,1060993341,1060993341,0,0,1034085325,80173152,9.16,9.32
618,2026-05-13 19:22:50,5,q23a,0,17,711,110121,213044,1734893,819475,921,1172,3,8549,0,868709,13146599,0,0,142150849472,1082438048,4579194770,0,0,639658229,36097,36097,0,15131554150,15131554150,0,0,14753013193,612246607,15.75,110.12
619,2026-05-13 19:24:42,5,q23b,0,20,747,123526,296171,1948235,847929,1282,1418,5,9251,0,1073797,13146599,0,0,171886623048,1084438048,4592285178,0,0,688270095,50562,50562,0,15931359084,15931359084,0,0,14797169266,613634385,15.77,123.53
620,2026-05-13 19:26:46,5,q24,0,12,371,66405,359046,1046394,158422,254,415,0,1904,0,872107,3699288,0,0,50686787392,320012401,2127786170,0,0,300409241,24419,24419,0,7145032616,7145032616,0,0,7145032616,300409241,15.76,66.4
621,2026-05-13 19:27:54,5,q24a,0,20,626,50630,235227,789790,264646,575,816,0,2280,0,503369,3699202,0,0,107570656736,320216401,2119501172,0,0,611254554,52665,52665,0,14775960898,14775960898,0,0,7667539932,310999280,15.6,50.63
622,2026-05-13 19:28:45,5,q24b,0,21,612,74430,344922,1168831,238269,560,785,42,2335,0,800357,3697611,0,0,105559095376,320216401,2119501172,0,0,611115102,52528,52528,0,14763210580,14763210580,0,0,7654789614,310859828,15.7,74.43
623,2026-05-13 19:30:01,5,q25,0,10,455,127533,460591,2003053,444521,277,493,6,3392,0,1534820,13880723,0,0,67480983384,461152623,3445961902,0,0,455396296,38016,38016,0,11352290153,11352290153,0,0,11352290153,455396296,15.71,127.53
624,2026-05-13 19:32:10,5,q26,0,9,165,11839,34215,175735,105352,155,196,0,2190,0,30053,1561539,0,0,3215695544,146192973,1676473975,0,0,143110851,243,243,0,3936796619,3936796619,0,0,3936796619,143110851,14.84,11.84
625,2026-05-13 19:32:23,5,q27,0,13,134,5982,11336,89500,76093,695,659,2,6032,0,4847,1561496,0,0,1871504496,290278090,2961728789,0,0,6531992,195,195,0,171248941,171248941,0,0,171248941,6531992,14.96,5.98
626,2026-05-13 19:32:30,5,q27a,0,17,172,6148,12060,91465,80671,780,728,0,7866,0,5076,1561496,0,0,3508711432,290482492,2962486469,0,0,19007145,431,431,0,496409433,496409433,0,0,169914355,6471347,14.88,6.15
627,2026-05-13 19:32:37,5,q28,0,18,679,24213,143971,381987,352170,2433,2453,0,7408,0,26364,542599,0,0,40844379952,1728038328,10550338104,0,0,4703800,7373,7373,0,76893877,76893877,0,0,76893877,4703800,15.78,24.21
628,2026-05-13 19:33:02,5,q29,0,11,456,33083,87225,501677,481478,338,498,3,4240,0,33793,13880723,0,0,67481299384,461225672,2487565246,0,0,455396359,38035,38035,0,11102913775,11102913775,0,0,11102913775,455396359,15.16,33.08
629,2026-05-13 19:33:36,5,q30,0,16,135,2169,4949,30660,25781,121,143,0,0,0,3541,3485263,0,0,11829421592,19471827,231463322,0,0,10759655,1052,1052,0,346545150,346545150,0,0,346545150,10759655,14.14,2.17
630,2026-05-13 19:33:40,5,q31,0,25,537,7589,43182,117583,104507,193,452,4,2480,0,13261,496408,0,0,18345596968,1081243150,4107137060,0,0,44349624,7551,7551,0,437154496,437154496,0,0,356517506,39498473,15.49,7.59
631,2026-05-13 19:33:48,5,q32,0,7,167,1392,2648,20139,15492,100,157,0,320,0,682,1348250,0,0,608193728,288265297,1664005506,0,0,350080,90,90,0,4605586,4605586,0,0,4605586,350080,14.47,1.39
632,2026-05-13 19:33:51,5,q33,0,9,231,3185,7138,46456,39275,230,308,0,992,0,3962,1854368,0,0,8551312072,505483174,3389901228,0,0,140265,246,246,0,3533209,3533209,0,0,3533209,140265,14.59,3.18
633,2026-05-13 19:33:55,5,q34,0,9,135,2378,2665,32844,31278,155,166,0,0,0,1837,1381857,0,0,504117552,290087039,552697610,0,0,4031113,130,130,0,135779937,135779937,0,0,68692258,2031113,13.81,2.38
634,2026-05-13 19:33:58,5,q35,0,12,304,4367,7804,61915,55545,175,282,0,1680,0,5310,585904,0,0,13764348952,508995974,532797158,0,0,62628742,3651,3651,0,161556141,161556141,0,0,161556141,62628742,14.18,4.37
635,2026-05-13 19:34:04,5,q35a,0,11,304,3856,5629,52529,49638,140,279,0,270,0,5113,885554,0,0,12908711344,508995974,532797158,0,0,62645069,3651,3651,0,161542892,161542892,0,0,161542892,62645069,13.62,3.86
636,2026-05-13 19:34:09,5,q36,0,6,105,2409,2347,34009,30526,118,157,0,0,0,1291,3714241,0,0,8922882160,288283839,2669530228,0,0,16094,101,101,0,1304706,1304706,0,0,1304706,16094,14.12,2.41
637,2026-05-13 19:34:12,5,q36a,0,9,110,2248,2192,29026,26898,122,157,0,33,0,1413,3714284,0,0,9461850032,288283839,2669530228,0,0,44513,306,306,0,3722869,3722869,0,0,1257107,15087,12.91,2.25
638,2026-05-13 19:34:16,5,q37,0,6,127,6570,9983,87565,76712,75,114,0,1168,0,4296,453131,0,0,8354801792,543601173,1997447148,0,0,110406549,2417,2417,0,1414353688,1414353688,0,0,1414353688,295975871,13.33,6.57
639,2026-05-13 19:34:23,5,q38,0,13,351,8420,22370,130499,120066,169,327,0,1328,0,8439,578739,0,0,23373920984,506075174,516856180,0,0,120819579,4930,4930,0,740190070,740190070,0,0,635050060,116819579,15.5,8.42
640,2026-05-13 19:34:33,5,q39a,0,11,98,4877,8718,54661,50516,188,168,0,112,0,1183,2464085,0,0,5156915760,799010113,3187191398,0,0,4703618,85,85,0,112366429,112366429,0,0,75919735,3173618,11.21,4.88
641,2026-05-13 19:34:39,5,q39b,0,11,97,4353,7890,48848,47128,166,175,0,832,0,573,1036381,0,0,4773464624,799010113,3187191398,0,0,4594459,85,85,0,109301092,109301092,0,0,72854398,3064459,11.22,4.35
642,2026-05-13 19:34:44,5,q40,0,8,149,8412,23704,123445,116170,149,185,0,1776,0,8728,1024881,0,0,24442330840,158669010,991554348,0,0,157478827,4755,4755,0,3042545985,3042545985,0,0,3042545985,157478827,14.67,8.41
643,2026-05-13 19:34:54,5,q41,0,4,4,188,163,147,146,3,3,0,0,0,11,13527,0,0,269488032,408000,2017652,0,0,292,2,2,0,19225,19225,0,0,19225,292,0.78,0.19
644,2026-05-13 19:34:55,5,q42,0,4,103,1047,1038,15293,14678,105,135,0,0,0,356,1102614,0,0,4275853344,288283437,1741427022,0,0,1059,100,100,0,88397,88397,0,0,88397,1059,14.61,1.05
645,2026-05-13 19:34:57,5,q43,0,4,103,2265,2244,33011,29796,102,134,0,505,0,1405,1103345,0,0,303914184,288079839,721265878,0,0,11900,100,100,0,1353429,1353429,0,0,1353429,11900,14.57,2.26
646,2026-05-13 19:35:00,5,q44,0,8,236,2224,2353,32341,28397,205,267,0,128,0,3991,3432039,0,0,11324604072,576216776,2859458594,0,0,2616272,3332,3332,0,35014545,35014545,0,0,17513938,1308362,14.54,2.22
647,2026-05-13 19:35:04,5,q45,0,9,93,7505,15431,98906,86097,69,90,0,1712,0,6503,1561496,0,0,18568166344,75482662,418217397,0,0,146949311,1341,1341,0,2126443351,2126443351,0,0,2126443351,146949311,13.18,7.5
648,2026-05-13 19:35:12,5,q46,0,12,165,5432,5920,79877,71112,213,246,1,3968,0,4248,5468127,0,0,5291431320,291087039,1886906460,0,0,5222376,1812,1812,0,116650200,116650200,0,0,102278687,4252333,14.7,5.43
649,2026-05-13 19:35:19,5,q47,0,11,165,5544,6639,79395,75273,212,247,0,720,0,4667,4610732,0,0,14671169864,288283839,1536773236,0,0,20520741,3847,3847,0,801434583,801434583,0,0,410111877,10492204,14.32,5.54
650,2026-05-13 19:35:25,5,q48,0,9,129,7913,21309,118993,111865,164,178,0,4448,0,5073,2409952,0,0,972086040,291000639,2214719143,0,0,42651137,123,123,0,1005842145,1005842145,0,0,1005842145,42651137,15.04,7.91
651,2026-05-13 19:35:34,5,q49,0,18,333,10745,43846,164453,145591,215,320,0,2864,0,16564,2330080,0,0,7967617104,554473996,5651852114,0,0,151964006,311,311,0,3382498675,3382498675,0,0,3382498675,151964006,15.31,10.74
652,2026-05-13 19:35:46,5,q50,0,8,330,47534,195767,750288,161961,410,526,4,1408,0,596583,4076848,0,0,62443797224,316954499,1483899822,0,0,292659773,25280,25280,0,6486733286,6486733286,0,0,6486733286,292659773,15.78,47.53
653,2026-05-13 19:36:35,5,q51,0,10,244,14957,23139,212977,198057,273,345,0,1248,0,16652,823801,0,0,29826097864,360081050,1827606082,0,0,173923508,3842,3842,0,2939139272,2939139272,0,0,2939139272,173923508,14.24,14.96
654,2026-05-13 19:36:51,5,q51a,0,14,315,250562,292407,3248824,3208142,513,587,0,16290,0,14553,824016,0,0,73983717904,360081050,1827606082,0,0,313992514,4882,4882,0,5206647559,5206647559,0,0,3938125725,247599251,12.97,250.56
655,2026-05-13 19:41:03,5,q52,0,5,106,1334,1313,18685,16131,136,154,0,272,0,2725,1103302,0,0,4410595312,288283437,1741754702,0,0,56873,303,303,0,3229758,3229758,0,0,3229758,56873,14.01,1.33
656,2026-05-13 19:41:05,5,q53,0,6,110,1910,1891,26775,24771,123,153,2,464,0,2669,1382588,0,0,865296216,288283839,1537506456,0,0,324087,606,606,0,6834395,6834395,0,0,6834395,324087,14.02,1.91
657,2026-05-13 19:41:08,5,q54,0,17,301,11528,31411,170491,161521,189,314,0,1264,0,9876,983208,0,0,34158724696,507498723,1949922514,0,0,291951373,5194,5194,0,2749263193,2749263193,0,0,2749263193,291951373,14.79,11.53
658,2026-05-13 19:41:20,5,q55,0,5,105,1312,1303,18569,15666,102,127,4,432,0,3110,1103904,0,0,7094686768,288283437,1741754702,0,0,43008,202,202,0,2504732,2504732,0,0,2504732,43008,14.15,1.31
659,2026-05-13 19:41:23,5,q56,0,9,230,2858,6515,41006,36632,227,316,0,0,0,3433,1854368,0,0,6758593232,505483174,3390364076,0,0,78464,145,145,0,2864472,2864472,0,0,2864472,78464,14.35,2.86
660,2026-05-13 19:41:27,5,q57,0,11,152,2903,3710,37754,32397,214,236,0,536,0,2667,4610775,0,0,9768835904,144271203,719811720,0,0,1882447,1298,1298,0,76781779,76781779,0,0,53005620,1287630,13.01,2.9
661,2026-05-13 19:41:31,5,q58,0,10,243,3052,7254,44953,39517,338,361,0,464,0,4511,1644988,0,0,19730899648,504425272,3009322542,0,0,2376775,2398,2398,0,36037027,36037027,0,0,36037027,2376775,14.73,3.05
662,2026-05-13 19:41:35,5,q59,0,10,141,5636,6005,73643,69928,161,192,0,800,0,3762,824145,0,0,9819229416,288226339,721563224,0,0,10227960,3434,3434,0,318130195,318130195,0,0,159984714,5187345,13.07,5.64
663,2026-05-13 19:41:42,5,q60,0,9,236,3122,6712,45123,40849,328,354,0,600,0,3053,1854368,0,0,13674264184,505483174,3390298540,0,0,553663,691,691,0,10646652,10646652,0,0,10646652,553663,14.45,3.12
664,2026-05-13 19:41:46,5,q61,0,12,253,4945,10007,77483,66912,151,253,0,2528,0,5013,1854454,0,0,6560744544,579291227,4360085292,0,0,11321881,3774,3774,0,152501497,152501497,0,0,132205493,9321881,15.67,4.94
665,2026-05-13 19:41:52,5,q62,0,6,45,1211,1199,16901,14780,46,55,0,0,0,936,664354,0,0,245764904,72074721,246070777,0,0,14400,40,40,0,1319317,1319317,0,0,1319317,14400,13.96,1.21
666,2026-05-13 19:41:54,5,q63,0,6,107,2065,2048,29540,26079,137,154,2,624,0,3190,1382459,0,0,797335408,288283839,1537445016,0,0,119054,303,303,0,3234733,3234733,0,0,3234733,119054,14.31,2.06
667,2026-05-13 19:41:57,5,q64,0,55,610,29951,127595,454096,426540,1941,1628,2,10588,0,17526,2409641,0,0,24856826104,768909000,8415829501,0,0,244146938,5566,5566,0,3746885734,3746885734,0,0,3100073287,198417039,15.16,29.95
668,2026-05-13 19:42:29,5,q65,0,11,273,21838,41275,324403,167554,326,414,2,1840,0,162162,824919,0,0,26129889408,576290227,3078779468,0,0,143020213,3757,3757,0,3463999620,3463999620,0,0,3463999620,143020213,14.85,21.84
669,2026-05-13 19:42:52,5,q66,0,8,127,3564,5025,50242,38340,226,270,0,1104,0,212,1321441,0,0,4724854960,216155221,1749129673,0,0,885,59,59,0,423776,423776,0,0,423776,885,14.1,3.56
670,2026-05-13 19:42:56,5,q67,0,8,169,51627,51746,716364,587153,153,208,0,6684,0,117712,785520,0,0,50941077272,288283839,1809603736,0,0,103430035,3325,3325,0,3748713555,3748713555,0,0,3748713555,103430035,13.88,51.63
671,2026-05-13 19:43:49,5,q67a,0,16,553,93249,312150,1412870,996002,1422,1445,0,7667,0,411264,3922007,0,0,188499920024,288283839,1809603736,0,0,526145788,13492,13492,0,25126232148,25126232148,0,0,6904704516,151999492,15.15,93.25
672,2026-05-13 19:45:24,5,q68,0,12,157,3942,4459,57412,51869,127,172,0,1543,0,3015,1356286,0,0,3755850888,291087039,3012126804,0,0,4229984,1708,1708,0,102010109,102010109,0,0,87638596,3259941,14.56,3.94
673,2026-05-13 19:45:29,5,q69,0,11,271,2611,5984,36363,32141,63,198,0,992,0,4905,504651,0,0,5709654800,508995974,533476810,0,0,18050359,2648,2648,0,100057072,100057072,0,0,100057072,18050359,13.93,2.61
674,2026-05-13 19:45:32,5,q70,0,9,207,3804,3748,55065,53149,237,309,1,528,0,772,2085331,0,0,7520172584,576086629,2049157256,0,0,3221,202,202,0,236975,236975,0,0,236975,3221,14.48,3.8
675,2026-05-13 19:45:37,5,q70a,0,12,212,3574,3467,50704,48569,281,313,0,848,0,770,2079688,0,0,1281146016,576086629,2049157256,0,0,4050,407,407,0,343348,343348,0,0,165400,2250,14.19,3.57
676,2026-05-13 19:45:42,5,q71,0,7,237,2896,2841,40664,35381,299,388,1,512,0,3850,4148621,0,0,4768025808,504365574,3243811666,0,0,276608,1740,1740,0,14439451,14439451,0,0,8278087,169054,14.04,2.9
677,2026-05-13 19:45:46,5,q72,0,16,357,248672,594738,3812580,2292964,508,595,2,3744,0,1497224,13146599,0,0,82523784096,560074108,2918889632,0,0,538047872,23879,23879,0,9676295239,9676295239,0,0,9676295239,538047872,15.33,248.67
678,2026-05-13 19:49:56,5,q73,0,9,135,2354,2599,33968,32584,126,153,0,0,0,1613,1381771,0,0,501137872,290087039,552697610,0,0,4016581,130,130,0,135101187,135101187,0,0,68013508,2016581,14.43,2.35
679,2026-05-13 19:49:59,5,q74,0,15,372,27884,94349,431201,309554,425,528,0,4082,0,110438,746756,0,0,90607299856,362154099,1378722710,0,0,699960358,16151,16151,0,7000072686,7000072686,0,0,3595135458,353418106,15.46,27.88
680,2026-05-13 19:50:28,5,q75,0,20,575,13545,48581,209638,187779,309,572,0,3872,0,15077,815608,0,0,24640192976,1058753170,7834258164,0,0,140054991,4858,4858,0,3124293933,3124293933,0,0,2106315257,89656169,15.48,13.54
681,2026-05-13 19:50:43,5,q76,0,5,225,2670,2625,39258,34815,285,353,0,255,0,3114,3568782,0,0,18212205328,504279174,3280482246,0,0,29370,442,442,0,2390946,2390946,0,0,2390946,29370,14.7,2.67
682,2026-05-13 19:50:47,5,q77,0,14,270,3692,17296,54162,44677,223,315,2,880,0,2911,1103861,0,0,1260363280,554476438,3721794676,0,0,79773,185,185,0,2925926,2925926,0,0,2925926,79773,14.67,3.69
683,2026-05-13 19:50:52,5,q77a,0,17,275,3837,17482,53922,44512,282,343,0,1536,0,5999,1103216,0,0,1866439984,554476438,3721794676,0,0,80022,197,197,0,3092382,3092382,0,0,2921770,77548,14.05,3.84
684,2026-05-13 19:50:57,5,q78,0,15,479,101674,372532,1595010,422923,707,835,0,3278,0,1124960,1819600,0,0,94462501856,554620094,4720970098,0,0,406636630,22041,22041,0,11364756495,11364756495,0,0,11364756495,406636630,15.69,101.67
685,2026-05-13 19:52:39,5,q79,0,8,148,5328,5561,80007,71905,301,316,0,2349,0,3694,1385555,0,0,10620768024,290087039,1875590930,0,0,3605125,2176,2176,0,110390087,110390087,0,0,110390087,3605125,15.02,5.33
686,2026-05-13 19:52:46,5,q80,0,23,435,75599,300090,1193207,361678,1012,1127,0,3190,0,808736,2328188,0,0,54884401176,554977871,6226753010,0,0,265494087,13405,13405,0,7544340812,7544340812,0,0,7544340812,265494087,15.78,75.6
687,2026-05-13 19:54:03,5,q80a,0,26,440,88984,354509,1399459,358592,1078,1156,0,3360,0,1028855,2328360,0,0,55356260208,554977871,6226753010,0,0,265493759,13420,13420,0,7544510242,7544510242,0,0,7544288542,265491829,15.73,88.98
688,2026-05-13 19:55:33,5,q81,0,16,161,2887,5966,39874,30684,228,220,0,480,0,4598,713915,0,0,16970831448,33868693,346983193,0,0,18924578,1666,1666,0,364455902,364455902,0,0,364455902,18924578,13.81,2.89
689,2026-05-13 19:55:37,5,q82,0,6,162,23765,29896,359040,109393,106,154,0,1456,0,241542,736956,0,0,14750794000,687613437,2417805526,0,0,182486545,4713,4713,0,2152775123,2152775123,0,0,2152775123,439988162,15.11,23.76
690,2026-05-13 19:56:02,5,q83,0,10,49,1094,2620,12947,10763,49,55,0,0,0,784,1561496,0,0,3558133904,50821969,264231616,0,0,402103,73,73,0,5531326,5531326,0,0,5531326,402103,11.83,1.09
691,2026-05-13 19:56:04,5,q84,0,9,57,1471,2864,16719,11603,49,49,5,0,0,2818,9713846,0,0,882083136,33729631,129359028,0,0,27798849,47,47,0,145652248,145652248,0,0,145652248,27798849,11.37,1.47
692,2026-05-13 19:56:07,5,q85,0,14,98,5255,23813,66400,42115,95,115,0,2288,0,19617,1649276,0,0,4434954736,84117746,933758186,0,0,11437258,903,903,0,372062316,372062316,0,0,372062316,11437258,12.64,5.26
693,2026-05-13 19:56:13,5,q86,0,5,44,1186,1123,14557,11991,42,52,0,0,0,682,3714241,0,0,3607813520,72278662,435354952,0,0,7501,41,41,0,521174,521174,0,0,521174,7501,12.27,1.19
694,2026-05-13 19:56:15,5,q86a,0,8,49,3576,3507,11941,8516,50,60,0,0,0,711,3714241,0,0,4146781072,72278662,435354952,0,0,20456,126,126,0,1499880,1499880,0,0,514832,7068,3.34,3.58
695,2026-05-13 19:56:20,5,q87,0,13,351,10043,26745,155917,120825,170,322,0,1904,0,27365,578051,0,0,23373920984,506075174,516856180,0,0,120819579,4930,4930,0,740190070,740190070,0,0,635050060,116819579,15.52,10.04
696,2026-05-13 19:56:31,5,q88,0,26,818,8533,59897,132954,126307,36,491,0,2560,0,121,500117,0,0,2576691200,2304749906,2245153138,0,0,800,800,800,0,47197,47197,0,0,47197,800,15.58,8.53
697,2026-05-13 19:56:41,5,q89,0,8,221,9491,15578,141739,133871,202,250,0,2010,0,15634,1746002,0,0,8354877928,288283839,1537109108,0,0,269046438,1717,1717,0,4912143121,4912143121,0,0,4912143121,269046438,14.93,9.49
698,2026-05-13 19:56:51,5,q90,0,8,86,790,1202,11221,10095,10,47,0,0,0,12,200107,0,0,259051520,144185266,286247368,0,0,80,80,80,0,4720,4720,0,0,4720,80,14.2,0.79
699,2026-05-13 19:56:53,5,q91,0,12,50,778,1241,7935,6943,36,46,0,0,0,609,1032879,0,0,2964310824,19398901,144834443,0,0,2192984,242,242,0,45350044,45350044,0,0,45328060,2192843,10.2,0.78
700,2026-05-13 19:56:55,5,q92,0,7,100,1089,1621,14810,12302,66,97,0,308,0,1797,771327,0,0,3957955072,144280275,873422498,0,0,1672198,696,696,0,21434447,21434447,0,0,21434447,1672198,13.6,1.09
701,2026-05-13 19:56:57,5,q93,0,6,333,26506,42634,412125,398590,334,447,0,2368,0,21922,2969847,0,0,68971117112,316808054,2077795901,0,0,316284326,26211,26211,0,7815370900,7815370900,0,0,7815370900,316284326,15.55,26.51
702,2026-05-13 19:57:25,5,q94,0,8,136,6809,20903,102156,92071,159,179,0,1248,0,7954,998296,0,0,16630437440,152275688,755260938,0,0,151171114,3640,3640,0,2240321543,2240321543,0,0,2240321543,151171114,15.0,6.81
703,2026-05-13 19:57:33,5,q95,0,8,163,22115,33217,329112,317392,325,338,0,3318,0,7009,1758975,0,0,49888658408,152275688,717446666,0,0,367104120,14137,14137,0,3290949327,3290949327,0,0,1995058746,151153176,14.88,22.12
704,2026-05-13 19:57:56,5,q96,0,5,104,1148,1145,16800,16227,9,59,0,0,0,14,499687,0,0,319603200,288100390,280795582,0,0,100,100,100,0,5899,5899,0,0,5899,100,14.63,1.15
705,2026-05-13 19:57:58,5,q97,0,5,199,11365,14177,149144,143536,300,265,0,736,0,4970,824188,0,0,25010894176,432073561,1656572338,0,0,83873546,2006,2006,0,961239745,961239745,0,0,961239745,83873546,13.12,11.36
706,2026-05-13 19:58:10,5,q98,0,8,184,11572,21702,167732,160756,137,198,7,1536,2,12434,6589863,0,0,32109241216,288283437,1748218274,0,0,275228628,7247,7247,0,4146904094,4146904094,0,0,4143264802,275198085,14.49,11.57
707,2026-05-13 19:58:23,5,q99,0,7,87,2089,2081,27670,22706,88,117,0,240,0,544,1321871,0,0,1632383928,144067238,344542887,0,0,32599,50,50,0,2191785,2191785,0,0,2191785,32599,13.25,2.09
708,2026-05-13 19:58:26,6,q1,0,12,116,1932,3162,27145,22994,102,126,0,576,0,3190,887723,0,0,7313515256,59676673,456403438,0,0,18384283,751,751,0,277542612,277542612,0,0,277542612,18384283,14.05,1.93
709,2026-05-13 19:58:29,6,q2,0,9,128,2680,2626,37789,35587,146,174,0,480,0,1238,1290887,0,0,879498664,216214884,669798548,0,0,35347,362,362,0,2673870,2673870,0,0,901000,13701,14.1,2.68
710,2026-05-13 19:58:33,6,q3,0,5,105,1371,1358,19237,17488,133,135,0,224,0,2896,1103173,0,0,398524368,288283437,1741750642,0,0,43002,202,202,0,2702444,2702444,0,0,2702444,43002,14.03,1.37
711,2026-05-13 19:58:35,6,q4,0,25,699,85321,399267,1355660,681533,1840,1913,0,16330,0,626257,1071331,0,0,115346137600,794300709,9144325172,0,0,566100624,25854,25854,0,14421654048,14421654048,0,0,8530726381,341212705,15.89,85.32
712,2026-05-13 20:00:02,6,q5,0,11,327,14434,27605,200067,160945,338,495,0,1584,0,27558,1626271,0,0,8840979776,626496435,4133746708,0,0,78889487,1136,1136,0,1105462275,1105462275,0,0,1105462275,78889487,13.86,14.43
713,2026-05-13 20:00:17,6,q5a,0,14,332,13305,27210,179037,169512,383,529,0,2176,0,8593,1626701,0,0,9312838808,626496435,4133746708,0,0,78892792,1146,1146,0,1105699887,1105699887,0,0,1105491135,78889358,13.46,13.3
714,2026-05-13 20:00:32,6,q6,0,12,177,11690,27422,163342,126860,131,202,4,3344,0,33898,1319576,0,0,29655044296,291560486,1106015234,0,0,273569765,4943,4943,0,2411983064,2411983064,0,0,2411983064,273569765,13.97,11.69
715,2026-05-13 20:00:45,6,q7,0,13,153,8131,14757,120464,105894,687,680,0,6752,0,7511,1561496,0,0,3327833688,290279286,3267485113,0,0,53828203,521,521,0,1572117022,1572117022,0,0,1572117022,53828203,14.82,8.13
716,2026-05-13 20:00:54,6,q8,0,12,156,1840,3473,26138,24138,68,134,0,400,0,1579,596540,0,0,4699737736,292079839,1040308034,0,0,9745839,320,320,0,80860242,80860242,0,0,80860242,9745839,14.21,1.84
717,2026-05-13 20:00:57,6,q9,0,31,1516,22848,341108,357312,320202,2644,3107,2,11707,0,2378,486843,0,0,0,4320095875,9702793557,0,0,1500,1500,1500,0,94560,94560,0,0,94560,1500,15.64,22.85
718,2026-05-13 20:01:21,6,q10,0,11,271,2980,6653,37763,33888,65,201,2,368,0,4853,494258,0,0,5950222984,508995974,534155978,0,0,22980851,2665,2665,0,107587382,107587382,0,0,107587382,22980851,12.67,2.98
719,2026-05-13 20:01:25,6,q10a,0,10,271,2140,3762,29594,28223,63,206,0,0,0,3948,884479,0,0,4673913312,508995974,534155978,0,0,22779154,2665,2665,0,107362439,107362439,0,0,107362439,22779154,13.83,2.14
720,2026-05-13 20:01:28,6,q11,0,15,378,40539,119380,642898,345974,446,592,0,6672,0,271333,747100,0,0,96265954592,362154099,1995408278,0,0,699960358,16553,16553,0,9208035628,9208035628,0,0,4755214457,353418106,15.86,40.54
721,2026-05-13 20:02:10,6,q12,0,7,68,7552,14939,98116,46464,47,63,0,208,0,46686,268182,0,0,9222228056,72278662,444255560,0,0,72106021,825,825,0,1083589609,1083589609,0,0,1083589609,72106021,12.99,7.55
722,2026-05-13 20:02:18,6,q13,0,14,132,4457,12752,66590,59393,547,514,0,2768,0,2253,1914208,0,0,938682560,291088088,3998582767,0,0,740937,124,124,0,21472290,21472290,0,0,21472290,740937,14.94,4.46
723,2026-05-13 20:02:24,6,q14a,0,30,906,98517,493084,1525720,392218,1173,1458,47,9986,0,1095573,4318846,0,0,41592349952,1513041522,6516286368,0,0,622772823,5384,5384,0,8835519080,8835519080,0,0,8829873692,622636851,15.49,98.52
724,2026-05-13 20:04:05,6,q14b,0,25,821,66493,360900,1028839,330181,1187,1471,0,5058,0,641960,4580988,0,0,46263177240,1297191883,5175477220,0,0,681766191,5510,5510,0,10375262725,10375262725,0,0,5413022316,406720839,15.47,66.49
725,2026-05-13 20:05:13,6,q14,0,25,811,53109,273041,825592,324007,1383,1629,0,5127,0,461821,4580988,0,0,45362385304,1297191883,5175477220,0,0,680744695,4511,4511,0,10278741349,10278741349,0,0,5316500940,405699343,15.55,53.11
726,2026-05-13 20:06:07,6,q15,0,7,138,15850,26137,219986,141412,325,140,0,2292,0,77261,409431,0,0,27139515144,147067173,476461604,0,0,288833756,2610,2610,0,2528737868,2528737868,0,0,2528737868,288833756,13.88,15.85
727,2026-05-13 20:06:24,6,q16,0,8,276,46377,189594,727583,156118,238,363,0,1984,0,560669,2496428,0,0,41785807200,303459149,1637288222,0,0,301125284,17100,17100,0,4308531096,4308531096,0,0,4308531096,301125284,15.69,46.38
728,2026-05-13 20:07:12,6,q17,0,10,455,134402,654490,2122450,434240,307,490,2,2748,0,1671062,13880723,0,0,67548164624,461152623,2487085494,0,0,455396321,38027,38027,0,11102906661,11102906661,0,0,11102906661,455396321,15.79,134.4
729,2026-05-13 20:09:27,6,q18,0,13,221,64333,408471,1013801,122173,154,212,0,3888,0,886521,9713760,0,0,10620901464,151112773,2141014161,0,0,159482755,2038,2038,0,4710951961,4710951961,0,0,4710951961,159482755,15.76,64.33
730,2026-05-13 20:10:33,6,q18a,0,23,302,46298,414086,726211,161566,319,422,0,3894,0,563584,9713760,0,0,33446629456,154316773,2158961281,0,0,204535227,7298,7298,0,6033670206,6033670206,0,0,4719548882,160018999,15.69,46.3
731,2026-05-13 20:11:20,6,q19,0,11,168,3174,5658,47241,34784,74,135,0,1008,0,4210,495204,0,0,5840248568,291283839,2005031778,0,0,11817289,896,896,0,226663994,226663994,0,0,226663994,11817289,14.88,3.17
732,2026-05-13 20:11:24,6,q20,0,7,120,19747,48203,299878,79599,68,109,0,432,0,221274,432716,0,0,17559457360,144271173,839612600,0,0,143395506,2512,2512,0,1673268059,1673268059,0,0,1673268059,143395506,15.19,19.75
733,2026-05-13 20:11:45,6,q21,0,5,24,2924,2920,37062,21986,28,31,0,208,0,12,274617,0,0,217853776,399607064,1594859590,0,0,95955,1,1,0,1951830,1951830,0,0,1951830,95955,12.68,2.92
734,2026-05-13 20:11:49,6,q22,0,7,57,73830,74018,851792,845176,99,70,0,3155,0,1469,320176,0,0,10466679912,399607064,1594470470,0,0,80173222,390,390,0,849064752,849064752,0,0,849064752,80173222,11.54,73.83
735,2026-05-13 20:13:04,6,q22a,0,11,82,8410,9100,80102,73686,118,128,0,688,0,2852,511504,0,0,14726520280,399607064,1594933318,0,0,80581076,684,684,0,1060993341,1060993341,0,0,1034085325,80173152,9.52,8.41
736,2026-05-13 20:13:14,6,q23a,0,17,711,58987,113481,923532,885233,999,1243,1,8241,0,47972,13146599,0,0,142150849472,1082438048,4579194770,0,0,639658229,36097,36097,0,15131554150,15131554150,0,0,14753013193,612246607,15.66,58.99
737,2026-05-13 20:14:14,6,q23b,0,20,747,71562,151793,1123073,873629,1098,1322,2,12500,0,220343,13146599,0,0,171886623048,1084438048,4592285178,0,0,688270095,50562,50562,0,15931359084,15931359084,0,0,14797169266,613634385,15.69,71.56
738,2026-05-13 20:15:27,6,q24,0,12,371,65272,346691,1023942,164269,268,401,0,1664,0,837463,3698987,0,0,50686787392,320012401,2127786170,0,0,300409241,24419,24419,0,7145032616,7145032616,0,0,7145032616,300409241,15.69,65.27
739,2026-05-13 20:16:33,6,q24a,0,20,626,82633,413129,1276446,256146,541,788,0,2116,0,981945,3698127,0,0,107570656736,320216401,2119501172,0,0,611254554,52665,52665,0,14775960898,14775960898,0,0,7667539932,310999280,15.45,82.63
740,2026-05-13 20:17:57,6,q24b,0,21,612,89214,462725,1386303,237761,558,791,0,1824,0,1114113,3698600,0,0,105559095376,320216401,2119501172,0,0,611115102,52528,52528,0,14763210580,14763210580,0,0,7654789614,310859828,15.54,89.21
741,2026-05-13 20:19:27,6,q25,0,10,455,136274,630755,2149334,435854,248,458,12,2272,0,1659762,13880723,0,0,67480983384,461152623,3445961902,0,0,455396296,38016,38016,0,11352290153,11352290153,0,0,11352290153,455396296,15.77,136.27
742,2026-05-13 20:21:44,6,q26,0,9,165,26777,125469,425095,93392,134,184,0,2560,0,332118,1561496,0,0,3215695544,146192973,1676473975,0,0,143110851,243,243,0,3936796619,3936796619,0,0,3936796619,143110851,15.88,26.78
743,2026-05-13 20:22:12,6,q27,0,13,134,6284,11885,94281,78045,803,721,34,5075,0,5587,1561496,0,0,1871504496,290278090,2961728789,0,0,6531992,195,195,0,171248941,171248941,0,0,171248941,6531992,15.0,6.28
744,2026-05-13 20:22:19,6,q27a,0,17,172,6108,12016,91235,83655,733,728,0,4872,0,4769,1561496,0,0,3508711432,290482492,2962486469,0,0,19007145,431,431,0,496409433,496409433,0,0,169914355,6471347,14.94,6.11
745,2026-05-13 20:22:27,6,q28,0,18,679,24186,143907,381752,355771,2313,2360,0,7957,0,24052,542728,0,0,40844379952,1728038328,10550338104,0,0,4703800,7373,7373,0,76893877,76893877,0,0,76893877,4703800,15.78,24.19
746,2026-05-13 20:22:52,6,q29,0,11,456,86564,340399,1351735,448194,275,477,1,1944,0,865365,13880723,0,0,67481299384,461225672,2487565246,0,0,455396359,38035,38035,0,11102913775,11102913775,0,0,11102913775,455396359,15.62,86.56
747,2026-05-13 20:24:20,6,q30,0,16,135,2194,5247,31058,26711,114,146,0,0,0,3867,3485263,0,0,11829421592,19471827,231463322,0,0,10759655,1052,1052,0,346545150,346545150,0,0,346545150,10759655,14.16,2.19
748,2026-05-13 20:24:23,6,q31,0,24,536,7598,43787,117251,103233,199,460,3,2512,0,13890,495849,0,0,18681665456,1081243150,4107137060,0,0,44379149,7566,7566,0,438020370,438020370,0,0,356448038,39497547,15.43,7.6
749,2026-05-13 20:24:32,6,q32,0,7,167,1302,2460,18706,16444,80,153,0,288,0,621,1348293,0,0,608193728,288265297,1664005506,0,0,350080,90,90,0,4605586,4605586,0,0,4605586,350080,14.37,1.3
750,2026-05-13 20:24:34,6,q33,0,9,231,3198,7484,46584,38641,280,329,0,544,0,5703,1854368,0,0,8551312072,505483174,3389901228,0,0,140265,246,246,0,3533209,3533209,0,0,3533209,140265,14.57,3.2
751,2026-05-13 20:24:38,6,q34,0,9,135,2490,2792,34614,31177,154,165,0,1471,0,2763,1383147,0,0,504117552,290087039,552697610,0,0,4031113,130,130,0,135779937,135779937,0,0,68692258,2031113,13.9,2.49
752,2026-05-13 20:24:42,6,q35,0,12,304,4238,7640,58571,53926,159,282,0,0,0,5290,585904,0,0,13764348952,508995974,532797158,0,0,62628742,3651,3651,0,161556141,161556141,0,0,161556141,62628742,13.82,4.24
753,2026-05-13 20:24:47,6,q35a,0,11,304,3881,5534,54400,49692,138,280,0,1232,0,5659,885210,0,0,12908711344,508995974,532797158,0,0,62645069,3651,3651,0,161542892,161542892,0,0,161542892,62645069,14.02,3.88
754,2026-05-13 20:24:52,6,q36,0,6,105,2508,2443,35397,29841,156,151,0,736,0,1411,3714241,0,0,8922882160,288283839,2669530228,0,0,16094,101,101,0,1304706,1304706,0,0,1304706,16094,14.11,2.51
755,2026-05-13 20:24:56,6,q36a,0,9,110,2180,2128,28507,27172,115,154,3,0,0,1535,3714241,0,0,9461850032,288283839,2669530228,0,0,44513,306,306,0,3722869,3722869,0,0,1257107,15087,13.08,2.18
756,2026-05-13 20:24:59,6,q37,0,6,127,6170,9365,82833,78583,64,111,118,1408,0,5516,453174,0,0,8354801792,543601173,1997447148,0,0,110406549,2417,2417,0,1414353688,1414353688,0,0,1414353688,295975871,13.43,6.17
757,2026-05-13 20:25:06,6,q38,0,13,351,8764,23520,135570,122966,166,327,0,1504,0,9717,578051,0,0,23373920984,506075174,516856180,0,0,120819579,4930,4930,0,740190070,740190070,0,0,635050060,116819579,15.47,8.76
758,2026-05-13 20:25:16,6,q39a,0,11,98,5055,8825,55716,51604,214,177,0,144,0,1033,2464085,0,0,5156915760,799010113,3187191398,0,0,4703618,85,85,0,112366429,112366429,0,0,75919735,3173618,11.02,5.06
759,2026-05-13 20:25:22,6,q39b,0,11,97,4361,8013,49466,47853,160,175,0,752,0,576,1036381,0,0,4773464624,799010113,3187191398,0,0,4594459,85,85,0,109301092,109301092,0,0,72854398,3064459,11.34,4.36
760,2026-05-13 20:25:28,6,q40,0,8,149,21169,72454,306297,106043,95,151,0,1531,0,190136,1024322,0,0,24442330840,158669010,991554348,0,0,157478827,4755,4755,0,3042545985,3042545985,0,0,3042545985,157478827,14.47,21.17
761,2026-05-13 20:25:50,6,q41,0,4,4,191,165,150,143,4,4,0,0,0,11,13527,0,0,269488032,408000,2017652,0,0,292,2,2,0,19225,19225,0,0,19225,292,0.79,0.19
762,2026-05-13 20:25:51,6,q42,0,4,103,1185,1174,16941,14608,103,136,0,208,0,356,1103302,0,0,4275853344,288283437,1741427022,0,0,1059,100,100,0,88397,88397,0,0,88397,1059,14.3,1.18
763,2026-05-13 20:25:53,6,q43,0,4,103,2224,2202,32601,29143,108,138,0,544,0,1222,1103818,0,0,303914184,288079839,721265878,0,0,11900,100,100,0,1353429,1353429,0,0,1353429,11900,14.66,2.22
764,2026-05-13 20:25:56,6,q44,0,8,236,2183,2322,32040,28000,194,262,0,0,0,2616,3432039,0,0,11324604072,576216776,2859458594,0,0,2616272,3332,3332,0,35014545,35014545,0,0,17513938,1308362,14.68,2.18
765,2026-05-13 20:26:00,6,q45,0,9,93,8889,17209,114025,85560,65,88,0,1488,0,30541,1561496,0,0,18568166344,75482662,418217397,0,0,146949311,1341,1341,0,2126443351,2126443351,0,0,2126443351,146949311,12.83,8.89
766,2026-05-13 20:26:10,6,q46,0,12,165,5805,6536,85613,67856,200,239,227,3712,0,8517,5468127,0,0,5291431320,291087039,1886906460,0,0,5222376,1812,1812,0,116650200,116650200,0,0,102278687,4252333,14.75,5.8
767,2026-05-13 20:26:17,6,q47,0,11,165,5526,6388,78814,75071,213,251,0,624,0,4343,4610732,0,0,14671169864,288283839,1536773236,0,0,20520741,3847,3847,0,801434583,801434583,0,0,410111877,10492204,14.26,5.53
768,2026-05-13 20:26:23,6,q48,0,9,129,7863,21428,118382,111788,122,172,0,4404,0,4692,2409909,0,0,972086040,291000639,2214719143,0,0,42651137,123,123,0,1005842145,1005842145,0,0,1005842145,42651137,15.06,7.86
769,2026-05-13 20:26:32,6,q49,0,18,333,30681,130339,482577,137155,151,280,56,2544,0,281851,2330080,0,0,7967617104,554473996,5651852114,0,0,151964006,311,311,0,3382498675,3382498675,0,0,3382498675,151964006,15.73,30.68
770,2026-05-13 20:27:04,6,q50,0,8,330,75662,319090,1168244,148375,361,493,0,1954,0,1014419,4076762,0,0,62443797224,316954499,1483899822,0,0,292659773,25280,25280,0,6486733286,6486733286,0,0,6486733286,292659773,15.44,75.66
771,2026-05-13 20:28:21,6,q51,0,10,244,17292,27109,251414,201029,347,378,2,1808,0,21015,824102,0,0,29826097864,360081050,1827606082,0,0,173923508,3842,3842,0,2939139272,2939139272,0,0,2939139272,173923508,14.54,17.29
772,2026-05-13 20:28:39,6,q51a,0,14,315,247617,290055,3233066,3189746,518,572,5,17766,0,16762,824145,0,0,73983717904,360081050,1827606082,0,0,313992514,4882,4882,0,5206647559,5206647559,0,0,3938125725,247599251,13.06,247.62
773,2026-05-13 20:32:48,6,q52,0,5,106,1383,1372,19849,15018,111,134,0,240,0,2100,1103259,0,0,4410595312,288283437,1741754702,0,0,56873,303,303,0,3229758,3229758,0,0,3229758,56873,14.35,1.38
774,2026-05-13 20:32:50,6,q53,0,6,110,2005,1980,28044,24739,232,160,0,1232,0,3626,1382416,0,0,865296216,288283839,1537506456,0,0,324087,606,606,0,6834395,6834395,0,0,6834395,324087,13.99,2.0
775,2026-05-13 20:32:54,6,q54,0,17,301,11770,37490,173966,158446,192,315,8,1941,0,11844,982520,0,0,34158724696,507498723,1949922514,0,0,291951373,5194,5194,0,2749263193,2749263193,0,0,2749263193,291951373,14.78,11.77
776,2026-05-13 20:33:06,6,q55,0,5,105,1416,1401,19980,15210,126,145,1,256,0,4459,1103302,0,0,7094686768,288283437,1741754702,0,0,43008,202,202,0,2504732,2504732,0,0,2504732,43008,14.11,1.42
777,2026-05-13 20:33:09,6,q56,0,9,230,2734,6346,38589,33977,235,321,0,0,0,3279,1854368,0,0,6758593232,505483174,3390364076,0,0,78464,145,145,0,2864472,2864472,0,0,2864472,78464,14.11,2.73
778,2026-05-13 20:33:13,6,q57,0,11,152,2842,3502,37669,31781,214,232,0,1376,0,2500,4610732,0,0,9768835904,144271203,719811720,0,0,1882447,1298,1298,0,76781779,76781779,0,0,53005620,1287630,13.25,2.84
779,2026-05-13 20:33:17,6,q58,0,10,243,3084,7260,45314,38612,336,346,0,753,0,4854,1644902,0,0,19730899648,504425272,3009322542,0,0,2376775,2398,2398,0,36037027,36037027,0,0,36037027,2376775,14.69,3.08
780,2026-05-13 20:33:21,6,q59,0,10,141,5856,6304,77088,73382,155,193,0,656,0,3843,824274,0,0,9819229416,288226339,721563224,0,0,10227960,3434,3434,0,318130195,318130195,0,0,159984714,5187345,13.16,5.86
781,2026-05-13 20:33:28,6,q60,0,9,236,3044,6633,43984,40849,261,338,0,448,0,3247,1854368,0,0,13674264184,505483174,3390298540,0,0,553663,691,691,0,10646652,10646652,0,0,10646652,553663,14.45,3.04
782,2026-05-13 20:33:32,6,q61,0,12,253,4609,8996,71598,65311,109,241,2,1408,0,4971,1854368,0,0,6560744544,579291227,4360085292,0,0,11321881,3774,3774,0,152501497,152501497,0,0,132205493,9321881,15.53,4.61
783,2026-05-13 20:33:38,6,q62,0,6,45,1285,1271,18045,16230,51,59,0,0,0,784,664440,0,0,245764904,72074721,246070777,0,0,14400,40,40,0,1319317,1319317,0,0,1319317,14400,14.04,1.28
784,2026-05-13 20:33:40,6,q63,0,6,107,2091,2073,29675,26172,111,152,6,1760,0,2539,1383190,0,0,797335408,288283839,1537445016,0,0,119054,303,303,0,3234733,3234733,0,0,3234733,119054,14.19,2.09
785,2026-05-13 20:33:43,6,q64,0,55,610,32254,135416,489629,425272,4870,1588,6,16480,0,31738,2409598,0,0,24856826104,768909000,8415829501,0,0,244146938,5566,5566,0,3746885734,3746885734,0,0,3100073287,198417039,15.18,32.25
786,2026-05-13 20:34:17,6,q65,0,11,273,25454,49743,395030,179015,337,415,1,1712,0,216073,824919,0,0,26129889408,576290227,3078779468,0,0,143020213,3757,3757,0,3463999620,3463999620,0,0,3463999620,143020213,15.52,25.45
787,2026-05-13 20:34:43,6,q66,0,8,127,3745,4929,51915,33250,237,264,0,957,0,206,1321226,0,0,4724854960,216155221,1749129673,0,0,885,59,59,0,423776,423776,0,0,423776,885,13.86,3.74
788,2026-05-13 20:34:48,6,q67,0,8,169,60721,60847,857840,585515,133,193,0,4586,0,260122,785520,0,0,50941077272,288283839,1809603736,0,0,103430035,3325,3325,0,3748713555,3748713555,0,0,3748713555,103430035,14.13,60.72
789,2026-05-13 20:35:50,6,q67a,0,16,553,93658,296504,1422758,999842,1575,1497,0,11496,0,403653,3921706,0,0,188499920024,288283839,1809603736,0,0,526145788,13492,13492,0,25126232148,25126232148,0,0,6904704516,151999492,15.19,93.66
790,2026-05-13 20:37:25,6,q68,0,12,157,3924,4387,57410,51558,129,163,0,1600,2,2824,1356286,0,0,3755850888,291087039,3012126804,0,0,4229984,1708,1708,0,102010109,102010109,0,0,87638596,3259941,14.63,3.92
791,2026-05-13 20:37:30,6,q69,0,11,271,2612,5906,37219,32839,65,199,0,1072,0,4427,504651,0,0,5709654800,508995974,533476810,0,0,18050359,2648,2648,0,100057072,100057072,0,0,100057072,18050359,14.25,2.61
792,2026-05-13 20:37:34,6,q70,0,9,207,3819,3761,55753,51047,223,304,3,480,0,702,2085331,0,0,7520172584,576086629,2049157256,0,0,3221,202,202,0,236975,236975,0,0,236975,3221,14.6,3.82
793,2026-05-13 20:37:39,6,q70a,0,12,212,3375,3268,47600,45886,236,306,0,464,0,730,2079000,0,0,1281146016,576086629,2049157256,0,0,4050,407,407,0,343348,343348,0,0,165400,2250,14.1,3.38
794,2026-05-13 20:37:43,6,q71,0,7,237,2834,2769,40023,33964,328,384,0,1040,0,4255,4149309,0,0,4768025808,504365574,3243811666,0,0,276608,1740,1740,0,14440183,14440183,0,0,8278819,169054,14.12,2.83
795,2026-05-13 20:37:47,6,q72,0,16,357,244997,576185,3795921,2299532,524,614,1,3392,0,1466930,13146599,0,0,82523784096,560074108,2918889632,0,0,538047872,23879,23879,0,9676295239,9676295239,0,0,9676295239,538047872,15.49,245.0
796,2026-05-13 20:41:53,6,q73,0,9,135,1963,2184,27665,26381,118,163,0,0,0,1673,1381900,0,0,501137872,290087039,552697610,0,0,4016581,130,130,0,135101187,135101187,0,0,68013508,2016581,14.09,1.96
797,2026-05-13 20:41:56,6,q74,0,15,372,29520,90186,462781,303192,414,532,0,3312,0,152367,746756,0,0,90607299856,362154099,1378722710,0,0,699960358,16151,16151,0,7000072686,7000072686,0,0,3595135458,353418106,15.68,29.52
798,2026-05-13 20:42:27,6,q75,0,20,575,15392,64078,238349,183365,478,577,6,3328,0,43451,815479,0,0,24640192976,1058753170,7834258164,0,0,140054991,4858,4858,0,3124293933,3124293933,0,0,2106315257,89656169,15.49,15.39
799,2026-05-13 20:42:43,6,q76,0,5,225,2742,2691,40355,35336,292,362,2,384,0,3081,3568782,0,0,18212205328,504279174,3280482246,0,0,29370,442,442,0,2390946,2390946,0,0,2390946,29370,14.72,2.74
800,2026-05-13 20:42:47,6,q77,0,14,270,3195,15117,46313,40526,246,327,0,1040,0,3204,1103646,0,0,1260363280,554476438,3721794676,0,0,79773,185,185,0,2925926,2925926,0,0,2925926,79773,14.5,3.2
801,2026-05-13 20:42:52,6,q77a,0,17,275,3660,16553,51244,46010,264,332,0,1584,0,3878,1102399,0,0,1866439984,554476438,3721794676,0,0,80022,197,197,0,3092382,3092382,0,0,2921770,77548,14.0,3.66
802,2026-05-13 20:42:56,6,q78,0,15,479,100521,379251,1579380,431172,725,849,0,4272,0,1093670,1820288,0,0,94462501856,554620094,4720970098,0,0,406636630,22041,22041,0,11364756495,11364756495,0,0,11364756495,406636630,15.71,100.52
803,2026-05-13 20:44:38,6,q79,0,8,148,5191,5472,78466,71138,369,362,0,1936,0,4769,1384652,0,0,10620768024,290087039,1875590930,0,0,3605125,2176,2176,0,110390087,110390087,0,0,110390087,3605125,15.12,5.19
804,2026-05-13 20:44:44,6,q80,0,23,435,72962,293698,1150295,373890,1099,1139,0,3108,0,744665,2328188,0,0,54884401176,554977871,6226753010,0,0,265494087,13405,13405,0,7544340812,7544340812,0,0,7544340812,265494087,15.77,72.96
805,2026-05-13 20:45:58,6,q80a,0,26,440,79750,321856,1259291,360004,982,1124,0,3504,0,861954,2328188,0,0,55356260208,554977871,6226753010,0,0,265493759,13420,13420,0,7544510242,7544510242,0,0,7544288542,265491829,15.79,79.75
806,2026-05-13 20:47:20,6,q81,0,16,161,2992,6331,41665,35368,217,218,0,288,0,4110,713915,0,0,16970831448,33868693,346983193,0,0,18924578,1666,1666,0,364455902,364455902,0,0,364455902,18924578,13.93,2.99
807,2026-05-13 20:47:24,6,q82,0,6,162,12570,15913,179508,113025,83,159,0,2608,0,54185,736956,0,0,14750794000,687613437,2417805526,0,0,182486545,4713,4713,0,2152775123,2152775123,0,0,2152775123,439988162,14.28,12.57
808,2026-05-13 20:47:37,6,q83,0,10,49,1342,2850,14272,11472,46,55,0,0,0,553,1561496,0,0,3558133904,50821969,264231616,0,0,402103,73,73,0,5531326,5531326,0,0,5531326,402103,10.63,1.34
809,2026-05-13 20:47:40,6,q84,0,9,57,1559,2770,13963,12082,49,48,0,0,0,740,9713760,0,0,882083136,33729631,129359028,0,0,27798849,47,47,0,145652248,145652248,0,0,145652248,27798849,8.96,1.56
810,2026-05-13 20:47:42,6,q85,0,14,98,3843,21211,55382,41443,83,100,0,1808,0,6747,1649276,0,0,4434954736,84117746,933758186,0,0,11437258,903,903,0,372062316,372062316,0,0,372062316,11437258,14.41,3.84
811,2026-05-13 20:47:47,6,q86,0,5,44,1051,996,13484,11281,43,54,0,0,0,688,3714241,0,0,3607813520,72278662,435354952,0,0,7501,41,41,0,521174,521174,0,0,521174,7501,12.83,1.05
812,2026-05-13 20:47:49,6,q86a,0,8,49,1140,1078,13780,12507,78,54,0,465,0,932,3714241,0,0,4146781072,72278662,435354952,0,0,20456,126,126,0,1499880,1499880,0,0,514832,7068,12.09,1.14
813,2026-05-13 20:47:52,6,q87,0,13,351,8219,21291,126406,116953,233,328,0,1120,0,8394,578739,0,0,23373920984,506075174,516856180,0,0,120819579,4930,4930,0,740190070,740190070,0,0,635050060,116819579,15.38,8.22
814,2026-05-13 20:48:01,6,q88,0,26,818,8480,58999,131362,125355,36,501,76,2312,0,379,500375,0,0,2576691200,2304749906,2245153138,0,0,800,800,800,0,47197,47197,0,0,47197,800,15.49,8.48
815,2026-05-13 20:48:11,6,q89,0,8,221,35486,67282,557115,127062,154,231,0,912,0,438615,1745916,0,0,8354877928,288283839,1537109108,0,0,269046438,1717,1717,0,4912143121,4912143121,0,0,4912143121,269046438,15.7,35.49
816,2026-05-13 20:48:47,6,q90,0,8,86,678,1091,9548,8445,7,48,0,0,0,11,200021,0,0,259051520,144185266,286247368,0,0,80,80,80,0,4720,4720,0,0,4720,80,14.08,0.68
817,2026-05-13 20:48:49,6,q91,0,12,50,780,1304,7767,6872,33,47,0,0,0,453,1032836,0,0,2964310824,19398901,144834443,0,0,2192984,242,242,0,45350044,45350044,0,0,45328060,2192843,9.96,0.78
818,2026-05-13 20:48:51,6,q92,0,7,100,1136,1767,15994,13093,76,101,0,0,0,2039,771327,0,0,3957955072,144280275,873422498,0,0,1672198,696,696,0,21434447,21434447,0,0,21434447,1672198,14.08,1.14
819,2026-05-13 20:48:53,6,q93,0,6,333,87067,218049,1377976,376992,276,421,0,3184,1,989093,2969804,0,0,68971117112,316808054,2077795901,0,0,316284326,26211,26211,0,7815370900,7815370900,0,0,7815370900,316284326,15.83,87.07
820,2026-05-13 20:50:21,6,q94,0,8,136,14486,48686,223452,87369,111,162,0,912,0,132754,998640,0,0,16630437440,152275688,755260938,0,0,151171114,3640,3640,0,2240321543,2240321543,0,0,2240321543,151171114,15.43,14.49
821,2026-05-13 20:50:37,6,q95,0,8,163,30357,72363,460406,302836,350,349,0,3537,0,145025,1759018,0,0,49888658408,152275688,717446666,0,0,367104120,14137,14137,0,3290949327,3290949327,0,0,1995058746,151153176,15.17,30.36
822,2026-05-13 20:51:08,6,q96,0,5,104,1115,1112,16306,15965,14,62,0,80,0,14,500590,0,0,319603200,288100390,280795582,0,0,100,100,100,0,5899,5899,0,0,5899,100,14.62,1.12
823,2026-05-13 20:51:10,6,q97,0,5,199,12056,14697,160067,143353,208,267,0,816,0,5957,823328,0,0,25010894176,432073561,1656572338,0,0,83873546,2006,2006,0,961239745,961239745,0,0,961239745,83873546,13.28,12.06
824,2026-05-13 20:51:23,6,q98,0,8,184,40264,104198,618877,146483,114,189,5,1648,0,459732,6589863,0,0,32109241216,288283437,1748218274,0,0,275228628,7247,7247,0,4146904094,4146904094,0,0,4143264802,275198085,15.37,40.26
825,2026-05-13 20:52:05,6,q99,0,7,87,1828,1812,23674,21966,96,120,0,0,0,348,1321570,0,0,1632383928,144067238,344542887,0,0,32599,50,50,0,2191785,2191785,0,0,2191785,32599,12.95,1.83
826,2026-05-13 20:52:08,7,q1,0,12,116,2072,3343,29105,25338,92,122,0,624,0,2913,887723,0,0,7313515256,59676673,456403438,0,0,18384283,751,751,0,277542612,277542612,0,0,277542612,18384283,14.05,2.07
827,2026-05-13 20:52:11,7,q2,0,9,128,2910,2858,41656,39301,144,176,0,416,0,1290,1290887,0,0,879498664,216214884,669798548,0,0,35347,362,362,0,2673870,2673870,0,0,901000,13701,14.31,2.91
828,2026-05-13 20:52:15,7,q3,0,5,105,1340,1326,18980,17238,127,129,0,345,0,2596,1103044,0,0,398524368,288283437,1741750642,0,0,43002,202,202,0,2702444,2702444,0,0,2702444,43002,14.16,1.34
829,2026-05-13 20:52:17,7,q4,0,25,699,89721,419839,1426234,694595,1744,1793,3,12419,0,668008,1071331,0,0,115346137600,794300709,9144325172,0,0,566100624,25854,25854,0,14421654048,14421654048,0,0,8530726381,341212705,15.9,89.72
830,2026-05-13 20:53:48,7,q5,0,11,327,16519,34082,232047,165227,430,511,0,1600,0,63181,1626615,0,0,8840979776,626496435,4133746708,0,0,78889487,1136,1136,0,1105462275,1105462275,0,0,1105462275,78889487,14.05,16.52
831,2026-05-13 20:54:06,7,q5a,0,14,332,14475,31164,198164,165530,356,506,1,2091,0,22424,1626056,0,0,9312838808,626496435,4133746708,0,0,78892792,1146,1146,0,1105699887,1105699887,0,0,1105491135,78889358,13.69,14.48
832,2026-05-13 20:54:22,7,q6,0,12,177,16500,48697,253273,122420,117,194,0,1384,0,124669,1319920,0,0,29655044296,291560486,1106015234,0,0,273569765,4943,4943,0,2411983064,2411983064,0,0,2411983064,273569765,15.35,16.5
833,2026-05-13 20:54:39,7,q7,0,13,153,8556,15419,126810,105307,630,635,0,5872,0,11239,1561496,0,0,3327833688,290279286,3267485113,0,0,53828203,521,521,0,1572117022,1572117022,0,0,1572117022,53828203,14.82,8.56
834,2026-05-13 20:54:49,7,q8,0,12,156,2395,4706,34994,31355,85,140,0,1109,0,1628,596540,0,0,4699737736,292079839,1040308034,0,0,9745839,320,320,0,80860242,80860242,0,0,80860242,9745839,14.61,2.4
835,2026-05-13 20:54:52,7,q9,0,31,1516,22014,328516,344069,319179,2504,2985,16,10234,0,755,486714,0,0,0,4320095875,9702793557,0,0,1500,1500,1500,0,94560,94560,0,0,94560,1500,15.63,22.01
836,2026-05-13 20:55:15,7,q10,0,11,271,2559,5949,35976,33361,67,201,0,0,0,3896,494215,0,0,5950222984,508995974,534155978,0,0,22980851,2665,2665,0,107587382,107587382,0,0,107587382,22980851,14.06,2.56
837,2026-05-13 20:55:19,7,q10a,0,10,271,2107,3645,29123,28087,60,208,0,0,0,3672,884479,0,0,4673913312,508995974,534155978,0,0,22779154,2665,2665,0,107362439,107362439,0,0,107362439,22779154,13.82,2.11
838,2026-05-13 20:55:22,7,q11,0,15,378,45062,129202,716437,346575,457,587,4,5200,0,345249,746326,0,0,96265954592,362154099,1995408278,0,0,699960358,16553,16553,0,9208035628,9208035628,0,0,4755214457,353418106,15.9,45.06
839,2026-05-13 20:56:08,7,q12,0,7,68,5833,11712,74292,42873,49,63,0,336,0,30117,268870,0,0,9222228056,72278662,444255560,0,0,72106021,825,825,0,1083589609,1083589609,0,0,1083589609,72106021,12.74,5.83
840,2026-05-13 20:56:15,7,q13,0,14,132,4378,12258,64355,53933,575,521,3,2128,0,1993,1914208,0,0,938682560,291088088,3998582767,0,0,740937,124,124,0,21472290,21472290,0,0,21472290,740937,14.7,4.38
841,2026-05-13 20:56:21,7,q14a,0,30,906,65158,349265,983918,426090,2131,1575,51,115536,0,475875,4318588,0,0,41592349952,1513041522,6516286368,0,0,622772823,5384,5384,0,8835519080,8835519080,0,0,8829873692,622636851,15.1,65.16
842,2026-05-13 20:57:29,7,q14b,0,25,821,40926,166943,617569,365553,1620,1586,4,11323,0,206079,4580300,0,0,46263177240,1297191883,5175477220,0,0,681766191,5510,5510,0,10375262725,10375262725,0,0,5413022316,406720839,15.09,40.93
843,2026-05-13 20:58:11,7,q14,0,25,811,33924,123584,513437,337199,1562,1512,0,9884,0,142910,4581590,0,0,45362385304,1297191883,5175477220,0,0,680744695,4511,4511,0,10278741349,10278741349,0,0,5316500940,405699343,15.13,33.92
844,2026-05-13 20:58:46,7,q15,0,7,138,12932,20695,170955,142446,172,149,0,3008,0,9395,409560,0,0,27139515144,147067173,476461604,0,0,288833756,2610,2610,0,2528737868,2528737868,0,0,2528737868,288833756,13.22,12.93
845,2026-05-13 20:59:00,7,q16,0,8,276,13689,39444,209667,179767,397,451,0,4286,0,17178,2496385,0,0,41785807200,303459149,1637288222,0,0,301125284,17100,17100,0,4308531096,4308531096,0,0,4308531096,301125284,15.32,13.69
846,2026-05-13 20:59:15,7,q17,0,10,455,66418,213740,1035958,453080,369,532,1,11968,0,572046,13880723,0,0,67548164624,461152623,2487085494,0,0,455396321,38027,38027,0,11102906661,11102906661,0,0,11102906661,455396321,15.6,66.42
847,2026-05-13 21:00:22,7,q18,0,13,221,11023,46107,169438,137807,244,250,2,5094,0,26201,9713932,0,0,10620901464,151112773,2141014161,0,0,159482755,2038,2038,0,4710951961,4710951961,0,0,4710951961,159482755,15.37,11.02
848,2026-05-13 21:00:34,7,q18a,0,23,302,16120,116238,250893,170126,437,470,3,4619,0,64880,9713889,0,0,33446629456,154316773,2158961281,0,0,204535227,7298,7298,0,6033670206,6033670206,0,0,4719548882,160018999,15.56,16.12
849,2026-05-13 21:00:52,7,q19,0,11,168,3622,7465,53244,33888,125,161,0,1991,0,13272,498945,0,0,5840248568,291283839,2005031778,0,0,11817289,896,896,0,226663994,226663994,0,0,226663994,11817289,14.7,3.62
850,2026-05-13 21:00:56,7,q20,0,7,120,6697,11857,98102,84956,86,121,0,724,0,9071,433318,0,0,17559457360,144271173,839612600,0,0,143395506,2512,2512,0,1673268059,1673268059,0,0,1673268059,143395506,14.65,6.7
851,2026-05-13 21:01:04,7,q21,0,5,24,2567,2547,32947,22571,30,30,0,312,0,13,274746,0,0,217853776,399607064,1594859590,0,0,95955,1,1,0,1951830,1951830,0,0,1951830,95955,12.83,2.57
852,2026-05-13 21:01:08,7,q22,0,7,57,75922,76118,897454,861919,123,75,0,2948,0,1538,320176,0,0,10466679912,399607064,1594470470,0,0,80173222,390,390,0,849064752,849064752,0,0,849064752,80173222,11.82,75.92
853,2026-05-13 21:02:25,7,q22a,0,11,82,8900,9773,87425,74103,155,127,14,1046,0,3547,511504,0,0,14726520280,399607064,1594933318,0,0,80581076,684,684,0,1060993341,1060993341,0,0,1034085325,80173152,9.82,8.9
854,2026-05-13 21:02:35,7,q23a,0,17,711,82425,150601,1276436,852622,1427,1410,14,15752,0,372173,13146599,0,0,142150849472,1082438048,4579194770,0,0,639658229,36097,36097,0,15131554150,15131554150,0,0,14753013193,612246607,15.49,82.42
855,2026-05-13 21:03:59,7,q23b,0,20,747,110418,270891,1742326,841186,1380,1475,12,18630,3,874310,13146599,0,0,171886623048,1084438048,4592285178,0,0,688270095,50562,50562,0,15931359084,15931359084,0,0,14797169266,613634385,15.78,110.42
856,2026-05-13 21:05:50,7,q24,0,12,371,92811,510209,1458834,165517,302,447,0,2138,0,1301063,3700621,0,0,50686787392,320012401,2127786170,0,0,300409241,24419,24419,0,7145032616,7145032616,0,0,7145032616,300409241,15.72,92.81
857,2026-05-13 21:07:24,7,q24a,0,20,626,50056,203932,754511,278404,664,820,1,2739,0,467765,3699761,0,0,107570656736,320216401,2119501172,0,0,611254554,52665,52665,0,14775960898,14775960898,0,0,7667539932,310999280,15.07,50.06
858,2026-05-13 21:08:15,7,q24b,0,21,612,34410,147987,524195,262873,652,789,0,6591,0,267760,3699718,0,0,105559095376,320216401,2119501172,0,0,611115102,52528,52528,0,14763210580,14763210580,0,0,7654789614,310859828,15.23,34.41
859,2026-05-13 21:08:51,7,q25,0,10,455,82564,274979,1293260,457035,373,531,3,3280,0,849873,13880723,0,0,67480983384,461152623,3445961902,0,0,455396296,38016,38016,0,11352290153,11352290153,0,0,11352290153,455396296,15.66,82.56
860,2026-05-13 21:10:15,7,q26,0,9,165,7644,29565,118888,106238,176,207,0,3556,0,13083,1561496,0,0,3215695544,146192973,1676473975,0,0,143110851,243,243,0,3936796619,3936796619,0,0,3936796619,143110851,15.55,7.64
861,2026-05-13 21:10:23,7,q27,0,13,134,6106,11437,91285,76977,750,709,0,5840,0,4773,1561496,0,0,1871504496,290278090,2961728789,0,0,6531992,195,195,0,171248941,171248941,0,0,171248941,6531992,14.95,6.11
862,2026-05-13 21:10:30,7,q27a,0,17,172,6434,12653,96147,81574,994,713,0,6517,0,6465,1561496,0,0,3508711432,290482492,2962486469,0,0,19007145,431,431,0,496409433,496409433,0,0,169914355,6471347,14.94,6.43
863,2026-05-13 21:10:38,7,q28,0,18,679,24236,143996,382266,356206,2522,2475,14,8742,0,25044,542900,0,0,40844379952,1728038328,10550338104,0,0,4703800,7373,7373,0,76893877,76893877,0,0,76893877,4703800,15.77,24.24
864,2026-05-13 21:11:03,7,q29,0,11,456,32518,84483,492747,477855,398,537,2,2818,0,32179,13880723,0,0,67481299384,461225672,2487565246,0,0,455396359,38035,38035,0,11102913775,11102913775,0,0,11102913775,455396359,15.15,32.52
865,2026-05-13 21:11:37,7,q30,0,16,135,2090,4791,29480,23216,115,144,1,656,0,4811,3485263,0,0,11829421592,19471827,231463322,0,0,10759655,1052,1052,0,346545150,346545150,0,0,346545150,10759655,14.11,2.09
866,2026-05-13 21:11:40,7,q31,0,24,536,7154,41176,110002,97110,241,465,0,2471,0,14656,495634,0,0,18681665456,1081243150,4107137060,0,0,44379149,7566,7566,0,438020370,438020370,0,0,356448038,39497547,15.38,7.15
867,2026-05-13 21:11:48,7,q32,0,7,167,1303,2452,18651,15316,115,164,0,160,0,498,1348293,0,0,608193728,288265297,1664005506,0,0,350080,90,90,0,4605586,4605586,0,0,4605586,350080,14.31,1.3
868,2026-05-13 21:11:51,7,q33,0,9,231,3199,7141,46641,42761,255,323,0,688,0,4096,1854368,0,0,8551312072,505483174,3389901228,0,0,140265,246,246,0,3533209,3533209,0,0,3533209,140265,14.58,3.2
869,2026-05-13 21:11:55,7,q34,0,9,135,2327,2592,31926,29476,128,164,0,1072,0,2122,1382502,0,0,504117552,290087039,552697610,0,0,4031113,130,130,0,135779937,135779937,0,0,68692258,2031113,13.72,2.33
870,2026-05-13 21:11:58,7,q35,0,12,304,4385,8039,62008,54019,162,276,0,1168,0,5004,585904,0,0,13764348952,508995974,532797158,0,0,62628742,3651,3651,0,161556141,161556141,0,0,161556141,62628742,14.14,4.38
871,2026-05-13 21:12:04,7,q35a,0,11,304,3790,5519,52464,48890,142,285,0,841,0,5056,885425,0,0,12908711344,508995974,532797158,0,0,62645069,3651,3651,0,161542892,161542892,0,0,161542892,62645069,13.84,3.79
872,2026-05-13 21:12:09,7,q36,0,6,105,2376,2317,33670,30165,148,164,1,624,0,1700,3714241,0,0,8922882160,288283839,2669530228,0,0,16094,101,101,0,1304706,1304706,0,0,1304706,16094,14.17,2.38
873,2026-05-13 21:12:12,7,q36a,0,9,110,2419,2373,32523,30289,117,155,0,560,0,1643,3714241,0,0,9461850032,288283839,2669530228,0,0,44513,306,306,0,3722869,3722869,0,0,1257107,15087,13.44,2.42
874,2026-05-13 21:12:16,7,q37,0,6,127,6369,9717,82655,78095,82,126,0,1696,0,4715,453174,0,0,8354801792,543601173,1997447148,0,0,110406549,2417,2417,0,1414353688,1414353688,0,0,1414353688,295975871,12.98,6.37
875,2026-05-13 21:12:23,7,q38,0,13,351,8471,22627,130894,117203,185,329,0,1728,0,8252,578739,0,0,23373920984,506075174,516856180,0,0,120819579,4930,4930,0,740190070,740190070,0,0,635050060,116819579,15.45,8.47
876,2026-05-13 21:12:33,7,q39a,0,11,98,5120,9061,57881,53230,222,180,0,800,0,1418,2464085,0,0,5156915760,799010113,3187191398,0,0,4703618,85,85,0,112366429,112366429,0,0,75919735,3173618,11.3,5.12
877,2026-05-13 21:12:39,7,q39b,0,11,97,4466,8238,51437,49115,163,175,0,512,0,406,1036381,0,0,4773464624,799010113,3187191398,0,0,4594459,85,85,0,109301092,109301092,0,0,72854398,3064459,11.52,4.47
878,2026-05-13 21:12:44,7,q40,0,8,149,8563,23295,125191,118028,134,178,0,2144,0,10108,1025096,0,0,24442330840,158669010,991554348,0,0,157478827,4755,4755,0,3042545985,3042545985,0,0,3042545985,157478827,14.62,8.56
879,2026-05-13 21:12:54,7,q41,0,4,4,185,159,146,140,4,4,0,0,0,11,13527,0,0,269488032,408000,2017652,0,0,292,2,2,0,19225,19225,0,0,19225,292,0.79,0.18
880,2026-05-13 21:12:55,7,q42,0,4,103,1111,1104,16007,15392,100,130,0,0,0,337,1102399,0,0,4275853344,288283437,1741427022,0,0,1059,100,100,0,88397,88397,0,0,88397,1059,14.41,1.11
881,2026-05-13 21:12:57,7,q43,0,4,103,2392,2370,35256,31655,111,145,1,736,0,1437,1104162,0,0,303914184,288079839,721265878,0,0,11900,100,100,0,1353429,1353429,0,0,1353429,11900,14.74,2.39
882,2026-05-13 21:13:01,7,q44,0,8,236,2194,2314,31478,27282,201,266,0,63,0,3024,3432039,0,0,11324604072,576216776,2859458594,0,0,2616272,3332,3332,0,35014545,35014545,0,0,17513938,1308362,14.35,2.19
883,2026-05-13 21:13:04,7,q45,0,9,93,6935,14956,90811,84652,78,93,0,1600,0,6077,1561539,0,0,18568166344,75482662,418217397,0,0,146949311,1341,1341,0,2126443351,2126443351,0,0,2126443351,146949311,13.09,6.94
884,2026-05-13 21:13:12,7,q46,0,12,165,5385,5728,79422,67876,280,292,23,4832,0,5221,5468127,0,0,5291431320,291087039,1886906460,0,0,5222376,1812,1812,0,116650200,116650200,0,0,102278687,4252333,14.75,5.38
885,2026-05-13 21:13:19,7,q47,0,11,165,5618,6574,79895,75553,226,252,0,848,3,4768,4610732,0,0,14671169864,288283839,1536773236,0,0,20520741,3847,3847,0,801434583,801434583,0,0,410111877,10492204,14.22,5.62
886,2026-05-13 21:13:25,7,q48,0,9,129,8077,21672,121334,111640,146,186,0,5733,0,4917,2409866,0,0,972086040,291000639,2214719143,0,0,42651137,123,123,0,1005842145,1005842145,0,0,1005842145,42651137,15.02,8.08
887,2026-05-13 21:13:34,7,q49,0,18,333,11340,44283,172250,161248,229,332,0,2880,0,14063,2330080,0,0,7967617104,554473996,5651852114,0,0,151964006,311,311,0,3382498675,3382498675,0,0,3382498675,151964006,15.19,11.34
888,2026-05-13 21:13:47,7,q50,0,8,330,11771,36464,182820,173563,459,537,6,1760,2,18594,4076805,0,0,62443797224,316954499,1483899822,0,0,292659773,25280,25280,0,6486733286,6486733286,0,0,6486733286,292659773,15.53,11.77
889,2026-05-13 21:14:00,7,q51,0,10,244,14959,23097,213145,198560,299,349,0,2416,0,13457,824059,0,0,29826097864,360081050,1827606082,0,0,173923508,3842,3842,0,2939139272,2939139272,0,0,2939139272,173923508,14.25,14.96
890,2026-05-13 21:14:16,7,q51a,0,14,315,249841,290733,3244937,3192320,523,613,0,21346,0,14633,824016,0,0,73983717904,360081050,1827606082,0,0,313992514,4882,4882,0,5206647559,5206647559,0,0,3938125725,247599251,12.99,249.84
891,2026-05-13 21:18:27,7,q52,0,5,106,1282,1267,18127,15662,119,146,0,352,0,2632,1104076,0,0,4410595312,288283437,1741754702,0,0,56873,303,303,0,3229758,3229758,0,0,3229758,56873,14.14,1.28
892,2026-05-13 21:18:29,7,q53,0,6,110,1927,1907,27032,25138,128,163,0,576,0,2529,1383233,0,0,865296216,288283839,1537506456,0,0,324087,606,606,0,6834395,6834395,0,0,6834395,324087,14.03,1.93
893,2026-05-13 21:18:32,7,q54,0,17,301,11790,31633,174577,163066,184,312,0,3496,3,9570,984240,0,0,34158724696,507498723,1949922514,0,0,291951373,5194,5194,0,2749263193,2749263193,0,0,2749263193,291951373,14.81,11.79
894,2026-05-13 21:18:45,7,q55,0,5,105,1179,1170,16580,15104,119,141,0,304,0,2232,1103861,0,0,7094686768,288283437,1741754702,0,0,43008,202,202,0,2504732,2504732,0,0,2504732,43008,14.06,1.18
895,2026-05-13 21:18:47,7,q56,0,9,230,2609,6085,35885,30401,249,330,0,579,0,4423,1854368,0,0,6758593232,505483174,3390364076,0,0,78464,145,145,0,2864472,2864472,0,0,2864472,78464,13.75,2.61
896,2026-05-13 21:18:51,7,q57,0,11,152,2795,3552,36834,32304,216,245,0,420,0,2523,4610732,0,0,9768835904,144271203,719811720,0,0,1882447,1298,1298,0,76781779,76781779,0,0,53005620,1287630,13.18,2.8
897,2026-05-13 21:18:55,7,q58,0,10,243,2913,7067,42736,36008,305,352,2,825,0,4720,1646321,0,0,19730899648,504425272,3009322542,0,0,2376775,2398,2398,0,36037027,36037027,0,0,36037027,2376775,14.67,2.91
898,2026-05-13 21:18:59,7,q59,0,10,141,5758,6185,75293,71712,149,190,1,544,0,3883,825306,0,0,9819229416,288226339,721563224,0,0,10227960,3434,3434,0,318130195,318130195,0,0,159984714,5187345,13.08,5.76
899,2026-05-13 21:19:06,7,q60,0,9,236,2870,6525,41065,37620,302,358,0,208,0,3309,1854368,0,0,13674264184,505483174,3390298540,0,0,553663,691,691,0,10646652,10646652,0,0,10646652,553663,14.31,2.87
900,2026-05-13 21:19:10,7,q61,0,12,253,4664,9071,72173,65518,172,245,3,2560,0,4713,1854368,0,0,6560744544,579291227,4360085292,0,0,11321881,3774,3774,0,152501497,152501497,0,0,132205493,9321881,15.47,4.66
901,2026-05-13 21:19:15,7,q62,0,6,45,1178,1165,16317,13856,45,56,0,832,0,773,665042,0,0,245764904,72074721,246070777,0,0,14400,40,40,0,1319317,1319317,0,0,1319317,14400,13.85,1.18
902,2026-05-13 21:19:18,7,q63,0,6,107,1929,1912,27234,25118,116,146,0,400,0,2817,1382459,0,0,797335408,288283839,1537445016,0,0,119054,303,303,0,3234733,3234733,0,0,3234733,119054,14.12,1.93
903,2026-05-13 21:19:21,7,q64,0,55,610,30458,129900,463886,434043,1824,1618,0,12800,0,18371,2409512,0,0,24856826104,768909000,8415829501,0,0,244146938,5566,5566,0,3746885734,3746885734,0,0,3100073287,198417039,15.23,30.46
904,2026-05-13 21:19:52,7,q65,0,11,273,12166,23053,183723,172387,356,426,3,2031,0,13621,825263,0,0,26129889408,576290227,3078779468,0,0,143020213,3757,3757,0,3463999620,3463999620,0,0,3463999620,143020213,15.1,12.17
905,2026-05-13 21:20:06,7,q66,0,8,127,2831,3575,37848,30477,259,286,0,1110,0,230,1321742,0,0,4724854960,216155221,1749129673,0,0,885,59,59,0,423776,423776,0,0,423776,885,13.37,2.83
906,2026-05-13 21:20:10,7,q67,0,8,169,46526,46668,632661,597957,150,206,0,6850,0,12772,785520,0,0,50941077272,288283839,1809603736,0,0,103430035,3325,3325,0,3748713555,3748713555,0,0,3748713555,103430035,13.6,46.53
907,2026-05-13 21:20:57,7,q67a,0,16,553,70991,222531,1086705,1037161,1476,1448,3,11586,0,31247,3922222,0,0,188499920024,288283839,1809603736,0,0,526145788,13492,13492,0,25126232148,25126232148,0,0,6904704516,151999492,15.31,70.99
908,2026-05-13 21:22:09,7,q68,0,12,157,4091,4556,59857,52406,128,167,0,3101,0,2791,1356286,0,0,3755850888,291087039,3012126804,0,0,4229984,1708,1708,0,102010109,102010109,0,0,87638596,3259941,14.63,4.09
909,2026-05-13 21:22:15,7,q69,0,11,271,2557,6008,35959,32428,92,200,0,950,0,4503,504651,0,0,5709654800,508995974,533476810,0,0,18050359,2648,2648,0,100057072,100057072,0,0,100057072,18050359,14.06,2.56
910,2026-05-13 21:22:18,7,q70,0,9,207,3750,3694,54202,51990,241,308,0,1123,0,787,2086664,0,0,7520172584,576086629,2049157256,0,0,3221,202,202,0,236975,236975,0,0,236975,3221,14.45,3.75
911,2026-05-13 21:22:23,7,q70a,0,12,212,3427,3320,48259,43158,306,322,14,784,0,829,2079688,0,0,1281146016,576086629,2049157256,0,0,4050,407,407,0,343348,343348,0,0,165400,2250,14.08,3.43
912,2026-05-13 21:22:28,7,q71,0,7,237,2873,2818,40348,35500,306,382,2,928,0,3774,4149868,0,0,4768025808,504365574,3243811666,0,0,276608,1740,1740,0,14440076,14440076,0,0,8278712,169054,14.04,2.87
913,2026-05-13 21:22:32,7,q72,0,16,357,192628,343944,2975434,2318389,536,616,5,3560,0,649064,13146642,0,0,82523784096,560074108,2918889632,0,0,538047872,23879,23879,0,9676295239,9676295239,0,0,9676295239,538047872,15.45,192.63
914,2026-05-13 21:25:45,7,q73,0,9,135,1973,2280,28171,27035,117,159,0,0,0,1579,1381900,0,0,501137872,290087039,552697610,0,0,4016581,130,130,0,135101187,135101187,0,0,68013508,2016581,14.28,1.97
915,2026-05-13 21:25:48,7,q74,0,15,372,23348,77916,364063,333300,479,551,0,4944,0,16271,747100,0,0,90607299856,362154099,1378722710,0,0,699960358,16151,16151,0,7000072686,7000072686,0,0,3595135458,353418106,15.59,23.35
916,2026-05-13 21:26:13,7,q75,0,20,575,13335,49858,206395,184815,364,602,0,4558,0,17786,815393,0,0,24640192976,1058753170,7834258164,0,0,140054991,4858,4858,0,3124293933,3124293933,0,0,2106315257,89656169,15.48,13.34
917,2026-05-13 21:26:27,7,q76,0,5,225,2520,2477,36925,31983,290,361,0,1028,0,3371,3569470,0,0,18212205328,504279174,3280482246,0,0,29370,442,442,0,2390946,2390946,0,0,2390946,29370,14.65,2.52
918,2026-05-13 21:26:31,7,q77,0,14,270,3241,15773,47397,40485,256,339,0,1168,0,4058,1103216,0,0,1260363280,554476438,3721794676,0,0,79773,185,185,0,2925926,2925926,0,0,2925926,79773,14.62,3.24
919,2026-05-13 21:26:35,7,q77a,0,17,275,3318,15456,46361,42657,275,346,9,752,0,3666,1103517,0,0,1866439984,554476438,3721794676,0,0,80022,197,197,0,3092382,3092382,0,0,2921770,77548,13.97,3.32
920,2026-05-13 21:26:40,7,q78,0,15,479,74608,255863,1167815,444990,797,913,0,6048,0,734349,1820288,0,0,94462501856,554620094,4720970098,0,0,406636630,22041,22041,0,11364756495,11364756495,0,0,11364756495,406636630,15.65,74.61
921,2026-05-13 21:27:56,7,q79,0,8,148,5747,6021,86769,62314,414,369,3,3528,0,15026,1386028,0,0,10620768024,290087039,1875590930,0,0,3605125,2176,2176,0,110390087,110390087,0,0,110390087,3605125,15.1,5.75
922,2026-05-13 21:28:02,7,q80,0,23,435,48604,169005,758812,377278,1245,1195,0,3664,0,384631,2329005,0,0,54884401176,554977871,6226753010,0,0,265494087,13405,13405,0,7544340812,7544340812,0,0,7544340812,265494087,15.61,48.6
923,2026-05-13 21:28:52,7,q80a,0,26,440,53235,190212,833957,371343,1160,1187,1,3760,0,463600,2328360,0,0,55356260208,554977871,6226753010,0,0,265493759,13420,13420,0,7544510242,7544510242,0,0,7544288542,265491829,15.67,53.24
924,2026-05-13 21:29:47,7,q81,0,16,161,2817,5799,39707,27338,222,222,0,464,0,8274,713915,0,0,16970831448,33868693,346983193,0,0,18924578,1666,1666,0,364455902,364455902,0,0,364455902,18924578,14.1,2.82
925,2026-05-13 21:29:51,7,q82,0,6,162,8954,12344,130777,118839,100,165,0,960,0,12095,737558,0,0,14750794000,687613437,2417805526,0,0,182486545,4713,4713,0,2152775123,2152775123,0,0,2152775123,439988162,14.61,8.95
926,2026-05-13 21:30:01,7,q83,0,10,49,959,2141,10725,9560,44,52,0,0,0,892,1561496,0,0,3558133904,50821969,264231616,0,0,402103,73,73,0,5531326,5531326,0,0,5531326,402103,11.18,0.96
927,2026-05-13 21:30:03,7,q84,0,9,57,1336,2187,12794,11746,48,45,0,0,0,633,9713803,0,0,882083136,33729631,129359028,0,0,27798849,47,47,0,145652248,145652248,0,0,145652248,27798849,9.58,1.34
928,2026-05-13 21:30:05,7,q85,0,14,98,3428,19021,50818,41724,151,149,0,3456,0,2743,1649276,0,0,4434954736,84117746,933758186,0,0,11437258,903,903,0,372062316,372062316,0,0,372062316,11437258,14.82,3.43
929,2026-05-13 21:30:10,7,q86,0,5,44,911,858,11225,10511,47,56,0,0,0,703,3714241,0,0,3607813520,72278662,435354952,0,0,7501,41,41,0,521174,521174,0,0,521174,7501,12.32,0.91
930,2026-05-13 21:30:12,7,q86a,0,8,49,861,798,9462,8816,49,60,0,0,0,690,3714241,0,0,4146781072,72278662,435354952,0,0,20456,126,126,0,1499880,1499880,0,0,514832,7068,10.99,0.86
931,2026-05-13 21:30:14,7,q87,0,13,351,8366,21812,129636,116064,165,318,3,1616,0,8752,578739,0,0,23373920984,506075174,516856180,0,0,120819579,4930,4930,0,740190070,740190070,0,0,635050060,116819579,15.5,8.37
932,2026-05-13 21:30:23,7,q88,0,26,818,8113,56728,126206,119076,39,497,0,2688,0,140,500203,0,0,2576691200,2304749906,2245153138,0,0,800,800,800,0,47197,47197,0,0,47197,800,15.56,8.11
933,2026-05-13 21:30:32,7,q89,0,8,221,10086,16306,144050,135229,193,241,1,1264,0,18561,1745357,0,0,8354877928,288283839,1537109108,0,0,269046438,1717,1717,0,4912143121,4912143121,0,0,4912143121,269046438,14.28,10.09
934,2026-05-13 21:30:43,7,q90,0,8,86,613,919,8519,7419,205,48,0,208,0,10,201053,0,0,259051520,144185266,286247368,0,0,80,80,80,0,4720,4720,0,0,4720,80,13.9,0.61
935,2026-05-13 21:30:45,7,q91,0,12,50,641,987,6079,5370,46,50,0,0,0,545,1032836,0,0,2964310824,19398901,144834443,0,0,2192984,242,242,0,45350044,45350044,0,0,45328060,2192843,9.48,0.64
936,2026-05-13 21:30:47,7,q92,0,7,100,1079,1699,15263,13067,74,103,0,0,0,1795,771327,0,0,3957955072,144280275,873422498,0,0,1672198,696,696,0,21434447,21434447,0,0,21434447,1672198,14.15,1.08
937,2026-05-13 21:30:49,7,q93,0,6,333,49830,105139,768364,387993,320,444,0,2368,0,391758,2970664,0,0,68971117112,316808054,2077795901,0,0,316284326,26211,26211,0,7815370900,7815370900,0,0,7815370900,316284326,15.42,49.83
938,2026-05-13 21:31:40,7,q94,0,8,136,6837,19205,102708,92740,144,169,0,1216,0,7247,998640,0,0,16630437440,152275688,755260938,0,0,151171114,3640,3640,0,2240321543,2240321543,0,0,2240321543,151171114,15.02,6.84
939,2026-05-13 21:31:48,7,q95,0,8,163,23462,39376,351172,304209,326,340,0,3921,0,18406,1759018,0,0,49888658408,152275688,717446666,0,0,367104120,14137,14137,0,3290949327,3290949327,0,0,1995058746,151153176,14.97,23.46
940,2026-05-13 21:32:12,7,q96,0,5,104,1128,1125,16437,16073,12,62,0,96,0,14,500418,0,0,319603200,288100390,280795582,0,0,100,100,100,0,5899,5899,0,0,5899,100,14.57,1.13
941,2026-05-13 21:32:14,7,q97,0,5,199,11535,14388,151804,145308,196,266,2,1184,0,4984,823930,0,0,25010894176,432073561,1656572338,0,0,83873546,2006,2006,0,961239745,961239745,0,0,961239745,83873546,13.16,11.54
942,2026-05-13 21:32:27,7,q98,0,8,184,27016,59713,366005,155363,129,199,4,2352,0,211626,6589863,0,0,32109241216,288283437,1748218274,0,0,275228628,7247,7247,0,4146904094,4146904094,0,0,4143264802,275198085,13.55,27.02
943,2026-05-13 21:32:55,7,q99,0,7,87,1907,1892,24308,22327,95,120,0,176,0,345,1322301,0,0,1632383928,144067238,344542887,0,0,32599,50,50,0,2191785,2191785,0,0,2191785,32599,12.75,1.91
944,2026-05-13 21:32:58,8,q1,0,12,116,2345,3855,30741,21774,105,131,0,700,0,7018,887723,0,0,7313515256,59676673,456403438,0,0,18384283,751,751,0,277542612,277542612,0,0,277542612,18384283,13.11,2.35
945,2026-05-13 21:33:01,8,q2,0,9,128,2686,2629,37969,35623,130,177,0,464,0,1428,1292263,0,0,879498664,216214884,669798548,0,0,35347,362,362,0,2673870,2673870,0,0,901000,13701,14.14,2.69
946,2026-05-13 21:33:05,8,q3,0,5,105,1324,1309,18447,15957,117,146,0,112,0,2530,1103388,0,0,398524368,288283437,1741750642,0,0,43002,202,202,0,2702444,2702444,0,0,2702444,43002,13.93,1.32
947,2026-05-13 21:33:08,8,q4,0,25,699,83294,393409,1322838,685544,1869,1929,326,17104,0,595349,1071331,0,0,115346137600,794300709,9144325172,0,0,566100624,25854,25854,0,14421654048,14421654048,0,0,8530726381,341212705,15.88,83.29
948,2026-05-13 21:34:32,8,q5,0,11,327,13391,24447,182498,170102,431,541,3,1696,0,6635,1626357,0,0,8840979776,626496435,4133746708,0,0,78889487,1136,1136,0,1105462275,1105462275,0,0,1105462275,78889487,13.63,13.39
949,2026-05-13 21:34:47,8,q5a,0,14,332,14106,29662,192280,173839,444,535,3,2175,0,7627,1627991,0,0,9312838808,626496435,4133746708,0,0,78892792,1146,1146,0,1105699887,1105699887,0,0,1105491135,78889358,13.63,14.11
950,2026-05-13 21:35:02,8,q6,0,12,177,10533,25625,158018,132390,147,208,0,1448,0,23518,1319834,0,0,29655044296,291560486,1106015234,0,0,273569765,4943,4943,0,2411983064,2411983064,0,0,2411983064,273569765,15.0,10.53
951,2026-05-13 21:35:14,8,q7,0,13,153,8244,14925,122042,107733,679,660,25,5515,0,7599,1561496,0,0,3327833688,290279286,3267485113,0,0,53828203,521,521,0,1572117022,1572117022,0,0,1572117022,53828203,14.8,8.24
952,2026-05-13 21:35:23,8,q8,0,12,156,1795,3342,25612,24025,57,130,0,0,0,1833,596540,0,0,4699737736,292079839,1040308034,0,0,9745839,320,320,0,80860242,80860242,0,0,80860242,9745839,14.27,1.8
953,2026-05-13 21:35:26,8,q9,0,31,1516,21625,322958,337584,321087,2848,3287,17,9056,0,751,485854,0,0,0,4320095875,9702793557,0,0,1500,1500,1500,0,94560,94560,0,0,94560,1500,15.61,21.62
954,2026-05-13 21:35:48,8,q10,0,11,271,2784,6521,40726,33425,59,197,0,1328,0,4311,494860,0,0,5950222984,508995974,534155978,0,0,22980851,2665,2665,0,107587382,107587382,0,0,107587382,22980851,14.63,2.78
955,2026-05-13 21:35:52,8,q10a,0,10,271,2192,3860,30313,28704,64,209,0,0,0,4272,884522,0,0,4673913312,508995974,534155978,0,0,22779154,2665,2665,0,107362439,107362439,0,0,107362439,22779154,13.83,2.19
956,2026-05-13 21:35:56,8,q11,0,15,378,27218,86891,431226,385933,551,639,9,6856,3,38356,747100,0,0,96265954592,362154099,1995408278,0,0,699960358,16553,16553,0,9208035628,9208035628,0,0,4755214457,353418106,15.84,27.22
957,2026-05-13 21:36:24,8,q12,0,7,68,3989,6985,51508,46325,61,69,0,320,0,4536,268182,0,0,9222228056,72278662,444255560,0,0,72106021,825,825,0,1083589609,1083589609,0,0,1083589609,72106021,12.91,3.99
958,2026-05-13 21:36:29,8,q13,0,14,132,4798,13807,71618,56692,683,542,0,2720,0,3081,1914208,0,0,938682560,291088088,3998582767,0,0,740937,124,124,0,21472290,21472290,0,0,21472290,740937,14.93,4.8
959,2026-05-13 21:36:35,8,q14a,0,30,906,75619,295522,1159759,405435,1431,1633,0,5751,0,757214,4319233,0,0,41592349952,1513041522,6516286368,0,0,622772823,5384,5384,0,8835519080,8835519080,0,0,8829873692,622636851,15.34,75.62
960,2026-05-13 21:37:53,8,q14b,0,25,821,54451,279622,836900,333747,1273,1446,0,4104,0,491091,4580300,0,0,46263177240,1297191883,5175477220,0,0,681766191,5510,5510,0,10375262725,10375262725,0,0,5413022316,406720839,15.37,54.45
961,2026-05-13 21:38:49,8,q14,0,25,811,41533,198634,637443,337652,1463,1632,2,3586,0,299690,4580988,0,0,45362385304,1297191883,5175477220,0,0,680744695,4511,4511,0,10278741349,10278741349,0,0,5316500940,405699343,15.35,41.53
962,2026-05-13 21:39:32,8,q15,0,7,138,12184,20161,163371,151875,115,140,0,1852,0,9768,409474,0,0,27139515144,147067173,476461604,0,0,288833756,2610,2610,0,2528737868,2528737868,0,0,2528737868,288833756,13.41,12.18
963,2026-05-13 21:39:45,8,q16,0,8,276,15396,47695,233913,176243,316,402,3,3645,0,54904,2496428,0,0,41785807200,303459149,1637288222,0,0,301125284,17100,17100,0,4308531096,4308531096,0,0,4308531096,301125284,15.19,15.4
964,2026-05-13 21:40:02,8,q17,0,10,455,105280,462751,1659729,437665,313,528,1,2816,0,1235134,13880723,0,0,67548164624,461152623,2487085494,0,0,455396321,38027,38027,0,11102906661,11102906661,0,0,11102906661,455396321,15.76,105.28
965,2026-05-13 21:41:48,8,q18,0,13,221,25636,136168,383500,125937,152,207,0,3456,0,253741,9713760,0,0,10620901464,151112773,2141014161,0,0,159482755,2038,2038,0,4710951961,4710951961,0,0,4710951961,159482755,14.96,25.64
966,2026-05-13 21:42:15,8,q18a,0,23,302,38052,367413,602801,144714,362,423,0,3104,0,462099,9713760,0,0,33446629456,154316773,2158961281,0,0,204535227,7298,7298,0,6033670206,6033670206,0,0,4719548882,160018999,15.84,38.05
967,2026-05-13 21:42:54,8,q19,0,11,168,2894,5248,41831,31655,94,153,0,560,0,6892,496064,0,0,5840248568,291283839,2005031778,0,0,11817289,896,896,0,226663994,226663994,0,0,226663994,11817289,14.45,2.89
968,2026-05-13 21:42:58,8,q20,0,7,120,8810,18059,127302,76370,119,111,0,1020,0,49795,432544,0,0,17559457360,144271173,839612600,0,0,143395506,2512,2512,0,1673268059,1673268059,0,0,1673268059,143395506,14.45,8.81
969,2026-05-13 21:43:08,8,q21,0,5,24,2560,2550,33260,22663,26,28,0,0,0,13,273929,0,0,217853776,399607064,1594859590,0,0,95955,1,1,0,1951830,1951830,0,0,1951830,95955,12.99,2.56
970,2026-05-13 21:43:11,8,q22,0,7,57,73940,74235,858774,849950,99,70,0,2419,0,1475,320176,0,0,10466679912,399607064,1594470470,0,0,80173222,390,390,0,849064752,849064752,0,0,849064752,80173222,11.61,73.94
971,2026-05-13 21:44:26,8,q22a,0,11,82,8500,9134,79365,73379,114,124,0,560,0,3096,511504,0,0,14726520280,399607064,1594933318,0,0,80581076,684,684,0,1060993341,1060993341,0,0,1034085325,80173152,9.34,8.5
972,2026-05-13 21:44:36,8,q23a,0,17,711,80699,150031,1262611,868339,1062,1269,5,10250,0,404066,13146685,0,0,142150849472,1082438048,4579194770,0,0,639658229,36097,36097,0,15131554150,15131554150,0,0,14753013193,612246607,15.65,80.7
973,2026-05-13 21:45:58,8,q23b,0,20,747,142281,359315,2251642,820849,1265,1460,4,10550,0,1447760,13146599,0,0,171886623048,1084438048,4592285178,0,0,688270095,50562,50562,0,15931359084,15931359084,0,0,14797169266,613634385,15.83,142.28
974,2026-05-13 21:48:21,8,q24,0,12,371,52730,278553,822556,164099,279,433,0,2065,0,669020,3699761,0,0,50686787392,320012401,2127786170,0,0,300409241,24419,24419,0,7145032616,7145032616,0,0,7145032616,300409241,15.6,52.73
975,2026-05-13 21:49:15,8,q24a,0,20,626,49385,236179,768176,271170,633,830,0,2618,0,511751,3699976,0,0,107570656736,320216401,2119501172,0,0,611254554,52665,52665,0,14775960898,14775960898,0,0,7667539932,310999280,15.55,49.38
976,2026-05-13 21:50:06,8,q24b,0,21,612,51344,243792,782202,253300,581,765,0,2157,0,543547,3699417,0,0,105559095376,320216401,2119501172,0,0,611115102,52528,52528,0,14763210580,14763210580,0,0,7654789614,310859828,15.23,51.34
977,2026-05-13 21:50:58,8,q25,0,10,455,86500,358726,1356531,451407,305,503,14,2576,0,920943,13880723,0,0,67480983384,461152623,3445961902,0,0,455396296,38016,38016,0,11352290153,11352290153,0,0,11352290153,455396296,15.68,86.5
978,2026-05-13 21:52:26,8,q26,0,9,165,8336,32000,129183,110514,147,190,0,2848,0,16283,1561496,0,0,3215695544,146192973,1676473975,0,0,143110851,243,243,0,3936796619,3936796619,0,0,3936796619,143110851,15.5,8.34
979,2026-05-13 21:52:35,8,q27,0,13,134,5894,11144,88024,76503,732,675,3,6208,0,4978,1561496,0,0,1871504496,290278090,2961728789,0,0,6531992,195,195,0,171248941,171248941,0,0,171248941,6531992,14.93,5.89
980,2026-05-13 21:52:42,8,q27a,0,17,172,5974,11748,88655,76919,968,773,0,4228,0,5643,1561496,0,0,3508711432,290482492,2962486469,0,0,19007145,431,431,0,496409433,496409433,0,0,169914355,6471347,14.84,5.97
981,2026-05-13 21:52:49,8,q28,0,18,679,24080,142981,379654,356174,2609,2581,19,7280,0,24171,542599,0,0,40844379952,1728038328,10550338104,0,0,4703800,7373,7373,0,76893877,76893877,0,0,76893877,4703800,15.77,24.08
982,2026-05-13 21:53:14,8,q29,0,11,456,77968,301671,1220330,446643,295,499,1,2640,0,790414,13880723,0,0,67481299384,461225672,2487565246,0,0,455396359,38035,38035,0,11102913775,11102913775,0,0,11102913775,455396359,15.65,77.97
983,2026-05-13 21:54:33,8,q30,0,16,135,2025,4650,28368,21327,122,147,0,0,0,6807,3485263,0,0,11829421592,19471827,231463322,0,0,10759655,1052,1052,0,346545150,346545150,0,0,346545150,10759655,14.01,2.02
984,2026-05-13 21:54:36,8,q31,0,24,536,7200,40753,110772,94407,194,463,0,2512,0,15746,496451,0,0,18681665456,1081243150,4107137060,0,0,44379149,7566,7566,0,438020370,438020370,0,0,356448038,39497547,15.38,7.2
985,2026-05-13 21:54:45,8,q32,0,7,167,1331,2525,19221,15282,108,158,0,160,0,615,1348293,0,0,608193728,288265297,1664005506,0,0,350080,90,90,0,4605586,4605586,0,0,4605586,350080,14.44,1.33
986,2026-05-13 21:54:47,8,q33,0,9,231,2631,5958,37568,33965,247,324,1,832,0,3679,1854368,0,0,8551312072,505483174,3389901228,0,0,140265,246,246,0,3533209,3533209,0,0,3533209,140265,14.28,2.63
987,2026-05-13 21:54:51,8,q34,0,9,135,2196,2481,30099,29105,126,168,3,0,0,1794,1381814,0,0,504117552,290087039,552697610,0,0,4031113,130,130,0,135779937,135779937,0,0,68692258,2031113,13.71,2.2
988,2026-05-13 21:54:54,8,q35,0,12,304,4230,7856,59140,52745,163,276,0,1472,0,5806,585904,0,0,13764348952,508995974,532797158,0,0,62628742,3651,3651,0,161556141,161556141,0,0,161556141,62628742,13.98,4.23
989,2026-05-13 21:54:59,8,q35a,0,11,304,3846,5864,53162,48373,152,290,0,0,0,5963,885382,0,0,12908711344,508995974,532797158,0,0,62645069,3651,3651,0,161542892,161542892,0,0,161542892,62645069,13.82,3.85
990,2026-05-13 21:55:04,8,q36,0,6,105,2162,2101,29959,27386,116,153,0,928,0,2084,3714241,0,0,8922882160,288283839,2669530228,0,0,16094,101,101,0,1304706,1304706,0,0,1304706,16094,13.86,2.16
991,2026-05-13 21:55:08,8,q36a,0,9,110,2359,2309,31541,29505,121,159,0,750,0,1649,3714241,0,0,9461850032,288283839,2669530228,0,0,44513,306,306,0,3722869,3722869,0,0,1257107,15087,13.37,2.36
992,2026-05-13 21:55:11,8,q37,0,6,127,6230,9345,81448,77815,76,121,0,616,0,4452,453647,0,0,8354801792,543601173,1997447148,0,0,110406549,2417,2417,0,1414353688,1414353688,0,0,1414353688,295975871,13.07,6.23
993,2026-05-13 21:55:18,8,q38,0,13,351,8236,21777,127471,115989,183,327,1,1040,0,8262,578051,0,0,23373920984,506075174,516856180,0,0,120819579,4930,4930,0,740190070,740190070,0,0,635050060,116819579,15.48,8.24
994,2026-05-13 21:55:28,8,q39a,0,11,98,5155,9046,57953,54111,225,173,0,240,0,1013,2464085,0,0,5156915760,799010113,3187191398,0,0,4703618,85,85,0,112366429,112366429,0,0,75919735,3173618,11.24,5.16
995,2026-05-13 21:55:34,8,q39b,0,11,97,4546,8181,52724,51150,166,173,0,736,0,539,1036381,0,0,4773464624,799010113,3187191398,0,0,4594459,85,85,0,109301092,109301092,0,0,72854398,3064459,11.6,4.55
996,2026-05-13 21:55:40,8,q40,0,8,149,8683,24655,127284,112414,142,182,0,2064,0,13864,1024838,0,0,24442330840,158669010,991554348,0,0,157478827,4755,4755,0,3042545985,3042545985,0,0,3042545985,157478827,14.66,8.68
997,2026-05-13 21:55:49,8,q41,0,4,4,184,157,143,138,5,5,0,0,0,12,13527,0,0,269488032,408000,2017652,0,0,292,2,2,0,19225,19225,0,0,19225,292,0.78,0.18
998,2026-05-13 21:55:50,8,q42,0,4,103,1208,1196,17374,13099,115,145,0,368,0,360,1103990,0,0,4275853344,288283437,1741427022,0,0,1059,100,100,0,88397,88397,0,0,88397,1059,14.38,1.21
999,2026-05-13 21:55:53,8,q43,0,4,103,2000,1974,28905,25784,121,150,0,416,0,1620,1103732,0,0,303914184,288079839,721265878,0,0,11900,100,100,0,1353429,1353429,0,0,1353429,11900,14.45,2.0
1000,2026-05-13 21:55:56,8,q44,0,8,236,2192,2338,31874,29613,190,261,0,0,0,2969,3432039,0,0,11324604072,576216776,2859458594,0,0,2616272,3332,3332,0,35014545,35014545,0,0,17513938,1308362,14.54,2.19
1001,2026-05-13 21:55:59,8,q45,0,9,93,7429,15971,96630,88873,67,91,0,2000,0,7318,1561496,0,0,18568166344,75482662,418217397,0,0,146949311,1341,1341,0,2126443351,2126443351,0,0,2126443351,146949311,13.01,7.43
1002,2026-05-13 21:56:08,8,q46,0,12,165,5630,6009,83666,66639,286,270,3,5248,0,6326,5468127,0,0,5291431320,291087039,1886906460,0,0,5222376,1812,1812,0,116650200,116650200,0,0,102278687,4252333,14.86,5.63
1003,2026-05-13 21:56:14,8,q47,0,11,165,5513,6533,79305,75178,204,248,0,576,0,4602,4610732,0,0,14671169864,288283839,1536773236,0,0,20520741,3847,3847,0,801434583,801434583,0,0,410111877,10492204,14.39,5.51
1004,2026-05-13 21:56:21,8,q48,0,9,129,7713,20738,115795,109452,139,184,0,4083,0,4801,2409952,0,0,972086040,291000639,2214719143,0,0,42651137,123,123,0,1005842145,1005842145,0,0,1005842145,42651137,15.01,7.71
1005,2026-05-13 21:56:30,8,q49,0,18,333,10808,42533,165017,144409,233,323,0,2512,0,19670,2330080,0,0,7967617104,554473996,5651852114,0,0,151964006,311,311,0,3382498675,3382498675,0,0,3382498675,151964006,15.27,10.81
1006,2026-05-13 21:56:42,8,q50,0,8,330,46693,189570,726369,160965,413,531,0,1664,0,573498,4076805,0,0,62443797224,316954499,1483899822,0,0,292659773,25280,25280,0,6486733286,6486733286,0,0,6486733286,292659773,15.56,46.69
1007,2026-05-13 21:57:29,8,q51,0,10,244,14705,22580,209328,194626,635,367,1,2176,0,11576,823887,0,0,29826097864,360081050,1827606082,0,0,173923508,3842,3842,0,2939139272,2939139272,0,0,2939139272,173923508,14.24,14.7
1008,2026-05-13 21:57:45,8,q51a,0,14,315,252184,300945,3301032,3170373,523,583,0,17217,0,99907,824317,0,0,73983717904,360081050,1827606082,0,0,313992514,4882,4882,0,5206647559,5206647559,0,0,3938125725,247599251,13.09,252.18
1009,2026-05-13 22:01:58,8,q52,0,5,106,1320,1300,18600,16291,118,156,0,240,0,2363,1103259,0,0,4410595312,288283437,1741754702,0,0,56873,303,303,0,3229758,3229758,0,0,3229758,56873,14.09,1.32
1010,2026-05-13 22:02:01,8,q53,0,6,110,1945,1925,27494,24495,118,154,2,416,0,3083,1383104,0,0,865296216,288283839,1537506456,0,0,324087,606,606,0,6834395,6834395,0,0,6834395,324087,14.14,1.94
1011,2026-05-13 22:02:04,8,q54,0,17,301,11468,31330,169535,159147,175,310,0,2464,3,10429,984111,0,0,34158724696,507498723,1949922514,0,0,291951373,5194,5194,0,2749263193,2749263193,0,0,2749263193,291951373,14.78,11.47
1012,2026-05-13 22:02:16,8,q55,0,5,105,1345,1333,18814,16525,114,138,0,400,0,2737,1103431,0,0,7094686768,288283437,1741754702,0,0,43008,202,202,0,2504732,2504732,0,0,2504732,43008,13.99,1.34
1013,2026-05-13 22:02:19,8,q56,0,9,230,2533,5808,35723,31284,252,325,0,928,0,3367,1854368,0,0,6758593232,505483174,3390364076,0,0,78464,145,145,0,2864472,2864472,0,0,2864472,78464,14.1,2.53
1014,2026-05-13 22:02:22,8,q57,0,11,152,2898,3600,38001,31768,233,239,0,560,0,2668,4610732,0,0,9768835904,144271203,719811720,0,0,1882447,1298,1298,0,76781779,76781779,0,0,53005620,1287630,13.11,2.9
1015,2026-05-13 22:02:26,8,q58,0,10,243,3086,7471,46058,42478,286,353,0,472,0,3647,1645504,0,0,19730899648,504425272,3009322542,0,0,2376775,2398,2398,0,36037027,36037027,0,0,36037027,2376775,14.92,3.09
1016,2026-05-13 22:02:31,8,q59,0,10,141,5878,6265,77015,71857,159,192,0,698,0,3936,824145,0,0,9819229416,288226339,721563224,0,0,10227960,3434,3434,0,318130195,318130195,0,0,159984714,5187345,13.1,5.88
1017,2026-05-13 22:02:38,8,q60,0,9,236,2782,6029,39629,37258,251,333,3,0,0,3341,1854368,0,0,13674264184,505483174,3390298540,0,0,553663,691,691,0,10646652,10646652,0,0,10646652,553663,14.24,2.78
1018,2026-05-13 22:02:41,8,q61,0,12,253,4706,9254,73475,64182,145,246,0,4912,0,4687,1854368,0,0,6560744544,579291227,4360085292,0,0,11321881,3774,3774,0,152501497,152501497,0,0,132205493,9321881,15.61,4.71
1019,2026-05-13 22:02:47,8,q62,0,6,45,1211,1197,16855,14818,49,59,0,272,0,919,665042,0,0,245764904,72074721,246070777,0,0,14400,40,40,0,1319317,1319317,0,0,1319317,14400,13.92,1.21
1020,2026-05-13 22:02:49,8,q63,0,6,107,1914,1897,26971,24725,112,147,0,656,0,2993,1383104,0,0,797335408,288283839,1537445016,0,0,119054,303,303,0,3234733,3234733,0,0,3234733,119054,14.09,1.91
1021,2026-05-13 22:02:52,8,q64,0,55,610,29793,126975,451302,424019,2058,1683,23,10408,0,18921,2409512,0,0,24856826104,768909000,8415829501,0,0,244146938,5566,5566,0,3746885734,3746885734,0,0,3100073287,198417039,15.15,29.79
1022,2026-05-13 22:03:24,8,q65,0,11,273,12303,23483,187122,176344,359,431,0,1504,0,13865,825048,0,0,26129889408,576290227,3078779468,0,0,143020213,3757,3757,0,3463999620,3463999620,0,0,3463999620,143020213,15.21,12.3
1023,2026-05-13 22:03:37,8,q66,0,8,127,3066,3996,41892,33023,229,274,0,1312,0,216,1321570,0,0,4724854960,216155221,1749129673,0,0,885,59,59,0,423776,423776,0,0,423776,885,13.66,3.07
1024,2026-05-13 22:03:41,8,q67,0,8,169,45839,45972,622365,593312,170,215,0,5322,0,11001,785520,0,0,50941077272,288283839,1809603736,0,0,103430035,3325,3325,0,3748713555,3748713555,0,0,3748713555,103430035,13.58,45.84
1025,2026-05-13 22:04:28,8,q67a,0,16,553,69842,217023,1076148,1045578,1410,1450,0,6904,0,24338,3921706,0,0,188499920024,288283839,1809603736,0,0,526145788,13492,13492,0,25126232148,25126232148,0,0,6904704516,151999492,15.41,69.84
1026,2026-05-13 22:05:39,8,q68,0,12,157,3879,4470,56522,51002,121,171,0,1680,0,3452,1356286,0,0,3755850888,291087039,3012126804,0,0,4229984,1708,1708,0,102010109,102010109,0,0,87638596,3259941,14.57,3.88
1027,2026-05-13 22:05:44,8,q69,0,11,271,2365,5330,32312,29168,65,199,0,0,0,4843,504651,0,0,5709654800,508995974,533476810,0,0,18050359,2648,2648,0,100057072,100057072,0,0,100057072,18050359,13.66,2.37
1028,2026-05-13 22:05:48,8,q70,0,9,207,3670,3612,53005,50397,232,305,0,1248,0,784,2085288,0,0,7520172584,576086629,2049157256,0,0,3221,202,202,0,236975,236975,0,0,236975,3221,14.44,3.67
1029,2026-05-13 22:05:52,8,q70a,0,12,212,3172,3067,44252,42555,246,310,0,784,0,704,2079688,0,0,1281146016,576086629,2049157256,0,0,4050,407,407,0,343348,343348,0,0,165400,2250,13.95,3.17
1030,2026-05-13 22:05:57,8,q71,0,7,237,2732,2675,38554,33954,305,388,1,435,0,3781,4148535,0,0,4768025808,504365574,3243811666,0,0,276608,1740,1740,0,14440293,14440293,0,0,8278929,169054,14.11,2.73
1031,2026-05-13 22:06:01,8,q72,0,16,357,229785,487794,3488921,2312437,521,603,1,3744,0,1160339,13146599,0,0,82523784096,560074108,2918889632,0,0,538047872,23879,23879,0,9676295239,9676295239,0,0,9676295239,538047872,15.18,229.78
1032,2026-05-13 22:09:51,8,q73,0,9,135,2065,2384,29048,27894,124,160,0,0,0,1572,1381771,0,0,501137872,290087039,552697610,0,0,4016581,130,130,0,135101187,135101187,0,0,68013508,2016581,14.07,2.06
1033,2026-05-13 22:09:55,8,q74,0,15,372,22422,75214,354596,313576,479,570,0,3216,0,33377,746799,0,0,90607299856,362154099,1378722710,0,0,699960358,16151,16151,0,7000072686,7000072686,0,0,3595135458,353418106,15.81,22.42
1034,2026-05-13 22:10:18,8,q75,0,20,575,13588,51714,209845,185809,310,596,3,5696,0,21070,815866,0,0,24640192976,1058753170,7834258164,0,0,140054991,4858,4858,0,3124293933,3124293933,0,0,2106315257,89656169,15.44,13.59
1035,2026-05-13 22:10:33,8,q76,0,5,225,2345,2298,34022,30075,269,354,2,768,0,2323,3569513,0,0,18212205328,504279174,3280482246,0,0,29370,442,442,0,2390946,2390946,0,0,2390946,29370,14.51,2.35
1036,2026-05-13 22:10:36,8,q77,0,14,270,3169,15126,46011,38174,237,326,0,624,0,3293,1102485,0,0,1260363280,554476438,3721794676,0,0,79773,185,185,0,2925926,2925926,0,0,2925926,79773,14.52,3.17
1037,2026-05-13 22:10:41,8,q77a,0,17,275,3480,16358,48813,41696,326,353,0,1419,0,4287,1103302,0,0,1866439984,554476438,3721794676,0,0,80022,197,197,0,3092382,3092382,0,0,2921770,77548,14.03,3.48
1038,2026-05-13 22:10:45,8,q78,0,15,479,89316,312932,1402210,406015,725,848,0,3623,0,972800,1820632,0,0,94462501856,554620094,4720970098,0,0,406636630,22041,22041,0,11364756495,11364756495,0,0,11364756495,406636630,15.7,89.32
1039,2026-05-13 22:12:16,8,q79,0,8,148,4970,5338,74170,66432,501,443,0,2278,0,5136,1385297,0,0,10620768024,290087039,1875590930,0,0,3605125,2176,2176,0,110390087,110390087,0,0,110390087,3605125,14.92,4.97
1040,2026-05-13 22:12:22,8,q80,0,23,435,62901,237376,991301,363916,1215,1156,0,3565,0,606419,2328188,0,0,54884401176,554977871,6226753010,0,0,265494087,13405,13405,0,7544340812,7544340812,0,0,7544340812,265494087,15.76,62.9
1041,2026-05-13 22:13:26,8,q80a,0,26,440,81842,330021,1294000,357976,1174,1169,0,2768,0,915917,2328360,0,0,55356260208,554977871,6226753010,0,0,265493759,13420,13420,0,7544510242,7544510242,0,0,7544288542,265491829,15.81,81.84
1042,2026-05-13 22:14:49,8,q81,0,16,161,2581,5375,35655,29100,233,219,1,0,0,3667,713915,0,0,16970831448,33868693,346983193,0,0,18924578,1666,1666,0,364455902,364455902,0,0,364455902,18924578,13.81,2.58
1043,2026-05-13 22:14:53,8,q82,0,6,162,8986,12130,130002,121020,156,181,12,2183,0,8398,737644,0,0,14750794000,687613437,2417805526,0,0,182486545,4713,4713,0,2152775123,2152775123,0,0,2152775123,439988162,14.47,8.99
1044,2026-05-13 22:15:03,8,q83,0,10,49,1036,2371,11965,10964,54,56,0,0,0,745,1561496,0,0,3558133904,50821969,264231616,0,0,402103,73,73,0,5531326,5531326,0,0,5531326,402103,11.55,1.04
1045,2026-05-13 22:15:05,8,q84,0,9,57,1373,2377,12177,10339,48,47,0,616,0,795,9713760,0,0,882083136,33729631,129359028,0,0,27798849,47,47,0,145652248,145652248,0,0,145652248,27798849,8.87,1.37
1046,2026-05-13 22:15:07,8,q85,0,14,98,3606,19484,52454,45328,221,127,0,2160,0,2860,1649276,0,0,4434954736,84117746,933758186,0,0,11437258,903,903,0,372062316,372062316,0,0,372062316,11437258,14.55,3.61
1047,2026-05-13 22:15:12,8,q86,0,5,44,894,839,10956,9172,41,52,0,0,0,748,3714241,0,0,3607813520,72278662,435354952,0,0,7501,41,41,0,521174,521174,0,0,521174,7501,12.26,0.89
1048,2026-05-13 22:15:14,8,q86a,0,8,49,804,742,8592,7342,48,59,0,0,0,900,3714241,0,0,4146781072,72278662,435354952,0,0,20456,126,126,0,1499880,1499880,0,0,514832,7068,10.69,0.8
1049,2026-05-13 22:15:16,8,q87,0,13,351,8433,22181,130351,117229,165,320,0,2096,0,9477,578739,0,0,23373920984,506075174,516856180,0,0,120819579,4930,4930,0,740190070,740190070,0,0,635050060,116819579,15.46,8.43
1050,2026-05-13 22:15:25,8,q88,0,26,818,8054,56487,125551,119795,92,493,0,1840,0,153,500203,0,0,2576691200,2304749906,2245153138,0,0,800,800,800,0,47197,47197,0,0,47197,800,15.59,8.05
1051,2026-05-13 22:15:35,8,q89,0,8,221,31240,82056,467819,127004,175,236,0,2666,0,348057,1746690,0,0,8354877928,288283839,1537109108,0,0,269046438,1717,1717,0,4912143121,4912143121,0,0,4912143121,269046438,14.98,31.24
1052,2026-05-13 22:16:07,8,q90,0,8,86,562,900,7836,6674,11,46,0,0,0,10,200150,0,0,259051520,144185266,286247368,0,0,80,80,80,0,4720,4720,0,0,4720,80,13.94,0.56
1053,2026-05-13 22:16:09,8,q91,0,12,50,1014,1421,8693,7630,37,48,0,0,0,643,1032836,0,0,2964310824,19398901,144834443,0,0,2192984,242,242,0,45350044,45350044,0,0,45328060,2192843,8.57,1.01
1054,2026-05-13 22:16:11,8,q92,0,7,100,1157,1798,16595,13347,80,104,0,0,0,1660,771327,0,0,3957955072,144280275,873422498,0,0,1672198,696,696,0,21434447,21434447,0,0,21434447,1672198,14.34,1.16
1055,2026-05-13 22:16:13,8,q93,0,6,333,73331,172736,1145634,375439,269,385,0,2640,0,747551,2968127,0,0,68971117112,316808054,2077795901,0,0,316284326,26211,26211,0,7815370900,7815370900,0,0,7815370900,316284326,15.62,73.33
1056,2026-05-13 22:17:27,8,q94,0,8,136,9106,28755,137426,88798,140,166,0,688,0,48385,998296,0,0,16630437440,152275688,755260938,0,0,151171114,3640,3640,0,2240321543,2240321543,0,0,2240321543,151171114,15.09,9.11
1057,2026-05-13 22:17:37,8,q95,0,8,163,24943,44399,377235,308123,395,384,0,2739,0,52538,1759018,0,0,49888658408,152275688,717446666,0,0,367104120,14137,14137,0,3290949327,3290949327,0,0,1995058746,151153176,15.12,24.94
1058,2026-05-13 22:18:03,8,q96,0,5,104,1163,1156,16769,15032,11,61,0,0,0,14,499773,0,0,319603200,288100390,280795582,0,0,100,100,100,0,5899,5899,0,0,5899,100,14.42,1.16
1059,2026-05-13 22:18:06,8,q97,0,5,199,11477,14660,152355,138740,222,272,0,880,0,7080,824231,0,0,25010894176,432073561,1656572338,0,0,83873546,2006,2006,0,961239745,961239745,0,0,961239745,83873546,13.27,11.48
1060,2026-05-13 22:18:18,8,q98,0,8,184,11813,22413,172123,161643,165,211,4,1376,3,14274,6589863,0,0,32109241216,288283437,1748218274,0,0,275228628,7247,7247,0,4146904094,4146904094,0,0,4143264802,275198085,14.57,11.81
1061,2026-05-13 22:18:31,8,q99,0,7,87,1946,1932,25219,22277,89,119,0,304,0,340,1322215,0,0,1632383928,144067238,344542887,0,0,32599,50,50,0,2191785,2191785,0,0,2191785,32599,12.96,1.95
1062,2026-05-13 22:18:34,9,q1,0,12,116,2180,4017,30793,23682,138,151,0,375,0,4852,887723,0,0,7313515256,59676673,456403438,0,0,18384283,751,751,0,277542612,277542612,0,0,277542612,18384283,14.13,2.18
1063,2026-05-13 22:18:37,9,q2,0,9,128,2864,2798,39909,36453,154,183,0,448,0,1370,1291188,0,0,879498664,216214884,669798548,0,0,35347,362,362,0,2673870,2673870,0,0,901000,13701,13.93,2.86
1064,2026-05-13 22:18:41,9,q3,0,5,105,1253,1240,17512,16527,109,138,0,0,0,2073,1102528,0,0,398524368,288283437,1741750642,0,0,43002,202,202,0,2702444,2702444,0,0,2702444,43002,13.98,1.25
1065,2026-05-13 22:18:43,9,q4,0,25,699,79653,373266,1265203,655987,1800,1886,35,11971,7,522546,1071374,0,0,115346137600,794300709,9144325172,0,0,566100624,25854,25854,0,14421654048,14421654048,0,0,8530726381,341212705,15.88,79.65
1066,2026-05-13 22:20:04,9,q5,0,11,327,13216,24189,180212,171598,370,512,0,2444,0,6403,1628077,0,0,8840979776,626496435,4133746708,0,0,78889487,1136,1136,0,1105462275,1105462275,0,0,1105462275,78889487,13.64,13.22
1067,2026-05-13 22:20:19,9,q5a,0,14,332,13713,27871,185915,171702,448,523,0,1824,0,8631,1626830,0,0,9312838808,626496435,4133746708,0,0,78892792,1146,1146,0,1105699887,1105699887,0,0,1105491135,78889358,13.56,13.71
1068,2026-05-13 22:20:34,9,q6,0,12,177,11049,24896,158853,137195,155,208,3,1320,0,24134,1319877,0,0,29655044296,291560486,1106015234,0,0,273569765,4943,4943,0,2411983064,2411983064,0,0,2411983064,273569765,14.38,11.05
1069,2026-05-13 22:20:46,9,q7,0,13,153,8566,15243,127624,115001,714,669,0,6128,0,8245,1561496,0,0,3327833688,290279286,3267485113,0,0,53828203,521,521,0,1572117022,1572117022,0,0,1572117022,53828203,14.9,8.57
1070,2026-05-13 22:20:55,9,q8,0,12,156,2008,3750,28740,25451,59,133,0,848,0,2134,596540,0,0,4699737736,292079839,1040308034,0,0,9745839,320,320,0,80860242,80860242,0,0,80860242,9745839,14.31,2.01
1071,2026-05-13 22:20:58,9,q9,0,31,1516,21637,321380,335777,319623,2987,3485,0,8734,0,731,485682,0,0,0,4320095875,9702793557,0,0,1500,1500,1500,0,94560,94560,0,0,94560,1500,15.52,21.64
1072,2026-05-13 22:21:21,9,q10,0,11,271,2522,5745,35302,32110,76,197,0,98,0,4233,494258,0,0,5950222984,508995974,534155978,0,0,22980851,2665,2665,0,107587382,107587382,0,0,107587382,22980851,14.0,2.52
1073,2026-05-13 22:21:25,9,q10a,0,10,271,2180,3861,30168,28791,59,208,0,0,0,3876,884608,0,0,4673913312,508995974,534155978,0,0,22779154,2665,2665,0,107362439,107362439,0,0,107362439,22779154,13.84,2.18
1074,2026-05-13 22:21:28,9,q11,0,15,378,36304,111076,576254,357494,508,626,5,5509,0,205266,746971,0,0,96265954592,362154099,1995408278,0,0,699960358,16553,16553,0,9208035628,9208035628,0,0,4755214457,353418106,15.87,36.3
1075,2026-05-13 22:22:05,9,q12,0,7,68,4362,8024,56922,48544,87,68,0,288,0,9501,268182,0,0,9222228056,72278662,444255560,0,0,72106021,825,825,0,1083589609,1083589609,0,0,1083589609,72106021,13.05,4.36
1076,2026-05-13 22:22:11,9,q13,0,14,132,4486,12818,67043,57345,536,529,0,2688,0,1874,1914208,0,0,938682560,291088088,3998582767,0,0,740937,124,124,0,21472290,21472290,0,0,21472290,740937,14.94,4.49
1077,2026-05-13 22:22:16,9,q14a,0,30,906,92310,353217,1415435,403588,1441,1614,454,38818,0,850462,4319276,0,0,41592349952,1513041522,6516286368,0,0,622772823,5384,5384,0,8835519080,8835519080,0,0,8829873692,622636851,15.33,92.31
1078,2026-05-13 22:23:52,9,q14b,0,25,821,48307,212688,739213,347641,1912,1655,0,9882,0,375437,4580300,0,0,46263177240,1297191883,5175477220,0,0,681766191,5510,5510,0,10375262725,10375262725,0,0,5413022316,406720839,15.3,48.31
1079,2026-05-13 22:24:41,9,q14,0,25,811,47887,247176,734006,338469,1369,1502,10,5180,0,385150,4580687,0,0,45362385304,1297191883,5175477220,0,0,680744695,4511,4511,0,10278741349,10278741349,0,0,5316500940,405699343,15.33,47.89
1080,2026-05-13 22:25:30,9,q15,0,7,138,13833,24662,189118,156219,72,119,0,2561,0,26378,409388,0,0,27139515144,147067173,476461604,0,0,288833756,2610,2610,0,2528737868,2528737868,0,0,2528737868,288833756,13.67,13.83
1081,2026-05-13 22:25:45,9,q16,0,8,276,72468,326299,1145803,152571,363,418,0,30180,1,924562,2495224,0,0,41785807200,303459149,1637288222,0,0,301125284,17100,17100,0,4308531096,4308531096,0,0,4308531096,301125284,15.81,72.47
1082,2026-05-13 22:26:59,9,q17,0,10,455,129948,632031,2052493,438216,324,507,1,3056,0,1613018,13880723,0,0,67548164624,461152623,2487085494,0,0,455396321,38027,38027,0,11102906661,11102906661,0,0,11102906661,455396321,15.79,129.95
1083,2026-05-13 22:29:10,9,q18,0,13,221,10929,45137,167577,140101,260,256,2,5072,0,19472,9713975,0,0,10620901464,151112773,2141014161,0,0,159482755,2038,2038,0,4710951961,4710951961,0,0,4710951961,159482755,15.33,10.93
1084,2026-05-13 22:29:22,9,q18a,0,23,302,12807,87400,199633,177436,419,475,5,3696,0,22314,9713975,0,0,33446629456,154316773,2158961281,0,0,204535227,7298,7298,0,6033670206,6033670206,0,0,4719548882,160018999,15.59,12.81
1085,2026-05-13 22:29:36,9,q19,0,11,168,2912,5127,41959,35218,96,153,0,496,0,5410,495935,0,0,5840248568,291283839,2005031778,0,0,11817289,896,896,0,226663994,226663994,0,0,226663994,11817289,14.41,2.91
1086,2026-05-13 22:29:40,9,q20,0,7,120,6680,11810,96069,85275,85,124,0,1296,0,6986,432759,0,0,17559457360,144271173,839612600,0,0,143395506,2512,2512,0,1673268059,1673268059,0,0,1673268059,143395506,14.38,6.68
1087,2026-05-13 22:29:48,9,q21,0,5,24,2581,2568,33636,23889,29,29,0,339,0,13,274703,0,0,217853776,399607064,1594859590,0,0,95955,1,1,0,1951830,1951830,0,0,1951830,95955,13.03,2.58
1088,2026-05-13 22:29:52,9,q22,0,7,57,75916,76087,887341,857301,123,76,0,3492,3,1496,320176,0,0,10466679912,399607064,1594470470,0,0,80173222,390,390,0,849064752,849064752,0,0,849064752,80173222,11.69,75.92
1089,2026-05-13 22:31:09,9,q22a,0,11,82,8850,9810,86378,73682,143,125,0,1008,0,3863,511504,0,0,14726520280,399607064,1594933318,0,0,80581076,684,684,0,1060993341,1060993341,0,0,1034085325,80173152,9.76,8.85
1090,2026-05-13 22:31:19,9,q23a,0,17,711,60935,116565,952567,876572,1302,1390,3,12506,0,51037,13146599,0,0,142150849472,1082438048,4579194770,0,0,639658229,36097,36097,0,15131554150,15131554150,0,0,14753013193,612246607,15.63,60.94
1091,2026-05-13 22:32:21,9,q23b,0,20,747,75336,153144,1181619,879620,1201,1402,8,12528,0,311565,13146642,0,0,171886623048,1084438048,4592285178,0,0,688270095,50562,50562,0,15931359084,15931359084,0,0,14797169266,613634385,15.68,75.34
1092,2026-05-13 22:33:37,9,q24,0,12,371,58882,315972,917011,167429,344,433,0,2096,0,754177,3699804,0,0,50686787392,320012401,2127786170,0,0,300409241,24419,24419,0,7145032616,7145032616,0,0,7145032616,300409241,15.57,58.88
1093,2026-05-13 22:34:37,9,q24a,0,20,626,47058,204958,698409,279825,634,814,0,2799,0,429134,3699804,0,0,107570656736,320216401,2119501172,0,0,611254554,52665,52665,0,14775960898,14775960898,0,0,7667539932,310999280,14.84,47.06
1094,2026-05-13 22:35:25,9,q24b,0,21,612,46206,209949,692948,260982,633,796,0,2371,0,442466,3699202,0,0,105559095376,320216401,2119501172,0,0,611115102,52528,52528,0,14763210580,14763210580,0,0,7654789614,310859828,15.0,46.21
1095,2026-05-13 22:36:13,9,q25,0,10,455,96245,383638,1512564,452839,317,512,3,7376,0,1069675,13880723,0,0,67480983384,461152623,3445961902,0,0,455396296,38016,38016,0,11352290153,11352290153,0,0,11352290153,455396296,15.72,96.24
1096,2026-05-13 22:37:50,9,q26,0,9,165,34143,145445,527801,100137,161,177,0,4314,0,426630,1561496,0,0,3215695544,146192973,1676473975,0,0,143110851,243,243,0,3936796619,3936796619,0,0,3936796619,143110851,15.46,34.14
1097,2026-05-13 22:38:25,9,q27,0,13,134,6732,12551,97471,71882,804,645,0,6880,0,7859,1561496,0,0,1871504496,290278090,2961728789,0,0,6531992,195,195,0,171248941,171248941,0,0,171248941,6531992,14.48,6.73
1098,2026-05-13 22:38:33,9,q27a,0,17,172,6588,13059,98978,76978,975,757,0,5819,0,11575,1561496,0,0,3508711432,290482492,2962486469,0,0,19007145,431,431,0,496409433,496409433,0,0,169914355,6471347,15.02,6.59
1099,2026-05-13 22:38:41,9,q28,0,18,679,24408,145169,385146,359343,2547,2502,4,8112,0,24681,542771,0,0,40844379952,1728038328,10550338104,0,0,4703800,7373,7373,0,76893877,76893877,0,0,76893877,4703800,15.78,24.41
1100,2026-05-13 22:39:06,9,q29,0,11,456,57277,142236,888804,457234,338,512,2,2256,0,448323,13880723,0,0,67481299384,461225672,2487565246,0,0,455396359,38035,38035,0,11102913775,11102913775,0,0,11102913775,455396359,15.52,57.28
1101,2026-05-13 22:40:05,9,q30,0,16,135,2087,5016,28239,23845,125,144,0,0,0,3257,3485263,0,0,11829421592,19471827,231463322,0,0,10759655,1052,1052,0,346545150,346545150,0,0,346545150,10759655,13.53,2.09
1102,2026-05-13 22:40:08,9,q31,0,24,536,7746,44249,119580,98332,231,470,2,2768,0,17636,495978,0,0,18681665456,1081243150,4107137060,0,0,44379154,7566,7566,0,438021960,438021960,0,0,356448068,39497547,15.44,7.75
1103,2026-05-13 22:40:17,9,q32,0,7,167,1250,2342,17876,16322,90,152,0,0,0,487,1348293,0,0,608193728,288265297,1664005506,0,0,350080,90,90,0,4605586,4605586,0,0,4605586,350080,14.3,1.25
1104,2026-05-13 22:40:19,9,q33,0,9,231,2814,6448,40338,35417,272,330,0,480,0,4036,1854368,0,0,8551312072,505483174,3389901228,0,0,140265,246,246,0,3533209,3533209,0,0,3533209,140265,14.33,2.81
1105,2026-05-13 22:40:23,9,q34,0,9,135,2371,2643,33001,30310,135,162,0,1504,0,1877,1382502,0,0,504117552,290087039,552697610,0,0,4031113,130,130,0,135779937,135779937,0,0,68692258,2031113,13.92,2.37
1106,2026-05-13 22:40:26,9,q35,0,12,304,4166,7463,57740,52046,171,281,0,832,0,5237,585904,0,0,13764348952,508995974,532797158,0,0,62628742,3651,3651,0,161556141,161556141,0,0,161556141,62628742,13.86,4.17
1107,2026-05-13 22:40:32,9,q35a,0,11,304,3882,5548,53959,49713,148,279,0,832,0,5537,885425,0,0,12908711344,508995974,532797158,0,0,62645069,3651,3651,0,161542892,161542892,0,0,161542892,62645069,13.9,3.88
1108,2026-05-13 22:40:36,9,q36,0,6,105,2254,2196,31514,30202,124,155,0,0,0,1405,3714241,0,0,8922882160,288283839,2669530228,0,0,16094,101,101,0,1304706,1304706,0,0,1304706,16094,13.98,2.25
1109,2026-05-13 22:40:40,9,q36a,0,9,110,2298,2244,30538,26140,151,168,0,1472,0,2140,3714241,0,0,9461850032,288283839,2669530228,0,0,44513,306,306,0,3722869,3722869,0,0,1257107,15087,13.29,2.3
1110,2026-05-13 22:40:43,9,q37,0,6,127,6227,9376,81538,78824,64,120,0,1020,0,4605,453647,0,0,8354801792,543601173,1997447148,0,0,110406549,2417,2417,0,1414353688,1414353688,0,0,1414353688,295975871,13.09,6.23
1111,2026-05-13 22:40:50,9,q38,0,13,351,8427,22234,130378,119219,173,332,1,1200,0,8523,578739,0,0,23373920984,506075174,516856180,0,0,120819579,4930,4930,0,740190070,740190070,0,0,635050060,116819579,15.47,8.43
1112,2026-05-13 22:41:00,9,q39a,0,11,98,4999,8989,58641,54619,214,182,0,448,0,1030,2464085,0,0,5156915760,799010113,3187191398,0,0,4703618,85,85,0,112366429,112366429,0,0,75919735,3173618,11.73,5.0
1113,2026-05-13 22:41:06,9,q39b,0,11,97,4600,8150,52329,50576,168,178,0,896,0,589,1036381,0,0,4773464624,799010113,3187191398,0,0,4594459,85,85,0,109301092,109301092,0,0,72854398,3064459,11.38,4.6
1114,2026-05-13 22:41:12,9,q40,0,8,149,8459,22733,120437,114685,163,176,0,1200,0,8658,1024838,0,0,24442330840,158669010,991554348,0,0,157478827,4755,4755,0,3042545985,3042545985,0,0,3042545985,157478827,14.24,8.46
1115,2026-05-13 22:41:21,9,q41,0,4,4,193,165,152,143,5,5,0,0,0,12,13527,0,0,269488032,408000,2017652,0,0,292,2,2,0,19225,19225,0,0,19225,292,0.79,0.19
1116,2026-05-13 22:41:23,9,q42,0,4,103,1036,1027,14726,14270,111,133,0,0,0,338,1102700,0,0,4275853344,288283437,1741427022,0,0,1059,100,100,0,88397,88397,0,0,88397,1059,14.21,1.04
1117,2026-05-13 22:41:25,9,q43,0,4,103,2009,1989,29056,27478,114,145,0,512,0,1104,1103302,0,0,303914184,288079839,721265878,0,0,11900,100,100,0,1353429,1353429,0,0,1353429,11900,14.46,2.01
1118,2026-05-13 22:41:28,9,q44,0,8,236,2411,2521,35446,29071,197,269,0,1040,0,4643,3432039,0,0,11324604072,576216776,2859458594,0,0,2616272,3332,3332,0,35014545,35014545,0,0,17513938,1308362,14.7,2.41
1119,2026-05-13 22:41:31,9,q45,0,9,93,6948,14706,89605,83852,80,85,0,944,0,6180,1561496,0,0,18568166344,75482662,418217397,0,0,146949311,1341,1341,0,2126443351,2126443351,0,0,2126443351,146949311,12.9,6.95
1120,2026-05-13 22:41:39,9,q46,0,12,165,5367,5675,79000,66739,238,271,0,5376,23,5025,5468127,0,0,5291431320,291087039,1886906460,0,0,5222376,1812,1812,0,116650200,116650200,0,0,102278687,4252333,14.72,5.37
1121,2026-05-13 22:41:46,9,q47,0,11,165,5513,6585,79119,73233,240,258,0,670,0,4998,4610732,0,0,14671169864,288283839,1536773236,0,0,20520741,3847,3847,0,801434583,801434583,0,0,410111877,10492204,14.35,5.51
1122,2026-05-13 22:41:52,9,q48,0,9,129,8006,21586,120435,111220,132,179,0,5264,0,5210,2409952,0,0,972086040,291000639,2214719143,0,0,42651137,123,123,0,1005842145,1005842145,0,0,1005842145,42651137,15.04,8.01
1123,2026-05-13 22:42:01,9,q49,0,18,333,10852,44116,167493,145690,225,334,0,3040,0,19817,2330080,0,0,7967617104,554473996,5651852114,0,0,151964006,311,311,0,3382498675,3382498675,0,0,3382498675,151964006,15.43,10.85
1124,2026-05-13 22:42:13,9,q50,0,8,330,50697,208587,793208,157703,343,475,0,1404,0,646500,4076805,0,0,62443797224,316954499,1483899822,0,0,292659773,25280,25280,0,6486733286,6486733286,0,0,6486733286,292659773,15.65,50.7
1125,2026-05-13 22:43:05,9,q51,0,10,244,16837,26801,243539,191370,289,359,0,2016,0,41904,824403,0,0,29826097864,360081050,1827606082,0,0,173923508,3842,3842,0,2939139272,2939139272,0,0,2939139272,173923508,14.46,16.84
1126,2026-05-13 22:43:23,9,q51a,0,14,315,251839,293464,3265408,3165103,509,577,0,20228,0,20399,824575,0,0,73983717904,360081050,1827606082,0,0,313992514,4882,4882,0,5206647559,5206647559,0,0,3938125725,247599251,12.97,251.84
1127,2026-05-13 22:47:36,9,q52,0,5,106,1351,1339,19161,15288,119,151,3,1216,0,2850,1103431,0,0,4410595312,288283437,1741754702,0,0,56873,303,303,0,3229758,3229758,0,0,3229758,56873,14.18,1.35
1128,2026-05-13 22:47:38,9,q53,0,6,110,1911,1894,26663,24724,133,160,0,480,0,2710,1382932,0,0,865296216,288283839,1537506456,0,0,324087,606,606,0,6834395,6834395,0,0,6834395,324087,13.95,1.91
1129,2026-05-13 22:47:41,9,q54,0,17,301,11418,31015,169008,159302,192,314,0,2432,0,9813,983982,0,0,34158724696,507498723,1949922514,0,0,291951373,5194,5194,0,2749263193,2749263193,0,0,2749263193,291951373,14.8,11.42
1130,2026-05-13 22:47:54,9,q55,0,5,105,1232,1220,17268,14708,209,141,0,144,0,2304,1103302,0,0,7094686768,288283437,1741754702,0,0,43008,202,202,0,2504732,2504732,0,0,2504732,43008,14.02,1.23
1131,2026-05-13 22:47:56,9,q56,0,9,230,2792,6307,39296,33848,269,333,10,870,0,3799,1854454,0,0,6758593232,505483174,3390364076,0,0,78464,145,145,0,2864472,2864472,0,0,2864472,78464,14.07,2.79
1132,2026-05-13 22:48:00,9,q57,0,11,152,2848,3478,38189,33338,209,239,0,730,0,2806,4610732,0,0,9768835904,144271203,719811720,0,0,1882447,1298,1298,0,76781779,76781779,0,0,53005620,1287630,13.41,2.85
1133,2026-05-13 22:48:04,9,q58,0,10,243,2845,6852,41854,34064,324,359,2,490,0,4944,1645031,0,0,19730899648,504425272,3009322542,0,0,2376775,2398,2398,0,36037027,36037027,0,0,36037027,2376775,14.71,2.84
1134,2026-05-13 22:48:08,9,q59,0,10,141,6324,6769,84720,72720,174,206,0,934,0,4459,825779,0,0,9819229416,288226339,721563224,0,0,10227960,3434,3434,0,318130195,318130195,0,0,159984714,5187345,13.4,6.32
1135,2026-05-13 22:48:15,9,q60,0,9,236,3001,6724,42778,36031,263,341,0,880,0,4419,1854368,0,0,13674264184,505483174,3390298540,0,0,553663,691,691,0,10646652,10646652,0,0,10646652,553663,14.25,3.0
1136,2026-05-13 22:48:19,9,q61,0,12,253,5321,10351,82797,63293,220,274,1,3825,0,6997,1854368,0,0,6560744544,579291227,4360085292,0,0,11321881,3774,3774,0,152501497,152501497,0,0,132205493,9321881,15.56,5.32
1137,2026-05-13 22:48:26,9,q62,0,6,45,1169,1156,15828,13135,55,61,0,0,0,696,664440,0,0,245764904,72074721,246070777,0,0,14400,40,40,0,1319317,1319317,0,0,1319317,14400,13.54,1.17
1138,2026-05-13 22:48:28,9,q63,0,6,107,2269,2227,31796,25358,143,172,2,515,0,3538,1383964,0,0,797335408,288283839,1537445016,0,0,119054,303,303,0,3234733,3234733,0,0,3234733,119054,14.01,2.27
1139,2026-05-13 22:48:31,9,q64,0,55,610,30510,131653,460013,417196,1918,1682,3,15408,0,20318,2409598,0,0,24856826104,768909000,8415829501,0,0,244146938,5566,5566,0,3746885734,3746885734,0,0,3100073287,198417039,15.08,30.51
1140,2026-05-13 22:49:03,9,q65,0,11,273,12123,23079,183562,171506,366,427,0,2256,0,12857,824145,0,0,26129889408,576290227,3078779468,0,0,143020213,3757,3757,0,3463999620,3463999620,0,0,3463999620,143020213,15.14,12.12
1141,2026-05-13 22:49:17,9,q66,0,8,127,3409,4557,47484,33851,209,253,0,1621,0,2226,1322688,0,0,4724854960,216155221,1749129673,0,0,885,59,59,0,423776,423776,0,0,423776,885,13.93,3.41
1142,2026-05-13 22:49:21,9,q67,0,8,169,47066,47214,639449,589073,161,214,0,6606,0,21251,785520,0,0,50941077272,288283839,1809603736,0,0,103430035,3325,3325,0,3748713555,3748713555,0,0,3748713555,103430035,13.59,47.07
1143,2026-05-13 22:50:09,9,q67a,0,16,553,71953,229150,1100328,1003825,1481,1458,0,10121,0,70545,3922007,0,0,188499920024,288283839,1809603736,0,0,526145788,13492,13492,0,25126232148,25126232148,0,0,6904704516,151999492,15.29,71.95
1144,2026-05-13 22:51:22,9,q68,0,12,157,4143,4554,61257,47847,133,156,0,1728,0,2254,1356286,0,0,3755850888,291087039,3012126804,0,0,4229984,1708,1708,0,102010109,102010109,0,0,87638596,3259941,14.79,4.14
1145,2026-05-13 22:51:28,9,q69,0,11,271,2501,5742,35162,30880,67,202,0,1168,0,4571,504780,0,0,5709654800,508995974,533476810,0,0,18050359,2648,2648,0,100057072,100057072,0,0,100057072,18050359,14.06,2.5
1146,2026-05-13 22:51:31,9,q70,0,9,207,3636,3578,52325,50715,281,306,0,557,0,745,2085288,0,0,7520172584,576086629,2049157256,0,0,3221,202,202,0,236975,236975,0,0,236975,3221,14.39,3.64
1147,2026-05-13 22:51:36,9,q70a,0,12,212,3234,3133,45258,43376,256,321,0,912,0,668,2080376,0,0,1281146016,576086629,2049157256,0,0,4050,407,407,0,343348,343348,0,0,165400,2250,13.99,3.23
1148,2026-05-13 22:51:40,9,q71,0,7,237,2889,2828,41127,34095,349,394,2,812,0,5357,4149223,0,0,4768025808,504365574,3243811666,0,0,276608,1740,1740,0,14439682,14439682,0,0,8278318,169054,14.24,2.89
1149,2026-05-13 22:51:44,9,q72,0,16,357,201282,332321,3039877,2313047,541,626,1,3838,0,710790,13146599,0,0,82523784096,560074108,2918889632,0,0,538047872,23879,23879,0,9676295239,9676295239,0,0,9676295239,538047872,15.1,201.28
1150,2026-05-13 22:55:07,9,q73,0,9,135,2024,2257,28344,27165,123,157,0,0,0,1819,1381771,0,0,501137872,290087039,552697610,0,0,4016581,130,130,0,135101187,135101187,0,0,68013508,2016581,14.0,2.02
1151,2026-05-13 22:55:10,9,q74,0,15,372,22201,78088,346403,319828,486,553,2,4175,0,16968,747057,0,0,90607299856,362154099,1378722710,0,0,699960358,16151,16151,0,7000072686,7000072686,0,0,3595135458,353418106,15.6,22.2
1152,2026-05-13 22:55:34,9,q75,0,20,575,14232,52557,220370,186093,520,637,0,4990,0,20920,815823,0,0,24640192976,1058753170,7834258164,0,0,140054991,4858,4858,0,3124293933,3124293933,0,0,2106315257,89656169,15.48,14.23
1153,2026-05-13 22:55:49,9,q76,0,5,225,2809,2755,40896,32653,381,376,0,976,0,3906,3570932,0,0,18212205328,504279174,3280482246,0,0,29370,442,442,0,2390946,2390946,0,0,2390946,29370,14.56,2.81
1154,2026-05-13 22:55:53,9,q77,0,14,270,3778,17947,54416,39945,362,377,0,1267,0,4954,1104721,0,0,1260363280,554476438,3721794676,0,0,79773,185,185,0,2925926,2925926,0,0,2925926,79773,14.4,3.78
1155,2026-05-13 22:55:58,9,q77a,0,17,275,3483,15824,48185,41194,375,362,2,672,0,4077,1103388,0,0,1866439984,554476438,3721794676,0,0,80022,197,197,0,3092382,3092382,0,0,2921770,77548,13.83,3.48
1156,2026-05-13 22:56:03,9,q78,0,15,479,60492,186752,937759,407892,744,879,4,4368,0,538854,1820288,0,0,94462501856,554620094,4720970098,0,0,406636630,22041,22041,0,11364756495,11364756495,0,0,11364756495,406636630,15.5,60.49
1157,2026-05-13 22:57:04,9,q79,0,8,148,5539,6015,82780,67329,427,398,590,2848,0,4475,1386071,0,0,10620768024,290087039,1875590930,0,0,3605125,2176,2176,0,110390087,110390087,0,0,110390087,3605125,14.94,5.54
1158,2026-05-13 22:57:11,9,q80,0,23,435,52598,193111,825614,371294,1388,1207,2,4404,1,453588,2328876,0,0,54884401176,554977871,6226753010,0,0,265494087,13405,13405,0,7544340812,7544340812,0,0,7544340812,265494087,15.7,52.6
1159,2026-05-13 22:58:05,9,q80a,0,26,440,48367,168550,755216,372359,1471,1201,0,3645,0,390151,2328188,0,0,55356260208,554977871,6226753010,0,0,265493759,13420,13420,0,7544510242,7544510242,0,0,7544288542,265491829,15.61,48.37
1160,2026-05-13 22:58:54,9,q81,0,16,161,2740,5524,38165,31456,212,216,0,17,0,4264,713915,0,0,16970831448,33868693,346983193,0,0,18924578,1666,1666,0,364455902,364455902,0,0,364455902,18924578,13.93,2.74
1161,2026-05-13 22:58:58,9,q82,0,6,162,9441,13051,137163,122655,121,177,1,1982,0,8426,737773,0,0,14750794000,687613437,2417805526,0,0,182486545,4713,4713,0,2152775123,2152775123,0,0,2152775123,439988162,14.53,9.44
1162,2026-05-13 22:59:09,9,q83,0,10,49,1145,2706,13173,10153,50,56,0,256,0,1195,1561496,0,0,3558133904,50821969,264231616,0,0,402103,73,73,0,5531326,5531326,0,0,5531326,402103,11.5,1.14
1163,2026-05-13 22:59:11,9,q84,0,9,57,1477,2933,13760,10682,61,49,0,234,0,988,9713760,0,0,882083136,33729631,129359028,0,0,27798849,47,47,0,145652248,145652248,0,0,145652248,27798849,9.32,1.48
1164,2026-05-13 22:59:13,9,q85,0,14,98,3525,19806,51839,43119,177,145,0,2288,0,3506,1649276,0,0,4434954736,84117746,933758186,0,0,11437258,903,903,0,372062316,372062316,0,0,372062316,11437258,14.71,3.52
1165,2026-05-13 22:59:18,9,q86,0,5,44,1157,1100,14738,13594,44,52,3,92,0,897,3714241,0,0,3607813520,72278662,435354952,0,0,7501,41,41,0,521174,521174,0,0,521174,7501,12.74,1.16
1166,2026-05-13 22:59:20,9,q86a,0,8,49,996,936,11508,10794,47,57,0,0,0,741,3714241,0,0,4146781072,72278662,435354952,0,0,20456,126,126,0,1499880,1499880,0,0,514832,7068,11.55,1.0
1167,2026-05-13 22:59:22,9,q87,0,13,351,8326,21750,129008,115878,166,328,0,1368,0,8155,578739,0,0,23373920984,506075174,516856180,0,0,120819579,4930,4930,0,740190070,740190070,0,0,635050060,116819579,15.49,8.33
1168,2026-05-13 22:59:32,9,q88,0,26,818,8522,59656,133063,119476,33,499,5,2752,0,501,500289,0,0,2576691200,2304749906,2245153138,0,0,800,800,800,0,47197,47197,0,0,47197,800,15.61,8.52
1169,2026-05-13 22:59:41,9,q89,0,8,221,10505,16924,149774,134818,190,249,0,1184,0,24558,1745271,0,0,8354877928,288283839,1537109108,0,0,269046438,1717,1717,0,4912143121,4912143121,0,0,4912143121,269046438,14.26,10.5
1170,2026-05-13 22:59:53,9,q90,0,8,86,687,1053,9241,8265,11,47,0,0,0,10,200064,0,0,259051520,144185266,286247368,0,0,80,80,80,0,4720,4720,0,0,4720,80,13.45,0.69
1171,2026-05-13 22:59:55,9,q91,0,12,50,672,1119,7162,6127,33,46,0,0,0,585,1032836,0,0,2964310824,19398901,144834443,0,0,2192984,242,242,0,45350044,45350044,0,0,45328060,2192843,10.66,0.67
1172,2026-05-13 22:59:56,9,q92,0,7,100,1201,1921,17241,13099,87,107,0,208,0,3051,771327,0,0,3957955072,144280275,873422498,0,0,1672198,696,696,0,21434447,21434447,0,0,21434447,1672198,14.36,1.2
1173,2026-05-13 22:59:59,9,q93,0,6,333,52465,116568,821049,386836,332,453,0,2256,3,440759,2969976,0,0,68971117112,316808054,2077795901,0,0,316284326,26211,26211,0,7815370900,7815370900,0,0,7815370900,316284326,15.65,52.46
1174,2026-05-13 23:00:52,9,q94,0,8,136,6945,19047,104043,92585,134,178,0,1582,0,9040,998511,0,0,16630437440,152275688,755260938,0,0,151171114,3640,3640,0,2240321543,2240321543,0,0,2240321543,151171114,14.98,6.94
1175,2026-05-13 23:01:00,9,q95,0,8,163,22582,32621,334532,310778,349,328,0,3818,0,11261,1759018,0,0,49888658408,152275688,717446666,0,0,367104120,14137,14137,0,3290949327,3290949327,0,0,1995058746,151153176,14.81,22.58
1176,2026-05-13 23:01:24,9,q96,0,5,104,1096,1091,15868,15716,10,62,0,0,0,14,499730,0,0,319603200,288100390,280795582,0,0,100,100,100,0,5899,5899,0,0,5899,100,14.48,1.1
1177,2026-05-13 23:01:26,9,q97,0,5,199,11443,14286,150667,143148,215,264,0,1040,0,5089,824618,0,0,25010894176,432073561,1656572338,0,0,83873546,2006,2006,0,961239745,961239745,0,0,961239745,83873546,13.17,11.44
1178,2026-05-13 23:01:39,9,q98,0,8,184,20410,44853,294296,159250,149,199,5,2208,0,138022,6589863,0,0,32109241216,288283437,1748218274,0,0,275228628,7247,7247,0,4146904094,4146904094,0,0,4143264802,275198085,14.42,20.41
1179,2026-05-13 23:02:00,9,q99,0,7,87,1891,1878,24059,21178,87,114,0,308,0,378,1322258,0,0,1632383928,144067238,344542887,0,0,32599,50,50,0,2191785,2191785,0,0,2191785,32599,12.72,1.89
