ID,timestamp,run_id,query,query_rerun_id,numStages,numTasks,elapsedTime,stageDuration,executorRunTime,executorCpuTime,executorDeserializeTime,executorDeserializeCpuTime,resultSerializationTime,jvmGCTime,shuffleFetchWaitTime,shuffleWriteTime,resultSize,diskBytesSpilled,memoryBytesSpilled,peakExecutionMemory,recordsRead,bytesRead,recordsWritten,bytesWritten,shuffleRecordsRead,shuffleTotalBlocksFetched,shuffleLocalBlocksFetched,shuffleRemoteBlocksFetched,shuffleTotalBytesRead,shuffleLocalBytesRead,shuffleRemoteBytesRead,shuffleRemoteBytesReadToDisk,shuffleBytesWritten,shuffleRecordsWritten,avg_active_tasks,elapsed_time_seconds
0,2026-05-15 14:43:30,0,q1,0,25,477,1906,1747,8716,6552,2352,2045,0,355,0,61,1022096,0,0,1248628608,695085,7069227,0,0,100106,223,223,0,1578895,1578895,0,0,1578895,100106,4.57,1.91
1,2026-05-15 14:43:33,0,q2,0,20,392,1415,1248,6442,4870,2039,1677,0,551,0,37,680942,0,0,824948024,2274006,10770904,0,0,4567,118,118,0,110001,110001,0,0,57351,3517,4.55,1.42
2,2026-05-15 14:43:36,0,q3,0,13,275,1051,702,5106,3689,1306,1185,0,421,0,19,265881,0,0,518553432,2971476,19295321,0,0,203,111,111,0,25879,25879,0,0,25879,203,4.86,1.05
3,2026-05-15 14:43:38,0,q4,0,25,555,1527,4891,8515,6241,2960,2327,1,346,0,90,7499173,0,0,5381169320,10222681,162935414,0,0,153369,15,15,0,12744446,12744446,0,0,12744446,153369,5.58,1.53
4,2026-05-15 14:43:41,0,q5,0,33,835,2348,2877,13041,8345,3855,3501,4,560,0,82,1657981,0,0,1473996648,6295875,55497449,0,0,1743,227,227,0,135014,135014,0,0,135014,1743,5.55,2.35
5,2026-05-15 14:43:44,0,q5a,0,24,628,1057,1833,3647,2709,2851,2673,7,180,0,64,1657981,0,0,1261660080,6295835,55461751,0,0,3255,20,20,0,237079,237079,0,0,139181,2005,3.45,1.06
6,2026-05-15 14:43:47,0,q6,0,22,445,1263,1727,6312,3158,2014,1810,24,320,0,84,883229,0,0,530946032,3159466,11226145,0,0,2785568,57,57,0,24478257,24478257,0,0,24478257,2785568,5.0,1.26
7,2026-05-15 14:43:49,0,q7,0,15,310,783,787,4885,3143,1488,1325,0,315,0,20,266139,0,0,274988960,38316,693262,0,0,108,104,104,0,12536,12536,0,0,12536,108,6.24,0.78
8,2026-05-15 14:43:51,0,q8,0,16,326,670,957,1978,1154,1417,1397,0,176,0,14,494133,0,0,1390749344,3100422,15216122,0,0,3491,4,4,0,59073,59073,0,0,59073,3491,2.95,0.67
9,2026-05-15 14:43:53,0,q9,0,18,387,829,1814,4633,2032,1294,1388,0,228,0,16,270661,0,0,137494480,14402064,92518556,0,0,84,82,82,0,5775,5775,0,0,5775,84,5.59,0.83
10,2026-05-15 14:43:55,0,q10,0,19,405,1234,1509,2546,1975,1590,1587,2,13,0,57,28184438,0,0,676579040,7132143,16225049,0,0,287659,5,5,0,1909302,1909302,0,0,1909302,287659,2.06,1.23
11,2026-05-15 14:43:57,0,q10a,0,17,404,1148,1332,1893,1838,1672,1616,10,190,0,48,28184438,0,0,675006688,7132143,16225049,0,0,283274,5,5,0,1906126,1906126,0,0,1906126,283274,1.65,1.15
12,2026-05-15 14:43:59,0,q11,0,19,419,962,2127,4439,3282,1853,1691,0,293,0,68,7499173,0,0,3424523464,7339583,55328024,0,0,98990,11,11,0,8222867,8222867,0,0,8222867,98990,4.61,0.96
13,2026-05-15 14:44:01,0,q12,0,5,103,132,212,904,405,604,455,0,0,0,0,232049,0,0,0,20002,400414,0,0,0,0,0,0,0,0,0,0,0,0,6.85,0.13
14,2026-05-15 14:44:03,0,q13,0,14,309,626,1193,4957,2233,1417,1336,0,224,0,8,266526,0,0,137494480,77223,1003353,0,0,54,52,52,0,5760,5760,0,0,5760,54,7.92,0.63
15,2026-05-15 14:44:04,0,q14a,0,46,1002,3958,5009,9106,7186,4119,3921,0,462,0,372,369441,0,0,2708324176,15256024,78647529,0,0,6319776,83,83,0,87464350,87464350,0,0,86336662,6292360,2.3,3.96
16,2026-05-15 14:44:10,0,q14b,0,40,954,2530,5268,8681,6532,4146,3979,7,285,0,178,380193,0,0,1252903336,13241190,63753498,0,0,6855449,57,57,0,96932172,96932172,0,0,50714546,4105138,3.43,2.53
17,2026-05-15 14:44:14,0,q14,0,40,954,2312,4425,7342,6137,3863,3826,0,201,0,181,380193,0,0,1260964264,13241190,63753498,0,0,6844878,57,57,0,96252553,96252553,0,0,50034927,4094567,3.18,2.31
18,2026-05-15 14:44:18,0,q15,0,9,221,599,731,1599,1222,883,929,0,0,0,6,1045273,0,0,308880720,1611552,6841119,0,0,202,1,1,0,11828,11828,0,0,11828,202,2.67,0.6
19,2026-05-15 14:44:19,0,q16,0,17,393,1242,1515,5869,3153,1580,1541,0,70,0,16,7193151,0,0,1443307704,3097191,22353348,0,0,294,57,57,0,21514,21514,0,0,21514,294,4.73,1.24
20,2026-05-15 14:44:22,0,q17,0,16,408,1027,2359,5522,4205,1614,1645,6,234,0,60,6124144,0,0,3885150096,4667485,25841512,0,0,1629074,35,35,0,31753837,31753837,0,0,31753837,1629074,5.38,1.03
21,2026-05-15 14:44:24,0,q18,0,11,306,269,1226,1557,539,1601,1351,0,165,0,0,232737,0,0,0,88006,1184633,0,0,0,0,0,0,0,0,0,0,0,0,5.79,0.27
22,2026-05-15 14:44:25,0,q18a,0,20,512,288,1900,556,602,2204,2218,5,105,0,0,857079,0,0,0,356010,4430334,0,0,0,0,0,0,0,0,0,0,0,0,1.93,0.29
23,2026-05-15 14:44:27,0,q19,0,13,323,749,1325,2374,1558,1598,1375,0,70,0,6,1045273,0,0,275582184,3068422,23026943,0,0,160,1,1,0,17796,17796,0,0,17796,160,3.17,0.75
24,2026-05-15 14:44:29,0,q20,0,5,103,95,142,563,410,433,453,0,0,0,0,232092,0,0,0,20002,400414,0,0,0,0,0,0,0,0,0,0,0,0,5.93,0.1
25,2026-05-15 14:44:30,0,q21,0,15,319,1464,1239,6489,3887,1341,1337,0,203,0,26,265838,0,0,574951888,11783029,37010241,0,0,2909,111,111,0,112400,112400,0,0,112400,2909,4.43,1.46
26,2026-05-15 14:44:32,0,q22,0,9,213,7989,8090,8854,8255,859,886,0,16,0,12,804490,0,0,225717568,11783012,36954499,0,0,35968,1,1,0,1544161,1544161,0,0,1544161,35968,1.11,7.99
27,2026-05-15 14:44:41,0,q22a,0,14,222,1355,1529,1887,1682,982,920,0,75,0,48,804447,0,0,1043344704,11783009,36965943,0,0,72373,14,14,0,3722976,3722976,0,0,1718132,36377,1.39,1.36
28,2026-05-15 14:44:44,0,q23a,0,26,619,2482,5230,12303,10127,2328,2417,0,222,0,235,1169836,0,0,4199777904,10980154,49256743,0,0,3812080,114,114,0,98368916,98368916,0,0,98366379,3812037,4.96,2.48
29,2026-05-15 14:44:47,0,q23b,0,31,691,2437,5238,9595,8597,2659,2688,5,146,0,252,1169836,0,0,6766694776,11080155,50329476,0,0,3908567,130,130,0,100971109,100971109,0,0,100968572,3908524,3.94,2.44
30,2026-05-15 14:44:51,0,q24,0,8,253,186,622,1084,534,1027,1099,0,0,0,0,232092,0,0,0,17,123999,0,0,0,0,0,0,0,0,0,0,0,0,5.83,0.19
31,2026-05-15 14:44:52,0,q24a,0,8,253,156,601,629,455,1048,1097,0,0,0,0,232049,0,0,0,17,123999,0,0,0,0,0,0,0,0,0,0,0,0,4.03,0.16
32,2026-05-15 14:44:54,0,q24b,0,9,254,154,592,540,448,1103,1118,0,202,0,0,405606,0,0,0,50017,327049,0,0,0,0,0,0,0,0,0,0,0,0,3.51,0.15
33,2026-05-15 14:44:55,0,q25,0,16,408,1048,2428,6035,4137,1664,1638,0,184,0,63,6156676,0,0,3885125480,4667485,40099112,0,0,1629074,35,35,0,32135493,32135493,0,0,32135493,1629074,5.76,1.05
34,2026-05-15 14:44:57,0,q26,0,9,206,157,472,868,472,833,881,1,0,0,0,232092,0,0,0,38304,685159,0,0,0,0,0,0,0,0,0,0,0,0,5.53,0.16
35,2026-05-15 14:44:58,0,q27,0,9,206,163,554,938,770,928,910,6,175,0,0,231571,0,0,0,38016,667707,0,0,0,0,0,0,0,0,0,0,0,0,5.75,0.16
36,2026-05-15 14:44:59,0,q27a,0,13,308,241,1165,1168,1141,1387,1371,5,134,0,0,232006,0,0,0,56030,861877,0,0,0,0,0,0,0,0,0,0,0,0,4.85,0.24
37,2026-05-15 14:45:01,0,q28,0,24,408,918,1463,4317,1823,1577,1526,5,160,0,60,232823,0,0,832044768,17282430,141905886,0,0,47107,12,12,0,769812,769812,0,0,769812,47107,4.7,0.92
38,2026-05-15 14:45:03,0,q29,0,18,459,1122,3040,6601,4677,1845,1887,0,175,0,60,6124144,0,0,3885232920,4687486,26315794,0,0,1629074,35,35,0,31753942,31753942,0,0,31753942,1629074,5.88,1.12
39,2026-05-15 14:45:05,0,q30,0,15,312,448,856,1515,777,1350,1342,4,128,0,32,10380131,0,0,522636280,363532,8306778,0,0,25935,3,3,0,489698,489698,0,0,489698,25935,3.38,0.45
40,2026-05-15 14:45:06,0,q31,0,29,597,961,2281,5029,3675,2769,2393,0,254,0,97,773451,0,0,1504829528,10909374,55414596,0,0,9842,9,9,0,364513,364513,0,0,319380,8582,5.23,0.96
41,2026-05-15 14:45:09,0,q32,0,11,237,391,535,1912,1398,893,941,0,32,0,13,232006,0,0,107637432,2921100,18622264,0,0,9308,3,3,0,150123,150123,0,0,150123,9308,4.89,0.39
42,2026-05-15 14:45:10,0,q33,0,7,154,134,316,823,518,684,682,0,0,0,0,232049,0,0,0,70003,771061,0,0,0,0,0,0,0,0,0,0,0,0,6.14,0.13
43,2026-05-15 14:45:11,0,q34,0,8,204,193,640,1369,895,900,903,0,160,0,0,232737,0,0,0,20016,433882,0,0,0,0,0,0,0,0,0,0,0,0,7.09,0.19
44,2026-05-15 14:45:12,0,q35,0,19,405,1011,1441,2522,1896,1600,1592,2,80,0,62,24076245,0,0,484354584,7132143,16087195,0,0,646325,5,5,0,2473533,2473533,0,0,2473533,646325,2.49,1.01
45,2026-05-15 14:45:15,0,q35a,0,17,404,903,1269,1787,1798,1647,1617,7,162,0,59,24076202,0,0,485651880,7132143,16087195,0,0,646170,5,5,0,2472271,2472271,0,0,2472271,646170,1.98,0.9
46,2026-05-15 14:45:17,0,q36,0,10,221,664,797,2016,1412,876,943,0,7,0,8,271427,0,0,308864056,2918420,31058515,0,0,266,2,2,0,19035,19035,0,0,19035,266,3.04,0.66
47,2026-05-15 14:45:18,0,q36a,0,13,226,641,744,1338,1152,916,940,0,7,0,19,271427,0,0,847831928,2918420,31058515,0,0,641,9,9,0,56190,56190,0,0,32454,399,2.09,0.64
48,2026-05-15 14:45:20,0,q37,0,9,228,776,819,1639,1204,882,929,0,4,0,1,7287807,0,0,626776552,13224552,41162794,0,0,1,1,1,0,253,253,0,0,253,1,2.11,0.78
49,2026-05-15 14:45:22,0,q38,0,14,301,653,1053,2544,1882,1258,1181,0,40,0,39,2502324,0,0,1370428032,5161341,7443247,0,0,91194,4,4,0,2289264,2289264,0,0,2289264,91194,3.9,0.65
50,2026-05-15 14:45:24,0,q39a,0,16,326,1040,1957,2728,2253,1414,1372,0,72,0,34,232050,0,0,475832280,23548011,73303946,0,0,135243,4,4,0,3309465,3309465,0,0,2213545,90243,2.62,1.04
51,2026-05-15 14:45:26,0,q39b,0,16,326,809,1593,1897,1923,1320,1396,0,12,0,23,231404,0,0,475578328,23548011,73303946,0,0,135014,4,4,0,3289055,3289055,0,0,2193135,90014,2.34,0.81
52,2026-05-15 14:45:28,0,q40,0,11,273,485,768,1533,1042,1161,1153,0,0,0,9,2161805,0,0,458498256,1623625,10884810,0,0,534,1,1,0,31932,31932,0,0,31932,534,3.16,0.48
53,2026-05-15 14:45:29,0,q41,0,3,52,161,156,1590,144,380,289,0,96,0,0,232737,0,0,262144,1,87174,0,0,0,0,0,0,0,0,0,0,0,0,9.88,0.16
54,2026-05-15 14:45:31,0,q42,0,7,169,333,347,1223,701,674,703,0,0,0,2,232049,0,0,105385704,2918407,19156218,0,0,10,1,1,0,925,925,0,0,925,10,3.67,0.33
55,2026-05-15 14:45:32,0,q43,0,7,169,428,448,1424,1026,785,720,0,45,0,1,232694,0,0,105168104,2900419,8165677,0,0,6,1,1,0,618,618,0,0,618,6,3.33,0.43
56,2026-05-15 14:45:33,0,q44,0,11,188,497,471,1030,454,668,717,0,0,0,11,298111,0,0,486696104,5778811,32244430,0,0,36021,5,5,0,574234,574234,0,0,287345,18022,2.07,0.5
57,2026-05-15 14:45:35,0,q45,0,13,319,409,997,1660,1085,1291,1350,0,0,0,2,1045273,0,0,1017800936,925390,6259066,0,0,19,1,1,0,1799,1799,0,0,1799,19,4.06,0.41
58,2026-05-15 14:45:36,0,q46,0,13,323,691,1338,2139,1361,1368,1381,18,174,0,10,3116112,0,0,285873232,3057622,25916890,0,0,10081,1,1,0,430760,430760,0,0,430760,10081,3.1,0.69
59,2026-05-15 14:45:38,0,q47,0,15,232,1276,1904,3623,3042,918,951,8,96,0,108,398425,0,0,1670381912,2918420,14023615,0,0,499240,30,30,0,15789663,15789663,0,0,11851696,370924,2.84,1.28
60,2026-05-15 14:45:41,0,q48,0,8,205,181,561,1199,750,982,905,0,80,0,0,232006,0,0,0,20016,445896,0,0,0,0,0,0,0,0,0,0,0,0,6.62,0.18
61,2026-05-15 14:45:42,0,q49,0,19,411,849,1389,3500,2250,1581,1659,0,60,0,13,232049,0,0,913058176,5564687,68786097,0,0,170,9,9,0,11817,11817,0,0,11817,170,4.12,0.85
62,2026-05-15 14:45:44,0,q50,0,11,274,720,1049,2137,1508,1194,1176,7,72,0,1,4413222,0,0,1490206824,3260984,15645288,0,0,6,1,1,0,1447,1447,0,0,1447,6,2.97,0.72
63,2026-05-15 14:45:46,0,q51,0,13,219,1023,1228,5353,4487,824,795,0,0,0,442,232006,0,0,3659610976,3619791,16571629,0,0,2523869,299,299,0,43438446,43438446,0,0,43438446,2523869,5.23,1.02
64,2026-05-15 14:45:48,0,q51a,0,17,250,2505,3162,25751,21799,874,872,3,943,0,798,1761560,0,0,11936306224,3619791,16571629,0,0,4889102,693,693,0,83968631,83968631,0,0,61032787,3644888,10.28,2.5
65,2026-05-15 14:45:51,0,q52,0,7,169,337,355,1297,706,675,709,0,64,0,5,232049,0,0,105385704,2918407,19156218,0,0,109,1,1,0,9739,9739,0,0,9739,109,3.85,0.34
66,2026-05-15 14:45:53,0,q53,0,7,154,169,399,1260,707,696,676,0,172,0,0,232780,0,0,0,20015,505062,0,0,0,0,0,0,0,0,0,0,0,0,7.46,0.17
67,2026-05-15 14:45:54,0,q54,0,14,406,344,2275,2424,1716,1766,1807,0,127,0,2,232092,0,0,524288,60020,999430,0,0,0,0,0,0,0,0,0,0,118,2,7.05,0.34
68,2026-05-15 14:45:55,0,q55,0,7,169,319,338,1144,833,725,712,0,60,0,5,232049,0,0,105385704,2918407,19156218,0,0,104,1,1,0,8981,8981,0,0,8981,104,3.59,0.32
69,2026-05-15 14:45:57,0,q56,0,7,154,131,316,812,520,689,691,0,0,0,0,232049,0,0,0,70003,768425,0,0,0,0,0,0,0,0,0,0,0,0,6.2,0.13
70,2026-05-15 14:45:58,0,q57,0,13,224,896,1165,2432,1930,903,952,0,48,0,33,491406,0,0,651427776,1479558,7047928,0,0,160920,5,5,0,4348229,4348229,0,0,2602187,96552,2.71,0.9
71,2026-05-15 14:46:00,0,q58,0,17,401,663,931,2900,2247,1684,1674,0,60,0,30,232049,0,0,715438792,5225441,34148457,0,0,17396,3,3,0,287209,287209,0,0,287209,17396,4.37,0.66
72,2026-05-15 14:46:02,0,q59,0,16,325,666,1442,2582,2075,1317,1405,0,90,0,27,680942,0,0,286765128,2993483,8867462,0,0,7524,4,4,0,133338,133338,0,0,89016,5952,3.88,0.67
73,2026-05-15 14:46:04,0,q60,0,7,154,130,316,800,520,657,668,0,0,0,0,232049,0,0,0,70003,771061,0,0,0,0,0,0,0,0,0,0,0,0,6.15,0.13
74,2026-05-15 14:46:05,0,q61,0,14,309,252,1243,1517,946,1335,1369,0,70,0,0,1045273,0,0,0,170318,1814287,0,0,0,0,0,0,0,0,0,0,0,0,6.02,0.25
75,2026-05-15 14:46:06,0,q62,0,14,319,907,1051,5049,2628,1346,1351,0,96,0,15,265150,0,0,258383256,739450,3268259,0,0,204,52,52,0,23271,23271,0,0,23271,204,5.57,0.91
76,2026-05-15 14:46:08,0,q63,0,7,154,150,342,1003,708,722,697,0,0,0,0,232049,0,0,0,20015,505062,0,0,0,0,0,0,0,0,0,0,0,0,6.69,0.15
77,2026-05-15 14:46:09,0,q64,0,26,712,772,4970,4306,3041,2993,3086,0,128,0,6,2144356,0,0,137494480,170600,2040720,0,0,54,52,52,0,5612,5612,0,0,5612,54,5.58,0.77
78,2026-05-15 14:46:11,0,q65,0,15,295,598,997,2113,1392,1160,1160,0,0,0,32,1710264,0,0,464757040,5798825,28248760,0,0,162108,9,9,0,7984419,7984419,0,0,7984419,162108,3.53,0.6
79,2026-05-15 14:46:13,0,q66,0,11,256,623,695,4507,1998,1082,1102,0,288,0,9,265838,0,0,137494480,20035,351482,0,0,54,52,52,0,5958,5958,0,0,5958,54,7.23,0.62
80,2026-05-15 14:46:15,0,q67,0,10,237,2608,2737,8573,6436,923,971,0,197,0,165,804447,0,0,2776621424,2918420,16876781,0,0,523804,34,34,0,35032320,35032320,0,0,35032320,523804,3.29,2.61
81,2026-05-15 14:46:19,0,q67a,0,18,368,2702,8852,26391,20637,1197,1224,0,503,0,4572,804447,0,0,19351456272,2918420,16876781,0,0,3913413,393,393,0,254672067,254672067,0,0,74909707,1194405,9.77,2.7
82,2026-05-15 14:46:22,0,q68,0,13,323,709,1387,2294,1415,1366,1363,0,45,0,10,3116112,0,0,218427752,3057622,39533551,0,0,2221,1,1,0,125465,125465,0,0,125465,2221,3.24,0.71
83,2026-05-15 14:46:24,0,q69,0,19,405,1135,1672,2914,1999,1857,1619,2,117,0,69,27823049,0,0,405233080,7132143,16128765,0,0,239275,5,5,0,1895318,1895318,0,0,1895318,239275,2.57,1.14
84,2026-05-15 14:46:26,0,q70,0,14,289,788,881,2148,1486,1146,1212,48,128,0,4,232995,0,0,478903664,5780837,27583546,0,0,19,4,4,0,840,840,0,0,840,19,2.73,0.79
85,2026-05-15 14:46:28,0,q70a,0,17,294,757,813,1639,1392,1121,1196,0,0,0,16,231404,0,0,883653600,5780837,27583546,0,0,24,11,11,0,1381,1381,0,0,1169,22,2.17,0.76
86,2026-05-15 14:46:30,0,q71,0,7,154,142,301,810,512,661,673,0,0,0,0,232049,0,0,0,38003,785697,0,0,0,0,0,0,0,0,0,0,0,0,5.7,0.14
87,2026-05-15 14:46:31,0,q72,0,19,558,423,3467,2759,1676,2279,2403,4,208,0,0,1169836,0,0,0,184414,2964086,0,0,0,0,0,0,0,0,0,0,0,0,6.52,0.42
88,2026-05-15 14:46:33,0,q73,0,8,204,183,609,1142,861,811,874,0,0,0,0,231963,0,0,0,20016,433882,0,0,0,0,0,0,0,0,0,0,0,0,6.24,0.18
89,2026-05-15 14:46:34,0,q74,0,18,414,854,1879,3728,2836,1791,1662,0,105,0,45,3001190,0,0,1804473784,7339583,38808856,0,0,98902,4,4,0,3653467,3653467,0,0,3653467,98902,4.37,0.85
90,2026-05-15 14:46:36,0,q75,0,9,303,234,1043,1459,857,1301,1341,0,66,0,0,232306,0,0,0,40006,646400,0,0,0,0,0,0,0,0,0,0,0,0,6.24,0.23
91,2026-05-15 14:46:38,0,q76,0,9,297,507,451,2028,1525,1135,1202,0,0,0,19,380855,0,0,589105152,5132390,35585240,0,0,509,3,3,0,45030,45030,0,0,45030,509,4.0,0.51
92,2026-05-15 14:46:39,0,q77,0,26,566,1263,1466,6687,3610,2385,2287,0,82,0,30,265150,0,0,984503816,5564771,50075290,0,0,192,66,66,0,20335,20335,0,0,20335,192,5.29,1.26
93,2026-05-15 14:46:42,0,q77a,0,26,518,775,1121,2259,1971,2111,2117,7,154,0,25,232091,0,0,1318868360,5564761,50068677,0,0,247,22,22,0,28264,28264,0,0,17042,167,2.91,0.78
94,2026-05-15 14:46:44,0,q78,0,17,424,1216,2285,6614,5153,1770,1697,0,82,0,55,3102610,0,0,6871707440,5564687,47674138,0,0,872646,35,35,0,20939025,20939025,0,0,20939025,872646,5.44,1.22
95,2026-05-15 14:46:46,0,q79,0,11,272,616,1024,2105,1299,1217,1161,0,192,0,10,2502367,0,0,207498960,3007621,25022707,0,0,7013,1,1,0,231553,231553,0,0,231553,7013,3.42,0.62
96,2026-05-15 14:46:48,0,q80,0,26,663,1173,3738,4338,2804,2925,2733,31,79,0,26,5715332,0,0,1779481200,5594752,74578010,0,0,856,6,6,0,70474,70474,0,0,70474,856,3.7,1.17
97,2026-05-15 14:46:50,0,q80a,0,29,668,1092,3089,2727,2585,2697,2807,0,15,0,39,5715246,0,0,2251340232,5594752,74578010,0,0,1883,17,17,0,173167,173167,0,0,98845,1133,2.5,1.09
98,2026-05-15 14:46:52,0,q81,0,15,314,466,869,1548,800,1332,1338,0,65,0,26,4061421,0,0,515053560,508140,7808764,0,0,53901,3,3,0,927284,927284,0,0,927284,53901,3.32,0.47
99,2026-05-15 14:46:54,0,q82,0,9,228,1111,955,1635,1135,888,917,1,0,0,1,15022750,0,0,1230756904,14663408,43991378,0,0,2,1,1,0,479,479,0,0,479,2,1.47,1.11
100,2026-05-15 14:46:56,0,q83,0,17,366,661,588,1963,966,1478,1572,0,108,0,37,232694,0,0,427127792,740501,5485187,0,0,4250,3,3,0,93519,93519,0,0,93519,4250,2.97,0.66
101,2026-05-15 14:46:58,0,q84,0,13,312,620,875,989,356,1226,1321,0,0,0,0,9751042,0,0,204944448,2365540,11695570,0,0,25,1,1,0,966,966,0,0,966,25,1.6,0.62
102,2026-05-15 14:46:59,0,q85,0,14,407,404,1465,2248,999,1768,1737,0,90,0,8,232348,0,0,0,20105,447876,0,0,50,50,50,0,4543,4543,0,0,4543,50,5.56,0.4
103,2026-05-15 14:47:01,0,q86,0,8,166,369,376,1337,962,672,698,0,0,0,8,271427,0,0,269477624,757387,5384247,0,0,266,2,2,0,17966,17966,0,0,17966,266,3.62,0.37
104,2026-05-15 14:47:02,0,q86a,0,11,171,375,366,1024,912,661,717,0,0,0,19,271427,0,0,808445400,757387,5384247,0,0,641,9,9,0,51729,51729,0,0,30007,399,2.73,0.38
105,2026-05-15 14:47:04,0,q87,0,15,302,696,1195,2737,2002,1254,1199,6,156,0,44,2502324,0,0,1370428032,5161341,7443247,0,0,138876,5,5,0,3440760,3440760,0,0,3440760,138876,3.93,0.7
106,2026-05-15 14:47:05,0,q88,0,44,1046,1087,4531,4183,2311,3997,4060,0,145,0,16,232608,0,0,411870208,23250462,31467812,0,0,128,128,128,0,7192,7192,0,0,7192,128,3.85,1.09
107,2026-05-15 14:47:08,0,q89,0,7,154,142,344,997,721,648,689,0,0,0,0,232049,0,0,0,20015,439526,0,0,0,0,0,0,0,0,0,0,0,0,7.02,0.14
108,2026-05-15 14:47:09,0,q90,0,14,330,376,728,1892,972,1273,1368,7,224,0,2,232088,0,0,77666496,1486034,3689729,0,0,24,24,24,0,1350,1350,0,0,1350,24,5.03,0.38
109,2026-05-15 14:47:10,0,q91,0,12,307,236,1112,1510,888,1257,1341,0,6,0,0,232049,0,0,0,77212,853291,0,0,0,0,0,0,0,0,0,0,0,0,6.4,0.24
110,2026-05-15 14:47:12,0,q92,0,11,229,332,427,1692,1293,897,940,0,0,0,14,232049,0,0,98207576,1476772,10326045,0,0,9069,3,3,0,143446,143446,0,0,143446,9069,5.1,0.33
111,2026-05-15 14:47:13,0,q93,0,4,102,67,121,255,64,409,441,0,0,0,0,232049,0,0,0,2,9682,0,0,0,0,0,0,0,0,0,0,0,0,3.81,0.07
112,2026-05-15 14:47:14,0,q94,0,10,256,241,922,1422,566,1325,1075,0,0,0,0,260374,0,0,0,141774,998360,0,0,0,0,0,0,0,0,0,0,0,0,5.9,0.24
113,2026-05-15 14:47:15,0,q95,0,10,304,231,954,1221,1060,1370,1366,0,159,0,0,232049,0,0,0,70006,768522,0,0,0,0,0,0,0,0,0,0,0,0,5.29,0.23
114,2026-05-15 14:47:17,0,q96,0,9,220,324,455,1194,627,852,920,0,0,0,2,232049,0,0,51086464,2907620,3968546,0,0,16,16,16,0,899,899,0,0,899,16,3.69,0.32
115,2026-05-15 14:47:18,0,q97,0,8,192,692,846,3397,2705,754,737,0,107,0,30,232049,0,0,2381671120,4341955,13734368,0,0,834974,24,24,0,8658863,8658863,0,0,8658863,834974,4.91,0.69
116,2026-05-15 14:47:20,0,q98,0,5,103,96,148,584,414,443,459,0,0,0,0,232049,0,0,0,20002,400414,0,0,0,0,0,0,0,0,0,0,0,0,6.08,0.1
117,2026-05-15 14:47:21,0,q99,0,11,271,502,828,1892,1371,1086,1151,6,84,0,4,232049,0,0,205833808,1461584,4722351,0,0,90,1,1,0,11250,11250,0,0,11250,90,3.77,0.5
118,2026-05-15 14:47:23,1,q1,0,13,265,442,684,1477,1090,1087,1146,0,0,0,23,1022096,0,0,430215328,695045,7033202,0,0,99878,3,3,0,1544051,1544051,0,0,1544051,99878,3.34,0.44
119,2026-05-15 14:47:24,1,q2,0,14,286,618,760,2306,2026,1122,1199,0,64,0,21,680942,0,0,415741384,2273986,10747269,0,0,4453,8,8,0,91309,91309,0,0,38659,3403,3.73,0.62
120,2026-05-15 14:47:26,1,q3,0,7,169,323,325,1098,619,665,706,0,0,0,4,232049,0,0,109346792,2971456,19277177,0,0,89,1,1,0,8279,8279,0,0,8279,89,3.4,0.32
121,2026-05-15 14:47:27,1,q4,0,25,555,1396,4552,7305,6066,2349,2236,0,185,0,87,7499173,0,0,5381169320,10222681,162935414,0,0,153369,15,15,0,12744454,12744454,0,0,12744454,153369,5.23,1.4
122,2026-05-15 14:47:30,1,q5,0,21,623,916,1802,4362,2951,2557,2553,0,45,0,49,1657981,0,0,722692208,6295835,55461751,0,0,1515,9,9,0,100764,100764,0,0,100764,1515,4.76,0.92
123,2026-05-15 14:47:32,1,q5a,0,24,628,929,1638,3355,2699,2576,2594,7,182,0,68,1657981,0,0,1261660080,6295835,55461751,0,0,3255,20,20,0,237079,237079,0,0,139181,2005,3.61,0.93
124,2026-05-15 14:47:34,1,q6,0,19,393,773,1304,2464,1625,1514,1590,0,56,0,60,883229,0,0,393451552,3159460,11222327,0,0,2785514,5,5,0,24471970,24471970,0,0,24471970,2785514,3.19,0.77
125,2026-05-15 14:47:36,1,q7,0,9,206,162,497,995,489,848,897,0,0,0,0,232049,0,0,0,38304,685159,0,0,0,0,0,0,0,0,0,0,0,0,6.14,0.16
126,2026-05-15 14:47:37,1,q8,0,16,326,616,940,1853,1143,1389,1397,0,126,0,14,494133,0,0,1390749344,3100422,15216122,0,0,3491,4,4,0,59073,59073,0,0,59073,3491,3.01,0.62
127,2026-05-15 14:47:39,1,q9,0,17,386,388,1458,1916,869,1225,1375,0,30,0,9,232049,0,0,0,14402061,92519791,0,0,80,80,80,0,4687,4687,0,0,4687,80,4.94,0.39
128,2026-05-15 14:47:40,1,q10,0,19,405,1190,1626,2921,2007,1748,1603,2,34,0,50,28184438,0,0,676579040,7132143,16225049,0,0,287659,5,5,0,1909302,1909302,0,0,1909302,287659,2.45,1.19
129,2026-05-15 14:47:42,1,q10a,0,17,404,1146,1297,1969,1836,1528,1613,2,128,0,61,28184438,0,0,675006688,7132143,16225049,0,0,283274,5,5,0,1906126,1906126,0,0,1906126,283274,1.72,1.15
130,2026-05-15 14:47:45,1,q11,0,19,419,891,1928,4031,3199,1735,1683,5,82,0,53,7499173,0,0,3424523464,7339583,55328024,0,0,98990,11,11,0,8222867,8222867,0,0,8222867,98990,4.52,0.89
131,2026-05-15 14:47:47,1,q12,0,5,103,96,139,600,407,455,458,0,64,0,0,232049,0,0,0,20002,400414,0,0,0,0,0,0,0,0,0,0,0,0,6.25,0.1
132,2026-05-15 14:47:48,1,q13,0,11,257,221,860,1354,791,1108,1100,0,33,0,0,232350,0,0,0,77217,1001046,0,0,0,0,0,0,0,0,0,0,0,0,6.13,0.22
133,2026-05-15 14:47:49,1,q14a,0,46,1002,3830,4857,8898,7204,3951,3942,11,594,0,363,369871,0,0,2708324176,15256024,78647529,0,0,6319776,83,83,0,87464350,87464350,0,0,86336662,6292360,2.32,3.83
134,2026-05-15 14:47:55,1,q14b,0,40,954,2437,4885,7945,6415,3742,3831,0,291,0,179,380193,0,0,1252936104,13241190,63753498,0,0,6855449,57,57,0,96932172,96932172,0,0,50714546,4105138,3.26,2.44
135,2026-05-15 14:47:59,1,q14,0,40,954,2353,4533,7554,6278,3671,3817,0,368,0,177,380193,0,0,1260964264,13241190,63753498,0,0,6844878,57,57,0,96252553,96252553,0,0,50034927,4094567,3.21,2.35
136,2026-05-15 14:48:02,1,q15,0,9,221,615,768,1683,1243,915,926,55,160,0,6,1045273,0,0,308880720,1611552,6841119,0,0,202,1,1,0,11828,11828,0,0,11828,202,2.74,0.62
137,2026-05-15 14:48:04,1,q16,0,14,340,873,1296,2478,1628,1379,1337,8,52,0,7,7193022,0,0,1238704384,3097181,22342280,0,0,237,2,2,0,11981,11981,0,0,11981,237,2.84,0.87
138,2026-05-15 14:48:06,1,q17,0,16,408,1092,2381,6332,5076,1536,1635,0,71,0,59,6124144,0,0,3885150096,4667485,25841512,0,0,1629074,35,35,0,31753837,31753837,0,0,31753837,1629074,5.8,1.09
139,2026-05-15 14:48:08,1,q18,0,11,306,227,1000,1257,538,1317,1330,0,176,0,0,232737,0,0,0,88006,1184633,0,0,0,0,0,0,0,0,0,0,0,0,5.54,0.23
140,2026-05-15 14:48:09,1,q18a,0,20,512,279,2146,527,601,2228,2202,18,176,0,0,857079,0,0,0,356010,4430334,0,0,0,0,0,0,0,0,0,0,0,0,1.89,0.28
141,2026-05-15 14:48:11,1,q19,0,13,323,694,1311,2169,1320,1351,1387,17,108,0,6,1045273,0,0,275582184,3068422,23026943,0,0,160,1,1,0,17796,17796,0,0,17796,160,3.13,0.69
142,2026-05-15 14:48:12,1,q20,0,5,103,92,144,560,409,422,453,0,0,0,0,232049,0,0,0,20002,400414,0,0,0,0,0,0,0,0,0,0,0,0,6.09,0.09
143,2026-05-15 14:48:14,1,q21,0,9,213,711,833,1431,982,860,909,0,3,0,10,232050,0,0,165745248,11783009,36999935,0,0,2795,1,1,0,97587,97587,0,0,97587,2795,2.01,0.71
144,2026-05-15 14:48:15,1,q22,0,9,213,7826,7880,8591,8086,853,887,0,10,0,12,804447,0,0,225717568,11783012,36954499,0,0,35968,1,1,0,1544161,1544161,0,0,1544161,35968,1.1,7.83
145,2026-05-15 14:48:24,1,q22a,0,14,222,1349,1521,1842,1685,956,935,0,80,0,47,804447,0,0,1043344704,11783009,36965943,0,0,72373,14,14,0,3722976,3722976,0,0,1718132,36377,1.37,1.35
146,2026-05-15 14:48:27,1,q23a,0,26,619,2382,5197,10415,8571,2412,2408,0,297,0,225,1169836,0,0,4199777904,10980154,49256743,0,0,3812080,114,114,0,98368916,98368916,0,0,98366379,3812037,4.37,2.38
147,2026-05-15 14:48:30,1,q23b,0,31,691,2378,5215,9744,8711,2740,2708,78,391,0,236,1169836,0,0,6766694776,11080155,50329476,0,0,3908567,130,130,0,100971109,100971109,0,0,100968572,3908524,4.1,2.38
148,2026-05-15 14:48:34,1,q24,0,8,253,197,678,1138,519,1075,1109,0,40,0,0,232092,0,0,0,17,123999,0,0,0,0,0,0,0,0,0,0,0,0,5.78,0.2
149,2026-05-15 14:48:35,1,q24a,0,8,253,159,604,698,475,1122,1096,0,70,0,0,232608,0,0,0,17,123999,0,0,0,0,0,0,0,0,0,0,0,0,4.39,0.16
150,2026-05-15 14:48:36,1,q24b,0,8,253,138,480,380,446,1028,1112,0,0,0,0,231361,0,0,0,17,123999,0,0,0,0,0,0,0,0,0,0,0,0,2.75,0.14
151,2026-05-15 14:48:37,1,q25,0,16,408,1051,2377,5910,4483,1527,1627,0,160,0,60,6156676,0,0,3885125480,4667485,40099112,0,0,1629074,35,35,0,32135493,32135493,0,0,32135493,1629074,5.62,1.05
152,2026-05-15 14:48:40,1,q26,0,9,206,158,493,867,460,865,885,0,0,0,0,232049,0,0,0,38304,685159,0,0,0,0,0,0,0,0,0,0,0,0,5.49,0.16
153,2026-05-15 14:48:41,1,q27,0,9,206,161,546,904,766,950,914,0,145,0,0,231915,0,0,0,38016,667707,0,0,0,0,0,0,0,0,0,0,0,0,5.61,0.16
154,2026-05-15 14:48:42,1,q27a,0,13,308,226,1065,1138,1133,1302,1357,4,60,0,0,231404,0,0,0,56030,861877,0,0,0,0,0,0,0,0,0,0,0,0,5.04,0.23
155,2026-05-15 14:48:43,1,q28,0,24,408,897,1426,3917,1576,1616,1497,0,108,0,65,232651,0,0,832044768,17282430,141905886,0,0,47107,12,12,0,769812,769812,0,0,769812,47107,4.37,0.9
156,2026-05-15 14:48:45,1,q29,0,18,459,1068,3171,5780,4479,2059,1903,1,130,0,61,6124144,0,0,3885232920,4687486,26315794,0,0,1629074,35,35,0,31753942,31753942,0,0,31753942,1629074,5.41,1.07
157,2026-05-15 14:48:47,1,q30,0,15,312,468,873,1462,781,1313,1342,1,35,0,32,10380174,0,0,522636280,363532,8306778,0,0,25935,3,3,0,489698,489698,0,0,489698,25935,3.12,0.47
158,2026-05-15 14:48:49,1,q31,0,29,597,867,2236,4813,3638,2523,2404,8,160,0,85,773451,0,0,1504829528,10909374,55414596,0,0,9842,9,9,0,364513,364513,0,0,319380,8582,5.55,0.87
159,2026-05-15 14:48:51,1,q32,0,11,237,371,515,1936,1378,915,951,0,64,0,12,232049,0,0,107637432,2921100,18622264,0,0,9308,3,3,0,150123,150123,0,0,150123,9308,5.22,0.37
160,2026-05-15 14:48:52,1,q33,0,7,154,135,315,776,517,714,675,0,60,0,0,232694,0,0,0,70003,771061,0,0,0,0,0,0,0,0,0,0,0,0,5.75,0.14
161,2026-05-15 14:48:54,1,q34,0,8,204,177,584,1265,891,839,894,0,0,0,0,232006,0,0,0,20016,433882,0,0,0,0,0,0,0,0,0,0,0,0,7.15,0.18
162,2026-05-15 14:48:55,1,q35,0,19,405,1018,1449,2556,1931,1475,1580,2,96,0,64,24076245,0,0,484354584,7132143,16087195,0,0,646325,5,5,0,2473533,2473533,0,0,2473533,646325,2.51,1.02
163,2026-05-15 14:48:57,1,q35a,0,17,404,915,1262,1844,1758,1559,1610,2,184,0,58,24076245,0,0,485651880,7132143,16087195,0,0,646170,5,5,0,2472271,2472271,0,0,2472271,646170,2.02,0.92
164,2026-05-15 14:48:59,1,q36,0,10,221,619,777,1811,1216,873,925,7,128,0,8,271427,0,0,308864056,2918420,31058515,0,0,266,2,2,0,19035,19035,0,0,19035,266,2.93,0.62
165,2026-05-15 14:49:01,1,q36a,0,13,226,604,707,1330,1171,886,957,5,72,0,18,271427,0,0,847831928,2918420,31058515,0,0,641,9,9,0,56190,56190,0,0,32454,399,2.2,0.6
166,2026-05-15 14:49:02,1,q37,0,9,228,795,846,1654,1192,892,934,0,84,0,1,7288452,0,0,626776552,13224552,41162794,0,0,1,1,1,0,253,253,0,0,253,1,2.08,0.8
167,2026-05-15 14:49:04,1,q38,0,14,301,639,1034,2491,1861,1310,1179,0,154,0,34,2502324,0,0,1370428032,5161341,7443247,0,0,91194,4,4,0,2289264,2289264,0,0,2289264,91194,3.9,0.64
168,2026-05-15 14:49:06,1,q39a,0,16,326,947,1795,2596,2123,1403,1380,0,108,0,33,232694,0,0,475832280,23548011,73303946,0,0,135243,4,4,0,3309465,3309465,0,0,2213545,90243,2.74,0.95
169,2026-05-15 14:49:08,1,q39b,0,16,326,706,1408,1792,1759,1368,1378,0,120,0,22,232007,0,0,475578328,23548011,73303946,0,0,135014,4,4,0,3289055,3289055,0,0,2193135,90014,2.54,0.71
170,2026-05-15 14:49:10,1,q40,0,11,273,473,746,1520,1043,1148,1158,0,80,0,9,2161805,0,0,458498256,1623625,10884810,0,0,534,1,1,0,31932,31932,0,0,31932,534,3.21,0.47
171,2026-05-15 14:49:11,1,q41,0,3,52,153,148,1594,136,284,293,0,96,0,0,232737,0,0,262144,1,87174,0,0,0,0,0,0,0,0,0,0,0,0,10.42,0.15
172,2026-05-15 14:49:13,1,q42,0,7,169,322,335,1182,698,684,725,0,0,0,2,232049,0,0,105385704,2918407,19156218,0,0,10,1,1,0,925,925,0,0,925,10,3.67,0.32
173,2026-05-15 14:49:14,1,q43,0,7,169,450,489,1554,1055,693,724,0,80,0,1,232049,0,0,105168104,2900419,8165677,0,0,6,1,1,0,618,618,0,0,618,6,3.45,0.45
174,2026-05-15 14:49:15,1,q44,0,11,188,438,415,1010,413,716,714,0,80,0,11,298111,0,0,486696104,5778811,32244430,0,0,36021,5,5,0,574234,574234,0,0,287345,18022,2.31,0.44
175,2026-05-15 14:49:17,1,q45,0,13,319,391,958,1545,1059,1312,1365,0,25,0,2,1045273,0,0,1017800936,925390,6259066,0,0,19,1,1,0,1799,1799,0,0,1799,19,3.95,0.39
176,2026-05-15 14:49:18,1,q46,0,13,323,648,1270,1930,1315,1345,1377,5,124,0,10,3116112,0,0,285873232,3057622,25916890,0,0,10081,1,1,0,430760,430760,0,0,430760,10081,2.98,0.65
177,2026-05-15 14:49:20,1,q47,0,15,232,1214,1748,3382,2880,990,945,0,84,0,102,398425,0,0,1670381912,2918420,14023615,0,0,499240,30,30,0,15789663,15789663,0,0,11851696,370924,2.79,1.21
178,2026-05-15 14:49:22,1,q48,0,9,206,193,604,1309,750,919,900,0,96,0,0,232006,0,0,0,70016,962914,0,0,0,0,0,0,0,0,0,0,0,0,6.78,0.19
179,2026-05-15 14:49:24,1,q49,0,19,411,848,1383,3400,2246,1636,1678,0,35,0,13,232307,0,0,913058176,5564687,68786097,0,0,170,9,9,0,11817,11817,0,0,11817,170,4.01,0.85
180,2026-05-15 14:49:26,1,q50,0,11,274,709,1032,2185,1511,1107,1171,0,96,0,1,4413222,0,0,1490206824,3260984,15645288,0,0,6,1,1,0,1447,1447,0,0,1447,6,3.08,0.71
181,2026-05-15 14:49:27,1,q51,0,13,219,998,1223,5339,4514,767,792,63,283,0,454,232006,0,0,3659610976,3619791,16571629,0,0,2523869,299,299,0,43438446,43438446,0,0,43438446,2523869,5.35,1.0
182,2026-05-15 14:49:29,1,q51a,0,17,250,2487,3116,25869,22097,803,849,0,802,0,755,1761560,0,0,11936306224,3619791,16571629,0,0,4889102,693,693,0,83968631,83968631,0,0,61032787,3644888,10.4,2.49
183,2026-05-15 14:49:33,1,q52,0,7,169,370,374,1264,703,715,704,0,0,0,5,232049,0,0,105385704,2918407,19156218,0,0,109,1,1,0,9739,9739,0,0,9739,109,3.42,0.37
184,2026-05-15 14:49:35,1,q53,0,7,154,146,322,1011,707,647,688,0,0,0,0,232049,0,0,0,20015,505062,0,0,0,0,0,0,0,0,0,0,0,0,6.92,0.15
185,2026-05-15 14:49:36,1,q54,0,12,404,333,1798,2331,1676,1798,1827,0,150,0,0,232608,0,0,0,20020,528518,0,0,0,0,0,0,0,0,0,0,0,0,7.0,0.33
186,2026-05-15 14:49:37,1,q55,0,7,169,346,374,1029,721,744,716,0,64,0,5,232049,0,0,105385704,2918407,19156218,0,0,104,1,1,0,8981,8981,0,0,8981,104,2.97,0.35
187,2026-05-15 14:49:39,1,q56,0,7,154,141,335,891,523,681,673,0,64,0,0,232737,0,0,0,70003,768425,0,0,0,0,0,0,0,0,0,0,0,0,6.32,0.14
188,2026-05-15 14:49:40,1,q57,0,13,224,858,1120,2461,1884,875,938,0,75,0,33,491406,0,0,651427776,1479558,7047928,0,0,160920,5,5,0,4348229,4348229,0,0,2602187,96552,2.87,0.86
189,2026-05-15 14:49:42,1,q58,0,17,401,662,962,2900,2227,1659,1653,5,60,0,31,232049,0,0,715438792,5225441,34148457,0,0,17396,3,3,0,287209,287209,0,0,287209,17396,4.38,0.66
190,2026-05-15 14:49:43,1,q59,0,16,325,747,1809,3328,2113,1688,1439,42,324,0,29,680942,0,0,286765128,2993483,8867462,0,0,7524,4,4,0,133338,133338,0,0,89016,5952,4.46,0.75
191,2026-05-15 14:49:45,1,q60,0,6,153,136,340,932,518,695,667,2,145,0,0,232694,0,0,0,20003,407513,0,0,0,0,0,0,0,0,0,0,0,0,6.85,0.14
192,2026-05-15 14:49:47,1,q61,0,14,309,270,1341,1578,943,1561,1364,0,353,0,0,1045273,0,0,0,170318,1814287,0,0,0,0,0,0,0,0,0,0,0,0,5.84,0.27
193,2026-05-15 14:49:48,1,q62,0,11,267,449,758,1686,1058,1116,1118,0,135,0,6,232780,0,0,187997616,739444,3265876,0,0,150,1,1,0,17537,17537,0,0,17537,150,3.76,0.45
194,2026-05-15 14:49:49,1,q63,0,7,154,144,315,948,682,680,682,0,52,0,0,232049,0,0,0,20015,505062,0,0,0,0,0,0,0,0,0,0,0,0,6.58,0.14
195,2026-05-15 14:49:51,1,q64,0,22,659,493,4967,2845,1638,2871,2858,0,295,0,0,375218,0,0,0,120594,1289289,0,0,0,0,0,0,0,0,0,0,0,0,5.77,0.49
196,2026-05-15 14:49:52,1,q65,0,15,295,601,993,2209,1387,1146,1184,0,203,0,32,1710264,0,0,464757040,5798825,28248760,0,0,162108,9,9,0,7984419,7984419,0,0,7984419,162108,3.68,0.6
197,2026-05-15 14:49:54,1,q66,0,8,204,153,510,848,479,995,891,0,176,0,0,232737,0,0,0,20029,348434,0,0,0,0,0,0,0,0,0,0,0,0,5.54,0.15
198,2026-05-15 14:49:55,1,q67,0,10,237,2568,2694,8439,7669,935,968,0,135,0,128,804447,0,0,2776621424,2918420,16876781,0,0,523804,34,34,0,35032320,35032320,0,0,35032320,523804,3.29,2.57
199,2026-05-15 14:49:59,1,q67a,0,18,368,2582,8218,24727,18775,1294,1211,0,740,0,4654,804447,0,0,19351456272,2918420,16876781,0,0,3913413,393,393,0,254672067,254672067,0,0,74909707,1194405,9.58,2.58
200,2026-05-15 14:50:03,1,q68,0,13,323,706,1387,2220,1405,1435,1392,0,36,0,10,3116112,0,0,218427752,3057622,39533551,0,0,2221,1,1,0,125465,125465,0,0,125465,2221,3.14,0.71
201,2026-05-15 14:50:05,1,q69,0,19,405,1131,1504,2644,1956,1575,1585,2,88,0,60,27823006,0,0,405233080,7132143,16128765,0,0,239275,5,5,0,1895318,1895318,0,0,1895318,239275,2.34,1.13
202,2026-05-15 14:50:07,1,q70,0,14,289,835,969,2220,1527,1261,1214,0,206,0,20,232651,0,0,478903664,5780837,27583546,0,0,19,4,4,0,840,840,0,0,840,19,2.66,0.84
203,2026-05-15 14:50:09,1,q70a,0,17,294,730,809,1633,1394,1176,1210,4,48,0,11,231361,0,0,883653600,5780837,27583546,0,0,24,11,11,0,1381,1381,0,0,1169,22,2.24,0.73
204,2026-05-15 14:50:11,1,q71,0,6,153,130,328,849,515,671,673,0,60,0,0,232737,0,0,0,20003,415391,0,0,0,0,0,0,0,0,0,0,0,0,6.53,0.13
205,2026-05-15 14:50:12,1,q72,0,18,557,441,3435,2564,1653,2348,2421,0,78,0,0,670659,0,0,0,166414,1810506,0,0,0,0,0,0,0,0,0,0,0,0,5.81,0.44
206,2026-05-15 14:50:13,1,q73,0,8,204,201,679,1267,866,934,889,0,162,0,0,232694,0,0,0,20016,433882,0,0,0,0,0,0,0,0,0,0,0,0,6.3,0.2
207,2026-05-15 14:50:15,1,q74,0,18,414,817,1853,3711,2825,1772,1674,0,12,0,47,3001190,0,0,1804473784,7339583,38808856,0,0,98902,4,4,0,3653467,3653467,0,0,3653467,98902,4.54,0.82
208,2026-05-15 14:50:16,1,q75,0,9,303,235,1004,1414,852,1333,1338,0,70,0,0,232440,0,0,0,40006,646400,0,0,0,0,0,0,0,0,0,0,0,0,6.02,0.24
209,2026-05-15 14:50:18,1,q76,0,9,297,510,447,2702,1417,1159,1220,0,80,0,19,380855,0,0,589105152,5132390,35585240,0,0,509,3,3,0,45030,45030,0,0,45030,509,5.3,0.51
210,2026-05-15 14:50:19,1,q77,0,23,513,727,1129,3101,2034,2106,2081,0,64,0,19,232049,0,0,779900496,5564761,50068677,0,0,135,11,11,0,12492,12492,0,0,12492,135,4.27,0.73
211,2026-05-15 14:50:21,1,q77a,0,26,518,754,1092,2212,1945,2085,2106,0,60,0,35,231404,0,0,1318868360,5564761,50068677,0,0,247,22,22,0,28264,28264,0,0,17042,167,2.93,0.75
212,2026-05-15 14:50:23,1,q78,0,17,424,1177,2307,6691,5179,1797,1699,0,123,0,55,3102610,0,0,6871707440,5564687,47674138,0,0,872646,35,35,0,20939025,20939025,0,0,20939025,872646,5.68,1.18
213,2026-05-15 14:50:25,1,q79,0,11,272,607,1048,2114,1293,1183,1167,7,216,0,10,2502367,0,0,207498960,3007621,25022707,0,0,7013,1,1,0,231553,231553,0,0,231553,7013,3.48,0.61
214,2026-05-15 14:50:27,1,q80,0,26,663,1077,3678,4456,2720,2731,2749,0,104,0,26,5715289,0,0,1779481200,5594752,74578010,0,0,856,6,6,0,70474,70474,0,0,70474,856,4.14,1.08
215,2026-05-15 14:50:29,1,q80a,0,29,668,1046,3013,2713,2519,2702,2780,0,70,0,36,5715246,0,0,2251340232,5594752,74578010,0,0,1883,17,17,0,173167,173167,0,0,98845,1133,2.59,1.05
216,2026-05-15 14:50:32,1,q81,0,15,314,525,1055,1801,828,1564,1339,14,0,0,28,4061421,0,0,515053560,508140,7808764,0,0,53901,3,3,0,927284,927284,0,0,927284,53901,3.43,0.52
217,2026-05-15 14:50:33,1,q82,0,9,228,1054,966,1614,1106,942,923,6,70,0,1,15022836,0,0,1230756904,14663408,43991378,0,0,2,1,1,0,479,479,0,0,479,2,1.53,1.05
218,2026-05-15 14:50:35,1,q83,0,17,366,646,562,1861,934,1528,1591,0,40,0,33,232393,0,0,427127792,740501,5485187,0,0,4250,3,3,0,93519,93519,0,0,93519,4250,2.88,0.65
219,2026-05-15 14:50:37,1,q84,0,13,312,656,912,1013,346,1220,1311,0,15,0,0,9751085,0,0,204944448,2365540,11695570,0,0,25,1,1,0,966,966,0,0,966,25,1.54,0.66
220,2026-05-15 14:50:39,1,q85,0,12,356,261,1303,1386,571,1597,1523,5,135,0,0,232651,0,0,0,20102,444706,0,0,0,0,0,0,0,0,0,0,0,0,5.31,0.26
221,2026-05-15 14:50:40,1,q86,0,8,166,342,343,1237,906,697,715,0,80,0,8,271427,0,0,269477624,757387,5384247,0,0,266,2,2,0,17966,17966,0,0,17966,266,3.62,0.34
222,2026-05-15 14:50:42,1,q86a,0,11,171,380,361,952,868,714,706,0,0,0,19,271427,0,0,808445400,757387,5384247,0,0,641,9,9,0,51729,51729,0,0,30007,399,2.51,0.38
223,2026-05-15 14:50:43,1,q87,0,15,302,633,1088,2572,1916,1213,1210,0,84,0,47,2502324,0,0,1370428032,5161341,7443247,0,0,138876,5,5,0,3440760,3440760,0,0,3440760,138876,4.06,0.63
224,2026-05-15 14:50:45,1,q88,0,44,1046,1029,4611,4214,2274,4078,4072,5,269,0,16,232608,0,0,411870208,23250462,31467812,0,0,128,128,128,0,7192,7192,0,0,7192,128,4.1,1.03
225,2026-05-15 14:50:47,1,q89,0,7,154,145,349,1036,721,650,692,0,0,0,0,232049,0,0,0,20015,439526,0,0,0,0,0,0,0,0,0,0,0,0,7.14,0.14
226,2026-05-15 14:50:48,1,q90,0,14,330,385,761,1643,1013,1317,1339,6,84,0,2,232049,0,0,77666496,1486034,3689729,0,0,24,24,24,0,1350,1350,0,0,1350,24,4.27,0.38
227,2026-05-15 14:50:49,1,q91,0,12,307,240,1154,1504,883,1362,1346,0,96,0,0,232737,0,0,0,77212,853291,0,0,0,0,0,0,0,0,0,0,0,0,6.27,0.24
228,2026-05-15 14:50:51,1,q92,0,11,229,334,434,1602,1274,991,947,0,90,0,13,232651,0,0,98207576,1476772,10326045,0,0,9069,3,3,0,143446,143446,0,0,143446,9069,4.8,0.33
229,2026-05-15 14:50:52,1,q93,0,4,102,81,111,267,62,406,436,0,6,0,0,232133,0,0,0,2,9682,0,0,0,0,0,0,0,0,0,0,0,0,3.3,0.08
230,2026-05-15 14:50:53,1,q94,0,10,256,199,736,1148,529,1105,1067,0,84,0,0,260374,0,0,0,141774,998360,0,0,0,0,0,0,0,0,0,0,0,0,5.77,0.2
231,2026-05-15 14:50:55,1,q95,0,10,304,224,922,1105,1031,1316,1326,0,84,0,0,232049,0,0,0,70006,768522,0,0,0,0,0,0,0,0,0,0,0,0,4.93,0.22
232,2026-05-15 14:50:56,1,q96,0,9,220,333,481,1227,635,895,914,6,77,0,2,232608,0,0,51086464,2907620,3968546,0,0,16,16,16,0,899,899,0,0,899,16,3.68,0.33
233,2026-05-15 14:50:57,1,q97,0,8,192,684,867,3247,2698,781,746,0,105,0,29,232049,0,0,2381671120,4341955,13734368,0,0,834974,24,24,0,8658863,8658863,0,0,8658863,834974,4.75,0.68
234,2026-05-15 14:50:59,1,q98,0,5,103,96,149,582,403,447,451,0,0,0,0,232049,0,0,0,20002,400414,0,0,0,0,0,0,0,0,0,0,0,0,6.06,0.1
235,2026-05-15 14:51:00,1,q99,0,11,271,477,820,1743,1352,1135,1150,11,70,0,4,232049,0,0,205833808,1461584,4722351,0,0,90,1,1,0,11250,11250,0,0,11250,90,3.65,0.48
236,2026-05-15 14:51:02,2,q1,0,13,265,440,691,1516,1073,1077,1132,0,16,0,24,1022096,0,0,430215328,695045,7033202,0,0,99878,3,3,0,1544051,1544051,0,0,1544051,99878,3.45,0.44
237,2026-05-15 14:51:03,2,q2,0,14,286,579,716,2291,2044,1154,1223,0,96,0,21,680942,0,0,415741384,2273986,10747269,0,0,4453,8,8,0,91309,91309,0,0,38659,3403,3.96,0.58
238,2026-05-15 14:51:05,2,q3,0,7,169,341,341,1078,639,678,718,4,30,0,4,232436,0,0,109346792,2971456,19277177,0,0,89,1,1,0,8279,8279,0,0,8279,89,3.16,0.34
239,2026-05-15 14:51:06,2,q4,0,25,555,1364,4285,6924,5918,2381,2252,0,192,0,80,7499173,0,0,5381169320,10222681,162935414,0,0,153369,15,15,0,12744454,12744454,0,0,12744454,153369,5.08,1.36
240,2026-05-15 14:51:09,2,q5,0,21,623,894,1896,4317,2861,2576,2579,0,132,0,58,1657981,0,0,722692208,6295835,55461751,0,0,1515,9,9,0,100764,100764,0,0,100764,1515,4.83,0.89
241,2026-05-15 14:51:11,2,q5a,0,24,628,938,1713,3365,2740,2621,2608,6,108,0,66,1657981,0,0,1261660080,6295835,55461751,0,0,3255,20,20,0,237079,237079,0,0,139181,2005,3.59,0.94
242,2026-05-15 14:51:13,2,q6,0,19,393,727,1259,2418,1614,1526,1614,36,78,0,58,883229,0,0,393451552,3159460,11222327,0,0,2785514,5,5,0,24471970,24471970,0,0,24471970,2785514,3.33,0.73
243,2026-05-15 14:51:15,2,q7,0,9,206,170,499,1042,489,933,898,0,91,0,0,232049,0,0,0,38304,685159,0,0,0,0,0,0,0,0,0,0,0,0,6.13,0.17
244,2026-05-15 14:51:16,2,q8,0,16,326,604,925,1754,1167,1389,1405,0,90,0,14,494133,0,0,1390749344,3100422,15216122,0,0,3491,4,4,0,59073,59073,0,0,59073,3491,2.9,0.6
245,2026-05-15 14:51:18,2,q9,0,17,386,387,1461,1911,890,1312,1363,7,112,0,6,232952,0,0,0,14402061,92519791,0,0,80,80,80,0,4687,4687,0,0,4687,80,4.94,0.39
246,2026-05-15 14:51:19,2,q10,0,19,405,1183,1504,2584,1989,1509,1592,2,25,0,50,28184481,0,0,676579040,7132143,16225049,0,0,287659,5,5,0,1909302,1909302,0,0,1909302,287659,2.18,1.18
247,2026-05-15 14:51:21,2,q10a,0,17,404,1116,1337,1962,1876,1545,1615,2,160,0,51,28184438,0,0,675006688,7132143,16225049,0,0,283274,5,5,0,1906126,1906126,0,0,1906126,283274,1.76,1.12
248,2026-05-15 14:51:24,2,q11,0,19,419,918,1988,3889,3142,1615,1688,0,0,0,52,7499173,0,0,3424523464,7339583,55328024,0,0,98990,11,11,0,8222867,8222867,0,0,8222867,98990,4.24,0.92
249,2026-05-15 14:51:26,2,q12,0,5,103,95,139,610,410,433,446,0,0,0,0,232049,0,0,0,20002,400414,0,0,0,0,0,0,0,0,0,0,0,0,6.42,0.1
250,2026-05-15 14:51:27,2,q13,0,11,257,221,873,1402,787,1121,1116,0,84,0,0,232694,0,0,0,77217,1001046,0,0,0,0,0,0,0,0,0,0,0,0,6.34,0.22
251,2026-05-15 14:51:28,2,q14a,0,46,1002,3736,4847,8763,7209,3783,3905,70,445,0,363,369441,0,0,2708324176,15256024,78647529,0,0,6319776,83,83,0,87464350,87464350,0,0,86336662,6292360,2.35,3.74
252,2026-05-15 14:51:34,2,q14b,0,40,954,2437,4779,7995,6493,3687,3836,9,375,0,182,380881,0,0,1252936104,13241190,63753498,0,0,6855449,57,57,0,96932172,96932172,0,0,50714546,4105138,3.28,2.44
253,2026-05-15 14:51:37,2,q14,0,40,954,2261,4586,7213,6261,3646,3851,11,352,0,182,380193,0,0,1260964264,13241190,63753498,0,0,6844878,57,57,0,96252553,96252553,0,0,50034927,4094567,3.19,2.26
254,2026-05-15 14:51:41,2,q15,0,9,221,634,795,1807,1273,892,929,0,144,0,6,1045273,0,0,308880720,1611552,6841119,0,0,202,1,1,0,11828,11828,0,0,11828,202,2.85,0.63
255,2026-05-15 14:51:42,2,q16,0,14,340,783,1231,2417,1588,1318,1347,0,136,0,7,7193065,0,0,1238704384,3097181,22342280,0,0,237,2,2,0,11981,11981,0,0,11981,237,3.09,0.78
256,2026-05-15 14:51:44,2,q17,0,16,408,1041,2390,5785,4650,1619,1646,38,138,0,60,6124144,0,0,3885150096,4667485,25841512,0,0,1629074,35,35,0,31753837,31753837,0,0,31753837,1629074,5.56,1.04
257,2026-05-15 14:51:46,2,q18,0,10,305,204,926,1051,525,1382,1335,0,90,0,0,232651,0,0,0,38006,647797,0,0,0,0,0,0,0,0,0,0,0,0,5.15,0.2
258,2026-05-15 14:51:48,2,q18a,0,20,512,283,2088,499,573,2232,2216,3,147,0,0,857079,0,0,0,356010,4430334,0,0,0,0,0,0,0,0,0,0,0,0,1.76,0.28
259,2026-05-15 14:51:49,2,q19,0,13,323,635,1253,2080,1270,1315,1372,0,80,0,6,1045273,0,0,275582184,3068422,23026943,0,0,160,1,1,0,17796,17796,0,0,17796,160,3.28,0.64
260,2026-05-15 14:51:51,2,q20,0,5,103,126,169,639,422,506,458,0,0,0,0,232006,0,0,0,20002,400414,0,0,0,0,0,0,0,0,0,0,0,0,5.07,0.13
261,2026-05-15 14:51:52,2,q21,0,9,213,708,827,1464,973,894,924,0,41,0,10,232566,0,0,165745248,11783009,36999935,0,0,2795,1,1,0,97587,97587,0,0,97587,2795,2.07,0.71
262,2026-05-15 14:51:54,2,q22,0,9,213,7796,7846,8702,8092,862,906,0,4,0,12,804447,0,0,225717568,11783012,36954499,0,0,35968,1,1,0,1544161,1544161,0,0,1544161,35968,1.12,7.8
263,2026-05-15 14:52:03,2,q22a,0,14,222,1350,1524,1910,1701,926,927,0,60,0,46,804447,0,0,1043344704,11783009,36965943,0,0,72373,14,14,0,3722976,3722976,0,0,1718132,36377,1.41,1.35
264,2026-05-15 14:52:05,2,q23a,0,26,619,2310,4971,9722,8171,2359,2404,0,182,0,213,1169836,0,0,4199777904,10980154,49256743,0,0,3812080,114,114,0,98368916,98368916,0,0,98366379,3812037,4.21,2.31
265,2026-05-15 14:52:09,2,q23b,0,31,691,2351,5098,9830,8944,2751,2687,0,314,0,231,1169836,0,0,6766694776,11080155,50329476,0,0,3908567,130,130,0,100971109,100971109,0,0,100968572,3908524,4.18,2.35
266,2026-05-15 14:52:12,2,q24,0,8,253,187,620,1150,545,1030,1115,1,0,0,0,232049,0,0,0,17,123999,0,0,0,0,0,0,0,0,0,0,0,0,6.15,0.19
267,2026-05-15 14:52:13,2,q24a,0,8,253,148,530,610,470,1053,1108,0,0,0,0,232049,0,0,0,17,123999,0,0,0,0,0,0,0,0,0,0,0,0,4.12,0.15
268,2026-05-15 14:52:15,2,q24b,0,8,253,144,514,386,426,1150,1127,0,75,0,0,231748,0,0,0,17,123999,0,0,0,0,0,0,0,0,0,0,0,0,2.68,0.14
269,2026-05-15 14:52:16,2,q25,0,16,408,1050,2403,5639,4167,1601,1636,0,176,0,63,6156676,0,0,3885125480,4667485,40099112,0,0,1629074,35,35,0,32135493,32135493,0,0,32135493,1629074,5.37,1.05
270,2026-05-15 14:52:18,2,q26,0,9,206,155,486,913,484,836,886,0,0,0,0,232049,0,0,0,38304,685159,0,0,0,0,0,0,0,0,0,0,0,0,5.89,0.16
271,2026-05-15 14:52:19,2,q27,0,9,206,160,542,883,789,998,924,0,180,0,0,231963,0,0,0,38016,667707,0,0,0,0,0,0,0,0,0,0,0,0,5.52,0.16
272,2026-05-15 14:52:20,2,q27a,0,13,308,228,1122,1124,1135,1306,1352,0,56,0,0,232092,0,0,0,56030,861877,0,0,0,0,0,0,0,0,0,0,0,0,4.93,0.23
273,2026-05-15 14:52:22,2,q28,0,24,408,922,1474,4230,1574,1530,1515,0,90,0,69,232049,0,0,832044768,17282430,141905886,0,0,47107,12,12,0,769812,769812,0,0,769812,47107,4.59,0.92
274,2026-05-15 14:52:24,2,q29,0,18,459,1098,2960,6531,4891,1763,1859,0,176,0,66,6124144,0,0,3885232920,4687486,26315794,0,0,1629074,35,35,0,31753942,31753942,0,0,31753942,1629074,5.95,1.1
275,2026-05-15 14:52:26,2,q30,0,15,312,429,819,1371,771,1266,1315,1,0,0,24,10380174,0,0,522636280,363532,8306778,0,0,25935,3,3,0,489698,489698,0,0,489698,25935,3.2,0.43
276,2026-05-15 14:52:27,2,q31,0,29,597,901,2204,4826,3593,2579,2411,10,256,0,88,773451,0,0,1504829528,10909374,55414596,0,0,9842,9,9,0,364513,364513,0,0,319380,8582,5.36,0.9
277,2026-05-15 14:52:29,2,q32,0,11,237,363,477,1797,1336,902,944,0,0,0,12,232049,0,0,107637432,2921100,18622264,0,0,9308,3,3,0,150123,150123,0,0,150123,9308,4.95,0.36
278,2026-05-15 14:52:31,2,q33,0,7,154,140,323,957,522,660,670,0,192,0,0,232049,0,0,0,70003,771061,0,0,0,0,0,0,0,0,0,0,0,0,6.84,0.14
279,2026-05-15 14:52:32,2,q34,0,8,204,181,600,1243,883,893,908,0,36,0,0,232522,0,0,0,20016,433882,0,0,0,0,0,0,0,0,0,0,0,0,6.87,0.18
280,2026-05-15 14:52:33,2,q35,0,19,405,991,1503,2560,1953,1590,1576,2,10,0,66,24076245,0,0,484354584,7132143,16087195,0,0,646325,5,5,0,2473533,2473533,0,0,2473533,646325,2.58,0.99
281,2026-05-15 14:52:35,2,q35a,0,17,404,905,1260,1808,1771,1594,1601,1,156,0,62,24076202,0,0,485651880,7132143,16087195,0,0,646170,5,5,0,2472271,2472271,0,0,2472271,646170,2.0,0.9
282,2026-05-15 14:52:37,2,q36,0,10,221,690,838,1904,1426,946,949,0,95,0,8,271427,0,0,308864056,2918420,31058515,0,0,266,2,2,0,19035,19035,0,0,19035,266,2.76,0.69
283,2026-05-15 14:52:39,2,q36a,0,13,226,585,687,1252,1144,871,943,0,0,0,19,271427,0,0,847831928,2918420,31058515,0,0,641,9,9,0,56190,56190,0,0,32454,399,2.14,0.58
284,2026-05-15 14:52:41,2,q37,0,9,228,771,829,1689,1194,1002,934,0,186,0,1,7287807,0,0,626776552,13224552,41162794,0,0,1,1,1,0,253,253,0,0,253,1,2.19,0.77
285,2026-05-15 14:52:43,2,q38,0,15,302,706,1254,2788,2037,1150,1199,0,80,0,51,2502324,0,0,1370428032,5161341,7443247,0,0,138876,5,5,0,3440760,3440760,0,0,3440760,138876,3.95,0.71
286,2026-05-15 14:52:44,2,q39a,0,16,326,952,1834,2671,2181,1290,1383,0,18,0,34,232093,0,0,475832280,23548011,73303946,0,0,135243,4,4,0,3309465,3309465,0,0,2213545,90243,2.81,0.95
287,2026-05-15 14:52:46,2,q39b,0,16,326,732,1447,1702,1778,1304,1397,0,13,0,23,231405,0,0,475578328,23548011,73303946,0,0,135014,4,4,0,3289055,3289055,0,0,2193135,90014,2.33,0.73
288,2026-05-15 14:52:48,2,q40,0,11,273,507,784,1565,1083,1085,1155,0,3,0,9,2161805,0,0,458498256,1623625,10884810,0,0,534,1,1,0,31932,31932,0,0,31932,534,3.09,0.51
289,2026-05-15 14:52:50,2,q41,0,3,52,153,149,1604,145,259,263,0,0,0,0,232049,0,0,262144,1,87174,0,0,0,0,0,0,0,0,0,0,0,0,10.48,0.15
290,2026-05-15 14:52:51,2,q42,0,7,169,321,331,1177,688,655,702,0,0,0,2,232049,0,0,105385704,2918407,19156218,0,0,10,1,1,0,925,925,0,0,925,10,3.67,0.32
291,2026-05-15 14:52:53,2,q43,0,7,169,416,451,1411,1030,747,716,0,48,0,1,232049,0,0,105168104,2900419,8165677,0,0,6,1,1,0,618,618,0,0,618,6,3.39,0.42
292,2026-05-15 14:52:54,2,q44,0,11,188,422,405,970,405,663,709,24,64,0,11,298111,0,0,486696104,5778811,32244430,0,0,36021,5,5,0,574234,574234,0,0,287345,18022,2.3,0.42
293,2026-05-15 14:52:55,2,q45,0,13,319,390,945,1631,1071,1268,1354,0,0,0,2,1045273,0,0,1017800936,925390,6259066,0,0,19,1,1,0,1799,1799,0,0,1799,19,4.18,0.39
294,2026-05-15 14:52:57,2,q46,0,13,323,693,1270,1973,1375,1309,1380,0,0,0,10,3116112,0,0,285873232,3057622,25916890,0,0,10081,1,1,0,430760,430760,0,0,430760,10081,2.85,0.69
295,2026-05-15 14:52:59,2,q47,0,15,232,1252,1921,3814,2975,1179,975,0,0,0,101,398425,0,0,1670381912,2918420,14023615,0,0,499240,30,30,0,15789663,15789663,0,0,11851696,370924,3.05,1.25
296,2026-05-15 14:53:01,2,q48,0,9,206,196,596,1235,751,993,900,0,158,0,0,232006,0,0,0,70016,962914,0,0,0,0,0,0,0,0,0,0,0,0,6.3,0.2
297,2026-05-15 14:53:02,2,q49,0,19,411,834,1360,3436,2194,1629,1673,0,95,0,13,232092,0,0,913058176,5564687,68786097,0,0,170,9,9,0,11817,11817,0,0,11817,170,4.12,0.83
298,2026-05-15 14:53:04,2,q50,0,11,274,727,1028,2200,1645,1100,1160,0,0,0,1,4413222,0,0,1490206824,3260984,15645288,0,0,6,1,1,0,1447,1447,0,0,1447,6,3.03,0.73
299,2026-05-15 14:53:06,2,q51,0,13,219,977,1189,5288,4568,832,796,0,160,0,439,232045,0,0,3659610976,3619791,16571629,0,0,2523869,299,299,0,43438446,43438446,0,0,43438446,2523869,5.41,0.98
300,2026-05-15 14:53:08,2,q51a,0,17,250,2464,3238,25178,22287,899,869,0,810,0,979,1761560,0,0,11936306224,3619791,16571629,0,0,4889102,693,693,0,83968631,83968631,0,0,61032787,3644888,10.22,2.46
301,2026-05-15 14:53:12,2,q52,0,7,169,342,353,1185,726,666,714,0,0,0,5,232049,0,0,105385704,2918407,19156218,0,0,109,1,1,0,9739,9739,0,0,9739,109,3.46,0.34
302,2026-05-15 14:53:13,2,q53,0,7,154,157,354,1151,705,729,698,0,152,0,0,232737,0,0,0,20015,505062,0,0,0,0,0,0,0,0,0,0,0,0,7.33,0.16
303,2026-05-15 14:53:14,2,q54,0,15,408,379,2570,2517,1724,1987,1813,14,176,0,3,1045273,0,0,524288,160020,1964994,0,0,0,0,0,0,0,0,0,0,118,2,6.64,0.38
304,2026-05-15 14:53:16,2,q55,0,7,169,344,379,1238,893,780,710,5,146,0,5,233038,0,0,105385704,2918407,19156218,0,0,104,1,1,0,8981,8981,0,0,8981,104,3.6,0.34
305,2026-05-15 14:53:17,2,q56,0,6,153,121,301,780,512,636,664,0,0,0,0,232049,0,0,0,20003,404877,0,0,0,0,0,0,0,0,0,0,0,0,6.45,0.12
306,2026-05-15 14:53:18,2,q57,0,13,224,828,1088,2365,1839,902,953,0,64,0,34,491406,0,0,651427776,1479558,7047928,0,0,160920,5,5,0,4348229,4348229,0,0,2602187,96552,2.86,0.83
307,2026-05-15 14:53:20,2,q58,0,17,401,697,977,3171,2277,1766,1700,0,18,0,32,232092,0,0,715438792,5225441,34148457,0,0,17396,3,3,0,287209,287209,0,0,287209,17396,4.55,0.7
308,2026-05-15 14:53:22,2,q59,0,16,325,660,1458,2623,2058,1399,1413,0,164,0,27,680942,0,0,286765128,2993483,8867462,0,0,7524,4,4,0,133338,133338,0,0,89016,5952,3.97,0.66
309,2026-05-15 14:53:24,2,q60,0,7,154,143,339,908,525,678,676,0,176,0,0,232737,0,0,0,70003,771061,0,0,0,0,0,0,0,0,0,0,0,0,6.35,0.14
310,2026-05-15 14:53:25,2,q61,0,14,309,238,1182,1385,939,1291,1362,0,0,0,0,1045273,0,0,0,170318,1814287,0,0,0,0,0,0,0,0,0,0,0,0,5.82,0.24
311,2026-05-15 14:53:26,2,q62,0,11,267,453,772,1745,1073,1125,1137,0,158,0,6,232049,0,0,187997616,739444,3265876,0,0,150,1,1,0,17537,17537,0,0,17537,150,3.85,0.45
312,2026-05-15 14:53:28,2,q63,0,7,154,142,281,959,683,656,674,0,0,0,0,232049,0,0,0,20015,505062,0,0,0,0,0,0,0,0,0,0,0,0,6.75,0.14
313,2026-05-15 14:53:29,2,q64,0,22,659,467,4556,2673,1660,2731,2874,0,44,0,0,375175,0,0,0,120594,1289289,0,0,0,0,0,0,0,0,0,0,0,0,5.72,0.47
314,2026-05-15 14:53:31,2,q65,0,15,295,575,954,1996,1373,1109,1186,0,0,0,32,1710264,0,0,464757040,5798825,28248760,0,0,162108,9,9,0,7984419,7984419,0,0,7984419,162108,3.47,0.57
315,2026-05-15 14:53:33,2,q66,0,8,204,154,540,783,453,980,876,0,138,0,0,232651,0,0,0,20029,348434,0,0,0,0,0,0,0,0,0,0,0,0,5.08,0.15
316,2026-05-15 14:53:34,2,q67,0,10,237,2502,2629,8110,6506,888,962,0,84,0,127,804447,0,0,2776621424,2918420,16876781,0,0,523804,34,34,0,35032320,35032320,0,0,35032320,523804,3.24,2.5
317,2026-05-15 14:53:37,2,q67a,0,18,368,2614,8127,25216,18696,1271,1221,6,312,0,4987,804447,0,0,19351456272,2918420,16876781,0,0,3913413,393,393,0,254672067,254672067,0,0,74909707,1194405,9.65,2.61
318,2026-05-15 14:53:41,2,q68,0,13,323,688,1307,2044,1387,1376,1378,0,60,0,10,3116112,0,0,218427752,3057622,39533551,0,0,2221,1,1,0,125465,125465,0,0,125465,2221,2.97,0.69
319,2026-05-15 14:53:43,2,q69,0,19,405,1120,1466,2557,1921,1552,1570,6,56,0,66,27823006,0,0,405233080,7132143,16128765,0,0,239275,5,5,0,1895318,1895318,0,0,1895318,239275,2.28,1.12
320,2026-05-15 14:53:45,2,q70,0,14,289,837,935,2139,1551,1136,1198,0,0,0,4,232049,0,0,478903664,5780837,27583546,0,0,19,4,4,0,840,840,0,0,840,19,2.56,0.84
321,2026-05-15 14:53:47,2,q70a,0,17,294,779,865,1711,1437,1142,1205,6,84,0,11,231361,0,0,883653600,5780837,27583546,0,0,24,11,11,0,1381,1381,0,0,1169,22,2.2,0.78
322,2026-05-15 14:53:49,2,q71,0,7,154,136,327,894,531,671,674,0,75,0,0,232522,0,0,0,38003,785697,0,0,0,0,0,0,0,0,0,0,0,0,6.57,0.14
323,2026-05-15 14:53:50,2,q72,0,18,557,414,3335,2598,1635,2247,2406,0,75,0,0,670616,0,0,0,166414,1810506,0,0,0,0,0,0,0,0,0,0,0,0,6.28,0.41
324,2026-05-15 14:53:52,2,q73,0,8,204,180,585,1166,866,829,885,0,0,0,0,232006,0,0,0,20016,433882,0,0,0,0,0,0,0,0,0,0,0,0,6.48,0.18
325,2026-05-15 14:53:53,2,q74,0,18,414,823,1910,3856,2821,1840,1669,5,176,0,47,3001190,0,0,1804473784,7339583,38808856,0,0,98902,4,4,0,3653467,3653467,0,0,3653467,98902,4.69,0.82
326,2026-05-15 14:53:55,2,q75,0,9,303,288,1291,1991,915,1494,1384,0,70,0,0,232049,0,0,0,40006,646400,0,0,0,0,0,0,0,0,0,0,0,0,6.91,0.29
327,2026-05-15 14:53:56,2,q76,0,9,297,508,439,1949,1503,1161,1232,0,80,0,18,380855,0,0,589105152,5132390,35585240,0,0,509,3,3,0,45030,45030,0,0,45030,509,3.84,0.51
328,2026-05-15 14:53:58,2,q77,0,23,513,772,1177,3244,2033,2069,2126,0,90,0,20,232049,0,0,779900496,5564761,50068677,0,0,135,11,11,0,12492,12492,0,0,12492,135,4.2,0.77
329,2026-05-15 14:54:00,2,q77a,0,26,518,756,1061,2202,1977,2158,2118,0,108,0,24,231443,0,0,1318868360,5564761,50068677,0,0,247,22,22,0,28264,28264,0,0,17042,167,2.91,0.76
330,2026-05-15 14:54:02,2,q78,0,17,424,1141,2204,6686,4590,1655,1679,0,8,0,57,3102610,0,0,6871707440,5564687,47674138,0,0,872646,35,35,0,20939025,20939025,0,0,20939025,872646,5.86,1.14
331,2026-05-15 14:54:04,2,q79,0,11,272,586,985,1938,1281,1075,1125,0,0,0,10,2502367,0,0,207498960,3007621,25022707,0,0,7013,1,1,0,231553,231553,0,0,231553,7013,3.31,0.59
332,2026-05-15 14:54:06,2,q80,0,26,663,1090,3744,4547,2784,2932,2746,4,228,0,27,5715289,0,0,1779481200,5594752,74578010,0,0,856,6,6,0,70474,70474,0,0,70474,856,4.17,1.09
333,2026-05-15 14:54:08,2,q80a,0,29,668,1085,3022,2899,2624,2840,2774,0,266,0,37,5715246,0,0,2251340232,5594752,74578010,0,0,1883,17,17,0,173167,173167,0,0,98845,1133,2.67,1.08
334,2026-05-15 14:54:10,2,q81,0,15,314,459,854,1579,808,1290,1332,0,0,0,27,4061421,0,0,515053560,508140,7808764,0,0,53901,3,3,0,927284,927284,0,0,927284,53901,3.44,0.46
335,2026-05-15 14:54:12,2,q82,0,9,228,1120,1023,1801,1169,914,926,1,96,0,6,15022836,0,0,1230756904,14663408,43991378,0,0,2,1,1,0,479,479,0,0,479,2,1.61,1.12
336,2026-05-15 14:54:14,2,q83,0,17,366,683,576,1822,940,1561,1568,0,6,0,32,232049,0,0,427127792,740501,5485187,0,0,4250,3,3,0,93519,93519,0,0,93519,4250,2.67,0.68
337,2026-05-15 14:54:16,2,q84,0,13,312,606,856,954,344,1199,1318,24,30,0,0,9751042,0,0,204944448,2365540,11695570,0,0,25,1,1,0,966,966,0,0,966,25,1.57,0.61
338,2026-05-15 14:54:17,2,q85,0,12,356,239,1245,1396,568,1478,1538,1,0,0,0,232049,0,0,0,20102,444706,0,0,0,0,0,0,0,0,0,0,0,0,5.84,0.24
339,2026-05-15 14:54:19,2,q86,0,8,166,373,382,1401,1033,681,708,5,65,0,8,271427,0,0,269477624,757387,5384247,0,0,266,2,2,0,17966,17966,0,0,17966,266,3.76,0.37
340,2026-05-15 14:54:20,2,q86a,0,11,171,374,362,968,884,663,696,0,0,0,18,271427,0,0,808445400,757387,5384247,0,0,641,9,9,0,51729,51729,0,0,30007,399,2.59,0.37
341,2026-05-15 14:54:21,2,q87,0,15,302,667,1164,2689,2008,1233,1190,0,150,0,46,2502324,0,0,1370428032,5161341,7443247,0,0,138876,5,5,0,3440760,3440760,0,0,3440760,138876,4.03,0.67
342,2026-05-15 14:54:23,2,q88,0,44,1046,1079,4897,4359,2440,4118,4063,0,82,0,22,232608,0,0,411870208,23250462,31467812,0,0,128,128,128,0,7192,7192,0,0,7192,128,4.04,1.08
343,2026-05-15 14:54:25,2,q89,0,7,154,149,349,1005,702,732,683,0,80,0,0,232049,0,0,0,20015,439526,0,0,0,0,0,0,0,0,0,0,0,0,6.74,0.15
344,2026-05-15 14:54:27,2,q90,0,14,330,362,721,1636,1010,1251,1350,0,24,0,2,232092,0,0,77666496,1486034,3689729,0,0,24,24,24,0,1350,1350,0,0,1350,24,4.52,0.36
345,2026-05-15 14:54:28,2,q91,0,12,307,237,1131,1551,881,1249,1329,0,0,0,0,232049,0,0,0,77212,853291,0,0,0,0,0,0,0,0,0,0,0,0,6.54,0.24
346,2026-05-15 14:54:29,2,q92,0,11,229,348,445,1677,1301,1027,956,0,64,0,14,232049,0,0,98207576,1476772,10326045,0,0,9069,3,3,0,143446,143446,0,0,143446,9069,4.82,0.35
347,2026-05-15 14:54:31,2,q93,0,4,102,75,106,301,63,409,432,0,0,0,0,232049,0,0,0,2,9682,0,0,0,0,0,0,0,0,0,0,0,0,4.01,0.08
348,2026-05-15 14:54:32,2,q94,0,9,254,192,669,1073,507,1074,1055,0,70,0,0,232006,0,0,0,70011,768960,0,0,0,0,0,0,0,0,0,0,0,0,5.59,0.19
349,2026-05-15 14:54:33,2,q95,0,11,306,226,925,1197,1078,1342,1358,0,80,0,0,260486,0,0,0,141769,1012334,0,0,0,0,0,0,0,0,0,0,0,0,5.3,0.23
350,2026-05-15 14:54:34,2,q96,0,9,220,344,483,1309,647,863,912,0,0,0,14,232049,0,0,51086464,2907620,3968546,0,0,16,16,16,0,899,899,0,0,899,16,3.81,0.34
351,2026-05-15 14:54:36,2,q97,0,8,192,725,908,3600,2884,785,761,0,112,0,29,232049,0,0,2381671120,4341955,13734368,0,0,834974,24,24,0,8658863,8658863,0,0,8658863,834974,4.97,0.72
352,2026-05-15 14:54:38,2,q98,0,5,103,95,144,618,407,416,445,0,0,0,0,232049,0,0,0,20002,400414,0,0,0,0,0,0,0,0,0,0,0,0,6.51,0.1
353,2026-05-15 14:54:39,2,q99,0,11,271,511,845,1861,1372,1166,1154,0,100,0,4,232049,0,0,205833808,1461584,4722351,0,0,90,1,1,0,11250,11250,0,0,11250,90,3.64,0.51
354,2026-05-15 14:54:40,3,q1,0,13,265,440,674,1417,1051,1090,1122,0,0,0,26,1022096,0,0,430215328,695045,7033202,0,0,99878,3,3,0,1544051,1544051,0,0,1544051,99878,3.22,0.44
355,2026-05-15 14:54:42,3,q2,0,14,286,621,768,2427,2049,1201,1197,0,96,0,21,680942,0,0,415741384,2273986,10747269,0,0,4453,8,8,0,91309,91309,0,0,38659,3403,3.91,0.62
356,2026-05-15 14:54:43,3,q3,0,7,169,317,315,1038,615,663,703,0,0,0,4,232049,0,0,109346792,2971456,19277177,0,0,89,1,1,0,8279,8279,0,0,8279,89,3.27,0.32
357,2026-05-15 14:54:45,3,q4,0,25,555,1339,4598,7702,6006,2564,2235,5,298,0,91,7499173,0,0,5381169320,10222681,162935414,0,0,153369,15,15,0,12744446,12744446,0,0,12744446,153369,5.75,1.34
358,2026-05-15 14:54:47,3,q5,0,21,623,895,1806,4307,2951,2588,2588,0,148,0,49,1657981,0,0,722692208,6295835,55461751,0,0,1515,9,9,0,100764,100764,0,0,100764,1515,4.81,0.9
359,2026-05-15 14:54:49,3,q5a,0,24,628,926,1696,3254,2757,2590,2602,0,80,0,62,1657981,0,0,1261660080,6295835,55461751,0,0,3255,20,20,0,237079,237079,0,0,139181,2005,3.51,0.93
360,2026-05-15 14:54:52,3,q6,0,19,393,726,1288,2452,1614,1540,1591,0,105,0,56,883229,0,0,393451552,3159460,11222327,0,0,2785514,5,5,0,24471970,24471970,0,0,24471970,2785514,3.38,0.73
361,2026-05-15 14:54:53,3,q7,0,9,206,171,504,983,492,869,899,0,0,0,0,232049,0,0,0,38304,685159,0,0,0,0,0,0,0,0,0,0,0,0,5.75,0.17
362,2026-05-15 14:54:55,3,q8,0,16,326,593,890,1775,1146,1312,1410,0,0,0,14,494133,0,0,1390749344,3100422,15216122,0,0,3491,4,4,0,59073,59073,0,0,59073,3491,2.99,0.59
363,2026-05-15 14:54:56,3,q9,0,17,386,389,1468,1836,869,1361,1378,7,135,0,7,232651,0,0,0,14402061,92519791,0,0,80,80,80,0,4687,4687,0,0,4687,80,4.72,0.39
364,2026-05-15 14:54:58,3,q10,0,19,405,1159,1517,2539,1973,1562,1575,6,49,0,57,28184438,0,0,676579040,7132143,16225049,0,0,287659,5,5,0,1909302,1909302,0,0,1909302,287659,2.19,1.16
365,2026-05-15 14:55:00,3,q10a,0,17,404,1097,1334,1888,1876,1563,1616,2,121,0,56,28184438,0,0,675006688,7132143,16225049,0,0,283274,5,5,0,1906126,1906126,0,0,1906126,283274,1.72,1.1
366,2026-05-15 14:55:02,3,q11,0,19,419,953,2106,4337,3312,1898,1699,1,88,0,52,7499173,0,0,3424523464,7339583,55328024,0,0,98990,11,11,0,8222867,8222867,0,0,8222867,98990,4.55,0.95
367,2026-05-15 14:55:04,3,q12,0,5,103,106,169,709,410,497,459,0,155,0,0,232436,0,0,0,20002,400414,0,0,0,0,0,0,0,0,0,0,0,0,6.69,0.11
368,2026-05-15 14:55:05,3,q13,0,11,257,211,822,1286,765,1068,1114,0,0,0,0,232006,0,0,0,77217,1001046,0,0,0,0,0,0,0,0,0,0,0,0,6.09,0.21
369,2026-05-15 14:55:07,3,q14a,0,46,1002,3669,4696,8764,7104,3872,3916,13,584,0,414,369441,0,0,2708324176,15256024,78647529,0,0,6319776,83,83,0,87464350,87464350,0,0,86336662,6292360,2.39,3.67
370,2026-05-15 14:55:12,3,q14b,0,40,954,2402,4747,7835,6467,3634,3844,32,209,0,186,380193,0,0,1252903336,13241190,63753498,0,0,6855449,57,57,0,96932172,96932172,0,0,50714546,4105138,3.26,2.4
371,2026-05-15 14:55:16,3,q14,0,40,954,2312,4606,7505,6230,3721,3830,0,240,0,204,380193,0,0,1260964264,13241190,63753498,0,0,6844878,57,57,0,96252553,96252553,0,0,50034927,4094567,3.25,2.31
372,2026-05-15 14:55:19,3,q15,0,9,221,633,801,1800,1276,1002,927,0,261,0,6,1045273,0,0,308880720,1611552,6841119,0,0,202,1,1,0,11828,11828,0,0,11828,202,2.84,0.63
373,2026-05-15 14:55:21,3,q16,0,14,340,798,1147,2454,1579,1347,1350,0,64,0,7,7193925,0,0,1238704384,3097181,22342280,0,0,237,2,2,0,11981,11981,0,0,11981,237,3.08,0.8
374,2026-05-15 14:55:23,3,q17,0,16,408,989,2286,5502,4318,1582,1647,0,144,0,60,6124144,0,0,3885150096,4667485,25841512,0,0,1629074,35,35,0,31753837,31753837,0,0,31753837,1629074,5.56,0.99
375,2026-05-15 14:55:25,3,q18,0,11,306,204,921,1030,525,1229,1307,0,0,0,0,232049,0,0,0,88006,1184633,0,0,0,0,0,0,0,0,0,0,0,0,5.05,0.2
376,2026-05-15 14:55:26,3,q18a,0,20,512,285,2036,593,631,2173,2223,0,80,0,0,857079,0,0,0,356010,4430334,0,0,0,0,0,0,0,0,0,0,0,0,2.08,0.28
377,2026-05-15 14:55:28,3,q19,0,13,323,642,1246,1996,1262,1426,1388,0,124,0,6,1045273,0,0,275582184,3068422,23026943,0,0,160,1,1,0,17796,17796,0,0,17796,160,3.11,0.64
378,2026-05-15 14:55:29,3,q20,0,5,103,97,149,593,405,430,456,0,0,0,0,232049,0,0,0,20002,400414,0,0,0,0,0,0,0,0,0,0,0,0,6.11,0.1
379,2026-05-15 14:55:31,3,q21,0,9,213,694,820,1375,962,925,920,0,52,0,10,232694,0,0,165745248,11783009,36999935,0,0,2795,1,1,0,97587,97587,0,0,97587,2795,1.98,0.69
380,2026-05-15 14:55:32,3,q22,0,9,213,7805,7872,8724,8091,849,884,0,7,0,12,804447,0,0,225717568,11783012,36954499,0,0,35968,1,1,0,1544161,1544161,0,0,1544161,35968,1.12,7.8
381,2026-05-15 14:55:41,3,q22a,0,14,222,1303,1471,1809,1631,931,921,0,60,0,46,804447,0,0,1043344704,11783009,36965943,0,0,72373,14,14,0,3722976,3722976,0,0,1718132,36377,1.39,1.3
382,2026-05-15 14:55:44,3,q23a,0,26,619,2323,4992,10185,8518,2329,2403,0,272,0,222,1169836,0,0,4199777904,10980154,49256743,0,0,3812080,114,114,0,98368916,98368916,0,0,98366379,3812037,4.38,2.32
383,2026-05-15 14:55:47,3,q23b,0,31,691,2376,5195,9590,8736,2650,2698,0,110,0,246,1169836,0,0,6766694776,11080155,50329476,0,0,3908567,130,130,0,100971109,100971109,0,0,100968572,3908524,4.04,2.38
384,2026-05-15 14:55:51,3,q24,0,8,253,232,842,1384,546,1303,1099,0,0,0,0,232135,0,0,0,17,123999,0,0,0,0,0,0,0,0,0,0,0,0,5.97,0.23
385,2026-05-15 14:55:52,3,q24a,0,8,253,163,644,788,463,1051,1085,0,173,0,0,232049,0,0,0,17,123999,0,0,0,0,0,0,0,0,0,0,0,0,4.83,0.16
386,2026-05-15 14:55:53,3,q24b,0,9,254,147,575,395,444,1109,1122,0,75,0,0,405606,0,0,0,50017,327049,0,0,0,0,0,0,0,0,0,0,0,0,2.69,0.15
387,2026-05-15 14:55:54,3,q25,0,16,408,1039,2387,5717,4847,1690,1635,0,165,0,61,6156676,0,0,3885125480,4667485,40099112,0,0,1629074,35,35,0,32135493,32135493,0,0,32135493,1629074,5.5,1.04
388,2026-05-15 14:55:56,3,q26,0,9,206,155,477,915,476,866,910,0,0,0,0,232049,0,0,0,38304,685159,0,0,0,0,0,0,0,0,0,0,0,0,5.9,0.16
389,2026-05-15 14:55:58,3,q27,0,9,206,198,620,1052,811,1071,939,2,176,0,0,232087,0,0,0,38016,667707,0,0,0,0,0,0,0,0,0,0,0,0,5.31,0.2
390,2026-05-15 14:55:59,3,q27a,0,13,308,234,1138,1117,1122,1345,1341,5,140,0,0,231963,0,0,0,56030,861877,0,0,0,0,0,0,0,0,0,0,0,0,4.77,0.23
391,2026-05-15 14:56:00,3,q28,0,24,408,915,1454,4187,1572,1599,1514,0,62,0,64,232694,0,0,832044768,17282430,141905886,0,0,47107,12,12,0,769812,769812,0,0,769812,47107,4.58,0.92
392,2026-05-15 14:56:02,3,q29,0,18,459,1043,2847,5874,4915,1780,1880,3,33,0,59,6124144,0,0,3885232920,4687486,26315794,0,0,1629074,35,35,0,31753942,31753942,0,0,31753942,1629074,5.63,1.04
393,2026-05-15 14:56:04,3,q30,0,15,312,429,840,1362,771,1356,1333,1,80,0,25,10380174,0,0,522636280,363532,8306778,0,0,25935,3,3,0,489698,489698,0,0,489698,25935,3.17,0.43
394,2026-05-15 14:56:06,3,q31,0,29,597,878,2113,4808,3551,2543,2406,0,132,0,92,773451,0,0,1504829528,10909374,55414596,0,0,9842,9,9,0,364513,364513,0,0,319380,8582,5.48,0.88
395,2026-05-15 14:56:08,3,q32,0,11,237,358,503,1815,1341,930,946,0,0,0,12,232049,0,0,107637432,2921100,18622264,0,0,9308,3,3,0,150123,150123,0,0,150123,9308,5.07,0.36
396,2026-05-15 14:56:09,3,q33,0,6,153,158,406,955,530,935,686,0,0,0,0,232092,0,0,0,20003,407513,0,0,0,0,0,0,0,0,0,0,0,0,6.04,0.16
397,2026-05-15 14:56:11,3,q34,0,8,204,188,632,1257,884,985,897,0,166,0,0,232522,0,0,0,20016,433882,0,0,0,0,0,0,0,0,0,0,0,0,6.69,0.19
398,2026-05-15 14:56:12,3,q35,0,19,405,1015,1385,2349,1881,1488,1568,2,15,0,65,24076245,0,0,484354584,7132143,16087195,0,0,646325,5,5,0,2473533,2473533,0,0,2473533,646325,2.31,1.01
399,2026-05-15 14:56:14,3,q35a,0,17,404,898,1265,1791,1797,1602,1605,2,136,0,74,24076245,0,0,485651880,7132143,16087195,0,0,646170,5,5,0,2472271,2472271,0,0,2472271,646170,1.99,0.9
400,2026-05-15 14:56:16,3,q36,0,10,221,638,790,1879,1409,885,944,0,0,0,7,271427,0,0,308864056,2918420,31058515,0,0,266,2,2,0,19035,19035,0,0,19035,266,2.95,0.64
401,2026-05-15 14:56:18,3,q36a,0,13,226,594,700,1281,1134,949,944,7,105,0,18,271427,0,0,847831928,2918420,31058515,0,0,641,9,9,0,56190,56190,0,0,32454,399,2.16,0.59
402,2026-05-15 14:56:19,3,q37,0,9,228,804,863,1835,1212,901,946,0,176,0,1,7287807,0,0,626776552,13224552,41162794,0,0,1,1,1,0,253,253,0,0,253,1,2.28,0.8
403,2026-05-15 14:56:21,3,q38,0,15,302,636,1108,2524,1928,1139,1182,0,12,0,46,2502367,0,0,1370428032,5161341,7443247,0,0,138876,5,5,0,3440760,3440760,0,0,3440760,138876,3.97,0.64
404,2026-05-15 14:56:23,3,q39a,0,16,326,933,1761,2583,2117,1282,1388,0,0,0,34,232050,0,0,475832280,23548011,73303946,0,0,135243,4,4,0,3309465,3309465,0,0,2213545,90243,2.77,0.93
405,2026-05-15 14:56:25,3,q39b,0,16,326,723,1448,1802,1777,1331,1385,0,96,0,22,231404,0,0,475578328,23548011,73303946,0,0,135014,4,4,0,3289055,3289055,0,0,2193135,90014,2.49,0.72
406,2026-05-15 14:56:27,3,q40,0,11,273,472,733,1520,1054,1099,1164,0,0,0,9,2161805,0,0,458498256,1623625,10884810,0,0,534,1,1,0,31932,31932,0,0,31932,534,3.22,0.47
407,2026-05-15 14:56:28,3,q41,0,3,52,153,148,1610,145,270,291,0,0,0,0,232049,0,0,262144,1,87174,0,0,0,0,0,0,0,0,0,0,0,0,10.52,0.15
408,2026-05-15 14:56:30,3,q42,0,7,169,345,363,1203,714,735,720,36,114,0,2,232694,0,0,105385704,2918407,19156218,0,0,10,1,1,0,925,925,0,0,925,10,3.49,0.34
409,2026-05-15 14:56:31,3,q43,0,7,169,416,448,1364,1020,680,715,0,0,0,1,232049,0,0,105168104,2900419,8165677,0,0,6,1,1,0,618,618,0,0,618,6,3.28,0.42
410,2026-05-15 14:56:32,3,q44,0,11,188,434,417,977,420,669,719,0,0,0,11,298111,0,0,486696104,5778811,32244430,0,0,36021,5,5,0,574234,574234,0,0,287345,18022,2.25,0.43
411,2026-05-15 14:56:34,3,q45,0,13,319,391,945,1632,1087,1344,1381,0,70,0,2,1045273,0,0,1017800936,925390,6259066,0,0,19,1,1,0,1799,1799,0,0,1799,19,4.17,0.39
412,2026-05-15 14:56:35,3,q46,0,13,323,696,1320,2049,1378,1370,1388,0,70,0,10,3116112,0,0,285873232,3057622,25916890,0,0,10081,1,1,0,430760,430760,0,0,430760,10081,2.94,0.7
413,2026-05-15 14:56:37,3,q47,0,15,232,1247,1778,3832,2906,934,951,0,0,0,102,398425,0,0,1670381912,2918420,14023615,0,0,499240,30,30,0,15789663,15789663,0,0,11851696,370924,3.07,1.25
414,2026-05-15 14:56:39,3,q48,0,8,205,177,571,1275,753,870,895,1,0,0,0,232006,0,0,0,20016,445896,0,0,0,0,0,0,0,0,0,0,0,0,7.2,0.18
415,2026-05-15 14:56:41,3,q49,0,19,411,846,1384,3534,2198,1645,1662,0,200,0,14,232092,0,0,913058176,5564687,68786097,0,0,170,9,9,0,11817,11817,0,0,11817,170,4.18,0.85
416,2026-05-15 14:56:43,3,q50,0,11,274,732,1070,2096,1515,1116,1155,0,65,0,1,4413222,0,0,1490206824,3260984,15645288,0,0,6,1,1,0,1447,1447,0,0,1447,6,2.86,0.73
417,2026-05-15 14:56:44,3,q51,0,13,219,975,1188,5266,4624,752,793,0,0,0,486,232006,0,0,3659610976,3619791,16571629,0,0,2523869,299,299,0,43438446,43438446,0,0,43438446,2523869,5.4,0.98
418,2026-05-15 14:56:46,3,q51a,0,17,250,2533,3145,25348,22674,886,900,0,617,0,1035,1761560,0,0,11936306224,3619791,16571629,0,0,4889102,693,693,0,83968631,83968631,0,0,61032787,3644888,10.01,2.53
419,2026-05-15 14:56:50,3,q52,0,7,169,344,361,1213,712,679,713,0,0,0,5,232049,0,0,105385704,2918407,19156218,0,0,109,1,1,0,9739,9739,0,0,9739,109,3.53,0.34
420,2026-05-15 14:56:52,3,q53,0,7,154,157,358,1089,696,730,677,12,103,0,0,232049,0,0,0,20015,505062,0,0,0,0,0,0,0,0,0,0,0,0,6.94,0.16
421,2026-05-15 14:56:53,3,q54,0,14,406,378,2532,2741,1723,1919,1796,1,156,0,3,232092,0,0,524288,60020,999430,0,0,0,0,0,0,0,0,0,0,118,2,7.25,0.38
422,2026-05-15 14:56:54,3,q55,0,7,169,303,324,934,668,720,707,0,64,0,5,232049,0,0,105385704,2918407,19156218,0,0,104,1,1,0,8981,8981,0,0,8981,104,3.08,0.3
423,2026-05-15 14:56:56,3,q56,0,6,153,126,319,842,506,664,667,0,30,0,0,232350,0,0,0,20003,404877,0,0,0,0,0,0,0,0,0,0,0,0,6.68,0.13
424,2026-05-15 14:56:57,3,q57,0,13,224,819,1079,2318,1861,884,953,0,0,0,33,491406,0,0,651427776,1479558,7047928,0,0,160920,5,5,0,4348229,4348229,0,0,2602187,96552,2.83,0.82
425,2026-05-15 14:56:59,3,q58,0,17,401,653,956,3018,2266,1637,1684,0,80,0,33,232049,0,0,715438792,5225441,34148457,0,0,17396,3,3,0,287209,287209,0,0,287209,17396,4.62,0.65
426,2026-05-15 14:57:00,3,q59,0,16,325,656,1423,2529,2072,1353,1415,0,65,0,27,680942,0,0,286765128,2993483,8867462,0,0,7524,4,4,0,133338,133338,0,0,89016,5952,3.86,0.66
427,2026-05-15 14:57:02,3,q60,0,7,154,136,335,910,521,665,673,0,96,0,0,232049,0,0,0,70003,771061,0,0,0,0,0,0,0,0,0,0,0,0,6.69,0.14
428,2026-05-15 14:57:03,3,q61,0,14,309,244,1218,1456,957,1358,1364,0,90,0,0,1045273,0,0,0,170318,1814287,0,0,0,0,0,0,0,0,0,0,0,0,5.97,0.24
429,2026-05-15 14:57:05,3,q62,0,11,267,501,906,2052,1060,1223,1149,0,112,0,6,232049,0,0,187997616,739444,3265876,0,0,150,1,1,0,17537,17537,0,0,17537,150,4.1,0.5
430,2026-05-15 14:57:06,3,q63,0,7,154,158,358,1114,696,741,690,0,194,0,0,232049,0,0,0,20015,505062,0,0,0,0,0,0,0,0,0,0,0,0,7.05,0.16
431,2026-05-15 14:57:07,3,q64,0,25,666,506,5329,2888,1759,2755,2878,9,98,0,0,2700452,0,0,0,558108,5990945,0,0,0,0,0,0,0,0,0,0,0,0,5.71,0.51
432,2026-05-15 14:57:09,3,q65,0,15,295,582,964,2043,1389,1129,1190,0,5,0,33,1710264,0,0,464757040,5798825,28248760,0,0,162108,9,9,0,7984419,7984419,0,0,7984419,162108,3.51,0.58
433,2026-05-15 14:57:11,3,q66,0,8,204,139,467,793,460,805,859,0,0,0,0,232049,0,0,0,20029,348434,0,0,0,0,0,0,0,0,0,0,0,0,5.71,0.14
434,2026-05-15 14:57:12,3,q67,0,10,237,2556,2676,8378,6595,910,971,0,84,0,127,804447,0,0,2776621424,2918420,16876781,0,0,523804,34,34,0,35032320,35032320,0,0,35032320,523804,3.28,2.56
435,2026-05-15 14:57:16,3,q67a,0,18,368,2790,8865,28639,23536,1209,1205,0,247,0,4033,804447,0,0,19351456272,2918420,16876781,0,0,3913413,393,393,0,254672067,254672067,0,0,74909707,1194405,10.26,2.79
436,2026-05-15 14:57:20,3,q68,0,13,323,726,1380,2283,1400,1317,1354,0,70,0,10,3116112,0,0,218427752,3057622,39533551,0,0,2221,1,1,0,125465,125465,0,0,125465,2221,3.14,0.73
437,2026-05-15 14:57:22,3,q69,0,19,405,1069,1495,2746,1943,1562,1578,2,78,0,65,27823006,0,0,405233080,7132143,16128765,0,0,239275,5,5,0,1895318,1895318,0,0,1895318,239275,2.57,1.07
438,2026-05-15 14:57:24,3,q70,0,14,289,824,928,2052,1519,1138,1200,0,0,0,4,232049,0,0,478903664,5780837,27583546,0,0,19,4,4,0,840,840,0,0,840,19,2.49,0.82
439,2026-05-15 14:57:26,3,q70a,0,17,294,798,884,1735,1442,1187,1210,0,128,0,11,231361,0,0,883653600,5780837,27583546,0,0,24,11,11,0,1381,1381,0,0,1169,22,2.17,0.8
440,2026-05-15 14:57:28,3,q71,0,7,154,126,304,809,523,625,677,0,0,0,0,232049,0,0,0,38003,785697,0,0,0,0,0,0,0,0,0,0,0,0,6.42,0.13
441,2026-05-15 14:57:29,3,q72,0,17,556,415,3112,2537,1644,2432,2440,0,186,0,0,418369,0,0,0,93365,1106941,0,0,0,0,0,0,0,0,0,0,0,0,6.11,0.42
442,2026-05-15 14:57:30,3,q73,0,8,204,185,610,1167,870,821,894,0,0,0,0,232006,0,0,0,20016,433882,0,0,0,0,0,0,0,0,0,0,0,0,6.31,0.18
443,2026-05-15 14:57:32,3,q74,0,18,414,854,1998,3858,2952,1735,1657,0,112,0,51,3001190,0,0,1804473784,7339583,38808856,0,0,98902,4,4,0,3653467,3653467,0,0,3653467,98902,4.52,0.85
444,2026-05-15 14:57:34,3,q75,0,9,303,229,981,1401,861,1248,1329,0,0,0,0,232049,0,0,0,40006,646400,0,0,0,0,0,0,0,0,0,0,0,0,6.12,0.23
445,2026-05-15 14:57:35,3,q76,0,9,297,538,459,1993,1533,1206,1230,0,0,0,19,380855,0,0,589105152,5132390,35585240,0,0,509,3,3,0,45030,45030,0,0,45030,509,3.7,0.54
446,2026-05-15 14:57:36,3,q77,0,23,513,738,1170,3205,2034,2114,2089,0,187,0,19,232049,0,0,779900496,5564761,50068677,0,0,135,11,11,0,12492,12492,0,0,12492,135,4.34,0.74
447,2026-05-15 14:57:38,3,q77a,0,26,518,754,1048,2118,1929,2092,2119,0,48,0,26,231404,0,0,1318868360,5564761,50068677,0,0,247,22,22,0,28264,28264,0,0,17042,167,2.81,0.75
448,2026-05-15 14:57:40,3,q78,0,17,424,1156,2265,6761,4854,1773,1695,1,144,0,56,3102610,0,0,6871707440,5564687,47674138,0,0,872646,35,35,0,20939025,20939025,0,0,20939025,872646,5.85,1.16
449,2026-05-15 14:57:43,3,q79,0,11,272,575,972,1952,1275,1168,1178,0,73,0,10,2502367,0,0,207498960,3007621,25022707,0,0,7013,1,1,0,231553,231553,0,0,231553,7013,3.39,0.57
450,2026-05-15 14:57:44,3,q80,0,26,663,1084,3710,4308,2807,2755,2738,0,50,0,25,5715289,0,0,1779481200,5594752,74578010,0,0,856,6,6,0,70474,70474,0,0,70474,856,3.97,1.08
451,2026-05-15 14:57:46,3,q80a,0,29,668,1118,3263,2962,2715,2781,2785,1,174,0,36,5715289,0,0,2251340232,5594752,74578010,0,0,1883,17,17,0,173167,173167,0,0,98845,1133,2.65,1.12
452,2026-05-15 14:57:49,3,q81,0,15,314,460,863,1575,790,1281,1322,0,48,0,29,4061421,0,0,515053560,508140,7808764,0,0,53901,3,3,0,927284,927284,0,0,927284,53901,3.42,0.46
453,2026-05-15 14:57:50,3,q82,0,9,228,1087,954,1690,1115,974,933,1,70,0,1,15022793,0,0,1230756904,14663408,43991378,0,0,2,1,1,0,479,479,0,0,479,2,1.55,1.09
454,2026-05-15 14:57:52,3,q83,0,17,366,646,574,1820,943,1609,1602,0,72,0,31,232478,0,0,427127792,740501,5485187,0,0,4250,3,3,0,93519,93519,0,0,93519,4250,2.82,0.65
455,2026-05-15 14:57:54,3,q84,0,13,312,590,877,1003,348,1219,1319,0,0,0,0,9751042,0,0,204944448,2365540,11695570,0,0,25,1,1,0,966,966,0,0,966,25,1.7,0.59
456,2026-05-15 14:57:56,3,q85,0,12,356,258,1358,1499,563,1532,1524,7,112,0,0,232049,0,0,0,20102,444706,0,0,0,0,0,0,0,0,0,0,0,0,5.81,0.26
457,2026-05-15 14:57:57,3,q86,0,8,166,396,400,1442,915,785,715,0,112,0,8,271427,0,0,269477624,757387,5384247,0,0,266,2,2,0,17966,17966,0,0,17966,266,3.64,0.4
458,2026-05-15 14:57:59,3,q86a,0,11,171,368,363,962,884,676,704,0,0,0,18,271427,0,0,808445400,757387,5384247,0,0,641,9,9,0,51729,51729,0,0,30007,399,2.61,0.37
459,2026-05-15 14:58:00,3,q87,0,14,301,641,1062,2503,1852,1292,1198,2,165,0,33,2502324,0,0,1370428032,5161341,7443247,0,0,91194,4,4,0,2289264,2289264,0,0,2289264,91194,3.9,0.64
460,2026-05-15 14:58:02,3,q88,0,44,1046,1039,4868,4256,2414,3931,4010,7,120,0,16,232737,0,0,411870208,23250462,31467812,0,0,128,128,128,0,7192,7192,0,0,7192,128,4.1,1.04
461,2026-05-15 14:58:04,3,q89,0,7,154,137,323,903,687,662,688,0,0,0,0,232049,0,0,0,20015,439526,0,0,0,0,0,0,0,0,0,0,0,0,6.59,0.14
462,2026-05-15 14:58:05,3,q90,0,14,330,430,835,2108,986,1425,1363,0,144,0,3,232737,0,0,77666496,1486034,3689729,0,0,24,24,24,0,1350,1350,0,0,1350,24,4.9,0.43
463,2026-05-15 14:58:07,3,q91,0,12,307,248,1177,1571,877,1297,1339,0,96,0,0,232694,0,0,0,77212,853291,0,0,0,0,0,0,0,0,0,0,0,0,6.33,0.25
464,2026-05-15 14:58:08,3,q92,0,11,229,335,440,1626,1276,931,943,0,0,0,14,232049,0,0,98207576,1476772,10326045,0,0,9069,3,3,0,143446,143446,0,0,143446,9069,4.85,0.34
465,2026-05-15 14:58:09,3,q93,0,4,102,64,115,272,66,410,445,0,0,0,0,232049,0,0,0,2,9682,0,0,0,0,0,0,0,0,0,0,0,0,4.25,0.06
466,2026-05-15 14:58:10,3,q94,0,9,254,193,684,1178,512,1050,1070,0,96,0,0,232694,0,0,0,70011,768960,0,0,0,0,0,0,0,0,0,0,0,0,6.1,0.19
467,2026-05-15 14:58:12,3,q95,0,10,304,228,932,1139,1066,1276,1347,0,0,0,0,232049,0,0,0,70006,768522,0,0,0,0,0,0,0,0,0,0,0,0,5.0,0.23
468,2026-05-15 14:58:13,3,q96,0,9,220,343,478,1173,640,848,901,0,0,0,2,232049,0,0,51086464,2907620,3968546,0,0,16,16,16,0,899,899,0,0,899,16,3.42,0.34
469,2026-05-15 14:58:14,3,q97,0,8,192,646,804,3160,2638,710,755,0,0,0,28,232049,0,0,2381671120,4341955,13734368,0,0,834974,24,24,0,8658863,8658863,0,0,8658863,834974,4.89,0.65
470,2026-05-15 14:58:16,3,q98,0,5,103,105,166,691,398,492,447,0,186,0,0,232522,0,0,0,20002,400414,0,0,0,0,0,0,0,0,0,0,0,0,6.58,0.1
471,2026-05-15 14:58:17,3,q99,0,11,271,489,832,1854,1366,1090,1160,0,0,0,4,232049,0,0,205833808,1461584,4722351,0,0,90,1,1,0,11250,11250,0,0,11250,90,3.79,0.49
472,2026-05-15 14:58:19,4,q1,0,13,265,434,687,1554,1075,1102,1142,0,80,0,24,1022096,0,0,430215328,695045,7033202,0,0,99878,3,3,0,1544051,1544051,0,0,1544051,99878,3.58,0.43
473,2026-05-15 14:58:20,4,q2,0,14,286,585,722,2265,2047,1211,1208,0,64,0,20,680942,0,0,415741384,2273986,10747269,0,0,4453,8,8,0,91309,91309,0,0,38659,3403,3.87,0.58
474,2026-05-15 14:58:22,4,q3,0,7,169,341,346,1151,647,659,708,0,0,0,4,232049,0,0,109346792,2971456,19277177,0,0,89,1,1,0,8279,8279,0,0,8279,89,3.38,0.34
475,2026-05-15 14:58:23,4,q4,0,25,555,1361,4418,7350,5907,2479,2230,0,310,0,91,7499173,0,0,5381169320,10222681,162935414,0,0,153369,15,15,0,12744446,12744446,0,0,12744446,153369,5.4,1.36
476,2026-05-15 14:58:26,4,q5,0,21,623,894,1807,4186,2863,2544,2585,1,32,0,48,1657981,0,0,722692208,6295835,55461751,0,0,1515,9,9,0,100764,100764,0,0,100764,1515,4.68,0.89
477,2026-05-15 14:58:28,4,q5a,0,24,628,929,1748,3446,2785,2586,2603,0,144,0,61,1657981,0,0,1261660080,6295835,55461751,0,0,3255,20,20,0,237079,237079,0,0,139181,2005,3.71,0.93
478,2026-05-15 14:58:30,4,q6,0,19,393,738,1282,2397,1612,1601,1586,0,112,0,58,883272,0,0,393451552,3159460,11222327,0,0,2785514,5,5,0,24471970,24471970,0,0,24471970,2785514,3.25,0.74
479,2026-05-15 14:58:32,4,q7,0,9,206,162,502,1009,492,842,887,0,0,0,0,232049,0,0,0,38304,685159,0,0,0,0,0,0,0,0,0,0,0,0,6.23,0.16
480,2026-05-15 14:58:33,4,q8,0,16,326,597,907,1892,1163,1322,1416,0,112,0,15,494133,0,0,1390749344,3100422,15216122,0,0,3491,4,4,0,59073,59073,0,0,59073,3491,3.17,0.6
481,2026-05-15 14:58:35,4,q9,0,17,386,422,1598,2034,949,1237,1379,0,130,0,13,232049,0,0,0,14402061,92519791,0,0,80,80,80,0,4687,4687,0,0,4687,80,4.82,0.42
482,2026-05-15 14:58:36,4,q10,0,19,405,1147,1515,2633,1981,1566,1587,2,136,0,60,28184438,0,0,676579040,7132143,16225049,0,0,287659,5,5,0,1909302,1909302,0,0,1909302,287659,2.3,1.15
483,2026-05-15 14:58:38,4,q10a,0,17,404,1157,1290,1846,1819,1563,1587,2,140,0,45,28184438,0,0,675006688,7132143,16225049,0,0,283274,5,5,0,1906126,1906126,0,0,1906126,283274,1.6,1.16
484,2026-05-15 14:58:41,4,q11,0,19,419,898,1990,4268,3302,1639,1712,0,204,0,52,7499173,0,0,3424523464,7339583,55328024,0,0,98990,11,11,0,8222867,8222867,0,0,8222867,98990,4.75,0.9
485,2026-05-15 14:58:43,4,q12,0,5,103,94,142,566,399,429,447,0,0,0,0,232049,0,0,0,20002,400414,0,0,0,0,0,0,0,0,0,0,0,0,6.02,0.09
486,2026-05-15 14:58:44,4,q13,0,11,257,217,863,1337,770,1114,1109,0,56,0,0,232565,0,0,0,77217,1001046,0,0,0,0,0,0,0,0,0,0,0,0,6.16,0.22
487,2026-05-15 14:58:45,4,q14a,0,46,1002,3703,4762,8599,7193,3706,3904,10,204,0,376,369441,0,0,2708324176,15256024,78647529,0,0,6319776,83,83,0,87464350,87464350,0,0,86336662,6292360,2.32,3.7
488,2026-05-15 14:58:51,4,q14b,0,40,954,2399,4855,7827,6455,3718,3820,103,345,0,178,380193,0,0,1252936104,13241190,63753498,0,0,6855449,57,57,0,96932172,96932172,0,0,50714546,4105138,3.26,2.4
489,2026-05-15 14:58:54,4,q14,0,40,954,2248,4663,7023,6243,3924,3811,2,410,0,190,380193,0,0,1260964264,13241190,63753498,0,0,6844878,57,57,0,96252553,96252553,0,0,50034927,4094567,3.12,2.25
490,2026-05-15 14:58:58,4,q15,0,9,221,615,766,1616,1265,858,920,0,0,0,6,1045273,0,0,308880720,1611552,6841119,0,0,202,1,1,0,11828,11828,0,0,11828,202,2.63,0.62
491,2026-05-15 14:58:59,4,q16,0,14,340,877,1307,2556,1664,1355,1352,0,126,0,7,7193194,0,0,1238704384,3097181,22342280,0,0,237,2,2,0,11981,11981,0,0,11981,237,2.91,0.88
492,2026-05-15 14:59:01,4,q17,0,16,408,1040,2364,5684,4563,1558,1627,0,149,0,60,6124144,0,0,3885150096,4667485,25841512,0,0,1629074,35,35,0,31753837,31753837,0,0,31753837,1629074,5.47,1.04
493,2026-05-15 14:59:04,4,q18,0,12,308,210,989,1041,550,1347,1326,0,105,0,0,842595,0,0,0,188006,2889961,0,0,0,0,0,0,0,0,0,0,0,0,4.96,0.21
494,2026-05-15 14:59:05,4,q18a,0,20,512,271,2062,522,585,2196,2207,10,120,0,0,857079,0,0,0,356010,4430334,0,0,0,0,0,0,0,0,0,0,0,0,1.93,0.27
495,2026-05-15 14:59:06,4,q19,0,13,323,707,1342,2115,1341,1411,1375,0,60,0,6,1045273,0,0,275582184,3068422,23026943,0,0,160,1,1,0,17796,17796,0,0,17796,160,2.99,0.71
496,2026-05-15 14:59:08,4,q20,0,5,103,102,150,574,415,433,457,0,0,0,0,232049,0,0,0,20002,400414,0,0,0,0,0,0,0,0,0,0,0,0,5.63,0.1
497,2026-05-15 14:59:09,4,q21,0,9,213,698,812,1389,979,870,912,0,0,0,10,232050,0,0,165745248,11783009,36999935,0,0,2795,1,1,0,97587,97587,0,0,97587,2795,1.99,0.7
498,2026-05-15 14:59:11,4,q22,0,9,213,7827,7962,8781,8080,982,894,10,240,0,12,804447,0,0,225717568,11783012,36954499,0,0,35968,1,1,0,1544161,1544161,0,0,1544161,35968,1.12,7.83
499,2026-05-15 14:59:20,4,q22a,0,14,222,1312,1499,1850,1683,855,921,0,0,0,50,804447,0,0,1043344704,11783009,36965943,0,0,72373,14,14,0,3722976,3722976,0,0,1718132,36377,1.41,1.31
500,2026-05-15 14:59:22,4,q23a,0,26,619,2360,5132,10283,8602,2260,2432,0,112,0,220,1169836,0,0,4199777904,10980154,49256743,0,0,3812080,114,114,0,98368916,98368916,0,0,98366379,3812037,4.36,2.36
501,2026-05-15 14:59:26,4,q23b,0,31,691,2406,5225,10608,9569,2621,2682,0,189,0,232,1169836,0,0,6766694776,11080155,50329476,0,0,3908567,130,130,0,100971109,100971109,0,0,100968572,3908524,4.41,2.41
502,2026-05-15 14:59:29,4,q24,0,8,253,189,636,1088,534,1070,1110,0,40,0,0,232049,0,0,0,17,123999,0,0,0,0,0,0,0,0,0,0,0,0,5.76,0.19
503,2026-05-15 14:59:31,4,q24a,0,8,253,155,602,618,459,1122,1104,5,64,0,0,232780,0,0,0,17,123999,0,0,0,0,0,0,0,0,0,0,0,0,3.99,0.16
504,2026-05-15 14:59:32,4,q24b,0,9,254,151,537,394,445,1075,1135,0,7,0,0,405649,0,0,0,50017,327049,0,0,0,0,0,0,0,0,0,0,0,0,2.61,0.15
505,2026-05-15 14:59:33,4,q25,0,16,408,1037,2361,5720,4702,1605,1658,0,103,0,60,6156676,0,0,3885125480,4667485,40099112,0,0,1629074,35,35,0,32135493,32135493,0,0,32135493,1629074,5.52,1.04
506,2026-05-15 14:59:35,4,q26,0,9,206,157,474,921,480,852,891,0,0,0,0,232049,0,0,0,38304,685159,0,0,0,0,0,0,0,0,0,0,0,0,5.87,0.16
507,2026-05-15 14:59:36,4,q27,0,9,206,150,520,782,777,939,924,11,70,0,0,232006,0,0,0,38016,667707,0,0,0,0,0,0,0,0,0,0,0,0,5.21,0.15
508,2026-05-15 14:59:38,4,q27a,0,13,308,248,1212,1177,1163,1412,1378,0,54,0,0,231404,0,0,0,56030,861877,0,0,0,0,0,0,0,0,0,0,0,0,4.75,0.25
509,2026-05-15 14:59:39,4,q28,0,24,408,876,1403,4004,1556,1604,1515,0,160,0,65,232651,0,0,832044768,17282430,141905886,0,0,47107,12,12,0,769812,769812,0,0,769812,47107,4.57,0.88
510,2026-05-15 14:59:41,4,q29,0,18,459,1041,2906,5672,4627,1720,1880,0,160,0,60,6124144,0,0,3885232920,4687486,26315794,0,0,1629074,35,35,0,31753942,31753942,0,0,31753942,1629074,5.45,1.04
511,2026-05-15 14:59:43,4,q30,0,15,312,475,883,1444,798,1335,1330,1,0,0,35,10380174,0,0,522636280,363532,8306778,0,0,25935,3,3,0,489698,489698,0,0,489698,25935,3.04,0.48
512,2026-05-15 14:59:45,4,q31,0,29,597,877,2185,4896,3679,2406,2391,2,112,0,84,773451,0,0,1504829528,10909374,55414596,0,0,9842,9,9,0,364513,364513,0,0,319380,8582,5.58,0.88
513,2026-05-15 14:59:47,4,q32,0,11,237,367,513,1858,1385,945,956,0,40,0,12,232049,0,0,107637432,2921100,18622264,0,0,9308,3,3,0,150123,150123,0,0,150123,9308,5.06,0.37
514,2026-05-15 14:59:48,4,q33,0,7,154,131,317,788,501,719,665,0,60,0,0,232694,0,0,0,70003,771061,0,0,0,0,0,0,0,0,0,0,0,0,6.02,0.13
515,2026-05-15 14:59:49,4,q34,0,8,204,176,583,1247,888,853,910,0,0,0,0,232006,0,0,0,20016,433882,0,0,0,0,0,0,0,0,0,0,0,0,7.09,0.18
516,2026-05-15 14:59:50,4,q35,0,19,405,992,1563,2680,1937,1742,1612,1,5,0,67,24076245,0,0,484354584,7132143,16087195,0,0,646325,5,5,0,2473533,2473533,0,0,2473533,646325,2.7,0.99
517,2026-05-15 14:59:53,4,q35a,0,17,404,970,1258,1825,1811,1496,1602,2,80,0,61,24076202,0,0,485651880,7132143,16087195,0,0,646170,5,5,0,2472271,2472271,0,0,2472271,646170,1.88,0.97
518,2026-05-15 14:59:55,4,q36,0,10,221,636,787,1836,1384,871,934,0,0,0,8,271427,0,0,308864056,2918420,31058515,0,0,266,2,2,0,19035,19035,0,0,19035,266,2.89,0.64
519,2026-05-15 14:59:56,4,q36a,0,13,226,590,706,1348,1128,975,948,0,187,0,18,271427,0,0,847831928,2918420,31058515,0,0,641,9,9,0,56190,56190,0,0,32454,399,2.28,0.59
520,2026-05-15 14:59:58,4,q37,0,9,228,756,807,1664,1203,872,940,0,0,0,1,7287807,0,0,626776552,13224552,41162794,0,0,1,1,1,0,253,253,0,0,253,1,2.2,0.76
521,2026-05-15 15:00:00,4,q38,0,14,301,667,1102,2549,1931,1268,1192,0,64,0,33,2502324,0,0,1370428032,5161341,7443247,0,0,91194,4,4,0,2289264,2289264,0,0,2289264,91194,3.82,0.67
522,2026-05-15 15:00:01,4,q39a,0,16,326,938,1828,2653,2155,1271,1372,0,80,0,33,232050,0,0,475832280,23548011,73303946,0,0,135243,4,4,0,3309465,3309465,0,0,2213545,90243,2.83,0.94
523,2026-05-15 15:00:03,4,q39b,0,16,326,702,1421,1727,1749,1309,1383,0,75,0,22,231405,0,0,475578328,23548011,73303946,0,0,135014,4,4,0,3289055,3289055,0,0,2193135,90014,2.46,0.7
524,2026-05-15 15:00:05,4,q40,0,11,273,518,787,1789,1066,1168,1177,0,0,0,9,2161805,0,0,458498256,1623625,10884810,0,0,534,1,1,0,31932,31932,0,0,31932,534,3.45,0.52
525,2026-05-15 15:00:07,4,q41,0,3,52,154,148,1588,147,276,291,0,0,0,0,232092,0,0,262144,1,87174,0,0,0,0,0,0,0,0,0,0,0,0,10.31,0.15
526,2026-05-15 15:00:08,4,q42,0,7,169,330,344,1137,710,667,704,0,0,0,2,232092,0,0,105385704,2918407,19156218,0,0,10,1,1,0,925,925,0,0,925,10,3.45,0.33
527,2026-05-15 15:00:10,4,q43,0,7,169,427,468,1515,1048,756,719,20,125,0,1,232264,0,0,105168104,2900419,8165677,0,0,6,1,1,0,618,618,0,0,618,6,3.55,0.43
528,2026-05-15 15:00:11,4,q44,0,11,188,422,411,998,411,669,720,0,0,0,11,298111,0,0,486696104,5778811,32244430,0,0,36021,5,5,0,574234,574234,0,0,287345,18022,2.36,0.42
529,2026-05-15 15:00:13,4,q45,0,13,319,396,956,1651,1064,1349,1358,0,80,0,2,1045273,0,0,1017800936,925390,6259066,0,0,19,1,1,0,1799,1799,0,0,1799,19,4.17,0.4
530,2026-05-15 15:00:14,4,q46,0,13,323,687,1286,2002,1385,1287,1381,0,0,0,10,3116112,0,0,285873232,3057622,25916890,0,0,10081,1,1,0,430760,430760,0,0,430760,10081,2.91,0.69
531,2026-05-15 15:00:16,4,q47,0,15,232,1199,1762,3395,2862,930,970,30,84,0,104,398425,0,0,1670381912,2918420,14023615,0,0,499240,30,30,0,15789663,15789663,0,0,11851696,370924,2.83,1.2
532,2026-05-15 15:00:18,4,q48,0,9,206,180,552,1160,747,859,907,0,0,0,0,232006,0,0,0,70016,962914,0,0,0,0,0,0,0,0,0,0,0,0,6.44,0.18
533,2026-05-15 15:00:19,4,q49,0,19,411,799,1275,3298,2159,1655,1672,0,15,0,15,232049,0,0,913058176,5564687,68786097,0,0,170,9,9,0,11817,11817,0,0,11817,170,4.13,0.8
534,2026-05-15 15:00:21,4,q50,0,11,274,716,1016,2132,1526,1088,1190,0,0,0,1,4413222,0,0,1490206824,3260984,15645288,0,0,6,1,1,0,1447,1447,0,0,1447,6,2.98,0.72
535,2026-05-15 15:00:23,4,q51,0,13,219,1036,1270,5925,4884,759,796,0,162,0,595,232006,0,0,3659610976,3619791,16571629,0,0,2523869,299,299,0,43438446,43438446,0,0,43438446,2523869,5.72,1.04
536,2026-05-15 15:00:25,4,q51a,0,17,250,2466,3208,26485,22602,801,867,0,871,0,819,1761560,0,0,11936306224,3619791,16571629,0,0,4889102,693,693,0,83968631,83968631,0,0,61032787,3644888,10.74,2.47
537,2026-05-15 15:00:29,4,q52,0,7,169,328,333,1082,693,677,702,0,0,0,5,232049,0,0,105385704,2918407,19156218,0,0,109,1,1,0,9739,9739,0,0,9739,109,3.3,0.33
538,2026-05-15 15:00:30,4,q53,0,7,154,157,367,1101,707,688,680,3,36,0,0,232608,0,0,0,20015,505062,0,0,0,0,0,0,0,0,0,0,0,0,7.01,0.16
539,2026-05-15 15:00:31,4,q54,0,14,406,339,2132,2331,1723,1792,1802,4,135,0,2,232823,0,0,524288,60020,999430,0,0,0,0,0,0,0,0,0,0,118,2,6.88,0.34
540,2026-05-15 15:00:33,4,q55,0,7,169,340,359,1019,677,708,714,0,0,0,5,232049,0,0,105385704,2918407,19156218,0,0,104,1,1,0,8981,8981,0,0,8981,104,3.0,0.34
541,2026-05-15 15:00:34,4,q56,0,6,153,123,310,804,510,635,676,0,0,0,0,232049,0,0,0,20003,404877,0,0,0,0,0,0,0,0,0,0,0,0,6.54,0.12
542,2026-05-15 15:00:35,4,q57,0,13,224,834,1135,2452,1842,977,944,0,140,0,34,491406,0,0,651427776,1479558,7047928,0,0,160920,5,5,0,4348229,4348229,0,0,2602187,96552,2.94,0.83
543,2026-05-15 15:00:37,4,q58,0,17,401,652,913,2917,2222,1599,1660,0,28,0,36,232049,0,0,715438792,5225441,34148457,0,0,17396,3,3,0,287209,287209,0,0,287209,17396,4.47,0.65
544,2026-05-15 15:00:39,4,q59,0,16,325,713,1653,2796,2104,1585,1408,14,4,0,26,680942,0,0,286765128,2993483,8867462,0,0,7524,4,4,0,133338,133338,0,0,89016,5952,3.92,0.71
545,2026-05-15 15:00:41,4,q60,0,6,153,120,305,812,520,643,677,0,0,0,0,232049,0,0,0,20003,407513,0,0,0,0,0,0,0,0,0,0,0,0,6.77,0.12
546,2026-05-15 15:00:42,4,q61,0,14,309,246,1243,1469,951,1376,1374,0,80,0,0,1045273,0,0,0,170318,1814287,0,0,0,0,0,0,0,0,0,0,0,0,5.97,0.25
547,2026-05-15 15:00:43,4,q62,0,11,267,479,749,1861,1059,1130,1125,0,0,0,6,232049,0,0,187997616,739444,3265876,0,0,150,1,1,0,17537,17537,0,0,17537,150,3.89,0.48
548,2026-05-15 15:00:45,4,q63,0,7,154,143,321,983,695,653,693,0,0,0,0,232049,0,0,0,20015,505062,0,0,0,0,0,0,0,0,0,0,0,0,6.87,0.14
549,2026-05-15 15:00:46,4,q64,0,22,659,488,4611,2803,1633,2827,2855,8,231,0,0,375175,0,0,0,120594,1289289,0,0,0,0,0,0,0,0,0,0,0,0,5.74,0.49
550,2026-05-15 15:00:48,4,q65,0,15,295,591,977,2325,1596,1112,1177,0,0,0,32,1710264,0,0,464757040,5798825,28248760,0,0,162108,9,9,0,7984419,7984419,0,0,7984419,162108,3.93,0.59
551,2026-05-15 15:00:50,4,q66,0,8,204,165,506,986,468,890,881,0,201,0,0,232049,0,0,0,20029,348434,0,0,0,0,0,0,0,0,0,0,0,0,5.98,0.16
552,2026-05-15 15:00:51,4,q67,0,10,237,2479,2599,7172,5583,943,994,0,84,0,219,804447,0,0,2776621424,2918420,16876781,0,0,523804,34,34,0,35032320,35032320,0,0,35032320,523804,2.89,2.48
553,2026-05-15 15:00:54,4,q67a,0,18,368,2712,9036,26830,21657,1254,1218,0,369,3,4259,804447,0,0,19351456272,2918420,16876781,0,0,3913413,393,393,0,254672067,254672067,0,0,74909707,1194405,9.89,2.71
554,2026-05-15 15:00:58,4,q68,0,13,323,722,1380,2279,1414,1297,1362,0,0,0,10,3116112,0,0,218427752,3057622,39533551,0,0,2221,1,1,0,125465,125465,0,0,125465,2221,3.16,0.72
555,2026-05-15 15:01:00,4,q69,0,19,405,1067,1468,2805,1953,1550,1599,2,208,0,70,27823006,0,0,405233080,7132143,16128765,0,0,239275,5,5,0,1895318,1895318,0,0,1895318,239275,2.63,1.07
556,2026-05-15 15:01:02,4,q70,0,14,289,821,916,2059,1538,1132,1198,0,0,0,4,232049,0,0,478903664,5780837,27583546,0,0,19,4,4,0,840,840,0,0,840,19,2.51,0.82
557,2026-05-15 15:01:04,4,q70a,0,17,294,781,865,1654,1436,1145,1205,0,35,0,10,231361,0,0,883653600,5780837,27583546,0,0,24,11,11,0,1381,1381,0,0,1169,22,2.12,0.78
558,2026-05-15 15:01:06,4,q71,0,6,153,162,419,1011,523,938,673,0,0,0,0,232049,0,0,0,20003,415391,0,0,0,0,0,0,0,0,0,0,0,0,6.24,0.16
559,2026-05-15 15:01:07,4,q72,0,18,557,419,3356,2664,1650,2271,2397,6,177,0,0,670616,0,0,0,166414,1810506,0,0,0,0,0,0,0,0,0,0,0,0,6.36,0.42
560,2026-05-15 15:01:09,4,q73,0,8,204,186,625,1199,858,848,891,0,0,0,0,232006,0,0,0,20016,433882,0,0,0,0,0,0,0,0,0,0,0,0,6.45,0.19
561,2026-05-15 15:01:10,4,q74,0,18,414,805,1816,3845,2791,1772,1678,0,90,0,48,3001190,0,0,1804473784,7339583,38808856,0,0,98902,4,4,0,3653467,3653467,0,0,3653467,98902,4.78,0.8
562,2026-05-15 15:01:12,4,q75,0,9,303,224,998,1422,857,1239,1324,0,0,0,0,232049,0,0,0,40006,646400,0,0,0,0,0,0,0,0,0,0,0,0,6.35,0.22
563,2026-05-15 15:01:13,4,q76,0,9,297,501,443,1904,1525,1206,1225,0,84,0,19,380855,0,0,589105152,5132390,35585240,0,0,509,3,3,0,45030,45030,0,0,45030,509,3.8,0.5
564,2026-05-15 15:01:15,4,q77,0,23,513,731,1136,3037,2014,2035,2068,0,25,0,19,232221,0,0,779900496,5564761,50068677,0,0,135,11,11,0,12492,12492,0,0,12492,135,4.15,0.73
565,2026-05-15 15:01:17,4,q77a,0,26,518,755,1111,2254,1917,2072,2093,0,130,0,26,231403,0,0,1318868360,5564761,50068677,0,0,247,22,22,0,28264,28264,0,0,17042,167,2.99,0.76
566,2026-05-15 15:01:19,4,q78,0,17,424,1199,2248,7258,5343,1730,1690,0,256,0,53,3102610,0,0,6871707440,5564687,47674138,0,0,872646,35,35,0,20939025,20939025,0,0,20939025,872646,6.05,1.2
567,2026-05-15 15:01:21,4,q79,0,11,272,563,945,1811,1234,1122,1141,0,0,0,10,2502367,0,0,207498960,3007621,25022707,0,0,7013,1,1,0,231553,231553,0,0,231553,7013,3.22,0.56
568,2026-05-15 15:01:23,4,q80,0,26,663,1193,3931,4761,2938,2978,2770,0,388,0,26,5715289,0,0,1779481200,5594752,74578010,0,0,856,6,6,0,70474,70474,0,0,70474,856,3.99,1.19
569,2026-05-15 15:01:25,4,q80a,0,29,668,1051,3116,2807,2550,2752,2775,0,205,0,36,5715289,0,0,2251340232,5594752,74578010,0,0,1883,17,17,0,173167,173167,0,0,98845,1133,2.67,1.05
570,2026-05-15 15:01:27,4,q81,0,15,314,453,845,1549,802,1268,1337,0,0,0,26,4061421,0,0,515053560,508140,7808764,0,0,53901,3,3,0,927284,927284,0,0,927284,53901,3.42,0.45
571,2026-05-15 15:01:29,4,q82,0,9,228,1062,973,1701,1135,909,924,1,42,0,1,15022879,0,0,1230756904,14663408,43991378,0,0,2,1,1,0,479,479,0,0,479,2,1.6,1.06
572,2026-05-15 15:01:31,4,q83,0,17,366,649,585,1788,963,1511,1592,0,7,0,34,232049,0,0,427127792,740501,5485187,0,0,4250,3,3,0,93519,93519,0,0,93519,4250,2.76,0.65
573,2026-05-15 15:01:33,4,q84,0,13,312,596,878,1022,353,1226,1318,0,0,0,0,9751042,0,0,204944448,2365540,11695570,0,0,25,1,1,0,966,966,0,0,966,25,1.71,0.6
574,2026-05-15 15:01:34,4,q85,0,13,357,259,1378,1389,583,1500,1527,0,80,0,0,232479,0,0,0,70102,961724,0,0,0,0,0,0,0,0,0,0,0,0,5.36,0.26
575,2026-05-15 15:01:36,4,q86,0,8,166,346,355,1312,1020,651,706,0,0,0,8,271427,0,0,269477624,757387,5384247,0,0,266,2,2,0,17966,17966,0,0,17966,266,3.79,0.35
576,2026-05-15 15:01:37,4,q86a,0,11,171,365,358,964,901,676,720,0,4,0,18,271427,0,0,808445400,757387,5384247,0,0,641,9,9,0,51729,51729,0,0,30007,399,2.64,0.36
577,2026-05-15 15:01:38,4,q87,0,15,302,687,1134,2552,1934,1442,1175,0,0,0,47,2502324,0,0,1370428032,5161341,7443247,0,0,138876,5,5,0,3440760,3440760,0,0,3440760,138876,3.71,0.69
578,2026-05-15 15:01:40,4,q88,0,44,1046,1016,4646,4228,2281,3981,4068,0,252,0,16,232221,0,0,411870208,23250462,31467812,0,0,128,128,128,0,7192,7192,0,0,7192,128,4.16,1.02
579,2026-05-15 15:01:42,4,q89,0,7,154,146,352,1019,713,674,690,0,70,0,0,232049,0,0,0,20015,439526,0,0,0,0,0,0,0,0,0,0,0,0,6.98,0.15
580,2026-05-15 15:01:43,4,q90,0,14,330,381,758,1763,1028,1285,1365,0,44,0,24,232049,0,0,77666496,1486034,3689729,0,0,24,24,24,0,1350,1350,0,0,1350,24,4.63,0.38
581,2026-05-15 15:01:45,4,q91,0,12,307,231,1103,1507,900,1240,1327,0,0,0,0,232049,0,0,0,77212,853291,0,0,0,0,0,0,0,0,0,0,0,0,6.52,0.23
582,2026-05-15 15:01:46,4,q92,0,11,229,336,439,1661,1279,976,939,0,80,0,13,232737,0,0,98207576,1476772,10326045,0,0,9069,3,3,0,143446,143446,0,0,143446,9069,4.94,0.34
583,2026-05-15 15:01:48,4,q93,0,4,102,70,126,289,66,418,430,0,0,0,0,232049,0,0,0,2,9682,0,0,0,0,0,0,0,0,0,0,0,0,4.13,0.07
584,2026-05-15 15:01:49,4,q94,0,10,256,198,661,1262,521,1041,1067,0,96,0,0,260374,0,0,0,141774,998360,0,0,0,0,0,0,0,0,0,0,0,0,6.37,0.2
585,2026-05-15 15:01:50,4,q95,0,11,306,222,927,1137,1066,1297,1367,0,0,0,0,260486,0,0,0,141769,1012334,0,0,0,0,0,0,0,0,0,0,0,0,5.12,0.22
586,2026-05-15 15:01:51,4,q96,0,9,220,349,484,1282,637,867,922,0,112,0,2,232049,0,0,51086464,2907620,3968546,0,0,16,16,16,0,899,899,0,0,899,16,3.67,0.35
587,2026-05-15 15:01:53,4,q97,0,8,192,675,822,3300,2600,719,748,0,56,0,31,232049,0,0,2381671120,4341955,13734368,0,0,834974,24,24,0,8658863,8658863,0,0,8658863,834974,4.89,0.68
588,2026-05-15 15:01:54,4,q98,0,5,103,96,147,602,422,426,461,0,0,0,0,232049,0,0,0,20002,400414,0,0,0,0,0,0,0,0,0,0,0,0,6.27,0.1
589,2026-05-15 15:01:56,4,q99,0,11,271,496,816,1691,1378,1077,1149,0,0,0,4,232049,0,0,205833808,1461584,4722351,0,0,90,1,1,0,11250,11250,0,0,11250,90,3.41,0.5
590,2026-05-15 15:01:57,5,q1,0,13,265,440,697,1600,1074,1093,1134,0,128,0,25,1022096,0,0,430215328,695045,7033202,0,0,99878,3,3,0,1544051,1544051,0,0,1544051,99878,3.64,0.44
591,2026-05-15 15:01:59,5,q2,0,14,286,570,741,2264,2028,1117,1200,0,35,0,21,680985,0,0,415741384,2273986,10747269,0,0,4453,8,8,0,91309,91309,0,0,38659,3403,3.97,0.57
592,2026-05-15 15:02:00,5,q3,0,7,169,337,340,1082,643,655,712,0,0,0,4,232049,0,0,109346792,2971456,19277177,0,0,89,1,1,0,8279,8279,0,0,8279,89,3.21,0.34
593,2026-05-15 15:02:02,5,q4,0,25,555,1323,4467,7601,5938,2471,2238,0,318,0,84,7499173,0,0,5381169320,10222681,162935414,0,0,153369,15,15,0,12744446,12744446,0,0,12744446,153369,5.75,1.32
594,2026-05-15 15:02:04,5,q5,0,21,623,878,1832,4244,2824,2512,2574,6,150,0,48,1657981,0,0,722692208,6295835,55461751,0,0,1515,9,9,0,100764,100764,0,0,100764,1515,4.83,0.88
595,2026-05-15 15:02:06,5,q5a,0,24,628,906,1613,3260,2720,2566,2624,0,112,0,61,1657981,0,0,1261660080,6295835,55461751,0,0,3255,20,20,0,237079,237079,0,0,139181,2005,3.6,0.91
596,2026-05-15 15:02:08,5,q6,0,19,393,722,1276,2490,1622,1543,1602,0,80,0,58,883229,0,0,393451552,3159460,11222327,0,0,2785514,5,5,0,24471970,24471970,0,0,24471970,2785514,3.45,0.72
597,2026-05-15 15:02:10,5,q7,0,9,206,170,510,987,485,850,898,0,16,0,0,232049,0,0,0,38304,685159,0,0,0,0,0,0,0,0,0,0,0,0,5.81,0.17
598,2026-05-15 15:02:11,5,q8,0,16,326,594,886,1747,1161,1304,1397,0,0,0,14,494133,0,0,1390749344,3100422,15216122,0,0,3491,4,4,0,59073,59073,0,0,59073,3491,2.94,0.59
599,2026-05-15 15:02:13,5,q9,0,17,386,384,1504,1846,883,1393,1384,0,170,0,9,232694,0,0,0,14402061,92519791,0,0,80,80,80,0,4687,4687,0,0,4687,80,4.81,0.38
600,2026-05-15 15:02:14,5,q10,0,19,405,1190,1503,2632,1976,1545,1573,2,78,0,52,28184438,0,0,676579040,7132143,16225049,0,0,287659,5,5,0,1909302,1909302,0,0,1909302,287659,2.21,1.19
601,2026-05-15 15:02:17,5,q10a,0,17,404,1104,1293,1813,1857,1518,1594,2,0,0,49,28184395,0,0,675006688,7132143,16225049,0,0,283274,5,5,0,1906126,1906126,0,0,1906126,283274,1.64,1.1
602,2026-05-15 15:02:19,5,q11,0,19,419,940,1998,4122,3289,1672,1716,0,46,0,58,7499173,0,0,3424523464,7339583,55328024,0,0,98990,11,11,0,8222867,8222867,0,0,8222867,98990,4.39,0.94
603,2026-05-15 15:02:21,5,q12,0,5,103,92,141,578,403,423,455,0,0,0,0,232049,0,0,0,20002,400414,0,0,0,0,0,0,0,0,0,0,0,0,6.28,0.09
604,2026-05-15 15:02:22,5,q13,0,11,257,216,854,1381,781,1065,1124,0,0,0,0,232049,0,0,0,77217,1001046,0,0,0,0,0,0,0,0,0,0,0,0,6.39,0.22
605,2026-05-15 15:02:23,5,q14a,0,46,1002,3660,4737,8484,7122,3806,3907,0,240,0,370,369441,0,0,2708324176,15256024,78647529,0,0,6319776,83,83,0,87464350,87464350,0,0,86336662,6292360,2.32,3.66
606,2026-05-15 15:02:29,5,q14b,0,40,954,2453,4633,7771,6511,3828,3851,0,132,0,175,380193,0,0,1252936104,13241190,63753498,0,0,6855449,57,57,0,96932172,96932172,0,0,50714546,4105138,3.17,2.45
607,2026-05-15 15:02:33,5,q14,0,40,954,2240,4657,7234,6232,3719,3826,0,424,0,180,380193,0,0,1260964264,13241190,63753498,0,0,6844878,57,57,0,96252553,96252553,0,0,50034927,4094567,3.23,2.24
608,2026-05-15 15:02:36,5,q15,0,9,221,612,734,1639,1254,908,935,0,80,0,6,1045273,0,0,308880720,1611552,6841119,0,0,202,1,1,0,11828,11828,0,0,11828,202,2.68,0.61
609,2026-05-15 15:02:38,5,q16,0,14,340,870,1308,2463,1683,1338,1360,4,12,0,7,7193065,0,0,1238704384,3097181,22342280,0,0,237,2,2,0,11981,11981,0,0,11981,237,2.83,0.87
610,2026-05-15 15:02:40,5,q17,0,16,408,1030,2285,5332,4181,1491,1632,1,151,0,60,6124144,0,0,3885150096,4667485,25841512,0,0,1629074,35,35,0,31753837,31753837,0,0,31753837,1629074,5.18,1.03
611,2026-05-15 15:02:42,5,q18,0,11,306,206,950,1022,530,1216,1303,0,0,0,0,232049,0,0,0,88006,1184633,0,0,0,0,0,0,0,0,0,0,0,0,4.96,0.21
612,2026-05-15 15:02:43,5,q18a,0,20,512,348,2513,610,603,2568,2233,4,130,0,0,857079,0,0,0,356010,4430334,0,0,0,0,0,0,0,0,0,0,0,0,1.75,0.35
613,2026-05-15 15:02:45,5,q19,0,13,323,705,1334,2154,1321,1359,1383,0,192,0,6,1045273,0,0,275582184,3068422,23026943,0,0,160,1,1,0,17796,17796,0,0,17796,160,3.06,0.7
614,2026-05-15 15:02:46,5,q20,0,5,103,92,140,556,409,431,458,0,0,0,0,232049,0,0,0,20002,400414,0,0,0,0,0,0,0,0,0,0,0,0,6.04,0.09
615,2026-05-15 15:02:47,5,q21,0,9,213,702,825,1449,972,941,909,0,80,0,10,232050,0,0,165745248,11783009,36999935,0,0,2795,1,1,0,97587,97587,0,0,97587,2795,2.06,0.7
616,2026-05-15 15:02:49,5,q22,0,9,213,8052,8161,8900,8310,899,888,0,73,0,12,804447,0,0,225717568,11783012,36954499,0,0,35968,1,1,0,1544161,1544161,0,0,1544161,35968,1.11,8.05
617,2026-05-15 15:02:58,5,q22a,0,14,222,1336,1529,1876,1698,888,949,0,12,0,51,804447,0,0,1043344704,11783009,36965943,0,0,72373,14,14,0,3722976,3722976,0,0,1718132,36377,1.4,1.34
618,2026-05-15 15:03:01,5,q23a,0,26,619,2364,5194,10364,9103,2336,2426,0,83,0,217,1169836,0,0,4199777904,10980154,49256743,0,0,3812080,114,114,0,98368916,98368916,0,0,98366379,3812037,4.38,2.36
619,2026-05-15 15:03:04,5,q23b,0,31,691,2513,5640,11341,9970,3181,2703,0,420,0,249,1169836,0,0,6766694776,11080155,50329476,0,0,3908567,130,130,0,100971109,100971109,0,0,100968572,3908524,4.51,2.51
620,2026-05-15 15:03:08,5,q24,0,8,253,195,662,1195,540,1081,1107,0,44,0,0,232565,0,0,0,17,123999,0,0,0,0,0,0,0,0,0,0,0,0,6.13,0.2
621,2026-05-15 15:03:09,5,q24a,0,8,253,167,653,701,466,1160,1115,0,60,0,0,232135,0,0,0,17,123999,0,0,0,0,0,0,0,0,0,0,0,0,4.2,0.17
622,2026-05-15 15:03:10,5,q24b,0,8,253,139,504,373,441,1041,1112,0,0,0,0,231361,0,0,0,17,123999,0,0,0,0,0,0,0,0,0,0,0,0,2.68,0.14
623,2026-05-15 15:03:12,5,q25,0,16,408,997,2334,5190,4227,1586,1653,10,105,0,69,6156676,0,0,3885125480,4667485,40099112,0,0,1629074,35,35,0,32135493,32135493,0,0,32135493,1629074,5.21,1.0
624,2026-05-15 15:03:14,5,q26,0,9,206,172,543,963,476,939,906,0,60,0,0,232479,0,0,0,38304,685159,0,0,0,0,0,0,0,0,0,0,0,0,5.6,0.17
625,2026-05-15 15:03:15,5,q27,0,9,206,147,504,797,790,851,919,0,0,0,0,231361,0,0,0,38016,667707,0,0,0,0,0,0,0,0,0,0,0,0,5.42,0.15
626,2026-05-15 15:03:16,5,q27a,0,13,308,235,1162,1190,1141,1370,1355,0,166,0,0,231361,0,0,0,56030,861877,0,0,0,0,0,0,0,0,0,0,0,0,5.06,0.24
627,2026-05-15 15:03:18,5,q28,0,24,408,875,1391,3834,1557,1510,1537,0,80,0,67,232651,0,0,832044768,17282430,141905886,0,0,47107,12,12,0,769812,769812,0,0,769812,47107,4.38,0.88
628,2026-05-15 15:03:20,5,q29,0,18,459,1092,3225,5878,4596,2071,1895,5,98,0,61,6124144,0,0,3885232920,4687486,26315794,0,0,1629074,35,35,0,31753942,31753942,0,0,31753942,1629074,5.38,1.09
629,2026-05-15 15:03:22,5,q30,0,15,312,423,815,1391,779,1307,1327,1,44,0,24,10380174,0,0,522636280,363532,8306778,0,0,25935,3,3,0,489698,489698,0,0,489698,25935,3.29,0.42
630,2026-05-15 15:03:23,5,q31,0,29,597,843,2157,4621,3628,2508,2388,0,80,0,92,773451,0,0,1437573232,10909374,55414596,0,0,8829,9,9,0,343251,343251,0,0,319380,8582,5.48,0.84
631,2026-05-15 15:03:25,5,q32,0,11,237,364,491,1811,1355,988,956,0,80,0,12,232049,0,0,107637432,2921100,18622264,0,0,9308,3,3,0,150123,150123,0,0,150123,9308,4.98,0.36
632,2026-05-15 15:03:27,5,q33,0,6,153,125,303,787,504,705,666,0,70,0,0,232694,0,0,0,20003,407513,0,0,0,0,0,0,0,0,0,0,0,0,6.3,0.12
633,2026-05-15 15:03:28,5,q34,0,8,204,177,583,1236,877,835,890,0,0,0,0,232006,0,0,0,20016,433882,0,0,0,0,0,0,0,0,0,0,0,0,6.98,0.18
634,2026-05-15 15:03:29,5,q35,0,19,405,1009,1461,2400,1929,1581,1571,8,78,0,70,24076202,0,0,484354584,7132143,16087195,0,0,646325,5,5,0,2473533,2473533,0,0,2473533,646325,2.38,1.01
635,2026-05-15 15:03:31,5,q35a,0,17,404,903,1270,1898,1806,1630,1622,1,233,0,71,24076245,0,0,485651880,7132143,16087195,0,0,646170,5,5,0,2472271,2472271,0,0,2472271,646170,2.1,0.9
636,2026-05-15 15:03:33,5,q36,0,10,221,625,764,1696,1245,912,947,0,0,0,8,271427,0,0,308864056,2918420,31058515,0,0,266,2,2,0,19035,19035,0,0,19035,266,2.71,0.62
637,2026-05-15 15:03:35,5,q36a,0,13,226,583,704,1245,1103,940,956,0,84,0,18,271427,0,0,847831928,2918420,31058515,0,0,641,9,9,0,56190,56190,0,0,32454,399,2.14,0.58
638,2026-05-15 15:03:36,5,q37,0,9,228,767,826,1684,1185,916,935,0,84,0,1,7287807,0,0,626776552,13224552,41162794,0,0,1,1,1,0,253,253,0,0,253,1,2.2,0.77
639,2026-05-15 15:03:38,5,q38,0,15,302,703,1144,2553,1958,1306,1206,0,63,0,45,2502324,0,0,1370428032,5161341,7443247,0,0,138876,5,5,0,3440760,3440760,0,0,3440760,138876,3.63,0.7
640,2026-05-15 15:03:40,5,q39a,0,16,326,983,1918,2732,2212,1417,1368,0,175,0,32,232050,0,0,475832280,23548011,73303946,0,0,135243,4,4,0,3309465,3309465,0,0,2213545,90243,2.78,0.98
641,2026-05-15 15:03:42,5,q39b,0,16,326,701,1392,1679,1755,1342,1392,0,8,0,22,231362,0,0,475578328,23548011,73303946,0,0,135014,4,4,0,3289055,3289055,0,0,2193135,90014,2.4,0.7
642,2026-05-15 15:03:44,5,q40,0,11,273,466,728,1469,1041,1057,1141,0,0,0,9,2161805,0,0,458498256,1623625,10884810,0,0,534,1,1,0,31932,31932,0,0,31932,534,3.15,0.47
643,2026-05-15 15:03:45,5,q41,0,3,52,156,152,1616,145,264,283,0,0,0,0,232092,0,0,262144,1,87174,0,0,0,0,0,0,0,0,0,0,0,0,10.36,0.16
644,2026-05-15 15:03:47,5,q42,0,7,169,333,344,1176,707,685,717,0,0,0,2,232049,0,0,105385704,2918407,19156218,0,0,10,1,1,0,925,925,0,0,925,10,3.53,0.33
645,2026-05-15 15:03:48,5,q43,0,7,169,456,493,1460,1068,718,713,0,60,0,1,232049,0,0,105168104,2900419,8165677,0,0,6,1,1,0,618,618,0,0,618,6,3.2,0.46
646,2026-05-15 15:03:50,5,q44,0,11,188,424,412,1011,413,664,720,0,0,0,11,298111,0,0,486696104,5778811,32244430,0,0,36021,5,5,0,574234,574234,0,0,287345,18022,2.38,0.42
647,2026-05-15 15:03:51,5,q45,0,13,319,397,945,1691,1079,1313,1383,0,96,0,2,1045273,0,0,1017800936,925390,6259066,0,0,19,1,1,0,1799,1799,0,0,1799,19,4.26,0.4
648,2026-05-15 15:03:53,5,q46,0,13,323,714,1325,2079,1395,1301,1394,0,90,0,10,3116112,0,0,285873232,3057622,25916890,0,0,10081,1,1,0,430760,430760,0,0,430760,10081,2.91,0.71
649,2026-05-15 15:03:54,5,q47,0,15,232,1200,1767,3422,2923,950,972,0,90,0,102,398425,0,0,1670381912,2918420,14023615,0,0,499240,30,30,0,15789663,15789663,0,0,11851696,370924,2.85,1.2
650,2026-05-15 15:03:57,5,q48,0,8,205,178,574,1200,747,917,914,0,70,0,0,232307,0,0,0,20016,445896,0,0,0,0,0,0,0,0,0,0,0,0,6.74,0.18
651,2026-05-15 15:03:58,5,q49,0,19,411,839,1352,3299,2228,1624,1676,0,30,0,14,232049,0,0,913058176,5564687,68786097,0,0,170,9,9,0,11817,11817,0,0,11817,170,3.93,0.84
652,2026-05-15 15:04:00,5,q50,0,11,274,708,1043,2070,1501,1100,1177,7,98,0,1,4413222,0,0,1490206824,3260984,15645288,0,0,6,1,1,0,1447,1447,0,0,1447,6,2.92,0.71
653,2026-05-15 15:04:02,5,q51,0,13,219,981,1229,5282,4610,733,784,0,27,0,464,232006,0,0,3659610976,3619791,16571629,0,0,2523869,299,299,0,43438446,43438446,0,0,43438446,2523869,5.38,0.98
654,2026-05-15 15:04:04,5,q51a,0,17,250,2378,3038,25215,22621,825,873,0,1030,0,784,1761560,0,0,11936306224,3619791,16571629,0,0,4889102,693,693,0,83968631,83968631,0,0,61032787,3644888,10.6,2.38
655,2026-05-15 15:04:07,5,q52,0,7,169,379,378,1253,713,734,706,0,0,0,5,232049,0,0,105385704,2918407,19156218,0,0,109,1,1,0,9739,9739,0,0,9739,109,3.31,0.38
656,2026-05-15 15:04:09,5,q53,0,7,154,150,345,1074,692,671,678,0,0,0,0,232049,0,0,0,20015,505062,0,0,0,0,0,0,0,0,0,0,0,0,7.16,0.15
657,2026-05-15 15:04:10,5,q54,0,15,408,347,2410,2394,1733,1800,1810,7,182,0,2,1045273,0,0,524288,160020,1964994,0,0,0,0,0,0,0,0,0,0,118,2,6.9,0.35
658,2026-05-15 15:04:11,5,q55,0,7,169,304,323,934,668,653,698,0,0,0,5,232049,0,0,105385704,2918407,19156218,0,0,104,1,1,0,8981,8981,0,0,8981,104,3.07,0.3
659,2026-05-15 15:04:13,5,q56,0,7,154,174,447,1044,543,912,694,0,0,0,0,232135,0,0,0,70003,768425,0,0,0,0,0,0,0,0,0,0,0,0,6.0,0.17
660,2026-05-15 15:04:14,5,q57,0,13,224,849,1109,2336,1869,957,950,0,80,0,33,491406,0,0,651427776,1479558,7047928,0,0,160920,5,5,0,4348229,4348229,0,0,2602187,96552,2.75,0.85
661,2026-05-15 15:04:16,5,q58,0,17,401,659,928,2838,2214,1630,1654,0,12,0,36,232049,0,0,715438792,5225441,34148457,0,0,17396,3,3,0,287209,287209,0,0,287209,17396,4.31,0.66
662,2026-05-15 15:04:17,5,q59,0,16,325,658,1412,2617,2085,1280,1413,0,0,0,26,680942,0,0,286765128,2993483,8867462,0,0,7524,4,4,0,133338,133338,0,0,89016,5952,3.98,0.66
663,2026-05-15 15:04:19,5,q60,0,7,154,136,338,931,520,657,670,0,96,0,0,232049,0,0,0,70003,771061,0,0,0,0,0,0,0,0,0,0,0,0,6.85,0.14
664,2026-05-15 15:04:20,5,q61,0,14,309,242,1229,1474,936,1262,1335,0,0,0,0,1045273,0,0,0,170318,1814287,0,0,0,0,0,0,0,0,0,0,0,0,6.09,0.24
665,2026-05-15 15:04:22,5,q62,0,11,267,449,757,1625,1075,1102,1138,0,48,0,6,232436,0,0,187997616,739444,3265876,0,0,150,1,1,0,17537,17537,0,0,17537,150,3.62,0.45
666,2026-05-15 15:04:23,5,q63,0,7,154,143,285,970,685,653,679,0,0,0,0,232049,0,0,0,20015,505062,0,0,0,0,0,0,0,0,0,0,0,0,6.78,0.14
667,2026-05-15 15:04:24,5,q64,0,22,659,467,4658,2743,1652,2716,2851,0,96,0,0,375175,0,0,0,120594,1289289,0,0,0,0,0,0,0,0,0,0,0,0,5.87,0.47
668,2026-05-15 15:04:26,5,q65,0,15,295,607,1029,2177,1405,1134,1187,0,128,0,32,1710264,0,0,464757040,5798825,28248760,0,0,162108,9,9,0,7984419,7984419,0,0,7984419,162108,3.59,0.61
669,2026-05-15 15:04:28,5,q66,0,8,204,138,466,775,458,849,890,0,0,0,0,232049,0,0,0,20029,348434,0,0,0,0,0,0,0,0,0,0,0,0,5.62,0.14
670,2026-05-15 15:04:29,5,q67,0,10,237,2603,2716,8712,8034,905,976,0,61,0,113,804447,0,0,2776621424,2918420,16876781,0,0,523804,34,34,0,35032320,35032320,0,0,35032320,523804,3.35,2.6
671,2026-05-15 15:04:33,5,q67a,0,18,368,2832,8775,28701,23525,1159,1206,3,230,0,3962,804447,0,0,19351456272,2918420,16876781,0,0,3913413,393,393,0,254672067,254672067,0,0,74909707,1194405,10.13,2.83
672,2026-05-15 15:04:37,5,q68,0,13,323,720,1333,2193,1410,1337,1371,0,53,0,10,3116112,0,0,218427752,3057622,39533551,0,0,2221,1,1,0,125465,125465,0,0,125465,2221,3.05,0.72
673,2026-05-15 15:04:39,5,q69,0,19,405,1072,1452,2574,1943,1483,1561,9,7,0,58,27823006,0,0,405233080,7132143,16128765,0,0,239275,5,5,0,1895318,1895318,0,0,1895318,239275,2.4,1.07
674,2026-05-15 15:04:41,5,q70,0,14,289,784,875,2048,1509,1150,1212,0,0,0,4,232049,0,0,478903664,5780837,27583546,0,0,19,4,4,0,840,840,0,0,840,19,2.61,0.78
675,2026-05-15 15:04:43,5,q70a,0,17,294,770,857,1674,1438,1159,1197,0,65,0,11,231361,0,0,883653600,5780837,27583546,0,0,24,11,11,0,1381,1381,0,0,1169,22,2.17,0.77
676,2026-05-15 15:04:45,5,q71,0,6,153,165,410,963,546,939,698,0,0,0,0,232092,0,0,0,20003,415391,0,0,0,0,0,0,0,0,0,0,0,0,5.84,0.16
677,2026-05-15 15:04:46,5,q72,0,19,558,417,3526,2533,1676,2423,2441,0,138,0,0,1169836,0,0,0,184414,2964086,0,0,0,0,0,0,0,0,0,0,0,0,6.07,0.42
678,2026-05-15 15:04:47,5,q73,0,8,204,191,638,1269,878,880,898,0,84,0,0,232006,0,0,0,20016,433882,0,0,0,0,0,0,0,0,0,0,0,0,6.64,0.19
679,2026-05-15 15:04:49,5,q74,0,18,414,860,1895,4286,3023,1812,1682,1,0,0,47,3001190,0,0,1804473784,7339583,38808856,0,0,98902,4,4,0,3653467,3653467,0,0,3653467,98902,4.98,0.86
680,2026-05-15 15:04:51,5,q75,0,9,303,243,1014,1472,859,1353,1309,0,154,0,0,232651,0,0,0,40006,646400,0,0,0,0,0,0,0,0,0,0,0,0,6.06,0.24
681,2026-05-15 15:04:52,5,q76,0,9,297,542,478,1995,1626,1159,1228,0,0,0,18,380855,0,0,589105152,5132390,35585240,0,0,509,3,3,0,45030,45030,0,0,45030,509,3.68,0.54
682,2026-05-15 15:04:54,5,q77,0,23,513,725,1138,3081,2036,2058,2098,0,84,0,19,232049,0,0,779900496,5564761,50068677,0,0,135,11,11,0,12492,12492,0,0,12492,135,4.25,0.72
683,2026-05-15 15:04:55,5,q77a,0,26,518,746,1075,2167,1946,2125,2120,0,96,0,26,231447,0,0,1318868360,5564761,50068677,0,0,247,22,22,0,28264,28264,0,0,17042,167,2.9,0.75
684,2026-05-15 15:04:57,5,q78,0,17,424,1176,2298,6658,4990,1837,1744,0,0,0,54,3102610,0,0,6871707440,5564687,47674138,0,0,872646,35,35,0,20939025,20939025,0,0,20939025,872646,5.66,1.18
685,2026-05-15 15:05:00,5,q79,0,11,272,573,1007,1992,1285,1106,1171,19,72,0,10,2502367,0,0,207498960,3007621,25022707,0,0,7013,1,1,0,231553,231553,0,0,231553,7013,3.48,0.57
686,2026-05-15 15:05:01,5,q80,0,26,663,1077,3661,4508,2778,2702,2728,0,112,0,25,5715289,0,0,1779481200,5594752,74578010,0,0,856,6,6,0,70474,70474,0,0,70474,856,4.19,1.08
687,2026-05-15 15:05:03,5,q80a,0,29,668,1182,3165,2854,2656,2798,2798,0,206,0,39,5715203,0,0,2251340232,5594752,74578010,0,0,1883,17,17,0,173167,173167,0,0,98845,1133,2.41,1.18
688,2026-05-15 15:05:06,5,q81,0,15,314,506,936,2004,810,1320,1337,0,112,0,27,4061421,0,0,515053560,508140,7808764,0,0,53901,3,3,0,927284,927284,0,0,927284,53901,3.96,0.51
689,2026-05-15 15:05:07,5,q82,0,9,228,1058,948,1633,1109,888,930,11,61,0,1,15022836,0,0,1230756904,14663408,43991378,0,0,2,1,1,0,479,479,0,0,479,2,1.54,1.06
690,2026-05-15 15:05:10,5,q83,0,17,366,636,568,1796,940,1486,1581,0,0,0,33,232049,0,0,427127792,740501,5485187,0,0,4250,3,3,0,93519,93519,0,0,93519,4250,2.82,0.64
691,2026-05-15 15:05:11,5,q84,0,13,312,647,923,1014,355,1457,1308,0,70,0,0,9751042,0,0,204944448,2365540,11695570,0,0,25,1,1,0,966,966,0,0,966,25,1.57,0.65
692,2026-05-15 15:05:13,5,q85,0,12,356,246,1260,1400,565,1438,1539,4,0,0,0,232049,0,0,0,20102,444706,0,0,0,0,0,0,0,0,0,0,0,0,5.69,0.25
693,2026-05-15 15:05:14,5,q86,0,8,166,354,374,1281,902,752,712,14,135,0,8,271427,0,0,269477624,757387,5384247,0,0,266,2,2,0,17966,17966,0,0,17966,266,3.62,0.35
694,2026-05-15 15:05:16,5,q86a,0,11,171,370,360,981,916,680,719,0,0,0,19,271427,0,0,808445400,757387,5384247,0,0,641,9,9,0,51729,51729,0,0,30007,399,2.65,0.37
695,2026-05-15 15:05:17,5,q87,0,15,302,652,1138,2472,1970,1251,1200,0,80,0,45,2502324,0,0,1370428032,5161341,7443247,0,0,138876,5,5,0,3440760,3440760,0,0,3440760,138876,3.79,0.65
696,2026-05-15 15:05:19,5,q88,0,44,1046,1051,4642,4300,2376,3945,4050,0,75,0,33,232436,0,0,411870208,23250462,31467812,0,0,128,128,128,0,7192,7192,0,0,7192,128,4.09,1.05
697,2026-05-15 15:05:21,5,q89,0,7,154,152,370,1072,719,627,681,18,48,0,0,232092,0,0,0,20015,439526,0,0,0,0,0,0,0,0,0,0,0,0,7.05,0.15
698,2026-05-15 15:05:22,5,q90,0,14,330,376,730,1678,994,1247,1371,0,0,0,2,232049,0,0,77666496,1486034,3689729,0,0,24,24,24,0,1350,1350,0,0,1350,24,4.46,0.38
699,2026-05-15 15:05:24,5,q91,0,12,307,242,1257,1618,885,1318,1331,0,90,0,0,232436,0,0,0,77212,853291,0,0,0,0,0,0,0,0,0,0,0,0,6.69,0.24
700,2026-05-15 15:05:25,5,q92,0,11,229,327,428,1699,1276,893,938,0,0,0,13,232049,0,0,98207576,1476772,10326045,0,0,9069,3,3,0,143446,143446,0,0,143446,9069,5.2,0.33
701,2026-05-15 15:05:26,5,q93,0,4,102,67,120,280,67,417,437,0,0,0,0,232049,0,0,0,2,9682,0,0,0,0,0,0,0,0,0,0,0,0,4.18,0.07
702,2026-05-15 15:05:27,5,q94,0,10,256,198,701,1298,520,1046,1069,0,128,0,0,260374,0,0,0,141774,998360,0,0,0,0,0,0,0,0,0,0,0,0,6.56,0.2
703,2026-05-15 15:05:29,5,q95,0,11,306,229,961,1127,1066,1251,1347,0,6,0,0,260486,0,0,0,141769,1012334,0,0,0,0,0,0,0,0,0,0,0,0,4.92,0.23
704,2026-05-15 15:05:30,5,q96,0,9,220,340,472,1142,637,857,912,0,0,0,2,232049,0,0,51086464,2907620,3968546,0,0,16,16,16,0,899,899,0,0,899,16,3.36,0.34
705,2026-05-15 15:05:31,5,q97,0,8,192,694,852,3405,2724,713,752,0,56,0,29,232049,0,0,2381671120,4341955,13734368,0,0,834974,24,24,0,8658863,8658863,0,0,8658863,834974,4.91,0.69
706,2026-05-15 15:05:33,5,q98,0,5,103,96,145,590,422,426,460,0,0,0,0,232049,0,0,0,20002,400414,0,0,0,0,0,0,0,0,0,0,0,0,6.15,0.1
707,2026-05-15 15:05:34,5,q99,0,11,271,479,809,1736,1353,1071,1150,0,0,0,4,232049,0,0,205833808,1461584,4722351,0,0,90,1,1,0,11250,11250,0,0,11250,90,3.62,0.48
708,2026-05-15 15:05:36,6,q1,0,13,265,451,715,1745,1097,1115,1151,7,249,0,23,1022096,0,0,430215328,695045,7033202,0,0,99878,3,3,0,1544051,1544051,0,0,1544051,99878,3.87,0.45
709,2026-05-15 15:05:37,6,q2,0,14,286,587,735,2235,2046,1136,1211,0,0,0,20,680942,0,0,415741384,2273986,10747269,0,0,4453,8,8,0,91309,91309,0,0,38659,3403,3.81,0.59
710,2026-05-15 15:05:39,6,q3,0,7,169,340,345,1131,636,668,710,0,0,0,4,232049,0,0,109346792,2971456,19277177,0,0,89,1,1,0,8279,8279,0,0,8279,89,3.33,0.34
711,2026-05-15 15:05:40,6,q4,0,25,555,1319,4329,7190,5871,2596,2228,0,184,0,86,7499173,0,0,5381169320,10222681,162935414,0,0,153369,15,15,0,12744446,12744446,0,0,12744446,153369,5.45,1.32
712,2026-05-15 15:05:43,6,q5,0,21,623,878,1833,4249,2839,2543,2574,1,135,0,48,1657981,0,0,722692208,6295835,55461751,0,0,1515,9,9,0,100764,100764,0,0,100764,1515,4.84,0.88
713,2026-05-15 15:05:45,6,q5a,0,24,628,916,1664,3161,2715,2514,2584,12,60,0,65,1657981,0,0,1261660080,6295835,55461751,0,0,3255,20,20,0,237079,237079,0,0,139181,2005,3.45,0.92
714,2026-05-15 15:05:47,6,q6,0,19,393,721,1257,2429,1603,1543,1596,0,91,0,58,883229,0,0,393451552,3159460,11222327,0,0,2785514,5,5,0,24471970,24471970,0,0,24471970,2785514,3.37,0.72
715,2026-05-15 15:05:49,6,q7,0,9,206,163,500,1029,492,844,887,0,0,0,0,232049,0,0,0,38304,685159,0,0,0,0,0,0,0,0,0,0,0,0,6.31,0.16
716,2026-05-15 15:05:50,6,q8,0,16,326,602,885,1864,1134,1330,1402,7,96,0,14,494133,0,0,1390749344,3100422,15216122,0,0,3491,4,4,0,59073,59073,0,0,59073,3491,3.1,0.6
717,2026-05-15 15:05:52,6,q9,0,17,386,399,1466,1965,882,1229,1363,0,14,0,10,232049,0,0,0,14402061,92519791,0,0,80,80,80,0,4687,4687,0,0,4687,80,4.92,0.4
718,2026-05-15 15:05:53,6,q10,0,19,405,1161,1490,2596,1966,1511,1587,2,0,0,50,28184395,0,0,676579040,7132143,16225049,0,0,287659,5,5,0,1909302,1909302,0,0,1909302,287659,2.24,1.16
719,2026-05-15 15:05:55,6,q10a,0,17,404,1322,1288,1807,1864,1532,1604,2,0,0,58,28184395,0,0,675006688,7132143,16225049,0,0,283274,5,5,0,1906126,1906126,0,0,1906126,283274,1.37,1.32
720,2026-05-15 15:05:58,6,q11,0,19,419,903,1988,3932,3128,1625,1710,0,24,0,52,7499173,0,0,3424523464,7339583,55328024,0,0,98990,11,11,0,8222867,8222867,0,0,8222867,98990,4.35,0.9
721,2026-05-15 15:06:00,6,q12,0,5,103,93,142,562,405,429,457,0,0,0,0,232049,0,0,0,20002,400414,0,0,0,0,0,0,0,0,0,0,0,0,6.04,0.09
722,2026-05-15 15:06:01,6,q13,0,11,257,214,835,1348,782,1055,1099,0,0,0,0,232006,0,0,0,77217,1001046,0,0,0,0,0,0,0,0,0,0,0,0,6.3,0.21
723,2026-05-15 15:06:02,6,q14a,0,46,1002,3639,4744,8614,7114,3771,3933,0,266,0,368,369484,0,0,2708324176,15256024,78647529,0,0,6319776,83,83,0,87464350,87464350,0,0,86336662,6292360,2.37,3.64
724,2026-05-15 15:06:08,6,q14b,0,40,954,2371,4844,7603,6411,3702,3832,0,149,0,180,380193,0,0,1252936104,13241190,63753498,0,0,6855449,57,57,0,96932172,96932172,0,0,50714546,4105138,3.21,2.37
725,2026-05-15 15:06:11,6,q14,0,40,954,2238,4586,6953,6255,3774,3825,0,227,0,184,380193,0,0,1260964264,13241190,63753498,0,0,6844878,57,57,0,96252553,96252553,0,0,50034927,4094567,3.11,2.24
726,2026-05-15 15:06:15,6,q15,0,9,221,629,769,1639,1278,1024,933,0,132,0,6,1045273,0,0,308880720,1611552,6841119,0,0,202,1,1,0,11828,11828,0,0,11828,202,2.61,0.63
727,2026-05-15 15:06:17,6,q16,0,14,340,804,1209,2381,1586,1573,1323,0,0,0,7,7193108,0,0,1238704384,3097181,22342280,0,0,237,2,2,0,11981,11981,0,0,11981,237,2.96,0.8
728,2026-05-15 15:06:18,6,q17,0,16,408,1067,2357,5953,4336,1537,1672,0,244,0,63,6124144,0,0,3885150096,4667485,25841512,0,0,1629074,35,35,0,31753837,31753837,0,0,31753837,1629074,5.58,1.07
729,2026-05-15 15:06:21,6,q18,0,11,306,205,922,1045,529,1237,1326,0,0,0,0,232049,0,0,0,88006,1184633,0,0,0,0,0,0,0,0,0,0,0,0,5.1,0.2
730,2026-05-15 15:06:22,6,q18a,0,20,512,299,2182,530,588,2410,2213,28,362,0,0,857079,0,0,0,356010,4430334,0,0,0,0,0,0,0,0,0,0,0,0,1.77,0.3
731,2026-05-15 15:06:23,6,q19,0,13,323,709,1359,2536,1543,1432,1372,0,140,0,6,1045273,0,0,275582184,3068422,23026943,0,0,160,1,1,0,17796,17796,0,0,17796,160,3.58,0.71
732,2026-05-15 15:06:25,6,q20,0,5,103,94,145,592,413,439,462,0,0,0,0,232049,0,0,0,20002,400414,0,0,0,0,0,0,0,0,0,0,0,0,6.3,0.09
733,2026-05-15 15:06:26,6,q21,0,9,213,703,840,1463,978,951,917,5,159,0,10,232694,0,0,165745248,11783009,36999935,0,0,2795,1,1,0,97587,97587,0,0,97587,2795,2.08,0.7
734,2026-05-15 15:06:28,6,q22,0,9,213,7822,7936,8718,8100,859,889,1,4,0,11,804447,0,0,225717568,11783012,36954499,0,0,35968,1,1,0,1544161,1544161,0,0,1544161,35968,1.11,7.82
735,2026-05-15 15:06:37,6,q22a,0,14,222,1331,1506,1839,1685,881,938,8,27,0,50,804447,0,0,1043344704,11783009,36965943,0,0,72373,14,14,0,3722976,3722976,0,0,1718132,36377,1.38,1.33
736,2026-05-15 15:06:39,6,q23a,0,26,619,2324,5080,10283,8797,2277,2414,0,148,0,221,1169836,0,0,4199777904,10980154,49256743,0,0,3812080,114,114,0,98368916,98368916,0,0,98366379,3812037,4.42,2.32
737,2026-05-15 15:06:43,6,q23b,0,31,691,2303,5151,8949,8113,2579,2674,1,92,0,245,1169836,0,0,6766694776,11080155,50329476,0,0,3908567,130,130,0,100971109,100971109,0,0,100968572,3908524,3.89,2.3
738,2026-05-15 15:06:46,6,q24,0,8,253,189,634,1131,525,1041,1107,0,0,0,0,232049,0,0,0,17,123999,0,0,0,0,0,0,0,0,0,0,0,0,5.98,0.19
739,2026-05-15 15:06:47,6,q24a,0,8,253,150,583,647,468,1044,1109,0,0,0,0,232049,0,0,0,17,123999,0,0,0,0,0,0,0,0,0,0,0,0,4.31,0.15
740,2026-05-15 15:06:49,6,q24b,0,8,253,137,500,376,436,1046,1110,0,0,0,0,231361,0,0,0,17,123999,0,0,0,0,0,0,0,0,0,0,0,0,2.74,0.14
741,2026-05-15 15:06:50,6,q25,0,16,408,1030,2453,5668,4484,1610,1654,7,251,0,60,6156676,0,0,3885125480,4667485,40099112,0,0,1629074,35,35,0,32135493,32135493,0,0,32135493,1629074,5.5,1.03
742,2026-05-15 15:06:52,6,q26,0,9,206,184,583,965,473,1106,906,0,155,0,0,232608,0,0,0,38304,685159,0,0,0,0,0,0,0,0,0,0,0,0,5.24,0.18
743,2026-05-15 15:06:53,6,q27,0,9,206,154,521,817,790,919,914,0,0,0,0,231361,0,0,0,38016,667707,0,0,0,0,0,0,0,0,0,0,0,0,5.31,0.15
744,2026-05-15 15:06:55,6,q27a,0,13,308,233,1164,1203,1136,1351,1360,0,155,0,0,231872,0,0,0,56030,861877,0,0,0,0,0,0,0,0,0,0,0,0,5.16,0.23
745,2026-05-15 15:06:56,6,q28,0,24,408,919,1455,4004,1582,1480,1494,0,122,0,66,232049,0,0,832044768,17282430,141905886,0,0,47107,12,12,0,769812,769812,0,0,769812,47107,4.36,0.92
746,2026-05-15 15:06:58,6,q29,0,18,459,1039,2851,5599,4626,1870,1882,0,179,0,60,6124144,0,0,3885232920,4687486,26315794,0,0,1629074,35,35,0,31753942,31753942,0,0,31753942,1629074,5.39,1.04
747,2026-05-15 15:07:00,6,q30,0,15,312,423,838,1441,782,1280,1332,1,0,0,24,10380174,0,0,522636280,363532,8306778,0,0,25935,3,3,0,489698,489698,0,0,489698,25935,3.41,0.42
748,2026-05-15 15:07:01,6,q31,0,29,597,907,2284,5169,3664,2583,2376,0,90,0,89,773451,0,0,1504829528,10909374,55414596,0,0,9842,9,9,0,364513,364513,0,0,319380,8582,5.7,0.91
749,2026-05-15 15:07:03,6,q32,0,11,237,372,508,1810,1377,995,966,21,110,0,12,232479,0,0,107637432,2921100,18622264,0,0,9308,3,3,0,150123,150123,0,0,150123,9308,4.87,0.37
750,2026-05-15 15:07:05,6,q33,0,7,154,127,308,779,514,640,660,0,0,0,0,232049,0,0,0,70003,771061,0,0,0,0,0,0,0,0,0,0,0,0,6.13,0.13
751,2026-05-15 15:07:06,6,q34,0,8,204,181,603,1257,916,919,904,0,75,0,0,232608,0,0,0,20016,433882,0,0,0,0,0,0,0,0,0,0,0,0,6.94,0.18
752,2026-05-15 15:07:07,6,q35,0,19,405,950,1408,2395,1909,1481,1567,1,0,0,63,24076202,0,0,484354584,7132143,16087195,0,0,646325,5,5,0,2473533,2473533,0,0,2473533,646325,2.52,0.95
753,2026-05-15 15:07:09,6,q35a,0,17,404,908,1299,1889,1804,1580,1585,2,203,0,62,24076159,0,0,485651880,7132143,16087195,0,0,646170,5,5,0,2472271,2472271,0,0,2472271,646170,2.08,0.91
754,2026-05-15 15:07:11,6,q36,0,10,221,662,824,1717,1208,946,928,0,85,0,7,271427,0,0,308864056,2918420,31058515,0,0,266,2,2,0,19035,19035,0,0,19035,266,2.59,0.66
755,2026-05-15 15:07:13,6,q36a,0,13,226,582,686,1223,1123,896,946,0,0,0,18,271427,0,0,847831928,2918420,31058515,0,0,641,9,9,0,56190,56190,0,0,32454,399,2.1,0.58
756,2026-05-15 15:07:15,6,q37,0,9,228,750,799,1590,1173,967,946,0,70,0,1,7287807,0,0,626776552,13224552,41162794,0,0,1,1,1,0,253,253,0,0,253,1,2.12,0.75
757,2026-05-15 15:07:17,6,q38,0,15,302,621,1075,2460,1915,1150,1189,1,0,0,45,2502324,0,0,1370428032,5161341,7443247,0,0,138876,5,5,0,3440760,3440760,0,0,3440760,138876,3.96,0.62
758,2026-05-15 15:07:18,6,q39a,0,16,326,936,1806,2640,2137,1327,1374,0,75,0,33,232307,0,0,475832280,23548011,73303946,0,0,135243,4,4,0,3309465,3309465,0,0,2213545,90243,2.82,0.94
759,2026-05-15 15:07:20,6,q39b,0,16,326,741,1460,1793,1797,1401,1397,0,12,0,22,231534,0,0,475578328,23548011,73303946,0,0,135014,4,4,0,3289055,3289055,0,0,2193135,90014,2.42,0.74
760,2026-05-15 15:07:22,6,q40,0,11,273,467,746,1560,1054,1081,1161,0,0,0,9,2161762,0,0,458498256,1623625,10884810,0,0,534,1,1,0,31932,31932,0,0,31932,534,3.34,0.47
761,2026-05-15 15:07:24,6,q41,0,3,52,155,151,1628,144,270,278,0,0,0,0,232049,0,0,262144,1,87174,0,0,0,0,0,0,0,0,0,0,0,0,10.5,0.16
762,2026-05-15 15:07:25,6,q42,0,7,169,332,355,1298,687,720,706,14,217,0,2,232522,0,0,105385704,2918407,19156218,0,0,10,1,1,0,925,925,0,0,925,10,3.91,0.33
763,2026-05-15 15:07:26,6,q43,0,7,169,409,439,1415,1034,683,720,1,0,0,1,232049,0,0,105168104,2900419,8165677,0,0,6,1,1,0,618,618,0,0,618,6,3.46,0.41
764,2026-05-15 15:07:28,6,q44,0,11,188,420,404,951,414,691,722,0,0,0,11,298111,0,0,486696104,5778811,32244430,0,0,36021,5,5,0,574234,574234,0,0,287345,18022,2.26,0.42
765,2026-05-15 15:07:29,6,q45,0,13,319,394,949,1620,1086,1291,1352,0,90,0,2,1045273,0,0,1017800936,925390,6259066,0,0,19,1,1,0,1799,1799,0,0,1799,19,4.11,0.39
766,2026-05-15 15:07:31,6,q46,0,13,323,633,1233,1895,1298,1300,1385,0,0,0,10,3116112,0,0,285873232,3057622,25916890,0,0,10081,1,1,0,430760,430760,0,0,430760,10081,2.99,0.63
767,2026-05-15 15:07:32,6,q47,0,15,232,1204,1759,3548,2910,905,972,0,96,0,103,398425,0,0,1670381912,2918420,14023615,0,0,499240,30,30,0,15789663,15789663,0,0,11851696,370924,2.95,1.2
768,2026-05-15 15:07:35,6,q48,0,9,206,194,590,1312,790,845,908,0,4,0,0,232006,0,0,0,70016,962914,0,0,0,0,0,0,0,0,0,0,0,0,6.76,0.19
769,2026-05-15 15:07:36,6,q49,0,19,411,772,1266,3249,2139,1630,1667,0,0,0,13,232049,0,0,913058176,5564687,68786097,0,0,170,9,9,0,11817,11817,0,0,11817,170,4.21,0.77
770,2026-05-15 15:07:38,6,q50,0,11,274,700,1030,2062,1516,1159,1193,0,105,0,2,4413222,0,0,1490206824,3260984,15645288,0,0,6,1,1,0,1447,1447,0,0,1447,6,2.95,0.7
771,2026-05-15 15:07:40,6,q51,0,13,219,1000,1206,5556,4658,753,801,0,88,0,653,232006,0,0,3659610976,3619791,16571629,0,0,2523869,299,299,0,43438446,43438446,0,0,43438446,2523869,5.56,1.0
772,2026-05-15 15:07:42,6,q51a,0,17,250,2466,3127,25818,22460,818,859,0,754,0,823,1761560,0,0,11936306224,3619791,16571629,0,0,4889102,693,693,0,83968631,83968631,0,0,61032787,3644888,10.47,2.47
773,2026-05-15 15:07:45,6,q52,0,7,169,384,414,1300,723,823,722,0,0,0,5,232092,0,0,105385704,2918407,19156218,0,0,109,1,1,0,9739,9739,0,0,9739,109,3.39,0.38
774,2026-05-15 15:07:47,6,q53,0,7,154,146,340,1046,713,670,695,0,0,0,0,232049,0,0,0,20015,505062,0,0,0,0,0,0,0,0,0,0,0,0,7.16,0.15
775,2026-05-15 15:07:48,6,q54,0,13,405,338,2090,2393,1708,1749,1801,0,161,0,1,232049,0,0,262144,40020,763974,0,0,0,0,0,0,0,0,0,0,59,1,7.08,0.34
776,2026-05-15 15:07:49,6,q55,0,7,169,310,334,1097,674,667,709,0,80,0,5,232049,0,0,105385704,2918407,19156218,0,0,104,1,1,0,8981,8981,0,0,8981,104,3.54,0.31
777,2026-05-15 15:07:51,6,q56,0,7,154,127,313,807,531,628,670,0,0,0,0,232049,0,0,0,70003,768425,0,0,0,0,0,0,0,0,0,0,0,0,6.35,0.13
778,2026-05-15 15:07:52,6,q57,0,13,224,839,1113,2406,1857,918,949,0,80,0,33,491406,0,0,651427776,1479558,7047928,0,0,160920,5,5,0,4348229,4348229,0,0,2602187,96552,2.87,0.84
779,2026-05-15 15:07:54,6,q58,0,17,401,646,926,2747,2193,1680,1660,0,55,0,32,232522,0,0,715438792,5225441,34148457,0,0,17396,3,3,0,287209,287209,0,0,287209,17396,4.25,0.65
780,2026-05-15 15:07:56,6,q59,0,16,325,670,1462,2526,2074,1359,1402,5,96,0,26,680942,0,0,286765128,2993483,8867462,0,0,7524,4,4,0,133338,133338,0,0,89016,5952,3.77,0.67
781,2026-05-15 15:07:57,6,q60,0,7,154,127,310,818,517,638,665,0,0,0,0,232049,0,0,0,70003,771061,0,0,0,0,0,0,0,0,0,0,0,0,6.44,0.13
782,2026-05-15 15:07:59,6,q61,0,14,309,247,1247,1522,949,1324,1341,1,78,0,0,1045273,0,0,0,170318,1814287,0,0,0,0,0,0,0,0,0,0,0,0,6.16,0.25
783,2026-05-15 15:08:00,6,q62,0,11,267,443,725,1546,1072,1058,1135,0,0,0,6,232049,0,0,187997616,739444,3265876,0,0,150,1,1,0,17537,17537,0,0,17537,150,3.49,0.44
784,2026-05-15 15:08:01,6,q63,0,7,154,150,301,1024,705,740,699,0,90,0,0,232049,0,0,0,20015,505062,0,0,0,0,0,0,0,0,0,0,0,0,6.83,0.15
785,2026-05-15 15:08:03,6,q64,0,23,661,465,4733,2649,1664,2765,2830,0,112,0,0,2700452,0,0,0,220594,3180549,0,0,0,0,0,0,0,0,0,0,0,0,5.7,0.46
786,2026-05-15 15:08:04,6,q65,0,15,295,574,955,1977,1382,1129,1187,0,0,0,32,1710264,0,0,464757040,5798825,28248760,0,0,162108,9,9,0,7984419,7984419,0,0,7984419,162108,3.44,0.57
787,2026-05-15 15:08:06,6,q66,0,8,204,160,553,863,468,1021,883,0,212,0,0,232737,0,0,0,20029,348434,0,0,0,0,0,0,0,0,0,0,0,0,5.39,0.16
788,2026-05-15 15:08:07,6,q67,0,10,237,2524,2642,7725,7141,913,996,0,4,0,133,804447,0,0,2776621424,2918420,16876781,0,0,523804,34,34,0,35032320,35032320,0,0,35032320,523804,3.06,2.52
789,2026-05-15 15:08:11,6,q67a,0,18,368,2709,9114,27551,22229,1169,1210,0,292,0,4211,804447,0,0,19351456272,2918420,16876781,0,0,3913413,393,393,0,254672067,254672067,0,0,74909707,1194405,10.17,2.71
790,2026-05-15 15:08:15,6,q68,0,13,323,701,1354,2212,1417,1299,1356,0,75,0,10,3116112,0,0,218427752,3057622,39533551,0,0,2221,1,1,0,125465,125465,0,0,125465,2221,3.16,0.7
791,2026-05-15 15:08:17,6,q69,0,19,405,1092,1541,2780,1970,1592,1584,2,21,0,64,27823006,0,0,405233080,7132143,16128765,0,0,239275,5,5,0,1895318,1895318,0,0,1895318,239275,2.55,1.09
792,2026-05-15 15:08:19,6,q70,0,14,289,814,920,2088,1509,1249,1197,0,104,0,4,232737,0,0,478903664,5780837,27583546,0,0,19,4,4,0,840,840,0,0,840,19,2.57,0.81
793,2026-05-15 15:08:21,6,q70a,0,17,294,719,798,1591,1396,1127,1206,0,0,0,10,231361,0,0,883653600,5780837,27583546,0,0,24,11,11,0,1381,1381,0,0,1169,22,2.21,0.72
794,2026-05-15 15:08:22,6,q71,0,6,153,132,343,964,533,641,684,12,84,0,0,232092,0,0,0,20003,415391,0,0,0,0,0,0,0,0,0,0,0,0,7.3,0.13
795,2026-05-15 15:08:24,6,q72,0,18,557,413,3368,2494,1639,2376,2439,0,70,0,0,670616,0,0,0,166414,1810506,0,0,0,0,0,0,0,0,0,0,0,0,6.04,0.41
796,2026-05-15 15:08:25,6,q73,0,8,204,181,591,1188,851,845,883,0,0,0,0,231963,0,0,0,20016,433882,0,0,0,0,0,0,0,0,0,0,0,0,6.56,0.18
797,2026-05-15 15:08:26,6,q74,0,18,414,814,1821,3651,2802,1768,1695,2,12,0,47,3001190,0,0,1804473784,7339583,38808856,0,0,98902,4,4,0,3653467,3653467,0,0,3653467,98902,4.49,0.81
798,2026-05-15 15:08:28,6,q75,0,9,303,232,998,1396,858,1231,1312,0,0,0,0,232049,0,0,0,40006,646400,0,0,0,0,0,0,0,0,0,0,0,0,6.02,0.23
799,2026-05-15 15:08:30,6,q76,0,9,297,500,440,1951,1519,1141,1220,18,96,0,19,380855,0,0,589105152,5132390,35585240,0,0,509,3,3,0,45030,45030,0,0,45030,509,3.9,0.5
800,2026-05-15 15:08:31,6,q77,0,23,513,717,1124,2993,2024,2048,2112,0,16,0,19,232092,0,0,779900496,5564761,50068677,0,0,135,11,11,0,12492,12492,0,0,12492,135,4.17,0.72
801,2026-05-15 15:08:33,6,q77a,0,26,518,755,1078,2103,1948,2156,2129,0,105,0,26,232006,0,0,1318868360,5564761,50068677,0,0,247,22,22,0,28264,28264,0,0,17042,167,2.79,0.76
802,2026-05-15 15:08:35,6,q78,0,17,424,1192,2294,6176,4917,1676,1694,0,40,0,53,3102739,0,0,6871707440,5564687,47674138,0,0,872646,35,35,0,20939025,20939025,0,0,20939025,872646,5.18,1.19
803,2026-05-15 15:08:37,6,q79,0,11,272,561,935,1855,1246,1091,1155,0,0,0,10,2502367,0,0,207498960,3007621,25022707,0,0,7013,1,1,0,231553,231553,0,0,231553,7013,3.31,0.56
804,2026-05-15 15:08:39,6,q80,0,26,663,1024,3821,4177,2743,2787,2755,0,191,0,26,5715289,0,0,1779481200,5594752,74578010,0,0,856,6,6,0,70474,70474,0,0,70474,856,4.08,1.02
805,2026-05-15 15:08:41,6,q80a,0,29,668,1139,3176,2979,2706,2783,2795,0,0,0,37,5715289,0,0,2251340232,5594752,74578010,0,0,1883,17,17,0,173167,173167,0,0,98845,1133,2.62,1.14
806,2026-05-15 15:08:43,6,q81,0,15,314,471,893,1601,805,1403,1345,0,159,0,28,4061507,0,0,515053560,508140,7808764,0,0,53901,3,3,0,927284,927284,0,0,927284,53901,3.4,0.47
807,2026-05-15 15:08:45,6,q82,0,9,228,1040,932,1643,1100,859,928,1,0,0,1,15022836,0,0,1230756904,14663408,43991378,0,0,2,1,1,0,479,479,0,0,479,2,1.58,1.04
808,2026-05-15 15:08:47,6,q83,0,17,366,634,564,1897,956,1516,1588,0,96,0,33,232737,0,0,427127792,740501,5485187,0,0,4250,3,3,0,93519,93519,0,0,93519,4250,2.99,0.63
809,2026-05-15 15:08:49,6,q84,0,13,312,597,873,1011,348,1208,1318,0,0,0,0,9751042,0,0,204944448,2365540,11695570,0,0,25,1,1,0,966,966,0,0,966,25,1.69,0.6
810,2026-05-15 15:08:50,6,q85,0,12,356,252,1299,1481,576,1498,1525,0,112,0,0,232737,0,0,0,20102,444706,0,0,0,0,0,0,0,0,0,0,0,0,5.88,0.25
811,2026-05-15 15:08:52,6,q86,0,8,166,352,365,1336,1016,652,704,1,0,0,8,271427,0,0,269477624,757387,5384247,0,0,266,2,2,0,17966,17966,0,0,17966,266,3.8,0.35
812,2026-05-15 15:08:53,6,q86a,0,11,171,368,360,942,890,662,708,0,5,0,19,271427,0,0,808445400,757387,5384247,0,0,641,9,9,0,51729,51729,0,0,30007,399,2.56,0.37
813,2026-05-15 15:08:55,6,q87,0,15,302,688,1199,2560,2029,1166,1200,0,0,0,45,2502324,0,0,1370428032,5161341,7443247,0,0,138876,5,5,0,3440760,3440760,0,0,3440760,138876,3.72,0.69
814,2026-05-15 15:08:56,6,q88,0,44,1046,1036,4672,4263,2346,3988,4059,10,232,0,16,232737,0,0,411870208,23250462,31467812,0,0,128,128,128,0,7192,7192,0,0,7192,128,4.11,1.04
815,2026-05-15 15:08:59,6,q89,0,7,154,141,326,939,710,651,698,0,0,0,0,232049,0,0,0,20015,439526,0,0,0,0,0,0,0,0,0,0,0,0,6.66,0.14
816,2026-05-15 15:09:00,6,q90,0,14,330,356,719,1572,1002,1231,1348,0,0,0,2,232049,0,0,77666496,1486034,3689729,0,0,24,24,24,0,1350,1350,0,0,1350,24,4.42,0.36
817,2026-05-15 15:09:01,6,q91,0,12,307,243,1173,1617,899,1332,1356,0,112,0,0,232049,0,0,0,77212,853291,0,0,0,0,0,0,0,0,0,0,0,0,6.65,0.24
818,2026-05-15 15:09:02,6,q92,0,11,229,328,429,1651,1290,892,956,0,0,0,14,232049,0,0,98207576,1476772,10326045,0,0,9069,3,3,0,143446,143446,0,0,143446,9069,5.03,0.33
819,2026-05-15 15:09:04,6,q93,0,4,102,68,123,323,67,407,431,0,0,0,0,232049,0,0,0,2,9682,0,0,0,0,0,0,0,0,0,0,0,0,4.75,0.07
820,2026-05-15 15:09:05,6,q94,0,9,254,186,650,1087,520,1031,1070,0,0,0,0,232006,0,0,0,70011,768960,0,0,0,0,0,0,0,0,0,0,0,0,5.84,0.19
821,2026-05-15 15:09:06,6,q95,0,10,304,229,852,1152,1063,1252,1349,0,0,0,0,232049,0,0,0,70006,768522,0,0,0,0,0,0,0,0,0,0,0,0,5.03,0.23
822,2026-05-15 15:09:08,6,q96,0,9,220,323,458,1172,629,853,916,0,0,0,2,232049,0,0,51086464,2907620,3968546,0,0,16,16,16,0,899,899,0,0,899,16,3.63,0.32
823,2026-05-15 15:09:09,6,q97,0,8,192,657,816,3140,2572,729,744,0,64,0,30,232049,0,0,2381671120,4341955,13734368,0,0,834974,24,24,0,8658863,8658863,0,0,8658863,834974,4.78,0.66
824,2026-05-15 15:09:11,6,q98,0,5,103,93,141,563,407,439,450,0,0,0,0,232049,0,0,0,20002,400414,0,0,0,0,0,0,0,0,0,0,0,0,6.05,0.09
825,2026-05-15 15:09:12,6,q99,0,11,271,472,810,1867,1359,1047,1146,0,0,0,4,232049,0,0,205833808,1461584,4722351,0,0,90,1,1,0,11250,11250,0,0,11250,90,3.96,0.47
826,2026-05-15 15:09:13,7,q1,0,13,265,452,714,1570,1076,1269,1138,0,256,0,23,1022096,0,0,430215328,695045,7033202,0,0,99878,3,3,0,1544051,1544051,0,0,1544051,99878,3.47,0.45
827,2026-05-15 15:09:15,7,q2,0,14,286,580,715,2221,2042,1145,1212,0,0,0,21,680942,0,0,415741384,2273986,10747269,0,0,4453,8,8,0,91309,91309,0,0,38659,3403,3.83,0.58
828,2026-05-15 15:09:16,7,q3,0,7,169,327,336,1092,625,730,712,0,84,0,4,232737,0,0,109346792,2971456,19277177,0,0,89,1,1,0,8279,8279,0,0,8279,89,3.34,0.33
829,2026-05-15 15:09:18,7,q4,0,25,555,1357,4549,7471,6019,2486,2247,0,172,0,94,7499173,0,0,5381169320,10222681,162935414,0,0,153369,15,15,0,12744446,12744446,0,0,12744446,153369,5.51,1.36
830,2026-05-15 15:09:20,7,q5,0,21,623,888,1820,4194,2833,2494,2576,0,77,0,45,1657981,0,0,722692208,6295835,55461751,0,0,1515,9,9,0,100764,100764,0,0,100764,1515,4.72,0.89
831,2026-05-15 15:09:22,7,q5a,0,24,628,937,1657,3546,2744,2493,2611,0,112,0,64,1657981,0,0,1261660080,6295835,55461751,0,0,3255,20,20,0,237079,237079,0,0,139181,2005,3.78,0.94
832,2026-05-15 15:09:24,7,q6,0,19,393,724,1268,2283,1597,1588,1598,0,78,0,59,883229,0,0,393451552,3159460,11222327,0,0,2785514,5,5,0,24471970,24471970,0,0,24471970,2785514,3.15,0.72
833,2026-05-15 15:09:26,7,q7,0,9,206,165,513,1042,499,863,891,0,0,0,0,232049,0,0,0,38304,685159,0,0,0,0,0,0,0,0,0,0,0,0,6.32,0.16
834,2026-05-15 15:09:27,7,q8,0,16,326,594,889,1806,1154,1344,1416,7,112,0,14,494133,0,0,1390749344,3100422,15216122,0,0,3491,4,4,0,59073,59073,0,0,59073,3491,3.04,0.59
835,2026-05-15 15:09:29,7,q9,0,17,386,368,1406,1808,872,1245,1389,0,0,0,6,232049,0,0,0,14402061,92519791,0,0,80,80,80,0,4687,4687,0,0,4687,80,4.91,0.37
836,2026-05-15 15:09:31,7,q10,0,19,405,1189,1493,2555,1967,1597,1591,2,84,0,52,28184395,0,0,676579040,7132143,16225049,0,0,287659,5,5,0,1909302,1909302,0,0,1909302,287659,2.15,1.19
837,2026-05-15 15:09:33,7,q10a,0,17,404,1229,1300,1800,1868,1489,1604,2,0,0,55,28184395,0,0,675006688,7132143,16225049,0,0,283274,5,5,0,1906126,1906126,0,0,1906126,283274,1.46,1.23
838,2026-05-15 15:09:35,7,q11,0,19,419,891,1967,3980,3071,1657,1679,0,112,0,52,7499173,0,0,3424523464,7339583,55328024,0,0,98990,11,11,0,8222867,8222867,0,0,8222867,98990,4.47,0.89
839,2026-05-15 15:09:37,7,q12,0,5,103,95,142,571,406,422,447,0,0,0,0,232049,0,0,0,20002,400414,0,0,0,0,0,0,0,0,0,0,0,0,6.01,0.1
840,2026-05-15 15:09:38,7,q13,0,10,256,217,862,1399,770,1152,1117,0,80,0,0,232006,0,0,0,27217,484028,0,0,0,0,0,0,0,0,0,0,0,0,6.45,0.22
841,2026-05-15 15:09:40,7,q14a,0,46,1002,3658,4720,8589,7160,3825,3913,0,176,0,374,369441,0,0,2708324176,15256024,78647529,0,0,6319776,83,83,0,87464350,87464350,0,0,86336662,6292360,2.35,3.66
842,2026-05-15 15:09:45,7,q14b,0,40,954,2356,4762,7703,6391,3686,3789,0,149,0,179,380193,0,0,1252936104,13241190,63753498,0,0,6855449,57,57,0,96932172,96932172,0,0,50714546,4105138,3.27,2.36
843,2026-05-15 15:09:49,7,q14,0,40,954,2256,4326,7115,6233,3674,3821,0,152,0,217,380193,0,0,1260964264,13241190,63753498,0,0,6844878,57,57,0,96252553,96252553,0,0,50034927,4094567,3.15,2.26
844,2026-05-15 15:09:52,7,q15,0,9,221,625,776,1636,1267,874,919,0,0,0,6,1045273,0,0,308880720,1611552,6841119,0,0,202,1,1,0,11828,11828,0,0,11828,202,2.62,0.62
845,2026-05-15 15:09:54,7,q16,0,14,340,822,1219,2375,1627,1383,1365,0,104,0,7,7193237,0,0,1238704384,3097181,22342280,0,0,237,2,2,0,11981,11981,0,0,11981,237,2.89,0.82
846,2026-05-15 15:09:56,7,q17,0,16,408,1078,2323,6010,4365,1521,1639,0,256,0,64,6124144,0,0,3885150096,4667485,25841512,0,0,1629074,35,35,0,31753837,31753837,0,0,31753837,1629074,5.58,1.08
847,2026-05-15 15:09:58,7,q18,0,10,305,201,855,1042,522,1257,1329,0,0,0,0,232049,0,0,0,38006,647797,0,0,0,0,0,0,0,0,0,0,0,0,5.18,0.2
848,2026-05-15 15:09:59,7,q18a,0,19,510,286,2192,517,569,2457,2212,0,364,0,0,232092,0,0,0,256010,2725006,0,0,0,0,0,0,0,0,0,0,0,0,1.81,0.29
849,2026-05-15 15:10:01,7,q19,0,13,323,632,1217,1934,1277,1394,1404,0,112,0,6,1045273,0,0,275582184,3068422,23026943,0,0,160,1,1,0,17796,17796,0,0,17796,160,3.06,0.63
850,2026-05-15 15:10:02,7,q20,0,5,103,92,142,571,421,428,457,0,0,0,0,232049,0,0,0,20002,400414,0,0,0,0,0,0,0,0,0,0,0,0,6.21,0.09
851,2026-05-15 15:10:04,7,q21,0,9,213,703,823,1424,978,875,919,0,0,0,10,232050,0,0,165745248,11783009,36999935,0,0,2795,1,1,0,97587,97587,0,0,97587,2795,2.03,0.7
852,2026-05-15 15:10:05,7,q22,0,9,213,7704,7764,8513,7958,938,888,0,101,0,12,804447,0,0,225717568,11783012,36954499,0,0,35968,1,1,0,1544161,1544161,0,0,1544161,35968,1.11,7.7
853,2026-05-15 15:10:14,7,q22a,0,14,222,1324,1492,1822,1667,890,929,0,5,0,46,804447,0,0,1043344704,11783009,36965943,0,0,72373,14,14,0,3722976,3722976,0,0,1718132,36377,1.38,1.32
854,2026-05-15 15:10:16,7,q23a,0,26,619,2277,5089,10075,8591,2259,2412,0,154,0,216,1169836,0,0,4199777904,10980154,49256743,0,0,3812080,114,114,0,98368916,98368916,0,0,98366379,3812037,4.42,2.28
855,2026-05-15 15:10:20,7,q23b,0,31,691,2394,5243,9714,8786,2639,2693,0,117,0,235,1169836,0,0,6766694776,11080155,50329476,0,0,3908567,130,130,0,100971109,100971109,0,0,100968572,3908524,4.06,2.39
856,2026-05-15 15:10:23,7,q24,0,9,254,191,722,1119,542,1026,1092,0,0,0,0,659928,0,0,0,50017,594321,0,0,0,0,0,0,0,0,0,0,0,0,5.86,0.19
857,2026-05-15 15:10:25,7,q24a,0,8,253,204,778,1067,491,1302,1129,0,0,0,0,232049,0,0,0,17,123999,0,0,0,0,0,0,0,0,0,0,0,0,5.23,0.2
858,2026-05-15 15:10:26,7,q24b,0,9,254,149,579,424,454,1152,1111,0,105,0,0,405606,0,0,0,50017,327049,0,0,0,0,0,0,0,0,0,0,0,0,2.85,0.15
859,2026-05-15 15:10:27,7,q25,0,16,408,987,2331,5250,4275,1482,1638,0,0,0,63,6156676,0,0,3885125480,4667485,40099112,0,0,1629074,35,35,0,32135493,32135493,0,0,32135493,1629074,5.32,0.99
860,2026-05-15 15:10:29,7,q26,0,9,206,154,430,877,478,866,906,0,0,0,0,232049,0,0,0,38304,685159,0,0,0,0,0,0,0,0,0,0,0,0,5.69,0.15
861,2026-05-15 15:10:30,7,q27,0,9,206,147,504,789,775,887,917,0,0,0,0,231361,0,0,0,38016,667707,0,0,0,0,0,0,0,0,0,0,0,0,5.37,0.15
862,2026-05-15 15:10:32,7,q27a,0,13,308,228,1129,1174,1145,1332,1368,0,96,0,0,231361,0,0,0,56030,861877,0,0,0,0,0,0,0,0,0,0,0,0,5.15,0.23
863,2026-05-15 15:10:33,7,q28,0,24,408,851,1369,3898,1548,1512,1515,0,80,0,64,232651,0,0,832044768,17282430,141905886,0,0,47107,12,12,0,769812,769812,0,0,769812,47107,4.58,0.85
864,2026-05-15 15:10:35,7,q29,0,18,459,1026,2828,5584,4651,1797,1879,10,75,0,61,6124144,0,0,3885232920,4687486,26315794,0,0,1629074,35,35,0,31753942,31753942,0,0,31753942,1629074,5.44,1.03
865,2026-05-15 15:10:37,7,q30,0,15,312,431,840,1359,784,1356,1324,1,72,0,24,10380174,0,0,522636280,363532,8306778,0,0,25935,3,3,0,489698,489698,0,0,489698,25935,3.15,0.43
866,2026-05-15 15:10:39,7,q31,0,29,597,858,2287,4700,3738,2524,2398,0,96,0,90,773451,0,0,1437573232,10909374,55414596,0,0,8829,9,9,0,343251,343251,0,0,319380,8582,5.48,0.86
867,2026-05-15 15:10:41,7,q32,0,11,237,370,520,1754,1368,1005,954,0,96,0,12,232049,0,0,107637432,2921100,18622264,0,0,9308,3,3,0,150123,150123,0,0,150123,9308,4.74,0.37
868,2026-05-15 15:10:42,7,q33,0,6,153,121,304,848,519,622,662,0,0,0,0,232049,0,0,0,20003,407513,0,0,0,0,0,0,0,0,0,0,0,0,7.01,0.12
869,2026-05-15 15:10:43,7,q34,0,8,204,182,603,1186,888,929,906,6,91,0,0,232694,0,0,0,20016,433882,0,0,0,0,0,0,0,0,0,0,0,0,6.52,0.18
870,2026-05-15 15:10:44,7,q35,0,19,405,1012,1415,2422,1927,1503,1607,2,0,0,64,24076202,0,0,484354584,7132143,16087195,0,0,646325,5,5,0,2473533,2473533,0,0,2473533,646325,2.39,1.01
871,2026-05-15 15:10:46,7,q35a,0,17,404,966,1210,1689,1774,1522,1618,2,0,0,62,24076202,0,0,485651880,7132143,16087195,0,0,646170,5,5,0,2472271,2472271,0,0,2472271,646170,1.75,0.97
872,2026-05-15 15:10:48,7,q36,0,10,221,644,818,1897,1247,901,954,0,208,0,8,271427,0,0,308864056,2918420,31058515,0,0,266,2,2,0,19035,19035,0,0,19035,266,2.95,0.64
873,2026-05-15 15:10:50,7,q36a,0,13,226,582,691,1245,1151,885,952,0,0,0,19,271427,0,0,847831928,2918420,31058515,0,0,641,9,9,0,56190,56190,0,0,32454,399,2.14,0.58
874,2026-05-15 15:10:52,7,q37,0,9,228,758,806,1700,1193,894,945,12,90,0,1,7287764,0,0,626776552,13224552,41162794,0,0,1,1,1,0,253,253,0,0,253,1,2.24,0.76
875,2026-05-15 15:10:54,7,q38,0,14,301,632,1053,2501,1892,1194,1211,0,0,0,33,2502324,0,0,1370428032,5161341,7443247,0,0,91194,4,4,0,2289264,2289264,0,0,2289264,91194,3.96,0.63
876,2026-05-15 15:10:55,7,q39a,0,16,326,1024,2049,2933,2225,1745,1399,1,112,0,32,232135,0,0,475832280,23548011,73303946,0,0,135243,4,4,0,3309465,3309465,0,0,2213545,90243,2.86,1.02
877,2026-05-15 15:10:57,7,q39b,0,16,326,712,1467,1842,1767,1381,1394,13,180,0,22,232044,0,0,475578328,23548011,73303946,0,0,135014,4,4,0,3289055,3289055,0,0,2193135,90014,2.59,0.71
878,2026-05-15 15:10:59,7,q40,0,11,273,474,747,1527,1063,1068,1141,0,0,0,9,2161805,0,0,458498256,1623625,10884810,0,0,534,1,1,0,31932,31932,0,0,31932,534,3.22,0.47
879,2026-05-15 15:11:01,7,q41,0,3,52,152,147,1578,143,269,281,0,0,0,0,232049,0,0,262144,1,87174,0,0,0,0,0,0,0,0,0,0,0,0,10.38,0.15
880,2026-05-15 15:11:02,7,q42,0,7,169,339,360,1206,712,725,716,0,80,0,2,232049,0,0,105385704,2918407,19156218,0,0,10,1,1,0,925,925,0,0,925,10,3.56,0.34
881,2026-05-15 15:11:04,7,q43,0,7,169,445,478,1462,1072,678,721,0,0,0,1,232092,0,0,105168104,2900419,8165677,0,0,6,1,1,0,618,618,0,0,618,6,3.29,0.44
882,2026-05-15 15:11:05,7,q44,0,11,188,426,412,952,412,672,718,0,0,0,11,298111,0,0,486696104,5778811,32244430,0,0,36021,5,5,0,574234,574234,0,0,287345,18022,2.23,0.43
883,2026-05-15 15:11:07,7,q45,0,13,319,406,978,1687,1091,1287,1379,0,96,0,2,1045273,0,0,1017800936,925390,6259066,0,0,19,1,1,0,1799,1799,0,0,1799,19,4.16,0.41
884,2026-05-15 15:11:08,7,q46,0,13,323,702,1287,1956,1369,1286,1387,0,0,0,10,3116112,0,0,285873232,3057622,25916890,0,0,10081,1,1,0,430760,430760,0,0,430760,10081,2.79,0.7
885,2026-05-15 15:11:10,7,q47,0,15,232,1201,1769,3477,2940,894,965,0,0,0,101,398425,0,0,1670381912,2918420,14023615,0,0,499240,30,30,0,15789663,15789663,0,0,11851696,370924,2.9,1.2
886,2026-05-15 15:11:12,7,q48,0,9,206,191,589,1188,747,966,894,0,84,0,0,232608,0,0,0,70016,962914,0,0,0,0,0,0,0,0,0,0,0,0,6.22,0.19
887,2026-05-15 15:11:13,7,q49,0,19,411,813,1305,3346,2199,1638,1688,0,0,0,15,232049,0,0,913058176,5564687,68786097,0,0,170,9,9,0,11817,11817,0,0,11817,170,4.12,0.81
888,2026-05-15 15:11:15,7,q50,0,11,274,698,1024,2099,1523,1144,1180,0,112,0,1,4413222,0,0,1490206824,3260984,15645288,0,0,6,1,1,0,1447,1447,0,0,1447,6,3.01,0.7
889,2026-05-15 15:11:17,7,q51,0,13,219,967,1211,5278,4628,729,777,0,77,0,448,232006,0,0,3659610976,3619791,16571629,0,0,2523869,299,299,0,43438446,43438446,0,0,43438446,2523869,5.46,0.97
890,2026-05-15 15:11:19,7,q51a,0,17,250,2387,3026,24959,22658,818,860,0,722,0,710,1761560,0,0,11936306224,3619791,16571629,0,0,4889102,693,693,0,83968631,83968631,0,0,61032787,3644888,10.46,2.39
891,2026-05-15 15:11:23,7,q52,0,7,169,342,357,1260,721,676,715,0,0,0,5,232049,0,0,105385704,2918407,19156218,0,0,109,1,1,0,9739,9739,0,0,9739,109,3.68,0.34
892,2026-05-15 15:11:24,7,q53,0,7,154,149,338,1074,702,681,698,0,0,0,0,232049,0,0,0,20015,505062,0,0,0,0,0,0,0,0,0,0,0,0,7.21,0.15
893,2026-05-15 15:11:25,7,q54,0,14,406,335,2221,2353,1720,1751,1820,0,105,0,2,232049,0,0,524288,60020,999430,0,0,0,0,0,0,0,0,0,0,118,2,7.02,0.34
894,2026-05-15 15:11:27,7,q55,0,7,169,325,357,1010,718,748,720,0,98,0,5,232694,0,0,105385704,2918407,19156218,0,0,104,1,1,0,8981,8981,0,0,8981,104,3.11,0.32
895,2026-05-15 15:11:28,7,q56,0,7,154,132,321,844,510,636,659,0,0,0,0,232049,0,0,0,70003,768425,0,0,0,0,0,0,0,0,0,0,0,0,6.39,0.13
896,2026-05-15 15:11:29,7,q57,0,13,224,830,1079,2327,1851,917,938,0,0,0,33,491406,0,0,651427776,1479558,7047928,0,0,160920,5,5,0,4348229,4348229,0,0,2602187,96552,2.8,0.83
897,2026-05-15 15:11:31,7,q58,0,17,401,653,925,2854,2251,1586,1680,0,0,0,32,232049,0,0,715438792,5225441,34148457,0,0,17396,3,3,0,287209,287209,0,0,287209,17396,4.37,0.65
898,2026-05-15 15:11:33,7,q59,0,16,325,685,1479,2580,2103,1381,1420,0,80,0,26,680942,0,0,286765128,2993483,8867462,0,0,7524,4,4,0,133338,133338,0,0,89016,5952,3.77,0.68
899,2026-05-15 15:11:35,7,q60,0,7,154,132,314,810,520,638,664,0,0,0,0,232049,0,0,0,70003,771061,0,0,0,0,0,0,0,0,0,0,0,0,6.14,0.13
900,2026-05-15 15:11:36,7,q61,0,14,309,248,1240,1547,958,1330,1348,0,135,0,0,1045273,0,0,0,170318,1814287,0,0,0,0,0,0,0,0,0,0,0,0,6.24,0.25
901,2026-05-15 15:11:37,7,q62,0,11,267,442,719,1514,1051,1043,1109,0,0,0,6,232049,0,0,187997616,739444,3265876,0,0,150,1,1,0,17537,17537,0,0,17537,150,3.43,0.44
902,2026-05-15 15:11:39,7,q63,0,7,154,152,334,1068,705,754,692,0,144,0,0,232049,0,0,0,20015,505062,0,0,0,0,0,0,0,0,0,0,0,0,7.03,0.15
903,2026-05-15 15:11:40,7,q64,0,22,659,493,4903,2804,1642,2832,2855,0,117,0,0,375175,0,0,0,120594,1289289,0,0,0,0,0,0,0,0,0,0,0,0,5.69,0.49
904,2026-05-15 15:11:42,7,q65,0,15,295,571,960,1984,1384,1114,1167,0,0,0,32,1710264,0,0,464757040,5798825,28248760,0,0,162108,9,9,0,7984419,7984419,0,0,7984419,162108,3.47,0.57
905,2026-05-15 15:11:43,7,q66,0,8,204,140,467,744,461,837,883,2,0,0,0,232049,0,0,0,20029,348434,0,0,0,0,0,0,0,0,0,0,0,0,5.31,0.14
906,2026-05-15 15:11:45,7,q67,0,10,237,2573,2721,8240,7416,1018,973,8,302,0,136,804447,0,0,2776621424,2918420,16876781,0,0,523804,34,34,0,35032320,35032320,0,0,35032320,523804,3.2,2.57
907,2026-05-15 15:11:48,7,q67a,0,18,368,2765,9199,27988,23073,1182,1224,0,176,0,4286,804447,0,0,19351456272,2918420,16876781,0,0,3913413,393,393,0,254672067,254672067,0,0,74909707,1194405,10.12,2.76
908,2026-05-15 15:11:52,7,q68,0,13,323,699,1317,2120,1421,1408,1394,0,64,0,10,3116112,0,0,218427752,3057622,39533551,0,0,2221,1,1,0,125465,125465,0,0,125465,2221,3.03,0.7
909,2026-05-15 15:11:54,7,q69,0,19,405,1087,1545,2810,1990,1616,1586,2,12,0,67,27823006,0,0,405233080,7132143,16128765,0,0,239275,5,5,0,1895318,1895318,0,0,1895318,239275,2.59,1.09
910,2026-05-15 15:11:56,7,q70,0,14,289,826,931,2121,1537,1148,1188,0,28,0,4,232221,0,0,478903664,5780837,27583546,0,0,19,4,4,0,840,840,0,0,840,19,2.57,0.83
911,2026-05-15 15:11:58,7,q70a,0,17,294,780,861,1657,1447,1132,1205,0,0,0,12,231404,0,0,883653600,5780837,27583546,0,0,24,11,11,0,1381,1381,0,0,1169,22,2.12,0.78
912,2026-05-15 15:12:00,7,q71,0,6,153,122,304,831,521,641,675,0,0,0,0,232049,0,0,0,20003,415391,0,0,0,0,0,0,0,0,0,0,0,0,6.81,0.12
913,2026-05-15 15:12:01,7,q72,0,18,557,414,3479,2590,1672,2350,2435,0,105,0,0,670616,0,0,0,166414,1810506,0,0,0,0,0,0,0,0,0,0,0,0,6.26,0.41
914,2026-05-15 15:12:03,7,q73,0,8,204,184,604,1185,861,844,883,0,0,0,0,232006,0,0,0,20016,433882,0,0,0,0,0,0,0,0,0,0,0,0,6.44,0.18
915,2026-05-15 15:12:04,7,q74,0,18,414,805,1841,3803,2812,1761,1684,6,138,0,46,3001190,0,0,1804473784,7339583,38808856,0,0,98902,4,4,0,3653467,3653467,0,0,3653467,98902,4.72,0.8
916,2026-05-15 15:12:06,7,q75,0,9,303,234,1004,1401,859,1266,1338,0,0,0,0,232092,0,0,0,40006,646400,0,0,0,0,0,0,0,0,0,0,0,0,5.99,0.23
917,2026-05-15 15:12:07,7,q76,0,9,297,568,510,2071,1683,1178,1231,0,52,0,18,380855,0,0,589105152,5132390,35585240,0,0,509,3,3,0,45030,45030,0,0,45030,509,3.65,0.57
918,2026-05-15 15:12:09,7,q77,0,23,513,724,1133,3149,2025,2041,2086,0,96,0,24,232607,0,0,779900496,5564761,50068677,0,0,135,11,11,0,12492,12492,0,0,12492,135,4.35,0.72
919,2026-05-15 15:12:11,7,q77a,0,26,518,748,1089,2114,1932,2069,2095,1,6,0,26,231404,0,0,1318868360,5564761,50068677,0,0,247,22,22,0,28264,28264,0,0,17042,167,2.83,0.75
920,2026-05-15 15:12:12,7,q78,0,17,424,1172,2299,6662,5292,1740,1694,0,30,0,55,3102610,0,0,6871707440,5564687,47674138,0,0,872646,35,35,0,20939025,20939025,0,0,20939025,872646,5.68,1.17
921,2026-05-15 15:12:15,7,q79,0,11,272,555,938,1843,1256,1087,1151,0,0,0,10,2502367,0,0,207498960,3007621,25022707,0,0,7013,1,1,0,231553,231553,0,0,231553,7013,3.32,0.56
922,2026-05-15 15:12:16,7,q80,0,26,663,1046,3830,4340,2745,2690,2718,0,288,0,25,5715289,0,0,1779481200,5594752,74578010,0,0,856,6,6,0,70474,70474,0,0,70474,856,4.15,1.05
923,2026-05-15 15:12:19,7,q80a,0,29,668,1752,4330,3745,2685,8751,2812,0,6505,0,41,5715289,0,0,2251340232,5594752,74578010,0,0,1883,17,17,0,173167,173167,0,0,98845,1133,2.14,1.75
924,2026-05-15 15:12:22,7,q81,0,15,314,580,1030,1958,823,1631,1345,0,44,0,34,4061464,0,0,515053560,508140,7808764,0,0,53901,3,3,0,927284,927284,0,0,927284,53901,3.38,0.58
925,2026-05-15 15:12:23,7,q82,0,9,228,1272,1188,2152,1279,1088,948,1,48,0,1,15022793,0,0,1230756904,14663408,43991378,0,0,2,1,1,0,479,479,0,0,479,2,1.69,1.27
926,2026-05-15 15:12:26,7,q83,0,17,366,785,699,2477,1065,1914,1744,0,64,0,33,232737,0,0,427127792,740501,5485187,0,0,4250,3,3,0,93519,93519,0,0,93519,4250,3.16,0.78
927,2026-05-15 15:12:27,7,q84,0,13,312,690,922,990,356,1287,1296,0,56,0,0,9751042,0,0,204944448,2365540,11695570,0,0,25,1,1,0,966,966,0,0,966,25,1.43,0.69
928,2026-05-15 15:12:29,7,q85,0,12,356,267,1316,1574,577,1550,1544,0,132,0,0,232737,0,0,0,20102,444706,0,0,0,0,0,0,0,0,0,0,0,0,5.9,0.27
929,2026-05-15 15:12:31,7,q86,0,8,166,461,465,1454,1065,781,715,0,0,0,8,271427,0,0,269477624,757387,5384247,0,0,266,2,2,0,17966,17966,0,0,17966,266,3.15,0.46
930,2026-05-15 15:12:32,7,q86a,0,11,171,514,525,1390,1084,1128,844,14,0,0,20,271427,0,0,808445400,757387,5384247,0,0,641,9,9,0,51729,51729,0,0,30007,399,2.7,0.51
931,2026-05-15 15:12:34,7,q87,0,15,302,809,1395,3403,2072,1462,1206,0,5,0,46,2502324,0,0,1370428032,5161341,7443247,0,0,138876,5,5,0,3440760,3440760,0,0,3440760,138876,4.21,0.81
932,2026-05-15 15:12:36,7,q88,0,44,1046,1351,6045,5501,2542,5438,4190,22,268,0,49,232737,0,0,411870208,23250462,31467812,0,0,128,128,128,0,7192,7192,0,0,7192,128,4.07,1.35
933,2026-05-15 15:12:38,7,q89,0,7,154,183,450,1279,799,936,731,0,0,0,0,232049,0,0,0,20015,439526,0,0,0,0,0,0,0,0,0,0,0,0,6.99,0.18
934,2026-05-15 15:12:39,7,q90,0,14,330,462,882,2129,1033,1463,1355,0,5,0,3,232092,0,0,77666496,1486034,3689729,0,0,24,24,24,0,1350,1350,0,0,1350,24,4.61,0.46
935,2026-05-15 15:12:41,7,q91,0,12,307,299,1517,2046,927,1573,1361,4,128,0,0,232737,0,0,0,77212,853291,0,0,0,0,0,0,0,0,0,0,0,0,6.84,0.3
936,2026-05-15 15:12:42,7,q92,0,11,229,425,561,2047,1339,1213,944,0,72,0,15,232092,0,0,98207576,1476772,10326045,0,0,9069,3,3,0,143446,143446,0,0,143446,9069,4.82,0.42
937,2026-05-15 15:12:44,7,q93,0,4,102,89,162,395,67,513,445,1,0,0,0,232135,0,0,0,2,9682,0,0,0,0,0,0,0,0,0,0,0,0,4.44,0.09
938,2026-05-15 15:12:45,7,q94,0,9,254,240,874,1345,534,1410,1097,0,60,0,0,232006,0,0,0,70011,768960,0,0,0,0,0,0,0,0,0,0,0,0,5.6,0.24
939,2026-05-15 15:12:46,7,q95,0,11,306,292,1229,1583,1143,1662,1379,17,90,0,0,260486,0,0,0,141769,1012334,0,0,0,0,0,0,0,0,0,0,0,0,5.42,0.29
940,2026-05-15 15:12:48,7,q96,0,9,220,388,575,1341,633,1110,917,0,0,0,2,232049,0,0,51086464,2907620,3968546,0,0,16,16,16,0,899,899,0,0,899,16,3.46,0.39
941,2026-05-15 15:12:49,7,q97,0,8,192,729,867,3544,2805,792,736,1,40,0,30,232092,0,0,2381671120,4341955,13734368,0,0,834974,24,24,0,8658863,8658863,0,0,8658863,834974,4.86,0.73
942,2026-05-15 15:12:51,7,q98,0,5,103,124,197,657,418,515,453,13,0,0,0,232092,0,0,0,20002,400414,0,0,0,0,0,0,0,0,0,0,0,0,5.3,0.12
943,2026-05-15 15:12:52,7,q99,0,11,271,564,983,2331,1389,1380,1160,3,4,0,4,232092,0,0,205833808,1461584,4722351,0,0,90,1,1,0,11250,11250,0,0,11250,90,4.13,0.56
944,2026-05-15 15:12:54,8,q1,0,13,265,485,791,1809,1089,1284,1153,51,64,0,23,1022096,0,0,430215328,695045,7033202,0,0,99878,3,3,0,1544051,1544051,0,0,1544051,99878,3.73,0.48
945,2026-05-15 15:12:55,8,q2,0,14,286,699,901,2777,2107,1657,1230,0,30,0,21,680942,0,0,415741384,2273986,10747269,0,0,4453,8,8,0,91309,91309,0,0,38659,3403,3.97,0.7
946,2026-05-15 15:12:57,8,q3,0,7,169,410,398,1162,650,795,717,0,0,0,5,232092,0,0,109346792,2971456,19277177,0,0,89,1,1,0,8279,8279,0,0,8279,89,2.83,0.41
947,2026-05-15 15:12:58,8,q4,0,25,555,1422,4584,7442,6005,2555,2203,9,259,0,107,7499216,0,0,5381169320,10222681,162935414,0,0,153369,15,15,0,12744446,12744446,0,0,12744446,153369,5.23,1.42
948,2026-05-15 15:13:01,8,q5,0,21,623,879,1857,4350,2847,2517,2595,9,141,0,49,1657981,0,0,722692208,6295835,55461751,0,0,1515,9,9,0,100764,100764,0,0,100764,1515,4.95,0.88
949,2026-05-15 15:13:03,8,q5a,0,24,628,1017,1802,3766,2787,2878,2593,4,99,0,65,1657981,0,0,1261660080,6295835,55461751,0,0,3255,20,20,0,237079,237079,0,0,139181,2005,3.7,1.02
950,2026-05-15 15:13:05,8,q6,0,19,393,813,1480,2787,1661,1845,1595,0,73,0,60,883229,0,0,393451552,3159460,11222327,0,0,2785514,5,5,0,24471970,24471970,0,0,24471970,2785514,3.43,0.81
951,2026-05-15 15:13:07,8,q7,0,9,206,170,530,1037,488,872,877,0,50,0,0,232479,0,0,0,38304,685159,0,0,0,0,0,0,0,0,0,0,0,0,6.1,0.17
952,2026-05-15 15:13:08,8,q8,0,16,326,591,880,1743,1147,1378,1403,0,80,0,14,494133,0,0,1390749344,3100422,15216122,0,0,3491,4,4,0,59073,59073,0,0,59073,3491,2.95,0.59
953,2026-05-15 15:13:10,8,q9,0,17,386,450,1614,2090,944,1304,1379,0,128,0,9,232737,0,0,0,14402061,92519791,0,0,80,80,80,0,4687,4687,0,0,4687,80,4.64,0.45
954,2026-05-15 15:13:12,8,q10,0,19,405,1273,1659,2952,2020,1633,1615,2,200,0,52,28184438,0,0,676579040,7132143,16225049,0,0,287659,5,5,0,1909302,1909302,0,0,1909302,287659,2.32,1.27
955,2026-05-15 15:13:14,8,q10a,0,17,404,1244,1439,1960,1903,1785,1645,2,55,0,62,28184438,0,0,675006688,7132143,16225049,0,0,283274,5,5,0,1906126,1906126,0,0,1906126,283274,1.58,1.24
956,2026-05-15 15:13:16,8,q11,0,19,419,1047,2286,4755,3187,2220,1694,1,112,0,53,7499173,0,0,3424523464,7339583,55328024,0,0,98990,11,11,0,8222867,8222867,0,0,8222867,98990,4.54,1.05
957,2026-05-15 15:13:18,8,q12,0,5,103,101,158,633,404,460,459,0,70,0,0,232049,0,0,0,20002,400414,0,0,0,0,0,0,0,0,0,0,0,0,6.27,0.1
958,2026-05-15 15:13:20,8,q13,0,11,257,220,873,1410,789,1113,1136,0,56,0,0,232737,0,0,0,77217,1001046,0,0,0,0,0,0,0,0,0,0,0,0,6.41,0.22
959,2026-05-15 15:13:21,8,q14a,0,46,1002,4526,5568,10105,7332,5297,4036,14,1319,0,418,369441,0,0,2708324176,15256024,78647529,0,0,6319776,83,83,0,87464350,87464350,0,0,86336662,6292360,2.23,4.53
960,2026-05-15 15:13:27,8,q14b,0,40,954,2389,4818,7701,6386,3706,3819,0,254,0,180,380193,0,0,1252936104,13241190,63753498,0,0,6855449,57,57,0,96932172,96932172,0,0,50714546,4105138,3.22,2.39
961,2026-05-15 15:13:31,8,q14,0,40,954,2230,4483,7158,6251,3823,3837,0,418,0,177,380193,0,0,1260964264,13241190,63753498,0,0,6844878,57,57,0,96252553,96252553,0,0,50034927,4094567,3.21,2.23
962,2026-05-15 15:13:34,8,q15,0,9,221,617,768,1631,1236,871,910,0,12,0,6,1045273,0,0,308880720,1611552,6841119,0,0,202,1,1,0,11828,11828,0,0,11828,202,2.64,0.62
963,2026-05-15 15:13:36,8,q16,0,14,340,797,1204,2316,1572,1299,1362,0,0,0,7,7193151,0,0,1238704384,3097181,22342280,0,0,237,2,2,0,11981,11981,0,0,11981,237,2.91,0.8
964,2026-05-15 15:13:38,8,q17,0,16,408,1164,2764,7284,4548,1813,1690,1,400,0,61,6124144,0,0,3885150096,4667485,25841512,0,0,1629074,35,35,0,31753837,31753837,0,0,31753837,1629074,6.26,1.16
965,2026-05-15 15:13:40,8,q18,0,11,306,271,1287,1647,563,1536,1338,0,144,0,0,232694,0,0,0,88006,1184633,0,0,0,0,0,0,0,0,0,0,0,0,6.08,0.27
966,2026-05-15 15:13:41,8,q18a,0,20,512,342,2568,764,598,2542,2224,6,138,0,0,857079,0,0,0,356010,4430334,0,0,0,0,0,0,0,0,0,0,0,0,2.23,0.34
967,2026-05-15 15:13:43,8,q19,0,13,323,711,1451,2199,1301,1798,1409,1,15,0,6,1045316,0,0,275582184,3068422,23026943,0,0,160,1,1,0,17796,17796,0,0,17796,160,3.09,0.71
968,2026-05-15 15:13:45,8,q20,0,5,103,125,166,644,423,540,464,0,0,0,0,232049,0,0,0,20002,400414,0,0,0,0,0,0,0,0,0,0,0,0,5.15,0.12
969,2026-05-15 15:13:46,8,q21,0,9,213,706,864,1639,904,1003,911,0,0,0,10,232178,0,0,165745248,11783009,36999935,0,0,2795,1,1,0,97587,97587,0,0,97587,2795,2.32,0.71
970,2026-05-15 15:13:48,8,q22,0,9,213,7918,8071,9059,8112,977,883,0,8,0,12,804447,0,0,225717568,11783012,36954499,0,0,35968,1,1,0,1544161,1544161,0,0,1544161,35968,1.14,7.92
971,2026-05-15 15:13:57,8,q22a,0,14,222,1369,1565,1925,1673,1020,944,0,4,0,50,804447,0,0,1043344704,11783009,36965943,0,0,72373,14,14,0,3722976,3722976,0,0,1718132,36377,1.41,1.37
972,2026-05-15 15:13:59,8,q23a,0,26,619,2542,5398,11173,8682,2386,2417,0,122,0,232,1169836,0,0,4199777904,10980154,49256743,0,0,3812080,114,114,0,98368916,98368916,0,0,98366379,3812037,4.4,2.54
973,2026-05-15 15:14:03,8,q23b,0,31,691,2626,5819,10575,8845,3252,2714,0,138,0,262,1169836,0,0,6766694776,11080155,50329476,0,0,3908567,130,130,0,100971109,100971109,0,0,100968572,3908524,4.03,2.63
974,2026-05-15 15:14:07,8,q24,0,8,253,193,635,1142,530,1064,1110,0,80,0,0,232737,0,0,0,17,123999,0,0,0,0,0,0,0,0,0,0,0,0,5.92,0.19
975,2026-05-15 15:14:08,8,q24a,0,8,253,203,670,836,488,1361,1131,0,0,0,0,232092,0,0,0,17,123999,0,0,0,0,0,0,0,0,0,0,0,0,4.12,0.2
976,2026-05-15 15:14:09,8,q24b,0,8,253,179,677,469,454,1356,1121,13,0,0,0,231404,0,0,0,17,123999,0,0,0,0,0,0,0,0,0,0,0,0,2.62,0.18
977,2026-05-15 15:14:11,8,q25,0,16,408,1238,2902,6819,4531,1868,1664,0,291,0,64,6156676,0,0,3885125480,4667485,40099112,0,0,1629074,35,35,0,32135493,32135493,0,0,32135493,1629074,5.51,1.24
978,2026-05-15 15:14:13,8,q26,0,9,206,192,607,1043,490,1173,927,0,0,0,0,232092,0,0,0,38304,685159,0,0,0,0,0,0,0,0,0,0,0,0,5.43,0.19
979,2026-05-15 15:14:14,8,q27,0,9,206,188,657,1056,789,1117,918,3,0,0,0,231447,0,0,0,38016,667707,0,0,0,0,0,0,0,0,0,0,0,0,5.62,0.19
980,2026-05-15 15:14:15,8,q27a,0,13,308,291,1432,1436,1173,1788,1404,4,120,0,0,232479,0,0,0,56030,861877,0,0,0,0,0,0,0,0,0,0,0,0,4.93,0.29
981,2026-05-15 15:14:17,8,q28,0,24,408,1055,1620,4762,1611,1690,1529,1,27,0,67,232092,0,0,832044768,17282430,141905886,0,0,47107,12,12,0,769812,769812,0,0,769812,47107,4.51,1.06
982,2026-05-15 15:14:19,8,q29,0,18,459,1263,3607,6541,4345,2374,1904,0,104,0,64,6124144,0,0,3885232920,4687486,26315794,0,0,1629074,35,35,0,31753942,31753942,0,0,31753942,1629074,5.18,1.26
983,2026-05-15 15:14:21,8,q30,0,15,312,471,865,1441,768,1321,1339,1,16,0,26,10380174,0,0,522636280,363532,8306778,0,0,25935,3,3,0,489698,489698,0,0,489698,25935,3.06,0.47
984,2026-05-15 15:14:23,8,q31,0,29,597,904,2383,5086,3676,2803,2429,5,154,0,84,773451,0,0,1504829528,10909374,55414596,0,0,9842,9,9,0,364513,364513,0,0,319380,8582,5.63,0.9
985,2026-05-15 15:14:25,8,q32,0,11,237,364,516,1808,1374,956,956,0,52,0,12,232049,0,0,107637432,2921100,18622264,0,0,9308,3,3,0,150123,150123,0,0,150123,9308,4.97,0.36
986,2026-05-15 15:14:26,8,q33,0,7,154,138,322,889,520,650,676,0,96,0,0,232049,0,0,0,70003,771061,0,0,0,0,0,0,0,0,0,0,0,0,6.44,0.14
987,2026-05-15 15:14:28,8,q34,0,8,204,181,605,1223,885,922,899,0,80,0,0,232565,0,0,0,20016,433882,0,0,0,0,0,0,0,0,0,0,0,0,6.76,0.18
988,2026-05-15 15:14:29,8,q35,0,19,405,1173,1760,3055,2026,1883,1620,1,142,0,67,24076245,0,0,484354584,7132143,16087195,0,0,646325,5,5,0,2473533,2473533,0,0,2473533,646325,2.6,1.17
989,2026-05-15 15:14:31,8,q35a,0,17,404,891,1264,1826,1795,1528,1623,1,67,0,62,24076202,0,0,485651880,7132143,16087195,0,0,646170,5,5,0,2472271,2472271,0,0,2472271,646170,2.05,0.89
990,2026-05-15 15:14:33,8,q36,0,10,221,627,782,1677,1214,927,941,0,80,0,8,271427,0,0,308864056,2918420,31058515,0,0,266,2,2,0,19035,19035,0,0,19035,266,2.67,0.63
991,2026-05-15 15:14:35,8,q36a,0,13,226,586,700,1301,1141,880,952,0,52,0,18,271427,0,0,847831928,2918420,31058515,0,0,641,9,9,0,56190,56190,0,0,32454,399,2.22,0.59
992,2026-05-15 15:14:36,8,q37,0,9,228,783,843,1691,1190,906,922,0,80,0,1,7287764,0,0,626776552,13224552,41162794,0,0,1,1,1,0,253,253,0,0,253,1,2.16,0.78
993,2026-05-15 15:14:38,8,q38,0,14,301,676,1077,2490,1866,1447,1189,0,0,0,34,2502324,0,0,1370428032,5161341,7443247,0,0,91194,4,4,0,2289264,2289264,0,0,2289264,91194,3.68,0.68
994,2026-05-15 15:14:40,8,q39a,0,16,326,1021,1998,3037,2187,1509,1384,0,8,0,33,232050,0,0,475832280,23548011,73303946,0,0,135243,4,4,0,3309465,3309465,0,0,2213545,90243,2.97,1.02
995,2026-05-15 15:14:42,8,q39b,0,16,326,807,1610,1956,1826,1782,1414,3,124,0,23,231404,0,0,475578328,23548011,73303946,0,0,135014,4,4,0,3289055,3289055,0,0,2193135,90014,2.42,0.81
996,2026-05-15 15:14:44,8,q40,0,11,273,550,894,1657,1049,1549,1179,0,0,0,9,2161762,0,0,458498256,1623625,10884810,0,0,534,1,1,0,31932,31932,0,0,31932,534,3.01,0.55
997,2026-05-15 15:14:45,8,q41,0,3,52,152,147,1597,141,268,276,0,0,0,0,232049,0,0,262144,1,87174,0,0,0,0,0,0,0,0,0,0,0,0,10.51,0.15
998,2026-05-15 15:14:47,8,q42,0,7,169,336,346,1142,702,725,710,0,65,0,2,232651,0,0,105385704,2918407,19156218,0,0,10,1,1,0,925,925,0,0,925,10,3.4,0.34
999,2026-05-15 15:14:48,8,q43,0,7,169,419,441,1440,1039,654,717,0,0,0,2,232049,0,0,105168104,2900419,8165677,0,0,6,1,1,0,618,618,0,0,618,6,3.44,0.42
1000,2026-05-15 15:14:50,8,q44,0,11,188,429,408,971,415,668,719,0,5,0,11,298154,0,0,486696104,5778811,32244430,0,0,36021,5,5,0,574234,574234,0,0,287345,18022,2.26,0.43
1001,2026-05-15 15:14:51,8,q45,0,13,319,442,1163,1760,1105,1721,1402,0,84,0,2,1045230,0,0,1017800936,925390,6259066,0,0,19,1,1,0,1799,1799,0,0,1799,19,3.98,0.44
1002,2026-05-15 15:14:53,8,q46,0,13,323,776,1545,2532,1422,1534,1388,0,126,0,10,3116112,0,0,285873232,3057622,25916890,0,0,10081,1,1,0,430760,430760,0,0,430760,10081,3.26,0.78
1003,2026-05-15 15:14:55,8,q47,0,15,232,1244,1807,3700,2916,951,944,0,9,0,100,398425,0,0,1670381912,2918420,14023615,0,0,499240,30,30,0,15789663,15789663,0,0,11851696,370924,2.97,1.24
1004,2026-05-15 15:14:57,8,q48,0,9,206,182,586,1164,748,874,885,0,66,0,0,232092,0,0,0,70016,962914,0,0,0,0,0,0,0,0,0,0,0,0,6.4,0.18
1005,2026-05-15 15:14:58,8,q49,0,19,411,793,1289,3405,2166,1647,1694,0,112,0,14,232049,0,0,913058176,5564687,68786097,0,0,170,9,9,0,11817,11817,0,0,11817,170,4.29,0.79
1006,2026-05-15 15:15:00,8,q50,0,11,274,695,1009,2086,1487,1120,1165,0,84,0,1,4413222,0,0,1490206824,3260984,15645288,0,0,6,1,1,0,1447,1447,0,0,1447,6,3.0,0.7
1007,2026-05-15 15:15:02,8,q51,0,13,219,989,1207,5522,4501,847,810,0,0,0,446,232049,0,0,3659610976,3619791,16571629,0,0,2523869,299,299,0,43438446,43438446,0,0,43438446,2523869,5.58,0.99
1008,2026-05-15 15:15:04,8,q51a,0,17,250,2558,3210,25927,20539,835,867,15,1165,0,829,1761560,0,0,11936306224,3619791,16571629,0,0,4889102,693,693,0,83968631,83968631,0,0,61032787,3644888,10.14,2.56
1009,2026-05-15 15:15:08,8,q52,0,7,169,400,430,1280,700,970,715,0,0,0,5,232092,0,0,105385704,2918407,19156218,0,0,109,1,1,0,9739,9739,0,0,9739,109,3.2,0.4
1010,2026-05-15 15:15:09,8,q53,0,7,154,204,412,1656,1011,905,897,1,0,0,0,232092,0,0,0,20015,505062,0,0,0,0,0,0,0,0,0,0,0,0,8.12,0.2
1011,2026-05-15 15:15:10,8,q54,0,14,407,341,2131,2456,1740,1706,1810,0,139,0,1,1045273,0,0,262144,140020,1729538,0,0,0,0,0,0,0,0,0,0,59,1,7.2,0.34
1012,2026-05-15 15:15:12,8,q55,0,7,169,297,321,939,673,665,699,0,0,0,5,232049,0,0,105385704,2918407,19156218,0,0,104,1,1,0,8981,8981,0,0,8981,104,3.16,0.3
1013,2026-05-15 15:15:13,8,q56,0,7,154,133,310,854,514,689,684,0,96,0,0,232049,0,0,0,70003,768425,0,0,0,0,0,0,0,0,0,0,0,0,6.42,0.13
1014,2026-05-15 15:15:14,8,q57,0,13,224,809,1077,2298,1843,967,948,0,64,0,34,491406,0,0,651427776,1479558,7047928,0,0,160920,5,5,0,4348229,4348229,0,0,2602187,96552,2.84,0.81
1015,2026-05-15 15:15:16,8,q58,0,17,401,659,930,2873,2240,1613,1661,0,66,0,31,232565,0,0,715438792,5225441,34148457,0,0,17396,3,3,0,287209,287209,0,0,287209,17396,4.36,0.66
1016,2026-05-15 15:15:18,8,q59,0,16,325,672,1440,2522,2062,1316,1398,36,80,0,27,680942,0,0,286765128,2993483,8867462,0,0,7524,4,4,0,133338,133338,0,0,89016,5952,3.75,0.67
1017,2026-05-15 15:15:20,8,q60,0,6,153,129,314,785,511,631,661,0,0,0,0,232049,0,0,0,20003,407513,0,0,0,0,0,0,0,0,0,0,0,0,6.09,0.13
1018,2026-05-15 15:15:21,8,q61,0,14,309,241,1204,1470,953,1271,1352,0,0,0,0,1045273,0,0,0,170318,1814287,0,0,0,0,0,0,0,0,0,0,0,0,6.1,0.24
1019,2026-05-15 15:15:22,8,q62,0,11,267,487,825,1731,1075,1383,1134,0,0,0,6,232049,0,0,187997616,739444,3265876,0,0,150,1,1,0,17537,17537,0,0,17537,150,3.55,0.49
1020,2026-05-15 15:15:24,8,q63,0,7,154,145,290,993,698,663,683,0,0,0,0,232049,0,0,0,20015,505062,0,0,0,0,0,0,0,0,0,0,0,0,6.85,0.14
1021,2026-05-15 15:15:25,8,q64,0,22,659,478,4996,2868,1652,2780,2865,7,224,0,0,375175,0,0,0,120594,1289289,0,0,0,0,0,0,0,0,0,0,0,0,6.0,0.48
1022,2026-05-15 15:15:27,8,q65,0,15,295,618,1062,2204,1409,1361,1189,0,0,0,32,1710264,0,0,464757040,5798825,28248760,0,0,162108,9,9,0,7984419,7984419,0,0,7984419,162108,3.57,0.62
1023,2026-05-15 15:15:29,8,q66,0,9,205,155,506,822,452,884,878,0,105,0,0,232350,0,0,0,60029,770643,0,0,0,0,0,0,0,0,0,0,0,0,5.3,0.16
1024,2026-05-15 15:15:30,8,q67,0,10,237,2588,2714,8357,7737,899,972,0,86,0,115,804447,0,0,2776621424,2918420,16876781,0,0,523804,34,34,0,35032320,35032320,0,0,35032320,523804,3.23,2.59
1025,2026-05-15 15:15:33,8,q67a,0,18,368,2706,9018,27060,22276,1114,1206,0,202,0,3857,804447,0,0,19351456272,2918420,16876781,0,0,3913413,393,393,0,254672067,254672067,0,0,74909707,1194405,10.0,2.71
1026,2026-05-15 15:15:37,8,q68,0,13,323,676,1361,2258,1397,1335,1379,0,96,0,10,3116112,0,0,218427752,3057622,39533551,0,0,2221,1,1,0,125465,125465,0,0,125465,2221,3.34,0.68
1027,2026-05-15 15:15:39,8,q69,0,19,405,1229,1584,2801,1973,1666,1606,2,9,0,61,27823006,0,0,405233080,7132143,16128765,0,0,239275,5,5,0,1895318,1895318,0,0,1895318,239275,2.28,1.23
1028,2026-05-15 15:15:41,8,q70,0,14,289,872,1041,2322,1532,1492,1209,1,0,0,5,232049,0,0,478903664,5780837,27583546,0,0,19,4,4,0,840,840,0,0,840,19,2.66,0.87
1029,2026-05-15 15:15:43,8,q70a,0,17,294,774,838,1610,1392,1268,1203,0,0,0,11,231361,0,0,883653600,5780837,27583546,0,0,24,11,11,0,1381,1381,0,0,1169,22,2.08,0.77
1030,2026-05-15 15:15:45,8,q71,0,6,153,121,303,805,511,631,662,0,0,0,0,232049,0,0,0,20003,415391,0,0,0,0,0,0,0,0,0,0,0,0,6.65,0.12
1031,2026-05-15 15:15:46,8,q72,0,19,558,415,3510,2662,1710,2369,2444,0,112,0,0,1169836,0,0,0,184414,2964086,0,0,0,0,0,0,0,0,0,0,0,0,6.41,0.42
1032,2026-05-15 15:15:48,8,q73,0,8,204,180,593,1121,852,857,904,0,0,0,0,232006,0,0,0,20016,433882,0,0,0,0,0,0,0,0,0,0,0,0,6.23,0.18
1033,2026-05-15 15:15:49,8,q74,0,18,414,913,2226,4191,2971,2170,1703,0,30,0,55,3001190,0,0,1804473784,7339583,38808856,0,0,98902,4,4,0,3653467,3653467,0,0,3653467,98902,4.59,0.91
1034,2026-05-15 15:15:51,8,q75,0,9,303,247,1038,1499,865,1259,1342,0,0,0,0,232049,0,0,0,40006,646400,0,0,0,0,0,0,0,0,0,0,0,0,6.07,0.25
1035,2026-05-15 15:15:53,8,q76,0,9,297,569,484,2014,1515,1204,1211,7,30,0,20,380855,0,0,589105152,5132390,35585240,0,0,509,3,3,0,45030,45030,0,0,45030,509,3.54,0.57
1036,2026-05-15 15:15:54,8,q77,0,23,513,722,1063,3128,1985,2058,2089,0,112,0,20,232049,0,0,779900496,5564761,50068677,0,0,135,11,11,0,12492,12492,0,0,12492,135,4.33,0.72
1037,2026-05-15 15:15:56,8,q77a,0,26,518,744,1049,2103,1909,2177,2121,0,128,0,27,231962,0,0,1318868360,5564761,50068677,0,0,247,22,22,0,28264,28264,0,0,17042,167,2.83,0.74
1038,2026-05-15 15:15:58,8,q78,0,17,424,1161,2210,7124,5513,1679,1673,0,198,0,54,3102610,0,0,6871707440,5564687,47674138,0,0,872646,35,35,0,20939025,20939025,0,0,20939025,872646,6.14,1.16
1039,2026-05-15 15:16:00,8,q79,0,11,272,631,1084,2100,1321,1379,1168,0,0,0,10,2502367,0,0,207498960,3007621,25022707,0,0,7013,1,1,0,231553,231553,0,0,231553,7013,3.33,0.63
1040,2026-05-15 15:16:02,8,q80,0,26,663,1183,4338,5121,2717,3387,2776,14,155,0,28,5715289,0,0,1779481200,5594752,74578010,0,0,856,6,6,0,70474,70474,0,0,70474,856,4.33,1.18
1041,2026-05-15 15:16:04,8,q80a,0,29,668,1113,3411,2881,2616,3070,2809,0,7,0,41,5715289,0,0,2251340232,5594752,74578010,0,0,1883,17,17,0,173167,173167,0,0,98845,1133,2.59,1.11
1042,2026-05-15 15:16:07,8,q81,0,15,314,468,884,1581,798,1361,1344,0,105,0,28,4061421,0,0,515053560,508140,7808764,0,0,53901,3,3,0,927284,927284,0,0,927284,53901,3.38,0.47
1043,2026-05-15 15:16:08,8,q82,0,9,228,1096,951,1659,1122,877,924,1,0,0,1,15022836,0,0,1230756904,14663408,43991378,0,0,2,1,1,0,479,479,0,0,479,2,1.51,1.1
1044,2026-05-15 15:16:10,8,q83,0,17,366,672,616,1900,965,1600,1591,0,0,0,32,232092,0,0,427127792,740501,5485187,0,0,4250,3,3,0,93519,93519,0,0,93519,4250,2.83,0.67
1045,2026-05-15 15:16:12,8,q84,0,13,312,655,876,980,342,1293,1324,0,91,0,0,9751042,0,0,204944448,2365540,11695570,0,0,25,1,1,0,966,966,0,0,966,25,1.5,0.66
1046,2026-05-15 15:16:14,8,q85,0,12,356,253,1251,1404,569,1459,1539,0,6,0,0,232049,0,0,0,20102,444706,0,0,0,0,0,0,0,0,0,0,0,0,5.55,0.25
1047,2026-05-15 15:16:15,8,q86,0,8,166,353,360,1250,914,655,704,0,0,0,8,271427,0,0,269477624,757387,5384247,0,0,266,2,2,0,17966,17966,0,0,17966,266,3.54,0.35
1048,2026-05-15 15:16:17,8,q86a,0,11,171,380,370,954,884,764,716,0,80,0,19,271427,0,0,808445400,757387,5384247,0,0,641,9,9,0,51729,51729,0,0,30007,399,2.51,0.38
1049,2026-05-15 15:16:18,8,q87,0,14,301,632,1033,2331,1859,1173,1207,0,18,0,34,2502324,0,0,1370428032,5161341,7443247,0,0,91194,4,4,0,2289264,2289264,0,0,2289264,91194,3.69,0.63
1050,2026-05-15 15:16:20,8,q88,0,44,1046,1020,4802,4244,2495,3986,4040,0,98,0,21,232651,0,0,411870208,23250462,31467812,0,0,128,128,128,0,7192,7192,0,0,7192,128,4.16,1.02
1051,2026-05-15 15:16:22,8,q89,0,7,154,139,333,935,706,654,695,0,0,0,0,232049,0,0,0,20015,439526,0,0,0,0,0,0,0,0,0,0,0,0,6.73,0.14
1052,2026-05-15 15:16:23,8,q90,0,14,330,378,730,1672,1025,1297,1366,0,54,0,2,232049,0,0,77666496,1486034,3689729,0,0,24,24,24,0,1350,1350,0,0,1350,24,4.42,0.38
1053,2026-05-15 15:16:25,8,q91,0,12,307,232,1109,1487,877,1244,1310,0,0,0,0,232049,0,0,0,77212,853291,0,0,0,0,0,0,0,0,0,0,0,0,6.41,0.23
1054,2026-05-15 15:16:26,8,q92,0,11,229,338,427,1653,1254,945,940,0,112,0,14,232049,0,0,98207576,1476772,10326045,0,0,9069,3,3,0,143446,143446,0,0,143446,9069,4.89,0.34
1055,2026-05-15 15:16:27,8,q93,0,4,102,66,121,262,64,418,422,0,0,0,0,232049,0,0,0,2,9682,0,0,0,0,0,0,0,0,0,0,0,0,3.97,0.07
1056,2026-05-15 15:16:28,8,q94,0,10,256,185,677,1066,514,1050,1073,0,0,0,0,260374,0,0,0,141774,998360,0,0,0,0,0,0,0,0,0,0,0,0,5.76,0.18
1057,2026-05-15 15:16:30,8,q95,0,10,304,218,890,1160,1093,1273,1362,0,0,0,0,232049,0,0,0,70006,768522,0,0,0,0,0,0,0,0,0,0,0,0,5.32,0.22
1058,2026-05-15 15:16:31,8,q96,0,9,220,355,500,1177,655,946,906,0,96,0,2,232823,0,0,51086464,2907620,3968546,0,0,16,16,16,0,899,899,0,0,899,16,3.32,0.36
1059,2026-05-15 15:16:32,8,q97,0,8,192,686,834,3341,2895,733,759,0,0,0,30,232049,0,0,2381671120,4341955,13734368,0,0,834974,24,24,0,8658863,8658863,0,0,8658863,834974,4.87,0.69
1060,2026-05-15 15:16:34,8,q98,0,5,103,94,143,565,415,430,456,0,0,0,0,232049,0,0,0,20002,400414,0,0,0,0,0,0,0,0,0,0,0,0,6.01,0.09
1061,2026-05-15 15:16:35,8,q99,0,11,271,494,852,1853,1362,1123,1140,0,104,0,4,232049,0,0,205833808,1461584,4722351,0,0,90,1,1,0,11250,11250,0,0,11250,90,3.75,0.49
1062,2026-05-15 15:16:37,9,q1,0,13,265,439,672,1456,1102,1061,1146,0,0,0,24,1022096,0,0,430215328,695045,7033202,0,0,99878,3,3,0,1544051,1544051,0,0,1544051,99878,3.32,0.44
1063,2026-05-15 15:16:38,9,q2,0,14,286,571,721,2229,2030,1117,1199,0,0,0,21,680985,0,0,415741384,2273986,10747269,0,0,4453,8,8,0,91309,91309,0,0,38659,3403,3.9,0.57
1064,2026-05-15 15:16:40,9,q3,0,7,169,335,349,1088,628,716,715,0,88,0,4,232694,0,0,109346792,2971456,19277177,0,0,89,1,1,0,8279,8279,0,0,8279,89,3.25,0.34
1065,2026-05-15 15:16:41,9,q4,0,25,555,1349,4295,7369,5846,2463,2235,13,132,0,82,7499173,0,0,5381169320,10222681,162935414,0,0,153369,15,15,0,12744446,12744446,0,0,12744446,153369,5.46,1.35
1066,2026-05-15 15:16:44,9,q5,0,21,623,891,1893,4282,2853,2507,2572,0,126,0,47,1657981,0,0,722692208,6295835,55461751,0,0,1515,9,9,0,100764,100764,0,0,100764,1515,4.81,0.89
1067,2026-05-15 15:16:46,9,q5a,0,24,628,934,1695,3309,2734,2490,2593,0,8,0,61,1657981,0,0,1261660080,6295835,55461751,0,0,3255,20,20,0,237079,237079,0,0,139181,2005,3.54,0.93
1068,2026-05-15 15:16:48,9,q6,0,19,393,736,1281,2406,1613,1552,1593,0,135,0,59,883229,0,0,393451552,3159460,11222327,0,0,2785514,5,5,0,24471970,24471970,0,0,24471970,2785514,3.27,0.74
1069,2026-05-15 15:16:50,9,q7,0,9,206,164,505,978,478,871,885,0,0,0,0,232049,0,0,0,38304,685159,0,0,0,0,0,0,0,0,0,0,0,0,5.96,0.16
1070,2026-05-15 15:16:51,9,q8,0,16,326,599,906,1724,1132,1403,1405,0,84,0,14,494133,0,0,1390749344,3100422,15216122,0,0,3491,4,4,0,59073,59073,0,0,59073,3491,2.88,0.6
1071,2026-05-15 15:16:53,9,q9,0,17,386,395,1427,1947,855,1256,1362,0,0,0,49,232049,0,0,0,14402061,92519791,0,0,80,80,80,0,4687,4687,0,0,4687,80,4.93,0.4
1072,2026-05-15 15:16:54,9,q10,0,19,405,1242,1475,2554,1975,1490,1579,2,0,0,57,28184395,0,0,676579040,7132143,16225049,0,0,287659,5,5,0,1909302,1909302,0,0,1909302,287659,2.06,1.24
1073,2026-05-15 15:16:56,9,q10a,0,17,404,1147,1298,1819,1881,1505,1622,2,7,0,58,28184395,0,0,675006688,7132143,16225049,0,0,283274,5,5,0,1906126,1906126,0,0,1906126,283274,1.59,1.15
1074,2026-05-15 15:16:59,9,q11,0,19,419,866,1915,3878,2998,1662,1681,21,160,0,53,7499173,0,0,3424523464,7339583,55328024,0,0,98990,11,11,0,8222867,8222867,0,0,8222867,98990,4.48,0.87
1075,2026-05-15 15:17:01,9,q12,0,5,103,94,143,581,414,426,460,0,0,0,0,232006,0,0,0,20002,400414,0,0,0,0,0,0,0,0,0,0,0,0,6.18,0.09
1076,2026-05-15 15:17:02,9,q13,0,11,257,222,886,1406,786,1112,1121,0,63,0,0,232436,0,0,0,77217,1001046,0,0,0,0,0,0,0,0,0,0,0,0,6.33,0.22
1077,2026-05-15 15:17:03,9,q14a,0,46,1002,3635,4818,8749,7126,3719,3928,81,447,0,358,369441,0,0,2708324176,15256024,78647529,0,0,6319776,83,83,0,87464350,87464350,0,0,86336662,6292360,2.41,3.64
1078,2026-05-15 15:17:09,9,q14b,0,40,954,2420,4845,7953,6435,3702,3813,0,394,0,179,380193,0,0,1252936104,13241190,63753498,0,0,6855449,57,57,0,96932172,96932172,0,0,50714546,4105138,3.29,2.42
1079,2026-05-15 15:17:12,9,q14,0,40,954,2260,4685,7163,6275,3736,3816,11,384,0,181,380193,0,0,1260964264,13241190,63753498,0,0,6844878,57,57,0,96252553,96252553,0,0,50034927,4094567,3.17,2.26
1080,2026-05-15 15:17:16,9,q15,0,9,221,617,760,1665,1279,854,912,0,0,0,6,1045273,0,0,308880720,1611552,6841119,0,0,202,1,1,0,11828,11828,0,0,11828,202,2.7,0.62
1081,2026-05-15 15:17:17,9,q16,0,14,340,774,1189,2309,1585,1290,1346,0,0,0,7,7193194,0,0,1238704384,3097181,22342280,0,0,237,2,2,0,11981,11981,0,0,11981,237,2.98,0.77
1082,2026-05-15 15:17:19,9,q17,0,16,408,1074,2366,5741,4043,1595,1637,0,396,0,62,6124144,0,0,3885150096,4667485,25841512,0,0,1629074,35,35,0,31753837,31753837,0,0,31753837,1629074,5.35,1.07
1083,2026-05-15 15:17:21,9,q18,0,10,305,239,1070,1380,544,1420,1342,0,0,0,0,232049,0,0,0,38006,647797,0,0,0,0,0,0,0,0,0,0,0,0,5.77,0.24
1084,2026-05-15 15:17:23,9,q18a,0,20,512,276,2068,564,625,2230,2221,0,140,0,0,857079,0,0,0,356010,4430334,0,0,0,0,0,0,0,0,0,0,0,0,2.04,0.28
1085,2026-05-15 15:17:24,9,q19,0,13,323,739,1512,2410,1366,1552,1397,1,0,0,6,1045273,0,0,275582184,3068422,23026943,0,0,160,1,1,0,17796,17796,0,0,17796,160,3.26,0.74
1086,2026-05-15 15:17:26,9,q20,0,5,103,100,152,687,413,440,468,0,112,0,0,232049,0,0,0,20002,400414,0,0,0,0,0,0,0,0,0,0,0,0,6.87,0.1
1087,2026-05-15 15:17:27,9,q21,0,9,213,727,844,1460,1004,855,914,0,0,0,10,232050,0,0,165745248,11783009,36999935,0,0,2795,1,1,0,97587,97587,0,0,97587,2795,2.01,0.73
1088,2026-05-15 15:17:29,9,q22,0,9,213,7890,8013,8810,8165,912,884,0,111,0,12,804447,0,0,225717568,11783012,36954499,0,0,35968,1,1,0,1544161,1544161,0,0,1544161,35968,1.12,7.89
1089,2026-05-15 15:17:38,9,q22a,0,14,222,1367,1552,1917,1737,919,926,0,50,0,51,804490,0,0,1043344704,11783009,36965943,0,0,72373,14,14,0,3722976,3722976,0,0,1718132,36377,1.4,1.37
1090,2026-05-15 15:17:40,9,q23a,0,26,619,2439,5247,10363,8826,2299,2418,0,241,0,217,1169836,0,0,4199777904,10980154,49256743,0,0,3812080,114,114,0,98368916,98368916,0,0,98366379,3812037,4.25,2.44
1091,2026-05-15 15:17:44,9,q23b,0,31,691,2404,5076,9944,9028,2703,2667,3,337,0,234,1169836,0,0,6766694776,11080155,50329476,0,0,3908567,130,130,0,100971109,100971109,0,0,100968572,3908524,4.14,2.4
1092,2026-05-15 15:17:47,9,q24,0,8,253,195,652,1161,523,1125,1107,0,80,0,0,232049,0,0,0,17,123999,0,0,0,0,0,0,0,0,0,0,0,0,5.95,0.2
1093,2026-05-15 15:17:49,9,q24a,0,8,253,149,585,634,467,1030,1112,0,0,0,0,232049,0,0,0,17,123999,0,0,0,0,0,0,0,0,0,0,0,0,4.26,0.15
1094,2026-05-15 15:17:50,9,q24b,0,9,254,139,536,378,444,1036,1106,0,0,0,0,405606,0,0,0,50017,327049,0,0,0,0,0,0,0,0,0,0,0,0,2.72,0.14
1095,2026-05-15 15:17:51,9,q25,0,16,408,999,2334,5404,4383,1543,1657,0,56,0,60,6156676,0,0,3885125480,4667485,40099112,0,0,1629074,35,35,0,32135493,32135493,0,0,32135493,1629074,5.41,1.0
1096,2026-05-15 15:17:53,9,q26,0,9,206,153,478,881,470,856,891,0,0,0,0,232049,0,0,0,38304,685159,0,0,0,0,0,0,0,0,0,0,0,0,5.76,0.15
1097,2026-05-15 15:17:54,9,q27,0,9,206,153,515,831,776,870,899,5,80,0,0,231399,0,0,0,38016,667707,0,0,0,0,0,0,0,0,0,0,0,0,5.43,0.15
1098,2026-05-15 15:17:56,9,q27a,0,13,308,230,1108,1176,1143,1311,1370,0,90,0,0,231361,0,0,0,56030,861877,0,0,0,0,0,0,0,0,0,0,0,0,5.11,0.23
1099,2026-05-15 15:17:57,9,q28,0,24,408,859,1384,3879,1552,1490,1514,0,13,0,71,232049,0,0,832044768,17282430,141905886,0,0,47107,12,12,0,769812,769812,0,0,769812,47107,4.52,0.86
1100,2026-05-15 15:17:59,9,q29,0,18,459,1053,2887,5887,4859,1844,1890,0,208,0,60,6124144,0,0,3885232920,4687486,26315794,0,0,1629074,35,35,0,31753942,31753942,0,0,31753942,1629074,5.59,1.05
1101,2026-05-15 15:18:01,9,q30,0,15,312,434,828,1402,774,1278,1336,1,5,0,24,10380217,0,0,522636280,363532,8306778,0,0,25935,3,3,0,489698,489698,0,0,489698,25935,3.23,0.43
1102,2026-05-15 15:18:03,9,q31,0,29,597,846,2163,4709,3594,2537,2392,0,195,0,91,773451,0,0,1437573232,10909374,55414596,0,0,8829,9,9,0,343251,343251,0,0,319380,8582,5.57,0.85
1103,2026-05-15 15:18:05,9,q32,0,11,237,370,524,1872,1386,938,955,0,91,0,12,232307,0,0,107637432,2921100,18622264,0,0,9308,3,3,0,150123,150123,0,0,150123,9308,5.06,0.37
1104,2026-05-15 15:18:06,9,q33,0,6,153,129,327,821,513,683,678,0,35,0,0,232393,0,0,0,20003,407513,0,0,0,0,0,0,0,0,0,0,0,0,6.36,0.13
1105,2026-05-15 15:18:07,9,q34,0,8,204,180,599,1257,901,831,886,0,0,0,0,232049,0,0,0,20016,433882,0,0,0,0,0,0,0,0,0,0,0,0,6.98,0.18
1106,2026-05-15 15:18:08,9,q35,0,19,405,972,1451,2395,1889,1662,1568,2,187,0,76,24076245,0,0,484354584,7132143,16087195,0,0,646325,5,5,0,2473533,2473533,0,0,2473533,646325,2.46,0.97
1107,2026-05-15 15:18:10,9,q35a,0,17,404,911,1255,1796,1817,1477,1605,1,12,0,69,24076245,0,0,485651880,7132143,16087195,0,0,646170,5,5,0,2472271,2472271,0,0,2472271,646170,1.97,0.91
1108,2026-05-15 15:18:12,9,q36,0,10,221,634,784,1684,1221,931,937,0,91,0,8,271427,0,0,308864056,2918420,31058515,0,0,266,2,2,0,19035,19035,0,0,19035,266,2.66,0.63
1109,2026-05-15 15:18:14,9,q36a,0,13,226,590,713,1293,1142,955,958,0,90,0,19,271427,0,0,847831928,2918420,31058515,0,0,641,9,9,0,56190,56190,0,0,32454,399,2.19,0.59
1110,2026-05-15 15:18:16,9,q37,0,9,228,774,815,1671,1216,982,941,0,112,0,1,7287807,0,0,626776552,13224552,41162794,0,0,1,1,1,0,253,253,0,0,253,1,2.16,0.77
1111,2026-05-15 15:18:18,9,q38,0,14,301,636,1064,2574,1889,1162,1204,0,105,0,34,2502324,0,0,1370428032,5161341,7443247,0,0,91194,4,4,0,2289264,2289264,0,0,2289264,91194,4.05,0.64
1112,2026-05-15 15:18:19,9,q39a,0,16,326,983,1873,2750,2205,1279,1371,0,54,0,32,232092,0,0,475832280,23548011,73303946,0,0,135243,4,4,0,3309465,3309465,0,0,2213545,90243,2.8,0.98
1113,2026-05-15 15:18:21,9,q39b,0,16,326,789,1526,1840,1878,1353,1394,0,98,0,22,231362,0,0,475832280,23548011,73303946,0,0,135014,4,4,0,3288940,3288940,0,0,2193135,90014,2.33,0.79
1114,2026-05-15 15:18:23,9,q40,0,11,273,520,810,1568,1112,1151,1161,6,78,0,9,2161805,0,0,458498256,1623625,10884810,0,0,534,1,1,0,31932,31932,0,0,31932,534,3.02,0.52
1115,2026-05-15 15:18:25,9,q41,0,3,52,151,146,1581,140,279,282,0,0,0,0,232049,0,0,262144,1,87174,0,0,0,0,0,0,0,0,0,0,0,0,10.47,0.15
1116,2026-05-15 15:18:26,9,q42,0,7,169,337,353,1133,684,706,693,0,35,0,2,232350,0,0,105385704,2918407,19156218,0,0,10,1,1,0,925,925,0,0,925,10,3.36,0.34
1117,2026-05-15 15:18:28,9,q43,0,7,169,443,476,1460,1066,675,719,0,0,0,1,232049,0,0,105168104,2900419,8165677,0,0,6,1,1,0,618,618,0,0,618,6,3.3,0.44
1118,2026-05-15 15:18:29,9,q44,0,11,188,434,420,926,422,770,732,0,91,0,11,298111,0,0,486696104,5778811,32244430,0,0,36021,5,5,0,574234,574234,0,0,287345,18022,2.13,0.43
1119,2026-05-15 15:18:31,9,q45,0,13,319,392,912,1563,1066,1256,1363,0,0,0,2,1045273,0,0,1017800936,925390,6259066,0,0,19,1,1,0,1799,1799,0,0,1799,19,3.99,0.39
1120,2026-05-15 15:18:32,9,q46,0,13,323,656,1236,1904,1347,1310,1389,0,0,0,10,3116112,0,0,285873232,3057622,25916890,0,0,10081,1,1,0,430760,430760,0,0,430760,10081,2.9,0.66
1121,2026-05-15 15:18:34,9,q47,0,15,232,1211,1756,3458,2888,951,965,0,112,0,102,398425,0,0,1670381912,2918420,14023615,0,0,499240,30,30,0,15789663,15789663,0,0,11851696,370924,2.86,1.21
1122,2026-05-15 15:18:36,9,q48,0,9,206,182,547,1195,750,910,917,0,112,0,0,232006,0,0,0,70016,962914,0,0,0,0,0,0,0,0,0,0,0,0,6.57,0.18
1123,2026-05-15 15:18:37,9,q49,0,19,411,790,1309,3226,2157,1741,1693,0,90,0,13,232693,0,0,913058176,5564687,68786097,0,0,170,9,9,0,11817,11817,0,0,11817,170,4.08,0.79
1124,2026-05-15 15:18:39,9,q50,0,11,274,723,1072,2138,1537,1171,1173,0,112,0,1,4413222,0,0,1490206824,3260984,15645288,0,0,6,1,1,0,1447,1447,0,0,1447,6,2.96,0.72
1125,2026-05-15 15:18:41,9,q51,0,13,219,943,1178,4998,4276,755,789,0,72,0,457,232006,0,0,3659610976,3619791,16571629,0,0,2523869,299,299,0,43438446,43438446,0,0,43438446,2523869,5.3,0.94
1126,2026-05-15 15:18:43,9,q51a,0,17,250,2414,3139,25991,23537,905,874,0,913,0,689,1761560,0,0,11936306224,3619791,16571629,0,0,4889102,693,693,0,83968631,83968631,0,0,61032787,3644888,10.77,2.41
1127,2026-05-15 15:18:46,9,q52,0,7,169,332,352,1159,679,726,708,0,72,0,5,232608,0,0,105385704,2918407,19156218,0,0,109,1,1,0,9739,9739,0,0,9739,109,3.49,0.33
1128,2026-05-15 15:18:48,9,q53,0,7,154,146,336,1071,719,656,694,0,0,0,0,232049,0,0,0,20015,505062,0,0,0,0,0,0,0,0,0,0,0,0,7.34,0.15
1129,2026-05-15 15:18:49,9,q54,0,14,406,403,2675,2888,1767,2114,1817,0,90,0,2,232694,0,0,524288,60020,999430,0,0,0,0,0,0,0,0,0,0,118,2,7.17,0.4
1130,2026-05-15 15:18:50,9,q55,0,7,169,316,339,1015,704,655,716,0,0,0,5,232049,0,0,105385704,2918407,19156218,0,0,104,1,1,0,8981,8981,0,0,8981,104,3.21,0.32
1131,2026-05-15 15:18:52,9,q56,0,7,154,135,332,844,503,679,676,0,105,0,0,232049,0,0,0,70003,768425,0,0,0,0,0,0,0,0,0,0,0,0,6.25,0.14
1132,2026-05-15 15:18:53,9,q57,0,13,224,830,1095,2327,1853,874,945,0,6,0,33,491406,0,0,651427776,1479558,7047928,0,0,160920,5,5,0,4348229,4348229,0,0,2602187,96552,2.8,0.83
1133,2026-05-15 15:18:55,9,q58,0,17,401,669,974,2920,2264,1591,1673,0,21,0,32,232049,0,0,715438792,5225441,34148457,0,0,17396,3,3,0,287209,287209,0,0,287209,17396,4.36,0.67
1134,2026-05-15 15:18:57,9,q59,0,16,325,670,1412,2580,2082,1292,1398,0,6,0,26,680942,0,0,286765128,2993483,8867462,0,0,7524,4,4,0,133338,133338,0,0,89016,5952,3.85,0.67
1135,2026-05-15 15:18:59,9,q60,0,7,154,127,304,803,521,638,677,0,0,0,0,232049,0,0,0,70003,771061,0,0,0,0,0,0,0,0,0,0,0,0,6.32,0.13
1136,2026-05-15 15:19:00,9,q61,0,14,309,246,1245,1527,919,1284,1343,0,112,0,0,1045273,0,0,0,170318,1814287,0,0,0,0,0,0,0,0,0,0,0,0,6.21,0.25
1137,2026-05-15 15:19:01,9,q62,0,11,267,442,737,1567,1072,1062,1124,0,0,0,6,232049,0,0,187997616,739444,3265876,0,0,150,1,1,0,17537,17537,0,0,17537,150,3.55,0.44
1138,2026-05-15 15:19:03,9,q63,0,7,154,151,309,1048,688,692,690,7,105,0,0,232049,0,0,0,20015,505062,0,0,0,0,0,0,0,0,0,0,0,0,6.94,0.15
1139,2026-05-15 15:19:04,9,q64,0,22,659,475,4585,2716,1660,2806,2880,7,98,0,0,375175,0,0,0,120594,1289289,0,0,0,0,0,0,0,0,0,0,0,0,5.72,0.48
1140,2026-05-15 15:19:06,9,q65,0,15,295,572,959,1964,1378,1135,1188,2,0,0,32,1710264,0,0,464757040,5798825,28248760,0,0,162108,9,9,0,7984419,7984419,0,0,7984419,162108,3.43,0.57
1141,2026-05-15 15:19:07,9,q66,0,9,205,165,546,805,467,1020,878,0,189,0,0,232694,0,0,0,60029,770643,0,0,0,0,0,0,0,0,0,0,0,0,4.88,0.16
1142,2026-05-15 15:19:09,9,q67,0,10,237,2582,2709,8372,7758,903,965,0,52,0,163,804447,0,0,2776621424,2918420,16876781,0,0,523804,34,34,0,35032320,35032320,0,0,35032320,523804,3.24,2.58
1143,2026-05-15 15:19:12,9,q67a,0,18,368,2799,9723,28872,23785,1106,1222,0,507,0,3950,804447,0,0,19351456272,2918420,16876781,0,0,3913413,393,393,0,254672067,254672067,0,0,74909707,1194405,10.32,2.8
1144,2026-05-15 15:19:16,9,q68,0,13,323,673,1303,2086,1384,1348,1386,0,52,0,10,3116112,0,0,218427752,3057622,39533551,0,0,2221,1,1,0,125465,125465,0,0,125465,2221,3.1,0.67
1145,2026-05-15 15:19:18,9,q69,0,19,405,1129,1453,2577,1924,1538,1566,2,65,0,67,27823006,0,0,405233080,7132143,16128765,0,0,239275,5,5,0,1895318,1895318,0,0,1895318,239275,2.28,1.13
1146,2026-05-15 15:19:20,9,q70,0,14,289,777,888,2025,1496,1138,1193,1,0,0,5,232049,0,0,478903664,5780837,27583546,0,0,19,4,4,0,840,840,0,0,840,19,2.61,0.78
1147,2026-05-15 15:19:22,9,q70a,0,17,294,764,864,1688,1427,1230,1200,0,168,0,10,231361,0,0,883653600,5780837,27583546,0,0,24,11,11,0,1381,1381,0,0,1169,22,2.21,0.76
1148,2026-05-15 15:19:24,9,q71,0,6,153,119,302,775,511,625,669,0,0,0,0,232049,0,0,0,20003,415391,0,0,0,0,0,0,0,0,0,0,0,0,6.51,0.12
1149,2026-05-15 15:19:25,9,q72,0,18,557,420,3352,2512,1640,2389,2409,7,135,0,0,670616,0,0,0,166414,1810506,0,0,0,0,0,0,0,0,0,0,0,0,5.98,0.42
1150,2026-05-15 15:19:27,9,q73,0,8,204,240,787,1505,895,1199,941,1,0,0,0,232006,0,0,0,20016,433882,0,0,0,0,0,0,0,0,0,0,0,0,6.27,0.24
1151,2026-05-15 15:19:28,9,q74,0,18,414,822,1881,3692,2851,1847,1669,0,99,0,46,3001190,0,0,1804473784,7339583,38808856,0,0,98902,4,4,0,3653467,3653467,0,0,3653467,98902,4.49,0.82
1152,2026-05-15 15:19:30,9,q75,0,9,303,240,1057,1432,844,1351,1361,3,50,0,0,232565,0,0,0,40006,646400,0,0,0,0,0,0,0,0,0,0,0,0,5.97,0.24
1153,2026-05-15 15:19:31,9,q76,0,9,297,548,470,1975,1509,1349,1241,0,0,0,19,380855,0,0,589105152,5132390,35585240,0,0,509,3,3,0,45030,45030,0,0,45030,509,3.6,0.55
1154,2026-05-15 15:19:33,9,q77,0,23,513,719,1125,3032,2017,2085,2092,6,100,0,20,232049,0,0,779900496,5564761,50068677,0,0,135,11,11,0,12492,12492,0,0,12492,135,4.22,0.72
1155,2026-05-15 15:19:35,9,q77a,0,26,518,730,1039,2148,1915,2124,2128,0,105,0,27,231404,0,0,1318868360,5564761,50068677,0,0,247,22,22,0,28264,28264,0,0,17042,167,2.94,0.73
1156,2026-05-15 15:19:36,9,q78,0,17,424,1151,2194,6140,4779,1770,1700,1,0,0,56,3102610,0,0,6871707440,5564687,47674138,0,0,872646,35,35,0,20939025,20939025,0,0,20939025,872646,5.33,1.15
1157,2026-05-15 15:19:39,9,q79,0,11,272,588,1007,1958,1282,1248,1154,0,170,0,10,2502367,0,0,207498960,3007621,25022707,0,0,7013,1,1,0,231553,231553,0,0,231553,7013,3.33,0.59
1158,2026-05-15 15:19:40,9,q80,0,26,663,1099,3643,4239,2689,2743,2780,12,100,0,28,5715289,0,0,1779481200,5594752,74578010,0,0,856,6,6,0,70474,70474,0,0,70474,856,3.86,1.1
1159,2026-05-15 15:19:43,9,q80a,0,29,668,1049,3110,2789,2570,2773,2805,2,208,0,39,5715289,0,0,2251340232,5594752,74578010,0,0,1883,17,17,0,173167,173167,0,0,98845,1133,2.66,1.05
1160,2026-05-15 15:19:45,9,q81,0,15,314,457,862,1542,795,1358,1339,0,75,0,27,4061421,0,0,515053560,508140,7808764,0,0,53901,3,3,0,927284,927284,0,0,927284,53901,3.37,0.46
1161,2026-05-15 15:19:46,9,q82,0,9,228,1095,940,1722,1121,875,915,1,0,0,1,15022793,0,0,1230756904,14663408,43991378,0,0,2,1,1,0,479,479,0,0,479,2,1.57,1.1
1162,2026-05-15 15:19:49,9,q83,0,17,366,627,556,1768,940,1504,1577,0,0,0,33,232049,0,0,427127792,740501,5485187,0,0,4250,3,3,0,93519,93519,0,0,93519,4250,2.82,0.63
1163,2026-05-15 15:19:50,9,q84,0,13,312,603,913,968,345,1375,1325,0,153,0,0,9751042,0,0,204944448,2365540,11695570,0,0,25,1,1,0,966,966,0,0,966,25,1.61,0.6
1164,2026-05-15 15:19:52,9,q85,0,12,356,244,1269,1420,569,1454,1529,0,0,0,0,232049,0,0,0,20102,444706,0,0,0,0,0,0,0,0,0,0,0,0,5.82,0.24
1165,2026-05-15 15:19:53,9,q86,0,8,166,367,379,1345,917,684,703,0,96,0,8,271427,0,0,269477624,757387,5384247,0,0,266,2,2,0,17966,17966,0,0,17966,266,3.66,0.37
1166,2026-05-15 15:19:55,9,q86a,0,11,171,375,362,951,898,678,728,0,0,0,18,271427,0,0,808445400,757387,5384247,0,0,641,9,9,0,51729,51729,0,0,30007,399,2.54,0.38
1167,2026-05-15 15:19:56,9,q87,0,15,302,669,1169,2892,1968,1312,1212,0,128,0,49,2502324,0,0,1370428032,5161341,7443247,0,0,138876,5,5,0,3440760,3440760,0,0,3440760,138876,4.32,0.67
1168,2026-05-15 15:19:58,9,q88,0,44,1046,1038,4737,4388,2345,3988,4078,0,183,0,21,232694,0,0,411870208,23250462,31467812,0,0,128,128,128,0,7192,7192,0,0,7192,128,4.23,1.04
1169,2026-05-15 15:20:00,9,q89,0,7,154,148,358,982,686,702,681,0,78,0,0,232049,0,0,0,20015,439526,0,0,0,0,0,0,0,0,0,0,0,0,6.64,0.15
1170,2026-05-15 15:20:01,9,q90,0,14,330,367,744,1626,1020,1231,1348,0,0,0,2,232049,0,0,77666496,1486034,3689729,0,0,24,24,24,0,1350,1350,0,0,1350,24,4.43,0.37
1171,2026-05-15 15:20:03,9,q91,0,12,307,236,1146,1497,885,1317,1330,0,70,0,0,232608,0,0,0,77212,853291,0,0,0,0,0,0,0,0,0,0,0,0,6.34,0.24
1172,2026-05-15 15:20:04,9,q92,0,11,229,331,428,1710,1276,907,945,0,0,0,13,232049,0,0,98207576,1476772,10326045,0,0,9069,3,3,0,143446,143446,0,0,143446,9069,5.17,0.33
1173,2026-05-15 15:20:05,9,q93,0,4,102,77,107,321,63,418,456,0,0,0,0,232049,0,0,0,2,9682,0,0,0,0,0,0,0,0,0,0,0,0,4.17,0.08
1174,2026-05-15 15:20:06,9,q94,0,9,254,194,700,1183,512,1060,1078,0,84,0,0,232006,0,0,0,70011,768960,0,0,0,0,0,0,0,0,0,0,0,0,6.1,0.19
1175,2026-05-15 15:20:08,9,q95,0,10,304,217,897,1148,1049,1230,1329,0,0,0,0,232049,0,0,0,70006,768522,0,0,0,0,0,0,0,0,0,0,0,0,5.29,0.22
1176,2026-05-15 15:20:09,9,q96,0,9,220,336,469,1266,640,835,900,0,0,0,19,232049,0,0,51086464,2907620,3968546,0,0,16,16,16,0,899,899,0,0,899,16,3.77,0.34
1177,2026-05-15 15:20:10,9,q97,0,8,192,703,850,3445,2825,725,732,0,48,0,31,232049,0,0,2381671120,4341955,13734368,0,0,834974,24,24,0,8658863,8658863,0,0,8658863,834974,4.9,0.7
1178,2026-05-15 15:20:12,9,q98,0,5,103,93,142,535,403,433,462,0,0,0,0,232049,0,0,0,20002,400414,0,0,0,0,0,0,0,0,0,0,0,0,5.75,0.09
1179,2026-05-15 15:20:13,9,q99,0,11,271,491,843,1819,1375,1070,1147,0,0,0,4,232049,0,0,205833808,1461584,4722351,0,0,90,1,1,0,11250,11250,0,0,11250,90,3.7,0.49
