ID,timestamp,run_id,query,query_rerun_id,numStages,numTasks,elapsedTime,stageDuration,executorRunTime,executorCpuTime,executorDeserializeTime,executorDeserializeCpuTime,resultSerializationTime,jvmGCTime,shuffleFetchWaitTime,shuffleWriteTime,resultSize,diskBytesSpilled,memoryBytesSpilled,peakExecutionMemory,recordsRead,bytesRead,recordsWritten,bytesWritten,shuffleRecordsRead,shuffleTotalBlocksFetched,shuffleLocalBlocksFetched,shuffleRemoteBlocksFetched,shuffleTotalBytesRead,shuffleLocalBytesRead,shuffleRemoteBytesRead,shuffleRemoteBytesReadToDisk,shuffleBytesWritten,shuffleRecordsWritten,avg_active_tasks,elapsed_time_seconds
0,2026-05-18 02:04:59,0,q1,0,12,134,1420,2226,12591,7654,201,176,0,117,0,1667,406547,0,0,3493632216,6127653,108568026,0,0,2172339,220,220,0,31541287,31541287,0,0,31541287,2172339,8.87,1.42
1,2026-05-18 02:05:02,0,q2,0,9,120,970,834,9593,6211,167,157,0,0,0,446,1203664,0,0,839171944,21747366,110395806,0,0,4756,338,338,0,200702,200702,0,0,76764,3504,9.89,0.97
2,2026-05-18 02:05:04,0,q3,0,4,69,526,501,6814,3023,79,81,0,0,0,1764,721074,0,0,240926696,27682256,175143304,0,0,1010,15,15,0,88613,88613,0,0,88613,1010,12.95,0.53
3,2026-05-18 02:05:05,0,q4,0,22,389,9056,44898,139890,102550,448,518,4,3202,0,21795,1682654,0,0,39674206800,49681524,683359278,0,0,102286012,8739,8739,0,2539550644,2539550644,0,0,1275015000,51438627,15.45,9.06
4,2026-05-18 02:05:16,0,q5,0,11,403,2565,5651,37022,24942,339,481,2,720,0,5815,1556334,0,0,3754844192,61225599,592403004,0,0,7889656,1728,1728,0,114764218,114764218,0,0,114764218,7889656,14.43,2.56
5,2026-05-18 02:05:20,0,q5a,0,14,408,2563,5737,33976,27158,340,474,0,688,0,4124,1556291,0,0,4293812064,61225599,592403004,0,0,7891635,1738,1738,0,114931337,114931337,0,0,114798107,7889811,13.26,2.56
6,2026-05-18 02:05:24,0,q6,0,11,92,1957,3825,24190,19471,169,144,0,653,0,2977,5014279,0,0,4851667944,28607305,108733860,0,0,27358702,1158,1158,0,237127054,237127054,0,0,237127054,27358702,12.36,1.96
7,2026-05-18 02:05:27,0,q7,0,9,93,2870,8175,28923,23230,73,86,0,928,0,4038,783559,0,0,838432440,29603556,356553463,0,0,26629749,85,85,0,767598824,767598824,0,0,767598824,26629749,10.08,2.87
8,2026-05-18 02:05:31,0,q8,0,10,75,686,634,6321,5681,98,130,0,0,0,23,1650915,0,0,4865332224,28580358,117278168,0,0,6668,6,6,0,79456,79456,0,0,79456,6668,9.21,0.69
9,2026-05-18 02:05:33,0,q9,0,31,1021,2041,29890,29595,18197,197,569,1,1104,0,1336,321512,0,0,0,432007560,1172940160,0,0,1005,1005,1005,0,63138,63138,0,0,63138,1005,14.5,2.04
10,2026-05-18 02:05:36,0,q10,0,13,211,896,2205,9659,8333,43,140,0,0,0,393,594763,0,0,1683225704,51779275,120735650,0,0,4321867,84,84,0,66317919,66317919,0,0,66317919,4321867,10.78,0.9
11,2026-05-18 02:05:38,0,q10a,0,10,210,599,1350,6344,5223,107,147,0,325,0,432,821638,0,0,2194445312,51779275,120735650,0,0,4289247,138,138,0,66290269,66290269,0,0,66290269,4289247,10.59,0.6
12,2026-05-18 02:05:39,0,q11,0,17,258,4417,14453,67088,53618,255,302,0,1360,0,9419,1373324,0,0,26856842912,35353393,267813392,0,0,71770406,5474,5474,0,1049683414,1049683414,0,0,536131307,36215116,15.19,4.42
13,2026-05-18 02:05:45,0,q12,0,5,55,607,521,4716,3618,66,67,0,0,0,58,3269297,0,0,862371576,7375137,69292534,0,0,26498,6,6,0,3416917,3416917,0,0,3416917,26498,7.77,0.61
14,2026-05-18 02:05:47,0,q13,0,9,76,1140,2120,14872,11944,68,58,0,672,0,628,1611538,0,0,573747424,29758358,442127593,0,0,193014,17,17,0,2753258,2753258,0,0,2753258,193014,13.05,1.14
15,2026-05-18 02:05:49,0,q14a,0,30,641,7204,15877,87425,70071,537,760,4,2014,0,16573,1778476,0,0,12052039384,147733425,817696760,0,0,62683055,1638,1638,0,832554372,832554372,0,0,829543316,62596531,12.14,7.2
16,2026-05-18 02:05:59,0,q14b,0,24,503,4745,11307,65794,58165,402,593,1,1157,0,7002,1778433,0,0,10234366640,126351304,625377074,0,0,68475639,1565,1565,0,934830449,934830449,0,0,491078678,40968432,13.87,4.74
17,2026-05-18 02:06:06,0,q14,0,24,499,3450,9232,44226,38263,446,611,15,1224,0,7520,1778519,0,0,8268647616,126351304,625377074,0,0,68314948,1371,1371,0,925505459,925505459,0,0,481753688,40807741,12.82,3.45
18,2026-05-18 02:06:10,0,q15,0,6,83,1640,1629,21158,19079,32,68,0,224,0,1884,5014279,0,0,5245524392,15151180,83588960,0,0,14544315,1088,1088,0,126141563,126141563,0,0,126141563,14544315,12.9,1.64
19,2026-05-18 02:06:13,0,q16,0,8,195,2347,5615,33801,28735,59,140,0,784,0,5500,424379,0,0,4703921456,30563805,216701841,0,0,30114572,2975,2975,0,425546236,425546236,0,0,425546236,30114572,14.4,2.35
20,2026-05-18 02:06:16,0,q17,0,10,217,4880,11462,65858,58943,98,175,1,720,0,9275,6945969,0,0,7880912176,44860789,306329872,0,0,45538041,3319,3319,0,1083953570,1083953570,0,0,1083953570,45538041,13.5,4.88
21,2026-05-18 02:06:22,0,q18,0,12,96,1721,6539,19168,17026,70,95,0,416,0,2695,9713803,0,0,3065959144,19094780,276393850,0,0,14505220,98,98,0,425374885,425374885,0,0,425374885,14505220,11.14,1.72
22,2026-05-18 02:06:25,0,q18a,0,21,170,2554,12285,32405,28212,138,193,0,432,0,3443,9713760,0,0,13017939008,19946780,279627504,0,0,71657644,357,357,0,2102947115,2102947115,0,0,426335063,14562060,12.69,2.55
23,2026-05-18 02:06:29,0,q19,0,7,72,701,680,8024,7435,77,89,0,0,0,39,5014279,0,0,3108604640,28432358,208799922,0,0,2718,3,3,0,190396,190396,0,0,190396,2718,11.45,0.7
24,2026-05-18 02:06:31,0,q20,0,5,67,532,493,5561,4902,55,74,0,0,0,46,3269297,0,0,988820632,14503180,110733060,0,0,36807,6,6,0,4663129,4663129,0,0,4663129,36807,10.45,0.53
25,2026-05-18 02:06:32,0,q21,0,5,54,928,911,11969,10223,54,71,0,560,0,23,685446,0,0,385904296,133285059,523170535,0,0,63700,2,2,0,1093197,1093197,0,0,1093197,63700,12.9,0.93
26,2026-05-18 02:06:34,0,q22,0,6,71,17571,17527,152268,150191,121,108,0,766,0,216,4630315,0,0,2847197272,133285059,523150926,0,0,2038920,187,187,0,85798101,85798101,0,0,85798101,2038920,8.67,17.57
27,2026-05-18 02:06:53,0,q22a,0,10,135,2183,2994,26892,23005,174,202,0,656,0,2905,4630315,0,0,11914496448,133285059,523156014,0,0,2703130,857,857,0,135114839,135114839,0,0,33171531,664170,12.32,2.18
28,2026-05-18 02:06:56,0,q23a,0,18,403,6377,12750,95314,86489,354,474,0,1728,0,10617,6576963,0,0,22085629712,106164281,576934608,0,0,43094559,2877,2877,0,1053109860,1053109860,0,0,1008527567,40441747,14.95,6.38
29,2026-05-18 02:07:04,0,q23b,0,21,423,6725,14720,100785,90479,419,547,2,1648,0,10992,6576963,0,0,34872161472,106664281,579986654,0,0,49362664,6636,6636,0,1167746200,1167746200,0,0,1020911877,40904228,14.99,6.72
30,2026-05-18 02:07:12,0,q24,0,12,160,2995,9039,40846,36670,36,110,0,752,0,5734,463487,0,0,4795803152,32530235,250385654,0,0,30468590,2041,2041,0,736174632,736174632,0,0,736174632,30468590,13.64,3.0
31,2026-05-18 02:07:16,0,q24a,0,19,213,4261,9212,51649,47185,112,187,0,864,0,6079,3560798,0,0,14728425696,32632235,249079712,0,0,61448141,4647,4647,0,1495214546,1495214546,0,0,765303292,30991090,12.12,4.26
32,2026-05-18 02:07:21,0,q24b,0,19,213,4040,9144,49644,45900,109,189,0,896,0,5984,3560798,0,0,14722420960,32632235,249079712,0,0,61437701,4647,4647,0,1493987363,1493987363,0,0,764076109,30980650,12.29,4.04
33,2026-05-18 02:07:27,0,q25,0,10,217,4871,11687,66324,59798,65,168,0,1480,0,8494,6945926,0,0,7880887560,44860789,397738628,0,0,45538038,3316,3316,0,1103935384,1103935384,0,0,1103935384,45538038,13.62,4.87
34,2026-05-18 02:07:32,0,q26,0,8,87,1373,4235,17561,16104,43,75,0,135,0,2267,783559,0,0,568948504,16424480,222520799,0,0,14338674,72,72,0,390664156,390664156,0,0,390664156,14338674,12.79,1.37
35,2026-05-18 02:07:35,0,q27,0,8,91,1689,6074,23714,21206,51,79,0,640,0,3396,783559,0,0,637313664,29603158,330984235,0,0,26618343,74,74,0,683120336,683120336,0,0,683120336,26618343,14.04,1.69
36,2026-05-18 02:07:38,0,q27a,0,13,130,2245,9271,33201,30325,78,113,0,360,0,4119,783602,0,0,1361438760,29705260,331293045,0,0,79689890,233,233,0,2045386751,2045386751,0,0,683384333,26621186,14.79,2.24
37,2026-05-18 02:07:41,0,q28,0,18,431,2315,13139,34888,25096,362,473,0,1660,0,15203,360905,0,0,27424709080,172803006,1181120100,0,0,1375311,1564,1564,0,24467873,24467873,0,0,24467873,1375311,15.07,2.32
38,2026-05-18 02:07:44,0,q29,0,11,218,4791,12263,65864,59338,68,165,1,528,3,9325,6945969,0,0,7880995000,44933838,306809624,0,0,45538045,3321,3321,0,1083954345,1083954345,0,0,1083954345,45538045,13.75,4.79
39,2026-05-18 02:07:50,0,q30,0,12,128,669,1418,4525,3463,168,174,0,0,0,738,1994073,0,0,3968087040,2698567,84728162,0,0,758073,76,76,0,60290235,60290235,0,0,60290235,758073,6.76,0.67
40,2026-05-18 02:07:52,0,q31,0,19,361,2124,10314,29748,25842,293,370,0,325,0,360,3834069,0,0,8267955576,104591032,556455694,0,0,35774,23,23,0,1274891,1274891,0,0,1208352,34875,14.01,2.12
41,2026-05-18 02:07:55,0,q32,0,7,129,694,1238,8893,7887,36,98,0,208,0,401,708107,0,0,219553416,28831311,213647650,0,0,135308,67,67,0,1892436,1892436,0,0,1892436,135308,12.81,0.69
42,2026-05-18 02:07:57,0,q33,0,9,186,1128,1974,14492,13356,180,215,0,0,0,122,1087898,0,0,2700416024,49562475,406209848,0,0,7609,8,8,0,210206,210206,0,0,210206,7609,12.85,1.13
43,2026-05-18 02:07:59,0,q34,0,9,104,654,886,8190,7213,108,114,0,0,0,1051,908227,0,0,397086752,28087558,87187312,0,0,1010675,85,85,0,34409535,34409535,0,0,17491770,510675,12.52,0.65
44,2026-05-18 02:08:01,0,q35,0,12,216,1116,2297,12589,10291,53,155,0,622,0,1337,2112212,0,0,5209334768,51779275,120469410,0,0,8052611,351,351,0,39149825,39149825,0,0,39149825,8052611,11.28,1.12
45,2026-05-18 02:08:03,0,q35a,0,11,216,976,2034,10545,9305,51,160,0,0,0,1505,2112212,0,0,4420805904,51779275,120469410,0,0,8049848,363,363,0,39176588,39176588,0,0,39176588,8049848,10.8,0.98
46,2026-05-18 02:08:05,0,q36,0,6,71,856,815,11125,10061,69,88,0,0,0,209,1858292,0,0,1770423992,27682358,272625812,0,0,2238,14,14,0,177240,177240,0,0,177240,2238,13.0,0.86
47,2026-05-18 02:08:07,0,q36a,0,9,76,775,701,8644,7334,74,92,0,592,0,189,1858292,0,0,2309391864,27682358,272625812,0,0,6097,45,45,0,506805,506805,0,0,183763,2255,11.15,0.78
48,2026-05-18 02:08:09,0,q37,0,6,132,1295,2268,17347,16124,31,93,0,0,0,1687,300400,0,0,949600864,147685474,583391793,0,0,4316414,1074,1074,0,66666749,66666749,0,0,66666749,14400617,13.4,1.3
49,2026-05-18 02:08:11,0,q38,0,13,266,2334,6227,33435,27530,122,212,1,357,0,3636,2992933,0,0,14880596040,49608475,112842050,0,0,12908807,1346,1346,0,99167332,99167332,0,0,72992444,11908807,14.33,2.33
50,2026-05-18 02:08:15,0,q39a,0,11,149,2280,3982,29414,26868,245,234,0,880,0,527,801878,0,0,4135752968,266468108,1044999740,0,0,2587909,102,102,0,54248007,54248007,0,0,33889570,1567909,12.9,2.28
51,2026-05-18 02:08:18,0,q39b,0,11,149,1458,2691,18132,16700,195,239,0,1056,0,192,685102,0,0,4037186824,266468108,1044999740,0,0,2551488,102,102,0,53122748,53122748,0,0,32764311,1531488,12.44,1.46
52,2026-05-18 02:08:21,0,q40,0,7,133,1924,4623,26788,23107,38,100,0,1184,0,4290,348211,0,0,4141621464,15943072,160910918,0,0,15748014,1921,1921,0,314097218,314097218,0,0,314097218,15748014,13.92,1.92
53,2026-05-18 02:08:24,0,q41,0,4,4,146,119,104,104,4,4,0,0,0,7,13527,0,0,135268304,204000,1272987,0,0,140,2,2,0,9680,9680,0,0,9680,140,0.71,0.15
54,2026-05-18 02:08:25,0,q42,0,4,69,422,411,5775,5265,81,74,0,0,0,9,719096,0,0,361643416,27682256,175012340,0,0,32,3,3,0,2656,2656,0,0,2656,32,13.68,0.42
55,2026-05-18 02:08:26,0,q43,0,4,69,452,430,5857,4975,82,87,0,208,0,52,721719,0,0,223324760,27580358,92393362,0,0,294,14,14,0,37327,37327,0,0,37327,294,12.96,0.45
56,2026-05-18 02:08:28,0,q44,0,8,152,653,718,7702,6388,314,145,0,256,0,2039,1665021,0,0,2147935336,57703002,325654173,0,0,991985,1019,1019,0,15013054,15013054,0,0,7510252,496103,11.79,0.65
57,2026-05-18 02:08:30,0,q45,0,8,73,1280,1355,15973,14590,24,61,0,240,0,1450,5014279,0,0,5068807392,8227137,74049122,0,0,7447479,880,880,0,100357151,100357151,0,0,100357151,7447479,12.48,1.28
58,2026-05-18 02:08:32,0,q46,0,9,88,1021,1179,12931,11793,113,130,0,0,0,1047,3376534,0,0,1865078648,28337558,223735832,0,0,529456,69,69,0,17624191,17624191,0,0,17624191,529456,12.67,1.02
59,2026-05-18 02:08:34,0,q47,0,11,111,1547,2261,17416,15130,136,160,0,224,0,1515,2307790,0,0,6164710032,27682358,164292904,0,0,1188303,557,557,0,45099824,45099824,0,0,31097353,822201,11.26,1.55
60,2026-05-18 02:08:37,0,q48,0,8,91,1289,2331,18883,16066,36,79,0,1440,0,1689,1686114,0,0,620257344,29751158,253754317,0,0,4383965,86,86,0,101320820,101320820,0,0,101320820,4383965,14.65,1.29
61,2026-05-18 02:08:39,0,q49,0,18,387,2424,10026,35520,30267,90,275,0,912,0,9097,320538,0,0,4516096824,54145455,723228567,0,0,15195840,337,337,0,341356024,341356024,0,0,341356024,15195840,14.65,2.42
62,2026-05-18 02:08:43,0,q50,0,7,137,2637,6092,37079,33028,31,103,0,400,0,4857,373053,0,0,4687124776,30430658,175355068,0,0,29262054,1989,1989,0,613521501,613521501,0,0,613521501,29262054,14.06,2.64
63,2026-05-18 02:08:46,0,q51,0,10,218,2820,4127,39739,34693,221,270,3,1024,0,4251,537060,0,0,10760036720,34780344,215300374,0,0,23550796,1826,1826,0,399477556,399477556,0,0,399477556,23550796,14.09,2.82
64,2026-05-18 02:08:50,0,q51a,0,14,285,20587,24215,271954,254054,336,406,0,3250,0,4917,567630,0,0,27699775816,34780344,215300374,0,0,46681572,2728,2728,0,770734582,770734582,0,0,558633027,35219606,13.21,20.59
65,2026-05-18 02:09:12,0,q52,0,4,69,269,258,3336,2939,65,76,0,0,0,54,719397,0,0,361643416,27682256,175143412,0,0,1253,3,3,0,78201,78201,0,0,78201,1253,12.4,0.27
66,2026-05-18 02:09:13,0,q53,0,6,71,491,473,5446,4330,68,85,0,216,0,708,905647,0,0,377079056,27682358,164829516,0,0,16165,15,15,0,408667,408667,0,0,408667,16165,11.09,0.49
67,2026-05-18 02:09:15,0,q54,0,17,221,1764,5731,23161,21161,141,222,0,64,0,2689,5014279,0,0,5714824408,50179724,254216284,0,0,27925422,310,310,0,266485912,266485912,0,0,266485912,27925422,13.13,1.76
68,2026-05-18 02:09:18,0,q55,0,4,69,371,361,4903,4145,44,73,0,330,0,36,719225,0,0,428752256,27682256,175143412,0,0,1135,3,3,0,68028,68028,0,0,68028,1135,13.22,0.37
69,2026-05-18 02:09:19,0,q56,0,9,186,856,1532,10612,9652,171,219,0,0,0,100,1088027,0,0,2175177976,49562475,406474536,0,0,9560,8,8,0,277255,277255,0,0,277255,9560,12.4,0.86
70,2026-05-18 02:09:21,0,q57,0,11,116,1343,2001,15827,12472,158,167,0,0,0,1609,2307790,0,0,7200266704,14503204,110662841,0,0,1383219,710,710,0,54933681,54933681,0,0,38383959,962849,11.78,1.34
71,2026-05-18 02:09:24,0,q58,0,10,185,1039,2362,13016,11381,179,204,0,407,0,53,1076810,0,0,2551216384,49356573,346801998,0,0,135107,4,4,0,1828873,1828873,0,0,1828873,135107,12.53,1.04
72,2026-05-18 02:09:26,0,q59,0,10,75,857,904,7523,6550,73,85,0,0,0,1210,754364,0,0,4767648528,27726558,92696242,0,0,70176,134,134,0,2819225,2819225,0,0,1588690,53703,8.78,0.86
73,2026-05-18 02:09:28,0,q60,0,9,186,1273,2378,17242,15827,179,213,0,0,0,161,1088113,0,0,2730483240,49562475,406410552,0,0,62086,11,11,0,1172891,1172891,0,0,1172891,62086,13.54,1.27
74,2026-05-18 02:09:30,0,q61,0,10,140,958,1419,12305,11749,5,79,0,48,0,18,5014322,0,0,4114268400,55940065,442550324,0,0,132,132,132,0,7536,7536,0,0,7536,132,12.84,0.96
75,2026-05-18 02:09:32,0,q62,0,6,55,675,658,9309,8617,53,68,3,0,0,230,826336,0,0,290368584,7273209,32942921,0,0,6738,17,17,0,552322,552322,0,0,552322,6738,13.79,0.68
76,2026-05-18 02:09:34,0,q63,0,6,71,586,570,7550,6923,67,84,0,0,0,195,905217,0,0,377013520,27682358,164831636,0,0,3687,15,15,0,139756,139756,0,0,139756,3687,12.88,0.59
77,2026-05-18 02:09:36,0,q64,0,33,489,9497,42121,144109,125372,512,679,0,1776,0,20657,1086691,0,0,42845976528,49224915,554753421,0,0,66198164,9180,9180,0,2330744062,2330744062,0,0,2093202009,55680264,15.17,9.5
78,2026-05-18 02:09:47,0,q65,0,10,188,1658,2944,23693,20081,232,250,4,594,0,2091,9164527,0,0,6973681856,55189565,331105822,0,0,12118897,561,561,0,395472051,395472051,0,0,395472051,12118897,14.29,1.66
79,2026-05-18 02:09:49,0,q66,0,8,119,1341,1707,16172,13556,294,308,0,26,0,108,1023776,0,0,2539847856,21687698,256846431,0,0,270,27,27,0,99522,99522,0,0,99522,270,12.06,1.34
80,2026-05-18 02:09:52,0,q67,0,6,87,5973,5922,74976,71834,98,131,0,921,0,1121,4630315,0,0,7731250296,27682358,196558995,0,0,8547444,255,255,0,588025508,588025508,0,0,588025508,8547444,12.55,5.97
81,2026-05-18 02:09:59,0,q67a,0,14,229,10048,34795,138810,128290,378,406,2,1327,3,6096,4630358,0,0,27839457704,27682358,196558995,0,0,53570770,2150,2150,0,3473889114,3473889114,0,0,795502802,12999562,13.81,10.05
82,2026-05-18 02:10:10,0,q68,0,9,88,725,884,8627,7697,120,129,1,64,0,688,3376534,0,0,1836459800,28337558,342924944,0,0,507674,58,58,0,16407935,16407935,0,0,16407935,507674,11.9,0.72
83,2026-05-18 02:10:12,0,q69,0,13,211,963,2368,10674,9612,40,135,0,0,0,582,467445,0,0,1686012184,51779275,120539042,0,0,3828287,67,67,0,62008200,62008200,0,0,62008200,3828287,11.08,0.96
84,2026-05-18 02:10:14,0,q70,0,9,139,990,932,12137,10774,145,188,28,464,0,200,1369128,0,0,1587645624,55087667,227527888,0,0,249,30,30,0,13762,13762,0,0,13762,249,12.26,0.99
85,2026-05-18 02:10:16,0,q70a,0,12,144,1046,923,10789,9947,143,189,0,0,0,161,1365303,0,0,1119979840,55087667,227527888,0,0,276,59,59,0,17527,17527,0,0,9675,198,10.31,1.05
86,2026-05-18 02:10:18,0,q71,0,7,184,1046,1013,13831,12249,226,251,0,345,0,124,3342307,0,0,1362478064,49296875,359456002,0,0,31955,17,17,0,1445052,1445052,0,0,893499,20983,13.22,1.05
87,2026-05-18 02:10:20,0,q72,0,16,230,17227,27727,238234,227593,143,229,0,3088,0,9547,6576963,0,0,19933730552,151127670,707173824,0,0,142630673,5240,5240,0,2054109950,2054109950,0,0,2054109950,142630673,13.83,17.23
88,2026-05-18 02:10:39,0,q73,0,9,104,428,704,5039,4467,87,103,0,0,0,450,906937,0,0,395522080,28087558,87187312,0,0,1002732,67,67,0,33999056,33999056,0,0,17081291,502732,11.77,0.43
89,2026-05-18 02:10:40,0,q74,0,15,233,4121,14648,63800,53894,180,256,3,1176,0,8068,1428868,0,0,22921014288,35353393,187654900,0,0,71557457,4867,4867,0,760549308,760549308,0,0,388587442,36002167,15.48,4.12
90,2026-05-18 02:10:45,0,q75,0,19,578,3763,13635,57496,46612,147,420,3,1216,0,11417,574640,0,0,12471749904,103356738,960216234,0,0,14156496,2600,2600,0,343447712,343447712,0,0,230989374,9118708,15.28,3.76
91,2026-05-18 02:10:50,0,q76,0,4,181,1141,1110,16138,14726,227,240,0,208,0,752,2887498,0,0,13801848136,49141969,393296636,0,0,2307,178,178,0,246571,246571,0,0,246571,2307,14.14,1.14
92,2026-05-18 02:10:53,0,q77,0,14,338,1455,6548,20361,17694,218,316,30,480,0,71,719526,0,0,1386293464,54013669,520712344,0,0,838,63,63,0,62565,62565,0,0,62565,838,13.99,1.46
93,2026-05-18 02:10:55,0,q77a,0,17,343,1363,5132,16294,14690,200,328,0,0,0,79,719440,0,0,1992370176,54013669,520712344,0,0,1313,74,74,0,119317,119317,0,0,77821,983,11.95,1.36
94,2026-05-18 02:10:58,0,q78,0,12,382,6945,21279,103438,92189,235,349,0,2113,0,11603,7360137,0,0,23440107088,54219312,629070584,0,0,54207585,4641,4641,0,1581114373,1581114373,0,0,1581114373,54207585,14.89,6.94
95,2026-05-18 02:11:06,0,q79,0,8,86,826,982,9828,8410,110,117,0,208,0,1199,2321400,0,0,3200173264,28087558,221286712,0,0,581366,141,141,0,16856485,16856485,0,0,16856485,581366,11.9,0.83
96,2026-05-18 02:11:08,0,q80,0,17,389,7161,32218,110719,102003,112,302,0,2007,0,13126,396406,0,0,14185165104,54260907,753816612,0,0,53052375,5630,5630,0,1574167848,1574167848,0,0,1574167848,53052375,15.46,7.16
97,2026-05-18 02:11:16,0,q80a,0,20,394,7804,33603,118764,95833,123,315,0,2119,0,26672,396363,0,0,14657024136,54260907,753816612,0,0,53053332,5641,5641,0,1574283460,1574283460,0,0,1574180710,53052306,15.22,7.8
98,2026-05-18 02:11:26,0,q81,0,13,134,754,1732,6825,4670,235,191,0,8,0,1018,1994073,0,0,5102319032,4202813,120332210,0,0,1321902,145,145,0,36835998,36835998,0,0,36835998,1321902,9.05,0.75
99,2026-05-18 02:11:27,0,q82,0,6,137,1507,2593,19405,17273,32,96,0,760,0,2436,325938,0,0,1721378256,162085550,618697681,0,0,13778665,1171,1171,0,135990185,135990185,0,0,135990185,28800829,12.88,1.51
100,2026-05-18 02:11:30,0,q83,0,10,157,563,1189,5850,4832,133,170,0,0,0,179,821687,0,0,2454086016,5226039,97536411,0,0,43611,11,11,0,713915,713915,0,0,713915,43611,10.39,0.56
101,2026-05-18 02:11:32,0,q84,0,9,73,775,1454,5448,4546,30,53,0,352,0,1641,9713760,0,0,100948512,5555652,27854895,0,0,2778987,65,65,0,15445745,15445745,0,0,15445745,2778987,7.03,0.78
102,2026-05-18 02:11:33,0,q85,0,14,146,1113,4959,14814,11421,79,131,0,352,0,4627,1611538,0,0,3522586704,12085256,163938312,0,0,3025215,1744,1744,0,68690797,68690797,0,0,68690797,3025215,13.31,1.11
103,2026-05-18 02:11:36,0,q86,0,5,54,475,438,5278,4555,46,61,0,144,0,90,1858292,0,0,1398655400,7375137,65640862,0,0,1915,12,12,0,135930,135930,0,0,135930,1915,11.11,0.48
104,2026-05-18 02:11:37,0,q86a,0,8,59,552,492,5588,5109,55,65,0,0,0,118,1858292,0,0,1937622872,7375137,65640862,0,0,5122,39,39,0,389397,389397,0,0,143801,1930,10.12,0.55
105,2026-05-18 02:11:39,0,q87,0,13,266,2027,5351,29303,23015,111,211,17,432,0,4956,2992804,0,0,14880596040,49608475,112842050,0,0,12908807,1346,1346,0,99167332,99167332,0,0,72992444,11908807,14.46,2.03
106,2026-05-18 02:11:42,0,q88,0,26,554,1757,11585,25452,22015,41,299,0,416,0,70,335262,0,0,1725092416,231102510,472553640,0,0,536,536,536,0,31619,31619,0,0,31619,536,14.49,1.76
107,2026-05-18 02:11:45,0,q89,0,6,71,623,603,7326,6289,64,83,0,0,0,579,905088,0,0,1316733360,27682358,164563240,0,0,16454,15,15,0,1056131,1056131,0,0,1056131,16454,11.76,0.62
108,2026-05-18 02:11:46,0,q90,0,8,106,534,757,7630,7209,3,53,0,0,0,12,249736,0,0,323739200,14580376,66265216,0,0,100,100,100,0,5900,5900,0,0,5900,100,14.29,0.53
109,2026-05-18 02:11:48,0,q91,0,11,62,361,418,2513,2195,62,79,0,0,0,41,9527061,0,0,2986896344,4190955,59315149,0,0,109809,8,8,0,1094555,1094555,0,0,1091937,109792,6.96,0.36
110,2026-05-18 02:11:50,0,q92,0,7,105,582,1004,7217,6320,233,84,0,54,0,382,709229,0,0,191374440,14575225,130635526,0,0,94062,53,53,0,1376229,1376229,0,0,1376229,94062,12.4,0.58
111,2026-05-18 02:11:51,0,q93,0,5,136,4041,6193,55318,51206,27,101,0,688,0,5479,321541,0,0,5766380072,31678178,236541444,0,0,31635854,2006,2006,0,788241663,788241663,0,0,788241663,31635854,13.69,4.04
112,2026-05-18 02:11:56,0,q94,0,8,171,1555,4698,22888,19628,53,113,0,437,0,3816,4007810,0,0,3571011840,15443541,143939774,0,0,14397040,1717,1717,0,225790004,225790004,0,0,225790004,14397040,14.72,1.56
113,2026-05-18 02:11:59,0,q95,0,8,171,4101,6155,59317,46917,219,118,0,1616,0,3607,4010610,0,0,14560086280,15443541,143677630,0,0,35990240,4267,4267,0,331280816,331280816,0,0,205215617,14395274,14.46,4.1
114,2026-05-18 02:12:04,0,q96,0,5,71,333,327,4350,3621,7,40,0,0,0,8,334746,0,0,213972808,28894203,59125646,0,0,67,67,67,0,3950,3950,0,0,3950,67,13.06,0.33
115,2026-05-18 02:12:05,0,q97,0,5,147,2118,2818,29591,23892,100,159,0,352,0,740,536673,0,0,7340928768,41908387,183291428,0,0,8381430,493,493,0,96998577,96998577,0,0,96998577,8381430,13.97,2.12
116,2026-05-18 02:12:09,0,q98,0,7,75,821,712,4870,3920,80,88,2,0,0,57,3269297,0,0,1300366872,27682256,178371000,0,0,71672,14,14,0,9066327,9066327,0,0,7253935,56508,5.93,0.82
117,2026-05-18 02:12:11,0,q99,0,6,67,603,588,7523,6761,61,84,0,15,0,501,1024464,0,0,343879080,14473528,74473752,0,0,13834,20,20,0,1092296,1092296,0,0,1092296,13834,12.48,0.6
118,2026-05-18 02:12:12,1,q1,0,12,134,798,1371,8929,7622,82,128,0,0,0,1067,405988,0,0,3493632216,6127653,108568026,0,0,2172339,220,220,0,31541287,31541287,0,0,31541287,2172339,11.19,0.8
119,2026-05-18 02:12:14,1,q2,0,9,120,610,554,6596,5962,115,148,0,0,0,332,1203578,0,0,839171944,21747366,110395806,0,0,4756,338,338,0,200702,200702,0,0,76764,3504,10.81,0.61
120,2026-05-18 02:12:16,1,q3,0,4,69,294,280,3596,3255,58,74,0,0,0,116,720601,0,0,240926696,27682256,175143304,0,0,1010,15,15,0,88613,88613,0,0,88613,1010,12.23,0.29
121,2026-05-18 02:12:17,1,q4,0,22,389,8149,41169,126782,106589,354,475,0,2960,0,14165,1682654,0,0,39674206800,49681524,683359278,0,0,102286012,8739,8739,0,2539550644,2539550644,0,0,1275015000,51438627,15.56,8.15
122,2026-05-18 02:12:27,1,q5,0,11,403,2396,5445,34802,26803,339,477,0,856,0,4699,1556377,0,0,3754844192,61225599,592403004,0,0,7889656,1728,1728,0,114764218,114764218,0,0,114764218,7889656,14.53,2.4
123,2026-05-18 02:12:30,1,q5a,0,14,408,2270,5535,30725,25110,339,477,0,736,0,4444,1555861,0,0,4293812064,61225599,592403004,0,0,7891635,1738,1738,0,114931337,114931337,0,0,114798107,7889811,13.54,2.27
124,2026-05-18 02:12:34,1,q6,0,11,92,1775,3294,23027,19621,48,78,0,416,0,2360,5014279,0,0,4851667944,28607305,108733860,0,0,27358702,1158,1158,0,237127054,237127054,0,0,237127054,27358702,12.97,1.78
125,2026-05-18 02:12:37,1,q7,0,9,93,1827,6466,25424,22442,40,76,0,512,0,4010,783559,0,0,838432440,29603556,356553463,0,0,26629749,85,85,0,767598824,767598824,0,0,767598824,26629749,13.92,1.83
126,2026-05-18 02:12:39,1,q8,0,10,75,782,740,7708,7222,88,118,0,0,0,22,1650915,0,0,4865332224,28580358,117278168,0,0,6668,6,6,0,79456,79456,0,0,79456,6668,9.86,0.78
127,2026-05-18 02:12:41,1,q9,0,31,1021,1480,21692,21109,18178,61,557,0,924,0,175,321168,0,0,0,432007560,1172940160,0,0,1005,1005,1005,0,63138,63138,0,0,63138,1005,14.26,1.48
128,2026-05-18 02:12:44,1,q10,0,13,211,973,2449,11160,10235,31,137,0,0,0,385,594763,0,0,1683225704,51779275,120735650,0,0,4321867,84,84,0,66317919,66317919,0,0,66317919,4321867,11.47,0.97
129,2026-05-18 02:12:46,1,q10a,0,10,210,605,1447,6542,5301,46,151,0,0,0,415,820950,0,0,2194445312,51779275,120735650,0,0,4289247,138,138,0,66290269,66290269,0,0,66290269,4289247,10.81,0.6
130,2026-05-18 02:12:48,1,q11,0,17,258,4493,15014,68547,55633,252,305,25,1392,0,9554,1373324,0,0,26856842912,35353393,267813392,0,0,71770406,5474,5474,0,1049683414,1049683414,0,0,536131307,36215116,15.26,4.49
131,2026-05-18 02:12:53,1,q12,0,5,55,643,586,6449,5282,37,59,0,0,0,37,3269297,0,0,862371576,7375137,69292534,0,0,26498,6,6,0,3416917,3416917,0,0,3416917,26498,10.03,0.64
132,2026-05-18 02:12:55,1,q13,0,9,76,1146,2088,14745,12697,26,56,14,176,0,425,1611538,0,0,573747424,29758358,442127593,0,0,193014,17,17,0,2753258,2753258,0,0,2753258,193014,12.87,1.15
133,2026-05-18 02:12:57,1,q14a,0,30,641,6936,15343,84625,70896,456,746,1,2107,0,13516,1778519,0,0,12052039384,147733425,817696760,0,0,62683055,1638,1638,0,832554372,832554372,0,0,829543316,62596531,12.2,6.94
134,2026-05-18 02:13:07,1,q14b,0,24,503,4995,11820,67677,57297,469,634,0,1296,0,7222,1778777,0,0,10234366640,126351304,625377074,0,0,68475639,1565,1565,0,934830449,934830449,0,0,491078678,40968432,13.55,5.0
135,2026-05-18 02:13:14,1,q14,0,24,499,3229,8665,42324,37714,461,654,0,1136,0,6532,1779938,0,0,8268647616,126351304,625377074,0,0,68314948,1371,1371,0,925505459,925505459,0,0,481753688,40807741,13.11,3.23
136,2026-05-18 02:13:18,1,q15,0,6,83,1629,1627,22004,20252,32,71,0,0,0,2052,5014279,0,0,5245524392,15151180,83588960,0,0,14544315,1088,1088,0,126141563,126141563,0,0,126141563,14544315,13.51,1.63
137,2026-05-18 02:13:21,1,q16,0,8,195,2403,5970,34342,29294,274,146,2,534,3,5572,424379,0,0,4703921456,30563805,216701841,0,0,30114572,2975,2975,0,425546236,425546236,0,0,425546236,30114572,14.29,2.4
138,2026-05-18 02:13:24,1,q17,0,10,217,4790,10998,64657,58555,75,170,0,384,0,7868,6945926,0,0,7880912176,44860789,306329872,0,0,45538041,3319,3319,0,1083953570,1083953570,0,0,1083953570,45538041,13.5,4.79
139,2026-05-18 02:13:30,1,q18,0,12,96,1621,6020,18494,15811,77,97,0,72,0,2534,9713803,0,0,3065959144,19094780,276393850,0,0,14505220,98,98,0,425374885,425374885,0,0,425374885,14505220,11.41,1.62
140,2026-05-18 02:13:33,1,q18a,0,21,170,2431,11732,30717,27391,125,185,20,304,0,3421,9713846,0,0,13017939008,19946780,279627504,0,0,71657644,357,357,0,2102947115,2102947115,0,0,426335063,14562060,12.64,2.43
141,2026-05-18 02:13:37,1,q19,0,7,72,581,559,6414,5915,66,92,0,0,0,51,5014279,0,0,3108604640,28432358,208799922,0,0,2718,3,3,0,190396,190396,0,0,190396,2718,11.04,0.58
142,2026-05-18 02:13:38,1,q20,0,5,67,622,583,6975,6346,54,74,0,0,0,46,3269297,0,0,988820632,14503180,110733060,0,0,36807,6,6,0,4663129,4663129,0,0,4663129,36807,11.21,0.62
143,2026-05-18 02:13:40,1,q21,0,5,54,991,980,13594,12126,50,65,0,560,0,21,685360,0,0,385904296,133285059,523170535,0,0,63700,2,2,0,1093197,1093197,0,0,1093197,63700,13.72,0.99
144,2026-05-18 02:13:42,1,q22,0,6,71,19838,19800,158244,156452,116,104,0,746,0,214,4630315,0,0,2847197272,133285059,523150926,0,0,2038920,187,187,0,85798101,85798101,0,0,85798101,2038920,7.98,19.84
145,2026-05-18 02:14:03,1,q22a,0,10,135,2146,2884,24910,21003,184,203,0,360,0,2368,4630315,0,0,11914496448,133285059,523156014,0,0,2703130,857,857,0,135114839,135114839,0,0,33171531,664170,11.61,2.15
146,2026-05-18 02:14:06,1,q23a,0,18,403,6257,13001,93311,85841,365,463,0,1184,0,9859,6576963,0,0,22085629712,106164281,576934608,0,0,43094559,2877,2877,0,1053109860,1053109860,0,0,1008527567,40441747,14.91,6.26
147,2026-05-18 02:14:13,1,q23b,0,21,423,6429,14131,96174,87442,437,536,4,1278,3,10257,6577006,0,0,34872161472,106664281,579986654,0,0,49362664,6636,6636,0,1167746200,1167746200,0,0,1020911877,40904228,14.96,6.43
148,2026-05-18 02:14:21,1,q24,0,12,160,2858,8404,39246,35006,45,104,0,576,0,6781,463487,0,0,4795803152,32530235,250385654,0,0,30468590,2041,2041,0,736174632,736174632,0,0,736174632,30468590,13.73,2.86
149,2026-05-18 02:14:25,1,q24a,0,19,213,4335,9049,52598,49163,113,196,0,384,0,6227,3560798,0,0,14728425696,32632235,249079712,0,0,61448141,4647,4647,0,1495214546,1495214546,0,0,765303292,30991090,12.13,4.34
150,2026-05-18 02:14:30,1,q24b,0,19,213,4102,9186,50236,46982,107,192,0,736,0,6453,3560798,0,0,14722420960,32632235,249079712,0,0,61437701,4647,4647,0,1493987363,1493987363,0,0,764076109,30980650,12.25,4.1
151,2026-05-18 02:14:36,1,q25,0,10,217,4800,11261,64852,60321,65,168,2,528,0,8282,6946012,0,0,7880887560,44860789,397738628,0,0,45538038,3316,3316,0,1103935384,1103935384,0,0,1103935384,45538038,13.51,4.8
152,2026-05-18 02:14:42,1,q26,0,8,87,1392,4630,19147,16875,36,74,0,464,0,2915,783559,0,0,568948504,16424480,222520799,0,0,14338674,72,72,0,390664156,390664156,0,0,390664156,14338674,13.76,1.39
153,2026-05-18 02:14:44,1,q27,0,8,91,1819,6478,24969,22916,34,75,0,528,0,3434,783559,0,0,637313664,29603158,330984235,0,0,26618343,74,74,0,683120336,683120336,0,0,683120336,26618343,13.73,1.82
154,2026-05-18 02:14:47,1,q27a,0,13,130,2277,9619,33738,30335,65,113,1,560,0,4531,783559,0,0,1361438760,29705260,331293045,0,0,79689890,233,233,0,2045386751,2045386751,0,0,683384333,26621186,14.82,2.28
155,2026-05-18 02:14:50,1,q28,0,18,431,2443,13886,36829,28350,339,467,0,1159,0,13968,360862,0,0,27424709080,172803006,1181120100,0,0,1375311,1564,1564,0,24467873,24467873,0,0,24467873,1375311,15.08,2.44
156,2026-05-18 02:14:54,1,q29,0,11,218,4785,11993,64620,59359,71,167,0,1120,0,8192,6945926,0,0,7880995000,44933838,306809624,0,0,45538045,3321,3321,0,1083954345,1083954345,0,0,1083954345,45538045,13.5,4.78
157,2026-05-18 02:15:00,1,q30,0,12,128,682,1476,4689,3790,174,174,0,0,0,675,1994073,0,0,3968087040,2698567,84728162,0,0,758073,76,76,0,60290235,60290235,0,0,60290235,758073,6.88,0.68
158,2026-05-18 02:15:01,1,q31,0,19,361,2229,10718,31297,27936,272,366,0,390,0,299,3834069,0,0,8267955576,104591032,556455694,0,0,35774,23,23,0,1274891,1274891,0,0,1208352,34875,14.04,2.23
159,2026-05-18 02:15:05,1,q32,0,7,129,686,1216,9006,8287,44,99,0,0,0,307,708064,0,0,219553416,28831311,213647650,0,0,135308,67,67,0,1892436,1892436,0,0,1892436,135308,13.13,0.69
160,2026-05-18 02:15:06,1,q33,0,9,186,947,1678,12399,11375,171,216,0,0,0,125,1087941,0,0,2700416024,49562475,406209848,0,0,7609,8,8,0,210206,210206,0,0,210206,7609,13.09,0.95
161,2026-05-18 02:15:09,1,q34,0,9,104,816,1159,10882,9820,98,112,0,0,0,1088,908098,0,0,397086752,28087558,87187312,0,0,1010675,85,85,0,34409535,34409535,0,0,17491770,510675,13.34,0.82
162,2026-05-18 02:15:10,1,q35,0,12,216,1249,2493,14452,12817,49,153,0,0,0,1196,2112212,0,0,5209334768,51779275,120469410,0,0,8052611,351,351,0,39149825,39149825,0,0,39149825,8052611,11.57,1.25
163,2026-05-18 02:15:13,1,q35a,0,11,216,967,1951,10219,9278,47,163,0,0,0,1083,2112212,0,0,4420805904,51779275,120469410,0,0,8049848,363,363,0,39176588,39176588,0,0,39176588,8049848,10.57,0.97
164,2026-05-18 02:15:15,1,q36,0,6,71,768,732,9762,8471,70,88,0,368,0,198,1858292,0,0,1770423992,27682358,272625812,0,0,2238,14,14,0,177240,177240,0,0,177240,2238,12.71,0.77
165,2026-05-18 02:15:17,1,q36a,0,9,76,772,709,8629,7917,72,93,0,0,0,270,1858292,0,0,2309391864,27682358,272625812,0,0,6097,45,45,0,506805,506805,0,0,183763,2255,11.18,0.77
166,2026-05-18 02:15:19,1,q37,0,6,132,1091,1709,14219,12451,29,92,0,784,0,1777,300400,0,0,949600864,147685474,583391793,0,0,4316414,1074,1074,0,66666749,66666749,0,0,66666749,14400617,13.03,1.09
167,2026-05-18 02:15:21,1,q38,0,13,266,2045,5463,29824,24586,103,206,0,330,0,3716,2992804,0,0,14880596040,49608475,112842050,0,0,12908807,1346,1346,0,99167332,99167332,0,0,72992444,11908807,14.58,2.04
168,2026-05-18 02:15:24,1,q39a,0,11,149,2061,3602,26010,23624,244,236,0,732,0,503,801878,0,0,4135752968,266468108,1044999740,0,0,2587909,102,102,0,54248007,54248007,0,0,33889570,1567909,12.62,2.06
169,2026-05-18 02:15:27,1,q39b,0,11,149,1410,2626,17918,16452,195,237,0,1162,0,208,685274,0,0,4037186824,266468108,1044999740,0,0,2551488,102,102,0,53122748,53122748,0,0,32764311,1531488,12.71,1.41
170,2026-05-18 02:15:29,1,q40,0,7,133,1844,3925,25806,22459,29,97,0,736,0,4634,348211,0,0,4141621464,15943072,160910918,0,0,15748014,1921,1921,0,314097218,314097218,0,0,314097218,15748014,13.99,1.84
171,2026-05-18 02:15:32,1,q41,0,4,4,141,117,100,99,4,4,0,0,0,7,13527,0,0,135268304,204000,1272987,0,0,140,2,2,0,9680,9680,0,0,9680,140,0.71,0.14
172,2026-05-18 02:15:33,1,q42,0,4,69,461,452,6487,5986,59,75,0,0,0,8,719225,0,0,361643416,27682256,175012340,0,0,32,3,3,0,2656,2656,0,0,2656,32,14.07,0.46
173,2026-05-18 02:15:35,1,q43,0,4,69,458,438,6003,5376,71,88,0,0,0,54,721074,0,0,223324760,27580358,92393362,0,0,294,14,14,0,37327,37327,0,0,37327,294,13.11,0.46
174,2026-05-18 02:15:36,1,q44,0,8,152,639,729,8039,6554,73,146,0,240,0,2144,1665064,0,0,2147935336,57703002,325654173,0,0,991985,1019,1019,0,15013054,15013054,0,0,7510252,496103,12.58,0.64
175,2026-05-18 02:15:38,1,q45,0,8,73,1325,1397,16352,14626,24,60,0,416,0,1898,5014279,0,0,5068807392,8227137,74049122,0,0,7447479,880,880,0,100357151,100357151,0,0,100357151,7447479,12.34,1.32
176,2026-05-18 02:15:41,1,q46,0,9,88,1062,1206,13534,12465,114,131,0,0,0,1112,3376534,0,0,1865078648,28337558,223735832,0,0,529456,69,69,0,17624191,17624191,0,0,17624191,529456,12.74,1.06
177,2026-05-18 02:15:43,1,q47,0,11,111,1470,2113,16569,13973,144,152,0,304,0,1610,2307790,0,0,6164710032,27682358,164292904,0,0,1188303,557,557,0,45099824,45099824,0,0,31097353,822201,11.27,1.47
178,2026-05-18 02:15:45,1,q48,0,8,91,1180,2106,17234,14933,37,75,0,1280,0,1868,1686071,0,0,620257344,29751158,253754317,0,0,4383965,86,86,0,101320820,101320820,0,0,101320820,4383965,14.61,1.18
179,2026-05-18 02:15:48,1,q49,0,18,387,2193,8908,31561,27019,83,281,3,928,0,8123,320323,0,0,4516096824,54145455,723228567,0,0,15195840,337,337,0,341356024,341356024,0,0,341356024,15195840,14.39,2.19
180,2026-05-18 02:15:51,1,q50,0,7,137,2569,6254,34766,32111,37,103,0,464,0,4648,373053,0,0,4687124776,30430658,175355068,0,0,29262054,1989,1989,0,613521501,613521501,0,0,613521501,29262054,13.53,2.57
181,2026-05-18 02:15:54,1,q51,0,10,218,2771,4003,38250,34079,239,276,0,599,0,3943,536243,0,0,10760036720,34780344,215300374,0,0,23550796,1826,1826,0,399477556,399477556,0,0,399477556,23550796,13.8,2.77
182,2026-05-18 02:15:58,1,q51a,0,14,285,20482,24156,269853,259449,308,397,0,3126,0,4733,567630,0,0,27699775816,34780344,215300374,0,0,46681572,2728,2728,0,770734582,770734582,0,0,558633027,35219606,13.18,20.48
183,2026-05-18 02:16:20,1,q52,0,4,69,406,398,5530,5061,63,76,0,0,0,52,719397,0,0,361643416,27682256,175143412,0,0,1253,3,3,0,78201,78201,0,0,78201,1253,13.62,0.41
184,2026-05-18 02:16:21,1,q53,0,6,71,595,578,7344,6657,68,85,0,0,0,548,905174,0,0,377079056,27682358,164829516,0,0,16165,15,15,0,408667,408667,0,0,408667,16165,12.34,0.6
185,2026-05-18 02:16:23,1,q54,0,17,221,1794,5997,24047,21731,148,224,0,560,0,2610,5014279,0,0,5714824408,50179724,254216284,0,0,27925422,310,310,0,266485912,266485912,0,0,266485912,27925422,13.4,1.79
186,2026-05-18 02:16:26,1,q55,0,4,69,360,352,4815,4418,58,75,0,0,0,77,719053,0,0,428752256,27682256,175143412,0,0,1135,3,3,0,68028,68028,0,0,68028,1135,13.38,0.36
187,2026-05-18 02:16:27,1,q56,0,9,186,960,1872,12220,11177,167,214,0,0,0,103,1087941,0,0,2175177976,49562475,406474536,0,0,9560,8,8,0,277255,277255,0,0,277255,9560,12.73,0.96
188,2026-05-18 02:16:29,1,q57,0,11,116,1472,2103,18749,15242,159,172,0,416,0,1651,2307790,0,0,7200266704,14503204,110662841,0,0,1383219,710,710,0,54933681,54933681,0,0,38383959,962849,12.74,1.47
189,2026-05-18 02:16:32,1,q58,0,10,185,1197,2755,15521,14484,180,210,0,0,0,71,1076724,0,0,2551216384,49356573,346801998,0,0,135107,4,4,0,1828873,1828873,0,0,1828873,135107,12.97,1.2
190,2026-05-18 02:16:34,1,q59,0,10,75,872,923,7792,6622,73,86,0,320,0,1019,754364,0,0,4767648528,27726558,92696242,0,0,70176,134,134,0,2819225,2819225,0,0,1588690,53703,8.94,0.87
191,2026-05-18 02:16:36,1,q60,0,9,186,1262,2348,16674,15225,190,217,3,160,0,181,1088844,0,0,2730483240,49562475,406410552,0,0,62086,11,11,0,1172891,1172891,0,0,1172891,62086,13.21,1.26
192,2026-05-18 02:16:39,1,q61,0,10,140,977,1468,12953,12376,10,82,0,0,0,18,5014279,0,0,4114268400,55940065,442550324,0,0,132,132,132,0,7536,7536,0,0,7536,132,13.26,0.98
193,2026-05-18 02:16:41,1,q62,0,6,55,474,460,6327,4801,49,70,0,630,0,645,826766,0,0,290368584,7273209,32942921,0,0,6738,17,17,0,552322,552322,0,0,552322,6738,13.35,0.47
194,2026-05-18 02:16:42,1,q63,0,6,71,454,439,5371,4851,70,87,0,0,0,232,905260,0,0,377013520,27682358,164831636,0,0,3687,15,15,0,139756,139756,0,0,139756,3687,11.83,0.45
195,2026-05-18 02:16:44,1,q64,0,33,489,9552,41740,143390,126077,669,694,0,2144,0,19232,1087379,0,0,42845976528,49224915,554753421,0,0,66198164,9180,9180,0,2330744062,2330744062,0,0,2093202009,55680264,15.01,9.55
196,2026-05-18 02:16:55,1,q65,0,10,188,1522,2774,21948,19711,208,239,1,352,0,1986,9164527,0,0,6973681856,55189565,331105822,0,0,12118897,561,561,0,395472051,395472051,0,0,395472051,12118897,14.42,1.52
197,2026-05-18 02:16:57,1,q66,0,8,119,1020,1197,11564,8802,209,237,0,144,0,125,1024120,0,0,2539847856,21687698,256846431,0,0,270,27,27,0,99522,99522,0,0,99522,270,11.34,1.02
198,2026-05-18 02:16:59,1,q67,0,6,87,6118,6068,77757,74901,99,133,0,1424,0,1073,4630315,0,0,7731250296,27682358,196558995,0,0,8547444,255,255,0,588025508,588025508,0,0,588025508,8547444,12.71,6.12
199,2026-05-18 02:17:07,1,q67a,0,14,229,10290,35316,141948,131093,377,398,1,1838,0,5944,4630315,0,0,27839457704,27682358,196558995,0,0,53570770,2150,2150,0,3473889114,3473889114,0,0,795502802,12999562,13.79,10.29
200,2026-05-18 02:17:18,1,q68,0,9,88,1051,1212,13876,12917,115,125,0,0,0,558,3376534,0,0,1836459800,28337558,342924944,0,0,507674,58,58,0,16407935,16407935,0,0,16407935,507674,13.2,1.05
201,2026-05-18 02:17:20,1,q69,0,13,211,878,2161,9231,7866,34,137,0,264,0,558,467445,0,0,1686012184,51779275,120539042,0,0,3828287,67,67,0,62008200,62008200,0,0,62008200,3828287,10.51,0.88
202,2026-05-18 02:17:22,1,q70,0,9,139,920,861,11087,10254,148,187,0,0,0,83,1369128,0,0,1587645624,55087667,227527888,0,0,249,30,30,0,13762,13762,0,0,13762,249,12.05,0.92
203,2026-05-18 02:17:24,1,q70a,0,12,144,830,719,8824,7770,138,190,0,336,0,149,1365303,0,0,1119979840,55087667,227527888,0,0,276,59,59,0,17527,17527,0,0,9675,198,10.63,0.83
204,2026-05-18 02:17:26,1,q71,0,7,184,834,808,9933,8828,187,253,0,0,0,130,3341662,0,0,1362478064,49296875,359456002,0,0,31955,17,17,0,1445052,1445052,0,0,893499,20983,11.91,0.83
205,2026-05-18 02:17:28,1,q72,0,16,230,17010,31067,234627,223052,143,230,23,3098,0,9834,6577006,0,0,19933730552,151127670,707173824,0,0,142630673,5240,5240,0,2054109950,2054109950,0,0,2054109950,142630673,13.79,17.01
206,2026-05-18 02:17:46,1,q73,0,9,104,604,849,7900,7396,105,105,0,0,0,293,907066,0,0,395522080,28087558,87187312,0,0,1002732,67,67,0,33999056,33999056,0,0,17081291,502732,13.08,0.6
207,2026-05-18 02:17:48,1,q74,0,15,233,4036,14455,62761,54974,167,253,0,834,3,7568,1428911,0,0,22921014288,35353393,187654900,0,0,71557457,4867,4867,0,760549308,760549308,0,0,388587442,36002167,15.55,4.04
208,2026-05-18 02:17:53,1,q75,0,19,578,3909,14295,60060,49654,114,426,0,1024,0,10803,574640,0,0,12471749904,103356738,960216234,0,0,14156496,2600,2600,0,343447712,343447712,0,0,230989374,9118708,15.36,3.91
209,2026-05-18 02:17:58,1,q76,0,4,181,861,821,11550,10488,184,238,0,0,0,671,2886638,0,0,13801848136,49141969,393296636,0,0,2307,178,178,0,246571,246571,0,0,246571,2307,13.41,0.86
210,2026-05-18 02:18:00,1,q77,0,14,338,1017,4177,13425,11297,221,315,0,570,0,73,718881,0,0,1386293464,54013669,520712344,0,0,838,63,63,0,62565,62565,0,0,62565,838,13.2,1.02
211,2026-05-18 02:18:02,1,q77a,0,17,343,1241,4552,14930,12659,179,323,0,0,0,83,718795,0,0,1992370176,54013669,520712344,0,0,1313,74,74,0,119317,119317,0,0,77821,983,12.03,1.24
212,2026-05-18 02:18:05,1,q78,0,12,382,6770,20043,100819,91435,206,344,0,1728,0,11252,7360137,0,0,23440107088,54219312,629070584,0,0,54207585,4641,4641,0,1581114373,1581114373,0,0,1581114373,54207585,14.89,6.77
213,2026-05-18 02:18:13,1,q79,0,8,86,678,895,8087,6989,121,122,0,180,0,1068,2321400,0,0,3200173264,28087558,221286712,0,0,581366,141,141,0,16856485,16856485,0,0,16856485,581366,11.93,0.68
214,2026-05-18 02:18:14,1,q80,0,17,389,7229,32163,111738,103498,90,303,0,1425,0,13767,396105,0,0,14185165104,54260907,753816612,0,0,53052375,5630,5630,0,1574167848,1574167848,0,0,1574167848,53052375,15.46,7.23
215,2026-05-18 02:18:23,1,q80a,0,20,394,6945,30815,105306,96782,101,312,0,1608,0,13929,396320,0,0,14657024136,54260907,753816612,0,0,53053332,5641,5641,0,1574283460,1574283460,0,0,1574180710,53052306,15.16,6.94
216,2026-05-18 02:18:31,1,q81,0,15,136,689,1566,6397,5330,186,180,0,0,0,718,1994073,0,0,4757671472,4202813,120332210,0,0,1389733,132,132,0,37657316,37657316,0,0,37657316,1389733,9.28,0.69
217,2026-05-18 02:18:33,1,q82,0,6,137,2436,5390,34725,16868,32,97,0,848,0,15744,325379,0,0,1721378256,162085550,618697681,0,0,13778665,1171,1171,0,135990185,135990185,0,0,135990185,28800829,14.25,2.44
218,2026-05-18 02:18:36,1,q83,0,10,157,575,1235,6144,5226,149,171,0,0,0,214,821773,0,0,2454086016,5226039,97536411,0,0,43611,11,11,0,713915,713915,0,0,713915,43611,10.69,0.57
219,2026-05-18 02:18:38,1,q84,0,9,73,716,1419,4621,3605,33,51,0,384,0,1580,9713760,0,0,100948512,5555652,27854895,0,0,2778987,65,65,0,15445745,15445745,0,0,15445745,2778987,6.45,0.72
220,2026-05-18 02:18:40,1,q85,0,14,146,1158,5073,15424,12279,79,126,0,480,0,4537,1611538,0,0,3522586704,12085256,163938312,0,0,3025215,1744,1744,0,68690797,68690797,0,0,68690797,3025215,13.32,1.16
221,2026-05-18 02:18:42,1,q86,0,5,54,526,489,5883,5378,47,60,0,0,0,87,1858292,0,0,1398655400,7375137,65640862,0,0,1915,12,12,0,135930,135930,0,0,135930,1915,11.18,0.53
222,2026-05-18 02:18:44,1,q86a,0,8,59,550,491,5485,5010,46,63,0,0,0,126,1858292,0,0,1937622872,7375137,65640862,0,0,5122,39,39,0,389397,389397,0,0,143801,1930,9.97,0.55
223,2026-05-18 02:18:45,1,q87,0,13,266,2055,5583,30098,23999,113,211,0,455,0,4526,2992804,0,0,14880596040,49608475,112842050,0,0,12908807,1346,1346,0,99167332,99167332,0,0,72992444,11908807,14.65,2.06
224,2026-05-18 02:18:48,1,q88,0,26,554,1658,11262,24376,22275,8,299,0,272,0,80,335305,0,0,1725092416,231102510,472553640,0,0,536,536,536,0,31619,31619,0,0,31619,536,14.7,1.66
225,2026-05-18 02:18:51,1,q89,0,6,71,670,633,7743,6759,68,88,0,0,0,501,905131,0,0,1316733360,27682358,164563240,0,0,16454,15,15,0,1056131,1056131,0,0,1056131,16454,11.56,0.67
226,2026-05-18 02:18:53,1,q90,0,8,106,355,542,4752,4358,7,53,1,0,0,12,249779,0,0,323739200,14580376,66265216,0,0,100,100,100,0,5900,5900,0,0,5900,100,13.39,0.36
227,2026-05-18 02:18:54,1,q91,0,11,62,358,406,2542,2238,57,77,0,0,0,46,9527061,0,0,2986896344,4190955,59315149,0,0,109809,8,8,0,1094555,1094555,0,0,1091937,109792,7.1,0.36
228,2026-05-18 02:18:56,1,q92,0,7,105,618,1091,8110,7338,40,83,0,0,0,464,709229,0,0,191374440,14575225,130635526,0,0,94062,53,53,0,1376229,1376229,0,0,1376229,94062,13.12,0.62
229,2026-05-18 02:18:57,1,q93,0,5,136,3968,6064,53618,50120,32,101,0,1120,0,5155,322530,0,0,5766380072,31678178,236541444,0,0,31635854,2006,2006,0,788241663,788241663,0,0,788241663,31635854,13.51,3.97
230,2026-05-18 02:19:02,1,q94,0,8,171,1530,4228,20464,17775,50,120,0,208,0,3874,4007810,0,0,3571011840,15443541,143939774,0,0,14397040,1717,1717,0,225790004,225790004,0,0,225790004,14397040,13.38,1.53
231,2026-05-18 02:19:05,1,q95,0,8,171,3884,6229,55060,44764,50,123,0,1412,0,3811,4010610,0,0,14560086280,15443541,143677630,0,0,35990240,4267,4267,0,331280816,331280816,0,0,205215617,14395274,14.18,3.88
232,2026-05-18 02:19:10,1,q96,0,5,71,265,262,3468,2671,4,40,0,0,0,8,334703,0,0,213972808,28894203,59125646,0,0,67,67,67,0,3950,3950,0,0,3950,67,13.09,0.26
233,2026-05-18 02:19:11,1,q97,0,5,147,2019,2739,28687,26279,102,155,0,400,0,881,536286,0,0,7340928768,41908387,183291428,0,0,8381430,493,493,0,96998577,96998577,0,0,96998577,8381430,14.21,2.02
234,2026-05-18 02:19:14,1,q98,0,7,75,711,634,4515,4159,138,85,3,48,0,56,3269297,0,0,1300366872,27682256,178371000,0,0,71672,14,14,0,9066327,9066327,0,0,7253935,56508,6.35,0.71
235,2026-05-18 02:19:16,1,q99,0,6,67,1008,990,14030,13135,74,86,0,112,0,387,1025066,0,0,343879080,14473528,74473752,0,0,13834,20,20,0,1092296,1092296,0,0,1092296,13834,13.92,1.01
236,2026-05-18 02:19:18,2,q1,0,12,134,786,1347,8659,7530,157,126,0,80,0,927,406461,0,0,3493632216,6127653,108568026,0,0,2172339,220,220,0,31541287,31541287,0,0,31541287,2172339,11.02,0.79
237,2026-05-18 02:19:20,2,q2,0,9,120,690,634,7777,5584,114,147,0,0,0,1417,1203535,0,0,839171944,21747366,110395806,0,0,4756,338,338,0,200702,200702,0,0,76764,3504,11.27,0.69
238,2026-05-18 02:19:22,2,q3,0,4,69,352,339,4558,4276,62,76,0,0,0,96,720902,0,0,240926696,27682256,175143304,0,0,1010,15,15,0,88613,88613,0,0,88613,1010,12.95,0.35
239,2026-05-18 02:19:23,2,q4,0,22,389,7966,40630,124034,109860,326,474,0,1920,0,14204,1682654,0,0,39674206800,49681524,683359278,0,0,102286012,8739,8739,0,2539550644,2539550644,0,0,1275015000,51438627,15.57,7.97
240,2026-05-18 02:19:32,2,q5,0,11,403,2213,5331,32583,27970,302,461,2,0,0,4124,1555646,0,0,3754844192,61225599,592403004,0,0,7889656,1728,1728,0,114764218,114764218,0,0,114764218,7889656,14.72,2.21
241,2026-05-18 02:19:36,2,q5a,0,14,408,2267,5150,31191,27943,323,473,0,256,0,2946,1555646,0,0,4293812064,61225599,592403004,0,0,7891635,1738,1738,0,114931337,114931337,0,0,114798107,7889811,13.76,2.27
242,2026-05-18 02:19:39,2,q6,0,11,92,1583,3361,19274,17533,48,81,0,640,0,2180,5014279,0,0,4851667944,28607305,108733860,0,0,27358702,1158,1158,0,237127054,237127054,0,0,237127054,27358702,12.18,1.58
243,2026-05-18 02:19:42,2,q7,0,9,93,1883,6671,26076,23997,43,80,0,624,0,3313,783559,0,0,838432440,29603556,356553463,0,0,26629749,85,85,0,767598824,767598824,0,0,767598824,26629749,13.85,1.88
244,2026-05-18 02:19:45,2,q8,0,10,75,635,595,5986,5524,97,118,0,0,0,23,1650915,0,0,4865332224,28580358,117278168,0,0,6668,6,6,0,79456,79456,0,0,79456,6668,9.43,0.64
245,2026-05-18 02:19:47,2,q9,0,31,1021,1408,20592,19957,17536,22,560,38,570,0,147,321297,0,0,0,432007560,1172940160,0,0,1005,1005,1005,0,63138,63138,0,0,63138,1005,14.17,1.41
246,2026-05-18 02:19:49,2,q10,0,13,211,993,2510,11472,9770,43,135,0,630,0,444,594763,0,0,1683225704,51779275,120735650,0,0,4321867,84,84,0,66317919,66317919,0,0,66317919,4321867,11.55,0.99
247,2026-05-18 02:19:51,2,q10a,0,10,210,535,1245,5381,4875,33,144,0,0,0,357,821036,0,0,2194445312,51779275,120735650,0,0,4289247,138,138,0,66290269,66290269,0,0,66290269,4289247,10.06,0.54
248,2026-05-18 02:19:53,2,q11,0,17,258,4312,14579,66424,57066,204,285,0,736,0,9219,1373324,0,0,26856842912,35353393,267813392,0,0,71770406,5474,5474,0,1049683414,1049683414,0,0,536131307,36215116,15.4,4.31
249,2026-05-18 02:19:58,2,q12,0,5,55,544,511,5967,5465,46,59,0,0,0,41,3269297,0,0,862371576,7375137,69292534,0,0,26498,6,6,0,3416917,3416917,0,0,3416917,26498,10.97,0.54
250,2026-05-18 02:20:00,2,q13,0,9,76,1124,2113,15690,14722,12,54,0,0,0,335,1611538,0,0,573747424,29758358,442127593,0,0,193014,17,17,0,2753258,2753258,0,0,2753258,193014,13.96,1.12
251,2026-05-18 02:20:02,2,q14a,0,30,641,6732,15185,81362,69792,487,726,1,1435,0,13279,1777659,0,0,12052039384,147733425,817696760,0,0,62683055,1638,1638,0,832554372,832554372,0,0,829543316,62596531,12.09,6.73
252,2026-05-18 02:20:12,2,q14b,0,24,503,4573,11421,63330,55925,390,597,6,837,0,7189,1778605,0,0,10234366640,126351304,625377074,0,0,68475639,1565,1565,0,934830449,934830449,0,0,491078678,40968432,13.85,4.57
253,2026-05-18 02:20:18,2,q14,0,24,499,3304,9101,42743,38931,427,628,0,864,0,6162,1778132,0,0,8268647616,126351304,625377074,0,0,68314948,1371,1371,0,925505459,925505459,0,0,481753688,40807741,12.94,3.3
254,2026-05-18 02:20:22,2,q15,0,6,83,1439,1433,17978,15980,27,68,0,272,2,2050,5014279,0,0,5245524392,15151180,83588960,0,0,14544315,1088,1088,0,126141563,126141563,0,0,126141563,14544315,12.49,1.44
255,2026-05-18 02:20:25,2,q16,0,8,195,2304,5650,34294,30880,57,144,0,320,0,5233,424379,0,0,4703921456,30563805,216701841,0,0,30114572,2975,2975,0,425546236,425546236,0,0,425546236,30114572,14.88,2.3
256,2026-05-18 02:20:28,2,q17,0,10,217,4821,11272,65638,60099,60,169,3,400,0,7490,6945969,0,0,7880912176,44860789,306329872,0,0,45538041,3319,3319,0,1083953570,1083953570,0,0,1083953570,45538041,13.62,4.82
257,2026-05-18 02:20:34,2,q18,0,12,96,1629,6240,18665,17051,72,94,0,0,0,2601,9713760,0,0,3065959144,19094780,276393850,0,0,14505220,98,98,0,425374885,425374885,0,0,425374885,14505220,11.46,1.63
258,2026-05-18 02:20:37,2,q18a,0,21,170,2624,13299,33607,28876,138,192,0,1024,0,3611,9713760,0,0,13017939008,19946780,279627504,0,0,71657644,357,357,0,2102947115,2102947115,0,0,426335063,14562060,12.81,2.62
259,2026-05-18 02:20:41,2,q19,0,7,72,618,593,6456,6045,76,92,0,0,0,34,5014279,0,0,3108604640,28432358,208799922,0,0,2718,3,3,0,190396,190396,0,0,190396,2718,10.45,0.62
260,2026-05-18 02:20:42,2,q20,0,5,67,632,596,7227,6675,65,75,0,0,0,56,3269297,0,0,988820632,14503180,110733060,0,0,36807,6,6,0,4663129,4663129,0,0,4663129,36807,11.44,0.63
261,2026-05-18 02:20:44,2,q21,0,5,54,893,883,11995,10539,51,66,0,800,0,26,685403,0,0,385904296,133285059,523170535,0,0,63700,2,2,0,1093197,1093197,0,0,1093197,63700,13.43,0.89
262,2026-05-18 02:20:46,2,q22,0,6,71,19664,19625,153874,152201,114,103,0,666,0,217,4630315,0,0,2847197272,133285059,523150926,0,0,2038920,187,187,0,85798101,85798101,0,0,85798101,2038920,7.83,19.66
263,2026-05-18 02:21:07,2,q22a,0,10,135,2149,2935,25613,22116,177,203,0,320,0,2771,4630315,0,0,11914496448,133285059,523156014,0,0,2703130,857,857,0,135114839,135114839,0,0,33171531,664170,11.92,2.15
264,2026-05-18 02:21:10,2,q23a,0,18,403,6148,12275,91593,84946,365,485,1,1188,0,9440,6577006,0,0,22085629712,106164281,576934608,0,0,43094559,2877,2877,0,1053109860,1053109860,0,0,1008527567,40441747,14.9,6.15
265,2026-05-18 02:21:17,2,q23b,0,21,423,6722,12894,97062,87934,461,563,3,1536,0,10786,6577006,0,0,34872161472,106664281,579986654,0,0,49362664,6636,6636,0,1167746200,1167746200,0,0,1020911877,40904228,14.44,6.72
266,2026-05-18 02:21:25,2,q24,0,12,160,2746,8361,36625,33493,40,114,0,320,0,5637,463487,0,0,4795803152,32530235,250385654,0,0,30468590,2041,2041,0,736174632,736174632,0,0,736174632,30468590,13.34,2.75
267,2026-05-18 02:21:29,2,q24a,0,19,213,4455,9656,53783,49592,103,189,0,592,0,7181,3560798,0,0,14728425696,32632235,249079712,0,0,61448141,4647,4647,0,1495214546,1495214546,0,0,765303292,30991090,12.07,4.46
268,2026-05-18 02:21:34,2,q24b,0,19,213,4185,9348,50983,47934,89,190,0,548,0,6459,3560798,0,0,14722420960,32632235,249079712,0,0,61437701,4647,4647,0,1493987363,1493987363,0,0,764076109,30980650,12.18,4.18
269,2026-05-18 02:21:40,2,q25,0,10,217,4778,11472,65445,60711,73,168,0,656,0,7674,6945926,0,0,7880887560,44860789,397738628,0,0,45538038,3316,3316,0,1103935384,1103935384,0,0,1103935384,45538038,13.7,4.78
270,2026-05-18 02:21:46,2,q26,0,8,87,1252,3897,16219,14898,35,71,0,0,0,2446,783559,0,0,568948504,16424480,222520799,0,0,14338674,72,72,0,390664156,390664156,0,0,390664156,14338674,12.95,1.25
271,2026-05-18 02:21:48,2,q27,0,8,91,1732,6349,23863,21811,46,85,0,375,0,3445,783559,0,0,637313664,29603158,330984235,0,0,26618343,74,74,0,683120336,683120336,0,0,683120336,26618343,13.78,1.73
272,2026-05-18 02:21:51,2,q27a,0,13,130,2323,9425,34467,31837,72,114,0,528,0,3947,783559,0,0,1361438760,29705260,331293045,0,0,79689890,233,233,0,2045386751,2045386751,0,0,683384333,26621186,14.84,2.32
273,2026-05-18 02:21:54,2,q28,0,18,431,2483,14216,37631,28175,317,469,3,1552,0,13898,360733,0,0,27424709080,172803006,1181120100,0,0,1375311,1564,1564,0,24467873,24467873,0,0,24467873,1375311,15.16,2.48
274,2026-05-18 02:21:58,2,q29,0,11,218,4730,11364,64128,59987,80,170,1,544,0,7875,6945969,0,0,7880995000,44933838,306809624,0,0,45538045,3321,3321,0,1083954345,1083954345,0,0,1083954345,45538045,13.56,4.73
275,2026-05-18 02:22:04,2,q30,0,13,129,656,1409,4607,3596,175,173,0,0,0,847,1994073,0,0,3968087040,2698567,84728162,0,0,790132,77,77,0,60668902,60668902,0,0,60668902,790132,7.02,0.66
276,2026-05-18 02:22:05,2,q31,0,19,361,1691,7601,22148,19133,372,372,1,496,0,335,3834069,0,0,8335261024,104591032,556455694,0,0,41089,26,26,0,1416781,1416781,0,0,1208275,34875,13.1,1.69
277,2026-05-18 02:22:08,2,q32,0,7,129,592,1022,7478,6800,42,99,0,0,0,333,708064,0,0,219553416,28831311,213647650,0,0,135308,67,67,0,1892436,1892436,0,0,1892436,135308,12.63,0.59
278,2026-05-18 02:22:10,2,q33,0,9,186,875,1519,11141,10056,170,217,0,0,0,106,1088027,0,0,2700416024,49562475,406209848,0,0,7609,8,8,0,210206,210206,0,0,210206,7609,12.73,0.88
279,2026-05-18 02:22:12,2,q34,0,9,104,675,972,8678,7576,104,113,0,0,0,1189,908184,0,0,397086752,28087558,87187312,0,0,1010675,85,85,0,34409535,34409535,0,0,17491770,510675,12.86,0.68
280,2026-05-18 02:22:13,2,q35,0,12,216,1291,2671,15215,13158,54,150,0,572,0,1266,2112212,0,0,5209334768,51779275,120469410,0,0,8052611,351,351,0,39149825,39149825,0,0,39149825,8052611,11.79,1.29
281,2026-05-18 02:22:16,2,q35a,0,11,216,958,2017,10199,9149,46,160,0,0,0,1185,2112212,0,0,4420805904,51779275,120469410,0,0,8049848,363,363,0,39176588,39176588,0,0,39176588,8049848,10.65,0.96
282,2026-05-18 02:22:18,2,q36,0,6,71,871,835,11425,10501,67,90,0,0,0,140,1858292,0,0,1770423992,27682358,272625812,0,0,2238,14,14,0,177240,177240,0,0,177240,2238,13.12,0.87
283,2026-05-18 02:22:20,2,q36a,0,9,76,818,754,9775,9054,74,92,0,0,0,154,1858292,0,0,2309391864,27682358,272625812,0,0,6097,45,45,0,506805,506805,0,0,183763,2255,11.95,0.82
284,2026-05-18 02:22:22,2,q37,0,6,132,1182,2044,15573,13455,28,94,0,816,0,1967,301045,0,0,949600864,147685474,583391793,0,0,4316414,1074,1074,0,66666749,66666749,0,0,66666749,14400617,13.18,1.18
285,2026-05-18 02:22:24,2,q38,0,13,266,2063,5548,30271,24354,99,214,5,640,0,4489,2992761,0,0,14880596040,49608475,112842050,0,0,12908807,1346,1346,0,99167332,99167332,0,0,72992444,11908807,14.67,2.06
286,2026-05-18 02:22:27,2,q39a,0,11,149,2090,3687,26279,24499,243,238,0,189,0,456,801878,0,0,4135752968,266468108,1044999740,0,0,2587909,102,102,0,54248007,54248007,0,0,33889570,1567909,12.57,2.09
287,2026-05-18 02:22:30,2,q39b,0,11,149,1375,2532,16812,16659,196,238,0,0,0,206,684758,0,0,4037186824,266468108,1044999740,0,0,2551488,102,102,0,53122748,53122748,0,0,32764311,1531488,12.23,1.38
288,2026-05-18 02:22:33,2,q40,0,7,133,1742,4691,24694,20593,33,103,0,1216,0,4444,348211,0,0,4141621464,15943072,160910918,0,0,15748014,1921,1921,0,314097218,314097218,0,0,314097218,15748014,14.18,1.74
289,2026-05-18 02:22:35,2,q41,0,4,4,140,113,100,100,4,3,0,0,0,7,13527,0,0,135268304,204000,1272987,0,0,140,2,2,0,9680,9680,0,0,9680,140,0.71,0.14
290,2026-05-18 02:22:37,2,q42,0,4,69,451,442,6295,5288,65,76,0,560,0,9,719913,0,0,361643416,27682256,175012340,0,0,32,3,3,0,2656,2656,0,0,2656,32,13.96,0.45
291,2026-05-18 02:22:38,2,q43,0,4,69,532,513,7222,6604,67,85,0,0,0,56,720859,0,0,223324760,27580358,92393362,0,0,294,14,14,0,37327,37327,0,0,37327,294,13.58,0.53
292,2026-05-18 02:22:40,2,q44,0,8,152,607,646,7411,6334,69,147,0,0,0,1983,1665021,0,0,2147935336,57703002,325654173,0,0,991985,1019,1019,0,15013054,15013054,0,0,7510252,496103,12.21,0.61
293,2026-05-18 02:22:41,2,q45,0,8,73,1260,1327,16221,14176,27,62,0,720,0,1834,5014279,0,0,5068807392,8227137,74049122,0,0,7447479,880,880,0,100357151,100357151,0,0,100357151,7447479,12.87,1.26
294,2026-05-18 02:22:44,2,q46,0,9,88,803,960,9405,8327,112,127,0,0,0,1242,3376534,0,0,1865078648,28337558,223735832,0,0,529456,69,69,0,17624191,17624191,0,0,17624191,529456,11.71,0.8
295,2026-05-18 02:22:46,2,q47,0,11,111,1414,2036,15563,13131,137,158,0,480,0,1619,2307790,0,0,6164710032,27682358,164292904,0,0,1188303,557,557,0,45099824,45099824,0,0,31097353,822201,11.01,1.41
296,2026-05-18 02:22:48,2,q48,0,8,91,1164,2086,17080,15237,35,78,0,664,0,2047,1686114,0,0,620257344,29751158,253754317,0,0,4383965,86,86,0,101320820,101320820,0,0,101320820,4383965,14.67,1.16
297,2026-05-18 02:22:50,2,q49,0,18,387,2103,8624,30412,26073,92,272,0,400,0,8939,319721,0,0,4516096824,54145455,723228567,0,0,15195840,337,337,0,341356024,341356024,0,0,341356024,15195840,14.46,2.1
298,2026-05-18 02:22:54,2,q50,0,7,137,2533,5926,34804,31631,30,102,0,656,0,4870,373053,0,0,4687124776,30430658,175355068,0,0,29262054,1989,1989,0,613521501,613521501,0,0,613521501,29262054,13.74,2.53
299,2026-05-18 02:22:57,2,q51,0,10,218,2825,4096,39648,35084,210,269,0,736,0,4007,536759,0,0,10760036720,34780344,215300374,0,0,23550796,1826,1826,0,399477556,399477556,0,0,399477556,23550796,14.03,2.82
300,2026-05-18 02:23:01,2,q51a,0,14,285,20327,24106,267675,256596,304,396,0,2895,0,4593,567630,0,0,27699775816,34780344,215300374,0,0,46681572,2728,2728,0,770734582,770734582,0,0,558633027,35219606,13.17,20.33
301,2026-05-18 02:23:22,2,q52,0,4,69,523,513,7416,6965,64,76,0,0,0,55,719311,0,0,361643416,27682256,175143412,0,0,1253,3,3,0,78201,78201,0,0,78201,1253,14.18,0.52
302,2026-05-18 02:23:24,2,q53,0,6,71,531,515,6256,5583,75,87,0,0,0,523,905131,0,0,377079056,27682358,164829516,0,0,16165,15,15,0,408667,408667,0,0,408667,16165,11.78,0.53
303,2026-05-18 02:23:26,2,q54,0,17,221,1836,6627,24416,21898,151,224,0,576,0,2619,5014322,0,0,5714824408,50179724,254216284,0,0,27925422,310,310,0,266485912,266485912,0,0,266485912,27925422,13.3,1.84
304,2026-05-18 02:23:29,2,q55,0,4,69,251,242,3081,2768,71,75,0,0,0,40,719569,0,0,428752256,27682256,175143412,0,0,1135,3,3,0,68028,68028,0,0,68028,1135,12.27,0.25
305,2026-05-18 02:23:30,2,q56,0,9,186,893,1816,11195,10070,174,215,0,0,0,97,1087941,0,0,2175177976,49562475,406474536,0,0,9560,8,8,0,277255,277255,0,0,277255,9560,12.54,0.89
306,2026-05-18 02:23:32,2,q57,0,11,116,1260,1876,15195,12005,154,172,0,585,0,1840,2307790,0,0,7200266704,14503204,110662841,0,0,1383219,710,710,0,54933681,54933681,0,0,38383959,962849,12.06,1.26
307,2026-05-18 02:23:34,2,q58,0,10,185,1165,2771,14790,13613,167,206,0,0,0,55,1076552,0,0,2551216384,49356573,346801998,0,0,135107,4,4,0,1828873,1828873,0,0,1828873,135107,12.7,1.16
308,2026-05-18 02:23:37,2,q59,0,10,75,888,948,7973,6630,69,85,0,432,0,1231,754364,0,0,4767648528,27726558,92696242,0,0,70176,134,134,0,2819225,2819225,0,0,1588690,53703,8.98,0.89
309,2026-05-18 02:23:38,2,q60,0,9,186,789,1422,9460,8298,176,215,2,0,0,178,1088199,0,0,2730483240,49562475,406410552,0,0,62086,11,11,0,1172891,1172891,0,0,1172891,62086,11.99,0.79
310,2026-05-18 02:23:40,2,q61,0,10,140,933,1395,12335,11231,10,81,0,576,0,18,5014279,0,0,4114268400,55940065,442550324,0,0,132,132,132,0,7536,7536,0,0,7536,132,13.22,0.93
311,2026-05-18 02:23:42,2,q62,0,6,55,421,406,5531,4677,49,66,0,0,0,517,826121,0,0,290368584,7273209,32942921,0,0,6738,17,17,0,552322,552322,0,0,552322,6738,13.14,0.42
312,2026-05-18 02:23:44,2,q63,0,6,71,448,434,5258,4704,70,86,0,0,0,268,905217,0,0,377013520,27682358,164831636,0,0,3687,15,15,0,139756,139756,0,0,139756,3687,11.74,0.45
313,2026-05-18 02:23:45,2,q64,0,33,489,9201,42585,138319,121654,519,679,2,1712,0,20112,1086691,0,0,42845976528,49224915,554753421,0,0,66198164,9180,9180,0,2330744062,2330744062,0,0,2093202009,55680264,15.03,9.2
314,2026-05-18 02:23:56,2,q65,0,10,188,1445,2636,20736,18428,188,232,1,208,0,2091,9164527,0,0,6973681856,55189565,331105822,0,0,12118897,561,561,0,395472051,395472051,0,0,395472051,12118897,14.35,1.44
315,2026-05-18 02:23:59,2,q66,0,8,119,1057,1384,12164,9726,191,229,0,0,0,99,1023690,0,0,2539847856,21687698,256846431,0,0,270,27,27,0,99522,99522,0,0,99522,270,11.51,1.06
316,2026-05-18 02:24:01,2,q67,0,6,87,5901,5851,74012,71323,98,132,0,1275,0,1117,4630315,0,0,7731250296,27682358,196558995,0,0,8547444,255,255,0,588025508,588025508,0,0,588025508,8547444,12.54,5.9
317,2026-05-18 02:24:08,2,q67a,0,14,229,9888,34156,136087,127000,346,387,0,1709,0,5117,4630315,0,0,27839457704,27682358,196558995,0,0,53570770,2150,2150,0,3473889114,3473889114,0,0,795502802,12999562,13.76,9.89
318,2026-05-18 02:24:19,2,q68,0,9,88,822,999,10071,9164,115,127,0,0,0,536,3376534,0,0,1836459800,28337558,342924944,0,0,507674,58,58,0,16407935,16407935,0,0,16407935,507674,12.25,0.82
319,2026-05-18 02:24:21,2,q69,0,13,211,965,2429,10852,9648,30,138,0,0,0,640,467445,0,0,1686012184,51779275,120539042,0,0,3828287,67,67,0,62008200,62008200,0,0,62008200,3828287,11.25,0.96
320,2026-05-18 02:24:23,2,q70,0,9,139,942,886,11520,9855,134,188,0,560,0,79,1369816,0,0,1587645624,55087667,227527888,0,0,249,30,30,0,13762,13762,0,0,13762,249,12.23,0.94
321,2026-05-18 02:24:25,2,q70a,0,12,144,1071,953,12543,11687,148,194,0,0,0,77,1365303,0,0,1119979840,55087667,227527888,0,0,276,59,59,0,17527,17527,0,0,9675,198,11.71,1.07
322,2026-05-18 02:24:27,2,q71,0,7,184,901,875,11601,10481,184,253,0,0,0,149,3341877,0,0,1362478064,49296875,359456002,0,0,31955,17,17,0,1445052,1445052,0,0,893499,20983,12.88,0.9
323,2026-05-18 02:24:29,2,q72,0,16,230,17124,33283,236083,220104,134,220,0,2816,0,15167,6576963,0,0,19933730552,151127670,707173824,0,0,142630673,5240,5240,0,2054109950,2054109950,0,0,2054109950,142630673,13.79,17.12
324,2026-05-18 02:24:47,2,q73,0,9,104,390,675,4524,3992,85,103,0,0,0,396,907066,0,0,395522080,28087558,87187312,0,0,1002732,67,67,0,33999056,33999056,0,0,17081291,502732,11.6,0.39
325,2026-05-18 02:24:49,2,q74,0,15,233,3746,12743,58207,49883,165,256,1,1370,0,7585,1428911,0,0,22921014288,35353393,187654900,0,0,71557457,4867,4867,0,760549308,760549308,0,0,388587442,36002167,15.54,3.75
326,2026-05-18 02:24:54,2,q75,0,19,578,3602,12821,54422,44646,141,439,0,1077,0,10678,574640,0,0,12471749904,103356738,960216234,0,0,14156496,2600,2600,0,343447712,343447712,0,0,230989374,9118708,15.11,3.6
327,2026-05-18 02:24:58,2,q76,0,4,181,794,768,10640,9213,191,241,0,272,0,681,2887498,0,0,13801848136,49141969,393296636,0,0,2307,178,178,0,246571,246571,0,0,246571,2307,13.4,0.79
328,2026-05-18 02:25:00,2,q77,0,14,338,877,3670,11225,9517,202,316,0,0,0,74,719354,0,0,1386293464,54013669,520712344,0,0,838,63,63,0,62565,62565,0,0,62565,838,12.8,0.88
329,2026-05-18 02:25:02,2,q77a,0,17,343,997,3608,11070,9494,197,323,0,0,0,94,719139,0,0,1992370176,54013669,520712344,0,0,1313,74,74,0,119317,119317,0,0,77821,983,11.1,1.0
330,2026-05-18 02:25:05,2,q78,0,12,382,7189,21227,108124,88805,205,341,1,1806,0,14960,7360137,0,0,23440107088,54219312,629070584,0,0,54207585,4641,4641,0,1581114373,1581114373,0,0,1581114373,54207585,15.04,7.19
331,2026-05-18 02:25:13,2,q79,0,8,86,733,920,8931,7592,113,121,0,176,0,1277,2321400,0,0,3200173264,28087558,221286712,0,0,581366,141,141,0,16856485,16856485,0,0,16856485,581366,12.18,0.73
332,2026-05-18 02:25:15,2,q80,0,17,389,7355,33467,111466,95445,96,291,0,2141,0,20745,396363,0,0,14185165104,54260907,753816612,0,0,53052375,5630,5630,0,1574167848,1574167848,0,0,1574167848,53052375,15.16,7.36
333,2026-05-18 02:25:23,2,q80a,0,20,394,6674,28466,100892,93845,118,322,0,1740,0,12801,396363,0,0,14657024136,54260907,753816612,0,0,53053332,5641,5641,0,1574283460,1574283460,0,0,1574180710,53052306,15.12,6.67
334,2026-05-18 02:25:31,2,q81,0,15,136,725,1676,6773,4755,202,182,0,0,0,1434,1994073,0,0,4757671472,4202813,120332210,0,0,1389733,132,132,0,37657316,37657316,0,0,37657316,1389733,9.34,0.72
335,2026-05-18 02:25:33,2,q82,0,6,137,1435,2521,18645,16507,30,97,0,784,0,2312,325336,0,0,1721378256,162085550,618697681,0,0,13778665,1171,1171,0,135990185,135990185,0,0,135990185,28800829,12.99,1.44
336,2026-05-18 02:25:35,2,q83,0,10,157,474,873,3986,3151,136,172,17,18,0,230,821687,0,0,2454086016,5226039,97536411,0,0,43611,11,11,0,713915,713915,0,0,713915,43611,8.41,0.47
337,2026-05-18 02:25:37,2,q84,0,9,73,763,1363,4424,3893,30,54,0,0,0,1477,9713760,0,0,100948512,5555652,27854895,0,0,2778987,65,65,0,15445745,15445745,0,0,15445745,2778987,5.8,0.76
338,2026-05-18 02:25:39,2,q85,0,14,146,1280,6155,17481,13642,66,123,0,992,0,4306,1611538,0,0,3522586704,12085256,163938312,0,0,3025215,1744,1744,0,68690797,68690797,0,0,68690797,3025215,13.66,1.28
339,2026-05-18 02:25:41,2,q86,0,5,54,448,414,5038,4369,54,61,0,0,0,106,1858292,0,0,1398655400,7375137,65640862,0,0,1915,12,12,0,135930,135930,0,0,135930,1915,11.25,0.45
340,2026-05-18 02:25:43,2,q86a,0,8,59,538,466,4627,4223,47,64,0,0,0,110,1858292,0,0,1937622872,7375137,65640862,0,0,5122,39,39,0,389397,389397,0,0,143801,1930,8.6,0.54
341,2026-05-18 02:25:44,2,q87,0,13,266,2096,5625,30379,24773,100,213,3,256,0,4335,2992761,0,0,14880596040,49608475,112842050,0,0,12908807,1346,1346,0,99167332,99167332,0,0,72992444,11908807,14.49,2.1
342,2026-05-18 02:25:47,2,q88,0,26,554,1581,10591,23002,21071,48,300,13,182,0,73,335305,0,0,1725092416,231102510,472553640,0,0,536,536,536,0,31619,31619,0,0,31619,536,14.55,1.58
343,2026-05-18 02:25:50,2,q89,0,6,71,563,543,6319,4878,71,85,0,304,0,422,905905,0,0,1316733360,27682358,164563240,0,0,16454,15,15,0,1056131,1056131,0,0,1056131,16454,11.22,0.56
344,2026-05-18 02:25:52,2,q90,0,8,106,773,916,11406,2711,12,61,0,0,0,1871,249951,0,0,323739200,14580376,66265216,0,0,100,100,100,0,5900,5900,0,0,5900,100,14.76,0.77
345,2026-05-18 02:25:54,2,q91,0,11,62,333,395,1796,1279,74,82,16,224,0,43,9527061,0,0,2986896344,4190955,59315149,0,0,109809,8,8,0,1094555,1094555,0,0,1091937,109792,5.39,0.33
346,2026-05-18 02:25:55,2,q92,0,7,105,492,841,6054,5307,43,81,0,0,0,455,709229,0,0,191374440,14575225,130635526,0,0,94062,53,53,0,1376229,1376229,0,0,1376229,94062,12.3,0.49
347,2026-05-18 02:25:57,2,q93,0,5,136,4148,6577,59581,54319,29,99,0,769,0,7439,322315,0,0,5766380072,31678178,236541444,0,0,31635854,2006,2006,0,788241663,788241663,0,0,788241663,31635854,14.36,4.15
348,2026-05-18 02:26:02,2,q94,0,8,171,1848,6777,26772,15531,73,118,0,324,0,8666,4007810,0,0,3571011840,15443541,143939774,0,0,14397040,1717,1717,0,225790004,225790004,0,0,225790004,14397040,14.49,1.85
349,2026-05-18 02:26:05,2,q95,0,8,171,4630,6733,61178,47897,48,121,0,1481,0,3872,4010610,0,0,14560086280,15443541,143677630,0,0,35990240,4267,4267,0,331280816,331280816,0,0,205215617,14395274,13.21,4.63
350,2026-05-18 02:26:10,2,q96,0,5,71,385,381,5440,5241,1,38,0,0,0,8,334574,0,0,213972808,28894203,59125646,0,0,67,67,67,0,3950,3950,0,0,3950,67,14.13,0.38
351,2026-05-18 02:26:12,2,q97,0,5,147,1605,2060,21979,19296,139,149,0,404,0,1110,535598,0,0,7340928768,41908387,183291428,0,0,8381430,493,493,0,96998577,96998577,0,0,96998577,8381430,13.69,1.6
352,2026-05-18 02:26:15,2,q98,0,7,75,598,525,4136,3609,73,85,2,0,0,56,3269297,0,0,1300366872,27682256,178371000,0,0,71672,14,14,0,9066327,9066327,0,0,7253935,56508,6.92,0.6
353,2026-05-18 02:26:16,2,q99,0,6,67,614,598,7714,6699,68,86,0,240,0,327,1025152,0,0,343879080,14473528,74473752,0,0,13834,20,20,0,1092296,1092296,0,0,1092296,13834,12.56,0.61
354,2026-05-18 02:26:18,3,q1,0,12,134,740,1281,8253,6974,104,131,0,0,0,1190,406074,0,0,3493632216,6127653,108568026,0,0,2172339,220,220,0,31541287,31541287,0,0,31541287,2172339,11.15,0.74
355,2026-05-18 02:26:20,3,q2,0,9,120,652,598,7212,6403,118,147,0,96,0,346,1204094,0,0,839171944,21747366,110395806,0,0,4756,338,338,0,200702,200702,0,0,76764,3504,11.06,0.65
356,2026-05-18 02:26:21,3,q3,0,4,69,328,318,4050,3732,57,75,0,0,0,104,720601,0,0,240926696,27682256,175143304,0,0,1010,15,15,0,88613,88613,0,0,88613,1010,12.35,0.33
357,2026-05-18 02:26:23,3,q4,0,22,389,7946,40317,123577,110184,322,465,0,1696,0,14456,1682654,0,0,39674206800,49681524,683359278,0,0,102286012,8739,8739,0,2539550644,2539550644,0,0,1275015000,51438627,15.55,7.95
358,2026-05-18 02:26:32,3,q5,0,11,403,2198,4906,32260,27862,303,463,0,288,0,3317,1556291,0,0,3754844192,61225599,592403004,0,0,7889656,1728,1728,0,114764218,114764218,0,0,114764218,7889656,14.68,2.2
359,2026-05-18 02:26:35,3,q5a,0,14,408,2234,5432,30431,26101,322,476,1,0,0,4160,1555689,0,0,4293812064,61225599,592403004,0,0,7891635,1738,1738,0,114931337,114931337,0,0,114798107,7889811,13.62,2.23
360,2026-05-18 02:26:39,3,q6,0,11,92,1616,3480,20641,18113,43,80,0,1024,0,2472,5014279,0,0,4851667944,28607305,108733860,0,0,27358702,1158,1158,0,237127054,237127054,0,0,237127054,27358702,12.77,1.62
361,2026-05-18 02:26:42,3,q7,0,9,93,1842,6337,25537,23296,48,83,0,656,0,3531,783602,0,0,838432440,29603556,356553463,0,0,26629749,85,85,0,767598824,767598824,0,0,767598824,26629749,13.86,1.84
362,2026-05-18 02:26:44,3,q8,0,10,75,776,728,8482,7949,85,109,0,0,0,23,1650915,0,0,4865332224,28580358,117278168,0,0,6668,6,6,0,79456,79456,0,0,79456,6668,10.93,0.78
363,2026-05-18 02:26:46,3,q9,0,31,1021,1450,21261,20585,18213,69,559,43,602,0,140,320953,0,0,0,432007560,1172940160,0,0,1005,1005,1005,0,63138,63138,0,0,63138,1005,14.2,1.45
364,2026-05-18 02:26:49,3,q10,0,13,211,1234,3035,15080,10363,50,140,0,0,0,370,594763,0,0,1683225704,51779275,120735650,0,0,4321867,84,84,0,66317919,66317919,0,0,66317919,4321867,12.22,1.23
365,2026-05-18 02:26:51,3,q10a,0,10,210,543,1304,5890,5369,38,146,0,0,0,363,821079,0,0,2194445312,51779275,120735650,0,0,4289247,138,138,0,66290269,66290269,0,0,66290269,4289247,10.85,0.54
366,2026-05-18 02:26:53,3,q11,0,17,258,4111,13761,63439,55354,226,296,0,1056,0,8706,1373324,0,0,26856842912,35353393,267813392,0,0,71770406,5474,5474,0,1049683414,1049683414,0,0,536131307,36215116,15.43,4.11
367,2026-05-18 02:26:58,3,q12,0,5,55,474,435,4809,4280,44,59,0,0,0,42,3269297,0,0,862371576,7375137,69292534,0,0,26498,6,6,0,3416917,3416917,0,0,3416917,26498,10.15,0.47
368,2026-05-18 02:26:59,3,q13,0,9,76,950,1789,12920,11632,17,56,0,352,0,298,1611538,0,0,573747424,29758358,442127593,0,0,193014,17,17,0,2753258,2753258,0,0,2753258,193014,13.6,0.95
369,2026-05-18 02:27:01,3,q14a,0,30,641,6978,15878,85106,72262,468,720,0,1548,0,13885,1777014,0,0,12052039384,147733425,817696760,0,0,62683055,1638,1638,0,832554372,832554372,0,0,829543316,62596531,12.2,6.98
370,2026-05-18 02:27:11,3,q14b,0,24,503,4853,11702,67199,60472,413,609,7,492,0,6563,1778046,0,0,10234366640,126351304,625377074,0,0,68475639,1565,1565,0,934830449,934830449,0,0,491078678,40968432,13.85,4.85
371,2026-05-18 02:27:18,3,q14,0,24,499,3300,8709,42456,38887,409,618,0,836,0,5950,1777616,0,0,8268647616,126351304,625377074,0,0,68314948,1371,1371,0,925505459,925505459,0,0,481753688,40807741,12.87,3.3
372,2026-05-18 02:27:22,3,q15,0,6,83,1561,1558,19812,18148,29,69,0,0,0,2036,5014279,0,0,5245524392,15151180,83588960,0,0,14544315,1088,1088,0,126141563,126141563,0,0,126141563,14544315,12.69,1.56
373,2026-05-18 02:27:25,3,q16,0,8,195,2284,6059,32736,29012,50,138,0,480,0,5726,423691,0,0,4703921456,30563805,216701841,0,0,30114572,2975,2975,0,425546236,425546236,0,0,425546236,30114572,14.33,2.28
374,2026-05-18 02:27:28,3,q17,0,10,217,4839,11174,65610,59645,59,168,0,604,0,7986,6945926,0,0,7880912176,44860789,306329872,0,0,45538041,3319,3319,0,1083953570,1083953570,0,0,1083953570,45538041,13.56,4.84
375,2026-05-18 02:27:34,3,q18,0,12,96,1740,6506,20280,18593,70,92,0,0,0,2751,9713760,0,0,3065959144,19094780,276393850,0,0,14505220,98,98,0,425374885,425374885,0,0,425374885,14505220,11.66,1.74
376,2026-05-18 02:27:37,3,q18a,0,21,170,2518,12725,31828,26924,130,185,2,863,0,3990,9713846,0,0,13017939008,19946780,279627504,0,0,71657644,357,357,0,2102947115,2102947115,0,0,426335063,14562060,12.64,2.52
377,2026-05-18 02:27:41,3,q19,0,7,72,778,754,9477,8808,67,87,0,0,0,34,5014279,0,0,3108604640,28432358,208799922,0,0,2718,3,3,0,190396,190396,0,0,190396,2718,12.18,0.78
378,2026-05-18 02:27:42,3,q20,0,5,67,639,602,7284,6702,57,73,0,0,0,42,3269297,0,0,988820632,14503180,110733060,0,0,36807,6,6,0,4663129,4663129,0,0,4663129,36807,11.4,0.64
379,2026-05-18 02:27:44,3,q21,0,5,54,932,923,12717,11938,52,68,0,0,0,27,684715,0,0,385904296,133285059,523170535,0,0,63700,2,2,0,1093197,1093197,0,0,1093197,63700,13.64,0.93
380,2026-05-18 02:27:46,3,q22,0,6,71,17654,17614,158209,155767,254,107,0,1460,0,218,4630315,0,0,2847197272,133285059,523150926,0,0,2038920,187,187,0,85798101,85798101,0,0,85798101,2038920,8.96,17.65
381,2026-05-18 02:28:05,3,q22a,0,10,135,2129,2905,24835,21663,173,204,0,300,0,2749,4630315,0,0,11914496448,133285059,523156014,0,0,2703130,857,857,0,135114839,135114839,0,0,33171531,664170,11.67,2.13
382,2026-05-18 02:28:08,3,q23a,0,18,403,6287,12880,94227,86618,358,483,0,1344,0,10219,6576963,0,0,22085629712,106164281,576934608,0,0,43094559,2877,2877,0,1053109860,1053109860,0,0,1008527567,40441747,14.99,6.29
383,2026-05-18 02:28:15,3,q23b,0,21,423,6546,14507,98028,89830,420,529,25,1014,0,10268,6576963,0,0,34872161472,106664281,579986654,0,0,49362664,6636,6636,0,1167746200,1167746200,0,0,1020911877,40904228,14.98,6.55
384,2026-05-18 02:28:23,3,q24,0,12,160,2863,8268,38520,35146,39,106,0,320,0,5825,463487,0,0,4795803152,32530235,250385654,0,0,30468590,2041,2041,0,736174632,736174632,0,0,736174632,30468590,13.45,2.86
385,2026-05-18 02:28:27,3,q24a,0,19,213,4417,9549,53119,49106,101,189,0,576,0,7139,3560798,0,0,14728425696,32632235,249079712,0,0,61448141,4647,4647,0,1495214546,1495214546,0,0,765303292,30991090,12.03,4.42
386,2026-05-18 02:28:33,3,q24b,0,19,213,4105,9209,49972,47072,103,189,0,368,0,6883,3560798,0,0,14722420960,32632235,249079712,0,0,61437701,4647,4647,0,1493987363,1493987363,0,0,764076109,30980650,12.17,4.11
387,2026-05-18 02:28:38,3,q25,0,10,217,4784,11589,65058,59915,61,163,1,576,0,8635,6945926,0,0,7880887560,44860789,397738628,0,0,45538038,3316,3316,0,1103935384,1103935384,0,0,1103935384,45538038,13.6,4.78
388,2026-05-18 02:28:44,3,q26,0,8,87,1351,4491,17773,15527,44,75,0,624,0,2588,783559,0,0,568948504,16424480,222520799,0,0,14338674,72,72,0,390664156,390664156,0,0,390664156,14338674,13.16,1.35
389,2026-05-18 02:28:46,3,q27,0,8,91,1826,6603,25592,22636,36,75,0,736,0,4091,783602,0,0,637313664,29603158,330984235,0,0,26618343,74,74,0,683120336,683120336,0,0,683120336,26618343,14.02,1.83
390,2026-05-18 02:28:49,3,q27a,0,13,130,2373,9730,35408,32535,63,109,0,0,0,4088,783559,0,0,1361438760,29705260,331293045,0,0,79689890,233,233,0,2045386751,2045386751,0,0,683384333,26621186,14.92,2.37
391,2026-05-18 02:28:53,3,q28,0,18,431,2630,15050,39733,30365,327,467,0,1696,0,13902,360819,0,0,27424709080,172803006,1181120100,0,0,1375311,1564,1564,0,24467873,24467873,0,0,24467873,1375311,15.11,2.63
392,2026-05-18 02:28:56,3,q29,0,11,218,4843,11997,65463,60778,58,165,3,704,0,8268,6945926,0,0,7880995000,44933838,306809624,0,0,45538045,3321,3321,0,1083954345,1083954345,0,0,1083954345,45538045,13.52,4.84
393,2026-05-18 02:29:02,3,q30,0,12,128,652,1359,4588,3667,160,172,1,0,0,802,1994073,0,0,3968087040,2698567,84728162,0,0,758073,76,76,0,60290235,60290235,0,0,60290235,758073,7.04,0.65
394,2026-05-18 02:29:04,3,q31,0,19,361,2128,10153,29765,26273,291,369,0,528,0,363,3834069,0,0,8267955576,104591032,556455694,0,0,35774,23,23,0,1274891,1274891,0,0,1208352,34875,13.99,2.13
395,2026-05-18 02:29:07,3,q32,0,7,129,708,1265,9398,8779,37,99,0,0,0,379,708064,0,0,219553416,28831311,213647650,0,0,135308,67,67,0,1892436,1892436,0,0,1892436,135308,13.27,0.71
396,2026-05-18 02:29:09,3,q33,0,9,186,927,1566,12073,11189,169,212,0,0,0,101,1087984,0,0,2700416024,49562475,406209848,0,0,7609,8,8,0,210206,210206,0,0,210206,7609,13.02,0.93
397,2026-05-18 02:29:11,3,q34,0,9,104,747,988,9817,8717,97,111,0,0,0,1111,908141,0,0,397086752,28087558,87187312,0,0,1010675,85,85,0,34409535,34409535,0,0,17491770,510675,13.14,0.75
398,2026-05-18 02:29:13,3,q35,0,12,216,1107,2293,12780,11234,58,153,0,0,0,1161,2112212,0,0,5209334768,51779275,120469410,0,0,8052611,351,351,0,39149825,39149825,0,0,39149825,8052611,11.54,1.11
399,2026-05-18 02:29:15,3,q35a,0,11,216,1062,2280,11336,9325,45,161,0,644,0,1536,2112212,0,0,4420805904,51779275,120469410,0,0,8049848,363,363,0,39176588,39176588,0,0,39176588,8049848,10.67,1.06
400,2026-05-18 02:29:17,3,q36,0,6,71,708,672,8751,7951,67,87,0,0,0,270,1858292,0,0,1770423992,27682358,272625812,0,0,2238,14,14,0,177240,177240,0,0,177240,2238,12.36,0.71
401,2026-05-18 02:29:19,3,q36a,0,9,76,740,674,8158,7514,70,92,0,0,0,262,1858292,0,0,2309391864,27682358,272625812,0,0,6097,45,45,0,506805,506805,0,0,183763,2255,11.02,0.74
402,2026-05-18 02:29:21,3,q37,0,6,132,1235,1843,16268,14435,25,94,0,896,0,1710,300271,0,0,949600864,147685474,583391793,0,0,4316414,1074,1074,0,66666749,66666749,0,0,66666749,14400617,13.17,1.24
403,2026-05-18 02:29:23,3,q38,0,13,266,2143,5748,31520,26185,113,209,4,0,0,4124,2992804,0,0,14880596040,49608475,112842050,0,0,12908807,1346,1346,0,99167332,99167332,0,0,72992444,11908807,14.71,2.14
404,2026-05-18 02:29:26,3,q39a,0,11,149,2289,3915,29846,27448,272,231,0,576,0,588,801878,0,0,4135752968,266468108,1044999740,0,0,2587909,102,102,0,54248007,54248007,0,0,33889570,1567909,13.04,2.29
405,2026-05-18 02:29:29,3,q39b,0,11,149,1464,2724,18520,16679,199,237,0,1584,0,204,685403,0,0,4037186824,266468108,1044999740,0,0,2551488,102,102,0,53122748,53122748,0,0,32764311,1531488,12.65,1.46
406,2026-05-18 02:29:32,3,q40,0,7,133,1977,4360,27044,23827,32,102,0,300,0,4503,348383,0,0,4141621464,15943072,160910918,0,0,15748014,1921,1921,0,314097218,314097218,0,0,314097218,15748014,13.68,1.98
407,2026-05-18 02:29:35,3,q41,0,4,4,141,115,102,102,4,4,0,0,0,7,13527,0,0,135268304,204000,1272987,0,0,140,2,2,0,9680,9680,0,0,9680,140,0.72,0.14
408,2026-05-18 02:29:36,3,q42,0,4,69,382,371,5154,4696,66,77,0,0,0,10,719354,0,0,361643416,27682256,175012340,0,0,32,3,3,0,2656,2656,0,0,2656,32,13.49,0.38
409,2026-05-18 02:29:38,3,q43,0,4,69,537,518,7225,6594,66,85,0,0,0,53,720945,0,0,223324760,27580358,92393362,0,0,294,14,14,0,37327,37327,0,0,37327,294,13.45,0.54
410,2026-05-18 02:29:39,3,q44,0,8,152,625,672,7655,6537,61,143,0,0,0,1907,1665021,0,0,2147935336,57703002,325654173,0,0,991985,1019,1019,0,15013054,15013054,0,0,7510252,496103,12.25,0.62
411,2026-05-18 02:29:41,3,q45,0,8,73,1165,1233,14670,12368,29,61,0,752,0,2037,5014279,0,0,5068807392,8227137,74049122,0,0,7447479,880,880,0,100357151,100357151,0,0,100357151,7447479,12.59,1.16
412,2026-05-18 02:29:43,3,q46,0,9,88,729,894,8215,7309,132,129,0,224,0,1086,3376534,0,0,1865078648,28337558,223735832,0,0,529456,69,69,0,17624191,17624191,0,0,17624191,529456,11.27,0.73
413,2026-05-18 02:29:45,3,q47,0,11,111,1440,2002,16094,14183,135,158,0,198,0,1336,2307790,0,0,6164710032,27682358,164292904,0,0,1188303,557,557,0,45099824,45099824,0,0,31097353,822201,11.18,1.44
414,2026-05-18 02:29:48,3,q48,0,8,91,1150,2044,16613,14691,33,76,0,288,0,2418,1686114,0,0,620257344,29751158,253754317,0,0,4383965,86,86,0,101320820,101320820,0,0,101320820,4383965,14.45,1.15
415,2026-05-18 02:29:50,3,q49,0,18,387,2270,9519,33121,28142,85,275,0,1104,0,8756,320280,0,0,4516096824,54145455,723228567,0,0,15195840,337,337,0,341356024,341356024,0,0,341356024,15195840,14.59,2.27
416,2026-05-18 02:29:53,3,q50,0,7,137,2553,6219,35795,32809,32,102,0,320,0,4967,373096,0,0,4687124776,30430658,175355068,0,0,29262054,1989,1989,0,613521501,613521501,0,0,613521501,29262054,14.02,2.55
417,2026-05-18 02:29:57,3,q51,0,10,218,2933,4327,41598,36840,211,273,0,800,0,4110,536157,0,0,10760036720,34780344,215300374,0,0,23550796,1826,1826,0,399477556,399477556,0,0,399477556,23550796,14.18,2.93
418,2026-05-18 02:30:01,3,q51a,0,14,285,20579,24277,269632,260443,315,391,0,2345,0,4746,567630,0,0,27699775816,34780344,215300374,0,0,46681572,2728,2728,0,770734582,770734582,0,0,558633027,35219606,13.1,20.58
419,2026-05-18 02:30:22,3,q52,0,4,69,406,396,5501,5051,63,76,0,0,0,44,719397,0,0,361643416,27682256,175143412,0,0,1253,3,3,0,78201,78201,0,0,78201,1253,13.55,0.41
420,2026-05-18 02:30:24,3,q53,0,6,71,591,575,7241,6573,63,84,0,0,0,535,905088,0,0,377079056,27682358,164829516,0,0,16165,15,15,0,408667,408667,0,0,408667,16165,12.25,0.59
421,2026-05-18 02:30:26,3,q54,0,17,221,1611,5683,20866,18145,152,227,0,675,0,2933,5014279,0,0,5714824408,50179724,254216284,0,0,27925422,310,310,0,266485912,266485912,0,0,266485912,27925422,12.95,1.61
422,2026-05-18 02:30:28,3,q55,0,4,69,347,339,4509,4147,39,73,0,0,0,30,718408,0,0,428752256,27682256,175143412,0,0,1135,3,3,0,68028,68028,0,0,68028,1135,12.99,0.35
423,2026-05-18 02:30:30,3,q56,0,9,186,1008,1982,13240,12215,163,214,0,0,0,109,1087941,0,0,2175177976,49562475,406474536,0,0,9560,8,8,0,277255,277255,0,0,277255,9560,13.13,1.01
424,2026-05-18 02:30:32,3,q57,0,11,116,1385,2090,17247,14145,148,167,0,540,0,1408,2307790,0,0,7200266704,14503204,110662841,0,0,1383219,710,710,0,54933681,54933681,0,0,38383959,962849,12.45,1.38
425,2026-05-18 02:30:34,3,q58,0,10,185,1029,2420,13019,11861,171,213,0,0,0,65,1076853,0,0,2551216384,49356573,346801998,0,0,135107,4,4,0,1828873,1828873,0,0,1828873,135107,12.65,1.03
426,2026-05-18 02:30:36,3,q59,0,10,75,903,951,7863,7016,69,85,0,23,0,1220,754364,0,0,4767648528,27726558,92696242,0,0,70176,134,134,0,2819225,2819225,0,0,1588690,53703,8.71,0.9
427,2026-05-18 02:30:38,3,q60,0,9,186,1454,2667,20054,18367,173,212,0,0,0,149,1088070,0,0,2730483240,49562475,406410552,0,0,62086,11,11,0,1172891,1172891,0,0,1172891,62086,13.79,1.45
428,2026-05-18 02:30:41,3,q61,0,10,140,1001,1645,13329,12750,10,80,0,0,0,17,5014279,0,0,4114268400,55940065,442550324,0,0,132,132,132,0,7536,7536,0,0,7536,132,13.32,1.0
429,2026-05-18 02:30:43,3,q62,0,6,55,398,386,5189,3785,52,71,0,688,0,462,826895,0,0,290368584,7273209,32942921,0,0,6738,17,17,0,552322,552322,0,0,552322,6738,13.04,0.4
430,2026-05-18 02:30:44,3,q63,0,6,71,475,461,5734,5154,68,87,0,0,0,233,905260,0,0,377013520,27682358,164831636,0,0,3687,15,15,0,139756,139756,0,0,139756,3687,12.07,0.48
431,2026-05-18 02:30:46,3,q64,0,33,489,9455,43490,142428,124711,560,698,0,2717,0,20228,1086691,0,0,42845976528,49224915,554753421,0,0,66198164,9180,9180,0,2330744062,2330744062,0,0,2093202009,55680264,15.06,9.46
432,2026-05-18 02:30:57,3,q65,0,10,188,1464,2661,21015,18525,208,238,0,304,0,2206,9164484,0,0,6973681856,55189565,331105822,0,0,12118897,561,561,0,395472051,395472051,0,0,395472051,12118897,14.35,1.46
433,2026-05-18 02:30:59,3,q66,0,8,119,962,1121,10493,7950,215,233,3,150,0,105,1024120,0,0,2539847856,21687698,256846431,0,0,270,27,27,0,99522,99522,0,0,99522,270,10.91,0.96
434,2026-05-18 02:31:02,3,q67,0,6,87,6290,6240,79364,76757,95,131,0,1072,0,1198,4630315,0,0,7731250296,27682358,196558995,0,0,8547444,255,255,0,588025508,588025508,0,0,588025508,8547444,12.62,6.29
435,2026-05-18 02:31:09,3,q67a,0,14,229,10106,35008,139700,130483,335,390,0,1487,0,5305,4630315,0,0,27839457704,27682358,196558995,0,0,53570770,2150,2150,0,3473889114,3473889114,0,0,795502802,12999562,13.82,10.11
436,2026-05-18 02:31:20,3,q68,0,9,88,807,976,9827,8368,120,128,0,208,0,880,3376534,0,0,1836459800,28337558,342924944,0,0,507674,58,58,0,16407935,16407935,0,0,16407935,507674,12.18,0.81
437,2026-05-18 02:31:22,3,q69,0,13,211,946,2388,10570,9173,38,135,0,0,0,594,467445,0,0,1686012184,51779275,120539042,0,0,3828287,67,67,0,62008200,62008200,0,0,62008200,3828287,11.17,0.95
438,2026-05-18 02:31:24,3,q70,0,9,139,885,831,10285,9502,146,188,0,0,0,77,1369128,0,0,1587645624,55087667,227527888,0,0,249,30,30,0,13762,13762,0,0,13762,249,11.62,0.88
439,2026-05-18 02:31:26,3,q70a,0,12,144,877,772,9330,7918,191,191,0,525,0,86,1365303,0,0,1119979840,55087667,227527888,0,0,276,59,59,0,17527,17527,0,0,9675,198,10.64,0.88
440,2026-05-18 02:31:28,3,q71,0,7,184,792,762,9945,8816,178,243,0,0,0,121,3341576,0,0,1362478064,49296875,359456002,0,0,31955,17,17,0,1445052,1445052,0,0,893499,20983,12.56,0.79
441,2026-05-18 02:31:30,3,q72,0,16,230,16765,27786,228796,221925,138,232,0,2296,0,9643,6577006,0,0,19933730552,151127670,707173824,0,0,142630673,5240,5240,0,2054109950,2054109950,0,0,2054109950,142630673,13.65,16.76
442,2026-05-18 02:31:48,3,q73,0,9,104,549,839,6005,5197,94,104,0,144,0,555,907625,0,0,395522080,28087558,87187312,0,0,1002732,67,67,0,33999056,33999056,0,0,17081291,502732,10.94,0.55
443,2026-05-18 02:31:49,3,q74,0,15,233,3655,13007,56604,49120,156,255,0,601,0,7468,1428954,0,0,22921014288,35353393,187654900,0,0,71557457,4867,4867,0,760549308,760549308,0,0,388587442,36002167,15.49,3.66
444,2026-05-18 02:31:54,3,q75,0,19,578,3705,13112,56328,45888,150,431,0,1128,0,11045,574683,0,0,12471749904,103356738,960216234,0,0,14156496,2600,2600,0,343447712,343447712,0,0,230989374,9118708,15.2,3.7
445,2026-05-18 02:31:59,3,q76,0,4,181,801,775,10703,9670,187,239,0,0,0,671,2886724,0,0,13801848136,49141969,393296636,0,0,2307,178,178,0,246571,246571,0,0,246571,2307,13.36,0.8
446,2026-05-18 02:32:01,3,q77,0,14,338,1029,4493,13756,11391,195,315,0,464,0,72,719999,0,0,1386293464,54013669,520712344,0,0,838,63,63,0,62565,62565,0,0,62565,838,13.37,1.03
447,2026-05-18 02:32:03,3,q77a,0,17,343,1053,3892,11892,9425,214,327,0,496,0,83,719225,0,0,1992370176,54013669,520712344,0,0,1313,74,74,0,119317,119317,0,0,77821,983,11.29,1.05
448,2026-05-18 02:32:05,3,q78,0,12,382,6777,20319,100803,91055,198,339,0,1508,0,11156,7360137,0,0,23440107088,54219312,629070584,0,0,54207585,4641,4641,0,1581114373,1581114373,0,0,1581114373,54207585,14.87,6.78
449,2026-05-18 02:32:13,3,q79,0,8,86,661,849,7876,6665,105,115,0,192,0,1132,2321400,0,0,3200173264,28087558,221286712,0,0,581366,141,141,0,16856485,16856485,0,0,16856485,581366,11.92,0.66
450,2026-05-18 02:32:15,3,q80,0,17,389,7041,31965,108044,98856,103,295,0,1792,0,13713,396406,0,0,14185165104,54260907,753816612,0,0,53052375,5630,5630,0,1574167848,1574167848,0,0,1574167848,53052375,15.34,7.04
451,2026-05-18 02:32:23,3,q80a,0,20,394,6718,29223,100782,93373,117,319,0,1504,0,13236,396363,0,0,14657024136,54260907,753816612,0,0,53053332,5641,5641,0,1574283460,1574283460,0,0,1574180710,53052306,15.0,6.72
452,2026-05-18 02:32:31,3,q81,0,13,134,735,1682,6701,5464,209,186,3,64,0,755,1994073,0,0,5102319032,4202813,120332210,0,0,1321902,145,145,0,36835998,36835998,0,0,36835998,1321902,9.12,0.74
453,2026-05-18 02:32:33,3,q82,0,6,137,1308,2283,16967,15286,31,96,0,320,0,2171,324476,0,0,1721378256,162085550,618697681,0,0,13778665,1171,1171,0,135990185,135990185,0,0,135990185,28800829,12.97,1.31
454,2026-05-18 02:32:36,3,q83,0,10,157,465,915,4299,3378,141,176,0,0,0,234,821816,0,0,2454086016,5226039,97536411,0,0,43611,11,11,0,713915,713915,0,0,713915,43611,9.25,0.46
455,2026-05-18 02:32:37,3,q84,0,9,73,808,1569,5017,3682,29,51,0,512,0,1678,9713760,0,0,100948512,5555652,27854895,0,0,2778987,65,65,0,15445745,15445745,0,0,15445745,2778987,6.21,0.81
456,2026-05-18 02:32:39,3,q85,0,14,146,1131,4975,15063,11945,83,126,0,528,0,4407,1611538,0,0,3522586704,12085256,163938312,0,0,3025215,1744,1744,0,68690797,68690797,0,0,68690797,3025215,13.32,1.13
457,2026-05-18 02:32:41,3,q86,0,5,54,460,425,5258,4661,52,61,0,0,0,96,1858292,0,0,1398655400,7375137,65640862,0,0,1915,12,12,0,135930,135930,0,0,135930,1915,11.43,0.46
458,2026-05-18 02:32:43,3,q86a,0,8,59,416,356,3209,2745,53,66,0,33,0,135,1858292,0,0,1937622872,7375137,65640862,0,0,5122,39,39,0,389397,389397,0,0,143801,1930,7.71,0.42
459,2026-05-18 02:32:44,3,q87,0,13,266,1980,5429,28580,23236,95,208,0,160,0,4129,2992804,0,0,14880596040,49608475,112842050,0,0,12908807,1346,1346,0,99167332,99167332,0,0,72992444,11908807,14.43,1.98
460,2026-05-18 02:32:47,3,q88,0,26,554,1773,11844,25728,23751,14,300,0,128,0,87,335477,0,0,1725092416,231102510,472553640,0,0,536,536,536,0,31619,31619,0,0,31619,536,14.51,1.77
461,2026-05-18 02:32:50,3,q89,0,6,71,600,580,6793,5789,72,87,0,0,0,398,905303,0,0,1316733360,27682358,164563240,0,0,16454,15,15,0,1056131,1056131,0,0,1056131,16454,11.32,0.6
462,2026-05-18 02:32:52,3,q90,0,8,106,239,320,2957,2469,3,55,0,0,0,12,249736,0,0,323739200,14580376,66265216,0,0,100,100,100,0,5900,5900,0,0,5900,100,12.37,0.24
463,2026-05-18 02:32:53,3,q91,0,11,62,336,397,1755,1489,56,80,0,0,0,42,9527061,0,0,2986896344,4190955,59315149,0,0,109809,8,8,0,1094555,1094555,0,0,1091937,109792,5.22,0.34
464,2026-05-18 02:32:55,3,q92,0,7,105,459,773,5476,4291,63,82,0,216,0,502,709229,0,0,191374440,14575225,130635526,0,0,94062,53,53,0,1376229,1376229,0,0,1376229,94062,11.93,0.46
465,2026-05-18 02:32:56,3,q93,0,5,136,4013,6161,54595,51371,28,98,0,560,0,5569,321498,0,0,5766380072,31678178,236541444,0,0,31635854,2006,2006,0,788241663,788241663,0,0,788241663,31635854,13.6,4.01
466,2026-05-18 02:33:01,3,q94,0,8,171,1506,4827,21324,18324,50,115,0,304,0,3858,4007810,0,0,3571011840,15443541,143939774,0,0,14397040,1717,1717,0,225790004,225790004,0,0,225790004,14397040,14.16,1.51
467,2026-05-18 02:33:04,3,q95,0,8,171,3752,6335,50768,38977,58,124,0,1226,0,3836,4010610,0,0,14560086280,15443541,143677630,0,0,35990240,4267,4267,0,331280816,331280816,0,0,205215617,14395274,13.53,3.75
468,2026-05-18 02:33:09,3,q96,0,5,71,206,202,2546,2414,8,39,0,0,0,8,334789,0,0,213972808,28894203,59125646,0,0,67,67,67,0,3950,3950,0,0,3950,67,12.36,0.21
469,2026-05-18 02:33:10,3,q97,0,5,147,1714,2209,23775,21434,93,156,2,144,0,1074,536759,0,0,7340928768,41908387,183291428,0,0,8381430,493,493,0,96998577,96998577,0,0,96998577,8381430,13.87,1.71
470,2026-05-18 02:33:13,3,q98,0,7,75,692,611,4683,3816,76,87,5,256,0,78,3269297,0,0,1300366872,27682256,178371000,0,0,71672,14,14,0,9066327,9066327,0,0,7253935,56508,6.77,0.69
471,2026-05-18 02:33:14,3,q99,0,6,67,520,505,6293,5514,64,84,0,0,0,503,1024292,0,0,343879080,14473528,74473752,0,0,13834,20,20,0,1092296,1092296,0,0,1092296,13834,12.1,0.52
472,2026-05-18 02:33:16,4,q1,0,12,134,676,1134,6932,5472,97,130,0,183,0,1044,406418,0,0,3493632216,6127653,108568026,0,0,2172339,220,220,0,31541287,31541287,0,0,31541287,2172339,10.25,0.68
473,2026-05-18 02:33:18,4,q2,0,9,120,634,580,7068,6457,117,146,0,0,0,325,1203492,0,0,839171944,21747366,110395806,0,0,4756,338,338,0,200702,200702,0,0,76764,3504,11.15,0.63
474,2026-05-18 02:33:19,4,q3,0,4,69,373,359,4819,4512,62,77,0,0,0,105,720945,0,0,240926696,27682256,175143304,0,0,1010,15,15,0,88613,88613,0,0,88613,1010,12.92,0.37
475,2026-05-18 02:33:21,4,q4,0,22,389,7858,39900,122218,104661,340,474,0,2224,0,15284,1682654,0,0,39674206800,49681524,683359278,0,0,102286012,8739,8739,0,2539550644,2539550644,0,0,1275015000,51438627,15.55,7.86
476,2026-05-18 02:33:30,4,q5,0,11,403,2274,5363,33552,28097,357,463,0,572,0,3897,1555431,0,0,3754844192,61225599,592403004,0,0,7889656,1728,1728,0,114764218,114764218,0,0,114764218,7889656,14.75,2.27
477,2026-05-18 02:33:33,4,q5a,0,14,408,2461,6095,33653,27508,329,482,0,352,0,5548,1555775,0,0,4293812064,61225599,592403004,0,0,7891635,1738,1738,0,114931337,114931337,0,0,114798107,7889811,13.67,2.46
478,2026-05-18 02:33:37,4,q6,0,11,92,1596,3275,20345,19026,56,80,0,112,0,2444,5014279,0,0,4851667944,28607305,108733860,0,0,27358702,1158,1158,0,237127054,237127054,0,0,237127054,27358702,12.75,1.6
479,2026-05-18 02:33:40,4,q7,0,9,93,1845,6683,25612,22879,32,76,0,592,0,4229,783559,0,0,838432440,29603556,356553463,0,0,26629749,85,85,0,767598824,767598824,0,0,767598824,26629749,13.88,1.84
480,2026-05-18 02:33:43,4,q8,0,10,75,668,601,6121,4556,88,111,0,0,0,22,1650915,0,0,4865332224,28580358,117278168,0,0,6668,6,6,0,79456,79456,0,0,79456,6668,9.16,0.67
481,2026-05-18 02:33:44,4,q9,0,31,1021,1405,20529,19790,17480,34,563,0,597,0,242,321125,0,0,0,432007560,1172940160,0,0,1005,1005,1005,0,63138,63138,0,0,63138,1005,14.09,1.4
482,2026-05-18 02:33:47,4,q10,0,13,211,1022,2544,12167,11153,36,135,2,0,0,457,594763,0,0,1683225704,51779275,120735650,0,0,4321867,84,84,0,66317919,66317919,0,0,66317919,4321867,11.91,1.02
483,2026-05-18 02:33:49,4,q10a,0,10,210,551,1373,5873,5375,33,146,0,0,0,353,821036,0,0,2194445312,51779275,120735650,0,0,4289247,138,138,0,66290269,66290269,0,0,66290269,4289247,10.66,0.55
484,2026-05-18 02:33:50,4,q11,0,17,258,3986,13290,61468,53803,224,296,0,993,0,8782,1373324,0,0,26856842912,35353393,267813392,0,0,71770406,5474,5474,0,1049683414,1049683414,0,0,536131307,36215116,15.42,3.99
485,2026-05-18 02:33:56,4,q12,0,5,55,449,415,4478,3880,40,60,0,0,0,42,3269297,0,0,862371576,7375137,69292534,0,0,26498,6,6,0,3416917,3416917,0,0,3416917,26498,9.97,0.45
486,2026-05-18 02:33:57,4,q13,0,9,76,1045,1980,14376,12982,21,55,0,224,0,437,1611538,0,0,573747424,29758358,442127593,0,0,193014,17,17,0,2753258,2753258,0,0,2753258,193014,13.76,1.04
487,2026-05-18 02:33:59,4,q14a,0,30,641,6773,15141,81568,69803,425,709,23,1782,0,13186,1777315,0,0,12052039384,147733425,817696760,0,0,62683055,1638,1638,0,832554372,832554372,0,0,829543316,62596531,12.04,6.77
488,2026-05-18 02:34:09,4,q14b,0,24,503,6061,14323,85332,53601,375,576,0,23649,0,6659,1780970,0,0,10234366640,126351304,625377074,0,0,68475639,1565,1565,0,934830449,934830449,0,0,491078678,40968432,14.08,6.06
489,2026-05-18 02:34:16,4,q14,0,24,499,3777,9846,48794,37852,499,638,5,2035,0,8290,1780067,0,0,8268647616,126351304,625377074,0,0,68314948,1371,1371,0,925505459,925505459,0,0,481753688,40807741,12.92,3.78
490,2026-05-18 02:34:21,4,q15,0,6,83,1748,1718,22590,18765,50,77,0,192,0,1784,5014279,0,0,5245524392,15151180,83588960,0,0,14544315,1088,1088,0,126141563,126141563,0,0,126141563,14544315,12.92,1.75
491,2026-05-18 02:34:24,4,q16,0,8,195,2773,7728,39947,29941,60,151,2,1450,0,8673,424422,0,0,4703921456,30563805,216701841,0,0,30114572,2975,2975,0,425546236,425546236,0,0,425546236,30114572,14.41,2.77
492,2026-05-18 02:34:28,4,q17,0,10,217,5112,12146,71371,58362,75,180,0,1160,3,9583,6946012,0,0,7880912176,44860789,306329872,0,0,45538041,3319,3319,0,1083953570,1083953570,0,0,1083953570,45538041,13.96,5.11
493,2026-05-18 02:34:34,4,q18,0,12,96,1791,6218,20942,16763,79,97,0,764,0,3265,9713803,0,0,3065959144,19094780,276393850,0,0,14505220,98,98,0,425374885,425374885,0,0,425374885,14505220,11.69,1.79
494,2026-05-18 02:34:37,4,q18a,0,21,170,2668,12484,32720,27581,149,196,0,416,0,3508,9713889,0,0,13017939008,19946780,279627504,0,0,71657644,357,357,0,2102947115,2102947115,0,0,426335063,14562060,12.26,2.67
495,2026-05-18 02:34:41,4,q19,0,7,72,761,711,6915,5354,74,92,0,0,0,37,5014279,0,0,3108604640,28432358,208799922,0,0,2718,3,3,0,190396,190396,0,0,190396,2718,9.09,0.76
496,2026-05-18 02:34:43,4,q20,0,5,67,709,668,8036,6817,61,74,1,0,0,41,3269297,0,0,988820632,14503180,110733060,0,0,36807,6,6,0,4663129,4663129,0,0,4663129,36807,11.33,0.71
497,2026-05-18 02:34:45,4,q21,0,5,54,899,890,12428,11770,51,64,0,0,0,45,684715,0,0,385904296,133285059,523170535,0,0,63700,2,2,0,1093197,1093197,0,0,1093197,63700,13.82,0.9
498,2026-05-18 02:34:47,4,q22,0,6,71,20310,20270,160446,157308,121,108,0,1630,0,217,4630315,0,0,2847197272,133285059,523150926,0,0,2038920,187,187,0,85798101,85798101,0,0,85798101,2038920,7.9,20.31
499,2026-05-18 02:35:08,4,q22a,0,10,135,2084,2968,23709,19264,180,201,0,480,0,3393,4630315,0,0,11914496448,133285059,523156014,0,0,2703130,857,857,0,135114839,135114839,0,0,33171531,664170,11.38,2.08
500,2026-05-18 02:35:11,4,q23a,0,18,403,6621,13087,98081,86510,394,487,1,2220,3,10226,6577006,0,0,22085629712,106164281,576934608,0,0,43094559,2877,2877,0,1053109860,1053109860,0,0,1008527567,40441747,14.81,6.62
501,2026-05-18 02:35:19,4,q23b,0,21,423,6931,15270,103043,89084,446,530,1,2046,0,11778,6577006,0,0,34872161472,106664281,579986654,0,0,49362664,6636,6636,0,1167746200,1167746200,0,0,1020911877,40904228,14.87,6.93
502,2026-05-18 02:35:27,4,q24,0,12,160,2963,8912,40560,34570,51,105,11,660,0,6632,463487,0,0,4795803152,32530235,250385654,0,0,30468590,2041,2041,0,736174632,736174632,0,0,736174632,30468590,13.69,2.96
503,2026-05-18 02:35:31,4,q24a,0,19,213,4552,9981,55512,49290,115,188,4,1480,0,7304,3560798,0,0,14728425696,32632235,249079712,0,0,61448141,4647,4647,0,1495214546,1495214546,0,0,765303292,30991090,12.2,4.55
504,2026-05-18 02:35:37,4,q24b,0,19,213,4174,9301,51660,47092,131,194,4,1317,0,6006,3560798,0,0,14722420960,32632235,249079712,0,0,61437701,4647,4647,0,1493987363,1493987363,0,0,764076109,30980650,12.38,4.17
505,2026-05-18 02:35:42,4,q25,0,10,217,4826,11791,65992,60631,59,160,1,1585,0,8439,6945926,0,0,7880887560,44860789,397738628,0,0,45538038,3316,3316,0,1103935384,1103935384,0,0,1103935384,45538038,13.67,4.83
506,2026-05-18 02:35:48,4,q26,0,8,87,1284,4185,17236,14834,32,72,0,800,0,2753,783602,0,0,568948504,16424480,222520799,0,0,14338674,72,72,0,390664156,390664156,0,0,390664156,14338674,13.42,1.28
507,2026-05-18 02:35:50,4,q27,0,8,91,1879,6716,26116,21128,31,71,0,1776,0,3713,783559,0,0,637313664,29603158,330984235,0,0,26618343,74,74,0,683120336,683120336,0,0,683120336,26618343,13.9,1.88
508,2026-05-18 02:35:53,4,q27a,0,13,130,2208,9478,32368,28933,57,108,0,1024,0,4252,783559,0,0,1361438760,29705260,331293045,0,0,79689890,233,233,0,2045386751,2045386751,0,0,683384333,26621186,14.66,2.21
509,2026-05-18 02:35:57,4,q28,0,18,431,2475,14164,37489,28714,326,469,0,1738,0,13498,360862,0,0,27424709080,172803006,1181120100,0,0,1375311,1564,1564,0,24467873,24467873,0,0,24467873,1375311,15.15,2.48
510,2026-05-18 02:36:00,4,q29,0,11,218,4878,12114,65322,58541,114,165,0,976,0,8121,6945926,0,0,7880995000,44933838,306809624,0,0,45538045,3321,3321,0,1083954345,1083954345,0,0,1083954345,45538045,13.39,4.88
511,2026-05-18 02:36:06,4,q30,0,12,128,697,1462,4966,3823,165,172,1,298,0,778,1994073,0,0,3968087040,2698567,84728162,0,0,758073,76,76,0,60290235,60290235,0,0,60290235,758073,7.12,0.7
512,2026-05-18 02:36:08,4,q31,0,19,361,2114,10233,29597,25176,277,369,0,448,0,374,3834069,0,0,8267955576,104591032,556455694,0,0,35774,23,23,0,1274891,1274891,0,0,1208352,34875,14.0,2.11
513,2026-05-18 02:36:11,4,q32,0,7,129,708,1261,9371,8329,44,99,5,308,0,330,708064,0,0,219553416,28831311,213647650,0,0,135308,67,67,0,1892436,1892436,0,0,1892436,135308,13.24,0.71
514,2026-05-18 02:36:13,4,q33,0,9,186,849,1499,10649,9741,176,218,0,0,0,105,1088027,0,0,2700416024,49562475,406209848,0,0,7609,8,8,0,210206,210206,0,0,210206,7609,12.54,0.85
515,2026-05-18 02:36:15,4,q34,0,9,104,683,1011,8796,7666,104,110,0,0,0,1159,908055,0,0,397086752,28087558,87187312,0,0,1010675,85,85,0,34409535,34409535,0,0,17491770,510675,12.88,0.68
516,2026-05-18 02:36:17,4,q35,0,12,216,1426,2870,17158,14507,56,152,0,584,0,1369,2112212,0,0,5209334768,51779275,120469410,0,0,8052611,351,351,0,39149825,39149825,0,0,39149825,8052611,12.03,1.43
517,2026-05-18 02:36:19,4,q35a,0,11,216,1020,2108,10676,9397,51,161,0,0,0,1387,2112212,0,0,4420805904,51779275,120469410,0,0,8049848,363,363,0,39176588,39176588,0,0,39176588,8049848,10.47,1.02
518,2026-05-18 02:36:21,4,q36,0,6,71,897,863,11947,10499,68,87,11,362,0,142,1858292,0,0,1770423992,27682358,272625812,0,0,2238,14,14,0,177240,177240,0,0,177240,2238,13.32,0.9
519,2026-05-18 02:36:23,4,q36a,0,9,76,711,646,7717,6974,73,89,0,0,0,286,1858292,0,0,2309391864,27682358,272625812,0,0,6097,45,45,0,506805,506805,0,0,183763,2255,10.85,0.71
520,2026-05-18 02:36:25,4,q37,0,6,132,1291,2159,17241,13624,27,94,0,1102,0,2789,300916,0,0,949600864,147685474,583391793,0,0,4316414,1074,1074,0,66666749,66666749,0,0,66666749,14400617,13.35,1.29
521,2026-05-18 02:36:27,4,q38,0,13,266,2195,5959,32204,25786,125,217,0,320,0,4114,2992804,0,0,14880596040,49608475,112842050,0,0,12908807,1346,1346,0,99167332,99167332,0,0,72992444,11908807,14.67,2.19
522,2026-05-18 02:36:31,4,q39a,0,11,149,2135,3635,26664,23864,895,234,0,1408,0,687,801878,0,0,4135752968,266468108,1044999740,0,0,2587909,102,102,0,54248007,54248007,0,0,33889570,1567909,12.49,2.13
523,2026-05-18 02:36:34,4,q39b,0,11,149,1447,2658,17850,16278,200,238,0,1230,0,199,685317,0,0,4037186824,266468108,1044999740,0,0,2551488,102,102,0,53122748,53122748,0,0,32764311,1531488,12.34,1.45
524,2026-05-18 02:36:36,4,q40,0,7,133,1858,4127,26389,21662,32,100,0,944,0,4332,348899,0,0,4141621464,15943072,160910918,0,0,15748014,1921,1921,0,314097218,314097218,0,0,314097218,15748014,14.2,1.86
525,2026-05-18 02:36:39,4,q41,0,4,4,142,115,101,101,4,4,0,0,0,7,13527,0,0,135268304,204000,1272987,0,0,140,2,2,0,9680,9680,0,0,9680,140,0.71,0.14
526,2026-05-18 02:36:40,4,q42,0,4,69,426,415,5838,5254,108,76,10,185,0,10,720601,0,0,361643416,27682256,175012340,0,0,32,3,3,0,2656,2656,0,0,2656,32,13.7,0.43
527,2026-05-18 02:36:42,4,q43,0,4,69,453,432,5893,5313,67,86,0,0,0,52,720945,0,0,223324760,27580358,92393362,0,0,294,14,14,0,37327,37327,0,0,37327,294,13.01,0.45
528,2026-05-18 02:36:43,4,q44,0,8,152,645,686,7879,6468,77,145,0,288,0,1910,1665021,0,0,2147935336,57703002,325654173,0,0,991985,1019,1019,0,15013054,15013054,0,0,7510252,496103,12.22,0.64
529,2026-05-18 02:36:45,4,q45,0,8,73,1307,1364,16624,15096,23,59,0,0,0,1817,5014279,0,0,5068807392,8227137,74049122,0,0,7447479,880,880,0,100357151,100357151,0,0,100357151,7447479,12.72,1.31
530,2026-05-18 02:36:48,4,q46,0,9,88,837,1008,9902,8772,114,130,0,112,0,1131,3376534,0,0,1865078648,28337558,223735832,0,0,529456,69,69,0,17624191,17624191,0,0,17624191,529456,11.83,0.84
531,2026-05-18 02:36:49,4,q47,0,11,111,1538,2268,17568,15358,130,153,0,308,0,1375,2307790,0,0,6164710032,27682358,164292904,0,0,1188303,557,557,0,45099824,45099824,0,0,31097353,822201,11.42,1.54
532,2026-05-18 02:36:52,4,q48,0,8,91,1237,2210,18214,14877,72,80,23,1232,0,2111,1686114,0,0,620257344,29751158,253754317,0,0,4383965,86,86,0,101320820,101320820,0,0,101320820,4383965,14.72,1.24
533,2026-05-18 02:36:54,4,q49,0,18,387,2340,9590,34072,28562,101,272,0,1120,0,9114,320237,0,0,4516096824,54145455,723228567,0,0,15195840,337,337,0,341356024,341356024,0,0,341356024,15195840,14.56,2.34
534,2026-05-18 02:36:58,4,q50,0,7,137,2783,6088,39524,35015,31,104,1,640,0,4474,373053,0,0,4687124776,30430658,175355068,0,0,29262054,1989,1989,0,613521501,613521501,0,0,613521501,29262054,14.2,2.78
535,2026-05-18 02:37:02,4,q51,0,10,218,2990,4516,42455,35611,205,272,0,1624,0,4673,537103,0,0,10760036720,34780344,215300374,0,0,23550796,1826,1826,0,399477556,399477556,0,0,399477556,23550796,14.2,2.99
536,2026-05-18 02:37:06,4,q51a,0,14,285,20709,24569,276134,247404,301,396,0,4333,0,5477,567630,0,0,27699775816,34780344,215300374,0,0,46681572,2728,2728,0,770734582,770734582,0,0,558633027,35219606,13.33,20.71
537,2026-05-18 02:37:28,4,q52,0,4,69,431,415,5781,4393,81,78,0,0,0,45,719397,0,0,361643416,27682256,175143412,0,0,1253,3,3,0,78201,78201,0,0,78201,1253,13.41,0.43
538,2026-05-18 02:37:29,4,q53,0,6,71,630,613,7919,7268,69,87,0,0,0,485,905131,0,0,377079056,27682358,164829516,0,0,16165,15,15,0,408667,408667,0,0,408667,16165,12.57,0.63
539,2026-05-18 02:37:31,4,q54,0,17,221,1836,6309,24337,21392,147,222,0,1088,0,2955,5014279,0,0,5714824408,50179724,254216284,0,0,27925422,310,310,0,266485912,266485912,0,0,266485912,27925422,13.26,1.84
540,2026-05-18 02:37:34,4,q55,0,4,69,339,331,4226,3895,44,71,0,0,0,31,718451,0,0,428752256,27682256,175143412,0,0,1135,3,3,0,68028,68028,0,0,68028,1135,12.47,0.34
541,2026-05-18 02:37:35,4,q56,0,9,186,807,1588,9691,8264,187,213,0,448,0,115,1088027,0,0,2175177976,49562475,406474536,0,0,9560,8,8,0,277255,277255,0,0,277255,9560,12.01,0.81
542,2026-05-18 02:37:37,4,q57,0,11,116,1430,2238,18102,15029,153,167,0,150,0,1702,2307790,0,0,7200266704,14503204,110662841,0,0,1383219,710,710,0,54933681,54933681,0,0,38383959,962849,12.66,1.43
543,2026-05-18 02:37:40,4,q58,0,10,185,1204,2729,15552,14164,171,205,17,170,0,84,1076681,0,0,2551216384,49356573,346801998,0,0,135107,4,4,0,1828873,1828873,0,0,1828873,135107,12.92,1.2
544,2026-05-18 02:37:42,4,q59,0,10,75,862,913,7742,6791,62,82,0,126,0,1243,754364,0,0,4767648528,27726558,92696242,0,0,70176,134,134,0,2819225,2819225,0,0,1588690,53703,8.98,0.86
545,2026-05-18 02:37:44,4,q60,0,9,186,1201,2145,16010,14308,176,219,0,315,0,172,1087984,0,0,2730483240,49562475,406410552,0,0,62086,11,11,0,1172891,1172891,0,0,1172891,62086,13.33,1.2
546,2026-05-18 02:37:46,4,q61,0,10,140,932,1391,12301,11617,6,79,0,0,0,25,5014279,0,0,4114268400,55940065,442550324,0,0,132,132,132,0,7536,7536,0,0,7536,132,13.2,0.93
547,2026-05-18 02:37:48,4,q62,0,6,55,380,365,4854,3668,84,71,0,480,0,601,826981,0,0,290368584,7273209,32942921,0,0,6738,17,17,0,552322,552322,0,0,552322,6738,12.77,0.38
548,2026-05-18 02:37:50,4,q63,0,6,71,582,569,7394,6844,67,85,0,0,0,265,905131,0,0,377013520,27682358,164831636,0,0,3687,15,15,0,139756,139756,0,0,139756,3687,12.7,0.58
549,2026-05-18 02:37:51,4,q64,0,33,489,9549,44816,144461,126345,544,692,0,3075,0,19486,1087121,0,0,42845976528,49224915,554753421,0,0,66198164,9180,9180,0,2330744062,2330744062,0,0,2093202009,55680264,15.13,9.55
550,2026-05-18 02:38:02,4,q65,0,10,188,1573,2877,22675,18419,221,246,1,592,0,2453,9164527,0,0,6973681856,55189565,331105822,0,0,12118897,561,561,0,395472051,395472051,0,0,395472051,12118897,14.42,1.57
551,2026-05-18 02:38:05,4,q66,0,8,119,1167,1580,13735,11185,225,232,0,192,0,96,1024378,0,0,2539847856,21687698,256846431,0,0,270,27,27,0,99522,99522,0,0,99522,270,11.77,1.17
552,2026-05-18 02:38:07,4,q67,0,6,87,6212,6159,79394,75750,93,131,0,1692,0,1253,4630315,0,0,7731250296,27682358,196558995,0,0,8547444,255,255,0,588025508,588025508,0,0,588025508,8547444,12.78,6.21
553,2026-05-18 02:38:14,4,q67a,0,14,229,10292,35579,141106,130364,355,397,0,2479,0,5507,4630315,0,0,27839457704,27682358,196558995,0,0,53570770,2150,2150,0,3473889114,3473889114,0,0,795502802,12999562,13.71,10.29
554,2026-05-18 02:38:26,4,q68,0,9,88,864,1068,10804,9957,113,128,0,0,0,542,3376534,0,0,1836459800,28337558,342924944,0,0,507674,58,58,0,16407935,16407935,0,0,16407935,507674,12.5,0.86
555,2026-05-18 02:38:28,4,q69,0,13,211,1263,3197,15426,13177,48,135,0,0,0,578,467445,0,0,1686012184,51779275,120539042,0,0,3828287,67,67,0,62008200,62008200,0,0,62008200,3828287,12.21,1.26
556,2026-05-18 02:38:30,4,q70,0,9,139,1126,1066,14090,13003,141,186,0,125,0,77,1369816,0,0,1587645624,55087667,227527888,0,0,249,30,30,0,13762,13762,0,0,13762,249,12.51,1.13
557,2026-05-18 02:38:32,4,q70a,0,12,144,913,796,10069,8881,146,191,0,272,0,71,1365991,0,0,1119979840,55087667,227527888,0,0,276,59,59,0,17527,17527,0,0,9675,198,11.03,0.91
558,2026-05-18 02:38:35,4,q71,0,7,184,936,907,12231,11190,180,248,0,0,0,127,3341705,0,0,1362478064,49296875,359456002,0,0,31955,17,17,0,1445052,1445052,0,0,893499,20983,13.07,0.94
559,2026-05-18 02:38:37,4,q72,0,16,230,17488,29611,240517,228321,175,235,1,3645,0,9140,6577006,0,0,19933730552,151127670,707173824,0,0,142630673,5240,5240,0,2054109950,2054109950,0,0,2054109950,142630673,13.75,17.49
560,2026-05-18 02:38:55,4,q73,0,9,104,500,826,6126,4547,83,103,0,9,0,517,906894,0,0,395522080,28087558,87187312,0,0,1002732,67,67,0,33999056,33999056,0,0,17081291,502732,12.25,0.5
561,2026-05-18 02:38:57,4,q74,0,15,233,4753,16521,74086,61749,178,250,5,2128,0,8014,1428954,0,0,22921014288,35353393,187654900,0,0,71557457,4867,4867,0,760549308,760549308,0,0,388587442,36002167,15.59,4.75
562,2026-05-18 02:39:03,4,q75,0,19,578,4206,15867,64413,51720,121,428,2,1326,0,12718,574640,0,0,12471749904,103356738,960216234,0,0,14156496,2600,2600,0,343447712,343447712,0,0,230989374,9118708,15.31,4.21
563,2026-05-18 02:39:08,4,q76,0,4,181,1073,1018,14537,12368,206,249,0,0,0,851,2886853,0,0,13801848136,49141969,393296636,0,0,2307,178,178,0,246571,246571,0,0,246571,2307,13.55,1.07
564,2026-05-18 02:39:10,4,q77,0,14,338,1133,4872,15316,13646,188,317,0,80,0,77,719913,0,0,1386293464,54013669,520712344,0,0,838,63,63,0,62565,62565,0,0,62565,838,13.52,1.13
565,2026-05-18 02:39:12,4,q77a,0,17,343,1283,4840,14861,13298,229,320,0,66,0,80,719182,0,0,1992370176,54013669,520712344,0,0,1313,74,74,0,119317,119317,0,0,77821,983,11.58,1.28
566,2026-05-18 02:39:15,4,q78,0,12,382,6939,20448,102568,90432,234,339,0,1776,0,11584,7360137,0,0,23440107088,54219312,629070584,0,0,54207585,4641,4641,0,1581114373,1581114373,0,0,1581114373,54207585,14.78,6.94
567,2026-05-18 02:39:23,4,q79,0,8,86,772,948,9491,8137,102,115,0,120,0,1347,2321400,0,0,3200173264,28087558,221286712,0,0,581366,141,141,0,16856485,16856485,0,0,16856485,581366,12.29,0.77
568,2026-05-18 02:39:25,4,q80,0,17,389,7474,32380,114793,103978,89,297,0,2279,0,13710,396320,0,0,14185165104,54260907,753816612,0,0,53052375,5630,5630,0,1574167848,1574167848,0,0,1574167848,53052375,15.36,7.47
569,2026-05-18 02:39:33,4,q80a,0,20,394,7330,32421,112029,98567,131,319,0,2640,0,15219,396406,0,0,14657024136,54260907,753816612,0,0,53053332,5641,5641,0,1574283460,1574283460,0,0,1574180710,53052306,15.28,7.33
570,2026-05-18 02:39:42,4,q81,0,15,136,791,1604,7179,5292,206,184,0,293,0,890,1994073,0,0,4757671472,4202813,120332210,0,0,1389733,132,132,0,37657316,37657316,0,0,37657316,1389733,9.08,0.79
571,2026-05-18 02:39:44,4,q82,0,6,137,1413,2477,18158,16486,33,97,4,396,0,2223,325336,0,0,1721378256,162085550,618697681,0,0,13778665,1171,1171,0,135990185,135990185,0,0,135990185,28800829,12.85,1.41
572,2026-05-18 02:39:47,4,q83,0,10,157,662,1427,7129,5838,150,174,0,448,0,269,822246,0,0,2454086016,5226039,97536411,0,0,43611,11,11,0,713915,713915,0,0,713915,43611,10.77,0.66
573,2026-05-18 02:39:48,4,q84,0,9,73,749,1371,5219,4660,29,52,0,0,0,1531,9713760,0,0,100948512,5555652,27854895,0,0,2778987,65,65,0,15445745,15445745,0,0,15445745,2778987,6.97,0.75
574,2026-05-18 02:39:50,4,q85,0,14,146,1146,5086,15301,11532,83,126,0,989,0,4428,1611538,0,0,3522586704,12085256,163938312,0,0,3025215,1744,1744,0,68690797,68690797,0,0,68690797,3025215,13.35,1.15
575,2026-05-18 02:39:52,4,q86,0,5,54,459,421,5298,4881,50,62,0,0,0,105,1858292,0,0,1398655400,7375137,65640862,0,0,1915,12,12,0,135930,135930,0,0,135930,1915,11.54,0.46
576,2026-05-18 02:39:54,4,q86a,0,8,59,532,456,5116,4610,42,59,0,0,0,115,1858292,0,0,1937622872,7375137,65640862,0,0,5122,39,39,0,389397,389397,0,0,143801,1930,9.62,0.53
577,2026-05-18 02:39:55,4,q87,0,13,266,2353,6341,34442,27418,108,213,0,304,0,3488,2992804,0,0,14880596040,49608475,112842050,0,0,12908807,1346,1346,0,99167332,99167332,0,0,72992444,11908807,14.64,2.35
578,2026-05-18 02:39:59,4,q88,0,26,554,1694,11488,24760,23022,14,299,0,230,0,69,334789,0,0,1725092416,231102510,472553640,0,0,536,536,536,0,31619,31619,0,0,31619,536,14.62,1.69
579,2026-05-18 02:40:02,4,q89,0,6,71,704,684,8729,7633,72,86,0,0,0,583,905260,0,0,1316733360,27682358,164563240,0,0,16454,15,15,0,1056131,1056131,0,0,1056131,16454,12.4,0.7
580,2026-05-18 02:40:04,4,q90,0,8,106,593,882,8494,7094,8,57,0,0,0,12,249951,0,0,323739200,14580376,66265216,0,0,100,100,100,0,5900,5900,0,0,5900,100,14.32,0.59
581,2026-05-18 02:40:05,4,q91,0,11,62,378,433,2583,2227,55,76,0,0,0,41,9527061,0,0,2986896344,4190955,59315149,0,0,109809,8,8,0,1094555,1094555,0,0,1091937,109792,6.83,0.38
582,2026-05-18 02:40:07,4,q92,0,7,105,560,979,7231,6463,30,78,0,0,0,373,709229,0,0,191374440,14575225,130635526,0,0,94062,53,53,0,1376229,1376229,0,0,1376229,94062,12.91,0.56
583,2026-05-18 02:40:08,4,q93,0,5,136,4013,6147,55993,50472,29,100,0,1280,0,5651,321627,0,0,5766380072,31678178,236541444,0,0,31635854,2006,2006,0,788241663,788241663,0,0,788241663,31635854,13.95,4.01
584,2026-05-18 02:40:13,4,q94,0,8,171,1893,4814,27809,22830,48,116,0,656,0,5062,4007939,0,0,3571011840,15443541,143939774,0,0,14397040,1717,1717,0,225790004,225790004,0,0,225790004,14397040,14.69,1.89
585,2026-05-18 02:40:16,4,q95,0,8,171,4278,6573,59716,41404,68,125,0,1740,0,4301,4010610,0,0,14560086280,15443541,143677630,0,0,35990240,4267,4267,0,331280816,331280816,0,0,205215617,14395274,13.96,4.28
586,2026-05-18 02:40:22,4,q96,0,5,71,311,304,3945,2891,9,42,15,0,0,12,334961,0,0,213972808,28894203,59125646,0,0,67,67,67,0,3950,3950,0,0,3950,67,12.68,0.31
587,2026-05-18 02:40:23,4,q97,0,5,147,2067,2805,29020,22498,113,165,0,208,0,1183,536587,0,0,7340928768,41908387,183291428,0,0,8381430,493,493,0,96998577,96998577,0,0,96998577,8381430,14.04,2.07
588,2026-05-18 02:40:26,4,q98,0,7,75,662,569,4078,2969,87,87,3,0,0,54,3269297,0,0,1300366872,27682256,178371000,0,0,71672,14,14,0,9066327,9066327,0,0,7253935,56508,6.16,0.66
589,2026-05-18 02:40:28,4,q99,0,6,67,670,651,8458,6601,66,85,0,0,0,567,1024378,0,0,343879080,14473528,74473752,0,0,13834,20,20,0,1092296,1092296,0,0,1092296,13834,12.62,0.67
590,2026-05-18 02:40:30,5,q1,0,12,134,956,1626,10554,7768,211,141,7,245,0,1414,407708,0,0,3493632216,6127653,108568026,0,0,2172339,220,220,0,31541287,31541287,0,0,31541287,2172339,11.04,0.96
591,2026-05-18 02:40:32,5,q2,0,9,120,672,611,7420,5861,123,150,0,0,0,335,1203621,0,0,839171944,21747366,110395806,0,0,4756,338,338,0,200702,200702,0,0,76764,3504,11.04,0.67
592,2026-05-18 02:40:33,5,q3,0,4,69,402,388,5265,4797,51,74,0,0,0,89,720472,0,0,240926696,27682256,175143304,0,0,1010,15,15,0,88613,88613,0,0,88613,1010,13.1,0.4
593,2026-05-18 02:40:35,5,q4,0,22,389,8419,42739,130842,100988,383,505,2,2933,0,19923,1682654,0,0,39674206800,49681524,683359278,0,0,102286012,8739,8739,0,2539550644,2539550644,0,0,1275015000,51438627,15.54,8.42
594,2026-05-18 02:40:45,5,q5,0,11,403,2450,5835,36083,26232,322,474,0,757,0,6294,1556377,0,0,3754844192,61225599,592403004,0,0,7889656,1728,1728,0,114764218,114764218,0,0,114764218,7889656,14.73,2.45
595,2026-05-18 02:40:48,5,q5a,0,14,408,2395,6007,31685,23761,332,478,0,900,0,6085,1555732,0,0,4293812064,61225599,592403004,0,0,7891635,1738,1738,0,114931337,114931337,0,0,114798107,7889811,13.23,2.4
596,2026-05-18 02:40:52,5,q6,0,11,92,1822,3607,21618,16884,59,86,0,206,0,2851,5014322,0,0,4851667944,28607305,108733860,0,0,27358702,1158,1158,0,237127054,237127054,0,0,237127054,27358702,11.86,1.82
597,2026-05-18 02:40:55,5,q7,0,9,93,1836,6620,25833,21868,56,82,0,528,0,3955,783602,0,0,838432440,29603556,356553463,0,0,26629749,85,85,0,767598824,767598824,0,0,767598824,26629749,14.07,1.84
598,2026-05-18 02:40:58,5,q8,0,10,75,755,684,6754,5264,96,113,0,0,0,22,1650915,0,0,4865332224,28580358,117278168,0,0,6668,6,6,0,79456,79456,0,0,79456,6668,8.95,0.76
599,2026-05-18 02:40:59,5,q9,0,31,1021,1739,25334,24652,16990,92,591,16,1168,0,177,321297,0,0,0,432007560,1172940160,0,0,1005,1005,1005,0,63138,63138,0,0,63138,1005,14.18,1.74
600,2026-05-18 02:41:02,5,q10,0,13,211,1246,3093,14545,11639,44,140,14,144,0,471,594763,0,0,1683225704,51779275,120735650,0,0,4321867,84,84,0,66317919,66317919,0,0,66317919,4321867,11.67,1.25
601,2026-05-18 02:41:05,5,q10a,0,10,210,604,1541,6567,5022,55,151,0,60,0,373,821122,0,0,2194445312,51779275,120735650,0,0,4289247,138,138,0,66290269,66290269,0,0,66290269,4289247,10.87,0.6
602,2026-05-18 02:41:06,5,q11,0,17,258,4729,16120,72866,53259,251,314,0,1328,0,12589,1373324,0,0,26856842912,35353393,267813392,0,0,71770406,5474,5474,0,1049683414,1049683414,0,0,536131307,36215116,15.41,4.73
603,2026-05-18 02:41:12,5,q12,0,5,55,504,457,4819,3600,48,60,0,0,0,41,3269297,0,0,862371576,7375137,69292534,0,0,26498,6,6,0,3416917,3416917,0,0,3416917,26498,9.56,0.5
604,2026-05-18 02:41:14,5,q13,0,9,76,911,1652,11777,9897,29,56,0,162,0,450,1611538,0,0,573747424,29758358,442127593,0,0,193014,17,17,0,2753258,2753258,0,0,2753258,193014,12.93,0.91
605,2026-05-18 02:41:16,5,q14a,0,30,641,6717,14886,81640,68114,439,718,0,2172,0,14205,1778089,0,0,12052039384,147733425,817696760,0,0,62683055,1638,1638,0,832554372,832554372,0,0,829543316,62596531,12.15,6.72
606,2026-05-18 02:41:25,5,q14b,0,24,503,4573,11133,63290,56810,384,590,0,712,0,6059,1777057,0,0,10234366640,126351304,625377074,0,0,68475639,1565,1565,0,934830449,934830449,0,0,491078678,40968432,13.84,4.57
607,2026-05-18 02:41:31,5,q14,0,24,499,3509,9518,45882,38509,489,671,0,990,0,8085,1778648,0,0,8268647616,126351304,625377074,0,0,68314948,1371,1371,0,925505459,925505459,0,0,481753688,40807741,13.08,3.51
608,2026-05-18 02:41:36,5,q15,0,6,83,1776,1770,23153,19606,29,70,0,640,0,1931,5014279,0,0,5245524392,15151180,83588960,0,0,14544315,1088,1088,0,126141563,126141563,0,0,126141563,14544315,13.04,1.78
609,2026-05-18 02:41:39,5,q16,0,8,195,2261,5983,32647,28464,54,143,0,492,0,5409,424379,0,0,4703921456,30563805,216701841,0,0,30114572,2975,2975,0,425546236,425546236,0,0,425546236,30114572,14.44,2.26
610,2026-05-18 02:41:42,5,q17,0,10,217,4754,11655,63941,59999,55,171,12,622,0,7683,6945926,0,0,7880912176,44860789,306329872,0,0,45538041,3319,3319,0,1083953570,1083953570,0,0,1083953570,45538041,13.45,4.75
611,2026-05-18 02:41:48,5,q18,0,12,96,1636,5897,18396,16939,63,91,0,0,0,2426,9713760,0,0,3065959144,19094780,276393850,0,0,14505220,98,98,0,425374885,425374885,0,0,425374885,14505220,11.24,1.64
612,2026-05-18 02:41:51,5,q18a,0,21,170,2571,11971,30784,27883,143,190,0,0,0,2923,9713760,0,0,13017939008,19946780,279627504,0,0,71657644,357,357,0,2102947115,2102947115,0,0,426335063,14562060,11.97,2.57
613,2026-05-18 02:41:55,5,q19,0,7,72,694,671,8363,7717,81,87,0,0,0,37,5014279,0,0,3108604640,28432358,208799922,0,0,2718,3,3,0,190396,190396,0,0,190396,2718,12.05,0.69
614,2026-05-18 02:41:57,5,q20,0,5,67,589,553,6634,6088,58,74,0,0,0,58,3269297,0,0,988820632,14503180,110733060,0,0,36807,6,6,0,4663129,4663129,0,0,4663129,36807,11.26,0.59
615,2026-05-18 02:41:58,5,q21,0,5,54,1058,1021,14100,12019,57,67,0,0,0,22,684629,0,0,385904296,133285059,523170535,0,0,63700,2,2,0,1093197,1093197,0,0,1093197,63700,13.33,1.06
616,2026-05-18 02:42:00,5,q22,0,6,71,18455,18416,161151,159243,119,108,0,911,0,215,4630315,0,0,2847197272,133285059,523150926,0,0,2038920,187,187,0,85798101,85798101,0,0,85798101,2038920,8.73,18.45
617,2026-05-18 02:42:20,5,q22a,0,10,135,2128,2843,26215,22891,163,203,0,374,0,2410,4630315,0,0,11914496448,133285059,523156014,0,0,2703130,857,857,0,135114839,135114839,0,0,33171531,664170,12.32,2.13
618,2026-05-18 02:42:23,5,q23a,0,18,403,6566,11446,94300,87237,369,478,0,1469,0,9572,6576963,0,0,22085629712,106164281,576934608,0,0,43094559,2877,2877,0,1053109860,1053109860,0,0,1008527567,40441747,14.36,6.57
619,2026-05-18 02:42:31,5,q23b,0,21,423,6650,14954,99850,90732,438,546,2,1846,0,10737,6577006,0,0,34872161472,106664281,579986654,0,0,49362664,6636,6636,0,1167746200,1167746200,0,0,1020911877,40904228,15.02,6.65
620,2026-05-18 02:42:39,5,q24,0,12,160,2897,8530,39221,35173,38,112,29,800,0,5640,463487,0,0,4795803152,32530235,250385654,0,0,30468590,2041,2041,0,736174632,736174632,0,0,736174632,30468590,13.54,2.9
621,2026-05-18 02:42:43,5,q24a,0,19,213,4429,9220,53350,50136,98,189,0,392,0,6285,3560798,0,0,14728425696,32632235,249079712,0,0,61448141,4647,4647,0,1495214546,1495214546,0,0,765303292,30991090,12.05,4.43
622,2026-05-18 02:42:48,5,q24b,0,19,213,4076,8869,49601,47272,108,190,0,304,0,5961,3560798,0,0,14722420960,32632235,249079712,0,0,61437701,4647,4647,0,1493987363,1493987363,0,0,764076109,30980650,12.17,4.08
623,2026-05-18 02:42:53,5,q25,0,10,217,4806,11529,65526,59978,54,165,0,1008,0,8480,6945926,0,0,7880887560,44860789,397738628,0,0,45538038,3316,3316,0,1103935384,1103935384,0,0,1103935384,45538038,13.63,4.81
624,2026-05-18 02:42:59,5,q26,0,8,87,1207,3770,15669,14042,28,70,0,432,0,2470,783602,0,0,568948504,16424480,222520799,0,0,14338674,72,72,0,390664156,390664156,0,0,390664156,14338674,12.98,1.21
625,2026-05-18 02:43:01,5,q27,0,8,91,1719,6293,23952,21446,28,74,3,480,0,3826,783559,0,0,637313664,29603158,330984235,0,0,26618343,74,74,0,683120336,683120336,0,0,683120336,26618343,13.93,1.72
626,2026-05-18 02:43:04,5,q27a,0,13,130,2129,9071,31505,29074,64,112,1,544,0,3380,783559,0,0,1361438760,29705260,331293045,0,0,79689890,233,233,0,2045386751,2045386751,0,0,683384333,26621186,14.8,2.13
627,2026-05-18 02:43:07,5,q28,0,18,431,2498,14340,37881,28972,353,467,0,1500,0,13798,361034,0,0,27424709080,172803006,1181120100,0,0,1375311,1564,1564,0,24467873,24467873,0,0,24467873,1375311,15.16,2.5
628,2026-05-18 02:43:11,5,q29,0,11,218,4808,12138,65203,60779,59,166,0,569,0,8256,6945969,0,0,7880995000,44933838,306809624,0,0,45538045,3321,3321,0,1083954345,1083954345,0,0,1083954345,45538045,13.56,4.81
629,2026-05-18 02:43:17,5,q30,0,13,129,652,1373,4480,3541,169,175,0,0,0,733,1994073,0,0,3968087040,2698567,84728162,0,0,790132,77,77,0,60668902,60668902,0,0,60668902,790132,6.87,0.65
630,2026-05-18 02:43:19,5,q31,0,19,361,1938,9136,26722,24031,250,363,0,0,0,295,3834069,0,0,8267955576,104591032,556455694,0,0,35774,23,23,0,1274891,1274891,0,0,1208352,34875,13.79,1.94
631,2026-05-18 02:43:22,5,q32,0,7,129,548,939,6757,6091,62,102,0,0,0,341,708064,0,0,219553416,28831311,213647650,0,0,135308,67,67,0,1892436,1892436,0,0,1892436,135308,12.33,0.55
632,2026-05-18 02:43:23,5,q33,0,9,186,612,1125,7066,6199,168,215,0,0,0,120,1087941,0,0,2700416024,49562475,406209848,0,0,7609,8,8,0,210206,210206,0,0,210206,7609,11.55,0.61
633,2026-05-18 02:43:25,5,q34,0,9,104,735,990,9629,8552,100,111,0,0,0,1070,908184,0,0,397086752,28087558,87187312,0,0,1010675,85,85,0,34409535,34409535,0,0,17491770,510675,13.1,0.74
634,2026-05-18 02:43:27,5,q35,0,12,216,1310,2808,15760,13379,50,151,0,704,0,1101,2112212,0,0,5209334768,51779275,120469410,0,0,8052611,351,351,0,39149825,39149825,0,0,39149825,8052611,12.03,1.31
635,2026-05-18 02:43:29,5,q35a,0,11,216,1050,2090,11568,10143,49,161,0,0,0,1551,2112212,0,0,4420805904,51779275,120469410,0,0,8049848,363,363,0,39176588,39176588,0,0,39176588,8049848,11.02,1.05
636,2026-05-18 02:43:31,5,q36,0,6,71,757,723,9500,8345,113,88,0,320,0,258,1858292,0,0,1770423992,27682358,272625812,0,0,2238,14,14,0,177240,177240,0,0,177240,2238,12.55,0.76
637,2026-05-18 02:43:33,5,q36a,0,9,76,547,478,5007,4419,74,93,0,0,0,280,1858292,0,0,2309391864,27682358,272625812,0,0,6097,45,45,0,506805,506805,0,0,183763,2255,9.15,0.55
638,2026-05-18 02:43:35,5,q37,0,6,132,1023,1678,13272,11434,27,93,0,656,0,1789,300357,0,0,949600864,147685474,583391793,0,0,4316414,1074,1074,0,66666749,66666749,0,0,66666749,14400617,12.97,1.02
639,2026-05-18 02:43:37,5,q38,0,13,266,1968,5213,28681,23257,107,208,0,432,0,4174,2992804,0,0,14880596040,49608475,112842050,0,0,12908807,1346,1346,0,99167332,99167332,0,0,72992444,11908807,14.57,1.97
640,2026-05-18 02:43:40,5,q39a,0,11,149,2014,3520,25683,23363,227,232,0,656,0,545,801878,0,0,4135752968,266468108,1044999740,0,0,2587909,102,102,0,54248007,54248007,0,0,33889570,1567909,12.75,2.01
641,2026-05-18 02:43:43,5,q39b,0,11,149,1409,2600,17625,16490,200,240,0,840,0,202,685145,0,0,4037186824,266468108,1044999740,0,0,2551488,102,102,0,53122748,53122748,0,0,32764311,1531488,12.51,1.41
642,2026-05-18 02:43:45,5,q40,0,7,133,1778,4458,24439,20284,28,98,0,1408,0,4580,348899,0,0,4141621464,15943072,160910918,0,0,15748014,1921,1921,0,314097218,314097218,0,0,314097218,15748014,13.75,1.78
643,2026-05-18 02:43:48,5,q41,0,4,4,140,114,100,100,4,4,0,0,0,7,13527,0,0,135268304,204000,1272987,0,0,140,2,2,0,9680,9680,0,0,9680,140,0.71,0.14
644,2026-05-18 02:43:49,5,q42,0,4,69,354,345,4755,4359,64,78,0,0,0,9,719483,0,0,361643416,27682256,175012340,0,0,32,3,3,0,2656,2656,0,0,2656,32,13.43,0.35
645,2026-05-18 02:43:51,5,q43,0,4,69,475,456,6311,5694,68,85,3,0,0,54,721031,0,0,223324760,27580358,92393362,0,0,294,14,14,0,37327,37327,0,0,37327,294,13.29,0.48
646,2026-05-18 02:43:52,5,q44,0,8,152,677,742,8561,6945,68,139,0,400,0,2344,1665021,0,0,2147935336,57703002,325654173,0,0,991985,1019,1019,0,15013054,15013054,0,0,7510252,496103,12.65,0.68
647,2026-05-18 02:43:54,5,q45,0,8,73,1236,1312,16169,15028,29,63,0,0,0,1636,5014279,0,0,5068807392,8227137,74049122,0,0,7447479,880,880,0,100357151,100357151,0,0,100357151,7447479,13.08,1.24
648,2026-05-18 02:43:56,5,q46,0,9,88,732,929,7881,7085,115,128,0,18,0,941,3376534,0,0,1865078648,28337558,223735832,0,0,529456,69,69,0,17624191,17624191,0,0,17624191,529456,10.77,0.73
649,2026-05-18 02:43:58,5,q47,0,11,111,1606,2310,18999,16554,131,155,0,320,0,1508,2307790,0,0,6164710032,27682358,164292904,0,0,1188303,557,557,0,45099824,45099824,0,0,31097353,822201,11.83,1.61
650,2026-05-18 02:44:01,5,q48,0,8,91,1245,2225,18286,15680,88,63,0,1056,0,2613,1686071,0,0,620257344,29751158,253754317,0,0,4383965,86,86,0,101320820,101320820,0,0,101320820,4383965,14.69,1.25
651,2026-05-18 02:44:03,5,q49,0,18,387,2048,8523,29178,25052,84,277,0,602,0,8533,320581,0,0,4516096824,54145455,723228567,0,0,15195840,337,337,0,341356024,341356024,0,0,341356024,15195840,14.25,2.05
652,2026-05-18 02:44:06,5,q50,0,7,137,2540,5857,35141,31753,31,103,0,704,0,4712,373053,0,0,4687124776,30430658,175355068,0,0,29262054,1989,1989,0,613521501,613521501,0,0,613521501,29262054,13.84,2.54
653,2026-05-18 02:44:10,5,q51,0,10,218,2707,3925,37681,33101,218,268,0,816,0,3822,536071,0,0,10760036720,34780344,215300374,0,0,23550796,1826,1826,0,399477556,399477556,0,0,399477556,23550796,13.92,2.71
654,2026-05-18 02:44:14,5,q51a,0,14,285,20618,24437,270622,259549,308,388,0,3345,0,4557,567630,0,0,27699775816,34780344,215300374,0,0,46681572,2728,2728,0,770734582,770734582,0,0,558633027,35219606,13.13,20.62
655,2026-05-18 02:44:36,5,q52,0,4,69,264,253,3255,2867,64,75,0,0,0,41,719053,0,0,361643416,27682256,175143412,0,0,1253,3,3,0,78201,78201,0,0,78201,1253,12.33,0.26
656,2026-05-18 02:44:37,5,q53,0,6,71,569,553,6976,4942,68,87,0,208,0,559,905948,0,0,377079056,27682358,164829516,0,0,16165,15,15,0,408667,408667,0,0,408667,16165,12.26,0.57
657,2026-05-18 02:44:38,5,q54,0,17,221,1736,6078,22870,20498,153,223,0,512,0,2846,5014279,0,0,5714824408,50179724,254216284,0,0,27925422,310,310,0,266485912,266485912,0,0,266485912,27925422,13.17,1.74
658,2026-05-18 02:44:41,5,q55,0,4,69,401,393,5485,5085,64,75,0,0,0,40,719311,0,0,428752256,27682256,175143412,0,0,1135,3,3,0,68028,68028,0,0,68028,1135,13.68,0.4
659,2026-05-18 02:44:43,5,q56,0,9,186,901,1937,11329,9931,182,220,0,345,0,103,1088672,0,0,2175177976,49562475,406474536,0,0,9560,8,8,0,277255,277255,0,0,277255,9560,12.57,0.9
660,2026-05-18 02:44:45,5,q57,0,11,116,1295,1983,15613,12349,150,170,0,510,0,1768,2307790,0,0,7200266704,14503204,110662841,0,0,1383219,710,710,0,54933681,54933681,0,0,38383959,962849,12.06,1.3
661,2026-05-18 02:44:47,5,q58,0,10,185,1018,2342,12445,10607,181,211,0,19,0,78,1076595,0,0,2551216384,49356573,346801998,0,0,135107,4,4,0,1828873,1828873,0,0,1828873,135107,12.22,1.02
662,2026-05-18 02:44:49,5,q59,0,10,75,868,918,7456,6645,68,83,0,8,0,1160,754364,0,0,4767648528,27726558,92696242,0,0,70176,134,134,0,2819225,2819225,0,0,1588690,53703,8.59,0.87
663,2026-05-18 02:44:51,5,q60,0,9,186,901,1652,11406,10203,182,216,0,0,0,162,1088156,0,0,2730483240,49562475,406410552,0,0,62086,11,11,0,1172891,1172891,0,0,1172891,62086,12.66,0.9
664,2026-05-18 02:44:53,5,q61,0,10,140,1126,1690,14642,13212,9,81,0,544,0,19,5014279,0,0,4114268400,55940065,442550324,0,0,132,132,132,0,7536,7536,0,0,7536,132,13.0,1.13
665,2026-05-18 02:44:55,5,q62,0,6,55,438,423,5714,5085,59,71,0,0,0,285,826250,0,0,290368584,7273209,32942921,0,0,6738,17,17,0,552322,552322,0,0,552322,6738,13.05,0.44
666,2026-05-18 02:44:57,5,q63,0,6,71,449,434,5259,4696,67,86,0,0,0,286,905217,0,0,377013520,27682358,164831636,0,0,3687,15,15,0,139756,139756,0,0,139756,3687,11.71,0.45
667,2026-05-18 02:44:58,5,q64,0,33,489,9508,43205,142863,125939,503,687,0,1958,0,20687,1087121,0,0,42845976528,49224915,554753421,0,0,66198164,9180,9180,0,2330744062,2330744062,0,0,2093202009,55680264,15.03,9.51
668,2026-05-18 02:45:09,5,q65,0,10,188,1655,3065,23984,21341,203,231,1,528,0,1805,9164527,0,0,6973681856,55189565,331105822,0,0,12118897,561,561,0,395472051,395472051,0,0,395472051,12118897,14.49,1.66
669,2026-05-18 02:45:12,5,q66,0,8,119,958,1090,10341,7629,185,232,0,70,0,115,1023905,0,0,2539847856,21687698,256846431,0,0,270,27,27,0,99522,99522,0,0,99522,270,10.79,0.96
670,2026-05-18 02:45:14,5,q67,0,6,87,5942,5892,75454,72631,97,131,0,1329,0,1219,4630315,0,0,7731250296,27682358,196558995,0,0,8547444,255,255,0,588025508,588025508,0,0,588025508,8547444,12.7,5.94
671,2026-05-18 02:45:21,5,q67a,0,14,229,10308,35633,142124,131489,337,375,0,1830,0,5827,4630315,0,0,27839457704,27682358,196558995,0,0,53570770,2150,2150,0,3473889114,3473889114,0,0,795502802,12999562,13.79,10.31
672,2026-05-18 02:45:33,5,q68,0,9,88,928,1147,11741,10409,142,128,0,270,0,600,3376534,0,0,1836459800,28337558,342924944,0,0,507674,58,58,0,16407935,16407935,0,0,16407935,507674,12.65,0.93
673,2026-05-18 02:45:35,5,q69,0,13,211,1035,2581,11923,10883,39,134,0,0,0,567,467445,0,0,1686012184,51779275,120539042,0,0,3828287,67,67,0,62008200,62008200,0,0,62008200,3828287,11.52,1.03
674,2026-05-18 02:45:37,5,q70,0,9,139,1025,965,12359,11346,149,183,17,17,0,80,1369128,0,0,1587645624,55087667,227527888,0,0,249,30,30,0,13762,13762,0,0,13762,249,12.06,1.02
675,2026-05-18 02:45:39,5,q70a,0,12,144,959,843,10856,9754,145,193,0,320,0,80,1365991,0,0,1119979840,55087667,227527888,0,0,276,59,59,0,17527,17527,0,0,9675,198,11.32,0.96
676,2026-05-18 02:45:41,5,q71,0,7,184,753,725,9277,8295,179,253,0,0,0,130,3341834,0,0,1362478064,49296875,359456002,0,0,31955,17,17,0,1445052,1445052,0,0,893499,20983,12.32,0.75
677,2026-05-18 02:45:43,5,q72,0,16,230,17635,32203,243477,219914,132,227,19,3544,0,15246,6576963,0,0,19933730552,151127670,707173824,0,0,142630673,5240,5240,0,2054109950,2054109950,0,0,2054109950,142630673,13.81,17.64
678,2026-05-18 02:46:02,5,q73,0,9,104,392,661,4543,4041,85,101,0,0,0,431,907023,0,0,395522080,28087558,87187312,0,0,1002732,67,67,0,33999056,33999056,0,0,17081291,502732,11.59,0.39
679,2026-05-18 02:46:03,5,q74,0,15,233,3384,11170,52266,45153,162,254,2,770,0,7206,1428954,0,0,22921014288,35353393,187654900,0,0,71557457,4867,4867,0,760549308,760549308,0,0,388587442,36002167,15.45,3.38
680,2026-05-18 02:46:08,5,q75,0,19,578,3867,13787,58622,48866,126,431,0,846,0,10208,574640,0,0,12471749904,103356738,960216234,0,0,14156496,2600,2600,0,343447712,343447712,0,0,230989374,9118708,15.16,3.87
681,2026-05-18 02:46:13,5,q76,0,4,181,1215,1191,17380,13880,174,241,0,270,0,2373,2887197,0,0,13801848136,49141969,393296636,0,0,2307,178,178,0,246571,246571,0,0,246571,2307,14.3,1.22
682,2026-05-18 02:46:15,5,q77,0,14,338,1217,5283,16760,14886,164,312,0,0,0,72,719010,0,0,1386293464,54013669,520712344,0,0,838,63,63,0,62565,62565,0,0,62565,838,13.77,1.22
683,2026-05-18 02:46:17,5,q77a,0,17,343,1535,5998,18809,12948,211,336,0,0,0,367,719225,0,0,1992370176,54013669,520712344,0,0,1313,74,74,0,119317,119317,0,0,77821,983,12.25,1.54
684,2026-05-18 02:46:20,5,q78,0,12,382,7061,21002,106084,95667,229,342,0,1532,0,11575,7360180,0,0,23440107088,54219312,629070584,0,0,54207585,4641,4641,0,1581114373,1581114373,0,0,1581114373,54207585,15.02,7.06
685,2026-05-18 02:46:28,5,q79,0,8,86,795,990,9812,8667,118,116,0,144,0,1025,2321400,0,0,3200173264,28087558,221286712,0,0,581366,141,141,0,16856485,16856485,0,0,16856485,581366,12.34,0.8
686,2026-05-18 02:46:30,5,q80,0,17,389,7230,32032,110522,102191,87,291,3,1200,0,13933,396363,0,0,14185165104,54260907,753816612,0,0,53052375,5630,5630,0,1574167848,1574167848,0,0,1574167848,53052375,15.29,7.23
687,2026-05-18 02:46:38,5,q80a,0,20,394,6964,31457,105990,97447,107,314,0,1219,0,13917,396363,0,0,14657024136,54260907,753816612,0,0,53053332,5641,5641,0,1574283460,1574283460,0,0,1574180710,53052306,15.22,6.96
688,2026-05-18 02:46:47,5,q81,0,15,136,666,1398,6023,5067,168,179,0,0,0,749,1994073,0,0,4757671472,4202813,120332210,0,0,1389733,132,132,0,37657316,37657316,0,0,37657316,1389733,9.04,0.67
689,2026-05-18 02:46:49,5,q82,0,6,137,1419,2383,18550,16731,26,98,0,528,0,2143,324562,0,0,1721378256,162085550,618697681,0,0,13778665,1171,1171,0,135990185,135990185,0,0,135990185,28800829,13.07,1.42
690,2026-05-18 02:46:51,5,q83,0,10,157,553,1169,5803,4854,138,169,0,0,0,201,821730,0,0,2454086016,5226039,97536411,0,0,43611,11,11,0,713915,713915,0,0,713915,43611,10.49,0.55
691,2026-05-18 02:46:53,5,q84,0,9,73,694,1349,4404,3857,28,52,0,0,0,1520,9713760,0,0,100948512,5555652,27854895,0,0,2778987,65,65,0,15445745,15445745,0,0,15445745,2778987,6.35,0.69
692,2026-05-18 02:46:54,5,q85,0,14,146,1057,4744,13881,10449,70,121,0,592,0,4404,1611538,0,0,3522586704,12085256,163938312,0,0,3025215,1744,1744,0,68690797,68690797,0,0,68690797,3025215,13.13,1.06
693,2026-05-18 02:46:57,5,q86,0,5,54,525,491,5717,5289,51,59,0,0,0,86,1858292,0,0,1398655400,7375137,65640862,0,0,1915,12,12,0,135930,135930,0,0,135930,1915,10.89,0.52
694,2026-05-18 02:46:58,5,q86a,0,8,59,550,488,4919,4480,98,64,0,208,0,107,1858292,0,0,1937622872,7375137,65640862,0,0,5122,39,39,0,389397,389397,0,0,143801,1930,8.94,0.55
695,2026-05-18 02:47:00,5,q87,0,13,266,1978,5349,28767,23016,109,210,0,204,0,4520,2992933,0,0,14880596040,49608475,112842050,0,0,12908807,1346,1346,0,99167332,99167332,0,0,72992444,11908807,14.54,1.98
696,2026-05-18 02:47:03,5,q88,0,26,554,1739,10786,23001,21229,8,297,0,0,0,69,334746,0,0,1725092416,231102510,472553640,0,0,536,536,536,0,31619,31619,0,0,31619,536,13.23,1.74
697,2026-05-18 02:47:06,5,q89,0,6,71,663,643,7860,6097,79,87,0,496,0,953,905819,0,0,1316733360,27682358,164563240,0,0,16454,15,15,0,1056131,1056131,0,0,1056131,16454,11.86,0.66
698,2026-05-18 02:47:07,5,q90,0,8,106,554,812,8002,7524,4,53,0,0,0,12,249822,0,0,323739200,14580376,66265216,0,0,100,100,100,0,5900,5900,0,0,5900,100,14.44,0.55
699,2026-05-18 02:47:09,5,q91,0,11,62,379,437,2643,2296,59,78,0,0,0,40,9527061,0,0,2986896344,4190955,59315149,0,0,109809,8,8,0,1094555,1094555,0,0,1091937,109792,6.97,0.38
700,2026-05-18 02:47:10,5,q92,0,7,105,605,1083,7928,7200,30,79,0,0,0,316,709229,0,0,191374440,14575225,130635526,0,0,94062,53,53,0,1376229,1376229,0,0,1376229,94062,13.1,0.6
701,2026-05-18 02:47:12,5,q93,0,5,136,4438,6574,60335,50660,35,101,0,608,0,5270,321756,0,0,5766380072,31678178,236541444,0,0,31635854,2006,2006,0,788241663,788241663,0,0,788241663,31635854,13.6,4.44
702,2026-05-18 02:47:18,5,q94,0,8,171,1475,3477,20952,17700,43,114,0,496,0,3574,4007810,0,0,3571011840,15443541,143939774,0,0,14397040,1717,1717,0,225790004,225790004,0,0,225790004,14397040,14.2,1.48
703,2026-05-18 02:47:20,5,q95,0,8,171,4076,6795,61376,49904,50,119,0,1636,0,3754,4010610,0,0,14560086280,15443541,143677630,0,0,35990240,4267,4267,0,331280816,331280816,0,0,205215617,14395274,15.06,4.08
704,2026-05-18 02:47:25,5,q96,0,5,71,287,278,3735,2711,6,39,0,0,0,37,334789,0,0,213972808,28894203,59125646,0,0,67,67,67,0,3950,3950,0,0,3950,67,13.01,0.29
705,2026-05-18 02:47:27,5,q97,0,5,147,1830,2463,25651,23491,92,149,0,272,0,914,536200,0,0,7340928768,41908387,183291428,0,0,8381430,493,493,0,96998577,96998577,0,0,96998577,8381430,14.02,1.83
706,2026-05-18 02:47:30,5,q98,0,7,75,640,568,4607,4219,70,84,2,0,0,54,3269297,0,0,1300366872,27682256,178371000,0,0,71672,14,14,0,9066327,9066327,0,0,7253935,56508,7.2,0.64
707,2026-05-18 02:47:31,5,q99,0,6,67,532,514,6416,5462,65,87,0,240,0,445,1025109,0,0,343879080,14473528,74473752,0,0,13834,20,20,0,1092296,1092296,0,0,1092296,13834,12.06,0.53
708,2026-05-18 02:47:33,6,q1,0,12,134,723,1273,8261,6989,90,130,3,0,0,1071,406074,0,0,3493632216,6127653,108568026,0,0,2172339,220,220,0,31541287,31541287,0,0,31541287,2172339,11.43,0.72
709,2026-05-18 02:47:35,6,q2,0,9,120,664,614,7402,6559,117,147,8,216,0,381,1204782,0,0,839171944,21747366,110395806,0,0,4756,338,338,0,200702,200702,0,0,76764,3504,11.15,0.66
710,2026-05-18 02:47:36,6,q3,0,4,69,347,334,4425,4033,58,74,0,0,0,113,720687,0,0,240926696,27682256,175143304,0,0,1010,15,15,0,88613,88613,0,0,88613,1010,12.75,0.35
711,2026-05-18 02:47:38,6,q4,0,22,389,7892,39801,122723,105728,366,485,1,2208,0,14544,1682654,0,0,39674206800,49681524,683359278,0,0,102286012,8739,8739,0,2539550644,2539550644,0,0,1275015000,51438627,15.55,7.89
712,2026-05-18 02:47:47,6,q5,0,11,403,2156,5308,31801,27100,291,455,0,285,0,3682,1556377,0,0,3754844192,61225599,592403004,0,0,7889656,1728,1728,0,114764218,114764218,0,0,114764218,7889656,14.75,2.16
713,2026-05-18 02:47:50,6,q5a,0,14,408,2357,5669,32056,26476,312,471,0,750,0,4677,1555732,0,0,4293812064,61225599,592403004,0,0,7891635,1738,1738,0,114931337,114931337,0,0,114798107,7889811,13.6,2.36
714,2026-05-18 02:47:54,6,q6,0,11,92,1657,3363,21008,19637,55,76,0,0,0,2561,5014322,0,0,4851667944,28607305,108733860,0,0,27358702,1158,1158,0,237127054,237127054,0,0,237127054,27358702,12.68,1.66
715,2026-05-18 02:47:57,6,q7,0,9,93,1923,6642,27570,25014,39,78,0,576,0,3831,783559,0,0,838432440,29603556,356553463,0,0,26629749,85,85,0,767598824,767598824,0,0,767598824,26629749,14.34,1.92
716,2026-05-18 02:47:59,6,q8,0,10,75,748,703,7873,7324,82,115,0,0,0,24,1650915,0,0,4865332224,28580358,117278168,0,0,6668,6,6,0,79456,79456,0,0,79456,6668,10.53,0.75
717,2026-05-18 02:48:01,6,q9,0,31,1021,1784,26294,26007,17056,37,555,0,1059,0,1141,321211,0,0,0,432007560,1172940160,0,0,1005,1005,1005,0,63138,63138,0,0,63138,1005,14.58,1.78
718,2026-05-18 02:48:04,6,q10,0,13,211,1078,2737,13181,12140,33,140,2,0,0,412,594763,0,0,1683225704,51779275,120735650,0,0,4321867,84,84,0,66317919,66317919,0,0,66317919,4321867,12.23,1.08
719,2026-05-18 02:48:06,6,q10a,0,10,210,539,1325,5423,4940,32,147,0,0,0,381,820993,0,0,2194445312,51779275,120735650,0,0,4289247,138,138,0,66290269,66290269,0,0,66290269,4289247,10.06,0.54
720,2026-05-18 02:48:08,6,q11,0,17,258,4204,15029,64942,57367,224,302,0,848,0,8711,1373324,0,0,26856842912,35353393,267813392,0,0,71770406,5474,5474,0,1049683414,1049683414,0,0,536131307,36215116,15.45,4.2
721,2026-05-18 02:48:13,6,q12,0,5,55,475,440,4983,4413,43,59,0,0,0,38,3269297,0,0,862371576,7375137,69292534,0,0,26498,6,6,0,3416917,3416917,0,0,3416917,26498,10.49,0.48
722,2026-05-18 02:48:15,6,q13,0,9,76,1007,1903,13826,12611,43,55,0,304,0,384,1611538,0,0,573747424,29758358,442127593,0,0,193014,17,17,0,2753258,2753258,0,0,2753258,193014,13.73,1.01
723,2026-05-18 02:48:17,6,q14a,0,30,641,6776,15491,82488,70007,471,744,3,1735,0,14032,1777100,0,0,12052039384,147733425,817696760,0,0,62683055,1638,1638,0,832554372,832554372,0,0,829543316,62596531,12.17,6.78
724,2026-05-18 02:48:27,6,q14b,0,24,503,4639,11360,64751,59270,464,603,3,1056,0,6084,1778175,0,0,10234366640,126351304,625377074,0,0,68475639,1565,1565,0,934830449,934830449,0,0,491078678,40968432,13.96,4.64
725,2026-05-18 02:48:32,6,q14,0,24,499,3380,9080,44058,37730,463,648,0,936,0,8586,1778304,0,0,8268647616,126351304,625377074,0,0,68314948,1371,1371,0,925505459,925505459,0,0,481753688,40807741,13.03,3.38
726,2026-05-18 02:48:37,6,q15,0,6,83,1444,1435,18519,16716,32,72,0,384,0,2024,5014279,0,0,5245524392,15151180,83588960,0,0,14544315,1088,1088,0,126141563,126141563,0,0,126141563,14544315,12.82,1.44
727,2026-05-18 02:48:40,6,q16,0,8,195,2260,5939,32723,27383,46,143,0,384,0,5410,424379,0,0,4703921456,30563805,216701841,0,0,30114572,2975,2975,0,425546236,425546236,0,0,425546236,30114572,14.48,2.26
728,2026-05-18 02:48:43,6,q17,0,10,217,4771,10867,64355,59772,66,170,0,816,0,7529,6945926,0,0,7880912176,44860789,306329872,0,0,45538041,3319,3319,0,1083953570,1083953570,0,0,1083953570,45538041,13.49,4.77
729,2026-05-18 02:48:49,6,q18,0,12,96,1666,6159,19172,17106,66,90,3,130,0,2844,9713846,0,0,3065959144,19094780,276393850,0,0,14505220,98,98,0,425374885,425374885,0,0,425374885,14505220,11.51,1.67
730,2026-05-18 02:48:52,6,q18a,0,21,170,2650,12398,33899,29184,138,188,0,0,0,3013,9713803,0,0,13017939008,19946780,279627504,0,0,71657644,357,357,0,2102947115,2102947115,0,0,426335063,14562060,12.79,2.65
731,2026-05-18 02:48:55,6,q19,0,7,72,682,661,7802,7322,66,92,0,0,0,33,5014279,0,0,3108604640,28432358,208799922,0,0,2718,3,3,0,190396,190396,0,0,190396,2718,11.44,0.68
732,2026-05-18 02:48:57,6,q20,0,5,67,573,536,6356,5722,52,72,0,0,0,40,3269297,0,0,988820632,14503180,110733060,0,0,36807,6,6,0,4663129,4663129,0,0,4663129,36807,11.09,0.57
733,2026-05-18 02:48:59,6,q21,0,5,54,1015,1005,14231,13500,54,68,0,0,0,26,684758,0,0,385904296,133285059,523170535,0,0,63700,2,2,0,1093197,1093197,0,0,1093197,63700,14.02,1.01
734,2026-05-18 02:49:01,6,q22,0,6,71,18586,18549,158007,154056,113,104,0,2477,0,219,4630315,0,0,2847197272,133285059,523150926,0,0,2038920,187,187,0,85798101,85798101,0,0,85798101,2038920,8.5,18.59
735,2026-05-18 02:49:21,6,q22a,0,10,135,2195,2940,25640,22526,175,202,0,165,0,2577,4630315,0,0,11914496448,133285059,523156014,0,0,2703130,857,857,0,135114839,135114839,0,0,33171531,664170,11.68,2.19
736,2026-05-18 02:49:24,6,q23a,0,18,403,6595,11633,95474,87831,355,456,1,1448,0,9900,6577006,0,0,22085629712,106164281,576934608,0,0,43094559,2877,2877,0,1053109860,1053109860,0,0,1008527567,40441747,14.48,6.6
737,2026-05-18 02:49:32,6,q23b,0,21,423,6438,14725,96245,87395,482,542,0,1456,0,11052,6576963,0,0,34872161472,106664281,579986654,0,0,49362664,6636,6636,0,1167746200,1167746200,0,0,1020911877,40904228,14.95,6.44
738,2026-05-18 02:49:39,6,q24,0,12,160,2828,8170,37983,34753,31,103,0,256,0,5762,463487,0,0,4795803152,32530235,250385654,0,0,30468590,2041,2041,0,736174632,736174632,0,0,736174632,30468590,13.43,2.83
739,2026-05-18 02:49:43,6,q24a,0,19,213,4510,9578,54404,49731,98,191,0,1120,0,6997,3560798,0,0,14728425696,32632235,249079712,0,0,61448141,4647,4647,0,1495214546,1495214546,0,0,765303292,30991090,12.06,4.51
740,2026-05-18 02:49:49,6,q24b,0,19,213,4192,9468,51132,47646,98,187,0,464,0,7259,3560798,0,0,14722420960,32632235,249079712,0,0,61437701,4647,4647,0,1493987363,1493987363,0,0,764076109,30980650,12.2,4.19
741,2026-05-18 02:49:54,6,q25,0,10,217,4922,11653,67056,62101,59,165,1,992,0,8220,6945969,0,0,7880887560,44860789,397738628,0,0,45538038,3316,3316,0,1103935384,1103935384,0,0,1103935384,45538038,13.62,4.92
742,2026-05-18 02:50:00,6,q26,0,8,87,1302,4202,17046,15213,34,75,0,416,0,2410,783559,0,0,568948504,16424480,222520799,0,0,14338674,72,72,0,390664156,390664156,0,0,390664156,14338674,13.09,1.3
743,2026-05-18 02:50:02,6,q27,0,8,91,1653,5829,22953,20401,27,76,0,465,0,3733,783559,0,0,637313664,29603158,330984235,0,0,26618343,74,74,0,683120336,683120336,0,0,683120336,26618343,13.89,1.65
744,2026-05-18 02:50:05,6,q27a,0,13,130,2278,9676,33552,30770,59,112,0,480,0,4055,783559,0,0,1361438760,29705260,331293045,0,0,79689890,233,233,0,2045386751,2045386751,0,0,683384333,26621186,14.73,2.28
745,2026-05-18 02:50:08,6,q28,0,18,431,2514,14381,38004,29113,310,468,0,1351,0,14067,360776,0,0,27424709080,172803006,1181120100,0,0,1375311,1564,1564,0,24467873,24467873,0,0,24467873,1375311,15.12,2.51
746,2026-05-18 02:50:12,6,q29,0,11,218,4702,11599,62703,58437,70,167,2,448,0,8430,6945969,0,0,7880995000,44933838,306809624,0,0,45538045,3321,3321,0,1083954345,1083954345,0,0,1083954345,45538045,13.34,4.7
747,2026-05-18 02:50:18,6,q30,0,13,129,685,1481,4777,3455,173,168,17,255,0,1048,1994073,0,0,3968087040,2698567,84728162,0,0,790132,77,77,0,60668902,60668902,0,0,60668902,790132,6.97,0.68
748,2026-05-18 02:50:20,6,q31,0,19,361,1939,9225,26712,23978,280,370,2,0,0,323,3834069,0,0,8267955576,104591032,556455694,0,0,35774,23,23,0,1274891,1274891,0,0,1208352,34875,13.78,1.94
749,2026-05-18 02:50:23,6,q32,0,7,129,594,1037,7480,6737,45,99,0,0,0,354,708064,0,0,219553416,28831311,213647650,0,0,135308,67,67,0,1892436,1892436,0,0,1892436,135308,12.59,0.59
750,2026-05-18 02:50:24,6,q33,0,9,186,873,1841,11151,9407,161,213,0,752,0,108,1088758,0,0,2700416024,49562475,406209848,0,0,7609,8,8,0,210206,210206,0,0,210206,7609,12.77,0.87
751,2026-05-18 02:50:26,6,q34,0,9,104,589,858,7288,6250,96,111,0,0,0,1189,908012,0,0,397086752,28087558,87187312,0,0,1010675,85,85,0,34409535,34409535,0,0,17491770,510675,12.37,0.59
752,2026-05-18 02:50:28,6,q35,0,12,216,1208,2510,14500,13027,52,152,0,0,0,1286,2112212,0,0,5209334768,51779275,120469410,0,0,8052611,351,351,0,39149825,39149825,0,0,39149825,8052611,12.0,1.21
753,2026-05-18 02:50:30,6,q35a,0,11,216,957,1902,10037,8578,57,162,0,476,0,1196,2112212,0,0,4420805904,51779275,120469410,0,0,8049848,363,363,0,39176588,39176588,0,0,39176588,8049848,10.49,0.96
754,2026-05-18 02:50:32,6,q36,0,6,71,801,767,10354,9580,74,86,0,0,0,109,1858292,0,0,1770423992,27682358,272625812,0,0,2238,14,14,0,177240,177240,0,0,177240,2238,12.93,0.8
755,2026-05-18 02:50:34,6,q36a,0,9,76,828,761,9765,8928,76,90,0,0,0,254,1858292,0,0,2309391864,27682358,272625812,0,0,6097,45,45,0,506805,506805,0,0,183763,2255,11.79,0.83
756,2026-05-18 02:50:36,6,q37,0,6,132,1159,1912,15431,12879,28,92,0,1296,0,2021,300959,0,0,949600864,147685474,583391793,0,0,4316414,1074,1074,0,66666749,66666749,0,0,66666749,14400617,13.31,1.16
757,2026-05-18 02:50:38,6,q38,0,13,266,2212,6038,32668,26261,118,216,17,640,0,4603,2992804,0,0,14880596040,49608475,112842050,0,0,12908807,1346,1346,0,99167332,99167332,0,0,72992444,11908807,14.77,2.21
758,2026-05-18 02:50:42,6,q39a,0,11,149,1982,3532,25892,23441,224,229,0,992,0,520,801878,0,0,4135752968,266468108,1044999740,0,0,2587909,102,102,0,54248007,54248007,0,0,33889570,1567909,13.06,1.98
759,2026-05-18 02:50:45,6,q39b,0,11,149,1463,2640,17388,16433,194,239,0,818,0,232,685274,0,0,4037186824,266468108,1044999740,0,0,2551488,102,102,0,53122748,53122748,0,0,32764311,1531488,11.89,1.46
760,2026-05-18 02:50:47,6,q40,0,7,133,1695,3939,24763,21633,31,101,0,576,0,4620,348211,0,0,4141621464,15943072,160910918,0,0,15748014,1921,1921,0,314097218,314097218,0,0,314097218,15748014,14.61,1.7
761,2026-05-18 02:50:50,6,q41,0,4,4,138,115,99,99,2,2,0,0,0,7,13527,0,0,135268304,204000,1272987,0,0,140,2,2,0,9680,9680,0,0,9680,140,0.72,0.14
762,2026-05-18 02:50:51,6,q42,0,4,69,380,370,5167,4683,61,75,0,0,0,9,719182,0,0,361643416,27682256,175012340,0,0,32,3,3,0,2656,2656,0,0,2656,32,13.6,0.38
763,2026-05-18 02:50:52,6,q43,0,4,69,530,510,7192,6198,76,87,0,240,0,52,721762,0,0,223324760,27580358,92393362,0,0,294,14,14,0,37327,37327,0,0,37327,294,13.57,0.53
764,2026-05-18 02:50:54,6,q44,0,8,152,640,685,7941,6502,69,140,0,0,0,2208,1665021,0,0,2147935336,57703002,325654173,0,0,991985,1019,1019,0,15013054,15013054,0,0,7510252,496103,12.41,0.64
765,2026-05-18 02:50:56,6,q45,0,8,73,1189,1249,14325,13209,30,64,0,22,0,1599,5014279,0,0,5068807392,8227137,74049122,0,0,7447479,880,880,0,100357151,100357151,0,0,100357151,7447479,12.05,1.19
766,2026-05-18 02:50:58,6,q46,0,9,88,739,916,8336,7110,120,130,0,255,0,1258,3376534,0,0,1865078648,28337558,223735832,0,0,529456,69,69,0,17624191,17624191,0,0,17624191,529456,11.28,0.74
767,2026-05-18 02:51:00,6,q47,0,11,111,1420,2064,15931,13753,138,152,0,368,0,1444,2307790,0,0,6164710032,27682358,164292904,0,0,1188303,557,557,0,45099824,45099824,0,0,31097353,822201,11.22,1.42
768,2026-05-18 02:51:02,6,q48,0,8,91,1250,2245,17996,16150,40,81,0,846,0,1707,1686071,0,0,620257344,29751158,253754317,0,0,4383965,86,86,0,101320820,101320820,0,0,101320820,4383965,14.4,1.25
769,2026-05-18 02:51:05,6,q49,0,18,387,2217,9207,32070,27128,90,276,0,832,0,8875,319936,0,0,4516096824,54145455,723228567,0,0,15195840,337,337,0,341356024,341356024,0,0,341356024,15195840,14.47,2.22
770,2026-05-18 02:51:08,6,q50,0,7,137,2562,5520,35399,32696,35,108,0,272,0,4389,373053,0,0,4687124776,30430658,175355068,0,0,29262054,1989,1989,0,613521501,613521501,0,0,613521501,29262054,13.82,2.56
771,2026-05-18 02:51:12,6,q51,0,10,218,2871,4190,39765,35058,212,270,0,864,0,4194,536329,0,0,10760036720,34780344,215300374,0,0,23550796,1826,1826,0,399477556,399477556,0,0,399477556,23550796,13.85,2.87
772,2026-05-18 02:51:15,6,q51a,0,14,285,20598,24279,270900,259657,327,394,0,3109,0,4932,567630,0,0,27699775816,34780344,215300374,0,0,46681572,2728,2728,0,770734582,770734582,0,0,558633027,35219606,13.15,20.6
773,2026-05-18 02:51:37,6,q52,0,4,69,502,493,7052,6551,65,78,0,0,0,52,719483,0,0,361643416,27682256,175143412,0,0,1253,3,3,0,78201,78201,0,0,78201,1253,14.05,0.5
774,2026-05-18 02:51:39,6,q53,0,6,71,470,452,5362,4570,70,87,0,208,0,479,905991,0,0,377079056,27682358,164829516,0,0,16165,15,15,0,408667,408667,0,0,408667,16165,11.41,0.47
775,2026-05-18 02:51:40,6,q54,0,17,221,1666,5569,21412,19443,145,219,0,320,0,2412,5014279,0,0,5714824408,50179724,254216284,0,0,27925422,310,310,0,266485912,266485912,0,0,266485912,27925422,12.85,1.67
776,2026-05-18 02:51:43,6,q55,0,4,69,356,345,4308,3982,50,72,0,0,0,29,718838,0,0,428752256,27682256,175143412,0,0,1135,3,3,0,68028,68028,0,0,68028,1135,12.1,0.36
777,2026-05-18 02:51:44,6,q56,0,9,186,733,1335,8925,7957,168,215,0,0,0,113,1087984,0,0,2175177976,49562475,406474536,0,0,9560,8,8,0,277255,277255,0,0,277255,9560,12.18,0.73
778,2026-05-18 02:51:46,6,q57,0,11,116,1391,2027,17005,14058,140,164,0,0,0,1705,2307790,0,0,7200266704,14503204,110662841,0,0,1383219,710,710,0,54933681,54933681,0,0,38383959,962849,12.23,1.39
779,2026-05-18 02:51:49,6,q58,0,10,185,1014,2316,12539,10992,177,214,0,252,0,61,1077326,0,0,2551216384,49356573,346801998,0,0,135107,4,4,0,1828873,1828873,0,0,1828873,135107,12.37,1.01
780,2026-05-18 02:51:51,6,q59,0,10,75,866,915,7639,6789,67,85,0,16,0,1241,754364,0,0,4767648528,27726558,92696242,0,0,70176,134,134,0,2819225,2819225,0,0,1588690,53703,8.82,0.87
781,2026-05-18 02:51:53,6,q60,0,9,186,1277,2588,17232,15708,178,216,0,0,0,160,1088113,0,0,2730483240,49562475,406410552,0,0,62086,11,11,0,1172891,1172891,0,0,1172891,62086,13.49,1.28
782,2026-05-18 02:51:55,6,q61,0,10,140,955,1277,11416,10701,7,80,0,160,0,18,5014279,0,0,4114268400,55940065,442550324,0,0,132,132,132,0,7536,7536,0,0,7536,132,11.95,0.96
783,2026-05-18 02:51:57,6,q62,0,6,55,355,342,4522,3622,52,66,0,0,0,638,826078,0,0,290368584,7273209,32942921,0,0,6738,17,17,0,552322,552322,0,0,552322,6738,12.74,0.36
784,2026-05-18 02:51:59,6,q63,0,6,71,468,453,5570,5004,70,84,0,0,0,306,905174,0,0,377013520,27682358,164831636,0,0,3687,15,15,0,139756,139756,0,0,139756,3687,11.9,0.47
785,2026-05-18 02:52:00,6,q64,0,33,489,9566,43922,144496,128426,581,712,0,1917,0,19046,1086691,0,0,42845976528,49224915,554753421,0,0,66198164,9180,9180,0,2330744062,2330744062,0,0,2093202009,55680264,15.11,9.57
786,2026-05-18 02:52:11,6,q65,0,10,188,1554,2882,22304,19636,211,234,1,416,0,2141,9164527,0,0,6973681856,55189565,331105822,0,0,12118897,561,561,0,395472051,395472051,0,0,395472051,12118897,14.35,1.55
787,2026-05-18 02:52:14,6,q66,0,8,119,1004,1196,11264,8476,189,236,0,224,0,108,1024378,0,0,2539847856,21687698,256846431,0,0,270,27,27,0,99522,99522,0,0,99522,270,11.22,1.0
788,2026-05-18 02:52:16,6,q67,0,6,87,5876,5828,75521,70672,108,129,0,1543,0,1269,4630315,0,0,7731250296,27682358,196558995,0,0,8547444,255,255,0,588025508,588025508,0,0,588025508,8547444,12.85,5.88
789,2026-05-18 02:52:23,6,q67a,0,14,229,10503,36601,144958,131786,326,387,0,2563,0,6788,4630315,0,0,27839457704,27682358,196558995,0,0,53570770,2150,2150,0,3473889114,3473889114,0,0,795502802,12999562,13.8,10.5
790,2026-05-18 02:52:35,6,q68,0,9,88,811,986,9894,8692,122,128,0,256,0,706,3376534,0,0,1836459800,28337558,342924944,0,0,507674,58,58,0,16407935,16407935,0,0,16407935,507674,12.2,0.81
791,2026-05-18 02:52:37,6,q69,0,13,211,938,2319,10078,9084,35,136,1,0,0,590,467445,0,0,1686012184,51779275,120539042,0,0,3828287,67,67,0,62008200,62008200,0,0,62008200,3828287,10.74,0.94
792,2026-05-18 02:52:39,6,q70,0,9,139,970,914,11922,10589,143,185,0,368,0,77,1369816,0,0,1587645624,55087667,227527888,0,0,249,30,30,0,13762,13762,0,0,13762,249,12.29,0.97
793,2026-05-18 02:52:41,6,q70a,0,12,144,961,846,10961,10255,160,189,0,0,0,78,1365303,0,0,1119979840,55087667,227527888,0,0,276,59,59,0,17527,17527,0,0,9675,198,11.41,0.96
794,2026-05-18 02:52:43,6,q71,0,7,184,935,908,12092,10782,208,253,0,209,0,123,3342178,0,0,1362478064,49296875,359456002,0,0,31955,17,17,0,1445052,1445052,0,0,893499,20983,12.93,0.94
795,2026-05-18 02:52:45,6,q72,0,16,230,17260,28928,238817,225158,140,230,1,2800,0,10109,6577006,0,0,19933730552,151127670,707173824,0,0,142630673,5240,5240,0,2054109950,2054109950,0,0,2054109950,142630673,13.84,17.26
796,2026-05-18 02:53:03,6,q73,0,9,104,492,755,6076,5373,98,102,0,0,0,421,906937,0,0,395522080,28087558,87187312,0,0,1002732,67,67,0,33999056,33999056,0,0,17081291,502732,12.35,0.49
797,2026-05-18 02:53:05,6,q74,0,15,233,3790,13452,58882,51099,163,252,0,640,0,7194,1428954,0,0,22921014288,35353393,187654900,0,0,71557457,4867,4867,0,760549308,760549308,0,0,388587442,36002167,15.54,3.79
798,2026-05-18 02:53:10,6,q75,0,19,578,3959,14446,60660,50413,118,433,0,420,0,11014,574640,0,0,12471749904,103356738,960216234,0,0,14156496,2600,2600,0,343447712,343447712,0,0,230989374,9118708,15.32,3.96
799,2026-05-18 02:53:15,6,q76,0,4,181,1059,1030,14842,13096,173,237,0,560,0,1175,2887154,0,0,13801848136,49141969,393296636,0,0,2307,178,178,0,246571,246571,0,0,246571,2307,14.02,1.06
800,2026-05-18 02:53:17,6,q77,0,14,338,1243,5451,17113,15360,177,313,0,0,0,71,719225,0,0,1386293464,54013669,520712344,0,0,838,63,63,0,62565,62565,0,0,62565,838,13.77,1.24
801,2026-05-18 02:53:19,6,q77a,0,17,343,1430,5630,17830,15283,174,320,6,612,0,77,719096,0,0,1992370176,54013669,520712344,0,0,1313,74,74,0,119317,119317,0,0,77821,983,12.47,1.43
802,2026-05-18 02:53:22,6,q78,0,12,382,9316,37934,142211,93563,230,344,0,1176,0,51152,7360137,0,0,23440107088,54219312,629070584,0,0,54207585,4641,4641,0,1581114373,1581114373,0,0,1581114373,54207585,15.27,9.32
803,2026-05-18 02:53:32,6,q79,0,8,86,965,1115,12654,11466,108,119,0,0,0,1258,2321400,0,0,3200173264,28087558,221286712,0,0,581366,141,141,0,16856485,16856485,0,0,16856485,581366,13.11,0.96
804,2026-05-18 02:53:34,6,q80,0,17,389,7240,33798,112665,102177,95,294,10,3530,0,14123,396277,0,0,14185165104,54260907,753816612,0,0,53052375,5630,5630,0,1574167848,1574167848,0,0,1574167848,53052375,15.56,7.24
805,2026-05-18 02:53:43,6,q80a,0,20,394,7475,31503,113891,99158,109,318,20,1088,0,15665,396320,0,0,14657024136,54260907,753816612,0,0,53053332,5641,5641,0,1574283460,1574283460,0,0,1574180710,53052306,15.24,7.48
806,2026-05-18 02:53:52,6,q81,0,15,136,734,1455,6527,5456,193,182,0,20,0,709,1994073,0,0,4757671472,4202813,120332210,0,0,1389733,132,132,0,37657316,37657316,0,0,37657316,1389733,8.89,0.73
807,2026-05-18 02:53:53,6,q82,0,6,137,1409,2398,18134,17036,29,98,0,0,0,2126,324605,0,0,1721378256,162085550,618697681,0,0,13778665,1171,1171,0,135990185,135990185,0,0,135990185,28800829,12.87,1.41
808,2026-05-18 02:53:56,6,q83,0,10,157,583,1259,6289,5381,132,169,0,0,0,207,821687,0,0,2454086016,5226039,97536411,0,0,43611,11,11,0,713915,713915,0,0,713915,43611,10.79,0.58
809,2026-05-18 02:53:58,6,q84,0,9,73,853,1337,4386,3900,28,51,0,0,0,1485,9713760,0,0,100948512,5555652,27854895,0,0,2778987,65,65,0,15445745,15445745,0,0,15445745,2778987,5.14,0.85
810,2026-05-18 02:53:59,6,q85,0,14,146,1066,4806,14206,11265,53,117,0,0,0,4532,1611538,0,0,3522586704,12085256,163938312,0,0,3025215,1744,1744,0,68690797,68690797,0,0,68690797,3025215,13.33,1.07
811,2026-05-18 02:54:02,6,q86,0,5,54,478,444,5523,4879,58,60,0,0,0,90,1858292,0,0,1398655400,7375137,65640862,0,0,1915,12,12,0,135930,135930,0,0,135930,1915,11.55,0.48
812,2026-05-18 02:54:03,6,q86a,0,8,59,540,482,5321,4755,40,64,0,27,0,114,1858292,0,0,1937622872,7375137,65640862,0,0,5122,39,39,0,389397,389397,0,0,143801,1930,9.85,0.54
813,2026-05-18 02:54:05,6,q87,0,13,266,1965,5347,28591,22978,105,208,2,0,0,4350,2992804,0,0,14880596040,49608475,112842050,0,0,12908807,1346,1346,0,99167332,99167332,0,0,72992444,11908807,14.55,1.96
814,2026-05-18 02:54:08,6,q88,0,26,554,1693,11532,24923,22934,17,298,0,368,0,95,335262,0,0,1725092416,231102510,472553640,0,0,536,536,536,0,31619,31619,0,0,31619,536,14.72,1.69
815,2026-05-18 02:54:11,6,q89,0,6,71,627,611,7478,6405,65,86,0,0,0,602,905131,0,0,1316733360,27682358,164563240,0,0,16454,15,15,0,1056131,1056131,0,0,1056131,16454,11.93,0.63
816,2026-05-18 02:54:12,6,q90,0,8,106,339,521,4574,4100,3,53,0,0,0,12,249779,0,0,323739200,14580376,66265216,0,0,100,100,100,0,5900,5900,0,0,5900,100,13.49,0.34
817,2026-05-18 02:54:14,6,q91,0,11,62,373,429,2524,2258,57,79,0,0,0,39,9527061,0,0,2986896344,4190955,59315149,0,0,109809,8,8,0,1094555,1094555,0,0,1091937,109792,6.77,0.37
818,2026-05-18 02:54:15,6,q92,0,7,105,733,1321,9855,5847,55,89,0,0,0,1401,709229,0,0,191374440,14575225,130635526,0,0,94062,53,53,0,1376229,1376229,0,0,1376229,94062,13.44,0.73
819,2026-05-18 02:54:17,6,q93,0,5,136,4122,6110,52370,49784,27,99,0,44,0,5169,320896,0,0,5766380072,31678178,236541444,0,0,31635854,2006,2006,0,788241663,788241663,0,0,788241663,31635854,12.7,4.12
820,2026-05-18 02:54:22,6,q94,0,8,171,1553,4549,22074,19170,45,114,0,368,0,3619,4007810,0,0,3571011840,15443541,143939774,0,0,14397040,1717,1717,0,225790004,225790004,0,0,225790004,14397040,14.21,1.55
821,2026-05-18 02:54:25,6,q95,0,8,171,3868,5871,54726,45839,54,123,0,1395,0,3419,4010610,0,0,14560086280,15443541,143677630,0,0,35990240,4267,4267,0,331280816,331280816,0,0,205215617,14395274,14.15,3.87
822,2026-05-18 02:54:30,6,q96,0,5,71,398,391,5320,3963,5,39,0,0,0,13,334660,0,0,213972808,28894203,59125646,0,0,67,67,67,0,3950,3950,0,0,3950,67,13.37,0.4
823,2026-05-18 02:54:31,6,q97,0,5,147,1976,2645,27673,22534,115,157,0,165,0,899,535856,0,0,7340928768,41908387,183291428,0,0,8381430,493,493,0,96998577,96998577,0,0,96998577,8381430,14.0,1.98
824,2026-05-18 02:54:34,6,q98,0,7,75,692,631,5455,4862,71,85,3,99,0,51,3269297,0,0,1300366872,27682256,178371000,0,0,71672,14,14,0,9066327,9066327,0,0,7253935,56508,7.88,0.69
825,2026-05-18 02:54:36,6,q99,0,6,67,948,932,13156,12329,63,83,0,0,0,399,1024378,0,0,343879080,14473528,74473752,0,0,13834,20,20,0,1092296,1092296,0,0,1092296,13834,13.88,0.95
826,2026-05-18 02:54:38,7,q1,0,12,134,765,1307,8509,7198,92,130,0,0,0,1219,406074,0,0,3493632216,6127653,108568026,0,0,2172339,220,220,0,31541287,31541287,0,0,31541287,2172339,11.12,0.76
827,2026-05-18 02:54:40,7,q2,0,9,120,718,642,7966,5942,124,148,0,0,0,399,1203449,0,0,839171944,21747366,110395806,0,0,4756,338,338,0,200702,200702,0,0,76764,3504,11.09,0.72
828,2026-05-18 02:54:42,7,q3,0,4,69,390,379,5166,4882,63,76,0,0,0,88,720945,0,0,240926696,27682256,175143304,0,0,1010,15,15,0,88613,88613,0,0,88613,1010,13.25,0.39
829,2026-05-18 02:54:43,7,q4,0,22,389,7945,40124,123487,104161,371,509,0,2409,0,16062,1682654,0,0,39674206800,49681524,683359278,0,0,102286012,8739,8739,0,2539550644,2539550644,0,0,1275015000,51438627,15.54,7.94
830,2026-05-18 02:54:52,7,q5,0,11,403,2363,5344,34498,28900,316,462,0,204,0,3702,1555732,0,0,3754844192,61225599,592403004,0,0,7889656,1728,1728,0,114764218,114764218,0,0,114764218,7889656,14.6,2.36
831,2026-05-18 02:54:56,7,q5a,0,14,408,2370,5759,32682,27053,361,473,0,560,0,4669,1555818,0,0,4293812064,61225599,592403004,0,0,7891635,1738,1738,0,114931337,114931337,0,0,114798107,7889811,13.79,2.37
832,2026-05-18 02:54:59,7,q6,0,11,92,1755,3471,22887,21499,42,79,0,0,0,2297,5014279,0,0,4851667944,28607305,108733860,0,0,27358702,1158,1158,0,237127054,237127054,0,0,237127054,27358702,13.04,1.76
833,2026-05-18 02:55:02,7,q7,0,9,93,1872,6584,25951,24211,39,83,0,512,0,3078,783559,0,0,838432440,29603556,356553463,0,0,26629749,85,85,0,767598824,767598824,0,0,767598824,26629749,13.86,1.87
834,2026-05-18 02:55:05,7,q8,0,10,75,832,834,7460,6753,118,117,0,63,0,41,1650915,0,0,4865332224,28580358,117278168,0,0,6668,6,6,0,79456,79456,0,0,79456,6668,8.97,0.83
835,2026-05-18 02:55:07,7,q9,0,31,1021,1439,21050,20423,17706,37,555,0,1036,0,182,321985,0,0,0,432007560,1172940160,0,0,1005,1005,1005,0,63138,63138,0,0,63138,1005,14.19,1.44
836,2026-05-18 02:55:10,7,q10,0,13,211,1180,2999,14199,13038,35,133,0,0,0,398,594763,0,0,1683225704,51779275,120735650,0,0,4321867,84,84,0,66317919,66317919,0,0,66317919,4321867,12.03,1.18
837,2026-05-18 02:55:12,7,q10a,0,10,210,549,1343,5915,5392,35,145,0,0,0,372,821036,0,0,2194445312,51779275,120735650,0,0,4289247,138,138,0,66290269,66290269,0,0,66290269,4289247,10.77,0.55
838,2026-05-18 02:55:13,7,q11,0,17,258,4176,14137,64433,56930,198,286,0,592,0,8984,1373324,0,0,26856842912,35353393,267813392,0,0,71770406,5474,5474,0,1049683414,1049683414,0,0,536131307,36215116,15.43,4.18
839,2026-05-18 02:55:19,7,q12,0,5,55,522,471,5235,3598,55,63,0,0,0,63,3269297,0,0,862371576,7375137,69292534,0,0,26498,6,6,0,3416917,3416917,0,0,3416917,26498,10.03,0.52
840,2026-05-18 02:55:20,7,q13,0,9,76,984,1849,13469,12616,8,54,0,0,0,353,1611538,0,0,573747424,29758358,442127593,0,0,193014,17,17,0,2753258,2753258,0,0,2753258,193014,13.69,0.98
841,2026-05-18 02:55:22,7,q14a,0,30,641,6952,16460,84865,70947,439,732,16,2735,0,14148,1778175,0,0,12052039384,147733425,817696760,0,0,62683055,1638,1638,0,832554372,832554372,0,0,829543316,62596531,12.21,6.95
842,2026-05-18 02:55:32,7,q14b,0,24,503,4761,11993,66109,58583,434,609,2,944,0,6727,1778519,0,0,10234366640,126351304,625377074,0,0,68475639,1565,1565,0,934830449,934830449,0,0,491078678,40968432,13.89,4.76
843,2026-05-18 02:55:38,7,q14,0,24,499,3397,9587,43920,38243,419,637,0,554,0,7427,1778261,0,0,8268647616,126351304,625377074,0,0,68314948,1371,1371,0,925505459,925505459,0,0,481753688,40807741,12.93,3.4
844,2026-05-18 02:55:43,7,q15,0,6,83,1467,1456,19147,16477,34,75,0,544,0,1946,5014279,0,0,5245524392,15151180,83588960,0,0,14544315,1088,1088,0,126141563,126141563,0,0,126141563,14544315,13.05,1.47
845,2026-05-18 02:55:45,7,q16,0,8,195,2310,5670,33004,29682,61,147,0,416,0,5405,424379,0,0,4703921456,30563805,216701841,0,0,30114572,2975,2975,0,425546236,425546236,0,0,425546236,30114572,14.29,2.31
846,2026-05-18 02:55:49,7,q17,0,10,217,4849,12059,65668,59647,54,167,1,0,0,9837,6945926,0,0,7880912176,44860789,306329872,0,0,45538041,3319,3319,0,1083953570,1083953570,0,0,1083953570,45538041,13.54,4.85
847,2026-05-18 02:55:55,7,q18,0,12,96,1889,7022,21437,17860,63,94,0,1024,0,3077,9713889,0,0,3065959144,19094780,276393850,0,0,14505220,98,98,0,425374885,425374885,0,0,425374885,14505220,11.35,1.89
848,2026-05-18 02:55:58,7,q18a,0,21,170,2519,11629,31756,28609,145,190,0,0,0,3157,9713760,0,0,13017939008,19946780,279627504,0,0,71657644,357,357,0,2102947115,2102947115,0,0,426335063,14562060,12.61,2.52
849,2026-05-18 02:56:02,7,q19,0,7,72,519,494,5474,4231,72,90,0,686,0,41,5014279,0,0,3108604640,28432358,208799922,0,0,2718,3,3,0,190396,190396,0,0,190396,2718,10.55,0.52
850,2026-05-18 02:56:03,7,q20,0,5,67,551,515,6064,5397,61,71,0,0,0,40,3269297,0,0,988820632,14503180,110733060,0,0,36807,6,6,0,4663129,4663129,0,0,4663129,36807,11.01,0.55
851,2026-05-18 02:56:05,7,q21,0,5,54,984,975,13548,12799,52,66,0,0,0,34,684758,0,0,385904296,133285059,523170535,0,0,63700,2,2,0,1093197,1093197,0,0,1093197,63700,13.77,0.98
852,2026-05-18 02:56:07,7,q22,0,6,71,17202,17160,157727,155496,118,108,0,960,0,214,4630315,0,0,2847197272,133285059,523150926,0,0,2038920,187,187,0,85798101,85798101,0,0,85798101,2038920,9.17,17.2
853,2026-05-18 02:56:25,7,q22a,0,10,135,2058,2749,24431,21138,180,202,0,350,0,2538,4630315,0,0,11914496448,133285059,523156014,0,0,2703130,857,857,0,135114839,135114839,0,0,33171531,664170,11.87,2.06
854,2026-05-18 02:56:28,7,q23a,0,18,403,6658,11545,95920,88956,343,466,5,1040,0,10140,6577006,0,0,22085629712,106164281,576934608,0,0,43094559,2877,2877,0,1053109860,1053109860,0,0,1008527567,40441747,14.41,6.66
855,2026-05-18 02:56:36,7,q23b,0,21,423,7158,13967,103874,91352,410,523,5,1632,3,11611,6577006,0,0,34872161472,106664281,579986654,0,0,49362664,6636,6636,0,1167746200,1167746200,0,0,1020911877,40904228,14.51,7.16
856,2026-05-18 02:56:44,7,q24,0,12,160,3060,9632,42433,38904,50,107,0,512,0,5577,463487,0,0,4795803152,32530235,250385654,0,0,30468590,2041,2041,0,736174632,736174632,0,0,736174632,30468590,13.87,3.06
857,2026-05-18 02:56:48,7,q24a,0,19,213,4482,9360,54065,50670,100,187,0,46,0,7314,3560798,0,0,14728425696,32632235,249079712,0,0,61448141,4647,4647,0,1495214546,1495214546,0,0,765303292,30991090,12.06,4.48
858,2026-05-18 02:56:54,7,q24b,0,19,213,4103,8947,49897,47779,96,188,0,0,0,6233,3560798,0,0,14722420960,32632235,249079712,0,0,61437701,4647,4647,0,1493987363,1493987363,0,0,764076109,30980650,12.16,4.1
859,2026-05-18 02:56:59,7,q25,0,10,217,4797,11441,65372,59421,59,168,1,1824,0,7907,6946012,0,0,7880887560,44860789,397738628,0,0,45538038,3316,3316,0,1103935384,1103935384,0,0,1103935384,45538038,13.63,4.8
860,2026-05-18 02:57:05,7,q26,0,8,87,1340,4121,17090,14955,44,78,0,32,0,2123,783559,0,0,568948504,16424480,222520799,0,0,14338674,72,72,0,390664156,390664156,0,0,390664156,14338674,12.75,1.34
861,2026-05-18 02:57:08,7,q27,0,8,91,1679,6174,23186,21151,35,70,0,0,0,3979,783559,0,0,637313664,29603158,330984235,0,0,26618343,74,74,0,683120336,683120336,0,0,683120336,26618343,13.81,1.68
862,2026-05-18 02:57:10,7,q27a,0,13,130,2294,9649,33961,30494,62,113,0,912,0,4371,783559,0,0,1361438760,29705260,331293045,0,0,79689890,233,233,0,2045386751,2045386751,0,0,683384333,26621186,14.8,2.29
863,2026-05-18 02:57:14,7,q28,0,18,431,2702,15540,41215,29973,341,481,0,1536,0,15417,360905,0,0,27424709080,172803006,1181120100,0,0,1375311,1564,1564,0,24467873,24467873,0,0,24467873,1375311,15.25,2.7
864,2026-05-18 02:57:17,7,q29,0,11,218,4738,11912,64715,58622,65,163,0,645,0,8110,6945926,0,0,7880995000,44933838,306809624,0,0,45538045,3321,3321,0,1083954345,1083954345,0,0,1083954345,45538045,13.66,4.74
865,2026-05-18 02:57:23,7,q30,0,13,129,665,1423,4551,3676,178,173,0,0,0,787,1994073,0,0,3968087040,2698567,84728162,0,0,790132,77,77,0,60668902,60668902,0,0,60668902,790132,6.84,0.66
866,2026-05-18 02:57:25,7,q31,0,19,361,1908,9073,26361,23940,234,361,0,0,0,339,3834069,0,0,8267955576,104591032,556455694,0,0,35774,23,23,0,1274891,1274891,0,0,1208352,34875,13.82,1.91
867,2026-05-18 02:57:28,7,q32,0,7,129,628,1108,8111,7431,48,100,0,0,0,317,708064,0,0,219553416,28831311,213647650,0,0,135308,67,67,0,1892436,1892436,0,0,1892436,135308,12.92,0.63
868,2026-05-18 02:57:30,7,q33,0,9,186,878,1529,11248,10269,161,215,0,0,0,108,1087941,0,0,2700416024,49562475,406209848,0,0,7609,8,8,0,210206,210206,0,0,210206,7609,12.81,0.88
869,2026-05-18 02:57:32,7,q34,0,9,104,656,1080,8434,5830,103,116,0,1088,0,1929,909130,0,0,397086752,28087558,87187312,0,0,1010675,85,85,0,34409535,34409535,0,0,17491770,510675,12.86,0.66
870,2026-05-18 02:57:33,7,q35,0,12,216,1318,2705,15934,14359,52,152,2,0,0,1217,2112212,0,0,5209334768,51779275,120469410,0,0,8052611,351,351,0,39149825,39149825,0,0,39149825,8052611,12.09,1.32
871,2026-05-18 02:57:36,7,q35a,0,11,216,989,2113,10903,9939,51,161,0,0,0,1205,2112212,0,0,4420805904,51779275,120469410,0,0,8049848,363,363,0,39176588,39176588,0,0,39176588,8049848,11.02,0.99
872,2026-05-18 02:57:38,7,q36,0,6,71,801,767,10471,9633,70,87,0,0,0,120,1858292,0,0,1770423992,27682358,272625812,0,0,2238,14,14,0,177240,177240,0,0,177240,2238,13.07,0.8
873,2026-05-18 02:57:40,7,q36a,0,9,76,827,764,9880,9106,74,91,0,0,0,189,1858292,0,0,2309391864,27682358,272625812,0,0,6097,45,45,0,506805,506805,0,0,183763,2255,11.95,0.83
874,2026-05-18 02:57:42,7,q37,0,6,132,1164,1950,15696,13583,30,91,0,928,0,1876,300959,0,0,949600864,147685474,583391793,0,0,4316414,1074,1074,0,66666749,66666749,0,0,66666749,14400617,13.48,1.16
875,2026-05-18 02:57:44,7,q38,0,13,266,2152,5783,31294,24498,129,221,3,0,0,4568,2992804,0,0,14880596040,49608475,112842050,0,0,12908807,1346,1346,0,99167332,99167332,0,0,72992444,11908807,14.54,2.15
876,2026-05-18 02:57:47,7,q39a,0,11,149,2189,3750,28514,25579,290,236,0,944,0,543,801878,0,0,4135752968,266468108,1044999740,0,0,2587909,102,102,0,54248007,54248007,0,0,33889570,1567909,13.03,2.19
877,2026-05-18 02:57:50,7,q39b,0,11,149,1332,2477,16578,16282,199,238,0,0,0,192,684758,0,0,4037186824,266468108,1044999740,0,0,2551488,102,102,0,53122748,53122748,0,0,32764311,1531488,12.45,1.33
878,2026-05-18 02:57:53,7,q40,0,7,133,1863,4075,25456,21633,29,99,0,1472,0,5177,348211,0,0,4141621464,15943072,160910918,0,0,15748014,1921,1921,0,314097218,314097218,0,0,314097218,15748014,13.66,1.86
879,2026-05-18 02:57:56,7,q41,0,4,4,139,112,100,99,3,3,0,0,0,7,13527,0,0,135268304,204000,1272987,0,0,140,2,2,0,9680,9680,0,0,9680,140,0.72,0.14
880,2026-05-18 02:57:57,7,q42,0,4,69,302,293,3933,3572,59,75,0,0,0,14,719096,0,0,361643416,27682256,175012340,0,0,32,3,3,0,2656,2656,0,0,2656,32,13.02,0.3
881,2026-05-18 02:57:58,7,q43,0,4,69,594,574,8214,7505,69,86,0,0,0,55,721074,0,0,223324760,27580358,92393362,0,0,294,14,14,0,37327,37327,0,0,37327,294,13.83,0.59
882,2026-05-18 02:58:00,7,q44,0,8,152,644,700,8108,6970,76,142,0,0,0,2030,1665021,0,0,2147935336,57703002,325654173,0,0,991985,1019,1019,0,15013054,15013054,0,0,7510252,496103,12.59,0.64
883,2026-05-18 02:58:02,7,q45,0,8,73,1162,1215,15237,13221,31,63,0,686,0,1554,5014279,0,0,5068807392,8227137,74049122,0,0,7447479,880,880,0,100357151,100357151,0,0,100357151,7447479,13.11,1.16
884,2026-05-18 02:58:04,7,q46,0,9,88,1022,1175,12973,11859,113,130,0,0,0,1176,3376534,0,0,1865078648,28337558,223735832,0,0,529456,69,69,0,17624191,17624191,0,0,17624191,529456,12.69,1.02
885,2026-05-18 02:58:06,7,q47,0,11,111,1439,2100,16108,14224,135,153,0,0,0,1460,2307790,0,0,6164710032,27682358,164292904,0,0,1188303,557,557,0,45099824,45099824,0,0,31097353,822201,11.19,1.44
886,2026-05-18 02:58:08,7,q48,0,8,91,1197,2160,17726,15255,18,68,0,1168,0,2237,1686114,0,0,620257344,29751158,253754317,0,0,4383965,86,86,0,101320820,101320820,0,0,101320820,4383965,14.81,1.2
887,2026-05-18 02:58:11,7,q49,0,18,387,2331,9534,34069,29563,79,273,0,544,0,8753,319592,0,0,4516096824,54145455,723228567,0,0,15195840,337,337,0,341356024,341356024,0,0,341356024,15195840,14.62,2.33
888,2026-05-18 02:58:14,7,q50,0,7,137,2574,5531,35365,29498,30,104,0,832,0,5656,373053,0,0,4687124776,30430658,175355068,0,0,29262054,1989,1989,0,613521501,613521501,0,0,613521501,29262054,13.74,2.57
889,2026-05-18 02:58:18,7,q51,0,10,218,2817,4082,39117,34295,235,272,0,880,0,4006,536544,0,0,10760036720,34780344,215300374,0,0,23550796,1826,1826,0,399477556,399477556,0,0,399477556,23550796,13.89,2.82
890,2026-05-18 02:58:22,7,q51a,0,14,285,20564,24258,273202,245077,327,403,0,3042,0,5352,567630,0,0,27699775816,34780344,215300374,0,0,46681572,2728,2728,0,770734582,770734582,0,0,558633027,35219606,13.29,20.56
891,2026-05-18 02:58:43,7,q52,0,4,69,393,384,5310,4804,63,76,0,0,0,52,719354,0,0,361643416,27682256,175143412,0,0,1253,3,3,0,78201,78201,0,0,78201,1253,13.51,0.39
892,2026-05-18 02:58:45,7,q53,0,6,71,572,552,6846,4758,78,95,0,0,0,838,905131,0,0,377079056,27682358,164829516,0,0,16165,15,15,0,408667,408667,0,0,408667,16165,11.97,0.57
893,2026-05-18 02:58:46,7,q54,0,17,221,1734,5625,22516,20617,153,222,0,0,0,2791,5014279,0,0,5714824408,50179724,254216284,0,0,27925422,310,310,0,266485912,266485912,0,0,266485912,27925422,12.99,1.73
894,2026-05-18 02:58:49,7,q55,0,4,69,497,489,7038,6590,61,76,0,0,0,52,719268,0,0,428752256,27682256,175143412,0,0,1135,3,3,0,68028,68028,0,0,68028,1135,14.16,0.5
895,2026-05-18 02:58:51,7,q56,0,9,186,950,1782,12378,11304,174,215,0,0,0,101,1087941,0,0,2175177976,49562475,406474536,0,0,9560,8,8,0,277255,277255,0,0,277255,9560,13.03,0.95
896,2026-05-18 02:58:53,7,q57,0,11,116,1361,1979,16879,12843,138,164,0,1028,0,2093,2307790,0,0,7200266704,14503204,110662841,0,0,1383219,710,710,0,54933681,54933681,0,0,38383959,962849,12.4,1.36
897,2026-05-18 02:58:55,7,q58,0,10,185,1093,2412,14037,12901,175,204,0,0,0,61,1076681,0,0,2551216384,49356573,346801998,0,0,135107,4,4,0,1828873,1828873,0,0,1828873,135107,12.84,1.09
898,2026-05-18 02:58:58,7,q59,0,10,75,844,896,7543,6709,69,86,2,0,0,1096,754364,0,0,4767648528,27726558,92696242,0,0,70176,134,134,0,2819225,2819225,0,0,1588690,53703,8.94,0.84
899,2026-05-18 02:58:59,7,q60,0,9,186,1190,2092,16002,14659,175,217,0,0,0,165,1088199,0,0,2730483240,49562475,406410552,0,0,62086,11,11,0,1172891,1172891,0,0,1172891,62086,13.45,1.19
900,2026-05-18 02:59:02,7,q61,0,10,140,1020,1605,13656,12439,58,79,0,784,0,21,5014279,0,0,4114268400,55940065,442550324,0,0,132,132,132,0,7536,7536,0,0,7536,132,13.39,1.02
901,2026-05-18 02:59:04,7,q62,0,6,55,706,694,10164,9102,51,65,0,0,0,653,826164,0,0,290368584,7273209,32942921,0,0,6738,17,17,0,552322,552322,0,0,552322,6738,14.4,0.71
902,2026-05-18 02:59:06,7,q63,0,6,71,547,532,6901,6311,67,84,1,0,0,313,905088,0,0,377013520,27682358,164831636,0,0,3687,15,15,0,139756,139756,0,0,139756,3687,12.62,0.55
903,2026-05-18 02:59:07,7,q64,0,33,489,9204,33445,138545,122496,493,677,0,1170,0,20117,1086691,0,0,42845976528,49224915,554753421,0,0,66198164,9180,9180,0,2330744062,2330744062,0,0,2093202009,55680264,15.05,9.2
904,2026-05-18 02:59:18,7,q65,0,10,188,1509,2744,21606,19746,289,233,3,160,0,1946,9164570,0,0,6973681856,55189565,331105822,0,0,12118897,561,561,0,395472051,395472051,0,0,395472051,12118897,14.32,1.51
905,2026-05-18 02:59:20,7,q66,0,8,119,1193,1602,13821,11432,205,234,0,29,0,122,1023690,0,0,2539847856,21687698,256846431,0,0,270,27,27,0,99522,99522,0,0,99522,270,11.59,1.19
906,2026-05-18 02:59:23,7,q67,0,6,87,5867,5819,74061,71608,104,130,0,740,0,1131,4630315,0,0,7731250296,27682358,196558995,0,0,8547444,255,255,0,588025508,588025508,0,0,588025508,8547444,12.62,5.87
907,2026-05-18 02:59:30,7,q67a,0,14,229,10116,34670,138985,127540,388,405,0,1115,0,5627,4630315,0,0,27839457704,27682358,196558995,0,0,53570770,2150,2150,0,3473889114,3473889114,0,0,795502802,12999562,13.74,10.12
908,2026-05-18 02:59:41,7,q68,0,9,88,703,865,8328,7518,115,127,0,0,0,639,3376534,0,0,1836459800,28337558,342924944,0,0,507674,58,58,0,16407935,16407935,0,0,16407935,507674,11.85,0.7
909,2026-05-18 02:59:43,7,q69,0,13,211,967,2486,11356,10200,33,134,0,0,0,593,467445,0,0,1686012184,51779275,120539042,0,0,3828287,67,67,0,62008200,62008200,0,0,62008200,3828287,11.74,0.97
910,2026-05-18 02:59:45,7,q70,0,9,139,973,915,11431,10527,142,187,0,37,0,87,1369171,0,0,1587645624,55087667,227527888,0,0,249,30,30,0,13762,13762,0,0,13762,249,11.75,0.97
911,2026-05-18 02:59:47,7,q70a,0,12,144,967,892,11124,10295,143,188,0,0,0,105,1365303,0,0,1119979840,55087667,227527888,0,0,276,59,59,0,17527,17527,0,0,9675,198,11.5,0.97
912,2026-05-18 02:59:49,7,q71,0,7,184,1091,1065,14715,13588,181,250,0,0,0,136,3341834,0,0,1362478064,49296875,359456002,0,0,31955,17,17,0,1445052,1445052,0,0,893499,20983,13.49,1.09
913,2026-05-18 02:59:51,7,q72,0,16,230,17281,32274,238409,218834,142,229,1,2096,0,10269,6577006,0,0,19933730552,151127670,707173824,0,0,142630673,5240,5240,0,2054109950,2054109950,0,0,2054109950,142630673,13.8,17.28
914,2026-05-18 03:00:10,7,q73,0,9,104,738,974,10044,9324,114,105,0,0,0,349,907023,0,0,395522080,28087558,87187312,0,0,1002732,67,67,0,33999056,33999056,0,0,17081291,502732,13.61,0.74
915,2026-05-18 03:00:11,7,q74,0,15,233,4112,14802,63886,55525,166,247,0,434,0,7757,1428954,0,0,22921014288,35353393,187654900,0,0,71557457,4867,4867,0,760549308,760549308,0,0,388587442,36002167,15.54,4.11
916,2026-05-18 03:00:17,7,q75,0,19,578,3947,14425,60329,50194,120,429,1,1088,0,10376,574898,0,0,12471749904,103356738,960216234,0,0,14156496,2600,2600,0,343447712,343447712,0,0,230989374,9118708,15.28,3.95
917,2026-05-18 03:00:22,7,q76,0,4,181,944,917,13102,11849,176,238,0,0,0,733,2886681,0,0,13801848136,49141969,393296636,0,0,2307,178,178,0,246571,246571,0,0,246571,2307,13.88,0.94
918,2026-05-18 03:00:24,7,q77,0,14,338,1224,5298,16845,14811,185,316,0,0,0,70,719268,0,0,1386293464,54013669,520712344,0,0,838,63,63,0,62565,62565,0,0,62565,838,13.76,1.22
919,2026-05-18 03:00:26,7,q77a,0,17,343,1549,5017,15071,10939,229,332,0,0,0,93,719440,0,0,1992370176,54013669,520712344,0,0,1313,74,74,0,119317,119317,0,0,77821,983,9.73,1.55
920,2026-05-18 03:00:29,7,q78,0,12,382,6881,20344,102426,93244,209,339,0,1632,0,11394,7360137,0,0,23440107088,54219312,629070584,0,0,54207585,4641,4641,0,1581114373,1581114373,0,0,1581114373,54207585,14.89,6.88
921,2026-05-18 03:00:37,7,q79,0,8,86,919,1080,11768,9512,112,122,0,0,0,1886,2321400,0,0,3200173264,28087558,221286712,0,0,581366,141,141,0,16856485,16856485,0,0,16856485,581366,12.81,0.92
922,2026-05-18 03:00:39,7,q80,0,17,389,7132,32289,109427,101410,108,302,2,1376,0,13313,395718,0,0,14185165104,54260907,753816612,0,0,53052375,5630,5630,0,1574167848,1574167848,0,0,1574167848,53052375,15.34,7.13
923,2026-05-18 03:00:47,7,q80a,0,20,394,6871,30751,104326,95827,116,314,0,1504,0,13387,396320,0,0,14657024136,54260907,753816612,0,0,53053332,5641,5641,0,1574283460,1574283460,0,0,1574180710,53052306,15.18,6.87
924,2026-05-18 03:00:55,7,q81,0,15,136,684,1428,6208,5281,183,180,0,0,0,705,1994073,0,0,4757671472,4202813,120332210,0,0,1389733,132,132,0,37657316,37657316,0,0,37657316,1389733,9.08,0.68
925,2026-05-18 03:00:57,7,q82,0,6,137,1569,2550,20715,18019,26,92,38,570,0,2130,324519,0,0,1721378256,162085550,618697681,0,0,13778665,1171,1171,0,135990185,135990185,0,0,135990185,28800829,13.2,1.57
926,2026-05-18 03:01:00,7,q83,0,10,157,614,1339,6867,5961,142,172,0,0,0,259,821816,0,0,2454086016,5226039,97536411,0,0,43611,11,11,0,713915,713915,0,0,713915,43611,11.18,0.61
927,2026-05-18 03:01:02,7,q84,0,9,73,678,1200,4116,3556,29,51,0,0,0,1491,9713760,0,0,100948512,5555652,27854895,0,0,2778987,65,65,0,15445745,15445745,0,0,15445745,2778987,6.07,0.68
928,2026-05-18 03:01:03,7,q85,0,14,146,1144,5106,15339,11917,67,131,0,390,0,4695,1611538,0,0,3522586704,12085256,163938312,0,0,3025215,1744,1744,0,68690797,68690797,0,0,68690797,3025215,13.41,1.14
929,2026-05-18 03:01:05,7,q86,0,5,54,520,488,6313,5759,45,61,0,0,0,95,1858292,0,0,1398655400,7375137,65640862,0,0,1915,12,12,0,135930,135930,0,0,135930,1915,12.14,0.52
930,2026-05-18 03:01:07,7,q86a,0,8,59,562,508,5498,5052,42,63,0,0,0,116,1858292,0,0,1937622872,7375137,65640862,0,0,5122,39,39,0,389397,389397,0,0,143801,1930,9.78,0.56
931,2026-05-18 03:01:09,7,q87,0,13,266,2185,5919,32145,25552,104,208,0,368,0,4416,2992890,0,0,14880596040,49608475,112842050,0,0,12908807,1346,1346,0,99167332,99167332,0,0,72992444,11908807,14.71,2.18
932,2026-05-18 03:01:12,7,q88,0,26,554,1504,10102,21988,20431,14,300,0,0,0,72,334703,0,0,1725092416,231102510,472553640,0,0,536,536,536,0,31619,31619,0,0,31619,536,14.62,1.5
933,2026-05-18 03:01:15,7,q89,0,6,71,662,642,8008,6975,65,82,0,0,0,626,905045,0,0,1316733360,27682358,164563240,0,0,16454,15,15,0,1056131,1056131,0,0,1056131,16454,12.1,0.66
934,2026-05-18 03:01:16,7,q90,0,8,106,478,672,6770,6307,5,54,0,0,0,12,249822,0,0,323739200,14580376,66265216,0,0,100,100,100,0,5900,5900,0,0,5900,100,14.16,0.48
935,2026-05-18 03:01:18,7,q91,0,11,62,438,481,2784,1702,70,80,0,82,0,57,9527061,0,0,2986896344,4190955,59315149,0,0,109809,8,8,0,1094555,1094555,0,0,1091937,109792,6.36,0.44
936,2026-05-18 03:01:19,7,q92,0,7,105,599,1060,7793,7145,30,79,0,0,0,352,709229,0,0,191374440,14575225,130635526,0,0,94062,53,53,0,1376229,1376229,0,0,1376229,94062,13.01,0.6
937,2026-05-18 03:01:21,7,q93,0,5,136,3941,5992,53988,51028,26,95,0,338,0,5650,320896,0,0,5766380072,31678178,236541444,0,0,31635854,2006,2006,0,788241663,788241663,0,0,788241663,31635854,13.7,3.94
938,2026-05-18 03:01:26,7,q94,0,8,171,1783,5126,24642,21714,44,116,0,400,0,3498,4007810,0,0,3571011840,15443541,143939774,0,0,14397040,1717,1717,0,225790004,225790004,0,0,225790004,14397040,13.82,1.78
939,2026-05-18 03:01:29,7,q95,0,8,171,3737,6900,52739,42671,55,121,0,960,0,3733,4010610,0,0,14560086280,15443541,143677630,0,0,35990240,4267,4267,0,331280816,331280816,0,0,205215617,14395274,14.11,3.74
940,2026-05-18 03:01:34,7,q96,0,5,71,404,402,5813,4813,2,38,0,0,0,112,334617,0,0,213972808,28894203,59125646,0,0,67,67,67,0,3950,3950,0,0,3950,67,14.39,0.4
941,2026-05-18 03:01:35,7,q97,0,5,147,1786,2452,24852,22413,88,150,3,368,0,884,535813,0,0,7340928768,41908387,183291428,0,0,8381430,493,493,0,96998577,96998577,0,0,96998577,8381430,13.91,1.79
942,2026-05-18 03:01:38,7,q98,0,7,75,602,538,4155,3689,71,89,5,0,0,54,3269297,0,0,1300366872,27682256,178371000,0,0,71672,14,14,0,9066327,9066327,0,0,7253935,56508,6.9,0.6
943,2026-05-18 03:01:40,7,q99,0,6,67,845,831,11465,10413,56,80,0,140,0,524,1024550,0,0,343879080,14473528,74473752,0,0,13834,20,20,0,1092296,1092296,0,0,1092296,13834,13.57,0.84
944,2026-05-18 03:01:42,8,q1,0,12,134,763,1272,8339,6915,87,127,0,112,0,1167,406332,0,0,3493632216,6127653,108568026,0,0,2172339,220,220,0,31541287,31541287,0,0,31541287,2172339,10.93,0.76
945,2026-05-18 03:01:43,8,q2,0,9,120,603,550,6567,5919,116,143,0,0,0,340,1203449,0,0,839171944,21747366,110395806,0,0,4756,338,338,0,200702,200702,0,0,76764,3504,10.89,0.6
946,2026-05-18 03:01:45,8,q3,0,4,69,385,374,5072,4758,64,75,0,0,0,89,720988,0,0,240926696,27682256,175143304,0,0,1010,15,15,0,88613,88613,0,0,88613,1010,13.17,0.38
947,2026-05-18 03:01:46,8,q4,0,22,389,8279,41940,129074,108321,370,500,1,2224,0,18495,1682654,0,0,39674206800,49681524,683359278,0,0,102286012,8739,8739,0,2539550644,2539550644,0,0,1275015000,51438627,15.59,8.28
948,2026-05-18 03:01:56,8,q5,0,11,403,2185,5264,32067,26240,349,476,25,400,0,3707,1556334,0,0,3754844192,61225599,592403004,0,0,7889656,1728,1728,0,114764218,114764218,0,0,114764218,7889656,14.68,2.18
949,2026-05-18 03:01:59,8,q5a,0,14,408,2259,5205,30975,26936,313,473,0,608,0,3092,1557151,0,0,4293812064,61225599,592403004,0,0,7891635,1738,1738,0,114931337,114931337,0,0,114798107,7889811,13.71,2.26
950,2026-05-18 03:02:03,8,q6,0,11,92,1633,3287,20792,19008,41,76,1,416,0,2528,5014322,0,0,4851667944,28607305,108733860,0,0,27358702,1158,1158,0,237127054,237127054,0,0,237127054,27358702,12.73,1.63
951,2026-05-18 03:02:06,8,q7,0,9,93,1852,6353,26523,24345,48,84,0,480,0,3518,783559,0,0,838432440,29603556,356553463,0,0,26629749,85,85,0,767598824,767598824,0,0,767598824,26629749,14.32,1.85
952,2026-05-18 03:02:08,8,q8,0,10,75,753,707,7464,6950,82,116,0,34,0,22,1651001,0,0,4865332224,28580358,117278168,0,0,6668,6,6,0,79456,79456,0,0,79456,6668,9.91,0.75
953,2026-05-18 03:02:10,8,q9,0,31,1021,1434,20979,20298,17295,119,565,1,906,0,146,321340,0,0,0,432007560,1172940160,0,0,1005,1005,1005,0,63138,63138,0,0,63138,1005,14.15,1.43
954,2026-05-18 03:02:13,8,q10,0,13,211,1069,2659,12680,11647,33,136,0,0,0,441,594763,0,0,1683225704,51779275,120735650,0,0,4321867,84,84,0,66317919,66317919,0,0,66317919,4321867,11.86,1.07
955,2026-05-18 03:02:15,8,q10a,0,10,210,558,1347,5997,5529,34,145,0,0,0,376,821036,0,0,2194445312,51779275,120735650,0,0,4289247,138,138,0,66290269,66290269,0,0,66290269,4289247,10.75,0.56
956,2026-05-18 03:02:17,8,q11,0,17,258,4308,15959,65867,57246,239,284,1,998,0,9139,1373324,0,0,26856842912,35353393,267813392,0,0,71770406,5474,5474,0,1049683414,1049683414,0,0,536131307,36215116,15.29,4.31
957,2026-05-18 03:02:22,8,q12,0,5,55,501,465,5343,4837,37,59,0,0,0,38,3269297,0,0,862371576,7375137,69292534,0,0,26498,6,6,0,3416917,3416917,0,0,3416917,26498,10.66,0.5
958,2026-05-18 03:02:24,8,q13,0,9,76,1199,2238,17066,15986,11,52,0,0,0,342,1611538,0,0,573747424,29758358,442127593,0,0,193014,17,17,0,2753258,2753258,0,0,2753258,193014,14.23,1.2
959,2026-05-18 03:02:26,8,q14a,0,30,641,6805,15871,82294,69378,471,729,2,2048,0,13241,1777530,0,0,12052039384,147733425,817696760,0,0,62683055,1638,1638,0,832554372,832554372,0,0,829543316,62596531,12.09,6.8
960,2026-05-18 03:02:35,8,q14b,0,24,503,4854,11043,67269,61313,480,577,4,896,0,5774,1777745,0,0,10234366640,126351304,625377074,0,0,68475639,1565,1565,0,934830449,934830449,0,0,491078678,40968432,13.86,4.85
961,2026-05-18 03:02:42,8,q14,0,24,499,3352,8680,42608,39573,433,632,0,435,0,5811,1777960,0,0,8268647616,126351304,625377074,0,0,68314948,1371,1371,0,925505459,925505459,0,0,481753688,40807741,12.71,3.35
962,2026-05-18 03:02:46,8,q15,0,6,83,1585,1578,20197,18633,29,71,0,0,0,2104,5014279,0,0,5245524392,15151180,83588960,0,0,14544315,1088,1088,0,126141563,126141563,0,0,126141563,14544315,12.74,1.58
963,2026-05-18 03:02:49,8,q16,0,8,195,2265,5460,32565,29078,62,142,0,544,0,5261,424379,0,0,4703921456,30563805,216701841,0,0,30114572,2975,2975,0,425546236,425546236,0,0,425546236,30114572,14.38,2.26
964,2026-05-18 03:02:52,8,q17,0,10,217,4796,10917,64269,58907,63,168,0,23,0,7499,6945926,0,0,7880912176,44860789,306329872,0,0,45538041,3319,3319,0,1083953570,1083953570,0,0,1083953570,45538041,13.4,4.8
965,2026-05-18 03:02:58,8,q18,0,12,96,1834,7349,21232,19518,69,92,0,0,0,2619,9713803,0,0,3065959144,19094780,276393850,0,0,14505220,98,98,0,425374885,425374885,0,0,425374885,14505220,11.58,1.83
966,2026-05-18 03:03:01,8,q18a,0,21,170,2576,12420,32797,28716,133,187,0,640,0,3944,9713846,0,0,13017939008,19946780,279627504,0,0,71657644,357,357,0,2102947115,2102947115,0,0,426335063,14562060,12.73,2.58
967,2026-05-18 03:03:05,8,q19,0,7,72,539,512,5715,5270,74,94,0,0,0,36,5014279,0,0,3108604640,28432358,208799922,0,0,2718,3,3,0,190396,190396,0,0,190396,2718,10.6,0.54
968,2026-05-18 03:03:06,8,q20,0,5,67,470,435,4761,4259,61,73,0,0,0,54,3269297,0,0,988820632,14503180,110733060,0,0,36807,6,6,0,4663129,4663129,0,0,4663129,36807,10.13,0.47
969,2026-05-18 03:03:08,8,q21,0,5,54,1050,1041,14403,13691,52,65,0,0,0,21,684758,0,0,385904296,133285059,523170535,0,0,63700,2,2,0,1093197,1093197,0,0,1093197,63700,13.72,1.05
970,2026-05-18 03:03:10,8,q22,0,6,71,17416,17378,159329,157166,121,102,0,995,0,223,4630315,0,0,2847197272,133285059,523150926,0,0,2038920,187,187,0,85798101,85798101,0,0,85798101,2038920,9.15,17.42
971,2026-05-18 03:03:28,8,q22a,0,10,135,2229,2911,26867,22323,184,201,0,0,0,2575,4630315,0,0,11914496448,133285059,523156014,0,0,2703130,857,857,0,135114839,135114839,0,0,33171531,664170,12.05,2.23
972,2026-05-18 03:03:32,8,q23a,0,18,403,6336,13005,94530,86959,356,474,2,1924,0,9662,6577006,0,0,22085629712,106164281,576934608,0,0,43094559,2877,2877,0,1053109860,1053109860,0,0,1008527567,40441747,14.92,6.34
973,2026-05-18 03:03:39,8,q23b,0,21,423,6488,14474,96738,87413,441,541,2,1232,0,9865,6577006,0,0,34872161472,106664281,579986654,0,0,49362664,6636,6636,0,1167746200,1167746200,0,0,1020911877,40904228,14.91,6.49
974,2026-05-18 03:03:47,8,q24,0,12,160,2763,7961,37189,33331,34,108,0,0,2,5846,463487,0,0,4795803152,32530235,250385654,0,0,30468590,2041,2041,0,736174632,736174632,0,0,736174632,30468590,13.46,2.76
975,2026-05-18 03:03:51,8,q24a,0,19,213,4438,9618,53671,49297,113,190,0,768,0,7294,3560798,0,0,14728425696,32632235,249079712,0,0,61448141,4647,4647,0,1495214546,1495214546,0,0,765303292,30991090,12.09,4.44
976,2026-05-18 03:03:56,8,q24b,0,19,213,4222,9311,52889,47624,124,190,0,943,0,6139,3560798,0,0,14722420960,32632235,249079712,0,0,61437701,4647,4647,0,1493987363,1493987363,0,0,764076109,30980650,12.53,4.22
977,2026-05-18 03:04:02,8,q25,0,10,217,4863,11435,65654,60391,57,163,0,832,0,9316,6945926,0,0,7880887560,44860789,397738628,0,0,45538038,3316,3316,0,1103935384,1103935384,0,0,1103935384,45538038,13.5,4.86
978,2026-05-18 03:04:08,8,q26,0,8,87,1085,3523,13955,12808,29,71,0,0,0,2519,783559,0,0,568948504,16424480,222520799,0,0,14338674,72,72,0,390664156,390664156,0,0,390664156,14338674,12.86,1.08
979,2026-05-18 03:04:10,8,q27,0,8,91,1715,6541,24022,21220,23,71,0,704,0,3996,783559,0,0,637313664,29603158,330984235,0,0,26618343,74,74,0,683120336,683120336,0,0,683120336,26618343,14.01,1.72
980,2026-05-18 03:04:13,8,q27a,0,13,130,2274,9640,32677,28324,102,129,0,336,0,4538,783559,0,0,1361438760,29705260,331293045,0,0,79689890,233,233,0,2045386751,2045386751,0,0,683384333,26621186,14.37,2.27
981,2026-05-18 03:04:16,8,q28,0,18,431,2507,14338,37823,28573,323,471,3,1282,0,14584,360776,0,0,27424709080,172803006,1181120100,0,0,1375311,1564,1564,0,24467873,24467873,0,0,24467873,1375311,15.09,2.51
982,2026-05-18 03:04:20,8,q29,0,11,218,4715,11774,63713,59379,63,174,0,675,0,7801,6945926,0,0,7880995000,44933838,306809624,0,0,45538045,3321,3321,0,1083954345,1083954345,0,0,1083954345,45538045,13.51,4.72
983,2026-05-18 03:04:25,8,q30,0,12,128,660,1412,4725,3818,170,172,0,0,0,778,1994073,0,0,3968087040,2698567,84728162,0,0,758073,76,76,0,60290235,60290235,0,0,60290235,758073,7.16,0.66
984,2026-05-18 03:04:27,8,q31,0,19,361,2009,9701,27513,23183,277,368,0,13,0,340,3834112,0,0,8267955576,104591032,556455694,0,0,35774,23,23,0,1274891,1274891,0,0,1208352,34875,13.69,2.01
985,2026-05-18 03:04:30,8,q32,0,7,129,668,1189,8773,8097,43,100,0,0,0,350,708064,0,0,219553416,28831311,213647650,0,0,135308,67,67,0,1892436,1892436,0,0,1892436,135308,13.13,0.67
986,2026-05-18 03:04:32,8,q33,0,9,186,944,1707,12338,11314,167,214,2,0,0,108,1087812,0,0,2700416024,49562475,406209848,0,0,7609,8,8,0,210206,210206,0,0,210206,7609,13.07,0.94
987,2026-05-18 03:04:34,8,q34,0,9,104,733,978,9546,8541,99,109,0,0,0,1064,908141,0,0,397086752,28087558,87187312,0,0,1010675,85,85,0,34409535,34409535,0,0,17491770,510675,13.02,0.73
988,2026-05-18 03:04:36,8,q35,0,12,216,1446,2757,17651,14958,54,151,0,975,0,1461,2112212,0,0,5209334768,51779275,120469410,0,0,8052611,351,351,0,39149825,39149825,0,0,39149825,8052611,12.21,1.45
989,2026-05-18 03:04:38,8,q35a,0,11,216,1005,2213,11127,10015,43,158,0,0,0,1340,2112212,0,0,4420805904,51779275,120469410,0,0,8049848,363,363,0,39176588,39176588,0,0,39176588,8049848,11.07,1.0
990,2026-05-18 03:04:40,8,q36,0,6,71,673,641,8216,7557,66,84,0,0,0,132,1858292,0,0,1770423992,27682358,272625812,0,0,2238,14,14,0,177240,177240,0,0,177240,2238,12.21,0.67
991,2026-05-18 03:04:42,8,q36a,0,9,76,871,807,10568,9747,82,93,0,0,0,152,1858292,0,0,2309391864,27682358,272625812,0,0,6097,45,45,0,506805,506805,0,0,183763,2255,12.13,0.87
992,2026-05-18 03:04:44,8,q37,0,6,132,1043,1687,13567,12611,31,91,0,0,0,1812,300400,0,0,949600864,147685474,583391793,0,0,4316414,1074,1074,0,66666749,66666749,0,0,66666749,14400617,13.01,1.04
993,2026-05-18 03:04:46,8,q38,0,13,266,2278,6153,33613,27627,115,211,0,1104,0,4686,2992804,0,0,14880596040,49608475,112842050,0,0,12908807,1346,1346,0,99167332,99167332,0,0,72992444,11908807,14.76,2.28
994,2026-05-18 03:04:49,8,q39a,0,11,149,2255,3903,28688,26373,240,233,0,528,0,540,801878,0,0,4135752968,266468108,1044999740,0,0,2587909,102,102,0,54248007,54248007,0,0,33889570,1567909,12.72,2.26
995,2026-05-18 03:04:53,8,q39b,0,11,149,1363,2502,16698,16490,195,237,0,0,0,201,684715,0,0,4037186824,266468108,1044999740,0,0,2551488,102,102,0,53122748,53122748,0,0,32764311,1531488,12.25,1.36
996,2026-05-18 03:04:55,8,q40,0,7,133,1726,3964,24452,20846,32,103,0,1200,0,4837,348211,0,0,4141621464,15943072,160910918,0,0,15748014,1921,1921,0,314097218,314097218,0,0,314097218,15748014,14.17,1.73
997,2026-05-18 03:04:58,8,q41,0,4,4,138,113,99,99,3,3,0,0,0,7,13527,0,0,135268304,204000,1272987,0,0,140,2,2,0,9680,9680,0,0,9680,140,0.72,0.14
998,2026-05-18 03:04:59,8,q42,0,4,69,351,343,4716,4327,60,75,0,0,0,10,719268,0,0,361643416,27682256,175012340,0,0,32,3,3,0,2656,2656,0,0,2656,32,13.44,0.35
999,2026-05-18 03:05:01,8,q43,0,4,69,447,428,5883,5246,70,87,0,0,0,56,721031,0,0,223324760,27580358,92393362,0,0,294,14,14,0,37327,37327,0,0,37327,294,13.16,0.45
1000,2026-05-18 03:05:02,8,q44,0,8,152,639,700,7839,6734,75,143,0,0,0,1988,1665021,0,0,2147935336,57703002,325654173,0,0,991985,1019,1019,0,15013054,15013054,0,0,7510252,496103,12.27,0.64
1001,2026-05-18 03:05:04,8,q45,0,8,73,1047,1113,13002,11162,71,64,0,720,0,1907,5014279,0,0,5068807392,8227137,74049122,0,0,7447479,880,880,0,100357151,100357151,0,0,100357151,7447479,12.42,1.05
1002,2026-05-18 03:05:06,8,q46,0,9,88,755,988,8739,7763,116,129,0,0,0,1036,3376534,0,0,1865078648,28337558,223735832,0,0,529456,69,69,0,17624191,17624191,0,0,17624191,529456,11.57,0.76
1003,2026-05-18 03:05:08,8,q47,0,11,111,1436,2001,16245,14553,132,154,0,0,0,1449,2307790,0,0,6164710032,27682358,164292904,0,0,1188303,557,557,0,45099824,45099824,0,0,31097353,822201,11.31,1.44
1004,2026-05-18 03:05:10,8,q48,0,8,91,1214,2224,17674,15691,73,84,0,1120,0,1697,1686071,0,0,620257344,29751158,253754317,0,0,4383965,86,86,0,101320820,101320820,0,0,101320820,4383965,14.56,1.21
1005,2026-05-18 03:05:13,8,q49,0,18,387,2066,8620,29933,25070,81,275,0,720,0,8867,320495,0,0,4516096824,54145455,723228567,0,0,15195840,337,337,0,341356024,341356024,0,0,341356024,15195840,14.49,2.07
1006,2026-05-18 03:05:16,8,q50,0,7,137,2509,5905,34457,31840,26,102,0,0,0,4775,373053,0,0,4687124776,30430658,175355068,0,0,29262054,1989,1989,0,613521501,613521501,0,0,613521501,29262054,13.73,2.51
1007,2026-05-18 03:05:19,8,q51,0,10,218,2914,4218,40669,35586,217,271,0,528,0,4887,536931,0,0,10760036720,34780344,215300374,0,0,23550796,1826,1826,0,399477556,399477556,0,0,399477556,23550796,13.96,2.91
1008,2026-05-18 03:05:23,8,q51a,0,14,285,20354,24154,269149,258833,323,398,6,2820,0,5068,567630,0,0,27699775816,34780344,215300374,0,0,46681572,2728,2728,0,770734582,770734582,0,0,558633027,35219606,13.22,20.35
1009,2026-05-18 03:05:45,8,q52,0,4,69,428,418,5474,4953,63,77,0,0,0,43,719397,0,0,361643416,27682256,175143412,0,0,1253,3,3,0,78201,78201,0,0,78201,1253,12.79,0.43
1010,2026-05-18 03:05:46,8,q53,0,6,71,520,504,6221,5660,67,83,0,0,0,428,905217,0,0,377079056,27682358,164829516,0,0,16165,15,15,0,408667,408667,0,0,408667,16165,11.96,0.52
1011,2026-05-18 03:05:48,8,q54,0,17,221,1873,6956,24758,20106,148,226,0,336,0,3964,5014279,0,0,5714824408,50179724,254216284,0,0,27925422,310,310,0,266485912,266485912,0,0,266485912,27925422,13.22,1.87
1012,2026-05-18 03:05:51,8,q55,0,4,69,516,504,7269,6620,61,76,0,0,0,56,719311,0,0,428752256,27682256,175143412,0,0,1135,3,3,0,68028,68028,0,0,68028,1135,14.09,0.52
1013,2026-05-18 03:05:52,8,q56,0,9,186,720,1351,8727,7789,160,213,0,0,0,100,1088027,0,0,2175177976,49562475,406474536,0,0,9560,8,8,0,277255,277255,0,0,277255,9560,12.12,0.72
1014,2026-05-18 03:05:54,8,q57,0,11,116,1324,2038,16296,12168,149,168,0,1141,0,1687,2307790,0,0,7200266704,14503204,110662841,0,0,1383219,710,710,0,54933681,54933681,0,0,38383959,962849,12.31,1.32
1015,2026-05-18 03:05:57,8,q58,0,10,185,949,2054,11762,10572,191,208,0,0,0,76,1076767,0,0,2551216384,49356573,346801998,0,0,135107,4,4,0,1828873,1828873,0,0,1828873,135107,12.39,0.95
1016,2026-05-18 03:05:59,8,q59,0,10,75,831,881,7352,6546,68,84,0,0,0,1105,754364,0,0,4767648528,27726558,92696242,0,0,70176,134,134,0,2819225,2819225,0,0,1588690,53703,8.85,0.83
1017,2026-05-18 03:06:01,8,q60,0,9,186,1055,1854,13844,12504,182,216,0,0,0,177,1088070,0,0,2730483240,49562475,406410552,0,0,62086,11,11,0,1172891,1172891,0,0,1172891,62086,13.12,1.06
1018,2026-05-18 03:06:03,8,q61,0,10,140,1194,1830,16331,15553,9,79,0,0,0,18,5014279,0,0,4114268400,55940065,442550324,0,0,132,132,132,0,7536,7536,0,0,7536,132,13.68,1.19
1019,2026-05-18 03:06:05,8,q62,0,6,55,630,618,8811,6914,117,69,0,1040,0,870,826895,0,0,290368584,7273209,32942921,0,0,6738,17,17,0,552322,552322,0,0,552322,6738,13.99,0.63
1020,2026-05-18 03:06:07,8,q63,0,6,71,576,561,7336,6738,71,86,0,0,0,284,905217,0,0,377013520,27682358,164831636,0,0,3687,15,15,0,139756,139756,0,0,139756,3687,12.74,0.58
1021,2026-05-18 03:06:08,8,q64,0,33,489,9287,40373,140019,124404,530,698,3,1200,0,19682,1086691,0,0,42845976528,49224915,554753421,0,0,66198164,9180,9180,0,2330744062,2330744062,0,0,2093202009,55680264,15.08,9.29
1022,2026-05-18 03:06:19,8,q65,0,10,188,1481,2630,21019,18666,209,239,1,384,0,2101,9164527,0,0,6973681856,55189565,331105822,0,0,12118897,561,561,0,395472051,395472051,0,0,395472051,12118897,14.19,1.48
1023,2026-05-18 03:06:22,8,q66,0,8,119,1135,1515,13478,11018,179,235,0,0,0,104,1023690,0,0,2539847856,21687698,256846431,0,0,270,27,27,0,99522,99522,0,0,99522,270,11.87,1.14
1024,2026-05-18 03:06:24,8,q67,0,6,87,5962,5914,75054,72567,100,131,0,932,0,1093,4630315,0,0,7731250296,27682358,196558995,0,0,8547444,255,255,0,588025508,588025508,0,0,588025508,8547444,12.59,5.96
1025,2026-05-18 03:06:31,8,q67a,0,14,229,10108,34341,139401,130190,336,394,0,1274,0,5457,4630315,0,0,27839457704,27682358,196558995,0,0,53570770,2150,2150,0,3473889114,3473889114,0,0,795502802,12999562,13.79,10.11
1026,2026-05-18 03:06:42,8,q68,0,9,88,836,1000,10432,9345,114,128,0,0,0,844,3376534,0,0,1836459800,28337558,342924944,0,0,507674,58,58,0,16407935,16407935,0,0,16407935,507674,12.48,0.84
1027,2026-05-18 03:06:44,8,q69,0,13,211,1050,2509,11987,10972,36,137,0,0,0,613,467445,0,0,1686012184,51779275,120539042,0,0,3828287,67,67,0,62008200,62008200,0,0,62008200,3828287,11.42,1.05
1028,2026-05-18 03:06:46,8,q70,0,9,139,981,926,12203,11267,146,187,0,0,0,77,1369128,0,0,1587645624,55087667,227527888,0,0,249,30,30,0,13762,13762,0,0,13762,249,12.44,0.98
1029,2026-05-18 03:06:48,8,q70a,0,12,144,1166,1047,14030,11647,168,194,0,0,0,76,1365303,0,0,1119979840,55087667,227527888,0,0,276,59,59,0,17527,17527,0,0,9675,198,12.03,1.17
1030,2026-05-18 03:06:51,8,q71,0,7,184,1016,984,13069,12143,176,243,0,0,0,111,3341705,0,0,1362478064,49296875,359456002,0,0,31955,17,17,0,1445052,1445052,0,0,893499,20983,12.86,1.02
1031,2026-05-18 03:06:53,8,q72,0,16,230,16688,28379,226881,219833,131,225,1,2048,0,9493,6577006,0,0,19933730552,151127670,707173824,0,0,142630673,5240,5240,0,2054109950,2054109950,0,0,2054109950,142630673,13.6,16.69
1032,2026-05-18 03:07:11,8,q73,0,9,104,582,827,7555,6883,97,102,0,160,0,431,907668,0,0,395522080,28087558,87187312,0,0,1002732,67,67,0,33999056,33999056,0,0,17081291,502732,12.98,0.58
1033,2026-05-18 03:07:12,8,q74,0,15,233,3792,12919,58726,51483,165,251,0,320,3,7715,1428911,0,0,22921014288,35353393,187654900,0,0,71557457,4867,4867,0,760549308,760549308,0,0,388587442,36002167,15.49,3.79
1034,2026-05-18 03:07:17,8,q75,0,19,578,3842,14368,58864,48375,142,425,0,1280,0,10952,575285,0,0,12471749904,103356738,960216234,0,0,14156496,2600,2600,0,343447712,343447712,0,0,230989374,9118708,15.32,3.84
1035,2026-05-18 03:07:22,8,q76,0,4,181,1151,1123,16346,15183,177,240,0,0,0,645,2886810,0,0,13801848136,49141969,393296636,0,0,2307,178,178,0,246571,246571,0,0,246571,2307,14.2,1.15
1036,2026-05-18 03:07:24,8,q77,0,14,338,1212,5203,16546,14763,177,313,0,0,0,73,719225,0,0,1386293464,54013669,520712344,0,0,838,63,63,0,62565,62565,0,0,62565,838,13.65,1.21
1037,2026-05-18 03:07:27,8,q77a,0,17,343,1320,5000,16236,14614,183,321,0,0,0,91,719225,0,0,1992370176,54013669,520712344,0,0,1313,74,74,0,119317,119317,0,0,77821,983,12.3,1.32
1038,2026-05-18 03:07:29,8,q78,0,12,382,6959,20612,104215,95722,220,344,0,960,0,10913,7360180,0,0,23440107088,54219312,629070584,0,0,54207585,4641,4641,0,1581114373,1581114373,0,0,1581114373,54207585,14.98,6.96
1039,2026-05-18 03:07:37,8,q79,0,8,86,711,872,8634,7566,92,116,0,0,0,1265,2321400,0,0,3200173264,28087558,221286712,0,0,581366,141,141,0,16856485,16856485,0,0,16856485,581366,12.14,0.71
1040,2026-05-18 03:07:39,8,q80,0,17,389,6963,31200,106408,98057,89,292,0,1384,0,13551,396363,0,0,14185165104,54260907,753816612,0,0,53052375,5630,5630,0,1574167848,1574167848,0,0,1574167848,53052375,15.28,6.96
1041,2026-05-18 03:07:47,8,q80a,0,20,394,6760,29506,102335,94766,97,309,0,976,0,13635,396320,0,0,14657024136,54260907,753816612,0,0,53053332,5641,5641,0,1574283460,1574283460,0,0,1574180710,53052306,15.14,6.76
1042,2026-05-18 03:07:55,8,q81,0,15,136,646,1547,5927,4926,151,176,0,0,0,735,1994073,0,0,4757671472,4202813,120332210,0,0,1389733,132,132,0,37657316,37657316,0,0,37657316,1389733,9.17,0.65
1043,2026-05-18 03:07:57,8,q82,0,6,137,1393,2394,17792,15720,32,100,0,176,0,2520,325422,0,0,1721378256,162085550,618697681,0,0,13778665,1171,1171,0,135990185,135990185,0,0,135990185,28800829,12.77,1.39
1044,2026-05-18 03:08:00,8,q83,0,10,157,609,1356,6723,5785,149,173,0,0,0,228,821730,0,0,2454086016,5226039,97536411,0,0,43611,11,11,0,713915,713915,0,0,713915,43611,11.04,0.61
1045,2026-05-18 03:08:01,8,q84,0,9,73,728,1375,4750,3827,31,52,0,0,0,1802,9713760,0,0,100948512,5555652,27854895,0,0,2778987,65,65,0,15445745,15445745,0,0,15445745,2778987,6.52,0.73
1046,2026-05-18 03:08:03,8,q85,0,14,146,1116,4913,14973,10893,73,129,0,928,0,4652,1611538,0,0,3522586704,12085256,163938312,0,0,3025215,1744,1744,0,68690797,68690797,0,0,68690797,3025215,13.42,1.12
1047,2026-05-18 03:08:05,8,q86,0,5,54,512,475,5811,5296,44,59,1,0,0,94,1858292,0,0,1398655400,7375137,65640862,0,0,1915,12,12,0,135930,135930,0,0,135930,1915,11.35,0.51
1048,2026-05-18 03:08:07,8,q86a,0,8,59,511,455,4380,3804,46,62,0,210,0,114,1858292,0,0,1937622872,7375137,65640862,0,0,5122,39,39,0,389397,389397,0,0,143801,1930,8.57,0.51
1049,2026-05-18 03:08:08,8,q87,0,13,266,2249,6070,32852,27082,112,215,0,0,0,4234,2992804,0,0,14880596040,49608475,112842050,0,0,12908807,1346,1346,0,99167332,99167332,0,0,72992444,11908807,14.61,2.25
1050,2026-05-18 03:08:12,8,q88,0,26,554,1460,9858,21108,18999,21,299,0,270,0,161,335348,0,0,1725092416,231102510,472553640,0,0,536,536,536,0,31619,31619,0,0,31619,536,14.46,1.46
1051,2026-05-18 03:08:14,8,q89,0,6,71,554,537,6292,5165,64,85,0,0,0,666,905088,0,0,1316733360,27682358,164563240,0,0,16454,15,15,0,1056131,1056131,0,0,1056131,16454,11.36,0.55
1052,2026-05-18 03:08:16,8,q90,0,8,106,341,536,4620,4119,3,54,0,0,0,12,249779,0,0,323739200,14580376,66265216,0,0,100,100,100,0,5900,5900,0,0,5900,100,13.55,0.34
1053,2026-05-18 03:08:17,8,q91,0,11,62,365,426,2400,2096,58,78,0,0,0,42,9527061,0,0,2986896344,4190955,59315149,0,0,109809,8,8,0,1094555,1094555,0,0,1091937,109792,6.58,0.36
1054,2026-05-18 03:08:19,8,q92,0,7,105,567,989,7302,6507,39,80,0,0,0,481,709229,0,0,191374440,14575225,130635526,0,0,94062,53,53,0,1376229,1376229,0,0,1376229,94062,12.88,0.57
1055,2026-05-18 03:08:20,8,q93,0,5,136,4077,6245,55896,52583,27,101,0,864,0,5158,321584,0,0,5766380072,31678178,236541444,0,0,31635854,2006,2006,0,788241663,788241663,0,0,788241663,31635854,13.71,4.08
1056,2026-05-18 03:08:26,8,q94,0,8,171,1638,4196,23381,20260,43,115,0,420,0,3574,4007853,0,0,3571011840,15443541,143939774,0,0,14397040,1717,1717,0,225790004,225790004,0,0,225790004,14397040,14.27,1.64
1057,2026-05-18 03:08:28,8,q95,0,8,171,3723,5870,51988,41910,57,118,0,957,0,4201,4010610,0,0,14560086280,15443541,143677630,0,0,35990240,4267,4267,0,331280816,331280816,0,0,205215617,14395274,13.96,3.72
1058,2026-05-18 03:08:33,8,q96,0,5,71,260,256,3460,3176,4,38,0,0,0,8,334703,0,0,213972808,28894203,59125646,0,0,67,67,67,0,3950,3950,0,0,3950,67,13.31,0.26
1059,2026-05-18 03:08:34,8,q97,0,5,147,1762,2334,24853,20766,85,151,0,144,0,957,536200,0,0,7340928768,41908387,183291428,0,0,8381430,493,493,0,96998577,96998577,0,0,96998577,8381430,14.1,1.76
1060,2026-05-18 03:08:37,8,q98,0,7,75,652,591,4522,4201,68,82,2,0,0,52,3269297,0,0,1300366872,27682256,178371000,0,0,71672,14,14,0,9066327,9066327,0,0,7253935,56508,6.94,0.65
1061,2026-05-18 03:08:39,8,q99,0,6,67,503,489,5935,4751,62,85,0,240,0,815,1024980,0,0,343879080,14473528,74473752,0,0,13834,20,20,0,1092296,1092296,0,0,1092296,13834,11.8,0.5
1062,2026-05-18 03:08:40,9,q1,0,12,134,828,1334,8471,6593,93,130,7,283,0,1304,406805,0,0,3493632216,6127653,108568026,0,0,2172339,220,220,0,31541287,31541287,0,0,31541287,2172339,10.23,0.83
1063,2026-05-18 03:08:42,9,q2,0,9,120,623,571,6886,6028,118,148,0,196,0,363,1204825,0,0,839171944,21747366,110395806,0,0,4756,338,338,0,200702,200702,0,0,76764,3504,11.05,0.62
1064,2026-05-18 03:08:44,9,q3,0,4,69,342,330,4334,4031,63,75,0,0,0,93,720988,0,0,240926696,27682256,175143304,0,0,1010,15,15,0,88613,88613,0,0,88613,1010,12.67,0.34
1065,2026-05-18 03:08:45,9,q4,0,22,389,8334,42059,129708,107461,363,484,0,2160,0,20219,1682654,0,0,39674206800,49681524,683359278,0,0,102286012,8739,8739,0,2539550644,2539550644,0,0,1275015000,51438627,15.56,8.33
1066,2026-05-18 03:08:55,9,q5,0,11,403,2304,5627,34012,25995,349,484,1,224,0,5291,1556334,0,0,3754844192,61225599,592403004,0,0,7889656,1728,1728,0,114764218,114764218,0,0,114764218,7889656,14.76,2.3
1067,2026-05-18 03:08:58,9,q5a,0,14,408,2286,5327,31038,26839,327,479,0,1132,0,3277,1555732,0,0,4293812064,61225599,592403004,0,0,7891635,1738,1738,0,114931337,114931337,0,0,114798107,7889811,13.58,2.29
1068,2026-05-18 03:09:02,9,q6,0,11,92,1741,3452,22289,20845,46,79,0,0,0,2521,5014279,0,0,4851667944,28607305,108733860,0,0,27358702,1158,1158,0,237127054,237127054,0,0,237127054,27358702,12.8,1.74
1069,2026-05-18 03:09:05,9,q7,0,9,93,1901,6797,26845,23630,26,74,0,960,0,4211,783559,0,0,838432440,29603556,356553463,0,0,26629749,85,85,0,767598824,767598824,0,0,767598824,26629749,14.12,1.9
1070,2026-05-18 03:09:08,9,q8,0,10,75,756,708,7986,7519,87,110,0,0,0,22,1650915,0,0,4865332224,28580358,117278168,0,0,6668,6,6,0,79456,79456,0,0,79456,6668,10.56,0.76
1071,2026-05-18 03:09:10,9,q9,0,31,1021,1580,23178,22394,17272,53,565,3,1315,0,153,321168,0,0,0,432007560,1172940160,0,0,1005,1005,1005,0,63138,63138,0,0,63138,1005,14.17,1.58
1072,2026-05-18 03:09:12,9,q10,0,13,211,1115,2747,13704,12704,30,135,0,0,0,389,594763,0,0,1683225704,51779275,120735650,0,0,4321867,84,84,0,66317919,66317919,0,0,66317919,4321867,12.29,1.12
1073,2026-05-18 03:09:14,9,q10a,0,10,210,530,1282,5391,5002,29,143,0,0,0,347,821036,0,0,2194445312,51779275,120735650,0,0,4289247,138,138,0,66290269,66290269,0,0,66290269,4289247,10.17,0.53
1074,2026-05-18 03:09:16,9,q11,0,17,258,4220,14354,65159,55166,196,290,0,592,0,9017,1373324,0,0,26856842912,35353393,267813392,0,0,71770406,5474,5474,0,1049683414,1049683414,0,0,536131307,36215116,15.44,4.22
1075,2026-05-18 03:09:21,9,q12,0,5,55,514,478,5621,5021,42,60,0,0,0,41,3269297,0,0,862371576,7375137,69292534,0,0,26498,6,6,0,3416917,3416917,0,0,3416917,26498,10.94,0.51
1076,2026-05-18 03:09:23,9,q13,0,9,76,1142,2153,16107,14220,22,53,0,688,0,322,1611538,0,0,573747424,29758358,442127593,0,0,193014,17,17,0,2753258,2753258,0,0,2753258,193014,14.1,1.14
1077,2026-05-18 03:09:25,9,q14a,0,30,641,6929,15267,84979,70241,458,719,3,2432,0,16282,1777573,0,0,12052039384,147733425,817696760,0,0,62683055,1638,1638,0,832554372,832554372,0,0,829543316,62596531,12.26,6.93
1078,2026-05-18 03:09:35,9,q14b,0,24,503,4378,10553,60392,55170,468,593,1,869,0,6160,1777358,0,0,10234366640,126351304,625377074,0,0,68475639,1565,1565,0,934830449,934830449,0,0,491078678,40968432,13.79,4.38
1079,2026-05-18 03:09:41,9,q14,0,24,499,3192,8612,41408,37788,462,634,0,833,0,6489,1778175,0,0,8268647616,126351304,625377074,0,0,68314948,1371,1371,0,925505459,925505459,0,0,481753688,40807741,12.97,3.19
1080,2026-05-18 03:09:45,9,q15,0,6,83,1698,1686,21371,19272,34,72,0,288,0,1735,5014279,0,0,5245524392,15151180,83588960,0,0,14544315,1088,1088,0,126141563,126141563,0,0,126141563,14544315,12.59,1.7
1081,2026-05-18 03:09:48,9,q16,0,8,195,2374,6535,33857,30809,49,147,0,180,0,5353,424078,0,0,4703921456,30563805,216701841,0,0,30114572,2975,2975,0,425546236,425546236,0,0,425546236,30114572,14.26,2.37
1082,2026-05-18 03:09:51,9,q17,0,10,217,4717,11213,63994,59930,61,171,0,432,0,7749,6945969,0,0,7880912176,44860789,306329872,0,0,45538041,3319,3319,0,1083953570,1083953570,0,0,1083953570,45538041,13.57,4.72
1083,2026-05-18 03:09:57,9,q18,0,12,96,1763,6872,19921,15895,67,86,0,672,0,3389,9713760,0,0,3065959144,19094780,276393850,0,0,14505220,98,98,0,425374885,425374885,0,0,425374885,14505220,11.3,1.76
1084,2026-05-18 03:10:00,9,q18a,0,21,170,2573,12229,32938,29944,127,186,1,0,0,3066,9713760,0,0,13017939008,19946780,279627504,0,0,71657644,357,357,0,2102947115,2102947115,0,0,426335063,14562060,12.8,2.57
1085,2026-05-18 03:10:04,9,q19,0,7,72,658,643,7608,6969,77,93,0,0,0,34,5014279,0,0,3108604640,28432358,208799922,0,0,2718,3,3,0,190396,190396,0,0,190396,2718,11.56,0.66
1086,2026-05-18 03:10:05,9,q20,0,5,67,533,497,5689,5124,61,75,0,0,0,39,3269297,0,0,988820632,14503180,110733060,0,0,36807,6,6,0,4663129,4663129,0,0,4663129,36807,10.67,0.53
1087,2026-05-18 03:10:07,9,q21,0,5,54,1178,1170,16596,14516,52,67,0,1056,0,28,685575,0,0,385904296,133285059,523170535,0,0,63700,2,2,0,1093197,1093197,0,0,1093197,63700,14.09,1.18
1088,2026-05-18 03:10:09,9,q22,0,6,71,19103,19065,151644,149967,102,102,0,662,0,216,4630315,0,0,2847197272,133285059,523150926,0,0,2038920,187,187,0,85798101,85798101,0,0,85798101,2038920,7.94,19.1
1089,2026-05-18 03:10:29,9,q22a,0,10,135,2136,2883,24828,20445,183,206,0,0,0,2609,4630315,0,0,11914496448,133285059,523156014,0,0,2703130,857,857,0,135114839,135114839,0,0,33171531,664170,11.62,2.14
1090,2026-05-18 03:10:33,9,q23a,0,18,403,6222,12789,92857,85610,388,485,2,1728,0,9636,6577006,0,0,22085629712,106164281,576934608,0,0,43094559,2877,2877,0,1053109860,1053109860,0,0,1008527567,40441747,14.92,6.22
1091,2026-05-18 03:10:40,9,q23b,0,21,423,6578,14396,98548,90827,418,540,2,1488,0,9609,6577006,0,0,34872161472,106664281,579986654,0,0,49362664,6636,6636,0,1167746200,1167746200,0,0,1020911877,40904228,14.98,6.58
1092,2026-05-18 03:10:48,9,q24,0,12,160,2891,8299,39596,34087,39,110,0,368,0,5770,463487,0,0,4795803152,32530235,250385654,0,0,30468590,2041,2041,0,736174632,736174632,0,0,736174632,30468590,13.7,2.89
1093,2026-05-18 03:10:52,9,q24a,0,19,213,4342,9179,52080,49325,115,190,0,0,0,6291,3560798,0,0,14728425696,32632235,249079712,0,0,61448141,4647,4647,0,1495214546,1495214546,0,0,765303292,30991090,11.99,4.34
1094,2026-05-18 03:10:57,9,q24b,0,19,213,4167,9300,51042,47752,113,192,0,816,0,6468,3560798,0,0,14722420960,32632235,249079712,0,0,61437701,4647,4647,0,1493987363,1493987363,0,0,764076109,30980650,12.25,4.17
1095,2026-05-18 03:11:03,9,q25,0,10,217,4743,11126,64414,60075,52,168,0,656,0,7845,6945926,0,0,7880887560,44860789,397738628,0,0,45538038,3316,3316,0,1103935384,1103935384,0,0,1103935384,45538038,13.58,4.74
1096,2026-05-18 03:11:08,9,q26,0,8,87,1221,3919,15933,14663,35,73,0,0,0,2432,783559,0,0,568948504,16424480,222520799,0,0,14338674,72,72,0,390664156,390664156,0,0,390664156,14338674,13.05,1.22
1097,2026-05-18 03:11:11,9,q27,0,8,91,1709,5954,24080,21860,33,79,0,512,0,3205,783559,0,0,637313664,29603158,330984235,0,0,26618343,74,74,0,683120336,683120336,0,0,683120336,26618343,14.09,1.71
1098,2026-05-18 03:11:13,9,q27a,0,13,130,2288,9419,33565,30627,61,110,0,656,0,4338,783559,0,0,1361438760,29705260,331293045,0,0,79689890,233,233,0,2045386751,2045386751,0,0,683384333,26621186,14.67,2.29
1099,2026-05-18 03:11:17,9,q28,0,18,431,2585,14875,39268,29858,341,471,1,1376,0,14253,360690,0,0,27424709080,172803006,1181120100,0,0,1375311,1564,1564,0,24467873,24467873,0,0,24467873,1375311,15.19,2.58
1100,2026-05-18 03:11:20,9,q29,0,11,218,4666,11295,62721,59349,56,167,1,0,0,7369,6945969,0,0,7880995000,44933838,306809624,0,0,45538045,3321,3321,0,1083954345,1083954345,0,0,1083954345,45538045,13.44,4.67
1101,2026-05-18 03:11:26,9,q30,0,12,128,713,1537,5391,3731,160,166,0,512,0,898,1994073,0,0,3968087040,2698567,84728162,0,0,758073,76,76,0,60290235,60290235,0,0,60290235,758073,7.56,0.71
1102,2026-05-18 03:11:28,9,q31,0,19,361,2309,11354,32773,27039,247,376,0,0,0,681,3834069,0,0,8267955576,104591032,556455694,0,0,35774,23,23,0,1274891,1274891,0,0,1208352,34875,14.19,2.31
1103,2026-05-18 03:11:31,9,q32,0,7,129,557,967,7029,6388,46,99,0,0,0,305,708064,0,0,219553416,28831311,213647650,0,0,135308,67,67,0,1892436,1892436,0,0,1892436,135308,12.62,0.56
1104,2026-05-18 03:11:33,9,q33,0,9,186,734,1225,8922,8042,178,218,0,0,0,109,1088027,0,0,2700416024,49562475,406209848,0,0,7609,8,8,0,210206,210206,0,0,210206,7609,12.16,0.73
1105,2026-05-18 03:11:35,9,q34,0,9,104,735,975,9603,8699,98,110,0,0,0,964,908141,0,0,397086752,28087558,87187312,0,0,1010675,85,85,0,34409535,34409535,0,0,17491770,510675,13.07,0.74
1106,2026-05-18 03:11:37,9,q35,0,12,216,1467,3462,18062,14538,71,154,1,0,0,1294,2112212,0,0,5209334768,51779275,120469410,0,0,8052611,351,351,0,39149825,39149825,0,0,39149825,8052611,12.31,1.47
1107,2026-05-18 03:11:39,9,q35a,0,11,216,891,1767,9219,8338,40,158,0,0,0,1284,2112212,0,0,4420805904,51779275,120469410,0,0,8049848,363,363,0,39176588,39176588,0,0,39176588,8049848,10.35,0.89
1108,2026-05-18 03:11:41,9,q36,0,6,71,753,719,9434,8698,68,88,0,0,0,199,1858292,0,0,1770423992,27682358,272625812,0,0,2238,14,14,0,177240,177240,0,0,177240,2238,12.53,0.75
1109,2026-05-18 03:11:43,9,q36a,0,9,76,709,645,7665,7058,72,90,0,0,0,221,1858292,0,0,2309391864,27682358,272625812,0,0,6097,45,45,0,506805,506805,0,0,183763,2255,10.81,0.71
1110,2026-05-18 03:11:45,9,q37,0,6,132,1271,2126,16872,14026,27,94,0,1014,0,2605,300787,0,0,949600864,147685474,583391793,0,0,4316414,1074,1074,0,66666749,66666749,0,0,66666749,14400617,13.27,1.27
1111,2026-05-18 03:11:47,9,q38,0,13,266,1979,5306,28663,23290,109,213,0,0,0,4649,2992804,0,0,14880596040,49608475,112842050,0,0,12908807,1346,1346,0,99167332,99167332,0,0,72992444,11908807,14.48,1.98
1112,2026-05-18 03:11:50,9,q39a,0,11,149,2227,3868,29536,26659,313,231,0,1216,0,575,801878,0,0,4135752968,266468108,1044999740,0,0,2587909,102,102,0,54248007,54248007,0,0,33889570,1567909,13.26,2.23
1113,2026-05-18 03:11:53,9,q39b,0,11,149,1369,2510,16567,16371,206,243,0,0,0,190,684715,0,0,4037186824,266468108,1044999740,0,0,2551488,102,102,0,53122748,53122748,0,0,32764311,1531488,12.1,1.37
1114,2026-05-18 03:11:56,9,q40,0,7,133,1702,4323,23758,20354,30,104,0,1410,0,4299,348211,0,0,4141621464,15943072,160910918,0,0,15748014,1921,1921,0,314097218,314097218,0,0,314097218,15748014,13.96,1.7
1115,2026-05-18 03:11:59,9,q41,0,4,4,140,115,99,99,4,4,0,0,0,7,13527,0,0,135268304,204000,1272987,0,0,140,2,2,0,9680,9680,0,0,9680,140,0.71,0.14
1116,2026-05-18 03:12:00,9,q42,0,4,69,323,314,4250,3841,69,77,0,0,0,9,719440,0,0,361643416,27682256,175012340,0,0,32,3,3,0,2656,2656,0,0,2656,32,13.16,0.32
1117,2026-05-18 03:12:01,9,q43,0,4,69,499,480,6723,6072,65,85,0,0,0,55,720902,0,0,223324760,27580358,92393362,0,0,294,14,14,0,37327,37327,0,0,37327,294,13.47,0.5
1118,2026-05-18 03:12:03,9,q44,0,8,152,616,671,7655,6632,74,144,0,0,0,2013,1665021,0,0,2147935336,57703002,325654173,0,0,991985,1019,1019,0,15013054,15013054,0,0,7510252,496103,12.43,0.62
1119,2026-05-18 03:12:04,9,q45,0,8,73,1330,1390,17611,15546,26,62,0,720,0,2039,5014279,0,0,5068807392,8227137,74049122,0,0,7447479,880,880,0,100357151,100357151,0,0,100357151,7447479,13.24,1.33
1120,2026-05-18 03:12:07,9,q46,0,9,88,1017,1174,12834,11684,115,128,0,0,0,1181,3376534,0,0,1865078648,28337558,223735832,0,0,529456,69,69,0,17624191,17624191,0,0,17624191,529456,12.62,1.02
1121,2026-05-18 03:12:09,9,q47,0,11,111,1423,2012,15887,13878,136,155,0,0,0,1293,2307790,0,0,6164710032,27682358,164292904,0,0,1188303,557,557,0,45099824,45099824,0,0,31097353,822201,11.16,1.42
1122,2026-05-18 03:12:11,9,q48,0,8,91,1217,2210,17823,15552,43,80,0,1136,0,1830,1686114,0,0,620257344,29751158,253754317,0,0,4383965,86,86,0,101320820,101320820,0,0,101320820,4383965,14.65,1.22
1123,2026-05-18 03:12:14,9,q49,0,18,387,2336,9511,34072,29167,88,275,0,690,0,9034,320538,0,0,4516096824,54145455,723228567,0,0,15195840,337,337,0,341356024,341356024,0,0,341356024,15195840,14.59,2.34
1124,2026-05-18 03:12:17,9,q50,0,7,137,2402,5432,32790,30310,27,102,0,0,0,4801,373053,0,0,4687124776,30430658,175355068,0,0,29262054,1989,1989,0,613521501,613521501,0,0,613521501,29262054,13.65,2.4
1125,2026-05-18 03:12:21,9,q51,0,10,218,2728,4023,38370,34162,211,269,0,560,0,4167,535899,0,0,10760036720,34780344,215300374,0,0,23550796,1826,1826,0,399477556,399477556,0,0,399477556,23550796,14.07,2.73
1126,2026-05-18 03:12:24,9,q51a,0,14,285,20531,24493,269263,259095,335,408,0,2859,0,5164,567630,0,0,27699775816,34780344,215300374,0,0,46681572,2728,2728,0,770734582,770734582,0,0,558633027,35219606,13.11,20.53
1127,2026-05-18 03:12:46,9,q52,0,4,69,399,389,5469,4925,68,78,0,0,0,61,719354,0,0,361643416,27682256,175143412,0,0,1253,3,3,0,78201,78201,0,0,78201,1253,13.71,0.4
1128,2026-05-18 03:12:48,9,q53,0,6,71,523,505,6212,5599,68,86,0,0,0,439,905217,0,0,377079056,27682358,164829516,0,0,16165,15,15,0,408667,408667,0,0,408667,16165,11.88,0.52
1129,2026-05-18 03:12:49,9,q54,0,17,221,1610,5451,20836,19182,140,222,1,0,0,2442,5014322,0,0,5714824408,50179724,254216284,0,0,27925422,310,310,0,266485912,266485912,0,0,266485912,27925422,12.94,1.61
1130,2026-05-18 03:12:52,9,q55,0,4,69,440,427,5832,3925,104,79,0,0,0,54,719483,0,0,428752256,27682256,175143412,0,0,1135,3,3,0,68028,68028,0,0,68028,1135,13.25,0.44
1131,2026-05-18 03:12:53,9,q56,0,9,186,836,1472,10269,9217,168,217,0,0,0,110,1087941,0,0,2175177976,49562475,406474536,0,0,9560,8,8,0,277255,277255,0,0,277255,9560,12.28,0.84
1132,2026-05-18 03:12:55,9,q57,0,11,116,1178,1825,14066,11570,151,172,0,0,0,1541,2307790,0,0,7200266704,14503204,110662841,0,0,1383219,710,710,0,54933681,54933681,0,0,38383959,962849,11.94,1.18
1133,2026-05-18 03:12:58,9,q58,0,10,185,1084,2430,13547,12257,169,208,0,0,0,54,1076767,0,0,2551216384,49356573,346801998,0,0,135107,4,4,0,1828873,1828873,0,0,1828873,135107,12.5,1.08
1134,2026-05-18 03:13:00,9,q59,0,10,75,911,959,8564,6697,69,88,1,994,0,1276,754364,0,0,4767648528,27726558,92696242,0,0,70176,134,134,0,2819225,2819225,0,0,1588690,53703,9.4,0.91
1135,2026-05-18 03:13:02,9,q60,0,9,186,1123,2045,14856,13667,186,219,0,0,0,147,1088199,0,0,2730483240,49562475,406410552,0,0,62086,11,11,0,1172891,1172891,0,0,1172891,62086,13.23,1.12
1136,2026-05-18 03:13:04,9,q61,0,10,140,893,1333,11696,11250,9,80,0,0,0,17,5014279,0,0,4114268400,55940065,442550324,0,0,132,132,132,0,7536,7536,0,0,7536,132,13.1,0.89
1137,2026-05-18 03:13:06,9,q62,0,6,55,681,670,9732,7634,50,68,0,0,0,1538,826164,0,0,290368584,7273209,32942921,0,0,6738,17,17,0,552322,552322,0,0,552322,6738,14.29,0.68
1138,2026-05-18 03:13:08,9,q63,0,6,71,525,511,6562,6014,67,86,0,0,0,299,905217,0,0,377013520,27682358,164831636,0,0,3687,15,15,0,139756,139756,0,0,139756,3687,12.5,0.52
1139,2026-05-18 03:13:09,9,q64,0,33,489,9298,42335,141017,124889,513,692,0,1730,0,19180,1086691,0,0,42845976528,49224915,554753421,0,0,66198164,9180,9180,0,2330744062,2330744062,0,0,2093202009,55680264,15.17,9.3
1140,2026-05-18 03:13:20,9,q65,0,10,188,1781,3030,26004,19053,200,232,1,256,0,4200,9164527,0,0,6973681856,55189565,331105822,0,0,12118897,561,561,0,395472051,395472051,0,0,395472051,12118897,14.6,1.78
1141,2026-05-18 03:13:23,9,q66,0,8,119,1311,1686,16260,13407,182,234,0,0,0,92,1023690,0,0,2539847856,21687698,256846431,0,0,270,27,27,0,99522,99522,0,0,99522,270,12.4,1.31
1142,2026-05-18 03:13:25,9,q67,0,6,87,6207,6158,80159,76766,103,135,0,1153,0,1516,4630315,0,0,7731250296,27682358,196558995,0,0,8547444,255,255,0,588025508,588025508,0,0,588025508,8547444,12.91,6.21
1143,2026-05-18 03:13:33,9,q67a,0,14,229,10230,35211,141755,132128,369,392,0,1442,0,5281,4630315,0,0,27839457704,27682358,196558995,0,0,53570770,2150,2150,0,3473889114,3473889114,0,0,795502802,12999562,13.86,10.23
1144,2026-05-18 03:13:44,9,q68,0,9,88,778,940,9468,8479,119,128,0,0,0,833,3376534,0,0,1836459800,28337558,342924944,0,0,507674,58,58,0,16407935,16407935,0,0,16407935,507674,12.17,0.78
1145,2026-05-18 03:13:46,9,q69,0,13,211,1009,2473,11481,10424,32,133,0,0,0,682,467445,0,0,1686012184,51779275,120539042,0,0,3828287,67,67,0,62008200,62008200,0,0,62008200,3828287,11.38,1.01
1146,2026-05-18 03:13:48,9,q70,0,9,139,1112,1056,14516,13497,137,183,0,0,0,75,1369128,0,0,1587645624,55087667,227527888,0,0,249,30,30,0,13762,13762,0,0,13762,249,13.05,1.11
1147,2026-05-18 03:13:50,9,q70a,0,12,144,1112,981,12114,9661,176,197,0,43,0,80,1365303,0,0,1119979840,55087667,227527888,0,0,276,59,59,0,17527,17527,0,0,9675,198,10.89,1.11
1148,2026-05-18 03:13:53,9,q71,0,7,184,961,933,12591,11597,180,246,0,0,0,131,3341834,0,0,1362478064,49296875,359456002,0,0,31955,17,17,0,1445052,1445052,0,0,893499,20983,13.1,0.96
1149,2026-05-18 03:13:55,9,q72,0,16,230,16860,28499,231617,224641,134,225,1,1888,0,10030,6577006,0,0,19933730552,151127670,707173824,0,0,142630673,5240,5240,0,2054109950,2054109950,0,0,2054109950,142630673,13.74,16.86
1150,2026-05-18 03:14:13,9,q73,0,9,104,582,823,7634,7078,86,101,0,0,0,366,907066,0,0,395522080,28087558,87187312,0,0,1002732,67,67,0,33999056,33999056,0,0,17081291,502732,13.12,0.58
1151,2026-05-18 03:14:14,9,q74,0,15,233,4317,16278,67312,59116,167,251,0,560,0,7525,1428911,0,0,22921014288,35353393,187654900,0,0,71557457,4867,4867,0,760549308,760549308,0,0,388587442,36002167,15.59,4.32
1152,2026-05-18 03:14:20,9,q75,0,19,578,4019,14319,61446,51598,140,420,0,336,0,10900,574640,0,0,12471749904,103356738,960216234,0,0,14156496,2600,2600,0,343447712,343447712,0,0,230989374,9118708,15.29,4.02
1153,2026-05-18 03:14:25,9,q76,0,4,181,1105,1076,15671,14535,176,238,0,0,0,642,2886552,0,0,13801848136,49141969,393296636,0,0,2307,178,178,0,246571,246571,0,0,246571,2307,14.18,1.1
1154,2026-05-18 03:14:27,9,q77,0,14,338,1687,5704,16338,13023,194,319,0,960,0,72,720085,0,0,1386293464,54013669,520712344,0,0,838,63,63,0,62565,62565,0,0,62565,838,9.68,1.69
1155,2026-05-18 03:14:30,9,q77a,0,17,343,1172,4543,13857,12161,172,319,0,0,0,79,719225,0,0,1992370176,54013669,520712344,0,0,1313,74,74,0,119317,119317,0,0,77821,983,11.82,1.17
1156,2026-05-18 03:14:32,9,q78,0,12,382,7308,21828,110013,96422,197,346,0,1504,0,12797,7360180,0,0,23440107088,54219312,629070584,0,0,54207585,4641,4641,0,1581114373,1581114373,0,0,1581114373,54207585,15.05,7.31
1157,2026-05-18 03:14:41,9,q79,0,8,86,758,920,9429,8056,107,117,0,224,0,1455,2321400,0,0,3200173264,28087558,221286712,0,0,581366,141,141,0,16856485,16856485,0,0,16856485,581366,12.44,0.76
1158,2026-05-18 03:14:43,9,q80,0,17,389,7317,31551,113329,103351,97,301,0,1120,0,14642,396320,0,0,14185165104,54260907,753816612,0,0,53052375,5630,5630,0,1574167848,1574167848,0,0,1574167848,53052375,15.49,7.32
1159,2026-05-18 03:14:51,9,q80a,0,20,394,7115,30531,108338,96281,119,316,0,1184,0,13041,396234,0,0,14657024136,54260907,753816612,0,0,53053332,5641,5641,0,1574283460,1574283460,0,0,1574180710,53052306,15.23,7.12
1160,2026-05-18 03:15:00,9,q81,0,13,134,705,1596,6486,5359,182,182,0,0,0,759,1994073,0,0,5102319032,4202813,120332210,0,0,1321902,145,145,0,36835998,36835998,0,0,36835998,1321902,9.2,0.7
1161,2026-05-18 03:15:01,9,q82,0,6,137,1317,2288,16816,15652,29,97,0,0,0,2146,324476,0,0,1721378256,162085550,618697681,0,0,13778665,1171,1171,0,135990185,135990185,0,0,135990185,28800829,12.77,1.32
1162,2026-05-18 03:15:04,9,q83,0,10,157,790,1862,9607,6614,150,172,0,752,0,392,822461,0,0,2454086016,5226039,97536411,0,0,43611,11,11,0,713915,713915,0,0,713915,43611,12.16,0.79
1163,2026-05-18 03:15:06,9,q84,0,9,73,686,1244,4100,3573,32,52,0,0,0,1494,9713760,0,0,100948512,5555652,27854895,0,0,2778987,65,65,0,15445745,15445745,0,0,15445745,2778987,5.98,0.69
1164,2026-05-18 03:15:07,9,q85,0,14,146,1046,4417,13760,10656,69,125,0,368,0,4346,1611538,0,0,3522586704,12085256,163938312,0,0,3025215,1744,1744,0,68690797,68690797,0,0,68690797,3025215,13.15,1.05
1165,2026-05-18 03:15:09,9,q86,0,5,54,547,516,6740,6172,50,60,0,0,0,96,1858292,0,0,1398655400,7375137,65640862,0,0,1915,12,12,0,135930,135930,0,0,135930,1915,12.32,0.55
1166,2026-05-18 03:15:11,9,q86a,0,8,59,559,502,5186,4852,47,64,0,0,0,104,1858292,0,0,1937622872,7375137,65640862,0,0,5122,39,39,0,389397,389397,0,0,143801,1930,9.28,0.56
1167,2026-05-18 03:15:13,9,q87,0,13,266,2112,5619,30920,25301,98,208,0,304,0,4033,2992761,0,0,14880596040,49608475,112842050,0,0,12908807,1346,1346,0,99167332,99167332,0,0,72992444,11908807,14.64,2.11
1168,2026-05-18 03:15:16,9,q88,0,26,554,1546,10397,22578,20984,22,297,0,0,0,71,334789,0,0,1725092416,231102510,472553640,0,0,536,536,536,0,31619,31619,0,0,31619,536,14.6,1.55
1169,2026-05-18 03:15:19,9,q89,0,6,71,803,786,10113,8896,64,82,0,0,0,552,904959,0,0,1316733360,27682358,164563240,0,0,16454,15,15,0,1056131,1056131,0,0,1056131,16454,12.59,0.8
1170,2026-05-18 03:15:20,9,q90,0,8,106,357,561,4875,4410,4,54,0,0,0,12,249779,0,0,323739200,14580376,66265216,0,0,100,100,100,0,5900,5900,0,0,5900,100,13.66,0.36
1171,2026-05-18 03:15:22,9,q91,0,11,62,367,423,2446,2167,65,80,0,0,0,40,9527061,0,0,2986896344,4190955,59315149,0,0,109809,8,8,0,1094555,1094555,0,0,1091937,109792,6.66,0.37
1172,2026-05-18 03:15:23,9,q92,0,7,105,613,1079,7882,6573,28,79,0,588,0,746,709229,0,0,191374440,14575225,130635526,0,0,94062,53,53,0,1376229,1376229,0,0,1376229,94062,12.86,0.61
1173,2026-05-18 03:15:25,9,q93,0,5,136,3895,5790,54660,52303,40,105,0,0,0,4949,321240,0,0,5766380072,31678178,236541444,0,0,31635854,2006,2006,0,788241663,788241663,0,0,788241663,31635854,14.03,3.9
1174,2026-05-18 03:15:30,9,q94,0,8,171,1604,4263,22619,18645,48,114,0,608,0,4159,4007810,0,0,3571011840,15443541,143939774,0,0,14397040,1717,1717,0,225790004,225790004,0,0,225790004,14397040,14.1,1.6
1175,2026-05-18 03:15:32,9,q95,0,8,171,3669,5833,50155,40260,54,121,0,1286,0,3862,4010610,0,0,14560086280,15443541,143677630,0,0,35990240,4267,4267,0,331280816,331280816,0,0,205215617,14395274,13.67,3.67
1176,2026-05-18 03:15:37,9,q96,0,5,71,289,285,3876,3700,2,39,0,0,0,8,334617,0,0,213972808,28894203,59125646,0,0,67,67,67,0,3950,3950,0,0,3950,67,13.41,0.29
1177,2026-05-18 03:15:39,9,q97,0,5,147,1856,2425,25766,21124,99,151,0,480,0,933,536243,0,0,7340928768,41908387,183291428,0,0,8381430,493,493,0,96998577,96998577,0,0,96998577,8381430,13.88,1.86
1178,2026-05-18 03:15:41,9,q98,0,7,75,583,522,4275,3788,68,85,3,0,0,56,3269297,0,0,1300366872,27682256,178371000,0,0,71672,14,14,0,9066327,9066327,0,0,7253935,56508,7.33,0.58
1179,2026-05-18 03:15:43,9,q99,0,6,67,822,807,11132,10252,60,84,0,0,0,562,1024292,0,0,343879080,14473528,74473752,0,0,13834,20,20,0,1092296,1092296,0,0,1092296,13834,13.54,0.82
