ID,timestamp,run_id,query,query_rerun_id,numStages,numTasks,elapsedTime,stageDuration,executorRunTime,executorCpuTime,executorDeserializeTime,executorDeserializeCpuTime,resultSerializationTime,jvmGCTime,shuffleFetchWaitTime,shuffleWriteTime,resultSize,diskBytesSpilled,memoryBytesSpilled,peakExecutionMemory,recordsRead,bytesRead,recordsWritten,bytesWritten,shuffleRecordsRead,shuffleTotalBlocksFetched,shuffleLocalBlocksFetched,shuffleRemoteBlocksFetched,shuffleTotalBytesRead,shuffleLocalBytesRead,shuffleRemoteBytesRead,shuffleRemoteBytesReadToDisk,shuffleBytesWritten,shuffleRecordsWritten,avg_active_tasks,elapsed_time_seconds
0,2026-05-12 05:55:56,0,q1,0,12,116,2612,4249,34990,28216,228,185,0,416,0,3718,887878,0,0,7451933096,59676673,487102448,0,0,18400127,797,797,0,277423848,277423848,0,0,277423848,18400127,13.4,2.61
1,2026-05-12 05:56:00,0,q2,0,9,273,3596,3439,49826,43175,349,423,0,585,0,4234,2751791,0,0,2187126760,216214884,887732172,0,0,162535,3080,3080,0,13171910,13171910,0,0,4400632,56097,13.86,3.6
2,2026-05-12 05:56:05,0,q3,0,4,213,1279,1254,18115,14116,206,262,0,0,0,557,2312230,0,0,621314024,276820651,1194280020,0,0,933,191,191,0,89346,89346,0,0,89346,933,14.16,1.28
3,2026-05-12 05:56:07,0,q4,0,25,1142,120111,543147,1910118,694251,2278,2614,0,8694,0,1103871,1492265,0,0,128950631840,771375137,11386512756,0,0,566100624,58580,58580,0,17916612008,17916612008,0,0,10647012313,341212705,15.9,120.11
4,2026-05-12 05:58:09,0,q5,0,11,629,18012,43593,271569,139623,618,911,0,4816,0,92961,3120285,0,0,9987215640,615033649,4793575814,0,0,79009774,2926,2926,0,1101341350,1101341350,0,0,1101341350,79009774,15.08,18.01
5,2026-05-12 05:58:28,0,q5a,0,14,632,20496,69660,309062,134723,592,884,0,4800,0,130304,3113319,0,0,10189590736,615033649,4793575814,0,0,78973390,2409,2409,0,1099536543,1099536543,0,0,1099234997,78969956,15.08,20.5
6,2026-05-12 05:58:50,0,q6,0,12,306,37770,124511,585426,166947,160,295,0,1984,0,397617,2209361,0,0,34296832544,280097700,1295493760,0,0,273571140,15028,15028,0,3355003389,3355003389,0,0,3355003389,273571140,15.5,37.77
7,2026-05-12 05:59:29,0,q7,0,13,255,18480,35521,281995,72051,1008,999,0,1936,0,183630,1561496,0,0,2680880672,278816500,3399692443,0,0,53270195,294,294,0,1773007381,1773007381,0,0,1773007381,53270195,15.26,18.48
8,2026-05-12 05:59:48,0,q8,0,12,259,2140,4072,29507,24511,146,215,0,1008,0,1240,1037378,0,0,4998230304,280617053,1341835785,0,0,9745849,218,218,0,91780075,91780075,0,0,91780075,9745849,13.79,2.14
9,2026-05-12 05:59:52,0,q9,0,31,3166,16654,248627,253426,226365,3303,4421,22,10229,0,1017,1014497,0,0,0,4320095875,9743519707,0,0,3150,3150,3150,0,198262,198262,0,0,198262,3150,15.22,16.65
10,2026-05-12 06:00:09,0,q10,0,11,509,3232,7410,46747,39963,89,370,0,0,0,8644,1031853,0,0,6208408840,497533188,2092867824,0,0,22980851,6541,6541,0,192210488,192210488,0,0,192210488,22980851,14.46,3.23
11,2026-05-12 06:00:14,0,q10a,0,10,509,3045,5445,43746,35452,210,382,0,1824,0,10334,1905261,0,0,4932103104,497533188,2092867824,0,0,22779154,6877,6877,0,191369627,191369627,0,0,191369627,22779154,14.37,3.04
12,2026-05-12 06:00:18,0,q11,0,15,648,75424,257660,1202072,432516,724,782,0,6679,0,713631,1494114,0,0,114155000192,350691313,3082349810,0,0,699960358,52295,52295,0,13511160741,13511160741,0,0,6912643789,353418106,15.94,75.42
13,2026-05-12 06:01:34,0,q12,0,7,117,9294,24124,140754,36628,66,103,0,7776,0,101014,436937,0,0,10562963440,72278662,386756478,0,0,72106021,1630,1630,0,762498313,762498313,0,0,762498313,72106021,15.14,9.29
14,2026-05-12 06:01:45,0,q13,0,14,242,4659,13583,70555,53763,1253,1148,0,5721,0,3326,1914251,0,0,1054379680,279625302,6023673570,0,0,740937,200,200,0,23431999,23431999,0,0,23431999,740937,15.14,4.66
15,2026-05-12 06:01:51,0,q14a,0,30,1579,68199,304333,1051309,395265,2249,2666,0,8704,0,638359,4665132,0,0,37672989888,1478653164,5351313846,0,0,620284238,6487,6487,0,6689185303,6689185303,0,0,6684601059,620148266,15.42,68.2
16,2026-05-12 06:03:02,0,q14b,0,24,1330,43128,216439,666768,339412,2128,2493,32,5554,0,324141,4664788,0,0,37727552256,1262803525,4200463042,0,0,679784201,6422,6422,0,7311640846,7311640846,0,0,3688640894,404738849,15.46,43.13
17,2026-05-12 06:03:46,0,q14,0,24,1328,56863,332752,887956,307639,2089,2534,3,5504,0,564644,4664745,0,0,36519101808,1262803525,4200463042,0,0,679621830,6182,6182,0,7306798565,7306798565,0,0,3683798613,404576478,15.62,56.86
18,2026-05-12 06:04:44,0,q15,0,7,236,36195,103087,537464,175676,89,185,0,1808,0,343129,805068,0,0,28682234216,147067173,933274306,0,0,288834299,7732,7732,0,3686227013,3686227013,0,0,3686227013,288834299,14.85,36.2
19,2026-05-12 06:05:22,0,q16,0,8,452,108605,517650,1726160,199701,200,417,4,13488,0,1439642,2495740,0,0,41785807200,303459149,2606978612,0,0,301125284,34700,34700,0,5861095305,5861095305,0,0,5861095305,301125284,15.89,108.6
20,2026-05-12 06:07:11,0,q17,0,10,669,186516,975359,2961912,450983,365,664,1,3120,0,2478714,13880723,0,0,69086260584,449689837,4064538956,0,0,455396321,69756,69756,0,11468267745,11468267745,0,0,11468267745,455396321,15.88,186.52
21,2026-05-12 06:10:19,0,q18,0,13,332,73061,453344,1150158,118236,165,288,0,2464,0,997086,9713803,0,0,11174549592,151112773,2634402049,0,0,159482755,2549,2549,0,6161110944,6161110944,0,0,6161110944,159482755,15.74,73.06
22,2026-05-12 06:11:33,0,q18a,0,23,413,75075,714736,1169313,164095,372,493,1,2976,0,965139,9713803,0,0,34000277584,154316773,2652349113,0,0,204535227,9509,9509,0,7817879109,7817879109,0,0,6169707601,160018999,15.58,75.08
23,2026-05-12 06:12:49,0,q19,0,11,270,2828,5275,41352,31441,86,218,0,800,0,3760,1026220,0,0,5955618328,279821053,2387798858,0,0,11817289,769,769,0,198182340,198182340,0,0,198182340,11817289,14.62,2.83
24,2026-05-12 06:12:53,0,q20,0,7,202,13834,34398,211255,69470,69,143,0,1456,0,125332,804853,0,0,16882665952,144271173,711314762,0,0,143395506,4318,4318,0,1439146061,1439146061,0,0,1439146061,143395506,15.27,13.83
25,2026-05-12 06:13:08,0,q21,0,6,15,2272,2252,16442,14602,14,14,0,296,0,102,131075,0,0,777786456,399607064,539389650,0,0,96170,20,20,0,2678127,2678127,0,0,2678127,96170,7.24,2.27
26,2026-05-12 06:13:12,0,q22,0,7,46,73885,73972,858831,846754,131,68,0,2118,0,6287,320176,0,0,10455113368,399607064,534825717,0,0,80173222,458,458,0,537264163,537264163,0,0,537264163,80173222,11.62,73.89
27,2026-05-12 06:14:27,0,q22a,0,11,71,7625,8244,73910,70390,121,122,0,320,0,2496,511504,0,0,14714953824,399607064,539447435,0,0,80581076,752,752,0,841025633,841025633,0,0,814117617,80173152,9.69,7.62
28,2026-05-12 06:14:35,0,q23a,0,17,1243,80628,138966,1246934,1182074,1905,2289,30,10608,2,62638,13146599,0,0,202155459224,1059512476,5916138420,0,0,1008995311,77418,77418,0,18750171511,18750171511,0,0,15623673517,809058651,15.47,80.63
29,2026-05-12 06:15:57,0,q23b,0,20,1451,184425,343158,2907197,1228612,2564,2952,10,53430,0,1525905,13146599,0,0,350973028640,1061512476,5928054256,0,0,1402657801,212724,212724,0,25048109558,25048109558,0,0,15669403647,810446977,15.76,184.42
30,2026-05-12 06:19:03,0,q24,0,12,480,22931,65862,350341,319704,426,557,0,5955,0,25464,3703330,0,0,50812616512,320012401,3498201974,0,0,300409241,46721,46721,0,7392507664,7392507664,0,0,7392507664,300409241,15.28,22.93
31,2026-05-12 06:19:27,0,q24a,0,20,735,88078,382859,1367594,525329,632,874,2,9360,0,849363,3706211,0,0,107696485856,320216401,3490207736,0,0,611254554,97001,97001,0,15271491918,15271491918,0,0,7915411615,310999280,15.53,88.08
32,2026-05-12 06:20:56,0,q24b,0,21,721,37805,97557,576572,534381,725,915,14,7170,0,49646,3701266,0,0,105573251152,320216401,3490207736,0,0,611115102,96804,96804,0,15258561831,15258561831,0,0,7902481528,310859828,15.25,37.8
33,2026-05-12 06:21:35,0,q25,0,10,669,112694,469424,1780532,454310,363,697,1,6576,0,1313149,13880723,0,0,69019054728,449689837,5022536949,0,0,455396296,69739,69739,0,11683973311,11683973311,0,0,11683973311,455396296,15.8,112.69
34,2026-05-12 06:23:29,0,q26,0,9,279,46816,216490,728056,106534,164,283,0,4400,0,619035,2025030,0,0,3165317000,146192973,1860451081,0,0,142864279,664,664,0,4816747990,4816747990,0,0,4816747990,142864279,15.55,46.82
35,2026-05-12 06:24:17,0,q27,0,13,243,5594,10526,82461,54006,1227,1195,0,5232,0,4169,1561496,0,0,1803347080,278815304,3318878579,0,0,6482912,246,246,0,219290535,219290535,0,0,219290535,6482912,14.74,5.59
36,2026-05-12 06:24:23,0,q27a,0,17,280,4766,9505,70155,61968,1671,1444,0,4778,0,5131,1561496,0,0,2904731872,279019706,3319537065,0,0,18952353,428,428,0,630732947,630732947,0,0,213451657,6416555,14.72,4.77
37,2026-05-12 06:24:29,0,q28,0,18,1363,20028,118837,312782,259397,3375,3571,8,8635,0,62217,1137768,0,0,85315520848,1728038328,10599863508,0,0,8006259,20467,20467,0,129161300,129161300,0,0,129161300,8006259,15.62,20.03
38,2026-05-12 06:24:50,0,q29,0,11,670,114374,562656,1814505,455751,357,681,1,3920,0,1379902,13880723,0,0,69019478168,449762886,4065018708,0,0,455396359,69770,69770,0,11468274915,11468274915,0,0,11468274915,455396359,15.86,114.37
39,2026-05-12 06:26:46,0,q30,0,16,127,2617,5918,26410,21693,173,161,0,50,0,2510,3485263,0,0,12044940728,19471827,226767890,0,0,10760255,962,962,0,346286453,346286453,0,0,346286453,10760255,10.09,2.62
40,2026-05-12 06:26:49,0,q31,0,25,1017,10984,63278,170179,104454,288,808,8,10176,0,31236,1037185,0,0,18849264168,1046854792,7291306172,0,0,44349624,13076,13076,0,580433179,580433179,0,0,499796212,39498473,15.49,10.98
41,2026-05-12 06:27:02,0,q32,0,7,339,1836,3429,25952,19030,126,283,0,1216,0,2850,1362151,0,0,604500376,288265297,1407409886,0,0,146965,488,488,0,3748576,3748576,0,0,3748576,146965,14.14,1.84
42,2026-05-12 06:27:04,0,q33,0,9,476,4091,8713,59078,41022,486,644,23,3726,0,5489,3477173,0,0,17299313256,494020388,3848139662,0,0,159756,284,284,0,4949230,4949230,0,0,4949230,159756,14.44,4.09
43,2026-05-12 06:27:10,0,q34,0,9,255,2958,4019,42170,33106,317,334,0,1824,0,5738,2903194,0,0,2308057480,278624253,2940757178,0,0,4301953,1483,1483,0,141021076,141021076,0,0,74313010,2301953,14.26,2.96
44,2026-05-12 06:27:14,0,q35,0,12,542,6578,12466,96044,66507,184,437,0,2336,0,23545,1034175,0,0,14022837880,497533188,2091509004,0,0,62628742,7799,7799,0,393313085,393313085,0,0,393313085,62628742,14.6,6.58
45,2026-05-12 06:27:21,0,q35a,0,11,542,4882,7146,68790,59362,192,454,0,4065,0,10889,1900230,0,0,13167200272,497533188,2091509004,0,0,62645069,5827,5827,0,392192799,392192799,0,0,392192799,62645069,14.09,4.88
46,2026-05-12 06:27:27,0,q36,0,6,215,3663,3592,53347,28271,242,309,0,4988,0,9027,3714241,0,0,16308352080,276821053,2312138427,0,0,19641,177,177,0,1747533,1747533,0,0,1747533,19641,14.56,3.66
47,2026-05-12 06:27:32,0,q36a,0,9,220,2418,2346,31016,26830,246,328,0,2611,0,1834,3714241,0,0,15102490112,276821053,2312138427,0,0,52532,534,534,0,4803288,4803288,0,0,1617262,17760,12.83,2.42
48,2026-05-12 06:27:36,0,q37,0,6,195,6582,10130,76810,72581,125,163,0,1605,0,3423,805756,0,0,14049417616,543601173,673803696,0,0,152468755,2992,2992,0,314293728,314293728,0,0,314293728,295975871,11.67,6.58
49,2026-05-12 06:27:43,0,q38,0,13,589,10229,27753,157177,142194,280,510,2,2512,0,14703,1035508,0,0,23632590968,494612388,2075158426,0,0,120819579,8670,8670,0,1504978680,1504978680,0,0,1400922298,116819579,15.37,10.23
50,2026-05-12 06:27:55,0,q39a,0,11,76,4510,7902,57659,53951,173,134,0,336,0,1461,2450413,0,0,5629038712,799010113,1076319780,0,0,4703618,493,493,0,147406910,147406910,0,0,99374934,3173618,12.78,4.51
51,2026-05-12 06:28:00,0,q39b,0,11,75,4064,7693,54768,50962,150,147,0,743,0,854,1036381,0,0,5245587576,799010113,1076319780,0,0,4594459,493,493,0,144357198,144357198,0,0,96325222,3064459,13.48,4.06
52,2026-05-12 06:28:05,0,q40,0,8,256,11903,28728,175476,166780,151,261,0,1968,0,13473,1373049,0,0,23640442248,158669010,1134991444,0,0,157480425,12400,12400,0,3417099735,3417099735,0,0,3417099735,157480425,14.74,11.9
53,2026-05-12 06:28:18,0,q41,0,4,4,186,157,142,142,4,4,0,0,0,12,13527,0,0,269488032,408000,2001597,0,0,292,2,2,0,19225,19225,0,0,19225,292,0.76,0.19
54,2026-05-12 06:28:20,0,q42,0,4,213,1114,1101,15782,13907,222,252,0,336,0,532,2309779,0,0,657507504,276820651,1193956400,0,0,1046,161,161,0,87927,87927,0,0,87927,1046,14.17,1.11
55,2026-05-12 06:28:22,0,q43,0,5,215,2153,2127,31574,28250,239,308,0,1808,0,1745,2311585,0,0,631482688,276617053,1032052902,0,0,20230,340,340,0,2249620,2249620,0,0,2249620,20230,14.67,2.15
56,2026-05-12 06:28:25,0,q44,0,8,440,2234,2396,31832,27660,380,489,0,1168,0,5891,3432039,0,0,2522336008,576216776,3409464613,0,0,790184,3586,3586,0,17228424,17228424,0,0,8623177,395285,14.25,2.23
57,2026-05-12 06:28:28,0,q45,0,9,141,8366,18609,109841,102010,97,134,0,2672,0,7454,1561496,0,0,19400735688,75482662,558579478,0,0,146949311,2793,2793,0,2506527416,2506527416,0,0,2506527416,146949311,13.13,8.37
58,2026-05-12 06:28:38,0,q46,0,12,273,4834,6169,71457,63343,366,408,1,5040,0,6738,5465771,0,0,5719653032,279624253,4944228671,0,0,5222376,3609,3609,0,133607183,133607183,0,0,119235670,4252333,14.78,4.83
59,2026-05-12 06:28:44,0,q47,0,11,275,4611,5479,66456,59996,376,455,3,1945,0,6004,4610732,0,0,23867335456,276821053,1208887432,0,0,12282561,7417,7417,0,475321542,475321542,0,0,246963388,6373114,14.41,4.61
60,2026-05-12 06:28:49,0,q48,0,9,242,8175,22307,125121,112410,311,390,0,8383,0,7982,2409952,0,0,1240766720,279537853,3911814554,0,0,42651140,231,231,0,1244533717,1244533717,0,0,1244533717,42651140,15.31,8.18
61,2026-05-12 06:28:59,0,q49,0,18,587,11592,46635,178556,159969,345,567,0,7568,0,20258,2323170,0,0,9871307648,543011210,6397470143,0,0,151963934,576,576,0,3564397327,3564397327,0,0,3564397327,151963934,15.4,11.59
62,2026-05-12 06:29:11,0,q50,0,8,442,55924,198070,880933,296782,406,586,0,2112,0,595652,4098664,0,0,62650168048,305491713,2903840434,0,0,292659971,46607,46607,0,6810173101,6810173101,0,0,6810173101,292659971,15.75,55.92
63,2026-05-12 06:30:08,0,q51,0,10,404,12571,18688,175381,162309,498,589,0,3461,0,14809,1725867,0,0,36501536280,348618264,1227662282,0,0,142655068,5780,5780,0,2331585365,2331585365,0,0,2331585365,142655068,13.95,12.57
64,2026-05-12 06:30:22,0,q51a,0,14,475,250645,287679,3224160,3153478,744,832,0,38210,0,17332,1732790,0,0,81075701688,348618264,1227662282,0,0,283180156,6973,6973,0,4526611762,4526611762,0,0,3346195613,216786893,12.86,250.64
65,2026-05-12 06:34:34,0,q52,0,4,213,1333,1322,18957,14549,468,263,0,3872,0,821,2311241,0,0,657507504,276820651,1194284080,0,0,1821,161,161,0,172783,172783,0,0,172783,1821,14.22,1.33
66,2026-05-12 06:34:36,0,q53,0,6,215,2037,2017,28637,24616,263,311,13,2835,0,1581,2904097,0,0,961654736,276821053,1209620652,0,0,21278,170,170,0,1034649,1034649,0,0,1034649,21278,14.06,2.04
67,2026-05-12 06:34:39,0,q54,0,17,576,14646,40823,220864,202158,333,585,1,6856,0,23238,1912760,0,0,37588452808,496035937,3080083758,0,0,291951373,17264,17264,0,4425213652,4425213652,0,0,4425213652,291951373,15.08,14.65
68,2026-05-12 06:34:55,0,q55,0,4,213,1369,1358,19872,18794,216,262,0,304,0,539,2309779,0,0,1194378224,276820651,1194284080,0,0,1860,162,162,0,166535,166535,0,0,166535,1860,14.52,1.37
69,2026-05-12 06:34:57,0,q56,0,9,476,3587,7664,52830,43351,462,637,0,4368,0,2182,3483881,0,0,13428967776,494020388,3848602510,0,0,30815,407,407,0,1444190,1444190,0,0,1444190,30815,14.73,3.59
70,2026-05-12 06:35:02,0,q57,0,11,242,3639,4648,52517,44754,337,397,0,1712,0,6622,4610732,0,0,21643326304,144271203,657121158,0,0,14728549,6386,6386,0,596895221,596895221,0,0,313105890,7710681,14.43,3.64
71,2026-05-12 06:35:07,0,q58,0,11,479,3619,9448,52179,43998,567,633,0,1488,0,11303,3447182,0,0,10974193024,492962486,2276055112,0,0,305693,1070,1070,0,8905204,8905204,0,0,8905204,305693,14.42,3.62
72,2026-05-12 06:35:12,0,q59,0,10,251,6400,6825,87026,81932,272,353,0,1960,0,6237,1730941,0,0,17413596416,276763553,1032373206,0,0,14796758,7004,7004,0,605141006,605141006,0,0,303491101,7471744,13.6,6.4
73,2026-05-12 06:35:19,0,q60,0,9,476,3464,7330,49792,44206,596,666,3,2033,0,4738,3475883,0,0,15417123680,494020388,3848536974,0,0,115501,283,283,0,4041705,4041705,0,0,4041705,115501,14.37,3.46
74,2026-05-12 06:35:24,0,q61,0,12,465,4843,9750,74731,66536,133,391,0,4848,0,4509,1854368,0,0,7139097264,556365655,5117194674,0,0,11321881,3808,3808,0,164829319,164829319,0,0,144547322,9321881,15.43,4.84
75,2026-05-12 06:35:30,0,q62,0,7,97,1289,1268,18519,16429,105,135,0,528,0,1563,1495678,0,0,536128288,72074721,315573424,0,0,32557,182,182,0,2963756,2963756,0,0,2963756,32557,14.37,1.29
76,2026-05-12 06:35:32,0,q63,0,6,215,1719,1696,23442,21225,226,304,0,1072,0,2282,2898034,0,0,1028698040,276821053,1209559212,0,0,40394,170,170,0,1760517,1760517,0,0,1760517,40394,13.64,1.72
77,2026-05-12 06:35:35,0,q64,0,55,925,21904,96722,332004,306837,3394,3201,17,9561,0,20899,2334168,0,0,24987243448,745983428,14658482311,0,0,244146938,9192,9192,0,3743414124,3743414124,0,0,3073514394,198417039,15.16,21.9
78,2026-05-12 06:35:58,0,q65,0,11,493,9289,17315,136645,127176,581,758,0,3664,0,10725,1718471,0,0,26092258256,553364655,2423046522,0,0,78176207,4131,4131,0,2448816949,2448816949,0,0,2448816949,78176207,14.71,9.29
79,2026-05-12 06:36:09,0,q66,0,8,263,3130,3956,43823,34664,707,704,0,2209,0,1239,2757125,0,0,17308064128,216155221,2424293011,0,0,3555,237,237,0,1806569,1806569,0,0,1806569,3555,14.0,3.13
80,2026-05-12 06:36:13,0,q67,0,8,273,47978,48087,647586,612469,228,313,44,8200,0,12363,1051525,0,0,48367630584,276821053,1466612325,0,0,103424628,3652,3652,0,3336800830,3336800830,0,0,3336800830,103424628,13.5,47.98
81,2026-05-12 06:37:02,0,q67a,0,16,656,72487,229106,1108914,1046874,1701,1671,4,11614,0,48125,3883639,0,0,186530058992,276821053,1466612325,0,0,526141565,11974,11974,0,24555077502,24555077502,0,0,6491469742,151998125,15.3,72.49
82,2026-05-12 06:38:16,0,q68,0,12,266,4408,5530,65190,57844,236,311,0,2929,0,5812,1355278,0,0,4328788144,279624253,6025486344,0,0,4229984,3609,3609,0,106934347,106934347,0,0,92562834,3259941,14.79,4.41
83,2026-05-12 06:38:21,0,q69,0,11,509,3280,7251,47480,39636,120,360,1,1586,0,12670,1032197,0,0,5967783584,497533188,2092188656,0,0,18050359,6660,6660,0,164087928,164087928,0,0,164087928,18050359,14.48,3.28
84,2026-05-12 06:38:25,0,q70,0,9,427,3790,3720,55093,49385,460,641,0,2611,0,1315,4374392,0,0,12671079344,553161057,2654496366,0,0,5153,340,340,0,396762,396762,0,0,396762,5153,14.54,3.79
85,2026-05-12 06:38:30,0,q70a,0,12,432,3250,3133,45578,41042,503,649,0,2916,0,1181,4363535,0,0,1801541056,553161057,2654496366,0,0,6786,711,711,0,598163,598163,0,0,284989,3618,14.02,3.25
86,2026-05-12 06:38:35,0,q71,0,7,485,3424,3330,48849,41538,608,801,1,3516,0,6896,8800441,0,0,5735755120,492902788,3559128428,0,0,273848,5382,5382,0,17874890,17874890,0,0,10017409,167674,14.27,3.42
87,2026-05-12 06:38:39,0,q72,0,16,436,215456,311650,2945187,2304585,641,700,1,11587,0,622974,13146599,0,0,82523784096,560074108,2492407546,0,0,538047872,38943,38943,0,9134546239,9134546239,0,0,9134546239,538047872,13.67,215.46
88,2026-05-12 06:42:16,0,q73,0,9,253,2415,3466,34499,30986,288,367,0,1008,0,5112,2901904,0,0,1430151184,278624253,2940757178,0,0,4173613,1070,1070,0,138667912,138667912,0,0,71959846,2173613,14.29,2.42
89,2026-05-12 06:42:19,0,q74,0,15,614,28791,97224,451722,406071,605,844,0,3350,0,40002,1372772,0,0,102409803584,350691313,2476002546,0,0,699960358,46749,46749,0,11231554676,11231554676,0,0,5715074874,353418106,15.69,28.79
90,2026-05-12 06:42:49,0,q75,0,20,1069,18943,61282,290743,236488,412,963,3,6880,2,31964,1048343,0,0,26691595696,1035827598,9273080332,0,0,140054939,8997,8997,0,3077647424,3077647424,0,0,2046922299,89656117,15.35,18.94
91,2026-05-12 06:43:09,0,q76,0,5,474,3166,3116,46606,39776,554,746,0,2320,0,7570,7558441,0,0,38292664928,492816388,3261319648,0,0,64680,2309,2309,0,5664519,5664519,0,0,5664519,64680,14.72,3.17
92,2026-05-12 06:43:14,0,q77,0,14,519,3813,18190,54496,42904,671,658,0,4719,0,6558,2309693,0,0,11013842888,543013652,4282941774,0,0,135253,516,516,0,4971413,4971413,0,0,4971413,135253,14.29,3.81
93,2026-05-12 06:43:19,0,q77a,0,17,524,4006,18180,55037,44251,768,678,109,7232,0,5858,2303630,0,0,8600021784,543013652,4282941774,0,0,113937,409,409,0,4251911,4251911,0,0,4043487,111463,13.74,4.01
94,2026-05-12 06:43:24,0,q78,0,15,727,110324,404991,1735980,554612,1127,1321,0,7563,3,1178950,1820933,0,0,94462501856,543157308,6692666992,0,0,406636630,35301,35301,0,11853610953,11853610953,0,0,11853610953,406636630,15.74,110.32
95,2026-05-12 06:45:15,0,q79,0,8,250,5731,6531,86609,58812,391,462,0,3248,0,7458,2907795,0,0,18048702624,278624253,4933226661,0,0,10980482,3825,3825,0,348947706,348947706,0,0,348947706,10980482,15.11,5.73
96,2026-05-12 06:45:22,0,q80,0,23,683,60234,243165,950135,281911,1899,2010,1,12006,0,663235,2331757,0,0,54884401176,543515085,7216137350,0,0,265494087,25339,25339,0,8018451546,8018451546,0,0,8018451546,265494087,15.77,60.23
97,2026-05-12 06:46:23,0,q80a,0,26,688,60558,240829,953428,291632,2481,2168,0,10786,0,651752,2328188,0,0,55356260208,543515085,7216137350,0,0,265493759,24436,24436,0,8017877606,8017877606,0,0,8017655906,265491829,15.74,60.56
98,2026-05-12 06:47:25,0,q81,0,16,161,2328,5401,34098,26382,230,232,0,608,0,6034,713915,0,0,16979243480,33868693,352183541,0,0,18924578,1870,1870,0,365597338,365597338,0,0,365597338,18924578,14.65,2.33
99,2026-05-12 06:47:29,0,q82,0,6,239,15652,20757,151521,115531,89,206,0,1187,0,4279,1020179,0,0,26129011888,687613437,727057642,0,0,291092473,3746,3746,0,332087734,332087734,0,0,332087734,439988162,9.68,15.65
100,2026-05-12 06:47:45,0,q83,0,10,49,1551,3204,14402,10999,49,57,0,0,0,1400,1561496,0,0,3597576128,50821969,195040564,0,0,218975,42,42,0,3139972,3139972,0,0,3139972,218975,9.29,1.55
101,2026-05-12 06:47:48,0,q84,0,9,50,7575,3317,12489,9974,43,42,0,0,0,1391,9713760,0,0,192459840,33729631,128268096,0,0,27798849,40,40,0,145725954,145725954,0,0,145725954,27798849,1.65,7.58
102,2026-05-12 06:47:57,0,q85,0,14,145,4625,24917,62842,40317,142,192,1,5008,0,9031,1649276,0,0,4434954736,84117746,1110086473,0,0,11437258,1702,1702,0,378538837,378538837,0,0,378538837,11437258,13.59,4.62
103,2026-05-12 06:48:03,0,q86,0,5,94,1046,987,13514,11683,108,122,0,368,0,957,3714241,0,0,7613854520,72278662,377069438,0,0,10004,86,86,0,805158,805158,0,0,805158,10004,12.92,1.05
104,2026-05-12 06:48:05,0,q86a,0,8,99,960,904,10932,9658,97,124,0,416,0,1196,3714241,0,0,8018603992,72278662,377069438,0,0,27353,267,267,0,2284009,2284009,0,0,776207,9367,11.39,0.96
105,2026-05-12 06:48:07,0,q87,0,13,589,10716,29463,165638,145675,220,494,3,3024,0,14417,1034992,0,0,23632590968,494612388,2075158426,0,0,120819579,8670,8670,0,1504978680,1504978680,0,0,1400922298,116819579,15.46,10.72
106,2026-05-12 06:48:18,0,q88,0,26,1698,10439,73837,161022,128837,224,1108,178,16479,0,861,1051411,0,0,5411051520,2304749906,12209079224,0,0,1680,1680,1680,0,99116,99116,0,0,99116,1680,15.43,10.44
107,2026-05-12 06:48:30,0,q89,0,8,292,29460,56020,462412,117150,204,299,40,106017,0,239782,1170321,0,0,5504384688,276821053,1209223304,0,0,268799286,876,876,0,3572840164,3572840164,0,0,3572840164,268799286,15.7,29.46
108,2026-05-12 06:49:01,0,q90,0,8,186,1199,1856,17653,11417,80,122,0,864,0,25,450617,0,0,582865920,144185266,854424315,0,0,180,180,180,0,10620,10620,0,0,10620,180,14.72,1.2
109,2026-05-12 06:49:03,0,q91,0,12,46,800,1394,8141,6613,61,62,0,0,0,400,1032836,0,0,2972701352,19398901,149580671,0,0,2192984,310,310,0,46354382,46354382,0,0,46332398,2192843,10.18,0.8
110,2026-05-12 06:49:05,0,q92,0,7,186,1418,2635,19937,16253,97,176,0,1392,0,2974,1243648,0,0,358427024,144280275,758293318,0,0,163546,251,251,0,3429603,3429603,0,0,3429603,163546,14.06,1.42
111,2026-05-12 06:49:07,0,q93,0,6,444,32498,65552,491589,285738,450,567,0,5181,0,208540,2973588,0,0,68971117112,316808054,3209224207,0,0,316284326,48411,48411,0,7854501950,7854501950,0,0,7854501950,316284326,15.13,32.5
112,2026-05-12 06:49:41,0,q94,0,8,243,10254,24007,149069,121385,206,272,0,5619,0,13974,1248300,0,0,20788046800,152275688,1423590310,0,0,151171124,9400,9400,0,2985892234,2985892234,0,0,2985892234,151171124,14.54,10.25
113,2026-05-12 06:49:52,0,q95,0,8,293,25013,39188,378520,344234,560,545,0,11755,0,11632,2625400,0,0,57933874400,152275688,1385178022,0,0,367104153,45800,45800,0,4668774194,4668774194,0,0,2769069854,151153209,15.13,25.01
114,2026-05-12 06:50:18,0,q96,0,5,214,1326,1319,19781,17405,23,139,0,1920,0,32,1052271,0,0,671166720,288100390,1526220366,0,0,210,210,210,0,12390,12390,0,0,12390,210,14.92,1.33
115,2026-05-12 06:50:21,0,q97,0,5,395,11534,14185,156830,145759,411,547,0,2496,0,7999,1727802,0,0,37867529576,420610775,2023559574,0,0,82744400,5389,5389,0,791069197,791069197,0,0,791069197,82744400,13.6,11.53
116,2026-05-12 06:50:33,0,q98,0,8,275,9756,19119,144522,132841,184,287,4,4998,0,10734,6589863,0,0,30405105528,276820651,1200747652,0,0,275228628,10378,10378,0,2616410107,2616410107,0,0,2612783295,275198085,14.81,9.76
117,2026-05-12 06:50:44,0,q99,0,7,184,2137,2117,31808,28528,237,280,0,1008,0,2939,2760866,0,0,8327049528,144067238,607080303,0,0,201162,2101,2101,0,13934745,13934745,0,0,13934745,201162,14.88,2.14
118,2026-05-12 06:50:47,1,q1,0,12,116,2426,4415,34879,30593,134,139,0,752,0,3194,887878,0,0,7451933096,59676673,487102448,0,0,18400127,797,797,0,277423848,277423848,0,0,277423848,18400127,14.38,2.43
119,2026-05-12 06:50:51,1,q2,0,9,273,3363,3296,48294,43463,372,406,0,1806,0,4001,2759531,0,0,2187126760,216214884,887732172,0,0,162535,3080,3080,0,13171910,13171910,0,0,4400632,56097,14.36,3.36
120,2026-05-12 06:50:55,1,q3,0,4,213,1275,1262,18490,16242,245,255,0,1488,0,585,2315025,0,0,621314024,276820651,1194280020,0,0,933,191,191,0,89346,89346,0,0,89346,933,14.5,1.27
121,2026-05-12 06:50:58,1,q4,0,25,1142,53637,267658,842536,733676,2837,2877,6,15560,0,101042,1494157,0,0,128950631840,771375137,11386512756,0,0,566100624,58580,58580,0,17916612008,17916612008,0,0,10647012313,341212705,15.71,53.64
122,2026-05-12 06:51:52,1,q5,0,11,629,12021,25362,176249,144502,651,937,0,6372,0,11009,3124456,0,0,9987215640,615033649,4793575814,0,0,79009774,2926,2926,0,1101341350,1101341350,0,0,1101341350,79009774,14.66,12.02
123,2026-05-12 06:52:06,1,q5a,0,14,632,11392,26695,165096,152999,785,1011,4,6320,0,8891,3119210,0,0,10189590736,615033649,4793575814,0,0,78973390,2409,2409,0,1099536543,1099536543,0,0,1099234997,78969956,14.49,11.39
124,2026-05-12 06:52:18,1,q6,0,12,306,12964,30193,194591,173631,225,352,1,3128,0,24745,2210737,0,0,34296832544,280097700,1295493760,0,0,273571140,15028,15028,0,3355003389,3355003389,0,0,3355003389,273571140,15.01,12.96
125,2026-05-12 06:52:32,1,q7,0,13,255,7414,13650,110030,87387,1268,1196,0,6320,0,8277,1561496,0,0,2680880672,278816500,3399692443,0,0,53270195,294,294,0,1773007381,1773007381,0,0,1773007381,53270195,14.84,7.41
126,2026-05-12 06:52:41,1,q8,0,12,259,2205,4142,31359,28635,63,204,0,1264,0,1225,1037851,0,0,4998230304,280617053,1341835785,0,0,9745849,218,218,0,91780075,91780075,0,0,91780075,9745849,14.22,2.2
127,2026-05-12 06:52:44,1,q9,0,31,3166,17657,263749,270551,228730,3273,4325,16,14048,0,3508,1020388,0,0,0,4320095875,9743519707,0,0,3150,3150,3150,0,198262,198262,0,0,198262,3150,15.32,17.66
128,2026-05-12 06:53:03,1,q10,0,11,509,3820,8340,55904,40460,197,363,0,2448,0,12861,1032799,0,0,6208408840,497533188,2092867824,0,0,22980851,6541,6541,0,192210488,192210488,0,0,192210488,22980851,14.63,3.82
129,2026-05-12 06:53:08,1,q10a,0,10,509,2832,5037,40837,34655,129,394,0,2752,0,10926,1907282,0,0,4932103104,497533188,2092867824,0,0,22779154,6877,6877,0,191369627,191369627,0,0,191369627,22779154,14.42,2.83
130,2026-05-12 06:53:12,1,q11,0,15,648,31601,106289,500587,459654,766,961,0,9905,0,39429,1493383,0,0,114155000192,350691313,3082349810,0,0,699960358,52295,52295,0,13511160741,13511160741,0,0,6912643789,353418106,15.84,31.6
131,2026-05-12 06:53:44,1,q12,0,7,117,4025,7512,55314,44964,67,104,0,784,0,6187,437238,0,0,10562963440,72278662,386756478,0,0,72106021,1630,1630,0,762498313,762498313,0,0,762498313,72106021,13.74,4.03
132,2026-05-12 06:53:49,1,q13,0,14,242,4558,13283,68937,54371,1212,1115,0,4793,0,5311,1914208,0,0,1054379680,279625302,6023673570,0,0,740937,200,200,0,23431999,23431999,0,0,23431999,740937,15.12,4.56
133,2026-05-12 06:53:55,1,q14a,0,30,1579,31017,95762,454850,402484,2594,3034,1,9919,0,49554,4667755,0,0,37672989888,1478653164,5351313846,0,0,620284238,6487,6487,0,6689185303,6689185303,0,0,6684601059,620148266,14.66,31.02
134,2026-05-12 06:54:29,1,q14b,0,24,1330,29619,103441,449549,322250,2120,2408,2,7490,0,116845,4667067,0,0,37727552256,1262803525,4200463042,0,0,679784201,6422,6422,0,7311640846,7311640846,0,0,3688640894,404738849,15.18,29.62
135,2026-05-12 06:55:00,1,q14,0,24,1328,41734,212160,643886,302860,2221,2549,11,6208,0,339538,4668314,0,0,36519101808,1262803525,4200463042,0,0,679621830,6182,6182,0,7306798565,7306798565,0,0,3683798613,404576478,15.43,41.73
136,2026-05-12 06:55:43,1,q15,0,7,236,19417,33591,264183,180637,103,201,0,2418,0,74933,806057,0,0,28682234216,147067173,933274306,0,0,288834299,7732,7732,0,3686227013,3686227013,0,0,3686227013,288834299,13.61,19.42
137,2026-05-12 06:56:03,1,q16,0,8,452,33149,140954,515965,205353,303,500,2,5680,3,301812,2496256,0,0,41785807200,303459149,2606978612,0,0,301125284,34700,34700,0,5861095305,5861095305,0,0,5861095305,301125284,15.57,33.15
138,2026-05-12 06:56:37,1,q17,0,10,669,102713,451528,1620174,447755,352,702,54,3744,0,1180729,13880723,0,0,69086260584,449689837,4064538956,0,0,455396321,69756,69756,0,11468267745,11468267745,0,0,11468267745,455396321,15.77,102.71
139,2026-05-12 06:58:21,1,q18,0,13,332,11802,58325,181268,148848,261,340,1,4816,0,29095,9713975,0,0,11174549592,151112773,2634402049,0,0,159482755,2549,2549,0,6161110944,6161110944,0,0,6161110944,159482755,15.36,11.8
140,2026-05-12 06:58:34,1,q18a,0,23,413,60976,572395,956647,184117,438,564,0,4496,0,772653,9713760,0,0,34000277584,154316773,2652349113,0,0,204535227,9509,9509,0,7817879109,7817879109,0,0,6169707601,160018999,15.69,60.98
141,2026-05-12 06:59:36,1,q19,0,11,270,2739,5155,40136,33513,201,237,0,2416,0,4123,1027553,0,0,5955618328,279821053,2387798858,0,0,11817289,769,769,0,198182340,198182340,0,0,198182340,11817289,14.65,2.74
142,2026-05-12 06:59:40,1,q20,0,7,202,5787,11155,81068,75176,109,182,0,1626,0,7232,807304,0,0,16882665952,144271173,711314762,0,0,143395506,4318,4318,0,1439146061,1439146061,0,0,1439146061,143395506,14.01,5.79
143,2026-05-12 06:59:47,1,q21,0,6,15,2420,2406,17998,16165,14,14,0,191,0,137,131075,0,0,777786456,399607064,539389650,0,0,96170,20,20,0,2678127,2678127,0,0,2678127,96170,7.44,2.42
144,2026-05-12 06:59:50,1,q22,0,7,46,75340,75441,897649,882274,113,69,0,2787,0,1072,320176,0,0,10455113368,399607064,534825717,0,0,80173222,458,458,0,537264163,537264163,0,0,537264163,80173222,11.91,75.34
145,2026-05-12 07:01:07,1,q22a,0,11,71,6633,7319,70525,66900,115,118,0,432,2,2580,511504,0,0,14714953824,399607064,539447435,0,0,80581076,752,752,0,841025633,841025633,0,0,814117617,80173152,10.63,6.63
146,2026-05-12 07:01:15,1,q23a,0,17,1243,80332,137395,1242173,1176149,1932,2322,4,15378,0,68203,13146599,0,0,202155459224,1059512476,5916138420,0,0,1008995311,77418,77418,0,18750171511,18750171511,0,0,15623673517,809058651,15.46,80.33
147,2026-05-12 07:02:36,1,q23b,0,20,1451,166864,325528,2622815,1166508,2568,2900,10,14986,1,1458371,13146599,0,0,350973028640,1061512476,5928054256,0,0,1402657801,212724,212724,0,25048109558,25048109558,0,0,15669403647,810446977,15.72,166.86
148,2026-05-12 07:05:24,1,q24,0,12,480,57739,273841,901740,297198,329,536,0,2755,0,604263,3700320,0,0,50812616512,320012401,3498201974,0,0,300409241,46721,46721,0,7392507664,7392507664,0,0,7392507664,300409241,15.62,57.74
149,2026-05-12 07:06:23,1,q24a,0,20,735,63816,232216,967807,541191,630,910,0,3700,1,438185,3699761,0,0,107696485856,320216401,3490207736,0,0,611254554,97001,97001,0,15271491918,15271491918,0,0,7915411615,310999280,15.17,63.82
150,2026-05-12 07:07:28,1,q24b,0,21,721,51186,170806,783135,527828,647,890,9,3192,0,266302,3699933,0,0,105573251152,320216401,3490207736,0,0,611115102,96804,96804,0,15258561831,15258561831,0,0,7902481528,310859828,15.3,51.19
151,2026-05-12 07:08:20,1,q25,0,10,669,85491,296120,1356524,464079,374,708,1,10464,0,865110,13880723,0,0,69019054728,449689837,5022536949,0,0,455396296,69739,69739,0,11683973311,11683973311,0,0,11683973311,455396296,15.87,85.49
152,2026-05-12 07:09:47,1,q26,0,9,279,64582,302349,1011823,98380,151,288,0,6192,0,915761,2024944,0,0,3165317000,146192973,1860451081,0,0,142864279,664,664,0,4816747990,4816747990,0,0,4816747990,142864279,15.67,64.58
153,2026-05-12 07:10:52,1,q27,0,13,243,5917,11294,89149,61873,1515,1270,4,6765,0,7214,1561496,0,0,1803347080,278815304,3318878579,0,0,6482912,246,246,0,219290535,219290535,0,0,219290535,6482912,15.07,5.92
154,2026-05-12 07:10:59,1,q27a,0,17,280,4879,9748,71928,64436,1608,1495,0,4590,0,5010,1561496,0,0,2904731872,279019706,3319537065,0,0,18952353,428,428,0,630732947,630732947,0,0,213451657,6416555,14.74,4.88
155,2026-05-12 07:11:05,1,q28,0,18,1363,18832,111499,292401,268308,4154,4325,26,6151,0,45346,1136435,0,0,85315520848,1728038328,10599863508,0,0,8006259,20467,20467,0,129161300,129161300,0,0,129161300,8006259,15.53,18.83
156,2026-05-12 07:11:25,1,q29,0,11,670,33898,90487,518545,500316,478,734,2,3440,0,39256,13880723,0,0,69019478168,449762886,4065018708,0,0,455396359,69770,69770,0,11468274915,11468274915,0,0,11468274915,455396359,15.3,33.9
157,2026-05-12 07:12:00,1,q30,0,16,127,2440,5940,25703,22399,157,169,0,0,0,2735,3485263,0,0,12044940728,19471827,226767890,0,0,10760255,962,962,0,346286453,346286453,0,0,346286453,10760255,10.53,2.44
158,2026-05-12 07:12:04,1,q31,0,25,1017,8312,48180,128063,106628,264,815,5,5358,0,23855,1033702,0,0,18916438544,1046854792,7291306172,0,0,44351464,13076,13076,0,580518673,580518673,0,0,499838959,39499393,15.41,8.31
159,2026-05-12 07:12:13,1,q32,0,7,339,1712,3255,24562,21094,229,304,0,1140,0,3434,1362409,0,0,604500376,288265297,1407409886,0,0,146965,488,488,0,3748576,3748576,0,0,3748576,146965,14.35,1.71
160,2026-05-12 07:12:16,1,q33,0,9,476,3508,7524,50456,44328,604,687,0,1545,0,6574,3475109,0,0,17299313256,494020388,3848139662,0,0,159756,284,284,0,4949230,4949230,0,0,4949230,159756,14.38,3.51
161,2026-05-12 07:12:21,1,q34,0,9,255,2561,3664,36670,31740,354,380,1,2064,0,5082,2902678,0,0,2308057480,278624253,2940757178,0,0,4301953,1483,1483,0,141021076,141021076,0,0,74313010,2301953,14.32,2.56
162,2026-05-12 07:12:24,1,q35,0,12,542,5337,9708,76359,67896,211,459,0,1530,0,12379,1033444,0,0,14022837880,497533188,2091509004,0,0,62628742,7799,7799,0,393313085,393313085,0,0,393313085,62628742,14.31,5.34
163,2026-05-12 07:12:31,1,q35a,0,11,542,4482,6785,63048,57330,227,465,0,1576,0,8705,1898424,0,0,13167200272,497533188,2091509004,0,0,62645069,5827,5827,0,392192799,392192799,0,0,392192799,62645069,14.07,4.48
164,2026-05-12 07:12:36,1,q36,0,6,215,2205,2148,30601,27072,257,330,0,992,0,1750,3714241,0,0,16308352080,276821053,2312138427,0,0,19641,177,177,0,1747533,1747533,0,0,1747533,19641,13.88,2.2
165,2026-05-12 07:12:39,1,q36a,0,9,220,2535,2497,34203,28327,256,327,0,4256,0,1754,3714241,0,0,15102490112,276821053,2312138427,0,0,52532,534,534,0,4803288,4803288,0,0,1617262,17760,13.49,2.54
166,2026-05-12 07:12:43,1,q37,0,6,195,6698,10289,78134,73955,142,169,0,2393,0,3656,806315,0,0,14049417616,543601173,673803696,0,0,152468755,2992,2992,0,314293728,314293728,0,0,314293728,295975871,11.67,6.7
167,2026-05-12 07:12:51,1,q38,0,13,589,9845,27002,151272,137148,331,522,0,2416,3,16498,1035465,0,0,23632590968,494612388,2075158426,0,0,120819579,8670,8670,0,1504978680,1504978680,0,0,1400922298,116819579,15.37,9.85
168,2026-05-12 07:13:02,1,q39a,0,11,76,4356,8045,60448,56850,182,143,0,202,0,1397,2450413,0,0,5629038712,799010113,1076319780,0,0,4703618,493,493,0,147406910,147406910,0,0,99374934,3173618,13.88,4.36
169,2026-05-12 07:13:07,1,q39b,0,11,75,3902,7121,51172,50284,154,168,0,0,0,866,1036381,0,0,5245587576,799010113,1076319780,0,0,4594459,493,493,0,144357198,144357198,0,0,96325222,3064459,13.11,3.9
170,2026-05-12 07:13:12,1,q40,0,8,256,12264,28999,180908,169469,173,268,0,2932,0,13729,1373049,0,0,23640442248,158669010,1134991444,0,0,157480425,12400,12400,0,3417099735,3417099735,0,0,3417099735,157480425,14.75,12.26
171,2026-05-12 07:13:26,1,q41,0,4,4,191,164,151,140,4,3,0,0,0,12,13527,0,0,269488032,408000,2001597,0,0,292,2,2,0,19225,19225,0,0,19225,292,0.79,0.19
172,2026-05-12 07:13:27,1,q42,0,4,213,1345,1336,19541,18751,229,272,0,0,0,494,2309263,0,0,657507504,276820651,1193956400,0,0,1046,161,161,0,87927,87927,0,0,87927,1046,14.53,1.34
173,2026-05-12 07:13:29,1,q43,0,5,215,1955,1934,28340,25472,347,317,0,1408,0,1713,2310940,0,0,631482688,276617053,1032052902,0,0,20230,340,340,0,2249620,2249620,0,0,2249620,20230,14.5,1.96
174,2026-05-12 07:13:32,1,q44,0,8,440,2362,2452,34259,26218,364,480,48,2480,0,8103,3432039,0,0,2522336008,576216776,3409464613,0,0,790184,3586,3586,0,17228424,17228424,0,0,8623177,395285,14.5,2.36
175,2026-05-12 07:13:36,1,q45,0,9,141,15467,52629,217894,100024,80,125,0,1279,0,93742,1561496,0,0,19400735688,75482662,558579478,0,0,146949311,2793,2793,0,2506527416,2506527416,0,0,2506527416,146949311,14.09,15.47
176,2026-05-12 07:13:52,1,q46,0,12,273,5457,6728,78943,63323,422,447,4,8560,0,8801,5465857,0,0,5719653032,279624253,4944228671,0,0,5222376,3609,3609,0,133607183,133607183,0,0,119235670,4252333,14.47,5.46
177,2026-05-12 07:13:59,1,q47,0,11,275,4918,5916,71139,64487,408,484,3,2304,0,6035,4610775,0,0,23867335456,276821053,1208887432,0,0,12282561,7417,7417,0,475321542,475321542,0,0,246963388,6373114,14.47,4.92
178,2026-05-12 07:14:05,1,q48,0,9,242,8232,22596,126473,115006,295,355,0,5612,0,8380,2409909,0,0,1240766720,279537853,3911814554,0,0,42651140,231,231,0,1244533717,1244533717,0,0,1244533717,42651140,15.36,8.23
179,2026-05-12 07:14:14,1,q49,0,18,587,27210,115240,429249,137492,180,476,0,5328,0,261483,2323170,0,0,9871307648,543011210,6397470143,0,0,151963934,576,576,0,3564397327,3564397327,0,0,3564397327,151963934,15.78,27.21
180,2026-05-12 07:14:42,1,q50,0,8,442,91434,348910,1402493,265844,344,536,2,1312,0,1057103,4097288,0,0,62650168048,305491713,2903840434,0,0,292659971,46607,46607,0,6810173101,6810173101,0,0,6810173101,292659971,15.34,91.43
181,2026-05-12 07:16:15,1,q51,0,10,404,13138,19828,185035,161774,448,572,0,1948,0,14524,1723588,0,0,36501536280,348618264,1227662282,0,0,142655068,5780,5780,0,2331585365,2331585365,0,0,2331585365,142655068,14.08,13.14
182,2026-05-12 07:16:29,1,q51a,0,14,475,252202,290248,3286708,3151600,672,817,0,52986,0,24065,1724534,0,0,81075701688,348618264,1227662282,0,0,283180156,6973,6973,0,4526611762,4526611762,0,0,3346195613,216786893,13.03,252.2
183,2026-05-12 07:20:42,1,q52,0,4,213,1113,1102,15849,13856,208,257,0,0,0,520,2309048,0,0,657507504,276820651,1194284080,0,0,1821,161,161,0,172783,172783,0,0,172783,1821,14.24,1.11
184,2026-05-12 07:20:45,1,q53,0,6,215,2056,2031,28318,24280,253,315,0,2432,0,1793,2897905,0,0,961654736,276821053,1209620652,0,0,21278,170,170,0,1034649,1034649,0,0,1034649,21278,13.77,2.06
185,2026-05-12 07:20:48,1,q54,0,17,576,15006,41959,224555,196552,291,572,0,5105,0,18449,1913018,0,0,37588452808,496035937,3080083758,0,0,291951373,17264,17264,0,4425213652,4425213652,0,0,4425213652,291951373,14.96,15.01
186,2026-05-12 07:21:04,1,q55,0,4,213,1189,1181,17149,15510,219,263,0,800,0,630,2309908,0,0,1194378224,276820651,1194284080,0,0,1860,162,162,0,166535,166535,0,0,166535,1860,14.42,1.19
187,2026-05-12 07:21:06,1,q56,0,9,476,3777,7867,55696,45402,455,643,0,3216,0,2171,3483924,0,0,13428967776,494020388,3848602510,0,0,30815,407,407,0,1444190,1444190,0,0,1444190,30815,14.75,3.78
188,2026-05-12 07:21:11,1,q57,0,11,242,3631,4779,52344,44929,414,396,0,1966,0,6271,4610732,0,0,21643326304,144271203,657121158,0,0,14728549,6386,6386,0,596895221,596895221,0,0,313105890,7710681,14.42,3.63
189,2026-05-12 07:21:16,1,q58,0,11,479,3585,9339,51137,44017,609,652,0,1873,0,10162,3448042,0,0,10974193024,492962486,2276055112,0,0,305693,1070,1070,0,8905204,8905204,0,0,8905204,305693,14.26,3.58
190,2026-05-12 07:21:21,1,q59,0,10,251,7104,7573,91931,83256,275,356,0,1628,0,8830,1732532,0,0,17413596416,276763553,1032373206,0,0,14796758,7004,7004,0,605141006,605141006,0,0,303491101,7471744,12.94,7.1
191,2026-05-12 07:21:29,1,q60,0,9,476,3734,7528,53302,42335,544,675,46,3716,0,7893,3476528,0,0,15417123680,494020388,3848536974,0,0,115501,283,283,0,4041705,4041705,0,0,4041705,115501,14.27,3.73
192,2026-05-12 07:21:34,1,q61,0,12,465,6021,11682,93149,64089,533,404,29,7520,0,8382,1854368,0,0,7139097264,556365655,5117194674,0,0,11321881,3808,3808,0,164829319,164829319,0,0,144547322,9321881,15.47,6.02
193,2026-05-12 07:21:41,1,q62,0,7,97,1327,1311,19087,16316,106,136,0,944,0,1773,1496366,0,0,536128288,72074721,315573424,0,0,32557,182,182,0,2963756,2963756,0,0,2963756,32557,14.38,1.33
194,2026-05-12 07:21:43,1,q63,0,6,215,1866,1840,25735,22956,237,315,0,1152,0,2545,2898034,0,0,1028698040,276821053,1209559212,0,0,40394,170,170,0,1760517,1760517,0,0,1760517,40394,13.79,1.87
195,2026-05-12 07:21:46,1,q64,0,55,925,22123,98517,333720,301195,3172,3123,0,8624,0,19037,2334211,0,0,24987243448,745983428,14658482311,0,0,244146938,9192,9192,0,3743414124,3743414124,0,0,3073514394,198417039,15.08,22.12
196,2026-05-12 07:22:10,1,q65,0,11,493,10327,19492,153245,126356,641,764,0,4240,0,25962,1718127,0,0,26092258256,553364655,2423046522,0,0,78176207,4131,4131,0,2448816949,2448816949,0,0,2448816949,78176207,14.84,10.33
197,2026-05-12 07:22:21,1,q66,0,8,263,3774,4857,54230,33892,465,553,0,2010,0,895,2756437,0,0,17308064128,216155221,2424293011,0,0,3555,237,237,0,1806569,1806569,0,0,1806569,3555,14.37,3.77
198,2026-05-12 07:22:26,1,q67,0,8,273,49534,49675,668806,616561,251,322,5,9309,0,11964,1050579,0,0,48367630584,276821053,1466612325,0,0,103424628,3652,3652,0,3336800830,3336800830,0,0,3336800830,103424628,13.5,49.53
199,2026-05-12 07:23:16,1,q67a,0,16,656,72227,225482,1113030,1051754,1515,1577,2,11605,0,30873,3883639,0,0,186530058992,276821053,1466612325,0,0,526141565,11974,11974,0,24555077502,24555077502,0,0,6491469742,151998125,15.41,72.23
200,2026-05-12 07:24:30,1,q68,0,12,266,4245,5251,62778,55804,269,318,0,2107,0,5985,1355278,0,0,4328788144,279624253,6025486344,0,0,4229984,3609,3609,0,106934347,106934347,0,0,92562834,3259941,14.79,4.24
201,2026-05-12 07:24:35,1,q69,0,11,509,3140,7033,45394,38916,75,361,32,1375,0,11239,1031853,0,0,5967783584,497533188,2092188656,0,0,18050359,6660,6660,0,164087928,164087928,0,0,164087928,18050359,14.46,3.14
202,2026-05-12 07:24:40,1,q70,0,9,427,3968,3908,58020,53521,460,642,3,2720,0,1162,4373747,0,0,12671079344,553161057,2654496366,0,0,5153,340,340,0,396762,396762,0,0,396762,5153,14.62,3.97
203,2026-05-12 07:24:45,1,q70a,0,12,432,3290,3180,46206,42541,540,649,0,2433,0,1175,4362847,0,0,1801541056,553161057,2654496366,0,0,6786,711,711,0,598163,598163,0,0,284989,3618,14.04,3.29
204,2026-05-12 07:24:49,1,q71,0,7,485,3276,3213,46766,40595,676,799,1,2848,0,6851,8798420,0,0,5735755120,492902788,3559128428,0,0,273848,5382,5382,0,17874198,17874198,0,0,10016717,167674,14.28,3.28
205,2026-05-12 07:24:53,1,q72,0,16,436,196530,241599,2731476,2273925,579,705,1,3089,0,419745,13146642,0,0,82523784096,560074108,2492407546,0,0,538047872,38943,38943,0,9134546239,9134546239,0,0,9134546239,538047872,13.9,196.53
206,2026-05-12 07:28:11,1,q73,0,9,253,2532,3855,36770,29724,324,385,1,1024,0,8368,2902678,0,0,1430151184,278624253,2940757178,0,0,4173613,1070,1070,0,138667912,138667912,0,0,71959846,2173613,14.52,2.53
207,2026-05-12 07:28:15,1,q74,0,15,614,30455,102497,477081,395726,562,801,0,4145,0,80894,1373890,0,0,102409803584,350691313,2476002546,0,0,699960358,46749,46749,0,11231554676,11231554676,0,0,5715074874,353418106,15.67,30.46
208,2026-05-12 07:28:46,1,q75,0,20,1069,18373,63990,280861,236270,485,976,2,8583,0,36276,1049332,0,0,26691595696,1035827598,9273080332,0,0,140054939,8997,8997,0,3077647424,3077647424,0,0,2046922299,89656117,15.29,18.37
209,2026-05-12 07:29:06,1,q76,0,5,474,3096,3048,45183,38328,730,755,0,2727,0,6203,7559903,0,0,38292664928,492816388,3261319648,0,0,64680,2309,2309,0,5664519,5664519,0,0,5664519,64680,14.59,3.1
210,2026-05-12 07:29:10,1,q77,0,14,519,4020,19192,57952,44962,505,676,2,6544,0,7122,2311413,0,0,11013842888,543013652,4282941774,0,0,135253,516,516,0,4971413,4971413,0,0,4971413,135253,14.42,4.02
211,2026-05-12 07:29:15,1,q77a,0,17,524,4425,19298,59850,45432,662,701,0,5650,0,8227,2307414,0,0,8600021784,543013652,4282941774,0,0,113937,409,409,0,4251911,4251911,0,0,4043487,111463,13.53,4.42
212,2026-05-12 07:29:21,1,q78,0,15,727,85834,288607,1343994,571565,1217,1426,0,9888,0,774483,1820288,0,0,94462501856,543157308,6692666992,0,0,406636630,35301,35301,0,11853610953,11853610953,0,0,11853610953,406636630,15.66,85.83
213,2026-05-12 07:30:48,1,q79,0,8,250,5256,6095,78948,67192,527,571,0,2944,0,8698,2906763,0,0,18048702624,278624253,4933226661,0,0,10980482,3825,3825,0,348947706,348947706,0,0,348947706,10980482,15.02,5.26
214,2026-05-12 07:30:54,1,q80,0,23,683,60527,248845,955231,285614,2074,2116,0,8360,0,668039,2330381,0,0,54884401176,543515085,7216137350,0,0,265494087,25339,25339,0,8018451546,8018451546,0,0,8018451546,265494087,15.78,60.53
215,2026-05-12 07:31:56,1,q80a,0,26,688,68433,289156,1080049,278582,2030,2157,160,9104,0,809976,2330854,0,0,55356260208,543515085,7216137350,0,0,265493759,24436,24436,0,8017877606,8017877606,0,0,8017655906,265491829,15.78,68.43
216,2026-05-12 07:33:06,1,q81,0,16,161,2636,6235,38980,31862,201,220,0,336,0,5042,713915,0,0,16979243480,33868693,352183541,0,0,18924578,1870,1870,0,365597338,365597338,0,0,365597338,18924578,14.79,2.64
217,2026-05-12 07:33:09,1,q82,0,6,239,10246,15185,131048,118109,94,206,0,2256,0,5162,1021512,0,0,26129011888,687613437,727057642,0,0,291092473,3746,3746,0,332087734,332087734,0,0,332087734,439988162,12.79,10.25
218,2026-05-12 07:33:21,1,q83,0,10,49,1853,4836,24696,12256,52,59,0,400,0,10387,1561496,0,0,3597576128,50821969,195040564,0,0,218975,42,42,0,3139972,3139972,0,0,3139972,218975,13.33,1.85
219,2026-05-12 07:33:24,1,q84,0,9,50,1402,3191,11861,10174,42,44,0,0,0,943,9713760,0,0,192459840,33729631,128268096,0,0,27798849,40,40,0,145725954,145725954,0,0,145725954,27798849,8.46,1.4
220,2026-05-12 07:33:26,1,q85,0,14,145,3619,19841,49631,41490,259,222,4,2864,0,4974,1649276,0,0,4434954736,84117746,1110086473,0,0,11437258,1702,1702,0,378538837,378538837,0,0,378538837,11437258,13.71,3.62
221,2026-05-12 07:33:31,1,q86,0,5,94,3344,3288,50163,12637,95,117,0,4272,0,27379,3714241,0,0,7613854520,72278662,377069438,0,0,10004,86,86,0,805158,805158,0,0,805158,10004,15.0,3.34
222,2026-05-12 07:33:35,1,q86a,0,8,99,1167,1114,14197,12857,108,121,0,0,0,1209,3714241,0,0,8018603992,72278662,377069438,0,0,27353,267,267,0,2284009,2284009,0,0,776207,9367,12.17,1.17
223,2026-05-12 07:33:37,1,q87,0,13,589,10221,27779,157793,142188,210,517,0,2432,0,17947,1033960,0,0,23632590968,494612388,2075158426,0,0,120819579,8670,8670,0,1504978680,1504978680,0,0,1400922298,116819579,15.44,10.22
224,2026-05-12 07:33:49,1,q88,0,26,1698,9773,68855,151324,132202,92,1106,0,14003,0,402,1050207,0,0,5411051520,2304749906,12209079224,0,0,1680,1680,1680,0,99116,99116,0,0,99116,1680,15.48,9.77
225,2026-05-12 07:34:00,1,q89,0,8,292,8827,14827,133030,122263,255,277,0,2772,0,21052,1169289,0,0,5504384688,276821053,1209223304,0,0,268799286,876,876,0,3572840164,3572840164,0,0,3572840164,268799286,15.07,8.83
226,2026-05-12 07:34:09,1,q90,0,8,186,1120,1731,16618,13183,64,111,0,735,0,82,450230,0,0,582865920,144185266,854424315,0,0,180,180,180,0,10620,10620,0,0,10620,180,14.84,1.12
227,2026-05-12 07:34:12,1,q91,0,12,46,658,1362,8406,7400,32,46,0,0,0,475,1032836,0,0,2972701352,19398901,149580671,0,0,2192984,310,310,0,46354382,46354382,0,0,46332398,2192843,12.78,0.66
228,2026-05-12 07:34:13,1,q92,0,7,186,1322,2461,18384,15489,87,162,0,806,0,2704,1243734,0,0,358427024,144280275,758293318,0,0,163546,251,251,0,3429603,3429603,0,0,3429603,163546,13.91,1.32
229,2026-05-12 07:34:16,1,q93,0,6,444,79067,204821,1247726,265549,297,529,0,2400,0,957595,2969804,0,0,68971117112,316808054,3209224207,0,0,316284326,48411,48411,0,7854501950,7854501950,0,0,7854501950,316284326,15.78,79.07
230,2026-05-12 07:35:36,1,q94,0,8,243,21424,95894,326054,109939,127,240,0,2003,0,207794,1247483,0,0,20788046800,152275688,1423590310,0,0,151171124,9400,9400,0,2985892234,2985892234,0,0,2985892234,151171124,15.22,21.42
231,2026-05-12 07:35:58,1,q95,0,8,293,33595,86843,512378,332455,445,504,0,4539,0,163725,2625400,0,0,57933874400,152275688,1385178022,0,0,367104153,45800,45800,0,4668774194,4668774194,0,0,2769069854,151153209,15.25,33.6
232,2026-05-12 07:36:33,1,q96,0,5,214,1808,1803,26844,15438,19,121,0,0,0,28,1049347,0,0,671166720,288100390,1526220366,0,0,210,210,210,0,12390,12390,0,0,12390,210,14.85,1.81
233,2026-05-12 07:36:36,1,q97,0,5,395,11970,15156,162982,140854,377,512,0,2464,0,10011,1723588,0,0,37867529576,420610775,2023559574,0,0,82744400,5389,5389,0,791069197,791069197,0,0,791069197,82744400,13.62,11.97
234,2026-05-12 07:36:49,1,q98,0,8,275,17806,42367,270033,122889,142,270,5,1664,0,149807,6589863,0,0,30405105528,276820651,1200747652,0,0,275228628,10378,10378,0,2616410107,2616410107,0,0,2612783295,275198085,15.17,17.81
235,2026-05-12 07:37:08,1,q99,0,7,184,2004,1987,29491,26257,237,275,12,208,0,3427,2758028,0,0,8327049528,144067238,607080303,0,0,201162,2101,2101,0,13934745,13934745,0,0,13934745,201162,14.72,2.0
236,2026-05-12 07:37:11,2,q1,0,12,116,2057,3744,28874,24432,131,144,0,928,0,2930,887878,0,0,7451933096,59676673,487102448,0,0,18400127,797,797,0,277423848,277423848,0,0,277423848,18400127,14.04,2.06
237,2026-05-12 07:37:14,2,q2,0,9,273,3298,3240,47392,43920,299,400,0,864,0,4203,2752307,0,0,2187126760,216214884,887732172,0,0,162535,3080,3080,0,13171910,13171910,0,0,4400632,56097,14.37,3.3
238,2026-05-12 07:37:18,2,q3,0,4,213,1235,1222,17848,15673,276,261,0,840,0,1091,2313735,0,0,621314024,276820651,1194280020,0,0,933,191,191,0,89346,89346,0,0,89346,933,14.45,1.24
239,2026-05-12 07:37:21,2,q4,0,25,1142,104238,484027,1656669,708209,2385,2644,0,10240,3,906513,1493469,0,0,128950631840,771375137,11386512756,0,0,566100624,58580,58580,0,17916612008,17916612008,0,0,10647012313,341212705,15.89,104.24
240,2026-05-12 07:39:06,2,q5,0,11,629,12646,27122,187163,147462,665,902,0,4800,0,14961,3121876,0,0,9987215640,615033649,4793575814,0,0,79009774,2926,2926,0,1101341350,1101341350,0,0,1101341350,79009774,14.8,12.65
241,2026-05-12 07:39:20,2,q5a,0,14,632,12975,34929,189283,144951,729,1014,2,4844,0,43017,3115727,0,0,10189590736,615033649,4793575814,0,0,78973390,2409,2409,0,1099536543,1099536543,0,0,1099234997,78969956,14.59,12.98
242,2026-05-12 07:39:34,2,q6,0,12,306,22528,63949,335009,167381,173,330,3,1504,0,167731,2209361,0,0,34296832544,280097700,1295493760,0,0,273571140,15028,15028,0,3355003389,3355003389,0,0,3355003389,273571140,14.87,22.53
243,2026-05-12 07:39:58,2,q7,0,13,255,7759,13770,111008,88031,1379,1283,0,3205,0,11798,1561496,0,0,2680880672,278816500,3399692443,0,0,53270195,294,294,0,1773007381,1773007381,0,0,1773007381,53270195,14.31,7.76
244,2026-05-12 07:40:07,2,q8,0,12,259,2325,4377,32839,21598,66,196,35,1485,0,1173,1037593,0,0,4998230304,280617053,1341835785,0,0,9745849,218,218,0,91780075,91780075,0,0,91780075,9745849,14.12,2.33
245,2026-05-12 07:40:10,2,q9,0,31,3166,16874,252014,258426,233187,2863,4271,24,9846,0,2514,1015572,0,0,0,4320095875,9743519707,0,0,3150,3150,3150,0,198262,198262,0,0,198262,3150,15.32,16.87
246,2026-05-12 07:40:28,2,q10,0,11,509,3332,7660,48321,41623,93,367,0,1296,0,10076,1031380,0,0,6208408840,497533188,2092867824,0,0,22980851,6541,6541,0,192210488,192210488,0,0,192210488,22980851,14.5,3.33
247,2026-05-12 07:40:32,2,q10a,0,10,509,2799,5085,40226,34395,96,397,0,2304,0,11256,1906379,0,0,4932103104,497533188,2092867824,0,0,22779154,6877,6877,0,191369627,191369627,0,0,191369627,22779154,14.37,2.8
248,2026-05-12 07:40:36,2,q11,0,15,648,73606,203971,1172679,424651,599,886,0,5392,0,703738,1491878,0,0,114155000192,350691313,3082349810,0,0,699960358,52295,52295,0,13511160741,13511160741,0,0,6912643789,353418106,15.93,73.61
249,2026-05-12 07:41:51,2,q12,0,7,117,4160,7040,56836,53803,57,100,0,0,0,4618,436636,0,0,10562963440,72278662,386756478,0,0,72106021,1630,1630,0,762498313,762498313,0,0,762498313,72106021,13.66,4.16
250,2026-05-12 07:41:56,2,q13,0,14,242,4175,12189,63218,54549,1175,1198,0,3376,0,3309,1914208,0,0,1054379680,279625302,6023673570,0,0,740937,200,200,0,23431999,23431999,0,0,23431999,740937,15.14,4.18
251,2026-05-12 07:42:01,2,q14a,0,30,1579,66105,284528,1017754,368050,1835,2431,3,8071,0,636696,4662724,0,0,37672989888,1478653164,5351313846,0,0,620284238,6487,6487,0,6689185303,6689185303,0,0,6684601059,620148266,15.4,66.1
252,2026-05-12 07:43:10,2,q14b,0,24,1330,34764,142350,533386,316125,1664,2150,2,5513,0,192903,4661219,0,0,37727552256,1262803525,4200463042,0,0,679784201,6422,6422,0,7311640846,7311640846,0,0,3688640894,404738849,15.34,34.76
253,2026-05-12 07:43:46,2,q14,0,24,1328,31090,120727,473877,303187,1921,2385,0,5149,0,142361,4664788,0,0,36519101808,1262803525,4200463042,0,0,679621830,6182,6182,0,7306798565,7306798565,0,0,3683798613,404576478,15.24,31.09
254,2026-05-12 07:44:19,2,q15,0,7,236,24787,42657,341065,183283,85,189,0,2488,0,143478,805584,0,0,28682234216,147067173,933274306,0,0,288834299,7732,7732,0,3686227013,3686227013,0,0,3686227013,288834299,13.76,24.79
255,2026-05-12 07:44:45,2,q16,0,8,452,40946,176541,638864,198841,220,452,0,3168,0,400387,2494364,0,0,41785807200,303459149,2606978612,0,0,301125284,34700,34700,0,5861095305,5861095305,0,0,5861095305,301125284,15.6,40.95
256,2026-05-12 07:45:27,2,q17,0,10,669,118717,490370,1874471,457678,268,631,1,3376,0,1340393,13880723,0,0,69086260584,449689837,4064538956,0,0,455396321,69756,69756,0,11468267745,11468267745,0,0,11468267745,455396321,15.79,118.72
257,2026-05-12 07:47:26,2,q18,0,13,332,66600,417894,1039731,134849,177,309,0,3472,0,876953,9713760,0,0,11174549592,151112773,2634402049,0,0,159482755,2549,2549,0,6161110944,6161110944,0,0,6161110944,159482755,15.61,66.6
258,2026-05-12 07:48:34,2,q18a,0,23,413,71688,699199,1122548,163201,393,528,2,3536,0,924374,9713760,0,0,34000277584,154316773,2652349113,0,0,204535227,9509,9509,0,7817879109,7817879109,0,0,6169707601,160018999,15.66,71.69
259,2026-05-12 07:49:47,2,q19,0,11,270,3093,6237,46017,32490,96,222,0,1125,0,8366,1026478,0,0,5955618328,279821053,2387798858,0,0,11817289,769,769,0,198182340,198182340,0,0,198182340,11817289,14.88,3.09
260,2026-05-12 07:49:51,2,q20,0,7,202,5736,11119,79554,73488,118,194,0,992,0,7984,807003,0,0,16882665952,144271173,711314762,0,0,143395506,4318,4318,0,1439146061,1439146061,0,0,1439146061,143395506,13.87,5.74
261,2026-05-12 07:49:58,2,q21,0,6,15,2316,2306,16804,15260,14,16,0,0,0,101,131075,0,0,777786456,399607064,539389650,0,0,96170,20,20,0,2678127,2678127,0,0,2678127,96170,7.26,2.32
262,2026-05-12 07:50:01,2,q22,0,7,46,74306,74445,878231,871394,93,68,0,2606,0,1405,320176,0,0,10455113368,399607064,534825717,0,0,80173222,458,458,0,537264163,537264163,0,0,537264163,80173222,11.82,74.31
263,2026-05-12 07:51:17,2,q22a,0,11,71,6887,7608,71794,68332,116,120,0,480,0,2667,511504,0,0,14714953824,399607064,539447435,0,0,80581076,752,752,0,841025633,841025633,0,0,814117617,80173152,10.42,6.89
264,2026-05-12 07:51:25,2,q23a,0,17,1243,79515,136264,1229226,1182768,2037,2303,3,13556,0,54174,13146642,0,0,202155459224,1059512476,5916138420,0,0,1008995311,77418,77418,0,18750171511,18750171511,0,0,15623673517,809058651,15.46,79.52
265,2026-05-12 07:52:45,2,q23b,0,20,1451,143764,267101,2260780,1232139,2557,2981,5,15413,0,955736,13146599,0,0,350973028640,1061512476,5928054256,0,0,1402657801,212724,212724,0,25048109558,25048109558,0,0,15669403647,810446977,15.73,143.76
266,2026-05-12 07:55:10,2,q24,0,12,480,70042,338519,1101368,290247,299,536,0,2960,0,783713,3699632,0,0,50812616512,320012401,3498201974,0,0,300409241,46721,46721,0,7392507664,7392507664,0,0,7392507664,300409241,15.72,70.04
267,2026-05-12 07:56:21,2,q24a,0,20,735,94543,413895,1466283,519304,578,887,41,2791,0,899391,3699503,0,0,107696485856,320216401,3490207736,0,0,611254554,97001,97001,0,15271491918,15271491918,0,0,7915411615,310999280,15.51,94.54
268,2026-05-12 07:57:57,2,q24b,0,21,721,124901,591167,1928269,508836,573,889,0,26213,0,1303566,3699159,0,0,105573251152,320216401,3490207736,0,0,611115102,96804,96804,0,15258561831,15258561831,0,0,7902481528,310859828,15.44,124.9
269,2026-05-12 08:00:03,2,q25,0,10,669,105540,395887,1665715,451082,384,686,1,6672,0,1191134,13880723,0,0,69019054728,449689837,5022536949,0,0,455396296,69739,69739,0,11683973311,11683973311,0,0,11683973311,455396296,15.78,105.54
270,2026-05-12 08:01:50,2,q26,0,9,279,27859,126084,430434,105882,279,314,0,3840,0,314501,2024256,0,0,3165317000,146192973,1860451081,0,0,142864279,664,664,0,4816747990,4816747990,0,0,4816747990,142864279,15.45,27.86
271,2026-05-12 08:02:19,2,q27,0,13,243,5798,10946,83706,58823,1365,1212,1,3874,3,5635,1561496,0,0,1803347080,278815304,3318878579,0,0,6482912,246,246,0,219290535,219290535,0,0,219290535,6482912,14.44,5.8
272,2026-05-12 08:02:26,2,q27a,0,17,280,4854,9562,70924,63989,1707,1480,0,3360,0,5115,1561496,0,0,2904731872,279019706,3319537065,0,0,18952353,428,428,0,630732947,630732947,0,0,213451657,6416555,14.61,4.85
273,2026-05-12 08:02:32,2,q28,0,18,1363,19041,112744,295721,267723,4147,4294,25,6579,0,47461,1134414,0,0,85315520848,1728038328,10599863508,0,0,8006259,20467,20467,0,129161300,129161300,0,0,129161300,8006259,15.53,19.04
274,2026-05-12 08:02:52,2,q29,0,11,670,102199,454714,1611769,454962,333,683,4,7936,3,1163872,13880723,0,0,69019478168,449762886,4065018708,0,0,455396359,69770,69770,0,11468274915,11468274915,0,0,11468274915,455396359,15.77,102.2
275,2026-05-12 08:04:35,2,q30,0,16,127,2490,5796,25652,21654,181,168,0,304,0,3019,3485263,0,0,12044940728,19471827,226767890,0,0,10760255,962,962,0,346286453,346286453,0,0,346286453,10760255,10.3,2.49
276,2026-05-12 08:04:39,2,q31,0,25,1017,9820,56432,151730,107304,352,787,1,8202,2,26747,1033616,0,0,18849264168,1046854792,7291306172,0,0,44349624,13076,13076,0,580433179,580433179,0,0,499796212,39498473,15.45,9.82
277,2026-05-12 08:04:50,2,q32,0,7,339,1925,3684,28107,24312,165,306,0,1296,0,3552,1363355,0,0,604500376,288265297,1407409886,0,0,146965,488,488,0,3748576,3748576,0,0,3748576,146965,14.6,1.92
278,2026-05-12 08:04:53,2,q33,0,9,476,4715,9761,69602,43134,464,643,0,2864,0,12842,3475926,0,0,17299313256,494020388,3848139662,0,0,159756,284,284,0,4949230,4949230,0,0,4949230,159756,14.76,4.72
279,2026-05-12 08:04:59,2,q34,0,9,255,2996,3810,43372,34066,317,366,0,2384,0,4863,2902549,0,0,2308057480,278624253,2940757178,0,0,4301953,1483,1483,0,141021076,141021076,0,0,74313010,2301953,14.48,3.0
280,2026-05-12 08:05:03,2,q35,0,12,542,5799,11655,83564,73123,186,453,4,2656,0,12390,1033229,0,0,14022837880,497533188,2091509004,0,0,62628742,7799,7799,0,393313085,393313085,0,0,393313085,62628742,14.41,5.8
281,2026-05-12 08:05:10,2,q35a,0,11,542,5027,7324,71253,59244,256,464,0,6491,0,11085,1900918,0,0,13167200272,497533188,2091509004,0,0,62645069,5827,5827,0,392192799,392192799,0,0,392192799,62645069,14.17,5.03
282,2026-05-12 08:05:16,2,q36,0,6,215,2873,2753,38873,25923,214,291,4,3209,0,1794,3714241,0,0,16308352080,276821053,2312138427,0,0,19641,177,177,0,1747533,1747533,0,0,1747533,19641,13.53,2.87
283,2026-05-12 08:05:20,2,q36a,0,9,220,2282,2241,30053,24304,231,319,0,3968,0,2088,3714241,0,0,15102490112,276821053,2312138427,0,0,52532,534,534,0,4803288,4803288,0,0,1617262,17760,13.17,2.28
284,2026-05-12 08:05:24,2,q37,0,6,195,6509,10040,78261,72123,67,168,0,2738,0,3739,806745,0,0,14049417616,543601173,673803696,0,0,152468755,2992,2992,0,314293728,314293728,0,0,314293728,295975871,12.02,6.51
285,2026-05-12 08:05:31,2,q38,0,13,589,14006,39636,215928,133495,294,562,592,8875,0,25224,1039421,0,0,23632590968,494612388,2075158426,0,0,120819579,8670,8670,0,1504978680,1504978680,0,0,1400922298,116819579,15.42,14.01
286,2026-05-12 08:05:46,2,q39a,0,11,76,6324,10038,65289,48295,192,142,0,469,0,1313,2450413,0,0,5629038712,799010113,1076319780,0,0,4703618,493,493,0,147406910,147406910,0,0,99374934,3173618,10.32,6.32
287,2026-05-12 08:05:55,2,q39b,0,11,75,3964,7094,49944,48130,160,159,0,352,0,869,1036381,0,0,5245587576,799010113,1076319780,0,0,4594459,493,493,0,144357198,144357198,0,0,96325222,3064459,12.6,3.96
288,2026-05-12 08:06:00,2,q40,0,8,256,48910,203973,747449,167386,1503,288,454,73127,0,197958,1375113,0,0,23640442248,158669010,1134991444,0,0,157480425,12400,12400,0,3417099735,3417099735,0,0,3417099735,157480425,15.28,48.91
289,2026-05-12 08:06:50,2,q41,0,4,4,218,174,141,138,3,3,0,0,0,11,13527,0,0,269488032,408000,2001597,0,0,292,2,2,0,19225,19225,0,0,19225,292,0.65,0.22
290,2026-05-12 08:06:51,2,q42,0,4,213,1845,1844,26305,13844,592,260,0,9745,0,474,2309951,0,0,657507504,276820651,1193956400,0,0,1046,161,161,0,87927,87927,0,0,87927,1046,14.26,1.84
291,2026-05-12 08:06:54,2,q43,0,5,215,2465,2460,36381,31890,321,309,0,1638,0,2392,2314036,0,0,631482688,276617053,1032052902,0,0,20230,340,340,0,2249620,2249620,0,0,2249620,20230,14.76,2.46
292,2026-05-12 08:06:58,2,q44,0,8,440,2929,3003,43063,28973,391,500,19,4048,0,8285,3432039,0,0,2522336008,576216776,3409464613,0,0,790184,3586,3586,0,17228424,17228424,0,0,8623177,395285,14.7,2.93
293,2026-05-12 08:07:02,2,q45,0,9,141,9639,22614,130556,92698,79,123,0,3076,0,33294,1561496,0,0,19400735688,75482662,558579478,0,0,146949311,2793,2793,0,2506527416,2506527416,0,0,2506527416,146949311,13.54,9.64
294,2026-05-12 08:07:13,2,q46,0,12,273,5876,7915,88692,55181,232,329,10,4800,0,7563,5465771,0,0,5719653032,279624253,4944228671,0,0,5222376,3609,3609,0,133607183,133607183,0,0,119235670,4252333,15.09,5.88
295,2026-05-12 08:07:20,2,q47,0,11,275,5233,6345,76475,68478,377,469,0,1808,0,7759,4610732,0,0,23867335456,276821053,1208887432,0,0,12282561,7417,7417,0,475321542,475321542,0,0,246963388,6373114,14.61,5.23
296,2026-05-12 08:07:26,2,q48,0,9,242,8674,24247,133012,108429,183,285,1,7472,0,12689,2409909,0,0,1240766720,279537853,3911814554,0,0,42651140,231,231,0,1244533717,1244533717,0,0,1244533717,42651140,15.33,8.67
297,2026-05-12 08:07:36,2,q49,0,18,587,31384,137745,495362,143752,175,476,1,5721,0,318211,2323170,0,0,9871307648,543011210,6397470143,0,0,151963934,576,576,0,3564397327,3564397327,0,0,3564397327,151963934,15.78,31.38
298,2026-05-12 08:08:08,2,q50,0,8,442,64580,246467,1009791,287784,303,519,0,2192,0,714467,4097976,0,0,62650168048,305491713,2903840434,0,0,292659971,46607,46607,0,6810173101,6810173101,0,0,6810173101,292659971,15.64,64.58
299,2026-05-12 08:09:14,2,q51,0,10,404,13642,19799,192336,163773,483,612,0,2886,0,28444,1725609,0,0,36501536280,348618264,1227662282,0,0,142655068,5780,5780,0,2331585365,2331585365,0,0,2331585365,142655068,14.1,13.64
300,2026-05-12 08:09:28,2,q51a,0,14,475,247293,284740,3209247,3150219,803,834,4,27341,0,22010,1726211,0,0,81075701688,348618264,1227662282,0,0,283180156,6973,6973,0,4526611762,4526611762,0,0,3346195613,216786893,12.98,247.29
301,2026-05-12 08:13:37,2,q52,0,4,213,1529,1518,22152,19638,197,252,0,330,0,526,2309306,0,0,657507504,276820651,1194284080,0,0,1821,161,161,0,172783,172783,0,0,172783,1821,14.49,1.53
302,2026-05-12 08:13:39,2,q53,0,6,215,1914,1895,26689,23103,228,306,0,2320,0,1734,2898421,0,0,961654736,276821053,1209620652,0,0,21278,170,170,0,1034649,1034649,0,0,1034649,21278,13.94,1.91
303,2026-05-12 08:13:42,2,q54,0,17,576,15331,42373,233608,200969,320,591,0,4752,0,22676,1914781,0,0,37588452808,496035937,3080083758,0,0,291951373,17264,17264,0,4425213652,4425213652,0,0,4425213652,291951373,15.24,15.33
304,2026-05-12 08:13:59,2,q55,0,4,213,1316,1307,19072,17287,223,263,0,832,0,698,2309951,0,0,1194378224,276820651,1194284080,0,0,1860,162,162,0,166535,166535,0,0,166535,1860,14.49,1.32
305,2026-05-12 08:14:01,2,q56,0,9,476,3789,8116,55593,44671,577,649,0,3561,0,2723,3484483,0,0,13428967776,494020388,3848602510,0,0,30815,407,407,0,1444190,1444190,0,0,1444190,30815,14.67,3.79
306,2026-05-12 08:14:06,2,q57,0,11,242,3661,4738,52248,44803,359,401,0,1799,0,6554,4610732,0,0,21643326304,144271203,657121158,0,0,14728549,6386,6386,0,596895221,596895221,0,0,313105890,7710681,14.27,3.66
307,2026-05-12 08:14:11,2,q58,0,11,479,3832,9800,55684,48268,496,655,21,2541,0,10006,3447956,0,0,10974193024,492962486,2276055112,0,0,305693,1070,1070,0,8905204,8905204,0,0,8905204,305693,14.53,3.83
308,2026-05-12 08:14:16,2,q59,0,10,251,6429,6898,87104,81108,281,370,0,2377,0,6182,1734596,0,0,17413596416,276763553,1032373206,0,0,14796758,7004,7004,0,605141006,605141006,0,0,303491101,7471744,13.55,6.43
309,2026-05-12 08:14:23,2,q60,0,9,476,4012,8449,58038,50690,538,681,0,4047,0,4813,3477345,0,0,15417123680,494020388,3848536974,0,0,115501,283,283,0,4041705,4041705,0,0,4041705,115501,14.47,4.01
310,2026-05-12 08:14:29,2,q61,0,12,465,6324,12168,97055,62237,230,419,7,10452,0,8149,1854368,0,0,7139097264,556365655,5117194674,0,0,11321881,3808,3808,0,164829319,164829319,0,0,144547322,9321881,15.35,6.32
311,2026-05-12 08:14:36,2,q62,0,7,97,1429,1350,19014,16542,134,148,0,848,0,1695,1496366,0,0,536128288,72074721,315573424,0,0,32557,182,182,0,2963756,2963756,0,0,2963756,32557,13.31,1.43
312,2026-05-12 08:14:39,2,q63,0,6,215,1768,1750,24148,21659,233,308,0,1104,0,2573,2897862,0,0,1028698040,276821053,1209559212,0,0,40394,170,170,0,1760517,1760517,0,0,1760517,40394,13.66,1.77
313,2026-05-12 08:14:41,2,q64,0,55,925,25323,117405,389397,306678,3428,2925,109,20992,0,24438,2334168,0,0,24987243448,745983428,14658482311,0,0,244146938,9192,9192,0,3743414124,3743414124,0,0,3073514394,198417039,15.38,25.32
314,2026-05-12 08:15:08,2,q65,0,11,493,10684,18941,141638,128681,557,744,0,3776,0,12967,1717138,0,0,26092258256,553364655,2423046522,0,0,78176207,4131,4131,0,2448816949,2448816949,0,0,2448816949,78176207,13.26,10.68
315,2026-05-12 08:15:20,2,q66,0,8,263,3403,4492,48386,38120,542,620,0,1264,0,898,2755792,0,0,17308064128,216155221,2424293011,0,0,3555,237,237,0,1806569,1806569,0,0,1806569,3555,14.22,3.4
316,2026-05-12 08:15:24,2,q67,0,8,273,69491,69610,1015581,599751,521,321,0,11112,0,300296,1050493,0,0,48367630584,276821053,1466612325,0,0,103424628,3652,3652,0,3336800830,3336800830,0,0,3336800830,103424628,14.61,69.49
317,2026-05-12 08:16:35,2,q67a,0,16,656,111452,351763,1719237,1016374,1657,1601,0,9184,0,693664,3882951,0,0,186530058992,276821053,1466612325,0,0,526141565,11974,11974,0,24555077502,24555077502,0,0,6491469742,151998125,15.43,111.45
318,2026-05-12 08:18:28,2,q68,0,12,266,26197,27091,402245,57877,248,255,85,68778,0,9917,1355278,0,0,4328788144,279624253,6025486344,0,0,4229984,3609,3609,0,106934347,106934347,0,0,92562834,3259941,15.35,26.2
319,2026-05-12 08:18:55,2,q69,0,11,509,3473,7996,50356,39847,181,373,24,2957,0,11202,1034089,0,0,5967783584,497533188,2092188656,0,0,18050359,6660,6660,0,164087928,164087928,0,0,164087928,18050359,14.5,3.47
320,2026-05-12 08:18:59,2,q70,0,9,427,4122,4045,59412,53124,547,707,0,2923,0,1236,4373747,0,0,12671079344,553161057,2654496366,0,0,5153,340,340,0,396762,396762,0,0,396762,5153,14.41,4.12
321,2026-05-12 08:19:05,2,q70a,0,12,432,3383,3269,47153,42899,556,651,56,2688,0,1204,4362933,0,0,1801541056,553161057,2654496366,0,0,6786,711,711,0,598163,598163,0,0,284989,3618,13.94,3.38
322,2026-05-12 08:19:09,2,q71,0,7,485,3614,3555,52383,43536,723,776,1,2416,0,5982,8797689,0,0,5735755120,492902788,3559128428,0,0,273848,5382,5382,0,17874415,17874415,0,0,10016934,167674,14.49,3.61
323,2026-05-12 08:19:14,2,q72,0,16,436,180418,211920,2577250,2292743,563,707,1,3132,0,271231,13146599,0,0,82523784096,560074108,2492407546,0,0,538047872,38943,38943,0,9134546239,9134546239,0,0,9134546239,538047872,14.28,180.42
324,2026-05-12 08:22:15,2,q73,0,9,253,2981,4572,43587,30032,365,393,7,2096,0,11799,2906634,0,0,1430151184,278624253,2940757178,0,0,4173613,1070,1070,0,138667912,138667912,0,0,71959846,2173613,14.62,2.98
325,2026-05-12 08:22:20,2,q74,0,15,614,28112,95006,441110,407868,645,860,5,5416,0,26034,1373976,0,0,102409803584,350691313,2476002546,0,0,699960358,46749,46749,0,11231554676,11231554676,0,0,5715074874,353418106,15.69,28.11
326,2026-05-12 08:22:49,2,q75,0,20,1069,18154,61238,279263,242483,518,993,4,8472,1,32471,1049633,0,0,26691595696,1035827598,9273080332,0,0,140054939,8997,8997,0,3077647424,3077647424,0,0,2046922299,89656117,15.38,18.15
327,2026-05-12 08:23:08,2,q76,0,5,474,3941,3895,58767,45605,523,723,0,2720,0,5564,7558398,0,0,38292664928,492816388,3261319648,0,0,64680,2309,2309,0,5664519,5664519,0,0,5664519,64680,14.91,3.94
328,2026-05-12 08:23:13,2,q77,0,14,519,5311,24302,76775,51769,579,621,3,6252,0,9101,2310467,0,0,11013842888,543013652,4282941774,0,0,135253,516,516,0,4971413,4971413,0,0,4971413,135253,14.46,5.31
329,2026-05-12 08:23:20,2,q77a,0,17,524,3998,18125,54730,44406,609,676,0,6353,0,5264,2304533,0,0,8600021784,543013652,4282941774,0,0,113937,409,409,0,4251911,4251911,0,0,4043487,111463,13.69,4.0
330,2026-05-12 08:23:25,2,q78,0,15,727,85422,286352,1336235,552303,1274,1421,3,7641,0,790823,1820288,0,0,94462501856,543157308,6692666992,0,0,406636630,35301,35301,0,11853610953,11853610953,0,0,11853610953,406636630,15.64,85.42
331,2026-05-12 08:24:51,2,q79,0,8,250,5657,6590,85100,65381,740,610,4,3451,0,10612,2908440,0,0,18048702624,278624253,4933226661,0,0,10980482,3825,3825,0,348947706,348947706,0,0,348947706,10980482,15.04,5.66
332,2026-05-12 08:24:58,2,q80,0,23,683,60725,247538,954577,285749,2035,2104,0,8336,0,673599,2328876,0,0,54884401176,543515085,7216137350,0,0,265494087,25339,25339,0,8018451546,8018451546,0,0,8018451546,265494087,15.72,60.72
333,2026-05-12 08:26:00,2,q80a,0,26,688,75481,312512,1192670,270744,2191,2051,3,7232,0,921016,2329306,0,0,55356260208,543515085,7216137350,0,0,265493759,24436,24436,0,8017877606,8017877606,0,0,8017655906,265491829,15.8,75.48
334,2026-05-12 08:27:17,2,q81,0,16,161,3706,8378,55558,35992,218,227,0,464,0,14317,713915,0,0,16979243480,33868693,352183541,0,0,18924578,1870,1870,0,365597338,365597338,0,0,365597338,18924578,14.99,3.71
335,2026-05-12 08:27:22,2,q82,0,6,239,13812,19262,170791,117098,70,202,0,1822,0,10102,1020093,0,0,26129011888,687613437,727057642,0,0,291092473,3746,3746,0,332087734,332087734,0,0,332087734,439988162,12.37,13.81
336,2026-05-12 08:27:37,2,q83,0,10,49,1478,3587,17682,14877,67,66,1,208,0,1240,1561496,0,0,3597576128,50821969,195040564,0,0,218975,42,42,0,3139972,3139972,0,0,3139972,218975,11.96,1.48
337,2026-05-12 08:27:39,2,q84,0,9,50,1540,3314,14276,10924,62,47,0,165,0,1251,9713846,0,0,192459840,33729631,128268096,0,0,27798849,40,40,0,145725954,145725954,0,0,145725954,27798849,9.27,1.54
338,2026-05-12 08:27:42,2,q85,0,14,145,3415,18196,46441,42028,184,221,1,1200,0,4107,1649276,0,0,4434954736,84117746,1110086473,0,0,11437258,1702,1702,0,378538837,378538837,0,0,378538837,11437258,13.6,3.42
339,2026-05-12 08:27:46,2,q86,0,5,94,1158,1102,15421,14030,98,118,0,0,0,813,3714241,0,0,7613854520,72278662,377069438,0,0,10004,86,86,0,805158,805158,0,0,805158,10004,13.32,1.16
340,2026-05-12 08:27:48,2,q86a,0,8,99,927,865,10364,9313,101,124,0,0,0,1304,3714241,0,0,8018603992,72278662,377069438,0,0,27353,267,267,0,2284009,2284009,0,0,776207,9367,11.18,0.93
341,2026-05-12 08:27:50,2,q87,0,13,589,10172,27873,156651,139759,225,527,0,2528,0,15740,1034347,0,0,23632590968,494612388,2075158426,0,0,120819579,8670,8670,0,1504978680,1504978680,0,0,1400922298,116819579,15.4,10.17
342,2026-05-12 08:28:02,2,q88,0,26,1698,9930,69794,153537,134793,125,1115,0,12736,0,287,1050035,0,0,5411051520,2304749906,12209079224,0,0,1680,1680,1680,0,99116,99116,0,0,99116,1680,15.46,9.93
343,2026-05-12 08:28:13,2,q89,0,8,292,8563,14274,129686,119925,207,295,0,4632,0,13686,1169289,0,0,5504384688,276821053,1209223304,0,0,268799286,876,876,0,3572840164,3572840164,0,0,3572840164,268799286,15.14,8.56
344,2026-05-12 08:28:23,2,q90,0,8,186,739,1165,10665,9266,15,111,0,0,0,25,449757,0,0,582865920,144185266,854424315,0,0,180,180,180,0,10620,10620,0,0,10620,180,14.43,0.74
345,2026-05-12 08:28:24,2,q91,0,12,46,643,1257,7705,7081,39,46,0,0,0,405,1032836,0,0,2972701352,19398901,149580671,0,0,2192984,310,310,0,46354382,46354382,0,0,46332398,2192843,11.98,0.64
346,2026-05-12 08:28:26,2,q92,0,7,186,1200,2212,16581,13146,85,165,0,1088,0,3194,1243648,0,0,358427024,144280275,758293318,0,0,163546,251,251,0,3429603,3429603,0,0,3429603,163546,13.82,1.2
347,2026-05-12 08:28:28,2,q93,0,6,444,20200,37760,312584,296974,442,546,0,2918,0,25332,2969718,0,0,68971117112,316808054,3209224207,0,0,316284326,48411,48411,0,7854501950,7854501950,0,0,7854501950,316284326,15.47,20.2
348,2026-05-12 08:28:50,2,q94,0,8,243,9934,26200,145770,123097,166,248,1,2040,0,15837,1247612,0,0,20788046800,152275688,1423590310,0,0,151171124,9400,9400,0,2985892234,2985892234,0,0,2985892234,151171124,14.67,9.93
349,2026-05-12 08:29:01,2,q95,0,8,293,53143,187333,822781,334705,443,505,0,3960,0,475574,2625400,0,0,57933874400,152275688,1385178022,0,0,367104153,45800,45800,0,4668774194,4668774194,0,0,2769069854,151153209,15.48,53.14
350,2026-05-12 08:29:55,2,q96,0,5,214,1289,1280,18843,16224,21,137,0,0,0,30,1049218,0,0,671166720,288100390,1526220366,0,0,210,210,210,0,12390,12390,0,0,12390,210,14.62,1.29
351,2026-05-12 08:29:57,2,q97,0,5,395,11744,14535,159247,138975,364,516,0,2528,0,6777,1724147,0,0,37867529576,420610775,2023559574,0,0,82744400,5389,5389,0,791069197,791069197,0,0,791069197,82744400,13.56,11.74
352,2026-05-12 08:30:10,2,q98,0,8,275,15409,33663,219173,126735,138,257,4,2048,0,91392,6589863,0,0,30405105528,276820651,1200747652,0,0,275228628,10378,10378,0,2616410107,2616410107,0,0,2612783295,275198085,14.22,15.41
353,2026-05-12 08:30:26,2,q99,0,7,184,2665,2651,40046,31512,196,256,0,352,0,4130,2757125,0,0,8327049528,144067238,607080303,0,0,201162,2101,2101,0,13934745,13934745,0,0,13934745,201162,15.03,2.66
354,2026-05-12 08:30:30,3,q1,0,12,116,2200,3993,31217,27298,135,145,0,768,0,2397,887878,0,0,7451933096,59676673,487102448,0,0,18400127,797,797,0,277423848,277423848,0,0,277423848,18400127,14.19,2.2
355,2026-05-12 08:30:33,3,q2,0,9,273,3500,3437,50717,39699,299,376,0,784,0,3583,2750845,0,0,2187126760,216214884,887732172,0,0,162535,3080,3080,0,13171910,13171910,0,0,4400632,56097,14.49,3.5
356,2026-05-12 08:30:38,3,q3,0,4,213,1810,1798,26626,25108,221,260,0,464,0,539,2313477,0,0,621314024,276820651,1194280020,0,0,933,191,191,0,89346,89346,0,0,89346,933,14.71,1.81
357,2026-05-12 08:30:41,3,q4,0,25,1142,113215,524944,1799896,687772,2432,2698,2,10384,0,1046103,1492824,0,0,128950631840,771375137,11386512756,0,0,566100624,58580,58580,0,17916612008,17916612008,0,0,10647012313,341212705,15.9,113.22
358,2026-05-12 08:32:35,3,q5,0,11,629,11906,25117,174145,146886,665,962,0,4160,0,12572,3121962,0,0,9987215640,615033649,4793575814,0,0,79009774,2926,2926,0,1101341350,1101341350,0,0,1101341350,79009774,14.63,11.91
359,2026-05-12 08:32:48,3,q5a,0,14,632,11246,26543,161436,150164,827,1045,1,4960,0,9768,3115598,0,0,10189590736,615033649,4793575814,0,0,78973390,2409,2409,0,1099536543,1099536543,0,0,1099234997,78969956,14.35,11.25
360,2026-05-12 08:33:01,3,q6,0,12,306,16885,44007,253775,170551,182,331,0,1680,0,89363,2209361,0,0,34296832544,280097700,1295493760,0,0,273571140,15028,15028,0,3355003389,3355003389,0,0,3355003389,273571140,15.03,16.89
361,2026-05-12 08:33:19,3,q7,0,13,255,7270,13327,107389,89550,1421,1279,0,4832,0,8012,1561496,0,0,2680880672,278816500,3399692443,0,0,53270195,294,294,0,1773007381,1773007381,0,0,1773007381,53270195,14.77,7.27
362,2026-05-12 08:33:27,3,q8,0,12,259,2340,4242,33437,25600,130,204,0,885,0,4525,1037206,0,0,4998230304,280617053,1341835785,0,0,9745849,218,218,0,91780075,91780075,0,0,91780075,9745849,14.29,2.34
363,2026-05-12 08:33:30,3,q9,0,31,3166,16873,252271,258073,232964,3199,4377,4,9340,0,3402,1015486,0,0,0,4320095875,9743519707,0,0,3150,3150,3150,0,198262,198262,0,0,198262,3150,15.3,16.87
364,2026-05-12 08:33:48,3,q10,0,11,509,3191,7487,46313,40199,167,369,1,1185,0,10002,1032068,0,0,6208408840,497533188,2092867824,0,0,22980851,6541,6541,0,192210488,192210488,0,0,192210488,22980851,14.51,3.19
365,2026-05-12 08:33:53,3,q10a,0,10,509,2791,5165,40441,34980,88,392,0,2576,0,9966,1905691,0,0,4932103104,497533188,2092867824,0,0,22779154,6877,6877,0,191369627,191369627,0,0,191369627,22779154,14.49,2.79
366,2026-05-12 08:33:57,3,q11,0,15,648,64252,182780,1023060,429280,572,834,2,5120,0,590307,1493211,0,0,114155000192,350691313,3082349810,0,0,699960358,52295,52295,0,13511160741,13511160741,0,0,6912643789,353418106,15.92,64.25
367,2026-05-12 08:35:02,3,q12,0,7,117,3554,6545,48087,44402,63,102,0,544,0,5261,437582,0,0,10562963440,72278662,386756478,0,0,72106021,1630,1630,0,762498313,762498313,0,0,762498313,72106021,13.53,3.55
368,2026-05-12 08:35:07,3,q13,0,14,242,4649,13338,69909,55790,1106,1124,0,3104,0,3643,1914208,0,0,1054379680,279625302,6023673570,0,0,740937,200,200,0,23431999,23431999,0,0,23431999,740937,15.04,4.65
369,2026-05-12 08:35:12,3,q14a,0,30,1579,67796,256104,1037158,379884,2304,2765,7,7845,0,645385,4665089,0,0,37672989888,1478653164,5351313846,0,0,620284238,6487,6487,0,6689185303,6689185303,0,0,6684601059,620148266,15.3,67.8
370,2026-05-12 08:36:23,3,q14b,0,24,1330,29671,106565,451336,333776,2183,2552,1,6323,0,111578,4664573,0,0,37727552256,1262803525,4200463042,0,0,679784201,6422,6422,0,7311640846,7311640846,0,0,3688640894,404738849,15.21,29.67
371,2026-05-12 08:36:54,3,q14,0,24,1328,29547,117847,449098,310385,2248,2575,1,6128,0,139435,4665820,0,0,36519101808,1262803525,4200463042,0,0,679621830,6182,6182,0,7306798565,7306798565,0,0,3683798613,404576478,15.2,29.55
372,2026-05-12 08:37:25,3,q15,0,7,236,17591,28784,247599,180572,146,223,1,2032,0,61217,807519,0,0,28682234216,147067173,933274306,0,0,288834299,7732,7732,0,3686227013,3686227013,0,0,3686227013,288834299,14.08,17.59
373,2026-05-12 08:37:43,3,q16,0,8,452,36530,104965,569392,197729,252,468,0,2974,0,365463,2495052,0,0,41785807200,303459149,2606978612,0,0,301125284,34700,34700,0,5861095305,5861095305,0,0,5861095305,301125284,15.59,36.53
374,2026-05-12 08:38:21,3,q17,0,10,669,109717,437679,1729341,452813,307,661,1,2763,0,1247560,13880723,0,0,69086260584,449689837,4064538956,0,0,455396321,69756,69756,0,11468267745,11468267745,0,0,11468267745,455396321,15.76,109.72
375,2026-05-12 08:40:12,3,q18,0,13,332,29132,99727,439579,131530,250,336,0,3312,2,302465,9713760,0,0,11174549592,151112773,2634402049,0,0,159482755,2549,2549,0,6161110944,6161110944,0,0,6161110944,159482755,15.09,29.13
376,2026-05-12 08:40:42,3,q18a,0,23,413,66851,612314,1038768,175216,362,498,2,3432,0,859096,9713760,0,0,34000277584,154316773,2652349113,0,0,204535227,9509,9509,0,7817879109,7817879109,0,0,6169707601,160018999,15.54,66.85
377,2026-05-12 08:41:50,3,q19,0,11,270,2593,5887,36148,29853,106,229,0,1360,0,6617,1025919,0,0,5955618328,279821053,2387798858,0,0,11817289,769,769,0,198182340,198182340,0,0,198182340,11817289,13.94,2.59
378,2026-05-12 08:41:54,3,q20,0,7,202,5670,10890,79475,71540,112,193,0,840,0,6992,807175,0,0,16882665952,144271173,711314762,0,0,143395506,4318,4318,0,1439146061,1439146061,0,0,1439146061,143395506,14.02,5.67
379,2026-05-12 08:42:00,3,q21,0,6,15,2318,2310,17254,15612,14,16,0,0,0,101,131075,0,0,777786456,399607064,539389650,0,0,96170,20,20,0,2678127,2678127,0,0,2678127,96170,7.44,2.32
380,2026-05-12 08:42:04,3,q22,0,7,46,74959,75114,880163,874566,91,67,0,2112,0,1074,320176,0,0,10455113368,399607064,534825717,0,0,80173222,458,458,0,537264163,537264163,0,0,537264163,80173222,11.74,74.96
381,2026-05-12 08:43:20,3,q22a,0,11,71,6561,7316,68390,64808,115,120,0,390,0,2913,511504,0,0,14714953824,399607064,539447435,0,0,80581076,752,752,0,841025633,841025633,0,0,814117617,80173152,10.42,6.56
382,2026-05-12 08:43:28,3,q23a,0,17,1243,104720,173406,1595399,1117172,1820,2255,15,12141,3,409771,13146642,0,0,202155459224,1059512476,5916138420,0,0,1008995311,77418,77418,0,18750171511,18750171511,0,0,15623673517,809058651,15.23,104.72
383,2026-05-12 08:45:14,3,q23b,0,20,1451,185097,404176,2918554,1149626,2045,2623,1,14035,0,1702013,13146599,0,0,350973028640,1061512476,5928054256,0,0,1402657801,212724,212724,0,25048109558,25048109558,0,0,15669403647,810446977,15.77,185.1
384,2026-05-12 08:48:20,3,q24,0,12,480,50211,216518,791629,312643,410,559,20,42238,0,464829,3704491,0,0,50812616512,320012401,3498201974,0,0,300409241,46721,46721,0,7392507664,7392507664,0,0,7392507664,300409241,15.77,50.21
385,2026-05-12 08:49:12,3,q24a,0,20,735,42439,99319,636369,552349,689,946,3,7843,0,65476,3702900,0,0,107696485856,320216401,3490207736,0,0,611254554,97001,97001,0,15271491918,15271491918,0,0,7915411615,310999280,14.99,42.44
386,2026-05-12 08:49:55,3,q24b,0,21,721,45680,110365,703209,533262,798,937,1,6099,0,103779,3702728,0,0,105573251152,320216401,3490207736,0,0,611115102,96804,96804,0,15258561831,15258561831,0,0,7902481528,310859828,15.39,45.68
387,2026-05-12 08:50:42,3,q25,0,10,669,66169,136035,1038438,473702,476,745,2,8936,0,562208,13880723,0,0,69019054728,449689837,5022536949,0,0,455396296,69739,69739,0,11683973311,11683973311,0,0,11683973311,455396296,15.69,66.17
388,2026-05-12 08:51:49,3,q26,0,9,279,9639,39464,149226,117364,236,323,0,5680,0,32555,2024299,0,0,3165317000,146192973,1860451081,0,0,142864279,664,664,0,4816747990,4816747990,0,0,4816747990,142864279,15.48,9.64
389,2026-05-12 08:52:00,3,q27,0,13,243,5132,9708,76424,59241,1435,1306,0,5438,0,4531,1561496,0,0,1803347080,278815304,3318878579,0,0,6482912,246,246,0,219290535,219290535,0,0,219290535,6482912,14.89,5.13
390,2026-05-12 08:52:06,3,q27a,0,17,280,5491,10965,73817,62106,1729,1456,0,3797,0,6223,1561496,0,0,2904731872,279019706,3319537065,0,0,18952353,428,428,0,630732947,630732947,0,0,213451657,6416555,13.44,5.49
391,2026-05-12 08:52:13,3,q28,0,18,1363,18766,111174,291133,263173,4207,4283,16,8128,0,46602,1136435,0,0,85315520848,1728038328,10599863508,0,0,8006259,20467,20467,0,129161300,129161300,0,0,129161300,8006259,15.51,18.77
392,2026-05-12 08:52:32,3,q29,0,11,670,33825,91231,518982,498916,506,770,5,6432,0,37843,13880723,0,0,69019478168,449762886,4065018708,0,0,455396359,69770,69770,0,11468274915,11468274915,0,0,11468274915,455396359,15.34,33.83
393,2026-05-12 08:53:07,3,q30,0,16,127,2472,5924,25467,21562,168,168,0,256,0,2846,3485263,0,0,12044940728,19471827,226767890,0,0,10760255,962,962,0,346286453,346286453,0,0,346286453,10760255,10.3,2.47
394,2026-05-12 08:53:11,3,q31,0,25,1017,8810,51609,136011,105378,465,847,28,8323,3,31128,1035594,0,0,18983612920,1046854792,7291306172,0,0,44351464,13076,13076,0,580459299,580459299,0,0,499809272,39499393,15.44,8.81
395,2026-05-12 08:53:21,3,q32,0,7,339,1818,3474,26331,21513,171,314,0,1422,0,3503,1363183,0,0,604500376,288265297,1407409886,0,0,146965,488,488,0,3748576,3748576,0,0,3748576,146965,14.48,1.82
396,2026-05-12 08:53:24,3,q33,0,9,476,3762,7987,53096,44306,613,688,1,3714,0,6295,3475926,0,0,17299313256,494020388,3848139662,0,0,159756,284,284,0,4949230,4949230,0,0,4949230,159756,14.11,3.76
397,2026-05-12 08:53:29,3,q34,0,9,255,2480,3560,35394,31986,312,388,5,1072,0,4803,2902764,0,0,2308057480,278624253,2940757178,0,0,4301953,1483,1483,0,141021076,141021076,0,0,74313010,2301953,14.27,2.48
398,2026-05-12 08:53:32,3,q35,0,12,542,5504,10001,78871,67689,204,456,3,3072,0,12678,1034046,0,0,14022837880,497533188,2091509004,0,0,62628742,7799,7799,0,393313085,393313085,0,0,393313085,62628742,14.33,5.5
399,2026-05-12 08:53:39,3,q35a,0,11,542,4490,6492,63330,57052,171,459,0,1200,0,8454,1898209,0,0,13167200272,497533188,2091509004,0,0,62645069,5827,5827,0,392192799,392192799,0,0,392192799,62645069,14.1,4.49
400,2026-05-12 08:53:44,3,q36,0,6,215,2427,2369,32880,29120,393,326,3,2341,0,1961,3714241,0,0,16308352080,276821053,2312138427,0,0,19641,177,177,0,1747533,1747533,0,0,1747533,19641,13.55,2.43
401,2026-05-12 08:53:48,3,q36a,0,9,220,2494,2456,33706,30038,240,328,0,2048,0,1906,3714241,0,0,15102490112,276821053,2312138427,0,0,52532,534,534,0,4803288,4803288,0,0,1617262,17760,13.51,2.49
402,2026-05-12 08:53:51,3,q37,0,6,195,6771,10498,80500,75051,93,178,0,2320,0,3731,806960,0,0,14049417616,543601173,673803696,0,0,152468755,2992,2992,0,314293728,314293728,0,0,314293728,295975871,11.89,6.77
403,2026-05-12 08:53:59,3,q38,0,13,589,10248,28120,158011,137512,234,526,0,3280,0,17754,1035723,0,0,23632590968,494612388,2075158426,0,0,120819579,8670,8670,0,1504978680,1504978680,0,0,1400922298,116819579,15.42,10.25
404,2026-05-12 08:54:10,3,q39a,0,11,76,4677,8307,60867,53742,213,147,0,620,0,1692,2450413,0,0,5629038712,799010113,1076319780,0,0,4703618,493,493,0,147406910,147406910,0,0,99374934,3173618,13.01,4.68
405,2026-05-12 08:54:16,3,q39b,0,11,75,4039,7417,53347,49704,166,165,0,513,0,1022,1036381,0,0,5245587576,799010113,1076319780,0,0,4594459,493,493,0,144357198,144357198,0,0,96325222,3064459,13.21,4.04
406,2026-05-12 08:54:21,3,q40,0,8,256,11999,28440,178391,169800,259,304,0,2208,0,12270,1373737,0,0,23640442248,158669010,1134991444,0,0,157480425,12400,12400,0,3417099735,3417099735,0,0,3417099735,157480425,14.87,12.0
407,2026-05-12 08:54:34,3,q41,0,4,4,231,189,174,155,4,4,0,0,0,12,13527,0,0,269488032,408000,2001597,0,0,292,2,2,0,19225,19225,0,0,19225,292,0.75,0.23
408,2026-05-12 08:54:36,3,q42,0,4,213,1083,1075,15395,14787,216,269,0,0,0,485,2309134,0,0,657507504,276820651,1193956400,0,0,1046,161,161,0,87927,87927,0,0,87927,1046,14.22,1.08
409,2026-05-12 08:54:38,3,q43,0,5,215,2205,2182,32325,26203,355,310,0,4171,0,1733,2312015,0,0,631482688,276617053,1032052902,0,0,20230,340,340,0,2249620,2249620,0,0,2249620,20230,14.66,2.2
410,2026-05-12 08:54:41,3,q44,0,8,440,2466,2560,35685,29355,381,488,2,2288,0,6251,3432039,0,0,2522336008,576216776,3409464613,0,0,790184,3586,3586,0,17228424,17228424,0,0,8623177,395285,14.47,2.47
411,2026-05-12 08:54:45,3,q45,0,9,141,7729,17495,102946,96382,97,135,0,1765,0,7556,1561496,0,0,19400735688,75482662,558579478,0,0,146949311,2793,2793,0,2506527416,2506527416,0,0,2506527416,146949311,13.32,7.73
412,2026-05-12 08:54:53,3,q46,0,12,273,4975,6504,74034,61598,389,426,0,5317,0,8939,5465771,0,0,5719653032,279624253,4944228671,0,0,5222376,3609,3609,0,133607183,133607183,0,0,119235670,4252333,14.88,4.97
413,2026-05-12 08:55:00,3,q47,0,11,275,4673,5572,68332,62320,392,469,2,1632,0,6145,4610732,0,0,23867335456,276821053,1208887432,0,0,12282561,7417,7417,0,475321542,475321542,0,0,246963388,6373114,14.62,4.67
414,2026-05-12 08:55:05,3,q48,0,9,242,8184,22451,125774,116933,300,382,0,6412,0,7394,2409909,0,0,1240766720,279537853,3911814554,0,0,42651140,231,231,0,1244533717,1244533717,0,0,1244533717,42651140,15.37,8.18
415,2026-05-12 08:55:15,3,q49,0,18,587,10870,44887,168019,153018,355,579,74,5920,0,18373,2323170,0,0,9871307648,543011210,6397470143,0,0,151963934,576,576,0,3564397327,3564397327,0,0,3564397327,151963934,15.46,10.87
416,2026-05-12 08:55:27,3,q50,0,8,442,20362,47560,315816,304619,492,626,0,2112,0,20178,4098320,0,0,62650168048,305491713,2903840434,0,0,292659971,46607,46607,0,6810173101,6810173101,0,0,6810173101,292659971,15.51,20.36
417,2026-05-12 08:55:48,3,q51,0,10,404,12667,18968,176867,165238,475,608,0,2752,0,14979,1724663,0,0,36501536280,348618264,1227662282,0,0,142655068,5780,5780,0,2331585365,2331585365,0,0,2331585365,142655068,13.96,12.67
418,2026-05-12 08:56:02,3,q51a,0,14,475,245697,282648,3189038,3141049,680,820,1,22015,0,16043,1726254,0,0,81075701688,348618264,1227662282,0,0,283180156,6973,6973,0,4526611762,4526611762,0,0,3346195613,216786893,12.98,245.7
419,2026-05-12 09:00:09,3,q52,0,4,213,1191,1182,16984,15538,209,265,0,800,0,568,2309779,0,0,657507504,276820651,1194284080,0,0,1821,161,161,0,172783,172783,0,0,172783,1821,14.26,1.19
420,2026-05-12 09:00:11,3,q53,0,6,215,1849,1829,25433,22965,338,309,0,1514,0,1725,2898550,0,0,961654736,276821053,1209620652,0,0,21278,170,170,0,1034649,1034649,0,0,1034649,21278,13.76,1.85
421,2026-05-12 09:00:14,3,q54,0,17,576,14786,40494,223799,211132,335,593,1,4846,0,20135,1914437,0,0,37588452808,496035937,3080083758,0,0,291951373,17264,17264,0,4425213652,4425213652,0,0,4425213652,291951373,15.14,14.79
422,2026-05-12 09:00:30,3,q55,0,4,213,1336,1328,19268,17711,219,266,0,720,0,599,2309822,0,0,1194378224,276820651,1194284080,0,0,1860,162,162,0,166535,166535,0,0,166535,1860,14.42,1.34
423,2026-05-12 09:00:32,3,q56,0,9,476,3453,7588,50186,43311,642,677,0,4389,0,2994,3485214,0,0,13428967776,494020388,3848602510,0,0,30815,407,407,0,1444190,1444190,0,0,1444190,30815,14.53,3.45
424,2026-05-12 09:00:36,3,q57,0,11,242,3580,4681,51399,43427,392,406,0,2921,0,6339,4610732,0,0,21643326304,144271203,657121158,0,0,14728549,6386,6386,0,596895221,596895221,0,0,313105890,7710681,14.36,3.58
425,2026-05-12 09:00:41,3,q58,0,11,479,3742,9856,54040,45150,591,662,13,3582,0,10596,3452041,0,0,10974193024,492962486,2276055112,0,0,305693,1070,1070,0,8905204,8905204,0,0,8905204,305693,14.44,3.74
426,2026-05-12 09:00:46,3,q59,0,10,251,6625,7093,91066,80295,323,369,0,3488,0,7417,1736359,0,0,17413596416,276763553,1032373206,0,0,14796758,7004,7004,0,605141006,605141006,0,0,303491101,7471744,13.75,6.62
427,2026-05-12 09:00:54,3,q60,0,9,476,3061,6666,42379,37732,573,671,0,1696,0,4603,3475926,0,0,15417123680,494020388,3848536974,0,0,115501,283,283,0,4041705,4041705,0,0,4041705,115501,13.84,3.06
428,2026-05-12 09:00:58,3,q61,0,12,465,4814,9638,74312,65421,146,400,0,5536,0,4372,1854368,0,0,7139097264,556365655,5117194674,0,0,11321881,3808,3808,0,164829319,164829319,0,0,144547322,9321881,15.44,4.81
429,2026-05-12 09:01:04,3,q62,0,7,97,1274,1258,18420,15973,104,133,0,656,0,1806,1495592,0,0,536128288,72074721,315573424,0,0,32557,182,182,0,2963756,2963756,0,0,2963756,32557,14.46,1.27
430,2026-05-12 09:01:06,3,q63,0,6,215,1783,1763,24469,22187,235,308,2,1026,0,2461,2897862,0,0,1028698040,276821053,1209559212,0,0,40394,170,170,0,1760517,1760517,0,0,1760517,40394,13.72,1.78
431,2026-05-12 09:01:09,3,q64,0,55,925,21395,94624,323784,300197,3700,3259,3,7908,0,18622,2334168,0,0,24987243448,745983428,14658482311,0,0,244146938,9192,9192,0,3743414124,3743414124,0,0,3073514394,198417039,15.13,21.4
432,2026-05-12 09:01:32,3,q65,0,11,493,9192,17152,135064,126562,629,778,1,3424,0,10410,1717955,0,0,26092258256,553364655,2423046522,0,0,78176207,4131,4131,0,2448816949,2448816949,0,0,2448816949,78176207,14.69,9.19
433,2026-05-12 09:01:42,3,q66,0,8,263,3408,4444,48439,40339,708,637,0,2064,0,982,2756480,0,0,17308064128,216155221,2424293011,0,0,3555,237,237,0,1806569,1806569,0,0,1806569,3555,14.21,3.41
434,2026-05-12 09:01:47,3,q67,0,8,273,49389,49495,669615,617572,220,304,0,9903,0,9759,1051009,0,0,48367630584,276821053,1466612325,0,0,103424628,3652,3652,0,3336800830,3336800830,0,0,3336800830,103424628,13.56,49.39
435,2026-05-12 09:02:37,3,q67a,0,16,656,71124,223837,1092583,1038656,1780,1716,9,12106,0,32568,3883682,0,0,186530058992,276821053,1466612325,0,0,526141565,11974,11974,0,24555077502,24555077502,0,0,6491469742,151998125,15.36,71.12
436,2026-05-12 09:03:49,3,q68,0,12,266,4124,5231,61383,53812,228,321,0,2944,0,5615,1355278,0,0,4328788144,279624253,6025486344,0,0,4229984,3609,3609,0,106934347,106934347,0,0,92562834,3259941,14.88,4.12
437,2026-05-12 09:03:55,3,q69,0,11,509,3165,7248,46014,39675,78,365,0,1104,0,11791,1032154,0,0,5967783584,497533188,2092188656,0,0,18050359,6660,6660,0,164087928,164087928,0,0,164087928,18050359,14.54,3.16
438,2026-05-12 09:03:59,3,q70,0,9,427,3868,3810,56616,51865,507,643,0,3056,0,1151,4374435,0,0,12671079344,553161057,2654496366,0,0,5153,340,340,0,396762,396762,0,0,396762,5153,14.64,3.87
439,2026-05-12 09:04:04,3,q70a,0,12,432,3237,3247,45713,41107,519,644,40,2779,0,1274,4363578,0,0,1801541056,553161057,2654496366,0,0,6786,711,711,0,598163,598163,0,0,284989,3618,14.12,3.24
440,2026-05-12 09:04:08,3,q71,0,7,485,3475,3415,49711,42779,657,787,1,3136,0,6541,8798979,0,0,5735755120,492902788,3559128428,0,0,273848,5382,5382,0,17874046,17874046,0,0,10016565,167674,14.31,3.48
441,2026-05-12 09:04:13,3,q72,0,16,436,181214,230801,2584027,2304208,714,707,2,6234,0,269939,13146642,0,0,82523784096,560074108,2492407546,0,0,538047872,38943,38943,0,9134546239,9134546239,0,0,9134546239,538047872,14.26,181.21
442,2026-05-12 09:07:15,3,q73,0,9,253,2433,3624,34797,31063,370,374,0,1280,0,4892,2903925,0,0,1430151184,278624253,2940757178,0,0,4173613,1070,1070,0,138667912,138667912,0,0,71959846,2173613,14.3,2.43
443,2026-05-12 09:07:19,3,q74,0,15,614,29402,99977,465652,405158,626,852,0,8544,0,56910,1373933,0,0,102409803584,350691313,2476002546,0,0,699960358,46749,46749,0,11231554676,11231554676,0,0,5715074874,353418106,15.84,29.4
444,2026-05-12 09:07:49,3,q75,0,20,1069,18207,60794,278584,242882,479,1004,1,8240,0,35641,1049633,0,0,26691595696,1035827598,9273080332,0,0,140054939,8997,8997,0,3077647424,3077647424,0,0,2046922299,89656117,15.3,18.21
445,2026-05-12 09:08:08,3,q76,0,5,474,3599,3556,53444,35853,599,720,0,2576,0,8956,7558484,0,0,38292664928,492816388,3261319648,0,0,64680,2309,2309,0,5664519,5664519,0,0,5664519,64680,14.85,3.6
446,2026-05-12 09:08:13,3,q77,0,14,519,4559,21417,66545,44432,626,634,94,6000,0,10298,2310510,0,0,11013842888,543013652,4282941774,0,0,135253,516,516,0,4971413,4971413,0,0,4971413,135253,14.6,4.56
447,2026-05-12 09:08:19,3,q77a,0,17,524,3808,17303,52302,43035,652,679,0,5784,0,4846,2304232,0,0,8600021784,543013652,4282941774,0,0,113937,409,409,0,4251911,4251911,0,0,4043487,111463,13.73,3.81
448,2026-05-12 09:08:24,3,q78,0,15,727,87489,288727,1369952,576070,1320,1397,3,12384,0,791792,1820632,0,0,94462501856,543157308,6692666992,0,0,406636630,35301,35301,0,11853610953,11853610953,0,0,11853610953,406636630,15.66,87.49
449,2026-05-12 09:09:53,3,q79,0,8,250,5891,7386,88897,64914,695,600,11,3315,0,16499,2906849,0,0,18048702624,278624253,4933226661,0,0,10980482,3825,3825,0,348947706,348947706,0,0,348947706,10980482,15.09,5.89
450,2026-05-12 09:09:59,3,q80,0,23,683,49487,184997,777786,303558,2232,2193,0,9872,0,476382,2328188,0,0,54884401176,543515085,7216137350,0,0,265494087,25339,25339,0,8018451546,8018451546,0,0,8018451546,265494087,15.72,49.49
451,2026-05-12 09:10:50,3,q80a,0,26,688,48819,181709,765934,291529,2152,2190,0,8425,0,480747,2328661,0,0,55356260208,543515085,7216137350,0,0,265493759,24436,24436,0,8017877606,8017877606,0,0,8017655906,265491829,15.69,48.82
452,2026-05-12 09:11:40,3,q81,0,16,161,2578,6327,37251,30262,225,230,0,800,0,4666,713915,0,0,16979243480,33868693,352183541,0,0,18924578,1870,1870,0,365597338,365597338,0,0,365597338,18924578,14.45,2.58
453,2026-05-12 09:11:44,3,q82,0,6,239,9862,14449,125956,118125,109,214,0,989,0,4865,1020136,0,0,26129011888,687613437,727057642,0,0,291092473,3746,3746,0,332087734,332087734,0,0,332087734,439988162,12.77,9.86
454,2026-05-12 09:11:55,3,q83,0,10,49,1497,3631,18384,15171,55,59,0,352,0,1477,1561496,0,0,3597576128,50821969,195040564,0,0,218975,42,42,0,3139972,3139972,0,0,3139972,218975,12.28,1.5
455,2026-05-12 09:11:57,3,q84,0,9,50,1367,2843,12046,10750,42,42,0,288,0,888,9713760,0,0,192459840,33729631,128268096,0,0,27798849,40,40,0,145725954,145725954,0,0,145725954,27798849,8.81,1.37
456,2026-05-12 09:12:00,3,q85,0,14,145,3641,20081,50430,42240,166,205,0,3041,0,5287,1649276,0,0,4434954736,84117746,1110086473,0,0,11437258,1702,1702,0,378538837,378538837,0,0,378538837,11437258,13.85,3.64
457,2026-05-12 09:12:05,3,q86,0,5,94,1196,1142,15755,14610,96,118,0,0,0,915,3714241,0,0,7613854520,72278662,377069438,0,0,10004,86,86,0,805158,805158,0,0,805158,10004,13.17,1.2
458,2026-05-12 09:12:07,3,q86a,0,8,99,1203,1145,14847,12834,99,120,0,864,0,1425,3714241,0,0,8018603992,72278662,377069438,0,0,27353,267,267,0,2284009,2284009,0,0,776207,9367,12.34,1.2
459,2026-05-12 09:12:09,3,q87,0,13,589,10050,27140,154995,138804,205,510,0,1688,0,15951,1034218,0,0,23632590968,494612388,2075158426,0,0,120819579,8670,8670,0,1504978680,1504978680,0,0,1400922298,116819579,15.42,10.05
460,2026-05-12 09:12:20,3,q88,0,26,1698,9759,68658,151223,133968,99,1105,0,12320,0,404,1051110,0,0,5411051520,2304749906,12209079224,0,0,1680,1680,1680,0,99116,99116,0,0,99116,1680,15.5,9.76
461,2026-05-12 09:12:31,3,q89,0,8,292,9631,16389,147064,120761,199,293,1,4560,0,31277,1169332,0,0,5504384688,276821053,1209223304,0,0,268799286,876,876,0,3572840164,3572840164,0,0,3572840164,268799286,15.27,9.63
462,2026-05-12 09:12:42,3,q90,0,8,186,1193,1910,17978,12463,19,109,0,0,0,25,449929,0,0,582865920,144185266,854424315,0,0,180,180,180,0,10620,10620,0,0,10620,180,15.07,1.19
463,2026-05-12 09:12:44,3,q91,0,12,46,929,2037,10796,8326,102,47,0,496,0,481,1032879,0,0,2972701352,19398901,149580671,0,0,2192984,310,310,0,46354382,46354382,0,0,46332398,2192843,11.62,0.93
464,2026-05-12 09:12:46,3,q92,0,7,186,1389,2591,19657,13706,79,164,0,0,0,3827,1243648,0,0,358427024,144280275,758293318,0,0,163546,251,251,0,3429603,3429603,0,0,3429603,163546,14.15,1.39
465,2026-05-12 09:12:49,3,q93,0,6,444,78314,198109,1222453,274755,297,495,0,3376,0,953925,2970320,0,0,68971117112,316808054,3209224207,0,0,316284326,48411,48411,0,7854501950,7854501950,0,0,7854501950,316284326,15.61,78.31
466,2026-05-12 09:14:08,3,q94,0,8,243,18288,62242,269303,112846,121,238,0,2160,0,153204,1248214,0,0,20788046800,152275688,1423590310,0,0,151171124,9400,9400,0,2985892234,2985892234,0,0,2985892234,151171124,14.73,18.29
467,2026-05-12 09:14:27,3,q95,0,8,293,39267,104280,599875,332138,434,478,0,3854,0,255440,2625400,0,0,57933874400,152275688,1385178022,0,0,367104153,45800,45800,0,4668774194,4668774194,0,0,2769069854,151153209,15.28,39.27
468,2026-05-12 09:15:08,3,q96,0,5,214,1468,1458,21700,16466,30,140,0,0,0,439,1049605,0,0,671166720,288100390,1526220366,0,0,210,210,210,0,12390,12390,0,0,12390,210,14.78,1.47
469,2026-05-12 09:15:10,3,q97,0,5,395,12218,14952,167314,143164,410,545,8,2640,0,20865,1724620,0,0,37867529576,420610775,2023559574,0,0,82744400,5389,5389,0,791069197,791069197,0,0,791069197,82744400,13.69,12.22
470,2026-05-12 09:15:23,3,q98,0,8,275,9858,18882,145573,130518,180,283,35,2139,0,16064,6589863,0,0,30405105528,276820651,1200747652,0,0,275228628,10378,10378,0,2616410107,2616410107,0,0,2612783295,275198085,14.77,9.86
471,2026-05-12 09:15:34,3,q99,0,7,184,2139,2119,31722,29080,211,277,0,480,0,2730,2758028,0,0,8327049528,144067238,607080303,0,0,201162,2101,2101,0,13934745,13934745,0,0,13934745,201162,14.83,2.14
472,2026-05-12 09:15:38,4,q1,0,12,116,2123,3891,30104,26441,130,144,0,576,0,2258,887878,0,0,7451933096,59676673,487102448,0,0,18400127,797,797,0,277423848,277423848,0,0,277423848,18400127,14.18,2.12
473,2026-05-12 09:15:41,4,q2,0,9,273,3448,3389,49947,45100,313,401,2,1008,0,5198,2752952,0,0,2187126760,216214884,887732172,0,0,162535,3080,3080,0,13171910,13171910,0,0,4400632,56097,14.49,3.45
474,2026-05-12 09:15:45,4,q3,0,4,213,1253,1240,18117,16390,208,263,0,1040,0,552,2313391,0,0,621314024,276820651,1194280020,0,0,933,191,191,0,89346,89346,0,0,89346,933,14.46,1.25
475,2026-05-12 09:15:48,4,q4,0,25,1142,107658,496638,1711290,707726,2521,2793,0,16095,0,990668,1494157,0,0,128950631840,771375137,11386512756,0,0,566100624,58580,58580,0,17916612008,17916612008,0,0,10647012313,341212705,15.9,107.66
476,2026-05-12 09:17:37,4,q5,0,11,629,11533,24494,170021,150798,763,989,2,5542,0,10723,3124972,0,0,9987215640,615033649,4793575814,0,0,79009774,2926,2926,0,1101341350,1101341350,0,0,1101341350,79009774,14.74,11.53
477,2026-05-12 09:17:49,4,q5a,0,14,632,11972,28551,173439,150394,764,1027,28,6048,0,14492,3118909,0,0,10189590736,615033649,4793575814,0,0,78973390,2409,2409,0,1099536543,1099536543,0,0,1099234997,78969956,14.49,11.97
478,2026-05-12 09:18:02,4,q6,0,12,306,20822,60018,311940,158764,183,334,0,1808,0,158686,2210737,0,0,34296832544,280097700,1295493760,0,0,273571140,15028,15028,0,3355003389,3355003389,0,0,3355003389,273571140,14.98,20.82
479,2026-05-12 09:18:24,4,q7,0,13,255,7022,12941,103689,89474,1384,1301,0,5424,0,8308,1561496,0,0,2680880672,278816500,3399692443,0,0,53270195,294,294,0,1773007381,1773007381,0,0,1773007381,53270195,14.77,7.02
480,2026-05-12 09:18:32,4,q8,0,12,259,2148,3956,30273,27159,72,209,0,1440,0,1380,1037980,0,0,4998230304,280617053,1341835785,0,0,9745849,218,218,0,91780075,91780075,0,0,91780075,9745849,14.09,2.15
481,2026-05-12 09:18:36,4,q9,0,31,3166,19439,290600,299372,234683,2681,3922,103,48946,0,1706,1021291,0,0,0,4320095875,9743519707,0,0,3150,3150,3150,0,198262,198262,0,0,198262,3150,15.4,19.44
482,2026-05-12 09:18:56,4,q10,0,11,509,3535,7755,52006,42825,91,370,0,1662,0,11051,1031939,0,0,6208408840,497533188,2092867824,0,0,22980851,6541,6541,0,192210488,192210488,0,0,192210488,22980851,14.71,3.54
483,2026-05-12 09:19:01,4,q10a,0,10,509,3379,6244,49588,33980,131,411,0,2250,0,19847,1907325,0,0,4932103104,497533188,2092867824,0,0,22779154,6877,6877,0,191369627,191369627,0,0,191369627,22779154,14.68,3.38
484,2026-05-12 09:19:05,4,q11,0,15,648,32370,109111,512422,453431,861,1008,0,9214,0,40205,1494200,0,0,114155000192,350691313,3082349810,0,0,699960358,52295,52295,0,13511160741,13511160741,0,0,6912643789,353418106,15.83,32.37
485,2026-05-12 09:19:39,4,q12,0,7,117,4280,7687,57134,44825,78,111,0,954,0,7019,438442,0,0,10562963440,72278662,386756478,0,0,72106021,1630,1630,0,762498313,762498313,0,0,762498313,72106021,13.35,4.28
486,2026-05-12 09:19:44,4,q13,0,14,242,4701,13669,70792,56335,1485,1202,0,5952,0,4202,1914208,0,0,1054379680,279625302,6023673570,0,0,740937,200,200,0,23431999,23431999,0,0,23431999,740937,15.06,4.7
487,2026-05-12 09:19:50,4,q14a,0,30,1579,31938,96947,466242,397981,2410,2730,2,10522,0,53213,4668529,0,0,37672989888,1478653164,5351313846,0,0,620284238,6487,6487,0,6689185303,6689185303,0,0,6684601059,620148266,14.6,31.94
488,2026-05-12 09:20:24,4,q14b,0,24,1330,26207,71668,394684,337972,2374,2563,2,7043,0,45753,4668744,0,0,37727552256,1262803525,4200463042,0,0,679784201,6422,6422,0,7311640846,7311640846,0,0,3688640894,404738849,15.06,26.21
489,2026-05-12 09:20:52,4,q14,0,24,1328,23763,68404,353484,316682,2604,2404,0,7361,0,36968,4670120,0,0,36519101808,1262803525,4200463042,0,0,679621830,6182,6182,0,7306798565,7306798565,0,0,3683798613,404576478,14.88,23.76
490,2026-05-12 09:21:17,4,q15,0,7,236,14389,25372,204097,184273,173,217,0,3120,0,15992,807992,0,0,28682234216,147067173,933274306,0,0,288834299,7732,7732,0,3686227013,3686227013,0,0,3686227013,288834299,14.18,14.39
491,2026-05-12 09:21:32,4,q16,0,8,452,16726,47914,250926,216803,387,533,2,5856,0,22932,2496385,0,0,41785807200,303459149,2606978612,0,0,301125284,34700,34700,0,5861095305,5861095305,0,0,5861095305,301125284,15.0,16.73
492,2026-05-12 09:21:50,4,q17,0,10,669,75355,257435,1179973,461956,393,725,378,4729,3,723483,13880723,0,0,69086260584,449689837,4064538956,0,0,455396321,69756,69756,0,11468267745,11468267745,0,0,11468267745,455396321,15.66,75.36
493,2026-05-12 09:23:07,4,q18,0,13,332,11454,55373,175017,151481,281,367,1,4736,0,23474,9713803,0,0,11174549592,151112773,2634402049,0,0,159482755,2549,2549,0,6161110944,6161110944,0,0,6161110944,159482755,15.28,11.45
494,2026-05-12 09:23:19,4,q18a,0,23,413,22983,185802,355606,194123,445,557,0,4768,0,165375,9713760,0,0,34000277584,154316773,2652349113,0,0,204535227,9509,9509,0,7817879109,7817879109,0,0,6169707601,160018999,15.47,22.98
495,2026-05-12 09:23:43,4,q19,0,11,270,2970,5593,43697,33713,137,237,0,899,0,6303,1027338,0,0,5955618328,279821053,2387798858,0,0,11817289,769,769,0,198182340,198182340,0,0,198182340,11817289,14.71,2.97
496,2026-05-12 09:23:47,4,q20,0,7,202,6334,12153,87434,75344,122,184,0,3300,0,10892,807906,0,0,16882665952,144271173,711314762,0,0,143395506,4318,4318,0,1439146061,1439146061,0,0,1439146061,143395506,13.8,6.33
497,2026-05-12 09:23:55,4,q21,0,6,15,2152,2139,15369,14930,14,15,0,158,0,102,131075,0,0,777786456,399607064,539389650,0,0,96170,20,20,0,2678127,2678127,0,0,2678127,96170,7.14,2.15
498,2026-05-12 09:23:58,4,q22,0,7,46,75592,75736,911801,887443,92,67,0,3035,0,1142,320692,0,0,10455113368,399607064,534825717,0,0,80173222,458,458,0,537264163,537264163,0,0,537264163,80173222,12.06,75.59
499,2026-05-12 09:25:15,4,q22a,0,11,71,6779,7396,73350,68360,117,117,0,658,0,2485,511504,0,0,14714953824,399607064,539447435,0,0,80581076,752,752,0,841025633,841025633,0,0,814117617,80173152,10.82,6.78
500,2026-05-12 09:25:22,4,q23a,0,17,1243,107327,175892,1615105,1139364,2045,2313,8,39076,0,454330,13146599,0,0,202155459224,1059512476,5916138420,0,0,1008995311,77418,77418,0,18750171511,18750171511,0,0,15623673517,809058651,15.05,107.33
501,2026-05-12 09:27:11,4,q23b,0,20,1451,148397,299933,2334294,1284566,2591,2874,25,25790,0,1040481,13146642,0,0,350973028640,1061512476,5928054256,0,0,1402657801,212724,212724,0,25048109558,25048109558,0,0,15669403647,810446977,15.73,148.4
502,2026-05-12 09:29:41,4,q24,0,12,480,26727,81874,412695,312472,409,571,0,2960,0,90950,3699976,0,0,50812616512,320012401,3498201974,0,0,300409241,46721,46721,0,7392507664,7392507664,0,0,7392507664,300409241,15.44,26.73
503,2026-05-12 09:30:08,4,q24a,0,20,735,89348,391143,1384207,532733,618,902,22,3882,0,866829,3700363,0,0,107696485856,320216401,3490207736,0,0,611254554,97001,97001,0,15271491918,15271491918,0,0,7915411615,310999280,15.49,89.35
504,2026-05-12 09:31:39,4,q24b,0,21,721,70833,290792,1100042,518486,596,893,0,3513,3,584097,3700535,0,0,105573251152,320216401,3490207736,0,0,611115102,96804,96804,0,15258561831,15258561831,0,0,7902481528,310859828,15.53,70.83
505,2026-05-12 09:32:51,4,q25,0,10,669,124041,459080,1961337,460319,331,689,1,8136,0,1512714,13880766,0,0,69019054728,449689837,5022536949,0,0,455396296,69739,69739,0,11683973311,11683973311,0,0,11683973311,455396296,15.81,124.04
506,2026-05-12 09:34:56,4,q26,0,9,279,58131,274024,906260,98924,169,288,5,5456,0,807992,2025030,0,0,3165317000,146192973,1860451081,0,0,142864279,664,664,0,4816747990,4816747990,0,0,4816747990,142864279,15.59,58.13
507,2026-05-12 09:35:55,4,q27,0,13,243,5427,10310,80716,58079,1477,1287,1,6768,0,7664,1561496,0,0,1803347080,278815304,3318878579,0,0,6482912,246,246,0,219290535,219290535,0,0,219290535,6482912,14.87,5.43
508,2026-05-12 09:36:01,4,q27a,0,17,280,5612,11223,71876,61806,1668,1483,0,5147,0,5784,1561496,0,0,2904731872,279019706,3319537065,0,0,18952353,428,428,0,630732947,630732947,0,0,213451657,6416555,12.81,5.61
509,2026-05-12 09:36:08,4,q28,0,18,1363,21703,128856,338448,260946,4080,3979,29,11575,0,82245,1138671,0,0,85315520848,1728038328,10599863508,0,0,8006259,20467,20467,0,129161300,129161300,0,0,129161300,8006259,15.59,21.7
510,2026-05-12 09:36:31,4,q29,0,11,670,114547,566276,1807568,459818,338,689,27,6115,0,1367667,13880723,0,0,69019478168,449762886,4065018708,0,0,455396359,69770,69770,0,11468274915,11468274915,0,0,11468274915,455396359,15.78,114.55
511,2026-05-12 09:38:27,4,q30,0,16,127,2568,5796,24951,19694,295,167,0,373,0,3110,3485263,0,0,12044940728,19471827,226767890,0,0,10760255,962,962,0,346286453,346286453,0,0,346286453,10760255,9.72,2.57
512,2026-05-12 09:38:30,4,q31,0,25,1017,9857,57705,152679,106194,368,835,0,8258,0,36292,1036626,0,0,18916438544,1046854792,7291306172,0,0,44351464,13076,13076,0,580518673,580518673,0,0,499838959,39499393,15.49,9.86
513,2026-05-12 09:38:41,4,q32,0,7,339,1621,3074,23243,20840,205,309,0,615,0,3321,1363226,0,0,604500376,288265297,1407409886,0,0,146965,488,488,0,3748576,3748576,0,0,3748576,146965,14.34,1.62
514,2026-05-12 09:38:44,4,q33,0,9,476,3533,7445,49983,44061,851,679,0,2569,0,6083,3475883,0,0,17299313256,494020388,3848139662,0,0,159756,284,284,0,4949230,4949230,0,0,4949230,159756,14.15,3.53
515,2026-05-12 09:38:49,4,q34,0,9,255,2920,3889,41809,34527,465,380,0,2047,0,5572,2902635,0,0,2308057480,278624253,2940757178,0,0,4301953,1483,1483,0,141021076,141021076,0,0,74313010,2301953,14.32,2.92
516,2026-05-12 09:38:52,4,q35,0,12,542,5323,9695,76107,66857,179,454,0,2144,0,12413,1033960,0,0,14022837880,497533188,2091509004,0,0,62628742,7799,7799,0,393313085,393313085,0,0,393313085,62628742,14.3,5.32
517,2026-05-12 09:38:59,4,q35a,0,11,542,4562,6722,64261,56879,174,476,1,1952,0,9609,1897650,0,0,13167200272,497533188,2091509004,0,0,62645069,5827,5827,0,392192799,392192799,0,0,392192799,62645069,14.09,4.56
518,2026-05-12 09:39:05,4,q36,0,6,215,2351,2292,33200,29515,303,322,0,2192,0,1758,3714241,0,0,16308352080,276821053,2312138427,0,0,19641,177,177,0,1747533,1747533,0,0,1747533,19641,14.12,2.35
519,2026-05-12 09:39:08,4,q36a,0,9,220,2554,2515,34675,29960,250,321,0,3296,0,1882,3714241,0,0,15102490112,276821053,2312138427,0,0,52532,534,534,0,4803288,4803288,0,0,1617262,17760,13.58,2.55
520,2026-05-12 09:39:12,4,q37,0,6,195,6612,10278,77779,73669,64,167,0,2535,0,3486,806229,0,0,14049417616,543601173,673803696,0,0,152468755,2992,2992,0,314293728,314293728,0,0,314293728,295975871,11.76,6.61
521,2026-05-12 09:39:19,4,q38,0,13,589,10081,27758,155701,141426,220,520,0,2352,0,17060,1035207,0,0,23632590968,494612388,2075158426,0,0,120819579,8670,8670,0,1504978680,1504978680,0,0,1400922298,116819579,15.44,10.08
522,2026-05-12 09:39:30,4,q39a,0,11,76,4419,7821,57395,53302,183,140,0,610,0,1223,2450413,0,0,5629038712,799010113,1076319780,0,0,4703618,493,493,0,147406910,147406910,0,0,99374934,3173618,12.99,4.42
523,2026-05-12 09:39:36,4,q39b,0,11,75,4070,7390,51401,49308,142,152,0,464,0,855,1036381,0,0,5245587576,799010113,1076319780,0,0,4594459,493,493,0,144357198,144357198,0,0,96325222,3064459,12.63,4.07
524,2026-05-12 09:39:41,4,q40,0,8,256,12019,28719,177729,168591,163,275,0,2000,0,13322,1373049,0,0,23640442248,158669010,1134991444,0,0,157480425,12400,12400,0,3417099735,3417099735,0,0,3417099735,157480425,14.79,12.02
525,2026-05-12 09:39:54,4,q41,0,4,4,188,161,147,141,4,4,0,0,0,12,13527,0,0,269488032,408000,2001597,0,0,292,2,2,0,19225,19225,0,0,19225,292,0.78,0.19
526,2026-05-12 09:39:55,4,q42,0,4,213,1099,1089,15599,14085,276,261,0,960,0,501,2309607,0,0,657507504,276820651,1193956400,0,0,1046,161,161,0,87927,87927,0,0,87927,1046,14.19,1.1
527,2026-05-12 09:39:58,4,q43,0,5,215,2488,2466,36575,34264,279,319,0,835,0,1861,2311112,0,0,631482688,276617053,1032052902,0,0,20230,340,340,0,2249620,2249620,0,0,2249620,20230,14.7,2.49
528,2026-05-12 09:40:01,4,q44,0,8,440,2257,2337,31154,28316,392,489,0,0,0,5781,3432039,0,0,2522336008,576216776,3409464613,0,0,790184,3586,3586,0,17228424,17228424,0,0,8623177,395285,13.8,2.26
529,2026-05-12 09:40:04,4,q45,0,9,141,8803,19159,113505,103733,80,130,0,1884,0,8897,1561496,0,0,19400735688,75482662,558579478,0,0,146949311,2793,2793,0,2506527416,2506527416,0,0,2506527416,146949311,12.89,8.8
530,2026-05-12 09:40:14,4,q46,0,12,273,4994,6490,73612,62576,338,415,0,4080,0,8434,5465771,0,0,5719653032,279624253,4944228671,0,0,5222376,3609,3609,0,133607183,133607183,0,0,119235670,4252333,14.74,4.99
531,2026-05-12 09:40:20,4,q47,0,11,275,4564,5416,66233,60719,432,471,0,1344,0,6173,4610732,0,0,23867335456,276821053,1208887432,0,0,12282561,7417,7417,0,475321542,475321542,0,0,246963388,6373114,14.51,4.56
532,2026-05-12 09:40:26,4,q48,0,9,242,7971,21810,122855,114178,291,348,1,5264,0,7904,2409952,0,0,1240766720,279537853,3911814554,0,0,42651140,231,231,0,1244533717,1244533717,0,0,1244533717,42651140,15.41,7.97
533,2026-05-12 09:40:35,4,q49,0,18,587,10918,44017,167925,153565,366,588,1,5792,0,18911,2323170,0,0,9871307648,543011210,6397470143,0,0,151963934,576,576,0,3564397327,3564397327,0,0,3564397327,151963934,15.38,10.92
534,2026-05-12 09:40:47,4,q50,0,8,442,20748,48603,320923,305481,457,614,0,2048,0,26450,4098492,0,0,62650168048,305491713,2903840434,0,0,292659971,46607,46607,0,6810173101,6810173101,0,0,6810173101,292659971,15.47,20.75
535,2026-05-12 09:41:09,4,q51,0,10,404,12509,18664,175624,164364,493,594,0,2528,0,14975,1724405,0,0,36501536280,348618264,1227662282,0,0,142655068,5780,5780,0,2331585365,2331585365,0,0,2331585365,142655068,14.04,12.51
536,2026-05-12 09:41:22,4,q51a,0,14,475,245830,282681,3194616,3147934,670,811,1,19262,0,15974,1725308,0,0,81075701688,348618264,1227662282,0,0,283180156,6973,6973,0,4526611762,4526611762,0,0,3346195613,216786893,13.0,245.83
537,2026-05-12 09:45:29,4,q52,0,4,213,1109,1101,15792,14333,208,264,0,800,0,604,2309736,0,0,657507504,276820651,1194284080,0,0,1821,161,161,0,172783,172783,0,0,172783,1821,14.24,1.11
538,2026-05-12 09:45:32,4,q53,0,6,215,1877,1856,26343,23819,226,301,0,1440,0,1708,2897733,0,0,961654736,276821053,1209620652,0,0,21278,170,170,0,1034649,1034649,0,0,1034649,21278,14.03,1.88
539,2026-05-12 09:45:34,4,q54,0,17,576,14464,40018,217341,206255,306,586,1,3946,0,18992,1913706,0,0,37588452808,496035937,3080083758,0,0,291951373,17264,17264,0,4425213652,4425213652,0,0,4425213652,291951373,15.03,14.46
540,2026-05-12 09:45:50,4,q55,0,4,213,1208,1201,17416,15942,220,261,0,592,0,611,2309822,0,0,1194378224,276820651,1194284080,0,0,1860,162,162,0,166535,166535,0,0,166535,1860,14.42,1.21
541,2026-05-12 09:45:52,4,q56,0,9,476,3154,6985,45476,39385,604,670,0,2736,0,2531,3484526,0,0,13428967776,494020388,3848602510,0,0,30815,407,407,0,1444190,1444190,0,0,1444190,30815,14.42,3.15
542,2026-05-12 09:45:57,4,q57,0,11,242,3439,4344,49079,41922,358,408,21,2074,0,6860,4610732,0,0,21643326304,144271203,657121158,0,0,14728549,6386,6386,0,596895221,596895221,0,0,313105890,7710681,14.27,3.44
543,2026-05-12 09:46:01,4,q58,0,11,479,3539,9190,50938,43875,499,648,0,1941,0,9973,3447397,0,0,10974193024,492962486,2276055112,0,0,305693,1070,1070,0,8905204,8905204,0,0,8905204,305693,14.39,3.54
544,2026-05-12 09:46:06,4,q59,0,10,251,6479,6944,88205,81270,280,355,3,1992,0,7315,1732618,0,0,17413596416,276763553,1032373206,0,0,14796758,7004,7004,0,605141006,605141006,0,0,303491101,7471744,13.61,6.48
545,2026-05-12 09:46:13,4,q60,0,9,476,3178,6968,45282,39393,555,681,0,2304,0,5240,3475926,0,0,15417123680,494020388,3848536974,0,0,115501,283,283,0,4041705,4041705,0,0,4041705,115501,14.25,3.18
546,2026-05-12 09:46:18,4,q61,0,12,465,4838,9677,74674,65420,243,408,0,6237,0,4544,1854368,0,0,7139097264,556365655,5117194674,0,0,11321881,3808,3808,0,164829319,164829319,0,0,144547322,9321881,15.43,4.84
547,2026-05-12 09:46:24,4,q62,0,7,97,1218,1202,17394,15331,111,140,0,416,0,1739,1496323,0,0,536128288,72074721,315573424,0,0,32557,182,182,0,2963756,2963756,0,0,2963756,32557,14.28,1.22
548,2026-05-12 09:46:26,4,q63,0,6,215,1812,1793,25138,22084,261,318,0,1904,0,2669,2901431,0,0,1028698040,276821053,1209559212,0,0,40394,170,170,0,1760517,1760517,0,0,1760517,40394,13.87,1.81
549,2026-05-12 09:46:29,4,q64,0,55,925,21675,97521,329403,301304,3599,3242,2,6979,0,19375,2334254,0,0,24987243448,745983428,14658482311,0,0,244146938,9192,9192,0,3743414124,3743414124,0,0,3073514394,198417039,15.2,21.68
550,2026-05-12 09:46:52,4,q65,0,11,493,9313,17505,137506,127951,568,756,0,3191,0,11893,1717912,0,0,26092258256,553364655,2423046522,0,0,78176207,4131,4131,0,2448816949,2448816949,0,0,2448816949,78176207,14.76,9.31
551,2026-05-12 09:47:02,4,q66,0,8,263,3110,3947,43960,36465,562,637,0,2000,0,1001,2756480,0,0,17308064128,216155221,2424293011,0,0,3555,237,237,0,1806569,1806569,0,0,1806569,3555,14.14,3.11
552,2026-05-12 09:47:06,4,q67,0,8,273,48913,49035,659891,612956,222,318,0,9017,0,10228,1050235,0,0,48367630584,276821053,1466612325,0,0,103424628,3652,3652,0,3336800830,3336800830,0,0,3336800830,103424628,13.49,48.91
553,2026-05-12 09:47:56,4,q67a,0,16,656,72224,224491,1112044,1046302,1716,1669,3,25677,0,24344,3883639,0,0,186530058992,276821053,1466612325,0,0,526141565,11974,11974,0,24555077502,24555077502,0,0,6491469742,151998125,15.4,72.22
554,2026-05-12 09:49:10,4,q68,0,12,266,4522,5655,67468,55554,239,311,0,3136,0,7309,1355278,0,0,4328788144,279624253,6025486344,0,0,4229984,3609,3609,0,106934347,106934347,0,0,92562834,3259941,14.92,4.52
555,2026-05-12 09:49:15,4,q69,0,11,509,3245,7371,47276,39642,144,375,1,1280,0,12961,1032369,0,0,5967783584,497533188,2092188656,0,0,18050359,6660,6660,0,164087928,164087928,0,0,164087928,18050359,14.57,3.24
556,2026-05-12 09:49:20,4,q70,0,9,427,3776,3716,54735,50249,572,640,0,2768,0,1264,4373747,0,0,12671079344,553161057,2654496366,0,0,5153,340,340,0,396762,396762,0,0,396762,5153,14.5,3.78
557,2026-05-12 09:49:25,4,q70a,0,12,432,3176,3068,44453,40477,472,642,0,2571,0,1205,4362847,0,0,1801541056,553161057,2654496366,0,0,6786,711,711,0,598163,598163,0,0,284989,3618,14.0,3.18
558,2026-05-12 09:49:29,4,q71,0,7,485,3425,3368,49522,42552,572,787,1,2528,0,7100,8798420,0,0,5735755120,492902788,3559128428,0,0,273848,5382,5382,0,17873849,17873849,0,0,10016368,167674,14.46,3.42
559,2026-05-12 09:49:33,4,q72,0,16,436,171865,214222,2488254,2300583,572,715,2,4265,0,181215,13146599,0,0,82523784096,560074108,2492407546,0,0,538047872,38943,38943,0,9134546239,9134546239,0,0,9134546239,538047872,14.48,171.86
560,2026-05-12 09:52:26,4,q73,0,9,253,2512,3732,36191,30537,328,369,8,934,0,6569,2902592,0,0,1430151184,278624253,2940757178,0,0,4173613,1070,1070,0,138667912,138667912,0,0,71959846,2173613,14.41,2.51
561,2026-05-12 09:52:30,4,q74,0,15,614,28237,99876,446782,401674,591,834,0,5147,0,42089,1374492,0,0,102409803584,350691313,2476002546,0,0,699960358,46749,46749,0,11231554676,11231554676,0,0,5715074874,353418106,15.82,28.24
562,2026-05-12 09:52:59,4,q75,0,20,1069,17668,59401,270140,242109,546,1034,63,12658,0,27855,1052987,0,0,26691595696,1035827598,9273080332,0,0,140054939,8997,8997,0,3077647424,3077647424,0,0,2046922299,89656117,15.29,17.67
563,2026-05-12 09:53:18,4,q76,0,5,474,3751,3703,55709,37902,639,714,15,4493,0,8801,7567557,0,0,38292664928,492816388,3261319648,0,0,64680,2309,2309,0,5664519,5664519,0,0,5664519,64680,14.85,3.75
564,2026-05-12 09:53:23,4,q77,0,14,519,4083,19163,58340,45758,707,671,24,5166,0,7103,2312058,0,0,11013842888,543013652,4282941774,0,0,135253,516,516,0,4971413,4971413,0,0,4971413,135253,14.29,4.08
565,2026-05-12 09:53:28,4,q77a,0,17,524,3931,18179,53963,46151,649,711,0,4364,0,5112,2303673,0,0,8600021784,543013652,4282941774,0,0,113937,409,409,0,4251911,4251911,0,0,4043487,111463,13.73,3.93
566,2026-05-12 09:53:33,4,q78,0,15,727,84065,279774,1317334,541201,2273,1412,0,7396,0,779772,1819600,0,0,94462501856,543157308,6692666992,0,0,406636630,35301,35301,0,11853610953,11853610953,0,0,11853610953,406636630,15.67,84.06
567,2026-05-12 09:54:59,4,q79,0,8,250,5568,6839,84184,65061,504,552,0,3115,0,11425,2907924,0,0,18048702624,278624253,4933226661,0,0,10980482,3825,3825,0,348947706,348947706,0,0,348947706,10980482,15.12,5.57
568,2026-05-12 09:55:05,4,q80,0,23,683,68739,285882,1086751,283705,2020,2083,0,7312,0,797938,2328790,0,0,54884401176,543515085,7216137350,0,0,265494087,25339,25339,0,8018451546,8018451546,0,0,8018451546,265494087,15.81,68.74
569,2026-05-12 09:56:15,4,q80a,0,26,688,81675,351995,1292463,273099,1763,1995,0,6656,0,1018038,2328188,0,0,55356260208,543515085,7216137350,0,0,265493759,24436,24436,0,8017877606,8017877606,0,0,8017655906,265491829,15.82,81.68
570,2026-05-12 09:57:38,4,q81,0,16,161,2437,5954,35187,28449,238,230,0,480,0,5105,713915,0,0,16979243480,33868693,352183541,0,0,18924578,1870,1870,0,365597338,365597338,0,0,365597338,18924578,14.44,2.44
571,2026-05-12 09:57:42,4,q82,0,6,239,10670,16072,139078,121976,118,219,0,1538,0,10738,1021297,0,0,26129011888,687613437,727057642,0,0,291092473,3746,3746,0,332087734,332087734,0,0,332087734,439988162,13.03,10.67
572,2026-05-12 09:57:53,4,q83,0,10,49,1316,3231,16135,12606,46,56,0,256,0,1457,1561496,0,0,3597576128,50821969,195040564,0,0,218975,42,42,0,3139972,3139972,0,0,3139972,218975,12.26,1.32
573,2026-05-12 09:57:56,4,q84,0,9,50,1528,3229,12740,10262,43,44,0,736,0,1136,9713760,0,0,192459840,33729631,128268096,0,0,27798849,40,40,0,145725954,145725954,0,0,145725954,27798849,8.34,1.53
574,2026-05-12 09:57:58,4,q85,0,14,145,4074,23382,57932,43379,246,232,0,3669,0,7371,1649276,0,0,4434954736,84117746,1110086473,0,0,11437258,1702,1702,0,378538837,378538837,0,0,378538837,11437258,14.22,4.07
575,2026-05-12 09:58:04,4,q86,0,5,94,975,920,12304,10662,102,118,0,0,0,1043,3714241,0,0,7613854520,72278662,377069438,0,0,10004,86,86,0,805158,805158,0,0,805158,10004,12.62,0.98
576,2026-05-12 09:58:06,4,q86a,0,8,99,913,860,10199,9236,96,121,0,0,0,1150,3714241,0,0,8018603992,72278662,377069438,0,0,27353,267,267,0,2284009,2284009,0,0,776207,9367,11.17,0.91
577,2026-05-12 09:58:08,4,q87,0,13,589,10417,28323,160438,143914,261,494,1,2352,0,15732,1034175,0,0,23632590968,494612388,2075158426,0,0,120819579,8670,8670,0,1504978680,1504978680,0,0,1400922298,116819579,15.4,10.42
578,2026-05-12 09:58:19,4,q88,0,26,1698,10738,76395,166808,133472,106,1094,0,13751,0,644,1050164,0,0,5411051520,2304749906,12209079224,0,0,1680,1680,1680,0,99116,99116,0,0,99116,1680,15.53,10.74
579,2026-05-12 09:58:31,4,q89,0,8,292,9881,16219,146838,119532,152,275,1,3040,0,28421,1169246,0,0,5504384688,276821053,1209223304,0,0,268799286,876,876,0,3572840164,3572840164,0,0,3572840164,268799286,14.86,9.88
580,2026-05-12 09:58:42,4,q90,0,8,186,846,1384,12440,8040,12,107,0,0,0,24,449714,0,0,582865920,144185266,854424315,0,0,180,180,180,0,10620,10620,0,0,10620,180,14.7,0.85
581,2026-05-12 09:58:44,4,q91,0,12,46,1490,2327,19367,5799,36,47,0,1008,0,9654,1032836,0,0,2972701352,19398901,149580671,0,0,2192984,310,310,0,46354382,46354382,0,0,46332398,2192843,13.0,1.49
582,2026-05-12 09:58:46,4,q92,0,7,186,1374,2556,19350,17342,90,167,0,0,0,2736,1243648,0,0,358427024,144280275,758293318,0,0,163546,251,251,0,3429603,3429603,0,0,3429603,163546,14.08,1.37
583,2026-05-12 09:58:49,4,q93,0,6,444,72065,180737,1129571,273146,304,514,1,2849,0,848616,2969718,0,0,68971117112,316808054,3209224207,0,0,316284326,48411,48411,0,7854501950,7854501950,0,0,7854501950,316284326,15.67,72.06
584,2026-05-12 10:00:02,4,q94,0,8,243,26171,112500,401838,111732,121,227,0,1872,0,284241,1248214,0,0,20788046800,152275688,1423590310,0,0,151171124,9400,9400,0,2985892234,2985892234,0,0,2985892234,151171124,15.35,26.17
585,2026-05-12 10:00:29,4,q95,0,8,293,39815,116948,607301,329910,401,482,0,3760,0,272763,2625357,0,0,57933874400,152275688,1385178022,0,0,367104153,45800,45800,0,4668774194,4668774194,0,0,2769069854,151153209,15.25,39.82
586,2026-05-12 10:01:10,4,q96,0,5,214,1272,1269,18990,17845,22,141,0,816,0,31,1050121,0,0,671166720,288100390,1526220366,0,0,210,210,210,0,12390,12390,0,0,12390,210,14.93,1.27
587,2026-05-12 10:01:12,4,q97,0,5,395,11392,13961,153287,142975,506,546,0,1904,0,8336,1723760,0,0,37867529576,420610775,2023559574,0,0,82744400,5389,5389,0,791069197,791069197,0,0,791069197,82744400,13.46,11.39
588,2026-05-12 10:01:25,4,q98,0,8,275,13999,31595,204882,124145,150,268,4,1856,0,79070,6589863,0,0,30405105528,276820651,1200747652,0,0,275228628,10378,10378,0,2616410107,2616410107,0,0,2612783295,275198085,14.64,14.0
589,2026-05-12 10:01:40,4,q99,0,7,184,2085,2068,30832,24736,224,257,0,352,0,2604,2757426,0,0,8327049528,144067238,607080303,0,0,201162,2101,2101,0,13934745,13934745,0,0,13934745,201162,14.79,2.08
590,2026-05-12 10:01:43,5,q1,0,12,116,2089,3699,29685,24808,130,142,0,864,0,2714,887878,0,0,7451933096,59676673,487102448,0,0,18400127,797,797,0,277423848,277423848,0,0,277423848,18400127,14.21,2.09
591,2026-05-12 10:01:46,5,q2,0,9,273,3852,3794,56411,43893,265,368,0,960,0,7889,2751318,0,0,2187126760,216214884,887732172,0,0,162535,3080,3080,0,13171910,13171910,0,0,4400632,56097,14.64,3.85
592,2026-05-12 10:01:51,5,q3,0,4,213,1222,1210,17435,16950,224,268,0,0,0,546,2313090,0,0,621314024,276820651,1194280020,0,0,933,191,191,0,89346,89346,0,0,89346,933,14.27,1.22
593,2026-05-12 10:01:53,5,q4,0,25,1142,137175,653065,2183504,661396,2123,2493,0,9328,0,1195191,1493383,0,0,128950631840,771375137,11386512756,0,0,566100624,58580,58580,0,17916612008,17916612008,0,0,10647012313,341212705,15.92,137.18
594,2026-05-12 10:04:12,5,q5,0,11,629,12532,25481,187785,144240,627,920,0,4372,0,10532,3122951,0,0,9987215640,615033649,4793575814,0,0,79009774,2926,2926,0,1101341350,1101341350,0,0,1101341350,79009774,14.98,12.53
595,2026-05-12 10:04:25,5,q5a,0,14,632,11224,26355,160755,145562,754,1033,0,4953,0,8669,3116200,0,0,10189590736,615033649,4793575814,0,0,78973390,2409,2409,0,1099536543,1099536543,0,0,1099234997,78969956,14.32,11.22
596,2026-05-12 10:04:38,5,q6,0,12,306,28878,88263,427249,158742,150,312,1,1024,0,268052,2209361,0,0,34296832544,280097700,1295493760,0,0,273571140,15028,15028,0,3355003389,3355003389,0,0,3355003389,273571140,14.79,28.88
597,2026-05-12 10:05:08,5,q7,0,13,255,7198,13228,105686,92362,1353,1284,0,3057,0,8354,1561496,0,0,2680880672,278816500,3399692443,0,0,53270195,294,294,0,1773007381,1773007381,0,0,1773007381,53270195,14.68,7.2
598,2026-05-12 10:05:16,5,q8,0,12,259,2327,4259,33145,30155,74,208,0,736,0,1455,1037292,0,0,4998230304,280617053,1341835785,0,0,9745849,218,218,0,91780075,91780075,0,0,91780075,9745849,14.24,2.33
599,2026-05-12 10:05:20,5,q9,0,31,3166,16659,248861,255134,235097,2789,4230,92,11952,0,1251,1015572,0,0,0,4320095875,9743519707,0,0,3150,3150,3150,0,198262,198262,0,0,198262,3150,15.32,16.66
600,2026-05-12 10:05:37,5,q10,0,11,509,4550,8535,67255,40624,121,370,0,464,0,14661,1032025,0,0,6208408840,497533188,2092867824,0,0,22980851,6541,6541,0,192210488,192210488,0,0,192210488,22980851,14.78,4.55
601,2026-05-12 10:05:43,5,q10a,0,10,509,2799,5145,40274,34396,97,392,0,2752,0,10498,1906551,0,0,4932103104,497533188,2092867824,0,0,22779154,6877,6877,0,191369627,191369627,0,0,191369627,22779154,14.39,2.8
602,2026-05-12 10:05:47,5,q11,0,15,648,76193,221829,1214149,414638,600,873,0,5408,0,767334,1491835,0,0,114155000192,350691313,3082349810,0,0,699960358,52295,52295,0,13511160741,13511160741,0,0,6912643789,353418106,15.94,76.19
603,2026-05-12 10:07:04,5,q12,0,7,117,4003,7040,47190,40722,86,106,0,400,0,5770,437625,0,0,10562963440,72278662,386756478,0,0,72106021,1630,1630,0,762498313,762498313,0,0,762498313,72106021,11.79,4.0
604,2026-05-12 10:07:09,5,q13,0,14,242,4587,13336,69566,57979,1139,1174,1,4208,0,3497,1914208,0,0,1054379680,279625302,6023673570,0,0,740937,200,200,0,23431999,23431999,0,0,23431999,740937,15.17,4.59
605,2026-05-12 10:07:15,5,q14a,0,30,1579,66952,299484,1031501,373241,2297,2787,100,33553,0,609636,4664616,0,0,37672989888,1478653164,5351313846,0,0,620284238,6487,6487,0,6689185303,6689185303,0,0,6684601059,620148266,15.41,66.95
606,2026-05-12 10:08:25,5,q14b,0,24,1330,37320,164175,571007,324879,2067,2510,34,7203,0,238159,4664186,0,0,37727552256,1262803525,4200463042,0,0,679784201,6422,6422,0,7311640846,7311640846,0,0,3688640894,404738849,15.3,37.32
607,2026-05-12 10:09:03,5,q14,0,24,1328,33853,152221,517670,312772,2314,2601,2,6410,0,212784,4665605,0,0,36519101808,1262803525,4200463042,0,0,679621830,6182,6182,0,7306798565,7306798565,0,0,3683798613,404576478,15.29,33.85
608,2026-05-12 10:09:39,5,q15,0,7,236,27937,55899,385181,178096,93,192,0,2060,0,200547,805498,0,0,28682234216,147067173,933274306,0,0,288834299,7732,7732,0,3686227013,3686227013,0,0,3686227013,288834299,13.79,27.94
609,2026-05-12 10:10:08,5,q16,0,8,452,51924,256076,816813,194535,228,450,0,3824,0,610856,2495052,0,0,41785807200,303459149,2606978612,0,0,301125284,34700,34700,0,5861095305,5861095305,0,0,5861095305,301125284,15.73,51.92
610,2026-05-12 10:11:01,5,q17,0,10,669,109494,462402,1728391,445313,324,678,1,2608,0,1248225,13880723,0,0,69086260584,449689837,4064538956,0,0,455396321,69756,69756,0,11468267745,11468267745,0,0,11468267745,455396321,15.79,109.49
611,2026-05-12 10:12:51,5,q18,0,13,332,36260,218325,555468,138810,192,320,0,3072,0,416277,9713760,0,0,11174549592,151112773,2634402049,0,0,159482755,2549,2549,0,6161110944,6161110944,0,0,6161110944,159482755,15.32,36.26
612,2026-05-12 10:13:29,5,q18a,0,23,413,72632,694028,1134648,160024,391,523,0,2788,0,981518,9713760,0,0,34000277584,154316773,2652349113,0,0,204535227,9509,9509,0,7817879109,7817879109,0,0,6169707601,160018999,15.62,72.63
613,2026-05-12 10:14:43,5,q19,0,11,270,2643,5122,38213,31785,118,237,0,880,0,4412,1027381,0,0,5955618328,279821053,2387798858,0,0,11817289,769,769,0,198182340,198182340,0,0,198182340,11817289,14.46,2.64
614,2026-05-12 10:14:46,5,q20,0,7,202,6122,11599,86298,79772,105,183,67,2205,0,7641,807906,0,0,16882665952,144271173,711314762,0,0,143395506,4318,4318,0,1439146061,1439146061,0,0,1439146061,143395506,14.1,6.12
615,2026-05-12 10:14:53,5,q21,0,6,15,2431,2420,17837,16302,16,17,0,0,0,105,131075,0,0,777786456,399607064,539389650,0,0,96170,20,20,0,2678127,2678127,0,0,2678127,96170,7.34,2.43
616,2026-05-12 10:14:57,5,q22,0,7,46,74699,74798,875555,869539,95,67,0,3305,0,1081,320176,0,0,10455113368,399607064,534825717,0,0,80173222,458,458,0,537264163,537264163,0,0,537264163,80173222,11.72,74.7
617,2026-05-12 10:16:13,5,q22a,0,11,71,6918,7629,69332,66103,108,117,0,377,0,2737,511504,0,0,14714953824,399607064,539447435,0,0,80581076,752,752,0,841025633,841025633,0,0,814117617,80173152,10.02,6.92
618,2026-05-12 10:16:21,5,q23a,0,17,1243,91258,148404,1406641,1151302,1815,2256,3,12408,0,221279,13146642,0,0,202155459224,1059512476,5916138420,0,0,1008995311,77418,77418,0,18750171511,18750171511,0,0,15623673517,809058651,15.41,91.26
619,2026-05-12 10:17:53,5,q23b,0,20,1451,139852,311399,2199521,1326148,3680,3569,47,100850,3,727119,13146599,0,0,350973028640,1061512476,5928054256,0,0,1402657801,212724,212724,0,25048109558,25048109558,0,0,15669403647,810446977,15.73,139.85
620,2026-05-12 10:20:14,5,q24,0,12,480,52644,233729,819468,299286,323,536,0,5296,1,506012,3701911,0,0,50812616512,320012401,3498201974,0,0,300409241,46721,46721,0,7392507664,7392507664,0,0,7392507664,300409241,15.57,52.64
621,2026-05-12 10:21:08,5,q24a,0,20,735,112450,520457,1737266,522863,586,903,19,27882,0,1219955,3705953,0,0,107696485856,320216401,3490207736,0,0,611254554,97001,97001,0,15271491918,15271491918,0,0,7915411615,310999280,15.45,112.45
622,2026-05-12 10:23:01,5,q24b,0,21,721,41835,112330,636154,535887,742,937,0,16264,0,98633,3699847,0,0,105573251152,320216401,3490207736,0,0,611115102,96804,96804,0,15258561831,15258561831,0,0,7902481528,310859828,15.21,41.84
623,2026-05-12 10:23:44,5,q25,0,10,669,144967,661998,2290781,446534,338,693,1,4698,0,1850867,13880723,0,0,69019054728,449689837,5022536949,0,0,455396296,69739,69739,0,11683973311,11683973311,0,0,11683973311,455396296,15.8,144.97
624,2026-05-12 10:26:10,5,q26,0,9,279,30258,137871,465847,105352,178,298,0,3264,0,360912,2024256,0,0,3165317000,146192973,1860451081,0,0,142864279,664,664,0,4816747990,4816747990,0,0,4816747990,142864279,15.4,30.26
625,2026-05-12 10:26:42,5,q27,0,13,243,4961,9354,73680,57234,1292,1307,0,4130,0,5079,1561496,0,0,1803347080,278815304,3318878579,0,0,6482912,246,246,0,219290535,219290535,0,0,219290535,6482912,14.85,4.96
626,2026-05-12 10:26:48,5,q27a,0,17,280,6803,13663,75310,61495,1490,1484,0,4048,0,6844,1561496,0,0,2904731872,279019706,3319537065,0,0,18952353,428,428,0,630732947,630732947,0,0,213451657,6416555,11.07,6.8
627,2026-05-12 10:26:56,5,q28,0,18,1363,21646,128617,338158,264664,3658,3764,25,8613,1,82493,1137166,0,0,85315520848,1728038328,10599863508,0,0,8006259,20467,20467,0,129161300,129161300,0,0,129161300,8006259,15.62,21.65
628,2026-05-12 10:27:18,5,q29,0,11,670,86516,364439,1366305,463746,370,698,1,2608,0,923592,13880723,0,0,69019478168,449762886,4065018708,0,0,455396359,69770,69770,0,11468274915,11468274915,0,0,11468274915,455396359,15.79,86.52
629,2026-05-12 10:28:46,5,q30,0,16,127,2617,6047,27165,20890,160,163,0,336,0,4747,3485263,0,0,12044940728,19471827,226767890,0,0,10760255,962,962,0,346286453,346286453,0,0,346286453,10760255,10.38,2.62
630,2026-05-12 10:28:50,5,q31,0,24,1016,8538,49526,130942,105692,341,813,0,8160,0,23726,1035594,0,0,19185332656,1046854792,7291306172,0,0,44379154,13091,13091,0,581300689,581300689,0,0,499726797,39497547,15.34,8.54
631,2026-05-12 10:28:59,5,q32,0,7,339,1807,3455,26376,20064,112,283,0,890,0,2624,1361420,0,0,604500376,288265297,1407409886,0,0,146965,488,488,0,3748576,3748576,0,0,3748576,146965,14.6,1.81
632,2026-05-12 10:29:02,5,q33,0,9,476,3915,8169,57248,42419,505,654,0,2640,0,5268,3476485,0,0,17299313256,494020388,3848139662,0,0,159756,284,284,0,4949230,4949230,0,0,4949230,159756,14.62,3.92
633,2026-05-12 10:29:07,5,q34,0,9,255,3328,4869,48542,31157,312,358,0,2703,0,6823,2902721,0,0,2308057480,278624253,2940757178,0,0,4301953,1483,1483,0,141021076,141021076,0,0,74313010,2301953,14.59,3.33
634,2026-05-12 10:29:12,5,q35,0,12,542,5996,11547,86886,69077,204,449,0,1984,0,13860,1033487,0,0,14022837880,497533188,2091509004,0,0,62628742,7799,7799,0,393313085,393313085,0,0,393313085,62628742,14.49,6.0
635,2026-05-12 10:29:19,5,q35a,0,11,542,4568,6664,64525,58577,166,470,0,2048,0,9094,1898252,0,0,13167200272,497533188,2091509004,0,0,62645069,5827,5827,0,392192799,392192799,0,0,392192799,62645069,14.13,4.57
636,2026-05-12 10:29:24,5,q36,0,6,215,2339,2282,33006,28084,239,325,0,2464,0,1655,3714241,0,0,16308352080,276821053,2312138427,0,0,19641,177,177,0,1747533,1747533,0,0,1747533,19641,14.11,2.34
637,2026-05-12 10:29:28,5,q36a,0,9,220,2357,2420,30672,26899,249,328,2,2501,0,1848,3714284,0,0,15102490112,276821053,2312138427,0,0,52532,534,534,0,4803288,4803288,0,0,1617262,17760,13.01,2.36
638,2026-05-12 10:29:31,5,q37,0,6,195,6974,11005,84565,74935,155,176,3,2602,0,4679,807218,0,0,14049417616,543601173,673803696,0,0,152468755,2992,2992,0,314293728,314293728,0,0,314293728,295975871,12.13,6.97
639,2026-05-12 10:29:39,5,q38,0,13,589,9867,27072,151709,136937,245,530,0,1920,0,16617,1033788,0,0,23632590968,494612388,2075158426,0,0,120819579,8670,8670,0,1504978680,1504978680,0,0,1400922298,116819579,15.38,9.87
640,2026-05-12 10:29:50,5,q39a,0,11,76,4435,7888,57388,52955,176,134,0,576,0,1211,2450413,0,0,5629038712,799010113,1076319780,0,0,4703618,493,493,0,147406910,147406910,0,0,99374934,3173618,12.94,4.43
641,2026-05-12 10:29:56,5,q39b,0,11,75,4097,7664,54493,49029,277,160,0,524,0,989,1036381,0,0,5245587576,799010113,1076319780,0,0,4594459,493,493,0,144357198,144357198,0,0,96325222,3064459,13.3,4.1
642,2026-05-12 10:30:01,5,q40,0,8,256,12274,28959,180987,169934,217,294,0,1712,0,12737,1373049,0,0,23640442248,158669010,1134991444,0,0,157480425,12400,12400,0,3417099735,3417099735,0,0,3417099735,157480425,14.75,12.27
643,2026-05-12 10:30:14,5,q41,0,4,4,248,194,173,155,4,4,0,0,0,29,13527,0,0,269488032,408000,2001597,0,0,292,2,2,0,19225,19225,0,0,19225,292,0.7,0.25
644,2026-05-12 10:30:16,5,q42,0,4,213,1351,1336,19567,17796,219,268,0,0,0,485,2309220,0,0,657507504,276820651,1193956400,0,0,1046,161,161,0,87927,87927,0,0,87927,1046,14.48,1.35
645,2026-05-12 10:30:18,5,q43,0,5,215,2406,2384,35570,31939,247,321,0,1895,0,1723,2311628,0,0,631482688,276617053,1032052902,0,0,20230,340,340,0,2249620,2249620,0,0,2249620,20230,14.78,2.41
646,2026-05-12 10:30:21,5,q44,0,8,440,2159,2245,30608,26865,369,485,0,1105,0,5992,3432039,0,0,2522336008,576216776,3409464613,0,0,790184,3586,3586,0,17228424,17228424,0,0,8623177,395285,14.18,2.16
647,2026-05-12 10:30:25,5,q45,0,9,141,8444,18673,111086,102956,104,141,0,2048,0,8341,1561496,0,0,19400735688,75482662,558579478,0,0,146949311,2793,2793,0,2506527416,2506527416,0,0,2506527416,146949311,13.16,8.44
648,2026-05-12 10:30:34,5,q46,0,12,273,4517,5962,66670,59399,367,436,0,3184,0,6276,5465771,0,0,5719653032,279624253,4944228671,0,0,5222376,3609,3609,0,133607183,133607183,0,0,119235670,4252333,14.76,4.52
649,2026-05-12 10:30:40,5,q47,0,11,275,4633,5515,67420,62431,423,469,0,1627,0,5772,4610732,0,0,23867335456,276821053,1208887432,0,0,12282561,7417,7417,0,475321542,475321542,0,0,246963388,6373114,14.55,4.63
650,2026-05-12 10:30:46,5,q48,0,9,242,8093,22048,124091,114534,303,336,3,6250,0,7397,2409909,0,0,1240766720,279537853,3911814554,0,0,42651140,231,231,0,1244533717,1244533717,0,0,1244533717,42651140,15.33,8.09
651,2026-05-12 10:30:55,5,q49,0,18,587,11729,47460,181203,161260,363,565,0,6256,0,22216,2323170,0,0,9871307648,543011210,6397470143,0,0,151963934,576,576,0,3564397327,3564397327,0,0,3564397327,151963934,15.45,11.73
652,2026-05-12 10:31:07,5,q50,0,8,442,20557,47606,318169,304928,423,595,3,1808,0,23771,4097288,0,0,62650168048,305491713,2903840434,0,0,292659971,46607,46607,0,6810173101,6810173101,0,0,6810173101,292659971,15.48,20.56
653,2026-05-12 10:31:29,5,q51,0,10,404,12849,19265,180244,167631,474,602,0,2816,0,14540,1725308,0,0,36501536280,348618264,1227662282,0,0,142655068,5780,5780,0,2331585365,2331585365,0,0,2331585365,142655068,14.03,12.85
654,2026-05-12 10:31:43,5,q51a,0,14,475,247595,284697,3208150,3160169,728,842,1,24002,0,16548,1726039,0,0,81075701688,348618264,1227662282,0,0,283180156,6973,6973,0,4526611762,4526611762,0,0,3346195613,216786893,12.96,247.6
655,2026-05-12 10:35:52,5,q52,0,4,213,1107,1097,15695,14461,215,267,0,592,0,551,2309865,0,0,657507504,276820651,1194284080,0,0,1821,161,161,0,172783,172783,0,0,172783,1821,14.18,1.11
656,2026-05-12 10:35:54,5,q53,0,6,215,1881,1862,26193,23535,266,317,0,1669,0,1588,2898421,0,0,961654736,276821053,1209620652,0,0,21278,170,170,0,1034649,1034649,0,0,1034649,21278,13.93,1.88
657,2026-05-12 10:35:57,5,q54,0,17,576,14675,45217,220767,208673,332,608,2,4580,0,19121,1913835,0,0,37588452808,496035937,3080083758,0,0,291951373,17264,17264,0,4425213652,4425213652,0,0,4425213652,291951373,15.04,14.68
658,2026-05-12 10:36:13,5,q55,0,4,213,1376,1363,20115,18208,212,268,0,912,0,562,2309779,0,0,1194378224,276820651,1194284080,0,0,1860,162,162,0,166535,166535,0,0,166535,1860,14.62,1.38
659,2026-05-12 10:36:15,5,q56,0,9,476,3440,7412,50351,42499,479,663,1,3582,0,2686,3484698,0,0,13428967776,494020388,3848602510,0,0,30815,407,407,0,1444190,1444190,0,0,1444190,30815,14.64,3.44
660,2026-05-12 10:36:20,5,q57,0,11,242,3672,4891,52533,45585,387,401,36,1900,0,6089,4610732,0,0,21643326304,144271203,657121158,0,0,14728549,6386,6386,0,596895221,596895221,0,0,313105890,7710681,14.31,3.67
661,2026-05-12 10:36:24,5,q58,0,11,479,3755,9786,54389,46215,588,653,2,2698,0,10683,3448816,0,0,10974193024,492962486,2276055112,0,0,305693,1070,1070,0,8905204,8905204,0,0,8905204,305693,14.48,3.76
662,2026-05-12 10:36:29,5,q59,0,10,251,6354,6842,86480,80417,282,356,0,2251,0,6426,1734639,0,0,17413596416,276763553,1032373206,0,0,14796758,7004,7004,0,605141006,605141006,0,0,303491101,7471744,13.61,6.35
663,2026-05-12 10:36:37,5,q60,0,9,476,4033,8794,58647,49847,653,680,0,4358,0,4697,3477130,0,0,15417123680,494020388,3848536974,0,0,115501,283,283,0,4041705,4041705,0,0,4041705,115501,14.54,4.03
664,2026-05-12 10:36:42,5,q61,0,12,465,5240,10468,81100,68362,217,420,3,5168,0,5950,1854368,0,0,7139097264,556365655,5117194674,0,0,11321881,3808,3808,0,164829319,164829319,0,0,144547322,9321881,15.48,5.24
665,2026-05-12 10:36:48,5,q62,0,7,97,1294,1278,18592,16331,108,137,0,544,0,1445,1495592,0,0,536128288,72074721,315573424,0,0,32557,182,182,0,2963756,2963756,0,0,2963756,32557,14.37,1.29
666,2026-05-12 10:36:51,5,q63,0,6,215,1931,1911,26608,24252,275,310,0,1079,0,2411,2897905,0,0,1028698040,276821053,1209559212,0,0,40394,170,170,0,1760517,1760517,0,0,1760517,40394,13.78,1.93
667,2026-05-12 10:36:54,5,q64,0,55,925,21902,97301,331297,300316,3355,3127,4,7015,0,19588,2334211,0,0,24987243448,745983428,14658482311,0,0,244146938,9192,9192,0,3743414124,3743414124,0,0,3073514394,198417039,15.13,21.9
668,2026-05-12 10:37:17,5,q65,0,11,493,9169,17127,135006,126743,611,786,0,3022,0,10298,1717439,0,0,26092258256,553364655,2423046522,0,0,78176207,4131,4131,0,2448816949,2448816949,0,0,2448816949,78176207,14.72,9.17
669,2026-05-12 10:37:27,5,q66,0,8,263,3303,4254,46270,37993,618,619,0,2017,0,1191,2756179,0,0,17308064128,216155221,2424293011,0,0,3555,237,237,0,1806569,1806569,0,0,1806569,3555,14.01,3.3
670,2026-05-12 10:37:32,5,q67,0,8,273,48678,48793,658576,607541,252,327,0,8255,0,10036,1050063,0,0,48367630584,276821053,1466612325,0,0,103424628,3652,3652,0,3336800830,3336800830,0,0,3336800830,103424628,13.53,48.68
671,2026-05-12 10:38:21,5,q67a,0,16,656,73507,240724,1131300,1048006,1503,1525,0,8467,0,71523,3883553,0,0,186530058992,276821053,1466612325,0,0,526141565,11974,11974,0,24555077502,24555077502,0,0,6491469742,151998125,15.39,73.51
672,2026-05-12 10:39:36,5,q68,0,12,266,4272,5563,63408,53340,246,313,0,2048,0,7551,1355278,0,0,4328788144,279624253,6025486344,0,0,4229984,3609,3609,0,106934347,106934347,0,0,92562834,3259941,14.84,4.27
673,2026-05-12 10:39:41,5,q69,0,11,509,3261,7444,47333,37460,86,366,0,640,0,14609,1032584,0,0,5967783584,497533188,2092188656,0,0,18050359,6660,6660,0,164087928,164087928,0,0,164087928,18050359,14.51,3.26
674,2026-05-12 10:39:46,5,q70,0,9,427,3910,3852,57064,50960,478,634,0,2997,0,1519,4373059,0,0,12671079344,553161057,2654496366,0,0,5153,340,340,0,396762,396762,0,0,396762,5153,14.59,3.91
675,2026-05-12 10:39:51,5,q70a,0,12,432,3240,3129,45462,41414,564,649,0,2702,0,1455,4362159,0,0,1801541056,553161057,2654496366,0,0,6786,711,711,0,598163,598163,0,0,284989,3618,14.03,3.24
676,2026-05-12 10:39:55,5,q71,0,7,485,3347,3289,48227,41686,581,796,1,1968,0,7191,8797044,0,0,5735755120,492902788,3559128428,0,0,273848,5382,5382,0,17873216,17873216,0,0,10015735,167674,14.41,3.35
677,2026-05-12 10:40:00,5,q72,0,16,436,207849,320769,2877405,2300672,543,689,1,5272,0,559901,13146599,0,0,82523784096,560074108,2492407546,0,0,538047872,38943,38943,0,9134546239,9134546239,0,0,9134546239,538047872,13.84,207.85
678,2026-05-12 10:43:29,5,q73,0,9,253,2270,3339,32725,29475,278,362,0,832,0,5186,2901861,0,0,1430151184,278624253,2940757178,0,0,4173613,1070,1070,0,138667912,138667912,0,0,71959846,2173613,14.42,2.27
679,2026-05-12 10:43:32,5,q74,0,15,614,30411,107851,481986,395504,577,828,0,3280,0,86706,1373245,0,0,102409803584,350691313,2476002546,0,0,699960358,46749,46749,0,11231554676,11231554676,0,0,5715074874,353418106,15.85,30.41
680,2026-05-12 10:44:03,5,q75,0,20,1069,18290,64706,280797,237338,621,970,3,6963,0,33554,1048687,0,0,26691595696,1035827598,9273080332,0,0,140054939,8997,8997,0,3077647424,3077647424,0,0,2046922299,89656117,15.35,18.29
681,2026-05-12 10:44:23,5,q76,0,5,474,3299,3251,48373,35003,503,719,0,1952,0,6694,7556893,0,0,38292664928,492816388,3261319648,0,0,64680,2309,2309,0,5664519,5664519,0,0,5664519,64680,14.66,3.3
682,2026-05-12 10:44:27,5,q77,0,14,519,4277,20123,62692,36396,389,606,0,6432,0,5678,2309134,0,0,11013842888,543013652,4282941774,0,0,135253,516,516,0,4971413,4971413,0,0,4971413,135253,14.66,4.28
683,2026-05-12 10:44:33,5,q77a,0,17,524,3825,17128,52325,43511,766,676,0,5280,0,4742,2302770,0,0,8600021784,543013652,4282941774,0,0,113937,409,409,0,4251911,4251911,0,0,4043487,111463,13.68,3.82
684,2026-05-12 10:44:38,5,q78,0,15,727,101256,355232,1587150,544030,1301,1356,0,7472,0,1008130,1820288,0,0,94462501856,543157308,6692666992,0,0,406636630,35301,35301,0,11853610953,11853610953,0,0,11853610953,406636630,15.67,101.26
685,2026-05-12 10:46:20,5,q79,0,8,250,5186,6149,77723,66997,606,601,0,3904,0,6213,2910031,0,0,18048702624,278624253,4933226661,0,0,10980482,3825,3825,0,348947706,348947706,0,0,348947706,10980482,14.99,5.19
686,2026-05-12 10:46:26,5,q80,0,23,683,74707,316830,1172179,287187,1957,2100,20,12172,0,879803,2331628,0,0,54884401176,543515085,7216137350,0,0,265494087,25339,25339,0,8018451546,8018451546,0,0,8018451546,265494087,15.69,74.71
687,2026-05-12 10:47:42,5,q80a,0,26,688,66461,270129,1043225,271290,2484,2150,2,11480,0,741615,2328876,0,0,55356260208,543515085,7216137350,0,0,265493759,24436,24436,0,8017877606,8017877606,0,0,8017655906,265491829,15.7,66.46
688,2026-05-12 10:48:50,5,q81,0,16,161,2654,6165,39040,32507,205,224,0,0,0,4713,713915,0,0,16979243480,33868693,352183541,0,0,18924578,1870,1870,0,365597338,365597338,0,0,365597338,18924578,14.71,2.65
689,2026-05-12 10:48:54,5,q82,0,6,239,13519,19510,159701,119451,93,209,0,1652,0,13793,1020351,0,0,26129011888,687613437,727057642,0,0,291092473,3746,3746,0,332087734,332087734,0,0,332087734,439988162,11.81,13.52
690,2026-05-12 10:49:08,5,q83,0,10,49,1419,3436,17787,15038,52,53,0,0,0,718,1561496,0,0,3597576128,50821969,195040564,0,0,218975,42,42,0,3139972,3139972,0,0,3139972,218975,12.53,1.42
691,2026-05-12 10:49:11,5,q84,0,9,50,1783,4846,18086,10444,57,41,0,6426,0,821,9713889,0,0,192459840,33729631,128268096,0,0,27798849,40,40,0,145725954,145725954,0,0,145725954,27798849,10.14,1.78
692,2026-05-12 10:49:14,5,q85,0,14,145,17586,71839,212675,43191,3491,208,1162,4960,0,43244,1649319,0,0,4434954736,84117746,1110086473,0,0,11437258,1702,1702,0,378538837,378538837,0,0,378538837,11437258,12.09,17.59
693,2026-05-12 10:49:32,5,q86,0,5,94,2360,2281,28319,14291,81,101,3,555,0,2745,3714284,0,0,7613854520,72278662,377069438,0,0,10004,86,86,0,805158,805158,0,0,805158,10004,12.0,2.36
694,2026-05-12 10:49:36,5,q86a,0,8,99,2300,2164,24861,12600,134,123,14,0,0,889,3714241,0,0,8018603992,72278662,377069438,0,0,27353,267,267,0,2284009,2284009,0,0,776207,9367,10.81,2.3
695,2026-05-12 10:49:39,5,q87,0,13,589,11885,32775,184639,149237,261,493,10,3088,0,20583,1034863,0,0,23632590968,494612388,2075158426,0,0,120819579,8670,8670,0,1504978680,1504978680,0,0,1400922298,116819579,15.54,11.88
696,2026-05-12 10:49:52,5,q88,0,26,1698,10429,78818,161947,127533,73,1097,0,14608,0,405,1049734,0,0,5411051520,2304749906,12209079224,0,0,1680,1680,1680,0,99116,99116,0,0,99116,1680,15.53,10.43
697,2026-05-12 10:50:04,5,q89,0,8,292,10217,16689,149345,116781,169,283,0,2690,0,34776,1169418,0,0,5504384688,276821053,1209223304,0,0,268799286,876,876,0,3572840164,3572840164,0,0,3572840164,268799286,14.62,10.22
698,2026-05-12 10:50:15,5,q90,0,8,186,1220,2011,18290,12326,11,109,0,0,0,24,449800,0,0,582865920,144185266,854424315,0,0,180,180,180,0,10620,10620,0,0,10620,180,14.99,1.22
699,2026-05-12 10:50:18,5,q91,0,12,46,1490,3352,17601,6372,33,44,0,0,0,8737,1032836,0,0,2972701352,19398901,149580671,0,0,2192984,310,310,0,46354382,46354382,0,0,46332398,2192843,11.81,1.49
700,2026-05-12 10:50:20,5,q92,0,7,186,1369,2502,18790,12419,69,158,0,1552,0,2468,1243648,0,0,358427024,144280275,758293318,0,0,163546,251,251,0,3429603,3429603,0,0,3429603,163546,13.73,1.37
701,2026-05-12 10:50:23,5,q93,0,6,444,81684,209924,1281992,274674,334,523,0,2496,0,980864,2969933,0,0,68971117112,316808054,3209224207,0,0,316284326,48411,48411,0,7854501950,7854501950,0,0,7854501950,316284326,15.69,81.68
702,2026-05-12 10:51:45,5,q94,0,8,243,29474,120036,453019,111549,119,239,0,1520,0,339313,1247526,0,0,20788046800,152275688,1423590310,0,0,151171124,9400,9400,0,2985892234,2985892234,0,0,2985892234,151171124,15.37,29.47
703,2026-05-12 10:52:16,5,q95,0,8,293,43271,132721,667095,330314,438,483,0,4400,0,331770,2625271,0,0,57933874400,152275688,1385178022,0,0,367104153,45800,45800,0,4668774194,4668774194,0,0,2769069854,151153209,15.42,43.27
704,2026-05-12 10:53:00,5,q96,0,5,214,1320,1314,19050,17913,66,142,0,608,0,54,1050164,0,0,671166720,288100390,1526220366,0,0,210,210,210,0,12390,12390,0,0,12390,210,14.43,1.32
705,2026-05-12 10:53:03,5,q97,0,5,395,11662,14404,157673,141624,361,532,0,1248,0,6846,1724276,0,0,37867529576,420610775,2023559574,0,0,82744400,5389,5389,0,791069197,791069197,0,0,791069197,82744400,13.52,11.66
706,2026-05-12 10:53:15,5,q98,0,8,275,20404,49182,304763,123530,140,254,5,3584,0,177424,6589863,0,0,30405105528,276820651,1200747652,0,0,275228628,10378,10378,0,2616410107,2616410107,0,0,2612783295,275198085,14.94,20.4
707,2026-05-12 10:53:37,5,q99,0,7,184,2370,2353,35401,25338,225,262,0,384,0,6184,2757297,0,0,8327049528,144067238,607080303,0,0,201162,2101,2101,0,13934745,13934745,0,0,13934745,201162,14.94,2.37
708,2026-05-12 10:53:40,6,q1,0,12,116,2399,4459,33942,28044,133,146,0,944,0,2898,887878,0,0,7451933096,59676673,487102448,0,0,18400127,797,797,0,277423848,277423848,0,0,277423848,18400127,14.15,2.4
709,2026-05-12 10:53:44,6,q2,0,9,273,3619,3558,52742,46699,353,397,0,857,0,3728,2752006,0,0,2187126760,216214884,887732172,0,0,162535,3080,3080,0,13171910,13171910,0,0,4400632,56097,14.57,3.62
710,2026-05-12 10:53:49,6,q3,0,4,213,1201,1195,17265,14836,181,250,0,0,0,1071,2311886,0,0,621314024,276820651,1194280020,0,0,933,191,191,0,89346,89346,0,0,89346,933,14.38,1.2
711,2026-05-12 10:53:51,6,q4,0,25,1142,131139,595244,2087310,676216,2118,2481,1,10544,3,1323911,1493383,0,0,128950631840,771375137,11386512756,0,0,566100624,58580,58580,0,17916612008,17916612008,0,0,10647012313,341212705,15.92,131.14
712,2026-05-12 10:56:03,6,q5,0,11,629,14524,32864,216962,137074,598,893,0,4480,0,46161,3121790,0,0,9987215640,615033649,4793575814,0,0,79009774,2926,2926,0,1101341350,1101341350,0,0,1101341350,79009774,14.94,14.52
713,2026-05-12 10:56:19,6,q5a,0,14,632,15469,45196,228622,147914,792,1030,0,5210,0,76392,3115684,0,0,10189590736,615033649,4793575814,0,0,78973390,2409,2409,0,1099536543,1099536543,0,0,1099234997,78969956,14.78,15.47
714,2026-05-12 10:56:36,6,q6,0,12,306,21972,65929,337789,157975,202,312,0,1056,0,175933,2209361,0,0,34296832544,280097700,1295493760,0,0,273571140,15028,15028,0,3355003389,3355003389,0,0,3355003389,273571140,15.37,21.97
715,2026-05-12 10:56:59,6,q7,0,13,255,8994,15724,124516,85544,1173,1199,0,3136,0,27602,1561496,0,0,2680880672,278816500,3399692443,0,0,53270195,294,294,0,1773007381,1773007381,0,0,1773007381,53270195,13.84,8.99
716,2026-05-12 10:57:09,6,q8,0,12,259,2547,4777,36378,23819,65,192,0,1328,0,1228,1037249,0,0,4998230304,280617053,1341835785,0,0,9745849,218,218,0,91780075,91780075,0,0,91780075,9745849,14.28,2.55
717,2026-05-12 10:57:12,6,q9,0,31,3166,16734,249995,255904,234785,3033,4258,1,10320,0,1327,1015615,0,0,0,4320095875,9743519707,0,0,3150,3150,3150,0,198262,198262,0,0,198262,3150,15.29,16.73
718,2026-05-12 10:57:30,6,q10,0,11,509,3275,7234,47704,38976,77,366,0,1472,0,10090,1031294,0,0,6208408840,497533188,2092867824,0,0,22980851,6541,6541,0,192210488,192210488,0,0,192210488,22980851,14.57,3.28
719,2026-05-12 10:57:35,6,q10a,0,10,509,2720,4916,39004,34930,90,398,0,976,0,9674,1905863,0,0,4932103104,497533188,2092867824,0,0,22779154,6877,6877,0,191369627,191369627,0,0,191369627,22779154,14.34,2.72
720,2026-05-12 10:57:38,6,q11,0,15,648,66658,193410,1061567,433555,699,860,0,6160,0,595783,1491706,0,0,114155000192,350691313,3082349810,0,0,699960358,52295,52295,0,13511160741,13511160741,0,0,6912643789,353418106,15.93,66.66
721,2026-05-12 10:58:46,6,q12,0,7,117,6267,13512,83522,41310,59,99,0,528,0,40151,437410,0,0,10562963440,72278662,386756478,0,0,72106021,1630,1630,0,762498313,762498313,0,0,762498313,72106021,13.33,6.27
722,2026-05-12 10:58:53,6,q13,0,14,242,4707,13720,71552,53010,1045,1100,0,2768,0,3226,1914208,0,0,1054379680,279625302,6023673570,0,0,740937,200,200,0,23431999,23431999,0,0,23431999,740937,15.2,4.71
723,2026-05-12 10:58:59,6,q14a,0,30,1579,67120,338728,1034105,376225,2132,2709,3,15033,0,606778,4667454,0,0,37672989888,1478653164,5351313846,0,0,620284238,6487,6487,0,6689185303,6689185303,0,0,6684601059,620148266,15.41,67.12
724,2026-05-12 11:00:09,6,q14b,0,24,1330,47648,249592,739165,315885,1738,2243,3,5883,0,407936,4662982,0,0,37727552256,1262803525,4200463042,0,0,679784201,6422,6422,0,7311640846,7311640846,0,0,3688640894,404738849,15.51,47.65
725,2026-05-12 11:00:58,6,q14,0,24,1328,37478,168319,574822,306259,2026,2427,0,5814,0,225796,4665605,0,0,36519101808,1262803525,4200463042,0,0,679621830,6182,6182,0,7306798565,7306798565,0,0,3683798613,404576478,15.34,37.48
726,2026-05-12 11:01:37,6,q15,0,7,236,43627,86257,639180,176544,107,212,0,6368,0,384900,806358,0,0,28682234216,147067173,933274306,0,0,288834299,7732,7732,0,3686227013,3686227013,0,0,3686227013,288834299,14.65,43.63
727,2026-05-12 11:02:22,6,q16,0,8,452,52605,220460,827708,199984,242,457,0,4240,0,610932,2495052,0,0,41785807200,303459149,2606978612,0,0,301125284,34700,34700,0,5861095305,5861095305,0,0,5861095305,301125284,15.73,52.6
728,2026-05-12 11:03:15,6,q17,0,10,669,135656,628443,2146711,443967,507,692,109,15157,0,1484527,13880723,0,0,69086260584,449689837,4064538956,0,0,455396321,69756,69756,0,11468267745,11468267745,0,0,11468267745,455396321,15.82,135.66
729,2026-05-12 11:05:32,6,q18,0,13,332,45924,283967,715031,131267,190,317,314,2800,0,575493,9713760,0,0,11174549592,151112773,2634402049,0,0,159482755,2549,2549,0,6161110944,6161110944,0,0,6161110944,159482755,15.57,45.92
730,2026-05-12 11:06:19,6,q18a,0,23,413,35606,317760,550865,182534,399,533,42,4197,0,367508,9713803,0,0,34000277584,154316773,2652349113,0,0,204535227,9509,9509,0,7817879109,7817879109,0,0,6169707601,160018999,15.47,35.61
731,2026-05-12 11:06:56,6,q19,0,11,270,3876,8319,58308,29310,93,204,0,720,0,4864,1026177,0,0,5955618328,279821053,2387798858,0,0,11817289,769,769,0,198182340,198182340,0,0,198182340,11817289,15.04,3.88
732,2026-05-12 11:07:01,6,q20,0,7,202,5634,11046,78718,71673,115,191,0,2128,0,7136,807648,0,0,16882665952,144271173,711314762,0,0,143395506,4318,4318,0,1439146061,1439146061,0,0,1439146061,143395506,13.97,5.63
733,2026-05-12 11:07:08,6,q21,0,6,15,2350,2332,17709,15901,18,14,0,216,0,101,131075,0,0,777786456,399607064,539389650,0,0,96170,20,20,0,2678127,2678127,0,0,2678127,96170,7.54,2.35
734,2026-05-12 11:07:11,6,q22,0,7,46,74377,74475,874994,866197,214,68,0,2825,0,1756,320176,0,0,10455113368,399607064,534825717,0,0,80173222,458,458,0,537264163,537264163,0,0,537264163,80173222,11.76,74.38
735,2026-05-12 11:08:27,6,q22a,0,11,71,6591,7245,69063,65847,117,116,0,286,0,2606,511504,0,0,14714953824,399607064,539447435,0,0,80581076,752,752,0,841025633,841025633,0,0,814117617,80173152,10.48,6.59
736,2026-05-12 11:08:34,6,q23a,0,17,1243,139900,269209,2172772,1056097,1774,2196,1,20535,0,1012981,13146599,0,0,202155459224,1059512476,5916138420,0,0,1008995311,77418,77418,0,18750171511,18750171511,0,0,15623673517,809058651,15.53,139.9
737,2026-05-12 11:10:55,6,q23b,0,20,1451,195507,435031,3081779,1208251,3005,3220,3,19005,0,1795113,13146599,0,0,350973028640,1061512476,5928054256,0,0,1402657801,212724,212724,0,25048109558,25048109558,0,0,15669403647,810446977,15.76,195.51
738,2026-05-12 11:14:12,6,q24,0,12,480,91095,457297,1440093,298975,297,510,4,3072,0,1068627,3699116,0,0,50812616512,320012401,3498201974,0,0,300409241,46721,46721,0,7392507664,7392507664,0,0,7392507664,300409241,15.81,91.1
739,2026-05-12 11:15:44,6,q24a,0,20,735,94369,420546,1464721,527011,600,898,2,2858,0,932839,3699761,0,0,107696485856,320216401,3490207736,0,0,611254554,97001,97001,0,15271491918,15271491918,0,0,7915411615,310999280,15.52,94.37
740,2026-05-12 11:17:20,6,q24b,0,21,721,82921,362969,1291326,512049,572,864,0,5328,0,784350,3699890,0,0,105573251152,320216401,3490207736,0,0,611115102,96804,96804,0,15258561831,15258561831,0,0,7902481528,310859828,15.57,82.92
741,2026-05-12 11:18:44,6,q25,0,10,669,35376,89958,542289,512278,557,793,50,4784,0,42037,13880723,0,0,69019054728,449689837,5022536949,0,0,455396296,69739,69739,0,11683973311,11683973311,0,0,11683973311,455396296,15.33,35.38
742,2026-05-12 11:19:20,6,q26,0,9,279,8598,33913,132649,118847,235,330,2,2896,0,17002,2024342,0,0,3165317000,146192973,1860451081,0,0,142864279,664,664,0,4816747990,4816747990,0,0,4816747990,142864279,15.43,8.6
743,2026-05-12 11:19:30,6,q27,0,13,243,5136,9683,76188,63523,1378,1331,0,3648,0,5414,1561496,0,0,1803347080,278815304,3318878579,0,0,6482912,246,246,0,219290535,219290535,0,0,219290535,6482912,14.83,5.14
744,2026-05-12 11:19:36,6,q27a,0,17,280,4727,9330,69556,62301,1578,1505,0,4017,0,5066,1561496,0,0,2904731872,279019706,3319537065,0,0,18952353,428,428,0,630732947,630732947,0,0,213451657,6416555,14.71,4.73
745,2026-05-12 11:19:42,6,q28,0,18,1363,19106,113367,296706,271247,4206,4343,14,6883,0,45005,1134414,0,0,85315520848,1728038328,10599863508,0,0,8006259,20467,20467,0,129161300,129161300,0,0,129161300,8006259,15.53,19.11
746,2026-05-12 11:20:02,6,q29,0,11,670,38572,102272,594113,501886,469,730,3,3648,0,61995,13880723,0,0,69019478168,449762886,4065018708,0,0,455396359,69770,69770,0,11468274915,11468274915,0,0,11468274915,455396359,15.4,38.57
747,2026-05-12 11:20:42,6,q30,0,16,127,2504,6281,27571,23612,300,172,0,343,0,3067,3485263,0,0,12044940728,19471827,226767890,0,0,10760255,962,962,0,346286453,346286453,0,0,346286453,10760255,11.01,2.5
748,2026-05-12 11:20:45,6,q31,0,25,1017,11119,65073,171525,116904,476,833,218,23449,0,29144,1036755,0,0,18983612920,1046854792,7291306172,0,0,44351464,13076,13076,0,580459299,580459299,0,0,499809272,39499393,15.43,11.12
749,2026-05-12 11:20:58,6,q32,0,7,339,2275,4313,33319,23302,124,294,0,2196,0,2622,1361205,0,0,604500376,288265297,1407409886,0,0,146965,488,488,0,3748576,3748576,0,0,3748576,146965,14.65,2.28
750,2026-05-12 11:21:01,6,q33,0,9,476,3907,8430,55325,45822,568,675,15,2700,0,5756,3475023,0,0,17299313256,494020388,3848139662,0,0,159756,284,284,0,4949230,4949230,0,0,4949230,159756,14.16,3.91
751,2026-05-12 11:21:06,6,q34,0,9,255,2802,3734,40213,30285,372,371,0,1968,0,5166,2902506,0,0,2308057480,278624253,2940757178,0,0,4301953,1483,1483,0,141021076,141021076,0,0,74313010,2301953,14.35,2.8
752,2026-05-12 11:21:10,6,q35,0,12,542,6720,13410,98047,63343,224,470,4,3238,0,27809,1035207,0,0,14022837880,497533188,2091509004,0,0,62628742,7799,7799,0,393313085,393313085,0,0,393313085,62628742,14.59,6.72
753,2026-05-12 11:21:18,6,q35a,0,11,542,4575,6659,64258,56798,167,463,5,1536,0,8415,1898768,0,0,13167200272,497533188,2091509004,0,0,62645069,5827,5827,0,392192799,392192799,0,0,392192799,62645069,14.05,4.58
754,2026-05-12 11:21:24,6,q36,0,6,215,2436,2325,33677,29389,245,335,0,1920,0,1875,3714241,0,0,16308352080,276821053,2312138427,0,0,19641,177,177,0,1747533,1747533,0,0,1747533,19641,13.82,2.44
755,2026-05-12 11:21:27,6,q36a,0,9,220,3484,3392,47211,29793,249,330,0,15792,0,1920,3714241,0,0,15102490112,276821053,2312138427,0,0,52532,534,534,0,4803288,4803288,0,0,1617262,17760,13.55,3.48
756,2026-05-12 11:21:32,6,q37,0,6,195,7352,10896,86117,71315,84,177,0,2704,0,3619,807218,0,0,14049417616,543601173,673803696,0,0,152468755,2992,2992,0,314293728,314293728,0,0,314293728,295975871,11.71,7.35
757,2026-05-12 11:21:40,6,q38,0,13,589,11216,30609,173906,142726,219,513,4,3488,0,19794,1035121,0,0,23632590968,494612388,2075158426,0,0,120819579,8670,8670,0,1504978680,1504978680,0,0,1400922298,116819579,15.51,11.22
758,2026-05-12 11:21:53,6,q39a,0,11,76,5067,8880,64153,52427,175,141,0,1148,0,1286,2450413,0,0,5629038712,799010113,1076319780,0,0,4703618,493,493,0,147406910,147406910,0,0,99374934,3173618,12.66,5.07
759,2026-05-12 11:21:59,6,q39b,0,11,75,4471,7850,53893,48455,136,140,0,560,0,818,1036381,0,0,5245587576,799010113,1076319780,0,0,4594459,493,493,0,144357198,144357198,0,0,96325222,3064459,12.05,4.47
760,2026-05-12 11:22:05,6,q40,0,8,256,40604,160592,629235,159120,147,267,0,2720,0,441661,1373049,0,0,23640442248,158669010,1134991444,0,0,157480425,12400,12400,0,3417099735,3417099735,0,0,3417099735,157480425,15.5,40.6
761,2026-05-12 11:22:47,6,q41,0,4,4,199,171,158,153,3,3,0,0,0,14,13527,0,0,269488032,408000,2001597,0,0,292,2,2,0,19225,19225,0,0,19225,292,0.79,0.2
762,2026-05-12 11:22:48,6,q42,0,4,213,1237,1227,18034,16194,204,258,0,0,0,485,2308704,0,0,657507504,276820651,1193956400,0,0,1046,161,161,0,87927,87927,0,0,87927,1046,14.58,1.24
763,2026-05-12 11:22:50,6,q43,0,5,215,3552,3529,53166,28432,545,296,288,2130,0,1773,2309865,0,0,631482688,276617053,1032052902,0,0,20230,340,340,0,2249620,2249620,0,0,2249620,20230,14.97,3.55
764,2026-05-12 11:22:55,6,q44,0,8,440,2630,2805,37301,28470,309,474,0,1664,0,5725,3432039,0,0,2522336008,576216776,3409464613,0,0,790184,3586,3586,0,17228424,17228424,0,0,8623177,395285,14.18,2.63
765,2026-05-12 11:22:58,6,q45,0,9,141,20890,40760,295122,90548,80,124,0,4016,0,161226,1561496,0,0,19400735688,75482662,558579478,0,0,146949311,2793,2793,0,2506527416,2506527416,0,0,2506527416,146949311,14.13,20.89
766,2026-05-12 11:23:20,6,q46,0,12,273,6043,7010,89586,55792,176,276,1,1904,0,5248,5465771,0,0,5719653032,279624253,4944228671,0,0,5222376,3609,3609,0,133607183,133607183,0,0,119235670,4252333,14.82,6.04
767,2026-05-12 11:23:28,6,q47,0,11,275,5746,6652,82635,62575,391,464,0,1868,0,12310,4610732,0,0,23867335456,276821053,1208887432,0,0,12282561,7417,7417,0,475321542,475321542,0,0,246963388,6373114,14.38,5.75
768,2026-05-12 11:23:34,6,q48,0,9,242,11243,31377,172141,110382,313,300,1,4672,0,21608,2409866,0,0,1240766720,279537853,3911814554,0,0,42651140,231,231,0,1244533717,1244533717,0,0,1244533717,42651140,15.31,11.24
769,2026-05-12 11:23:47,6,q49,0,18,587,37222,156484,588564,139207,149,467,11,5952,0,351689,2323170,0,0,9871307648,543011210,6397470143,0,0,151963934,576,576,0,3564397327,3564397327,0,0,3564397327,151963934,15.81,37.22
770,2026-05-12 11:24:25,6,q50,0,8,442,90498,370117,1412000,278474,417,577,27,1824,0,1089515,4097331,0,0,62650168048,305491713,2903840434,0,0,292659971,46607,46607,0,6810173101,6810173101,0,0,6810173101,292659971,15.6,90.5
771,2026-05-12 11:25:57,6,q51,0,10,404,14970,22039,213621,157650,444,583,0,2204,0,39629,1723588,0,0,36501536280,348618264,1227662282,0,0,142655068,5780,5780,0,2331585365,2331585365,0,0,2331585365,142655068,14.27,14.97
772,2026-05-12 11:26:13,6,q51a,0,14,475,251046,289309,3253332,3147217,667,826,0,22004,0,19856,1725265,0,0,81075701688,348618264,1227662282,0,0,283180156,6973,6973,0,4526611762,4526611762,0,0,3346195613,216786893,12.96,251.05
773,2026-05-12 11:30:25,6,q52,0,4,213,1458,1450,20811,17925,197,253,0,944,0,518,2309263,0,0,657507504,276820651,1194284080,0,0,1821,161,161,0,172783,172783,0,0,172783,1821,14.27,1.46
774,2026-05-12 11:30:28,6,q53,0,6,215,1655,1627,22718,21468,229,309,0,0,0,1619,2896572,0,0,961654736,276821053,1209620652,0,0,21278,170,170,0,1034649,1034649,0,0,1034649,21278,13.73,1.66
775,2026-05-12 11:30:30,6,q54,0,17,576,16532,45497,242476,200148,321,583,2,5856,0,23365,1912502,0,0,37588452808,496035937,3080083758,0,0,291951373,17264,17264,0,4425213652,4425213652,0,0,4425213652,291951373,14.67,16.53
776,2026-05-12 11:30:48,6,q55,0,4,213,1139,1128,16111,14932,211,267,0,384,0,543,2309693,0,0,1194378224,276820651,1194284080,0,0,1860,162,162,0,166535,166535,0,0,166535,1860,14.14,1.14
777,2026-05-12 11:30:50,6,q56,0,9,476,5317,11393,80314,38202,370,585,26,4400,0,4857,3480656,0,0,13428967776,494020388,3848602510,0,0,30815,407,407,0,1444190,1444190,0,0,1444190,30815,15.11,5.32
778,2026-05-12 11:30:57,6,q57,0,11,242,4102,5152,57434,48410,383,407,0,3376,0,6420,4610732,0,0,21643326304,144271203,657121158,0,0,14728549,6386,6386,0,596895221,596895221,0,0,313105890,7710681,14.0,4.1
779,2026-05-12 11:31:02,6,q58,0,11,479,3965,10412,57927,51031,502,653,0,1280,0,10681,3446666,0,0,10974193024,492962486,2276055112,0,0,305693,1070,1070,0,8905204,8905204,0,0,8905204,305693,14.61,3.96
780,2026-05-12 11:31:07,6,q59,0,10,251,6516,6992,89026,83746,276,359,0,2055,0,6088,1730468,0,0,17413596416,276763553,1032373206,0,0,14796758,7004,7004,0,605141006,605141006,0,0,303491101,7471744,13.66,6.52
781,2026-05-12 11:31:15,6,q60,0,9,476,3487,7490,49978,45256,596,688,3,1168,0,4666,3476055,0,0,15417123680,494020388,3848536974,0,0,115501,283,283,0,4041705,4041705,0,0,4041705,115501,14.33,3.49
782,2026-05-12 11:31:19,6,q61,0,12,465,4971,10053,77062,64137,242,407,0,5696,0,4904,1854368,0,0,7139097264,556365655,5117194674,0,0,11321881,3808,3808,0,164829319,164829319,0,0,144547322,9321881,15.5,4.97
783,2026-05-12 11:31:25,6,q62,0,7,97,1430,1415,20750,18939,106,137,0,0,0,1738,1494947,0,0,536128288,72074721,315573424,0,0,32557,182,182,0,2963756,2963756,0,0,2963756,32557,14.51,1.43
784,2026-05-12 11:31:28,6,q63,0,6,215,1895,1876,26151,22815,246,323,0,1648,0,2847,2897948,0,0,1028698040,276821053,1209559212,0,0,40394,170,170,0,1760517,1760517,0,0,1760517,40394,13.8,1.9
785,2026-05-12 11:31:31,6,q64,0,55,925,43987,208462,685012,276151,3175,2714,49,9400,0,302287,2334297,0,0,24987243448,745983428,14658482311,0,0,244146938,9192,9192,0,3743414124,3743414124,0,0,3073514394,198417039,15.57,43.99
786,2026-05-12 11:32:16,6,q65,0,11,493,24630,43897,326241,124489,612,784,50,3168,0,203560,1717267,0,0,26092258256,553364655,2423046522,0,0,78176207,4131,4131,0,2448816949,2448816949,0,0,2448816949,78176207,13.25,24.63
787,2026-05-12 11:32:42,6,q66,0,8,263,4218,5488,61137,37437,459,552,10,1200,0,837,2755835,0,0,17308064128,216155221,2424293011,0,0,3555,237,237,0,1806569,1806569,0,0,1806569,3555,14.49,4.22
788,2026-05-12 11:32:47,6,q67,0,8,273,72222,72465,1047215,606013,259,330,0,10968,0,385539,1049719,0,0,48367630584,276821053,1466612325,0,0,103424628,3652,3652,0,3336800830,3336800830,0,0,3336800830,103424628,14.5,72.22
789,2026-05-12 11:34:00,6,q67a,0,16,656,116259,373845,1755481,1025601,1709,1652,1,12864,0,709311,3883295,0,0,186530058992,276821053,1466612325,0,0,526141565,11974,11974,0,24555077502,24555077502,0,0,6491469742,151998125,15.1,116.26
790,2026-05-12 11:35:58,6,q68,0,12,266,4802,5876,71933,55022,217,304,0,2608,0,5361,1355278,0,0,4328788144,279624253,6025486344,0,0,4229984,3609,3609,0,106934347,106934347,0,0,92562834,3259941,14.98,4.8
791,2026-05-12 11:36:04,6,q69,0,11,509,3484,8112,50860,38786,106,379,2,0,0,14490,1031853,0,0,5967783584,497533188,2092188656,0,0,18050359,6660,6660,0,164087928,164087928,0,0,164087928,18050359,14.6,3.48
792,2026-05-12 11:36:08,6,q70,0,9,427,3948,3888,57165,49923,453,637,0,4467,0,1205,4372930,0,0,12671079344,553161057,2654496366,0,0,5153,340,340,0,396762,396762,0,0,396762,5153,14.48,3.95
793,2026-05-12 11:36:13,6,q70a,0,12,432,3136,3026,43745,40583,616,641,0,1952,0,1251,4362202,0,0,1801541056,553161057,2654496366,0,0,6786,711,711,0,598163,598163,0,0,284989,3618,13.95,3.14
794,2026-05-12 11:36:18,6,q71,0,7,485,3586,3530,51926,42388,596,779,2,2592,0,6856,8797044,0,0,5735755120,492902788,3559128428,0,0,273848,5382,5382,0,17872879,17872879,0,0,10015398,167674,14.48,3.59
795,2026-05-12 11:36:22,6,q72,0,16,436,250921,591426,3381842,2223361,579,674,1,2056,0,1133647,13146599,0,0,82523784096,560074108,2492407546,0,0,538047872,38943,38943,0,9134546239,9134546239,0,0,9134546239,538047872,13.48,250.92
796,2026-05-12 11:40:34,6,q73,0,9,253,2740,3639,39626,31913,294,353,0,740,0,4479,2901474,0,0,1430151184,278624253,2940757178,0,0,4173613,1070,1070,0,138667912,138667912,0,0,71959846,2173613,14.46,2.74
797,2026-05-12 11:40:38,6,q74,0,15,614,65933,184338,1046421,373932,507,767,44,2976,0,614525,1372170,0,0,102409803584,350691313,2476002546,0,0,699960358,46749,46749,0,11231554676,11231554676,0,0,5715074874,353418106,15.87,65.93
798,2026-05-12 11:41:45,6,q75,0,20,1069,20676,73606,317292,228627,379,926,3,13472,0,35593,1048429,0,0,26691595696,1035827598,9273080332,0,0,140054939,8997,8997,0,3077647424,3077647424,0,0,2046922299,89656117,15.35,20.68
799,2026-05-12 11:42:07,6,q76,0,5,474,3164,3118,46432,39135,559,739,0,2336,0,5974,7557839,0,0,38292664928,492816388,3261319648,0,0,64680,2309,2309,0,5664519,5664519,0,0,5664519,64680,14.68,3.16
800,2026-05-12 11:42:11,6,q77,0,14,519,4077,18629,57005,46551,624,658,0,3099,0,5982,2309779,0,0,11013842888,543013652,4282941774,0,0,135253,516,516,0,4971413,4971413,0,0,4971413,135253,13.98,4.08
801,2026-05-12 11:42:17,6,q77a,0,17,524,4136,18700,55963,46438,940,681,0,4676,0,6127,2302899,0,0,8600021784,543013652,4282941774,0,0,113937,409,409,0,4251911,4251911,0,0,4043487,111463,13.53,4.14
802,2026-05-12 11:42:22,6,q78,0,15,727,130848,501175,2059721,534100,858,1165,134,9072,3,1440446,1820288,0,0,94462501856,543157308,6692666992,0,0,406636630,35301,35301,0,11853610953,11853610953,0,0,11853610953,406636630,15.74,130.85
803,2026-05-12 11:44:34,6,q79,0,8,250,6639,7362,101180,68117,374,437,13,4432,0,7269,2904613,0,0,18048702624,278624253,4933226661,0,0,10980482,3825,3825,0,348947706,348947706,0,0,348947706,10980482,15.24,6.64
804,2026-05-12 11:44:42,6,q80,0,23,683,69967,284584,1105387,291057,2051,2109,0,7045,0,779913,2329263,0,0,54884401176,543515085,7216137350,0,0,265494087,25339,25339,0,8018451546,8018451546,0,0,8018451546,265494087,15.8,69.97
805,2026-05-12 11:45:53,6,q80a,0,26,688,131695,581825,2090345,282150,1923,1841,68,14348,0,1734780,2328188,0,0,55356260208,543515085,7216137350,0,0,265493759,24436,24436,0,8017877606,8017877606,0,0,8017655906,265491829,15.87,131.7
806,2026-05-12 11:48:06,6,q81,0,16,161,2731,6477,39339,32271,234,239,0,497,0,4628,713915,0,0,16979243480,33868693,352183541,0,0,18924578,1870,1870,0,365597338,365597338,0,0,365597338,18924578,14.4,2.73
807,2026-05-12 11:48:10,6,q82,0,6,239,14949,20975,181578,115309,99,213,0,4325,0,6606,1022716,0,0,26129011888,687613437,727057642,0,0,291092473,3746,3746,0,332087734,332087734,0,0,332087734,439988162,12.15,14.95
808,2026-05-12 11:48:26,6,q83,0,10,49,1394,3515,17561,13627,50,59,5,0,0,2475,1561496,0,0,3597576128,50821969,195040564,0,0,218975,42,42,0,3139972,3139972,0,0,3139972,218975,12.6,1.39
809,2026-05-12 11:48:28,6,q84,0,9,50,1494,3021,12031,10073,44,43,2,760,0,888,9713760,0,0,192459840,33729631,128268096,0,0,27798849,40,40,0,145725954,145725954,0,0,145725954,27798849,8.05,1.49
810,2026-05-12 11:48:31,6,q85,0,14,145,4221,24400,59444,41225,127,171,0,3280,0,4294,1649276,0,0,4434954736,84117746,1110086473,0,0,11437258,1702,1702,0,378538837,378538837,0,0,378538837,11437258,14.08,4.22
811,2026-05-12 11:48:36,6,q86,0,5,94,1006,946,12774,11064,106,117,2,0,0,920,3714241,0,0,7613854520,72278662,377069438,0,0,10004,86,86,0,805158,805158,0,0,805158,10004,12.7,1.01
812,2026-05-12 11:48:38,6,q86a,0,8,99,1142,1086,13707,12625,103,124,3,0,0,1125,3714241,0,0,8018603992,72278662,377069438,0,0,27353,267,267,0,2284009,2284009,0,0,776207,9367,12.0,1.14
813,2026-05-12 11:48:40,6,q87,0,13,589,23743,67787,371858,130310,590,491,78,127828,0,100139,1034304,0,0,23632590968,494612388,2075158426,0,0,120819579,8670,8670,0,1504978680,1504978680,0,0,1400922298,116819579,15.66,23.74
814,2026-05-12 11:49:05,6,q88,0,26,1698,9767,68760,150468,129255,409,1176,0,15954,0,434,1051540,0,0,5411051520,2304749906,12209079224,0,0,1680,1680,1680,0,99116,99116,0,0,99116,1680,15.41,9.77
815,2026-05-12 11:49:16,6,q89,0,8,292,8634,14541,130519,120029,219,288,1,5814,0,13723,1169891,0,0,5504384688,276821053,1209223304,0,0,268799286,876,876,0,3572840164,3572840164,0,0,3572840164,268799286,15.12,8.63
816,2026-05-12 11:49:26,6,q90,0,8,186,759,1167,10802,8277,14,110,0,455,0,25,450101,0,0,582865920,144185266,854424315,0,0,180,180,180,0,10620,10620,0,0,10620,180,14.23,0.76
817,2026-05-12 11:49:28,6,q91,0,12,46,748,1303,7504,6597,34,44,0,0,0,384,1032836,0,0,2972701352,19398901,149580671,0,0,2192984,310,310,0,46354382,46354382,0,0,46332398,2192843,10.03,0.75
818,2026-05-12 11:49:30,6,q92,0,7,186,1130,2066,15396,12624,99,167,0,619,0,2399,1243648,0,0,358427024,144280275,758293318,0,0,163546,251,251,0,3429603,3429603,0,0,3429603,163546,13.62,1.13
819,2026-05-12 11:49:32,6,q93,0,6,444,20343,37780,315462,295655,469,602,0,6432,0,23798,2969976,0,0,68971117112,316808054,3209224207,0,0,316284326,48411,48411,0,7854501950,7854501950,0,0,7854501950,316284326,15.51,20.34
820,2026-05-12 11:49:53,6,q94,0,8,243,9225,26649,136040,120478,177,266,0,2272,0,11163,1248214,0,0,20788046800,152275688,1423590310,0,0,151171124,9400,9400,0,2985892234,2985892234,0,0,2985892234,151171124,14.75,9.22
821,2026-05-12 11:50:04,6,q95,0,8,293,23747,38389,358719,343377,437,513,3,4812,0,12734,2625400,0,0,57933874400,152275688,1385178022,0,0,367104153,45800,45800,0,4668774194,4668774194,0,0,2769069854,151153209,15.11,23.75
822,2026-05-12 11:50:28,6,q96,0,5,214,1266,1261,18719,17329,24,144,1,855,0,60,1050078,0,0,671166720,288100390,1526220366,0,0,210,210,210,0,12390,12390,0,0,12390,210,14.79,1.27
823,2026-05-12 11:50:31,6,q97,0,5,395,11231,13757,151222,143085,412,549,3,1792,0,7740,1724663,0,0,37867529576,420610775,2023559574,0,0,82744400,5389,5389,0,791069197,791069197,0,0,791069197,82744400,13.46,11.23
824,2026-05-12 11:50:43,6,q98,0,8,275,9454,18715,139621,132020,178,285,5,2672,0,10844,6589863,0,0,30405105528,276820651,1200747652,0,0,275228628,10378,10378,0,2616410107,2616410107,0,0,2612783295,275198085,14.77,9.45
825,2026-05-12 11:50:53,6,q99,0,7,184,2189,2173,32271,26344,213,266,0,858,0,2903,2758372,0,0,8327049528,144067238,607080303,0,0,201162,2101,2101,0,13934745,13934745,0,0,13934745,201162,14.74,2.19
826,2026-05-12 11:50:57,7,q1,0,12,116,1973,3542,27662,23039,136,144,1,480,0,2875,887878,0,0,7451933096,59676673,487102448,0,0,18400127,797,797,0,277423848,277423848,0,0,277423848,18400127,14.02,1.97
827,2026-05-12 11:51:00,7,q2,0,9,273,3307,3247,47916,43696,317,401,0,1344,0,3861,2753769,0,0,2187126760,216214884,887732172,0,0,162535,3080,3080,0,13171910,13171910,0,0,4400632,56097,14.49,3.31
828,2026-05-12 11:51:04,7,q3,0,4,213,1233,1222,17864,16133,212,263,0,912,0,824,2313563,0,0,621314024,276820651,1194280020,0,0,933,191,191,0,89346,89346,0,0,89346,933,14.49,1.23
829,2026-05-12 11:51:06,7,q4,0,25,1142,81365,391629,1289789,715852,2819,2984,3,15536,0,565130,1494200,0,0,128950631840,771375137,11386512756,0,0,566100624,58580,58580,0,17916612008,17916612008,0,0,10647012313,341212705,15.85,81.36
830,2026-05-12 11:52:29,7,q5,0,11,629,11717,25004,171469,142672,705,978,2,5664,0,14312,3124499,0,0,9987215640,615033649,4793575814,0,0,79009774,2926,2926,0,1101341350,1101341350,0,0,1101341350,79009774,14.63,11.72
831,2026-05-12 11:52:42,7,q5a,0,14,632,11249,22057,161974,148913,793,1057,0,5712,0,10696,3117748,0,0,10189590736,615033649,4793575814,0,0,78973390,2409,2409,0,1099536543,1099536543,0,0,1099234997,78969956,14.4,11.25
832,2026-05-12 11:52:54,7,q6,0,12,306,12072,27293,188403,172930,229,358,0,1936,0,20325,2210737,0,0,34296832544,280097700,1295493760,0,0,273571140,15028,15028,0,3355003389,3355003389,0,0,3355003389,273571140,15.61,12.07
833,2026-05-12 11:53:07,7,q7,0,13,255,13348,22673,180224,83513,1059,1117,0,4496,0,73893,1561496,0,0,2680880672,278816500,3399692443,0,0,53270195,294,294,0,1773007381,1773007381,0,0,1773007381,53270195,13.5,13.35
834,2026-05-12 11:53:22,7,q8,0,12,259,2628,5201,37930,30071,117,215,0,1404,0,4652,1037593,0,0,4998230304,280617053,1341835785,0,0,9745849,218,218,0,91780075,91780075,0,0,91780075,9745849,14.43,2.63
835,2026-05-12 11:53:26,7,q9,0,31,3166,18534,277006,284562,234698,3111,4239,70,13477,0,7900,1018496,0,0,0,4320095875,9743519707,0,0,3150,3150,3150,0,198262,198262,0,0,198262,3150,15.35,18.53
836,2026-05-12 11:53:45,7,q10,0,11,509,3168,7032,45968,39783,97,368,0,1536,0,9900,1032025,0,0,6208408840,497533188,2092867824,0,0,22980851,6541,6541,0,192210488,192210488,0,0,192210488,22980851,14.51,3.17
837,2026-05-12 11:53:49,7,q10a,0,10,509,2685,4720,38337,34997,190,390,0,1266,0,9572,1907067,0,0,4932103104,497533188,2092867824,0,0,22779154,6877,6877,0,191369627,191369627,0,0,191369627,22779154,14.28,2.68
838,2026-05-12 11:53:53,7,q11,0,15,648,54025,166043,859329,438666,605,875,0,14064,0,412470,1492480,0,0,114155000192,350691313,3082349810,0,0,699960358,52295,52295,0,13511160741,13511160741,0,0,6912643789,353418106,15.91,54.02
839,2026-05-12 11:54:48,7,q12,0,7,117,3901,6793,52910,47426,52,99,0,768,0,4297,437195,0,0,10562963440,72278662,386756478,0,0,72106021,1630,1630,0,762498313,762498313,0,0,762498313,72106021,13.56,3.9
840,2026-05-12 11:54:53,7,q13,0,14,242,4523,13285,68829,56690,1126,1162,1,4064,0,3372,1914208,0,0,1054379680,279625302,6023673570,0,0,740937,200,200,0,23431999,23431999,0,0,23431999,740937,15.22,4.52
841,2026-05-12 11:54:59,7,q14a,0,30,1579,51967,167440,792654,383316,2411,2724,0,8928,3,391948,4665734,0,0,37672989888,1478653164,5351313846,0,0,620284238,6487,6487,0,6689185303,6689185303,0,0,6684601059,620148266,15.25,51.97
842,2026-05-12 11:55:54,7,q14b,0,24,1330,35760,156017,549343,314998,2024,2350,23,6402,0,225040,4665734,0,0,37727552256,1262803525,4200463042,0,0,679784201,6422,6422,0,7311640846,7311640846,0,0,3688640894,404738849,15.36,35.76
843,2026-05-12 11:56:31,7,q14,0,24,1328,35575,161665,543726,302836,2370,2651,1,5879,0,243107,4667411,0,0,36519101808,1262803525,4200463042,0,0,679621830,6182,6182,0,7306798565,7306798565,0,0,3683798613,404576478,15.28,35.58
844,2026-05-12 11:57:08,7,q15,0,7,236,22070,32443,274749,181369,159,235,0,2779,0,87961,807605,0,0,28682234216,147067173,933274306,0,0,288834299,7732,7732,0,3686227013,3686227013,0,0,3686227013,288834299,12.45,22.07
845,2026-05-12 11:57:31,7,q16,0,8,452,62620,284601,986184,190988,230,450,0,3439,0,790664,2496600,0,0,41785807200,303459149,2606978612,0,0,301125284,34700,34700,0,5861095305,5861095305,0,0,5861095305,301125284,15.75,62.62
846,2026-05-12 11:58:34,7,q17,0,10,669,120743,545295,1913193,441702,338,694,1,2720,0,1473893,13880723,0,0,69086260584,449689837,4064538956,0,0,455396321,69756,69756,0,11468267745,11468267745,0,0,11468267745,455396321,15.85,120.74
847,2026-05-12 12:00:36,7,q18,0,13,332,52157,316891,797802,133091,171,306,0,3488,0,662949,9713803,0,0,11174549592,151112773,2634402049,0,0,159482755,2549,2549,0,6161110944,6161110944,0,0,6161110944,159482755,15.3,52.16
848,2026-05-12 12:01:29,7,q18a,0,23,413,41288,356067,628688,178120,434,539,2,3648,0,437593,9713760,0,0,34000277584,154316773,2652349113,0,0,204535227,9509,9509,0,7817879109,7817879109,0,0,6169707601,160018999,15.23,41.29
849,2026-05-12 12:02:12,7,q19,0,11,270,2698,5286,39313,33369,154,224,0,1024,0,4747,1026306,0,0,5955618328,279821053,2387798858,0,0,11817289,769,769,0,198182340,198182340,0,0,198182340,11817289,14.57,2.7
850,2026-05-12 12:02:16,7,q20,0,7,202,6212,11619,89501,79149,111,191,0,1521,0,7664,807433,0,0,16882665952,144271173,711314762,0,0,143395506,4318,4318,0,1439146061,1439146061,0,0,1439146061,143395506,14.41,6.21
851,2026-05-12 12:02:23,7,q21,0,6,15,2478,2470,17361,15620,14,14,0,208,0,105,131075,0,0,777786456,399607064,539389650,0,0,96170,20,20,0,2678127,2678127,0,0,2678127,96170,7.01,2.48
852,2026-05-12 12:02:27,7,q22,0,7,46,74729,74877,892707,878240,102,65,0,2384,0,1074,320176,0,0,10455113368,399607064,534825717,0,0,80173222,458,458,0,537264163,537264163,0,0,537264163,80173222,11.95,74.73
853,2026-05-12 12:03:42,7,q22a,0,11,71,7685,8323,75920,72418,106,113,0,257,0,2613,511504,0,0,14714953824,399607064,539447435,0,0,80581076,752,752,0,841025633,841025633,0,0,814117617,80173152,9.88,7.68
854,2026-05-12 12:03:51,7,q23a,0,17,1243,78997,135237,1221036,1178715,2041,2369,3,15920,0,53678,13146599,0,0,202155459224,1059512476,5916138420,0,0,1008995311,77418,77418,0,18750171511,18750171511,0,0,15623673517,809058651,15.46,79.0
855,2026-05-12 12:05:11,7,q23b,0,20,1451,165567,300716,2590737,1164753,2699,3000,9,17231,0,1421546,13146599,0,0,350973028640,1061512476,5928054256,0,0,1402657801,212724,212724,0,25048109558,25048109558,0,0,15669403647,810446977,15.65,165.57
856,2026-05-12 12:07:58,7,q24,0,12,480,55723,258005,870486,295794,304,533,0,2688,0,566839,3700578,0,0,50812616512,320012401,3498201974,0,0,300409241,46721,46721,0,7392507664,7392507664,0,0,7392507664,300409241,15.62,55.72
857,2026-05-12 12:08:55,7,q24a,0,20,735,70784,280153,1091411,533923,658,921,1,4080,0,569259,3699761,0,0,107696485856,320216401,3490207736,0,0,611254554,97001,97001,0,15271491918,15271491918,0,0,7915411615,310999280,15.42,70.78
858,2026-05-12 12:10:07,7,q24b,0,21,721,71141,294750,1101790,520601,596,901,1,3407,0,588483,3699890,0,0,105573251152,320216401,3490207736,0,0,611115102,96804,96804,0,15258561831,15258561831,0,0,7902481528,310859828,15.49,71.14
859,2026-05-12 12:11:19,7,q25,0,10,669,116812,398368,1845326,447376,339,688,1,4444,0,1400181,13880723,0,0,69019054728,449689837,5022536949,0,0,455396296,69739,69739,0,11683973311,11683973311,0,0,11683973311,455396296,15.8,116.81
860,2026-05-12 12:13:17,7,q26,0,9,279,61953,291164,963761,96908,149,287,0,2928,0,860427,2024256,0,0,3165317000,146192973,1860451081,0,0,142864279,664,664,0,4816747990,4816747990,0,0,4816747990,142864279,15.56,61.95
861,2026-05-12 12:14:20,7,q27,0,13,243,6446,12283,97329,60325,1335,1209,3,5635,0,14577,1561496,0,0,1803347080,278815304,3318878579,0,0,6482912,246,246,0,219290535,219290535,0,0,219290535,6482912,15.1,6.45
862,2026-05-12 12:14:27,7,q27a,0,17,280,4910,9796,71679,65203,1453,1467,0,2816,0,4656,1561496,0,0,2904731872,279019706,3319537065,0,0,18952353,428,428,0,630732947,630732947,0,0,213451657,6416555,14.6,4.91
863,2026-05-12 12:14:33,7,q28,0,18,1363,18973,112623,294574,271489,4355,4372,7,6160,0,43751,1133812,0,0,85315520848,1728038328,10599863508,0,0,8006259,20467,20467,0,129161300,129161300,0,0,129161300,8006259,15.53,18.97
864,2026-05-12 12:14:53,7,q29,0,11,670,33717,91163,517095,498124,510,774,3,2784,0,37099,13880723,0,0,69019478168,449762886,4065018708,0,0,455396359,69770,69770,0,11468274915,11468274915,0,0,11468274915,455396359,15.34,33.72
865,2026-05-12 12:15:28,7,q30,0,16,127,2423,5647,24896,21130,161,164,0,0,0,2770,3485263,0,0,12044940728,19471827,226767890,0,0,10760255,962,962,0,346286453,346286453,0,0,346286453,10760255,10.27,2.42
866,2026-05-12 12:15:32,7,q31,0,25,1017,8494,48553,130865,104797,294,849,0,6890,0,26589,1035078,0,0,18849264168,1046854792,7291306172,0,0,44349624,13076,13076,0,580433225,580433225,0,0,499796235,39498473,15.41,8.49
867,2026-05-12 12:15:41,7,q32,0,7,339,1708,3243,24736,21857,165,307,0,768,0,3335,1363312,0,0,604500376,288265297,1407409886,0,0,146965,488,488,0,3748576,3748576,0,0,3748576,146965,14.48,1.71
868,2026-05-12 12:15:44,7,q33,0,9,476,3432,7286,49533,43035,505,673,1,3040,0,5815,3475840,0,0,17299313256,494020388,3848139662,0,0,159756,284,284,0,4949230,4949230,0,0,4949230,159756,14.43,3.43
869,2026-05-12 12:15:49,7,q34,0,9,255,2490,3515,35903,31638,339,390,1,1424,0,4349,2901990,0,0,2308057480,278624253,2940757178,0,0,4301953,1483,1483,0,141021076,141021076,0,0,74313010,2301953,14.42,2.49
870,2026-05-12 12:15:52,7,q35,0,12,542,5337,9750,76480,68006,210,459,0,1776,0,12238,1033530,0,0,14022837880,497533188,2091509004,0,0,62628742,7799,7799,0,393313085,393313085,0,0,393313085,62628742,14.33,5.34
871,2026-05-12 12:15:59,7,q35a,0,11,542,4642,6770,65232,59297,161,462,0,1856,0,9331,1898381,0,0,13167200272,497533188,2091509004,0,0,62645069,5827,5827,0,392192799,392192799,0,0,392192799,62645069,14.05,4.64
872,2026-05-12 12:16:04,7,q36,0,6,215,2169,2113,30340,27235,298,326,0,930,0,1754,3714241,0,0,16308352080,276821053,2312138427,0,0,19641,177,177,0,1747533,1747533,0,0,1747533,19641,13.99,2.17
873,2026-05-12 12:16:08,7,q36a,0,9,220,2246,2207,29728,24917,254,333,0,3584,0,1755,3714241,0,0,15102490112,276821053,2312138427,0,0,52532,534,534,0,4803288,4803288,0,0,1617262,17760,13.24,2.25
874,2026-05-12 12:16:11,7,q37,0,6,195,6659,10088,77072,72440,70,174,0,2005,0,3413,805971,0,0,14049417616,543601173,673803696,0,0,152468755,2992,2992,0,314293728,314293728,0,0,314293728,295975871,11.57,6.66
875,2026-05-12 12:16:19,7,q38,0,13,589,9990,27445,154019,139591,217,513,0,2208,0,15586,1034949,0,0,23632590968,494612388,2075158426,0,0,120819579,8670,8670,0,1504978680,1504978680,0,0,1400922298,116819579,15.42,9.99
876,2026-05-12 12:16:30,7,q39a,0,11,76,4548,8092,59652,54930,179,138,0,736,0,1299,2450413,0,0,5629038712,799010113,1076319780,0,0,4703618,493,493,0,147406910,147406910,0,0,99374934,3173618,13.12,4.55
877,2026-05-12 12:16:35,7,q39b,0,11,75,4230,7796,55687,51353,192,158,0,432,0,815,1036381,0,0,5245587576,799010113,1076319780,0,0,4594459,493,493,0,144357198,144357198,0,0,96325222,3064459,13.16,4.23
878,2026-05-12 12:16:41,7,q40,0,8,256,11933,28433,177897,169924,229,309,0,1936,0,12022,1373049,0,0,23640442248,158669010,1134991444,0,0,157480425,12400,12400,0,3417099735,3417099735,0,0,3417099735,157480425,14.91,11.93
879,2026-05-12 12:16:54,7,q41,0,4,4,182,156,143,139,4,4,0,0,0,12,13527,0,0,269488032,408000,2001597,0,0,292,2,2,0,19225,19225,0,0,19225,292,0.79,0.18
880,2026-05-12 12:16:55,7,q42,0,4,213,1066,1057,15211,14658,213,275,0,0,0,521,2309220,0,0,657507504,276820651,1193956400,0,0,1046,161,161,0,87927,87927,0,0,87927,1046,14.27,1.07
881,2026-05-12 12:16:57,7,q43,0,5,215,2185,2164,32067,27775,241,316,0,1872,0,1935,2311671,0,0,631482688,276617053,1032052902,0,0,20230,340,340,0,2249620,2249620,0,0,2249620,20230,14.68,2.18
882,2026-05-12 12:17:00,7,q44,0,8,440,2137,2217,30754,26809,385,470,0,1264,0,6400,3432039,0,0,2522336008,576216776,3409464613,0,0,790184,3586,3586,0,17228424,17228424,0,0,8623177,395285,14.39,2.14
883,2026-05-12 12:17:03,7,q45,0,9,141,8341,18566,109950,101340,80,133,0,2384,0,8079,1561496,0,0,19400735688,75482662,558579478,0,0,146949311,2793,2793,0,2506527416,2506527416,0,0,2506527416,146949311,13.18,8.34
884,2026-05-12 12:17:13,7,q46,0,12,273,4443,5955,65574,58480,384,417,1,3600,0,7012,5465771,0,0,5719653032,279624253,4944228671,0,0,5222376,3609,3609,0,133607183,133607183,0,0,119235670,4252333,14.76,4.44
885,2026-05-12 12:17:18,7,q47,0,11,275,4436,5333,64740,59627,390,473,0,1645,0,5831,4610732,0,0,23867335456,276821053,1208887432,0,0,12282561,7417,7417,0,475321542,475321542,0,0,246963388,6373114,14.59,4.44
886,2026-05-12 12:17:24,7,q48,0,9,242,8074,22061,123610,112409,274,373,1,6915,0,7912,2409909,0,0,1240766720,279537853,3911814554,0,0,42651140,231,231,0,1244533717,1244533717,0,0,1244533717,42651140,15.31,8.07
887,2026-05-12 12:17:33,7,q49,0,18,587,11448,46786,176766,146906,317,579,0,6142,0,24951,2323170,0,0,9871307648,543011210,6397470143,0,0,151963934,576,576,0,3564397327,3564397327,0,0,3564397327,151963934,15.44,11.45
888,2026-05-12 12:17:45,7,q50,0,8,442,61497,237196,970519,284609,351,568,0,1500,0,698030,4097288,0,0,62650168048,305491713,2903840434,0,0,292659971,46607,46607,0,6810173101,6810173101,0,0,6810173101,292659971,15.78,61.5
889,2026-05-12 12:18:50,7,q51,0,10,404,14678,22049,207956,169654,645,675,16,6138,0,20187,1729952,0,0,36501536280,348618264,1227662282,0,0,142655068,5780,5780,0,2331585365,2331585365,0,0,2331585365,142655068,14.17,14.68
890,2026-05-12 12:19:06,7,q51a,0,14,475,258374,297948,3316862,3006254,763,846,11,45774,0,17243,1728447,0,0,81075701688,348618264,1227662282,0,0,283180156,6973,6973,0,4526611762,4526611762,0,0,3346195613,216786893,12.84,258.37
891,2026-05-12 12:23:25,7,q52,0,4,213,1530,1520,22375,20108,281,266,0,1255,0,639,2311671,0,0,657507504,276820651,1194284080,0,0,1821,161,161,0,172783,172783,0,0,172783,1821,14.62,1.53
892,2026-05-12 12:23:28,7,q53,0,6,215,2021,2001,28691,24837,270,328,0,2377,0,1831,2903882,0,0,961654736,276821053,1209620652,0,0,21278,170,170,0,1034649,1034649,0,0,1034649,21278,14.2,2.02
893,2026-05-12 12:23:31,7,q54,0,17,576,14667,44792,221331,206249,352,611,3,5229,0,18272,1913577,0,0,37588452808,496035937,3080083758,0,0,291951373,17264,17264,0,4425213652,4425213652,0,0,4425213652,291951373,15.09,14.67
894,2026-05-12 12:23:47,7,q55,0,4,213,1106,1097,15839,15189,212,261,0,0,0,550,2309306,0,0,1194378224,276820651,1194284080,0,0,1860,162,162,0,166535,166535,0,0,166535,1860,14.32,1.11
895,2026-05-12 12:23:49,7,q56,0,9,476,3402,7354,48943,41067,790,674,0,4305,0,3233,3484741,0,0,13428967776,494020388,3848602510,0,0,30815,407,407,0,1444190,1444190,0,0,1444190,30815,14.39,3.4
896,2026-05-12 12:23:53,7,q57,0,11,242,3776,4811,54153,44155,378,416,3,1824,3,7997,4610732,0,0,21643326304,144271203,657121158,0,0,14728549,6386,6386,0,596895221,596895221,0,0,313105890,7710681,14.34,3.78
897,2026-05-12 12:23:58,7,q58,0,11,479,3426,8904,48790,41751,511,653,15,2070,0,10344,3447010,0,0,10974193024,492962486,2276055112,0,0,305693,1070,1070,0,8905204,8905204,0,0,8905204,305693,14.24,3.43
898,2026-05-12 12:24:03,7,q59,0,10,251,6343,6809,86289,81934,285,364,0,1264,0,5987,1730640,0,0,17413596416,276763553,1032373206,0,0,14796758,7004,7004,0,605141006,605141006,0,0,303491101,7471744,13.6,6.34
899,2026-05-12 12:24:10,7,q60,0,9,476,3220,6809,45614,40910,669,680,0,2032,0,4525,3475926,0,0,15417123680,494020388,3848536974,0,0,115501,283,283,0,4041705,4041705,0,0,4041705,115501,14.17,3.22
900,2026-05-12 12:24:15,7,q61,0,12,465,4626,9313,71223,63173,195,404,0,5088,0,4659,1854368,0,0,7139097264,556365655,5117194674,0,0,11321881,3808,3808,0,164829319,164829319,0,0,144547322,9321881,15.4,4.63
901,2026-05-12 12:24:20,7,q62,0,7,97,1130,1116,16113,14178,113,142,0,512,0,1658,1495678,0,0,536128288,72074721,315573424,0,0,32557,182,182,0,2963756,2963756,0,0,2963756,32557,14.26,1.13
902,2026-05-12 12:24:22,7,q63,0,6,215,1781,1762,24512,22173,245,319,0,1104,0,2713,2898034,0,0,1028698040,276821053,1209559212,0,0,40394,170,170,0,1760517,1760517,0,0,1760517,40394,13.76,1.78
903,2026-05-12 12:24:25,7,q64,0,55,925,21998,98669,334131,303525,3598,3223,1,8740,0,19148,2334125,0,0,24987243448,745983428,14658482311,0,0,244146938,9192,9192,0,3743414124,3743414124,0,0,3073514394,198417039,15.19,22.0
904,2026-05-12 12:24:49,7,q65,0,11,493,9529,17809,141725,128951,626,790,0,3456,0,11203,1718127,0,0,26092258256,553364655,2423046522,0,0,78176207,4131,4131,0,2448816949,2448816949,0,0,2448816949,78176207,14.87,9.53
905,2026-05-12 12:24:59,7,q66,0,8,263,3046,3846,42715,34562,572,633,0,2081,0,1016,2756437,0,0,17308064128,216155221,2424293011,0,0,3555,237,237,0,1806569,1806569,0,0,1806569,3555,14.02,3.05
906,2026-05-12 12:25:03,7,q67,0,8,273,49120,49228,667250,606720,229,317,0,9133,0,11238,1050192,0,0,48367630584,276821053,1466612325,0,0,103424628,3652,3652,0,3336800830,3336800830,0,0,3336800830,103424628,13.58,49.12
907,2026-05-12 12:25:54,7,q67a,0,16,656,72762,231077,1119652,1039665,1605,1607,0,11796,0,44174,3883639,0,0,186530058992,276821053,1466612325,0,0,526141565,11974,11974,0,24555077502,24555077502,0,0,6491469742,151998125,15.39,72.76
908,2026-05-12 12:27:08,7,q68,0,12,266,4449,5539,66379,50438,187,275,0,2608,0,5966,1355278,0,0,4328788144,279624253,6025486344,0,0,4229984,3609,3609,0,106934347,106934347,0,0,92562834,3259941,14.92,4.45
909,2026-05-12 12:27:13,7,q69,0,11,509,3079,6878,43924,36952,107,368,0,1632,0,11395,1032197,0,0,5967783584,497533188,2092188656,0,0,18050359,6660,6660,0,164087928,164087928,0,0,164087928,18050359,14.27,3.08
910,2026-05-12 12:27:17,7,q70,0,9,427,3781,3722,54644,50731,525,653,0,2430,0,1225,4373833,0,0,12671079344,553161057,2654496366,0,0,5153,340,340,0,396762,396762,0,0,396762,5153,14.45,3.78
911,2026-05-12 12:27:22,7,q70a,0,12,432,3180,3078,44662,40805,531,665,0,2288,0,1242,4362890,0,0,1801541056,553161057,2654496366,0,0,6786,711,711,0,598163,598163,0,0,284989,3618,14.04,3.18
912,2026-05-12 12:27:26,7,q71,0,7,485,3455,3396,49483,40873,553,793,3,3286,0,8026,8799538,0,0,5735755120,492902788,3559128428,0,0,273848,5382,5382,0,17874219,17874219,0,0,10016738,167674,14.32,3.46
913,2026-05-12 12:27:31,7,q72,0,16,436,188218,251895,2672779,2280692,574,716,1,5547,0,384525,13146599,0,0,82523784096,560074108,2492407546,0,0,538047872,38943,38943,0,9134546239,9134546239,0,0,9134546239,538047872,14.2,188.22
914,2026-05-12 12:30:40,7,q73,0,9,253,2261,3383,32309,29546,633,376,2,1360,0,4682,2903323,0,0,1430151184,278624253,2940757178,0,0,4173613,1070,1070,0,138667912,138667912,0,0,71959846,2173613,14.29,2.26
915,2026-05-12 12:30:44,7,q74,0,15,614,27256,103532,427783,397733,600,835,0,7088,0,30770,1374664,0,0,102409803584,350691313,2476002546,0,0,699960358,46749,46749,0,11231554676,11231554676,0,0,5715074874,353418106,15.7,27.26
916,2026-05-12 12:31:12,7,q75,0,20,1069,18812,66192,287553,241275,573,1049,6,10703,0,44170,1050751,0,0,26691595696,1035827598,9273080332,0,0,140054939,8997,8997,0,3077647424,3077647424,0,0,2046922299,89656117,15.29,18.81
917,2026-05-12 12:31:32,7,q76,0,5,474,2981,2935,43660,37400,538,753,0,2378,0,6265,7558527,0,0,38292664928,492816388,3261319648,0,0,64680,2309,2309,0,5664519,5664519,0,0,5664519,64680,14.65,2.98
918,2026-05-12 12:31:36,7,q77,0,14,519,3741,17687,53841,42551,515,681,0,6460,0,7016,2309951,0,0,11013842888,543013652,4282941774,0,0,135253,516,516,0,4971413,4971413,0,0,4971413,135253,14.39,3.74
919,2026-05-12 12:31:41,7,q77a,0,17,524,3754,16909,51284,43389,630,683,0,5075,0,4480,2302985,0,0,8600021784,543013652,4282941774,0,0,113937,409,409,0,4251911,4251911,0,0,4043487,111463,13.66,3.75
920,2026-05-12 12:31:46,7,q78,0,15,727,104036,368084,1634485,536594,1211,1396,0,8076,0,1094182,1820632,0,0,94462501856,543157308,6692666992,0,0,406636630,35301,35301,0,11853610953,11853610953,0,0,11853610953,406636630,15.71,104.04
921,2026-05-12 12:33:31,7,q79,0,8,250,5240,6145,79376,62439,426,479,0,4064,0,8896,2909816,0,0,18048702624,278624253,4933226661,0,0,10980482,3825,3825,0,348947706,348947706,0,0,348947706,10980482,15.15,5.24
922,2026-05-12 12:33:37,7,q80,0,23,683,78400,336262,1239527,282325,1916,2108,4,13667,0,952678,2329306,0,0,54884401176,543515085,7216137350,0,0,265494087,25339,25339,0,8018451546,8018451546,0,0,8018451546,265494087,15.81,78.4
923,2026-05-12 12:34:57,7,q80a,0,26,688,75054,320241,1186912,267929,2121,2185,0,6379,0,931273,2328188,0,0,55356260208,543515085,7216137350,0,0,265493759,24436,24436,0,8017877606,8017877606,0,0,8017655906,265491829,15.81,75.05
924,2026-05-12 12:36:13,7,q81,0,16,161,2548,5992,37416,30712,205,227,0,272,3,4480,713915,0,0,16979243480,33868693,352183541,0,0,18924578,1870,1870,0,365597338,365597338,0,0,365597338,18924578,14.68,2.55
925,2026-05-12 12:36:17,7,q82,0,6,239,19485,28672,239211,126271,103,203,1,1561,0,49911,1020222,0,0,26129011888,687613437,727057642,0,0,291092473,3746,3746,0,332087734,332087734,0,0,332087734,439988162,12.28,19.48
926,2026-05-12 12:36:37,7,q83,0,10,49,1968,4257,20770,13058,56,57,0,33,0,4798,1561496,0,0,3597576128,50821969,195040564,0,0,218975,42,42,0,3139972,3139972,0,0,3139972,218975,10.55,1.97
927,2026-05-12 12:36:41,7,q84,0,9,50,1567,3248,13262,9320,43,45,9,90,0,2337,9713889,0,0,192459840,33729631,128268096,0,0,27798849,40,40,0,145725954,145725954,0,0,145725954,27798849,8.46,1.57
928,2026-05-12 12:36:43,7,q85,0,14,145,6326,40697,93277,42287,227,192,0,4884,0,10373,1649276,0,0,4434954736,84117746,1110086473,0,0,11437258,1702,1702,0,378538837,378538837,0,0,378538837,11437258,14.75,6.33
929,2026-05-12 12:36:51,7,q86,0,5,94,1240,1183,16096,12389,82,112,0,688,0,681,3714241,0,0,7613854520,72278662,377069438,0,0,10004,86,86,0,805158,805158,0,0,805158,10004,12.98,1.24
930,2026-05-12 12:36:53,7,q86a,0,8,99,1057,1003,12498,10995,101,122,0,480,0,1385,3714241,0,0,8018603992,72278662,377069438,0,0,27353,267,267,0,2284009,2284009,0,0,776207,9367,11.82,1.06
931,2026-05-12 12:36:55,7,q87,0,13,589,12777,34980,199450,150276,198,511,0,4116,0,17600,1037228,0,0,23632590968,494612388,2075158426,0,0,120819579,8670,8670,0,1504978680,1504978680,0,0,1400922298,116819579,15.61,12.78
932,2026-05-12 12:37:09,7,q88,0,26,1698,19328,143729,304061,124001,247,1121,2,21612,0,9115,1050293,0,0,5411051520,2304749906,12209079224,0,0,1680,1680,1680,0,99116,99116,0,0,99116,1680,15.73,19.33
933,2026-05-12 12:37:29,7,q89,0,8,292,35492,126710,549581,114616,128,260,0,3088,0,435154,1169934,0,0,5504384688,276821053,1209223304,0,0,268799286,876,876,0,3572840164,3572840164,0,0,3572840164,268799286,15.48,35.49
934,2026-05-12 12:38:06,7,q90,0,8,186,969,1655,14305,7382,8,106,0,0,0,447,449714,0,0,582865920,144185266,854424315,0,0,180,180,180,0,10620,10620,0,0,10620,180,14.76,0.97
935,2026-05-12 12:38:08,7,q91,0,12,46,754,1321,6848,4630,32,44,0,0,0,410,1032836,0,0,2972701352,19398901,149580671,0,0,2192984,310,310,0,46354382,46354382,0,0,46332398,2192843,9.08,0.75
936,2026-05-12 12:38:10,7,q92,0,7,186,1224,2242,16981,13227,80,166,0,1264,0,2356,1243648,0,0,358427024,144280275,758293318,0,0,163546,251,251,0,3429603,3429603,0,0,3429603,163546,13.87,1.22
937,2026-05-12 12:38:12,7,q93,0,6,444,149687,377232,2323191,241855,294,518,0,2544,0,1847037,2969589,0,0,68971117112,316808054,3209224207,0,0,316284326,48411,48411,0,7854501950,7854501950,0,0,7854501950,316284326,15.52,149.69
938,2026-05-12 12:40:43,7,q94,0,8,243,20169,76288,305461,110703,118,233,0,1968,0,191324,1248214,0,0,20788046800,152275688,1423590310,0,0,151171124,9400,9400,0,2985892234,2985892234,0,0,2985892234,151171124,15.15,20.17
939,2026-05-12 12:41:04,7,q95,0,8,293,33419,79550,510440,335415,475,503,0,5752,0,146391,2625400,0,0,57933874400,152275688,1385178022,0,0,367104153,45800,45800,0,4668774194,4668774194,0,0,2769069854,151153209,15.27,33.42
940,2026-05-12 12:41:39,7,q96,0,5,214,1844,1845,27883,14652,14,123,0,0,0,27,1049132,0,0,671166720,288100390,1526220366,0,0,210,210,210,0,12390,12390,0,0,12390,210,15.12,1.84
941,2026-05-12 12:41:42,7,q97,0,5,395,12618,16272,173395,134821,455,529,2,12336,0,7876,1725609,0,0,37867529576,420610775,2023559574,0,0,82744400,5389,5389,0,791069197,791069197,0,0,791069197,82744400,13.74,12.62
942,2026-05-12 12:41:55,7,q98,0,8,275,9877,19361,146345,133950,188,285,8,1840,0,11768,6589863,0,0,30405105528,276820651,1200747652,0,0,275228628,10378,10378,0,2616410107,2616410107,0,0,2612783295,275198085,14.82,9.88
943,2026-05-12 12:42:06,7,q99,0,7,184,2052,2035,30142,26925,238,282,0,384,0,3410,2758759,0,0,8327049528,144067238,607080303,0,0,201162,2101,2101,0,13934745,13934745,0,0,13934745,201162,14.69,2.05
944,2026-05-12 12:42:09,8,q1,0,12,116,2000,3687,28005,24164,131,144,0,928,0,2595,887878,0,0,7451933096,59676673,487102448,0,0,18400127,797,797,0,277423848,277423848,0,0,277423848,18400127,14.0,2.0
945,2026-05-12 12:42:12,8,q2,0,9,273,3365,3303,48648,44754,307,405,0,784,0,3694,2752608,0,0,2187126760,216214884,887732172,0,0,162535,3080,3080,0,13171910,13171910,0,0,4400632,56097,14.46,3.36
946,2026-05-12 12:42:17,8,q3,0,4,213,1207,1196,17287,15801,212,265,0,896,0,616,2313606,0,0,621314024,276820651,1194280020,0,0,933,191,191,0,89346,89346,0,0,89346,933,14.32,1.21
947,2026-05-12 12:42:19,8,q4,0,25,1142,52119,260864,821461,771442,2703,2905,1,11785,0,50733,1493469,0,0,128950631840,771375137,11386512756,0,0,566100624,58580,58580,0,17916612008,17916612008,0,0,10647012313,341212705,15.76,52.12
948,2026-05-12 12:43:13,8,q5,0,11,629,11355,27187,166238,151256,826,1036,0,4624,0,10627,3122564,0,0,9987215640,615033649,4793575814,0,0,79009774,2926,2926,0,1101341350,1101341350,0,0,1101341350,79009774,14.64,11.36
949,2026-05-12 12:43:25,8,q5a,0,14,632,11355,26843,162839,149671,874,1049,0,5904,0,10190,3116243,0,0,10189590736,615033649,4793575814,0,0,78973390,2409,2409,0,1099536543,1099536543,0,0,1099234997,78969956,14.34,11.36
950,2026-05-12 12:43:38,8,q6,0,12,306,12271,27718,183661,176066,256,361,0,1200,0,13339,2210049,0,0,34296832544,280097700,1295493760,0,0,273571140,15028,15028,0,3355003389,3355003389,0,0,3355003389,273571140,14.97,12.27
951,2026-05-12 12:43:51,8,q7,0,13,255,7620,13592,112790,101447,1420,1296,1,3341,0,8289,1561496,0,0,2680880672,278816500,3399692443,0,0,53270195,294,294,0,1773007381,1773007381,0,0,1773007381,53270195,14.8,7.62
952,2026-05-12 12:44:00,8,q8,0,12,259,2026,3686,27844,24741,58,197,0,567,0,1199,1036346,0,0,4998230304,280617053,1341835785,0,0,9745849,218,218,0,91780075,91780075,0,0,91780075,9745849,13.74,2.03
953,2026-05-12 12:44:03,8,q9,0,31,3166,16635,248585,254243,234396,2912,4292,179,12663,0,945,1016260,0,0,0,4320095875,9743519707,0,0,3150,3150,3150,0,198262,198262,0,0,198262,3150,15.28,16.64
954,2026-05-12 12:44:20,8,q10,0,11,509,3130,7214,45298,40198,129,372,0,848,0,9515,1031294,0,0,6208408840,497533188,2092867824,0,0,22980851,6541,6541,0,192210488,192210488,0,0,192210488,22980851,14.47,3.13
955,2026-05-12 12:44:25,8,q10a,0,10,509,2825,4976,40367,34926,94,392,0,1864,0,11277,1906594,0,0,4932103104,497533188,2092867824,0,0,22779154,6877,6877,0,191369627,191369627,0,0,191369627,22779154,14.29,2.82
956,2026-05-12 12:44:29,8,q11,0,15,648,31195,112869,493887,466020,754,962,4,5632,0,29541,1492652,0,0,114155000192,350691313,3082349810,0,0,699960358,52295,52295,0,13511160741,13511160741,0,0,6912643789,353418106,15.83,31.2
957,2026-05-12 12:45:01,8,q12,0,7,117,3526,6627,47840,43232,58,99,0,560,0,5646,437367,0,0,10562963440,72278662,386756478,0,0,72106021,1630,1630,0,762498313,762498313,0,0,762498313,72106021,13.57,3.53
958,2026-05-12 12:45:05,8,q13,0,14,242,4809,13981,73384,53196,1062,1072,0,3264,0,3068,1914208,0,0,1054379680,279625302,6023673570,0,0,740937,200,200,0,23431999,23431999,0,0,23431999,740937,15.26,4.81
959,2026-05-12 12:45:11,8,q14a,0,30,1579,64826,281420,995193,372062,2082,2656,9,48672,0,553136,4664315,0,0,37672989888,1478653164,5351313846,0,0,620284238,6487,6487,0,6689185303,6689185303,0,0,6684601059,620148266,15.35,64.83
960,2026-05-12 12:46:19,8,q14b,0,24,1330,43450,216461,670926,316509,2284,2611,0,6760,0,345019,4664530,0,0,37727552256,1262803525,4200463042,0,0,679784201,6422,6422,0,7311640846,7311640846,0,0,3688640894,404738849,15.44,43.45
961,2026-05-12 12:47:04,8,q14,0,24,1328,41632,215985,642887,307478,2297,2752,1,8080,0,342482,4665390,0,0,36519101808,1262803525,4200463042,0,0,679621830,6182,6182,0,7306798565,7306798565,0,0,3683798613,404576478,15.44,41.63
962,2026-05-12 12:47:47,8,q15,0,7,236,34433,83356,514490,167496,100,203,1,2247,0,333893,805412,0,0,28682234216,147067173,933274306,0,0,288834299,7732,7732,0,3686227013,3686227013,0,0,3686227013,288834299,14.94,34.43
963,2026-05-12 12:48:22,8,q16,0,8,452,46674,215602,735670,211145,609,530,93,108443,0,444741,2496600,0,0,41785807200,303459149,2606978612,0,0,301125284,34700,34700,0,5861095305,5861095305,0,0,5861095305,301125284,15.76,46.67
964,2026-05-12 12:49:10,8,q17,0,10,669,58798,142965,915824,461835,519,793,3,4832,6,451284,13880723,0,0,69086260584,449689837,4064538956,0,0,455396321,69756,69756,0,11468267745,11468267745,0,0,11468267745,455396321,15.58,58.8
965,2026-05-12 12:50:10,8,q18,0,13,332,12337,51524,185138,151352,334,369,2,6784,0,27776,9713889,0,0,11174549592,151112773,2634402049,0,0,159482755,2549,2549,0,6161110944,6161110944,0,0,6161110944,159482755,15.01,12.34
966,2026-05-12 12:50:23,8,q18a,0,23,413,15265,102827,238354,199727,489,573,5,5824,0,35101,9713932,0,0,34000277584,154316773,2652349113,0,0,204535227,9509,9509,0,7817879109,7817879109,0,0,6169707601,160018999,15.61,15.26
967,2026-05-12 12:50:40,8,q19,0,11,270,2742,5026,40235,33394,108,235,0,2224,0,4081,1027553,0,0,5955618328,279821053,2387798858,0,0,11817289,769,769,0,198182340,198182340,0,0,198182340,11817289,14.67,2.74
968,2026-05-12 12:50:44,8,q20,0,7,202,5882,11423,82656,72938,121,194,0,3092,0,7702,808895,0,0,16882665952,144271173,711314762,0,0,143395506,4318,4318,0,1439146061,1439146061,0,0,1439146061,143395506,14.05,5.88
969,2026-05-12 12:50:51,8,q21,0,6,15,2551,2530,18409,16093,16,16,0,395,0,108,131075,0,0,777786456,399607064,539389650,0,0,96170,20,20,0,2678127,2678127,0,0,2678127,96170,7.22,2.55
970,2026-05-12 12:50:54,8,q22,0,7,46,77943,78041,962943,906614,180,69,0,4497,0,1126,320176,0,0,10455113368,399607064,534825717,0,0,80173222,458,458,0,537264163,537264163,0,0,537264163,80173222,12.35,77.94
971,2026-05-12 12:52:13,8,q22a,0,11,71,7101,7921,78133,67088,132,118,0,1823,0,2918,511504,0,0,14714953824,399607064,539447435,0,0,80581076,752,752,0,841025633,841025633,0,0,814117617,80173152,11.0,7.1
972,2026-05-12 12:52:22,8,q23a,0,17,1243,110458,161108,1675017,1148103,1937,2289,9,22507,0,519312,13146642,0,0,202155459224,1059512476,5916138420,0,0,1008995311,77418,77418,0,18750171511,18750171511,0,0,15623673517,809058651,15.16,110.46
973,2026-05-12 12:54:13,8,q23b,0,20,1451,163789,328870,2577512,1156417,2644,2954,31,24229,3,1426590,13146599,0,0,350973028640,1061512476,5928054256,0,0,1402657801,212724,212724,0,25048109558,25048109558,0,0,15669403647,810446977,15.74,163.79
974,2026-05-12 12:56:58,8,q24,0,12,480,64248,302930,1005373,297243,296,515,1,3440,0,703053,3700535,0,0,50812616512,320012401,3498201974,0,0,300409241,46721,46721,0,7392507664,7392507664,0,0,7392507664,300409241,15.65,64.25
975,2026-05-12 12:58:03,8,q24a,0,20,735,104884,478532,1623675,525080,619,897,0,4673,0,1108861,3701008,0,0,107696485856,320216401,3490207736,0,0,611254554,97001,97001,0,15271491918,15271491918,0,0,7915411615,310999280,15.48,104.88
976,2026-05-12 12:59:49,8,q24b,0,21,721,101648,444574,1552930,516797,585,873,22,3239,0,1040093,3700191,0,0,105573251152,320216401,3490207736,0,0,611115102,96804,96804,0,15258561831,15258561831,0,0,7902481528,310859828,15.28,101.65
977,2026-05-12 13:01:32,8,q25,0,10,669,134629,631498,2130940,456528,335,698,1,5520,0,1687563,13880723,0,0,69019054728,449689837,5022536949,0,0,455396296,69739,69739,0,11683973311,11683973311,0,0,11683973311,455396296,15.83,134.63
978,2026-05-12 13:03:48,8,q26,0,9,279,24906,103624,372390,109621,207,312,2,5312,0,259701,2024342,0,0,3165317000,146192973,1860451081,0,0,142864279,664,664,0,4816747990,4816747990,0,0,4816747990,142864279,14.95,24.91
979,2026-05-12 13:04:14,8,q27,0,13,243,5492,10377,81910,60955,1389,1300,3,6738,0,6813,1561496,0,0,1803347080,278815304,3318878579,0,0,6482912,246,246,0,219290535,219290535,0,0,219290535,6482912,14.91,5.49
980,2026-05-12 13:04:20,8,q27a,0,17,280,4861,9730,69742,61729,1732,1477,0,4361,0,5147,1561496,0,0,2904731872,279019706,3319537065,0,0,18952353,428,428,0,630732947,630732947,0,0,213451657,6416555,14.35,4.86
981,2026-05-12 13:04:26,8,q28,0,18,1363,20535,121843,320709,271155,3465,3618,4,8313,0,57286,1136822,0,0,85315520848,1728038328,10599863508,0,0,8006259,20467,20467,0,129161300,129161300,0,0,129161300,8006259,15.62,20.54
982,2026-05-12 13:04:48,8,q29,0,11,670,87864,386990,1382530,463765,358,704,1,4738,2,939136,13880723,0,0,69019478168,449762886,4065018708,0,0,455396359,69770,69770,0,11468274915,11468274915,0,0,11468274915,455396359,15.73,87.86
983,2026-05-12 13:06:17,8,q30,0,16,127,2391,5554,24762,20872,155,165,1,256,0,3386,3485263,0,0,12044940728,19471827,226767890,0,0,10760255,962,962,0,346286453,346286453,0,0,346286453,10760255,10.36,2.39
984,2026-05-12 13:06:20,8,q31,0,24,1016,9922,57953,153217,108987,337,802,3,6670,0,33357,1034304,0,0,19185332656,1046854792,7291306172,0,0,44379154,13091,13091,0,581300689,581300689,0,0,499726797,39497547,15.44,9.92
985,2026-05-12 13:06:31,8,q32,0,7,339,2016,3857,29651,19652,135,302,26,1488,0,4696,1362366,0,0,604500376,288265297,1407409886,0,0,146965,488,488,0,3748576,3748576,0,0,3748576,146965,14.71,2.02
986,2026-05-12 13:06:34,8,q33,0,9,476,3855,8243,56239,37921,508,668,0,3540,0,6872,3477302,0,0,17299313256,494020388,3848139662,0,0,159756,284,284,0,4949230,4949230,0,0,4949230,159756,14.59,3.86
987,2026-05-12 13:06:39,8,q34,0,9,255,2664,3722,38498,29990,297,364,0,2018,0,4585,2905473,0,0,2308057480,278624253,2940757178,0,0,4301953,1483,1483,0,141021076,141021076,0,0,74313010,2301953,14.45,2.66
988,2026-05-12 13:06:43,8,q35,0,12,542,5376,9862,77287,64987,211,460,0,3712,0,13535,1035680,0,0,14022837880,497533188,2091509004,0,0,62628742,7799,7799,0,393313085,393313085,0,0,393313085,62628742,14.38,5.38
989,2026-05-12 13:06:50,8,q35a,0,11,542,5482,7922,79353,60052,227,474,0,3442,0,20258,1899413,0,0,13167200272,497533188,2091509004,0,0,62645069,5827,5827,0,392192799,392192799,0,0,392192799,62645069,14.48,5.48
990,2026-05-12 13:06:56,8,q36,0,6,215,2273,2214,31558,27224,243,330,0,2290,0,1843,3714241,0,0,16308352080,276821053,2312138427,0,0,19641,177,177,0,1747533,1747533,0,0,1747533,19641,13.88,2.27
991,2026-05-12 13:06:59,8,q36a,0,9,220,2552,2518,34644,31117,338,346,0,2400,0,1936,3714241,0,0,15102490112,276821053,2312138427,0,0,52532,534,534,0,4803288,4803288,0,0,1617262,17760,13.58,2.55
992,2026-05-12 13:07:03,8,q37,0,6,195,6503,10092,78653,74393,92,175,0,2654,0,3871,807433,0,0,14049417616,543601173,673803696,0,0,152468755,2992,2992,0,314293728,314293728,0,0,314293728,295975871,12.09,6.5
993,2026-05-12 13:07:11,8,q38,0,13,589,9822,27363,151297,136280,232,520,4,2707,0,16192,1035207,0,0,23632590968,494612388,2075158426,0,0,120819579,8670,8670,0,1504978680,1504978680,0,0,1400922298,116819579,15.4,9.82
994,2026-05-12 13:07:22,8,q39a,0,11,76,4716,8409,61697,54996,234,133,0,736,0,1391,2450413,0,0,5629038712,799010113,1076319780,0,0,4703618,493,493,0,147406910,147406910,0,0,99374934,3173618,13.08,4.72
995,2026-05-12 13:07:27,8,q39b,0,11,75,4135,7848,54912,51754,148,153,0,592,0,761,1036381,0,0,5245587576,799010113,1076319780,0,0,4594459,493,493,0,144357198,144357198,0,0,96325222,3064459,13.28,4.14
996,2026-05-12 13:07:33,8,q40,0,8,256,11836,28095,175206,167745,215,304,0,2000,0,11989,1373737,0,0,23640442248,158669010,1134991444,0,0,157480425,12400,12400,0,3417099735,3417099735,0,0,3417099735,157480425,14.8,11.84
997,2026-05-12 13:07:45,8,q41,0,4,4,178,154,138,138,4,4,0,0,0,12,13527,0,0,269488032,408000,2001597,0,0,292,2,2,0,19225,19225,0,0,19225,292,0.78,0.18
998,2026-05-12 13:07:47,8,q42,0,4,213,1029,1020,14641,14058,217,268,0,0,0,495,2309177,0,0,657507504,276820651,1193956400,0,0,1046,161,161,0,87927,87927,0,0,87927,1046,14.23,1.03
999,2026-05-12 13:07:49,8,q43,0,5,215,2231,2209,32822,29928,242,334,0,1680,0,1642,2311671,0,0,631482688,276617053,1032052902,0,0,20230,340,340,0,2249620,2249620,0,0,2249620,20230,14.71,2.23
1000,2026-05-12 13:07:52,8,q44,0,8,440,2311,2393,33393,29053,386,503,0,1638,0,5615,3432039,0,0,2522336008,576216776,3409464613,0,0,790184,3586,3586,0,17228424,17228424,0,0,8623177,395285,14.45,2.31
1001,2026-05-12 13:07:55,8,q45,0,9,141,8947,19303,116623,106590,90,134,0,2464,0,8540,1561496,0,0,19400735688,75482662,558579478,0,0,146949311,2793,2793,0,2506527416,2506527416,0,0,2506527416,146949311,13.03,8.95
1002,2026-05-12 13:08:05,8,q46,0,12,273,4610,6121,68619,59681,379,424,19,5525,0,7031,5465771,0,0,5719653032,279624253,4944228671,0,0,5222376,3609,3609,0,133607183,133607183,0,0,119235670,4252333,14.88,4.61
1003,2026-05-12 13:08:11,8,q47,0,11,275,4668,5540,67966,60252,421,474,1,1632,0,6100,4610732,0,0,23867335456,276821053,1208887432,0,0,12282561,7417,7417,0,475321542,475321542,0,0,246963388,6373114,14.56,4.67
1004,2026-05-12 13:08:17,8,q48,0,9,242,8021,21884,122856,114960,289,382,19,5148,0,7220,2409909,0,0,1240766720,279537853,3911814554,0,0,42651140,231,231,0,1244533717,1244533717,0,0,1244533717,42651140,15.32,8.02
1005,2026-05-12 13:08:26,8,q49,0,18,587,10854,44683,167695,152970,380,591,1,5824,0,19035,2323170,0,0,9871307648,543011210,6397470143,0,0,151963934,576,576,0,3564397327,3564397327,0,0,3564397327,151963934,15.45,10.85
1006,2026-05-12 13:08:38,8,q50,0,8,442,20326,47602,314175,303888,422,605,0,1504,3,22244,4097976,0,0,62650168048,305491713,2903840434,0,0,292659971,46607,46607,0,6810173101,6810173101,0,0,6810173101,292659971,15.46,20.33
1007,2026-05-12 13:08:59,8,q51,0,10,404,12453,18475,173414,163016,486,607,2,2752,0,14445,1725394,0,0,36501536280,348618264,1227662282,0,0,142655068,5780,5780,0,2331585365,2331585365,0,0,2331585365,142655068,13.93,12.45
1008,2026-05-12 13:09:13,8,q51a,0,14,475,246707,283973,3203130,3157887,811,828,0,22495,0,16764,1726168,0,0,81075701688,348618264,1227662282,0,0,283180156,6973,6973,0,4526611762,4526611762,0,0,3346195613,216786893,12.98,246.71
1009,2026-05-12 13:13:21,8,q52,0,4,213,1110,1100,15764,14340,247,262,0,608,0,643,2309650,0,0,657507504,276820651,1194284080,0,0,1821,161,161,0,172783,172783,0,0,172783,1821,14.2,1.11
1010,2026-05-12 13:13:23,8,q53,0,6,215,1767,1747,24563,22376,291,322,0,1310,0,1718,2897905,0,0,961654736,276821053,1209620652,0,0,21278,170,170,0,1034649,1034649,0,0,1034649,21278,13.9,1.77
1011,2026-05-12 13:13:26,8,q54,0,17,576,14052,39464,212040,200089,333,607,3,4555,0,19632,1914351,0,0,37588452808,496035937,3080083758,0,0,291951373,17264,17264,0,4425213652,4425213652,0,0,4425213652,291951373,15.09,14.05
1012,2026-05-12 13:13:41,8,q55,0,4,213,1179,1166,16777,15605,215,263,0,512,0,589,2309736,0,0,1194378224,276820651,1194284080,0,0,1860,162,162,0,166535,166535,0,0,166535,1860,14.23,1.18
1013,2026-05-12 13:13:43,8,q56,0,9,476,3622,7849,53131,43893,637,669,0,4610,0,3767,3484999,0,0,13428967776,494020388,3848602510,0,0,30815,407,407,0,1444190,1444190,0,0,1444190,30815,14.67,3.62
1014,2026-05-12 13:13:48,8,q57,0,11,242,3707,4937,53318,46696,405,413,0,2134,0,5997,4610732,0,0,21643326304,144271203,657121158,0,0,14728549,6386,6386,0,596895221,596895221,0,0,313105890,7710681,14.38,3.71
1015,2026-05-12 13:13:53,8,q58,0,11,479,3474,9090,49839,42723,607,663,30,2687,0,9800,3448730,0,0,10974193024,492962486,2276055112,0,0,305693,1070,1070,0,8905204,8905204,0,0,8905204,305693,14.35,3.47
1016,2026-05-12 13:13:57,8,q59,0,10,251,6282,6755,85428,78981,287,354,0,2831,0,6462,1736488,0,0,17413596416,276763553,1032373206,0,0,14796758,7004,7004,0,605141006,605141006,0,0,303491101,7471744,13.6,6.28
1017,2026-05-12 13:14:05,8,q60,0,9,476,3329,6911,47507,40422,579,695,42,4343,0,4580,3478549,0,0,15417123680,494020388,3848536974,0,0,115501,283,283,0,4041705,4041705,0,0,4041705,115501,14.27,3.33
1018,2026-05-12 13:14:09,8,q61,0,12,465,4895,9922,75614,64153,167,413,0,4078,0,5410,1854368,0,0,7139097264,556365655,5117194674,0,0,11321881,3808,3808,0,164829319,164829319,0,0,144547322,9321881,15.45,4.89
1019,2026-05-12 13:14:15,8,q62,0,7,97,1154,1139,16258,14726,114,137,0,0,0,1567,1494904,0,0,536128288,72074721,315573424,0,0,32557,182,182,0,2963756,2963756,0,0,2963756,32557,14.09,1.15
1020,2026-05-12 13:14:17,8,q63,0,6,215,1795,1779,24867,22585,251,328,0,1312,0,2302,2898034,0,0,1028698040,276821053,1209559212,0,0,40394,170,170,0,1760517,1760517,0,0,1760517,40394,13.85,1.8
1021,2026-05-12 13:14:20,8,q64,0,55,925,21413,94037,322193,299504,3524,3231,2,6848,0,19012,2334168,0,0,24987243448,745983428,14658482311,0,0,244146938,9192,9192,0,3743414124,3743414124,0,0,3073514394,198417039,15.05,21.41
1022,2026-05-12 13:14:43,8,q65,0,11,493,9166,17125,134507,126794,584,780,0,2944,0,10241,1717912,0,0,26092258256,553364655,2423046522,0,0,78176207,4131,4131,0,2448816949,2448816949,0,0,2448816949,78176207,14.67,9.17
1023,2026-05-12 13:14:53,8,q66,0,8,263,3170,4132,43948,36316,633,652,0,1666,0,932,2755835,0,0,17308064128,216155221,2424293011,0,0,3555,237,237,0,1806569,1806569,0,0,1806569,3555,13.86,3.17
1024,2026-05-12 13:14:57,8,q67,0,8,273,48520,48637,654888,607585,232,320,0,10054,0,10253,1049633,0,0,48367630584,276821053,1466612325,0,0,103424628,3652,3652,0,3336800830,3336800830,0,0,3336800830,103424628,13.5,48.52
1025,2026-05-12 13:15:47,8,q67a,0,16,656,70619,219138,1090233,1055629,1642,1593,0,10162,4,27183,3883682,0,0,186530058992,276821053,1466612325,0,0,526141565,11974,11974,0,24555077502,24555077502,0,0,6491469742,151998125,15.44,70.62
1026,2026-05-12 13:16:59,8,q68,0,12,266,3935,5257,58369,51624,247,323,4,2352,0,5709,1355278,0,0,4328788144,279624253,6025486344,0,0,4229984,3609,3609,0,106934347,106934347,0,0,92562834,3259941,14.83,3.94
1027,2026-05-12 13:17:04,8,q69,0,11,509,2977,6619,42669,35712,91,366,3,1976,0,11172,1031896,0,0,5967783584,497533188,2092188656,0,0,18050359,6660,6660,0,164087928,164087928,0,0,164087928,18050359,14.33,2.98
1028,2026-05-12 13:17:08,8,q70,0,9,427,4111,4045,60408,55357,533,644,0,2135,0,1309,4373704,0,0,12671079344,553161057,2654496366,0,0,5153,340,340,0,396762,396762,0,0,396762,5153,14.69,4.11
1029,2026-05-12 13:17:13,8,q70a,0,12,432,3268,3163,46283,41962,494,673,0,2805,0,1327,4362847,0,0,1801541056,553161057,2654496366,0,0,6786,711,711,0,598163,598163,0,0,284989,3618,14.16,3.27
1030,2026-05-12 13:17:17,8,q71,0,7,485,3284,3219,46787,39629,575,788,0,2992,0,6976,8798377,0,0,5735755120,492902788,3559128428,0,0,273848,5382,5382,0,17873679,17873679,0,0,10016198,167674,14.25,3.28
1031,2026-05-12 13:17:22,8,q72,0,16,436,200093,249922,2749136,2287597,547,705,2,20304,0,436668,13146599,0,0,82523784096,560074108,2492407546,0,0,538047872,38943,38943,0,9134546239,9134546239,0,0,9134546239,538047872,13.74,200.09
1032,2026-05-12 13:20:43,8,q73,0,9,253,2374,3501,34155,29461,317,383,0,1054,0,5472,2902549,0,0,1430151184,278624253,2940757178,0,0,4173613,1070,1070,0,138667912,138667912,0,0,71959846,2173613,14.39,2.37
1033,2026-05-12 13:20:46,8,q74,0,15,614,28240,95672,443588,407368,599,844,0,5166,0,27787,1374578,0,0,102409803584,350691313,2476002546,0,0,699960358,46749,46749,0,11231554676,11231554676,0,0,5715074874,353418106,15.71,28.24
1034,2026-05-12 13:21:16,8,q75,0,20,1069,17896,62315,275258,234328,617,1023,4,11068,0,35659,1051783,0,0,26691595696,1035827598,9273080332,0,0,140054939,8997,8997,0,3077647424,3077647424,0,0,2046922299,89656117,15.38,17.9
1035,2026-05-12 13:21:35,8,q76,0,5,474,3211,3169,46967,37606,720,763,8,4441,0,8464,7564160,0,0,38292664928,492816388,3261319648,0,0,64680,2309,2309,0,5664519,5664519,0,0,5664519,64680,14.63,3.21
1036,2026-05-12 13:21:39,8,q77,0,14,519,4201,20190,60802,44887,656,733,22,6026,0,8730,2317218,0,0,11013842888,543013652,4282941774,0,0,135253,516,516,0,4971413,4971413,0,0,4971413,135253,14.47,4.2
1037,2026-05-12 13:21:44,8,q77a,0,17,524,3668,17000,50319,42238,631,712,0,4833,0,5094,2303974,0,0,8600021784,543013652,4282941774,0,0,113937,409,409,0,4251911,4251911,0,0,4043487,111463,13.72,3.67
1038,2026-05-12 13:21:49,8,q78,0,15,727,95573,330631,1500832,561603,1201,1396,8,7939,0,901505,1820288,0,0,94462501856,543157308,6692666992,0,0,406636630,35301,35301,0,11853610953,11853610953,0,0,11853610953,406636630,15.7,95.57
1039,2026-05-12 13:23:26,8,q79,0,8,250,5693,6523,85473,60038,387,450,0,2255,0,6975,2903366,0,0,18048702624,278624253,4933226661,0,0,10980482,3825,3825,0,348947706,348947706,0,0,348947706,10980482,15.01,5.69
1040,2026-05-12 13:23:33,8,q80,0,23,683,63715,268118,1004167,285948,1841,2068,0,6352,0,710602,2328188,0,0,54884401176,543515085,7216137350,0,0,265494087,25339,25339,0,8018451546,8018451546,0,0,8018451546,265494087,15.76,63.72
1041,2026-05-12 13:24:38,8,q80a,0,26,688,79940,344364,1264343,264754,2169,2150,0,6672,0,1011047,2328188,0,0,55356260208,543515085,7216137350,0,0,265493759,24436,24436,0,8017877606,8017877606,0,0,8017655906,265491829,15.82,79.94
1042,2026-05-12 13:25:59,8,q81,0,16,161,2798,7727,41339,30072,219,227,0,608,0,8249,713915,0,0,16979243480,33868693,352183541,0,0,18924578,1870,1870,0,365597338,365597338,0,0,365597338,18924578,14.77,2.8
1043,2026-05-12 13:26:03,8,q82,0,6,239,10770,16080,135929,119427,106,213,0,1110,0,8620,1020136,0,0,26129011888,687613437,727057642,0,0,291092473,3746,3746,0,332087734,332087734,0,0,332087734,439988162,12.62,10.77
1044,2026-05-12 13:26:15,8,q83,0,10,49,1102,2616,12724,9932,51,58,0,416,0,1214,1561496,0,0,3597576128,50821969,195040564,0,0,218975,42,42,0,3139972,3139972,0,0,3139972,218975,11.55,1.1
1045,2026-05-12 13:26:17,8,q84,0,9,50,1354,2929,11331,9674,54,43,0,416,0,807,9713760,0,0,192459840,33729631,128268096,0,0,27798849,40,40,0,145725954,145725954,0,0,145725954,27798849,8.37,1.35
1046,2026-05-12 13:26:19,8,q85,0,14,145,4612,27908,65782,39142,151,166,32,4726,0,13023,1649276,0,0,4434954736,84117746,1110086473,0,0,11437258,1702,1702,0,378538837,378538837,0,0,378538837,11437258,14.26,4.61
1047,2026-05-12 13:26:25,8,q86,0,5,94,1094,1039,14139,12660,102,123,0,0,0,900,3714241,0,0,7613854520,72278662,377069438,0,0,10004,86,86,0,805158,805158,0,0,805158,10004,12.92,1.09
1048,2026-05-12 13:26:27,8,q86a,0,8,99,2291,2234,31560,11291,491,146,9,720,0,3026,3714241,0,0,8018603992,72278662,377069438,0,0,27353,267,267,0,2284009,2284009,0,0,776207,9367,13.78,2.29
1049,2026-05-12 13:26:31,8,q87,0,13,589,10618,28572,161259,141885,183,502,2,1891,0,15575,1033444,0,0,23632590968,494612388,2075158426,0,0,120819579,8670,8670,0,1504978680,1504978680,0,0,1400922298,116819579,15.19,10.62
1050,2026-05-12 13:26:42,8,q88,0,26,1698,9705,68300,150265,125489,153,1154,0,13728,0,263,1050250,0,0,5411051520,2304749906,12209079224,0,0,1680,1680,1680,0,99116,99116,0,0,99116,1680,15.48,9.7
1051,2026-05-12 13:26:53,8,q89,0,8,292,29099,51713,442395,110988,110,251,0,4720,0,326694,1169805,0,0,5504384688,276821053,1209223304,0,0,268799286,876,876,0,3572840164,3572840164,0,0,3572840164,268799286,15.2,29.1
1052,2026-05-12 13:27:23,8,q90,0,8,186,694,1084,9872,7758,14,115,0,0,0,26,449800,0,0,582865920,144185266,854424315,0,0,180,180,180,0,10620,10620,0,0,10620,180,14.22,0.69
1053,2026-05-12 13:27:25,8,q91,0,12,46,669,1379,8054,7008,35,46,0,0,0,415,1032836,0,0,2972701352,19398901,149580671,0,0,2192984,310,310,0,46354382,46354382,0,0,46332398,2192843,12.04,0.67
1054,2026-05-12 13:27:27,8,q92,0,7,186,1325,2468,18658,14905,81,163,0,1264,0,3120,1243648,0,0,358427024,144280275,758293318,0,0,163546,251,251,0,3429603,3429603,0,0,3429603,163546,14.08,1.32
1055,2026-05-12 13:27:29,8,q93,0,6,444,89969,238396,1424243,267345,291,492,0,5936,0,1116246,2971610,0,0,68971117112,316808054,3209224207,0,0,316284326,48411,48411,0,7854501950,7854501950,0,0,7854501950,316284326,15.83,89.97
1056,2026-05-12 13:29:00,8,q94,0,8,243,25479,98433,390576,111585,103,222,0,2624,0,258526,1248214,0,0,20788046800,152275688,1423590310,0,0,151171124,9400,9400,0,2985892234,2985892234,0,0,2985892234,151171124,15.33,25.48
1057,2026-05-12 13:29:27,8,q95,0,8,293,47096,152504,725461,326496,492,484,0,4204,0,379637,2625400,0,0,57933874400,152275688,1385178022,0,0,367104153,45800,45800,0,4668774194,4668774194,0,0,2769069854,151153209,15.4,47.1
1058,2026-05-12 13:30:15,8,q96,0,5,214,1257,1254,18780,17202,23,148,0,1232,0,32,1050207,0,0,671166720,288100390,1526220366,0,0,210,210,210,0,12390,12390,0,0,12390,210,14.94,1.26
1059,2026-05-12 13:30:17,8,q97,0,5,395,11286,13744,151333,142039,393,539,0,1264,0,7378,1723760,0,0,37867529576,420610775,2023559574,0,0,82744400,5389,5389,0,791069197,791069197,0,0,791069197,82744400,13.41,11.29
1060,2026-05-12 13:30:29,8,q98,0,8,275,27755,71001,427684,120300,117,248,4,2448,0,290029,6589863,0,0,30405105528,276820651,1200747652,0,0,275228628,10378,10378,0,2616410107,2616410107,0,0,2612783295,275198085,15.41,27.76
1061,2026-05-12 13:30:58,8,q99,0,7,184,2022,2005,29892,26550,245,268,0,400,0,3091,2757684,0,0,8327049528,144067238,607080303,0,0,201162,2101,2101,0,13934745,13934745,0,0,13934745,201162,14.78,2.02
1062,2026-05-12 13:31:01,9,q1,0,12,116,2072,3684,28986,23070,138,146,0,848,0,3188,887878,0,0,7451933096,59676673,487102448,0,0,18400127,797,797,0,277423848,277423848,0,0,277423848,18400127,13.99,2.07
1063,2026-05-12 13:31:05,9,q2,0,9,273,3513,3455,50945,45170,298,401,0,1040,0,3778,2752350,0,0,2187126760,216214884,887732172,0,0,162535,3080,3080,0,13171910,13171910,0,0,4400632,56097,14.5,3.51
1064,2026-05-12 13:31:09,9,q3,0,4,213,1165,1153,16912,15357,208,259,0,0,0,538,2312703,0,0,621314024,276820651,1194280020,0,0,933,191,191,0,89346,89346,0,0,89346,933,14.52,1.16
1065,2026-05-12 13:31:11,9,q4,0,25,1142,123840,557179,1971450,683480,2010,2344,3,10208,0,1222645,1493469,0,0,128950631840,771375137,11386512756,0,0,566100624,58580,58580,0,17916612008,17916612008,0,0,10647012313,341212705,15.92,123.84
1066,2026-05-12 13:33:16,9,q5,0,11,629,17269,40283,260082,136696,624,907,0,4368,0,90565,3122736,0,0,9987215640,615033649,4793575814,0,0,79009774,2926,2926,0,1101341350,1101341350,0,0,1101341350,79009774,15.06,17.27
1067,2026-05-12 13:33:35,9,q5a,0,14,632,12086,28712,179149,142522,698,930,0,5008,0,13541,3115254,0,0,10189590736,615033649,4793575814,0,0,78973390,2409,2409,0,1099536543,1099536543,0,0,1099234997,78969956,14.82,12.09
1068,2026-05-12 13:33:48,9,q6,0,12,306,33462,110007,519106,158562,152,305,0,1552,0,351469,2209361,0,0,34296832544,280097700,1295493760,0,0,273571140,15028,15028,0,3355003389,3355003389,0,0,3355003389,273571140,15.51,33.46
1069,2026-05-12 13:34:23,9,q7,0,13,255,12576,22787,181335,83905,1147,1134,0,3168,0,85380,1561496,0,0,2680880672,278816500,3399692443,0,0,53270195,294,294,0,1773007381,1773007381,0,0,1773007381,53270195,14.42,12.58
1070,2026-05-12 13:34:36,9,q8,0,12,259,2353,4911,31363,24068,69,204,1,544,0,3643,1037335,0,0,4998230304,280617053,1341835785,0,0,9745849,218,218,0,91780075,91780075,0,0,91780075,9745849,13.33,2.35
1071,2026-05-12 13:34:40,9,q9,0,31,3166,16546,247469,253136,233807,3142,4446,7,11517,0,1038,1015658,0,0,0,4320095875,9743519707,0,0,3150,3150,3150,0,198262,198262,0,0,198262,3150,15.3,16.55
1072,2026-05-12 13:34:57,9,q10,0,11,509,3129,7080,45054,39442,83,367,0,1095,0,9879,1031466,0,0,6208408840,497533188,2092867824,0,0,22980851,6541,6541,0,192210488,192210488,0,0,192210488,22980851,14.4,3.13
1073,2026-05-12 13:35:02,9,q10a,0,10,509,2752,4910,39488,35014,87,397,0,1104,0,10641,1905691,0,0,4932103104,497533188,2092867824,0,0,22779154,6877,6877,0,191369627,191369627,0,0,191369627,22779154,14.35,2.75
1074,2026-05-12 13:35:05,9,q11,0,15,648,95804,275193,1527407,447802,569,853,241,7184,0,857944,1491921,0,0,114155000192,350691313,3082349810,0,0,699960358,52295,52295,0,13511160741,13511160741,0,0,6912643789,353418106,15.94,95.8
1075,2026-05-12 13:36:42,9,q12,0,7,117,3691,6801,50638,45459,58,96,0,0,0,5682,436507,0,0,10562963440,72278662,386756478,0,0,72106021,1630,1630,0,762498313,762498313,0,0,762498313,72106021,13.72,3.69
1076,2026-05-12 13:36:47,9,q13,0,14,242,29936,88630,471106,45580,950,911,199,5760,0,25446,1914208,0,0,1054379680,279625302,6023673570,0,0,740937,200,200,0,23431999,23431999,0,0,23431999,740937,15.74,29.94
1077,2026-05-12 13:37:18,9,q14a,0,30,1579,67729,306986,1036673,381906,2776,3032,5,42315,0,613403,4666551,0,0,37672989888,1478653164,5351313846,0,0,620284238,6487,6487,0,6689185303,6689185303,0,0,6684601059,620148266,15.31,67.73
1078,2026-05-12 13:38:29,9,q14b,0,24,1330,57060,309626,879365,316690,2431,2736,2,9206,0,521176,4666680,0,0,37727552256,1262803525,4200463042,0,0,679784201,6422,6422,0,7311640846,7311640846,0,0,3688640894,404738849,15.41,57.06
1079,2026-05-12 13:39:27,9,q14,0,24,1328,37581,144879,579766,308368,2628,2942,4,10423,0,239918,4666809,0,0,36519101808,1262803525,4200463042,0,0,679621830,6182,6182,0,7306798565,7306798565,0,0,3683798613,404576478,15.43,37.58
1080,2026-05-12 13:40:06,9,q15,0,7,236,44212,59816,571801,201256,125,217,0,2288,0,350532,807132,0,0,28682234216,147067173,933274306,0,0,288834299,7732,7732,0,3686227013,3686227013,0,0,3686227013,288834299,12.93,44.21
1081,2026-05-12 13:40:51,9,q16,0,8,452,64318,302458,1010145,195055,371,536,0,8016,0,794590,2495052,0,0,41785807200,303459149,2606978612,0,0,301125284,34700,34700,0,5861095305,5861095305,0,0,5861095305,301125284,15.71,64.32
1082,2026-05-12 13:41:57,9,q17,0,10,669,148705,693021,2357993,438654,307,670,1,3552,0,1823417,13880723,0,0,69086260584,449689837,4064538956,0,0,455396321,69756,69756,0,11468267745,11468267745,0,0,11468267745,455396321,15.86,148.71
1083,2026-05-12 13:44:27,9,q18,0,13,332,40526,251145,627074,136337,306,315,0,3536,0,488248,9713760,0,0,11174549592,151112773,2634402049,0,0,159482755,2549,2549,0,6161110944,6161110944,0,0,6161110944,159482755,15.47,40.53
1084,2026-05-12 13:45:08,9,q18a,0,23,413,38678,333358,606423,160584,373,532,1,4272,0,450456,9713803,0,0,34000277584,154316773,2652349113,0,0,204535227,9509,9509,0,7817879109,7817879109,0,0,6169707601,160018999,15.68,38.68
1085,2026-05-12 13:45:48,9,q19,0,11,270,2847,5322,41914,29893,91,218,0,480,0,4006,1026263,0,0,5955618328,279821053,2387798858,0,0,11817289,769,769,0,198182340,198182340,0,0,198182340,11817289,14.72,2.85
1086,2026-05-12 13:45:52,9,q20,0,7,202,5833,11903,82078,71639,75,169,0,2224,0,10165,806186,0,0,16882665952,144271173,711314762,0,0,143395506,4318,4318,0,1439146061,1439146061,0,0,1439146061,143395506,14.07,5.83
1087,2026-05-12 13:45:59,9,q21,0,6,15,2500,2493,19109,16675,14,15,0,153,0,105,131075,0,0,777786456,399607064,539389650,0,0,96170,20,20,0,2678127,2678127,0,0,2678127,96170,7.64,2.5
1088,2026-05-12 13:46:02,9,q22,0,7,46,75402,75524,883902,872182,160,66,0,2854,0,4271,320176,0,0,10455113368,399607064,534825717,0,0,80173222,458,458,0,537264163,537264163,0,0,537264163,80173222,11.72,75.4
1089,2026-05-12 13:47:19,9,q22a,0,11,71,6845,7546,70923,67322,113,117,0,512,0,2934,511504,0,0,14714953824,399607064,539447435,0,0,80581076,752,752,0,841025633,841025633,0,0,814117617,80173152,10.36,6.84
1090,2026-05-12 13:47:27,9,q23a,0,17,1243,80781,139019,1249068,1190335,2183,2383,6,15230,0,59301,13146642,0,0,202155459224,1059512476,5916138420,0,0,1008995311,77418,77418,0,18750171511,18750171511,0,0,15623673517,809058651,15.46,80.78
1091,2026-05-12 13:48:49,9,q23b,0,20,1451,114492,208786,1796260,1326815,2413,2867,4,15359,0,444435,13146599,0,0,350973028640,1061512476,5928054256,0,0,1402657801,212724,212724,0,25048109558,25048109558,0,0,15669403647,810446977,15.69,114.49
1092,2026-05-12 13:50:44,9,q24,0,12,480,67258,326067,1054776,295945,332,549,3,3392,3,737999,3699847,0,0,50812616512,320012401,3498201974,0,0,300409241,46721,46721,0,7392507664,7392507664,0,0,7392507664,300409241,15.68,67.26
1093,2026-05-12 13:51:53,9,q24a,0,20,735,93169,407314,1442661,530862,568,873,1,3552,0,897590,3699718,0,0,107696485856,320216401,3490207736,0,0,611254554,97001,97001,0,15271491918,15271491918,0,0,7915411615,310999280,15.48,93.17
1094,2026-05-12 13:53:27,9,q24b,0,21,721,98509,451146,1539419,514644,579,866,0,2875,0,1022457,3699804,0,0,105573251152,320216401,3490207736,0,0,611115102,96804,96804,0,15258561831,15258561831,0,0,7902481528,310859828,15.63,98.51
1095,2026-05-12 13:55:07,9,q25,0,10,669,110592,461770,1743918,454308,349,693,1,4528,0,1262457,13880723,0,0,69019054728,449689837,5022536949,0,0,455396296,69739,69739,0,11683973311,11683973311,0,0,11683973311,455396296,15.77,110.59
1096,2026-05-12 13:56:58,9,q26,0,9,279,30024,128631,437308,108365,177,307,98,2912,0,322468,2024299,0,0,3165317000,146192973,1860451081,0,0,142864279,664,664,0,4816747990,4816747990,0,0,4816747990,142864279,14.57,30.02
1097,2026-05-12 13:57:30,9,q27,0,13,243,5264,9939,77764,60064,1320,1294,0,3182,0,5430,1561496,0,0,1803347080,278815304,3318878579,0,0,6482912,246,246,0,219290535,219290535,0,0,219290535,6482912,14.77,5.26
1098,2026-05-12 13:57:36,9,q27a,0,17,280,4717,9391,68832,62099,1736,1511,0,3376,0,5057,1561496,0,0,2904731872,279019706,3319537065,0,0,18952353,428,428,0,630732947,630732947,0,0,213451657,6416555,14.59,4.72
1099,2026-05-12 13:57:42,9,q28,0,18,1363,19026,112845,295432,268510,4189,4230,30,6550,0,46555,1134543,0,0,85315520848,1728038328,10599863508,0,0,8006259,20467,20467,0,129161300,129161300,0,0,129161300,8006259,15.53,19.03
1100,2026-05-12 13:58:02,9,q29,0,11,670,118211,574845,1866805,448620,322,689,2,8084,0,1394013,13880723,0,0,69019478168,449762886,4065018708,0,0,455396359,69770,69770,0,11468274915,11468274915,0,0,11468274915,455396359,15.79,118.21
1101,2026-05-12 14:00:01,9,q30,0,16,127,2899,7919,31886,23152,149,159,0,450,0,5546,3485263,0,0,12044940728,19471827,226767890,0,0,10760255,962,962,0,346286453,346286453,0,0,346286453,10760255,11.0,2.9
1102,2026-05-12 14:00:05,9,q31,0,25,1017,9735,55857,150504,105251,270,783,0,5171,0,24086,1032971,0,0,18849264168,1046854792,7291306172,0,0,44349624,13076,13076,0,580433179,580433179,0,0,499796212,39498473,15.46,9.74
1103,2026-05-12 14:00:16,9,q32,0,7,339,2646,4959,37547,20105,126,298,0,608,0,4710,1361291,0,0,604500376,288265297,1407409886,0,0,146965,488,488,0,3748576,3748576,0,0,3748576,146965,14.19,2.65
1104,2026-05-12 14:00:20,9,q33,0,9,476,3538,7737,51033,40633,488,675,0,3726,0,6942,3475926,0,0,17299313256,494020388,3848139662,0,0,159756,284,284,0,4949230,4949230,0,0,4949230,159756,14.42,3.54
1105,2026-05-12 14:00:24,9,q34,0,9,255,3811,4913,57071,31001,290,361,0,5321,0,4827,2904054,0,0,2308057480,278624253,2940757178,0,0,4301953,1483,1483,0,141021076,141021076,0,0,74313010,2301953,14.98,3.81
1106,2026-05-12 14:00:29,9,q35,0,12,542,5480,9915,78664,68185,292,452,2,2240,0,13314,1033874,0,0,14022837880,497533188,2091509004,0,0,62628742,7799,7799,0,393313085,393313085,0,0,393313085,62628742,14.35,5.48
1107,2026-05-12 14:00:36,9,q35a,0,11,542,4739,6989,66514,55949,169,468,0,752,0,13324,1898940,0,0,13167200272,497533188,2091509004,0,0,62645069,5827,5827,0,392192799,392192799,0,0,392192799,62645069,14.04,4.74
1108,2026-05-12 14:00:42,9,q36,0,6,215,2737,2667,38894,30056,243,323,2,2992,0,2579,3714241,0,0,16308352080,276821053,2312138427,0,0,19641,177,177,0,1747533,1747533,0,0,1747533,19641,14.21,2.74
1109,2026-05-12 14:00:45,9,q36a,0,9,220,3601,3322,47048,25085,270,355,3,19486,0,4149,3714241,0,0,15102490112,276821053,2312138427,0,0,52532,534,534,0,4803288,4803288,0,0,1617262,17760,13.07,3.6
1110,2026-05-12 14:00:50,9,q37,0,6,195,7011,10526,78247,69794,117,164,0,2297,0,3616,806229,0,0,14049417616,543601173,673803696,0,0,152468755,2992,2992,0,314293728,314293728,0,0,314293728,295975871,11.16,7.01
1111,2026-05-12 14:00:58,9,q38,0,13,589,11387,31116,175788,139737,374,513,558,6608,0,13598,1034691,0,0,23632590968,494612388,2075158426,0,0,120819579,8670,8670,0,1504978680,1504978680,0,0,1400922298,116819579,15.44,11.39
1112,2026-05-12 14:01:11,9,q39a,0,11,76,4921,8973,66443,48950,177,139,0,464,0,1314,2450413,0,0,5629038712,799010113,1076319780,0,0,4703618,493,493,0,147406910,147406910,0,0,99374934,3173618,13.5,4.92
1113,2026-05-12 14:01:17,9,q39b,0,11,75,4569,8434,59464,50882,349,139,0,1800,0,854,1036381,0,0,5245587576,799010113,1076319780,0,0,4594459,493,493,0,144357198,144357198,0,0,96325222,3064459,13.01,4.57
1114,2026-05-12 14:01:22,9,q40,0,8,256,42782,166445,662038,155447,227,257,309,14624,0,462885,1373092,0,0,23640442248,158669010,1134991444,0,0,157480425,12400,12400,0,3417099735,3417099735,0,0,3417099735,157480425,15.47,42.78
1115,2026-05-12 14:02:06,9,q41,0,4,4,179,154,142,139,3,3,0,0,0,11,13527,0,0,269488032,408000,2001597,0,0,292,2,2,0,19225,19225,0,0,19225,292,0.79,0.18
1116,2026-05-12 14:02:07,9,q42,0,4,213,1692,1684,24831,11643,118,224,0,272,0,430,2305780,0,0,657507504,276820651,1193956400,0,0,1046,161,161,0,87927,87927,0,0,87927,1046,14.68,1.69
1117,2026-05-12 14:02:10,9,q43,0,5,215,2546,2524,37861,28160,191,295,0,1392,0,1451,2308532,0,0,631482688,276617053,1032052902,0,0,20230,340,340,0,2249620,2249620,0,0,2249620,20230,14.87,2.55
1118,2026-05-12 14:02:14,9,q44,0,8,440,4346,4449,62492,24790,178,414,0,3184,0,10050,3432039,0,0,2522336008,576216776,3409464613,0,0,790184,3586,3586,0,17228424,17228424,0,0,8623177,395285,14.38,4.35
1119,2026-05-12 14:02:19,9,q45,0,9,141,19329,35667,263323,90728,89,128,0,1172,0,136402,1561496,0,0,19400735688,75482662,558579478,0,0,146949311,2793,2793,0,2506527416,2506527416,0,0,2506527416,146949311,13.62,19.33
1120,2026-05-12 14:02:40,9,q46,0,12,273,6478,8135,98094,50482,169,278,6,2608,0,12546,5465771,0,0,5719653032,279624253,4944228671,0,0,5222376,3609,3609,0,133607183,133607183,0,0,119235670,4252333,15.14,6.48
1121,2026-05-12 14:02:47,9,q47,0,11,275,4508,5454,65866,60806,408,476,0,1520,0,5759,4610732,0,0,23867335456,276821053,1208887432,0,0,12282561,7417,7417,0,475321542,475321542,0,0,246963388,6373114,14.61,4.51
1122,2026-05-12 14:02:53,9,q48,0,9,242,8931,23468,128972,112503,175,274,0,4912,0,8748,2409866,0,0,1240766720,279537853,3911814554,0,0,42651140,231,231,0,1244533717,1244533717,0,0,1244533717,42651140,14.44,8.93
1123,2026-05-12 14:03:03,9,q49,0,18,587,28628,120911,450597,124831,164,482,2,6752,0,278585,2323170,0,0,9871307648,543011210,6397470143,0,0,151963934,576,576,0,3564397327,3564397327,0,0,3564397327,151963934,15.74,28.63
1124,2026-05-12 14:03:33,9,q50,0,8,442,78010,303376,1236241,275904,347,539,0,2192,0,932685,4099352,0,0,62650168048,305491713,2903840434,0,0,292659971,46607,46607,0,6810173101,6810173101,0,0,6810173101,292659971,15.85,78.01
1125,2026-05-12 14:04:52,9,q51,0,10,404,21906,30472,317441,147716,531,615,0,2080,0,170082,1725265,0,0,36501536280,348618264,1227662282,0,0,142655068,5780,5780,0,2331585365,2331585365,0,0,2331585365,142655068,14.49,21.91
1126,2026-05-12 14:05:15,9,q51a,0,14,475,252791,296554,3286224,3152003,723,785,2,22101,0,79503,1725480,0,0,81075701688,348618264,1227662282,0,0,283180156,6973,6973,0,4526611762,4526611762,0,0,3346195613,216786893,13.0,252.79
1127,2026-05-12 14:09:29,9,q52,0,4,213,1239,1230,17771,14887,194,257,0,464,0,522,2309134,0,0,657507504,276820651,1194284080,0,0,1821,161,161,0,172783,172783,0,0,172783,1821,14.34,1.24
1128,2026-05-12 14:09:31,9,q53,0,6,215,1814,1795,24972,22968,245,314,0,1243,0,1442,2897002,0,0,961654736,276821053,1209620652,0,0,21278,170,170,0,1034649,1034649,0,0,1034649,21278,13.77,1.81
1129,2026-05-12 14:09:34,9,q54,0,17,576,14848,41633,223235,205164,276,579,0,2928,0,21604,1913233,0,0,37588452808,496035937,3080083758,0,0,291951373,17264,17264,0,4425213652,4425213652,0,0,4425213652,291951373,15.03,14.85
1130,2026-05-12 14:09:50,9,q55,0,4,213,1136,1129,16360,14362,193,257,0,0,0,538,2308575,0,0,1194378224,276820651,1194284080,0,0,1860,162,162,0,166535,166535,0,0,166535,1860,14.4,1.14
1131,2026-05-12 14:09:52,9,q56,0,9,476,3574,7387,52053,44494,482,654,0,1380,0,2218,3484010,0,0,13428967776,494020388,3848602510,0,0,30815,407,407,0,1444190,1444190,0,0,1444190,30815,14.56,3.57
1132,2026-05-12 14:09:56,9,q57,0,11,242,3772,4792,53496,43856,364,408,0,4750,0,6119,4610732,0,0,21643326304,144271203,657121158,0,0,14728549,6386,6386,0,596895221,596895221,0,0,313105890,7710681,14.18,3.77
1133,2026-05-12 14:10:01,9,q58,0,11,479,3450,9025,49646,43776,483,648,2,960,0,9656,3447440,0,0,10974193024,492962486,2276055112,0,0,305693,1070,1070,0,8905204,8905204,0,0,8905204,305693,14.39,3.45
1134,2026-05-12 14:10:06,9,q59,0,10,251,6438,7055,87681,81665,276,372,2,2288,0,6198,1730511,0,0,17413596416,276763553,1032373206,0,0,14796758,7004,7004,0,605141006,605141006,0,0,303491101,7471744,13.62,6.44
1135,2026-05-12 14:10:14,9,q60,0,9,476,3097,6653,43937,37705,505,683,0,2604,0,4140,3475926,0,0,15417123680,494020388,3848536974,0,0,115501,283,283,0,4041705,4041705,0,0,4041705,115501,14.19,3.1
1136,2026-05-12 14:10:18,9,q61,0,12,465,4760,9477,73050,64732,138,400,0,4024,0,4540,1854368,0,0,7139097264,556365655,5117194674,0,0,11321881,3808,3808,0,164829319,164829319,0,0,144547322,9321881,15.35,4.76
1137,2026-05-12 14:10:24,9,q62,0,7,97,1146,1131,15984,14545,107,138,0,0,0,1527,1494990,0,0,536128288,72074721,315573424,0,0,32557,182,182,0,2963756,2963756,0,0,2963756,32557,13.95,1.15
1138,2026-05-12 14:10:26,9,q63,0,6,215,1818,1794,25021,22333,284,329,0,1424,0,2606,2898077,0,0,1028698040,276821053,1209559212,0,0,40394,170,170,0,1760517,1760517,0,0,1760517,40394,13.76,1.82
1139,2026-05-12 14:10:29,9,q64,0,55,925,75858,324603,1191860,270711,4576,2592,233,11792,0,390601,2334125,0,0,24987243448,745983428,14658482311,0,0,244147193,9192,9192,0,3743467898,3743467898,0,0,3073514430,198417039,15.71,75.86
1140,2026-05-12 14:11:46,9,q65,0,11,493,21851,41550,326127,124678,658,781,1,3024,0,202169,1717267,0,0,26092258256,553364655,2423046522,0,0,78176207,4131,4131,0,2448816949,2448816949,0,0,2448816949,78176207,14.93,21.85
1141,2026-05-12 14:12:09,9,q66,0,8,263,4739,6547,68664,39791,451,550,0,1155,0,2259,2755749,0,0,17308064128,216155221,2424293011,0,0,3555,237,237,0,1806569,1806569,0,0,1806569,3555,14.49,4.74
1142,2026-05-12 14:12:15,9,q67,0,8,273,77104,77199,1131405,590958,254,327,0,10688,0,465652,1049977,0,0,48367630584,276821053,1466612325,0,0,103424628,3652,3652,0,3336800830,3336800830,0,0,3336800830,103424628,14.67,77.1
1143,2026-05-12 14:13:33,9,q67a,0,16,656,108330,386401,1634865,1014948,1655,1553,0,14651,0,605687,3883639,0,0,186530058992,276821053,1466612325,0,0,526141565,11974,11974,0,24555077502,24555077502,0,0,6491469742,151998125,15.09,108.33
1144,2026-05-12 14:15:23,9,q68,0,12,266,5187,6178,77678,50575,178,272,0,2032,0,6558,1355278,0,0,4328788144,279624253,6025486344,0,0,4229984,3609,3609,0,106934347,106934347,0,0,92562834,3259941,14.98,5.19
1145,2026-05-12 14:15:29,9,q69,0,11,509,3419,8163,49560,38549,112,367,0,544,0,14847,1032240,0,0,5967783584,497533188,2092188656,0,0,18050359,6660,6660,0,164087928,164087928,0,0,164087928,18050359,14.5,3.42
1146,2026-05-12 14:15:34,9,q70,0,9,427,4227,4169,60850,55348,764,651,0,2474,0,1399,4372629,0,0,12671079344,553161057,2654496366,0,0,5153,340,340,0,396762,396762,0,0,396762,5153,14.4,4.23
1147,2026-05-12 14:15:39,9,q70a,0,12,432,3074,2969,42933,40174,489,668,0,1520,0,1250,4362202,0,0,1801541056,553161057,2654496366,0,0,6786,711,711,0,598163,598163,0,0,284989,3618,13.97,3.07
1148,2026-05-12 14:15:43,9,q71,0,7,485,3332,3273,47689,40000,766,778,1,1455,0,5535,8796915,0,0,5735755120,492902788,3559128428,0,0,273848,5382,5382,0,17873465,17873465,0,0,10015984,167674,14.31,3.33
1149,2026-05-12 14:15:48,9,q72,0,16,436,237589,466656,3224322,2277285,543,684,5,57192,0,867570,13146599,0,0,82523784096,560074108,2492407546,0,0,538047872,38943,38943,0,9134546239,9134546239,0,0,9134546239,538047872,13.57,237.59
1150,2026-05-12 14:19:47,9,q73,0,9,253,3059,4078,44523,29580,443,372,0,1402,0,6035,2903839,0,0,1430151184,278624253,2940757178,0,0,4173613,1070,1070,0,138667912,138667912,0,0,71959846,2173613,14.55,3.06
1151,2026-05-12 14:19:51,9,q74,0,15,614,29039,100150,459108,402761,598,845,0,5068,0,33277,1374535,0,0,102409803584,350691313,2476002546,0,0,699960358,46749,46749,0,11231554676,11231554676,0,0,5715074874,353418106,15.81,29.04
1152,2026-05-12 14:20:21,9,q75,0,20,1069,18980,61926,293137,231033,456,974,1,12455,0,28803,1051009,0,0,26691595696,1035827598,9273080332,0,0,140054939,8997,8997,0,3077647424,3077647424,0,0,2046922299,89656117,15.44,18.98
1153,2026-05-12 14:20:42,9,q76,0,5,474,3640,3596,53855,33614,692,710,0,4176,0,9993,7560118,0,0,38292664928,492816388,3261319648,0,0,64680,2309,2309,0,5664519,5664519,0,0,5664519,64680,14.8,3.64
1154,2026-05-12 14:20:46,9,q77,0,14,519,4156,20022,60501,46805,560,691,0,6965,0,6087,2313563,0,0,11013842888,543013652,4282941774,0,0,135253,516,516,0,4971413,4971413,0,0,4971413,135253,14.56,4.16
1155,2026-05-12 14:20:52,9,q77a,0,17,524,4067,18125,54782,41978,703,728,0,6016,0,7568,2305694,0,0,8600021784,543013652,4282941774,0,0,113937,409,409,0,4251911,4251911,0,0,4043487,111463,13.47,4.07
1156,2026-05-12 14:20:57,9,q78,0,15,727,83829,282295,1312199,547077,1319,1411,0,13108,0,750291,1820976,0,0,94462501856,543157308,6692666992,0,0,406636630,35301,35301,0,11853610953,11853610953,0,0,11853610953,406636630,15.65,83.83
1157,2026-05-12 14:22:22,9,q79,0,8,250,5946,6976,90157,66035,631,539,2,3477,0,8901,2905473,0,0,18048702624,278624253,4933226661,0,0,10980482,3825,3825,0,348947706,348947706,0,0,348947706,10980482,15.16,5.95
1158,2026-05-12 14:22:29,9,q80,0,23,683,47036,179396,736280,290883,2218,2105,0,10192,0,446774,2329005,0,0,54884401176,543515085,7216137350,0,0,265494087,25339,25339,0,8018451546,8018451546,0,0,8018451546,265494087,15.65,47.04
1159,2026-05-12 14:23:17,9,q80a,0,26,688,65031,271882,1025522,264806,2024,2155,0,6608,2,772887,2328618,0,0,55356260208,543515085,7216137350,0,0,265493759,24436,24436,0,8017877606,8017877606,0,0,8017655906,265491829,15.77,65.03
1160,2026-05-12 14:24:24,9,q81,0,16,161,3570,8210,47130,38320,209,222,1,640,0,6924,713915,0,0,16979243480,33868693,352183541,0,0,18924578,1870,1870,0,365597338,365597338,0,0,365597338,18924578,13.2,3.57
1161,2026-05-12 14:24:28,9,q82,0,6,239,10174,15621,133676,120782,104,218,0,1586,0,6790,1021039,0,0,26129011888,687613437,727057642,0,0,291092473,3746,3746,0,332087734,332087734,0,0,332087734,439988162,13.14,10.17
1162,2026-05-12 14:24:40,9,q83,0,10,49,1300,3095,15294,13192,52,60,0,279,0,1355,1561496,0,0,3597576128,50821969,195040564,0,0,218975,42,42,0,3139972,3139972,0,0,3139972,218975,11.76,1.3
1163,2026-05-12 14:24:42,9,q84,0,9,50,1297,2705,11240,10354,58,45,0,0,0,866,9713760,0,0,192459840,33729631,128268096,0,0,27798849,40,40,0,145725954,145725954,0,0,145725954,27798849,8.67,1.3
1164,2026-05-12 14:24:44,9,q85,0,14,145,3611,20488,50306,42824,220,246,1,1952,0,4536,1649276,0,0,4434954736,84117746,1110086473,0,0,11437258,1702,1702,0,378538837,378538837,0,0,378538837,11437258,13.93,3.61
1165,2026-05-12 14:24:49,9,q86,0,5,94,1147,1092,15038,13634,95,117,0,0,0,760,3714241,0,0,7613854520,72278662,377069438,0,0,10004,86,86,0,805158,805158,0,0,805158,10004,13.11,1.15
1166,2026-05-12 14:24:51,9,q86a,0,8,99,1084,1031,12956,11067,100,122,0,1008,0,1097,3714241,0,0,8018603992,72278662,377069438,0,0,27353,267,267,0,2284009,2284009,0,0,776207,9367,11.95,1.08
1167,2026-05-12 14:24:53,9,q87,0,13,589,10143,27596,156796,140602,248,526,3,2000,0,17734,1034734,0,0,23632590968,494612388,2075158426,0,0,120819579,8670,8670,0,1504978680,1504978680,0,0,1400922298,116819579,15.46,10.14
1168,2026-05-12 14:25:05,9,q88,0,26,1698,9343,65772,144143,125330,203,1132,0,13286,0,268,1050551,0,0,5411051520,2304749906,12209079224,0,0,1680,1680,1680,0,99116,99116,0,0,99116,1680,15.43,9.34
1169,2026-05-12 14:25:15,9,q89,0,8,292,8639,14460,131044,119713,196,291,3,5088,0,14892,1169246,0,0,5504384688,276821053,1209223304,0,0,268799286,876,876,0,3572840164,3572840164,0,0,3572840164,268799286,15.17,8.64
1170,2026-05-12 14:25:25,9,q90,0,8,186,850,1251,12448,9773,22,114,0,816,0,76,450230,0,0,582865920,144185266,854424315,0,0,180,180,180,0,10620,10620,0,0,10620,180,14.64,0.85
1171,2026-05-12 14:25:27,9,q91,0,12,46,638,1254,7548,6690,40,48,0,0,0,404,1032836,0,0,2972701352,19398901,149580671,0,0,2192984,310,310,0,46354382,46354382,0,0,46332398,2192843,11.83,0.64
1172,2026-05-12 14:25:28,9,q92,0,7,186,1152,2109,15831,12987,91,166,0,928,0,2877,1243648,0,0,358427024,144280275,758293318,0,0,163546,251,251,0,3429603,3429603,0,0,3429603,163546,13.74,1.15
1173,2026-05-12 14:25:31,9,q93,0,6,444,59038,144105,912262,275493,372,569,0,2160,0,637091,2969933,0,0,68971117112,316808054,3209224207,0,0,316284326,48411,48411,0,7854501950,7854501950,0,0,7854501950,316284326,15.45,59.04
1174,2026-05-12 14:26:31,9,q94,0,8,243,13961,40350,207712,113614,139,246,0,2000,0,85469,1248214,0,0,20788046800,152275688,1423590310,0,0,151171124,9400,9400,0,2985892234,2985892234,0,0,2985892234,151171124,14.88,13.96
1175,2026-05-12 14:26:46,9,q95,0,8,293,43129,142870,661316,325723,454,502,0,4000,0,331129,2625400,0,0,57933874400,152275688,1385178022,0,0,367104153,45800,45800,0,4668774194,4668774194,0,0,2769069854,151153209,15.33,43.13
1176,2026-05-12 14:27:30,9,q96,0,5,214,1181,1175,17534,15849,15,140,0,0,0,31,1049175,0,0,671166720,288100390,1526220366,0,0,210,210,210,0,12390,12390,0,0,12390,210,14.85,1.18
1177,2026-05-12 14:27:32,9,q97,0,5,395,11939,14871,162178,139445,385,528,0,2976,0,9151,1724405,0,0,37867529576,420610775,2023559574,0,0,82744400,5389,5389,0,791069197,791069197,0,0,791069197,82744400,13.58,11.94
1178,2026-05-12 14:27:45,9,q98,0,8,275,19004,44474,281028,127054,121,251,4,1792,0,149204,6589863,0,0,30405105528,276820651,1200747652,0,0,275228628,10378,10378,0,2616410107,2616410107,0,0,2612783295,275198085,14.79,19.0
1179,2026-05-12 14:28:05,9,q99,0,7,184,2564,2547,38468,28410,223,270,0,176,0,6795,2757856,0,0,8327049528,144067238,607080303,0,0,201162,2101,2101,0,13934745,13934745,0,0,13934745,201162,15.0,2.56
