ID,timestamp,run_id,query,query_rerun_id,numStages,numTasks,elapsedTime,stageDuration,executorRunTime,executorCpuTime,executorDeserializeTime,executorDeserializeCpuTime,resultSerializationTime,jvmGCTime,shuffleFetchWaitTime,shuffleWriteTime,resultSize,diskBytesSpilled,memoryBytesSpilled,peakExecutionMemory,recordsRead,bytesRead,recordsWritten,bytesWritten,shuffleRecordsRead,shuffleTotalBlocksFetched,shuffleLocalBlocksFetched,shuffleRemoteBlocksFetched,shuffleTotalBytesRead,shuffleLocalBytesRead,shuffleRemoteBytesRead,shuffleRemoteBytesReadToDisk,shuffleBytesWritten,shuffleRecordsWritten,avg_active_tasks,elapsed_time_seconds
0,2026-05-10 20:39:43,0,q1,0,29,584,6322,6928,51119,32678,3616,2688,1,624,0,4034,892610,0,0,11078426064,57608646,622016980,0,0,18396318,878,878,0,276918724,276918724,0,0,276918724,18396318,8.09,6.32
1,2026-05-10 20:39:51,0,q2,0,20,509,4832,6587,44809,37574,2541,1949,24,728,0,521,755509,0,0,7733038944,215403232,943852567,0,0,5910,643,643,0,642148,642148,0,0,484622,4226,9.27,4.83
2,2026-05-10 20:39:57,0,q3,0,13,436,2085,1710,21513,11503,1380,1383,0,448,0,354,809583,0,0,3823876944,275322814,2294848643,0,0,4941,184,184,0,523728,523728,0,0,523728,4941,10.32,2.08
3,2026-05-10 20:40:00,0,q4,0,34,1330,59112,273955,929452,606054,4878,4720,3,13565,0,262696,765025,0,0,115125933792,767460888,11859902868,0,0,566100624,26443,26443,0,14405228893,14405228893,0,0,8517805564,341212705,15.72,59.11
4,2026-05-10 20:41:01,0,q5,0,34,1207,17561,25987,223831,171016,4353,4294,0,3738,0,25876,1012168,0,0,15961013944,611445509,5444899380,0,0,78868851,1535,1535,0,1120856955,1120856955,0,0,1120856955,78868851,12.75,17.56
5,2026-05-10 20:41:20,0,q5a,0,25,1004,15379,22940,201605,174391,4451,3515,18,3264,0,5395,1012426,0,0,9574664096,611445087,5443782227,0,0,78870706,1243,1243,0,1120754606,1120754606,0,0,1120545258,78867272,13.11,15.38
6,2026-05-10 20:41:36,0,q6,0,24,686,3216,4139,31504,19816,3665,2721,1,1061,0,712,8479912,0,0,6030437376,278619690,1441055525,0,0,5131561,302,302,0,45211105,45211105,0,0,45211105,5131561,9.8,3.22
7,2026-05-10 20:41:41,0,q7,0,18,563,4610,4538,56695,37044,3324,2213,11,2886,0,869,1573386,0,0,8376488248,277191386,4081672602,0,0,696180,735,735,0,22179494,22179494,0,0,22179494,696180,12.3,4.61
8,2026-05-10 20:41:46,0,q8,0,16,516,2436,2735,23839,17377,2233,1860,5,636,0,307,9492937,0,0,14161952888,279065986,1277122301,0,0,49844,27,27,0,691428,691428,0,0,691428,49844,9.79,2.44
9,2026-05-10 20:41:50,0,q9,0,18,1202,6065,27764,86105,67887,2080,2266,8,2093,0,181,390734,0,0,137494480,1440032999,9178990856,0,0,899,897,897,0,74477,74477,0,0,74477,899,14.2,6.06
10,2026-05-10 20:41:57,0,q10,0,19,786,2991,4734,39086,31233,1915,2117,1,464,0,1089,29252425,0,0,10269770088,496276163,637546929,0,0,19145607,602,602,0,19871759,19871759,0,0,19871759,19145607,13.07,2.99
11,2026-05-10 20:42:01,0,q10a,0,15,726,2271,4039,27519,20973,2514,2029,0,904,3,1292,29252468,0,0,9589411776,495276153,629946422,0,0,20856568,612,612,0,49773297,49773297,0,0,49773297,20856568,12.12,2.27
12,2026-05-10 20:42:05,0,q11,0,28,978,17995,52387,273408,225488,4745,3504,13,8675,0,16223,589169,0,0,44791176400,624172931,4363755135,0,0,269945080,6379,6379,0,4430420851,4430420851,0,0,2954430909,191970515,15.19,18.0
13,2026-05-10 20:42:24,0,q12,0,9,216,1082,1004,7852,6220,1053,855,0,0,0,96,6554102,0,0,1936889120,72225815,641857773,0,0,109208,57,57,0,13357470,13357470,0,0,13357470,109208,7.26,1.08
14,2026-05-10 20:42:26,0,q13,0,16,551,4348,5166,55757,37066,2383,1928,3,2573,0,67,1760308,0,0,9438001080,277993983,4867706358,0,0,229,227,227,0,16762,16762,0,0,16762,229,12.82,4.35
15,2026-05-10 20:42:32,0,q14a,0,60,2590,37866,66094,535789,462087,8633,8309,26,11462,0,40242,2441877,0,0,36114140728,1962237296,13942755482,0,0,637565887,4722,4722,0,8525719670,8525719670,0,0,8518301565,637330211,14.15,37.87
16,2026-05-10 20:43:12,0,q14b,0,48,2061,21153,27341,284553,250353,7744,7337,8,4586,0,10488,2441791,0,0,26834947064,1531929955,9858670679,0,0,134802754,4310,4310,0,485379140,485379140,0,0,485379140,134802754,13.45,21.15
17,2026-05-10 20:43:34,0,q14,0,48,2054,19477,25250,260601,229768,7963,7468,2,4171,0,8458,2336869,0,0,24750935824,1531929955,9858670679,0,0,134050968,3519,3519,0,399912510,399912510,0,0,399912510,134050968,13.38,19.48
18,2026-05-10 20:43:55,0,q15,0,9,327,3294,3269,43274,40119,990,1089,0,208,0,123,19126718,0,0,16490050464,146307978,548200969,0,0,4200,7,7,0,142142,142142,0,0,142142,4200,13.14,3.29
19,2026-05-10 20:43:59,0,q16,0,17,682,13475,31498,201491,181878,2052,2114,3,2912,0,13767,1280357,0,0,41923301680,303406722,2170111180,0,0,301125338,21852,21852,0,4328962633,4328962633,0,0,4328962633,301125338,14.95,13.48
20,2026-05-10 20:44:14,0,q17,0,23,792,5069,9056,67530,60652,3043,3072,1,1179,0,2517,13952362,0,0,6358661496,446411917,3348882841,0,0,28190115,1072,1072,0,594090234,594090234,0,0,594090234,28190115,13.32,5.07
21,2026-05-10 20:44:20,0,q18,0,17,536,3736,5167,51625,44466,1809,1832,0,976,0,3595,9765521,0,0,9028584440,150353599,2872727855,0,0,11669020,2176,2176,0,366455351,366455351,0,0,366455351,11669020,13.82,3.74
22,2026-05-10 20:44:25,0,q18a,0,29,840,6722,17433,95966,85116,2880,2998,14,1239,0,6186,9765521,0,0,31854310392,153557630,2895749961,0,0,56294457,9674,9674,0,1683117946,1683117946,0,0,369964798,11778229,14.28,6.72
23,2026-05-10 20:44:33,0,q19,0,13,508,1960,2456,21607,18477,1595,1729,0,233,0,125,19126761,0,0,28845155264,278269977,2619417827,0,0,13028,7,7,0,769254,769254,0,0,769254,13028,11.02,1.96
24,2026-05-10 20:44:36,0,q20,0,9,269,1253,1220,13259,11816,815,874,0,221,0,108,6554102,0,0,2982058872,143511959,1223610711,0,0,114197,57,57,0,13913865,13913865,0,0,13913865,114197,10.58,1.25
25,2026-05-10 20:44:38,0,q21,0,16,344,2944,2630,29341,24697,1374,1384,0,224,0,109,265150,0,0,4602736728,399554429,2144165444,0,0,576937,215,215,0,9222475,9222475,0,0,9222475,576937,9.97,2.94
26,2026-05-10 20:44:42,0,q22,0,10,248,91220,91207,813315,802018,961,967,0,2844,0,734,9285378,0,0,3586507952,399554220,2139999627,0,0,7743003,340,340,0,332188456,332188456,0,0,332188456,7743003,8.92,91.22
27,2026-05-10 20:46:14,0,q22a,0,14,318,5060,6190,60447,55438,1111,1124,0,324,0,2815,9285335,0,0,13505249432,399554218,2141120742,0,0,10500715,1747,1747,0,531223558,531223558,0,0,117887858,2346075,11.95,5.06
28,2026-05-10 20:46:20,0,q23a,0,30,1372,38025,63714,583348,564634,4398,4575,1,6540,0,17437,13214689,0,0,94407354440,1055671477,5674217967,0,0,161175043,12719,12719,0,3947102930,3947102930,0,0,3513799537,129129014,15.34,38.02
29,2026-05-10 20:47:00,0,q23b,0,34,1456,40571,69577,619832,596082,4739,4843,2,6999,0,18225,13214646,0,0,107348878656,1057671487,5703336622,0,0,219745448,22317,22317,0,4871849891,4871849891,0,0,3569885627,131206517,15.28,40.57
30,2026-05-10 20:47:41,0,q24,0,22,675,4575,8020,60591,55122,2816,2840,0,720,0,5788,13036729,0,0,7305478504,320217227,3235799697,0,0,31568283,3416,3416,0,449635392,449635392,0,0,449635392,31568283,13.24,4.58
31,2026-05-10 20:47:47,0,q24a,0,31,1005,11133,16602,142982,130104,3973,3966,0,2390,0,14070,7978974,0,0,21574691736,608427816,6154262263,0,0,100579193,8043,8043,0,1945226426,1945226426,0,0,1538537385,69847454,12.84,11.13
32,2026-05-10 20:47:59,0,q24b,0,32,1006,9829,12768,125775,116444,3990,3948,0,2358,0,14051,7978888,0,0,18878557560,608427816,6154262263,0,0,99830491,4856,4856,0,1919690401,1919690401,0,0,1513001360,69098752,12.8,9.83
33,2026-05-10 20:48:10,0,q25,0,23,792,4267,7777,55241,50948,3049,3100,11,667,0,1929,13952362,0,0,6009723240,446411917,4740037744,0,0,20197026,915,915,0,402707446,402707446,0,0,402707446,20197026,12.95,4.27
34,2026-05-10 20:48:16,0,q26,0,12,380,2274,2573,30967,27364,1404,1419,3,384,0,872,1573386,0,0,5378073712,145433770,2235483536,0,0,381559,420,420,0,12861580,12861580,0,0,12861580,381559,13.62,2.27
35,2026-05-10 20:48:19,0,q27,0,12,449,2579,2892,34715,30696,1487,1556,0,592,0,895,1573300,0,0,7028733256,277190767,3799581335,0,0,175123,240,240,0,6786697,6786697,0,0,6786697,175123,13.46,2.58
36,2026-05-10 20:48:23,0,q27a,0,20,1006,6348,10988,92423,86238,2773,3067,3,1062,0,1491,1573429,0,0,12310931960,827486275,11379261013,0,0,178342,410,410,0,7378483,7378483,0,0,7378483,178342,14.56,6.35
37,2026-05-10 20:48:30,0,q28,0,24,1475,9929,26099,151892,131040,2627,3076,10,1840,0,31369,535870,0,0,72783993536,1728039528,14114429742,0,0,7180162,17100,17100,0,115793630,115793630,0,0,115793630,7180162,15.3,9.93
38,2026-05-10 20:48:41,0,q29,0,28,901,10340,16125,135109,129161,3592,3619,1,950,0,5097,13952362,0,0,12510713656,446451919,3349831191,0,0,93232843,2580,2580,0,1596718599,1596718599,0,0,1596718599,93232843,13.07,10.34
39,2026-05-10 20:48:53,0,q30,0,19,434,1995,3380,24029,20625,1465,1527,0,63,0,2212,8012062,0,0,9422382704,17770231,358866159,0,0,6155893,546,546,0,281959109,281959109,0,0,281959109,6155893,12.04,2.0
40,2026-05-10 20:48:56,0,q31,0,29,1188,5399,11900,74008,67471,3018,3253,2,592,0,1100,15423276,0,0,52911226384,1042202108,5323812009,0,0,84667,48,48,0,2834902,2834902,0,0,2765458,83741,13.71,5.4
41,2026-05-10 20:49:02,0,q32,0,11,416,1812,2399,24176,22052,1078,1197,0,192,0,857,481838,0,0,1291866552,286799916,2414670926,0,0,733310,164,164,0,9409034,9409034,0,0,9409034,733310,13.34,1.81
42,2026-05-10 20:49:05,0,q33,0,16,697,2996,4869,39659,35433,2105,2188,0,518,0,214,1868185,0,0,12103885032,491763335,4580153231,0,0,11976,12,12,0,304586,304586,0,0,304586,11976,13.24,3.0
43,2026-05-10 20:49:09,0,q34,0,14,475,1822,2416,22673,21423,1343,1466,0,120,0,1475,960195,0,0,774808632,277073167,735249152,0,0,4031113,97,97,0,135566568,135566568,0,0,68478889,2031113,12.44,1.82
44,2026-05-10 20:49:12,0,q35,0,17,743,4331,6788,59345,52995,1686,1923,1,272,0,2313,24091884,0,0,15432939152,495276153,628536151,0,0,57691365,1530,1530,0,114208829,114208829,0,0,114208829,57691365,13.7,4.33
45,2026-05-10 20:49:17,0,q35a,0,16,743,3160,4484,40713,37755,1746,1978,4,448,0,2097,24091884,0,0,14577301544,495276153,628536151,0,0,57706997,1547,1547,0,114348270,114348270,0,0,114348270,57706997,12.88,3.16
46,2026-05-10 20:49:22,0,q36,0,10,384,2026,2203,24874,23417,1490,1245,5,352,0,404,3736575,0,0,6387332520,275269957,3480220458,0,0,6953,40,40,0,547056,547056,0,0,547056,6953,12.28,2.03
47,2026-05-10 20:49:25,0,q36a,0,13,389,2111,2215,25765,23860,1234,1255,0,247,0,538,3736489,0,0,6926300392,275269957,3480220458,0,0,19286,123,123,0,1569222,1569222,0,0,539222,6678,12.21,2.11
48,2026-05-10 20:49:28,0,q37,0,10,347,4790,8408,51690,47860,1012,1073,0,605,0,3860,250326,0,0,4885927832,543548526,2770658720,0,0,51928707,1748,1748,0,663826465,663826465,0,0,663826465,143994433,10.79,4.79
49,2026-05-10 20:49:34,0,q38,0,18,708,8633,20659,130736,116277,1593,1605,0,1282,0,7120,404481,0,0,23481174392,492355333,604570203,0,0,120819579,3995,3995,0,731356941,731356941,0,0,626216931,116819579,15.14,8.63
50,2026-05-10 20:49:44,0,q39a,0,17,408,4268,7691,53272,48731,1714,1601,0,726,0,1409,2476663,0,0,6303890280,798904419,4281053994,0,0,13883617,187,187,0,264632223,264632223,0,0,177536069,9293617,12.48,4.27
51,2026-05-10 20:49:49,0,q39b,0,17,407,3709,6741,46206,43944,1603,1609,0,480,0,835,1045567,0,0,5920439144,798904419,4281053994,0,0,13774459,187,187,0,261566888,261566888,0,0,174470734,9184459,12.46,3.71
52,2026-05-10 20:49:54,0,q40,0,13,430,8325,22263,120265,114766,1323,1366,0,1067,0,10499,514610,0,0,24442330840,157909997,1384378348,0,0,157478827,6105,6105,0,3051263888,3051263888,0,0,3051263888,157478827,14.45,8.32
53,2026-05-10 20:50:03,0,q41,0,6,112,514,422,2350,373,547,525,0,0,0,15,232007,0,0,540036928,408002,3505726,0,0,292,2,2,0,19225,19225,0,0,19225,292,4.57,0.51
54,2026-05-10 20:50:05,0,q42,0,7,332,1171,1173,14819,13100,917,952,0,128,0,26,805154,0,0,972989264,275269554,2293926420,0,0,77,7,7,0,6388,6388,0,0,6388,77,12.65,1.17
55,2026-05-10 20:50:07,0,q43,0,7,328,1889,1921,24945,23358,894,972,0,240,0,325,810099,0,0,481321584,275065956,690812351,0,0,4522,38,38,0,500678,500678,0,0,500678,4522,13.21,1.89
56,2026-05-10 20:50:10,0,q44,0,11,548,2297,2491,31212,25601,1105,1158,1,384,0,7024,3453036,0,0,8077689664,576209971,3931352154,0,0,2631719,5939,5939,0,38173751,38173751,0,0,19096329,1316125,13.59,2.3
57,2026-05-10 20:50:13,0,q45,0,13,384,1681,2134,16759,14969,1419,1463,0,144,0,18,19126718,0,0,11853074376,75245836,560805037,0,0,178,5,5,0,15942,15942,0,0,15942,178,9.97,1.68
58,2026-05-10 20:50:16,0,q46,0,15,524,3210,3877,41498,37699,1665,1784,2,432,0,2530,13582998,0,0,15809895360,278073177,2456359301,0,0,2097508,545,545,0,69833265,69833265,0,0,69833265,2097508,12.93,3.21
59,2026-05-10 20:50:20,0,q47,0,15,442,3906,4887,52643,47343,1226,1362,0,494,0,2615,4637411,0,0,12461249104,275269957,1817455343,0,0,1731681,1968,1968,0,69788973,69788973,0,0,44215088,1097674,13.48,3.91
60,2026-05-10 20:50:26,0,q48,0,11,448,6541,7010,97415,92335,1525,1547,0,2374,0,55,2213440,0,0,9108104600,277986776,2556184554,0,0,175,175,175,0,10053,10053,0,0,10053,175,14.89,6.54
61,2026-05-10 20:50:33,0,q49,0,28,843,8513,19368,122974,112533,2603,2757,0,1786,0,10028,2405530,0,0,5390216224,540771495,7868622384,0,0,86104362,229,229,0,1835909124,1835909124,0,0,1835909124,86104362,14.45,8.51
62,2026-05-10 20:50:43,0,q50,0,16,604,14227,20718,212061,203198,1986,1893,0,753,0,17976,1286046,0,0,40984956952,302953007,2114268204,0,0,265637490,18104,18104,0,5740252687,5740252687,0,0,5740252687,265637490,14.91,14.23
63,2026-05-10 20:50:58,0,q51,0,13,476,13728,19176,183844,168316,1209,1224,2,2081,0,8685,663013,0,0,24332587880,347067366,2224169590,0,0,142655042,2618,2618,0,2404730214,2404730214,0,0,2404730214,142655042,13.39,13.73
64,2026-05-10 20:51:13,0,q51a,0,17,547,248582,287246,3226338,3170449,1722,1523,10,21783,0,10906,663314,0,0,68419952696,347067366,2224169590,0,0,283180134,3641,3641,0,4672557269,4672557269,0,0,3426466949,216786871,12.98,248.58
65,2026-05-10 20:55:23,0,q52,0,7,332,1109,1111,14040,12014,959,977,23,154,0,125,805541,0,0,972989264,275269554,2294188564,0,0,5811,7,7,0,293338,293338,0,0,293338,5811,12.66,1.11
66,2026-05-10 20:55:25,0,q53,0,10,384,1535,1684,18796,17228,1135,1215,0,240,0,597,957185,0,0,823814096,275269957,1818223315,0,0,39647,39,39,0,1005033,1005033,0,0,1005033,39647,12.24,1.54
67,2026-05-10 20:55:27,0,q54,0,29,981,3419,6238,43288,38049,3593,3604,0,570,0,612,19126718,0,0,17687697240,493745849,2619128729,0,0,8236501,169,169,0,77483407,77483407,0,0,77483407,8236501,12.66,3.42
68,2026-05-10 20:55:32,0,q55,0,7,332,1144,1148,14618,12711,884,974,0,170,0,119,806143,0,0,972989264,275269554,2294188564,0,0,3998,7,7,0,214887,214887,0,0,214887,3998,12.78,1.14
69,2026-05-10 20:55:34,0,q56,0,16,697,2680,4360,34553,31663,2031,2167,0,250,0,179,1868056,0,0,10050819976,491763335,4581210515,0,0,46055,12,12,0,920811,920811,0,0,920811,46055,12.89,2.68
70,2026-05-10 20:55:38,0,q57,0,15,380,2962,4038,38011,32705,1231,1258,0,240,2,3453,4637411,0,0,12266226168,143511990,974287521,0,0,2599517,2340,2340,0,105614698,105614698,0,0,67477514,1646165,12.83,2.96
71,2026-05-10 20:55:42,0,q58,0,18,687,2801,4979,34562,30893,2007,2119,0,256,0,92,1573386,0,0,7527388888,490705424,4142892127,0,0,567105,14,14,0,7210425,7210425,0,0,7210425,567105,12.34,2.8
72,2026-05-10 20:55:46,0,q59,0,25,863,4021,7899,43145,40302,2768,3006,0,481,0,1336,1195848,0,0,4359450832,550318014,1382957360,0,0,109145,82,82,0,2808746,2808746,0,0,2808746,109145,10.73,4.02
73,2026-05-10 20:55:51,0,q60,0,16,697,3250,5301,42812,39214,2010,2157,6,368,0,294,1868056,0,0,12033679536,491763335,4581146011,0,0,283510,17,17,0,4377799,4377799,0,0,4377799,283510,13.17,3.25
74,2026-05-10 20:55:55,0,q61,0,18,785,3523,5786,45874,42804,1887,2157,9,272,0,78,19126718,0,0,39414209800,553316530,5582498790,0,0,350,350,350,0,19978,19978,0,0,19978,350,13.02,3.52
75,2026-05-10 20:56:00,0,q62,0,14,354,1887,1947,21119,16978,1377,1427,0,144,0,626,300726,0,0,414478320,72021882,234421373,0,0,14454,92,92,0,1302741,1302741,0,0,1302741,14454,11.19,1.89
76,2026-05-10 20:56:03,0,q63,0,10,384,1551,1628,19597,18249,1167,1225,0,160,0,343,956497,0,0,890857400,275269957,1818161875,0,0,6002,39,39,0,272500,272500,0,0,272500,6002,12.64,1.55
77,2026-05-10 20:56:06,0,q64,0,61,1698,23281,60774,336793,315586,6834,6871,4,3630,3,13007,40030448,0,0,41794534744,742775779,11214252926,0,0,232434842,6333,6333,0,3617839339,3617839339,0,0,3091814184,195467343,14.47,23.28
78,2026-05-10 20:56:30,0,q65,0,15,677,10988,20506,159939,150104,1700,1860,2,1600,0,11054,18416256,0,0,21749128128,550315509,3625597575,0,0,121631492,1377,1377,0,3653569657,3653569657,0,0,3653569657,121631492,14.56,10.99
79,2026-05-10 20:56:42,0,q66,0,17,506,3742,4622,45869,35646,1984,2020,0,498,0,251,632732,0,0,5391631616,215349815,2199935429,0,0,1029,117,117,0,340254,340254,0,0,340254,1029,12.26,3.74
80,2026-05-10 20:56:47,0,q67,0,11,487,50436,50507,665992,611891,1529,1568,3,10942,0,11041,9285378,0,0,55419999560,275269957,2070426314,0,0,69421512,4204,4204,0,4912853396,4912853396,0,0,4912853396,69421512,13.2,50.44
81,2026-05-10 20:57:39,0,q67a,0,19,1063,72988,241967,1134142,1080813,3331,3337,5,12601,0,29980,9285249,0,0,222504436952,275269957,2070426314,0,0,535599517,29037,29037,0,36352450503,36352450503,0,0,7669917791,121039109,15.54,72.99
82,2026-05-10 20:58:53,0,q68,0,15,520,3380,4194,44782,40094,1684,1770,0,560,0,977,13582955,0,0,15059348936,278073177,3778306000,0,0,2022735,60,60,0,65566972,65566972,0,0,65566972,2022735,13.25,3.38
83,2026-05-10 20:58:57,0,q69,0,16,726,2722,4751,37015,32517,1665,1866,4,293,0,949,28817443,0,0,10795980248,495276153,629264302,0,0,16091419,510,510,0,46268454,46268454,0,0,46268454,16091419,13.6,2.72
84,2026-05-10 20:59:01,0,q70,0,14,607,3971,4047,50816,47513,1559,1752,0,392,0,269,1844923,0,0,3714240504,550111911,2523503134,0,0,1485,78,78,0,93231,93231,0,0,93231,1485,12.8,3.97
85,2026-05-10 20:59:06,0,q70a,0,17,612,2981,3027,38110,35488,1540,1746,1,464,0,267,1835682,0,0,1635960816,550111911,2523503134,0,0,1854,163,163,0,138807,138807,0,0,69407,1152,12.78,2.98
86,2026-05-10 20:59:10,0,q71,0,13,636,2994,3031,38239,33370,1858,2053,7,496,0,566,2146364,0,0,2953460104,490599325,4440411545,0,0,265572,129,129,0,9878003,9878003,0,0,5910675,163536,12.77,2.99
87,2026-05-10 20:59:14,0,q72,0,26,946,149941,184089,2314883,2278568,3074,3270,1,6090,0,31636,13214646,0,0,82523784096,559315309,3877495668,0,0,537663712,28595,28595,0,9684906333,9684906333,0,0,9684906333,537663712,15.44,149.94
88,2026-05-10 21:01:45,0,q73,0,14,475,1789,2440,23205,21630,1333,1452,0,248,0,987,957357,0,0,837348152,277073167,735249152,0,0,4016581,70,70,0,134852157,134852157,0,0,67764478,2016581,12.97,1.79
89,2026-05-10 21:01:48,0,q74,0,28,972,14878,45265,225719,196904,3228,3355,1,5056,0,12184,589169,0,0,43804974688,624172931,3226973271,0,0,269945080,5935,5935,0,2931100538,2931100538,0,0,2060574882,191970515,15.17,14.88
90,2026-05-10 21:02:04,0,q75,0,32,1396,15056,29805,225366,209058,3381,3727,0,2144,0,11911,430244,0,0,25550952624,1031314069,10823755244,0,0,140055201,3592,3592,0,3212469243,3212469243,0,0,2149659832,89656379,14.97,15.06
91,2026-05-10 21:02:21,0,q76,0,9,579,2922,2850,38888,34082,1771,1785,3,448,0,1623,1937606,0,0,26526203720,484926017,4435128664,0,0,6344,322,322,0,666621,666621,0,0,666621,6344,13.31,2.92
92,2026-05-10 21:02:25,0,q77,0,26,887,3573,5944,43506,36109,2941,2844,0,427,0,352,805971,0,0,1840838640,539424895,4871326581,0,0,12181,93,93,0,451620,451620,0,0,451620,12181,12.18,3.57
93,2026-05-10 21:02:29,0,q77a,0,26,840,3406,6225,43792,39964,2691,2667,0,390,0,242,805154,0,0,2242312024,539424889,4871322535,0,0,13801,51,51,0,632731,632731,0,0,462137,11327,12.86,3.41
94,2026-05-10 21:02:34,0,q78,0,22,999,35712,64593,540143,492334,2941,3103,0,3583,0,60762,1068208,0,0,96293332400,540774746,5859313287,0,0,406636630,23741,23741,0,11387232940,11387232940,0,0,11387232940,406636630,15.12,35.71
95,2026-05-10 21:03:11,0,q79,0,13,478,3282,3970,46608,39887,1911,1541,0,576,0,3557,964968,0,0,10880886024,277073167,2440928437,0,0,3605120,2176,2176,0,111096220,111096220,0,0,111096220,3605120,14.2,3.28
96,2026-05-10 21:03:15,0,q80,0,38,1308,28100,57264,424151,391019,5926,5405,2,4450,0,31542,1112876,0,0,54884401176,541205579,8400081391,0,0,265494091,15014,15014,0,7549276446,7549276446,0,0,7549276446,265494091,15.09,28.1
97,2026-05-10 21:03:44,0,q80a,0,41,1313,78379,174238,1230423,360302,5004,5117,0,3424,0,872959,1113564,0,0,55356260208,541205579,8400081391,0,0,265493763,15029,15029,0,7549419029,7549419029,0,0,7549197329,265491833,15.7,78.38
98,2026-05-10 21:05:04,0,q81,0,19,457,2543,4060,33876,27574,1783,1565,0,103,0,3542,8012019,0,0,14237655400,32816075,486890793,0,0,11400653,1445,1445,0,249973081,249973081,0,0,249973081,11400653,13.32,2.54
99,2026-05-10 21:05:08,0,q82,0,13,466,2595,3445,29316,25166,1516,1656,0,384,0,773,403975,0,0,185173928,687764791,3356032423,0,0,40832,190,190,0,227610,227610,0,0,227610,40832,11.3,2.6
100,2026-05-10 21:05:11,0,q83,0,17,415,1619,2426,16563,14359,1628,1663,0,112,0,219,1573386,0,0,2472331560,49490275,357288222,0,0,371976,19,19,0,4721069,4721069,0,0,4721069,371976,10.23,1.62
101,2026-05-10 21:05:14,0,q84,0,15,376,1505,3175,16923,14066,1337,1413,0,0,0,1399,9765521,0,0,1313097696,33729863,180014751,0,0,27798849,47,47,0,145788599,145788599,0,0,145788599,27798849,11.24,1.5
102,2026-05-10 21:05:16,0,q85,0,20,565,4415,19278,58326,50939,2303,2360,0,1896,0,2557,17038024,0,0,9166144312,84065133,1314093056,0,0,9152035,1138,1138,0,347049536,347049536,0,0,347049536,9152035,13.21,4.42
103,2026-05-10 21:05:22,0,q86,0,8,205,1166,1128,11901,10366,741,785,0,144,0,321,3736575,0,0,3074785168,72225815,624922170,0,0,5682,31,31,0,393071,393071,0,0,393071,5682,10.21,1.17
104,2026-05-10 21:05:24,0,q86a,0,11,210,1088,1054,10982,10327,768,794,0,128,0,311,3736489,0,0,3479534984,72225815,624922170,0,0,14504,90,90,0,1060494,1060494,0,0,368370,5084,10.09,1.09
105,2026-05-10 21:05:26,0,q87,0,18,708,8579,20431,130302,115130,1373,1587,4,1440,0,7433,405212,0,0,23481174392,492355333,604570203,0,0,120819579,3995,3995,0,731356941,731356941,0,0,626216931,116819579,15.19,8.58
106,2026-05-10 21:05:36,0,q88,0,44,2350,7726,21808,111522,105659,4118,5078,0,618,0,223,423730,0,0,4612277248,2304260316,3421968963,0,0,1432,1432,1432,0,84478,84478,0,0,84478,1432,14.43,7.73
107,2026-05-10 21:05:45,0,q89,0,10,385,2079,2214,27369,22731,1147,1224,0,464,0,721,958045,0,0,3692060312,275269957,1817813891,0,0,31000,80,80,0,2425361,2425361,0,0,2425361,31000,13.16,2.08
108,2026-05-10 21:05:48,0,q90,0,14,400,1106,1843,14084,12212,1298,1442,0,112,0,12,247693,0,0,304385536,144052870,379191855,0,0,94,94,94,0,5546,5546,0,0,5546,94,12.73,1.11
109,2026-05-10 21:05:50,0,q91,0,18,425,1127,2557,10484,8410,1646,1662,0,0,0,610,918693,0,0,2978994248,19346085,203656674,0,0,2083224,256,256,0,44364222,44364222,0,0,44342238,2083083,9.3,1.13
110,2026-05-10 21:05:52,0,q92,0,11,309,1379,1909,17396,15025,1044,1048,0,0,0,827,715693,0,0,1039300696,144227628,1253218457,0,0,651743,96,96,0,8364978,8364978,0,0,8364978,651743,12.61,1.38
111,2026-05-10 21:05:55,0,q93,0,12,614,37576,55491,567008,368169,1148,1371,0,1648,0,212714,2224376,0,0,68145363512,316808513,2820790041,0,0,288995290,42012,42012,0,7557245785,7557245785,0,0,7557245785,288995290,15.09,37.58
112,2026-05-10 21:06:34,0,q94,0,14,463,7189,16705,105406,96193,1592,1575,0,1144,0,8484,512160,0,0,16630437440,152223255,1020797291,0,0,151171114,4440,4440,0,2327061444,2327061444,0,0,2327061444,151171114,14.66,7.19
113,2026-05-10 21:06:42,0,q95,0,14,490,23325,32486,346474,317235,1760,1786,0,5610,0,9261,944164,0,0,49888658408,152223251,990179326,0,0,367104120,16884,16884,0,3413742751,3413742751,0,0,2085751687,151153176,14.85,23.32
114,2026-05-10 21:07:06,0,q96,0,9,383,1107,1237,14154,13267,886,1045,0,80,0,24,423730,0,0,572089728,288034193,427847297,0,0,179,179,179,0,10561,10561,0,0,10561,179,12.79,1.11
115,2026-05-10 21:07:08,0,q97,0,8,444,11342,14628,148782,140839,1041,1115,0,630,0,4093,662712,0,0,22689626368,418353510,2207604761,0,0,83753000,1241,1241,0,957220551,957220551,0,0,957220551,83753000,13.12,11.34
116,2026-05-10 21:07:21,0,q98,0,10,350,1834,1736,18799,14995,930,1001,7,297,0,140,6774492,0,0,4933193848,275269554,2315163112,0,0,180923,99,99,0,22381005,22381005,0,0,18573144,150380,10.25,1.83
117,2026-05-10 21:07:24,0,q99,0,12,359,2516,2891,30817,26400,1287,1327,4,435,0,701,636301,0,0,3131391776,144014393,408531980,0,0,65159,196,196,0,4427503,4427503,0,0,4427503,65159,12.25,2.52
118,2026-05-10 21:07:27,1,q1,0,17,376,2367,3877,31743,28533,1357,1311,0,744,0,2344,892610,0,0,6837461944,57608414,621574356,0,0,18395894,615,615,0,276764274,276764274,0,0,276764274,18395894,13.41,2.37
119,2026-05-10 21:07:31,1,q2,0,14,405,2837,2986,38099,35880,1400,1424,3,952,0,456,755509,0,0,1015601344,215402822,942546199,0,0,5404,443,443,0,250855,250855,0,0,93329,3720,13.43,2.84
120,2026-05-10 21:07:35,1,q3,0,7,332,1240,1241,15624,14317,874,953,0,240,0,355,810486,0,0,528990184,275322603,2294373799,0,0,4634,35,35,0,373251,373251,0,0,373251,4634,12.6,1.24
121,2026-05-10 21:07:37,1,q4,0,34,1330,52120,251741,819836,630093,4172,4347,2,8556,0,171857,765025,0,0,115125933792,767460888,11859902868,0,0,566100624,26443,26443,0,14405228893,14405228893,0,0,8517805564,341212705,15.73,52.12
122,2026-05-10 21:08:30,1,q5,0,22,999,13915,20724,183912,173491,2937,3280,0,1802,0,4932,1009029,0,0,9102805064,611445087,5443782227,0,0,78868237,1233,1233,0,1120525516,1120525516,0,0,1120525516,78868237,13.22,13.92
123,2026-05-10 21:08:45,1,q5a,0,25,1004,13913,20133,182317,170700,3116,3351,5,1351,0,4829,1009287,0,0,9574664096,611445087,5443782227,0,0,78870706,1243,1243,0,1120754606,1120754606,0,0,1120545258,78867272,13.1,13.91
124,2026-05-10 21:09:00,1,q6,0,21,634,2100,3375,25026,18808,2318,2395,1,224,0,375,8479826,0,0,5288963336,278619675,1441039050,0,0,5131498,241,241,0,45198169,45198169,0,0,45198169,5131498,11.92,2.1
125,2026-05-10 21:09:04,1,q7,0,12,459,2954,3270,41922,36024,1458,1537,0,624,0,869,1573429,0,0,7631737408,277191365,4081654607,0,0,696063,624,624,0,22162805,22162805,0,0,22162805,696063,14.19,2.95
126,2026-05-10 21:09:08,1,q8,0,16,516,1892,2201,19151,16864,1671,1777,0,210,0,199,9492937,0,0,14161952888,279065986,1277122301,0,0,49844,27,27,0,691428,691428,0,0,691428,49844,10.12,1.89
127,2026-05-10 21:09:10,1,q9,0,17,1201,4592,22287,67814,64227,1522,2152,7,1033,0,171,388154,0,0,0,1440032996,9178992116,0,0,895,895,895,0,73404,73404,0,0,73404,895,14.77,4.59
128,2026-05-10 21:09:16,1,q10,0,19,786,2667,4537,34595,31159,1842,2113,0,160,0,990,29252425,0,0,10269770088,496276163,637546929,0,0,19145607,602,602,0,19871759,19871759,0,0,19871759,19145607,12.97,2.67
129,2026-05-10 21:09:20,1,q10a,0,15,726,1842,3246,22860,21398,1676,1915,2,160,0,1048,29252425,0,0,9589411776,495276153,629946422,0,0,20856568,612,612,0,49773297,49773297,0,0,49773297,20856568,12.41,1.84
130,2026-05-10 21:09:23,1,q11,0,28,978,15954,48147,243475,230562,3261,3349,0,3244,0,12167,589298,0,0,44791176400,624172931,4363755135,0,0,269945080,6379,6379,0,4430420851,4430420851,0,0,2954430909,191970515,15.26,15.95
131,2026-05-10 21:09:40,1,q12,0,9,216,861,824,7514,6696,750,789,0,0,0,94,6554102,0,0,1936889120,72225815,641857773,0,0,109208,57,57,0,13357470,13357470,0,0,13357470,109208,8.73,0.86
132,2026-05-10 21:09:42,1,q13,0,13,499,3524,4168,49355,45504,1551,1676,0,1148,0,46,1760007,0,0,9300506600,277993977,4867704072,0,0,175,175,175,0,11012,11012,0,0,11012,175,14.01,3.52
133,2026-05-10 21:09:46,1,q14a,0,60,2590,70165,133346,1056920,452658,7724,8110,0,8106,0,600387,2441791,0,0,36114140728,1962237296,13942755482,0,0,637565887,4722,4722,0,8525719670,8525719670,0,0,8518301565,637330211,15.06,70.17
134,2026-05-10 21:10:59,1,q14b,0,48,2061,21028,27438,281805,239083,7356,7155,6,3639,0,12467,2441791,0,0,26834947064,1531929955,9858670679,0,0,134802754,4310,4310,0,485379140,485379140,0,0,485379140,134802754,13.4,21.03
135,2026-05-10 21:11:21,1,q14,0,48,2054,18983,24997,253626,233533,7595,7242,0,3630,0,6819,2336912,0,0,24750935824,1531929955,9858670679,0,0,134050968,3519,3519,0,399912510,399912510,0,0,399912510,134050968,13.36,18.98
136,2026-05-10 21:11:41,1,q15,0,9,327,3336,3240,43641,41032,1014,1095,0,208,0,101,19126933,0,0,16490050464,146307978,548200969,0,0,4200,7,7,0,142142,142142,0,0,142142,4200,13.08,3.34
137,2026-05-10 21:11:45,1,q16,0,14,630,13288,23868,202573,183550,1662,1814,0,2558,0,15153,1280400,0,0,41785807200,303406716,2170104123,0,0,301125284,21800,21800,0,4328955313,4328955313,0,0,4328955313,301125284,15.24,13.29
138,2026-05-10 21:12:00,1,q17,0,23,792,5595,10193,72647,60248,3993,3184,14,1386,0,2434,13952362,0,0,6358661496,446411917,3348882841,0,0,28190115,1072,1072,0,594090234,594090234,0,0,594090234,28190115,12.98,5.6
139,2026-05-10 21:12:07,1,q18,0,17,536,3835,5309,53651,46400,2141,1852,1,892,0,4395,9765564,0,0,9028584440,150353599,2872727855,0,0,11669020,2176,2176,0,366455351,366455351,0,0,366455351,11669020,13.99,3.84
140,2026-05-10 21:12:11,1,q18a,0,29,840,6196,15760,89637,78149,2793,2933,4,1264,0,6767,9765521,0,0,31854310392,153557630,2895749961,0,0,56294457,9674,9674,0,1683117946,1683117946,0,0,369964798,11778229,14.47,6.2
141,2026-05-10 21:12:19,1,q19,0,13,508,1952,2274,19536,17666,1527,1704,0,176,0,112,19126675,0,0,28845155264,278269977,2619417827,0,0,13028,7,7,0,769254,769254,0,0,769254,13028,10.01,1.95
142,2026-05-10 21:12:22,1,q20,0,9,269,1154,1119,12603,11277,802,872,0,176,0,106,6554102,0,0,2982058872,143511959,1223610711,0,0,114197,57,57,0,13913865,13913865,0,0,13913865,114197,10.92,1.15
143,2026-05-10 21:12:24,1,q21,0,10,240,2295,2412,24929,22991,944,966,0,128,0,94,250326,0,0,1106523448,399554218,2144041758,0,0,576630,63,63,0,9175595,9175595,0,0,9175595,576630,10.86,2.3
144,2026-05-10 21:12:27,1,q22,0,10,248,95459,95459,801279,792873,992,974,0,2262,0,736,9285378,0,0,3586507952,399554220,2139999627,0,0,7743003,340,340,0,332188456,332188456,0,0,332188456,7743003,8.39,95.46
145,2026-05-10 21:14:04,1,q22a,0,14,318,5048,6179,59648,54714,1074,1136,3,268,0,2861,9285335,0,0,13505249432,399554218,2141120742,0,0,10500715,1747,1747,0,531223558,531223558,0,0,117887858,2346075,11.82,5.05
146,2026-05-10 21:14:10,1,q23a,0,30,1372,38052,63757,583559,564842,4278,4417,1,6439,0,18629,13214646,0,0,94407354440,1055671477,5674217967,0,0,161175043,12719,12719,0,3947102930,3947102930,0,0,3513799537,129129014,15.34,38.05
147,2026-05-10 21:14:49,1,q23b,0,34,1456,40711,69856,623319,598750,4695,4799,9,7546,0,21910,13214689,0,0,107348878656,1057671487,5703336622,0,0,219745448,22317,22317,0,4871849891,4871849891,0,0,3569885627,131206517,15.31,40.71
148,2026-05-10 21:15:31,1,q24,0,22,675,5005,8836,67412,55852,2892,2861,0,1436,0,11798,13036729,0,0,7305478504,320217227,3235799697,0,0,31568283,3416,3416,0,449635392,449635392,0,0,449635392,31568283,13.47,5.0
149,2026-05-10 21:15:37,1,q24a,0,31,1005,11794,17770,153717,130293,3847,3969,0,1892,0,25655,7978974,0,0,21574691736,608427816,6154262263,0,0,100579193,8043,8043,0,1945226426,1945226426,0,0,1538537385,69847454,13.03,11.79
150,2026-05-10 21:15:50,1,q24b,0,32,1006,9931,12873,127389,120040,3969,3958,0,2226,0,12616,7978888,0,0,18878557560,608427816,6154262263,0,0,99830491,4856,4856,0,1919690401,1919690401,0,0,1513001360,69098752,12.83,9.93
151,2026-05-10 21:16:01,1,q25,0,23,792,4531,8293,59899,54696,3107,3092,1,666,0,1865,13952362,0,0,6009723240,446411917,4740037744,0,0,20197026,915,915,0,402707446,402707446,0,0,402707446,20197026,13.22,4.53
152,2026-05-10 21:16:07,1,q26,0,12,380,2188,2506,29814,27407,1322,1389,0,192,0,740,1573386,0,0,5378073712,145433770,2235483536,0,0,381559,420,420,0,12861580,12861580,0,0,12861580,381559,13.63,2.19
153,2026-05-10 21:16:10,1,q27,0,12,449,2480,2799,33502,29096,1451,1544,0,537,0,726,1573386,0,0,7028733256,277190767,3799581335,0,0,175123,240,240,0,6786697,6786697,0,0,6786697,175123,13.51,2.48
154,2026-05-10 21:16:14,1,q27a,0,20,1006,6681,11425,97799,91090,2790,3039,0,1198,0,1624,1573386,0,0,12310931960,827486275,11379261013,0,0,178342,410,410,0,7378483,7378483,0,0,7378483,178342,14.64,6.68
155,2026-05-10 21:16:21,1,q28,0,24,1475,9433,25135,144002,129454,2668,3094,0,1326,0,26482,535784,0,0,72783993536,1728039528,14114429742,0,0,7180162,17100,17100,0,115793630,115793630,0,0,115793630,7180162,15.27,9.43
156,2026-05-10 21:16:32,1,q29,0,28,901,10053,15421,129875,124728,3560,3632,1,1141,0,5075,13952362,0,0,12510713656,446451919,3349831191,0,0,93232843,2580,2580,0,1596718599,1596718599,0,0,1596718599,93232843,12.92,10.05
157,2026-05-10 21:16:43,1,q30,0,19,434,2138,3542,25651,22226,1438,1535,0,148,0,1848,8012019,0,0,9422382704,17770231,358866159,0,0,6155893,546,546,0,281959109,281959109,0,0,281959109,6155893,12.0,2.14
158,2026-05-10 21:16:46,1,q31,0,29,1188,4969,10904,67206,61311,3137,3278,0,554,0,1073,15423104,0,0,52911226384,1042202108,5323812009,0,0,84667,48,48,0,2834902,2834902,0,0,2765458,83741,13.53,4.97
159,2026-05-10 21:16:52,1,q32,0,11,416,1748,2354,23194,20683,1110,1184,0,352,0,851,481838,0,0,1291866552,286799916,2414670926,0,0,733310,164,164,0,9409034,9409034,0,0,9409034,733310,13.27,1.75
160,2026-05-10 21:16:55,1,q33,0,16,697,3057,5138,41087,36480,2002,2164,2,480,0,201,1868099,0,0,12103885032,491763335,4580153231,0,0,11976,12,12,0,304586,304586,0,0,304586,11976,13.44,3.06
161,2026-05-10 21:16:59,1,q34,0,14,475,1984,2576,25446,24028,1349,1482,0,128,0,1549,960281,0,0,774808632,277073167,735249152,0,0,4031113,97,97,0,135566568,135566568,0,0,68478889,2031113,12.83,1.98
162,2026-05-10 21:17:02,1,q35,0,17,743,4155,6431,56556,50670,1781,1949,12,320,0,1806,24091841,0,0,15432939152,495276153,628536151,0,0,57691365,1530,1530,0,114208829,114208829,0,0,114208829,57691365,13.61,4.16
163,2026-05-10 21:17:08,1,q35a,0,16,743,3304,4728,42731,39501,1632,1953,2,624,0,2268,24091841,0,0,14577301544,495276153,628536151,0,0,57706997,1547,1547,0,114348270,114348270,0,0,114348270,57706997,12.93,3.3
164,2026-05-10 21:17:12,1,q36,0,10,384,2008,2131,25724,23308,1123,1236,0,288,0,420,3736575,0,0,6387332520,275269957,3480220458,0,0,6953,40,40,0,547056,547056,0,0,547056,6953,12.81,2.01
165,2026-05-10 21:17:15,1,q36a,0,13,389,2044,2124,24998,22893,1156,1255,0,208,0,493,3736403,0,0,6926300392,275269957,3480220458,0,0,19286,123,123,0,1569222,1569222,0,0,539222,6678,12.23,2.04
166,2026-05-10 21:17:18,1,q37,0,10,347,4761,8471,51583,47596,1033,1053,0,826,0,3861,250326,0,0,4885927832,543548526,2770658720,0,0,51928707,1748,1748,0,663826465,663826465,0,0,663826465,143994433,10.83,4.76
167,2026-05-10 21:17:24,1,q38,0,18,708,8447,19847,128127,115700,1335,1596,2,1724,3,6892,405169,0,0,23481174392,492355333,604570203,0,0,120819579,3995,3995,0,731356941,731356941,0,0,626216931,116819579,15.17,8.45
168,2026-05-10 21:17:34,1,q39a,0,17,408,4239,7536,53795,49431,1649,1580,0,536,0,1232,2476663,0,0,6303890280,798904419,4281053994,0,0,13883617,187,187,0,264632223,264632223,0,0,177536069,9293617,12.69,4.24
169,2026-05-10 21:17:39,1,q39b,0,17,407,3772,6861,47037,44554,1600,1618,0,474,0,828,1045653,0,0,5920439144,798904419,4281053994,0,0,13774459,187,187,0,261566888,261566888,0,0,174470734,9184459,12.47,3.77
170,2026-05-10 21:17:44,1,q40,0,13,430,8484,22405,122579,115827,1313,1391,0,1048,0,9738,515169,0,0,24442330840,157909997,1384378348,0,0,157478827,6105,6105,0,3051263888,3051263888,0,0,3051263888,157478827,14.45,8.48
171,2026-05-10 21:17:53,1,q41,0,6,112,421,350,2246,341,521,528,0,80,0,11,232695,0,0,540036928,408002,3505726,0,0,292,2,2,0,19225,19225,0,0,19225,292,5.33,0.42
172,2026-05-10 21:17:55,1,q42,0,7,332,1363,1352,17993,15069,891,959,0,208,0,27,806100,0,0,972989264,275269554,2293926420,0,0,77,7,7,0,6388,6388,0,0,6388,77,13.2,1.36
173,2026-05-10 21:17:57,1,q43,0,7,328,1640,1668,21002,19775,874,978,0,112,0,326,809454,0,0,481321584,275065956,690812351,0,0,4522,38,38,0,500678,500678,0,0,500678,4522,12.81,1.64
174,2026-05-10 21:18:00,1,q44,0,11,548,2525,2656,34903,25044,1144,1185,1,779,0,9428,3452993,0,0,8077689664,576209971,3931352154,0,0,2631719,5939,5939,0,38173751,38173751,0,0,19096329,1316125,13.82,2.52
175,2026-05-10 21:18:04,1,q45,0,13,384,1813,2244,18423,17021,1374,1470,0,0,0,24,19126675,0,0,11853074376,75245836,560805037,0,0,178,5,5,0,15942,15942,0,0,15942,178,10.16,1.81
176,2026-05-10 21:18:07,1,q46,0,15,524,3088,3733,40239,36706,1651,1791,12,400,0,2291,13582955,0,0,15809895360,278073177,2456359301,0,0,2097508,545,545,0,69833265,69833265,0,0,69833265,2097508,13.03,3.09
177,2026-05-10 21:18:11,1,q47,0,15,442,3688,4554,49877,45277,1228,1334,0,368,0,2700,4637411,0,0,12461249104,275269957,1817455343,0,0,1731681,1968,1968,0,69788973,69788973,0,0,44215088,1097674,13.52,3.69
178,2026-05-10 21:18:15,1,q48,0,11,448,6654,7002,99207,94086,1564,1593,0,2396,0,92,2213870,0,0,9108104600,277986776,2556184554,0,0,175,175,175,0,10053,10053,0,0,10053,175,14.91,6.65
179,2026-05-10 21:18:23,1,q49,0,28,843,8290,17973,119769,109887,2599,2754,0,2156,0,10582,2405530,0,0,5390216224,540771495,7868622384,0,0,86104362,229,229,0,1835909124,1835909124,0,0,1835909124,86104362,14.45,8.29
180,2026-05-10 21:18:33,1,q50,0,16,604,16575,24309,245026,210557,1481,1711,0,1344,0,46019,1285788,0,0,40984956952,302953007,2114268204,0,0,265637490,18104,18104,0,5740252687,5740252687,0,0,5740252687,265637490,14.78,16.58
181,2026-05-10 21:18:50,1,q51,0,13,476,14074,20320,192901,172186,1089,1194,0,2464,0,19646,663271,0,0,24332587880,347067366,2224169590,0,0,142655042,2618,2618,0,2404730214,2404730214,0,0,2404730214,142655042,13.71,14.07
182,2026-05-10 21:19:05,1,q51a,0,17,547,247128,285816,3212696,3156922,1437,1513,0,23118,0,12518,662583,0,0,68419952696,347067366,2224169590,0,0,283180134,3641,3641,0,4672557269,4672557269,0,0,3426466949,216786871,13.0,247.13
183,2026-05-10 21:23:14,1,q52,0,7,332,1232,1239,15868,13556,928,984,1,96,0,167,805455,0,0,972989264,275269554,2294188564,0,0,5811,7,7,0,293338,293338,0,0,293338,5811,12.88,1.23
184,2026-05-10 21:23:16,1,q53,0,10,384,1624,1761,20281,19022,1237,1222,0,160,0,644,955809,0,0,823814096,275269957,1818223315,0,0,39647,39,39,0,1005033,1005033,0,0,1005033,39647,12.49,1.62
185,2026-05-10 21:23:19,1,q54,0,29,981,3373,6111,42768,39334,3500,3603,21,456,0,564,19126718,0,0,17687697240,493745849,2619128729,0,0,8236501,169,169,0,77483407,77483407,0,0,77483407,8236501,12.68,3.37
186,2026-05-10 21:23:23,1,q55,0,7,332,1225,1232,15916,13075,934,972,0,144,0,131,805498,0,0,972989264,275269554,2294188564,0,0,3998,7,7,0,214887,214887,0,0,214887,3998,12.99,1.23
187,2026-05-10 21:23:25,1,q56,0,16,697,2905,4658,38484,35431,2001,2177,0,377,0,182,1868056,0,0,10050819976,491763335,4581210515,0,0,46055,12,12,0,920811,920811,0,0,920811,46055,13.25,2.9
188,2026-05-10 21:23:29,1,q57,0,15,380,2949,4019,38268,33254,1214,1256,0,144,0,3213,4637411,0,0,12266226168,143511990,974287521,0,0,2599517,2340,2340,0,105614698,105614698,0,0,67477514,1646165,12.98,2.95
189,2026-05-10 21:23:33,1,q58,0,18,687,2907,5162,35471,32034,2009,2135,0,155,0,123,1573429,0,0,7527388888,490705424,4142892127,0,0,567105,14,14,0,7210412,7210412,0,0,7210412,567105,12.2,2.91
190,2026-05-10 21:23:37,1,q59,0,25,863,3946,7690,42020,39963,2717,3006,0,375,0,1258,1195805,0,0,4359450832,550318014,1382957360,0,0,109145,82,82,0,2808746,2808746,0,0,2808746,109145,10.65,3.95
191,2026-05-10 21:23:42,1,q60,0,16,697,3203,5246,41991,38289,2060,2194,0,390,0,308,1868056,0,0,12033679536,491763335,4581146011,0,0,283510,17,17,0,4377799,4377799,0,0,4377799,283510,13.11,3.2
192,2026-05-10 21:23:47,1,q61,0,18,785,3572,5921,46739,43321,1877,2168,1,272,0,61,19126718,0,0,39414209800,553316530,5582498790,0,0,350,350,350,0,19978,19978,0,0,19978,350,13.08,3.57
193,2026-05-10 21:23:51,1,q62,0,11,302,1435,1709,17909,16119,1147,1218,0,240,0,578,300984,0,0,276983840,72021876,234418940,0,0,14400,40,40,0,1296925,1296925,0,0,1296925,14400,12.48,1.44
194,2026-05-10 21:23:54,1,q63,0,10,384,1674,1752,21612,20298,1117,1232,0,112,0,333,956540,0,0,890857400,275269957,1818161875,0,0,6002,39,39,0,272500,272500,0,0,272500,6002,12.91,1.67
195,2026-05-10 21:23:57,1,q64,0,58,1646,23832,61904,346207,325093,6721,6673,0,3616,0,13699,40030405,0,0,41657040264,742775773,11214251005,0,0,232434788,6281,6281,0,3617833725,3617833725,0,0,3091808570,195467289,14.53,23.83
196,2026-05-10 21:24:22,1,q65,0,15,677,10711,20037,155244,147848,1793,1846,4,1086,0,9459,18416256,0,0,21749128128,550315509,3625597575,0,0,121631492,1377,1377,0,3653569657,3653569657,0,0,3653569657,121631492,14.49,10.71
197,2026-05-10 21:24:34,1,q66,0,14,454,3139,4277,41019,34089,1708,1792,0,407,0,236,633248,0,0,5254137136,215349809,2199932472,0,0,975,65,65,0,334320,334320,0,0,334320,975,13.07,3.14
198,2026-05-10 21:24:38,1,q67,0,11,487,47587,47670,639669,626793,1405,1506,0,5925,0,11227,9285378,0,0,55419999560,275269957,2070426314,0,0,69421512,4204,4204,0,4912853396,4912853396,0,0,4912853396,69421512,13.44,47.59
199,2026-05-10 21:25:27,1,q67a,0,19,1063,72902,242011,1133349,1091509,3389,3421,5,9513,0,36235,9285335,0,0,222504436952,275269957,2070426314,0,0,535599517,29037,29037,0,36352450503,36352450503,0,0,7669917791,121039109,15.55,72.9
200,2026-05-10 21:26:41,1,q68,0,15,520,3463,4146,45182,38678,1649,1765,16,488,0,984,13582955,0,0,15059348936,278073177,3778306000,0,0,2022735,60,60,0,65566972,65566972,0,0,65566972,2022735,13.05,3.46
201,2026-05-10 21:26:45,1,q69,0,16,726,2570,4650,34873,30870,1685,1868,6,65,0,1079,28817400,0,0,10795980248,495276153,629264302,0,0,16091419,510,510,0,46268454,46268454,0,0,46268454,16091419,13.57,2.57
202,2026-05-10 21:26:49,1,q70,0,14,607,3942,4029,51900,48650,1521,1751,0,346,0,296,1845009,0,0,3714240504,550111911,2523503134,0,0,1485,78,78,0,93231,93231,0,0,93231,1485,13.17,3.94
203,2026-05-10 21:26:54,1,q70a,0,17,612,2900,2958,37658,35238,1587,1766,0,408,0,302,1835854,0,0,1635960816,550111911,2523503134,0,0,1854,163,163,0,138807,138807,0,0,69407,1152,12.99,2.9
204,2026-05-10 21:26:58,1,q71,0,13,636,2754,2805,34896,29828,1869,2039,7,512,0,401,2146364,0,0,2953460104,490599325,4440411545,0,0,265572,129,129,0,9877456,9877456,0,0,5910128,163536,12.67,2.75
205,2026-05-10 21:27:02,1,q72,0,26,946,164914,208887,2540737,2373048,3525,3320,5,47213,0,86670,13214689,0,0,82523784096,559315309,3877495668,0,0,537663712,28595,28595,0,9684906333,9684906333,0,0,9684906333,537663712,15.41,164.91
206,2026-05-10 21:29:48,1,q73,0,14,475,1978,2762,25636,22989,1863,1522,0,1111,0,880,959378,0,0,837348152,277073167,735249152,0,0,4016581,70,70,0,134852157,134852157,0,0,67764478,2016581,12.96,1.98
207,2026-05-10 21:29:51,1,q74,0,28,972,15633,48561,239409,200729,3247,3298,2,6326,0,11807,589169,0,0,43804974688,624172931,3226973271,0,0,269945080,5935,5935,0,2931100538,2931100538,0,0,2060574882,191970515,15.31,15.63
208,2026-05-10 21:30:08,1,q75,0,32,1396,16469,33129,246758,209028,3573,3609,0,2705,0,15215,430416,0,0,25550952624,1031314069,10823755244,0,0,140055201,3592,3592,0,3212469243,3212469243,0,0,2149659832,89656379,14.98,16.47
209,2026-05-10 21:30:25,1,q76,0,9,579,3027,2956,41268,34209,1637,1772,44,544,0,1605,1938423,0,0,26526203720,484926017,4435128664,0,0,6344,322,322,0,666621,666621,0,0,666621,6344,13.63,3.03
210,2026-05-10 21:30:29,1,q77,0,23,835,3649,6799,48878,37480,2732,2656,3,980,0,312,807261,0,0,1703344160,539424889,4871322535,0,0,12127,41,41,0,445341,445341,0,0,445341,12127,13.39,3.65
211,2026-05-10 21:30:34,1,q77a,0,26,840,3640,6751,47314,43044,2477,2663,0,516,0,261,805240,0,0,2242312024,539424889,4871322535,0,0,13801,51,51,0,632731,632731,0,0,462137,11327,13.0,3.64
212,2026-05-10 21:30:39,1,q78,0,22,999,60725,120571,938221,414136,2805,3029,11,4060,0,534332,1068552,0,0,96293332400,540774746,5859313287,0,0,406636630,23741,23741,0,11387232940,11387232940,0,0,11387232940,406636630,15.45,60.72
213,2026-05-10 21:31:41,1,q79,0,13,478,3004,3554,43084,37348,1457,1546,0,544,0,2598,965871,0,0,10880886024,277073167,2440928437,0,0,3605120,2176,2176,0,111096220,111096220,0,0,111096220,3605120,14.34,3.0
214,2026-05-10 21:31:45,1,q80,0,38,1308,74373,172314,1166522,364323,5248,5089,1,3481,0,803806,1113564,0,0,54884401176,541205579,8400081391,0,0,265494091,15014,15014,0,7549276446,7549276446,0,0,7549276446,265494091,15.68,74.37
215,2026-05-10 21:33:00,1,q80a,0,41,1313,75381,168605,1181330,365230,5149,5089,3,4138,0,818471,1113994,0,0,55356260208,541205579,8400081391,0,0,265493763,15029,15029,0,7549419029,7549419029,0,0,7549197329,265491833,15.67,75.38
216,2026-05-10 21:34:17,1,q81,0,19,457,3021,5039,42471,27767,1537,1546,0,352,0,9357,8012019,0,0,14237655400,32816075,486890793,0,0,11400653,1445,1445,0,249973081,249973081,0,0,249973081,11400653,14.06,3.02
217,2026-05-10 21:34:21,1,q82,0,13,466,2588,3454,28509,23936,1543,1677,0,378,0,718,404620,0,0,185173928,687764791,3356032423,0,0,40832,190,190,0,227610,227610,0,0,227610,40832,11.02,2.59
218,2026-05-10 21:34:25,1,q83,0,17,415,1411,2358,12771,10843,1692,1664,0,84,0,213,1573386,0,0,2472331560,49490275,357288222,0,0,371976,19,19,0,4721069,4721069,0,0,4721069,371976,9.05,1.41
219,2026-05-10 21:34:27,1,q84,0,15,376,1414,3104,15754,13229,1292,1383,0,352,0,1157,9765521,0,0,1313097696,33729863,180014751,0,0,27798849,47,47,0,145788599,145788599,0,0,145788599,27798849,11.14,1.41
220,2026-05-10 21:34:30,1,q85,0,18,514,3962,17705,54988,45988,2046,2107,0,2458,0,2538,17038067,0,0,9166144312,84065130,1314089896,0,0,9151985,1088,1088,0,347044993,347044993,0,0,347044993,9151985,13.88,3.96
221,2026-05-10 21:34:35,1,q86,0,8,205,1291,1266,13617,12581,810,774,0,80,0,304,3736575,0,0,3074785168,72225815,624922170,0,0,5682,31,31,0,393071,393071,0,0,393071,5682,10.55,1.29
222,2026-05-10 21:34:37,1,q86a,0,11,210,1180,1144,12430,11444,759,786,0,208,0,314,3736446,0,0,3479534984,72225815,624922170,0,0,14504,90,90,0,1060494,1060494,0,0,368370,5084,10.53,1.18
223,2026-05-10 21:34:39,1,q87,0,18,708,8976,21387,136224,122089,1342,1601,3,1008,0,6665,405169,0,0,23481174392,492355333,604570203,0,0,120819579,3995,3995,0,731356941,731356941,0,0,626216931,116819579,15.18,8.98
224,2026-05-10 21:34:49,1,q88,0,44,2350,7307,20656,104926,99844,4308,5063,0,788,0,208,423859,0,0,4612277248,2304260316,3421968963,0,0,1432,1432,1432,0,84478,84478,0,0,84478,1432,14.36,7.31
225,2026-05-10 21:34:58,1,q89,0,10,385,1977,2110,25755,23906,1182,1224,0,180,0,645,956669,0,0,3692060312,275269957,1817813891,0,0,31000,80,80,0,2425361,2425361,0,0,2425361,31000,13.03,1.98
226,2026-05-10 21:35:01,1,q90,0,14,400,1058,1759,13240,11802,1344,1444,0,32,0,12,247693,0,0,304385536,144052870,379191855,0,0,94,94,94,0,5546,5546,0,0,5546,94,12.51,1.06
227,2026-05-10 21:35:03,1,q91,0,18,425,1075,2234,9678,8107,1605,1644,0,0,0,521,918693,0,0,2978994248,19346085,203656674,0,0,2083224,256,256,0,44364222,44364222,0,0,44342238,2083083,9.0,1.08
228,2026-05-10 21:35:05,1,q92,0,11,309,1385,1893,17711,15647,1049,1052,8,272,0,821,715693,0,0,1039300696,144227628,1253218457,0,0,651743,96,96,0,8364978,8364978,0,0,8364978,651743,12.79,1.38
229,2026-05-10 21:35:08,1,q93,0,12,614,27060,35686,405873,372365,1217,1435,0,3266,0,46578,2225494,0,0,68145363512,316808513,2820790041,0,0,288995290,42012,42012,0,7557245785,7557245785,0,0,7557245785,288995290,15.0,27.06
230,2026-05-10 21:35:36,1,q94,0,14,463,7487,15684,109746,94387,1451,1537,0,1792,0,9554,512160,0,0,16630437440,152223255,1020797291,0,0,151171114,4440,4440,0,2327061444,2327061444,0,0,2327061444,151171114,14.66,7.49
231,2026-05-10 21:35:44,1,q95,0,14,490,23679,32831,353408,329224,1781,1827,0,8515,0,7481,944164,0,0,49888658408,152223251,990179326,0,0,367104120,16884,16884,0,3413742751,3413742751,0,0,2085751687,151153176,14.92,23.68
232,2026-05-10 21:36:09,1,q96,0,9,383,1055,1197,13406,12472,907,1017,0,176,0,29,424289,0,0,572089728,288034193,427847297,0,0,179,179,179,0,10561,10561,0,0,10561,179,12.71,1.06
233,2026-05-10 21:36:11,1,q97,0,8,444,11217,14528,146981,140726,1049,1120,0,1680,0,3007,663873,0,0,22689626368,418353510,2207604761,0,0,83753000,1241,1241,0,957220551,957220551,0,0,957220551,83753000,13.1,11.22
234,2026-05-10 21:36:23,1,q98,0,10,350,1775,1693,18196,16779,922,994,6,94,0,163,6774492,0,0,4933193848,275269554,2315163112,0,0,180923,99,99,0,22381005,22381005,0,0,18573144,150380,10.25,1.78
235,2026-05-10 21:36:26,1,q99,0,12,359,2388,2748,29978,27584,1280,1350,0,317,0,766,635570,0,0,3131391776,144014393,408531980,0,0,65159,196,196,0,4427503,4427503,0,0,4427503,65159,12.55,2.39
236,2026-05-10 21:36:30,2,q1,0,17,376,2252,3694,30137,26972,1255,1314,0,384,0,2446,892610,0,0,6837461944,57608414,621574356,0,0,18395894,615,615,0,276764274,276764274,0,0,276764274,18395894,13.38,2.25
237,2026-05-10 21:36:33,2,q2,0,14,405,2894,3024,39322,37235,1318,1417,0,752,0,464,755509,0,0,1015601344,215402822,942546199,0,0,5404,443,443,0,250855,250855,0,0,93329,3720,13.59,2.89
238,2026-05-10 21:36:37,2,q3,0,7,332,1235,1234,16039,13475,929,965,0,161,0,528,808981,0,0,528990184,275322603,2294373799,0,0,4634,35,35,0,373251,373251,0,0,373251,4634,12.99,1.24
239,2026-05-10 21:36:39,2,q4,0,34,1330,45400,216635,711437,649160,4582,4441,9,10556,0,35012,765025,0,0,115125933792,767460888,11859902868,0,0,566100624,26443,26443,0,14405228893,14405228893,0,0,8517805564,341212705,15.67,45.4
240,2026-05-10 21:37:26,2,q5,0,22,999,14415,21282,193099,171310,3028,3305,5,2133,0,14481,1010706,0,0,9102805064,611445087,5443782227,0,0,78868237,1233,1233,0,1120525516,1120525516,0,0,1120525516,78868237,13.4,14.42
241,2026-05-10 21:37:41,2,q5a,0,25,1004,13692,19688,179288,170825,3045,3327,1,2192,0,5241,1011781,0,0,9574664096,611445087,5443782227,0,0,78870706,1243,1243,0,1120754606,1120754606,0,0,1120545258,78867272,13.09,13.69
242,2026-05-10 21:37:56,2,q6,0,21,634,1831,2845,21201,19408,2326,2409,0,246,0,397,8479826,0,0,5288963336,278619675,1441039050,0,0,5131498,241,241,0,45198169,45198169,0,0,45198169,5131498,11.58,1.83
243,2026-05-10 21:37:59,2,q7,0,12,459,2725,3059,38168,34374,1514,1557,0,876,0,691,1573386,0,0,7631737408,277191365,4081654607,0,0,696063,624,624,0,22162805,22162805,0,0,22162805,696063,14.01,2.72
244,2026-05-10 21:38:03,2,q8,0,16,516,1830,2112,18627,15715,1641,1780,0,210,0,232,9493152,0,0,14161952888,279065986,1277122301,0,0,49844,27,27,0,691428,691428,0,0,691428,49844,10.18,1.83
245,2026-05-10 21:38:06,2,q9,0,17,1201,4616,22403,68174,64215,1600,2121,0,1578,0,162,388670,0,0,0,1440032996,9178992116,0,0,895,895,895,0,73404,73404,0,0,73404,895,14.77,4.62
246,2026-05-10 21:38:12,2,q10,0,19,786,2546,4472,32639,29621,1952,2154,4,212,0,1019,29252425,0,0,10269770088,496276163,637546929,0,0,19145607,602,602,0,19871759,19871759,0,0,19871759,19145607,12.82,2.55
247,2026-05-10 21:38:15,2,q10a,0,15,726,1839,3060,22960,21269,1634,1908,1,329,0,1141,29252468,0,0,9589411776,495276153,629946422,0,0,20856568,612,612,0,49773297,49773297,0,0,49773297,20856568,12.49,1.84
248,2026-05-10 21:38:18,2,q11,0,28,978,16836,50291,258341,231579,3316,3359,4,4702,0,18728,589169,0,0,44791176400,624172931,4363755135,0,0,269945080,6379,6379,0,4430420851,4430420851,0,0,2954430909,191970515,15.34,16.84
249,2026-05-10 21:38:36,2,q12,0,9,216,915,885,8295,7496,774,792,0,40,0,91,6554102,0,0,1936889120,72225815,641857773,0,0,109208,57,57,0,13357470,13357470,0,0,13357470,109208,9.07,0.92
250,2026-05-10 21:38:38,2,q13,0,13,499,3841,4493,54648,49981,1559,1668,0,2256,0,42,1760007,0,0,9300506600,277993977,4867704072,0,0,175,175,175,0,11012,11012,0,0,11012,175,14.23,3.84
251,2026-05-10 21:38:43,2,q14a,0,60,2590,67342,128193,1013541,464605,7751,8156,16,13296,2,541219,2441791,0,0,36114140728,1962237296,13942755482,0,0,637565887,4722,4722,0,8525719670,8525719670,0,0,8518301565,637330211,15.05,67.34
252,2026-05-10 21:39:52,2,q14b,0,48,2061,21354,27880,290194,252534,7222,7293,2,6312,0,10500,2441791,0,0,26834947064,1531929955,9858670679,0,0,134802754,4310,4310,0,485379140,485379140,0,0,485379140,134802754,13.59,21.35
253,2026-05-10 21:40:15,2,q14,0,48,2054,19354,27001,258893,232058,7211,7291,29,6714,0,8714,2336869,0,0,24750935824,1531929955,9858670679,0,0,134050968,3519,3519,0,399912510,399912510,0,0,399912510,134050968,13.38,19.35
254,2026-05-10 21:40:35,2,q15,0,9,327,3311,3281,43542,40627,1022,1095,0,966,0,112,19126675,0,0,16490050464,146307978,548200969,0,0,4200,7,7,0,142142,142142,0,0,142142,4200,13.15,3.31
255,2026-05-10 21:40:40,2,q16,0,14,630,13350,29112,203975,180204,2030,1925,16,7342,0,15690,1280400,0,0,41785807200,303406716,2170104123,0,0,301125284,21800,21800,0,4328955313,4328955313,0,0,4328955313,301125284,15.28,13.35
256,2026-05-10 21:40:54,2,q17,0,23,792,5362,9328,71699,60352,3009,3065,6,1204,0,6421,13952405,0,0,6358661496,446411917,3348882841,0,0,28190115,1072,1072,0,594090234,594090234,0,0,594090234,28190115,13.37,5.36
257,2026-05-10 21:41:01,2,q18,0,17,536,3848,5362,54045,41956,1843,1799,0,1056,0,3687,9765521,0,0,9028584440,150353599,2872727855,0,0,11669020,2176,2176,0,366455351,366455351,0,0,366455351,11669020,14.04,3.85
258,2026-05-10 21:41:06,2,q18a,0,29,840,6693,16768,96804,80453,3001,2961,0,1483,0,10129,9765951,0,0,31854310392,153557630,2895749961,0,0,56294457,9674,9674,0,1683117946,1683117946,0,0,369964798,11778229,14.46,6.69
259,2026-05-10 21:41:13,2,q19,0,13,508,2055,2597,23074,20102,1589,1719,0,233,0,127,19126675,0,0,28845155264,278269977,2619417827,0,0,13028,7,7,0,769254,769254,0,0,769254,13028,11.23,2.06
260,2026-05-10 21:41:17,2,q20,0,9,269,1037,1005,9888,8834,829,872,0,0,0,98,6554102,0,0,2982058872,143511959,1223610711,0,0,114197,57,57,0,13913865,13913865,0,0,13913865,114197,9.54,1.04
261,2026-05-10 21:41:19,2,q21,0,10,240,2183,2317,24442,19760,963,983,0,85,0,91,250326,0,0,1106523448,399554218,2144041758,0,0,576630,63,63,0,9175595,9175595,0,0,9175595,576630,11.2,2.18
262,2026-05-10 21:41:22,2,q22,0,10,248,88722,88732,857738,852010,1003,976,0,1775,0,737,9285378,0,0,3586507952,399554220,2139999627,0,0,7743003,340,340,0,332188456,332188456,0,0,332188456,7743003,9.67,88.72
263,2026-05-10 21:42:52,2,q22a,0,14,318,5184,6825,61353,56445,1097,1128,0,372,0,2084,9285378,0,0,13505249432,399554218,2141120742,0,0,10500715,1747,1747,0,531223558,531223558,0,0,117887858,2346075,11.84,5.18
264,2026-05-10 21:42:58,2,q23a,0,30,1372,37844,63424,580295,563787,4373,4462,7,6884,0,16765,13214689,0,0,94407354440,1055671477,5674217967,0,0,161175043,12719,12719,0,3947102930,3947102930,0,0,3513799537,129129014,15.33,37.84
265,2026-05-10 21:43:37,2,q23b,0,34,1456,40714,69767,620080,598527,4532,4683,9,7857,0,19263,13214603,0,0,107348878656,1057671487,5703336622,0,0,219745448,22317,22317,0,4871849891,4871849891,0,0,3569885627,131206517,15.23,40.71
266,2026-05-10 21:44:19,2,q24,0,22,675,5279,9302,72378,53902,2881,2842,0,1063,0,11077,13036729,0,0,7305478504,320217227,3235799697,0,0,31568283,3416,3416,0,449635392,449635392,0,0,449635392,31568283,13.71,5.28
267,2026-05-10 21:44:25,2,q24a,0,31,1005,10923,16159,140136,130382,3899,3941,1,2166,0,14117,7978974,0,0,21574691736,608427816,6154262263,0,0,100579193,8043,8043,0,1945226426,1945226426,0,0,1538537385,69847454,12.83,10.92
268,2026-05-10 21:44:37,2,q24b,0,32,1006,10061,13036,129506,118211,4188,3943,15,3349,0,12260,7978888,0,0,18878557560,608427816,6154262263,0,0,99830491,4856,4856,0,1919690401,1919690401,0,0,1513001360,69098752,12.87,10.06
269,2026-05-10 21:44:48,2,q25,0,23,792,4414,8002,57603,53267,3076,3098,5,922,0,1742,13952362,0,0,6009723240,446411917,4740037744,0,0,20197026,915,915,0,402707446,402707446,0,0,402707446,20197026,13.05,4.41
270,2026-05-10 21:44:54,2,q26,0,12,380,2428,2657,32149,29627,1517,1446,0,516,0,681,1573386,0,0,5378073712,145433770,2235483536,0,0,381559,420,420,0,12861580,12861580,0,0,12861580,381559,13.24,2.43
271,2026-05-10 21:44:57,2,q27,0,12,449,2563,2879,34638,31322,1432,1542,0,384,0,785,1573386,0,0,7028733256,277190767,3799581335,0,0,175123,240,240,0,6786697,6786697,0,0,6786697,175123,13.51,2.56
272,2026-05-10 21:45:01,2,q27a,0,20,1006,6423,11076,93610,87328,2868,3055,0,1136,0,1670,1573386,0,0,12310931960,827486275,11379261013,0,0,178342,410,410,0,7378483,7378483,0,0,7378483,178342,14.57,6.42
273,2026-05-10 21:45:08,2,q28,0,24,1475,9543,25247,145973,126192,2640,3086,12,1808,2,29788,535913,0,0,72783993536,1728039528,14114429742,0,0,7180162,17100,17100,0,115793630,115793630,0,0,115793630,7180162,15.3,9.54
274,2026-05-10 21:45:19,2,q29,0,28,901,10045,15372,129495,124094,3485,3649,2,992,0,4995,13952362,0,0,12510713656,446451919,3349831191,0,0,93232843,2580,2580,0,1596718599,1596718599,0,0,1596718599,93232843,12.89,10.04
275,2026-05-10 21:45:30,2,q30,0,19,434,2208,3703,27182,23429,1430,1519,0,304,0,2194,8012019,0,0,9422382704,17770231,358866159,0,0,6155893,546,546,0,281959109,281959109,0,0,281959109,6155893,12.31,2.21
276,2026-05-10 21:45:34,2,q31,0,29,1188,5456,12044,75125,68854,2988,3267,0,671,0,845,15423190,0,0,52911226384,1042202108,5323812009,0,0,84667,48,48,0,2834902,2834902,0,0,2765458,83741,13.77,5.46
277,2026-05-10 21:45:40,2,q32,0,11,416,1795,2400,24311,21486,1100,1194,0,176,0,944,481838,0,0,1291866552,286799916,2414670926,0,0,733310,164,164,0,9409034,9409034,0,0,9409034,733310,13.54,1.8
278,2026-05-10 21:45:43,2,q33,0,16,697,2881,4597,38028,33636,2011,2157,0,500,0,185,1868099,0,0,12103885032,491763335,4580153231,0,0,11976,12,12,0,304586,304586,0,0,304586,11976,13.2,2.88
279,2026-05-10 21:45:47,2,q34,0,14,475,1896,2529,24013,22380,1358,1487,0,144,0,1672,960281,0,0,774808632,277073167,735249152,0,0,4031113,97,97,0,135566568,135566568,0,0,68478889,2031113,12.67,1.9
280,2026-05-10 21:45:50,2,q35,0,17,743,4082,6207,55249,49333,1736,1943,0,400,0,2244,24091841,0,0,15432939152,495276153,628536151,0,0,57691365,1530,1530,0,114208829,114208829,0,0,114208829,57691365,13.53,4.08
281,2026-05-10 21:45:55,2,q35a,0,16,743,3250,4607,42383,38624,1648,1948,6,400,0,2125,24092142,0,0,14577301544,495276153,628536151,0,0,57706997,1547,1547,0,114348270,114348270,0,0,114348270,57706997,13.04,3.25
282,2026-05-10 21:45:59,2,q36,0,10,384,2017,2147,25639,24101,1123,1233,0,240,0,469,3736575,0,0,6387332520,275269957,3480220458,0,0,6953,40,40,0,547056,547056,0,0,547056,6953,12.71,2.02
283,2026-05-10 21:46:02,2,q36a,0,13,389,2083,2172,25513,21810,1215,1268,0,504,0,525,3736446,0,0,6926300392,275269957,3480220458,0,0,19286,123,123,0,1569222,1569222,0,0,539222,6678,12.25,2.08
284,2026-05-10 21:46:06,2,q37,0,10,347,4706,8321,50637,47529,952,1057,0,649,0,3685,250326,0,0,4885927832,543548526,2770658720,0,0,51928707,1748,1748,0,663826465,663826465,0,0,663826465,143994433,10.76,4.71
285,2026-05-10 21:46:11,2,q38,0,18,708,9175,21795,140257,124312,1336,1597,0,1445,0,6526,405169,0,0,23481174392,492355333,604570203,0,0,120819579,3995,3995,0,731356941,731356941,0,0,626216931,116819579,15.29,9.18
286,2026-05-10 21:46:22,2,q39a,0,17,408,4307,7691,54989,50704,1710,1612,3,357,0,1132,2476663,0,0,6303890280,798904419,4281053994,0,0,13883617,187,187,0,264632223,264632223,0,0,177536069,9293617,12.77,4.31
287,2026-05-10 21:46:27,2,q39b,0,17,407,3941,7191,50144,44794,1577,1609,0,544,0,823,1045567,0,0,5920439144,798904419,4281053994,0,0,13774459,187,187,0,261566888,261566888,0,0,174470734,9184459,12.72,3.94
288,2026-05-10 21:46:32,2,q40,0,13,430,8405,22574,121392,115803,1358,1379,0,896,3,10732,515126,0,0,24442330840,157909997,1384378348,0,0,157478827,6105,6105,0,3051263888,3051263888,0,0,3051263888,157478827,14.44,8.4
289,2026-05-10 21:46:42,2,q41,0,6,112,415,347,2203,343,511,534,0,0,0,11,232007,0,0,540036928,408002,3505726,0,0,292,2,2,0,19225,19225,0,0,19225,292,5.31,0.42
290,2026-05-10 21:46:43,2,q42,0,7,332,1851,1857,26181,12477,882,948,0,112,0,25,805369,0,0,972989264,275269554,2293926420,0,0,77,7,7,0,6388,6388,0,0,6388,77,14.14,1.85
291,2026-05-10 21:46:46,2,q43,0,7,328,1806,1834,23747,22247,850,959,0,241,0,316,810271,0,0,481321584,275065956,690812351,0,0,4522,38,38,0,500678,500678,0,0,500678,4522,13.15,1.81
292,2026-05-10 21:46:49,2,q44,0,11,548,2205,2373,30114,25453,1045,1162,2,192,0,6210,3453036,0,0,8077689664,576209971,3931352154,0,0,2631719,5939,5939,0,38173751,38173751,0,0,19096329,1316125,13.66,2.2
293,2026-05-10 21:46:52,2,q45,0,13,384,2127,2537,23951,22230,1380,1472,0,0,0,19,19126718,0,0,11853074376,75245836,560805037,0,0,178,5,5,0,15942,15942,0,0,15942,178,11.26,2.13
294,2026-05-10 21:46:55,2,q46,0,15,524,3130,3852,40796,36292,1685,1758,0,538,0,3039,13582998,0,0,15809895360,278073177,2456359301,0,0,2097508,545,545,0,69833265,69833265,0,0,69833265,2097508,13.03,3.13
295,2026-05-10 21:47:00,2,q47,0,15,442,3695,4595,50066,44719,1283,1367,8,288,0,2639,4637411,0,0,12461249104,275269957,1817455343,0,0,1731681,1968,1968,0,69788973,69788973,0,0,44215088,1097674,13.55,3.7
296,2026-05-10 21:47:04,2,q48,0,11,448,6544,6882,97002,92434,1519,1573,0,1696,0,107,2213440,0,0,9108104600,277986776,2556184554,0,0,175,175,175,0,10053,10053,0,0,10053,175,14.82,6.54
297,2026-05-10 21:47:12,2,q49,0,28,843,7854,17346,113421,104073,2642,2792,0,1520,0,9911,2405530,0,0,5390216224,540771495,7868622384,0,0,86104362,229,229,0,1835909124,1835909124,0,0,1835909124,86104362,14.44,7.85
298,2026-05-10 21:47:21,2,q50,0,16,604,32894,51912,471805,200712,1600,1670,0,854,0,280608,1285917,0,0,40984956952,302953007,2114268204,0,0,265637490,18104,18104,0,5740252687,5740252687,0,0,5740252687,265637490,14.34,32.89
299,2026-05-10 21:47:55,2,q51,0,13,476,13767,18992,183703,175122,1115,1205,0,1824,0,8519,662540,0,0,24332587880,347067366,2224169590,0,0,142655042,2618,2618,0,2404730214,2404730214,0,0,2404730214,142655042,13.34,13.77
300,2026-05-10 21:48:10,2,q51a,0,17,547,246966,285617,3214012,3162075,1393,1526,0,24236,0,10515,663142,0,0,68419952696,347067366,2224169590,0,0,283180134,3641,3641,0,4672557269,4672557269,0,0,3426466949,216786871,13.01,246.97
301,2026-05-10 21:52:18,2,q52,0,7,332,1172,1175,14949,12390,889,972,1,105,0,224,805455,0,0,972989264,275269554,2294188564,0,0,5811,7,7,0,293338,293338,0,0,293338,5811,12.76,1.17
302,2026-05-10 21:52:20,2,q53,0,10,384,1576,1700,19551,18210,1165,1236,0,194,0,679,956497,0,0,823814096,275269957,1818223315,0,0,39647,39,39,0,1005033,1005033,0,0,1005033,39647,12.41,1.58
303,2026-05-10 21:52:23,2,q54,0,29,981,3390,6070,43252,40137,3436,3609,0,375,0,562,19126675,0,0,17687697240,493745849,2619128729,0,0,8236501,169,169,0,77483407,77483407,0,0,77483407,8236501,12.76,3.39
304,2026-05-10 21:52:27,2,q55,0,7,332,1155,1163,14788,12028,941,965,0,120,0,163,805412,0,0,972989264,275269554,2294188564,0,0,3998,7,7,0,214887,214887,0,0,214887,3998,12.8,1.16
305,2026-05-10 21:52:29,2,q56,0,16,697,2772,4442,36091,33078,2031,2195,8,400,0,183,1868099,0,0,10050819976,491763335,4581210515,0,0,46055,12,12,0,920811,920811,0,0,920811,46055,13.02,2.77
306,2026-05-10 21:52:33,2,q57,0,15,380,3034,4159,39885,34340,1237,1261,0,528,0,3399,4637411,0,0,12266226168,143511990,974287521,0,0,2599517,2340,2340,0,105614698,105614698,0,0,67477514,1646165,13.15,3.03
307,2026-05-10 21:52:37,2,q58,0,18,687,2913,5272,36591,33135,1946,2149,0,166,0,106,1573386,0,0,7527388888,490705424,4142892127,0,0,567105,14,14,0,7210412,7210412,0,0,7210412,567105,12.56,2.91
308,2026-05-10 21:52:41,2,q59,0,25,863,3884,7537,41775,39426,2691,2991,0,356,0,1131,1195848,0,0,4359450832,550318014,1382957360,0,0,109145,82,82,0,2771159,2771159,0,0,2771159,109145,10.76,3.88
309,2026-05-10 21:52:46,2,q60,0,16,697,3273,5327,43217,38732,2090,2187,6,516,0,281,1868056,0,0,12033679536,491763335,4581146011,0,0,283510,17,17,0,4377799,4377799,0,0,4377799,283510,13.2,3.27
310,2026-05-10 21:52:51,2,q61,0,18,785,3524,5915,46064,42763,1899,2171,2,224,0,89,19126675,0,0,39414209800,553316530,5582498790,0,0,350,350,350,0,19978,19978,0,0,19978,350,13.07,3.52
311,2026-05-10 21:52:55,2,q62,0,11,302,1508,1804,19485,17629,1147,1226,0,202,0,569,301070,0,0,276983840,72021876,234418940,0,0,14400,40,40,0,1296925,1296925,0,0,1296925,14400,12.92,1.51
312,2026-05-10 21:52:58,2,q63,0,10,384,1529,1608,19410,18105,1114,1222,0,120,0,341,956454,0,0,890857400,275269957,1818161875,0,0,6002,39,39,0,272500,272500,0,0,272500,6002,12.69,1.53
313,2026-05-10 21:53:01,2,q64,0,58,1646,23330,60121,337148,314475,6800,6716,2,4126,0,13334,40030491,0,0,41657040264,742775773,11214251005,0,0,232434788,6281,6281,0,3617833725,3617833725,0,0,3091808570,195467289,14.45,23.33
314,2026-05-10 21:53:25,2,q65,0,15,677,10800,20255,156674,150789,1644,1847,2,900,0,8931,18416256,0,0,21749128128,550315509,3625597575,0,0,121631492,1377,1377,0,3653569657,3653569657,0,0,3653569657,121631492,14.51,10.8
315,2026-05-10 21:53:37,2,q66,0,14,454,3343,4646,44184,36640,1874,1807,1,550,0,255,633291,0,0,5254137136,215349809,2199932472,0,0,975,65,65,0,334320,334320,0,0,334320,975,13.22,3.34
316,2026-05-10 21:53:42,2,q67,0,11,487,47692,47746,641762,629291,1341,1502,0,7512,0,11432,9285378,0,0,55419999560,275269957,2070426314,0,0,69421512,4204,4204,0,4912853396,4912853396,0,0,4912853396,69421512,13.46,47.69
317,2026-05-10 21:54:30,2,q67a,0,19,1063,72135,239683,1121706,1082203,3301,3376,2,10185,4,30714,9285335,0,0,222504436952,275269957,2070426314,0,0,535599517,29037,29037,0,36352450503,36352450503,0,0,7669917791,121039109,15.55,72.14
318,2026-05-10 21:55:44,2,q68,0,15,520,3236,3972,42606,36781,1702,1777,0,562,0,964,13582955,0,0,15059348936,278073177,3778306000,0,0,2022735,60,60,0,65566972,65566972,0,0,65566972,2022735,13.17,3.24
319,2026-05-10 21:55:48,2,q69,0,16,726,2421,4426,32651,28896,1609,1857,0,176,0,1154,28817400,0,0,10795980248,495276153,629264302,0,0,16091419,510,510,0,46268454,46268454,0,0,46268454,16091419,13.49,2.42
320,2026-05-10 21:55:52,2,q70,0,14,607,4266,4356,57389,55033,1515,1727,7,308,0,257,1845095,0,0,3714240504,550111911,2523503134,0,0,1485,78,78,0,93231,93231,0,0,93231,1485,13.45,4.27
321,2026-05-10 21:55:57,2,q70a,0,17,612,2887,2956,37431,36139,1546,1748,7,224,0,266,1834994,0,0,1635960816,550111911,2523503134,0,0,1854,163,163,0,138807,138807,0,0,69407,1152,12.97,2.89
322,2026-05-10 21:56:01,2,q71,0,13,636,2757,2784,34492,31314,1846,2049,10,416,0,451,2146364,0,0,2953460104,490599325,4440411545,0,0,265572,129,129,0,9876635,9876635,0,0,5909307,163536,12.51,2.76
323,2026-05-10 21:56:05,2,q72,0,26,946,192942,254741,2901638,2330640,3009,3277,2,12720,0,558018,13214689,0,0,82523784096,559315309,3877495668,0,0,537663712,28595,28595,0,9684906333,9684906333,0,0,9684906333,537663712,15.04,192.94
324,2026-05-10 21:59:19,2,q73,0,14,475,1700,2347,21874,20367,1324,1426,0,144,0,975,956755,0,0,837348152,277073167,735249152,0,0,4016581,70,70,0,134852157,134852157,0,0,67764478,2016581,12.87,1.7
325,2026-05-10 21:59:22,2,q74,0,28,972,15477,48621,237453,209121,3211,3294,0,4196,0,13250,589169,0,0,43804974688,624172931,3226973271,0,0,269945080,5935,5935,0,2931100538,2931100538,0,0,2060574882,191970515,15.34,15.48
326,2026-05-10 21:59:38,2,q75,0,32,1396,16159,31949,241980,215441,3416,3643,0,3084,0,12394,430330,0,0,25550952624,1031314069,10823755244,0,0,140055201,3592,3592,0,3212469243,3212469243,0,0,2149659832,89656379,14.97,16.16
327,2026-05-10 21:59:55,2,q76,0,9,579,3146,3060,42217,35562,1688,1780,0,472,0,1785,1938251,0,0,26526203720,484926017,4435128664,0,0,6344,322,322,0,666621,666621,0,0,666621,6344,13.42,3.15
328,2026-05-10 22:00:00,2,q77,0,23,835,3484,6333,47300,39595,2548,2638,4,672,0,299,807132,0,0,1703344160,539424889,4871322535,0,0,12127,41,41,0,445341,445341,0,0,445341,12127,13.58,3.48
329,2026-05-10 22:00:04,2,q77a,0,26,840,3275,5991,41297,38243,2690,2632,0,318,0,280,805283,0,0,2242312024,539424889,4871322535,0,0,13801,51,51,0,632731,632731,0,0,462137,11327,12.61,3.28
330,2026-05-10 22:00:09,2,q78,0,22,999,63910,133781,989729,428267,2737,3069,0,4336,0,568904,1068552,0,0,96293332400,540774746,5859313287,0,0,406636630,23741,23741,0,11387232940,11387232940,0,0,11387232940,406636630,15.49,63.91
331,2026-05-10 22:01:14,2,q79,0,13,478,3325,3836,48121,40090,1427,1544,1,528,0,5008,965914,0,0,10880886024,277073167,2440928437,0,0,3605120,2176,2176,0,111096220,111096220,0,0,111096220,3605120,14.47,3.32
332,2026-05-10 22:01:18,2,q80,0,38,1308,75667,176191,1189423,366792,5257,5051,0,4003,0,821977,1113607,0,0,54884401176,541205579,8400081391,0,0,265494091,15014,15014,0,7549276446,7549276446,0,0,7549276446,265494091,15.72,75.67
333,2026-05-10 22:02:35,2,q80a,0,41,1313,75403,171393,1180905,364409,5283,5112,1,4423,0,816398,1113564,0,0,55356260208,541205579,8400081391,0,0,265493763,15029,15029,0,7549419029,7549419029,0,0,7549197329,265491833,15.66,75.4
334,2026-05-10 22:03:52,2,q81,0,19,457,2674,4254,36095,28561,1581,1565,0,416,0,3462,8012019,0,0,14237655400,32816075,486890793,0,0,11400653,1445,1445,0,249973081,249973081,0,0,249973081,11400653,13.5,2.67
335,2026-05-10 22:03:55,2,q82,0,13,466,4067,5317,46410,25585,1623,1703,2,327,0,4454,404233,0,0,185173928,687764791,3356032423,0,0,40832,190,190,0,227610,227610,0,0,227610,40832,11.41,4.07
336,2026-05-10 22:04:00,2,q83,0,17,415,1493,2290,14167,10855,1672,1664,0,15,0,218,1573386,0,0,2472331560,49490275,357288222,0,0,371976,19,19,0,4721069,4721069,0,0,4721069,371976,9.49,1.49
337,2026-05-10 22:04:03,2,q84,0,15,376,1398,3166,16166,12853,1360,1390,0,78,0,1087,9765521,0,0,1313097696,33729863,180014751,0,0,27798849,47,47,0,145788599,145788599,0,0,145788599,27798849,11.56,1.4
338,2026-05-10 22:04:06,2,q85,0,18,514,4019,18142,56611,46552,2157,2115,0,2762,0,2896,17038024,0,0,9166144312,84065130,1314089896,0,0,9151985,1088,1088,0,347044993,347044993,0,0,347044993,9151985,14.09,4.02
339,2026-05-10 22:04:11,2,q86,0,8,205,1281,1256,13631,12532,706,768,0,128,0,314,3736575,0,0,3074785168,72225815,624922170,0,0,5682,31,31,0,393071,393071,0,0,393071,5682,10.64,1.28
340,2026-05-10 22:04:13,2,q86a,0,11,210,1014,974,9705,8918,752,791,0,128,0,306,3736403,0,0,3479534984,72225815,624922170,0,0,14504,90,90,0,1060494,1060494,0,0,368370,5084,9.57,1.01
341,2026-05-10 22:04:15,2,q87,0,18,708,9512,22227,144757,118849,1316,1594,0,1408,0,15419,405169,0,0,23481174392,492355333,604570203,0,0,120819579,3995,3995,0,731356941,731356941,0,0,626216931,116819579,15.22,9.51
342,2026-05-10 22:04:26,2,q88,0,44,2350,7597,21476,109806,104421,4029,5066,0,843,0,281,423730,0,0,4612277248,2304260316,3421968963,0,0,1432,1432,1432,0,84478,84478,0,0,84478,1432,14.45,7.6
343,2026-05-10 22:04:34,2,q89,0,10,385,1885,2026,24183,21797,1145,1213,0,336,0,708,957357,0,0,3692060312,275269957,1817813891,0,0,31000,80,80,0,2425361,2425361,0,0,2425361,31000,12.83,1.88
344,2026-05-10 22:04:37,2,q90,0,14,400,1029,1682,12769,11300,1315,1451,0,80,0,12,247693,0,0,304385536,144052870,379191855,0,0,94,94,94,0,5546,5546,0,0,5546,94,12.41,1.03
345,2026-05-10 22:04:39,2,q91,0,18,425,1054,2399,10582,8718,1538,1652,0,112,0,587,918693,0,0,2978994248,19346085,203656674,0,0,2083224,256,256,0,44364222,44364222,0,0,44342238,2083083,10.04,1.05
346,2026-05-10 22:04:42,2,q92,0,11,309,1339,1887,17075,15503,1041,1056,0,144,0,822,715693,0,0,1039300696,144227628,1253218457,0,0,651743,96,96,0,8364978,8364978,0,0,8364978,651743,12.75,1.34
347,2026-05-10 22:04:44,2,q93,0,12,614,34976,52608,545152,376278,1402,1578,18,6032,0,179872,2225107,0,0,68145363512,316808513,2820790041,0,0,288995290,42012,42012,0,7557245785,7557245785,0,0,7557245785,288995290,15.59,34.98
348,2026-05-10 22:05:20,2,q94,0,14,463,8691,19938,128702,92874,1416,1475,0,1108,0,33816,512160,0,0,16630437440,152223255,1020797291,0,0,151171114,4440,4440,0,2327061444,2327061444,0,0,2327061444,151171114,14.81,8.69
349,2026-05-10 22:05:30,2,q95,0,14,490,23077,32255,347501,321266,1855,1864,3,5882,0,7706,944207,0,0,49888658408,152223251,990179326,0,0,367104120,16884,16884,0,3413742751,3413742751,0,0,2085751687,151153176,15.06,23.08
350,2026-05-10 22:05:54,2,q96,0,9,383,1111,1250,14299,13382,873,1046,0,80,0,24,423773,0,0,572089728,288034193,427847297,0,0,179,179,179,0,10561,10561,0,0,10561,179,12.87,1.11
351,2026-05-10 22:05:56,2,q97,0,8,444,11390,14566,148807,143776,1029,1135,0,497,0,3269,662540,0,0,22689626368,418353510,2207604761,0,0,83753000,1241,1241,0,957220551,957220551,0,0,957220551,83753000,13.06,11.39
352,2026-05-10 22:06:09,2,q98,0,10,350,1807,1727,17793,14471,999,999,7,336,0,133,6774492,0,0,4933193848,275269554,2315163112,0,0,180923,99,99,0,22381005,22381005,0,0,18573144,150380,9.85,1.81
353,2026-05-10 22:06:11,2,q99,0,12,359,2497,2856,31582,29355,1283,1324,0,423,0,724,636000,0,0,3131391776,144014393,408531980,0,0,65159,196,196,0,4427503,4427503,0,0,4427503,65159,12.65,2.5
354,2026-05-10 22:06:15,3,q1,0,17,376,2409,4062,32699,28824,1309,1303,0,936,1,2670,892610,0,0,6837461944,57608414,621574356,0,0,18395894,615,615,0,276764274,276764274,0,0,276764274,18395894,13.57,2.41
355,2026-05-10 22:06:18,3,q2,0,14,405,2885,3042,39345,36917,1308,1419,4,892,0,677,755509,0,0,1015601344,215402822,942546199,0,0,5404,443,443,0,250855,250855,0,0,93329,3720,13.64,2.88
356,2026-05-10 22:06:22,3,q3,0,7,332,1374,1373,18161,15732,967,965,0,252,0,533,809755,0,0,528990184,275322603,2294373799,0,0,4634,35,35,0,373251,373251,0,0,373251,4634,13.22,1.37
357,2026-05-10 22:06:25,3,q4,0,34,1330,62529,288902,985856,641800,4299,4293,3,8865,0,325611,765025,0,0,115125933792,767460888,11859902868,0,0,566100624,26443,26443,0,14405228893,14405228893,0,0,8517805564,341212705,15.77,62.53
358,2026-05-10 22:07:29,3,q5,0,22,999,14246,21285,187887,176881,2985,3311,0,1592,0,4963,1009717,0,0,9102805064,611445087,5443782227,0,0,78868237,1233,1233,0,1120525516,1120525516,0,0,1120525516,78868237,13.19,14.25
359,2026-05-10 22:07:44,3,q5a,0,25,1004,13922,20013,182279,173805,3044,3324,0,1903,0,4798,1009502,0,0,9574664096,611445087,5443782227,0,0,78870706,1243,1243,0,1120754606,1120754606,0,0,1120545258,78867272,13.09,13.92
360,2026-05-10 22:07:59,3,q6,0,21,634,1872,2928,21743,19640,2293,2373,0,240,0,416,8479869,0,0,5288963336,278619675,1441039050,0,0,5131498,241,241,0,45198169,45198169,0,0,45198169,5131498,11.61,1.87
361,2026-05-10 22:08:02,3,q7,0,12,459,2976,3304,41872,33191,1541,1580,0,660,0,1118,1573386,0,0,7631737408,277191365,4081654607,0,0,696063,624,624,0,22162805,22162805,0,0,22162805,696063,14.07,2.98
362,2026-05-10 22:08:06,3,q8,0,16,516,1712,2000,17572,15296,1655,1786,0,240,0,208,9493367,0,0,14161952888,279065986,1277122301,0,0,49844,27,27,0,691428,691428,0,0,691428,49844,10.26,1.71
363,2026-05-10 22:08:09,3,q9,0,17,1201,4577,22215,67718,63839,1391,2111,14,1153,0,179,387122,0,0,0,1440032996,9178992116,0,0,895,895,895,0,73404,73404,0,0,73404,895,14.8,4.58
364,2026-05-10 22:08:14,3,q10,0,19,786,2663,4511,33906,31247,2082,2154,0,338,0,827,29252425,0,0,10269770088,496276163,637546929,0,0,19145607,602,602,0,19871759,19871759,0,0,19871759,19145607,12.73,2.66
365,2026-05-10 22:08:18,3,q10a,0,15,726,1833,3161,22656,21027,1668,1907,0,290,0,1088,29252855,0,0,9589411776,495276153,629946422,0,0,20856568,612,612,0,49773297,49773297,0,0,49773297,20856568,12.36,1.83
366,2026-05-10 22:08:21,3,q11,0,28,978,15718,47441,240541,228106,3315,3369,4,3295,0,11915,589857,0,0,44791176400,624172931,4363755135,0,0,269945080,6379,6379,0,4430420851,4430420851,0,0,2954430909,191970515,15.3,15.72
367,2026-05-10 22:08:38,3,q12,0,9,216,873,837,7228,6585,741,788,0,0,0,93,6554102,0,0,1936889120,72225815,641857773,0,0,109208,57,57,0,13357470,13357470,0,0,13357470,109208,8.28,0.87
368,2026-05-10 22:08:40,3,q13,0,13,499,3514,4133,49556,44404,1618,1649,0,1462,0,44,1760007,0,0,9300506600,277993977,4867704072,0,0,175,175,175,0,11012,11012,0,0,11012,175,14.1,3.51
369,2026-05-10 22:08:44,3,q14a,0,60,2590,77268,148193,1170208,447908,7637,8175,3,8811,0,713401,2441791,0,0,36114140728,1962237296,13942755482,0,0,637565887,4722,4722,0,8525719670,8525719670,0,0,8518301565,637330211,15.14,77.27
370,2026-05-10 22:10:04,3,q14b,0,48,2061,20858,27804,282986,249135,7093,7284,0,4324,0,22783,2441791,0,0,26834947064,1531929955,9858670679,0,0,134802754,4310,4310,0,485379140,485379140,0,0,485379140,134802754,13.57,20.86
371,2026-05-10 22:10:26,3,q14,0,48,2054,19480,25727,261791,234973,7377,7270,2,4004,0,7618,2336869,0,0,24750935824,1531929955,9858670679,0,0,134050968,3519,3519,0,399912510,399912510,0,0,399912510,134050968,13.44,19.48
372,2026-05-10 22:10:46,3,q15,0,9,327,3271,3242,44052,41587,999,1102,0,313,0,111,19126761,0,0,16490050464,146307978,548200969,0,0,4200,7,7,0,142142,142142,0,0,142142,4200,13.47,3.27
373,2026-05-10 22:10:51,3,q16,0,14,630,12833,23191,195180,181111,1688,1864,2,2240,0,14660,1280099,0,0,41785807200,303406716,2170104123,0,0,301125284,21800,21800,0,4328955313,4328955313,0,0,4328955313,301125284,15.21,12.83
374,2026-05-10 22:11:05,3,q17,0,23,792,5279,9407,70111,61284,3183,3085,3,1233,0,2447,13952362,0,0,6358661496,446411917,3348882841,0,0,28190115,1072,1072,0,594090234,594090234,0,0,594090234,28190115,13.28,5.28
375,2026-05-10 22:11:11,3,q18,0,17,536,3469,4575,47951,42004,1724,1814,0,537,0,3700,9765521,0,0,9028584440,150353599,2872727855,0,0,11669020,2176,2176,0,366455351,366455351,0,0,366455351,11669020,13.82,3.47
376,2026-05-10 22:11:16,3,q18a,0,29,840,6411,16390,92444,82172,2894,2991,0,1008,0,5417,9765607,0,0,31854310392,153557630,2895749961,0,0,56294457,9674,9674,0,1683117946,1683117946,0,0,369964798,11778229,14.42,6.41
377,2026-05-10 22:11:23,3,q19,0,13,508,2056,2526,23096,19989,1556,1703,0,320,0,173,19126675,0,0,28845155264,278269977,2619417827,0,0,13028,7,7,0,769254,769254,0,0,769254,13028,11.23,2.06
378,2026-05-10 22:11:26,3,q20,0,9,269,1145,1109,11724,10853,816,865,5,5,0,103,6554102,0,0,2982058872,143511959,1223610711,0,0,114197,57,57,0,13913865,13913865,0,0,13913865,114197,10.24,1.14
379,2026-05-10 22:11:29,3,q21,0,10,240,2382,2494,26643,19853,922,951,0,272,0,88,250326,0,0,1106523448,399554218,2144041758,0,0,576630,63,63,0,9175595,9175595,0,0,9175595,576630,11.19,2.38
380,2026-05-10 22:11:32,3,q22,0,10,248,93873,93876,804196,798292,974,977,0,2480,0,827,9285378,0,0,3586507952,399554220,2139999627,0,0,7743003,340,340,0,332188456,332188456,0,0,332188456,7743003,8.57,93.87
381,2026-05-10 22:13:07,3,q22a,0,14,318,5254,6584,62940,57778,1061,1129,0,408,0,2635,9285335,0,0,13505249432,399554218,2141120742,0,0,10500715,1747,1747,0,531223558,531223558,0,0,117887858,2346075,11.98,5.25
382,2026-05-10 22:13:13,3,q23a,0,30,1372,37480,62602,575700,558528,4171,4430,1,6564,0,16951,13214689,0,0,94407354440,1055671477,5674217967,0,0,161175043,12719,12719,0,3947102930,3947102930,0,0,3513799537,129129014,15.36,37.48
383,2026-05-10 22:13:52,3,q23b,0,34,1456,40777,70185,621018,601669,4396,4634,1,7006,0,19129,13214689,0,0,107348878656,1057671487,5703336622,0,0,219745448,22317,22317,0,4871849891,4871849891,0,0,3569885627,131206517,15.23,40.78
384,2026-05-10 22:14:34,3,q24,0,22,675,4571,7964,60314,53108,2949,2844,4,1168,0,7751,13036729,0,0,7305478504,320217227,3235799697,0,0,31568283,3416,3416,0,449635392,449635392,0,0,449635392,31568283,13.19,4.57
385,2026-05-10 22:14:39,3,q24a,0,31,1005,10827,16045,139469,130497,3794,3938,0,2016,0,13965,7979017,0,0,21574691736,608427816,6154262263,0,0,100579193,8043,8043,0,1945226426,1945226426,0,0,1538537385,69847454,12.88,10.83
386,2026-05-10 22:14:51,3,q24b,0,32,1006,9736,12744,124259,117970,3989,3963,6,1518,0,12129,7978888,0,0,18878557560,608427816,6154262263,0,0,99830491,4856,4856,0,1919690401,1919690401,0,0,1513001360,69098752,12.76,9.74
387,2026-05-10 22:15:02,3,q25,0,23,792,4472,8230,58900,53793,3202,3120,1,789,0,1759,13952276,0,0,6009723240,446411917,4740037744,0,0,20197026,915,915,0,402707446,402707446,0,0,402707446,20197026,13.17,4.47
388,2026-05-10 22:15:08,3,q26,0,12,380,2001,2306,26604,24381,1392,1422,0,240,0,739,1573386,0,0,5378073712,145433770,2235483536,0,0,381559,420,420,0,12861580,12861580,0,0,12861580,381559,13.3,2.0
389,2026-05-10 22:15:11,3,q27,0,12,449,2610,2924,35718,32088,1475,1555,0,544,0,784,1573386,0,0,7028733256,277190767,3799581335,0,0,175123,240,240,0,6786697,6786697,0,0,6786697,175123,13.69,2.61
390,2026-05-10 22:15:15,3,q27a,0,20,1006,6474,11184,94488,88219,2656,3005,1,1178,0,1555,1573386,0,0,12310931960,827486275,11379261013,0,0,178342,410,410,0,7378483,7378483,0,0,7378483,178342,14.59,6.47
391,2026-05-10 22:15:22,3,q28,0,24,1475,9563,25436,146337,132428,2646,3066,5,1335,0,25822,535698,0,0,72783993536,1728039528,14114429742,0,0,7180162,17100,17100,0,115793630,115793630,0,0,115793630,7180162,15.3,9.56
392,2026-05-10 22:15:33,3,q29,0,28,901,10249,15860,132258,126029,3649,3615,1,1919,0,5027,13952362,0,0,12510713656,446451919,3349831191,0,0,93232843,2580,2580,0,1596718599,1596718599,0,0,1596718599,93232843,12.9,10.25
393,2026-05-10 22:15:44,3,q30,0,19,434,2191,3785,27291,24150,1438,1530,0,117,0,2148,8012019,0,0,9422382704,17770231,358866159,0,0,6155893,546,546,0,281959109,281959109,0,0,281959109,6155893,12.46,2.19
394,2026-05-10 22:15:47,3,q31,0,29,1188,5218,11401,71214,64457,3045,3233,3,585,0,791,15423147,0,0,52911226384,1042202108,5323812009,0,0,84667,48,48,0,2834902,2834902,0,0,2765458,83741,13.65,5.22
395,2026-05-10 22:15:54,3,q32,0,11,416,1708,2171,22734,21139,1088,1170,0,110,0,1035,481838,0,0,1291866552,286799916,2414670926,0,0,733310,164,164,0,9409034,9409034,0,0,9409034,733310,13.31,1.71
396,2026-05-10 22:15:56,3,q33,0,16,697,2650,4213,34351,30526,2029,2165,12,383,0,192,1868185,0,0,12103885032,491763335,4580153231,0,0,11976,12,12,0,304586,304586,0,0,304586,11976,12.96,2.65
397,2026-05-10 22:16:00,3,q34,0,14,475,1964,2561,25264,23961,1347,1486,0,144,0,1456,960281,0,0,774808632,277073167,735249152,0,0,4031113,97,97,0,135566568,135566568,0,0,68478889,2031113,12.86,1.96
398,2026-05-10 22:16:03,3,q35,0,17,743,4203,6190,56479,49075,1757,1897,9,648,0,2412,24091841,0,0,15432939152,495276153,628536151,0,0,57691365,1530,1530,0,114208829,114208829,0,0,114208829,57691365,13.44,4.2
399,2026-05-10 22:16:09,3,q35a,0,16,743,3196,4602,41710,38748,1740,1975,31,576,0,1942,24091884,0,0,14577301544,495276153,628536151,0,0,57706997,1547,1547,0,114348270,114348270,0,0,114348270,57706997,13.05,3.2
400,2026-05-10 22:16:13,3,q36,0,10,384,1948,2079,24832,22350,1145,1242,0,312,0,470,3736575,0,0,6387332520,275269957,3480220458,0,0,6953,40,40,0,547056,547056,0,0,547056,6953,12.75,1.95
401,2026-05-10 22:16:16,3,q36a,0,13,389,2189,2273,27429,25009,1154,1245,0,240,0,588,3736532,0,0,6926300392,275269957,3480220458,0,0,19286,123,123,0,1569222,1569222,0,0,539222,6678,12.53,2.19
402,2026-05-10 22:16:19,3,q37,0,10,347,4622,8313,50186,46877,941,1048,0,784,0,4145,250326,0,0,4885927832,543548526,2770658720,0,0,51928707,1748,1748,0,663826465,663826465,0,0,663826465,143994433,10.86,4.62
403,2026-05-10 22:16:25,3,q38,0,18,708,8448,20133,127758,114378,1339,1589,0,1676,0,8054,405169,0,0,23481174392,492355333,604570203,0,0,120819579,3995,3995,0,731356941,731356941,0,0,626216931,116819579,15.12,8.45
404,2026-05-10 22:16:34,3,q39a,0,17,408,4884,8330,55866,50658,1615,1579,9,472,0,1183,2476663,0,0,6303890280,798904419,4281053994,0,0,13883617,187,187,0,264632223,264632223,0,0,177536069,9293617,11.44,4.88
405,2026-05-10 22:16:40,3,q39b,0,17,407,3607,6605,45684,42938,1659,1620,0,368,0,768,1045653,0,0,5920439144,798904419,4281053994,0,0,13774459,187,187,0,261566888,261566888,0,0,174470734,9184459,12.67,3.61
406,2026-05-10 22:16:45,3,q40,0,13,430,8518,23078,122860,115768,1278,1374,0,1088,0,10847,515126,0,0,24442330840,157909997,1384378348,0,0,157478827,6105,6105,0,3051263888,3051263888,0,0,3051263888,157478827,14.42,8.52
407,2026-05-10 22:16:55,3,q41,0,6,112,406,336,2165,331,503,530,0,0,0,11,232007,0,0,540036928,408002,3505726,0,0,292,2,2,0,19225,19225,0,0,19225,292,5.33,0.41
408,2026-05-10 22:16:56,3,q42,0,7,332,1282,1288,17039,13157,998,985,5,282,0,41,806186,0,0,972989264,275269554,2293926420,0,0,77,7,7,0,6388,6388,0,0,6388,77,13.29,1.28
409,2026-05-10 22:16:59,3,q43,0,7,328,1883,1914,24774,23448,884,981,0,259,0,355,810013,0,0,481321584,275065956,690812351,0,0,4522,38,38,0,500678,500678,0,0,500678,4522,13.16,1.88
410,2026-05-10 22:17:02,3,q44,0,11,548,2232,2395,30511,25231,1080,1163,1,264,0,6807,3453036,0,0,8077689664,576209971,3931352154,0,0,2631719,5939,5939,0,38173751,38173751,0,0,19096329,1316125,13.67,2.23
411,2026-05-10 22:17:05,3,q45,0,13,384,1628,2072,16187,14637,1379,1475,0,0,0,18,19126675,0,0,11853074376,75245836,560805037,0,0,178,5,5,0,15942,15942,0,0,15942,178,9.94,1.63
412,2026-05-10 22:17:08,3,q46,0,15,524,3105,3714,40327,38067,1646,1776,0,208,0,2278,13582955,0,0,15809895360,278073177,2456359301,0,0,2097508,545,545,0,69833265,69833265,0,0,69833265,2097508,12.99,3.1
413,2026-05-10 22:17:12,3,q47,0,15,442,3724,4714,50753,46129,1223,1347,0,613,0,2849,4637411,0,0,12461249104,275269957,1817455343,0,0,1731681,1968,1968,0,69788973,69788973,0,0,44215088,1097674,13.63,3.72
414,2026-05-10 22:17:17,3,q48,0,11,448,6548,6903,97297,92668,1511,1555,0,1760,0,65,2213440,0,0,9108104600,277986776,2556184554,0,0,175,175,175,0,10053,10053,0,0,10053,175,14.86,6.55
415,2026-05-10 22:17:24,3,q49,0,28,843,8297,18662,119821,110215,2713,2770,0,1830,0,9851,2405530,0,0,5390216224,540771495,7868622384,0,0,86104362,229,229,0,1835909124,1835909124,0,0,1835909124,86104362,14.44,8.3
416,2026-05-10 22:17:34,3,q50,0,16,604,18722,27917,274165,207717,1537,1718,3,912,0,62780,1286003,0,0,40984956952,302953007,2114268204,0,0,265637490,18104,18104,0,5740252687,5740252687,0,0,5740252687,265637490,14.64,18.72
417,2026-05-10 22:17:53,3,q51,0,13,476,13822,19046,183728,174868,1199,1217,0,1776,0,9258,662454,0,0,24332587880,347067366,2224169590,0,0,142655042,2618,2618,0,2404730214,2404730214,0,0,2404730214,142655042,13.29,13.82
418,2026-05-10 22:18:08,3,q51a,0,17,547,247649,286830,3223836,3175002,1416,1508,0,23964,0,10181,662540,0,0,68419952696,347067366,2224169590,0,0,283180134,3641,3641,0,4672557269,4672557269,0,0,3426466949,216786871,13.02,247.65
419,2026-05-10 22:22:17,3,q52,0,7,332,1198,1204,15152,13451,879,960,0,146,0,147,805971,0,0,972989264,275269554,2294188564,0,0,5811,7,7,0,293338,293338,0,0,293338,5811,12.65,1.2
420,2026-05-10 22:22:19,3,q53,0,10,384,1584,1729,19816,17682,1111,1213,0,248,0,611,957099,0,0,823814096,275269957,1818223315,0,0,39647,39,39,0,1005033,1005033,0,0,1005033,39647,12.51,1.58
421,2026-05-10 22:22:22,3,q54,0,29,981,3446,6236,43926,38971,3519,3587,11,522,0,657,19127148,0,0,17687697240,493745849,2619128729,0,0,8236501,169,169,0,77483407,77483407,0,0,77483407,8236501,12.75,3.45
422,2026-05-10 22:22:26,3,q55,0,7,332,1174,1179,15059,13648,883,970,0,176,0,141,806186,0,0,972989264,275269554,2294188564,0,0,3998,7,7,0,214887,214887,0,0,214887,3998,12.83,1.17
423,2026-05-10 22:22:29,3,q56,0,16,697,2938,4898,38983,36035,1981,2146,0,262,0,231,1868056,0,0,10050819976,491763335,4581210515,0,0,46055,12,12,0,920811,920811,0,0,920811,46055,13.27,2.94
424,2026-05-10 22:22:33,3,q57,0,15,380,3113,4279,41041,35604,1212,1258,0,304,0,3609,4637411,0,0,12266226168,143511990,974287521,0,0,2599517,2340,2340,0,105614698,105614698,0,0,67477514,1646165,13.18,3.11
425,2026-05-10 22:22:37,3,q58,0,18,687,3024,5490,38224,34523,1933,2131,3,204,0,113,1573386,0,0,7527388888,490705424,4142892127,0,0,567105,14,14,0,7210412,7210412,0,0,7210412,567105,12.64,3.02
426,2026-05-10 22:22:41,3,q59,0,25,863,3927,7652,42392,40263,2729,3000,6,430,0,1221,1195848,0,0,4359450832,550318014,1382957360,0,0,109145,82,82,0,2771159,2771159,0,0,2771159,109145,10.8,3.93
427,2026-05-10 22:22:46,3,q60,0,16,697,3122,5161,40493,36508,2066,2199,0,288,0,301,1868056,0,0,12033679536,491763335,4581146011,0,0,283510,17,17,0,4377799,4377799,0,0,4377799,283510,12.97,3.12
428,2026-05-10 22:22:50,3,q61,0,18,785,3554,5866,46421,43157,1980,2178,0,378,0,57,19126675,0,0,39414209800,553316530,5582498790,0,0,350,350,350,0,19978,19978,0,0,19978,350,13.06,3.55
429,2026-05-10 22:22:55,3,q62,0,11,302,1462,1752,18501,16632,1151,1206,0,233,0,639,300855,0,0,276983840,72021876,234418940,0,0,14400,40,40,0,1296925,1296925,0,0,1296925,14400,12.65,1.46
430,2026-05-10 22:22:57,3,q63,0,10,384,1600,1682,20468,19228,1112,1211,0,144,0,324,956454,0,0,890857400,275269957,1818161875,0,0,6002,39,39,0,272500,272500,0,0,272500,6002,12.79,1.6
431,2026-05-10 22:23:00,3,q64,0,58,1646,23232,60683,338479,321994,6551,6680,0,3242,0,13972,40030448,0,0,41657040264,742775773,11214251005,0,0,232434788,6281,6281,0,3617833725,3617833725,0,0,3091808570,195467289,14.57,23.23
432,2026-05-10 22:23:25,3,q65,0,15,677,10917,20566,159503,152002,1661,1851,2,832,0,9502,18416256,0,0,21749128128,550315509,3625597575,0,0,121631492,1377,1377,0,3653569657,3653569657,0,0,3653569657,121631492,14.61,10.92
433,2026-05-10 22:23:37,3,q66,0,14,454,3224,4322,42729,35060,1758,1794,0,480,0,271,633291,0,0,5254137136,215349809,2199932472,0,0,975,65,65,0,334320,334320,0,0,334320,975,13.25,3.22
434,2026-05-10 22:23:41,3,q67,0,11,487,47850,47903,644695,629762,1358,1514,0,6094,0,11208,9285378,0,0,55419999560,275269957,2070426314,0,0,69421512,4204,4204,0,4912853396,4912853396,0,0,4912853396,69421512,13.47,47.85
435,2026-05-10 22:24:30,3,q67a,0,19,1063,71776,241814,1115455,1080886,3257,3356,7,7262,0,33962,9285292,0,0,222504436952,275269957,2070426314,0,0,535599517,29037,29037,0,36352450503,36352450503,0,0,7669917791,121039109,15.54,71.78
436,2026-05-10 22:25:43,3,q68,0,15,520,3444,4019,45429,39258,1644,1774,1,400,0,940,13582998,0,0,15059348936,278073177,3778306000,0,0,2022735,60,60,0,65566972,65566972,0,0,65566972,2022735,13.19,3.44
437,2026-05-10 22:25:47,3,q69,0,16,726,2484,4493,33369,29061,1665,1878,0,296,0,1400,28817830,0,0,10795980248,495276153,629264302,0,0,16091419,510,510,0,46268454,46268454,0,0,46268454,16091419,13.43,2.48
438,2026-05-10 22:25:51,3,q70,0,14,607,3949,4048,51656,46986,1543,1743,0,276,0,263,1844708,0,0,3714240504,550111911,2523503134,0,0,1485,78,78,0,93231,93231,0,0,93231,1485,13.08,3.95
439,2026-05-10 22:25:56,3,q70a,0,17,612,2909,2990,37747,36595,1568,1755,0,187,0,255,1834994,0,0,1635960816,550111911,2523503134,0,0,1854,163,163,0,138807,138807,0,0,69407,1152,12.98,2.91
440,2026-05-10 22:26:00,3,q71,0,13,636,2750,2799,34828,31692,1917,2036,20,310,0,439,2146364,0,0,2953460104,490599325,4440411545,0,0,265572,129,129,0,9877319,9877319,0,0,5909991,163536,12.66,2.75
441,2026-05-10 22:26:04,3,q72,0,26,946,190942,264201,2876503,2280748,3033,3264,1,12916,0,565272,13214689,0,0,82523784096,559315309,3877495668,0,0,537663712,28595,28595,0,9684906333,9684906333,0,0,9684906333,537663712,15.06,190.94
442,2026-05-10 22:29:16,3,q73,0,14,475,1813,2488,23983,22383,1386,1454,0,214,0,954,956712,0,0,837348152,277073167,735249152,0,0,4016581,70,70,0,134852157,134852157,0,0,67764478,2016581,13.23,1.81
443,2026-05-10 22:29:19,3,q74,0,28,972,15291,47853,234539,205992,3182,3272,2,4060,0,12471,589857,0,0,43804974688,624172931,3226973271,0,0,269945080,5935,5935,0,2931100538,2931100538,0,0,2060574882,191970515,15.34,15.29
444,2026-05-10 22:29:35,3,q75,0,32,1396,16105,32111,241176,210748,3661,3699,11,3523,0,13705,430373,0,0,25550952624,1031314069,10823755244,0,0,140055201,3592,3592,0,3212469243,3212469243,0,0,2149659832,89656379,14.98,16.1
445,2026-05-10 22:29:53,3,q76,0,9,579,3491,3400,47250,39389,1910,1805,0,560,0,1557,1938853,0,0,26526203720,484926017,4435128664,0,0,6344,322,322,0,666621,666621,0,0,666621,6344,13.53,3.49
446,2026-05-10 22:29:57,3,q77,0,23,835,3482,6474,46158,33571,2808,2662,0,494,0,272,807218,0,0,1703344160,539424889,4871322535,0,0,12127,41,41,0,445341,445341,0,0,445341,12127,13.26,3.48
447,2026-05-10 22:30:02,3,q77a,0,26,840,3636,6680,46531,39805,2534,2660,11,706,0,280,806702,0,0,2242312024,539424889,4871322535,0,0,13801,51,51,0,632731,632731,0,0,462137,11327,12.8,3.64
448,2026-05-10 22:30:07,3,q78,0,22,999,49550,101682,755265,444030,2995,3072,0,4940,0,315218,1068896,0,0,96293332400,540774746,5859313287,0,0,406636630,23741,23741,0,11387232940,11387232940,0,0,11387232940,406636630,15.24,49.55
449,2026-05-10 22:30:57,3,q79,0,13,478,3635,4168,52757,44418,1440,1530,0,1232,0,4147,968709,0,0,10880886024,277073167,2440928437,0,0,3605120,2176,2176,0,111096220,111096220,0,0,111096220,3605120,14.51,3.64
450,2026-05-10 22:31:02,3,q80,0,38,1308,31315,68700,477611,387550,5328,5294,0,5544,0,91860,1113736,0,0,54884401176,541205579,8400081391,0,0,265494091,15014,15014,0,7549276446,7549276446,0,0,7549276446,265494091,15.25,31.32
451,2026-05-10 22:31:34,3,q80a,0,41,1313,71765,162302,1123372,364822,5047,5157,4,4226,0,757702,1113564,0,0,55356260208,541205579,8400081391,0,0,265493763,15029,15029,0,7549419029,7549419029,0,0,7549197329,265491833,15.65,71.76
452,2026-05-10 22:32:47,3,q81,0,19,457,2833,4697,39059,28192,1568,1592,0,112,0,6455,8012019,0,0,14237655400,32816075,486890793,0,0,11400653,1445,1445,0,249973081,249973081,0,0,249973081,11400653,13.79,2.83
453,2026-05-10 22:32:51,3,q82,0,13,466,3351,4447,33835,27816,1665,1654,11,527,0,924,403975,0,0,185173928,687764791,3356032423,0,0,40832,190,190,0,227610,227610,0,0,227610,40832,10.1,3.35
454,2026-05-10 22:32:56,3,q83,0,17,415,1442,2342,13259,11415,1728,1624,0,80,0,247,1573386,0,0,2472331560,49490275,357288222,0,0,371976,19,19,0,4721069,4721069,0,0,4721069,371976,9.19,1.44
455,2026-05-10 22:32:58,3,q84,0,15,376,1481,3146,16475,13375,1286,1407,0,320,0,1140,9765521,0,0,1313097696,33729863,180014751,0,0,27798849,47,47,0,145788599,145788599,0,0,145788599,27798849,11.12,1.48
456,2026-05-10 22:33:01,3,q85,0,18,514,4238,17888,59325,46137,2094,2186,0,2443,0,2704,17038067,0,0,9166144312,84065130,1314089896,0,0,9151985,1088,1088,0,347044993,347044993,0,0,347044993,9151985,14.0,4.24
457,2026-05-10 22:33:06,3,q86,0,8,205,1365,1336,15096,13545,769,759,0,526,0,367,3736575,0,0,3074785168,72225815,624922170,0,0,5682,31,31,0,393071,393071,0,0,393071,5682,11.06,1.36
458,2026-05-10 22:33:09,3,q86a,0,11,210,1328,1298,10201,8670,774,770,0,338,0,678,3736446,0,0,3479534984,72225815,624922170,0,0,14504,90,90,0,1060494,1060494,0,0,368370,5084,7.68,1.33
459,2026-05-10 22:33:11,3,q87,0,18,708,9025,21185,132091,121040,1359,1583,0,1508,0,6936,405169,0,0,23481174392,492355333,604570203,0,0,120819579,3995,3995,0,731356941,731356941,0,0,626216931,116819579,14.64,9.02
460,2026-05-10 22:33:21,3,q88,0,44,2350,7374,21608,105429,98718,4395,5119,13,987,0,222,423816,0,0,4612277248,2304260316,3421968963,0,0,1432,1432,1432,0,84478,84478,0,0,84478,1432,14.3,7.37
461,2026-05-10 22:33:29,3,q89,0,10,385,1794,1918,22842,20043,1231,1229,0,256,0,654,957357,0,0,3692060312,275269957,1817813891,0,0,31000,80,80,0,2425361,2425361,0,0,2425361,31000,12.73,1.79
462,2026-05-10 22:33:32,3,q90,0,14,400,1043,1767,13171,11887,1362,1447,15,60,0,12,247693,0,0,304385536,144052870,379191855,0,0,94,94,94,0,5546,5546,0,0,5546,94,12.63,1.04
463,2026-05-10 22:33:34,3,q91,0,18,425,1017,2305,9759,7248,1619,1649,0,60,0,739,918693,0,0,2978994248,19346085,203656674,0,0,2083224,256,256,0,44364222,44364222,0,0,44342238,2083083,9.6,1.02
464,2026-05-10 22:33:37,3,q92,0,11,309,1414,1929,18384,16730,1036,1057,0,135,0,698,715693,0,0,1039300696,144227628,1253218457,0,0,651743,96,96,0,8364978,8364978,0,0,8364978,651743,13.0,1.41
465,2026-05-10 22:33:39,3,q93,0,12,614,29503,38871,428416,373667,1242,1408,2,2780,0,68419,2225064,0,0,68145363512,316808513,2820790041,0,0,288995290,42012,42012,0,7557245785,7557245785,0,0,7557245785,288995290,14.52,29.5
466,2026-05-10 22:34:10,3,q94,0,14,463,7628,18090,111185,93642,1471,1562,0,1788,0,11704,512160,0,0,16630437440,152223255,1020797291,0,0,151171114,4440,4440,0,2327061444,2327061444,0,0,2327061444,151171114,14.58,7.63
467,2026-05-10 22:34:18,3,q95,0,14,490,23552,33007,353346,317566,1762,1799,0,7270,3,11563,944164,0,0,49888658408,152223251,990179326,0,0,367104120,16884,16884,0,3413742751,3413742751,0,0,2085751687,151153176,15.0,23.55
468,2026-05-10 22:34:43,3,q96,0,9,383,1055,1193,13485,12466,872,1034,0,112,0,33,424289,0,0,572089728,288034193,427847297,0,0,179,179,179,0,10561,10561,0,0,10561,179,12.78,1.06
469,2026-05-10 22:34:45,3,q97,0,8,444,11207,14371,146585,140808,1074,1116,0,1136,0,2995,663959,0,0,22689626368,418353510,2207604761,0,0,83753000,1241,1241,0,957220551,957220551,0,0,957220551,83753000,13.08,11.21
470,2026-05-10 22:34:57,3,q98,0,10,350,1712,1622,17333,16049,889,991,7,80,0,134,6774492,0,0,4933193848,275269554,2315163112,0,0,180923,99,99,0,22381005,22381005,0,0,18573144,150380,10.12,1.71
471,2026-05-10 22:35:00,3,q99,0,12,359,2316,2676,28884,26038,1253,1317,2,312,0,906,635527,0,0,3131391776,144014393,408531980,0,0,65159,196,196,0,4427503,4427503,0,0,4427503,65159,12.47,2.32
472,2026-05-10 22:35:03,4,q1,0,17,376,2178,3557,28506,25262,1253,1294,0,400,0,2821,892610,0,0,6837461944,57608414,621574356,0,0,18395894,615,615,0,276764274,276764274,0,0,276764274,18395894,13.09,2.18
473,2026-05-10 22:35:07,4,q2,0,14,405,2881,3021,39082,37274,1307,1416,0,588,0,470,755509,0,0,1015601344,215402822,942546199,0,0,5404,443,443,0,250855,250855,0,0,93329,3720,13.57,2.88
474,2026-05-10 22:35:11,4,q3,0,7,332,1377,1373,18251,15922,886,962,0,128,0,524,809110,0,0,528990184,275322603,2294373799,0,0,4634,35,35,0,373251,373251,0,0,373251,4634,13.25,1.38
475,2026-05-10 22:35:13,4,q4,0,34,1330,45554,216424,713523,641799,4433,4391,0,10962,0,51358,765025,0,0,115125933792,767460888,11859902868,0,0,566100624,26443,26443,0,14405228893,14405228893,0,0,8517805564,341212705,15.66,45.55
476,2026-05-10 22:36:00,4,q5,0,22,999,14774,22673,198114,174982,3033,3323,0,2112,0,7501,1010491,0,0,9102805064,611445087,5443782227,0,0,78868237,1233,1233,0,1120525516,1120525516,0,0,1120525516,78868237,13.41,14.77
477,2026-05-10 22:36:16,4,q5a,0,25,1004,14556,21396,193141,173655,3042,3328,4,2016,0,7517,1011437,0,0,9574664096,611445087,5443782227,0,0,78870706,1243,1243,0,1120754606,1120754606,0,0,1120545258,78867272,13.27,14.56
478,2026-05-10 22:36:31,4,q6,0,21,634,2140,3437,25553,19746,2406,2373,8,404,0,426,8479955,0,0,5288963336,278619675,1441039050,0,0,5131498,241,241,0,45198169,45198169,0,0,45198169,5131498,11.94,2.14
479,2026-05-10 22:36:35,4,q7,0,12,459,2842,3152,39886,35870,1468,1571,0,813,0,766,1573386,0,0,7631737408,277191365,4081654607,0,0,696063,624,624,0,22162805,22162805,0,0,22162805,696063,14.03,2.84
480,2026-05-10 22:36:39,4,q8,0,16,516,1969,2217,21256,19061,1670,1784,0,218,0,248,9492937,0,0,14161952888,279065986,1277122301,0,0,49844,27,27,0,691428,691428,0,0,691428,49844,10.8,1.97
481,2026-05-10 22:36:42,4,q9,0,17,1201,4629,22483,68610,64525,1445,2104,0,1388,0,171,389014,0,0,0,1440032996,9178992116,0,0,895,895,895,0,73404,73404,0,0,73404,895,14.82,4.63
482,2026-05-10 22:36:47,4,q10,0,19,786,2640,4621,34322,30913,1997,2152,0,448,0,906,29252425,0,0,10269770088,496276163,637546929,0,0,19145607,602,602,0,19871759,19871759,0,0,19871759,19145607,13.0,2.64
483,2026-05-10 22:36:51,4,q10a,0,15,726,2467,3680,32924,20120,1620,1925,1,192,0,5566,29252468,0,0,9589411776,495276153,629946422,0,0,20856568,612,612,0,49773297,49773297,0,0,49773297,20856568,13.35,2.47
484,2026-05-10 22:36:55,4,q11,0,28,978,15801,47449,242082,227251,3365,3336,0,4353,0,12739,589169,0,0,44791176400,624172931,4363755135,0,0,269945080,6379,6379,0,4430420851,4430420851,0,0,2954430909,191970515,15.32,15.8
485,2026-05-10 22:37:12,4,q12,0,9,216,999,966,9019,8402,852,790,0,64,0,93,6554102,0,0,1936889120,72225815,641857773,0,0,109208,57,57,0,13357470,13357470,0,0,13357470,109208,9.03,1.0
486,2026-05-10 22:37:14,4,q13,0,13,499,3858,4475,54760,50494,1645,1662,0,1905,0,39,1760007,0,0,9300506600,277993977,4867704072,0,0,175,175,175,0,11012,11012,0,0,11012,175,14.19,3.86
487,2026-05-10 22:37:19,4,q14a,0,60,2590,65277,125170,976441,459002,7654,8102,0,12733,0,516045,2441791,0,0,36114140728,1962237296,13942755482,0,0,637565887,4722,4722,0,8525719670,8525719670,0,0,8518301565,637330211,14.96,65.28
488,2026-05-10 22:38:26,4,q14b,0,48,2061,21139,28195,286900,253087,7118,7251,16,5554,0,11753,2441791,0,0,26834947064,1531929955,9858670679,0,0,134802754,4310,4310,0,485379140,485379140,0,0,485379140,134802754,13.57,21.14
489,2026-05-10 22:38:48,4,q14,0,48,2054,18610,24745,249535,236123,7295,7472,13,3294,0,5929,2336869,0,0,24750935824,1531929955,9858670679,0,0,134050968,3519,3519,0,399912510,399912510,0,0,399912510,134050968,13.41,18.61
490,2026-05-10 22:39:08,4,q15,0,9,327,3166,3047,41545,39372,1058,1097,0,288,0,95,19126718,0,0,16490050464,146307978,548200969,0,0,4200,7,7,0,142142,142142,0,0,142142,4200,13.12,3.17
491,2026-05-10 22:39:12,4,q16,0,14,630,12922,30677,196109,184657,1697,1854,0,2196,0,13826,1280400,0,0,41785807200,303406716,2170104123,0,0,301125284,21800,21800,0,4328955313,4328955313,0,0,4328955313,301125284,15.18,12.92
492,2026-05-10 22:39:26,4,q17,0,23,792,5407,9866,71791,60698,3968,3130,15,1607,0,4750,13952362,0,0,6358661496,446411917,3348882841,0,0,28190115,1072,1072,0,594090234,594090234,0,0,594090234,28190115,13.28,5.41
493,2026-05-10 22:39:33,4,q18,0,17,536,3918,5404,54947,48606,1731,1827,0,788,0,3830,9765779,0,0,9028584440,150353599,2872727855,0,0,11669020,2176,2176,0,366455351,366455351,0,0,366455351,11669020,14.02,3.92
494,2026-05-10 22:39:38,4,q18a,0,29,840,6241,14660,89583,80064,2857,2951,0,1072,0,6397,9765521,0,0,31854310392,153557630,2895749961,0,0,56294457,9674,9674,0,1683117946,1683117946,0,0,369964798,11778229,14.35,6.24
495,2026-05-10 22:39:45,4,q19,0,13,508,2026,2455,22813,19761,1577,1739,0,165,0,115,19126675,0,0,28845155264,278269977,2619417827,0,0,13028,7,7,0,769254,769254,0,0,769254,13028,11.26,2.03
496,2026-05-10 22:39:48,4,q20,0,9,269,1223,1186,13846,12589,787,845,0,270,0,106,6554102,0,0,2982058872,143511959,1223610711,0,0,114197,57,57,0,13913865,13913865,0,0,13913865,114197,11.32,1.22
497,2026-05-10 22:39:50,4,q21,0,10,240,2131,2234,23003,21086,941,970,0,112,0,86,250326,0,0,1106523448,399554218,2144041758,0,0,576630,63,63,0,9175595,9175595,0,0,9175595,576630,10.79,2.13
498,2026-05-10 22:39:54,4,q22,0,10,248,102156,102205,864801,858696,999,986,0,1305,0,749,9285378,0,0,3586507952,399554220,2139999627,0,0,7743003,340,340,0,332188456,332188456,0,0,332188456,7743003,8.47,102.16
499,2026-05-10 22:41:37,4,q22a,0,14,318,5215,6370,60196,55032,1082,1146,0,356,0,2713,9285249,0,0,13505249432,399554218,2141120742,0,0,10500715,1747,1747,0,531223558,531223558,0,0,117887858,2346075,11.54,5.22
500,2026-05-10 22:41:43,4,q23a,0,30,1372,38066,63743,584466,568081,4091,4333,6,6552,0,17245,13214732,0,0,94407354440,1055671477,5674217967,0,0,161175043,12719,12719,0,3947102930,3947102930,0,0,3513799537,129129014,15.35,38.07
501,2026-05-10 22:42:22,4,q23b,0,34,1456,41095,70776,627887,603753,4417,4649,1,7822,0,20674,13214646,0,0,107348878656,1057671487,5703336622,0,0,219745448,22317,22317,0,4871849891,4871849891,0,0,3569885627,131206517,15.28,41.1
502,2026-05-10 22:43:05,4,q24,0,22,675,5049,8962,69014,54940,2781,2861,0,1184,0,13731,13036729,0,0,7305478504,320217227,3235799697,0,0,31568283,3416,3416,0,449635392,449635392,0,0,449635392,31568283,13.67,5.05
503,2026-05-10 22:43:11,4,q24a,0,31,1005,11482,17208,149023,132446,3894,3945,25,2500,0,18632,7978931,0,0,21574691736,608427816,6154262263,0,0,100579193,8043,8043,0,1945226426,1945226426,0,0,1538537385,69847454,12.98,11.48
504,2026-05-10 22:43:23,4,q24b,0,32,1006,9825,12764,126668,115830,3991,3935,0,2432,0,13887,7978888,0,0,18878557560,608427816,6154262263,0,0,99830491,4856,4856,0,1919690401,1919690401,0,0,1513001360,69098752,12.89,9.82
505,2026-05-10 22:43:34,4,q25,0,23,792,4553,8365,60583,55108,3131,3148,1,1056,0,2046,13952362,0,0,6009723240,446411917,4740037744,0,0,20197026,915,915,0,402707446,402707446,0,0,402707446,20197026,13.31,4.55
506,2026-05-10 22:43:40,4,q26,0,12,380,2276,2590,31239,27065,1340,1385,0,608,0,959,1573386,0,0,5378073712,145433770,2235483536,0,0,381559,420,420,0,12861580,12861580,0,0,12861580,381559,13.73,2.28
507,2026-05-10 22:43:43,4,q27,0,12,449,2396,2716,32347,29067,1460,1554,0,352,0,837,1573386,0,0,7028733256,277190767,3799581335,0,0,175123,240,240,0,6786697,6786697,0,0,6786697,175123,13.5,2.4
508,2026-05-10 22:43:47,4,q27a,0,20,1006,6671,11552,97425,91428,2822,3021,4,1122,0,1590,1573343,0,0,12310931960,827486275,11379261013,0,0,178342,410,410,0,7378483,7378483,0,0,7378483,178342,14.6,6.67
509,2026-05-10 22:43:54,4,q28,0,24,1475,10012,26741,153321,129337,2718,3119,3,2016,4,32864,535741,0,0,72783993536,1728039528,14114429742,0,0,7180162,17100,17100,0,115793630,115793630,0,0,115793630,7180162,15.31,10.01
510,2026-05-10 22:44:06,4,q29,0,28,901,10176,15722,131653,126188,3524,3619,1,976,0,5213,13952362,0,0,12510713656,446451919,3349831191,0,0,93232843,2580,2580,0,1596718599,1596718599,0,0,1596718599,93232843,12.94,10.18
511,2026-05-10 22:44:17,4,q30,0,19,434,1972,3467,24115,20321,1457,1548,0,164,0,2787,8012019,0,0,9422382704,17770231,358866159,0,0,6155893,546,546,0,281959109,281959109,0,0,281959109,6155893,12.23,1.97
512,2026-05-10 22:44:20,4,q31,0,29,1188,5285,11631,72423,66624,3050,3277,1,509,0,933,15423147,0,0,52911226384,1042202108,5323812009,0,0,84667,48,48,0,2834902,2834902,0,0,2765458,83741,13.7,5.28
513,2026-05-10 22:44:26,4,q32,0,11,416,1720,2256,23110,21714,1121,1183,0,231,0,893,481838,0,0,1291866552,286799916,2414670926,0,0,733310,164,164,0,9409034,9409034,0,0,9409034,733310,13.44,1.72
514,2026-05-10 22:44:29,4,q33,0,16,697,2709,4466,34975,29538,1998,2176,0,560,0,168,1868056,0,0,12103885032,491763335,4580153231,0,0,11976,12,12,0,304586,304586,0,0,304586,11976,12.91,2.71
515,2026-05-10 22:44:33,4,q34,0,14,475,1773,2415,22242,20590,1331,1466,0,144,0,1667,960281,0,0,774808632,277073167,735249152,0,0,4031113,97,97,0,135566568,135566568,0,0,68478889,2031113,12.54,1.77
516,2026-05-10 22:44:36,4,q35,0,17,743,4247,6495,57246,51979,1719,1924,1,939,0,2399,24092185,0,0,15432939152,495276153,628536151,0,0,57691365,1530,1530,0,114208829,114208829,0,0,114208829,57691365,13.48,4.25
517,2026-05-10 22:44:41,4,q35a,0,16,743,3333,4667,43058,38936,1820,1974,0,726,0,1910,24091841,0,0,14577301544,495276153,628536151,0,0,57706997,1547,1547,0,114348270,114348270,0,0,114348270,57706997,12.92,3.33
518,2026-05-10 22:44:45,4,q36,0,10,384,2053,2203,26642,23938,1152,1245,0,400,0,427,3736575,0,0,6387332520,275269957,3480220458,0,0,6953,40,40,0,547056,547056,0,0,547056,6953,12.98,2.05
519,2026-05-10 22:44:49,4,q36a,0,13,389,1946,2036,23761,21606,1119,1239,3,378,0,474,3736446,0,0,6926300392,275269957,3480220458,0,0,19286,123,123,0,1569222,1569222,0,0,539222,6678,12.21,1.95
520,2026-05-10 22:44:52,4,q37,0,10,347,4707,8439,51680,47545,965,1064,0,843,0,3720,250326,0,0,4885927832,543548526,2770658720,0,0,51928707,1748,1748,0,663826465,663826465,0,0,663826465,143994433,10.98,4.71
521,2026-05-10 22:44:57,4,q38,0,18,708,8464,20029,127947,115892,1330,1603,10,1721,0,6669,405169,0,0,23481174392,492355333,604570203,0,0,120819579,3995,3995,0,731356941,731356941,0,0,626216931,116819579,15.12,8.46
522,2026-05-10 22:45:07,4,q39a,0,17,408,4177,7475,53036,48888,1600,1596,0,464,0,1239,2476663,0,0,6303890280,798904419,4281053994,0,0,13883617,187,187,0,264632223,264632223,0,0,177536069,9293617,12.7,4.18
523,2026-05-10 22:45:12,4,q39b,0,17,407,3802,6904,46790,44393,1605,1606,0,447,0,790,1045653,0,0,5920439144,798904419,4281053994,0,0,13774459,187,187,0,261566888,261566888,0,0,174470734,9184459,12.31,3.8
524,2026-05-10 22:45:17,4,q40,0,13,430,8914,23423,129673,119249,1236,1389,1,1680,0,10848,515126,0,0,24442330840,157909997,1384378348,0,0,157478827,6105,6105,0,3051263888,3051263888,0,0,3051263888,157478827,14.55,8.91
525,2026-05-10 22:45:27,4,q41,0,6,112,415,346,2200,340,490,525,0,0,0,11,232007,0,0,540036928,408002,3505726,0,0,292,2,2,0,19225,19225,0,0,19225,292,5.3,0.42
526,2026-05-10 22:45:29,4,q42,0,7,332,1141,1141,14453,12282,856,956,0,208,0,42,806100,0,0,972989264,275269554,2293926420,0,0,77,7,7,0,6388,6388,0,0,6388,77,12.67,1.14
527,2026-05-10 22:45:31,4,q43,0,7,328,1935,1965,25720,24332,876,967,0,260,0,316,810357,0,0,481321584,275065956,690812351,0,0,4522,38,38,0,500678,500678,0,0,500678,4522,13.29,1.94
528,2026-05-10 22:45:34,4,q44,0,11,548,2329,2475,32040,27037,1080,1164,1,299,0,6775,3453036,0,0,8077689664,576209971,3931352154,0,0,2631719,5939,5939,0,38173751,38173751,0,0,19096329,1316125,13.76,2.33
529,2026-05-10 22:45:37,4,q45,0,13,384,1776,2358,18362,16698,1365,1467,0,128,0,18,19126675,0,0,11853074376,75245836,560805037,0,0,178,5,5,0,15942,15942,0,0,15942,178,10.34,1.78
530,2026-05-10 22:45:40,4,q46,0,15,524,3333,3920,44325,41913,1644,1774,0,208,0,2157,13582955,0,0,15809895360,278073177,2456359301,0,0,2097508,545,545,0,69833265,69833265,0,0,69833265,2097508,13.3,3.33
531,2026-05-10 22:45:45,4,q47,0,15,442,3823,4745,52191,47746,1266,1340,0,368,0,2825,4637411,0,0,12461249104,275269957,1817455343,0,0,1731681,1968,1968,0,69788973,69788973,0,0,44215088,1097674,13.65,3.82
532,2026-05-10 22:45:50,4,q48,0,11,448,6503,6894,96531,91955,1475,1499,0,1893,0,71,2213440,0,0,9108104600,277986776,2556184554,0,0,175,175,175,0,10053,10053,0,0,10053,175,14.84,6.5
533,2026-05-10 22:45:57,4,q49,0,28,843,7890,16691,113688,102711,2571,2730,2,2208,0,10451,2405530,0,0,5390216224,540771495,7868622384,0,0,86104362,229,229,0,1835909124,1835909124,0,0,1835909124,86104362,14.41,7.89
534,2026-05-10 22:46:06,4,q50,0,16,604,15887,23430,236442,202838,1578,1778,0,1305,0,42119,1286648,0,0,40984956952,302953007,2114268204,0,0,265637490,18104,18104,0,5740252687,5740252687,0,0,5740252687,265637490,14.88,15.89
535,2026-05-10 22:46:23,4,q51,0,13,476,14275,20988,198055,171418,1080,1216,0,2400,0,22069,663142,0,0,24332587880,347067366,2224169590,0,0,142655042,2618,2618,0,2404730214,2404730214,0,0,2404730214,142655042,13.87,14.28
536,2026-05-10 22:46:38,4,q51a,0,17,547,248789,286497,3229004,3160816,1357,1510,0,28308,0,17016,662712,0,0,68419952696,347067366,2224169590,0,0,283180134,3641,3641,0,4672557269,4672557269,0,0,3426466949,216786871,12.98,248.79
537,2026-05-10 22:50:48,4,q52,0,7,332,1181,1187,14726,12429,931,963,0,160,0,140,806143,0,0,972989264,275269554,2294188564,0,0,5811,7,7,0,293338,293338,0,0,293338,5811,12.47,1.18
538,2026-05-10 22:50:51,4,q53,0,10,384,1642,1773,20565,19373,1181,1215,0,181,0,597,956540,0,0,823814096,275269957,1818223315,0,0,39647,39,39,0,1005033,1005033,0,0,1005033,39647,12.52,1.64
539,2026-05-10 22:50:53,4,q54,0,29,981,3304,5791,41842,38371,3528,3624,0,432,0,558,19126976,0,0,17687697240,493745849,2619128729,0,0,8236501,169,169,0,77483407,77483407,0,0,77483407,8236501,12.66,3.3
540,2026-05-10 22:50:58,4,q55,0,7,332,1360,1369,17895,15392,959,980,0,201,0,135,805326,0,0,972989264,275269554,2294188564,0,0,3998,7,7,0,214887,214887,0,0,214887,3998,13.16,1.36
541,2026-05-10 22:51:00,4,q56,0,16,697,2781,4559,36647,33667,2019,2179,0,416,0,182,1868099,0,0,10050819976,491763335,4581210515,0,0,46055,12,12,0,920811,920811,0,0,920811,46055,13.18,2.78
542,2026-05-10 22:51:04,4,q57,0,15,380,3011,4009,39408,34256,1217,1259,0,272,0,3238,4637411,0,0,12266226168,143511990,974287521,0,0,2599517,2340,2340,0,105614698,105614698,0,0,67477514,1646165,13.09,3.01
543,2026-05-10 22:51:08,4,q58,0,18,687,2768,4927,34117,30721,2013,2150,0,372,0,89,1573386,0,0,7527388888,490705424,4142892127,0,0,567105,14,14,0,7210412,7210412,0,0,7210412,567105,12.33,2.77
544,2026-05-10 22:51:12,4,q59,0,25,863,3894,7507,40795,38637,2710,3012,0,368,0,1278,1196020,0,0,4359450832,550318014,1382957360,0,0,109145,82,82,0,2808746,2808746,0,0,2808746,109145,10.48,3.89
545,2026-05-10 22:51:17,4,q60,0,16,697,3159,5104,41484,37438,2028,2192,0,384,0,346,1868056,0,0,12033679536,491763335,4581146011,0,0,283510,17,17,0,4377799,4377799,0,0,4377799,283510,13.13,3.16
546,2026-05-10 22:51:21,4,q61,0,18,785,3576,6067,47068,43662,1901,2166,0,426,0,61,19126718,0,0,39414209800,553316530,5582498790,0,0,350,350,350,0,19978,19978,0,0,19978,350,13.16,3.58
547,2026-05-10 22:51:26,4,q62,0,11,302,1448,1734,18385,16464,1173,1232,0,288,0,686,300769,0,0,276983840,72021876,234418940,0,0,14400,40,40,0,1296925,1296925,0,0,1296925,14400,12.7,1.45
548,2026-05-10 22:51:28,4,q63,0,10,384,1546,1621,19632,18184,1129,1219,0,128,0,377,956497,0,0,890857400,275269957,1818161875,0,0,6002,39,39,0,272500,272500,0,0,272500,6002,12.7,1.55
549,2026-05-10 22:51:31,4,q64,0,58,1646,23538,61444,342932,324881,6719,6729,1,3583,0,13388,40030405,0,0,41657040264,742775773,11214251005,0,0,232434788,6281,6281,0,3617833725,3617833725,0,0,3091808570,195467289,14.57,23.54
550,2026-05-10 22:51:56,4,q65,0,15,677,10737,20176,156940,149231,1647,1851,2,1168,0,9396,18416299,0,0,21749128128,550315509,3625597575,0,0,121631492,1377,1377,0,3653569657,3653569657,0,0,3653569657,121631492,14.62,10.74
551,2026-05-10 22:52:08,4,q66,0,14,454,2901,3882,37262,30275,1760,1809,0,357,0,261,632904,0,0,5254137136,215349809,2199932472,0,0,975,65,65,0,334320,334320,0,0,334320,975,12.84,2.9
552,2026-05-10 22:52:12,4,q67,0,11,487,47908,47976,645392,629963,1387,1523,0,6588,0,10738,9285378,0,0,55419999560,275269957,2070426314,0,0,69421512,4204,4204,0,4912853396,4912853396,0,0,4912853396,69421512,13.47,47.91
553,2026-05-10 22:53:01,4,q67a,0,19,1063,71685,239704,1114352,1083594,3410,3397,0,9922,0,26780,9285206,0,0,222504436952,275269957,2070426314,0,0,535599517,29037,29037,0,36352450503,36352450503,0,0,7669917791,121039109,15.55,71.68
554,2026-05-10 22:54:14,4,q68,0,15,520,3265,3944,43398,37940,1648,1768,0,672,0,906,13582955,0,0,15059348936,278073177,3778306000,0,0,2022735,60,60,0,65566972,65566972,0,0,65566972,2022735,13.29,3.26
555,2026-05-10 22:54:18,4,q69,0,16,726,2408,4379,32740,28877,1666,1878,0,80,0,1318,28817400,0,0,10795980248,495276153,629264302,0,0,16091419,510,510,0,46268454,46268454,0,0,46268454,16091419,13.6,2.41
556,2026-05-10 22:54:21,4,q70,0,14,607,3604,3706,45886,43720,1512,1750,0,304,0,262,1845353,0,0,3714240504,550111911,2523503134,0,0,1485,78,78,0,93231,93231,0,0,93231,1485,12.73,3.6
557,2026-05-10 22:54:26,4,q70a,0,17,612,2834,2908,36679,35238,1517,1738,0,291,0,270,1835639,0,0,1635960816,550111911,2523503134,0,0,1854,163,163,0,138807,138807,0,0,69407,1152,12.94,2.83
558,2026-05-10 22:54:30,4,q71,0,13,636,2904,2941,37303,33112,1878,2042,6,293,0,438,2146364,0,0,2953460104,490599325,4440411545,0,0,265572,129,129,0,9878042,9878042,0,0,5910714,163536,12.85,2.9
559,2026-05-10 22:54:34,4,q72,0,26,946,176824,225289,2681724,2356964,3054,3256,2,10221,0,300734,13214689,0,0,82523784096,559315309,3877495668,0,0,537663712,28595,28595,0,9684906333,9684906333,0,0,9684906333,537663712,15.17,176.82
560,2026-05-10 22:57:32,4,q73,0,14,475,1883,2538,24945,23357,1356,1462,0,224,0,998,956798,0,0,837348152,277073167,735249152,0,0,4016581,70,70,0,134852157,134852157,0,0,67764478,2016581,13.25,1.88
561,2026-05-10 22:57:35,4,q74,0,28,972,15327,46358,227521,205831,3160,3289,0,2972,0,10393,589169,0,0,43804974688,624172931,3226973271,0,0,269945080,5935,5935,0,2931100538,2931100538,0,0,2060574882,191970515,14.84,15.33
562,2026-05-10 22:57:51,4,q75,0,32,1396,15857,31626,239004,219655,3577,3655,14,2536,0,12180,430072,0,0,25550952624,1031314069,10823755244,0,0,140055201,3592,3592,0,3212469243,3212469243,0,0,2149659832,89656379,15.07,15.86
563,2026-05-10 22:58:08,4,q76,0,9,579,3068,2996,42194,37963,1555,1745,16,464,0,1447,1937563,0,0,26526203720,484926017,4435128664,0,0,6344,322,322,0,666621,666621,0,0,666621,6344,13.75,3.07
564,2026-05-10 22:58:12,4,q77,0,23,835,3262,6236,43697,37101,2543,2655,0,458,0,292,805928,0,0,1703344160,539424889,4871322535,0,0,12127,41,41,0,445341,445341,0,0,445341,12127,13.4,3.26
565,2026-05-10 22:58:17,4,q77a,0,26,840,3573,6493,46415,39432,2614,2681,0,956,0,273,806960,0,0,2242312024,539424889,4871322535,0,0,13801,51,51,0,632731,632731,0,0,462137,11327,12.99,3.57
566,2026-05-10 22:58:22,4,q78,0,22,999,60653,137222,940128,437587,2916,3069,0,3587,0,515166,1068466,0,0,96293332400,540774746,5859313287,0,0,406636630,23741,23741,0,11387232940,11387232940,0,0,11387232940,406636630,15.5,60.65
567,2026-05-10 22:59:23,4,q79,0,13,478,3298,3826,47108,40979,1495,1555,1,754,0,2894,965570,0,0,10880886024,277073167,2440928437,0,0,3605120,2176,2176,0,111096220,111096220,0,0,111096220,3605120,14.28,3.3
568,2026-05-10 22:59:28,4,q80,0,38,1308,37082,87150,569379,386029,5271,5269,0,3162,0,188026,1113091,0,0,54884401176,541205579,8400081391,0,0,265494091,15014,15014,0,7549276446,7549276446,0,0,7549276446,265494091,15.35,37.08
569,2026-05-10 23:00:06,4,q80a,0,41,1313,74264,169385,1162431,369580,4691,5074,0,3049,0,793352,1113005,0,0,55356260208,541205579,8400081391,0,0,265493763,15029,15029,0,7549419029,7549419029,0,0,7549197329,265491833,15.65,74.26
570,2026-05-10 23:01:21,4,q81,0,19,457,3425,5025,47647,28512,1509,1564,0,112,0,14538,8012019,0,0,14237655400,32816075,486890793,0,0,11400653,1445,1445,0,249973081,249973081,0,0,249973081,11400653,13.91,3.42
571,2026-05-10 23:01:26,4,q82,0,13,466,3000,3967,31738,25265,1617,1659,3,480,0,1196,404018,0,0,185173928,687764791,3356032423,0,0,40832,190,190,0,227610,227610,0,0,227610,40832,10.58,3.0
572,2026-05-10 23:01:30,4,q83,0,17,415,1770,2722,17987,15842,1621,1642,0,24,0,225,1573386,0,0,2472331560,49490275,357288222,0,0,371976,19,19,0,4721069,4721069,0,0,4721069,371976,10.16,1.77
573,2026-05-10 23:01:33,4,q84,0,15,376,2047,6353,26406,11355,1288,1392,0,0,0,12135,9765521,0,0,1313097696,33729863,180014751,0,0,27798849,47,47,0,145788599,145788599,0,0,145788599,27798849,12.9,2.05
574,2026-05-10 23:01:36,4,q85,0,18,514,4332,17997,61942,47501,2121,2157,5,1904,0,7499,17038024,0,0,9166144312,84065130,1314089896,0,0,9151985,1088,1088,0,347044993,347044993,0,0,347044993,9151985,14.3,4.33
575,2026-05-10 23:01:41,4,q86,0,8,205,1194,1164,12306,11272,723,768,0,144,0,354,3736575,0,0,3074785168,72225815,624922170,0,0,5682,31,31,0,393071,393071,0,0,393071,5682,10.31,1.19
576,2026-05-10 23:01:44,4,q86a,0,11,210,1085,1047,11115,10424,730,786,0,0,0,333,3736532,0,0,3479534984,72225815,624922170,0,0,14504,90,90,0,1060494,1060494,0,0,368370,5084,10.24,1.08
577,2026-05-10 23:01:46,4,q87,0,18,708,8284,19675,125365,112034,1395,1616,0,1019,0,6890,405169,0,0,23481174392,492355333,604570203,0,0,120819579,3995,3995,0,731356941,731356941,0,0,626216931,116819579,15.13,8.28
578,2026-05-10 23:01:55,4,q88,0,44,2350,7433,20734,107210,102010,4041,5051,0,700,0,208,423601,0,0,4612277248,2304260316,3421968963,0,0,1432,1432,1432,0,84478,84478,0,0,84478,1432,14.42,7.43
579,2026-05-10 23:02:04,4,q89,0,10,385,1852,1989,23849,20576,1159,1226,1,416,0,793,957658,0,0,3692060312,275269957,1817813891,0,0,31000,80,80,0,2425361,2425361,0,0,2425361,31000,12.88,1.85
580,2026-05-10 23:02:07,4,q90,0,14,400,1106,1852,14000,11914,1316,1444,0,0,0,13,247693,0,0,304385536,144052870,379191855,0,0,94,94,94,0,5546,5546,0,0,5546,94,12.66,1.11
581,2026-05-10 23:02:09,4,q91,0,18,425,1158,2524,11063,9207,1659,1675,9,135,0,591,918693,0,0,2978994248,19346085,203656674,0,0,2083224,256,256,0,44364222,44364222,0,0,44342238,2083083,9.55,1.16
582,2026-05-10 23:02:11,4,q92,0,11,309,1424,1991,18619,16511,980,1057,0,718,0,756,715693,0,0,1039300696,144227628,1253218457,0,0,651743,96,96,0,8364978,8364978,0,0,8364978,651743,13.08,1.42
583,2026-05-10 23:02:13,4,q93,0,12,614,41310,56709,552033,371466,1211,1389,0,4363,0,192894,2225064,0,0,68145363512,316808513,2820790041,0,0,288995290,42012,42012,0,7557245785,7557245785,0,0,7557245785,288995290,13.36,41.31
584,2026-05-10 23:02:56,4,q94,0,14,463,7530,16694,109275,96546,1829,1586,0,1316,0,7280,512160,0,0,16630437440,152223255,1020797291,0,0,151171114,4440,4440,0,2327061444,2327061444,0,0,2327061444,151171114,14.51,7.53
585,2026-05-10 23:03:04,4,q95,0,14,490,24070,33784,350922,318497,1656,1746,0,6380,0,12102,944164,0,0,49888658408,152223251,990179326,0,0,367104120,16884,16884,0,3413742751,3413742751,0,0,2085751687,151153176,14.58,24.07
586,2026-05-10 23:03:30,4,q96,0,9,383,1107,1245,14235,13358,884,1039,0,64,0,24,423687,0,0,572089728,288034193,427847297,0,0,179,179,179,0,10561,10561,0,0,10561,179,12.86,1.11
587,2026-05-10 23:03:32,4,q97,0,8,444,11291,14417,147414,142454,1053,1108,0,532,0,3266,662497,0,0,22689626368,418353510,2207604761,0,0,83753000,1241,1241,0,957220551,957220551,0,0,957220551,83753000,13.06,11.29
588,2026-05-10 23:03:44,4,q98,0,10,350,1760,1682,17515,14514,952,993,5,476,0,166,6774492,0,0,4933193848,275269554,2315163112,0,0,180923,99,99,0,22381005,22381005,0,0,18573144,150380,9.95,1.76
589,2026-05-10 23:03:47,4,q99,0,12,359,2499,2861,31396,28695,1238,1342,0,682,0,882,636817,0,0,3131391776,144014393,408531980,0,0,65159,196,196,0,4427503,4427503,0,0,4427503,65159,12.56,2.5
590,2026-05-10 23:03:50,5,q1,0,17,376,2184,3577,29112,25459,1237,1315,0,1090,0,2427,892610,0,0,6837461944,57608414,621574356,0,0,18395894,615,615,0,276764274,276764274,0,0,276764274,18395894,13.33,2.18
591,2026-05-10 23:03:54,5,q2,0,14,405,2854,3005,38406,35643,1366,1411,3,1536,0,490,755509,0,0,1015601344,215402822,942546199,0,0,5404,443,443,0,250855,250855,0,0,93329,3720,13.46,2.85
592,2026-05-10 23:03:58,5,q3,0,7,332,1266,1267,16470,15169,893,961,4,297,0,427,810959,0,0,528990184,275322603,2294373799,0,0,4634,35,35,0,373251,373251,0,0,373251,4634,13.01,1.27
593,2026-05-10 23:04:00,5,q4,0,34,1330,49498,235515,777436,622963,4340,4458,2,9269,0,129702,765068,0,0,115125933792,767460888,11859902868,0,0,566100624,26443,26443,0,14405228893,14405228893,0,0,8517805564,341212705,15.71,49.5
594,2026-05-10 23:04:51,5,q5,0,22,999,14034,21158,185917,171927,3095,3308,5,1703,0,7355,1009244,0,0,9102805064,611445087,5443782227,0,0,78868237,1233,1233,0,1120525516,1120525516,0,0,1120525516,78868237,13.25,14.03
595,2026-05-10 23:05:06,5,q5a,0,25,1004,14235,20740,187787,172349,3010,3305,0,1907,0,5897,1009459,0,0,9574664096,611445087,5443782227,0,0,78870706,1243,1243,0,1120754606,1120754606,0,0,1120545258,78867272,13.19,14.24
596,2026-05-10 23:05:21,5,q6,0,21,634,2399,3982,29785,19984,2395,2398,0,336,0,396,8479912,0,0,5288963336,278619675,1441039050,0,0,5131498,241,241,0,45198169,45198169,0,0,45198169,5131498,12.42,2.4
597,2026-05-10 23:05:25,5,q7,0,12,459,2864,3178,40451,36424,1484,1570,0,885,0,720,1573386,0,0,7631737408,277191365,4081654607,0,0,696063,624,624,0,22162805,22162805,0,0,22162805,696063,14.12,2.86
598,2026-05-10 23:05:29,5,q8,0,16,516,1904,2174,19136,17314,1708,1767,7,160,0,215,9492937,0,0,14161952888,279065986,1277122301,0,0,49844,27,27,0,691428,691428,0,0,691428,49844,10.05,1.9
599,2026-05-10 23:05:32,5,q9,0,17,1201,4665,22620,68928,64591,1426,2097,0,729,0,181,387681,0,0,0,1440032996,9178992116,0,0,895,895,895,0,73404,73404,0,0,73404,895,14.78,4.66
600,2026-05-10 23:05:37,5,q10,0,19,786,2651,4451,34020,31022,1897,2139,3,285,0,825,29252511,0,0,10269770088,496276163,637546929,0,0,19145607,602,602,0,19871759,19871759,0,0,19871759,19145607,12.83,2.65
601,2026-05-10 23:05:41,5,q10a,0,15,726,1967,3445,24954,22201,1671,1907,0,356,0,1216,29252855,0,0,9589411776,495276153,629946422,0,0,20856568,612,612,0,49773297,49773297,0,0,49773297,20856568,12.69,1.97
602,2026-05-10 23:05:44,5,q11,0,28,978,15811,47753,241115,228187,3283,3375,0,3066,0,12161,589857,0,0,44791176400,624172931,4363755135,0,0,269945080,6379,6379,0,4430420851,4430420851,0,0,2954430909,191970515,15.25,15.81
603,2026-05-10 23:06:01,5,q12,0,9,216,935,900,8630,7773,755,789,0,0,0,94,6554102,0,0,1936889120,72225815,641857773,0,0,109208,57,57,0,13357470,13357470,0,0,13357470,109208,9.23,0.94
604,2026-05-10 23:06:03,5,q13,0,13,499,4264,6636,54548,48191,1870,1699,0,1253,0,43,1760136,0,0,9300506600,277993977,4867704072,0,0,175,175,175,0,11012,11012,0,0,11012,175,12.79,4.26
605,2026-05-10 23:06:08,5,q14a,0,60,2590,53529,102352,794732,464143,7604,8100,0,6784,0,328554,2441791,0,0,36114140728,1962237296,13942755482,0,0,637565887,4722,4722,0,8525719670,8525719670,0,0,8518301565,637330211,14.85,53.53
606,2026-05-10 23:07:04,5,q14b,0,48,2061,20368,27063,274449,255871,7153,7384,9,3310,0,6349,2441791,0,0,26834947064,1531929955,9858670679,0,0,134802754,4310,4310,0,485379140,485379140,0,0,485379140,134802754,13.47,20.37
607,2026-05-10 23:07:26,5,q14,0,48,2054,18773,24899,253297,232851,6968,7183,0,3267,0,5808,2336912,0,0,24750935824,1531929955,9858670679,0,0,134050968,3519,3519,0,399912510,399912510,0,0,399912510,134050968,13.49,18.77
608,2026-05-10 23:07:46,5,q15,0,9,327,3533,3426,46353,43853,1016,1102,18,320,0,120,19126675,0,0,16490050464,146307978,548200969,0,0,4200,7,7,0,142142,142142,0,0,142142,4200,13.12,3.53
609,2026-05-10 23:07:50,5,q16,0,14,630,13054,31177,198360,185835,1789,1861,0,2524,0,13819,1280400,0,0,41785807200,303406716,2170104123,0,0,301125284,21800,21800,0,4328955313,4328955313,0,0,4328955313,301125284,15.2,13.05
610,2026-05-10 23:08:04,5,q17,0,23,792,5190,9373,68118,61277,3671,3106,7,1474,0,2512,13952362,0,0,6358661496,446411917,3348882841,0,0,28190115,1072,1072,0,594090234,594090234,0,0,594090234,28190115,13.12,5.19
611,2026-05-10 23:08:11,5,q18,0,17,536,3653,5028,50486,44195,1745,1827,0,1072,0,4066,9765521,0,0,9028584440,150353599,2872727855,0,0,11669020,2176,2176,0,366455351,366455351,0,0,366455351,11669020,13.82,3.65
612,2026-05-10 23:08:15,5,q18a,0,29,840,6419,15689,93064,82544,2947,2943,6,1151,0,5966,9765521,0,0,31854310392,153557630,2895749961,0,0,56294457,9674,9674,0,1683117946,1683117946,0,0,369964798,11778229,14.5,6.42
613,2026-05-10 23:08:23,5,q19,0,13,508,2000,2393,21210,19521,1572,1729,0,0,0,139,19126718,0,0,28845155264,278269977,2619417827,0,0,13028,7,7,0,769254,769254,0,0,769254,13028,10.6,2.0
614,2026-05-10 23:08:26,5,q20,0,9,269,1215,1181,13643,12261,827,857,0,292,0,118,6554102,0,0,2982058872,143511959,1223610711,0,0,114197,57,57,0,13913865,13913865,0,0,13913865,114197,11.23,1.22
615,2026-05-10 23:08:28,5,q21,0,10,240,2131,2242,24401,22286,917,962,0,201,0,94,250326,0,0,1106523448,399554218,2144041758,0,0,576630,63,63,0,9175595,9175595,0,0,9175595,576630,11.45,2.13
616,2026-05-10 23:08:31,5,q22,0,10,248,92905,92954,825977,820012,983,982,0,1427,0,742,9285378,0,0,3586507952,399554220,2139999627,0,0,7743003,340,340,0,332188456,332188456,0,0,332188456,7743003,8.89,92.9
617,2026-05-10 23:10:05,5,q22a,0,14,318,5523,6645,67804,63622,1090,1140,0,227,0,2769,9285335,0,0,13505249432,399554218,2141120742,0,0,10500715,1747,1747,0,531223558,531223558,0,0,117887858,2346075,12.28,5.52
618,2026-05-10 23:10:12,5,q23a,0,30,1372,37862,63478,580953,565264,4239,4438,2,6393,0,16376,13214689,0,0,94407354440,1055671477,5674217967,0,0,161175043,12719,12719,0,3947102930,3947102930,0,0,3513799537,129129014,15.34,37.86
619,2026-05-10 23:10:51,5,q23b,0,34,1456,40999,70550,624688,601454,4538,4685,8,7624,0,19341,13214732,0,0,107348878656,1057671487,5703336622,0,0,219745448,22317,22317,0,4871849891,4871849891,0,0,3569885627,131206517,15.24,41.0
620,2026-05-10 23:11:33,5,q24,0,22,675,4597,7985,60401,53809,2848,2854,1,1344,0,7100,13036729,0,0,7305478504,320217227,3235799697,0,0,31568283,3416,3416,0,449635392,449635392,0,0,449635392,31568283,13.14,4.6
621,2026-05-10 23:11:39,5,q24a,0,31,1005,11346,16752,146972,133909,3942,3992,1,2292,0,15398,7979060,0,0,21574691736,608427816,6154262263,0,0,100579193,8043,8043,0,1945226426,1945226426,0,0,1538537385,69847454,12.95,11.35
622,2026-05-10 23:11:51,5,q24b,0,32,1006,9824,12802,126388,116992,3925,3968,0,2184,0,14379,7978888,0,0,18878557560,608427816,6154262263,0,0,99830491,4856,4856,0,1919690401,1919690401,0,0,1513001360,69098752,12.87,9.82
623,2026-05-10 23:12:02,5,q25,0,23,792,4458,8131,58824,54283,3056,3129,1,664,0,1945,13952405,0,0,6009723240,446411917,4740037744,0,0,20197026,915,915,0,402707446,402707446,0,0,402707446,20197026,13.2,4.46
624,2026-05-10 23:12:08,5,q26,0,12,380,2519,2848,33407,28025,1320,1396,1,247,0,1013,1573429,0,0,5378073712,145433770,2235483536,0,0,381559,420,420,0,12861580,12861580,0,0,12861580,381559,13.26,2.52
625,2026-05-10 23:12:11,5,q27,0,12,449,2581,2885,35098,33296,1499,1559,0,512,0,734,1573386,0,0,7028733256,277190767,3799581335,0,0,175123,240,240,0,6786697,6786697,0,0,6786697,175123,13.6,2.58
626,2026-05-10 23:12:15,5,q27a,0,20,1006,6346,10987,92038,85996,2861,3027,0,1056,0,1484,1573386,0,0,12310931960,827486275,11379261013,0,0,178342,410,410,0,7378483,7378483,0,0,7378483,178342,14.5,6.35
627,2026-05-10 23:12:22,5,q28,0,24,1475,9549,24999,145691,128713,2783,3103,3,1623,0,28187,535741,0,0,72783993536,1728039528,14114429742,0,0,7180162,17100,17100,0,115793630,115793630,0,0,115793630,7180162,15.26,9.55
628,2026-05-10 23:12:33,5,q29,0,28,901,10089,15408,130029,124871,3522,3615,1,1008,0,4942,13952362,0,0,12510713656,446451919,3349831191,0,0,93232843,2580,2580,0,1596718599,1596718599,0,0,1596718599,93232843,12.89,10.09
629,2026-05-10 23:12:44,5,q30,0,19,434,2058,3544,25039,21579,1463,1514,0,108,0,2565,8012019,0,0,9422382704,17770231,358866159,0,0,6155893,546,546,0,281959109,281959109,0,0,281959109,6155893,12.17,2.06
630,2026-05-10 23:12:47,5,q31,0,29,1188,5035,11583,68341,60252,3108,3299,0,708,0,889,15423104,0,0,52911226384,1042202108,5323812009,0,0,84667,48,48,0,2834902,2834902,0,0,2765458,83741,13.57,5.04
631,2026-05-10 23:12:54,5,q32,0,11,416,1671,2232,22312,20822,1163,1196,0,250,0,1047,481838,0,0,1291866552,286799916,2414670926,0,0,733310,164,164,0,9409034,9409034,0,0,9409034,733310,13.35,1.67
632,2026-05-10 23:12:56,5,q33,0,16,697,2893,4701,38223,33822,2077,2183,7,584,0,194,1868056,0,0,12103885032,491763335,4580153231,0,0,11976,12,12,0,304586,304586,0,0,304586,11976,13.21,2.89
633,2026-05-10 23:13:00,5,q34,0,14,475,2100,2703,27597,25872,1325,1473,0,112,0,1555,960238,0,0,774808632,277073167,735249152,0,0,4031113,97,97,0,135566568,135566568,0,0,68478889,2031113,13.14,2.1
634,2026-05-10 23:13:03,5,q35,0,17,743,4264,6634,58772,52584,1633,1915,0,352,0,2216,24092271,0,0,15432939152,495276153,628536151,0,0,57691365,1530,1530,0,114208829,114208829,0,0,114208829,57691365,13.78,4.26
635,2026-05-10 23:13:09,5,q35a,0,16,743,3427,4645,44676,40262,1644,1944,14,688,0,2223,24091884,0,0,14577301544,495276153,628536151,0,0,57706997,1547,1547,0,114348270,114348270,0,0,114348270,57706997,13.04,3.43
636,2026-05-10 23:13:13,5,q36,0,10,384,1983,2108,25237,23706,1095,1227,0,171,0,466,3736575,0,0,6387332520,275269957,3480220458,0,0,6953,40,40,0,547056,547056,0,0,547056,6953,12.73,1.98
637,2026-05-10 23:13:16,5,q36a,0,13,389,2213,2310,28154,25715,1127,1244,0,411,0,490,3736446,0,0,6926300392,275269957,3480220458,0,0,19286,123,123,0,1569222,1569222,0,0,539222,6678,12.72,2.21
638,2026-05-10 23:13:20,5,q37,0,10,347,4757,8449,51623,47789,966,1048,0,357,0,4218,250326,0,0,4885927832,543548526,2770658720,0,0,51928707,1748,1748,0,663826465,663826465,0,0,663826465,143994433,10.85,4.76
639,2026-05-10 23:13:25,5,q38,0,18,708,8630,20756,131181,117859,1343,1599,10,1178,0,6288,405169,0,0,23481174392,492355333,604570203,0,0,120819579,3995,3995,0,731356941,731356941,0,0,626216931,116819579,15.2,8.63
640,2026-05-10 23:13:35,5,q39a,0,17,408,4229,7534,53351,47991,1628,1599,0,607,0,1267,2476663,0,0,6303890280,798904419,4281053994,0,0,13883617,187,187,0,264632223,264632223,0,0,177536069,9293617,12.62,4.23
641,2026-05-10 23:13:40,5,q39b,0,17,407,3786,6984,48220,46141,1650,1609,0,366,0,865,1045567,0,0,5920439144,798904419,4281053994,0,0,13774459,187,187,0,261566888,261566888,0,0,174470734,9184459,12.74,3.79
642,2026-05-10 23:13:45,5,q40,0,13,430,8472,22412,121531,116019,1290,1379,0,1269,0,10323,514481,0,0,24442330840,157909997,1384378348,0,0,157478827,6105,6105,0,3051263888,3051263888,0,0,3051263888,157478827,14.35,8.47
643,2026-05-10 23:13:55,5,q41,0,6,112,411,344,2093,343,519,542,0,0,0,11,232007,0,0,540036928,408002,3505726,0,0,292,2,2,0,19225,19225,0,0,19225,292,5.09,0.41
644,2026-05-10 23:13:56,5,q42,0,7,332,1177,1185,15340,13182,866,959,0,128,0,27,805369,0,0,972989264,275269554,2293926420,0,0,77,7,7,0,6388,6388,0,0,6388,77,13.03,1.18
645,2026-05-10 23:13:59,5,q43,0,7,328,1842,1874,24185,22894,859,974,0,144,0,320,809540,0,0,481321584,275065956,690812351,0,0,4522,38,38,0,500678,500678,0,0,500678,4522,13.13,1.84
646,2026-05-10 23:14:02,5,q44,0,11,548,2269,2458,30941,24129,1084,1160,1,384,0,6880,3453036,0,0,8077689664,576209971,3931352154,0,0,2631719,5939,5939,0,38173751,38173751,0,0,19096329,1316125,13.64,2.27
647,2026-05-10 23:14:05,5,q45,0,13,384,1699,2270,17142,15803,1357,1477,0,0,0,18,19126675,0,0,11853074376,75245836,560805037,0,0,178,5,5,0,15942,15942,0,0,15942,178,10.09,1.7
648,2026-05-10 23:14:08,5,q46,0,15,524,2959,3652,38143,35723,1643,1775,0,448,0,2130,13583213,0,0,15809895360,278073177,2456359301,0,0,2097508,545,545,0,69833265,69833265,0,0,69833265,2097508,12.89,2.96
649,2026-05-10 23:14:12,5,q47,0,15,442,3591,4471,48699,44317,1349,1361,0,473,0,2821,4637411,0,0,12461249104,275269957,1817455343,0,0,1731681,1968,1968,0,69788973,69788973,0,0,44215088,1097674,13.56,3.59
650,2026-05-10 23:14:16,5,q48,0,11,448,6749,7087,99897,95064,1554,1606,0,2117,0,109,2213440,0,0,9108104600,277986776,2556184554,0,0,175,175,175,0,10053,10053,0,0,10053,175,14.8,6.75
651,2026-05-10 23:14:24,5,q49,0,28,843,8343,18742,120783,112579,2628,2806,0,1750,0,9652,2405530,0,0,5390216224,540771495,7868622384,0,0,86104362,229,229,0,1835909124,1835909124,0,0,1835909124,86104362,14.48,8.34
652,2026-05-10 23:14:34,5,q50,0,16,604,20254,30839,293985,204346,1484,1676,0,937,0,100498,1285788,0,0,40984956952,302953007,2114268204,0,0,265637490,18104,18104,0,5740252687,5740252687,0,0,5740252687,265637490,14.51,20.25
653,2026-05-10 23:14:55,5,q51,0,13,476,13489,19815,184792,176492,1089,1192,0,1536,0,8617,662497,0,0,24332587880,347067366,2224169590,0,0,142655042,2618,2618,0,2404730214,2404730214,0,0,2404730214,142655042,13.7,13.49
654,2026-05-10 23:15:10,5,q51a,0,17,547,246728,285572,3209985,3163794,1377,1475,0,23144,0,10325,662669,0,0,68419952696,347067366,2224169590,0,0,283180134,3641,3641,0,4672557269,4672557269,0,0,3426466949,216786871,13.01,246.73
655,2026-05-10 23:19:17,5,q52,0,7,332,1153,1151,14564,12401,940,969,0,148,0,197,805326,0,0,972989264,275269554,2294188564,0,0,5811,7,7,0,293338,293338,0,0,293338,5811,12.63,1.15
656,2026-05-10 23:19:20,5,q53,0,10,384,1587,1716,19901,17862,1092,1216,0,112,0,606,956497,0,0,823814096,275269957,1818223315,0,0,39647,39,39,0,1005033,1005033,0,0,1005033,39647,12.54,1.59
657,2026-05-10 23:19:22,5,q54,0,29,981,3373,6226,43103,37771,3556,3629,17,392,0,683,19126933,0,0,17687697240,493745849,2619128729,0,0,8236501,169,169,0,77483407,77483407,0,0,77483407,8236501,12.78,3.37
658,2026-05-10 23:19:27,5,q55,0,7,332,1187,1194,15285,13329,892,971,0,193,0,130,805799,0,0,972989264,275269554,2294188564,0,0,3998,7,7,0,214887,214887,0,0,214887,3998,12.88,1.19
659,2026-05-10 23:19:29,5,q56,0,16,697,3104,5192,40661,35922,2062,2192,2,368,0,189,1868056,0,0,10050819976,491763335,4581210515,0,0,46055,12,12,0,920811,920811,0,0,920811,46055,13.1,3.1
660,2026-05-10 23:19:33,5,q57,0,15,380,2955,3958,38637,33095,1192,1257,0,264,0,3577,4637411,0,0,12266226168,143511990,974287521,0,0,2599517,2340,2340,0,105614698,105614698,0,0,67477514,1646165,13.08,2.96
661,2026-05-10 23:19:37,5,q58,0,18,687,2867,5248,35953,32500,1918,2125,0,182,0,86,1573386,0,0,7527388888,490705424,4142892127,0,0,567105,14,14,0,7210412,7210412,0,0,7210412,567105,12.54,2.87
662,2026-05-10 23:19:41,5,q59,0,25,863,3941,7924,42046,39318,2983,3074,3,480,0,1158,1195848,0,0,4359450832,550318014,1382957360,0,0,109145,82,82,0,2771159,2771159,0,0,2771159,109145,10.67,3.94
663,2026-05-10 23:19:46,5,q60,0,16,697,3197,5222,42357,38493,2031,2172,0,182,0,273,1868056,0,0,12033679536,491763335,4581146011,0,0,283510,17,17,0,4377799,4377799,0,0,4377799,283510,13.25,3.2
664,2026-05-10 23:19:51,5,q61,0,18,785,3536,5877,45926,42755,1872,2169,0,320,0,61,19126761,0,0,39414209800,553316530,5582498790,0,0,350,350,350,0,19978,19978,0,0,19978,350,12.99,3.54
665,2026-05-10 23:19:55,5,q62,0,11,302,1567,1858,19740,17950,1154,1222,0,128,0,616,300726,0,0,276983840,72021876,234418940,0,0,14400,40,40,0,1296925,1296925,0,0,1296925,14400,12.6,1.57
666,2026-05-10 23:19:58,5,q63,0,10,384,1698,1771,22006,20515,1109,1203,0,160,0,369,956540,0,0,890857400,275269957,1818161875,0,0,6002,39,39,0,272500,272500,0,0,272500,6002,12.96,1.7
667,2026-05-10 23:20:01,5,q64,0,58,1646,23503,61762,342842,320976,6569,6698,0,3511,0,13836,40030448,0,0,41657040264,742775773,11214251005,0,0,232434788,6281,6281,0,3617833725,3617833725,0,0,3091808570,195467289,14.59,23.5
668,2026-05-10 23:20:25,5,q65,0,15,677,10833,20279,157502,152127,1661,1851,2,863,0,9496,18416256,0,0,21749128128,550315509,3625597575,0,0,121631492,1377,1377,0,3653569657,3653569657,0,0,3653569657,121631492,14.54,10.83
669,2026-05-10 23:20:37,5,q66,0,14,454,3112,4197,40554,32984,1745,1813,0,487,0,263,633291,0,0,5254137136,215349809,2199932472,0,0,975,65,65,0,334320,334320,0,0,334320,975,13.03,3.11
670,2026-05-10 23:20:42,5,q67,0,11,487,47871,47951,645890,630435,1462,1534,0,6745,0,13172,9285378,0,0,55419999560,275269957,2070426314,0,0,69421512,4204,4204,0,4912853396,4912853396,0,0,4912853396,69421512,13.49,47.87
671,2026-05-10 23:21:31,5,q67a,0,19,1063,94268,368372,1440410,1005374,3233,3355,0,9133,0,419303,9285335,0,0,222504436952,275269957,2070426314,0,0,535599517,29037,29037,0,36352450503,36352450503,0,0,7669917791,121039109,15.28,94.27
672,2026-05-10 23:23:06,5,q68,0,15,520,3747,4450,50520,36547,1624,1755,0,832,0,1426,13583385,0,0,15059348936,278073177,3778306000,0,0,2022735,60,60,0,65566972,65566972,0,0,65566972,2022735,13.48,3.75
673,2026-05-10 23:23:11,5,q69,0,16,726,2468,4283,32903,29716,1629,1854,0,160,0,1025,28817400,0,0,10795980248,495276153,629264302,0,0,16091419,510,510,0,46268454,46268454,0,0,46268454,16091419,13.33,2.47
674,2026-05-10 23:23:14,5,q70,0,14,607,3733,3833,48236,46119,1514,1737,0,224,0,267,1844665,0,0,3714240504,550111911,2523503134,0,0,1485,78,78,0,93231,93231,0,0,93231,1485,12.92,3.73
675,2026-05-10 23:23:19,5,q70a,0,17,612,2987,3063,39355,37895,1530,1745,0,224,0,272,1834994,0,0,1635960816,550111911,2523503134,0,0,1854,163,163,0,138807,138807,0,0,69407,1152,13.18,2.99
676,2026-05-10 23:23:23,5,q71,0,13,636,2678,2697,33137,30352,1945,2032,9,384,0,450,2146364,0,0,2953460104,490599325,4440411545,0,0,265572,129,129,0,9877983,9877983,0,0,5910655,163536,12.37,2.68
677,2026-05-10 23:23:27,5,q72,0,26,946,193913,256620,2912360,2335084,3037,3302,2,3213,0,568797,13214689,0,0,82523784096,559315309,3877495668,0,0,537663712,28595,28595,0,9684906333,9684906333,0,0,9684906333,537663712,15.02,193.91
678,2026-05-10 23:26:42,5,q73,0,14,475,1748,2351,22660,20970,1358,1468,0,144,0,943,956755,0,0,837348152,277073167,735249152,0,0,4016581,70,70,0,134852157,134852157,0,0,67764478,2016581,12.96,1.75
679,2026-05-10 23:26:45,5,q74,0,28,972,14634,44607,223281,204824,3057,3282,0,1686,0,11473,589169,0,0,43804974688,624172931,3226973271,0,0,269945080,5935,5935,0,2931100538,2931100538,0,0,2060574882,191970515,15.26,14.63
680,2026-05-10 23:27:01,5,q75,0,32,1396,15972,31853,240889,214815,3221,3634,0,2399,0,11865,430416,0,0,25550952624,1031314069,10823755244,0,0,140055201,3592,3592,0,3212469243,3212469243,0,0,2149659832,89656379,15.08,15.97
681,2026-05-10 23:27:18,5,q76,0,9,579,3068,2959,40993,37533,1724,1757,6,297,0,1443,1937606,0,0,26526203720,484926017,4435128664,0,0,6344,322,322,0,666621,666621,0,0,666621,6344,13.36,3.07
682,2026-05-10 23:27:22,5,q77,0,23,835,2918,5516,38358,33347,2532,2602,0,288,0,261,805283,0,0,1703344160,539424889,4871322535,0,0,12127,41,41,0,445341,445341,0,0,445341,12127,13.15,2.92
683,2026-05-10 23:27:26,5,q77a,0,26,840,3421,6122,42893,35983,2745,2672,1,598,0,244,805885,0,0,2242312024,539424889,4871322535,0,0,13801,51,51,0,632731,632731,0,0,462137,11327,12.54,3.42
684,2026-05-10 23:27:31,5,q78,0,22,999,73285,159233,1140022,436708,2998,3090,3,3010,0,715261,1068208,0,0,96293332400,540774746,5859313287,0,0,406636630,23741,23741,0,11387232940,11387232940,0,0,11387232940,406636630,15.56,73.28
685,2026-05-10 23:28:45,5,q79,0,13,478,3169,3701,44854,35209,1418,1531,0,352,0,3217,964796,0,0,10880886024,277073167,2440928437,0,0,3605120,2176,2176,0,111096220,111096220,0,0,111096220,3605120,14.15,3.17
686,2026-05-10 23:28:49,5,q80,0,38,1308,35384,76339,540226,382837,5236,5192,0,2326,0,156294,1112360,0,0,54884401176,541205579,8400081391,0,0,265494091,15014,15014,0,7549276446,7549276446,0,0,7549276446,265494091,15.27,35.38
687,2026-05-10 23:29:26,5,q80a,0,41,1313,66294,146525,1034968,370059,4934,5149,14,7688,0,661182,1112876,0,0,55356260208,541205579,8400081391,0,0,265493763,15029,15029,0,7549419029,7549419029,0,0,7549197329,265491833,15.61,66.29
688,2026-05-10 23:30:33,5,q81,0,19,457,2623,4179,34506,28780,1615,1590,0,96,0,3307,8012449,0,0,14237655400,32816075,486890793,0,0,11400653,1445,1445,0,249973081,249973081,0,0,249973081,11400653,13.16,2.62
689,2026-05-10 23:30:37,5,q82,0,13,466,3937,4918,45280,21876,1531,1640,0,104,0,2713,403287,0,0,185173928,687764791,3356032423,0,0,40832,190,190,0,227610,227610,0,0,227610,40832,11.5,3.94
690,2026-05-10 23:30:42,5,q83,0,17,415,1508,2425,14281,8275,1596,1658,0,359,0,1011,1573386,0,0,2472331560,49490275,357288222,0,0,371976,19,19,0,4721069,4721069,0,0,4721069,371976,9.47,1.51
691,2026-05-10 23:30:44,5,q84,0,15,376,1328,3037,15164,11733,1303,1399,0,0,0,1005,9765521,0,0,1313097696,33729863,180014751,0,0,27798849,47,47,0,145788599,145788599,0,0,145788599,27798849,11.42,1.33
692,2026-05-10 23:30:47,5,q85,0,18,514,4082,20306,56943,45542,1972,2081,2,1312,0,2401,17038110,0,0,9166144312,84065130,1314089896,0,0,9151985,1088,1088,0,347044993,347044993,0,0,347044993,9151985,13.95,4.08
693,2026-05-10 23:30:52,5,q86,0,8,205,1787,1761,21399,13091,736,766,0,0,0,2971,3736575,0,0,3074785168,72225815,624922170,0,0,5682,31,31,0,393071,393071,0,0,393071,5682,11.97,1.79
694,2026-05-10 23:30:55,5,q86a,0,11,210,985,951,9420,8700,784,794,10,126,0,331,3736489,0,0,3479534984,72225815,624922170,0,0,14504,90,90,0,1060494,1060494,0,0,368370,5084,9.56,0.98
695,2026-05-10 23:30:57,5,q87,0,18,708,9381,22217,143358,116570,1329,1594,0,1168,0,11723,404481,0,0,23481174392,492355333,604570203,0,0,120819579,3995,3995,0,731356941,731356941,0,0,626216931,116819579,15.28,9.38
696,2026-05-10 23:31:07,5,q88,0,44,2350,7601,21362,109568,103413,4151,5093,0,617,0,206,424590,0,0,4612277248,2304260316,3421968963,0,0,1432,1432,1432,0,84478,84478,0,0,84478,1432,14.41,7.6
697,2026-05-10 23:31:16,5,q89,0,10,385,1804,1967,22235,19891,1286,1222,0,198,0,628,955895,0,0,3692060312,275269957,1817813891,0,0,31000,80,80,0,2425361,2425361,0,0,2425361,31000,12.33,1.8
698,2026-05-10 23:31:19,5,q90,0,14,400,1072,1782,13329,11907,1409,1449,0,178,0,12,247693,0,0,304385536,144052870,379191855,0,0,94,94,94,0,5546,5546,0,0,5546,94,12.43,1.07
699,2026-05-10 23:31:21,5,q91,0,18,425,1054,2398,9589,7780,1539,1656,0,0,0,622,918693,0,0,2978994248,19346085,203656674,0,0,2083224,256,256,0,44364222,44364222,0,0,44342238,2083083,9.1,1.05
700,2026-05-10 23:31:23,5,q92,0,11,309,1512,2039,19752,17048,1052,1057,0,160,0,643,715693,0,0,1039300696,144227628,1253218457,0,0,651743,96,96,0,8364978,8364978,0,0,8364978,651743,13.06,1.51
701,2026-05-10 23:31:26,5,q93,0,12,614,43888,68829,671436,364578,1144,1389,1,1512,0,320678,2224720,0,0,68145363512,316808513,2820790041,0,0,288995290,42012,42012,0,7557245785,7557245785,0,0,7557245785,288995290,15.3,43.89
702,2026-05-10 23:32:11,5,q94,0,14,463,7692,15763,112052,98767,1753,1569,6,634,0,9004,512160,0,0,16630437440,152223255,1020797291,0,0,151171114,4440,4440,0,2327061444,2327061444,0,0,2327061444,151171114,14.57,7.69
703,2026-05-10 23:32:20,5,q95,0,14,490,23259,31883,346384,315119,1723,1785,0,3526,0,19383,944164,0,0,49888658408,152223251,990179326,0,0,367104120,16884,16884,0,3413742751,3413742751,0,0,2085751687,151153176,14.89,23.26
704,2026-05-10 23:32:44,5,q96,0,9,383,1103,1242,14200,13362,928,1040,0,56,0,24,422999,0,0,572089728,288034193,427847297,0,0,179,179,179,0,10561,10561,0,0,10561,179,12.87,1.1
705,2026-05-10 23:32:46,5,q97,0,8,444,11418,14627,149641,142244,1006,1120,0,336,0,3128,662970,0,0,22689626368,418353510,2207604761,0,0,83753000,1241,1241,0,957220551,957220551,0,0,957220551,83753000,13.11,11.42
706,2026-05-10 23:32:59,5,q98,0,10,350,1908,1822,19480,15076,938,981,10,192,0,155,6774492,0,0,4933193848,275269554,2315163112,0,0,180923,99,99,0,22381005,22381005,0,0,18573144,150380,10.21,1.91
707,2026-05-10 23:33:01,5,q99,0,12,359,2396,2746,30363,27172,1233,1313,0,304,0,759,635441,0,0,3131391776,144014393,408531980,0,0,65159,196,196,0,4427503,4427503,0,0,4427503,65159,12.67,2.4
708,2026-05-10 23:33:05,6,q1,0,17,376,2271,3741,30415,26333,1227,1269,0,208,0,2150,892610,0,0,6837461944,57608414,621574356,0,0,18395894,615,615,0,276764274,276764274,0,0,276764274,18395894,13.39,2.27
709,2026-05-10 23:33:08,6,q2,0,14,405,3033,3176,41584,37452,1367,1421,3,452,0,2726,755509,0,0,1015601344,215402822,942546199,0,0,5404,443,443,0,250855,250855,0,0,93329,3720,13.71,3.03
710,2026-05-10 23:33:12,6,q3,0,7,332,1276,1273,16379,13032,929,972,0,233,0,559,809798,0,0,528990184,275322603,2294373799,0,0,4634,35,35,0,373251,373251,0,0,373251,4634,12.84,1.28
711,2026-05-10 23:33:15,6,q4,0,34,1330,64591,293529,1019529,624594,4214,4340,3,7552,0,364390,765025,0,0,115125933792,767460888,11859902868,0,0,566100624,26443,26443,0,14405228893,14405228893,0,0,8517805564,341212705,15.78,64.59
712,2026-05-10 23:34:21,6,q5,0,22,999,14274,21069,188459,167991,2902,3243,0,1072,0,5862,1008341,0,0,9102805064,611445087,5443782227,0,0,78868237,1233,1233,0,1120525516,1120525516,0,0,1120525516,78868237,13.2,14.27
713,2026-05-10 23:34:36,6,q5a,0,25,1004,13718,19759,179168,170597,3165,3315,0,1062,0,4937,1008427,0,0,9574664096,611445087,5443782227,0,0,78870706,1243,1243,0,1120754606,1120754606,0,0,1120545258,78867272,13.06,13.72
714,2026-05-10 23:34:51,6,q6,0,21,634,2130,3352,25474,19581,2463,2379,0,150,0,717,8479955,0,0,5288963336,278619675,1441039050,0,0,5131498,241,241,0,45198169,45198169,0,0,45198169,5131498,11.96,2.13
715,2026-05-10 23:34:54,6,q7,0,12,459,2905,3222,40280,33110,1470,1539,0,800,0,639,1573386,0,0,7631737408,277191365,4081654607,0,0,696063,624,624,0,22162805,22162805,0,0,22162805,696063,13.87,2.9
716,2026-05-10 23:34:58,6,q8,0,16,516,2073,2339,22850,21400,1654,1783,0,0,0,239,9492937,0,0,14161952888,279065986,1277122301,0,0,49844,27,27,0,691428,691428,0,0,691428,49844,11.02,2.07
717,2026-05-10 23:35:01,6,q9,0,17,1201,4686,22731,69425,64679,1445,2068,39,480,0,164,386391,0,0,0,1440032996,9178992116,0,0,895,895,895,0,73404,73404,0,0,73404,895,14.82,4.69
718,2026-05-10 23:35:07,6,q10,0,19,786,2538,4188,32550,28109,1963,2147,0,225,0,939,29252468,0,0,10269770088,496276163,637546929,0,0,19145607,602,602,0,19871759,19871759,0,0,19871759,19145607,12.83,2.54
719,2026-05-10 23:35:11,6,q10a,0,15,726,1899,3463,23518,22192,1800,1930,0,0,0,921,29252425,0,0,9589411776,495276153,629946422,0,0,20856568,612,612,0,49773297,49773297,0,0,49773297,20856568,12.38,1.9
720,2026-05-10 23:35:14,6,q11,0,28,978,16152,48774,248297,234416,3290,3336,0,2286,0,12927,589169,0,0,44791176400,624172931,4363755135,0,0,269945080,6379,6379,0,4430420851,4430420851,0,0,2954430909,191970515,15.37,16.15
721,2026-05-10 23:35:31,6,q12,0,9,216,1059,1028,9386,8436,758,784,0,49,0,95,6554102,0,0,1936889120,72225815,641857773,0,0,109208,57,57,0,13357470,13357470,0,0,13357470,109208,8.86,1.06
722,2026-05-10 23:35:33,6,q13,0,13,499,3547,4134,50452,42603,1451,1595,0,1056,0,36,1760007,0,0,9300506600,277993977,4867704072,0,0,175,175,175,0,11012,11012,0,0,11012,175,14.22,3.55
723,2026-05-10 23:35:38,6,q14a,0,60,2590,58957,112586,879533,455246,7834,8164,1,5504,0,417975,2441791,0,0,36114140728,1962237296,13942755482,0,0,637565887,4722,4722,0,8525719670,8525719670,0,0,8518301565,637330211,14.92,58.96
724,2026-05-10 23:36:38,6,q14b,0,48,2061,21318,28322,287747,247883,6912,7127,0,2850,0,7610,2441791,0,0,26834947064,1531929955,9858670679,0,0,134802754,4310,4310,0,485379140,485379140,0,0,485379140,134802754,13.5,21.32
725,2026-05-10 23:37:01,6,q14,0,48,2054,19489,25612,261169,240897,7595,7531,17,3288,0,8502,2336869,0,0,24750935824,1531929955,9858670679,0,0,134050968,3519,3519,0,399912510,399912510,0,0,399912510,134050968,13.4,19.49
726,2026-05-10 23:37:22,6,q15,0,9,327,3479,3397,45485,42729,1008,1090,1,192,0,103,19126675,0,0,16490050464,146307978,548200969,0,0,4200,7,7,0,142142,142142,0,0,142142,4200,13.07,3.48
727,2026-05-10 23:37:26,6,q16,0,14,630,13352,31072,203248,184523,1739,1879,0,1872,0,15416,1279540,0,0,41785807200,303406716,2170104123,0,0,301125284,21800,21800,0,4328955313,4328955313,0,0,4328955313,301125284,15.22,13.35
728,2026-05-10 23:37:41,6,q17,0,23,792,4993,9127,65412,61280,3417,3092,2,509,0,2177,13952362,0,0,6358661496,446411917,3348882841,0,0,28190115,1072,1072,0,594090234,594090234,0,0,594090234,28190115,13.1,4.99
729,2026-05-10 23:37:47,6,q18,0,17,536,3596,5141,50661,43322,1719,1822,0,709,0,4447,9765521,0,0,9028584440,150353599,2872727855,0,0,11669020,2176,2176,0,366455351,366455351,0,0,366455351,11669020,14.09,3.6
730,2026-05-10 23:37:51,6,q18a,0,29,840,6629,16608,95972,85814,3044,2963,0,1247,0,6058,9765521,0,0,31854310392,153557630,2895749961,0,0,56294457,9674,9674,0,1683117946,1683117946,0,0,369964798,11778229,14.48,6.63
731,2026-05-10 23:37:59,6,q19,0,13,508,2203,2731,25525,22525,1522,1693,0,0,0,154,19126761,0,0,28845155264,278269977,2619417827,0,0,13028,7,7,0,769254,769254,0,0,769254,13028,11.59,2.2
732,2026-05-10 23:38:02,6,q20,0,9,269,1300,1266,14254,13251,810,877,0,0,0,102,6554102,0,0,2982058872,143511959,1223610711,0,0,114197,57,57,0,13913865,13913865,0,0,13913865,114197,10.96,1.3
733,2026-05-10 23:38:05,6,q21,0,10,240,2245,2373,25107,20672,942,972,0,224,0,88,250326,0,0,1106523448,399554218,2144041758,0,0,576630,63,63,0,9175595,9175595,0,0,9175595,576630,11.18,2.24
734,2026-05-10 23:38:08,6,q22,0,10,248,89412,89462,806716,800405,997,974,0,1927,0,765,9285421,0,0,3586507952,399554220,2139999627,0,0,7743003,340,340,0,332188456,332188456,0,0,332188456,7743003,9.02,89.41
735,2026-05-10 23:39:39,6,q22a,0,14,318,5094,6173,60594,55396,1055,1130,0,276,0,2899,9285292,0,0,13505249432,399554218,2141120742,0,0,10500715,1747,1747,0,531223558,531223558,0,0,117887858,2346075,11.9,5.09
736,2026-05-10 23:39:45,6,q23a,0,30,1372,37395,62621,573379,557747,4197,4417,1,5220,0,16370,13214689,0,0,94407354440,1055671477,5674217967,0,0,161175043,12719,12719,0,3947102930,3947102930,0,0,3513799537,129129014,15.33,37.4
737,2026-05-10 23:40:23,6,q23b,0,34,1456,40647,69804,619604,597244,4449,4660,3,7944,0,19850,13214689,0,0,107348878656,1057671487,5703336622,0,0,219745448,22317,22317,0,4871849891,4871849891,0,0,3569885627,131206517,15.24,40.65
738,2026-05-10 23:41:05,6,q24,0,22,675,4476,7742,58687,51413,2816,2856,1,917,0,8028,13036901,0,0,7305478504,320217227,3235799697,0,0,31568283,3416,3416,0,449635392,449635392,0,0,449635392,31568283,13.11,4.48
739,2026-05-10 23:41:11,6,q24a,0,31,1005,10967,16125,140595,130209,3830,4002,6,1392,0,14041,7978974,0,0,21574691736,608427816,6154262263,0,0,100579193,8043,8043,0,1945226426,1945226426,0,0,1538537385,69847454,12.82,10.97
740,2026-05-10 23:41:23,6,q24b,0,32,1006,9744,12756,124056,116080,4164,3950,5,1483,0,13057,7978888,0,0,18878557560,608427816,6154262263,0,0,99830491,4856,4856,0,1919690401,1919690401,0,0,1513001360,69098752,12.73,9.74
741,2026-05-10 23:41:34,6,q25,0,23,792,4540,8253,59549,53738,3088,3104,4,788,0,1938,13952362,0,0,6009723240,446411917,4740037744,0,0,20197026,915,915,0,402707446,402707446,0,0,402707446,20197026,13.12,4.54
742,2026-05-10 23:41:39,6,q26,0,12,380,2238,2560,30711,27810,1310,1384,0,176,0,619,1573386,0,0,5378073712,145433770,2235483536,0,0,381559,420,420,0,12861580,12861580,0,0,12861580,381559,13.72,2.24
743,2026-05-10 23:41:42,6,q27,0,12,449,2572,2884,35215,30902,1424,1555,0,560,0,728,1573386,0,0,7028733256,277190767,3799581335,0,0,175123,240,240,0,6786697,6786697,0,0,6786697,175123,13.69,2.57
744,2026-05-10 23:41:46,6,q27a,0,20,1006,6279,11074,91319,86370,2781,3040,0,851,0,1735,1573386,0,0,12310931960,827486275,11379261013,0,0,178342,410,410,0,7378483,7378483,0,0,7378483,178342,14.54,6.28
745,2026-05-10 23:41:54,6,q28,0,24,1475,9652,25838,147684,132280,2574,3031,20,1208,5,26502,535053,0,0,72783993536,1728039528,14114429742,0,0,7180162,17100,17100,0,115793630,115793630,0,0,115793630,7180162,15.3,9.65
746,2026-05-10 23:42:04,6,q29,0,28,901,10093,15588,130130,124622,3667,3604,1,1102,0,5201,13952362,0,0,12510713656,446451919,3349831191,0,0,93232843,2580,2580,0,1596718599,1596718599,0,0,1596718599,93232843,12.89,10.09
747,2026-05-10 23:42:15,6,q30,0,19,434,2064,3433,25199,21948,1437,1531,0,0,0,1956,8012062,0,0,9422382704,17770231,358866159,0,0,6155893,546,546,0,281959109,281959109,0,0,281959109,6155893,12.21,2.06
748,2026-05-10 23:42:19,6,q31,0,29,1188,5398,12173,74166,67965,2991,3257,2,468,0,846,15423147,0,0,52911226384,1042202108,5323812009,0,0,84667,48,48,0,2834902,2834902,0,0,2765458,83741,13.74,5.4
749,2026-05-10 23:42:25,6,q32,0,11,416,1746,2345,23248,20534,1149,1172,0,226,0,941,481838,0,0,1291866552,286799916,2414670926,0,0,733310,164,164,0,9409034,9409034,0,0,9409034,733310,13.32,1.75
750,2026-05-10 23:42:28,6,q33,0,16,697,2988,4766,39772,35915,2052,2159,0,459,0,178,1868142,0,0,12103885032,491763335,4580153231,0,0,11976,12,12,0,304586,304586,0,0,304586,11976,13.31,2.99
751,2026-05-10 23:42:32,6,q34,0,14,475,1921,2538,24412,23248,1340,1477,0,0,0,1407,959550,0,0,774808632,277073167,735249152,0,0,4031113,97,97,0,135566568,135566568,0,0,68478889,2031113,12.71,1.92
752,2026-05-10 23:42:35,6,q35,0,17,743,4222,6562,57128,51122,1688,1938,0,480,0,2202,24091841,0,0,15432939152,495276153,628536151,0,0,57691365,1530,1530,0,114208829,114208829,0,0,114208829,57691365,13.53,4.22
753,2026-05-10 23:42:40,6,q35a,0,16,743,3314,4582,42656,39891,1703,1964,7,234,0,2261,24091841,0,0,14577301544,495276153,628536151,0,0,57706997,1547,1547,0,114348270,114348270,0,0,114348270,57706997,12.87,3.31
754,2026-05-10 23:42:45,6,q36,0,10,384,2110,2236,27351,24647,1125,1261,3,160,0,410,3736575,0,0,6387332520,275269957,3480220458,0,0,6953,40,40,0,547056,547056,0,0,547056,6953,12.96,2.11
755,2026-05-10 23:42:48,6,q36a,0,13,389,1977,2081,24020,23140,1204,1269,0,152,0,485,3736446,0,0,6926300392,275269957,3480220458,0,0,19286,123,123,0,1569222,1569222,0,0,539222,6678,12.15,1.98
756,2026-05-10 23:42:51,6,q37,0,10,347,4598,8182,49771,46937,973,1058,0,474,0,3690,250326,0,0,4885927832,543548526,2770658720,0,0,51928707,1748,1748,0,663826465,663826465,0,0,663826465,143994433,10.82,4.6
757,2026-05-10 23:42:57,6,q38,0,18,708,8601,20625,130620,120321,1367,1584,1,1148,0,6958,405169,0,0,23481174392,492355333,604570203,0,0,120819579,3995,3995,0,731356941,731356941,0,0,626216931,116819579,15.19,8.6
758,2026-05-10 23:43:06,6,q39a,0,17,408,4277,7694,53970,47942,1599,1599,0,456,0,1379,2476663,0,0,6303890280,798904419,4281053994,0,0,13883617,187,187,0,264632223,264632223,0,0,177536069,9293617,12.62,4.28
759,2026-05-10 23:43:12,6,q39b,0,17,407,4048,7407,50869,45233,1548,1620,0,645,0,852,1045696,0,0,5920439144,798904419,4281053994,0,0,13774459,187,187,0,261566888,261566888,0,0,174470734,9184459,12.57,4.05
760,2026-05-10 23:43:17,6,q40,0,13,430,8567,22736,123955,117057,1259,1386,0,896,0,9916,514438,0,0,24442330840,157909997,1384378348,0,0,157478827,6105,6105,0,3051263888,3051263888,0,0,3051263888,157478827,14.47,8.57
761,2026-05-10 23:43:26,6,q41,0,6,112,439,371,2265,341,533,528,45,144,0,13,232910,0,0,540036928,408002,3505726,0,0,292,2,2,0,19225,19225,0,0,19225,292,5.16,0.44
762,2026-05-10 23:43:28,6,q42,0,7,332,1256,1265,16751,14379,928,983,2,192,0,23,805498,0,0,972989264,275269554,2293926420,0,0,77,7,7,0,6388,6388,0,0,6388,77,13.34,1.26
763,2026-05-10 23:43:30,6,q43,0,7,328,1862,1889,24366,22986,886,960,0,256,0,356,810056,0,0,481321584,275065956,690812351,0,0,4522,38,38,0,500678,500678,0,0,500678,4522,13.09,1.86
764,2026-05-10 23:43:33,6,q44,0,11,548,2235,2371,30265,25897,1038,1160,3,304,0,6251,3452950,0,0,8077689664,576209971,3931352154,0,0,2631719,5939,5939,0,38173751,38173751,0,0,19096329,1316125,13.54,2.24
765,2026-05-10 23:43:37,6,q45,0,13,384,1852,2270,19441,17639,1379,1480,0,128,0,17,19126675,0,0,11853074376,75245836,560805037,0,0,178,5,5,0,15942,15942,0,0,15942,178,10.5,1.85
766,2026-05-10 23:43:39,6,q46,0,15,524,2986,3643,38638,36476,1621,1772,0,224,0,2301,13582955,0,0,15809895360,278073177,2456359301,0,0,2097508,545,545,0,69833265,69833265,0,0,69833265,2097508,12.94,2.99
767,2026-05-10 23:43:44,6,q47,0,15,442,3777,4618,51240,47769,1267,1353,0,288,0,2248,4637411,0,0,12461249104,275269957,1817455343,0,0,1731681,1968,1968,0,69788973,69788973,0,0,44215088,1097674,13.57,3.78
768,2026-05-10 23:43:48,6,q48,0,11,448,12472,12747,186748,94291,1506,1557,0,26542,0,80,2213440,0,0,9108104600,277986776,2556184554,0,0,175,175,175,0,10053,10053,0,0,10053,175,14.97,12.47
769,2026-05-10 23:44:02,6,q49,0,28,843,11425,28234,169587,109975,2746,2788,43,5808,0,36167,2405530,0,0,5390216224,540771495,7868622384,0,0,86104362,229,229,0,1835909124,1835909124,0,0,1835909124,86104362,14.84,11.42
770,2026-05-10 23:44:14,6,q50,0,16,604,56304,103976,881433,188358,2041,1765,72,768,0,665889,1285788,0,0,40984956952,302953007,2114268204,0,0,265637490,18104,18104,0,5740252687,5740252687,0,0,5740252687,265637490,15.65,56.3
771,2026-05-10 23:45:12,6,q51,0,13,476,14528,20463,195609,174359,1102,1184,0,1072,0,8862,662067,0,0,24332587880,347067366,2224169590,0,0,142655042,2618,2618,0,2404730214,2404730214,0,0,2404730214,142655042,13.46,14.53
772,2026-05-10 23:45:28,6,q51a,0,17,547,249006,287908,3226538,3178210,1364,1480,0,22518,0,10521,662540,0,0,68419952696,347067366,2224169590,0,0,283180134,3641,3641,0,4672557269,4672557269,0,0,3426466949,216786871,12.96,249.01
773,2026-05-10 23:49:38,6,q52,0,7,332,1517,1532,20264,14602,901,976,0,128,0,115,805455,0,0,972989264,275269554,2294188564,0,0,5811,7,7,0,293338,293338,0,0,293338,5811,13.36,1.52
774,2026-05-10 23:49:40,6,q53,0,10,384,1688,1821,21218,19887,1112,1206,0,0,0,680,955809,0,0,823814096,275269957,1818223315,0,0,39647,39,39,0,1005033,1005033,0,0,1005033,39647,12.57,1.69
775,2026-05-10 23:49:43,6,q54,0,29,981,3296,6136,41623,36869,3604,3632,0,417,0,533,19126761,0,0,17687697240,493745849,2619128729,0,0,8236501,169,169,0,77483407,77483407,0,0,77483407,8236501,12.63,3.3
776,2026-05-10 23:49:47,6,q55,0,7,332,1124,1133,14525,13254,880,969,0,210,0,123,805498,0,0,972989264,275269554,2294188564,0,0,3998,7,7,0,214887,214887,0,0,214887,3998,12.92,1.12
777,2026-05-10 23:49:50,6,q56,0,16,697,2820,4575,35353,29321,1955,2146,1,208,0,169,1868056,0,0,10050819976,491763335,4581210515,0,0,46055,12,12,0,920811,920811,0,0,920811,46055,12.54,2.82
778,2026-05-10 23:49:54,6,q57,0,15,380,3023,4145,39605,33151,1185,1255,0,160,0,3790,4637411,0,0,12266226168,143511990,974287521,0,0,2599517,2340,2340,0,105614698,105614698,0,0,67477514,1646165,13.1,3.02
779,2026-05-10 23:49:58,6,q58,0,18,687,2836,5012,34232,30942,2107,2147,0,336,0,100,1573386,0,0,7527388888,490705424,4142892127,0,0,567105,14,14,0,7210425,7210425,0,0,7210425,567105,12.07,2.84
780,2026-05-10 23:50:02,6,q59,0,25,863,4206,8139,46596,44627,2706,3023,0,195,0,1206,1195676,0,0,4359450832,550318014,1382957360,0,0,109145,82,82,0,2771159,2771159,0,0,2771159,109145,11.08,4.21
781,2026-05-10 23:50:07,6,q60,0,16,697,3085,5039,40225,35600,1971,2199,0,272,0,297,1868056,0,0,12033679536,491763335,4581146011,0,0,283510,17,17,0,4377799,4377799,0,0,4377799,283510,13.04,3.08
782,2026-05-10 23:50:11,6,q61,0,18,785,3625,6204,46926,42422,2333,2258,3,464,0,61,19126718,0,0,39414209800,553316530,5582498790,0,0,350,350,350,0,19978,19978,0,0,19978,350,12.95,3.62
783,2026-05-10 23:50:16,6,q62,0,11,302,1381,1681,17394,15936,1130,1228,0,0,0,498,300038,0,0,276983840,72021876,234418940,0,0,14400,40,40,0,1296925,1296925,0,0,1296925,14400,12.6,1.38
784,2026-05-10 23:50:18,6,q63,0,10,384,1760,1834,23000,21329,1163,1237,0,256,0,341,956497,0,0,890857400,275269957,1818161875,0,0,6002,39,39,0,272500,272500,0,0,272500,6002,13.07,1.76
785,2026-05-10 23:50:21,6,q64,0,58,1646,23585,61415,344499,318139,6406,6673,1,2816,0,13919,40030491,0,0,41657040264,742775773,11214251005,0,0,232434788,6281,6281,0,3617833725,3617833725,0,0,3091808570,195467289,14.61,23.58
786,2026-05-10 23:50:46,6,q65,0,15,677,11048,20723,161539,149892,1625,1858,1,1024,0,10814,18416256,0,0,21749128128,550315509,3625597575,0,0,121631492,1377,1377,0,3653569657,3653569657,0,0,3653569657,121631492,14.62,11.05
787,2026-05-10 23:50:58,6,q66,0,14,454,3424,4697,45450,37252,1745,1802,0,352,0,269,632603,0,0,5254137136,215349809,2199932472,0,0,975,65,65,0,334320,334320,0,0,334320,975,13.27,3.42
788,2026-05-10 23:51:03,6,q67,0,11,487,52360,52377,740694,622217,1394,1512,0,5674,0,115747,9285378,0,0,55419999560,275269957,2070426314,0,0,69421512,4204,4204,0,4912853396,4912853396,0,0,4912853396,69421512,14.15,52.36
789,2026-05-10 23:51:56,6,q67a,0,19,1063,91798,351202,1401606,1008907,3230,3320,0,6573,0,394668,9285335,0,0,222504436952,275269957,2070426314,0,0,535599517,29037,29037,0,36352450503,36352450503,0,0,7669917791,121039109,15.27,91.8
790,2026-05-10 23:53:29,6,q68,0,15,520,3709,4496,50284,35265,1642,1779,0,224,0,892,13582955,0,0,15059348936,278073177,3778306000,0,0,2022735,60,60,0,65566972,65566972,0,0,65566972,2022735,13.56,3.71
791,2026-05-10 23:53:34,6,q69,0,16,726,2658,4767,36619,31630,1581,1850,1,208,0,1053,28817400,0,0,10795980248,495276153,629264302,0,0,16091419,510,510,0,46268454,46268454,0,0,46268454,16091419,13.78,2.66
792,2026-05-10 23:53:38,6,q70,0,14,607,3606,3693,46453,42448,1493,1732,0,208,0,322,1844665,0,0,3714240504,550111911,2523503134,0,0,1485,78,78,0,93231,93231,0,0,93231,1485,12.88,3.61
793,2026-05-10 23:53:42,6,q70a,0,17,612,2901,2977,37659,36382,1530,1754,0,144,0,260,1834306,0,0,1635960816,550111911,2523503134,0,0,1854,163,163,0,138807,138807,0,0,69407,1152,12.98,2.9
794,2026-05-10 23:53:46,6,q71,0,13,636,2988,3038,38866,27627,1763,1971,7,168,0,368,2146364,0,0,2953460104,490599325,4440411545,0,0,265572,129,129,0,9877800,9877800,0,0,5910472,163536,13.01,2.99
795,2026-05-10 23:53:50,6,q72,0,26,946,241405,433660,3662274,2319727,3387,3286,5,31632,0,1277395,13214646,0,0,82523784096,559315309,3877495668,0,0,537663712,28595,28595,0,9684906333,9684906333,0,0,9684906333,537663712,15.17,241.4
796,2026-05-10 23:57:53,6,q73,0,14,475,1803,2418,23354,20756,1346,1439,0,384,0,919,956583,0,0,837348152,277073167,735249152,0,0,4016581,70,70,0,134852157,134852157,0,0,67764478,2016581,12.95,1.8
797,2026-05-10 23:57:56,6,q74,0,28,972,15563,48687,239012,204971,3194,3258,8,4948,0,11750,589857,0,0,43804974688,624172931,3226973271,0,0,269945080,5935,5935,0,2931100538,2931100538,0,0,2060574882,191970515,15.36,15.56
798,2026-05-10 23:58:12,6,q75,0,32,1396,17623,34812,265030,203525,3111,3529,3,4022,0,13783,430416,0,0,25550952624,1031314069,10823755244,0,0,140055201,3592,3592,0,3212469243,3212469243,0,0,2149659832,89656379,15.04,17.62
799,2026-05-10 23:58:31,6,q76,0,9,579,3567,3378,46605,37771,1868,1785,0,662,0,1979,1938853,0,0,26526203720,484926017,4435128664,0,0,6344,322,322,0,666621,666621,0,0,666621,6344,13.07,3.57
800,2026-05-10 23:58:36,6,q77,0,23,835,3441,6488,44608,32130,3034,2627,0,536,0,270,806960,0,0,1703344160,539424889,4871322535,0,0,12127,41,41,0,445341,445341,0,0,445341,12127,12.96,3.44
801,2026-05-10 23:58:40,6,q77a,0,26,840,4006,7148,51970,44605,2742,2650,5,891,0,281,805928,0,0,2242312024,539424889,4871322535,0,0,13801,51,51,0,632731,632731,0,0,462137,11327,12.97,4.01
802,2026-05-10 23:58:46,6,q78,0,22,999,60783,118083,942065,468372,3138,3271,2,6368,0,454993,1068208,0,0,96293332400,540774746,5859313287,0,0,406636630,23741,23741,0,11387232940,11387232940,0,0,11387232940,406636630,15.5,60.78
803,2026-05-10 23:59:48,6,q79,0,13,478,3553,4186,50368,37877,1834,1534,4,1178,0,4221,967290,0,0,10880886024,277073167,2440928437,0,0,3605120,2176,2176,0,111096220,111096220,0,0,111096220,3605120,14.18,3.55
804,2026-05-10 23:59:52,6,q80,0,38,1308,71052,158410,1112714,364696,4693,5064,0,4480,0,742907,1112876,0,0,54884401176,541205579,8400081391,0,0,265494091,15014,15014,0,7549276446,7549276446,0,0,7549276446,265494091,15.66,71.05
805,2026-05-11 00:01:04,6,q80a,0,41,1313,43615,110419,671718,375819,6035,5245,16,3616,0,291472,1112876,0,0,55356260208,541205579,8400081391,0,0,265493763,15029,15029,0,7549419029,7549419029,0,0,7549197329,265491833,15.4,43.62
806,2026-05-11 00:01:49,6,q81,0,19,457,2767,4502,37438,29669,1771,1587,0,304,0,3834,8012449,0,0,14237655400,32816075,486890793,0,0,11400653,1445,1445,0,249973081,249973081,0,0,249973081,11400653,13.53,2.77
807,2026-05-11 00:01:53,6,q82,0,13,466,2857,3765,32096,23924,1560,1667,0,400,0,859,403975,0,0,185173928,687764791,3356032423,0,0,40832,190,190,0,227610,227610,0,0,227610,40832,11.23,2.86
808,2026-05-11 00:01:57,6,q83,0,17,415,1594,2669,16175,13838,1639,1641,0,168,0,265,1573386,0,0,2472331560,49490275,357288222,0,0,371976,19,19,0,4721069,4721069,0,0,4721069,371976,10.15,1.59
809,2026-05-11 00:02:00,6,q84,0,15,376,1497,3368,16817,14308,1325,1419,0,0,0,1353,9765521,0,0,1313097696,33729863,180014751,0,0,27798849,47,47,0,145788599,145788599,0,0,145788599,27798849,11.23,1.5
810,2026-05-11 00:02:02,6,q85,0,18,514,3958,17384,52049,45878,2016,2119,0,1808,0,2712,17038024,0,0,9166144312,84065130,1314089896,0,0,9151985,1088,1088,0,347044993,347044993,0,0,347044993,9151985,13.15,3.96
811,2026-05-11 00:02:07,6,q86,0,8,205,1245,1221,13332,12528,734,776,0,0,0,333,3736575,0,0,3074785168,72225815,624922170,0,0,5682,31,31,0,393071,393071,0,0,393071,5682,10.71,1.25
812,2026-05-11 00:02:10,6,q86a,0,11,210,1049,1017,10218,9661,909,783,0,154,0,306,3736532,0,0,3479534984,72225815,624922170,0,0,14504,90,90,0,1060494,1060494,0,0,368370,5084,9.74,1.05
813,2026-05-11 00:02:12,6,q87,0,18,708,8435,20142,127684,116574,1314,1609,18,2221,0,6640,405169,0,0,23481174392,492355333,604570203,0,0,120819579,3995,3995,0,731356941,731356941,0,0,626216931,116819579,15.14,8.44
814,2026-05-11 00:02:21,6,q88,0,44,2350,7620,21599,110420,101842,3969,5081,0,810,0,1251,423945,0,0,4612277248,2304260316,3421968963,0,0,1432,1432,1432,0,84478,84478,0,0,84478,1432,14.49,7.62
815,2026-05-11 00:02:30,6,q89,0,10,385,1850,2027,23570,21712,1368,1228,0,320,0,649,956626,0,0,3692060312,275269957,1817813891,0,0,31000,80,80,0,2425361,2425361,0,0,2425361,31000,12.74,1.85
816,2026-05-11 00:02:33,6,q90,0,14,400,919,1478,11033,9529,1323,1441,0,96,0,13,247693,0,0,304385536,144052870,379191855,0,0,94,94,94,0,5546,5546,0,0,5546,94,12.01,0.92
817,2026-05-11 00:02:35,6,q91,0,18,425,1066,2368,10072,8261,1516,1626,2,0,0,599,918779,0,0,2978994248,19346085,203656674,0,0,2083224,256,256,0,44364222,44364222,0,0,44342238,2083083,9.45,1.07
818,2026-05-11 00:02:37,6,q92,0,11,309,1582,2372,21086,18723,974,1046,0,144,0,964,715693,0,0,1039300696,144227628,1253218457,0,0,651743,96,96,0,8364978,8364978,0,0,8364978,651743,13.33,1.58
819,2026-05-11 00:02:40,6,q93,0,12,614,38369,56467,570878,368160,1181,1391,0,2384,0,215352,2225064,0,0,68145363512,316808513,2820790041,0,0,288995290,42012,42012,0,7557245785,7557245785,0,0,7557245785,288995290,14.88,38.37
820,2026-05-11 00:03:19,6,q94,0,14,463,7461,15536,109893,95477,1553,1541,0,1218,0,8648,512160,0,0,16630437440,152223255,1020797291,0,0,151171114,4440,4440,0,2327061444,2327061444,0,0,2327061444,151171114,14.73,7.46
821,2026-05-11 00:03:28,6,q95,0,14,490,23817,33125,354729,319962,1805,1809,0,6628,0,7661,944164,0,0,49888658408,152223251,990179326,0,0,367104120,16884,16884,0,3413742751,3413742751,0,0,2085751687,151153176,14.89,23.82
822,2026-05-11 00:03:53,6,q96,0,9,383,1096,1232,14132,13264,883,1049,4,64,0,24,423773,0,0,572089728,288034193,427847297,0,0,179,179,179,0,10561,10561,0,0,10561,179,12.89,1.1
823,2026-05-11 00:03:55,6,q97,0,8,444,11596,14919,152135,143363,1085,1143,3,887,0,3766,663787,0,0,22689626368,418353510,2207604761,0,0,83753000,1241,1241,0,957220551,957220551,0,0,957220551,83753000,13.12,11.6
824,2026-05-11 00:04:07,6,q98,0,10,350,1950,1863,20487,16510,897,980,23,330,0,177,6774492,0,0,4933193848,275269554,2315163112,0,0,180923,99,99,0,22381005,22381005,0,0,18573144,150380,10.51,1.95
825,2026-05-11 00:04:10,6,q99,0,12,359,2606,2939,33904,26708,1286,1322,0,208,0,1925,634968,0,0,3131391776,144014393,408531980,0,0,65159,196,196,0,4427503,4427503,0,0,4427503,65159,13.01,2.61
826,2026-05-11 00:04:14,7,q1,0,17,376,2368,3923,31918,27569,1287,1307,0,528,0,2620,892610,0,0,6837461944,57608414,621574356,0,0,18395894,615,615,0,276764274,276764274,0,0,276764274,18395894,13.48,2.37
827,2026-05-11 00:04:18,7,q2,0,14,405,2823,2970,38143,36247,1316,1418,0,649,0,453,755509,0,0,1015601344,215402822,942546199,0,0,5404,443,443,0,250855,250855,0,0,93329,3720,13.51,2.82
828,2026-05-11 00:04:21,7,q3,0,7,332,1175,1174,14950,12592,953,957,0,248,0,641,809110,0,0,528990184,275322603,2294373799,0,0,4634,35,35,0,373251,373251,0,0,373251,4634,12.72,1.18
829,2026-05-11 00:04:24,7,q4,0,34,1330,55458,264212,872522,621277,4186,4385,2,8417,0,236925,765025,0,0,115125933792,767460888,11859902868,0,0,566100624,26443,26443,0,14405228893,14405228893,0,0,8517805564,341212705,15.73,55.46
830,2026-05-11 00:05:20,7,q5,0,22,999,14038,20845,186528,172829,3061,3281,0,1176,0,8167,1008513,0,0,9102805064,611445087,5443782227,0,0,78868237,1233,1233,0,1120525516,1120525516,0,0,1120525516,78868237,13.29,14.04
831,2026-05-11 00:05:35,7,q5a,0,25,1004,13739,19851,179659,169661,3148,3345,0,1684,0,4970,1009029,0,0,9574664096,611445087,5443782227,0,0,78870706,1243,1243,0,1120754606,1120754606,0,0,1120545258,78867272,13.08,13.74
832,2026-05-11 00:05:50,7,q6,0,21,634,1882,2947,21706,19548,2343,2407,0,224,0,386,8479869,0,0,5288963336,278619675,1441039050,0,0,5131498,241,241,0,45198169,45198169,0,0,45198169,5131498,11.53,1.88
833,2026-05-11 00:05:53,7,q7,0,12,459,3035,3367,43442,38857,1494,1567,0,565,0,690,1573386,0,0,7631737408,277191365,4081654607,0,0,696063,624,624,0,22162805,22162805,0,0,22162805,696063,14.31,3.04
834,2026-05-11 00:05:57,7,q8,0,16,516,1855,2135,18855,16578,1669,1789,0,320,0,227,9493367,0,0,14161952888,279065986,1277122301,0,0,49844,27,27,0,691428,691428,0,0,691428,49844,10.16,1.86
835,2026-05-11 00:06:00,7,q9,0,17,1201,4645,22540,68703,63696,1473,2118,8,976,0,158,387939,0,0,0,1440032996,9178992116,0,0,895,895,895,0,73404,73404,0,0,73404,895,14.79,4.64
836,2026-05-11 00:06:06,7,q10,0,19,786,2506,4323,32764,29599,1934,2131,0,231,0,897,29252855,0,0,10269770088,496276163,637546929,0,0,19145607,602,602,0,19871759,19871759,0,0,19871759,19145607,13.07,2.51
837,2026-05-11 00:06:10,7,q10a,0,15,726,1866,3029,23097,21196,1682,1949,0,288,0,1296,29252468,0,0,9589411776,495276153,629946422,0,0,20856568,612,612,0,49773297,49773297,0,0,49773297,20856568,12.38,1.87
838,2026-05-11 00:06:13,7,q11,0,28,978,15801,47583,240918,228056,3228,3330,0,3200,0,12934,589169,0,0,44791176400,624172931,4363755135,0,0,269945080,6379,6379,0,4430420851,4430420851,0,0,2954430909,191970515,15.25,15.8
839,2026-05-11 00:06:30,7,q12,0,9,216,892,867,7560,6710,745,788,0,128,0,91,6554102,0,0,1936889120,72225815,641857773,0,0,109208,57,57,0,13357470,13357470,0,0,13357470,109208,8.48,0.89
840,2026-05-11 00:06:31,7,q13,0,13,499,3396,4001,47598,43613,1573,1682,0,1252,0,42,1760007,0,0,9300506600,277993977,4867704072,0,0,175,175,175,0,11012,11012,0,0,11012,175,14.02,3.4
841,2026-05-11 00:06:36,7,q14a,0,60,2590,64011,122408,962268,451664,7394,8095,9,9596,0,501367,2441791,0,0,36114140728,1962237296,13942755482,0,0,637565887,4722,4722,0,8525719670,8525719670,0,0,8518301565,637330211,15.03,64.01
842,2026-05-11 00:07:42,7,q14b,0,48,2061,21309,28282,288146,241618,6952,7022,12,3751,0,10239,2441791,0,0,26834947064,1531929955,9858670679,0,0,134802754,4310,4310,0,485379140,485379140,0,0,485379140,134802754,13.52,21.31
843,2026-05-11 00:08:04,7,q14,0,48,2054,19912,25765,268220,236336,7348,7141,4,3879,0,8360,2336869,0,0,24750935824,1531929955,9858670679,0,0,134050968,3519,3519,0,399912510,399912510,0,0,399912510,134050968,13.47,19.91
844,2026-05-11 00:08:26,7,q15,0,9,327,3227,3208,42932,40064,993,1091,0,240,0,106,19126804,0,0,16490050464,146307978,548200969,0,0,4200,7,7,0,142142,142142,0,0,142142,4200,13.3,3.23
845,2026-05-11 00:08:30,7,q16,0,14,630,12990,31053,198129,183213,1738,1884,0,1920,0,14014,1280228,0,0,41785807200,303406716,2170104123,0,0,301125284,21800,21800,0,4328955313,4328955313,0,0,4328955313,301125284,15.25,12.99
846,2026-05-11 00:08:44,7,q17,0,23,792,5538,10283,72721,58208,3707,3159,17,1523,0,3088,13952405,0,0,6358661496,446411917,3348882841,0,0,28190115,1072,1072,0,594090234,594090234,0,0,594090234,28190115,13.13,5.54
847,2026-05-11 00:08:51,7,q18,0,17,536,4313,6123,59577,44490,2371,1846,1,1346,0,6183,9765951,0,0,9028584440,150353599,2872727855,0,0,11669020,2176,2176,0,366455351,366455351,0,0,366455351,11669020,13.81,4.31
848,2026-05-11 00:08:56,7,q18a,0,29,840,6662,16724,96747,85941,2910,2953,9,1465,0,6522,9765521,0,0,31854310392,153557630,2895749961,0,0,56294457,9674,9674,0,1683117946,1683117946,0,0,369964798,11778229,14.52,6.66
849,2026-05-11 00:09:04,7,q19,0,13,508,2464,2962,29602,25653,1644,1738,10,312,0,200,19126675,0,0,28845155264,278269977,2619417827,0,0,13028,7,7,0,769254,769254,0,0,769254,13028,12.01,2.46
850,2026-05-11 00:09:07,7,q20,0,9,269,1201,1164,12057,11088,905,886,0,0,0,94,6554102,0,0,2982058872,143511959,1223610711,0,0,114197,57,57,0,13913865,13913865,0,0,13913865,114197,10.04,1.2
851,2026-05-11 00:09:10,7,q21,0,10,240,2330,2443,26366,20600,971,957,0,128,0,90,250326,0,0,1106523448,399554218,2144041758,0,0,576630,63,63,0,9175595,9175595,0,0,9175595,576630,11.32,2.33
852,2026-05-11 00:09:13,7,q22,0,10,248,90771,90820,810266,803142,983,969,0,2465,0,1063,9285378,0,0,3586507952,399554220,2139999627,0,0,7743003,340,340,0,332188456,332188456,0,0,332188456,7743003,8.93,90.77
853,2026-05-11 00:10:45,7,q22a,0,14,318,5129,6337,62104,56885,1062,1135,0,368,0,2792,9285249,0,0,13505249432,399554218,2141120742,0,0,10500715,1747,1747,0,531223558,531223558,0,0,117887858,2346075,12.11,5.13
854,2026-05-11 00:10:51,7,q23a,0,30,1372,38094,63734,584619,565494,4143,4399,4,6624,3,17304,13214689,0,0,94407354440,1055671477,5674217967,0,0,161175043,12719,12719,0,3947102930,3947102930,0,0,3513799537,129129014,15.35,38.09
855,2026-05-11 00:11:30,7,q23b,0,34,1456,40527,69679,618294,598259,4603,4734,2,7132,11,18828,13214646,0,0,107348878656,1057671487,5703336622,0,0,219745448,22317,22317,0,4871849891,4871849891,0,0,3569885627,131206517,15.26,40.53
856,2026-05-11 00:12:12,7,q24,0,22,675,4689,8263,62096,52692,2908,2830,2,769,0,10172,13036729,0,0,7305478504,320217227,3235799697,0,0,31568283,3416,3416,0,449635392,449635392,0,0,449635392,31568283,13.24,4.69
857,2026-05-11 00:12:18,7,q24a,0,31,1005,11092,16544,141510,130579,4294,3975,2,1839,0,14803,7979017,0,0,21574691736,608427816,6154262263,0,0,100579193,8043,8043,0,1945226426,1945226426,0,0,1538537385,69847454,12.76,11.09
858,2026-05-11 00:12:30,7,q24b,0,32,1006,9878,12828,127010,117007,4010,3984,1,1515,0,14451,7978888,0,0,18878557560,608427816,6154262263,0,0,99830491,4856,4856,0,1919690401,1919690401,0,0,1513001360,69098752,12.86,9.88
859,2026-05-11 00:12:41,7,q25,0,23,792,4456,8147,58803,52903,3116,3112,1,672,0,2038,13952362,0,0,6009723240,446411917,4740037744,0,0,20197026,915,915,0,402707446,402707446,0,0,402707446,20197026,13.2,4.46
860,2026-05-11 00:12:46,7,q26,0,12,380,2656,2998,37227,33514,1450,1402,6,315,0,624,1573386,0,0,5378073712,145433770,2235483536,0,0,381559,420,420,0,12861580,12861580,0,0,12861580,381559,14.02,2.66
861,2026-05-11 00:12:50,7,q27,0,12,449,2551,2855,34521,30997,1470,1570,0,372,0,744,1573386,0,0,7028733256,277190767,3799581335,0,0,175123,240,240,0,6786697,6786697,0,0,6786697,175123,13.53,2.55
862,2026-05-11 00:12:54,7,q27a,0,20,1006,6954,12017,101612,89983,3014,3078,1,1698,0,1848,1573386,0,0,12310931960,827486275,11379261013,0,0,178342,410,410,0,7378483,7378483,0,0,7378483,178342,14.61,6.95
863,2026-05-11 00:13:02,7,q28,0,24,1475,9611,25566,146858,128586,2810,3151,14,1776,0,28299,535741,0,0,72783993536,1728039528,14114429742,0,0,7180162,17100,17100,0,115793630,115793630,0,0,115793630,7180162,15.28,9.61
864,2026-05-11 00:13:13,7,q29,0,28,901,10258,15750,132748,127059,3517,3626,1,950,0,5021,13952362,0,0,12510713656,446451919,3349831191,0,0,93232843,2580,2580,0,1596718599,1596718599,0,0,1596718599,93232843,12.94,10.26
865,2026-05-11 00:13:24,7,q30,0,19,434,2197,3753,27169,23652,1426,1486,0,0,0,2097,8012019,0,0,9422382704,17770231,358866159,0,0,6155893,546,546,0,281959109,281959109,0,0,281959109,6155893,12.37,2.2
866,2026-05-11 00:13:27,7,q31,0,29,1188,5488,12306,75356,66304,3167,3288,11,916,0,997,15423190,0,0,52911226384,1042202108,5323812009,0,0,84667,48,48,0,2834902,2834902,0,0,2765458,83741,13.73,5.49
867,2026-05-11 00:13:34,7,q32,0,11,416,1706,2268,22757,21233,1080,1176,0,224,0,884,481838,0,0,1291866552,286799916,2414670926,0,0,733310,164,164,0,9409034,9409034,0,0,9409034,733310,13.34,1.71
868,2026-05-11 00:13:37,7,q33,0,16,697,3184,5154,42824,36740,2023,2182,0,528,0,233,1868056,0,0,12103885032,491763335,4580153231,0,0,11976,12,12,0,304586,304586,0,0,304586,11976,13.45,3.18
869,2026-05-11 00:13:41,7,q34,0,14,475,2003,2664,25619,24243,1394,1466,0,150,0,1485,959550,0,0,774808632,277073167,735249152,0,0,4031113,97,97,0,135566568,135566568,0,0,68478889,2031113,12.79,2.0
870,2026-05-11 00:13:44,7,q35,0,17,743,4245,6408,58178,50483,1660,1928,0,368,0,2036,24091841,0,0,15432939152,495276153,628536151,0,0,57691365,1530,1530,0,114208829,114208829,0,0,114208829,57691365,13.71,4.24
871,2026-05-11 00:13:49,7,q35a,0,16,743,3369,4655,43353,39910,1756,1969,0,293,0,1780,24091841,0,0,14577301544,495276153,628536151,0,0,57706997,1547,1547,0,114348270,114348270,0,0,114348270,57706997,12.87,3.37
872,2026-05-11 00:13:54,7,q36,0,10,384,2253,2374,28996,23115,1146,1240,0,674,0,547,3736575,0,0,6387332520,275269957,3480220458,0,0,6953,40,40,0,547056,547056,0,0,547056,6953,12.87,2.25
873,2026-05-11 00:13:57,7,q36a,0,13,389,2245,2334,28060,23538,1228,1270,0,592,0,700,3736489,0,0,6926300392,275269957,3480220458,0,0,19286,123,123,0,1569222,1569222,0,0,539222,6678,12.5,2.24
874,2026-05-11 00:14:00,7,q37,0,10,347,4665,8300,50210,47371,951,1047,0,630,0,3674,250326,0,0,4885927832,543548526,2770658720,0,0,51928707,1748,1748,0,663826465,663826465,0,0,663826465,143994433,10.76,4.66
875,2026-05-11 00:14:06,7,q38,0,18,708,9270,22238,140445,117843,1493,1609,4,1342,0,7314,405169,0,0,23481174392,492355333,604570203,0,0,120819579,3995,3995,0,731356941,731356941,0,0,626216931,116819579,15.15,9.27
876,2026-05-11 00:14:16,7,q39a,0,17,408,4875,8827,62312,52837,1949,1619,0,964,0,1388,2476663,0,0,6303890280,798904419,4281053994,0,0,13883617,187,187,0,264632223,264632223,0,0,177536069,9293617,12.78,4.88
877,2026-05-11 00:14:22,7,q39b,0,17,407,4151,7570,53391,49220,1528,1609,12,515,0,692,1045567,0,0,5920439144,798904419,4281053994,0,0,13774459,187,187,0,261566888,261566888,0,0,174470734,9184459,12.86,4.15
878,2026-05-11 00:14:28,7,q40,0,13,430,8588,23076,124468,117430,1248,1378,0,1040,0,10341,515126,0,0,24442330840,157909997,1384378348,0,0,157478827,6105,6105,0,3051263888,3051263888,0,0,3051263888,157478827,14.49,8.59
879,2026-05-11 00:14:37,7,q41,0,6,112,512,424,2766,370,620,571,0,0,0,12,232265,0,0,540036928,408002,3505726,0,0,292,2,2,0,19225,19225,0,0,19225,292,5.4,0.51
880,2026-05-11 00:14:39,7,q42,0,7,332,1362,1366,18131,14086,932,987,0,309,0,26,806659,0,0,972989264,275269554,2293926420,0,0,77,7,7,0,6388,6388,0,0,6388,77,13.31,1.36
881,2026-05-11 00:14:41,7,q43,0,7,328,1974,2017,26032,24288,1166,983,0,434,0,339,811260,0,0,481321584,275065956,690812351,0,0,4522,38,38,0,500678,500678,0,0,500678,4522,13.19,1.97
882,2026-05-11 00:14:45,7,q44,0,11,548,2347,2477,31555,25365,1206,1196,1,512,0,6706,3452950,0,0,8077689664,576209971,3931352154,0,0,2631719,5939,5939,0,38173751,38173751,0,0,19096329,1316125,13.44,2.35
883,2026-05-11 00:14:48,7,q45,0,13,384,1659,2095,16860,15009,1362,1452,0,128,0,22,19126675,0,0,11853074376,75245836,560805037,0,0,178,5,5,0,15942,15942,0,0,15942,178,10.16,1.66
884,2026-05-11 00:14:51,7,q46,0,15,524,3285,4074,43298,40925,1606,1764,2,208,0,2190,13582955,0,0,15809895360,278073177,2456359301,0,0,2097508,545,545,0,69833265,69833265,0,0,69833265,2097508,13.18,3.28
885,2026-05-11 00:14:55,7,q47,0,15,442,3931,4800,52885,47632,1303,1358,0,304,0,2552,4637411,0,0,12461249104,275269957,1817455343,0,0,1731681,1968,1968,0,69788973,69788973,0,0,44215088,1097674,13.45,3.93
886,2026-05-11 00:15:00,7,q48,0,11,448,6348,6685,93796,89427,1519,1578,0,1732,0,78,2213440,0,0,9108104600,277986776,2556184554,0,0,175,175,175,0,10053,10053,0,0,10053,175,14.78,6.35
887,2026-05-11 00:15:07,7,q49,0,28,843,7932,17745,114252,102517,2859,2801,0,1798,0,9802,2405530,0,0,5390216224,540771495,7868622384,0,0,86104362,229,229,0,1835909124,1835909124,0,0,1835909124,86104362,14.4,7.93
888,2026-05-11 00:15:17,7,q50,0,16,604,14993,21941,224579,210611,1803,1870,0,736,0,23519,1285788,0,0,40984956952,302953007,2114268204,0,0,265637490,18104,18104,0,5740252687,5740252687,0,0,5740252687,265637490,14.98,14.99
889,2026-05-11 00:15:33,7,q51,0,13,476,14300,19965,190415,175800,1303,1253,0,1963,0,8383,663830,0,0,24332587880,347067366,2224169590,0,0,142655042,2618,2618,0,2404730214,2404730214,0,0,2404730214,142655042,13.32,14.3
890,2026-05-11 00:15:48,7,q51a,0,17,547,247789,286956,3220031,3155074,1368,1509,1,23637,0,10803,663357,0,0,68419952696,347067366,2224169590,0,0,283180134,3641,3641,0,4672557269,4672557269,0,0,3426466949,216786871,13.0,247.79
891,2026-05-11 00:19:57,7,q52,0,7,332,1140,1147,14462,12325,941,966,0,152,0,184,805498,0,0,972989264,275269554,2294188564,0,0,5811,7,7,0,293338,293338,0,0,293338,5811,12.69,1.14
892,2026-05-11 00:19:59,7,q53,0,10,384,1619,1750,20279,18930,1126,1215,0,128,0,601,956540,0,0,823814096,275269957,1818223315,0,0,39647,39,39,0,1005033,1005033,0,0,1005033,39647,12.53,1.62
893,2026-05-11 00:20:02,7,q54,0,29,981,3264,6014,41207,37833,3510,3593,0,441,0,598,19126718,0,0,17687697240,493745849,2619128729,0,0,8236501,169,169,0,77483407,77483407,0,0,77483407,8236501,12.62,3.26
894,2026-05-11 00:20:06,7,q55,0,7,332,1237,1242,15940,13841,892,968,0,281,0,115,806143,0,0,972989264,275269554,2294188564,0,0,3998,7,7,0,214887,214887,0,0,214887,3998,12.89,1.24
895,2026-05-11 00:20:08,7,q56,0,16,697,3118,4952,40951,35469,2129,2180,0,464,0,198,1868056,0,0,10050819976,491763335,4581210515,0,0,46055,12,12,0,920811,920811,0,0,920811,46055,13.13,3.12
896,2026-05-11 00:20:13,7,q57,0,15,380,3021,4090,39635,34827,1227,1255,0,153,0,3194,4637454,0,0,12266226168,143511990,974287521,0,0,2599517,2340,2340,0,105614698,105614698,0,0,67477514,1646165,13.12,3.02
897,2026-05-11 00:20:17,7,q58,0,18,687,3227,5847,41212,37574,2017,2127,0,304,0,85,1573386,0,0,7527388888,490705424,4142892127,0,0,567105,14,14,0,7210412,7210412,0,0,7210412,567105,12.77,3.23
898,2026-05-11 00:20:21,7,q59,0,25,863,4253,8321,47548,45290,2794,3013,1,434,0,1154,1195848,0,0,4359450832,550318014,1382957360,0,0,109145,82,82,0,2771159,2771159,0,0,2771159,109145,11.18,4.25
899,2026-05-11 00:20:26,7,q60,0,16,697,3589,5922,48335,43836,2050,2177,0,545,0,357,1868142,0,0,12033679536,491763335,4581146011,0,0,283510,17,17,0,4377799,4377799,0,0,4377799,283510,13.47,3.59
900,2026-05-11 00:20:31,7,q61,0,18,785,3670,6025,48305,45120,1848,2152,1,288,0,56,19126718,0,0,39414209800,553316530,5582498790,0,0,350,350,350,0,19978,19978,0,0,19978,350,13.16,3.67
901,2026-05-11 00:20:36,7,q62,0,11,302,1406,1692,17629,16042,1155,1233,0,224,0,549,301070,0,0,276983840,72021876,234418940,0,0,14400,40,40,0,1296925,1296925,0,0,1296925,14400,12.54,1.41
902,2026-05-11 00:20:38,7,q63,0,10,384,1837,1914,24062,22475,1139,1222,0,160,0,333,956497,0,0,890857400,275269957,1818161875,0,0,6002,39,39,0,272500,272500,0,0,272500,6002,13.1,1.84
903,2026-05-11 00:20:41,7,q64,0,58,1646,23056,59423,333259,317348,6630,6730,0,3400,0,13536,40030405,0,0,41657040264,742775773,11214251005,0,0,232434788,6281,6281,0,3617833725,3617833725,0,0,3091808570,195467289,14.45,23.06
904,2026-05-11 00:21:06,7,q65,0,15,677,10859,20370,158218,151833,1679,1850,2,880,0,9710,18416299,0,0,21749128128,550315509,3625597575,0,0,121631492,1377,1377,0,3653569657,3653569657,0,0,3653569657,121631492,14.57,10.86
905,2026-05-11 00:21:18,7,q66,0,14,454,3183,4331,42162,34757,1708,1814,0,592,0,237,633291,0,0,5254137136,215349809,2199932472,0,0,975,65,65,0,334320,334320,0,0,334320,975,13.25,3.18
906,2026-05-11 00:21:22,7,q67,0,11,487,47952,48014,645574,631071,1363,1509,0,6166,0,11506,9285378,0,0,55419999560,275269957,2070426314,0,0,69421512,4204,4204,0,4912853396,4912853396,0,0,4912853396,69421512,13.46,47.95
907,2026-05-11 00:22:11,7,q67a,0,19,1063,73482,249888,1139405,1076276,3329,3401,1,7540,0,59719,9285378,0,0,222504436952,275269957,2070426314,0,0,535599517,29037,29037,0,36352450503,36352450503,0,0,7669917791,121039109,15.51,73.48
908,2026-05-11 00:23:26,7,q68,0,15,520,4241,4971,58610,42126,1592,1725,0,384,0,1598,13582998,0,0,15059348936,278073177,3778306000,0,0,2022735,60,60,0,65566972,65566972,0,0,65566972,2022735,13.82,4.24
909,2026-05-11 00:23:31,7,q69,0,16,726,2831,5173,38646,31497,1673,1869,4,140,0,1447,28817400,0,0,10795980248,495276153,629264302,0,0,16091419,510,510,0,46268454,46268454,0,0,46268454,16091419,13.65,2.83
910,2026-05-11 00:23:35,7,q70,0,14,607,4017,4121,52107,49589,1670,1718,0,262,0,259,1844665,0,0,3714240504,550111911,2523503134,0,0,1485,78,78,0,93231,93231,0,0,93231,1485,12.97,4.02
911,2026-05-11 00:23:40,7,q70a,0,17,612,2979,3054,38493,37268,1533,1743,0,156,0,272,1834994,0,0,1635960816,550111911,2523503134,0,0,1854,163,163,0,138807,138807,0,0,69407,1152,12.92,2.98
912,2026-05-11 00:23:44,7,q71,0,13,636,2652,2710,33413,29437,1835,2026,6,288,0,459,2146364,0,0,2953460104,490599325,4440411545,0,0,265572,129,129,0,9878073,9878073,0,0,5910745,163536,12.6,2.65
913,2026-05-11 00:23:48,7,q72,0,26,946,189848,252407,2852453,2335036,3011,3271,2,3424,3,506029,13214560,0,0,82523784096,559315309,3877495668,0,0,537663712,28595,28595,0,9684906333,9684906333,0,0,9684906333,537663712,15.02,189.85
914,2026-05-11 00:26:59,7,q73,0,14,475,1914,2533,25144,23608,1317,1450,0,272,0,957,956067,0,0,837348152,277073167,735249152,0,0,4016581,70,70,0,134852157,134852157,0,0,67764478,2016581,13.14,1.91
915,2026-05-11 00:27:02,7,q74,0,28,972,15017,46368,228370,205397,3252,3297,0,4584,0,11349,589169,0,0,43804974688,624172931,3226973271,0,0,269945080,5935,5935,0,2931100538,2931100538,0,0,2060574882,191970515,15.21,15.02
916,2026-05-11 00:27:18,7,q75,0,32,1396,15534,30552,232592,212639,3249,3638,14,2300,0,12158,430330,0,0,25550952624,1031314069,10823755244,0,0,140055201,3592,3592,0,3212469243,3212469243,0,0,2149659832,89656379,14.97,15.53
917,2026-05-11 00:27:35,7,q76,0,9,579,3182,3113,43592,36003,1687,1772,0,475,0,1768,1938165,0,0,26526203720,484926017,4435128664,0,0,6344,322,322,0,666621,666621,0,0,666621,6344,13.7,3.18
918,2026-05-11 00:27:39,7,q77,0,23,835,3028,5555,38635,34374,2661,2649,8,100,0,245,805154,0,0,1703344160,539424889,4871322535,0,0,12127,41,41,0,445341,445341,0,0,445341,12127,12.76,3.03
919,2026-05-11 00:27:43,7,q77a,0,26,840,3451,6302,44410,39375,2507,2629,0,549,0,263,805885,0,0,2242312024,539424889,4871322535,0,0,13801,51,51,0,632731,632731,0,0,462137,11327,12.87,3.45
920,2026-05-11 00:27:48,7,q78,0,22,999,81099,155425,1266704,488056,2947,3166,0,3904,0,772461,1068208,0,0,96293332400,540774746,5859313287,0,0,406636630,23741,23741,0,11387232940,11387232940,0,0,11387232940,406636630,15.62,81.1
921,2026-05-11 00:29:10,7,q79,0,13,478,3832,4431,54203,40308,1795,1585,16,1752,0,4277,969268,0,0,10880886024,277073167,2440928437,0,0,3605120,2176,2176,0,111096220,111096220,0,0,111096220,3605120,14.14,3.83
922,2026-05-11 00:29:15,7,q80,0,38,1308,32309,73718,495161,388615,5119,5345,0,4089,0,111538,1112876,0,0,54884401176,541205579,8400081391,0,0,265494091,15014,15014,0,7549276446,7549276446,0,0,7549276446,265494091,15.33,32.31
923,2026-05-11 00:29:48,7,q80a,0,41,1313,72023,165705,1127310,375941,4861,5121,0,3650,0,754792,1112876,0,0,55356260208,541205579,8400081391,0,0,265493763,15029,15029,0,7549419029,7549419029,0,0,7549197329,265491833,15.65,72.02
924,2026-05-11 00:31:01,7,q81,0,19,457,2652,4302,35915,29049,1571,1548,18,288,0,3342,8012019,0,0,14237655400,32816075,486890793,0,0,11400653,1445,1445,0,249973081,249973081,0,0,249973081,11400653,13.54,2.65
925,2026-05-11 00:31:05,7,q82,0,13,466,3124,4485,37239,25686,1687,1673,3,576,0,6433,404018,0,0,185173928,687764791,3356032423,0,0,40832,190,190,0,227610,227610,0,0,227610,40832,11.92,3.12
926,2026-05-11 00:31:09,7,q83,0,17,415,1522,2292,14911,12692,1580,1652,0,48,0,231,1573386,0,0,2472331560,49490275,357288222,0,0,371976,19,19,0,4721069,4721069,0,0,4721069,371976,9.8,1.52
927,2026-05-11 00:31:12,7,q84,0,15,376,1657,3493,16094,13034,1288,1393,0,0,0,900,9765521,0,0,1313097696,33729863,180014751,0,0,27798849,47,47,0,145788599,145788599,0,0,145788599,27798849,9.71,1.66
928,2026-05-11 00:31:15,7,q85,0,18,514,4124,19159,58225,46303,2211,2146,0,1400,0,5447,17038497,0,0,9166144312,84065130,1314089896,0,0,9151985,1088,1088,0,347044993,347044993,0,0,347044993,9151985,14.12,4.12
929,2026-05-11 00:31:20,7,q86,0,8,205,2150,2122,14149,12418,728,779,0,64,0,313,3736575,0,0,3074785168,72225815,624922170,0,0,5682,31,31,0,393071,393071,0,0,393071,5682,6.58,2.15
930,2026-05-11 00:31:23,7,q86a,0,11,210,1201,1169,12844,12213,742,777,0,0,0,329,3736532,0,0,3479534984,72225815,624922170,0,0,14504,90,90,0,1060494,1060494,0,0,368370,5084,10.69,1.2
931,2026-05-11 00:31:25,7,q87,0,18,708,9327,22188,141944,123436,1350,1609,0,1283,0,8534,405169,0,0,23481174392,492355333,604570203,0,0,120819579,3995,3995,0,731356941,731356941,0,0,626216931,116819579,15.22,9.33
932,2026-05-11 00:31:36,7,q88,0,44,2350,9331,25529,136684,126037,4010,5059,0,421,0,204,423730,0,0,4612277248,2304260316,3421968963,0,0,1432,1432,1432,0,84478,84478,0,0,84478,1432,14.65,9.33
933,2026-05-11 00:31:46,7,q89,0,10,385,2187,2315,28952,23164,1231,1248,0,592,0,874,958733,0,0,3692060312,275269957,1817813891,0,0,31000,80,80,0,2425361,2425361,0,0,2425361,31000,13.24,2.19
934,2026-05-11 00:31:49,7,q90,0,14,400,1119,1849,14289,13042,1303,1443,0,0,0,12,247693,0,0,304385536,144052870,379191855,0,0,94,94,94,0,5546,5546,0,0,5546,94,12.77,1.12
935,2026-05-11 00:31:52,7,q91,0,18,425,1032,2444,10551,7868,1709,1678,0,195,0,669,918779,0,0,2978994248,19346085,203656674,0,0,2083224,256,256,0,44364222,44364222,0,0,44342238,2083083,10.22,1.03
936,2026-05-11 00:31:54,7,q92,0,11,309,1267,1764,16066,14549,976,1031,0,0,0,907,715693,0,0,1039300696,144227628,1253218457,0,0,651743,96,96,0,8364978,8364978,0,0,8364978,651743,12.68,1.27
937,2026-05-11 00:31:56,7,q93,0,12,614,48069,74461,719933,370414,1182,1393,20,5839,0,350934,2224376,0,0,68145363512,316808513,2820790041,0,0,288995290,42012,42012,0,7557245785,7557245785,0,0,7557245785,288995290,14.98,48.07
938,2026-05-11 00:32:45,7,q94,0,14,463,7684,18705,113264,96844,1701,1567,0,1072,0,13687,512074,0,0,16630437440,152223255,1020797291,0,0,151171114,4440,4440,0,2327061444,2327061444,0,0,2327061444,151171114,14.74,7.68
939,2026-05-11 00:32:54,7,q95,0,14,490,23571,30635,352517,316898,1825,1799,0,4868,0,7858,944164,0,0,49888658408,152223251,990179326,0,0,367104120,16884,16884,0,3413742751,3413742751,0,0,2085751687,151153176,14.96,23.57
940,2026-05-11 00:33:19,7,q96,0,9,383,1378,1561,17593,15860,1200,1045,0,0,0,25,422999,0,0,572089728,288034193,427847297,0,0,179,179,179,0,10561,10561,0,0,10561,179,12.77,1.38
941,2026-05-11 00:33:21,7,q97,0,8,444,11387,14680,148875,141728,1082,1127,6,666,0,2867,663443,0,0,22689626368,418353510,2207604761,0,0,83753000,1241,1241,0,957220551,957220551,0,0,957220551,83753000,13.07,11.39
942,2026-05-11 00:33:34,7,q98,0,10,350,1973,1914,20063,16087,1229,999,21,325,0,141,6774492,0,0,4933193848,275269554,2315163112,0,0,180923,99,99,0,22381005,22381005,0,0,18573144,150380,10.17,1.97
943,2026-05-11 00:33:37,7,q99,0,12,359,2519,2963,31917,27819,1540,1327,0,192,0,691,634968,0,0,3131391776,144014393,408531980,0,0,65159,196,196,0,4427503,4427503,0,0,4427503,65159,12.67,2.52
944,2026-05-11 00:33:40,8,q1,0,17,376,2536,4223,34149,30662,1414,1283,5,347,0,2636,892610,0,0,6837461944,57608414,621574356,0,0,18395894,615,615,0,276764274,276764274,0,0,276764274,18395894,13.47,2.54
945,2026-05-11 00:33:44,8,q2,0,14,405,3018,3167,41209,39372,1367,1418,0,664,0,453,755509,0,0,1015601344,215402822,942546199,0,0,5404,443,443,0,250855,250855,0,0,93329,3720,13.65,3.02
946,2026-05-11 00:33:48,8,q3,0,7,332,1212,1212,15708,13621,863,939,0,184,0,362,809540,0,0,528990184,275322603,2294373799,0,0,4634,35,35,0,373251,373251,0,0,373251,4634,12.96,1.21
947,2026-05-11 00:33:50,8,q4,0,34,1330,55230,257243,868650,629812,4336,4391,0,7100,0,222017,765025,0,0,115125933792,767460888,11859902868,0,0,566100624,26443,26443,0,14405228893,14405228893,0,0,8517805564,341212705,15.73,55.23
948,2026-05-11 00:34:47,8,q5,0,22,999,14176,21151,196650,174630,2986,3312,0,1178,0,14620,1008341,0,0,9102805064,611445087,5443782227,0,0,78868237,1233,1233,0,1120525516,1120525516,0,0,1120525516,78868237,13.87,14.18
949,2026-05-11 00:35:02,8,q5a,0,25,1004,14496,21006,191406,175277,3224,3273,0,1148,0,8063,1007739,0,0,9574664096,611445087,5443782227,0,0,78870706,1243,1243,0,1120754606,1120754606,0,0,1120545258,78867272,13.2,14.5
950,2026-05-11 00:35:18,8,q6,0,21,634,2034,3208,24038,20259,2467,2378,0,165,0,524,8479826,0,0,5288963336,278619675,1441039050,0,0,5131498,241,241,0,45198169,45198169,0,0,45198169,5131498,11.82,2.03
951,2026-05-11 00:35:21,8,q7,0,12,459,3068,3414,43418,37728,1602,1547,0,749,0,751,1573472,0,0,7631737408,277191365,4081654607,0,0,696063,624,624,0,22162805,22162805,0,0,22162805,696063,14.15,3.07
952,2026-05-11 00:35:25,8,q8,0,16,516,1857,2146,19758,17212,1612,1777,0,160,0,228,9492937,0,0,14161952888,279065986,1277122301,0,0,49844,27,27,0,691428,691428,0,0,691428,49844,10.64,1.86
953,2026-05-11 00:35:28,8,q9,0,17,1201,5150,24885,76106,65892,1495,2135,25,1136,0,184,387810,0,0,0,1440032996,9178992116,0,0,895,895,895,0,73404,73404,0,0,73404,895,14.78,5.15
954,2026-05-11 00:35:34,8,q10,0,19,786,2691,4577,34414,30680,1954,2141,0,135,0,819,29252425,0,0,10269770088,496276163,637546929,0,0,19145607,602,602,0,19871759,19871759,0,0,19871759,19145607,12.79,2.69
955,2026-05-11 00:35:38,8,q10a,0,15,726,1992,3493,25266,23721,1731,1930,14,217,0,1060,29252554,0,0,9589411776,495276153,629946422,0,0,20856568,612,612,0,49773297,49773297,0,0,49773297,20856568,12.68,1.99
956,2026-05-11 00:35:41,8,q11,0,28,978,16038,48481,244155,229895,3318,3339,2,2041,3,12423,589857,0,0,44791176400,624172931,4363755135,0,0,269945080,6379,6379,0,4430420851,4430420851,0,0,2954430909,191970515,15.22,16.04
957,2026-05-11 00:35:58,8,q12,0,9,216,830,792,7038,6294,736,785,0,0,0,95,6554102,0,0,1936889120,72225815,641857773,0,0,109208,57,57,0,13357470,13357470,0,0,13357470,109208,8.48,0.83
958,2026-05-11 00:36:00,8,q13,0,13,499,3736,4292,52479,41588,1628,1691,6,1621,0,55,1760050,0,0,9300506600,277993977,4867704072,0,0,175,175,175,0,11012,11012,0,0,11012,175,14.05,3.74
959,2026-05-11 00:36:05,8,q14a,0,60,2590,60097,115382,900987,462718,7653,8099,8,9326,0,438786,2441791,0,0,36114140728,1962237296,13942755482,0,0,637565887,4722,4722,0,8525719670,8525719670,0,0,8518301565,637330211,14.99,60.1
960,2026-05-11 00:37:07,8,q14b,0,48,2061,23225,30629,317332,247761,7149,7144,2,3862,0,30909,2441791,0,0,26834947064,1531929955,9858670679,0,0,134802754,4310,4310,0,485379140,485379140,0,0,485379140,134802754,13.66,23.22
961,2026-05-11 00:37:31,8,q14,0,48,2054,19511,25622,261465,238442,7144,7283,3,4172,0,8175,2336869,0,0,24750935824,1531929955,9858670679,0,0,134050968,3519,3519,0,399912510,399912510,0,0,399912510,134050968,13.4,19.51
962,2026-05-11 00:37:52,8,q15,0,9,327,3221,3206,43434,40972,1009,1079,0,194,0,113,19126761,0,0,16490050464,146307978,548200969,0,0,4200,7,7,0,142142,142142,0,0,142142,4200,13.48,3.22
963,2026-05-11 00:37:56,8,q16,0,14,630,13351,32257,203184,186755,1765,1841,2,1878,0,14587,1280185,0,0,41785807200,303406716,2170104123,0,0,301125284,21800,21800,0,4328955313,4328955313,0,0,4328955313,301125284,15.22,13.35
964,2026-05-11 00:38:11,8,q17,0,23,792,5588,10300,73107,59559,3911,3149,36,1578,0,2411,13952362,0,0,6358661496,446411917,3348882841,0,0,28190115,1072,1072,0,594090234,594090234,0,0,594090234,28190115,13.08,5.59
965,2026-05-11 00:38:17,8,q18,0,17,536,4308,5968,58784,43259,2405,1890,3,2186,0,6376,9765564,0,0,9028584440,150353599,2872727855,0,0,11669020,2176,2176,0,366455351,366455351,0,0,366455351,11669020,13.65,4.31
966,2026-05-11 00:38:23,8,q18a,0,29,840,7246,17612,103516,81713,3624,2985,1,3072,3,8665,9765951,0,0,31854310392,153557630,2895749961,0,0,56294457,9674,9674,0,1683117946,1683117946,0,0,369964798,11778229,14.29,7.25
967,2026-05-11 00:38:31,8,q19,0,13,508,2492,3156,28254,20442,2054,1808,6,744,0,189,19126675,0,0,28845155264,278269977,2619417827,0,0,13028,7,7,0,769254,769254,0,0,769254,13028,11.34,2.49
968,2026-05-11 00:38:35,8,q20,0,9,269,1175,1145,11874,10817,901,884,0,0,0,97,6554102,0,0,2982058872,143511959,1223610711,0,0,114197,57,57,0,13913865,13913865,0,0,13913865,114197,10.11,1.18
969,2026-05-11 00:38:37,8,q21,0,10,240,2349,2466,27258,24372,912,957,0,272,0,100,250326,0,0,1106523448,399554218,2144041758,0,0,576630,63,63,0,9175595,9175595,0,0,9175595,576630,11.6,2.35
970,2026-05-11 00:38:40,8,q22,0,10,248,92130,92189,808869,801242,1006,983,0,2451,0,771,9285378,0,0,3586507952,399554220,2139999627,0,0,7743003,340,340,0,332188456,332188456,0,0,332188456,7743003,8.78,92.13
971,2026-05-11 00:40:14,8,q22a,0,14,318,5340,6482,63734,58848,1075,1132,1,216,0,2723,9285378,0,0,13505249432,399554218,2141120742,0,0,10500715,1747,1747,0,531223558,531223558,0,0,117887858,2346075,11.94,5.34
972,2026-05-11 00:40:20,8,q23a,0,30,1372,37818,63252,581046,563596,4121,4373,1,5788,0,17675,13214732,0,0,94407354440,1055671477,5674217967,0,0,161175043,12719,12719,0,3947102930,3947102930,0,0,3513799537,129129014,15.36,37.82
973,2026-05-11 00:40:59,8,q23b,0,34,1456,43173,73365,659026,607810,4311,4564,1,6288,0,38554,13214646,0,0,107348878656,1057671487,5703336622,0,0,219745448,22317,22317,0,4871849891,4871849891,0,0,3569885627,131206517,15.26,43.17
974,2026-05-11 00:41:43,8,q24,0,22,675,5309,9300,71792,55057,2899,2812,4,1232,0,14808,13036729,0,0,7305478504,320217227,3235799697,0,0,31568283,3416,3416,0,449635392,449635392,0,0,449635392,31568283,13.52,5.31
975,2026-05-11 00:41:50,8,q24a,0,31,1005,11400,17173,146031,131038,4750,4000,4,1765,0,15581,7979017,0,0,21574691736,608427816,6154262263,0,0,100579193,8043,8043,0,1945226426,1945226426,0,0,1538537385,69847454,12.81,11.4
976,2026-05-11 00:42:02,8,q24b,0,32,1006,9796,12759,124889,118267,3883,3977,0,1906,0,11868,7978888,0,0,18878557560,608427816,6154262263,0,0,99830491,4856,4856,0,1919690401,1919690401,0,0,1513001360,69098752,12.75,9.8
977,2026-05-11 00:42:13,8,q25,0,23,792,4543,8330,60103,53369,3090,3118,1,752,0,2196,13952362,0,0,6009723240,446411917,4740037744,0,0,20197026,915,915,0,402707446,402707446,0,0,402707446,20197026,13.23,4.54
978,2026-05-11 00:42:19,8,q26,0,12,380,2632,2953,36990,34393,1334,1404,0,208,0,751,1573386,0,0,5378073712,145433770,2235483536,0,0,381559,420,420,0,12861580,12861580,0,0,12861580,381559,14.05,2.63
979,2026-05-11 00:42:22,8,q27,0,12,449,3033,3456,41368,34020,1861,1588,14,878,0,931,1573601,0,0,7028733256,277190767,3799581335,0,0,175123,240,240,0,6786697,6786697,0,0,6786697,175123,13.64,3.03
980,2026-05-11 00:42:26,8,q27a,0,20,1006,7366,12647,108096,97420,3053,3061,0,1424,0,1540,1573343,0,0,12310931960,827486275,11379261013,0,0,178342,410,410,0,7378483,7378483,0,0,7378483,178342,14.67,7.37
981,2026-05-11 00:42:35,8,q28,0,24,1475,9775,25505,149441,130988,2711,3075,3,1457,0,29378,535655,0,0,72783993536,1728039528,14114429742,0,0,7180162,17100,17100,0,115793630,115793630,0,0,115793630,7180162,15.29,9.78
982,2026-05-11 00:42:46,8,q29,0,28,901,10445,16165,135787,124866,3432,3588,1,960,0,6499,13952362,0,0,12510713656,446451919,3349831191,0,0,93232843,2580,2580,0,1596718599,1596718599,0,0,1596718599,93232843,13.0,10.44
983,2026-05-11 00:42:58,8,q30,0,19,434,2249,3814,27090,23109,1687,1554,0,336,0,2212,8012062,0,0,9422382704,17770231,358866159,0,0,6155893,546,546,0,281959109,281959109,0,0,281959109,6155893,12.05,2.25
984,2026-05-11 00:43:01,8,q31,0,29,1188,5625,12513,77405,68964,3260,3300,0,766,0,950,15423147,0,0,52911226384,1042202108,5323812009,0,0,84667,48,48,0,2834902,2834902,0,0,2765458,83741,13.76,5.62
985,2026-05-11 00:43:08,8,q32,0,11,416,1596,2074,20825,19372,1129,1152,0,198,0,929,481838,0,0,1291866552,286799916,2414670926,0,0,733310,164,164,0,9409034,9409034,0,0,9409034,733310,13.05,1.6
986,2026-05-11 00:43:10,8,q33,0,16,697,2942,4834,38638,31264,2029,2153,0,855,0,171,1868056,0,0,12103885032,491763335,4580153231,0,0,11976,12,12,0,304586,304586,0,0,304586,11976,13.13,2.94
987,2026-05-11 00:43:14,8,q34,0,14,475,2124,2773,27314,25987,1367,1484,0,252,0,1369,959550,0,0,774808632,277073167,735249152,0,0,4031113,97,97,0,135566568,135566568,0,0,68478889,2031113,12.86,2.12
988,2026-05-11 00:43:18,8,q35,0,17,743,5867,9854,83490,49294,1703,1943,0,13376,0,10179,24092271,0,0,15432939152,495276153,628536151,0,0,57691365,1530,1530,0,114208829,114208829,0,0,114208829,57691365,14.23,5.87
989,2026-05-11 00:43:24,8,q35a,0,16,743,3627,5239,46745,39447,2165,2007,2,508,0,2186,24091970,0,0,14577301544,495276153,628536151,0,0,57706997,1547,1547,0,114348270,114348270,0,0,114348270,57706997,12.89,3.63
990,2026-05-11 00:43:29,8,q36,0,10,384,2385,2591,31003,25650,1412,1282,2,496,0,514,3736575,0,0,6387332520,275269957,3480220458,0,0,6953,40,40,0,547056,547056,0,0,547056,6953,13.0,2.38
991,2026-05-11 00:43:33,8,q36a,0,13,389,2244,2314,28460,25220,1116,1248,0,336,0,437,3736403,0,0,6926300392,275269957,3480220458,0,0,19286,123,123,0,1569222,1569222,0,0,539222,6678,12.68,2.24
992,2026-05-11 00:43:36,8,q37,0,10,347,4654,8317,50368,47337,949,1053,0,802,0,3729,250326,0,0,4885927832,543548526,2770658720,0,0,51928707,1748,1748,0,663826465,663826465,0,0,663826465,143994433,10.82,4.65
993,2026-05-11 00:43:42,8,q38,0,18,708,9566,23003,144802,114950,1722,1616,0,1902,0,13666,405169,0,0,23481174392,492355333,604570203,0,0,120819579,3995,3995,0,731356941,731356941,0,0,626216931,116819579,15.14,9.57
994,2026-05-11 00:43:52,8,q39a,0,17,408,5206,9290,67520,57490,1891,1616,0,886,0,1286,2476663,0,0,6303890280,798904419,4281053994,0,0,13883617,187,187,0,264632223,264632223,0,0,177536069,9293617,12.97,5.21
995,2026-05-11 00:43:59,8,q39b,0,17,407,4411,8045,56986,52298,1578,1609,0,773,0,929,1045653,0,0,5920439144,798904419,4281053994,0,0,13774459,187,187,0,261566888,261566888,0,0,174470734,9184459,12.92,4.41
996,2026-05-11 00:44:04,8,q40,0,13,430,8636,16325,124572,115762,1265,1397,0,1490,0,10822,515126,0,0,24442330840,157909997,1384378348,0,0,157478827,6105,6105,0,3051263888,3051263888,0,0,3051263888,157478827,14.42,8.64
997,2026-05-11 00:44:14,8,q41,0,6,112,495,420,2254,352,500,538,0,0,0,11,232007,0,0,540036928,408002,3505726,0,0,292,2,2,0,19225,19225,0,0,19225,292,4.55,0.5
998,2026-05-11 00:44:16,8,q42,0,7,332,1037,1046,13038,10787,895,972,0,217,0,29,806100,0,0,972989264,275269554,2293926420,0,0,77,7,7,0,6388,6388,0,0,6388,77,12.57,1.04
999,2026-05-11 00:44:18,8,q43,0,7,328,1802,1831,23255,22160,856,966,0,112,0,313,809497,0,0,481321584,275065956,690812351,0,0,4522,38,38,0,500678,500678,0,0,500678,4522,12.91,1.8
1000,2026-05-11 00:44:21,8,q44,0,11,548,2742,2873,37688,25003,1188,1217,1,928,0,11348,3452950,0,0,8077689664,576209971,3931352154,0,0,2631719,5939,5939,0,38173751,38173751,0,0,19096329,1316125,13.74,2.74
1001,2026-05-11 00:44:24,8,q45,0,13,384,1766,2133,17152,15788,1387,1473,0,0,0,20,19126675,0,0,11853074376,75245836,560805037,0,0,178,5,5,0,15942,15942,0,0,15942,178,9.71,1.77
1002,2026-05-11 00:44:27,8,q46,0,15,524,3131,3809,40540,37281,1643,1763,0,464,0,2354,13582998,0,0,15809895360,278073177,2456359301,0,0,2097508,545,545,0,69833265,69833265,0,0,69833265,2097508,12.95,3.13
1003,2026-05-11 00:44:31,8,q47,0,15,442,4023,4911,54861,48210,1322,1348,0,560,0,2752,4637411,0,0,12461249104,275269957,1817455343,0,0,1731681,1968,1968,0,69788973,69788973,0,0,44215088,1097674,13.64,4.02
1004,2026-05-11 00:44:37,8,q48,0,11,448,6541,6888,97259,92954,1594,1582,0,1728,0,71,2213440,0,0,9108104600,277986776,2556184554,0,0,175,175,175,0,10053,10053,0,0,10053,175,14.87,6.54
1005,2026-05-11 00:44:44,8,q49,0,28,843,8341,17799,120022,108619,2776,2749,10,1590,0,9873,2405530,0,0,5390216224,540771495,7868622384,0,0,86104362,229,229,0,1835909124,1835909124,0,0,1835909124,86104362,14.39,8.34
1006,2026-05-11 00:44:54,8,q50,0,16,604,14678,21322,220043,210926,1724,1877,0,854,0,17029,1286476,0,0,40984956952,302953007,2114268204,0,0,265637490,18104,18104,0,5740252687,5740252687,0,0,5740252687,265637490,14.99,14.68
1007,2026-05-11 00:45:09,8,q51,0,13,476,14370,20173,192629,175111,1296,1241,19,2182,0,9047,664217,0,0,24332587880,347067366,2224169590,0,0,142655042,2618,2618,0,2404730214,2404730214,0,0,2404730214,142655042,13.4,14.37
1008,2026-05-11 00:45:25,8,q51a,0,17,547,248587,288787,3234677,3158339,1375,1489,3,22392,0,11109,664131,0,0,68419952696,347067366,2224169590,0,0,283180134,3641,3641,0,4672557269,4672557269,0,0,3426466949,216786871,13.01,248.59
1009,2026-05-11 00:49:35,8,q52,0,7,332,1243,1251,15885,13604,901,961,4,165,0,222,806100,0,0,972989264,275269554,2294188564,0,0,5811,7,7,0,293338,293338,0,0,293338,5811,12.78,1.24
1010,2026-05-11 00:49:37,8,q53,0,10,384,1616,1733,20362,19099,1112,1212,0,144,0,575,956497,0,0,823814096,275269957,1818223315,0,0,39647,39,39,0,1005033,1005033,0,0,1005033,39647,12.6,1.62
1011,2026-05-11 00:49:40,8,q54,0,29,981,3835,6482,50277,38954,3579,3613,0,8727,0,533,19126675,0,0,17687697240,493745849,2619128729,0,0,8236501,169,169,0,77483407,77483407,0,0,77483407,8236501,13.11,3.84
1012,2026-05-11 00:49:45,8,q55,0,7,332,1868,1875,26288,12031,896,965,0,288,0,174,806143,0,0,972989264,275269554,2294188564,0,0,3998,7,7,0,214887,214887,0,0,214887,3998,14.07,1.87
1013,2026-05-11 00:49:48,8,q56,0,16,697,2611,4336,33293,29100,2110,2176,0,325,0,184,1868099,0,0,10050819976,491763335,4581210515,0,0,46055,12,12,0,920811,920811,0,0,920811,46055,12.75,2.61
1014,2026-05-11 00:49:51,8,q57,0,15,380,3102,4140,40516,35551,1286,1260,0,228,0,3225,4637411,0,0,12266226168,143511990,974287521,0,0,2599517,2340,2340,0,105614698,105614698,0,0,67477514,1646165,13.06,3.1
1015,2026-05-11 00:49:56,8,q58,0,18,687,2735,4851,33228,29390,2060,2147,0,358,0,96,1573386,0,0,7527388888,490705424,4142892127,0,0,567105,14,14,0,7210412,7210412,0,0,7210412,567105,12.15,2.74
1016,2026-05-11 00:49:59,8,q59,0,25,863,4342,8471,48030,42468,2742,3008,0,4005,0,1219,1195719,0,0,4359450832,550318014,1382957360,0,0,109145,82,82,0,2771159,2771159,0,0,2771159,109145,11.06,4.34
1017,2026-05-11 00:50:05,8,q60,0,16,697,3620,6163,49030,39059,2012,2175,0,368,0,341,1868142,0,0,12033679536,491763335,4581146011,0,0,283510,17,17,0,4377799,4377799,0,0,4377799,283510,13.54,3.62
1018,2026-05-11 00:50:10,8,q61,0,18,785,3950,6572,52529,46119,1913,2144,1,623,0,56,19126718,0,0,39414209800,553316530,5582498790,0,0,350,350,350,0,19978,19978,0,0,19978,350,13.3,3.95
1019,2026-05-11 00:50:15,8,q62,0,11,302,1404,1696,17778,14131,1158,1229,8,40,0,568,300296,0,0,276983840,72021876,234418940,0,0,14400,40,40,0,1296925,1296925,0,0,1296925,14400,12.66,1.4
1020,2026-05-11 00:50:17,8,q63,0,10,384,1520,1598,19114,18061,1135,1222,0,0,0,347,955852,0,0,890857400,275269957,1818161875,0,0,6002,39,39,0,272500,272500,0,0,272500,6002,12.58,1.52
1021,2026-05-11 00:50:20,8,q64,0,58,1646,23907,62285,346706,316494,7030,6699,8,5320,0,13279,40030405,0,0,41657040264,742775773,11214251005,0,0,232434788,6281,6281,0,3617833725,3617833725,0,0,3091808570,195467289,14.5,23.91
1022,2026-05-11 00:50:45,8,q65,0,15,677,11151,21018,163009,152189,1659,1866,2,1606,0,9741,18416256,0,0,21749128128,550315509,3625597575,0,0,121631492,1377,1377,0,3653569657,3653569657,0,0,3653569657,121631492,14.62,11.15
1023,2026-05-11 00:50:57,8,q66,0,14,454,3221,4388,41547,34863,2107,1827,14,264,0,257,632603,0,0,5254137136,215349809,2199932472,0,0,975,65,65,0,334320,334320,0,0,334320,975,12.9,3.22
1024,2026-05-11 00:51:02,8,q67,0,11,487,48478,48551,655924,627528,1451,1499,0,7534,0,14491,9285378,0,0,55419999560,275269957,2070426314,0,0,69421512,4204,4204,0,4912853396,4912853396,0,0,4912853396,69421512,13.53,48.48
1025,2026-05-11 00:51:51,8,q67a,0,19,1063,71306,239069,1108925,1079647,3305,3398,0,7585,0,27709,9285378,0,0,222504436952,275269957,2070426314,0,0,535599517,29037,29037,0,36352450503,36352450503,0,0,7669917791,121039109,15.55,71.31
1026,2026-05-11 00:53:04,8,q68,0,15,520,3195,3851,42276,37531,1629,1762,20,400,0,997,13582955,0,0,15059348936,278073177,3778306000,0,0,2022735,60,60,0,65566972,65566972,0,0,65566972,2022735,13.23,3.2
1027,2026-05-11 00:53:08,8,q69,0,16,726,2388,4352,31790,28545,1632,1862,0,305,0,1013,28817744,0,0,10795980248,495276153,629264302,0,0,16091419,510,510,0,46268454,46268454,0,0,46268454,16091419,13.31,2.39
1028,2026-05-11 00:53:11,8,q70,0,14,607,4362,4457,56775,52239,1523,1732,0,412,0,254,1845310,0,0,3714240504,550111911,2523503134,0,0,1485,78,78,0,93231,93231,0,0,93231,1485,13.02,4.36
1029,2026-05-11 00:53:17,8,q70a,0,17,612,2961,3017,38050,36564,1529,1737,0,165,0,259,1834994,0,0,1635960816,550111911,2523503134,0,0,1854,163,163,0,138807,138807,0,0,69407,1152,12.85,2.96
1030,2026-05-11 00:53:21,8,q71,0,13,636,2612,2654,32934,30503,1795,2024,6,320,0,469,2146364,0,0,2953460104,490599325,4440411545,0,0,265572,129,129,0,9878595,9878595,0,0,5911267,163536,12.61,2.61
1031,2026-05-11 00:53:25,8,q72,0,26,946,154222,199602,2375910,2344934,3284,3300,2,3047,0,28738,13214689,0,0,82523784096,559315309,3877495668,0,0,537663712,28595,28595,0,9684906333,9684906333,0,0,9684906333,537663712,15.41,154.22
1032,2026-05-11 00:56:00,8,q73,0,14,475,1967,2606,26021,24492,1319,1467,0,272,0,886,956110,0,0,837348152,277073167,735249152,0,0,4016581,70,70,0,134852157,134852157,0,0,67764478,2016581,13.23,1.97
1033,2026-05-11 00:56:03,8,q74,0,28,972,14889,46053,226874,208369,3147,3309,3,2622,0,11715,589169,0,0,43804974688,624172931,3226973271,0,0,269945080,5935,5935,0,2931100538,2931100538,0,0,2060574882,191970515,15.24,14.89
1034,2026-05-11 00:56:19,8,q75,0,32,1396,15345,30659,230153,208634,3552,3631,2,2491,0,15565,430072,0,0,25550952624,1031314069,10823755244,0,0,140055201,3592,3592,0,3212469243,3212469243,0,0,2149659832,89656379,15.0,15.34
1035,2026-05-11 00:56:35,8,q76,0,9,579,3343,3271,46480,42282,1563,1760,0,224,0,1458,1936230,0,0,26526203720,484926017,4435128664,0,0,6344,322,322,0,666621,666621,0,0,666621,6344,13.9,3.34
1036,2026-05-11 00:56:40,8,q77,0,23,835,3029,5569,39715,34448,2658,2634,9,434,0,272,804466,0,0,1703344160,539424889,4871322535,0,0,12127,41,41,0,445341,445341,0,0,445341,12127,13.11,3.03
1037,2026-05-11 00:56:44,8,q77a,0,26,840,3404,6128,43396,34156,2819,2692,0,880,0,364,806530,0,0,2242312024,539424889,4871322535,0,0,13801,51,51,0,632731,632731,0,0,462137,11327,12.75,3.4
1038,2026-05-11 00:56:49,8,q78,0,22,999,52791,99771,808485,486297,3231,3199,0,36272,0,297995,1069240,0,0,96293332400,540774746,5859313287,0,0,406636630,23741,23741,0,11387232940,11387232940,0,0,11387232940,406636630,15.31,52.79
1039,2026-05-11 00:57:42,8,q79,0,13,478,3457,4132,49029,38832,1914,1562,12,2669,0,3222,970214,0,0,10880886024,277073167,2440928437,0,0,3605120,2176,2176,0,111096220,111096220,0,0,111096220,3605120,14.18,3.46
1040,2026-05-11 00:57:47,8,q80,0,38,1308,29320,62004,446901,398903,5223,5373,5,5602,0,46852,1114252,0,0,54884401176,541205579,8400081391,0,0,265494091,15014,15014,0,7549276446,7549276446,0,0,7549276446,265494091,15.24,29.32
1041,2026-05-11 00:58:17,8,q80a,0,41,1313,28799,58813,432187,395091,6468,5504,1,5025,0,28467,1114811,0,0,55356260208,541205579,8400081391,0,0,265493763,15029,15029,0,7549419029,7549419029,0,0,7549197329,265491833,15.01,28.8
1042,2026-05-11 00:58:47,8,q81,0,19,457,2976,4442,37773,25863,2102,1632,3,352,0,3666,8012019,0,0,14237655400,32816075,486890793,0,0,11400653,1445,1445,0,249973081,249973081,0,0,249973081,11400653,12.69,2.98
1043,2026-05-11 00:58:52,8,q82,0,13,466,3270,4442,36375,26709,1967,1666,0,913,0,1334,406039,0,0,185173928,687764791,3356032423,0,0,40832,190,190,0,227610,227610,0,0,227610,40832,11.12,3.27
1044,2026-05-11 00:58:56,8,q83,0,17,415,1356,1938,12093,10498,1644,1644,3,54,0,267,1573386,0,0,2472331560,49490275,357288222,0,0,371976,19,19,0,4721069,4721069,0,0,4721069,371976,8.92,1.36
1045,2026-05-11 00:58:58,8,q84,0,15,376,1363,2965,14717,11643,1356,1413,0,30,0,1282,9765521,0,0,1313097696,33729863,180014751,0,0,27798849,47,47,0,145788599,145788599,0,0,145788599,27798849,10.8,1.36
1046,2026-05-11 00:59:01,8,q85,0,18,514,4207,19024,60789,50570,2240,2033,8,2960,0,3251,17038841,0,0,9166144312,84065130,1314089896,0,0,9151985,1088,1088,0,347044993,347044993,0,0,347044993,9151985,14.45,4.21
1047,2026-05-11 00:59:06,8,q86,0,8,205,1175,1148,12306,11681,740,772,0,0,0,302,3736575,0,0,3074785168,72225815,624922170,0,0,5682,31,31,0,393071,393071,0,0,393071,5682,10.47,1.18
1048,2026-05-11 00:59:08,8,q86a,0,11,210,999,967,9601,9100,815,790,0,56,0,317,3736446,0,0,3479534984,72225815,624922170,0,0,14504,90,90,0,1060494,1060494,0,0,368370,5084,9.61,1.0
1049,2026-05-11 00:59:10,8,q87,0,18,708,8877,21135,135091,115223,1376,1596,1,2128,0,6994,405169,0,0,23481174392,492355333,604570203,0,0,120819579,3995,3995,0,731356941,731356941,0,0,626216931,116819579,15.22,8.88
1050,2026-05-11 00:59:20,8,q88,0,44,2350,8936,25026,129663,122351,4494,5122,18,1144,0,218,426052,0,0,4612277248,2304260316,3421968963,0,0,1432,1432,1432,0,84478,84478,0,0,84478,1432,14.51,8.94
1051,2026-05-11 00:59:30,8,q89,0,10,385,1890,2027,24706,23068,1097,1222,0,224,0,637,957314,0,0,3692060312,275269957,1817813891,0,0,31000,80,80,0,2425361,2425361,0,0,2425361,31000,13.07,1.89
1052,2026-05-11 00:59:33,8,q90,0,14,400,877,1462,10383,9163,1306,1443,0,80,0,12,247693,0,0,304385536,144052870,379191855,0,0,94,94,94,0,5546,5546,0,0,5546,94,11.84,0.88
1053,2026-05-11 00:59:35,8,q91,0,18,425,931,2210,9098,7081,1540,1650,0,80,0,625,918693,0,0,2978994248,19346085,203656674,0,0,2083224,256,256,0,44364222,44364222,0,0,44342238,2083083,9.77,0.93
1054,2026-05-11 00:59:37,8,q92,0,11,309,1218,1646,15284,13964,1037,1058,0,98,0,798,715693,0,0,1039300696,144227628,1253218457,0,0,651743,96,96,0,8364978,8364978,0,0,8364978,651743,12.55,1.22
1055,2026-05-11 00:59:40,8,q93,0,12,614,25341,33284,392075,374980,1459,1619,0,4032,0,27627,2225193,0,0,68145363512,316808513,2820790041,0,0,288995290,42012,42012,0,7557245785,7557245785,0,0,7557245785,288995290,15.47,25.34
1056,2026-05-11 01:00:06,8,q94,0,14,463,7718,16173,114201,97479,1597,1587,20,2224,0,13197,512160,0,0,16630437440,152223255,1020797291,0,0,151171114,4440,4440,0,2327061444,2327061444,0,0,2327061444,151171114,14.8,7.72
1057,2026-05-11 01:00:15,8,q95,0,14,490,24667,34192,369509,316261,1993,1837,0,8485,0,8943,944164,0,0,49888658408,152223251,990179326,0,0,367104120,16884,16884,0,3413742751,3413742751,0,0,2085751687,151153176,14.98,24.67
1058,2026-05-11 01:00:41,8,q96,0,9,383,1235,1375,16139,15299,873,1024,0,125,0,24,424160,0,0,572089728,288034193,427847297,0,0,179,179,179,0,10561,10561,0,0,10561,179,13.07,1.24
1059,2026-05-11 01:00:43,8,q97,0,8,444,11628,14962,153423,142581,1064,1109,0,1022,0,2849,663615,0,0,22689626368,418353510,2207604761,0,0,83753000,1241,1241,0,957220551,957220551,0,0,957220551,83753000,13.19,11.63
1060,2026-05-11 01:00:55,8,q98,0,10,350,1663,1571,16097,14382,899,978,7,176,0,134,6774492,0,0,4933193848,275269554,2315163112,0,0,180923,99,99,0,22381005,22381005,0,0,18573144,150380,9.68,1.66
1061,2026-05-11 01:00:58,8,q99,0,12,359,2279,2632,27806,26285,1241,1326,0,185,0,692,634968,0,0,3131391776,144014393,408531980,0,0,65159,196,196,0,4427503,4427503,0,0,4427503,65159,12.2,2.28
1062,2026-05-11 01:01:02,9,q1,0,17,376,2202,3610,29224,26469,1241,1285,0,160,0,2516,892610,0,0,6837461944,57608414,621574356,0,0,18395894,615,615,0,276764274,276764274,0,0,276764274,18395894,13.27,2.2
1063,2026-05-11 01:01:05,9,q2,0,14,405,2865,3040,38835,37090,1363,1420,0,678,0,448,755509,0,0,1015601344,215402822,942546199,0,0,5404,443,443,0,250855,250855,0,0,93329,3720,13.55,2.86
1064,2026-05-11 01:01:09,9,q3,0,7,332,1266,1263,16219,13332,897,963,1,188,0,526,809669,0,0,528990184,275322603,2294373799,0,0,4634,35,35,0,373251,373251,0,0,373251,4634,12.81,1.27
1065,2026-05-11 01:01:11,9,q4,0,34,1330,45890,218310,719351,647664,4550,4410,4,11110,0,32932,765068,0,0,115125933792,767460888,11859902868,0,0,566100624,26443,26443,0,14405228893,14405228893,0,0,8517805564,341212705,15.68,45.89
1066,2026-05-11 01:01:58,9,q5,0,22,999,14370,21471,189846,175053,2991,3289,0,2192,0,4475,1009803,0,0,9102805064,611445087,5443782227,0,0,78868237,1233,1233,0,1120525516,1120525516,0,0,1120525516,78868237,13.21,14.37
1067,2026-05-11 01:02:14,9,q5a,0,25,1004,14165,20562,186332,172465,3006,3280,0,1696,0,5341,1008427,0,0,9574664096,611445087,5443782227,0,0,78870706,1243,1243,0,1120754606,1120754606,0,0,1120545258,78867272,13.15,14.16
1068,2026-05-11 01:02:29,9,q6,0,21,634,1906,2942,21347,19291,2490,2445,4,304,0,367,8479955,0,0,5288963336,278619675,1441039050,0,0,5131498,241,241,0,45198169,45198169,0,0,45198169,5131498,11.2,1.91
1069,2026-05-11 01:02:32,9,q7,0,12,459,2878,3191,40698,35100,1503,1559,0,640,0,897,1573386,0,0,7631737408,277191365,4081654607,0,0,696063,624,624,0,22162805,22162805,0,0,22162805,696063,14.14,2.88
1070,2026-05-11 01:02:36,9,q8,0,16,516,2293,2503,24969,21304,1722,1770,0,377,0,250,9492937,0,0,14161952888,279065986,1277122301,0,0,49844,27,27,0,691428,691428,0,0,691428,49844,10.89,2.29
1071,2026-05-11 01:02:39,9,q9,0,17,1201,5558,27043,82677,66429,1609,2137,1,1692,0,217,389057,0,0,0,1440032996,9178992116,0,0,895,895,895,0,73404,73404,0,0,73404,895,14.88,5.56
1072,2026-05-11 01:02:46,9,q10,0,19,786,2580,4338,33201,28216,1935,2161,1,304,0,915,29252425,0,0,10269770088,496276163,637546929,0,0,19145607,602,602,0,19871759,19871759,0,0,19871759,19145607,12.87,2.58
1073,2026-05-11 01:02:50,9,q10a,0,15,726,2264,3993,28618,23595,2157,1957,0,480,0,1227,29252468,0,0,9589411776,495276153,629946422,0,0,20856568,612,612,0,49773297,49773297,0,0,49773297,20856568,12.64,2.26
1074,2026-05-11 01:02:53,9,q11,0,28,978,17458,51670,265593,226358,4138,3456,0,6401,0,14445,589169,0,0,44791176400,624172931,4363755135,0,0,269945080,6379,6379,0,4430420851,4430420851,0,0,2954430909,191970515,15.21,17.46
1075,2026-05-11 01:03:12,9,q12,0,9,216,876,835,6563,5464,962,795,0,0,0,94,6554102,0,0,1936889120,72225815,641857773,0,0,109208,57,57,0,13357470,13357470,0,0,13357470,109208,7.49,0.88
1076,2026-05-11 01:03:14,9,q13,0,13,499,3807,4724,53041,41708,1844,1683,0,2248,0,46,1760007,0,0,9300506600,277993977,4867704072,0,0,175,175,175,0,11012,11012,0,0,11012,175,13.93,3.81
1077,2026-05-11 01:03:18,9,q14a,0,60,2590,41920,78809,611663,467513,7534,8015,6,10887,0,139296,2441791,0,0,36114140728,1962237296,13942755482,0,0,637565887,4722,4722,0,8525719670,8525719670,0,0,8518301565,637330211,14.59,41.92
1078,2026-05-11 01:04:02,9,q14b,0,48,2061,20984,27587,283219,244497,7117,7113,1,3734,0,8303,2441791,0,0,26834947064,1531929955,9858670679,0,0,134802754,4310,4310,0,485379140,485379140,0,0,485379140,134802754,13.5,20.98
1079,2026-05-11 01:04:24,9,q14,0,48,2054,18714,24709,252040,233504,6860,7247,9,3089,2,6016,2336869,0,0,24750935824,1531929955,9858670679,0,0,134050968,3519,3519,0,399912510,399912510,0,0,399912510,134050968,13.47,18.71
1080,2026-05-11 01:04:44,9,q15,0,9,327,3270,3175,42728,38715,1008,1109,0,2000,0,110,19126675,0,0,16490050464,146307978,548200969,0,0,4200,7,7,0,142142,142142,0,0,142142,4200,13.07,3.27
1081,2026-05-11 01:04:49,9,q16,0,14,630,13405,32021,203828,188457,1677,1829,0,2484,0,14896,1280400,0,0,41785807200,303406716,2170104123,0,0,301125284,21800,21800,0,4328955313,4328955313,0,0,4328955313,301125284,15.21,13.4
1082,2026-05-11 01:05:03,9,q17,0,23,792,5374,9629,72240,62960,3063,3062,13,1007,0,3192,13952362,0,0,6358661496,446411917,3348882841,0,0,28190115,1072,1072,0,594090234,594090234,0,0,594090234,28190115,13.44,5.37
1083,2026-05-11 01:05:10,9,q18,0,17,536,3835,4989,52943,44441,1824,1786,0,1520,0,4124,9765521,0,0,9028584440,150353599,2872727855,0,0,11669020,2176,2176,0,366455351,366455351,0,0,366455351,11669020,13.81,3.84
1084,2026-05-11 01:05:15,9,q18a,0,29,840,6196,15402,88867,78022,2889,2906,13,1470,0,6230,9765521,0,0,31854310392,153557630,2895749961,0,0,56294457,9674,9674,0,1683117946,1683117946,0,0,369964798,11778229,14.34,6.2
1085,2026-05-11 01:05:22,9,q19,0,13,508,2615,3100,32217,28808,1538,1700,9,150,0,182,19126675,0,0,28845155264,278269977,2619417827,0,0,13028,7,7,0,769254,769254,0,0,769254,13028,12.32,2.62
1086,2026-05-11 01:05:26,9,q20,0,9,269,1061,1025,10352,9004,823,868,0,304,0,99,6554102,0,0,2982058872,143511959,1223610711,0,0,114197,57,57,0,13913865,13913865,0,0,13913865,114197,9.76,1.06
1087,2026-05-11 01:05:28,9,q21,0,10,240,2233,2361,25603,23891,948,977,0,100,0,88,250326,0,0,1106523448,399554218,2144041758,0,0,576630,63,63,0,9175595,9175595,0,0,9175595,576630,11.47,2.23
1088,2026-05-11 01:05:31,9,q22,0,10,248,94864,94913,874389,869070,972,973,0,1385,0,742,9285378,0,0,3586507952,399554220,2139999627,0,0,7743003,340,340,0,332188456,332188456,0,0,332188456,7743003,9.22,94.86
1089,2026-05-11 01:07:07,9,q22a,0,14,318,5102,6257,61105,57178,1087,1131,0,270,0,3108,9285335,0,0,13505249432,399554218,2141120742,0,0,10500715,1747,1747,0,531223558,531223558,0,0,117887858,2346075,11.98,5.1
1090,2026-05-11 01:07:13,9,q23a,0,30,1372,38053,63886,583584,566432,4097,4349,1,6332,0,17704,13214689,0,0,94407354440,1055671477,5674217967,0,0,161175043,12719,12719,0,3947102930,3947102930,0,0,3513799537,129129014,15.34,38.05
1091,2026-05-11 01:07:52,9,q23b,0,34,1456,41762,71812,636037,604787,4445,4634,1,7136,1,27340,13214689,0,0,107348878656,1057671487,5703336622,0,0,219745448,22317,22317,0,4871849891,4871849891,0,0,3569885627,131206517,15.23,41.76
1092,2026-05-11 01:08:35,9,q24,0,22,675,4985,8718,66233,53483,3007,2922,0,736,0,13804,13036729,0,0,7305478504,320217227,3235799697,0,0,31568283,3416,3416,0,449635392,449635392,0,0,449635392,31568283,13.29,4.99
1093,2026-05-11 01:08:41,9,q24a,0,31,1005,11875,17668,147933,132272,4065,4000,5,2574,0,18380,7978931,0,0,21574691736,608427816,6154262263,0,0,100579193,8043,8043,0,1945226426,1945226426,0,0,1538537385,69847454,12.46,11.88
1094,2026-05-11 01:08:54,9,q24b,0,32,1006,10148,13203,130992,118611,4050,3973,1,6344,0,13373,7978931,0,0,18878557560,608427816,6154262263,0,0,99830491,4856,4856,0,1919690401,1919690401,0,0,1513001360,69098752,12.91,10.15
1095,2026-05-11 01:09:06,9,q25,0,23,792,4514,8162,59189,53544,3140,3230,7,992,0,1807,13952362,0,0,6009723240,446411917,4740037744,0,0,20197026,915,915,0,402707446,402707446,0,0,402707446,20197026,13.11,4.51
1096,2026-05-11 01:09:11,9,q26,0,12,380,2096,2421,28266,26016,1305,1394,0,384,0,753,1573386,0,0,5378073712,145433770,2235483536,0,0,381559,420,420,0,12861580,12861580,0,0,12861580,381559,13.49,2.1
1097,2026-05-11 01:09:14,9,q27,0,12,449,2627,2938,35914,32660,1461,1551,0,352,0,718,1573386,0,0,7028733256,277190767,3799581335,0,0,175123,240,240,0,6786697,6786697,0,0,6786697,175123,13.67,2.63
1098,2026-05-11 01:09:18,9,q27a,0,20,1006,6456,11251,94006,88252,2784,3015,1,1181,0,1446,1573386,0,0,12310931960,827486275,11379261013,0,0,178342,410,410,0,7378483,7378483,0,0,7378483,178342,14.56,6.46
1099,2026-05-11 01:09:26,9,q28,0,24,1475,9684,25385,148233,131658,2672,3103,3,1684,0,27754,535698,0,0,72783993536,1728039528,14114429742,0,0,7180162,17100,17100,0,115793630,115793630,0,0,115793630,7180162,15.31,9.68
1100,2026-05-11 01:09:36,9,q29,0,28,901,10392,16090,134350,128163,3520,3617,1,960,0,5553,13952362,0,0,12510713656,446451919,3349831191,0,0,93232843,2580,2580,0,1596718599,1596718599,0,0,1596718599,93232843,12.93,10.39
1101,2026-05-11 01:09:48,9,q30,0,19,434,1884,3184,22688,19767,1464,1539,2,0,0,2037,8012019,0,0,9422382704,17770231,358866159,0,0,6155893,546,546,0,281959109,281959109,0,0,281959109,6155893,12.04,1.88
1102,2026-05-11 01:09:51,9,q31,0,29,1188,6097,13562,85043,70210,3160,3264,13,724,0,977,15423233,0,0,52911226384,1042202108,5323812009,0,0,84667,48,48,0,2834902,2834902,0,0,2765458,83741,13.95,6.1
1103,2026-05-11 01:09:58,9,q32,0,11,416,1662,2252,22144,20606,1071,1170,0,192,0,955,481838,0,0,1291866552,286799916,2414670926,0,0,733310,164,164,0,9409034,9409034,0,0,9409034,733310,13.32,1.66
1104,2026-05-11 01:10:01,9,q33,0,16,697,2802,4645,36516,30082,2138,2164,0,698,0,188,1868056,0,0,12103885032,491763335,4580153231,0,0,11976,12,12,0,304586,304586,0,0,304586,11976,13.03,2.8
1105,2026-05-11 01:10:05,9,q34,0,14,475,2106,2697,27238,25792,1383,1462,0,336,0,1437,960926,0,0,774808632,277073167,735249152,0,0,4031113,97,97,0,135566568,135566568,0,0,68478889,2031113,12.93,2.11
1106,2026-05-11 01:10:08,9,q35,0,17,743,3931,5973,53239,47382,1713,1935,2,336,0,2366,24091841,0,0,15432939152,495276153,628536151,0,0,57691365,1530,1530,0,114208829,114208829,0,0,114208829,57691365,13.54,3.93
1107,2026-05-11 01:10:13,9,q35a,0,16,743,3423,4712,44390,41672,1676,1932,0,345,0,2236,24091927,0,0,14577301544,495276153,628536151,0,0,57706997,1547,1547,0,114348270,114348270,0,0,114348270,57706997,12.97,3.42
1108,2026-05-11 01:10:17,9,q36,0,10,384,2132,2262,27802,25195,1114,1228,0,288,0,432,3736575,0,0,6387332520,275269957,3480220458,0,0,6953,40,40,0,547056,547056,0,0,547056,6953,13.04,2.13
1109,2026-05-11 01:10:20,9,q36a,0,13,389,2112,2198,26409,25339,1115,1240,0,192,0,420,3736403,0,0,6926300392,275269957,3480220458,0,0,19286,123,123,0,1569222,1569222,0,0,539222,6678,12.5,2.11
1110,2026-05-11 01:10:24,9,q37,0,10,347,4703,8471,51038,47503,920,1040,0,704,0,4501,250326,0,0,4885927832,543548526,2770658720,0,0,51928707,1748,1748,0,663826465,663826465,0,0,663826465,143994433,10.85,4.7
1111,2026-05-11 01:10:29,9,q38,0,18,708,9044,21876,137362,125190,1296,1587,0,1232,0,7028,404481,0,0,23481174392,492355333,604570203,0,0,120819579,3995,3995,0,731356941,731356941,0,0,626216931,116819579,15.19,9.04
1112,2026-05-11 01:10:40,9,q39a,0,17,408,4695,8352,60710,56574,1584,1583,0,458,0,1236,2476663,0,0,6303890280,798904419,4281053994,0,0,13883617,187,187,0,264632223,264632223,0,0,177536069,9293617,12.93,4.7
1113,2026-05-11 01:10:45,9,q39b,0,17,407,4432,7997,57138,53164,1533,1609,0,528,0,721,1045567,0,0,5920439144,798904419,4281053994,0,0,13774459,187,187,0,261566888,261566888,0,0,174470734,9184459,12.89,4.43
1114,2026-05-11 01:10:51,9,q40,0,13,430,8652,23118,126102,120838,1277,1389,0,912,0,9698,514438,0,0,24442330840,157909997,1384378348,0,0,157478827,6105,6105,0,3051263888,3051263888,0,0,3051263888,157478827,14.57,8.65
1115,2026-05-11 01:11:01,9,q41,0,6,112,423,356,2303,341,512,527,0,112,0,13,232695,0,0,540036928,408002,3505726,0,0,292,2,2,0,19225,19225,0,0,19225,292,5.44,0.42
1116,2026-05-11 01:11:02,9,q42,0,7,332,1428,1435,19249,10568,899,951,0,224,0,24,806143,0,0,972989264,275269554,2293926420,0,0,77,7,7,0,6388,6388,0,0,6388,77,13.48,1.43
1117,2026-05-11 01:11:05,9,q43,0,7,328,1866,1899,24798,23435,869,984,0,256,0,318,810099,0,0,481321584,275065956,690812351,0,0,4522,38,38,0,500678,500678,0,0,500678,4522,13.29,1.87
1118,2026-05-11 01:11:08,9,q44,0,11,548,2399,2555,32814,29075,1172,1169,1,245,0,4824,3452950,0,0,8077689664,576209971,3931352154,0,0,2631719,5939,5939,0,38173751,38173751,0,0,19096329,1316125,13.68,2.4
1119,2026-05-11 01:11:11,9,q45,0,13,384,1532,1944,14020,12836,1345,1464,6,0,0,19,19126761,0,0,11853074376,75245836,560805037,0,0,178,5,5,0,15942,15942,0,0,15942,178,9.15,1.53
1120,2026-05-11 01:11:14,9,q46,0,15,524,3116,3857,40247,38185,1752,1793,0,313,0,2073,13582955,0,0,15809895360,278073177,2456359301,0,0,2097508,545,545,0,69833265,69833265,0,0,69833265,2097508,12.92,3.12
1121,2026-05-11 01:11:18,9,q47,0,15,442,3597,4492,48836,44616,1255,1344,0,384,0,2687,4637411,0,0,12461249104,275269957,1817455343,0,0,1731681,1968,1968,0,69788973,69788973,0,0,44215088,1097674,13.58,3.6
1122,2026-05-11 01:11:23,9,q48,0,11,448,6632,6976,98256,93508,1465,1527,3,1709,0,174,2213440,0,0,9108104600,277986776,2556184554,0,0,175,175,175,0,10053,10053,0,0,10053,175,14.82,6.63
1123,2026-05-11 01:11:30,9,q49,0,28,843,8098,17218,116398,106868,2729,2754,0,1296,0,9822,2405530,0,0,5390216224,540771495,7868622384,0,0,86104362,229,229,0,1835909124,1835909124,0,0,1835909124,86104362,14.37,8.1
1124,2026-05-11 01:11:39,9,q50,0,16,604,29614,48454,436087,202609,1403,1657,3,1026,0,232771,1286562,0,0,40984956952,302953007,2114268204,0,0,265637490,18104,18104,0,5740252687,5740252687,0,0,5740252687,265637490,14.73,29.61
1125,2026-05-11 01:12:10,9,q51,0,13,476,13747,19124,182941,173512,1083,1206,0,1120,0,9771,662282,0,0,24332587880,347067366,2224169590,0,0,142655042,2618,2618,0,2404730214,2404730214,0,0,2404730214,142655042,13.31,13.75
1126,2026-05-11 01:12:25,9,q51a,0,17,547,245786,284943,3198827,3156201,1428,1484,0,19782,0,10601,662626,0,0,68419952696,347067366,2224169590,0,0,283180134,3641,3641,0,4672557269,4672557269,0,0,3426466949,216786871,13.01,245.79
1127,2026-05-11 01:16:32,9,q52,0,7,332,1081,1088,13258,10892,877,961,0,112,0,103,805369,0,0,972989264,275269554,2294188564,0,0,5811,7,7,0,293338,293338,0,0,293338,5811,12.26,1.08
1128,2026-05-11 01:16:34,9,q53,0,10,384,1553,1690,19205,17815,1127,1226,0,256,0,618,957228,0,0,823814096,275269957,1818223315,0,0,39647,39,39,0,1005033,1005033,0,0,1005033,39647,12.37,1.55
1129,2026-05-11 01:16:37,9,q54,0,29,981,3347,6077,42406,39320,3446,3591,0,294,0,551,19126675,0,0,17687697240,493745849,2619128729,0,0,8236501,169,169,0,77483407,77483407,0,0,77483407,8236501,12.67,3.35
1130,2026-05-11 01:16:41,9,q55,0,7,332,1000,1004,12401,11260,909,955,0,233,0,109,806057,0,0,972989264,275269554,2294188564,0,0,3998,7,7,0,214887,214887,0,0,214887,3998,12.4,1.0
1131,2026-05-11 01:16:43,9,q56,0,16,697,2569,4310,33472,30801,1960,2159,0,448,0,174,1868142,0,0,10050819976,491763335,4581210515,0,0,46055,12,12,0,920811,920811,0,0,920811,46055,13.03,2.57
1132,2026-05-11 01:16:47,9,q57,0,15,380,3078,4078,40307,35480,1247,1250,0,176,0,2964,4637411,0,0,12266226168,143511990,974287521,0,0,2599517,2340,2340,0,105614698,105614698,0,0,67477514,1646165,13.1,3.08
1133,2026-05-11 01:16:51,9,q58,0,18,687,2521,4471,30326,27261,2093,2121,0,224,0,95,1573386,0,0,7527388888,490705424,4142892127,0,0,567105,14,14,0,7210412,7210412,0,0,7210412,567105,12.03,2.52
1134,2026-05-11 01:16:55,9,q59,0,25,863,4312,8352,47266,45378,2833,3011,0,323,0,1156,1195676,0,0,4359450832,550318014,1382957360,0,0,109145,82,82,0,2808746,2808746,0,0,2808746,109145,10.96,4.31
1135,2026-05-11 01:17:00,9,q60,0,16,697,2962,4899,38174,34849,2032,2161,0,265,0,341,1868099,0,0,12033679536,491763335,4581146011,0,0,283510,17,17,0,4377799,4377799,0,0,4377799,283510,12.89,2.96
1136,2026-05-11 01:17:04,9,q61,0,18,785,3669,6159,48411,45808,1885,2163,0,930,0,57,19126847,0,0,39414209800,553316530,5582498790,0,0,350,350,350,0,19978,19978,0,0,19978,350,13.19,3.67
1137,2026-05-11 01:17:09,9,q62,0,11,302,1292,1589,16035,14646,1146,1206,0,0,0,603,300038,0,0,276983840,72021876,234418940,0,0,14400,40,40,0,1296925,1296925,0,0,1296925,14400,12.41,1.29
1138,2026-05-11 01:17:11,9,q63,0,10,384,1630,1720,20854,19580,1135,1224,40,195,0,327,955766,0,0,890857400,275269957,1818161875,0,0,6002,39,39,0,272500,272500,0,0,272500,6002,12.79,1.63
1139,2026-05-11 01:17:14,9,q64,0,58,1646,22943,60370,333190,316876,6654,6685,12,2979,0,12921,40030448,0,0,41657040264,742775773,11214251005,0,0,232434788,6281,6281,0,3617833725,3617833725,0,0,3091808570,195467289,14.52,22.94
1140,2026-05-11 01:17:38,9,q65,0,15,677,10823,20273,157551,150776,1667,1848,2,948,0,8905,18416256,0,0,21749128128,550315509,3625597575,0,0,121631492,1377,1377,0,3653569657,3653569657,0,0,3653569657,121631492,14.56,10.82
1141,2026-05-11 01:17:50,9,q66,0,14,454,3482,4597,46191,31386,1714,1787,0,288,0,219,632603,0,0,5254137136,215349809,2199932472,0,0,975,65,65,0,334320,334320,0,0,334320,975,13.27,3.48
1142,2026-05-11 01:17:55,9,q67,0,11,487,53272,53348,693520,626296,1462,1514,0,6034,0,65574,9285378,0,0,55419999560,275269957,2070426314,0,0,69421512,4204,4204,0,4912853396,4912853396,0,0,4912853396,69421512,13.02,53.27
1143,2026-05-11 01:18:49,9,q67a,0,19,1063,100654,409266,1515752,1042250,3131,3297,0,8679,0,470222,9285292,0,0,222504436952,275269957,2070426314,0,0,535599517,29037,29037,0,36352450503,36352450503,0,0,7669917791,121039109,15.06,100.65
1144,2026-05-11 01:20:31,9,q68,0,15,520,4287,4967,55775,32962,1577,1700,0,377,0,732,13582955,0,0,15059348936,278073177,3778306000,0,0,2022735,60,60,0,65566972,65566972,0,0,65566972,2022735,13.01,4.29
1145,2026-05-11 01:20:37,9,q69,0,16,726,2610,4713,35597,26993,1604,1834,0,60,0,1355,28817400,0,0,10795980248,495276153,629264302,0,0,16091419,510,510,0,46268454,46268454,0,0,46268454,16091419,13.64,2.61
1146,2026-05-11 01:20:41,9,q70,0,14,607,4102,4215,54220,44806,1509,1734,3,226,0,240,1844708,0,0,3714240504,550111911,2523503134,0,0,1485,78,78,0,93231,93231,0,0,93231,1485,13.22,4.1
1147,2026-05-11 01:20:46,9,q70a,0,17,612,3061,3155,39637,37918,1614,1760,0,346,0,275,1834994,0,0,1635960816,550111911,2523503134,0,0,1854,163,163,0,138807,138807,0,0,69407,1152,12.95,3.06
1148,2026-05-11 01:20:50,9,q71,0,13,636,2854,2909,36606,31815,1799,2021,6,304,0,411,2146364,0,0,2953460104,490599325,4440411545,0,0,265572,129,129,0,9877580,9877580,0,0,5910252,163536,12.83,2.85
1149,2026-05-11 01:20:54,9,q72,0,26,946,197459,275384,2968235,2310451,3004,3243,1,2416,0,624254,13214689,0,0,82523784096,559315309,3877495668,0,0,537663712,28595,28595,0,9684906333,9684906333,0,0,9684906333,537663712,15.03,197.46
1150,2026-05-11 01:24:12,9,q73,0,14,475,2030,2741,26850,23168,1352,1443,0,304,0,1629,956067,0,0,837348152,277073167,735249152,0,0,4016581,70,70,0,134852157,134852157,0,0,67764478,2016581,13.23,2.03
1151,2026-05-11 01:24:15,9,q74,0,28,972,15117,46318,227456,209695,3152,3287,19,2112,0,11046,589857,0,0,43804974688,624172931,3226973271,0,0,269945080,5935,5935,0,2931100538,2931100538,0,0,2060574882,191970515,15.05,15.12
1152,2026-05-11 01:24:32,9,q75,0,32,1396,14927,29825,224960,208427,3185,3610,4,2312,0,11605,429814,0,0,25550952624,1031314069,10823755244,0,0,140055201,3592,3592,0,3212469243,3212469243,0,0,2149659832,89656379,15.07,14.93
1153,2026-05-11 01:24:48,9,q76,0,9,579,2808,2741,38028,33955,1586,1742,0,228,0,1512,1936832,0,0,26526203720,484926017,4435128664,0,0,6344,322,322,0,666621,666621,0,0,666621,6344,13.54,2.81
1154,2026-05-11 01:24:52,9,q77,0,23,835,2995,5735,39788,32228,2314,2549,0,205,0,253,804595,0,0,1703344160,539424889,4871322535,0,0,12127,41,41,0,445341,445341,0,0,445341,12127,13.28,3.0
1155,2026-05-11 01:24:56,9,q77a,0,26,840,3514,6427,45799,41693,2489,2633,0,521,0,258,805197,0,0,2242312024,539424889,4871322535,0,0,13801,51,51,0,632731,632731,0,0,462137,11327,13.03,3.51
1156,2026-05-11 01:25:00,9,q78,0,22,999,34251,61881,517740,494094,3007,3212,3,2960,0,33760,1067520,0,0,96293332400,540774746,5859313287,0,0,406636630,23741,23741,0,11387232940,11387232940,0,0,11387232940,406636630,15.12,34.25
1157,2026-05-11 01:25:36,9,q79,0,13,478,3243,3939,45739,39934,1880,1532,0,356,0,3841,964538,0,0,10880886024,277073167,2440928437,0,0,3605120,2176,2176,0,111096220,111096220,0,0,111096220,3605120,14.1,3.24
1158,2026-05-11 01:25:40,9,q80,0,38,1308,28340,59438,429977,394609,5510,5393,0,2857,0,39785,1112876,0,0,54884401176,541205579,8400081391,0,0,265494091,15014,15014,0,7549276446,7549276446,0,0,7549276446,265494091,15.17,28.34
1159,2026-05-11 01:26:10,9,q80a,0,41,1313,72523,163472,1135119,370569,5006,5140,0,25675,0,741814,1113736,0,0,55356260208,541205579,8400081391,0,0,265493763,15029,15029,0,7549419029,7549419029,0,0,7549197329,265491833,15.65,72.52
1160,2026-05-11 01:27:23,9,q81,0,19,457,2917,4611,38700,23744,1858,1618,19,555,0,3716,8012019,0,0,14237655400,32816075,486890793,0,0,11400653,1445,1445,0,249973081,249973081,0,0,249973081,11400653,13.27,2.92
1161,2026-05-11 01:27:27,9,q82,0,13,466,4026,5162,45144,23807,2003,1699,0,873,0,1552,405566,0,0,185173928,687764791,3356032423,0,0,40832,190,190,0,227610,227610,0,0,227610,40832,11.21,4.03
1162,2026-05-11 01:27:32,9,q83,0,17,415,1328,1835,11091,8773,1660,1642,0,30,0,246,1573429,0,0,2472331560,49490275,357288222,0,0,371976,19,19,0,4721069,4721069,0,0,4721069,371976,8.35,1.33
1163,2026-05-11 01:27:35,9,q84,0,15,376,1373,3149,15589,12047,1296,1399,0,352,0,1502,9765521,0,0,1313097696,33729863,180014751,0,0,27798849,47,47,0,145788599,145788599,0,0,145788599,27798849,11.35,1.37
1164,2026-05-11 01:27:37,9,q85,0,18,514,3748,13515,53483,44103,2133,2174,0,2626,0,3531,17038024,0,0,9166144312,84065130,1314089896,0,0,9151985,1088,1088,0,347044993,347044993,0,0,347044993,9151985,14.27,3.75
1165,2026-05-11 01:27:42,9,q86,0,8,205,1124,1096,11534,10042,717,768,0,112,0,282,3736575,0,0,3074785168,72225815,624922170,0,0,5682,31,31,0,393071,393071,0,0,393071,5682,10.26,1.12
1166,2026-05-11 01:27:44,9,q86a,0,11,210,970,918,8575,7671,802,795,0,112,0,395,3736489,0,0,3479534984,72225815,624922170,0,0,14504,90,90,0,1060494,1060494,0,0,368370,5084,8.84,0.97
1167,2026-05-11 01:27:46,9,q87,0,18,708,9330,22087,141964,119098,1455,1616,0,2655,0,6626,405212,0,0,23481174392,492355333,604570203,0,0,120819579,3995,3995,0,731356941,731356941,0,0,626216931,116819579,15.22,9.33
1168,2026-05-11 01:27:57,9,q88,0,44,2350,8944,25275,129347,119880,4841,5138,9,1052,0,213,424031,0,0,4612277248,2304260316,3421968963,0,0,1432,1432,1432,0,84478,84478,0,0,84478,1432,14.46,8.94
1169,2026-05-11 01:28:07,9,q89,0,10,385,1853,1989,24029,21176,1115,1224,0,240,0,623,957357,0,0,3692060312,275269957,1817813891,0,0,31000,80,80,0,2425361,2425361,0,0,2425361,31000,12.97,1.85
1170,2026-05-11 01:28:10,9,q90,0,14,400,857,1438,10072,8816,1272,1418,0,70,0,17,247693,0,0,304385536,144052870,379191855,0,0,94,94,94,0,5546,5546,0,0,5546,94,11.75,0.86
1171,2026-05-11 01:28:12,9,q91,0,18,425,964,2271,9707,7597,1590,1646,5,182,0,650,918693,0,0,2978994248,19346085,203656674,0,0,2083224,256,256,0,44364222,44364222,0,0,44342238,2083083,10.07,0.96
1172,2026-05-11 01:28:14,9,q92,0,11,309,1323,1820,16259,12911,1160,1064,0,169,0,686,715693,0,0,1039300696,144227628,1253218457,0,0,651743,96,96,0,8364978,8364978,0,0,8364978,651743,12.29,1.32
1173,2026-05-11 01:28:16,9,q93,0,12,614,25685,33641,397007,376929,1341,1535,3,2876,0,30041,2227171,0,0,68145363512,316808513,2820790041,0,0,288995290,42012,42012,0,7557245785,7557245785,0,0,7557245785,288995290,15.46,25.68
1174,2026-05-11 01:28:43,9,q94,0,14,463,7739,15859,112632,93895,1717,1556,8,2392,0,7447,512160,0,0,16630437440,152223255,1020797291,0,0,151171114,4440,4440,0,2327061444,2327061444,0,0,2327061444,151171114,14.55,7.74
1175,2026-05-11 01:28:52,9,q95,0,14,490,24056,33889,358775,313044,2203,1933,29,10275,0,8650,944164,0,0,49888658408,152223251,990179326,0,0,367104120,16884,16884,0,3413742751,3413742751,0,0,2085751687,151153176,14.91,24.06
1176,2026-05-11 01:29:17,9,q96,0,9,383,1272,1425,16847,15778,895,1026,0,254,0,24,425708,0,0,572089728,288034193,427847297,0,0,179,179,179,0,10561,10561,0,0,10561,179,13.24,1.27
1177,2026-05-11 01:29:19,9,q97,0,8,444,11612,15080,152430,145026,1149,1121,0,2163,0,3892,664389,0,0,22689626368,418353510,2207604761,0,0,83753000,1241,1241,0,957220551,957220551,0,0,957220551,83753000,13.13,11.61
1178,2026-05-11 01:29:32,9,q98,0,10,350,1666,1576,16521,15356,884,975,7,80,0,156,6774492,0,0,4933193848,275269554,2315163112,0,0,180923,99,99,0,22381005,22381005,0,0,18573144,150380,9.92,1.67
1179,2026-05-11 01:29:35,9,q99,0,12,359,2267,2612,28204,25818,1240,1333,0,368,0,707,635656,0,0,3131391776,144014393,408531980,0,0,65159,196,196,0,4427503,4427503,0,0,4427503,65159,12.44,2.27
