ID,timestamp,run_id,query,query_rerun_id,numStages,numTasks,elapsedTime,stageDuration,executorRunTime,executorCpuTime,executorDeserializeTime,executorDeserializeCpuTime,resultSerializationTime,jvmGCTime,shuffleFetchWaitTime,shuffleWriteTime,resultSize,diskBytesSpilled,memoryBytesSpilled,peakExecutionMemory,recordsRead,bytesRead,recordsWritten,bytesWritten,shuffleRecordsRead,shuffleTotalBlocksFetched,shuffleLocalBlocksFetched,shuffleRemoteBlocksFetched,shuffleTotalBytesRead,shuffleLocalBytesRead,shuffleRemoteBytesRead,shuffleRemoteBytesReadToDisk,shuffleBytesWritten,shuffleRecordsWritten,avg_active_tasks,elapsed_time_seconds
0,2026-05-17 03:09:28,0,q1,0,27,521,3405,3542,23789,12979,3762,2574,2,960,0,2057,5100969,0,0,4424183064,6275422,67024011,0,0,1611474,398,398,0,25381954,25381954,0,0,25381954,1611474,6.99,3.4
1,2026-05-17 03:09:32,0,q2,0,20,398,1690,1491,10571,8217,1933,1688,0,442,0,90,755509,0,0,1469254304,21713603,93512586,0,0,6958,159,159,0,381996,381996,0,0,156844,4318,6.26,1.69
2,2026-05-17 03:09:35,0,q3,0,13,279,1100,756,6358,5228,1232,1167,0,0,0,128,265150,0,0,797605624,28975583,244298629,0,0,3115,120,120,0,228107,228107,0,0,228107,3115,5.78,1.1
3,2026-05-17 03:09:38,0,q4,0,28,573,7950,36693,118720,100173,2196,1907,3,3728,0,10856,1691203,0,0,39674206800,50941041,812341217,0,0,102286012,3503,3503,0,2536512620,2536512620,0,0,1273495988,51438627,14.93,7.95
4,2026-05-17 03:09:47,0,q5,0,34,898,3975,5287,37618,30240,3823,3639,0,382,0,553,317580,0,0,4381215440,62671120,552856176,0,0,7890511,348,348,0,109342667,109342667,0,0,109342667,7890511,9.46,3.98
5,2026-05-17 03:09:52,0,q5a,0,25,695,2540,4683,26625,23029,3089,2798,5,210,0,616,317451,0,0,3833334672,62671087,552805534,0,0,7892232,142,142,0,109464345,109464345,0,0,109331115,7890408,10.48,2.54
6,2026-05-17 03:09:56,0,q6,0,21,459,2258,3356,25020,21436,2069,1868,0,176,0,712,2121631,0,0,5236569736,29847572,158214623,0,0,27358756,258,258,0,240340057,240340057,0,0,240340057,27358756,11.08,2.26
7,2026-05-17 03:09:59,0,q7,0,18,392,1912,1909,14129,12555,1612,1592,0,200,0,156,788267,0,0,1892098304,30843845,430750879,0,0,71978,134,134,0,2566966,2566966,0,0,2566966,71978,7.39,1.91
8,2026-05-17 03:10:02,0,q8,0,16,337,1049,1323,6105,5315,1410,1418,0,0,0,38,2373025,0,0,1792304608,29820618,139184655,0,0,6731,13,13,0,84406,84406,0,0,84406,6731,5.82,1.05
9,2026-05-17 03:10:04,0,q9,0,18,407,1304,3911,13218,9267,1263,1408,0,304,0,28,269973,0,0,137494480,144002604,909537077,0,0,104,102,102,0,8037,8037,0,0,8037,104,10.14,1.3
10,2026-05-17 03:10:07,0,q10,0,18,437,1268,2409,10315,8539,1939,1632,5,192,0,589,29252425,0,0,3807972072,53091851,79308802,0,0,2400953,102,102,0,9684105,9684105,0,0,9684105,2400953,8.13,1.27
11,2026-05-17 03:10:09,0,q10a,0,15,436,1030,1427,5680,4805,1633,1642,2,297,0,554,29252425,0,0,4607448032,53091851,79308802,0,0,2368363,153,153,0,9644680,9644680,0,0,9644680,2368363,5.51,1.03
12,2026-05-17 03:10:11,0,q11,0,22,434,4548,14668,64265,55102,1541,1432,0,744,0,5884,1380159,0,0,26856842912,36540606,272799370,0,0,71770406,2006,2006,0,1051794768,1051794768,0,0,537186984,36215116,14.13,4.55
13,2026-05-17 03:10:17,0,q12,0,8,173,578,550,2125,1597,769,717,13,156,0,57,3286039,0,0,639059672,7322094,68674478,0,0,29116,10,10,0,3907960,3907960,0,0,3907960,29116,3.68,0.58
14,2026-05-17 03:10:18,0,q13,0,16,388,1928,2457,15498,12001,1755,1585,0,160,0,11,1311415,0,0,828703760,30998633,510446910,0,0,74,72,72,0,7120,7120,0,0,7120,74,8.04,1.93
15,2026-05-17 03:10:22,0,q14a,0,46,1080,7033,10991,64499,57940,5211,4030,3,2270,0,3093,1195253,0,0,9913299312,151671121,963979511,0,0,62586095,341,341,0,877745627,877745627,0,0,874734983,62499571,9.17,7.03
16,2026-05-17 03:10:31,0,q14b,0,40,1019,5333,10525,58315,52701,4181,3948,0,608,0,2573,1195253,0,0,8446696624,130216694,764382526,0,0,68363045,315,315,0,1013220196,1013220196,0,0,529303074,40855838,10.93,5.33
17,2026-05-17 03:10:37,0,q14,0,40,1016,4889,9242,48104,44976,4008,3945,27,850,0,2380,1170002,0,0,7563238792,130216694,764382526,0,0,68273662,280,280,0,1004568767,1004568767,0,0,520651645,40766455,9.84,4.89
18,2026-05-17 03:10:43,0,q15,0,9,231,912,1050,5893,5428,881,939,0,24,0,10,5046346,0,0,951797424,15170438,57613630,0,0,502,1,1,0,18324,18324,0,0,18324,502,6.46,0.91
19,2026-05-17 03:10:45,0,q16,0,17,429,2545,4528,31611,26157,1605,1612,3,576,0,1794,265150,0,0,4841415936,30510799,220170748,0,0,30114626,579,579,0,422221786,422221786,0,0,422221786,30114626,12.42,2.54
20,2026-05-17 03:10:49,0,q17,0,17,446,4557,7021,57872,53730,1749,1686,0,191,0,3054,6980521,0,0,7880912176,46220694,350661473,0,0,45538041,803,803,0,1089146303,1089146303,0,0,1089146303,45538041,12.7,4.56
21,2026-05-17 03:10:55,0,q18,0,16,407,1919,3050,10909,8458,2158,1643,13,293,0,26,9765736,0,0,3074056776,19114059,307642067,0,0,55958,9,9,0,3984849,3984849,0,0,3984849,55958,5.68,1.92
22,2026-05-17 03:10:58,0,q18a,0,32,898,3505,10131,36030,31699,4665,3662,19,674,0,231,9765564,0,0,14494187648,77567803,1437120549,0,0,63894,37,37,0,4339335,4339335,0,0,4339335,63894,10.28,3.5
23,2026-05-17 03:11:02,0,q19,0,13,335,1342,1980,10654,9676,1343,1400,0,96,0,133,5046346,0,0,1599037304,29672618,279327952,0,0,7397,10,10,0,541770,541770,0,0,541770,7397,7.94,1.34
24,2026-05-17 03:11:05,0,q20,0,8,176,543,527,2395,2027,693,705,0,0,0,17,3286039,0,0,412686616,14522437,126467627,0,0,28486,2,2,0,3491832,3491832,0,0,3491832,28486,4.41,0.54
25,2026-05-17 03:11:06,0,q21,0,15,330,1657,1349,11718,9038,1328,1351,0,176,0,26,265838,0,0,1087646456,133232044,713979918,0,0,31967,114,114,0,694868,694868,0,0,694868,31967,7.07,1.66
26,2026-05-17 03:11:09,0,q22,0,10,243,57849,57935,120189,119137,975,956,0,88,0,63,4653671,0,0,1753344224,133232025,713251977,0,0,612866,68,68,0,25729614,25729614,0,0,25729614,612866,2.08,57.85
27,2026-05-17 03:12:08,0,q22a,0,14,267,3464,3980,14567,13010,972,1021,0,84,0,1120,4653671,0,0,5660862736,133232023,713263481,0,0,918610,160,160,0,45113549,45113549,0,0,14511781,306922,4.21,3.46
28,2026-05-17 03:12:13,0,q23a,0,28,694,6096,11134,74239,70475,2488,2486,0,888,0,3420,6609758,0,0,12649074936,108664065,584236626,0,0,43897022,644,644,0,1114801317,1114801317,0,0,1084910550,41990015,12.18,6.1
29,2026-05-17 03:12:20,0,q23b,0,32,771,6648,12322,81673,77137,2967,2759,1,678,0,3216,6609801,0,0,25624416072,109164066,589047191,0,0,48673518,1314,1314,0,1200040261,1200040261,0,0,1097280516,42452497,12.29,6.65
30,2026-05-17 03:12:28,0,q24,0,14,366,2744,4423,32879,28989,1472,1395,3,552,0,1415,20739740,0,0,7068696000,32530259,315395647,0,0,29735885,340,340,0,678254112,678254112,0,0,678254112,29735885,11.98,2.74
31,2026-05-17 03:12:32,0,q24a,0,20,439,3749,5471,43021,38378,1708,1678,3,728,0,1924,18177832,0,0,16497845272,32632260,313347640,0,0,59478907,712,712,0,1357451922,1357451922,0,0,679197810,29743022,11.48,3.75
32,2026-05-17 03:12:36,0,q24b,0,20,439,3083,4295,32380,29430,1886,1678,3,596,0,1924,18177832,0,0,15891776752,32632260,313347640,0,0,59478765,700,700,0,1357428154,1357428154,0,0,679174042,29742880,10.5,3.08
33,2026-05-17 03:12:41,0,q25,0,17,446,5193,8285,66837,60377,1857,1737,16,990,0,3089,6980564,0,0,7880887560,46220694,491370233,0,0,45538038,800,800,0,1108759789,1108759789,0,0,1108759789,45538038,12.87,5.19
34,2026-05-17 03:12:47,0,q26,0,11,286,1019,1289,6471,5593,1223,1195,0,70,0,31,788267,0,0,475734776,16443748,228736924,0,0,33482,3,3,0,1124909,1124909,0,0,1124909,33482,6.35,1.02
35,2026-05-17 03:12:49,0,q27,0,12,288,1076,1505,7914,6914,1519,1229,32,255,0,138,788267,0,0,1080698912,30843426,404290233,0,0,58884,22,22,0,2218125,2218125,0,0,2218125,58884,7.36,1.08
36,2026-05-17 03:12:51,0,q27a,0,20,533,1819,4200,19710,14944,2344,2160,0,879,0,824,788224,0,0,1806596672,88546552,1194499868,0,0,60793,43,43,0,2451360,2451360,0,0,2451360,60793,10.84,1.82
37,2026-05-17 03:12:54,0,q28,0,24,432,2004,3987,24414,16108,2084,1653,16,987,0,3548,233564,0,0,4462213584,172803066,1399177956,0,0,470650,66,66,0,7692048,7692048,0,0,7692048,470650,12.18,2.0
38,2026-05-17 03:12:57,0,q29,0,19,497,4598,7625,59185,54836,1889,1943,0,496,0,3396,6980521,0,0,7880995000,46240695,351135648,0,0,45538045,805,805,0,1089147078,1089147078,0,0,1089147078,45538045,12.87,4.6
39,2026-05-17 03:13:03,0,q30,0,17,356,800,1754,2744,1841,1371,1412,0,0,0,113,2002949,0,0,1060281576,2460554,45638775,0,0,755089,7,7,0,59269674,59269674,0,0,59269674,755089,3.43,0.8
40,2026-05-17 03:13:05,0,q31,0,29,622,2168,4901,21342,16330,3203,2403,0,623,0,1880,3851818,0,0,3916765136,108311813,549468360,0,0,77921,48,48,0,2645626,2645626,0,0,2449119,72209,9.84,2.17
41,2026-05-17 03:13:08,0,q32,0,11,247,793,1162,6826,5465,1001,933,0,35,0,81,707099,0,0,120389400,28922872,239175994,0,0,55420,12,12,0,760429,760429,0,0,760429,55420,8.61,0.79
42,2026-05-17 03:13:10,0,q33,0,16,419,1082,1786,8465,7162,1789,1636,0,0,0,454,895616,0,0,1175635736,50875042,468010440,0,0,17063,18,18,0,450424,450424,0,0,450424,17063,7.82,1.08
43,2026-05-17 03:13:12,0,q34,0,14,310,1084,1724,7817,7063,1208,1198,0,0,0,178,233521,0,0,301186776,29327817,78923980,0,0,1010675,16,16,0,34202764,34202764,0,0,17284999,510675,7.21,1.08
44,2026-05-17 03:13:14,0,q35,0,17,442,1369,2197,11227,9986,1686,1656,3,88,0,597,24091970,0,0,8158821272,53091851,79100920,0,0,6056644,255,255,0,16002181,16002181,0,0,16002181,6056644,8.2,1.37
45,2026-05-17 03:13:17,0,q35a,0,16,442,1167,1847,8381,6790,1854,1686,0,155,0,713,24091841,0,0,7370292408,53091851,79100920,0,0,6053558,255,255,0,16010477,16010477,0,0,16010477,6053558,7.18,1.17
46,2026-05-17 03:13:19,0,q36,0,10,227,915,1147,6535,5339,1384,963,0,300,0,75,1868212,0,0,1036986400,28922616,365253114,0,0,1769,11,11,0,138557,138557,0,0,138557,1769,7.14,0.92
47,2026-05-17 03:13:21,0,q36a,0,13,232,796,881,4941,4513,918,958,0,135,0,87,1868126,0,0,1575954272,28922616,365253114,0,0,4798,36,36,0,397299,397299,0,0,147261,1822,6.21,0.8
48,2026-05-17 03:13:23,0,q37,0,10,262,1123,1639,10404,8526,947,949,2,352,0,720,233494,0,0,886656304,147632447,779814794,0,0,4316414,180,180,0,64485606,64485606,0,0,64485606,14400617,9.26,1.12
49,2026-05-17 03:13:25,0,q38,0,15,353,1891,3642,20050,16490,1263,1249,0,160,0,1123,12830230,0,0,8122560600,50921040,67372607,0,0,1694835,473,473,0,44525260,44525260,0,0,44525260,1694835,10.6,1.89
50,2026-05-17 03:13:28,0,q39a,0,18,372,2141,4048,20305,17447,1395,1440,0,352,0,412,805959,0,0,2062236424,266362034,1424951183,0,0,1129925,56,56,0,27117544,27117544,0,0,26113005,1093917,9.48,2.14
51,2026-05-17 03:13:31,0,q39b,0,17,381,1898,3521,16724,16289,1618,1486,0,278,0,168,524839,0,0,2839624192,266362034,1424951183,0,0,1531488,55,55,0,35748102,35748102,0,0,24076988,1021488,8.81,1.9
52,2026-05-17 03:13:34,0,q40,0,12,308,1598,2461,18698,16652,1321,1203,0,128,0,1405,233330,0,0,4141621464,15962340,138031653,0,0,15748014,357,357,0,309656666,309656666,0,0,309656666,15748014,11.7,1.6
53,2026-05-17 03:13:37,0,q41,0,6,108,368,297,1999,283,497,512,0,0,0,7,232050,0,0,270538656,204002,2005296,0,0,140,2,2,0,9680,9680,0,0,9680,140,5.43,0.37
54,2026-05-17 03:13:38,0,q42,0,7,175,521,526,3601,3122,679,718,0,0,0,22,233564,0,0,786960824,28922513,243884035,0,0,110,10,10,0,9116,9116,0,0,9116,110,6.91,0.52
55,2026-05-17 03:13:40,0,q43,0,7,173,673,708,5331,4880,725,730,0,0,0,29,233564,0,0,114629704,28820615,76617985,0,0,210,10,10,0,27084,27084,0,0,27084,210,7.92,0.67
56,2026-05-17 03:13:42,0,q44,0,11,206,646,720,4410,3628,707,726,0,0,0,151,1673996,0,0,1589568808,57703023,385315171,0,0,795972,120,120,0,10069011,10069011,0,0,5035816,398046,6.83,0.65
57,2026-05-17 03:13:43,0,q45,0,13,333,761,1357,3033,2437,1353,1374,0,0,0,8,5046389,0,0,2009365456,8092097,58673559,0,0,29,4,4,0,2649,2649,0,0,2649,29,3.99,0.76
58,2026-05-17 03:13:45,0,q46,0,13,333,996,1711,6889,6091,1430,1375,1,117,0,119,15378570,0,0,1039122784,29577818,254059120,0,0,27956,10,10,0,1371108,1371108,0,0,1371108,27956,6.92,1.0
59,2026-05-17 03:13:47,0,q47,0,15,287,1842,2829,19233,15655,1035,1077,0,140,0,2584,2319872,0,0,6656509880,28922616,194256361,0,0,2665245,787,787,0,105360655,105360655,0,0,61757103,1560722,10.44,1.84
60,2026-05-17 03:13:50,0,q48,0,11,285,1397,1728,11863,10465,1120,1183,0,270,0,33,1331939,0,0,669220160,30991426,272019782,0,0,20,20,20,0,1160,1160,0,0,1160,20,8.49,1.4
61,2026-05-17 03:13:53,0,q49,0,25,510,1730,3943,19387,17124,1710,1775,2,320,0,2042,233331,0,0,4850067912,55458848,791936211,0,0,15195841,63,63,0,338276492,338276492,0,0,338276492,15195841,11.21,1.73
62,2026-05-17 03:13:56,0,q50,0,12,306,2360,3189,27989,26404,1206,1208,0,128,0,1324,372338,0,0,4687124776,31771307,220541182,0,0,29262054,357,357,0,629536939,629536939,0,0,629536939,29262054,11.86,2.36
63,2026-05-17 03:13:59,0,q51,0,13,289,2948,4164,38382,34112,851,905,0,592,0,3444,300713,0,0,9975730016,36020604,232094421,0,0,24415841,1679,1679,0,420202975,420202975,0,0,420202975,24415841,13.02,2.95
64,2026-05-17 03:14:03,0,q51a,0,17,355,20769,24915,272088,258012,970,1046,0,2868,3,5430,460428,0,0,26931198392,36020604,232094421,0,0,47531016,2587,2587,0,789083626,789083626,0,0,575699561,36069050,13.1,20.77
65,2026-05-17 03:14:25,0,q52,0,7,175,595,603,4346,3847,667,715,0,0,0,103,233564,0,0,786960824,28922513,244080643,0,0,4250,10,10,0,266731,266731,0,0,266731,4250,7.3,0.6
66,2026-05-17 03:14:27,0,q53,0,10,227,604,738,3913,3235,919,954,0,0,0,135,233564,0,0,208086096,28922616,194810273,0,0,31394,11,11,0,661891,661891,0,0,661891,31394,6.48,0.6
67,2026-05-17 03:14:28,0,q54,0,26,644,1821,4796,20678,18940,2644,2659,3,196,0,765,5046346,0,0,2692837664,51386197,273652035,0,0,26873209,179,179,0,252845431,252845431,0,0,252845431,26873209,11.36,1.82
68,2026-05-17 03:14:31,0,q55,0,7,175,475,486,3380,2924,680,728,0,0,0,99,233564,0,0,786960824,28922513,244080643,0,0,3448,10,10,0,211879,211879,0,0,211879,3448,7.12,0.48
69,2026-05-17 03:14:33,0,q56,0,16,419,972,1485,6811,5642,1653,1674,0,21,0,350,466522,0,0,1234116536,50875042,468604876,0,0,10844,18,18,0,393359,393359,0,0,393359,10844,7.01,0.97
70,2026-05-17 03:14:35,0,q57,0,15,268,1663,2617,14004,11834,974,1031,0,0,0,854,2319872,0,0,5374089408,14522462,95474808,0,0,1160477,378,378,0,45106093,45106093,0,0,33380317,851478,8.42,1.66
71,2026-05-17 03:14:38,0,q58,0,17,416,1255,1956,9271,8075,1709,1635,0,64,0,506,788267,0,0,2073645616,50669140,426578944,0,0,247040,25,25,0,3683252,3683252,0,0,3683252,247040,7.39,1.25
72,2026-05-17 03:14:40,0,q59,0,16,339,1258,2068,8475,7891,1324,1417,0,32,0,368,755509,0,0,1673170840,28913769,77329052,0,0,304460,132,132,0,12848240,12848240,0,0,6671264,170845,6.74,1.26
73,2026-05-17 03:14:42,0,q60,0,16,419,1101,1715,8206,6947,1643,1671,0,0,0,479,466522,0,0,1728975080,50875042,468539856,0,0,78428,19,19,0,1556823,1556823,0,0,1556823,78428,7.45,1.1
74,2026-05-17 03:14:44,0,q61,0,18,457,1083,2520,9969,8650,1907,1847,3,126,0,5,5046346,0,0,1246748000,58473630,585660397,0,0,40,40,40,0,2319,2319,0,0,2319,40,9.2,1.08
75,2026-05-17 03:14:47,0,q62,0,14,323,1097,1170,6181,3775,1311,1355,0,36,0,44,265150,0,0,276224696,7220174,27949426,0,0,1734,56,56,0,150494,150494,0,0,150494,1734,5.63,1.1
76,2026-05-17 03:14:49,0,q63,0,10,227,665,739,4606,3951,908,951,0,0,0,132,233564,0,0,208020560,28922616,194814369,0,0,12917,11,11,0,338316,338316,0,0,338316,12917,6.93,0.66
77,2026-05-17 03:14:51,0,q64,0,41,981,7715,19072,101590,91436,4072,3810,10,882,0,5644,13606693,0,0,36027915296,50412177,684923486,0,0,52026357,2370,2370,0,1952938402,1952938402,0,0,1806185251,48487785,13.17,7.72
78,2026-05-17 03:15:00,0,q65,0,15,348,1797,3191,23265,20845,1258,1267,1,18,0,1661,9209889,0,0,6116202576,57723127,391781499,0,0,11880061,391,391,0,391210910,391210910,0,0,391210910,11880061,12.95,1.8
79,2026-05-17 03:15:02,0,q66,0,17,395,1651,1973,11480,7658,1656,1672,0,210,0,32,265150,0,0,1045839848,21660567,213481456,0,0,144,60,60,0,53776,53776,0,0,53776,144,6.95,1.65
80,2026-05-17 03:15:05,0,q67,0,10,243,7073,7178,74833,72415,913,997,1,1312,0,1422,4653671,0,0,7594451448,28922616,221651539,0,0,11548825,187,187,0,866159379,866159379,0,0,866159379,11548825,10.58,7.07
81,2026-05-17 03:15:13,0,q67a,0,18,384,10573,35759,137529,128216,1174,1292,0,1351,0,5618,4653585,0,0,26569738752,28922616,221651539,0,0,55551436,1700,1700,0,4120606392,4120606392,0,0,900577704,13218740,13.01,10.57
82,2026-05-17 03:15:25,0,q68,0,13,333,1084,1857,8232,6795,1302,1381,1,207,0,106,15378570,0,0,568481352,29577818,391461381,0,0,6174,10,10,0,436284,436284,0,0,436284,6174,7.59,1.08
83,2026-05-17 03:15:27,0,q69,0,18,437,1112,1964,8122,6967,1654,1607,2,112,0,543,28817443,0,0,3806916136,53091851,79177214,0,0,1902033,101,101,0,9547581,9547581,0,0,9547581,1902033,7.3,1.11
84,2026-05-17 03:15:30,0,q70,0,14,297,1031,1119,7152,6612,1159,1219,0,0,0,42,233564,0,0,1101810584,57621229,269678191,0,0,209,22,22,0,10316,10316,0,0,10316,209,6.94,1.03
85,2026-05-17 03:15:32,0,q70a,0,17,302,949,1034,5683,5440,1252,1218,0,98,0,46,232962,0,0,902580896,57621229,269678191,0,0,240,47,47,0,14125,14125,0,0,8085,180,5.99,0.95
86,2026-05-17 03:15:34,0,q71,0,13,364,987,1054,8423,7104,1434,1466,1,72,0,243,421741,0,0,956611448,50563041,453757793,0,0,32249,31,31,0,1647913,1647913,0,0,994773,21130,8.53,0.99
87,2026-05-17 03:15:36,0,q72,0,26,680,17433,22742,223336,213164,2555,2627,3,1712,1,5018,6609801,0,0,19933730552,151146962,901568520,0,0,142246513,1469,1469,0,2047663467,2047663467,0,0,2047663467,142246513,12.81,17.43
88,2026-05-17 03:15:54,0,q73,0,14,310,791,1575,5161,3764,1610,1223,3,40,0,132,233564,0,0,299939544,29327817,78923980,0,0,1002732,16,16,0,33968188,33968188,0,0,17050423,502732,6.52,0.79
89,2026-05-17 03:15:56,0,q74,0,20,486,2507,5487,26595,18589,2489,1815,17,501,0,2838,15569619,0,0,13923889496,72541209,376808794,0,0,1763111,822,822,0,58849868,58849868,0,0,58849868,1763111,10.61,2.51
90,2026-05-17 03:16:00,0,q75,0,31,829,3519,7936,47888,38397,3295,2923,0,496,0,4792,317616,0,0,11831406064,105981888,1099567645,0,0,14156499,1088,1088,0,314442100,314442100,0,0,214470943,9118711,13.61,3.52
91,2026-05-17 03:16:04,0,q76,0,9,311,879,824,8370,7114,1238,1222,0,78,0,183,923844,0,0,2240847208,50576089,457506553,0,0,3127,24,24,0,261039,261039,0,0,261039,3127,9.52,0.88
92,2026-05-17 03:16:06,0,q77,0,26,611,1724,2645,14848,11197,2422,2325,0,169,0,239,265150,0,0,1006079224,55459158,493903280,0,0,1811,96,96,0,126527,126527,0,0,126527,1811,8.61,1.72
93,2026-05-17 03:16:09,0,q77a,0,26,564,1276,2304,10748,9692,2179,2122,0,0,0,196,233116,0,0,1407552616,55459152,493899228,0,0,2221,55,55,0,176374,176374,0,0,134878,1891,8.42,1.28
94,2026-05-17 03:16:12,0,q78,0,18,502,5842,12207,83878,76824,1891,1794,2,336,0,5713,6524712,0,0,19534062920,55458848,590453961,0,0,54207575,1326,1326,0,1579290498,1579290498,0,0,1579290498,54207575,14.36,5.84
95,2026-05-17 03:16:19,0,q79,0,12,283,1024,1542,7715,6193,1240,1171,3,198,0,119,12830359,0,0,952877472,29327817,250526007,0,0,80366,22,22,0,2983082,2983082,0,0,2983082,80366,7.53,1.02
96,2026-05-17 03:16:21,0,q80,0,29,762,7116,20372,103042,89417,3041,2888,13,1764,0,7209,233564,0,0,14185165104,55573497,844328892,0,0,53052375,819,819,0,1571654634,1571654634,0,0,1571654634,53052375,14.48,7.12
97,2026-05-17 03:16:29,0,q80a,0,32,767,7492,20023,103250,91141,3989,2966,2,1199,0,6524,233564,0,0,14657024136,55573497,844328892,0,0,53053332,830,830,0,1571770246,1571770246,0,0,1571667496,53052306,13.78,7.49
98,2026-05-17 03:16:38,0,q81,0,17,368,1374,2627,9718,6699,1947,1490,0,173,0,300,2002992,0,0,2741754728,3899788,55276609,0,0,1305082,60,60,0,34629655,34629655,0,0,34629655,1305082,7.07,1.37
99,2026-05-17 03:16:40,0,q82,0,10,262,1554,2379,15686,12323,1313,972,0,544,0,855,233650,0,0,1658418336,162032523,837941369,0,0,13778665,194,194,0,137239500,137239500,0,0,137239500,28800829,10.09,1.55
100,2026-05-17 03:16:43,0,q83,0,17,402,1068,1728,8252,6835,1634,1578,0,0,0,462,788267,0,0,1261711248,5358962,38645838,0,0,43961,14,14,0,759663,759663,0,0,759663,43961,7.73,1.07
101,2026-05-17 03:16:45,0,q84,0,15,352,711,1153,2633,1903,1342,1350,0,96,0,181,9765521,0,0,615806688,5555676,31377947,0,0,2778710,20,20,0,14454870,14454870,0,0,14454870,2778710,3.7,0.71
102,2026-05-17 03:16:47,0,q85,0,20,523,1461,3819,9615,7250,1982,2079,2,70,0,131,17038067,0,0,8635287000,12032239,132132011,0,0,915688,142,142,0,33259379,33259379,0,0,33259379,915688,6.58,1.46
103,2026-05-17 03:16:49,0,q86,0,8,172,516,510,2023,1716,666,699,0,0,0,30,1868212,0,0,571272816,7322094,62330579,0,0,816,5,5,0,54749,54749,0,0,54749,816,3.92,0.52
104,2026-05-17 03:16:51,0,q86a,0,11,177,506,480,1829,1534,708,725,0,0,0,42,1868212,0,0,1110240560,7322094,62330579,0,0,2119,18,18,0,157721,157721,0,0,66577,929,3.61,0.51
105,2026-05-17 03:16:53,0,q87,0,15,353,1797,3359,18592,15149,1208,1230,3,0,0,1383,12830187,0,0,8122560600,50921040,67372607,0,0,1694835,473,473,0,44525260,44525260,0,0,44525260,1694835,10.35,1.8
106,2026-05-17 03:16:55,0,q88,0,44,1078,1810,6435,19242,16310,3964,4028,7,122,0,18,233564,0,0,514952960,230611400,283674948,0,0,160,160,160,0,9200,9200,0,0,9200,160,10.63,1.81
107,2026-05-17 03:16:58,0,q89,0,10,228,740,878,5131,4489,878,943,0,0,0,150,233564,0,0,946676392,28922616,194535107,0,0,49975,22,22,0,2298860,2298860,0,0,2298860,49975,6.93,0.74
108,2026-05-17 03:17:00,0,q90,0,14,338,442,845,2536,1785,1272,1360,0,0,0,4,232049,0,0,103596544,14447588,27906341,0,0,32,32,32,0,1816,1816,0,0,1816,32,5.74,0.44
109,2026-05-17 03:17:02,0,q91,0,17,390,773,1778,4644,3559,1638,1629,0,144,0,5,9580995,0,0,1037410344,4137931,32811519,0,0,53,5,5,0,7711,7711,0,0,4761,34,6.01,0.77
110,2026-05-17 03:17:04,0,q92,0,11,239,461,698,2859,2443,907,942,0,0,0,76,707825,0,0,110994360,14522186,123949851,0,0,135661,9,9,0,1837430,1837430,0,0,1837430,135661,6.2,0.46
111,2026-05-17 03:17:05,0,q93,0,8,204,3852,4288,45890,44146,701,712,0,180,0,1773,233331,0,0,5766380072,31678201,270344909,0,0,31635854,357,357,0,754631060,754631060,0,0,754631060,31635854,11.91,3.85
112,2026-05-17 03:17:10,0,q94,0,14,367,1721,3056,16133,14686,1335,1363,0,152,0,428,2580024,0,0,3571011840,15390508,100981412,0,0,14397040,153,153,0,217756751,217756751,0,0,217756751,14397040,9.37,1.72
113,2026-05-17 03:17:13,0,q95,0,14,367,4021,5452,49467,36552,1468,1425,0,1813,0,375,2580924,0,0,14560086280,15390504,97870635,0,0,35990240,357,357,0,319472623,319472623,0,0,196649755,14395274,12.3,4.02
114,2026-05-17 03:17:18,0,q96,0,9,224,473,649,3005,2095,1149,908,1,0,0,11,233564,0,0,63872480,28827816,35519274,0,0,20,20,20,0,1150,1150,0,0,1150,20,6.35,0.47
115,2026-05-17 03:17:19,0,q97,0,8,209,2290,2779,24358,18318,961,779,1,269,0,333,233564,0,0,6212927976,43220947,230731186,0,0,8377699,238,238,0,96908300,96908300,0,0,96908300,8377699,10.64,2.29
116,2026-05-17 03:17:23,0,q98,0,10,186,930,868,4644,3833,1078,737,17,0,0,214,3361780,0,0,1690376016,28922513,250409050,0,0,106186,98,98,0,14472173,14472173,0,0,12501419,91022,4.99,0.93
117,2026-05-17 03:17:25,0,q99,0,11,275,905,1398,5021,3951,1488,1190,4,5,0,32,232131,0,0,156567144,14420493,41457888,0,0,2160,3,3,0,173855,173855,0,0,173855,2160,5.55,0.9
118,2026-05-17 03:17:27,1,q1,0,15,313,1064,1757,9430,6595,1436,1200,0,172,0,935,5100840,0,0,3337334424,6275389,66981045,0,0,1611249,182,182,0,25346727,25346727,0,0,25346727,1611249,8.86,1.06
119,2026-05-17 03:17:29,1,q2,0,14,294,1055,1290,7702,5979,1690,1266,0,24,0,73,755595,0,0,456068104,21713579,93455600,0,0,6838,44,44,0,352525,352525,0,0,127373,4198,7.3,1.06
120,2026-05-17 03:17:31,1,q3,0,7,175,520,530,3362,2618,833,723,0,0,0,102,233564,0,0,119963624,28975562,244265362,0,0,2998,10,10,0,206438,206438,0,0,206438,2998,6.47,0.52
121,2026-05-17 03:17:33,1,q4,0,28,573,7654,35888,114600,98620,2136,1866,1,1792,0,11186,1691203,0,0,39674206800,50941041,812341217,0,0,102286012,3503,3503,0,2536512620,2536512620,0,0,1273495988,51438627,14.97,7.65
122,2026-05-17 03:17:42,1,q5,0,22,690,2203,4228,24876,21901,2636,2694,0,149,0,612,317451,0,0,3294366800,62671087,552805534,0,0,7890286,132,132,0,109305611,109305611,0,0,109305611,7890286,11.29,2.2
123,2026-05-17 03:17:45,1,q5a,0,25,695,2182,4184,23324,21097,2620,2703,0,176,0,589,317451,0,0,3833334672,62671087,552805534,0,0,7892232,142,142,0,109464345,109464345,0,0,109331115,7890408,10.69,2.18
124,2026-05-17 03:17:48,1,q6,0,18,407,1628,2844,19805,18571,1644,1649,0,112,0,617,2121631,0,0,5099075256,29847566,158210908,0,0,27358702,206,206,0,240333811,240333811,0,0,240333811,27358702,12.17,1.63
125,2026-05-17 03:17:51,1,q7,0,12,288,1080,1379,8451,7534,1151,1163,0,84,0,120,788267,0,0,1080238624,30843824,430732679,0,0,71861,22,22,0,2549492,2549492,0,0,2549492,71861,7.82,1.08
126,2026-05-17 03:17:53,1,q8,0,16,337,990,1269,5955,5308,1307,1412,0,0,0,38,2373025,0,0,1792304608,29820618,139184655,0,0,6731,13,13,0,84406,84406,0,0,84406,6731,6.02,0.99
127,2026-05-17 03:17:55,1,q9,0,17,406,825,3280,9494,8102,1206,1388,0,0,0,23,233564,0,0,0,144002601,909538335,0,0,100,100,100,0,6957,6957,0,0,6957,100,11.51,0.82
128,2026-05-17 03:17:57,1,q10,0,18,437,1112,2109,8794,7411,1688,1608,0,112,0,625,29252425,0,0,3807972072,53091851,79308802,0,0,2400953,102,102,0,9684105,9684105,0,0,9684105,2400953,7.91,1.11
129,2026-05-17 03:17:59,1,q10a,0,15,436,1029,1595,6413,5387,1820,1705,3,154,0,724,29252511,0,0,4607448032,53091851,79308802,0,0,2368363,153,153,0,9644680,9644680,0,0,9644680,2368363,6.23,1.03
130,2026-05-17 03:18:01,1,q11,0,22,434,4436,14857,65011,57023,1322,1401,3,995,0,5209,1380159,0,0,26856842912,36540606,272799370,0,0,71770406,2006,2006,0,1051794768,1051794768,0,0,537186984,36215116,14.66,4.44
131,2026-05-17 03:18:07,1,q12,0,8,173,539,521,1970,1611,755,731,0,90,0,55,3286039,0,0,639059672,7322094,68674478,0,0,29116,10,10,0,3907960,3907960,0,0,3907960,29116,3.65,0.54
132,2026-05-17 03:18:08,1,q13,0,13,336,1366,1966,11253,10075,1333,1401,0,96,0,3,1311415,0,0,691209280,30998627,510444624,0,0,20,20,20,0,1371,1371,0,0,1371,20,8.24,1.37
133,2026-05-17 03:18:11,1,q14a,0,46,1080,6680,10826,61393,53934,4344,4092,12,1530,0,3117,1195253,0,0,9913299312,151671121,963979511,0,0,62586095,341,341,0,877745627,877745627,0,0,874734983,62499571,9.19,6.68
134,2026-05-17 03:18:20,1,q14b,0,40,1019,4887,9410,53211,47844,3926,3945,11,848,0,2604,1195253,0,0,8446696624,130216694,764382526,0,0,68363045,315,315,0,1013220196,1013220196,0,0,529303074,40855838,10.89,4.89
135,2026-05-17 03:18:26,1,q14,0,40,1016,4211,8536,43822,41818,3832,3959,0,253,0,2121,1169959,0,0,7563238792,130216694,764382526,0,0,68273662,280,280,0,1004568767,1004568767,0,0,520651645,40766455,10.41,4.21
136,2026-05-17 03:18:31,1,q15,0,9,231,1015,1161,6501,6001,900,933,0,96,0,9,5046346,0,0,951797424,15170438,57613630,0,0,502,1,1,0,18324,18324,0,0,18324,502,6.4,1.01
137,2026-05-17 03:18:33,1,q16,0,14,377,2190,4127,29486,25459,1347,1373,1,480,0,1708,232092,0,0,4703921456,30510793,220163708,0,0,30114572,527,527,0,422214469,422214469,0,0,422214469,30114572,13.46,2.19
138,2026-05-17 03:18:36,1,q17,0,17,446,4583,7146,58133,55243,1620,1672,0,248,0,3238,6980564,0,0,7880912176,46220694,350661473,0,0,45538041,803,803,0,1089146303,1089146303,0,0,1089146303,45538041,12.68,4.58
139,2026-05-17 03:18:42,1,q18,0,16,407,1361,2166,7319,5736,1690,1622,1,90,0,95,9765521,0,0,3074056776,19114059,307642067,0,0,55958,9,9,0,3984849,3984849,0,0,3984849,55958,5.38,1.36
140,2026-05-17 03:18:45,1,q18a,0,32,898,3281,8770,36029,32318,3479,3522,7,392,0,183,9765521,0,0,14494187648,77567803,1437120549,0,0,63894,37,37,0,4339335,4339335,0,0,4339335,63894,10.98,3.28
141,2026-05-17 03:18:49,1,q19,0,13,335,1008,1635,6980,5857,1346,1402,0,0,0,114,5046346,0,0,1599037304,29672618,279327952,0,0,7397,10,10,0,541770,541770,0,0,541770,7397,6.92,1.01
142,2026-05-17 03:18:51,1,q20,0,8,176,542,529,2334,1990,684,720,0,0,0,17,3286039,0,0,412686616,14522437,126467627,0,0,28486,2,2,0,3491832,3491832,0,0,3491832,28486,4.31,0.54
143,2026-05-17 03:18:53,1,q21,0,9,226,868,982,6616,5974,898,938,0,125,0,11,233838,0,0,208677936,133232023,713967687,0,0,31850,1,1,0,679321,679321,0,0,679321,31850,7.62,0.87
144,2026-05-17 03:18:55,1,q22,0,10,243,56831,56921,119326,118264,959,956,0,40,0,63,4653671,0,0,1753344224,133232025,713251977,0,0,612866,68,68,0,25729614,25729614,0,0,25729614,612866,2.1,56.83
145,2026-05-17 03:19:53,1,q22a,0,14,267,3493,3995,14663,13233,983,1026,0,36,0,1085,4653585,0,0,5660862736,133232023,713263481,0,0,918610,160,160,0,45113549,45113549,0,0,14511781,306922,4.2,3.49
146,2026-05-17 03:19:57,1,q23a,0,28,694,6144,11456,74862,71326,2456,2507,1,887,0,3398,6609758,0,0,12649074936,108664065,584236626,0,0,43897022,644,644,0,1114801317,1114801317,0,0,1084910550,41990015,12.18,6.14
147,2026-05-17 03:20:04,1,q23b,0,32,771,6593,12684,82313,75618,2892,2805,0,1146,0,3611,6609715,0,0,25624416072,109164066,589047191,0,0,48673518,1314,1314,0,1200040261,1200040261,0,0,1097280516,42452497,12.48,6.59
148,2026-05-17 03:20:12,1,q24,0,14,366,2371,4058,28748,26195,1344,1369,3,564,0,1349,20739740,0,0,7068696000,32530259,315395647,0,0,29735885,340,340,0,678254112,678254112,0,0,678254112,29735885,12.12,2.37
149,2026-05-17 03:20:16,1,q24a,0,20,439,3705,5081,41796,39808,1580,1689,2,190,0,1643,18177832,0,0,16497845272,32632260,313347640,0,0,59478907,712,712,0,1357451922,1357451922,0,0,679197810,29743022,11.28,3.7
150,2026-05-17 03:20:20,1,q24b,0,20,439,3013,4118,31538,30606,1762,1694,2,275,0,1807,18177746,0,0,15891776752,32632260,313347640,0,0,59478765,700,700,0,1357428154,1357428154,0,0,679174042,29742880,10.47,3.01
151,2026-05-17 03:20:24,1,q25,0,17,446,4592,7230,59004,55973,1712,1712,1,433,0,3347,6980564,0,0,7880887560,46220694,491370233,0,0,45538038,800,800,0,1108759789,1108759789,0,0,1108759789,45538038,12.85,4.59
152,2026-05-17 03:20:30,1,q26,0,11,286,921,1209,5656,4970,1092,1183,0,0,0,33,788267,0,0,475734776,16443748,228736924,0,0,33482,3,3,0,1124909,1124909,0,0,1124909,33482,6.14,0.92
153,2026-05-17 03:20:32,1,q27,0,12,288,878,1207,6368,5996,1163,1179,0,91,0,127,788267,0,0,1080698912,30843426,404290233,0,0,58884,22,22,0,2218125,2218125,0,0,2218125,58884,7.25,0.88
154,2026-05-17 03:20:34,1,q27a,0,20,533,1656,3663,16904,15393,2279,2124,0,278,0,490,788267,0,0,1806596672,88546552,1194499868,0,0,60793,43,43,0,2451360,2451360,0,0,2451360,60793,10.21,1.66
155,2026-05-17 03:20:37,1,q28,0,24,432,1698,3783,21383,17180,1691,1563,0,176,0,2585,233564,0,0,4462213584,172803066,1399177956,0,0,470650,66,66,0,7692048,7692048,0,0,7692048,470650,12.59,1.7
156,2026-05-17 03:20:40,1,q29,0,19,497,4682,7927,59757,56506,2252,1955,0,312,0,3438,6980521,0,0,7880995000,46240695,351135648,0,0,45538045,805,805,0,1089147078,1089147078,0,0,1089147078,45538045,12.76,4.68
157,2026-05-17 03:20:45,1,q30,0,17,356,796,1767,2758,1845,1347,1416,0,0,0,113,2002949,0,0,1060281576,2460554,45638775,0,0,755089,7,7,0,59269674,59269674,0,0,59269674,755089,3.46,0.8
158,2026-05-17 03:20:47,1,q31,0,29,622,1892,4460,19486,15797,2563,2383,10,247,0,1677,3851818,0,0,3916568528,108311813,549468360,0,0,74061,45,45,0,2500965,2500965,0,0,2420569,72215,10.3,1.89
159,2026-05-17 03:20:50,1,q32,0,11,247,517,784,4480,3993,897,960,0,56,0,47,707099,0,0,120389400,28922872,239175994,0,0,55420,12,12,0,760429,760429,0,0,760429,55420,8.67,0.52
160,2026-05-17 03:20:52,1,q33,0,16,419,979,1501,6840,5629,1645,1668,0,96,0,428,895616,0,0,1175635736,50875042,468010440,0,0,17063,18,18,0,450424,450424,0,0,450424,17063,6.99,0.98
161,2026-05-17 03:20:54,1,q34,0,14,310,941,1588,6711,5971,1132,1199,1,21,0,184,233521,0,0,301186776,29327817,78923980,0,0,1010675,16,16,0,34202764,34202764,0,0,17284999,510675,7.13,0.94
162,2026-05-17 03:20:56,1,q35,0,17,442,1296,2185,10709,9477,1670,1654,1,120,0,524,24091884,0,0,8158821272,53091851,79100920,0,0,6056644,255,255,0,16002181,16002181,0,0,16002181,6056644,8.26,1.3
163,2026-05-17 03:20:58,1,q35a,0,16,442,1050,1594,6991,6699,1625,1638,0,0,0,527,24091841,0,0,7370292408,53091851,79100920,0,0,6053558,255,255,0,16010477,16010477,0,0,16010477,6053558,6.66,1.05
164,2026-05-17 03:21:00,1,q36,0,10,227,749,915,5289,4580,922,955,6,177,0,74,1868212,0,0,1036986400,28922616,365253114,0,0,1769,11,11,0,138557,138557,0,0,138557,1769,7.06,0.75
165,2026-05-17 03:21:02,1,q36a,0,13,232,834,925,5330,5217,914,972,0,0,0,88,1868126,0,0,1575954272,28922616,365253114,0,0,4798,36,36,0,397299,397299,0,0,147261,1822,6.39,0.83
166,2026-05-17 03:21:04,1,q37,0,10,262,1012,1442,8872,8030,901,948,0,112,0,353,233494,0,0,886656304,147632447,779814794,0,0,4316414,180,180,0,64485606,64485606,0,0,64485606,14400617,8.77,1.01
167,2026-05-17 03:21:06,1,q38,0,15,353,1891,3512,19509,16223,1188,1243,0,144,0,993,12830187,0,0,8122560600,50921040,67372607,0,0,1694835,473,473,0,44525260,44525260,0,0,44525260,1694835,10.32,1.89
168,2026-05-17 03:21:09,1,q39a,0,18,372,2079,3926,19317,17103,1539,1440,0,126,0,417,805959,0,0,2062236424,266362034,1424951183,0,0,1129925,56,56,0,27117544,27117544,0,0,26113005,1093917,9.29,2.08
169,2026-05-17 03:21:12,1,q39b,0,17,381,1852,3421,16294,16014,1477,1494,9,196,0,164,524882,0,0,2839624192,266362034,1424951183,0,0,1531488,55,55,0,35748102,35748102,0,0,24076988,1021488,8.8,1.85
170,2026-05-17 03:21:15,1,q40,0,12,308,1644,2571,18799,17182,1240,1214,4,112,0,1357,233330,0,0,4141621464,15962340,138031653,0,0,15748014,357,357,0,309656666,309656666,0,0,309656666,15748014,11.43,1.64
171,2026-05-17 03:21:18,1,q41,0,6,108,362,294,1958,279,492,523,0,0,0,7,232050,0,0,270538656,204002,2005296,0,0,140,2,2,0,9680,9680,0,0,9680,140,5.41,0.36
172,2026-05-17 03:21:20,1,q42,0,7,175,615,634,4127,3475,811,729,1,0,0,23,233564,0,0,786960824,28922513,243884035,0,0,110,10,10,0,9116,9116,0,0,9116,110,6.71,0.62
173,2026-05-17 03:21:21,1,q43,0,7,173,704,737,5628,5242,677,723,0,0,0,28,233564,0,0,114629704,28820615,76617985,0,0,210,10,10,0,27084,27084,0,0,27084,210,7.99,0.7
174,2026-05-17 03:21:23,1,q44,0,11,206,588,633,4081,3327,685,745,0,0,0,176,1673996,0,0,1589568808,57703023,385315171,0,0,795972,120,120,0,10069011,10069011,0,0,5035816,398046,6.94,0.59
175,2026-05-17 03:21:25,1,q45,0,13,333,768,1367,3092,2433,1364,1379,63,170,0,8,5046346,0,0,2009365456,8092097,58673559,0,0,29,4,4,0,2649,2649,0,0,2649,29,4.03,0.77
176,2026-05-17 03:21:26,1,q46,0,13,333,992,1666,7107,6415,1320,1382,1,0,0,120,15378570,0,0,1039122784,29577818,254059120,0,0,27956,10,10,0,1371108,1371108,0,0,1371108,27956,7.16,0.99
177,2026-05-17 03:21:28,1,q47,0,15,287,1827,2799,19177,15918,997,1066,0,120,0,2308,2319872,0,0,6656509880,28922616,194256361,0,0,2665245,787,787,0,105360655,105360655,0,0,61757103,1560722,10.5,1.83
178,2026-05-17 03:21:31,1,q48,0,11,285,1347,1687,10844,9800,1118,1169,0,190,0,11,1331939,0,0,669220160,30991426,272019782,0,0,20,20,20,0,1160,1160,0,0,1160,20,8.05,1.35
179,2026-05-17 03:21:34,1,q49,0,25,510,1798,3995,19974,17248,1870,1809,2,120,0,2203,233564,0,0,4850067912,55458848,791936211,0,0,15195841,63,63,0,338276492,338276492,0,0,338276492,15195841,11.11,1.8
180,2026-05-17 03:21:37,1,q50,0,12,306,2337,3194,28428,26054,1097,1185,0,512,0,1538,372338,0,0,4687124776,31771307,220541182,0,0,29262054,357,357,0,629536939,629536939,0,0,629536939,29262054,12.16,2.34
181,2026-05-17 03:21:40,1,q51,0,13,289,2819,3910,36479,32852,851,900,0,320,0,3263,300713,0,0,9975730016,36020604,232094421,0,0,24415841,1679,1679,0,420202975,420202975,0,0,420202975,24415841,12.94,2.82
182,2026-05-17 03:21:44,1,q51a,0,17,355,20448,24215,266939,257657,970,1042,0,2429,0,4323,460428,0,0,26931198392,36020604,232094421,0,0,47531016,2587,2587,0,789083626,789083626,0,0,575699561,36069050,13.05,20.45
183,2026-05-17 03:22:06,1,q52,0,7,175,531,542,3990,3390,671,711,0,70,0,122,233564,0,0,786960824,28922513,244080643,0,0,4250,10,10,0,266731,266731,0,0,266731,4250,7.51,0.53
184,2026-05-17 03:22:07,1,q53,0,10,227,627,748,4096,3482,918,953,0,0,0,131,233564,0,0,208086096,28922616,194810273,0,0,31394,11,11,0,661891,661891,0,0,661891,31394,6.53,0.63
185,2026-05-17 03:22:09,1,q54,0,26,644,1805,4640,20543,18808,2501,2605,0,112,0,837,5046389,0,0,2692837664,51386197,273652035,0,0,26873209,179,179,0,252845431,252845431,0,0,252845431,26873209,11.38,1.8
186,2026-05-17 03:22:12,1,q55,0,7,175,600,611,4458,3885,670,721,0,96,0,97,233564,0,0,786960824,28922513,244080643,0,0,3448,10,10,0,211879,211879,0,0,211879,3448,7.43,0.6
187,2026-05-17 03:22:13,1,q56,0,16,419,1002,1627,8284,5863,1723,1696,0,240,0,508,466522,0,0,1234116536,50875042,468604876,0,0,10844,18,18,0,393359,393359,0,0,393359,10844,8.27,1.0
188,2026-05-17 03:22:15,1,q57,0,15,268,1640,2565,13967,11599,991,1034,0,88,0,947,2319872,0,0,5374089408,14522462,95474808,0,0,1160477,378,378,0,45106093,45106093,0,0,33380317,851478,8.52,1.64
189,2026-05-17 03:22:18,1,q58,0,17,416,1333,2372,11529,10380,1637,1650,0,96,0,420,788267,0,0,2073645616,50669140,426578944,0,0,247040,25,25,0,3683252,3683252,0,0,3683252,247040,8.65,1.33
190,2026-05-17 03:22:21,1,q59,0,16,339,1251,2064,8335,7728,1292,1413,0,80,0,395,755509,0,0,1673170840,28913769,77329052,0,0,304460,132,132,0,12848240,12848240,0,0,6671264,170845,6.66,1.25
191,2026-05-17 03:22:23,1,q60,0,16,419,1141,1870,8846,7348,1610,1680,0,0,0,634,466522,0,0,1728975080,50875042,468539856,0,0,78428,19,19,0,1556823,1556823,0,0,1556823,78428,7.75,1.14
192,2026-05-17 03:22:25,1,q61,0,18,457,1069,2337,9054,7949,1899,1831,0,98,0,6,5046346,0,0,1246748000,58473630,585660397,0,0,40,40,40,0,2319,2319,0,0,2319,40,8.47,1.07
193,2026-05-17 03:22:27,1,q62,0,11,271,618,894,2689,2190,1077,1127,0,0,0,36,232006,0,0,138730216,7220168,27946993,0,0,1680,4,4,0,144678,144678,0,0,144678,1680,4.35,0.62
194,2026-05-17 03:22:29,1,q63,0,10,227,679,870,4474,3559,1199,969,3,0,0,129,233564,0,0,208020560,28922616,194814369,0,0,12917,11,11,0,338316,338316,0,0,338316,12917,6.59,0.68
195,2026-05-17 03:22:31,1,q64,0,38,929,6974,16753,93439,86242,3751,3620,8,846,0,5313,13606650,0,0,35890420816,50412171,684921567,0,0,52026303,2318,2318,0,1952932789,1952932789,0,0,1806179638,48487731,13.4,6.97
196,2026-05-17 03:22:39,1,q65,0,15,348,1666,2985,21867,19641,1253,1261,0,96,0,1432,9209846,0,0,6116202576,57723127,391781499,0,0,11880061,391,391,0,391210910,391210910,0,0,391210910,11880061,13.13,1.67
197,2026-05-17 03:22:42,1,q66,0,14,343,1249,1866,8521,7075,1381,1453,0,0,0,24,232088,0,0,975454208,21660561,213478656,0,0,90,9,9,0,47940,47940,0,0,47940,90,6.82,1.25
198,2026-05-17 03:22:44,1,q67,0,10,243,7159,7275,76268,74051,911,990,0,908,0,1388,4653714,0,0,7594451448,28922616,221651539,0,0,11548825,187,187,0,866159379,866159379,0,0,866159379,11548825,10.65,7.16
199,2026-05-17 03:22:52,1,q67a,0,18,384,10527,36519,139741,129806,1173,1270,3,1460,0,5488,4653628,0,0,26569738752,28922616,221651539,0,0,55551436,1700,1700,0,4120606392,4120606392,0,0,900577704,13218740,13.27,10.53
200,2026-05-17 03:23:04,1,q68,0,13,333,1173,1941,9156,8167,1372,1388,1,50,0,113,15378570,0,0,568481352,29577818,391461381,0,0,6174,10,10,0,436284,436284,0,0,436284,6174,7.81,1.17
201,2026-05-17 03:23:06,1,q69,0,18,437,1140,2080,8325,6409,1829,1648,2,143,0,974,28817486,0,0,3806916136,53091851,79177214,0,0,1902033,101,101,0,9547581,9547581,0,0,9547581,1902033,7.3,1.14
202,2026-05-17 03:23:09,1,q70,0,14,297,985,1090,6675,6145,1155,1197,0,0,0,43,233564,0,0,1101810584,57621229,269678191,0,0,209,22,22,0,10316,10316,0,0,10316,209,6.78,0.98
203,2026-05-17 03:23:11,1,q70a,0,17,302,1038,1128,6092,5594,1328,1230,0,208,0,287,232962,0,0,902580896,57621229,269678191,0,0,240,47,47,0,14125,14125,0,0,8085,180,5.87,1.04
204,2026-05-17 03:23:13,1,q71,0,13,364,1219,1286,12883,11419,1400,1470,1,0,0,238,421741,0,0,956611448,50563041,453757793,0,0,32249,31,31,0,1647913,1647913,0,0,994773,21130,10.57,1.22
205,2026-05-17 03:23:15,1,q72,0,26,680,17742,22735,225542,219029,2621,2609,1,969,0,6244,6609801,0,0,19933730552,151146962,901568520,0,0,142246513,1469,1469,0,2047663467,2047663467,0,0,2047663467,142246513,12.71,17.74
206,2026-05-17 03:23:34,1,q73,0,14,310,716,1393,5033,4289,1158,1181,0,80,0,129,233521,0,0,299939544,29327817,78923980,0,0,1002732,16,16,0,33968188,33968188,0,0,17050423,502732,7.03,0.72
207,2026-05-17 03:23:36,1,q74,0,20,486,2133,4862,23426,19252,1807,1766,1,192,0,2472,15569619,0,0,13923889496,72541209,376808794,0,0,1763111,822,822,0,58849868,58849868,0,0,58849868,1763111,10.98,2.13
208,2026-05-17 03:23:39,1,q75,0,31,829,3534,8212,48484,40141,3216,2937,0,586,0,4652,317616,0,0,11831406064,105981888,1099567645,0,0,14156499,1088,1088,0,314442100,314442100,0,0,214470943,9118711,13.72,3.53
209,2026-05-17 03:23:44,1,q76,0,9,311,1102,1054,11780,10011,1204,1262,0,286,0,378,923844,0,0,2240847208,50576089,457506553,0,0,3127,24,24,0,261039,261039,0,0,261039,3127,10.69,1.1
210,2026-05-17 03:23:46,1,q77,0,23,559,1283,2355,11194,9362,2214,2093,2,32,0,215,233631,0,0,868584744,55459152,493899228,0,0,1757,44,44,0,120257,120257,0,0,120257,1757,8.72,1.28
211,2026-05-17 03:23:48,1,q77a,0,26,564,1245,2243,10305,9470,2155,2098,0,0,0,197,233116,0,0,1407552616,55459152,493899228,0,0,2221,55,55,0,176374,176374,0,0,134878,1891,8.28,1.25
212,2026-05-17 03:23:51,1,q78,0,18,502,5680,11887,80711,74363,1863,1778,0,458,0,5265,6524927,0,0,19534062920,55458848,590453961,0,0,54207575,1326,1326,0,1579290498,1579290498,0,0,1579290498,54207575,14.21,5.68
213,2026-05-17 03:23:57,1,q79,0,12,283,998,1487,7885,7197,1109,1187,1,0,0,133,12830316,0,0,952877472,29327817,250526007,0,0,80366,22,22,0,2983082,2983082,0,0,2983082,80366,7.9,1.0
214,2026-05-17 03:24:00,1,q80,0,29,762,6604,18631,95821,90077,2838,2877,0,800,0,4645,233564,0,0,14185165104,55573497,844328892,0,0,53052375,819,819,0,1571654634,1571654634,0,0,1571654634,53052375,14.51,6.6
215,2026-05-17 03:24:07,1,q80a,0,32,767,6615,18408,95536,89212,2709,2888,0,822,0,4926,233564,0,0,14657024136,55573497,844328892,0,0,53053332,830,830,0,1571770246,1571770246,0,0,1571667496,53052306,14.44,6.62
216,2026-05-17 03:24:15,1,q81,0,19,370,1096,2151,7944,6843,1394,1434,0,40,0,256,2002949,0,0,2397107168,3899788,55276609,0,0,1372913,47,47,0,35451309,35451309,0,0,35451309,1372913,7.25,1.1
217,2026-05-17 03:24:17,1,q82,0,10,262,1311,1978,12999,11563,912,962,0,208,0,593,233564,0,0,1658418336,162032523,837941369,0,0,13778665,194,194,0,137239500,137239500,0,0,137239500,28800829,9.92,1.31
218,2026-05-17 03:24:20,1,q83,0,17,402,992,1648,7468,6316,1611,1583,3,0,0,260,788267,0,0,1261711248,5358962,38645838,0,0,43961,14,14,0,759663,759663,0,0,759663,43961,7.53,0.99
219,2026-05-17 03:24:22,1,q84,0,15,352,740,1268,3081,2223,1306,1357,0,72,0,176,9765521,0,0,615806688,5555676,31377947,0,0,2778710,20,20,0,14454870,14454870,0,0,14454870,2778710,4.16,0.74
220,2026-05-17 03:24:24,1,q85,0,18,472,1355,4029,9100,7148,1743,1857,1,60,0,123,17038067,0,0,8635287000,12032236,132128853,0,0,915638,92,92,0,33254834,33254834,0,0,33254834,915638,6.72,1.36
221,2026-05-17 03:24:26,1,q86,0,8,172,513,502,2073,1745,666,709,0,0,0,29,1868212,0,0,571272816,7322094,62330579,0,0,816,5,5,0,54749,54749,0,0,54749,816,4.04,0.51
222,2026-05-17 03:24:28,1,q86a,0,11,177,504,479,1649,1507,677,713,0,0,0,44,1868126,0,0,1110240560,7322094,62330579,0,0,2119,18,18,0,157721,157721,0,0,66577,929,3.27,0.5
223,2026-05-17 03:24:29,1,q87,0,15,353,1981,4068,22352,18572,1293,1252,0,192,0,1430,12830144,0,0,8122560600,50921040,67372607,0,0,1694835,473,473,0,44525260,44525260,0,0,44525260,1694835,11.28,1.98
224,2026-05-17 03:24:32,1,q88,0,44,1078,1791,6128,19535,16598,3983,4068,5,192,0,17,233564,0,0,514952960,230611400,283674948,0,0,160,160,160,0,9200,9200,0,0,9200,160,10.91,1.79
225,2026-05-17 03:24:35,1,q89,0,10,228,777,917,5469,4848,897,943,0,0,0,155,233564,0,0,946676392,28922616,194535107,0,0,49975,22,22,0,2298860,2298860,0,0,2298860,49975,7.04,0.78
226,2026-05-17 03:24:37,1,q90,0,14,338,447,871,2432,1759,1294,1342,0,48,0,4,232178,0,0,103596544,14447588,27906341,0,0,32,32,32,0,1816,1816,0,0,1816,32,5.44,0.45
227,2026-05-17 03:24:38,1,q91,0,17,390,751,1699,4199,3238,1502,1621,1,0,0,4,9581038,0,0,1037410344,4137931,32811519,0,0,53,5,5,0,7711,7711,0,0,4761,34,5.59,0.75
228,2026-05-17 03:24:40,1,q92,0,11,239,459,698,3040,2430,885,934,0,0,0,69,707825,0,0,110994360,14522186,123949851,0,0,135661,9,9,0,1837430,1837430,0,0,1837430,135661,6.62,0.46
229,2026-05-17 03:24:42,1,q93,0,8,204,3861,4322,47258,45225,850,710,0,110,0,1775,233460,0,0,5766380072,31678201,270344909,0,0,31635854,357,357,0,754631060,754631060,0,0,754631060,31635854,12.24,3.86
230,2026-05-17 03:24:47,1,q94,0,14,367,1668,2911,16759,15336,1315,1386,0,274,0,390,2580067,0,0,3571011840,15390508,100981412,0,0,14397040,153,153,0,217756751,217756751,0,0,217756751,14397040,10.05,1.67
231,2026-05-17 03:24:49,1,q95,0,14,367,3682,4846,44267,37085,1345,1428,0,1137,0,365,2580752,0,0,14560086280,15390504,97870635,0,0,35990240,357,357,0,319472623,319472623,0,0,196649755,14395274,12.02,3.68
232,2026-05-17 03:24:54,1,q96,0,9,224,398,533,2620,1981,910,917,3,95,0,2,233564,0,0,63872480,28827816,35519274,0,0,20,20,20,0,1150,1150,0,0,1150,20,6.58,0.4
233,2026-05-17 03:24:56,1,q97,0,8,209,1925,2329,21076,18637,739,750,0,80,0,299,233564,0,0,6212927976,43220947,230731186,0,0,8377699,238,238,0,96908300,96908300,0,0,96908300,8377699,10.95,1.92
234,2026-05-17 03:24:59,1,q98,0,10,186,730,674,3801,3297,671,721,3,0,0,196,3361780,0,0,1690376016,28922513,250409050,0,0,106186,98,98,0,14472173,14472173,0,0,12501419,91022,5.21,0.73
235,2026-05-17 03:25:00,1,q99,0,11,275,820,1193,4744,4233,1149,1151,10,125,0,30,232737,0,0,156567144,14420493,41457888,0,0,2160,3,3,0,173855,173855,0,0,173855,2160,5.79,0.82
236,2026-05-17 03:25:02,2,q1,0,15,313,932,1552,8908,6883,1244,1180,1,130,0,1187,5100797,0,0,3337334424,6275389,66981045,0,0,1611249,182,182,0,25346727,25346727,0,0,25346727,1611249,9.56,0.93
237,2026-05-17 03:25:04,2,q2,0,14,294,845,1000,6447,5865,1134,1209,0,88,0,74,755509,0,0,456068104,21713579,93455600,0,0,6838,44,44,0,352525,352525,0,0,127373,4198,7.63,0.84
238,2026-05-17 03:25:06,2,q3,0,7,175,400,404,2680,2201,671,710,0,0,0,112,233564,0,0,119963624,28975562,244265362,0,0,2998,10,10,0,206438,206438,0,0,206438,2998,6.7,0.4
239,2026-05-17 03:25:08,2,q4,0,28,573,7894,37899,118768,102040,1960,1849,0,2166,0,11379,1691203,0,0,39674206800,50941041,812341217,0,0,102286012,3503,3503,0,2536512620,2536512620,0,0,1273495988,51438627,15.05,7.89
240,2026-05-17 03:25:17,2,q5,0,22,690,2102,4045,23590,20450,2582,2707,0,128,0,725,317451,0,0,3294366800,62671087,552805534,0,0,7890286,132,132,0,109305611,109305611,0,0,109305611,7890286,11.22,2.1
241,2026-05-17 03:25:20,2,q5a,0,25,695,2337,4571,26332,22849,2521,2701,0,320,0,584,317451,0,0,3833334672,62671087,552805534,0,0,7892232,142,142,0,109464345,109464345,0,0,109331115,7890408,11.27,2.34
242,2026-05-17 03:25:24,2,q6,0,18,407,1599,3072,19237,17425,2069,1666,0,416,0,701,2121631,0,0,5099075256,29847566,158210908,0,0,27358702,206,206,0,240333811,240333811,0,0,240333811,27358702,12.03,1.6
243,2026-05-17 03:25:26,2,q7,0,12,288,1166,1477,9227,8074,1085,1160,0,286,0,144,788267,0,0,1080238624,30843824,430732679,0,0,71861,22,22,0,2549492,2549492,0,0,2549492,71861,7.91,1.17
244,2026-05-17 03:25:28,2,q8,0,16,337,980,1239,5808,5187,1282,1398,0,0,0,37,2373025,0,0,1792304608,29820618,139184655,0,0,6731,13,13,0,84406,84406,0,0,84406,6731,5.93,0.98
245,2026-05-17 03:25:30,2,q9,0,17,406,929,3655,10578,8336,1254,1381,0,416,0,18,233564,0,0,0,144002601,909538335,0,0,100,100,100,0,6957,6957,0,0,6957,100,11.39,0.93
246,2026-05-17 03:25:32,2,q10,0,18,437,1162,2099,9047,7656,1651,1600,1,6,0,476,29252468,0,0,3807972072,53091851,79308802,0,0,2400953,102,102,0,9684105,9684105,0,0,9684105,2400953,7.79,1.16
247,2026-05-17 03:25:35,2,q10a,0,15,436,957,1437,5493,5165,1664,1659,8,66,0,459,29252468,0,0,4607448032,53091851,79308802,0,0,2368363,153,153,0,9644680,9644680,0,0,9644680,2368363,5.74,0.96
248,2026-05-17 03:25:37,2,q11,0,22,434,4424,14902,64695,56772,1375,1410,0,806,0,5583,1380159,0,0,26856842912,36540606,272799370,0,0,71770406,2006,2006,0,1051794768,1051794768,0,0,537186984,36215116,14.62,4.42
249,2026-05-17 03:25:42,2,q12,0,8,173,498,477,1835,1471,690,721,0,0,0,54,3286039,0,0,639059672,7322094,68674478,0,0,29116,10,10,0,3907960,3907960,0,0,3907960,29116,3.68,0.5
250,2026-05-17 03:25:44,2,q13,0,13,336,1398,1989,11464,10254,1301,1378,0,100,0,3,1311415,0,0,691209280,30998627,510444624,0,0,20,20,20,0,1371,1371,0,0,1371,20,8.2,1.4
251,2026-05-17 03:25:46,2,q14a,0,46,1080,6568,10320,60747,55703,3851,4073,3,1171,0,3117,1195253,0,0,9913299312,151671121,963979511,0,0,62586095,341,341,0,877745627,877745627,0,0,874734983,62499571,9.25,6.57
252,2026-05-17 03:25:55,2,q14b,0,40,1019,4852,9432,52802,46750,3940,3952,3,950,0,2387,1195253,0,0,8446696624,130216694,764382526,0,0,68363045,315,315,0,1013220196,1013220196,0,0,529303074,40855838,10.88,4.85
253,2026-05-17 03:26:01,2,q14,0,40,1016,4240,8706,44510,41175,3777,3998,3,1694,0,1961,1169959,0,0,7563238792,130216694,764382526,0,0,68273662,280,280,0,1004568767,1004568767,0,0,520651645,40766455,10.5,4.24
254,2026-05-17 03:26:06,2,q15,0,9,231,1102,1227,8374,7745,880,933,0,112,0,9,5046346,0,0,951797424,15170438,57613630,0,0,502,1,1,0,18324,18324,0,0,18324,502,7.6,1.1
255,2026-05-17 03:26:09,2,q16,0,14,377,2079,3954,28486,25656,1396,1397,0,704,0,1835,232776,0,0,4703921456,30510793,220163708,0,0,30114572,527,527,0,422214469,422214469,0,0,422214469,30114572,13.7,2.08
256,2026-05-17 03:26:12,2,q17,0,17,446,4528,7252,58413,55909,1600,1706,0,320,0,2906,6980521,0,0,7880912176,46220694,350661473,0,0,45538041,803,803,0,1089146303,1089146303,0,0,1089146303,45538041,12.9,4.53
257,2026-05-17 03:26:17,2,q18,0,16,407,1435,2380,8189,7094,1629,1635,0,60,0,26,9765521,0,0,3074056776,19114059,307642067,0,0,55958,9,9,0,3984849,3984849,0,0,3984849,55958,5.71,1.44
258,2026-05-17 03:26:20,2,q18a,0,32,898,3036,7805,31397,27305,3929,3547,0,480,0,229,9765521,0,0,14494187648,77567803,1437120549,0,0,63894,37,37,0,4339335,4339335,0,0,4339335,63894,10.34,3.04
259,2026-05-17 03:26:24,2,q19,0,13,335,1125,1734,8106,7268,1273,1408,0,0,0,116,5046346,0,0,1599037304,29672618,279327952,0,0,7397,10,10,0,541770,541770,0,0,541770,7397,7.21,1.12
260,2026-05-17 03:26:26,2,q20,0,8,176,519,503,2429,2065,671,711,0,0,0,17,3286039,0,0,412686616,14522437,126467627,0,0,28486,2,2,0,3491832,3491832,0,0,3491832,28486,4.68,0.52
261,2026-05-17 03:26:28,2,q21,0,9,226,1023,1150,7359,6532,963,931,0,169,0,11,233795,0,0,208677936,133232023,713967687,0,0,31850,1,1,0,679321,679321,0,0,679321,31850,7.19,1.02
262,2026-05-17 03:26:30,2,q22,0,10,243,56529,56617,117921,116777,939,952,0,192,0,64,4653671,0,0,1753344224,133232025,713251977,0,0,612866,68,68,0,25729614,25729614,0,0,25729614,612866,2.09,56.53
263,2026-05-17 03:27:27,2,q22a,0,14,267,3394,3954,14042,12099,938,1016,0,98,0,1336,4653585,0,0,5660862736,133232023,713263481,0,0,918610,160,160,0,45113549,45113549,0,0,14511781,306922,4.14,3.39
264,2026-05-17 03:27:32,2,q23a,0,28,694,6787,11138,75063,70402,2634,2597,1,804,0,3593,6609758,0,0,12649074936,108664065,584236626,0,0,43897022,644,644,0,1114801317,1114801317,0,0,1084910550,41990015,11.06,6.79
265,2026-05-17 03:27:40,2,q23b,0,32,771,6556,12512,82073,76202,2935,2825,0,804,0,3324,6609758,0,0,25624416072,109164066,589047191,0,0,48673518,1314,1314,0,1200040261,1200040261,0,0,1097280516,42452497,12.52,6.56
266,2026-05-17 03:27:48,2,q24,0,14,366,2357,3821,28372,26290,1365,1408,7,0,0,1486,20739740,0,0,7068696000,32530259,315395647,0,0,29735885,340,340,0,678254112,678254112,0,0,678254112,29735885,12.04,2.36
267,2026-05-17 03:27:51,2,q24a,0,20,439,3857,5423,45205,42389,1706,1682,8,312,0,2023,18177703,0,0,16497845272,32632260,313347640,0,0,59478907,712,712,0,1357451922,1357451922,0,0,679197810,29743022,11.72,3.86
268,2026-05-17 03:27:56,2,q24b,0,20,439,2917,4033,31108,29800,1725,1686,2,84,0,1625,18177789,0,0,15891776752,32632260,313347640,0,0,59478765,700,700,0,1357428154,1357428154,0,0,679174042,29742880,10.66,2.92
269,2026-05-17 03:28:00,2,q25,0,17,446,4682,7381,60818,57434,1579,1714,2,656,0,3386,6980521,0,0,7880887560,46220694,491370233,0,0,45538038,800,800,0,1108759789,1108759789,0,0,1108759789,45538038,12.99,4.68
270,2026-05-17 03:28:06,2,q26,0,11,286,1059,1360,8131,7438,1102,1178,0,0,0,33,788267,0,0,475734776,16443748,228736924,0,0,33482,3,3,0,1124909,1124909,0,0,1124909,33482,7.68,1.06
271,2026-05-17 03:28:08,2,q27,0,12,288,1015,1327,7783,7389,1095,1200,0,66,0,140,788310,0,0,1080698912,30843426,404290233,0,0,58884,22,22,0,2218125,2218125,0,0,2218125,58884,7.67,1.01
272,2026-05-17 03:28:10,2,q27a,0,20,533,1684,3581,16662,14766,2285,2128,0,135,0,605,788267,0,0,1806596672,88546552,1194499868,0,0,60793,43,43,0,2451360,2451360,0,0,2451360,60793,9.89,1.68
273,2026-05-17 03:28:13,2,q28,0,24,432,1652,3723,20800,16637,1668,1569,5,249,0,2596,233564,0,0,4462213584,172803066,1399177956,0,0,470650,66,66,0,7692048,7692048,0,0,7692048,470650,12.59,1.65
274,2026-05-17 03:28:15,2,q29,0,19,497,4660,7728,59380,55350,1844,1931,8,400,0,3097,6980564,0,0,7880995000,46240695,351135648,0,0,45538045,805,805,0,1089147078,1089147078,0,0,1089147078,45538045,12.74,4.66
275,2026-05-17 03:28:21,2,q30,0,17,356,794,1751,2724,1853,1353,1430,0,0,0,113,2002949,0,0,1060281576,2460554,45638775,0,0,755089,7,7,0,59269674,59269674,0,0,59269674,755089,3.43,0.79
276,2026-05-17 03:28:23,2,q31,0,30,623,1930,4557,19467,17073,2584,2376,4,210,0,1378,3851818,0,0,3849525224,108311813,549468360,0,0,79892,49,49,0,2737807,2737807,0,0,2515600,73108,10.09,1.93
277,2026-05-17 03:28:26,2,q32,0,11,247,488,748,4191,3654,946,960,0,70,0,64,707142,0,0,120389400,28922872,239175994,0,0,55420,12,12,0,760429,760429,0,0,760429,55420,8.59,0.49
278,2026-05-17 03:28:28,2,q33,0,16,419,1139,1829,9003,6978,1798,1655,0,140,0,560,895616,0,0,1175635736,50875042,468010440,0,0,17063,18,18,0,450424,450424,0,0,450424,17063,7.9,1.14
279,2026-05-17 03:28:30,2,q34,0,14,310,941,1582,6909,6240,1103,1196,0,0,0,186,233521,0,0,301186776,29327817,78923980,0,0,1010675,16,16,0,34202764,34202764,0,0,17284999,510675,7.34,0.94
280,2026-05-17 03:28:32,2,q35,0,17,442,1270,2223,10561,9043,1667,1625,7,484,0,668,24091970,0,0,8158821272,53091851,79100920,0,0,6056644,255,255,0,16002181,16002181,0,0,16002181,6056644,8.32,1.27
281,2026-05-17 03:28:34,2,q35a,0,16,442,1054,1615,7089,6809,1672,1654,1,0,0,521,24091884,0,0,7370292408,53091851,79100920,0,0,6053558,255,255,0,16010477,16010477,0,0,16010477,6053558,6.73,1.05
282,2026-05-17 03:28:36,2,q36,0,10,227,776,907,5571,4946,892,937,0,130,0,75,1868212,0,0,1036986400,28922616,365253114,0,0,1769,11,11,0,138557,138557,0,0,138557,1769,7.18,0.78
283,2026-05-17 03:28:38,2,q36a,0,13,232,860,952,5370,5201,898,959,0,0,0,108,1868169,0,0,1575954272,28922616,365253114,0,0,4798,36,36,0,397299,397299,0,0,147261,1822,6.24,0.86
284,2026-05-17 03:28:40,2,q37,0,10,262,999,1461,9133,8054,902,972,0,0,0,612,233494,0,0,886656304,147632447,779814794,0,0,4316414,180,180,0,64485606,64485606,0,0,64485606,14400617,9.14,1.0
285,2026-05-17 03:28:42,2,q38,0,15,353,1655,3194,17538,14110,1330,1241,9,232,0,1350,12830101,0,0,8122560600,50921040,67372607,0,0,1694835,473,473,0,44525260,44525260,0,0,44525260,1694835,10.6,1.66
286,2026-05-17 03:28:45,2,q39a,0,17,381,1956,3637,17575,16478,1456,1477,0,0,0,396,805959,0,0,2907388416,266362034,1424951183,0,0,1567909,55,55,0,36859402,36859402,0,0,25188288,1057909,8.99,1.96
287,2026-05-17 03:28:48,2,q39b,0,17,381,1700,3333,14977,14094,1575,1499,0,224,0,169,524882,0,0,2839624192,266362034,1424951183,0,0,1531488,55,55,0,35748102,35748102,0,0,24076988,1021488,8.81,1.7
288,2026-05-17 03:28:51,2,q40,0,12,308,1750,2564,21114,19403,1141,1195,0,270,0,1095,233330,0,0,4141621464,15962340,138031653,0,0,15748014,357,357,0,309656666,309656666,0,0,309656666,15748014,12.07,1.75
289,2026-05-17 03:28:53,2,q41,0,6,108,350,285,1933,276,495,531,0,0,0,7,232050,0,0,270538656,204002,2005296,0,0,140,2,2,0,9680,9680,0,0,9680,140,5.52,0.35
290,2026-05-17 03:28:55,2,q42,0,7,175,574,585,4214,3694,680,725,0,0,0,23,233564,0,0,786960824,28922513,243884035,0,0,110,10,10,0,9116,9116,0,0,9116,110,7.34,0.57
291,2026-05-17 03:28:57,2,q43,0,7,173,713,743,5699,5308,688,733,0,0,0,28,233564,0,0,114629704,28820615,76617985,0,0,210,10,10,0,27084,27084,0,0,27084,210,7.99,0.71
292,2026-05-17 03:28:58,2,q44,0,11,206,603,662,4208,3479,692,750,0,0,0,179,1673996,0,0,1589568808,57703023,385315171,0,0,795972,120,120,0,10069011,10069011,0,0,5035816,398046,6.98,0.6
293,2026-05-17 03:29:00,2,q45,0,13,333,812,1395,3251,2455,1371,1375,0,101,0,8,5046389,0,0,2009365456,8092097,58673559,0,0,29,4,4,0,2649,2649,0,0,2649,29,4.0,0.81
294,2026-05-17 03:29:02,2,q46,0,13,333,967,1633,6864,6160,1330,1402,1,0,0,122,15378570,0,0,1039122784,29577818,254059120,0,0,27956,10,10,0,1371108,1371108,0,0,1371108,27956,7.1,0.97
295,2026-05-17 03:29:04,2,q47,0,15,287,1889,2932,19830,16559,1033,1066,0,396,0,2128,2319872,0,0,6656509880,28922616,194256361,0,0,2665245,787,787,0,105360655,105360655,0,0,61757103,1560722,10.5,1.89
296,2026-05-17 03:29:07,2,q48,0,11,285,1376,1694,11432,10225,1109,1173,0,110,0,78,1331939,0,0,669220160,30991426,272019782,0,0,20,20,20,0,1160,1160,0,0,1160,20,8.31,1.38
297,2026-05-17 03:29:09,2,q49,0,25,510,1816,4176,19845,16926,1871,1790,2,182,0,2233,233521,0,0,4850067912,55458848,791936211,0,0,15195841,63,63,0,338276492,338276492,0,0,338276492,15195841,10.93,1.82
298,2026-05-17 03:29:12,2,q50,0,12,306,2319,3152,27843,25729,1163,1200,0,636,0,1444,372338,0,0,4687124776,31771307,220541182,0,0,29262054,357,357,0,629536939,629536939,0,0,629536939,29262054,12.01,2.32
299,2026-05-17 03:29:16,2,q51,0,13,289,2942,4169,37786,34362,834,900,0,240,0,3486,300713,0,0,9975730016,36020604,232094421,0,0,24415841,1679,1679,0,420202975,420202975,0,0,420202975,24415841,12.84,2.94
300,2026-05-17 03:29:20,2,q51a,0,17,355,20566,24540,268009,256896,968,1043,0,2507,0,3918,460428,0,0,26931198392,36020604,232094421,0,0,47531016,2587,2587,0,789083626,789083626,0,0,575699561,36069050,13.03,20.57
301,2026-05-17 03:29:41,2,q52,0,7,175,425,437,2937,2437,672,728,0,0,0,115,233564,0,0,786960824,28922513,244080643,0,0,4250,10,10,0,266731,266731,0,0,266731,4250,6.91,0.42
302,2026-05-17 03:29:43,2,q53,0,10,227,671,793,4524,3949,924,952,0,4,0,127,233564,0,0,208086096,28922616,194810273,0,0,31394,11,11,0,661891,661891,0,0,661891,31394,6.74,0.67
303,2026-05-17 03:29:45,2,q54,0,26,644,1823,4882,20894,18278,2729,2625,0,128,0,848,5046389,0,0,2692837664,51386197,273652035,0,0,26873209,179,179,0,252845431,252845431,0,0,252845431,26873209,11.46,1.82
304,2026-05-17 03:29:48,2,q55,0,7,175,519,523,3873,3443,684,719,0,0,0,102,233564,0,0,786960824,28922513,244080643,0,0,3448,10,10,0,211879,211879,0,0,211879,3448,7.46,0.52
305,2026-05-17 03:29:49,2,q56,0,16,419,944,1527,6996,5838,1802,1664,2,195,0,371,466522,0,0,1234116536,50875042,468604876,0,0,10844,18,18,0,393359,393359,0,0,393359,10844,7.41,0.94
306,2026-05-17 03:29:51,2,q57,0,15,268,1648,2527,14034,11953,964,1024,0,0,0,1024,2319872,0,0,5374089408,14522462,95474808,0,0,1160477,378,378,0,45106093,45106093,0,0,33380317,851478,8.52,1.65
307,2026-05-17 03:29:54,2,q58,0,18,417,1247,1934,9692,8216,1639,1646,0,128,0,461,788267,0,0,2211009024,50669140,426578944,0,0,247081,27,27,0,3686832,3686832,0,0,3686832,247081,7.77,1.25
308,2026-05-17 03:29:56,2,q59,0,16,339,1198,2005,7931,7383,1332,1439,0,0,0,336,755509,0,0,1673170840,28913769,77329052,0,0,304460,132,132,0,12848240,12848240,0,0,6671264,170845,6.62,1.2
309,2026-05-17 03:29:59,2,q60,0,16,419,1172,1856,9184,7910,1785,1639,0,128,0,483,466522,0,0,1728975080,50875042,468539856,0,0,78428,19,19,0,1556823,1556823,0,0,1556823,78428,7.84,1.17
310,2026-05-17 03:30:01,2,q61,0,18,457,1025,2329,8946,7004,1787,1836,0,208,0,5,5046346,0,0,1246748000,58473630,585660397,0,0,40,40,40,0,2319,2319,0,0,2319,40,8.73,1.02
311,2026-05-17 03:30:03,2,q62,0,11,271,622,893,2723,2201,1057,1124,0,0,0,36,232006,0,0,138730216,7220168,27946993,0,0,1680,4,4,0,144678,144678,0,0,144678,1680,4.38,0.62
312,2026-05-17 03:30:05,2,q63,0,10,227,596,671,3940,3389,940,972,0,0,0,132,233564,0,0,208020560,28922616,194814369,0,0,12917,11,11,0,338316,338316,0,0,338316,12917,6.61,0.6
313,2026-05-17 03:30:06,2,q64,0,38,929,7072,17511,95285,88960,3799,3601,12,676,0,4955,13606822,0,0,35890420816,50412171,684921567,0,0,52026303,2318,2318,0,1952932789,1952932789,0,0,1806179638,48487731,13.47,7.07
314,2026-05-17 03:30:15,2,q65,0,15,348,1712,3130,21893,19978,1410,1254,0,112,0,1436,9209846,0,0,6116202576,57723127,391781499,0,0,11880061,391,391,0,391210910,391210910,0,0,391210910,11880061,12.79,1.71
315,2026-05-17 03:30:17,2,q66,0,14,343,1203,1794,7836,6114,1368,1449,0,192,0,24,232088,0,0,975454208,21660561,213478656,0,0,90,9,9,0,47940,47940,0,0,47940,90,6.51,1.2
316,2026-05-17 03:30:20,2,q67,0,10,243,7070,7188,75019,73262,935,982,0,653,0,1409,4653671,0,0,7594451448,28922616,221651539,0,0,11548825,187,187,0,866159379,866159379,0,0,866159379,11548825,10.61,7.07
317,2026-05-17 03:30:28,2,q67a,0,18,384,10487,35987,138965,130309,1228,1306,0,1087,0,5336,4653585,0,0,26569738752,28922616,221651539,0,0,55551436,1700,1700,0,4120606392,4120606392,0,0,900577704,13218740,13.25,10.49
318,2026-05-17 03:30:40,2,q68,0,13,333,929,1672,6740,5827,1306,1369,1,0,0,118,15378570,0,0,568481352,29577818,391461381,0,0,6174,10,10,0,436284,436284,0,0,436284,6174,7.26,0.93
319,2026-05-17 03:30:42,2,q69,0,18,437,1103,2202,8810,7352,2095,1640,0,0,0,581,28817443,0,0,3806916136,53091851,79177214,0,0,1902033,101,101,0,9547581,9547581,0,0,9547581,1902033,7.99,1.1
320,2026-05-17 03:30:44,2,q70,0,14,297,989,1083,6767,6241,1133,1214,0,0,0,44,233564,0,0,1101810584,57621229,269678191,0,0,209,22,22,0,10316,10316,0,0,10316,209,6.84,0.99
321,2026-05-17 03:30:46,2,q70a,0,17,302,955,1057,5901,5528,1228,1235,0,216,0,47,232962,0,0,902580896,57621229,269678191,0,0,240,47,47,0,14125,14125,0,0,8085,180,6.18,0.96
322,2026-05-17 03:30:48,2,q71,0,13,364,1172,1241,11591,10138,1421,1465,2,0,0,253,421741,0,0,956611448,50563041,453757793,0,0,32249,31,31,0,1647913,1647913,0,0,994773,21130,9.89,1.17
323,2026-05-17 03:30:50,2,q72,0,26,680,17389,22476,220274,213747,2612,2616,10,1216,0,4837,6609801,0,0,19933730552,151146962,901568520,0,0,142246513,1469,1469,0,2047663467,2047663467,0,0,2047663467,142246513,12.67,17.39
324,2026-05-17 03:31:09,2,q73,0,14,310,726,1327,5016,4353,1084,1182,0,0,0,124,233521,0,0,299939544,29327817,78923980,0,0,1002732,16,16,0,33968188,33968188,0,0,17050423,502732,6.91,0.73
325,2026-05-17 03:31:10,2,q74,0,20,486,2235,4930,23901,18374,2052,1772,1,384,0,2427,15569619,0,0,13923889496,72541209,376808794,0,0,1763111,822,822,0,58849868,58849868,0,0,58849868,1763111,10.69,2.24
326,2026-05-17 03:31:14,2,q75,0,31,829,3540,7902,47745,37422,3506,2977,39,1060,0,4702,318304,0,0,11831406064,105981888,1099567645,0,0,14156499,1088,1088,0,314442100,314442100,0,0,214470943,9118711,13.49,3.54
327,2026-05-17 03:31:18,2,q76,0,9,311,988,914,9660,7242,1332,1255,8,104,0,602,923844,0,0,2240847208,50576089,457506553,0,0,3127,24,24,0,261039,261039,0,0,261039,3127,9.78,0.99
328,2026-05-17 03:31:20,2,q77,0,23,559,1283,2354,11144,9713,2159,2097,18,90,0,144,233564,0,0,868584744,55459152,493899228,0,0,1757,44,44,0,120257,120257,0,0,120257,1757,8.69,1.28
329,2026-05-17 03:31:23,2,q77a,0,26,564,1193,2076,9287,8399,2183,2111,0,0,0,292,233158,0,0,1407552616,55459152,493899228,0,0,2221,55,55,0,176374,176374,0,0,134878,1891,7.78,1.19
330,2026-05-17 03:31:25,2,q78,0,18,502,5759,12018,82024,75914,1900,1802,1,332,0,5061,6524798,0,0,19534062920,55458848,590453961,0,0,54207575,1326,1326,0,1579290498,1579290498,0,0,1579290498,54207575,14.24,5.76
331,2026-05-17 03:31:32,2,q79,0,12,283,893,1377,6905,6173,1079,1171,1,0,0,124,12830316,0,0,952877472,29327817,250526007,0,0,80366,22,22,0,2983082,2983082,0,0,2983082,80366,7.73,0.89
332,2026-05-17 03:31:34,2,q80,0,29,762,6658,18400,98000,92114,2922,2927,0,658,0,4783,233564,0,0,14185165104,55573497,844328892,0,0,53052375,819,819,0,1571654634,1571654634,0,0,1571654634,53052375,14.72,6.66
333,2026-05-17 03:31:42,2,q80a,0,32,767,6537,17545,92159,86521,2842,2906,1,804,0,4613,233564,0,0,14657024136,55573497,844328892,0,0,53053332,830,830,0,1571770246,1571770246,0,0,1571667496,53052306,14.1,6.54
334,2026-05-17 03:31:50,2,q81,0,17,368,1007,1875,6760,5791,1410,1429,0,0,0,200,2002949,0,0,2741754728,3899788,55276609,0,0,1305082,60,60,0,34629655,34629655,0,0,34629655,1305082,6.71,1.01
335,2026-05-17 03:31:52,2,q82,0,10,262,1373,2174,14433,11677,892,954,0,352,0,572,233521,0,0,1658418336,162032523,837941369,0,0,13778665,194,194,0,137239500,137239500,0,0,137239500,28800829,10.51,1.37
336,2026-05-17 03:31:54,2,q83,0,17,402,903,1258,6305,5002,1572,1585,3,0,0,460,788267,0,0,1261711248,5358962,38645838,0,0,43961,14,14,0,759663,759663,0,0,759663,43961,6.98,0.9
337,2026-05-17 03:31:56,2,q84,0,15,352,756,1351,3164,2261,1425,1345,9,186,0,181,9765521,0,0,615806688,5555676,31377947,0,0,2778710,20,20,0,14454870,14454870,0,0,14454870,2778710,4.19,0.76
338,2026-05-17 03:31:58,2,q85,0,18,472,1181,3277,6778,5223,1758,1851,0,0,0,115,17038024,0,0,8635287000,12032236,132128853,0,0,915638,92,92,0,33254834,33254834,0,0,33254834,915638,5.74,1.18
339,2026-05-17 03:32:00,2,q86,0,8,172,529,536,2120,1770,811,723,0,96,0,29,1868212,0,0,571272816,7322094,62330579,0,0,816,5,5,0,54749,54749,0,0,54749,816,4.01,0.53
340,2026-05-17 03:32:02,2,q86a,0,11,177,511,488,1758,1560,667,714,0,0,0,43,1868126,0,0,1110240560,7322094,62330579,0,0,2119,18,18,0,157721,157721,0,0,66577,929,3.44,0.51
341,2026-05-17 03:32:03,2,q87,0,15,353,1914,3488,18902,15644,1274,1237,0,0,0,1586,12830187,0,0,8122560600,50921040,67372607,0,0,1694835,473,473,0,44525260,44525260,0,0,44525260,1694835,9.88,1.91
342,2026-05-17 03:32:06,2,q88,0,44,1078,1816,6337,19648,17112,3928,4035,3,0,0,17,233564,0,0,514952960,230611400,283674948,0,0,160,160,160,0,9200,9200,0,0,9200,160,10.82,1.82
343,2026-05-17 03:32:09,2,q89,0,10,228,733,873,5180,4349,920,963,0,160,0,141,233564,0,0,946676392,28922616,194535107,0,0,49975,22,22,0,2298860,2298860,0,0,2298860,49975,7.07,0.73
344,2026-05-17 03:32:11,2,q90,0,14,338,434,847,2442,1763,1243,1335,0,0,0,4,232092,0,0,103596544,14447588,27906341,0,0,32,32,32,0,1816,1816,0,0,1816,32,5.63,0.43
345,2026-05-17 03:32:13,2,q91,0,17,390,812,1778,5263,4296,1476,1595,1,0,0,4,9581038,0,0,1037410344,4137931,32811519,0,0,53,5,5,0,7711,7711,0,0,4761,34,6.48,0.81
346,2026-05-17 03:32:14,2,q92,0,11,239,556,795,3155,2574,1043,959,0,0,0,70,707825,0,0,110994360,14522186,123949851,0,0,135661,9,9,0,1837430,1837430,0,0,1837430,135661,5.67,0.56
347,2026-05-17 03:32:16,2,q93,0,8,204,3741,4172,45128,43516,702,716,0,0,0,1786,233331,0,0,5766380072,31678201,270344909,0,0,31635854,357,357,0,754631060,754631060,0,0,754631060,31635854,12.06,3.74
348,2026-05-17 03:32:21,2,q94,0,14,367,1532,2716,14658,13220,1410,1376,0,160,0,425,2580153,0,0,3571011840,15390508,100981412,0,0,14397040,153,153,0,217756751,217756751,0,0,217756751,14397040,9.57,1.53
349,2026-05-17 03:32:24,2,q95,0,14,367,3618,4928,43000,36838,1368,1427,0,1228,0,367,2580666,0,0,14560086280,15390504,97870635,0,0,35990240,357,357,0,319472623,319472623,0,0,196649755,14395274,11.89,3.62
350,2026-05-17 03:32:28,2,q96,0,9,224,457,611,3237,2353,938,920,0,190,0,2,234123,0,0,63872480,28827816,35519274,0,0,20,20,20,0,1150,1150,0,0,1150,20,7.08,0.46
351,2026-05-17 03:32:30,2,q97,0,8,209,1936,2473,21943,19428,738,752,0,352,0,405,233564,0,0,6212927976,43220947,230731186,0,0,8377699,238,238,0,96908300,96908300,0,0,96908300,8377699,11.33,1.94
352,2026-05-17 03:32:33,2,q98,0,10,186,862,773,4257,3714,832,796,3,32,0,194,3361780,0,0,1690376016,28922513,250409050,0,0,106186,98,98,0,14472173,14472173,0,0,12501419,91022,4.94,0.86
353,2026-05-17 03:32:35,2,q99,0,11,275,739,1079,4361,3920,1093,1159,0,0,0,31,232088,0,0,156567144,14420493,41457888,0,0,2160,3,3,0,173855,173855,0,0,173855,2160,5.9,0.74
354,2026-05-17 03:32:36,3,q1,0,15,313,861,1458,7981,6425,1322,1183,0,140,0,1057,5100797,0,0,3337334424,6275389,66981045,0,0,1611249,182,182,0,25346727,25346727,0,0,25346727,1611249,9.27,0.86
355,2026-05-17 03:32:38,3,q2,0,14,294,912,1044,6868,6136,1361,1229,0,91,0,73,755552,0,0,456068104,21713579,93455600,0,0,6838,44,44,0,352525,352525,0,0,127373,4198,7.53,0.91
356,2026-05-17 03:32:40,3,q3,0,7,175,405,396,2618,2163,663,722,0,0,0,103,233564,0,0,119963624,28975562,244265362,0,0,2998,10,10,0,206438,206438,0,0,206438,2998,6.46,0.4
357,2026-05-17 03:32:42,3,q4,0,28,573,7886,38173,118961,103273,1769,1805,0,1835,0,11181,1691203,0,0,39674206800,50941041,812341217,0,0,102286012,3503,3503,0,2536512620,2536512620,0,0,1273495988,51438627,15.09,7.89
358,2026-05-17 03:32:51,3,q5,0,22,690,2049,3848,22425,19685,2618,2689,3,180,0,550,317451,0,0,3294366800,62671087,552805534,0,0,7890286,132,132,0,109305611,109305611,0,0,109305611,7890286,10.94,2.05
359,2026-05-17 03:32:54,3,q5a,0,25,695,2235,4307,24180,21263,2580,2672,0,100,0,562,317451,0,0,3833334672,62671087,552805534,0,0,7892232,142,142,0,109464345,109464345,0,0,109331115,7890408,10.82,2.24
360,2026-05-17 03:32:57,3,q6,0,18,407,1684,2930,20399,19030,1678,1672,0,208,0,668,2121674,0,0,5099075256,29847566,158210908,0,0,27358702,206,206,0,240333811,240333811,0,0,240333811,27358702,12.11,1.68
361,2026-05-17 03:33:00,3,q7,0,12,288,1229,1528,9832,8818,1131,1200,0,160,0,117,788267,0,0,1080238624,30843824,430732679,0,0,71861,22,22,0,2549492,2549492,0,0,2549492,71861,8.0,1.23
362,2026-05-17 03:33:02,3,q8,0,16,337,1065,1343,6731,6129,1293,1397,0,0,0,42,2373025,0,0,1792304608,29820618,139184655,0,0,6731,13,13,0,84406,84406,0,0,84406,6731,6.32,1.06
363,2026-05-17 03:33:05,3,q9,0,17,406,871,3461,10111,8614,1223,1382,0,130,0,16,233607,0,0,0,144002601,909538335,0,0,100,100,100,0,6957,6957,0,0,6957,100,11.61,0.87
364,2026-05-17 03:33:07,3,q10,0,18,437,1035,1955,7778,6772,1647,1615,3,0,0,400,29252468,0,0,3807972072,53091851,79308802,0,0,2400953,102,102,0,9684105,9684105,0,0,9684105,2400953,7.51,1.03
365,2026-05-17 03:33:09,3,q10a,0,15,436,1149,1915,7952,7503,1576,1639,0,0,0,316,29252425,0,0,4607448032,53091851,79308802,0,0,2368363,153,153,0,9644680,9644680,0,0,9644680,2368363,6.92,1.15
366,2026-05-17 03:33:11,3,q11,0,22,434,4282,14225,61476,54459,1633,1412,12,427,0,5745,1380159,0,0,26856842912,36540606,272799370,0,0,71770406,2006,2006,0,1051794768,1051794768,0,0,537186984,36215116,14.36,4.28
367,2026-05-17 03:33:16,3,q12,0,8,173,631,615,2252,1931,680,712,0,0,0,53,3286039,0,0,639059672,7322094,68674478,0,0,29116,10,10,0,3907960,3907960,0,0,3907960,29116,3.57,0.63
368,2026-05-17 03:33:18,3,q13,0,13,336,1596,2335,13215,11377,1438,1376,2,263,0,3,1311458,0,0,691209280,30998627,510444624,0,0,20,20,20,0,1371,1371,0,0,1371,20,8.28,1.6
369,2026-05-17 03:33:21,3,q14a,0,46,1080,6383,10054,57918,53590,3869,4065,0,704,0,3340,1195253,0,0,9913299312,151671121,963979511,0,0,62586095,341,341,0,877745627,877745627,0,0,874734983,62499571,9.07,6.38
370,2026-05-17 03:33:29,3,q14b,0,40,1019,4704,9580,50785,47249,4000,3989,9,419,0,2173,1195253,0,0,8446696624,130216694,764382526,0,0,68363045,315,315,0,1013220196,1013220196,0,0,529303074,40855838,10.8,4.7
371,2026-05-17 03:33:35,3,q14,0,40,1016,4046,8577,42730,40133,3829,3984,4,695,0,2061,1170088,0,0,7563238792,130216694,764382526,0,0,68273662,280,280,0,1004568767,1004568767,0,0,520651645,40766455,10.56,4.05
372,2026-05-17 03:33:40,3,q15,0,9,231,992,1117,7000,6575,875,930,0,0,0,9,5046346,0,0,951797424,15170438,57613630,0,0,502,1,1,0,18324,18324,0,0,18324,502,7.06,0.99
373,2026-05-17 03:33:42,3,q16,0,14,377,2323,4359,31427,27254,1351,1392,0,624,0,1853,232088,0,0,4703921456,30510793,220163708,0,0,30114572,527,527,0,422214469,422214469,0,0,422214469,30114572,13.53,2.32
374,2026-05-17 03:33:46,3,q17,0,17,446,4552,7174,58543,55332,1726,1719,0,654,0,3266,6980521,0,0,7880912176,46220694,350661473,0,0,45538041,803,803,0,1089146303,1089146303,0,0,1089146303,45538041,12.86,4.55
375,2026-05-17 03:33:51,3,q18,0,16,407,1427,2209,7945,7119,1523,1626,0,0,0,26,9765521,0,0,3074056776,19114059,307642067,0,0,55958,9,9,0,3984849,3984849,0,0,3984849,55958,5.57,1.43
376,2026-05-17 03:33:54,3,q18a,0,32,898,3294,8360,34943,32022,3651,3557,6,14,0,223,9765521,0,0,14494187648,77567803,1437120549,0,0,63894,37,37,0,4339335,4339335,0,0,4339335,63894,10.61,3.29
377,2026-05-17 03:33:58,3,q19,0,13,335,1025,1681,6923,6025,1463,1412,0,180,0,110,5046346,0,0,1599037304,29672618,279327952,0,0,7397,10,10,0,541770,541770,0,0,541770,7397,6.75,1.02
378,2026-05-17 03:34:00,3,q20,0,8,176,547,533,2396,2039,723,719,5,75,0,18,3286039,0,0,412686616,14522437,126467627,0,0,28486,2,2,0,3491832,3491832,0,0,3491832,28486,4.38,0.55
379,2026-05-17 03:34:02,3,q21,0,9,226,932,1056,6741,6157,898,939,0,75,0,10,233795,0,0,208677936,133232023,713967687,0,0,31850,1,1,0,679321,679321,0,0,679321,31850,7.23,0.93
380,2026-05-17 03:34:04,3,q22,0,10,243,58532,58622,123223,122145,973,945,0,182,0,63,4653671,0,0,1753344224,133232025,713251977,0,0,612866,68,68,0,25729614,25729614,0,0,25729614,612866,2.11,58.53
381,2026-05-17 03:35:03,3,q22a,0,14,267,3311,3861,13749,12168,989,1031,0,104,0,1299,4653628,0,0,5660862736,133232023,713263481,0,0,918610,160,160,0,45113549,45113549,0,0,14511781,306922,4.15,3.31
382,2026-05-17 03:35:08,3,q23a,0,28,694,6704,11074,73733,69672,2544,2590,1,1106,0,3504,6609801,0,0,12649074936,108664065,584236626,0,0,43897022,644,644,0,1114801317,1114801317,0,0,1084910550,41990015,11.0,6.7
383,2026-05-17 03:35:16,3,q23b,0,32,771,6428,12032,80112,75156,2799,2813,1,974,0,4000,6609801,0,0,25624416072,109164066,589047191,0,0,48673518,1314,1314,0,1200040261,1200040261,0,0,1097280516,42452497,12.46,6.43
384,2026-05-17 03:35:23,3,q24,0,14,366,2297,3678,27106,25157,1366,1409,3,0,0,1377,20739740,0,0,7068696000,32530259,315395647,0,0,29735885,340,340,0,678254112,678254112,0,0,678254112,29735885,11.8,2.3
385,2026-05-17 03:35:27,3,q24a,0,20,439,3736,5247,43045,40889,1777,1680,1,128,0,1664,18177789,0,0,16497845272,32632260,313347640,0,0,59478907,712,712,0,1357451922,1357451922,0,0,679197810,29743022,11.52,3.74
386,2026-05-17 03:35:31,3,q24b,0,20,439,2863,3880,30531,29696,1722,1669,3,72,0,1648,18177789,0,0,15891776752,32632260,313347640,0,0,59478765,700,700,0,1357428154,1357428154,0,0,679174042,29742880,10.66,2.86
387,2026-05-17 03:35:35,3,q25,0,17,446,4605,7187,59174,56908,1727,1715,0,91,0,3157,6980521,0,0,7880887560,46220694,491370233,0,0,45538038,800,800,0,1108759789,1108759789,0,0,1108759789,45538038,12.85,4.61
388,2026-05-17 03:35:41,3,q26,0,11,286,933,1261,6728,5999,1234,1182,0,91,0,32,788267,0,0,475734776,16443748,228736924,0,0,33482,3,3,0,1124909,1124909,0,0,1124909,33482,7.21,0.93
389,2026-05-17 03:35:43,3,q27,0,12,288,968,1256,7381,7030,1129,1203,0,0,0,132,788224,0,0,1080698912,30843426,404290233,0,0,58884,22,22,0,2218125,2218125,0,0,2218125,58884,7.62,0.97
390,2026-05-17 03:35:45,3,q27a,0,20,533,1573,3410,15596,14386,2267,2139,0,0,0,390,788267,0,0,1806596672,88546552,1194499868,0,0,60793,43,43,0,2451360,2451360,0,0,2451360,60793,9.91,1.57
391,2026-05-17 03:35:48,3,q28,0,24,432,1746,3924,21548,17729,1820,1556,0,276,0,2298,233564,0,0,4462213584,172803066,1399177956,0,0,470650,66,66,0,7692048,7692048,0,0,7692048,470650,12.34,1.75
392,2026-05-17 03:35:51,3,q29,0,19,497,4607,7655,58897,56728,1815,1932,0,24,0,2995,6980564,0,0,7880995000,46240695,351135648,0,0,45538045,805,805,0,1089147078,1089147078,0,0,1089147078,45538045,12.78,4.61
393,2026-05-17 03:35:56,3,q30,0,17,356,805,1822,2788,1894,1351,1422,0,14,0,112,2002949,0,0,1060281576,2460554,45638775,0,0,755089,7,7,0,59269674,59269674,0,0,59269674,755089,3.46,0.8
394,2026-05-17 03:35:58,3,q31,0,30,623,1710,3782,16242,13772,2442,2377,0,0,0,1787,3851818,0,0,3849525224,108311813,549468360,0,0,79892,49,49,0,2737807,2737807,0,0,2515600,73108,9.5,1.71
395,2026-05-17 03:36:01,3,q32,0,11,247,569,869,4867,3701,990,967,0,154,0,64,707099,0,0,120389400,28922872,239175994,0,0,55420,12,12,0,760429,760429,0,0,760429,55420,8.55,0.57
396,2026-05-17 03:36:03,3,q33,0,16,419,1130,1888,9061,7742,1614,1671,0,0,0,480,895616,0,0,1175635736,50875042,468010440,0,0,17063,18,18,0,450424,450424,0,0,450424,17063,8.02,1.13
397,2026-05-17 03:36:05,3,q34,0,14,310,930,1596,6750,6010,1105,1196,0,0,0,206,233521,0,0,301186776,29327817,78923980,0,0,1010675,16,16,0,34202764,34202764,0,0,17284999,510675,7.26,0.93
398,2026-05-17 03:36:07,3,q35,0,17,442,1225,2322,10545,9199,1687,1619,11,244,0,653,24091927,0,0,8158821272,53091851,79100920,0,0,6056644,255,255,0,16002181,16002181,0,0,16002181,6056644,8.61,1.23
399,2026-05-17 03:36:09,3,q35a,0,16,442,1033,1525,6933,6604,1604,1670,0,0,0,623,24091841,0,0,7370292408,53091851,79100920,0,0,6053558,255,255,0,16010477,16010477,0,0,16010477,6053558,6.71,1.03
400,2026-05-17 03:36:11,3,q36,0,10,227,779,950,5583,4917,954,954,0,128,0,81,1868212,0,0,1036986400,28922616,365253114,0,0,1769,11,11,0,138557,138557,0,0,138557,1769,7.17,0.78
401,2026-05-17 03:36:13,3,q36a,0,13,232,778,869,4843,4446,886,971,0,120,0,94,1868126,0,0,1575954272,28922616,365253114,0,0,4798,36,36,0,397299,397299,0,0,147261,1822,6.22,0.78
402,2026-05-17 03:36:15,3,q37,0,10,262,1002,1439,8773,7996,915,968,0,0,0,420,233494,0,0,886656304,147632447,779814794,0,0,4316414,180,180,0,64485606,64485606,0,0,64485606,14400617,8.76,1.0
403,2026-05-17 03:36:17,3,q38,0,15,353,1767,3420,19170,15472,1318,1234,1,202,0,1599,12830230,0,0,8122560600,50921040,67372607,0,0,1694835,473,473,0,44525260,44525260,0,0,44525260,1694835,10.85,1.77
404,2026-05-17 03:36:20,3,q39a,0,18,372,2000,3851,18860,16954,1348,1438,0,176,0,604,805959,0,0,2062236424,266362034,1424951183,0,0,1129925,56,56,0,27117544,27117544,0,0,26113005,1093917,9.43,2.0
405,2026-05-17 03:36:23,3,q39b,0,17,381,1841,3414,16757,16398,1406,1485,0,192,0,164,524839,0,0,2839624192,266362034,1424951183,0,0,1531488,55,55,0,35748102,35748102,0,0,24076988,1021488,9.1,1.84
406,2026-05-17 03:36:26,3,q40,0,12,308,1642,2598,19467,17880,1156,1182,0,0,0,1409,233330,0,0,4141621464,15962340,138031653,0,0,15748014,357,357,0,309656666,309656666,0,0,309656666,15748014,11.86,1.64
407,2026-05-17 03:36:29,3,q41,0,6,108,364,300,1961,281,643,536,0,128,0,7,232738,0,0,270538656,204002,2005296,0,0,140,2,2,0,9680,9680,0,0,9680,140,5.39,0.36
408,2026-05-17 03:36:30,3,q42,0,7,175,480,490,3464,3018,683,723,0,0,0,24,233564,0,0,786960824,28922513,243884035,0,0,110,10,10,0,9116,9116,0,0,9116,110,7.22,0.48
409,2026-05-17 03:36:32,3,q43,0,7,173,706,738,5702,5327,698,735,0,0,0,28,233564,0,0,114629704,28820615,76617985,0,0,210,10,10,0,27084,27084,0,0,27084,210,8.08,0.71
410,2026-05-17 03:36:33,3,q44,0,11,206,618,678,4343,3565,699,738,0,0,0,155,1673996,0,0,1589568808,57703023,385315171,0,0,795972,120,120,0,10069011,10069011,0,0,5035816,398046,7.03,0.62
411,2026-05-17 03:36:35,3,q45,0,13,333,787,1324,3177,2409,1376,1394,0,0,0,8,5046346,0,0,2009365456,8092097,58673559,0,0,29,4,4,0,2649,2649,0,0,2649,29,4.04,0.79
412,2026-05-17 03:36:37,3,q46,0,13,333,964,1616,6913,6191,1290,1381,3,0,0,121,15378570,0,0,1039122784,29577818,254059120,0,0,27956,10,10,0,1371108,1371108,0,0,1371108,27956,7.17,0.96
413,2026-05-17 03:36:39,3,q47,0,15,287,1958,3087,21464,17701,985,1037,0,507,0,2245,2319872,0,0,6656509880,28922616,194256361,0,0,2665245,787,787,0,105360655,105360655,0,0,61757103,1560722,10.96,1.96
414,2026-05-17 03:36:42,3,q48,0,11,285,1303,1612,10702,9776,1099,1159,0,110,0,4,1331939,0,0,669220160,30991426,272019782,0,0,20,20,20,0,1160,1160,0,0,1160,20,8.21,1.3
415,2026-05-17 03:36:44,3,q49,0,25,510,1838,4260,20634,18232,1693,1791,0,416,0,2018,233331,0,0,4850067912,55458848,791936211,0,0,15195841,63,63,0,338276492,338276492,0,0,338276492,15195841,11.23,1.84
416,2026-05-17 03:36:47,3,q50,0,12,306,2367,3192,28406,27054,1140,1196,0,0,0,1327,372381,0,0,4687124776,31771307,220541182,0,0,29262054,357,357,0,629536939,629536939,0,0,629536939,29262054,12.0,2.37
417,2026-05-17 03:36:51,3,q51,0,13,289,2978,4241,38980,35267,898,899,0,416,0,3530,300713,0,0,9975730016,36020604,232094421,0,0,24415841,1679,1679,0,420202975,420202975,0,0,420202975,24415841,13.09,2.98
418,2026-05-17 03:36:55,3,q51a,0,17,355,20249,24034,265177,255685,1001,1053,0,2672,0,3986,460428,0,0,26931198392,36020604,232094421,0,0,47531016,2587,2587,0,789083626,789083626,0,0,575699561,36069050,13.1,20.25
419,2026-05-17 03:37:16,3,q52,0,7,175,516,527,3881,3392,670,711,0,0,0,121,233564,0,0,786960824,28922513,244080643,0,0,4250,10,10,0,266731,266731,0,0,266731,4250,7.52,0.52
420,2026-05-17 03:37:18,3,q53,0,10,227,589,716,3803,3203,904,957,0,0,0,132,233564,0,0,208086096,28922616,194810273,0,0,31394,11,11,0,661891,661891,0,0,661891,31394,6.46,0.59
421,2026-05-17 03:37:19,3,q54,0,26,644,1738,5260,19212,16876,3049,2747,3,176,0,932,5046346,0,0,2692837664,51386197,273652035,0,0,26873209,179,179,0,252845431,252845431,0,0,252845431,26873209,11.05,1.74
422,2026-05-17 03:37:22,3,q55,0,7,175,570,589,3822,3277,752,722,15,195,0,90,233564,0,0,786960824,28922513,244080643,0,0,3448,10,10,0,211879,211879,0,0,211879,3448,6.71,0.57
423,2026-05-17 03:37:24,3,q56,0,16,419,1079,2086,9365,8203,1625,1679,0,0,0,232,466522,0,0,1234116536,50875042,468604876,0,0,10844,18,18,0,393359,393359,0,0,393359,10844,8.68,1.08
424,2026-05-17 03:37:26,3,q57,0,15,268,1914,2745,14670,12694,966,1036,0,0,0,816,2319872,0,0,5374089408,14522462,95474808,0,0,1160477,378,378,0,45106093,45106093,0,0,33380317,851478,7.66,1.91
425,2026-05-17 03:37:29,3,q58,0,17,416,1202,1942,9323,8139,1707,1662,2,144,0,496,788267,0,0,2073645616,50669140,426578944,0,0,247040,25,25,0,3683252,3683252,0,0,3683252,247040,7.76,1.2
426,2026-05-17 03:37:31,3,q59,0,16,339,1187,1979,7809,7273,1327,1428,0,0,0,366,755509,0,0,1673170840,28913769,77329052,0,0,304460,132,132,0,12848240,12848240,0,0,6671264,170845,6.58,1.19
427,2026-05-17 03:37:34,3,q60,0,16,419,1067,1723,8303,7084,1655,1682,0,0,0,463,466522,0,0,1728975080,50875042,468539856,0,0,78428,19,19,0,1556823,1556823,0,0,1556823,78428,7.78,1.07
428,2026-05-17 03:37:36,3,q61,0,18,457,1238,2810,12658,10133,1745,1843,0,240,0,6,5046346,0,0,1246748000,58473630,585660397,0,0,40,40,40,0,2319,2319,0,0,2319,40,10.22,1.24
429,2026-05-17 03:37:38,3,q62,0,11,271,623,913,2704,2193,1081,1133,0,0,0,37,232006,0,0,138730216,7220168,27946993,0,0,1680,4,4,0,144678,144678,0,0,144678,1680,4.34,0.62
430,2026-05-17 03:37:40,3,q63,0,10,227,634,746,4272,3690,898,968,0,0,0,135,233564,0,0,208020560,28922616,194814369,0,0,12917,11,11,0,338316,338316,0,0,338316,12917,6.74,0.63
431,2026-05-17 03:37:41,3,q64,0,38,929,7052,17538,95407,88659,3695,3592,46,548,0,5226,13606693,0,0,35890420816,50412171,684921567,0,0,52026303,2318,2318,0,1952932789,1952932789,0,0,1806179638,48487731,13.53,7.05
432,2026-05-17 03:37:50,3,q65,0,15,348,1694,3060,22095,19449,1219,1281,1,240,0,1916,9209889,0,0,6116202576,57723127,391781499,0,0,11880061,391,391,0,391210910,391210910,0,0,391210910,11880061,13.04,1.69
433,2026-05-17 03:37:53,3,q66,0,14,343,1314,2063,9300,7915,1447,1426,0,0,0,22,232088,0,0,975454208,21660561,213478656,0,0,90,9,9,0,47940,47940,0,0,47940,90,7.08,1.31
434,2026-05-17 03:37:55,3,q67,0,10,243,7146,7257,76269,74627,929,991,0,615,0,1432,4653714,0,0,7594451448,28922616,221651539,0,0,11548825,187,187,0,866159379,866159379,0,0,866159379,11548825,10.67,7.15
435,2026-05-17 03:38:03,3,q67a,0,18,384,10637,37045,140557,132001,1192,1295,0,883,0,5298,4653585,0,0,26569738752,28922616,221651539,0,0,55551436,1700,1700,0,4120606392,4120606392,0,0,900577704,13218740,13.21,10.64
436,2026-05-17 03:38:15,3,q68,0,13,333,1046,1821,7817,6886,1418,1380,6,75,0,123,15378570,0,0,568481352,29577818,391461381,0,0,6174,10,10,0,436284,436284,0,0,436284,6174,7.47,1.05
437,2026-05-17 03:38:17,3,q69,0,18,437,1080,2015,7971,6258,1811,1611,2,336,0,557,28817400,0,0,3806916136,53091851,79177214,0,0,1902033,101,101,0,9547581,9547581,0,0,9547581,1902033,7.38,1.08
438,2026-05-17 03:38:19,3,q70,0,14,297,1002,1107,6908,6341,1144,1239,0,0,0,52,233564,0,0,1101810584,57621229,269678191,0,0,209,22,22,0,10316,10316,0,0,10316,209,6.89,1.0
439,2026-05-17 03:38:21,3,q70a,0,17,302,937,995,5722,5391,1139,1231,3,100,0,61,233005,0,0,902580896,57621229,269678191,0,0,240,47,47,0,14125,14125,0,0,8085,180,6.11,0.94
440,2026-05-17 03:38:23,3,q71,0,13,364,1140,1231,11258,9818,1401,1476,1,144,0,209,421741,0,0,956611448,50563041,453757793,0,0,32249,31,31,0,1647913,1647913,0,0,994773,21130,9.88,1.14
441,2026-05-17 03:38:26,3,q72,0,26,680,17549,22534,225110,218219,2657,2640,0,1056,0,5261,6609758,0,0,19933730552,151146962,901568520,0,0,142246513,1469,1469,0,2047663467,2047663467,0,0,2047663467,142246513,12.83,17.55
442,2026-05-17 03:38:45,3,q73,0,14,310,856,1599,5707,4239,1307,1181,0,409,0,138,233521,0,0,299939544,29327817,78923980,0,0,1002732,16,16,0,33968188,33968188,0,0,17050423,502732,6.67,0.86
443,2026-05-17 03:38:47,3,q74,0,20,486,2697,6186,30148,20431,2624,2019,11,1521,0,3045,15569619,0,0,13923889496,72541209,376808794,0,0,1763111,822,822,0,58849868,58849868,0,0,58849868,1763111,11.18,2.7
444,2026-05-17 03:38:51,3,q75,0,31,829,4287,9752,57557,38435,4408,3217,38,2516,0,5931,318261,0,0,11831406064,105981888,1099567645,0,0,14156499,1088,1088,0,314442100,314442100,0,0,214470943,9118711,13.43,4.29
445,2026-05-17 03:38:56,3,q76,0,9,311,1180,1106,10854,8271,1527,1267,1,192,0,500,923844,0,0,2240847208,50576089,457506553,0,0,3127,24,24,0,261039,261039,0,0,261039,3127,9.2,1.18
446,2026-05-17 03:38:58,3,q77,0,23,559,1529,2857,13744,10039,2854,2153,4,322,0,316,233564,0,0,868584744,55459152,493899228,0,0,1757,44,44,0,120257,120257,0,0,120257,1757,8.99,1.53
447,2026-05-17 03:39:01,3,q77a,0,26,564,1583,2816,12570,9159,2732,2188,2,214,0,220,233158,0,0,1407552616,55459152,493899228,0,0,2221,55,55,0,176374,176374,0,0,134878,1891,7.94,1.58
448,2026-05-17 03:39:04,3,q78,0,18,502,6593,13642,94752,72240,2043,1806,12,2282,0,7200,6524798,0,0,19534062920,55458848,590453961,0,0,54207575,1326,1326,0,1579290498,1579290498,0,0,1579290498,54207575,14.37,6.59
449,2026-05-17 03:39:11,3,q79,0,12,283,919,1537,6738,5393,1365,1204,2,150,0,127,12830316,0,0,952877472,29327817,250526007,0,0,80366,22,22,0,2983082,2983082,0,0,2983082,80366,7.33,0.92
450,2026-05-17 03:39:13,3,q80,0,29,762,7390,21245,107995,89141,3386,2946,14,2185,0,5347,233564,0,0,14185165104,55573497,844328892,0,0,53052375,819,819,0,1571654634,1571654634,0,0,1571654634,53052375,14.61,7.39
451,2026-05-17 03:39:22,3,q80a,0,32,767,7390,20857,104665,84599,3582,3014,6,2056,1,5308,233564,0,0,14657024136,55573497,844328892,0,0,53053332,830,830,0,1571770246,1571770246,0,0,1571667496,53052306,14.16,7.39
452,2026-05-17 03:39:31,3,q81,0,17,368,1311,2481,8873,6152,1856,1483,1,212,0,254,2002949,0,0,2741754728,3899788,55276609,0,0,1305082,60,60,0,34629655,34629655,0,0,34629655,1305082,6.77,1.31
453,2026-05-17 03:39:33,3,q82,0,10,262,1545,2399,15418,11853,1458,970,0,580,0,977,233607,0,0,1658418336,162032523,837941369,0,0,13778665,194,194,0,137239500,137239500,0,0,137239500,28800829,9.98,1.54
454,2026-05-17 03:39:36,3,q83,0,17,402,1187,1593,8067,5778,2074,1601,2,140,0,430,788267,0,0,1261711248,5358962,38645838,0,0,43961,14,14,0,759663,759663,0,0,759663,43961,6.8,1.19
455,2026-05-17 03:39:38,3,q84,0,15,352,954,1470,3645,2084,1438,1399,0,131,0,269,9765951,0,0,615806688,5555676,31377947,0,0,2778710,20,20,0,14454870,14454870,0,0,14454870,2778710,3.82,0.95
456,2026-05-17 03:39:40,3,q85,0,18,472,1575,5011,11260,8197,2399,1948,0,355,0,122,17038454,0,0,8635287000,12032236,132128853,0,0,915638,92,92,0,33254834,33254834,0,0,33254834,915638,7.15,1.58
457,2026-05-17 03:39:43,3,q86,0,8,172,596,574,2442,1994,757,789,0,15,0,55,1868212,0,0,571272816,7322094,62330579,0,0,816,5,5,0,54749,54749,0,0,54749,816,4.1,0.6
458,2026-05-17 03:39:44,3,q86a,0,11,177,599,587,1948,1596,884,726,0,0,0,42,1868298,0,0,1110240560,7322094,62330579,0,0,2119,18,18,0,157721,157721,0,0,66577,929,3.25,0.6
459,2026-05-17 03:39:46,3,q87,0,15,353,1743,3361,18606,15208,1214,1250,0,144,0,1320,12830187,0,0,8122560600,50921040,67372607,0,0,1694835,473,473,0,44525260,44525260,0,0,44525260,1694835,10.67,1.74
460,2026-05-17 03:39:49,3,q88,0,44,1078,2071,6741,21848,15970,4531,4057,0,585,0,30,233607,0,0,514952960,230611400,283674948,0,0,160,160,160,0,9200,9200,0,0,9200,160,10.55,2.07
461,2026-05-17 03:39:52,3,q89,0,10,228,812,1006,5394,4340,1249,944,19,0,0,159,233693,0,0,946676392,28922616,194535107,0,0,49975,22,22,0,2298860,2298860,0,0,2298860,49975,6.64,0.81
462,2026-05-17 03:39:54,3,q90,0,14,338,432,840,2472,1725,1229,1347,0,0,0,21,232049,0,0,103596544,14447588,27906341,0,0,32,32,32,0,1816,1816,0,0,1816,32,5.72,0.43
463,2026-05-17 03:39:55,3,q91,0,17,390,922,1991,6345,5420,1732,1699,2,112,0,4,9581038,0,0,1037410344,4137931,32811519,0,0,53,5,5,0,7711,7711,0,0,4761,34,6.88,0.92
464,2026-05-17 03:39:57,3,q92,0,11,239,478,722,2927,2506,889,930,0,0,0,72,707825,0,0,110994360,14522186,123949851,0,0,135661,9,9,0,1837430,1837430,0,0,1837430,135661,6.12,0.48
465,2026-05-17 03:39:59,3,q93,0,8,204,4082,4601,50752,45361,882,711,0,440,0,1706,233331,0,0,5766380072,31678201,270344909,0,0,31635854,357,357,0,754631060,754631060,0,0,754631060,31635854,12.43,4.08
466,2026-05-17 03:40:04,3,q94,0,14,367,1906,3439,18721,14777,1809,1391,0,368,0,432,2580196,0,0,3571011840,15390508,100981412,0,0,14397040,153,153,0,217756751,217756751,0,0,217756751,14397040,9.82,1.91
467,2026-05-17 03:40:07,3,q95,0,14,367,4296,6122,52386,37707,1869,1473,7,1879,0,422,2580881,0,0,14560086280,15390504,97870635,0,0,35990240,357,357,0,319472623,319472623,0,0,196649755,14395274,12.19,4.3
468,2026-05-17 03:40:12,3,q96,0,9,224,501,683,3179,2361,1166,918,0,0,0,2,233564,0,0,63872480,28827816,35519274,0,0,20,20,20,0,1150,1150,0,0,1150,20,6.35,0.5
469,2026-05-17 03:40:14,3,q97,0,8,209,2104,2614,22319,18172,962,764,0,260,0,343,233564,0,0,6212927976,43220947,230731186,0,0,8377699,238,238,0,96908300,96908300,0,0,96908300,8377699,10.61,2.1
470,2026-05-17 03:40:17,3,q98,0,10,186,850,789,4709,3786,706,750,3,168,0,210,3361780,0,0,1690376016,28922513,250409050,0,0,106186,98,98,0,14472173,14472173,0,0,12501419,91022,5.54,0.85
471,2026-05-17 03:40:19,3,q99,0,11,275,882,1314,5084,4058,1337,1175,1,0,0,30,232088,0,0,156567144,14420493,41457888,0,0,2160,3,3,0,173855,173855,0,0,173855,2160,5.76,0.88
472,2026-05-17 03:40:21,4,q1,0,15,313,834,1413,7795,6364,1163,1177,0,0,0,913,5100797,0,0,3337334424,6275389,66981045,0,0,1611249,182,182,0,25346727,25346727,0,0,25346727,1611249,9.35,0.83
473,2026-05-17 03:40:23,4,q2,0,14,294,873,1033,7027,6508,1142,1227,0,90,0,75,755509,0,0,456068104,21713579,93455600,0,0,6838,44,44,0,352525,352525,0,0,127373,4198,8.05,0.87
474,2026-05-17 03:40:25,4,q3,0,7,175,492,490,3276,2612,896,719,0,71,0,104,233650,0,0,119963624,28975562,244265362,0,0,2998,10,10,0,206438,206438,0,0,206438,2998,6.66,0.49
475,2026-05-17 03:40:26,4,q4,0,28,573,8242,38933,123495,94570,2194,1894,0,2593,0,12555,1691203,0,0,39674206800,50941041,812341217,0,0,102286012,3503,3503,0,2536512620,2536512620,0,0,1273495988,51438627,14.98,8.24
476,2026-05-17 03:40:36,4,q5,0,22,690,2476,4845,26811,20219,3163,2745,0,511,0,704,318096,0,0,3294366800,62671087,552805534,0,0,7890286,132,132,0,109305611,109305611,0,0,109305611,7890286,10.83,2.48
477,2026-05-17 03:40:39,4,q5a,0,25,695,2408,4995,26496,22742,2752,2753,2,400,0,548,317451,0,0,3833334672,62671087,552805534,0,0,7892232,142,142,0,109464345,109464345,0,0,109331115,7890408,11.0,2.41
478,2026-05-17 03:40:43,4,q6,0,18,407,1613,2802,19057,17940,1721,1655,5,196,0,637,2121631,0,0,5099075256,29847566,158210908,0,0,27358702,206,206,0,240333811,240333811,0,0,240333811,27358702,11.81,1.61
479,2026-05-17 03:40:46,4,q7,0,12,288,1067,1365,8140,7064,1132,1188,0,104,0,120,788267,0,0,1080238624,30843824,430732679,0,0,71861,22,22,0,2549492,2549492,0,0,2549492,71861,7.63,1.07
480,2026-05-17 03:40:48,4,q8,0,16,337,952,1357,5414,4462,1562,1428,1,0,0,38,2373025,0,0,1792304608,29820618,139184655,0,0,6731,13,13,0,84406,84406,0,0,84406,6731,5.69,0.95
481,2026-05-17 03:40:50,4,q9,0,17,406,856,3369,9940,8406,1236,1409,0,192,0,16,233564,0,0,0,144002601,909538335,0,0,100,100,100,0,6957,6957,0,0,6957,100,11.61,0.86
482,2026-05-17 03:40:52,4,q10,0,18,437,1058,1955,7805,6633,1610,1616,2,90,0,488,29252511,0,0,3807972072,53091851,79308802,0,0,2400953,102,102,0,9684105,9684105,0,0,9684105,2400953,7.38,1.06
483,2026-05-17 03:40:54,4,q10a,0,15,436,967,1470,5593,5201,1648,1639,0,78,0,503,29252468,0,0,4607448032,53091851,79308802,0,0,2368363,153,153,0,9644680,9644680,0,0,9644680,2368363,5.78,0.97
484,2026-05-17 03:40:56,4,q11,0,22,434,4284,14044,61387,53141,1465,1409,1,752,0,5332,1380159,0,0,26856842912,36540606,272799370,0,0,71770406,2006,2006,0,1051794768,1051794768,0,0,537186984,36215116,14.33,4.28
485,2026-05-17 03:41:01,4,q12,0,8,173,625,617,2434,1656,1011,718,1,0,0,54,3286082,0,0,639059672,7322094,68674478,0,0,29116,10,10,0,3907960,3907960,0,0,3907960,29116,3.89,0.62
486,2026-05-17 03:41:03,4,q13,0,13,336,1533,2262,12417,10638,1514,1415,0,256,0,3,1311845,0,0,691209280,30998627,510444624,0,0,20,20,20,0,1371,1371,0,0,1371,20,8.1,1.53
487,2026-05-17 03:41:06,4,q14a,0,46,1080,6700,10893,61494,55884,4546,4110,3,1447,0,3032,1195253,0,0,9913299312,151671121,963979511,0,0,62586095,341,341,0,877745627,877745627,0,0,874734983,62499571,9.18,6.7
488,2026-05-17 03:41:14,4,q14b,0,40,1019,4972,9874,54044,48582,4001,3988,3,666,0,1954,1195253,0,0,8446696624,130216694,764382526,0,0,68363045,315,315,0,1013220196,1013220196,0,0,529303074,40855838,10.87,4.97
489,2026-05-17 03:41:21,4,q14,0,40,1016,4281,7359,43703,40500,3932,3971,0,885,0,2671,1169916,0,0,7563238792,130216694,764382526,0,0,68273662,280,280,0,1004568767,1004568767,0,0,520651645,40766455,10.21,4.28
490,2026-05-17 03:41:26,4,q15,0,9,231,1000,1140,7038,6638,871,932,0,0,0,9,5046346,0,0,951797424,15170438,57613630,0,0,502,1,1,0,18324,18324,0,0,18324,502,7.04,1.0
491,2026-05-17 03:41:28,4,q16,0,14,377,2237,4088,30166,26512,1496,1389,3,373,0,1767,232780,0,0,4703921456,30510793,220163708,0,0,30114572,527,527,0,422214469,422214469,0,0,422214469,30114572,13.49,2.24
492,2026-05-17 03:41:32,4,q17,0,17,446,4675,7367,59488,56126,1917,1717,3,512,0,3170,6980521,0,0,7880912176,46220694,350661473,0,0,45538041,803,803,0,1089146303,1089146303,0,0,1089146303,45538041,12.72,4.68
493,2026-05-17 03:41:37,4,q18,0,16,407,1529,2379,9818,8934,1497,1626,0,12,0,25,9765521,0,0,3074056776,19114059,307642067,0,0,55958,9,9,0,3984849,3984849,0,0,3984849,55958,6.42,1.53
494,2026-05-17 03:41:40,4,q18a,0,32,898,3402,8730,37195,32845,3641,3558,6,376,0,190,9765564,0,0,14494187648,77567803,1437120549,0,0,63894,37,37,0,4339335,4339335,0,0,4339335,63894,10.93,3.4
495,2026-05-17 03:41:44,4,q19,0,13,335,1204,1831,8351,7498,1379,1389,0,84,0,113,5046346,0,0,1599037304,29672618,279327952,0,0,7397,10,10,0,541770,541770,0,0,541770,7397,6.94,1.2
496,2026-05-17 03:41:47,4,q20,0,8,176,583,565,2605,2115,691,720,0,104,0,17,3286039,0,0,412686616,14522437,126467627,0,0,28486,2,2,0,3491832,3491832,0,0,3491832,28486,4.47,0.58
497,2026-05-17 03:41:48,4,q21,0,9,226,1007,1107,7321,6583,909,931,0,98,0,11,233795,0,0,208677936,133232023,713967687,0,0,31850,1,1,0,679321,679321,0,0,679321,31850,7.27,1.01
498,2026-05-17 03:41:50,4,q22,0,10,243,58253,58334,121334,120053,985,946,0,228,0,63,4653671,0,0,1753344224,133232025,713251977,0,0,612866,68,68,0,25729614,25729614,0,0,25729614,612866,2.08,58.25
499,2026-05-17 03:42:50,4,q22a,0,14,267,3373,3949,14448,12884,946,1034,0,84,0,1159,4653671,0,0,5660862736,133232023,713263481,0,0,918610,160,160,0,45113549,45113549,0,0,14511781,306922,4.28,3.37
500,2026-05-17 03:42:54,4,q23a,0,28,694,6206,11353,75382,71295,2515,2497,2,1410,0,3327,6609758,0,0,12649074936,108664065,584236626,0,0,43897022,644,644,0,1114801317,1114801317,0,0,1084910550,41990015,12.15,6.21
501,2026-05-17 03:43:02,4,q23b,0,32,771,6432,12424,81001,76352,2834,2784,0,1026,0,3815,6609758,0,0,25624416072,109164066,589047191,0,0,48673518,1314,1314,0,1200040261,1200040261,0,0,1097280516,42452497,12.59,6.43
502,2026-05-17 03:43:09,4,q24,0,14,366,2356,3829,28384,26404,1513,1392,3,180,0,1313,20739740,0,0,7068696000,32530259,315395647,0,0,29735885,340,340,0,678254112,678254112,0,0,678254112,29735885,12.05,2.36
503,2026-05-17 03:43:13,4,q24a,0,20,439,3675,5056,42902,40518,1599,1680,2,96,0,1800,18177746,0,0,16497845272,32632260,313347640,0,0,59478907,712,712,0,1357451922,1357451922,0,0,679197810,29743022,11.67,3.68
504,2026-05-17 03:43:17,4,q24b,0,20,439,2926,3966,31016,30221,1603,1683,2,352,0,1901,18177789,0,0,15891776752,32632260,313347640,0,0,59478765,700,700,0,1357428154,1357428154,0,0,679174042,29742880,10.6,2.93
505,2026-05-17 03:43:21,4,q25,0,17,446,4629,7316,59317,56313,1682,1708,0,528,0,3305,6980521,0,0,7880887560,46220694,491370233,0,0,45538038,800,800,0,1108759789,1108759789,0,0,1108759789,45538038,12.81,4.63
506,2026-05-17 03:43:27,4,q26,0,11,286,929,1251,7161,6471,1200,1183,0,54,0,34,788267,0,0,475734776,16443748,228736924,0,0,33482,3,3,0,1124909,1124909,0,0,1124909,33482,7.71,0.93
507,2026-05-17 03:43:29,4,q27,0,12,288,1023,1331,7768,7391,1121,1195,0,21,0,123,788267,0,0,1080698912,30843426,404290233,0,0,58884,22,22,0,2218125,2218125,0,0,2218125,58884,7.59,1.02
508,2026-05-17 03:43:31,4,q27a,0,20,533,1869,3887,19102,16278,2070,2135,0,304,0,1026,788267,0,0,1806596672,88546552,1194499868,0,0,60793,43,43,0,2451360,2451360,0,0,2451360,60793,10.22,1.87
509,2026-05-17 03:43:34,4,q28,0,24,432,1751,3881,21843,17675,1703,1563,0,304,0,2318,233564,0,0,4462213584,172803066,1399177956,0,0,470650,66,66,0,7692048,7692048,0,0,7692048,470650,12.47,1.75
510,2026-05-17 03:43:37,4,q29,0,19,497,4646,7693,59548,56172,1829,1947,0,432,0,3424,6980521,0,0,7880995000,46240695,351135648,0,0,45538045,805,805,0,1089147078,1089147078,0,0,1089147078,45538045,12.82,4.65
511,2026-05-17 03:43:43,4,q30,0,17,356,799,1800,2862,1874,1352,1429,0,0,0,121,2002906,0,0,1060281576,2460554,45638775,0,0,755089,7,7,0,59269674,59269674,0,0,59269674,755089,3.58,0.8
512,2026-05-17 03:43:45,4,q31,0,30,623,1966,4585,19881,17185,2489,2387,0,176,0,1114,3851818,0,0,3849525224,108311813,549468360,0,0,79892,49,49,0,2737807,2737807,0,0,2515600,73108,10.11,1.97
513,2026-05-17 03:43:48,4,q32,0,11,247,558,856,4701,4161,1018,948,0,112,0,43,707099,0,0,120389400,28922872,239175994,0,0,55420,12,12,0,760429,760429,0,0,760429,55420,8.42,0.56
514,2026-05-17 03:43:49,4,q33,0,16,419,1099,1806,8505,7085,1597,1655,0,36,0,508,895616,0,0,1175635736,50875042,468010440,0,0,17063,18,18,0,450424,450424,0,0,450424,17063,7.74,1.1
515,2026-05-17 03:43:51,4,q34,0,14,310,871,1523,6218,5478,1118,1184,0,0,0,179,233521,0,0,301186776,29327817,78923980,0,0,1010675,16,16,0,34202764,34202764,0,0,17284999,510675,7.14,0.87
516,2026-05-17 03:43:53,4,q35,0,17,442,1242,2200,10375,8741,1709,1630,0,330,0,799,24091841,0,0,8158821272,53091851,79100920,0,0,6056644,255,255,0,16002181,16002181,0,0,16002181,6056644,8.35,1.24
517,2026-05-17 03:43:56,4,q35a,0,16,442,1064,1665,7317,6999,1720,1673,0,18,0,521,24091841,0,0,7370292408,53091851,79100920,0,0,6053558,255,255,0,16010477,16010477,0,0,16010477,6053558,6.88,1.06
518,2026-05-17 03:43:58,4,q36,0,10,227,785,933,5684,5117,884,953,0,0,0,83,1868212,0,0,1036986400,28922616,365253114,0,0,1769,11,11,0,138557,138557,0,0,138557,1769,7.24,0.78
519,2026-05-17 03:44:00,4,q36a,0,13,232,888,953,5548,5304,936,953,0,0,0,88,1868126,0,0,1575954272,28922616,365253114,0,0,4798,36,36,0,397299,397299,0,0,147261,1822,6.25,0.89
520,2026-05-17 03:44:02,4,q37,0,10,262,1040,1485,9425,8270,943,964,0,208,0,422,233494,0,0,886656304,147632447,779814794,0,0,4316414,180,180,0,64485606,64485606,0,0,64485606,14400617,9.06,1.04
521,2026-05-17 03:44:04,4,q38,0,15,353,1777,3601,19572,15047,1292,1241,0,130,0,1391,12830187,0,0,8122560600,50921040,67372607,0,0,1694835,473,473,0,44525260,44525260,0,0,44525260,1694835,11.01,1.78
522,2026-05-17 03:44:07,4,q39a,0,17,381,2299,4233,21782,18951,1545,1478,0,351,0,377,805959,0,0,2907388416,266362034,1424951183,0,0,1567909,55,55,0,36859402,36859402,0,0,25188288,1057909,9.47,2.3
523,2026-05-17 03:44:10,4,q39b,0,17,381,1833,3507,16735,14876,1566,1498,0,381,0,187,524839,0,0,2839624192,266362034,1424951183,0,0,1531488,55,55,0,35748102,35748102,0,0,24076988,1021488,9.13,1.83
524,2026-05-17 03:44:13,4,q40,0,12,308,1782,2612,21328,19949,1111,1179,0,0,0,1029,233287,0,0,4141621464,15962340,138031653,0,0,15748014,357,357,0,309656666,309656666,0,0,309656666,15748014,11.97,1.78
525,2026-05-17 03:44:16,4,q41,0,6,108,355,293,1958,276,557,523,0,112,0,7,232910,0,0,270538656,204002,2005296,0,0,140,2,2,0,9680,9680,0,0,9680,140,5.52,0.36
526,2026-05-17 03:44:17,4,q42,0,7,175,497,508,3753,3046,662,711,0,99,0,25,233564,0,0,786960824,28922513,243884035,0,0,110,10,10,0,9116,9116,0,0,9116,110,7.55,0.5
527,2026-05-17 03:44:19,4,q43,0,7,173,694,728,5681,5230,690,725,0,0,0,30,233564,0,0,114629704,28820615,76617985,0,0,210,10,10,0,27084,27084,0,0,27084,210,8.19,0.69
528,2026-05-17 03:44:21,4,q44,0,11,206,594,643,4201,3394,701,734,0,0,0,187,1673996,0,0,1589568808,57703023,385315171,0,0,795972,120,120,0,10069011,10069011,0,0,5035816,398046,7.07,0.59
529,2026-05-17 03:44:22,4,q45,0,13,333,762,1370,3057,2475,1349,1374,8,63,0,8,5046389,0,0,2009365456,8092097,58673559,0,0,29,4,4,0,2649,2649,0,0,2649,29,4.01,0.76
530,2026-05-17 03:44:24,4,q46,0,13,333,961,1835,6667,5584,1600,1407,1,0,0,123,15378570,0,0,1039122784,29577818,254059120,0,0,27956,10,10,0,1371108,1371108,0,0,1371108,27956,6.94,0.96
531,2026-05-17 03:44:26,4,q47,0,15,287,1955,2976,20887,17075,986,1053,0,150,0,2418,2319872,0,0,6656509880,28922616,194256361,0,0,2665245,787,787,0,105360655,105360655,0,0,61757103,1560722,10.68,1.96
532,2026-05-17 03:44:29,4,q48,0,11,285,1387,1752,11298,10177,1128,1182,0,260,0,3,1331939,0,0,669220160,30991426,272019782,0,0,20,20,20,0,1160,1160,0,0,1160,20,8.15,1.39
533,2026-05-17 03:44:32,4,q49,0,25,510,1802,4158,20102,17658,1746,1791,1,216,0,2329,233564,0,0,4850067912,55458848,791936211,0,0,15195841,63,63,0,338276492,338276492,0,0,338276492,15195841,11.16,1.8
534,2026-05-17 03:44:34,4,q50,0,12,306,2563,3393,31142,27928,1362,1221,2,258,0,1374,372338,0,0,4687124776,31771307,220541182,0,0,29262054,357,357,0,629536939,629536939,0,0,629536939,29262054,12.15,2.56
535,2026-05-17 03:44:38,4,q51,0,13,289,3000,4283,39024,34573,839,891,0,549,0,3433,300713,0,0,9975730016,36020604,232094421,0,0,24415841,1679,1679,0,420202975,420202975,0,0,420202975,24415841,13.01,3.0
536,2026-05-17 03:44:42,4,q51a,0,17,355,20429,24358,266902,257751,958,1043,0,3060,0,3979,460428,0,0,26931198392,36020604,232094421,0,0,47531016,2587,2587,0,789083626,789083626,0,0,575699561,36069050,13.06,20.43
537,2026-05-17 03:45:04,4,q52,0,7,175,552,562,4115,3634,676,717,0,0,0,120,233564,0,0,786960824,28922513,244080643,0,0,4250,10,10,0,266731,266731,0,0,266731,4250,7.45,0.55
538,2026-05-17 03:45:05,4,q53,0,10,227,645,768,4442,3511,907,949,0,112,0,143,233564,0,0,208086096,28922616,194810273,0,0,31394,11,11,0,661891,661891,0,0,661891,31394,6.89,0.64
539,2026-05-17 03:45:07,4,q54,0,26,644,1804,4659,20761,18909,2578,2637,80,270,0,874,5046346,0,0,2692837664,51386197,273652035,0,0,26873209,179,179,0,252845431,252845431,0,0,252845431,26873209,11.51,1.8
540,2026-05-17 03:45:10,4,q55,0,7,175,531,542,3993,3528,678,718,0,0,0,106,233564,0,0,786960824,28922513,244080643,0,0,3448,10,10,0,211879,211879,0,0,211879,3448,7.52,0.53
541,2026-05-17 03:45:11,4,q56,0,16,419,970,1573,7578,6219,1626,1660,0,120,0,352,466522,0,0,1234116536,50875042,468604876,0,0,10844,18,18,0,393359,393359,0,0,393359,10844,7.81,0.97
542,2026-05-17 03:45:14,4,q57,0,15,268,1581,2409,12709,10848,973,1035,0,0,0,859,2319872,0,0,5374089408,14522462,95474808,0,0,1160477,378,378,0,45106093,45106093,0,0,33380317,851478,8.04,1.58
543,2026-05-17 03:45:16,4,q58,0,17,416,1188,1878,8937,7824,1614,1663,0,0,0,500,788267,0,0,2073645616,50669140,426578944,0,0,247040,25,25,0,3683252,3683252,0,0,3683252,247040,7.52,1.19
544,2026-05-17 03:45:19,4,q59,0,16,339,1176,2002,7789,7141,1324,1437,0,90,0,326,755509,0,0,1673170840,28913769,77329052,0,0,304460,132,132,0,12848240,12848240,0,0,6671264,170845,6.62,1.18
545,2026-05-17 03:45:21,4,q60,0,16,419,1111,1860,9030,7670,1658,1668,5,0,0,549,466522,0,0,1728975080,50875042,468539856,0,0,78428,19,19,0,1556823,1556823,0,0,1556823,78428,8.13,1.11
546,2026-05-17 03:45:23,4,q61,0,18,457,1170,2667,10715,9260,1756,1837,10,128,0,12,5046346,0,0,1246748000,58473630,585660397,0,0,40,40,40,0,2319,2319,0,0,2319,40,9.16,1.17
547,2026-05-17 03:45:25,4,q62,0,11,271,632,916,2738,2241,1084,1136,0,0,0,37,232049,0,0,138730216,7220168,27946993,0,0,1680,4,4,0,144678,144678,0,0,144678,1680,4.33,0.63
548,2026-05-17 03:45:27,4,q63,0,10,227,629,726,4198,3531,948,957,1,88,0,128,233564,0,0,208020560,28922616,194814369,0,0,12917,11,11,0,338316,338316,0,0,338316,12917,6.67,0.63
549,2026-05-17 03:45:29,4,q64,0,38,929,7015,17252,94691,86705,3670,3584,25,906,0,5131,13606736,0,0,35890420816,50412171,684921567,0,0,52026303,2318,2318,0,1952932789,1952932789,0,0,1806179638,48487731,13.5,7.02
550,2026-05-17 03:45:37,4,q65,0,15,348,1688,3090,21691,19208,1398,1267,1,128,0,1961,9209889,0,0,6116202576,57723127,391781499,0,0,11880061,391,391,0,391210910,391210910,0,0,391210910,11880061,12.85,1.69
551,2026-05-17 03:45:40,4,q66,0,14,343,1276,2065,9599,7895,1388,1454,0,0,0,24,232088,0,0,975454208,21660561,213478656,0,0,90,9,9,0,47940,47940,0,0,47940,90,7.52,1.28
552,2026-05-17 03:45:42,4,q67,0,10,243,7106,7240,76745,74161,941,960,0,1138,0,1658,4653671,0,0,7594451448,28922616,221651539,0,0,11548825,187,187,0,866159379,866159379,0,0,866159379,11548825,10.8,7.11
553,2026-05-17 03:45:50,4,q67a,0,18,384,10773,36612,140188,130717,1180,1275,0,1305,0,5517,4653585,0,0,26569738752,28922616,221651539,0,0,55551436,1700,1700,0,4120606392,4120606392,0,0,900577704,13218740,13.01,10.77
554,2026-05-17 03:46:02,4,q68,0,13,333,902,1624,6383,5505,1296,1384,1,0,0,114,15378570,0,0,568481352,29577818,391461381,0,0,6174,10,10,0,436284,436284,0,0,436284,6174,7.08,0.9
555,2026-05-17 03:46:04,4,q69,0,18,437,1085,1976,8037,6825,1581,1635,3,0,0,627,28817529,0,0,3806916136,53091851,79177214,0,0,1902033,101,101,0,9547581,9547581,0,0,9547581,1902033,7.41,1.08
556,2026-05-17 03:46:06,4,q70,0,14,297,1004,1109,6994,6406,1156,1208,0,81,0,61,233564,0,0,1101810584,57621229,269678191,0,0,209,22,22,0,10316,10316,0,0,10316,209,6.97,1.0
557,2026-05-17 03:46:08,4,q70a,0,17,302,930,1001,5667,5459,1141,1219,0,0,0,48,232962,0,0,902580896,57621229,269678191,0,0,240,47,47,0,14125,14125,0,0,8085,180,6.09,0.93
558,2026-05-17 03:46:11,4,q71,0,13,364,1366,1431,14194,12792,1396,1482,1,112,0,333,421741,0,0,956611448,50563041,453757793,0,0,32249,31,31,0,1647913,1647913,0,0,994773,21130,10.39,1.37
559,2026-05-17 03:46:13,4,q72,0,26,680,17616,22354,222288,214072,2603,2618,0,1162,0,5080,6609758,0,0,19933730552,151146962,901568520,0,0,142246513,1469,1469,0,2047663467,2047663467,0,0,2047663467,142246513,12.62,17.62
560,2026-05-17 03:46:32,4,q73,0,14,310,726,1329,5073,4356,1087,1180,0,0,0,127,233521,0,0,299939544,29327817,78923980,0,0,1002732,16,16,0,33968188,33968188,0,0,17050423,502732,6.99,0.73
561,2026-05-17 03:46:33,4,q74,0,20,486,2230,5114,24465,20331,1926,1763,2,263,0,2354,15569619,0,0,13923889496,72541209,376808794,0,0,1763111,822,822,0,58849868,58849868,0,0,58849868,1763111,10.97,2.23
562,2026-05-17 03:46:37,4,q75,0,31,829,3579,8336,49347,41216,3094,2925,7,576,0,3882,317616,0,0,11831406064,105981888,1099567645,0,0,14156499,1088,1088,0,314442100,314442100,0,0,214470943,9118711,13.79,3.58
563,2026-05-17 03:46:42,4,q76,0,9,311,1006,956,10864,9309,1203,1252,0,128,0,369,923844,0,0,2240847208,50576089,457506553,0,0,3127,24,24,0,261039,261039,0,0,261039,3127,10.8,1.01
564,2026-05-17 03:46:44,4,q77,0,23,559,1330,2486,11908,9825,2356,2121,3,150,0,195,233564,0,0,868584744,55459152,493899228,0,0,1757,44,44,0,120257,120257,0,0,120257,1757,8.95,1.33
565,2026-05-17 03:46:46,4,q77a,0,26,564,1253,2319,10525,9440,2100,2099,1,110,0,190,233116,0,0,1407552616,55459152,493899228,0,0,2221,55,55,0,176374,176374,0,0,134878,1891,8.4,1.25
566,2026-05-17 03:46:48,4,q78,0,18,502,5986,12197,86615,78598,1809,1784,0,898,0,5247,6524755,0,0,19534062920,55458848,590453961,0,0,54207575,1326,1326,0,1579290498,1579290498,0,0,1579290498,54207575,14.47,5.99
567,2026-05-17 03:46:56,4,q79,0,12,283,869,1336,6547,5954,1082,1172,1,0,0,118,12830316,0,0,952877472,29327817,250526007,0,0,80366,22,22,0,2983082,2983082,0,0,2983082,80366,7.53,0.87
568,2026-05-17 03:46:57,4,q80,0,29,762,6754,19234,98980,93005,2950,2861,8,848,0,4789,233564,0,0,14185165104,55573497,844328892,0,0,53052375,819,819,0,1571654634,1571654634,0,0,1571654634,53052375,14.66,6.75
569,2026-05-17 03:47:05,4,q80a,0,32,767,6631,18659,94041,88650,2978,2882,13,1000,0,4481,233564,0,0,14657024136,55573497,844328892,0,0,53053332,830,830,0,1571770246,1571770246,0,0,1571667496,53052306,14.18,6.63
570,2026-05-17 03:47:13,4,q81,0,19,370,930,1865,5696,4603,1491,1426,0,52,0,274,2002949,0,0,2397107168,3899788,55276609,0,0,1372913,47,47,0,35451309,35451309,0,0,35451309,1372913,6.12,0.93
571,2026-05-17 03:47:15,4,q82,0,10,262,1301,2031,13435,11115,878,963,0,304,0,481,233564,0,0,1658418336,162032523,837941369,0,0,13778665,194,194,0,137239500,137239500,0,0,137239500,28800829,10.33,1.3
572,2026-05-17 03:47:18,4,q83,0,17,402,943,1414,6907,5671,1560,1585,0,55,0,375,788267,0,0,1261711248,5358962,38645838,0,0,43961,14,14,0,759663,759663,0,0,759663,43961,7.32,0.94
573,2026-05-17 03:47:20,4,q84,0,15,352,733,1254,2921,2102,1230,1349,0,0,0,192,9765521,0,0,615806688,5555676,31377947,0,0,2778710,20,20,0,14454870,14454870,0,0,14454870,2778710,3.98,0.73
574,2026-05-17 03:47:21,4,q85,0,18,472,1340,3909,9198,7365,1867,1864,8,91,0,118,17038067,0,0,8635287000,12032236,132128853,0,0,915638,92,92,0,33254834,33254834,0,0,33254834,915638,6.86,1.34
575,2026-05-17 03:47:24,4,q86,0,8,172,525,526,2090,1774,764,715,0,91,0,31,1868212,0,0,571272816,7322094,62330579,0,0,816,5,5,0,54749,54749,0,0,54749,816,3.98,0.52
576,2026-05-17 03:47:25,4,q86a,0,11,177,507,480,1697,1529,685,718,0,0,0,42,1868212,0,0,1110240560,7322094,62330579,0,0,2119,18,18,0,157721,157721,0,0,66577,929,3.35,0.51
577,2026-05-17 03:47:27,4,q87,0,15,353,1848,3326,17615,14693,1218,1242,0,112,0,943,12830144,0,0,8122560600,50921040,67372607,0,0,1694835,473,473,0,44525260,44525260,0,0,44525260,1694835,9.53,1.85
578,2026-05-17 03:47:30,4,q88,0,44,1078,1776,6484,19160,16481,3815,4020,0,160,0,17,233564,0,0,514952960,230611400,283674948,0,0,160,160,160,0,9200,9200,0,0,9200,160,10.79,1.78
579,2026-05-17 03:47:33,4,q89,0,10,228,771,913,5524,4759,881,950,0,110,0,184,233564,0,0,946676392,28922616,194535107,0,0,49975,22,22,0,2298860,2298860,0,0,2298860,49975,7.16,0.77
580,2026-05-17 03:47:35,4,q90,0,14,338,428,837,2388,1774,1248,1345,0,0,0,4,232049,0,0,103596544,14447588,27906341,0,0,32,32,32,0,1816,1816,0,0,1816,32,5.58,0.43
581,2026-05-17 03:47:36,4,q91,0,17,390,726,1714,4708,3702,1496,1617,0,0,0,4,9580995,0,0,1037410344,4137931,32811519,0,0,53,5,5,0,7711,7711,0,0,4761,34,6.48,0.73
582,2026-05-17 03:47:38,4,q92,0,11,239,470,729,2994,2493,1003,933,0,135,0,69,707825,0,0,110994360,14522186,123949851,0,0,135661,9,9,0,1837430,1837430,0,0,1837430,135661,6.37,0.47
583,2026-05-17 03:47:39,4,q93,0,8,204,3790,4229,45153,43655,716,709,0,112,0,1711,233331,0,0,5766380072,31678201,270344909,0,0,31635854,357,357,0,754631060,754631060,0,0,754631060,31635854,11.91,3.79
584,2026-05-17 03:47:44,4,q94,0,14,367,1595,2781,15211,14143,1285,1370,0,0,0,377,2579981,0,0,3571011840,15390508,100981412,0,0,14397040,153,153,0,217756751,217756751,0,0,217756751,14397040,9.54,1.6
585,2026-05-17 03:47:47,4,q95,0,14,367,3891,5129,46934,36016,1462,1427,3,1818,0,358,2580795,0,0,14560086280,15390504,97870635,0,0,35990240,357,357,0,319472623,319472623,0,0,196649755,14395274,12.06,3.89
586,2026-05-17 03:47:52,4,q96,0,9,224,485,665,3124,2297,1192,923,0,0,0,2,233564,0,0,63872480,28827816,35519274,0,0,20,20,20,0,1150,1150,0,0,1150,20,6.44,0.48
587,2026-05-17 03:47:53,4,q97,0,8,209,2179,2687,23291,18665,1045,804,4,215,0,360,233779,0,0,6212927976,43220947,230731186,0,0,8377699,238,238,0,96908300,96908300,0,0,96908300,8377699,10.69,2.18
588,2026-05-17 03:47:57,4,q98,0,10,186,800,749,4504,3872,684,733,3,80,0,219,3361780,0,0,1690376016,28922513,250409050,0,0,106186,98,98,0,14472173,14472173,0,0,12501419,91022,5.63,0.8
589,2026-05-17 03:47:59,4,q99,0,11,275,857,1205,5181,4714,1079,1152,0,15,0,30,232088,0,0,156567144,14420493,41457888,0,0,2160,3,3,0,173855,173855,0,0,173855,2160,6.05,0.86
590,2026-05-17 03:48:01,5,q1,0,15,313,889,1484,8362,7079,1180,1188,0,12,0,933,5100797,0,0,3337334424,6275389,66981045,0,0,1611249,182,182,0,25346727,25346727,0,0,25346727,1611249,9.41,0.89
591,2026-05-17 03:48:02,5,q2,0,14,294,825,962,6341,5819,1130,1210,0,65,0,76,755509,0,0,456068104,21713579,93455600,0,0,6838,44,44,0,352525,352525,0,0,127373,4198,7.69,0.82
592,2026-05-17 03:48:04,5,q3,0,7,175,389,390,2497,2034,683,710,0,0,0,98,233564,0,0,119963624,28975562,244265362,0,0,2998,10,10,0,206438,206438,0,0,206438,2998,6.42,0.39
593,2026-05-17 03:48:06,5,q4,0,28,573,7979,37944,119505,95219,1912,1864,2,2439,0,11017,1691203,0,0,39674206800,50941041,812341217,0,0,102286012,3503,3503,0,2536512620,2536512620,0,0,1273495988,51438627,14.98,7.98
594,2026-05-17 03:48:15,5,q5,0,22,690,2463,4916,26943,20956,3072,2739,2,325,0,643,318096,0,0,3294366800,62671087,552805534,0,0,7890286,132,132,0,109305611,109305611,0,0,109305611,7890286,10.94,2.46
595,2026-05-17 03:48:19,5,q5a,0,25,695,2208,4172,23941,21578,2614,2712,0,222,0,533,317451,0,0,3833334672,62671087,552805534,0,0,7892232,142,142,0,109464345,109464345,0,0,109331115,7890408,10.84,2.21
596,2026-05-17 03:48:22,5,q6,0,18,407,1696,2956,20492,18749,1690,1641,0,363,0,837,2121631,0,0,5099075256,29847566,158210908,0,0,27358702,206,206,0,240333811,240333811,0,0,240333811,27358702,12.08,1.7
597,2026-05-17 03:48:25,5,q7,0,12,288,1106,1409,8772,7577,1088,1165,0,280,0,126,788267,0,0,1080238624,30843824,430732679,0,0,71861,22,22,0,2549492,2549492,0,0,2549492,71861,7.93,1.11
598,2026-05-17 03:48:27,5,q8,0,16,337,974,1248,5840,5248,1327,1405,0,0,0,38,2373025,0,0,1792304608,29820618,139184655,0,0,6731,13,13,0,84406,84406,0,0,84406,6731,6.0,0.97
599,2026-05-17 03:48:29,5,q9,0,17,406,934,3626,10565,8533,1203,1380,0,373,0,15,233564,0,0,0,144002601,909538335,0,0,100,100,100,0,6957,6957,0,0,6957,100,11.31,0.93
600,2026-05-17 03:48:31,5,q10,0,18,437,1169,2268,9178,7840,1578,1613,0,0,0,435,29252425,0,0,3807972072,53091851,79308802,0,0,2400953,102,102,0,9684105,9684105,0,0,9684105,2400953,7.85,1.17
601,2026-05-17 03:48:33,5,q10a,0,15,436,925,1334,4997,4602,1646,1612,0,70,0,535,29252425,0,0,4607448032,53091851,79308802,0,0,2368363,153,153,0,9644680,9644680,0,0,9644680,2368363,5.4,0.92
602,2026-05-17 03:48:35,5,q11,0,22,434,4322,14577,62942,55089,1296,1402,18,918,0,5594,1380159,0,0,26856842912,36540606,272799370,0,0,71770406,2006,2006,0,1051794768,1051794768,0,0,537186984,36215116,14.56,4.32
603,2026-05-17 03:48:41,5,q12,0,8,173,617,604,2428,1999,688,718,0,0,0,63,3286039,0,0,639059672,7322094,68674478,0,0,29116,10,10,0,3907960,3907960,0,0,3907960,29116,3.94,0.62
604,2026-05-17 03:48:42,5,q13,0,13,336,1402,2008,11574,10542,1278,1376,0,110,0,3,1311415,0,0,691209280,30998627,510444624,0,0,20,20,20,0,1371,1371,0,0,1371,20,8.26,1.4
605,2026-05-17 03:48:45,5,q14a,0,46,1080,6665,10625,60407,54674,3871,4055,0,1851,0,3330,1195253,0,0,9913299312,151671121,963979511,0,0,62586095,341,341,0,877745627,877745627,0,0,874734983,62499571,9.06,6.66
606,2026-05-17 03:48:53,5,q14b,0,40,1019,4801,9461,51807,47268,3881,3956,0,1086,0,2053,1195253,0,0,8446696624,130216694,764382526,0,0,68363045,315,315,0,1013220196,1013220196,0,0,529303074,40855838,10.79,4.8
607,2026-05-17 03:48:59,5,q14,0,40,1016,4185,9449,44227,41651,3977,3982,0,1136,0,1917,1169916,0,0,7563238792,130216694,764382526,0,0,68273662,280,280,0,1004568767,1004568767,0,0,520651645,40766455,10.57,4.18
608,2026-05-17 03:49:05,5,q15,0,9,231,971,1097,6536,6157,883,926,0,8,0,9,5046346,0,0,951797424,15170438,57613630,0,0,502,1,1,0,18324,18324,0,0,18324,502,6.73,0.97
609,2026-05-17 03:49:07,5,q16,0,14,377,2068,4044,27537,25139,1412,1421,5,256,0,1735,232565,0,0,4703921456,30510793,220163708,0,0,30114572,527,527,0,422214469,422214469,0,0,422214469,30114572,13.32,2.07
610,2026-05-17 03:49:10,5,q17,0,17,446,4596,7216,58596,55513,1608,1709,0,390,0,3263,6980564,0,0,7880912176,46220694,350661473,0,0,45538041,803,803,0,1089146303,1089146303,0,0,1089146303,45538041,12.75,4.6
611,2026-05-17 03:49:16,5,q18,0,16,407,1489,2272,8229,7262,1532,1633,0,70,0,26,9765521,0,0,3074056776,19114059,307642067,0,0,55958,9,9,0,3984849,3984849,0,0,3984849,55958,5.53,1.49
612,2026-05-17 03:49:18,5,q18a,0,32,898,3276,8066,35447,31075,3887,3546,26,748,0,226,9765607,0,0,14494187648,77567803,1437120549,0,0,63894,37,37,0,4339335,4339335,0,0,4339335,63894,10.82,3.28
613,2026-05-17 03:49:23,5,q19,0,13,335,1585,2185,13332,9477,1293,1407,0,0,0,2746,5046346,0,0,1599037304,29672618,279327952,0,0,7397,10,10,0,541770,541770,0,0,541770,7397,8.41,1.58
614,2026-05-17 03:49:25,5,q20,0,8,176,749,735,4260,3693,838,765,0,192,0,17,3286039,0,0,412686616,14522437,126467627,0,0,28486,2,2,0,3491832,3491832,0,0,3491832,28486,5.69,0.75
615,2026-05-17 03:49:27,5,q21,0,9,226,916,1026,6495,5967,859,921,0,0,0,11,233795,0,0,208677936,133232023,713967687,0,0,31850,1,1,0,679321,679321,0,0,679321,31850,7.09,0.92
616,2026-05-17 03:49:29,5,q22,0,10,243,59378,59485,124629,123587,1058,944,10,196,0,64,4653671,0,0,1753344224,133232025,713251977,0,0,612866,68,68,0,25729614,25729614,0,0,25729614,612866,2.1,59.38
617,2026-05-17 03:50:30,5,q22a,0,14,267,3307,3816,14461,12944,922,1016,0,12,0,1100,4653671,0,0,5660862736,133232023,713263481,0,0,918610,160,160,0,45113549,45113549,0,0,14511781,306922,4.37,3.31
618,2026-05-17 03:50:34,5,q23a,0,28,694,6150,11366,75438,70130,2435,2478,1,995,0,3719,6609801,0,0,12649074936,108664065,584236626,0,0,43897022,644,644,0,1114801317,1114801317,0,0,1084910550,41990015,12.27,6.15
619,2026-05-17 03:50:41,5,q23b,0,32,771,6412,12266,80904,74476,2795,2759,4,1731,0,3873,6609758,0,0,25624416072,109164066,589047191,0,0,48673518,1314,1314,0,1200040261,1200040261,0,0,1097280516,42452497,12.62,6.41
620,2026-05-17 03:50:49,5,q24,0,14,366,2325,3769,27565,25222,1377,1395,3,124,0,1314,20739740,0,0,7068696000,32530259,315395647,0,0,29735885,340,340,0,678254112,678254112,0,0,678254112,29735885,11.86,2.33
621,2026-05-17 03:50:52,5,q24a,0,20,439,3760,5185,43853,41411,1605,1671,3,180,0,1642,18177832,0,0,16497845272,32632260,313347640,0,0,59478907,712,712,0,1357451922,1357451922,0,0,679197810,29743022,11.66,3.76
622,2026-05-17 03:50:57,5,q24b,0,20,439,2958,3955,31061,30380,1642,1678,4,112,0,1851,18177789,0,0,15891776752,32632260,313347640,0,0,59478765,700,700,0,1357428154,1357428154,0,0,679174042,29742880,10.5,2.96
623,2026-05-17 03:51:01,5,q25,0,17,446,4840,7582,64001,55396,1657,1719,0,920,0,5774,6980521,0,0,7880887560,46220694,491370233,0,0,45538038,800,800,0,1108759789,1108759789,0,0,1108759789,45538038,13.22,4.84
624,2026-05-17 03:51:07,5,q26,0,11,286,938,1247,5695,5028,1133,1172,0,0,0,32,788267,0,0,475734776,16443748,228736924,0,0,33482,3,3,0,1124909,1124909,0,0,1124909,33482,6.07,0.94
625,2026-05-17 03:51:09,5,q27,0,12,288,876,1212,6232,5848,1189,1184,6,96,0,130,788267,0,0,1080698912,30843426,404290233,0,0,58884,22,22,0,2218125,2218125,0,0,2218125,58884,7.11,0.88
626,2026-05-17 03:51:11,5,q27a,0,20,533,1557,3471,15915,14771,2125,2127,0,212,0,484,788224,0,0,1806596672,88546552,1194499868,0,0,60793,43,43,0,2451360,2451360,0,0,2451360,60793,10.22,1.56
627,2026-05-17 03:51:14,5,q28,0,24,432,1829,4082,22355,17748,1745,1561,0,130,0,2450,233564,0,0,4462213584,172803066,1399177956,0,0,470650,66,66,0,7692048,7692048,0,0,7692048,470650,12.22,1.83
628,2026-05-17 03:51:17,5,q29,0,19,497,4638,7689,58888,55739,1914,1929,1,485,0,3242,6980564,0,0,7880995000,46240695,351135648,0,0,45538045,805,805,0,1089147078,1089147078,0,0,1089147078,45538045,12.7,4.64
629,2026-05-17 03:51:22,5,q30,0,17,356,793,1785,2769,1867,1378,1428,0,0,0,113,2002949,0,0,1060281576,2460554,45638775,0,0,755089,7,7,0,59269674,59269674,0,0,59269674,755089,3.49,0.79
630,2026-05-17 03:51:24,5,q31,0,29,622,1903,4403,18693,15039,2544,2375,2,328,0,1615,3851818,0,0,3916568528,108311813,549468360,0,0,74061,45,45,0,2500965,2500965,0,0,2420569,72215,9.82,1.9
631,2026-05-17 03:51:27,5,q32,0,11,247,568,907,5144,4642,897,951,0,0,0,48,707099,0,0,120389400,28922872,239175994,0,0,55420,12,12,0,760429,760429,0,0,760429,55420,9.06,0.57
632,2026-05-17 03:51:29,5,q33,0,16,419,1054,1737,8199,6771,1692,1659,0,235,0,507,895616,0,0,1175635736,50875042,468010440,0,0,17063,18,18,0,450424,450424,0,0,450424,17063,7.78,1.05
633,2026-05-17 03:51:31,5,q34,0,14,310,931,1577,6652,5907,1088,1178,0,0,0,183,233521,0,0,301186776,29327817,78923980,0,0,1010675,16,16,0,34202764,34202764,0,0,17284999,510675,7.15,0.93
634,2026-05-17 03:51:33,5,q35,0,17,442,1284,2232,10996,9191,1684,1636,4,176,0,685,24091884,0,0,8158821272,53091851,79100920,0,0,6056644,255,255,0,16002181,16002181,0,0,16002181,6056644,8.56,1.28
635,2026-05-17 03:51:35,5,q35a,0,16,442,1125,1788,8527,7541,1760,1651,3,0,0,638,24091927,0,0,7370292408,53091851,79100920,0,0,6053558,255,255,0,16010477,16010477,0,0,16010477,6053558,7.58,1.12
636,2026-05-17 03:51:37,5,q36,0,10,227,774,915,5410,4653,906,923,3,0,0,81,1868212,0,0,1036986400,28922616,365253114,0,0,1769,11,11,0,138557,138557,0,0,138557,1769,6.99,0.77
637,2026-05-17 03:51:39,5,q36a,0,13,232,782,874,4783,4514,932,953,0,0,0,87,1868212,0,0,1575954272,28922616,365253114,0,0,4798,36,36,0,397299,397299,0,0,147261,1822,6.12,0.78
638,2026-05-17 03:51:41,5,q37,0,10,262,981,1457,8950,8031,915,976,0,0,0,570,233537,0,0,886656304,147632447,779814794,0,0,4316414,180,180,0,64485606,64485606,0,0,64485606,14400617,9.12,0.98
639,2026-05-17 03:51:43,5,q38,0,15,353,1748,3301,18807,15542,1344,1232,0,240,0,1173,12830101,0,0,8122560600,50921040,67372607,0,0,1694835,473,473,0,44525260,44525260,0,0,44525260,1694835,10.76,1.75
640,2026-05-17 03:51:46,5,q39a,0,17,381,2212,4121,20642,18626,1420,1459,0,400,0,377,805959,0,0,2907388416,266362034,1424951183,0,0,1567909,55,55,0,36859402,36859402,0,0,25188288,1057909,9.33,2.21
641,2026-05-17 03:51:49,5,q39b,0,17,381,1852,3638,17930,16557,1437,1493,0,192,0,168,524839,0,0,2839624192,266362034,1424951183,0,0,1531488,55,55,0,35748102,35748102,0,0,24076988,1021488,9.68,1.85
642,2026-05-17 03:51:52,5,q40,0,12,308,1857,2783,21501,19686,1202,1184,1,112,0,1453,233287,0,0,4141621464,15962340,138031653,0,0,15748014,357,357,0,309656666,309656666,0,0,309656666,15748014,11.58,1.86
643,2026-05-17 03:51:55,5,q41,0,6,108,353,288,1931,278,489,518,0,0,0,7,232050,0,0,270538656,204002,2005296,0,0,140,2,2,0,9680,9680,0,0,9680,140,5.47,0.35
644,2026-05-17 03:51:57,5,q42,0,7,175,454,475,3234,2759,744,709,0,98,0,23,233564,0,0,786960824,28922513,243884035,0,0,110,10,10,0,9116,9116,0,0,9116,110,7.12,0.45
645,2026-05-17 03:51:58,5,q43,0,7,173,697,729,5654,5289,677,723,0,0,0,29,233564,0,0,114629704,28820615,76617985,0,0,210,10,10,0,27084,27084,0,0,27084,210,8.11,0.7
646,2026-05-17 03:52:00,5,q44,0,11,206,594,649,4141,3387,697,746,0,0,0,183,1673996,0,0,1589568808,57703023,385315171,0,0,795972,120,120,0,10069011,10069011,0,0,5035816,398046,6.97,0.59
647,2026-05-17 03:52:02,5,q45,0,13,333,750,1348,3081,2446,1367,1367,0,120,0,8,5046346,0,0,2009365456,8092097,58673559,0,0,29,4,4,0,2649,2649,0,0,2649,29,4.11,0.75
648,2026-05-17 03:52:03,5,q46,0,13,333,1000,1660,7129,6388,1283,1383,1,0,0,112,15378570,0,0,1039122784,29577818,254059120,0,0,27956,10,10,0,1371108,1371108,0,0,1371108,27956,7.13,1.0
649,2026-05-17 03:52:05,5,q47,0,15,287,1804,2748,18836,15685,1033,1066,9,135,0,2246,2319872,0,0,6656509880,28922616,194256361,0,0,2665245,787,787,0,105360655,105360655,0,0,61757103,1560722,10.44,1.8
650,2026-05-17 03:52:08,5,q48,0,11,285,1331,1661,10845,9805,1099,1172,0,218,0,3,1332369,0,0,669220160,30991426,272019782,0,0,20,20,20,0,1160,1160,0,0,1160,20,8.15,1.33
651,2026-05-17 03:52:11,5,q49,0,25,510,1745,4002,19372,17221,1674,1774,1,156,0,2100,233564,0,0,4850067912,55458848,791936211,0,0,15195841,63,63,0,338276492,338276492,0,0,338276492,15195841,11.1,1.74
652,2026-05-17 03:52:14,5,q50,0,12,306,2384,3381,28575,26534,1538,1271,1,0,0,1800,372338,0,0,4687124776,31771307,220541182,0,0,29262054,357,357,0,629536939,629536939,0,0,629536939,29262054,11.99,2.38
653,2026-05-17 03:52:17,5,q51,0,13,289,2954,4144,38638,34509,840,900,0,585,0,3850,300713,0,0,9975730016,36020604,232094421,0,0,24415841,1679,1679,0,420202975,420202975,0,0,420202975,24415841,13.08,2.95
654,2026-05-17 03:52:21,5,q51a,0,17,355,20619,24525,269130,259664,954,1042,0,2358,0,4044,460428,0,0,26931198392,36020604,232094421,0,0,47531016,2587,2587,0,789083626,789083626,0,0,575699561,36069050,13.05,20.62
655,2026-05-17 03:52:43,5,q52,0,7,175,463,477,3301,2790,716,716,0,36,0,132,233564,0,0,786960824,28922513,244080643,0,0,4250,10,10,0,266731,266731,0,0,266731,4250,7.13,0.46
656,2026-05-17 03:52:44,5,q53,0,10,227,713,848,4974,3969,914,955,0,84,0,135,233564,0,0,208086096,28922616,194810273,0,0,31394,11,11,0,661891,661891,0,0,661891,31394,6.98,0.71
657,2026-05-17 03:52:46,5,q54,0,26,644,1793,4727,19973,17840,2577,2623,0,538,0,953,5046303,0,0,2692837664,51386197,273652035,0,0,26873209,179,179,0,252845431,252845431,0,0,252845431,26873209,11.14,1.79
658,2026-05-17 03:52:49,5,q55,0,7,175,539,551,4091,3597,669,726,0,0,0,94,233564,0,0,786960824,28922513,244080643,0,0,3448,10,10,0,211879,211879,0,0,211879,3448,7.59,0.54
659,2026-05-17 03:52:51,5,q56,0,16,419,1046,1889,8514,7286,1645,1659,0,112,0,386,466522,0,0,1234116536,50875042,468604876,0,0,10844,18,18,0,393359,393359,0,0,393359,10844,8.14,1.05
660,2026-05-17 03:52:53,5,q57,0,15,268,1878,2722,13998,11882,987,1048,0,0,0,957,2319872,0,0,5374089408,14522462,95474808,0,0,1160477,378,378,0,45106093,45106093,0,0,33380317,851478,7.45,1.88
661,2026-05-17 03:52:56,5,q58,0,18,417,1298,2043,9862,8622,1752,1674,0,160,0,431,788267,0,0,2211009024,50669140,426578944,0,0,247081,27,27,0,3686832,3686832,0,0,3686832,247081,7.6,1.3
662,2026-05-17 03:52:58,5,q59,0,16,339,1226,2062,8158,7592,1286,1405,0,6,0,358,755509,0,0,1673170840,28913769,77329052,0,0,304460,132,132,0,12848240,12848240,0,0,6671264,170845,6.65,1.23
663,2026-05-17 03:53:00,5,q60,0,16,419,1076,1731,8345,7054,1662,1660,0,0,0,525,466522,0,0,1728975080,50875042,468539856,0,0,78428,19,19,0,1556823,1556823,0,0,1556823,78428,7.76,1.08
664,2026-05-17 03:53:03,5,q61,0,18,457,1317,2877,13038,11173,1918,1817,0,154,0,5,5046346,0,0,1246748000,58473630,585660397,0,0,40,40,40,0,2319,2319,0,0,2319,40,9.9,1.32
665,2026-05-17 03:53:05,5,q62,0,11,271,620,913,2729,2232,1062,1131,0,0,0,37,232006,0,0,138730216,7220168,27946993,0,0,1680,4,4,0,144678,144678,0,0,144678,1680,4.4,0.62
666,2026-05-17 03:53:07,5,q63,0,10,227,627,713,4288,3661,907,973,0,0,0,134,233564,0,0,208020560,28922616,194814369,0,0,12917,11,11,0,338316,338316,0,0,338316,12917,6.84,0.63
667,2026-05-17 03:53:08,5,q64,0,38,929,7084,17291,95029,87951,3709,3597,14,890,0,5130,13606736,0,0,35890420816,50412171,684921567,0,0,52026303,2318,2318,0,1952932789,1952932789,0,0,1806179638,48487731,13.41,7.08
668,2026-05-17 03:53:17,5,q65,0,15,348,1678,3044,21698,19227,1244,1284,4,128,0,1727,9209889,0,0,6116202576,57723127,391781499,0,0,11880061,391,391,0,391210910,391210910,0,0,391210910,11880061,12.93,1.68
669,2026-05-17 03:53:20,5,q66,0,14,343,1321,2095,10025,8521,1386,1440,0,0,0,24,232088,0,0,975454208,21660561,213478656,0,0,90,9,9,0,47940,47940,0,0,47940,90,7.59,1.32
670,2026-05-17 03:53:22,5,q67,0,10,243,7216,7336,77022,75300,936,997,0,756,0,1402,4653671,0,0,7594451448,28922616,221651539,0,0,11548825,187,187,0,866159379,866159379,0,0,866159379,11548825,10.67,7.22
671,2026-05-17 03:53:30,5,q67a,0,18,384,10715,37546,142531,133471,1222,1299,0,1279,0,5429,4653671,0,0,26569738752,28922616,221651539,0,0,55551436,1700,1700,0,4120606392,4120606392,0,0,900577704,13218740,13.3,10.72
672,2026-05-17 03:53:42,5,q68,0,13,333,1101,1826,8501,7188,1310,1403,1,140,0,114,15378570,0,0,568481352,29577818,391461381,0,0,6174,10,10,0,436284,436284,0,0,436284,6174,7.72,1.1
673,2026-05-17 03:53:44,5,q69,0,18,437,1143,2220,8806,7641,1640,1611,3,0,0,440,28817443,0,0,3806916136,53091851,79177214,0,0,1902033,101,101,0,9547581,9547581,0,0,9547581,1902033,7.7,1.14
674,2026-05-17 03:53:47,5,q70,0,14,297,1074,1174,7623,6850,1134,1218,0,189,0,44,233564,0,0,1101810584,57621229,269678191,0,0,209,22,22,0,10316,10316,0,0,10316,209,7.1,1.07
675,2026-05-17 03:53:49,5,q70a,0,17,302,971,1035,6139,5939,1131,1230,0,0,0,48,232962,0,0,902580896,57621229,269678191,0,0,240,47,47,0,14125,14125,0,0,8085,180,6.32,0.97
676,2026-05-17 03:53:51,5,q71,0,13,364,1033,1102,9192,7979,1391,1475,1,96,0,231,421741,0,0,956611448,50563041,453757793,0,0,32249,31,31,0,1647913,1647913,0,0,994773,21130,8.9,1.03
677,2026-05-17 03:53:53,5,q72,0,26,680,17453,22875,224196,217482,2584,2628,1,702,0,5270,6609887,0,0,19933730552,151146962,901568520,0,0,142246513,1469,1469,0,2047663467,2047663467,0,0,2047663467,142246513,12.85,17.45
678,2026-05-17 03:54:11,5,q73,0,14,310,711,1342,4871,4245,1119,1188,0,0,0,130,233521,0,0,299939544,29327817,78923980,0,0,1002732,16,16,0,33968188,33968188,0,0,17050423,502732,6.85,0.71
679,2026-05-17 03:54:13,5,q74,0,20,486,2215,5028,24793,20012,1835,1777,1,117,0,3264,15569662,0,0,13923889496,72541209,376808794,0,0,1763111,822,822,0,58849868,58849868,0,0,58849868,1763111,11.19,2.22
680,2026-05-17 03:54:16,5,q75,0,31,829,3496,7842,48014,41024,2968,2951,1,448,0,4500,317616,0,0,11831406064,105981888,1099567645,0,0,14156499,1088,1088,0,314442100,314442100,0,0,214470943,9118711,13.73,3.5
681,2026-05-17 03:54:21,5,q76,0,9,311,939,890,9765,8304,1168,1250,0,150,0,235,923844,0,0,2240847208,50576089,457506553,0,0,3127,24,24,0,261039,261039,0,0,261039,3127,10.4,0.94
682,2026-05-17 03:54:23,5,q77,0,23,559,1261,2412,11616,9975,2134,2112,0,0,0,167,233588,0,0,868584744,55459152,493899228,0,0,1757,44,44,0,120257,120257,0,0,120257,1757,9.21,1.26
683,2026-05-17 03:54:25,5,q77a,0,26,564,1216,2249,10286,9372,2099,2122,0,0,0,168,233116,0,0,1407552616,55459152,493899228,0,0,2221,55,55,0,176374,176374,0,0,134878,1891,8.46,1.22
684,2026-05-17 03:54:28,5,q78,0,18,502,5866,11750,84146,77283,1812,1775,0,717,0,4981,6524755,0,0,19534062920,55458848,590453961,0,0,54207575,1326,1326,0,1579290498,1579290498,0,0,1579290498,54207575,14.34,5.87
685,2026-05-17 03:54:35,5,q79,0,12,283,892,1390,6739,6052,1142,1187,1,0,0,132,12830316,0,0,952877472,29327817,250526007,0,0,80366,22,22,0,2983082,2983082,0,0,2983082,80366,7.55,0.89
686,2026-05-17 03:54:37,5,q80,0,29,762,6839,19485,100151,94050,2846,2875,25,784,0,4597,233564,0,0,14185165104,55573497,844328892,0,0,53052375,819,819,0,1571654634,1571654634,0,0,1571654634,53052375,14.64,6.84
687,2026-05-17 03:54:45,5,q80a,0,32,767,6669,18020,95229,90145,2903,2892,0,772,0,4477,233564,0,0,14657024136,55573497,844328892,0,0,53053332,830,830,0,1571770246,1571770246,0,0,1571667496,53052306,14.28,6.67
688,2026-05-17 03:54:53,5,q81,0,19,370,934,1797,5637,4643,1427,1433,0,20,0,234,2002992,0,0,2397107168,3899788,55276609,0,0,1372913,47,47,0,35451309,35451309,0,0,35451309,1372913,6.04,0.93
689,2026-05-17 03:54:55,5,q82,0,10,262,1350,2086,14132,11125,907,973,0,288,0,904,233564,0,0,1658418336,162032523,837941369,0,0,13778665,194,194,0,137239500,137239500,0,0,137239500,28800829,10.47,1.35
690,2026-05-17 03:54:57,5,q83,0,17,402,898,1230,6128,4859,1631,1582,0,170,0,358,788267,0,0,1261711248,5358962,38645838,0,0,43961,14,14,0,759663,759663,0,0,759663,43961,6.82,0.9
691,2026-05-17 03:54:59,5,q84,0,15,352,728,1244,3028,2206,1220,1341,0,0,0,168,9765521,0,0,615806688,5555676,31377947,0,0,2778710,20,20,0,14454870,14454870,0,0,14454870,2778710,4.16,0.73
692,2026-05-17 03:55:01,5,q85,0,18,472,1263,3856,8949,7077,1811,1859,2,210,0,124,17038411,0,0,8635287000,12032236,132128853,0,0,915638,92,92,0,33254834,33254834,0,0,33254834,915638,7.09,1.26
693,2026-05-17 03:55:03,5,q86,0,8,172,503,499,2088,1701,688,711,0,0,0,32,1868212,0,0,571272816,7322094,62330579,0,0,816,5,5,0,54749,54749,0,0,54749,816,4.15,0.5
694,2026-05-17 03:55:05,5,q86a,0,11,177,562,527,1900,1737,668,717,0,0,0,42,1868126,0,0,1110240560,7322094,62330579,0,0,2119,18,18,0,157721,157721,0,0,66577,929,3.38,0.56
695,2026-05-17 03:55:06,5,q87,0,15,353,1784,3556,19380,15813,1233,1236,0,0,0,1557,12830144,0,0,8122560600,50921040,67372607,0,0,1694835,473,473,0,44525260,44525260,0,0,44525260,1694835,10.86,1.78
696,2026-05-17 03:55:09,5,q88,0,44,1078,1692,5986,17594,14676,3897,4058,0,352,0,17,233564,0,0,514952960,230611400,283674948,0,0,160,160,160,0,9200,9200,0,0,9200,160,10.4,1.69
697,2026-05-17 03:55:12,5,q89,0,10,228,720,851,4939,4303,900,955,0,0,0,149,233564,0,0,946676392,28922616,194535107,0,0,49975,22,22,0,2298860,2298860,0,0,2298860,49975,6.86,0.72
698,2026-05-17 03:55:14,5,q90,0,14,338,422,798,2297,1641,1252,1359,0,0,0,4,232049,0,0,103596544,14447588,27906341,0,0,32,32,32,0,1816,1816,0,0,1816,32,5.44,0.42
699,2026-05-17 03:55:15,5,q91,0,17,390,787,1837,5000,3962,1584,1602,0,126,0,4,9580995,0,0,1037410344,4137931,32811519,0,0,53,5,5,0,7711,7711,0,0,4761,34,6.35,0.79
700,2026-05-17 03:55:17,5,q92,0,11,239,478,723,2976,2511,890,940,0,0,0,72,707825,0,0,110994360,14522186,123949851,0,0,135661,9,9,0,1837430,1837430,0,0,1837430,135661,6.23,0.48
701,2026-05-17 03:55:19,5,q93,0,8,204,3774,4256,44872,42863,875,711,0,100,0,1691,233331,0,0,5766380072,31678201,270344909,0,0,31635854,357,357,0,754631060,754631060,0,0,754631060,31635854,11.89,3.77
702,2026-05-17 03:55:24,5,q94,0,14,367,1694,2953,17732,16415,1435,1384,0,261,0,391,2580153,0,0,3571011840,15390508,100981412,0,0,14397040,153,153,0,217756751,217756751,0,0,217756751,14397040,10.47,1.69
703,2026-05-17 03:55:26,5,q95,0,14,367,3906,5347,51177,42784,1338,1404,0,1454,0,444,2580795,0,0,14560086280,15390504,97870635,0,0,35990240,357,357,0,319472623,319472623,0,0,196649755,14395274,13.1,3.91
704,2026-05-17 03:55:31,5,q96,0,9,224,481,677,3064,2136,1205,927,20,24,0,9,233564,0,0,63872480,28827816,35519274,0,0,20,20,20,0,1150,1150,0,0,1150,20,6.37,0.48
705,2026-05-17 03:55:33,5,q97,0,8,209,2062,2521,22071,19419,905,807,0,352,0,347,233564,0,0,6212927976,43220947,230731186,0,0,8377699,238,238,0,96908300,96908300,0,0,96908300,8377699,10.7,2.06
706,2026-05-17 03:55:36,5,q98,0,10,186,753,700,3847,3300,742,730,3,73,0,217,3361780,0,0,1690376016,28922513,250409050,0,0,106186,98,98,0,14472173,14472173,0,0,12501419,91022,5.11,0.75
707,2026-05-17 03:55:38,5,q99,0,11,275,759,1100,4394,3950,1123,1153,0,56,0,30,232690,0,0,156567144,14420493,41457888,0,0,2160,3,3,0,173855,173855,0,0,173855,2160,5.79,0.76
708,2026-05-17 03:55:40,6,q1,0,15,313,846,1420,7901,6415,1176,1177,3,18,0,1059,5101098,0,0,3337334424,6275389,66981045,0,0,1611249,182,182,0,25346727,25346727,0,0,25346727,1611249,9.34,0.85
709,2026-05-17 03:55:41,6,q2,0,14,294,872,995,6607,6067,1146,1229,15,87,0,75,755509,0,0,456068104,21713579,93455600,0,0,6838,44,44,0,352525,352525,0,0,127373,4198,7.58,0.87
710,2026-05-17 03:55:43,6,q3,0,7,175,440,441,3055,2552,675,718,0,0,0,109,233564,0,0,119963624,28975562,244265362,0,0,2998,10,10,0,206438,206438,0,0,206438,2998,6.94,0.44
711,2026-05-17 03:55:45,6,q4,0,28,573,7631,36644,115477,100211,1751,1817,5,1936,0,9884,1691203,0,0,39674206800,50941041,812341217,0,0,102286012,3503,3503,0,2536512620,2536512620,0,0,1273495988,51438627,15.13,7.63
712,2026-05-17 03:55:54,6,q5,0,22,690,2325,4469,26102,20127,2692,2697,1,400,0,678,318096,0,0,3294366800,62671087,552805534,0,0,7890286,132,132,0,109305611,109305611,0,0,109305611,7890286,11.23,2.33
713,2026-05-17 03:55:57,6,q5a,0,25,695,2206,4323,24262,21873,2534,2726,0,304,0,552,318139,0,0,3833334672,62671087,552805534,0,0,7892232,142,142,0,109464345,109464345,0,0,109331115,7890408,11.0,2.21
714,2026-05-17 03:56:01,6,q6,0,18,407,1597,2792,19174,17826,1628,1649,0,128,0,679,2121631,0,0,5099075256,29847566,158210908,0,0,27358702,206,206,0,240333811,240333811,0,0,240333811,27358702,12.01,1.6
715,2026-05-17 03:56:03,6,q7,0,12,288,1207,1503,9721,8819,1089,1175,0,0,0,117,788267,0,0,1080238624,30843824,430732679,0,0,71861,22,22,0,2549492,2549492,0,0,2549492,71861,8.05,1.21
716,2026-05-17 03:56:05,6,q8,0,16,337,902,1217,4974,4360,1405,1411,0,72,0,38,2373025,0,0,1792304608,29820618,139184655,0,0,6731,13,13,0,84406,84406,0,0,84406,6731,5.51,0.9
717,2026-05-17 03:56:07,6,q9,0,17,406,847,3428,9863,8148,1226,1414,0,224,0,16,233564,0,0,0,144002601,909538335,0,0,100,100,100,0,6957,6957,0,0,6957,100,11.64,0.85
718,2026-05-17 03:56:09,6,q10,0,18,437,1181,2327,9747,8318,1606,1592,0,288,0,389,29252425,0,0,3807972072,53091851,79308802,0,0,2400953,102,102,0,9684105,9684105,0,0,9684105,2400953,8.25,1.18
719,2026-05-17 03:56:12,6,q10a,0,15,436,1045,1616,6622,5426,1831,1642,9,336,0,690,29252554,0,0,4607448032,53091851,79308802,0,0,2368363,153,153,0,9644680,9644680,0,0,9644680,2368363,6.34,1.04
720,2026-05-17 03:56:14,6,q11,0,22,434,4199,13775,61318,53867,1329,1403,0,768,0,5469,1380159,0,0,26856842912,36540606,272799370,0,0,71770406,2006,2006,0,1051794768,1051794768,0,0,537186984,36215116,14.6,4.2
721,2026-05-17 03:56:19,6,q12,0,8,173,661,644,2330,1986,695,718,0,0,0,58,3286039,0,0,639059672,7322094,68674478,0,0,29116,10,10,0,3907960,3907960,0,0,3907960,29116,3.52,0.66
722,2026-05-17 03:56:21,6,q13,0,13,336,1378,1974,11676,9943,1313,1375,0,176,0,58,1311415,0,0,691209280,30998627,510444624,0,0,20,20,20,0,1371,1371,0,0,1371,20,8.47,1.38
723,2026-05-17 03:56:23,6,q14a,0,46,1080,6587,10647,60994,55353,4250,4138,2,1641,0,3163,1195253,0,0,9913299312,151671121,963979511,0,0,62586095,341,341,0,877745627,877745627,0,0,874734983,62499571,9.26,6.59
724,2026-05-17 03:56:32,6,q14b,0,40,1019,4927,9847,52394,48346,3939,4031,0,536,0,2421,1195253,0,0,8446696624,130216694,764382526,0,0,68363045,315,315,0,1013220196,1013220196,0,0,529303074,40855838,10.63,4.93
725,2026-05-17 03:56:38,6,q14,0,40,1016,4286,8893,45073,42105,4218,3988,12,727,0,2292,1169959,0,0,7563238792,130216694,764382526,0,0,68273662,280,280,0,1004568767,1004568767,0,0,520651645,40766455,10.52,4.29
726,2026-05-17 03:56:43,6,q15,0,9,231,936,1056,6210,5769,870,929,0,90,0,9,5046346,0,0,951797424,15170438,57613630,0,0,502,1,1,0,18324,18324,0,0,18324,502,6.63,0.94
727,2026-05-17 03:56:45,6,q16,0,14,377,2191,4112,29579,26034,1349,1394,0,176,0,1737,232088,0,0,4703921456,30510793,220163708,0,0,30114572,527,527,0,422214469,422214469,0,0,422214469,30114572,13.5,2.19
728,2026-05-17 03:56:49,6,q17,0,17,446,4613,7126,58868,55639,1789,1728,0,143,0,3118,6980564,0,0,7880912176,46220694,350661473,0,0,45538041,803,803,0,1089146303,1089146303,0,0,1089146303,45538041,12.76,4.61
729,2026-05-17 03:56:54,6,q18,0,16,407,1466,2507,7195,5943,2098,1660,0,132,0,25,9765521,0,0,3074056776,19114059,307642067,0,0,55958,9,9,0,3984849,3984849,0,0,3984849,55958,4.91,1.47
730,2026-05-17 03:56:57,6,q18a,0,32,898,3240,8941,33968,29828,4375,3590,12,572,0,199,9765607,0,0,14494187648,77567803,1437120549,0,0,63894,37,37,0,4339335,4339335,0,0,4339335,63894,10.48,3.24
731,2026-05-17 03:57:01,6,q19,0,13,335,990,1590,6874,5662,1291,1415,1,130,0,113,5046346,0,0,1599037304,29672618,279327952,0,0,7397,10,10,0,541770,541770,0,0,541770,7397,6.94,0.99
732,2026-05-17 03:57:03,6,q20,0,8,176,534,523,2346,1987,670,714,0,0,0,17,3286039,0,0,412686616,14522437,126467627,0,0,28486,2,2,0,3491832,3491832,0,0,3491832,28486,4.39,0.53
733,2026-05-17 03:57:05,6,q21,0,9,226,993,1109,7087,6270,935,938,0,126,0,10,233795,0,0,208677936,133232023,713967687,0,0,31850,1,1,0,679321,679321,0,0,679321,31850,7.14,0.99
734,2026-05-17 03:57:07,6,q22,0,10,243,56424,56492,117984,116883,1112,945,2,70,0,82,4653671,0,0,1753344224,133232025,713251977,0,0,612866,68,68,0,25729614,25729614,0,0,25729614,612866,2.09,56.42
735,2026-05-17 03:58:05,6,q22a,0,14,267,3347,3885,13766,11986,990,1029,0,122,0,1207,4653671,0,0,5660862736,133232023,713263481,0,0,918610,160,160,0,45113549,45113549,0,0,14511781,306922,4.11,3.35
736,2026-05-17 03:58:09,6,q23a,0,28,694,5984,11163,72705,69500,2435,2500,1,784,0,3117,6609801,0,0,12649074936,108664065,584236626,0,0,43897022,644,644,0,1114801317,1114801317,0,0,1084910550,41990015,12.15,5.98
737,2026-05-17 03:58:16,6,q23b,0,32,771,6380,12240,78975,73132,2782,2800,1,902,0,5196,6609758,0,0,25624416072,109164066,589047191,0,0,48673518,1314,1314,0,1200040261,1200040261,0,0,1097280516,42452497,12.38,6.38
738,2026-05-17 03:58:24,6,q24,0,14,366,2333,3787,28286,24871,1466,1407,3,200,0,1407,20739740,0,0,7068696000,32530259,315395647,0,0,29735885,340,340,0,678254112,678254112,0,0,678254112,29735885,12.12,2.33
739,2026-05-17 03:58:27,6,q24a,0,20,439,3681,5035,42492,40615,1669,1676,1,112,0,1635,18177746,0,0,16497845272,32632260,313347640,0,0,59478907,712,712,0,1357451922,1357451922,0,0,679197810,29743022,11.54,3.68
740,2026-05-17 03:58:32,6,q24b,0,20,439,2957,3995,31375,30481,1593,1702,2,112,0,1996,18177746,0,0,15891776752,32632260,313347640,0,0,59478765,700,700,0,1357428154,1357428154,0,0,679174042,29742880,10.61,2.96
741,2026-05-17 03:58:36,6,q25,0,17,446,4747,7468,60604,57751,1619,1696,0,368,0,3144,6980521,0,0,7880887560,46220694,491370233,0,0,45538038,800,800,0,1108759789,1108759789,0,0,1108759789,45538038,12.77,4.75
742,2026-05-17 03:58:42,6,q26,0,11,286,994,1305,6078,5323,1132,1183,0,60,0,33,788267,0,0,475734776,16443748,228736924,0,0,33482,3,3,0,1124909,1124909,0,0,1124909,33482,6.11,0.99
743,2026-05-17 03:58:44,6,q27,0,12,288,1030,1340,7793,7440,1106,1190,0,0,0,129,788267,0,0,1080698912,30843426,404290233,0,0,58884,22,22,0,2218125,2218125,0,0,2218125,58884,7.57,1.03
744,2026-05-17 03:58:46,6,q27a,0,20,533,1951,4313,20886,18106,2103,2114,0,404,0,461,788224,0,0,1806596672,88546552,1194499868,0,0,60793,43,43,0,2451360,2451360,0,0,2451360,60793,10.71,1.95
745,2026-05-17 03:58:49,6,q28,0,24,432,1824,4072,22436,17601,1846,1575,3,412,0,2478,233564,0,0,4462213584,172803066,1399177956,0,0,470650,66,66,0,7692048,7692048,0,0,7692048,470650,12.3,1.82
746,2026-05-17 03:58:52,6,q29,0,19,497,4574,7605,58752,55800,1838,1935,0,160,0,3501,6980521,0,0,7880995000,46240695,351135648,0,0,45538045,805,805,0,1089147078,1089147078,0,0,1089147078,45538045,12.84,4.57
747,2026-05-17 03:58:57,6,q30,0,17,356,798,1825,2856,1875,1357,1413,0,0,0,113,2002949,0,0,1060281576,2460554,45638775,0,0,755089,7,7,0,59269674,59269674,0,0,59269674,755089,3.58,0.8
748,2026-05-17 03:58:59,6,q31,0,30,623,1946,4418,19491,17004,2430,2356,1,8,0,1398,3851861,0,0,3849525224,108311813,549468360,0,0,79892,49,49,0,2737807,2737807,0,0,2515600,73108,10.02,1.95
749,2026-05-17 03:59:02,6,q32,0,11,247,590,881,4841,3867,1147,972,1,0,0,69,707099,0,0,120389400,28922872,239175994,0,0,55420,12,12,0,760429,760429,0,0,760429,55420,8.21,0.59
750,2026-05-17 03:59:04,6,q33,0,16,419,1114,1832,8869,6438,1677,1686,2,256,0,681,895616,0,0,1175635736,50875042,468010440,0,0,17063,18,18,0,450424,450424,0,0,450424,17063,7.96,1.11
751,2026-05-17 03:59:06,6,q34,0,14,310,884,1532,6204,5522,1109,1186,0,0,0,173,233521,0,0,301186776,29327817,78923980,0,0,1010675,16,16,0,34202764,34202764,0,0,17284999,510675,7.02,0.88
752,2026-05-17 03:59:08,6,q35,0,17,442,1244,2202,10916,9445,1716,1644,2,345,0,511,24091841,0,0,8158821272,53091851,79100920,0,0,6056644,255,255,0,16002181,16002181,0,0,16002181,6056644,8.77,1.24
753,2026-05-17 03:59:10,6,q35a,0,16,442,1086,1649,7171,6826,1670,1671,7,11,0,540,24091927,0,0,7370292408,53091851,79100920,0,0,6053558,255,255,0,16010477,16010477,0,0,16010477,6053558,6.6,1.09
754,2026-05-17 03:59:13,6,q36,0,10,227,758,899,5385,4891,879,949,0,0,0,75,1868212,0,0,1036986400,28922616,365253114,0,0,1769,11,11,0,138557,138557,0,0,138557,1769,7.1,0.76
755,2026-05-17 03:59:14,6,q36a,0,13,232,735,834,4469,4352,888,959,0,0,0,89,1868126,0,0,1575954272,28922616,365253114,0,0,4798,36,36,0,397299,397299,0,0,147261,1822,6.08,0.74
756,2026-05-17 03:59:16,6,q37,0,10,262,990,1425,8861,7914,968,975,0,310,0,350,233494,0,0,886656304,147632447,779814794,0,0,4316414,180,180,0,64485606,64485606,0,0,64485606,14400617,8.95,0.99
757,2026-05-17 03:59:18,6,q38,0,15,353,1960,4026,22413,18501,1261,1227,0,208,0,1576,12830273,0,0,8122560600,50921040,67372607,0,0,1694835,473,473,0,44525260,44525260,0,0,44525260,1694835,11.44,1.96
758,2026-05-17 03:59:21,6,q39a,0,17,381,2136,3969,19515,17429,1559,1490,0,168,0,365,805959,0,0,2907388416,266362034,1424951183,0,0,1567909,55,55,0,36859402,36859402,0,0,25188288,1057909,9.14,2.14
759,2026-05-17 03:59:25,6,q39b,0,17,381,1612,3161,14118,14035,1678,1486,0,200,0,165,524882,0,0,2839624192,266362034,1424951183,0,0,1531488,55,55,0,35748102,35748102,0,0,24076988,1021488,8.76,1.61
760,2026-05-17 03:59:27,6,q40,0,12,308,1905,3012,22806,21068,1247,1202,0,300,0,1116,233502,0,0,4141621464,15962340,138031653,0,0,15748014,357,357,0,309656666,309656666,0,0,309656666,15748014,11.97,1.9
761,2026-05-17 03:59:30,6,q41,0,6,108,351,286,1943,281,505,523,0,0,0,7,232093,0,0,270538656,204002,2005296,0,0,140,2,2,0,9680,9680,0,0,9680,140,5.54,0.35
762,2026-05-17 03:59:32,6,q42,0,7,175,528,541,3593,3106,682,720,0,0,0,25,233564,0,0,786960824,28922513,243884035,0,0,110,10,10,0,9116,9116,0,0,9116,110,6.8,0.53
763,2026-05-17 03:59:33,6,q43,0,7,173,717,749,5826,5272,673,734,0,126,0,28,233564,0,0,114629704,28820615,76617985,0,0,210,10,10,0,27084,27084,0,0,27084,210,8.13,0.72
764,2026-05-17 03:59:35,6,q44,0,11,206,653,723,4749,3975,698,751,0,0,0,177,1673996,0,0,1589568808,57703023,385315171,0,0,795972,120,120,0,10069011,10069011,0,0,5035816,398046,7.27,0.65
765,2026-05-17 03:59:37,6,q45,0,13,333,803,1338,3430,2451,1317,1350,0,0,0,8,5046346,0,0,2009365456,8092097,58673559,0,0,29,4,4,0,2649,2649,0,0,2649,29,4.27,0.8
766,2026-05-17 03:59:39,6,q46,0,13,333,852,1494,5858,5071,1357,1401,1,0,0,120,15378570,0,0,1039122784,29577818,254059120,0,0,27956,10,10,0,1371108,1371108,0,0,1371108,27956,6.88,0.85
767,2026-05-17 03:59:41,6,q47,0,15,287,1814,2714,18975,15476,962,1063,0,290,0,2383,2319872,0,0,6656509880,28922616,194256361,0,0,2665245,787,787,0,105360655,105360655,0,0,61757103,1560722,10.46,1.81
768,2026-05-17 03:59:44,6,q48,0,11,285,1355,1691,11297,10390,1100,1168,0,110,0,4,1331939,0,0,669220160,30991426,272019782,0,0,20,20,20,0,1160,1160,0,0,1160,20,8.34,1.36
769,2026-05-17 03:59:46,6,q49,0,25,510,1858,4325,20811,17965,1976,1810,3,232,0,2288,233374,0,0,4850067912,55458848,791936211,0,0,15195841,63,63,0,338276492,338276492,0,0,338276492,15195841,11.2,1.86
770,2026-05-17 03:59:49,6,q50,0,12,306,2196,3041,25455,23479,1119,1203,0,482,0,1475,372338,0,0,4687124776,31771307,220541182,0,0,29262054,357,357,0,629536939,629536939,0,0,629536939,29262054,11.59,2.2
771,2026-05-17 03:59:52,6,q51,0,13,289,2899,4060,37711,33497,846,901,0,736,0,3615,300713,0,0,9975730016,36020604,232094421,0,0,24415841,1679,1679,0,420202975,420202975,0,0,420202975,24415841,13.01,2.9
772,2026-05-17 03:59:56,6,q51a,0,17,355,20427,24270,266190,255594,1008,1043,0,2741,0,4418,460428,0,0,26931198392,36020604,232094421,0,0,47531016,2587,2587,0,789083626,789083626,0,0,575699561,36069050,13.03,20.43
773,2026-05-17 04:00:18,6,q52,0,7,175,568,581,4315,3793,678,710,0,0,0,115,233564,0,0,786960824,28922513,244080643,0,0,4250,10,10,0,266731,266731,0,0,266731,4250,7.6,0.57
774,2026-05-17 04:00:19,6,q53,0,10,227,713,853,5089,4089,902,964,8,104,0,131,233564,0,0,208086096,28922616,194810273,0,0,31394,11,11,0,661891,661891,0,0,661891,31394,7.14,0.71
775,2026-05-17 04:00:21,6,q54,0,26,644,1738,4509,19945,18031,2621,2653,0,608,0,755,5046346,0,0,2692837664,51386197,273652035,0,0,26873209,179,179,0,252845431,252845431,0,0,252845431,26873209,11.48,1.74
776,2026-05-17 04:00:24,6,q55,0,7,175,520,528,3365,2904,675,716,0,0,0,96,233564,0,0,786960824,28922513,244080643,0,0,3448,10,10,0,211879,211879,0,0,211879,3448,6.47,0.52
777,2026-05-17 04:00:25,6,q56,0,16,419,904,1380,6681,5325,1632,1693,8,128,0,454,466522,0,0,1234116536,50875042,468604876,0,0,10844,18,18,0,393359,393359,0,0,393359,10844,7.39,0.9
778,2026-05-17 04:00:27,6,q57,0,15,268,1640,2483,13795,11709,1013,1045,0,0,0,939,2319872,0,0,5374089408,14522462,95474808,0,0,1160477,378,378,0,45106093,45106093,0,0,33380317,851478,8.41,1.64
779,2026-05-17 04:00:30,6,q58,0,17,416,1257,2072,10256,8840,1605,1644,0,130,0,504,788267,0,0,2073645616,50669140,426578944,0,0,247040,25,25,0,3683252,3683252,0,0,3683252,247040,8.16,1.26
780,2026-05-17 04:00:33,6,q59,0,16,339,1182,2028,7811,7230,1330,1420,0,0,0,347,755509,0,0,1673170840,28913769,77329052,0,0,304460,132,132,0,12848240,12848240,0,0,6671264,170845,6.61,1.18
781,2026-05-17 04:00:35,6,q60,0,16,419,1109,1830,8638,7277,1654,1678,3,128,0,425,466522,0,0,1728975080,50875042,468539856,0,0,78428,19,19,0,1556823,1556823,0,0,1556823,78428,7.79,1.11
782,2026-05-17 04:00:37,6,q61,0,18,457,1214,2655,10634,9158,1725,1836,0,208,0,6,5046346,0,0,1246748000,58473630,585660397,0,0,40,40,40,0,2319,2319,0,0,2319,40,8.76,1.21
783,2026-05-17 04:00:39,6,q62,0,11,271,638,936,2791,2240,1057,1127,0,0,0,37,232006,0,0,138730216,7220168,27946993,0,0,1680,4,4,0,144678,144678,0,0,144678,1680,4.37,0.64
784,2026-05-17 04:00:41,6,q63,0,10,227,605,683,4004,3473,906,951,0,0,0,128,233564,0,0,208020560,28922616,194814369,0,0,12917,11,11,0,338316,338316,0,0,338316,12917,6.62,0.6
785,2026-05-17 04:00:43,6,q64,0,38,929,7080,17343,95930,87557,3815,3618,3,949,0,5344,13606693,0,0,35890420816,50412171,684921567,0,0,52026303,2318,2318,0,1952932789,1952932789,0,0,1806179638,48487731,13.55,7.08
786,2026-05-17 04:00:51,6,q65,0,15,348,1664,3007,21437,19144,1254,1260,1,160,0,1836,9209889,0,0,6116202576,57723127,391781499,0,0,11880061,391,391,0,391210910,391210910,0,0,391210910,11880061,12.88,1.66
787,2026-05-17 04:00:54,6,q66,0,14,343,1411,2277,11310,9770,1419,1438,0,0,0,22,232088,0,0,975454208,21660561,213478656,0,0,90,9,9,0,47940,47940,0,0,47940,90,8.02,1.41
788,2026-05-17 04:00:56,6,q67,0,10,243,7036,7184,74463,72742,994,987,0,672,0,1401,4653671,0,0,7594451448,28922616,221651539,0,0,11548825,187,187,0,866159379,866159379,0,0,866159379,11548825,10.58,7.04
789,2026-05-17 04:01:04,6,q67a,0,18,384,10671,36886,141076,131519,1223,1292,0,937,0,6307,4653628,0,0,26569738752,28922616,221651539,0,0,55551436,1700,1700,0,4120606392,4120606392,0,0,900577704,13218740,13.22,10.67
790,2026-05-17 04:01:16,6,q68,0,13,333,948,1715,6858,5862,1385,1379,1,80,0,109,15378570,0,0,568481352,29577818,391461381,0,0,6174,10,10,0,436284,436284,0,0,436284,6174,7.23,0.95
791,2026-05-17 04:01:18,6,q69,0,18,437,1175,2504,10105,8435,2027,1609,0,128,0,686,28817443,0,0,3806916136,53091851,79177214,0,0,1902033,101,101,0,9547581,9547581,0,0,9547581,1902033,8.6,1.18
792,2026-05-17 04:01:21,6,q70,0,14,297,1027,1129,7118,6595,1123,1207,0,0,0,44,233564,0,0,1101810584,57621229,269678191,0,0,209,22,22,0,10316,10316,0,0,10316,209,6.93,1.03
793,2026-05-17 04:01:23,6,q70a,0,17,302,965,1070,5815,5502,1229,1223,0,131,0,54,232962,0,0,902580896,57621229,269678191,0,0,240,47,47,0,14125,14125,0,0,8085,180,6.03,0.96
794,2026-05-17 04:01:25,6,q71,0,13,364,1093,1156,10026,8854,1369,1484,1,0,0,240,421741,0,0,956611448,50563041,453757793,0,0,32249,31,31,0,1647913,1647913,0,0,994773,21130,9.17,1.09
795,2026-05-17 04:01:27,6,q72,0,26,680,17756,22766,224711,218796,2630,2621,1,813,0,5179,6609801,0,0,19933730552,151146962,901568520,0,0,142246513,1469,1469,0,2047663467,2047663467,0,0,2047663467,142246513,12.66,17.76
796,2026-05-17 04:01:46,6,q73,0,14,310,807,1591,5834,4508,1315,1197,0,160,0,132,233521,0,0,299939544,29327817,78923980,0,0,1002732,16,16,0,33968188,33968188,0,0,17050423,502732,7.23,0.81
797,2026-05-17 04:01:48,6,q74,0,20,486,2087,4642,22646,18504,1830,1769,1,272,0,2513,15569619,0,0,13923889496,72541209,376808794,0,0,1763111,822,822,0,58849868,58849868,0,0,58849868,1763111,10.85,2.09
798,2026-05-17 04:01:51,6,q75,0,31,829,3482,7831,47196,38107,3230,2918,0,535,0,5065,317659,0,0,11831406064,105981888,1099567645,0,0,14156499,1088,1088,0,314442100,314442100,0,0,214470943,9118711,13.55,3.48
799,2026-05-17 04:01:55,6,q76,0,9,311,895,849,8789,7516,1172,1256,0,0,0,287,923844,0,0,2240847208,50576089,457506553,0,0,3127,24,24,0,261039,261039,0,0,261039,3127,9.82,0.9
800,2026-05-17 04:01:57,6,q77,0,23,559,1335,2514,11596,10107,2163,2092,3,35,0,171,233564,0,0,868584744,55459152,493899228,0,0,1757,44,44,0,120257,120257,0,0,120257,1757,8.69,1.34
801,2026-05-17 04:02:00,6,q77a,0,26,564,1280,2162,9225,8373,2123,2125,0,0,0,246,233159,0,0,1407552616,55459152,493899228,0,0,2221,55,55,0,176374,176374,0,0,134878,1891,7.21,1.28
802,2026-05-17 04:02:02,6,q78,0,18,502,5990,12420,85029,77394,1736,1772,2,1104,0,5171,6524755,0,0,19534062920,55458848,590453961,0,0,54207575,1326,1326,0,1579290498,1579290498,0,0,1579290498,54207575,14.2,5.99
803,2026-05-17 04:02:09,6,q79,0,12,283,815,1300,6133,5435,1093,1174,1,0,0,128,12830316,0,0,952877472,29327817,250526007,0,0,80366,22,22,0,2983082,2983082,0,0,2983082,80366,7.53,0.82
804,2026-05-17 04:02:11,6,q80,0,29,762,6571,18235,96552,90987,2833,2853,6,553,0,4637,233693,0,0,14185165104,55573497,844328892,0,0,53052375,819,819,0,1571654634,1571654634,0,0,1571654634,53052375,14.69,6.57
805,2026-05-17 04:02:19,6,q80a,0,32,767,6957,18488,100448,94518,2888,2907,0,498,0,4611,233564,0,0,14657024136,55573497,844328892,0,0,53053332,830,830,0,1571770246,1571770246,0,0,1571667496,53052306,14.44,6.96
806,2026-05-17 04:02:27,6,q81,0,19,370,1086,2053,7611,6335,1462,1420,0,12,0,236,2002949,0,0,2397107168,3899788,55276609,0,0,1372913,47,47,0,35451309,35451309,0,0,35451309,1372913,7.01,1.09
807,2026-05-17 04:02:29,6,q82,0,10,262,1258,1860,12627,11705,889,961,1,0,0,496,233564,0,0,1658418336,162032523,837941369,0,0,13778665,194,194,0,137239500,137239500,0,0,137239500,28800829,10.04,1.26
808,2026-05-17 04:02:32,6,q83,0,17,402,992,1476,6504,5552,1583,1594,0,0,0,237,788267,0,0,1261711248,5358962,38645838,0,0,43961,14,14,0,759663,759663,0,0,759663,43961,6.56,0.99
809,2026-05-17 04:02:34,6,q84,0,15,352,727,1232,3004,2178,1307,1345,0,112,0,167,9765521,0,0,615806688,5555676,31377947,0,0,2778710,20,20,0,14454870,14454870,0,0,14454870,2778710,4.13,0.73
810,2026-05-17 04:02:36,6,q85,0,18,472,1337,3806,9189,7256,1744,1854,0,0,0,117,17038024,0,0,8635287000,12032236,132128853,0,0,915638,92,92,0,33254834,33254834,0,0,33254834,915638,6.87,1.34
811,2026-05-17 04:02:38,6,q86,0,8,172,567,546,2224,1789,831,738,0,0,0,29,1868212,0,0,571272816,7322094,62330579,0,0,816,5,5,0,54749,54749,0,0,54749,816,3.92,0.57
812,2026-05-17 04:02:40,6,q86a,0,11,177,498,469,1626,1511,691,727,0,0,0,42,1868126,0,0,1110240560,7322094,62330579,0,0,2119,18,18,0,157721,157721,0,0,66577,929,3.27,0.5
813,2026-05-17 04:02:41,6,q87,0,15,353,1824,3580,20037,16571,1216,1234,0,160,0,1223,12830144,0,0,8122560600,50921040,67372607,0,0,1694835,473,473,0,44525260,44525260,0,0,44525260,1694835,10.99,1.82
814,2026-05-17 04:02:44,6,q88,0,44,1078,1779,6078,19217,16620,3886,4010,0,128,0,17,233564,0,0,514952960,230611400,283674948,0,0,160,160,160,0,9200,9200,0,0,9200,160,10.8,1.78
815,2026-05-17 04:02:47,6,q89,0,10,228,787,943,5601,4865,926,950,16,98,0,150,233564,0,0,946676392,28922616,194535107,0,0,49975,22,22,0,2298860,2298860,0,0,2298860,49975,7.12,0.79
816,2026-05-17 04:02:49,6,q90,0,14,338,441,834,2384,1732,1231,1327,0,0,0,4,232092,0,0,103596544,14447588,27906341,0,0,32,32,32,0,1816,1816,0,0,1816,32,5.41,0.44
817,2026-05-17 04:02:50,6,q91,0,17,390,819,1792,5352,4300,1515,1615,0,0,0,4,9580995,0,0,1037410344,4137931,32811519,0,0,53,5,5,0,7711,7711,0,0,4761,34,6.53,0.82
818,2026-05-17 04:02:52,6,q92,0,11,239,514,752,2983,2540,896,931,0,0,0,71,707825,0,0,110994360,14522186,123949851,0,0,135661,9,9,0,1837430,1837430,0,0,1837430,135661,5.8,0.51
819,2026-05-17 04:02:54,6,q93,0,8,204,3852,4309,46058,44398,676,712,0,240,0,1738,233331,0,0,5766380072,31678201,270344909,0,0,31635854,357,357,0,754631060,754631060,0,0,754631060,31635854,11.96,3.85
820,2026-05-17 04:02:59,6,q94,0,14,367,1646,2811,16250,15091,1318,1373,0,0,0,383,2580110,0,0,3571011840,15390508,100981412,0,0,14397040,153,153,0,217756751,217756751,0,0,217756751,14397040,9.87,1.65
821,2026-05-17 04:03:01,6,q95,0,14,367,3759,5143,47212,41094,1477,1445,0,1096,0,355,2580795,0,0,14560086280,15390504,97870635,0,0,35990240,357,357,0,319472623,319472623,0,0,196649755,14395274,12.56,3.76
822,2026-05-17 04:03:06,6,q96,0,9,224,469,659,2900,2104,1190,918,0,52,0,3,233564,0,0,63872480,28827816,35519274,0,0,20,20,20,0,1150,1150,0,0,1150,20,6.18,0.47
823,2026-05-17 04:03:08,6,q97,0,8,209,1965,2465,20685,18349,765,757,8,496,0,342,233564,0,0,6212927976,43220947,230731186,0,0,8377699,238,238,0,96908300,96908300,0,0,96908300,8377699,10.53,1.96
824,2026-05-17 04:03:11,6,q98,0,10,186,768,706,4226,3731,674,732,3,0,0,205,3361780,0,0,1690376016,28922513,250409050,0,0,106186,98,98,0,14472173,14472173,0,0,12501419,91022,5.5,0.77
825,2026-05-17 04:03:13,6,q99,0,11,275,788,1133,4299,3842,1077,1160,0,0,0,30,232088,0,0,156567144,14420493,41457888,0,0,2160,3,3,0,173855,173855,0,0,173855,2160,5.46,0.79
826,2026-05-17 04:03:14,7,q1,0,15,313,857,1456,8321,6976,1163,1188,0,96,0,771,5100797,0,0,3337334424,6275389,66981045,0,0,1611249,182,182,0,25346727,25346727,0,0,25346727,1611249,9.71,0.86
827,2026-05-17 04:03:16,7,q2,0,14,294,851,987,6481,5966,1127,1215,0,78,0,75,755509,0,0,456068104,21713579,93455600,0,0,6838,44,44,0,352525,352525,0,0,127373,4198,7.62,0.85
828,2026-05-17 04:03:18,7,q3,0,7,175,428,428,2898,2481,685,719,0,0,0,95,233607,0,0,119963624,28975562,244265362,0,0,2998,10,10,0,206438,206438,0,0,206438,2998,6.77,0.43
829,2026-05-17 04:03:20,7,q4,0,28,573,7693,37170,116641,103264,1700,1795,0,1482,0,10431,1691203,0,0,39674206800,50941041,812341217,0,0,102286012,3503,3503,0,2536512620,2536512620,0,0,1273495988,51438627,15.16,7.69
830,2026-05-17 04:03:29,7,q5,0,22,690,2130,4047,23712,20454,2570,2701,0,210,0,508,317451,0,0,3294366800,62671087,552805534,0,0,7890286,132,132,0,109305611,109305611,0,0,109305611,7890286,11.13,2.13
831,2026-05-17 04:03:32,7,q5a,0,25,695,2284,4414,25096,22954,2685,2675,0,240,0,654,317451,0,0,3833334672,62671087,552805534,0,0,7892232,142,142,0,109464345,109464345,0,0,109331115,7890408,10.99,2.28
832,2026-05-17 04:03:35,7,q6,0,18,407,1742,3057,20763,19012,1799,1645,17,231,0,848,2121631,0,0,5099075256,29847566,158210908,0,0,27358702,206,206,0,240333811,240333811,0,0,240333811,27358702,11.92,1.74
833,2026-05-17 04:03:38,7,q7,0,12,288,1063,1355,8216,7352,1093,1159,0,0,0,117,788267,0,0,1080238624,30843824,430732679,0,0,71861,22,22,0,2549492,2549492,0,0,2549492,71861,7.73,1.06
834,2026-05-17 04:03:40,7,q8,0,16,337,938,1256,5407,4580,1434,1415,0,234,0,38,2373025,0,0,1792304608,29820618,139184655,0,0,6731,13,13,0,84406,84406,0,0,84406,6731,5.76,0.94
835,2026-05-17 04:03:42,7,q9,0,17,406,824,3353,9478,8024,1251,1402,0,0,0,21,233564,0,0,0,144002601,909538335,0,0,100,100,100,0,6957,6957,0,0,6957,100,11.5,0.82
836,2026-05-17 04:03:44,7,q10,0,18,437,1197,2537,10709,8446,1872,1617,1,211,0,813,29252898,0,0,3807972072,53091851,79308802,0,0,2400953,102,102,0,9684105,9684105,0,0,9684105,2400953,8.95,1.2
837,2026-05-17 04:03:46,7,q10a,0,15,436,971,1402,5467,5149,1593,1655,1,0,0,496,29252468,0,0,4607448032,53091851,79308802,0,0,2368363,153,153,0,9644680,9644680,0,0,9644680,2368363,5.63,0.97
838,2026-05-17 04:03:49,7,q11,0,22,434,4487,14538,63692,55875,1440,1414,0,776,0,5093,1380159,0,0,26856842912,36540606,272799370,0,0,71770406,2006,2006,0,1051794768,1051794768,0,0,537186984,36215116,14.19,4.49
839,2026-05-17 04:03:54,7,q12,0,8,173,626,608,2415,2069,667,721,0,0,0,57,3286039,0,0,639059672,7322094,68674478,0,0,29116,10,10,0,3907960,3907960,0,0,3907960,29116,3.86,0.63
840,2026-05-17 04:03:56,7,q13,0,13,336,1416,2057,11764,10281,1368,1402,0,440,0,3,1311845,0,0,691209280,30998627,510444624,0,0,20,20,20,0,1371,1371,0,0,1371,20,8.31,1.42
841,2026-05-17 04:03:58,7,q14a,0,46,1080,6607,10731,60476,54762,4035,4057,0,2047,0,3145,1195253,0,0,9913299312,151671121,963979511,0,0,62586095,341,341,0,877745627,877745627,0,0,874734983,62499571,9.15,6.61
842,2026-05-17 04:04:07,7,q14b,0,40,1019,4803,9346,51410,47846,4208,3989,0,820,0,2059,1195253,0,0,8446696624,130216694,764382526,0,0,68363045,315,315,0,1013220196,1013220196,0,0,529303074,40855838,10.7,4.8
843,2026-05-17 04:04:13,7,q14,0,40,1016,4184,8459,44140,42117,4009,4002,8,592,0,2025,1169959,0,0,7563238792,130216694,764382526,0,0,68273662,280,280,0,1004568767,1004568767,0,0,520651645,40766455,10.55,4.18
844,2026-05-17 04:04:18,7,q15,0,9,231,1007,1144,6850,6440,907,959,0,48,0,9,5046346,0,0,951797424,15170438,57613630,0,0,502,1,1,0,18324,18324,0,0,18324,502,6.8,1.01
845,2026-05-17 04:04:20,7,q16,0,14,377,2128,4129,28943,24278,1385,1410,1,544,0,1737,232088,0,0,4703921456,30510793,220163708,0,0,30114572,527,527,0,422214469,422214469,0,0,422214469,30114572,13.6,2.13
846,2026-05-17 04:04:24,7,q17,0,17,446,4529,7055,57862,54985,1585,1702,7,229,0,3229,6980693,0,0,7880912176,46220694,350661473,0,0,45538041,803,803,0,1089146303,1089146303,0,0,1089146303,45538041,12.78,4.53
847,2026-05-17 04:04:29,7,q18,0,16,407,1216,2101,6885,5362,1561,1622,0,144,0,26,9765951,0,0,3074056776,19114059,307642067,0,0,55958,9,9,0,3984849,3984849,0,0,3984849,55958,5.66,1.22
848,2026-05-17 04:04:31,7,q18a,0,32,898,2861,7242,29133,25969,3759,3567,1,528,0,263,9765521,0,0,14494187648,77567803,1437120549,0,0,63894,37,37,0,4339335,4339335,0,0,4339335,63894,10.18,2.86
849,2026-05-17 04:04:35,7,q19,0,13,335,1184,1785,8259,7155,1288,1388,7,100,0,117,5046389,0,0,1599037304,29672618,279327952,0,0,7397,10,10,0,541770,541770,0,0,541770,7397,6.98,1.18
850,2026-05-17 04:04:38,7,q20,0,8,176,579,559,2768,2473,690,712,0,0,0,17,3286039,0,0,412686616,14522437,126467627,0,0,28486,2,2,0,3491832,3491832,0,0,3491832,28486,4.78,0.58
851,2026-05-17 04:04:39,7,q21,0,9,226,921,1035,6514,5957,906,949,3,0,0,10,233795,0,0,208677936,133232023,713967687,0,0,31850,1,1,0,679321,679321,0,0,679321,31850,7.07,0.92
852,2026-05-17 04:04:41,7,q22,0,10,243,57560,57661,119159,117961,951,959,0,250,0,62,4653671,0,0,1753344224,133232025,713251977,0,0,612866,68,68,0,25729614,25729614,0,0,25729614,612866,2.07,57.56
853,2026-05-17 04:05:40,7,q22a,0,14,267,3493,4068,14477,12933,952,1033,0,12,0,1254,4653628,0,0,5660862736,133232023,713263481,0,0,918610,160,160,0,45113549,45113549,0,0,14511781,306922,4.14,3.49
854,2026-05-17 04:05:45,7,q23a,0,28,694,6746,11015,74279,70760,2540,2544,1,578,0,3346,6609801,0,0,12649074936,108664065,584236626,0,0,43897022,644,644,0,1114801317,1114801317,0,0,1084910550,41990015,11.01,6.75
855,2026-05-17 04:05:52,7,q23b,0,32,771,6792,12904,85313,78744,2982,2789,1,1094,0,3447,6609801,0,0,25624416072,109164066,589047191,0,0,48673518,1314,1314,0,1200040261,1200040261,0,0,1097280516,42452497,12.56,6.79
856,2026-05-17 04:06:00,7,q24,0,14,366,2357,3747,28565,26309,1332,1390,4,208,0,1403,20739740,0,0,7068696000,32530259,315395647,0,0,29735885,340,340,0,678254112,678254112,0,0,678254112,29735885,12.12,2.36
857,2026-05-17 04:06:04,7,q24a,0,20,439,3661,5035,42633,40567,1582,1687,2,18,0,1645,18177574,0,0,16497845272,32632260,313347640,0,0,59478907,712,712,0,1357451922,1357451922,0,0,679197810,29743022,11.65,3.66
858,2026-05-17 04:06:09,7,q24b,0,20,439,3293,4755,35731,30491,1796,1675,5,144,0,4687,18177832,0,0,15891776752,32632260,313347640,0,0,59478765,700,700,0,1357428154,1357428154,0,0,679174042,29742880,10.85,3.29
859,2026-05-17 04:06:13,7,q25,0,17,446,4657,7251,59516,56919,1700,1706,0,359,0,3120,6980521,0,0,7880887560,46220694,491370233,0,0,45538038,800,800,0,1108759789,1108759789,0,0,1108759789,45538038,12.78,4.66
860,2026-05-17 04:06:19,7,q26,0,11,286,925,1250,6403,5711,1242,1186,0,105,0,33,788267,0,0,475734776,16443748,228736924,0,0,33482,3,3,0,1124909,1124909,0,0,1124909,33482,6.92,0.92
861,2026-05-17 04:06:21,7,q27,0,12,288,1067,1371,8205,7674,1128,1191,0,0,0,122,788267,0,0,1080698912,30843426,404290233,0,0,58884,22,22,0,2218125,2218125,0,0,2218125,58884,7.69,1.07
862,2026-05-17 04:06:23,7,q27a,0,20,533,1582,3527,16330,14980,2146,2150,0,395,0,643,788224,0,0,1806596672,88546552,1194499868,0,0,60793,43,43,0,2451360,2451360,0,0,2451360,60793,10.32,1.58
863,2026-05-17 04:06:25,7,q28,0,24,432,1739,3939,21380,16868,1728,1571,1,243,0,2815,233564,0,0,4462213584,172803066,1399177956,0,0,470650,66,66,0,7692048,7692048,0,0,7692048,470650,12.29,1.74
864,2026-05-17 04:06:28,7,q29,0,19,497,4667,7650,59879,56525,1786,1912,0,624,0,3534,6980521,0,0,7880995000,46240695,351135648,0,0,45538045,805,805,0,1089147078,1089147078,0,0,1089147078,45538045,12.83,4.67
865,2026-05-17 04:06:34,7,q30,0,17,356,797,1778,2788,1863,1334,1424,0,0,0,112,2002949,0,0,1060281576,2460554,45638775,0,0,755089,7,7,0,59269674,59269674,0,0,59269674,755089,3.5,0.8
866,2026-05-17 04:06:36,7,q31,0,30,623,1844,4258,18370,16040,2495,2372,0,176,0,1361,3851818,0,0,3849525224,108311813,549468360,0,0,79892,49,49,0,2737807,2737807,0,0,2515600,73108,9.96,1.84
867,2026-05-17 04:06:39,7,q32,0,11,247,533,787,4501,3632,949,945,0,105,0,99,707099,0,0,120389400,28922872,239175994,0,0,55420,12,12,0,760429,760429,0,0,760429,55420,8.44,0.53
868,2026-05-17 04:06:40,7,q33,0,16,419,1018,1569,7233,6041,1629,1674,0,0,0,471,895616,0,0,1175635736,50875042,468010440,0,0,17063,18,18,0,450424,450424,0,0,450424,17063,7.11,1.02
869,2026-05-17 04:06:43,7,q34,0,14,310,724,1368,4851,4167,1106,1188,0,0,0,191,233521,0,0,301186776,29327817,78923980,0,0,1010675,16,16,0,34202764,34202764,0,0,17284999,510675,6.7,0.72
870,2026-05-17 04:06:44,7,q35,0,17,442,1158,1969,9457,8245,1671,1641,28,240,0,539,24091841,0,0,8158821272,53091851,79100920,0,0,6056644,255,255,0,16002181,16002181,0,0,16002181,6056644,8.17,1.16
871,2026-05-17 04:06:47,7,q35a,0,16,442,1088,1652,7167,6923,1631,1642,3,0,0,534,24092013,0,0,7370292408,53091851,79100920,0,0,6053558,255,255,0,16010477,16010477,0,0,16010477,6053558,6.59,1.09
872,2026-05-17 04:06:49,7,q36,0,10,227,807,968,5973,4952,955,924,8,238,0,181,1868212,0,0,1036986400,28922616,365253114,0,0,1769,11,11,0,138557,138557,0,0,138557,1769,7.4,0.81
873,2026-05-17 04:06:51,7,q36a,0,13,232,816,914,5243,5140,894,953,0,0,0,92,1868169,0,0,1575954272,28922616,365253114,0,0,4798,36,36,0,397299,397299,0,0,147261,1822,6.43,0.82
874,2026-05-17 04:06:52,7,q37,0,10,262,991,1418,8868,8062,890,968,0,40,0,378,233494,0,0,886656304,147632447,779814794,0,0,4316414,180,180,0,64485606,64485606,0,0,64485606,14400617,8.95,0.99
875,2026-05-17 04:06:55,7,q38,0,15,353,1969,3892,21027,17651,1320,1243,0,90,0,1019,12830230,0,0,8122560600,50921040,67372607,0,0,1694835,473,473,0,44525260,44525260,0,0,44525260,1694835,10.68,1.97
876,2026-05-17 04:06:58,7,q39a,0,17,381,2052,3783,18303,16996,1428,1492,0,180,0,414,805959,0,0,2907388416,266362034,1424951183,0,0,1567909,55,55,0,36859402,36859402,0,0,25188288,1057909,8.92,2.05
877,2026-05-17 04:07:01,7,q39b,0,17,381,1678,3246,14739,14221,1577,1487,10,0,0,161,524839,0,0,2839624192,266362034,1424951183,0,0,1531488,55,55,0,35748102,35748102,0,0,24076988,1021488,8.78,1.68
878,2026-05-17 04:07:03,7,q40,0,12,308,1829,2746,21396,19666,1160,1205,0,304,0,1079,233330,0,0,4141621464,15962340,138031653,0,0,15748014,357,357,0,309656666,309656666,0,0,309656666,15748014,11.7,1.83
879,2026-05-17 04:07:06,7,q41,0,6,108,356,291,1982,276,477,516,0,0,0,7,232050,0,0,270538656,204002,2005296,0,0,140,2,2,0,9680,9680,0,0,9680,140,5.57,0.36
880,2026-05-17 04:07:08,7,q42,0,7,175,479,491,3535,3094,702,710,0,0,0,24,233564,0,0,786960824,28922513,243884035,0,0,110,10,10,0,9116,9116,0,0,9116,110,7.38,0.48
881,2026-05-17 04:07:09,7,q43,0,7,173,703,735,5709,5271,701,732,0,0,0,28,233564,0,0,114629704,28820615,76617985,0,0,210,10,10,0,27084,27084,0,0,27084,210,8.12,0.7
882,2026-05-17 04:07:11,7,q44,0,11,206,590,642,4048,3319,691,742,0,0,0,156,1673996,0,0,1589568808,57703023,385315171,0,0,795972,120,120,0,10069011,10069011,0,0,5035816,398046,6.86,0.59
883,2026-05-17 04:07:13,7,q45,0,13,333,772,1316,3070,2495,1276,1361,0,0,0,8,5046346,0,0,2009365456,8092097,58673559,0,0,29,4,4,0,2649,2649,0,0,2649,29,3.98,0.77
884,2026-05-17 04:07:15,7,q46,0,13,333,966,1627,6730,5795,1387,1398,1,90,0,124,15378570,0,0,1039122784,29577818,254059120,0,0,27956,10,10,0,1371108,1371108,0,0,1371108,27956,6.97,0.97
885,2026-05-17 04:07:17,7,q47,0,15,287,1805,2817,19208,16274,991,1062,0,0,0,2175,2319872,0,0,6656509880,28922616,194256361,0,0,2665245,787,787,0,105360655,105360655,0,0,61757103,1560722,10.64,1.8
886,2026-05-17 04:07:20,7,q48,0,11,285,1320,1674,10890,9546,1293,1166,8,376,0,109,1331939,0,0,669220160,30991426,272019782,0,0,20,20,20,0,1160,1160,0,0,1160,20,8.25,1.32
887,2026-05-17 04:07:22,7,q49,0,25,510,1776,4021,19114,16706,1817,1771,0,352,0,2244,233632,0,0,4850067912,55458848,791936211,0,0,15195841,63,63,0,338276492,338276492,0,0,338276492,15195841,10.76,1.78
888,2026-05-17 04:07:25,7,q50,0,12,306,2260,3097,27588,26217,1129,1188,8,72,0,1327,372338,0,0,4687124776,31771307,220541182,0,0,29262054,357,357,0,629536939,629536939,0,0,629536939,29262054,12.21,2.26
889,2026-05-17 04:07:28,7,q51,0,13,289,2930,4128,38327,34192,844,905,0,384,0,3831,300713,0,0,9975730016,36020604,232094421,0,0,24415841,1679,1679,0,420202975,420202975,0,0,420202975,24415841,13.08,2.93
890,2026-05-17 04:07:32,7,q51a,0,17,355,20292,23939,265306,255697,982,1041,0,2435,0,4173,460428,0,0,26931198392,36020604,232094421,0,0,47531016,2587,2587,0,789083626,789083626,0,0,575699561,36069050,13.07,20.29
891,2026-05-17 04:07:54,7,q52,0,7,175,424,437,2976,2481,662,711,0,0,0,124,233564,0,0,786960824,28922513,244080643,0,0,4250,10,10,0,266731,266731,0,0,266731,4250,7.02,0.42
892,2026-05-17 04:07:55,7,q53,0,10,227,663,788,4529,3634,908,951,0,117,0,145,233564,0,0,208086096,28922616,194810273,0,0,31394,11,11,0,661891,661891,0,0,661891,31394,6.83,0.66
893,2026-05-17 04:07:57,7,q54,0,26,644,1763,4748,19849,18036,2622,2661,0,112,0,1013,5046346,0,0,2692837664,51386197,273652035,0,0,26873209,179,179,0,252845431,252845431,0,0,252845431,26873209,11.26,1.76
894,2026-05-17 04:08:00,7,q55,0,7,175,502,513,3656,3198,798,710,0,112,0,104,233564,0,0,786960824,28922513,244080643,0,0,3448,10,10,0,211879,211879,0,0,211879,3448,7.28,0.5
895,2026-05-17 04:08:01,7,q56,0,16,419,895,1370,6707,5595,1629,1674,2,0,0,366,466522,0,0,1234116536,50875042,468604876,0,0,10844,18,18,0,393359,393359,0,0,393359,10844,7.49,0.9
896,2026-05-17 04:08:03,7,q57,0,15,268,1603,2462,13728,11619,993,1014,0,210,0,912,2319872,0,0,5374089408,14522462,95474808,0,0,1160477,378,378,0,45106093,45106093,0,0,33380317,851478,8.56,1.6
897,2026-05-17 04:08:06,7,q58,0,18,417,1240,1986,9657,8331,1621,1649,0,0,0,472,788267,0,0,2211009024,50669140,426578944,0,0,247081,27,27,0,3686832,3686832,0,0,3686832,247081,7.79,1.24
898,2026-05-17 04:08:08,7,q59,0,16,339,1174,1979,7793,7093,1306,1423,0,100,0,366,755509,0,0,1673170840,28913769,77329052,0,0,304460,132,132,0,12848240,12848240,0,0,6671264,170845,6.64,1.17
899,2026-05-17 04:08:10,7,q60,0,16,419,1343,1997,9398,7548,1688,1678,0,0,0,876,466522,0,0,1728975080,50875042,468539856,0,0,78428,19,19,0,1556823,1556823,0,0,1556823,78428,7.0,1.34
900,2026-05-17 04:08:13,7,q61,0,18,457,1079,2393,9492,7570,1731,1818,0,240,0,6,5046260,0,0,1246748000,58473630,585660397,0,0,40,40,40,0,2319,2319,0,0,2319,40,8.8,1.08
901,2026-05-17 04:08:15,7,q62,0,11,271,624,900,2721,2218,1061,1125,0,0,0,37,232006,0,0,138730216,7220168,27946993,0,0,1680,4,4,0,144678,144678,0,0,144678,1680,4.36,0.62
902,2026-05-17 04:08:17,7,q63,0,10,227,604,686,4046,3431,895,954,0,0,0,141,233564,0,0,208020560,28922616,194814369,0,0,12917,11,11,0,338316,338316,0,0,338316,12917,6.7,0.6
903,2026-05-17 04:08:18,7,q64,0,38,929,7117,17282,96697,90108,3717,3611,14,398,0,5144,13606607,0,0,35890420816,50412171,684921567,0,0,52026303,2318,2318,0,1952932789,1952932789,0,0,1806179638,48487731,13.59,7.12
904,2026-05-17 04:08:27,7,q65,0,15,348,1737,3097,22875,19799,1245,1242,3,176,0,2108,9209889,0,0,6116202576,57723127,391781499,0,0,11880061,391,391,0,391210910,391210910,0,0,391210910,11880061,13.17,1.74
905,2026-05-17 04:08:30,7,q66,0,14,343,1300,2109,9287,7821,1385,1437,0,0,0,23,232088,0,0,975454208,21660561,213478656,0,0,90,9,9,0,47940,47940,0,0,47940,90,7.14,1.3
906,2026-05-17 04:08:32,7,q67,0,10,243,7053,7180,74706,72982,897,977,0,562,0,1471,4653671,0,0,7594451448,28922616,221651539,0,0,11548825,187,187,0,866159379,866159379,0,0,866159379,11548825,10.59,7.05
907,2026-05-17 04:08:40,7,q67a,0,18,384,12133,45013,162512,127296,1228,1293,0,17907,0,6363,4653628,0,0,26569738752,28922616,221651539,0,0,55551436,1700,1700,0,4120606392,4120606392,0,0,900577704,13218740,13.39,12.13
908,2026-05-17 04:08:54,7,q68,0,13,333,1277,2170,9610,7994,1651,1415,16,96,0,114,15378570,0,0,568481352,29577818,391461381,0,0,6174,10,10,0,436284,436284,0,0,436284,6174,7.53,1.28
909,2026-05-17 04:08:56,7,q69,0,18,437,1268,2469,9678,7331,1943,1620,2,334,0,813,28817787,0,0,3806916136,53091851,79177214,0,0,1902033,101,101,0,9547581,9547581,0,0,9547581,1902033,7.63,1.27
910,2026-05-17 04:08:58,7,q70,0,14,297,1033,1137,7108,6504,1208,1212,0,140,0,44,234252,0,0,1101810584,57621229,269678191,0,0,209,22,22,0,10316,10316,0,0,10316,209,6.88,1.03
911,2026-05-17 04:09:00,7,q70a,0,17,302,959,1032,5946,5489,1187,1235,4,172,0,50,232962,0,0,902580896,57621229,269678191,0,0,240,47,47,0,14125,14125,0,0,8085,180,6.2,0.96
912,2026-05-17 04:09:02,7,q71,0,13,364,1133,1205,10540,7642,1447,1475,1,301,0,281,421741,0,0,956611448,50563041,453757793,0,0,32249,31,31,0,1647913,1647913,0,0,994773,21130,9.3,1.13
913,2026-05-17 04:09:05,7,q72,0,26,680,18723,25416,239302,215661,2847,2653,5,3948,0,5377,6609758,0,0,19933730552,151146962,901568520,0,0,142246513,1469,1469,0,2047663467,2047663467,0,0,2047663467,142246513,12.78,18.72
914,2026-05-17 04:09:24,7,q73,0,14,310,807,1533,5296,4082,1244,1183,7,176,0,136,233521,0,0,299939544,29327817,78923980,0,0,1002732,16,16,0,33968188,33968188,0,0,17050423,502732,6.56,0.81
915,2026-05-17 04:09:26,7,q74,0,20,486,2397,5209,25238,17811,2373,1818,8,750,0,2411,15569619,0,0,13923889496,72541209,376808794,0,0,1763111,822,822,0,58849868,58849868,0,0,58849868,1763111,10.53,2.4
916,2026-05-17 04:09:30,7,q75,0,31,829,3670,8052,49135,35024,3473,3113,6,1664,0,5028,317616,0,0,11831406064,105981888,1099567645,0,0,14156499,1088,1088,0,314442100,314442100,0,0,214470943,9118711,13.39,3.67
917,2026-05-17 04:09:35,7,q76,0,9,311,1017,962,9958,6689,1509,1263,0,160,0,255,923844,0,0,2240847208,50576089,457506553,0,0,3127,24,24,0,261039,261039,0,0,261039,3127,9.79,1.02
918,2026-05-17 04:09:37,7,q77,0,23,559,1532,2853,13459,9875,2711,2142,0,172,0,213,233564,0,0,868584744,55459152,493899228,0,0,1757,44,44,0,120257,120257,0,0,120257,1757,8.79,1.53
919,2026-05-17 04:09:39,7,q77a,0,26,564,1572,2779,12446,9427,2915,2138,15,278,0,331,233158,0,0,1407552616,55459152,493899228,0,0,2221,55,55,0,176374,176374,0,0,134878,1891,7.92,1.57
920,2026-05-17 04:09:42,7,q78,0,18,502,5818,12224,82812,68958,2036,1802,1,1730,0,5974,6524841,0,0,19534062920,55458848,590453961,0,0,54207575,1326,1326,0,1579290498,1579290498,0,0,1579290498,54207575,14.23,5.82
921,2026-05-17 04:09:49,7,q79,0,12,283,1077,1694,8258,6583,1410,1183,3,190,0,127,12830359,0,0,952877472,29327817,250526007,0,0,80366,22,22,0,2983082,2983082,0,0,2983082,80366,7.67,1.08
922,2026-05-17 04:09:51,7,q80,0,29,762,6773,18974,97770,87686,2896,2859,0,1204,0,5144,233588,0,0,14185165104,55573497,844328892,0,0,53052375,819,819,0,1571654634,1571654634,0,0,1571654634,53052375,14.44,6.77
923,2026-05-17 04:09:59,7,q80a,0,32,767,7017,19219,100310,90226,3286,2944,2,1564,0,6525,233650,0,0,14657024136,55573497,844328892,0,0,53053332,830,830,0,1571770246,1571770246,0,0,1571667496,53052306,14.3,7.02
924,2026-05-17 04:10:07,7,q81,0,19,370,1097,2103,8034,6852,1392,1404,0,82,0,228,2002949,0,0,2397107168,3899788,55276609,0,0,1372913,47,47,0,35451309,35451309,0,0,35451309,1372913,7.32,1.1
925,2026-05-17 04:10:10,7,q82,0,10,262,1410,2170,14180,11178,927,953,0,404,0,1035,233666,0,0,1658418336,162032523,837941369,0,0,13778665,194,194,0,137239500,137239500,0,0,137239500,28800829,10.06,1.41
926,2026-05-17 04:10:12,7,q83,0,17,402,939,1403,6748,5532,1574,1593,0,80,0,296,788267,0,0,1261711248,5358962,38645838,0,0,43961,14,14,0,759663,759663,0,0,759663,43961,7.19,0.94
927,2026-05-17 04:10:14,7,q84,0,15,352,784,1261,3193,2058,1245,1344,3,200,0,258,9765951,0,0,615806688,5555676,31377947,0,0,2778710,20,20,0,14454870,14454870,0,0,14454870,2778710,4.07,0.78
928,2026-05-17 04:10:16,7,q85,0,18,472,1227,3381,6758,5389,1990,1861,4,218,0,119,17038024,0,0,8635287000,12032236,132128853,0,0,915638,92,92,0,33254834,33254834,0,0,33254834,915638,5.51,1.23
929,2026-05-17 04:10:18,7,q86,0,8,172,493,489,2018,1676,670,707,0,0,0,29,1868212,0,0,571272816,7322094,62330579,0,0,816,5,5,0,54749,54749,0,0,54749,816,4.09,0.49
930,2026-05-17 04:10:20,7,q86a,0,11,177,493,469,1630,1502,690,719,0,0,0,44,1868212,0,0,1110240560,7322094,62330579,0,0,2119,18,18,0,157721,157721,0,0,66577,929,3.31,0.49
931,2026-05-17 04:10:21,7,q87,0,15,353,1686,3092,17428,14491,1268,1232,0,171,0,1188,12830187,0,0,8122560600,50921040,67372607,0,0,1694835,473,473,0,44525260,44525260,0,0,44525260,1694835,10.34,1.69
932,2026-05-17 04:10:24,7,q88,0,44,1078,1821,6053,19399,16717,4007,4037,0,286,0,17,233564,0,0,514952960,230611400,283674948,0,0,160,160,160,0,9200,9200,0,0,9200,160,10.65,1.82
933,2026-05-17 04:10:27,7,q89,0,10,228,890,1015,6435,5622,953,948,0,64,0,147,234252,0,0,946676392,28922616,194535107,0,0,49975,22,22,0,2298860,2298860,0,0,2298860,49975,7.23,0.89
934,2026-05-17 04:10:29,7,q90,0,14,338,453,931,2517,1902,1243,1322,0,0,0,4,232049,0,0,103596544,14447588,27906341,0,0,32,32,32,0,1816,1816,0,0,1816,32,5.56,0.45
935,2026-05-17 04:10:31,7,q91,0,17,390,783,1784,5173,4143,1576,1601,0,145,0,5,9580995,0,0,1037410344,4137931,32811519,0,0,53,5,5,0,7711,7711,0,0,4761,34,6.61,0.78
936,2026-05-17 04:10:32,7,q92,0,11,239,461,712,2903,2468,893,939,0,0,0,70,707825,0,0,110994360,14522186,123949851,0,0,135661,9,9,0,1837430,1837430,0,0,1837430,135661,6.3,0.46
937,2026-05-17 04:10:34,7,q93,0,8,204,3865,4302,48035,45168,684,697,0,320,0,1734,233331,0,0,5766380072,31678201,270344909,0,0,31635854,357,357,0,754631060,754631060,0,0,754631060,31635854,12.43,3.86
938,2026-05-17 04:10:39,7,q94,0,14,367,1659,2750,16300,14916,1294,1358,0,248,0,394,2580153,0,0,3571011840,15390508,100981412,0,0,14397040,153,153,0,217756751,217756751,0,0,217756751,14397040,9.83,1.66
939,2026-05-17 04:10:42,7,q95,0,14,367,4413,5900,53504,39941,1674,1443,0,1497,0,363,2580838,0,0,14560086280,15390504,97870635,0,0,35990240,357,357,0,319472623,319472623,0,0,196649755,14395274,12.12,4.41
940,2026-05-17 04:10:47,7,q96,0,9,224,479,651,3225,2181,995,919,0,0,0,2,233564,0,0,63872480,28827816,35519274,0,0,20,20,20,0,1150,1150,0,0,1150,20,6.73,0.48
941,2026-05-17 04:10:49,7,q97,0,8,209,2196,2748,23456,17630,1017,810,4,414,0,345,233564,0,0,6212927976,43220947,230731186,0,0,8377699,238,238,0,96908300,96908300,0,0,96908300,8377699,10.68,2.2
942,2026-05-17 04:10:52,7,q98,0,10,186,984,904,5612,4634,799,732,3,0,0,222,3361780,0,0,1690376016,28922513,250409050,0,0,106186,98,98,0,14472173,14472173,0,0,12501419,91022,5.7,0.98
943,2026-05-17 04:10:54,7,q99,0,11,275,841,1215,4920,4077,1231,1153,14,140,0,31,232694,0,0,156567144,14420493,41457888,0,0,2160,3,3,0,173855,173855,0,0,173855,2160,5.85,0.84
944,2026-05-17 04:10:56,8,q1,0,15,313,916,1555,9036,7508,1195,1180,0,136,0,883,5100797,0,0,3337334424,6275389,66981045,0,0,1611249,182,182,0,25346727,25346727,0,0,25346727,1611249,9.86,0.92
945,2026-05-17 04:10:58,8,q2,0,14,294,832,980,6296,5733,1143,1221,0,134,0,83,755509,0,0,456068104,21713579,93455600,0,0,6838,44,44,0,352525,352525,0,0,127373,4198,7.57,0.83
946,2026-05-17 04:11:00,8,q3,0,7,175,487,483,3506,2735,679,711,1,112,0,111,233564,0,0,119963624,28975562,244265362,0,0,2998,10,10,0,206438,206438,0,0,206438,2998,7.2,0.49
947,2026-05-17 04:11:01,8,q4,0,28,573,8338,39788,124328,99812,2157,1883,0,2631,0,10530,1691203,0,0,39674206800,50941041,812341217,0,0,102286012,3503,3503,0,2536512620,2536512620,0,0,1273495988,51438627,14.91,8.34
948,2026-05-17 04:11:11,8,q5,0,22,690,2510,4902,27584,21549,3160,2745,4,435,0,564,318139,0,0,3294366800,62671087,552805534,0,0,7890286,132,132,0,109305611,109305611,0,0,109305611,7890286,10.99,2.51
949,2026-05-17 04:11:14,8,q5a,0,25,695,2420,4814,26857,22847,2938,2757,0,352,0,594,318139,0,0,3833334672,62671087,552805534,0,0,7892232,142,142,0,109464345,109464345,0,0,109331115,7890408,11.1,2.42
950,2026-05-17 04:11:18,8,q6,0,18,407,1681,2848,20462,16950,1657,1663,0,288,0,729,2121631,0,0,5099075256,29847566,158210908,0,0,27358702,206,206,0,240333811,240333811,0,0,240333811,27358702,12.17,1.68
951,2026-05-17 04:11:21,8,q7,0,12,288,1319,1712,10638,9193,1329,1183,0,7,0,125,788310,0,0,1080238624,30843824,430732679,0,0,71861,22,22,0,2549492,2549492,0,0,2549492,71861,8.07,1.32
952,2026-05-17 04:11:23,8,q8,0,16,337,896,1179,4976,4351,1306,1418,0,0,0,39,2373025,0,0,1792304608,29820618,139184655,0,0,6731,13,13,0,84406,84406,0,0,84406,6731,5.55,0.9
953,2026-05-17 04:11:25,8,q9,0,17,406,905,3723,10724,8178,1237,1381,0,195,0,30,233564,0,0,0,144002601,909538335,0,0,100,100,100,0,6957,6957,0,0,6957,100,11.85,0.9
954,2026-05-17 04:11:27,8,q10,0,18,437,1284,2447,9654,6999,1898,1657,3,434,0,619,29252554,0,0,3807972072,53091851,79308802,0,0,2400953,102,102,0,9684105,9684105,0,0,9684105,2400953,7.52,1.28
955,2026-05-17 04:11:29,8,q10a,0,15,436,995,1534,6026,5467,1766,1643,13,0,0,451,29252941,0,0,4607448032,53091851,79308802,0,0,2368363,153,153,0,9644680,9644680,0,0,9644680,2368363,6.06,1.0
956,2026-05-17 04:11:32,8,q11,0,22,434,4394,14908,64488,58402,1386,1414,1,485,0,5383,1380159,0,0,26856842912,36540606,272799370,0,0,71770406,2006,2006,0,1051794768,1051794768,0,0,537186984,36215116,14.68,4.39
957,2026-05-17 04:11:37,8,q12,0,8,173,583,569,2171,1818,659,702,0,0,0,54,3286039,0,0,639059672,7322094,68674478,0,0,29116,10,10,0,3907960,3907960,0,0,3907960,29116,3.72,0.58
958,2026-05-17 04:11:39,8,q13,0,13,336,1420,2034,11532,10124,1337,1374,1,0,0,3,1311415,0,0,691209280,30998627,510444624,0,0,20,20,20,0,1371,1371,0,0,1371,20,8.12,1.42
959,2026-05-17 04:11:41,8,q14a,0,46,1080,6741,11340,62681,56766,4175,4061,0,1742,0,3305,1195253,0,0,9913299312,151671121,963979511,0,0,62586095,341,341,0,877745627,877745627,0,0,874734983,62499571,9.3,6.74
960,2026-05-17 04:11:50,8,q14b,0,40,1019,4817,9545,51069,47373,3853,3974,55,526,0,2204,1195253,0,0,8446696624,130216694,764382526,0,0,68363045,315,315,0,1013220196,1013220196,0,0,529303074,40855838,10.6,4.82
961,2026-05-17 04:11:56,8,q14,0,40,1016,4382,9271,47039,42723,3984,4001,14,613,0,2236,1170002,0,0,7563238792,130216694,764382526,0,0,68273662,280,280,0,1004568767,1004568767,0,0,520651645,40766455,10.73,4.38
962,2026-05-17 04:12:02,8,q15,0,9,231,966,1096,6910,6382,904,942,0,144,0,10,5046346,0,0,951797424,15170438,57613630,0,0,502,1,1,0,18324,18324,0,0,18324,502,7.15,0.97
963,2026-05-17 04:12:04,8,q16,0,14,377,2331,4316,32028,28003,1425,1394,0,528,0,1931,232088,0,0,4703921456,30510793,220163708,0,0,30114572,527,527,0,422214469,422214469,0,0,422214469,30114572,13.74,2.33
964,2026-05-17 04:12:07,8,q17,0,17,446,4833,7680,62042,54127,2211,1782,23,491,0,3341,6980564,0,0,7880912176,46220694,350661473,0,0,45538041,803,803,0,1089146303,1089146303,0,0,1089146303,45538041,12.84,4.83
965,2026-05-17 04:12:13,8,q18,0,16,407,1384,2513,8146,6452,1888,1699,0,140,0,26,9765521,0,0,3074056776,19114059,307642067,0,0,55958,9,9,0,3984849,3984849,0,0,3984849,55958,5.89,1.38
966,2026-05-17 04:12:15,8,q18a,0,32,898,3149,8038,32835,29307,3796,3526,0,424,0,246,9765521,0,0,14494187648,77567803,1437120549,0,0,63894,37,37,0,4339335,4339335,0,0,4339335,63894,10.43,3.15
967,2026-05-17 04:12:20,8,q19,0,13,335,954,1592,6479,5394,1395,1393,0,186,0,116,5046346,0,0,1599037304,29672618,279327952,0,0,7397,10,10,0,541770,541770,0,0,541770,7397,6.79,0.95
968,2026-05-17 04:12:22,8,q20,0,8,176,575,552,2550,2139,692,709,0,104,0,18,3286039,0,0,412686616,14522437,126467627,0,0,28486,2,2,0,3491832,3491832,0,0,3491832,28486,4.43,0.57
969,2026-05-17 04:12:23,8,q21,0,9,226,984,1152,7159,6090,1018,945,0,0,0,11,233795,0,0,208677936,133232023,713967687,0,0,31850,1,1,0,679321,679321,0,0,679321,31850,7.28,0.98
970,2026-05-17 04:12:25,8,q22,0,10,243,56479,56560,118212,116965,957,943,0,180,0,69,4653671,0,0,1753344224,133232025,713251977,0,0,612866,68,68,0,25729614,25729614,0,0,25729614,612866,2.09,56.48
971,2026-05-17 04:13:23,8,q22a,0,14,267,3276,3868,14007,12134,1005,1007,0,145,0,1308,4653585,0,0,5660862736,133232023,713263481,0,0,918610,160,160,0,45113549,45113549,0,0,14511781,306922,4.28,3.28
972,2026-05-17 04:13:27,8,q23a,0,28,694,6313,11793,76924,70049,2478,2480,0,1662,0,3675,6609758,0,0,12649074936,108664065,584236626,0,0,43897022,644,644,0,1114801317,1114801317,0,0,1084910550,41990015,12.19,6.31
973,2026-05-17 04:13:35,8,q23b,0,32,771,6573,12261,80741,75767,2726,2744,1,1202,0,3571,6609758,0,0,25624416072,109164066,589047191,0,0,48673518,1314,1314,0,1200040261,1200040261,0,0,1097280516,42452497,12.28,6.57
974,2026-05-17 04:13:42,8,q24,0,14,366,2461,3915,28682,26352,1314,1387,5,242,0,1384,20739740,0,0,7068696000,32530259,315395647,0,0,29735885,340,340,0,678254112,678254112,0,0,678254112,29735885,11.65,2.46
975,2026-05-17 04:13:46,8,q24a,0,20,439,3629,5086,42500,39870,1599,1672,2,593,0,1782,18177832,0,0,16497845272,32632260,313347640,0,0,59478907,712,712,0,1357451922,1357451922,0,0,679197810,29743022,11.71,3.63
976,2026-05-17 04:13:51,8,q24b,0,20,439,2890,3940,30520,30184,1719,1696,2,138,0,1623,18177746,0,0,15891776752,32632260,313347640,0,0,59478765,700,700,0,1357428154,1357428154,0,0,679174042,29742880,10.56,2.89
977,2026-05-17 04:13:55,8,q25,0,17,446,4767,7598,61881,57806,1744,1717,1,699,0,2947,6980521,0,0,7880887560,46220694,491370233,0,0,45538038,800,800,0,1108759789,1108759789,0,0,1108759789,45538038,12.98,4.77
978,2026-05-17 04:14:01,8,q26,0,11,286,1052,1354,8095,7469,1098,1195,0,0,0,33,788267,0,0,475734776,16443748,228736924,0,0,33482,3,3,0,1124909,1124909,0,0,1124909,33482,7.69,1.05
979,2026-05-17 04:14:03,8,q27,0,12,288,996,1312,7646,7244,1140,1209,0,80,0,130,788267,0,0,1080698912,30843426,404290233,0,0,58884,22,22,0,2218125,2218125,0,0,2218125,58884,7.68,1.0
980,2026-05-17 04:14:05,8,q27a,0,20,533,1501,3323,15361,14026,2112,2135,0,330,0,485,788267,0,0,1806596672,88546552,1194499868,0,0,60793,43,43,0,2451360,2451360,0,0,2451360,60793,10.23,1.5
981,2026-05-17 04:14:07,8,q28,0,24,432,1737,4050,21587,17771,1700,1558,0,234,0,2181,233564,0,0,4462213584,172803066,1399177956,0,0,470650,66,66,0,7692048,7692048,0,0,7692048,470650,12.43,1.74
982,2026-05-17 04:14:10,8,q29,0,19,497,4591,7617,59389,56136,1801,1930,0,448,0,3170,6980521,0,0,7880995000,46240695,351135648,0,0,45538045,805,805,0,1089147078,1089147078,0,0,1089147078,45538045,12.94,4.59
983,2026-05-17 04:14:16,8,q30,0,17,356,809,1795,2713,1859,1403,1429,0,88,0,114,2002949,0,0,1060281576,2460554,45638775,0,0,755089,7,7,0,59269674,59269674,0,0,59269674,755089,3.35,0.81
984,2026-05-17 04:14:18,8,q31,0,29,622,1866,4098,18186,15575,2480,2373,0,110,0,1451,3851818,0,0,3849394152,108311813,549468360,0,0,74049,45,45,0,2558111,2558111,0,0,2449142,72209,9.75,1.87
985,2026-05-17 04:14:21,8,q32,0,11,247,522,776,4358,3895,914,937,0,0,0,57,707099,0,0,120389400,28922872,239175994,0,0,55420,12,12,0,760429,760429,0,0,760429,55420,8.35,0.52
986,2026-05-17 04:14:22,8,q33,0,16,419,1018,1655,7822,6506,1734,1692,0,112,0,519,895616,0,0,1175635736,50875042,468010440,0,0,17063,18,18,0,450424,450424,0,0,450424,17063,7.68,1.02
987,2026-05-17 04:14:24,8,q34,0,14,310,922,1520,6800,6032,1097,1165,0,110,0,182,233521,0,0,301186776,29327817,78923980,0,0,1010675,16,16,0,34202764,34202764,0,0,17284999,510675,7.38,0.92
988,2026-05-17 04:14:26,8,q35,0,17,442,1271,2133,10090,8906,1677,1643,0,99,0,573,24091841,0,0,8158821272,53091851,79100920,0,0,6056644,255,255,0,16002181,16002181,0,0,16002181,6056644,7.94,1.27
989,2026-05-17 04:14:29,8,q35a,0,16,442,1043,1584,7014,6710,1638,1638,2,0,0,629,24091841,0,0,7370292408,53091851,79100920,0,0,6053558,255,255,0,16010477,16010477,0,0,16010477,6053558,6.72,1.04
990,2026-05-17 04:14:31,8,q36,0,10,227,793,974,5806,5050,923,948,0,249,0,76,1868212,0,0,1036986400,28922616,365253114,0,0,1769,11,11,0,138557,138557,0,0,138557,1769,7.32,0.79
991,2026-05-17 04:14:33,8,q36a,0,13,232,766,857,4627,4520,879,968,0,0,0,87,1868169,0,0,1575954272,28922616,365253114,0,0,4798,36,36,0,397299,397299,0,0,147261,1822,6.04,0.77
992,2026-05-17 04:14:34,8,q37,0,10,262,1042,1488,9684,8235,910,967,0,320,0,603,233494,0,0,886656304,147632447,779814794,0,0,4316414,180,180,0,64485606,64485606,0,0,64485606,14400617,9.29,1.04
993,2026-05-17 04:14:37,8,q38,0,15,353,1686,3166,17964,14673,1220,1237,0,250,0,1302,12830144,0,0,8122560600,50921040,67372607,0,0,1694835,473,473,0,44525260,44525260,0,0,44525260,1694835,10.65,1.69
994,2026-05-17 04:14:39,8,q39a,0,17,381,2126,3898,18873,17035,1535,1486,0,87,0,453,805959,0,0,2907388416,266362034,1424951183,0,0,1567909,55,55,0,36859402,36859402,0,0,25188288,1057909,8.88,2.13
995,2026-05-17 04:14:43,8,q39b,0,17,381,1968,3835,17325,14972,1899,1506,0,358,0,174,524882,0,0,2839624192,266362034,1424951183,0,0,1531488,55,55,0,35748102,35748102,0,0,24076988,1021488,8.8,1.97
996,2026-05-17 04:14:46,8,q40,0,12,308,1767,2697,21674,20236,1135,1201,0,0,0,1231,233287,0,0,4141621464,15962340,138031653,0,0,15748014,357,357,0,309656666,309656666,0,0,309656666,15748014,12.27,1.77
997,2026-05-17 04:14:48,8,q41,0,6,108,353,289,1926,277,492,534,0,0,0,7,232050,0,0,270538656,204002,2005296,0,0,140,2,2,0,9680,9680,0,0,9680,140,5.46,0.35
998,2026-05-17 04:14:50,8,q42,0,7,175,413,428,2888,2362,765,719,0,176,0,23,233564,0,0,786960824,28922513,243884035,0,0,110,10,10,0,9116,9116,0,0,9116,110,6.99,0.41
999,2026-05-17 04:14:51,8,q43,0,7,173,673,702,5430,5007,684,717,0,0,0,29,233564,0,0,114629704,28820615,76617985,0,0,210,10,10,0,27084,27084,0,0,27084,210,8.07,0.67
1000,2026-05-17 04:14:53,8,q44,0,11,206,596,662,4220,3452,680,745,0,0,0,180,1673996,0,0,1589568808,57703023,385315171,0,0,795972,120,120,0,10069011,10069011,0,0,5035816,398046,7.08,0.6
1001,2026-05-17 04:14:55,8,q45,0,13,333,815,1397,3155,2464,1282,1367,24,148,0,8,5046346,0,0,2009365456,8092097,58673559,0,0,29,4,4,0,2649,2649,0,0,2649,29,3.87,0.82
1002,2026-05-17 04:14:57,8,q46,0,13,333,990,1649,7009,6334,1328,1386,1,0,0,114,15378570,0,0,1039122784,29577818,254059120,0,0,27956,10,10,0,1371108,1371108,0,0,1371108,27956,7.08,0.99
1003,2026-05-17 04:14:59,8,q47,0,15,287,1859,2876,19530,16519,1016,1064,0,101,0,2253,2319872,0,0,6656509880,28922616,194256361,0,0,2665245,787,787,0,105360655,105360655,0,0,61757103,1560722,10.51,1.86
1004,2026-05-17 04:15:02,8,q48,0,11,285,1323,1657,10256,9233,1080,1151,0,240,0,5,1331939,0,0,669220160,30991426,272019782,0,0,20,20,20,0,1160,1160,0,0,1160,20,7.75,1.32
1005,2026-05-17 04:15:04,8,q49,0,25,510,1799,4172,19944,17123,1951,1804,1,54,0,2371,233994,0,0,4850067912,55458848,791936211,0,0,15195841,63,63,0,338276492,338276492,0,0,338276492,15195841,11.09,1.8
1006,2026-05-17 04:15:07,8,q50,0,12,306,2254,3098,26848,24059,1156,1188,12,176,0,1335,372338,0,0,4687124776,31771307,220541182,0,0,29262054,357,357,0,629536939,629536939,0,0,629536939,29262054,11.91,2.25
1007,2026-05-17 04:15:10,8,q51,0,13,289,2974,4181,38817,34444,853,901,0,496,0,4053,300713,0,0,9975730016,36020604,232094421,0,0,24415841,1679,1679,0,420202975,420202975,0,0,420202975,24415841,13.05,2.97
1008,2026-05-17 04:15:14,8,q51a,0,17,355,20845,24716,272732,249783,1030,1038,0,2587,0,4023,460428,0,0,26931198392,36020604,232094421,0,0,47531016,2587,2587,0,789083626,789083626,0,0,575699561,36069050,13.08,20.84
1009,2026-05-17 04:15:36,8,q52,0,7,175,492,497,3394,2724,707,719,0,0,0,117,233564,0,0,786960824,28922513,244080643,0,0,4250,10,10,0,266731,266731,0,0,266731,4250,6.9,0.49
1010,2026-05-17 04:15:38,8,q53,0,10,227,672,806,4571,3946,888,922,0,0,0,131,233564,0,0,208086096,28922616,194810273,0,0,31394,11,11,0,661891,661891,0,0,661891,31394,6.8,0.67
1011,2026-05-17 04:15:40,8,q54,0,26,644,1778,4610,20045,18101,2709,2662,0,588,0,788,5046346,0,0,2692837664,51386197,273652035,0,0,26873209,179,179,0,252845431,252845431,0,0,252845431,26873209,11.27,1.78
1012,2026-05-17 04:15:42,8,q55,0,7,175,713,725,5061,4607,681,712,0,0,0,91,233564,0,0,786960824,28922513,244080643,0,0,3448,10,10,0,211879,211879,0,0,211879,3448,7.1,0.71
1013,2026-05-17 04:15:44,8,q56,0,16,419,938,1575,7343,6009,1663,1663,6,78,0,432,466522,0,0,1234116536,50875042,468604876,0,0,10844,18,18,0,393359,393359,0,0,393359,10844,7.83,0.94
1014,2026-05-17 04:15:46,8,q57,0,15,268,1638,2432,13238,10799,1179,1044,0,8,0,651,2319872,0,0,5374089408,14522462,95474808,0,0,1160477,378,378,0,45106093,45106093,0,0,33380317,851478,8.08,1.64
1015,2026-05-17 04:15:49,8,q58,0,17,416,1235,2001,9680,8432,1612,1630,0,28,0,573,788267,0,0,2073645616,50669140,426578944,0,0,247040,25,25,0,3683252,3683252,0,0,3683252,247040,7.84,1.24
1016,2026-05-17 04:15:51,8,q59,0,16,339,1177,2005,7794,7154,1357,1428,0,112,0,351,755509,0,0,1673170840,28913769,77329052,0,0,304460,132,132,0,12848240,12848240,0,0,6671264,170845,6.62,1.18
1017,2026-05-17 04:15:54,8,q60,0,16,419,1121,1807,8722,7412,1620,1632,0,192,0,522,466522,0,0,1728975080,50875042,468539856,0,0,78428,19,19,0,1556823,1556823,0,0,1556823,78428,7.78,1.12
1018,2026-05-17 04:15:56,8,q61,0,18,457,1112,2427,9880,7811,1708,1826,0,224,0,32,5046346,0,0,1246748000,58473630,585660397,0,0,40,40,40,0,2319,2319,0,0,2319,40,8.88,1.11
1019,2026-05-17 04:15:58,8,q62,0,11,271,622,916,2673,2189,1083,1133,0,0,0,37,232006,0,0,138730216,7220168,27946993,0,0,1680,4,4,0,144678,144678,0,0,144678,1680,4.3,0.62
1020,2026-05-17 04:16:00,8,q63,0,10,227,603,725,3919,3319,900,933,0,0,0,127,233564,0,0,208020560,28922616,194814369,0,0,12917,11,11,0,338316,338316,0,0,338316,12917,6.5,0.6
1021,2026-05-17 04:16:01,8,q64,0,38,929,7102,17088,95955,87893,3786,3605,6,851,0,5152,13606650,0,0,35890420816,50412171,684921567,0,0,52026303,2318,2318,0,1952932789,1952932789,0,0,1806179638,48487731,13.51,7.1
1022,2026-05-17 04:16:10,8,q65,0,15,348,1695,3068,22041,19578,1408,1245,1,256,0,1738,9209932,0,0,6116202576,57723127,391781499,0,0,11880061,391,391,0,391210910,391210910,0,0,391210910,11880061,13.0,1.7
1023,2026-05-17 04:16:13,8,q66,0,14,343,1302,2100,9923,8190,1380,1434,0,160,0,22,232088,0,0,975454208,21660561,213478656,0,0,90,9,9,0,47940,47940,0,0,47940,90,7.62,1.3
1024,2026-05-17 04:16:15,8,q67,0,10,243,7125,7245,75844,73850,911,983,0,702,0,1515,4653671,0,0,7594451448,28922616,221651539,0,0,11548825,187,187,0,866159379,866159379,0,0,866159379,11548825,10.64,7.12
1025,2026-05-17 04:16:23,8,q67a,0,18,384,10427,36016,137870,129030,1204,1269,0,1120,0,5379,4653671,0,0,26569738752,28922616,221651539,0,0,55551436,1700,1700,0,4120606392,4120606392,0,0,900577704,13218740,13.22,10.43
1026,2026-05-17 04:16:35,8,q68,0,13,333,1008,1723,7628,6240,1288,1381,1,196,0,112,15378570,0,0,568481352,29577818,391461381,0,0,6174,10,10,0,436284,436284,0,0,436284,6174,7.57,1.01
1027,2026-05-17 04:16:37,8,q69,0,18,437,1061,2019,8032,6896,1617,1593,4,0,0,522,28817572,0,0,3806916136,53091851,79177214,0,0,1902033,101,101,0,9547581,9547581,0,0,9547581,1902033,7.57,1.06
1028,2026-05-17 04:16:39,8,q70,0,14,297,1003,1097,6931,6315,1237,1227,1,168,0,43,234166,0,0,1101810584,57621229,269678191,0,0,209,22,22,0,10316,10316,0,0,10316,209,6.91,1.0
1029,2026-05-17 04:16:41,8,q70a,0,17,302,930,995,5708,5556,1144,1232,0,0,0,46,232962,0,0,902580896,57621229,269678191,0,0,240,47,47,0,14125,14125,0,0,8085,180,6.14,0.93
1030,2026-05-17 04:16:43,8,q71,0,13,364,1062,1133,10194,8775,1387,1466,8,128,0,222,421741,0,0,956611448,50563041,453757793,0,0,32249,31,31,0,1647913,1647913,0,0,994773,21130,9.6,1.06
1031,2026-05-17 04:16:45,8,q72,0,26,680,17631,23624,222730,217423,2721,2644,1,1182,0,4713,6609801,0,0,19933730552,151146962,901568520,0,0,142246513,1469,1469,0,2047663467,2047663467,0,0,2047663467,142246513,12.63,17.63
1032,2026-05-17 04:17:04,8,q73,0,14,310,684,1310,4634,3939,1159,1168,0,70,0,132,233521,0,0,299939544,29327817,78923980,0,0,1002732,16,16,0,33968188,33968188,0,0,17050423,502732,6.77,0.68
1033,2026-05-17 04:17:06,8,q74,0,20,486,2253,5115,24895,20741,1841,1766,5,240,0,2188,15569619,0,0,13923889496,72541209,376808794,0,0,1763111,822,822,0,58849868,58849868,0,0,58849868,1763111,11.05,2.25
1034,2026-05-17 04:17:09,8,q75,0,31,829,3339,7476,45389,37443,2969,2907,0,432,0,4997,317616,0,0,11831406064,105981888,1099567645,0,0,14156499,1088,1088,0,314442100,314442100,0,0,214470943,9118711,13.59,3.34
1035,2026-05-17 04:17:14,8,q76,0,9,311,976,922,10259,8852,1174,1239,0,24,0,241,923844,0,0,2240847208,50576089,457506553,0,0,3127,24,24,0,261039,261039,0,0,261039,3127,10.51,0.98
1036,2026-05-17 04:17:16,8,q77,0,23,559,1288,2333,11472,9143,2308,2099,0,143,0,406,233564,0,0,868584744,55459152,493899228,0,0,1757,44,44,0,120257,120257,0,0,120257,1757,8.91,1.29
1037,2026-05-17 04:17:18,8,q77a,0,26,564,1332,2371,10690,9621,2215,2116,0,265,0,231,233779,0,0,1407552616,55459152,493899228,0,0,2221,55,55,0,176374,176374,0,0,134878,1891,8.03,1.33
1038,2026-05-17 04:17:21,8,q78,0,18,502,5605,11577,80781,73990,1726,1773,0,720,0,5380,6524970,0,0,19534062920,55458848,590453961,0,0,54207575,1326,1326,0,1579290498,1579290498,0,0,1579290498,54207575,14.41,5.6
1039,2026-05-17 04:17:27,8,q79,0,12,283,891,1379,6927,5972,1075,1148,1,112,0,118,12830316,0,0,952877472,29327817,250526007,0,0,80366,22,22,0,2983082,2983082,0,0,2983082,80366,7.77,0.89
1040,2026-05-17 04:17:29,8,q80,0,29,762,6573,18302,96553,88868,2833,2899,0,1162,0,4724,233564,0,0,14185165104,55573497,844328892,0,0,53052375,819,819,0,1571654634,1571654634,0,0,1571654634,53052375,14.69,6.57
1041,2026-05-17 04:17:37,8,q80a,0,32,767,6830,18005,98868,93126,2719,2860,0,830,0,4987,233564,0,0,14657024136,55573497,844328892,0,0,53053332,830,830,0,1571770246,1571770246,0,0,1571667496,53052306,14.48,6.83
1042,2026-05-17 04:17:45,8,q81,0,17,368,1049,1977,7419,6295,1418,1420,0,0,0,221,2002949,0,0,2741754728,3899788,55276609,0,0,1305082,60,60,0,34629655,34629655,0,0,34629655,1305082,7.07,1.05
1043,2026-05-17 04:17:47,8,q82,0,10,262,1297,1961,12924,11903,917,960,0,198,0,434,233564,0,0,1658418336,162032523,837941369,0,0,13778665,194,194,0,137239500,137239500,0,0,137239500,28800829,9.96,1.3
1044,2026-05-17 04:17:49,8,q83,0,17,402,952,1272,6466,4848,1622,1575,0,0,0,347,788267,0,0,1261711248,5358962,38645838,0,0,43961,14,14,0,759663,759663,0,0,759663,43961,6.79,0.95
1045,2026-05-17 04:17:51,8,q84,0,15,352,708,1214,2792,1982,1234,1349,0,0,0,190,9765521,0,0,615806688,5555676,31377947,0,0,2778710,20,20,0,14454870,14454870,0,0,14454870,2778710,3.94,0.71
1046,2026-05-17 04:17:53,8,q85,0,18,472,1253,3685,7665,5938,1883,1849,0,175,0,117,17038024,0,0,8635287000,12032236,132128853,0,0,915638,92,92,0,33254834,33254834,0,0,33254834,915638,6.12,1.25
1047,2026-05-17 04:17:56,8,q86,0,8,172,514,505,2095,1730,696,708,0,96,0,29,1868212,0,0,571272816,7322094,62330579,0,0,816,5,5,0,54749,54749,0,0,54749,816,4.08,0.51
1048,2026-05-17 04:17:57,8,q86a,0,11,177,507,484,1699,1534,679,705,0,0,0,42,1868126,0,0,1110240560,7322094,62330579,0,0,2119,18,18,0,157721,157721,0,0,66577,929,3.35,0.51
1049,2026-05-17 04:17:59,8,q87,0,15,353,1843,3690,20630,16848,1224,1245,0,304,0,1392,12830144,0,0,8122560600,50921040,67372607,0,0,1694835,473,473,0,44525260,44525260,0,0,44525260,1694835,11.19,1.84
1050,2026-05-17 04:18:02,8,q88,0,44,1078,1808,6420,19603,16882,3873,4038,22,135,0,18,233564,0,0,514952960,230611400,283674948,0,0,160,160,160,0,9200,9200,0,0,9200,160,10.84,1.81
1051,2026-05-17 04:18:05,8,q89,0,10,228,670,812,4445,3812,873,946,0,0,0,144,233564,0,0,946676392,28922616,194535107,0,0,49975,22,22,0,2298860,2298860,0,0,2298860,49975,6.63,0.67
1052,2026-05-17 04:18:06,8,q90,0,14,338,441,870,2412,1694,1362,1350,0,104,0,4,232651,0,0,103596544,14447588,27906341,0,0,32,32,32,0,1816,1816,0,0,1816,32,5.47,0.44
1053,2026-05-17 04:18:08,8,q91,0,17,390,793,1764,4904,3962,1509,1609,1,0,0,4,9581038,0,0,1037410344,4137931,32811519,0,0,53,5,5,0,7711,7711,0,0,4761,34,6.18,0.79
1054,2026-05-17 04:18:10,8,q92,0,11,239,465,718,3153,2421,917,933,0,135,0,67,707825,0,0,110994360,14522186,123949851,0,0,135661,9,9,0,1837430,1837430,0,0,1837430,135661,6.78,0.46
1055,2026-05-17 04:18:11,8,q93,0,8,204,3802,4228,45087,43444,677,697,0,0,0,1948,233331,0,0,5766380072,31678201,270344909,0,0,31635854,357,357,0,754631060,754631060,0,0,754631060,31635854,11.86,3.8
1056,2026-05-17 04:18:16,8,q94,0,14,367,1536,2751,14429,13057,1435,1372,0,128,0,386,2580067,0,0,3571011840,15390508,100981412,0,0,14397040,153,153,0,217756751,217756751,0,0,217756751,14397040,9.39,1.54
1057,2026-05-17 04:18:19,8,q95,0,14,367,3957,5317,51324,39939,1442,1423,0,1806,0,378,2580838,0,0,14560086280,15390504,97870635,0,0,35990240,357,357,0,319472623,319472623,0,0,196649755,14395274,12.97,3.96
1058,2026-05-17 04:18:24,8,q96,0,9,224,472,654,3140,2132,1082,923,0,0,0,6,233607,0,0,63872480,28827816,35519274,0,0,20,20,20,0,1150,1150,0,0,1150,20,6.65,0.47
1059,2026-05-17 04:18:25,8,q97,0,8,209,2288,2825,24858,18743,998,816,0,399,0,340,233564,0,0,6212927976,43220947,230731186,0,0,8377699,238,238,0,96908300,96908300,0,0,96908300,8377699,10.86,2.29
1060,2026-05-17 04:18:29,8,q98,0,10,186,888,801,4603,3694,790,728,6,0,0,205,3361780,0,0,1690376016,28922513,250409050,0,0,106186,98,98,0,14472173,14472173,0,0,12501419,91022,5.18,0.89
1061,2026-05-17 04:18:30,8,q99,0,11,275,804,1136,5092,4578,1071,1137,0,0,0,30,232088,0,0,156567144,14420493,41457888,0,0,2160,3,3,0,173855,173855,0,0,173855,2160,6.33,0.8
1062,2026-05-17 04:18:32,9,q1,0,15,313,919,1515,8405,6846,1357,1179,14,126,0,945,5100797,0,0,3337334424,6275389,66981045,0,0,1611249,182,182,0,25346727,25346727,0,0,25346727,1611249,9.15,0.92
1063,2026-05-17 04:18:34,9,q2,0,14,294,849,1012,6586,5974,1146,1201,0,150,0,76,755509,0,0,456068104,21713579,93455600,0,0,6838,44,44,0,352525,352525,0,0,127373,4198,7.76,0.85
1064,2026-05-17 04:18:36,9,q3,0,7,175,425,427,2879,2455,671,708,0,0,0,109,233564,0,0,119963624,28975562,244265362,0,0,2998,10,10,0,206438,206438,0,0,206438,2998,6.77,0.42
1065,2026-05-17 04:18:38,9,q4,0,28,573,8351,39459,126168,99266,1930,1852,0,2702,0,11844,1691203,0,0,39674206800,50941041,812341217,0,0,102286012,3503,3503,0,2536512620,2536512620,0,0,1273495988,51438627,15.11,8.35
1066,2026-05-17 04:18:47,9,q5,0,22,690,2204,4513,24369,20631,2954,2739,0,217,0,562,317451,0,0,3294366800,62671087,552805534,0,0,7890286,132,132,0,109305611,109305611,0,0,109305611,7890286,11.06,2.2
1067,2026-05-17 04:18:51,9,q5a,0,25,695,2561,4832,28115,23181,2564,2709,8,574,0,608,318139,0,0,3833334672,62671087,552805534,0,0,7892232,142,142,0,109464345,109464345,0,0,109331115,7890408,10.98,2.56
1068,2026-05-17 04:18:54,9,q6,0,18,407,1606,2822,18901,17567,1651,1660,0,128,0,641,2121631,0,0,5099075256,29847566,158210908,0,0,27358702,206,206,0,240333811,240333811,0,0,240333811,27358702,11.77,1.61
1069,2026-05-17 04:18:57,9,q7,0,12,288,1041,1336,8165,7232,1093,1164,0,0,0,116,788267,0,0,1080238624,30843824,430732679,0,0,71861,22,22,0,2549492,2549492,0,0,2549492,71861,7.84,1.04
1070,2026-05-17 04:18:59,9,q8,0,16,337,982,1263,5981,5312,1357,1417,0,56,0,38,2373025,0,0,1792304608,29820618,139184655,0,0,6731,13,13,0,84406,84406,0,0,84406,6731,6.09,0.98
1071,2026-05-17 04:19:01,9,q9,0,17,406,864,3404,10160,8657,1202,1378,0,110,0,15,233564,0,0,0,144002601,909538335,0,0,100,100,100,0,6957,6957,0,0,6957,100,11.76,0.86
1072,2026-05-17 04:19:03,9,q10,0,18,437,1205,2297,10011,8649,1584,1617,3,100,0,367,29252511,0,0,3807972072,53091851,79308802,0,0,2400953,102,102,0,9684105,9684105,0,0,9684105,2400953,8.31,1.2
1073,2026-05-17 04:19:05,9,q10a,0,15,436,1043,1474,5709,5149,1617,1635,4,0,0,454,29252468,0,0,4607448032,53091851,79308802,0,0,2368363,153,153,0,9644680,9644680,0,0,9644680,2368363,5.47,1.04
1074,2026-05-17 04:19:08,9,q11,0,22,434,4560,15403,66410,54394,1586,1422,0,932,0,5804,1380159,0,0,26856842912,36540606,272799370,0,0,71770406,2006,2006,0,1051794768,1051794768,0,0,537186984,36215116,14.56,4.56
1075,2026-05-17 04:19:13,9,q12,0,8,173,620,604,2382,1992,678,706,0,0,0,57,3286039,0,0,639059672,7322094,68674478,0,0,29116,10,10,0,3907960,3907960,0,0,3907960,29116,3.84,0.62
1076,2026-05-17 04:19:15,9,q13,0,13,336,1301,1972,10526,9389,1357,1367,0,120,0,4,1311415,0,0,691209280,30998627,510444624,0,0,20,20,20,0,1371,1371,0,0,1371,20,8.09,1.3
1077,2026-05-17 04:19:17,9,q14a,0,46,1080,6440,10148,58311,53558,3937,4107,0,1218,0,3136,1195253,0,0,9913299312,151671121,963979511,0,0,62586095,341,341,0,877745627,877745627,0,0,874734983,62499571,9.05,6.44
1078,2026-05-17 04:19:26,9,q14b,0,40,1019,4860,9378,51996,48543,4038,3983,1,471,0,2059,1195253,0,0,8446696624,130216694,764382526,0,0,68363045,315,315,0,1013220196,1013220196,0,0,529303074,40855838,10.7,4.86
1079,2026-05-17 04:19:32,9,q14,0,40,1016,4288,8706,45249,41809,3970,4020,24,709,0,2177,1169959,0,0,7563238792,130216694,764382526,0,0,68273662,280,280,0,1004568767,1004568767,0,0,520651645,40766455,10.55,4.29
1080,2026-05-17 04:19:37,9,q15,0,9,231,922,1045,6278,5807,870,947,0,110,0,9,5046346,0,0,951797424,15170438,57613630,0,0,502,1,1,0,18324,18324,0,0,18324,502,6.81,0.92
1081,2026-05-17 04:19:39,9,q16,0,14,377,2252,4013,31534,27970,1279,1376,0,208,0,1532,232088,0,0,4703921456,30510793,220163708,0,0,30114572,527,527,0,422214469,422214469,0,0,422214469,30114572,14.0,2.25
1082,2026-05-17 04:19:43,9,q17,0,17,446,4598,7144,58848,54763,1700,1690,1,477,0,3354,6980564,0,0,7880912176,46220694,350661473,0,0,45538041,803,803,0,1089146303,1089146303,0,0,1089146303,45538041,12.8,4.6
1083,2026-05-17 04:19:48,9,q18,0,16,407,1291,2169,7086,6098,1522,1607,7,77,0,26,9765521,0,0,3074056776,19114059,307642067,0,0,55958,9,9,0,3984849,3984849,0,0,3984849,55958,5.49,1.29
1084,2026-05-17 04:19:51,9,q18a,0,32,898,3048,8005,32746,28751,3637,3565,0,432,0,171,9765521,0,0,14494187648,77567803,1437120549,0,0,63894,37,37,0,4339335,4339335,0,0,4339335,63894,10.74,3.05
1085,2026-05-17 04:19:55,9,q19,0,13,335,992,1593,6847,5881,1268,1385,0,178,0,113,5046647,0,0,1599037304,29672618,279327952,0,0,7397,10,10,0,541770,541770,0,0,541770,7397,6.9,0.99
1086,2026-05-17 04:19:57,9,q20,0,8,176,619,605,3024,2673,671,716,0,0,0,17,3286039,0,0,412686616,14522437,126467627,0,0,28486,2,2,0,3491832,3491832,0,0,3491832,28486,4.89,0.62
1087,2026-05-17 04:19:59,9,q21,0,9,226,933,1046,6435,5865,885,947,0,48,0,11,233795,0,0,208677936,133232023,713967687,0,0,31850,1,1,0,679321,679321,0,0,679321,31850,6.9,0.93
1088,2026-05-17 04:20:01,9,q22,0,10,243,58298,58379,121864,120619,936,953,0,158,0,63,4653671,0,0,1753344224,133232025,713251977,0,0,612866,68,68,0,25729614,25729614,0,0,25729614,612866,2.09,58.3
1089,2026-05-17 04:21:00,9,q22a,0,14,267,3365,3934,14385,12268,948,1018,0,326,0,1404,4653585,0,0,5660862736,133232023,713263481,0,0,918610,160,160,0,45113549,45113549,0,0,14511781,306922,4.27,3.36
1090,2026-05-17 04:21:04,9,q23a,0,28,694,6170,11462,75445,71645,2421,2508,0,1026,0,3519,6609758,0,0,12649074936,108664065,584236626,0,0,43897022,644,644,0,1114801317,1114801317,0,0,1084910550,41990015,12.23,6.17
1091,2026-05-17 04:21:12,9,q23b,0,32,771,6505,12390,80911,75994,2911,2778,2,1020,0,3924,6609758,0,0,25624416072,109164066,589047191,0,0,48673518,1314,1314,0,1200040261,1200040261,0,0,1097280516,42452497,12.44,6.5
1092,2026-05-17 04:21:19,9,q24,0,14,366,2356,3800,28730,26542,1415,1393,2,190,0,1388,20739740,0,0,7068696000,32530259,315395647,0,0,29735885,340,340,0,678254112,678254112,0,0,678254112,29735885,12.19,2.36
1093,2026-05-17 04:21:23,9,q24a,0,20,439,3806,5363,43659,40340,1687,1671,1,104,0,1682,18177789,0,0,16497845272,32632260,313347640,0,0,59478907,712,712,0,1357451922,1357451922,0,0,679197810,29743022,11.47,3.81
1094,2026-05-17 04:21:28,9,q24b,0,20,439,2963,4199,31313,30752,1785,1677,1,208,0,1790,18177789,0,0,15891776752,32632260,313347640,0,0,59478765,700,700,0,1357428154,1357428154,0,0,679174042,29742880,10.57,2.96
1095,2026-05-17 04:21:32,9,q25,0,17,446,4792,7493,60595,56834,1762,1692,1,448,0,3146,6980521,0,0,7880887560,46220694,491370233,0,0,45538038,800,800,0,1108759789,1108759789,0,0,1108759789,45538038,12.65,4.79
1096,2026-05-17 04:21:38,9,q26,0,11,286,909,1196,6422,5654,1103,1165,0,140,0,33,788267,0,0,475734776,16443748,228736924,0,0,33482,3,3,0,1124909,1124909,0,0,1124909,33482,7.06,0.91
1097,2026-05-17 04:21:40,9,q27,0,12,288,1033,1343,8264,7690,1118,1204,0,0,0,323,788267,0,0,1080698912,30843426,404290233,0,0,58884,22,22,0,2218125,2218125,0,0,2218125,58884,8.0,1.03
1098,2026-05-17 04:21:42,9,q27a,0,20,533,1624,3468,16328,14571,1994,2127,1,432,0,730,788224,0,0,1806596672,88546552,1194499868,0,0,60793,43,43,0,2451360,2451360,0,0,2451360,60793,10.05,1.62
1099,2026-05-17 04:21:44,9,q28,0,24,432,1715,4045,21477,17723,1759,1550,2,280,0,2237,233564,0,0,4462213584,172803066,1399177956,0,0,470650,66,66,0,7692048,7692048,0,0,7692048,470650,12.52,1.72
1100,2026-05-17 04:21:47,9,q29,0,19,497,4659,7745,60058,55815,1893,1927,0,446,0,3686,6980521,0,0,7880995000,46240695,351135648,0,0,45538045,805,805,0,1089147078,1089147078,0,0,1089147078,45538045,12.89,4.66
1101,2026-05-17 04:21:53,9,q30,0,17,356,792,1751,2732,1832,1323,1418,0,0,0,111,2002949,0,0,1060281576,2460554,45638775,0,0,755089,7,7,0,59269674,59269674,0,0,59269674,755089,3.45,0.79
1102,2026-05-17 04:21:55,9,q31,0,30,623,1933,4368,19190,16217,2509,2393,0,384,0,1556,3851818,0,0,3849525224,108311813,549468360,0,0,79892,49,49,0,2737807,2737807,0,0,2515600,73108,9.93,1.93
1103,2026-05-17 04:21:58,9,q32,0,11,247,469,703,3907,3451,905,950,0,0,0,52,707099,0,0,120389400,28922872,239175994,0,0,55420,12,12,0,760429,760429,0,0,760429,55420,8.33,0.47
1104,2026-05-17 04:21:59,9,q33,0,16,419,1150,1972,9281,6808,1841,1677,6,276,0,386,895616,0,0,1175635736,50875042,468010440,0,0,17063,18,18,0,450424,450424,0,0,450424,17063,8.07,1.15
1105,2026-05-17 04:22:02,9,q34,0,14,310,758,1418,5168,4445,1108,1198,0,0,0,175,233521,0,0,301186776,29327817,78923980,0,0,1010675,16,16,0,34202764,34202764,0,0,17284999,510675,6.82,0.76
1106,2026-05-17 04:22:03,9,q35,0,17,442,1290,2299,10711,9359,1781,1642,3,420,0,571,24092271,0,0,8158821272,53091851,79100920,0,0,6056644,255,255,0,16002181,16002181,0,0,16002181,6056644,8.3,1.29
1107,2026-05-17 04:22:06,9,q35a,0,16,442,1026,1538,6601,6300,1611,1646,2,0,0,586,24091927,0,0,7370292408,53091851,79100920,0,0,6053558,255,255,0,16010477,16010477,0,0,16010477,6053558,6.43,1.03
1108,2026-05-17 04:22:08,9,q36,0,10,227,848,987,6335,5685,912,954,0,112,0,77,1868212,0,0,1036986400,28922616,365253114,0,0,1769,11,11,0,138557,138557,0,0,138557,1769,7.47,0.85
1109,2026-05-17 04:22:10,9,q36a,0,13,232,781,868,4873,4450,901,957,0,140,0,91,1868126,0,0,1575954272,28922616,365253114,0,0,4798,36,36,0,397299,397299,0,0,147261,1822,6.24,0.78
1110,2026-05-17 04:22:12,9,q37,0,10,262,962,1379,8534,7905,918,962,0,0,0,326,233537,0,0,886656304,147632447,779814794,0,0,4316414,180,180,0,64485606,64485606,0,0,64485606,14400617,8.87,0.96
1111,2026-05-17 04:22:14,9,q38,0,15,353,1785,3546,18833,15174,1276,1242,0,432,0,1310,12830144,0,0,8122560600,50921040,67372607,0,0,1694835,473,473,0,44525260,44525260,0,0,44525260,1694835,10.55,1.78
1112,2026-05-17 04:22:16,9,q39a,0,17,381,2031,3789,18561,17378,1452,1481,1,96,0,385,805959,0,0,2907388416,266362034,1424951183,0,0,1567909,55,55,0,36859402,36859402,0,0,25188288,1057909,9.14,2.03
1113,2026-05-17 04:22:20,9,q39b,0,17,381,1719,3343,15422,14399,1547,1494,0,135,0,167,524839,0,0,2839624192,266362034,1424951183,0,0,1531488,55,55,0,35748102,35748102,0,0,24076988,1021488,8.97,1.72
1114,2026-05-17 04:22:22,9,q40,0,12,308,1662,2607,20599,18332,1173,1184,1,715,0,1333,233287,0,0,4141621464,15962340,138031653,0,0,15748014,357,357,0,309656666,309656666,0,0,309656666,15748014,12.39,1.66
1115,2026-05-17 04:22:25,9,q41,0,6,108,354,289,1924,279,488,522,0,0,0,7,232050,0,0,270538656,204002,2005296,0,0,140,2,2,0,9680,9680,0,0,9680,140,5.44,0.35
1116,2026-05-17 04:22:27,9,q42,0,7,175,497,509,3733,3237,684,723,0,0,0,24,233564,0,0,786960824,28922513,243884035,0,0,110,10,10,0,9116,9116,0,0,9116,110,7.51,0.5
1117,2026-05-17 04:22:28,9,q43,0,7,173,679,707,5476,5057,690,728,0,0,0,28,233564,0,0,114629704,28820615,76617985,0,0,210,10,10,0,27084,27084,0,0,27084,210,8.06,0.68
1118,2026-05-17 04:22:30,9,q44,0,11,206,604,665,4190,3296,689,754,0,90,0,183,1673996,0,0,1589568808,57703023,385315171,0,0,795972,120,120,0,10069011,10069011,0,0,5035816,398046,6.94,0.6
1119,2026-05-17 04:22:32,9,q45,0,13,333,753,1295,3068,2504,1277,1384,0,0,0,8,5046346,0,0,2009365456,8092097,58673559,0,0,29,4,4,0,2649,2649,0,0,2649,29,4.07,0.75
1120,2026-05-17 04:22:33,9,q46,0,13,333,1043,1901,7329,6328,1668,1456,1,0,0,114,15378570,0,0,1039122784,29577818,254059120,0,0,27956,10,10,0,1371108,1371108,0,0,1371108,27956,7.03,1.04
1121,2026-05-17 04:22:36,9,q47,0,15,287,1784,2663,18343,15089,1026,1043,0,246,0,2110,2319872,0,0,6656509880,28922616,194256361,0,0,2665245,787,787,0,105360655,105360655,0,0,61757103,1560722,10.28,1.78
1122,2026-05-17 04:22:38,9,q48,0,11,285,1280,1606,10406,9486,1093,1164,0,110,0,4,1331939,0,0,669220160,30991426,272019782,0,0,20,20,20,0,1160,1160,0,0,1160,20,8.13,1.28
1123,2026-05-17 04:22:41,9,q49,0,25,510,1834,4252,20788,17911,1919,1792,6,250,0,2126,233417,0,0,4850067912,55458848,791936211,0,0,15195841,63,63,0,338276492,338276492,0,0,338276492,15195841,11.33,1.83
1124,2026-05-17 04:22:44,9,q50,0,12,306,2235,3041,27056,25474,1133,1204,0,151,0,1376,372338,0,0,4687124776,31771307,220541182,0,0,29262054,357,357,0,629536939,629536939,0,0,629536939,29262054,12.11,2.24
1125,2026-05-17 04:22:47,9,q51,0,13,289,2951,4128,38197,34869,839,890,0,6,0,3298,300713,0,0,9975730016,36020604,232094421,0,0,24415841,1679,1679,0,420202975,420202975,0,0,420202975,24415841,12.94,2.95
1126,2026-05-17 04:22:51,9,q51a,0,17,355,20549,24359,268880,259382,958,1046,0,2547,0,4405,460428,0,0,26931198392,36020604,232094421,0,0,47531016,2587,2587,0,789083626,789083626,0,0,575699561,36069050,13.08,20.55
1127,2026-05-17 04:23:13,9,q52,0,7,175,497,516,3679,3155,664,704,0,0,0,118,233564,0,0,786960824,28922513,244080643,0,0,4250,10,10,0,266731,266731,0,0,266731,4250,7.4,0.5
1128,2026-05-17 04:23:14,9,q53,0,10,227,666,812,4503,3860,922,942,0,60,0,131,233564,0,0,208086096,28922616,194810273,0,0,31394,11,11,0,661891,661891,0,0,661891,31394,6.76,0.67
1129,2026-05-17 04:23:16,9,q54,0,26,644,1845,4824,20828,17990,2670,2634,18,160,0,978,5046346,0,0,2692837664,51386197,273652035,0,0,26873209,179,179,0,252845431,252845431,0,0,252845431,26873209,11.29,1.84
1130,2026-05-17 04:23:19,9,q55,0,7,175,452,460,3146,2703,677,724,0,0,0,100,233564,0,0,786960824,28922513,244080643,0,0,3448,10,10,0,211879,211879,0,0,211879,3448,6.96,0.45
1131,2026-05-17 04:23:20,9,q56,0,16,419,908,1384,6750,5594,1668,1651,7,162,0,312,466522,0,0,1234116536,50875042,468604876,0,0,10844,18,18,0,393359,393359,0,0,393359,10844,7.43,0.91
1132,2026-05-17 04:23:22,9,q57,0,15,268,1970,2770,14117,12160,994,1026,0,0,0,914,2319872,0,0,5374089408,14522462,95474808,0,0,1160477,378,378,0,45106093,45106093,0,0,33380317,851478,7.17,1.97
1133,2026-05-17 04:23:25,9,q58,0,17,416,1139,1765,8555,7401,1678,1649,0,112,0,540,788267,0,0,2073645616,50669140,426578944,0,0,247040,25,25,0,3683252,3683252,0,0,3683252,247040,7.51,1.14
1134,2026-05-17 04:23:28,9,q59,0,16,339,1228,2032,8314,7750,1314,1423,1,7,0,332,755509,0,0,1673170840,28913769,77329052,0,0,304460,132,132,0,12848240,12848240,0,0,6671264,170845,6.77,1.23
1135,2026-05-17 04:23:30,9,q60,0,16,419,1086,1792,9080,7855,1681,1653,0,0,0,481,466522,0,0,1728975080,50875042,468539856,0,0,78428,19,19,0,1556823,1556823,0,0,1556823,78428,8.36,1.09
1136,2026-05-17 04:23:32,9,q61,0,18,457,1186,2639,11377,9553,1946,1824,0,168,0,8,5046346,0,0,1246748000,58473630,585660397,0,0,40,40,40,0,2319,2319,0,0,2319,40,9.59,1.19
1137,2026-05-17 04:23:34,9,q62,0,11,271,613,899,2751,2173,1060,1129,0,0,0,38,232049,0,0,138730216,7220168,27946993,0,0,1680,4,4,0,144678,144678,0,0,144678,1680,4.49,0.61
1138,2026-05-17 04:23:36,9,q63,0,10,227,665,750,4663,4085,899,945,0,0,0,130,233564,0,0,208020560,28922616,194814369,0,0,12917,11,11,0,338316,338316,0,0,338316,12917,7.01,0.66
1139,2026-05-17 04:23:38,9,q64,0,38,929,7217,17461,97123,89381,3708,3573,29,869,0,5679,13606736,0,0,35890420816,50412171,684921567,0,0,52026303,2318,2318,0,1952932789,1952932789,0,0,1806179638,48487731,13.46,7.22
1140,2026-05-17 04:23:46,9,q65,0,15,348,1714,3143,22570,20005,1217,1255,1,96,0,1984,9209889,0,0,6116202576,57723127,391781499,0,0,11880061,391,391,0,391210910,391210910,0,0,391210910,11880061,13.17,1.71
1141,2026-05-17 04:23:49,9,q66,0,14,343,1294,2110,9700,8109,1406,1440,0,0,0,23,232088,0,0,975454208,21660561,213478656,0,0,90,9,9,0,47940,47940,0,0,47940,90,7.5,1.29
1142,2026-05-17 04:23:52,9,q67,0,10,243,7177,7279,76755,74756,909,986,0,936,0,1394,4653671,0,0,7594451448,28922616,221651539,0,0,11548825,187,187,0,866159379,866159379,0,0,866159379,11548825,10.69,7.18
1143,2026-05-17 04:24:00,9,q67a,0,18,384,10685,36526,141667,133151,1192,1282,0,1003,0,5531,4653628,0,0,26569738752,28922616,221651539,0,0,55551436,1700,1700,0,4120606392,4120606392,0,0,900577704,13218740,13.26,10.68
1144,2026-05-17 04:24:12,9,q68,0,13,333,1020,1789,7590,6636,1433,1379,1,64,0,110,15378570,0,0,568481352,29577818,391461381,0,0,6174,10,10,0,436284,436284,0,0,436284,6174,7.44,1.02
1145,2026-05-17 04:24:14,9,q69,0,18,437,1147,2249,9090,7389,2062,1638,2,112,0,502,28817486,0,0,3806916136,53091851,79177214,0,0,1902033,101,101,0,9547581,9547581,0,0,9547581,1902033,7.93,1.15
1146,2026-05-17 04:24:16,9,q70,0,14,297,1012,1106,7004,6355,1248,1213,0,202,0,44,233564,0,0,1101810584,57621229,269678191,0,0,209,22,22,0,10316,10316,0,0,10316,209,6.92,1.01
1147,2026-05-17 04:24:18,9,q70a,0,17,302,920,984,5558,5368,1126,1209,0,0,0,47,232962,0,0,902580896,57621229,269678191,0,0,240,47,47,0,14125,14125,0,0,8085,180,6.04,0.92
1148,2026-05-17 04:24:20,9,q71,0,13,364,1096,1160,11116,9520,1341,1458,1,144,0,260,421741,0,0,956611448,50563041,453757793,0,0,32249,31,31,0,1647913,1647913,0,0,994773,21130,10.14,1.1
1149,2026-05-17 04:24:22,9,q72,0,26,680,17502,22524,224639,218882,2678,2637,3,960,0,5314,6609801,0,0,19933730552,151146962,901568520,0,0,142246513,1469,1469,0,2047663467,2047663467,0,0,2047663467,142246513,12.84,17.5
1150,2026-05-17 04:24:41,9,q73,0,14,310,685,1294,4755,3987,1088,1180,0,80,0,125,233521,0,0,299939544,29327817,78923980,0,0,1002732,16,16,0,33968188,33968188,0,0,17050423,502732,6.94,0.68
1151,2026-05-17 04:24:43,9,q74,0,20,486,1979,4408,20889,17121,1829,1760,1,192,0,2330,15569619,0,0,13923889496,72541209,376808794,0,0,1763111,822,822,0,58849868,58849868,0,0,58849868,1763111,10.56,1.98
1152,2026-05-17 04:24:46,9,q75,0,31,829,3345,8020,46062,37597,3056,2916,6,397,0,5170,317616,0,0,11831406064,105981888,1099567645,0,0,14156499,1088,1088,0,314442100,314442100,0,0,214470943,9118711,13.77,3.34
1153,2026-05-17 04:24:50,9,q76,0,9,311,1094,1047,11716,10173,1200,1246,6,240,0,190,923844,0,0,2240847208,50576089,457506553,0,0,3127,24,24,0,261039,261039,0,0,261039,3127,10.71,1.09
1154,2026-05-17 04:24:52,9,q77,0,23,559,1232,2308,10659,9219,2133,2115,0,0,0,198,233564,0,0,868584744,55459152,493899228,0,0,1757,44,44,0,120257,120257,0,0,120257,1757,8.65,1.23
1155,2026-05-17 04:24:55,9,q77a,0,26,564,1160,2062,9092,8221,2111,2126,0,0,0,270,233159,0,0,1407552616,55459152,493899228,0,0,2221,55,55,0,176374,176374,0,0,134878,1891,7.84,1.16
1156,2026-05-17 04:24:57,9,q78,0,18,502,5799,12258,82409,74240,1917,1776,0,521,0,5998,6524798,0,0,19534062920,55458848,590453961,0,0,54207575,1326,1326,0,1579290498,1579290498,0,0,1579290498,54207575,14.21,5.8
1157,2026-05-17 04:25:04,9,q79,0,12,283,898,1365,6890,6243,1102,1178,1,0,0,130,12830316,0,0,952877472,29327817,250526007,0,0,80366,22,22,0,2983082,2983082,0,0,2983082,80366,7.67,0.9
1158,2026-05-17 04:25:06,9,q80,0,29,762,6796,19446,99331,91494,2722,2847,5,736,0,4858,233564,0,0,14185165104,55573497,844328892,0,0,53052375,819,819,0,1571654634,1571654634,0,0,1571654634,53052375,14.62,6.8
1159,2026-05-17 04:25:14,9,q80a,0,32,767,6659,17978,94579,88875,2828,2888,6,656,0,4617,233564,0,0,14657024136,55573497,844328892,0,0,53053332,830,830,0,1571770246,1571770246,0,0,1571667496,53052306,14.2,6.66
1160,2026-05-17 04:25:22,9,q81,0,17,368,1080,2103,7723,6352,1520,1443,3,135,0,199,2002949,0,0,2741754728,3899788,55276609,0,0,1305082,60,60,0,34629655,34629655,0,0,34629655,1305082,7.15,1.08
1161,2026-05-17 04:25:24,9,q82,0,10,262,1729,2378,16558,14792,909,948,0,240,0,887,233607,0,0,1658418336,162032523,837941369,0,0,13778665,194,194,0,137239500,137239500,0,0,137239500,28800829,9.58,1.73
1162,2026-05-17 04:25:27,9,q83,0,17,402,942,1401,7061,5901,1542,1578,0,0,0,287,788267,0,0,1261711248,5358962,38645838,0,0,43961,14,14,0,759663,759663,0,0,759663,43961,7.5,0.94
1163,2026-05-17 04:25:29,9,q84,0,15,352,742,1338,3013,2079,1236,1360,104,248,0,191,9765779,0,0,615806688,5555676,31377947,0,0,2778710,20,20,0,14454870,14454870,0,0,14454870,2778710,4.06,0.74
1164,2026-05-17 04:25:31,9,q85,0,18,472,1328,3795,8912,7034,1761,1870,0,56,0,116,17038067,0,0,8635287000,12032236,132128853,0,0,915638,92,92,0,33254834,33254834,0,0,33254834,915638,6.71,1.33
1165,2026-05-17 04:25:33,9,q86,0,8,172,508,502,2219,1739,680,710,0,0,0,29,1868212,0,0,571272816,7322094,62330579,0,0,816,5,5,0,54749,54749,0,0,54749,816,4.37,0.51
1166,2026-05-17 04:25:34,9,q86a,0,11,177,503,479,1714,1533,669,719,0,0,0,43,1868126,0,0,1110240560,7322094,62330579,0,0,2119,18,18,0,157721,157721,0,0,66577,929,3.41,0.5
1167,2026-05-17 04:25:36,9,q87,0,15,353,1575,2896,15640,12363,1257,1248,0,240,0,1318,12830187,0,0,8122560600,50921040,67372607,0,0,1694835,473,473,0,44525260,44525260,0,0,44525260,1694835,9.93,1.58
1168,2026-05-17 04:25:39,9,q88,0,44,1078,1770,6501,19622,16421,3944,4010,11,176,0,169,233564,0,0,514952960,230611400,283674948,0,0,160,160,160,0,9200,9200,0,0,9200,160,11.09,1.77
1169,2026-05-17 04:25:42,9,q89,0,10,228,758,884,5268,4662,881,940,0,0,0,147,233564,0,0,946676392,28922616,194535107,0,0,49975,22,22,0,2298860,2298860,0,0,2298860,49975,6.95,0.76
1170,2026-05-17 04:25:43,9,q90,0,14,338,446,907,2531,1899,1225,1335,0,0,0,4,232049,0,0,103596544,14447588,27906341,0,0,32,32,32,0,1816,1816,0,0,1816,32,5.67,0.45
1171,2026-05-17 04:25:45,9,q91,0,17,390,730,1657,4109,3181,1509,1606,0,0,0,4,9580995,0,0,1037410344,4137931,32811519,0,0,53,5,5,0,7711,7711,0,0,4761,34,5.63,0.73
1172,2026-05-17 04:25:47,9,q92,0,11,239,470,727,2990,2465,900,939,0,40,0,68,707868,0,0,110994360,14522186,123949851,0,0,135661,9,9,0,1837430,1837430,0,0,1837430,135661,6.36,0.47
1173,2026-05-17 04:25:48,9,q93,0,8,204,3776,4227,44951,43271,662,703,0,0,0,1835,233374,0,0,5766380072,31678201,270344909,0,0,31635854,357,357,0,754631060,754631060,0,0,754631060,31635854,11.9,3.78
1174,2026-05-17 04:25:53,9,q94,0,14,367,1577,2784,14988,13836,1496,1381,0,160,0,384,2579981,0,0,3571011840,15390508,100981412,0,0,14397040,153,153,0,217756751,217756751,0,0,217756751,14397040,9.5,1.58
1175,2026-05-17 04:25:56,9,q95,0,14,367,3703,5051,44517,36774,1350,1419,0,1700,0,380,2580838,0,0,14560086280,15390504,97870635,0,0,35990240,357,357,0,319472623,319472623,0,0,196649755,14395274,12.02,3.7
1176,2026-05-17 04:26:01,9,q96,0,9,224,419,557,2833,2261,881,910,0,86,0,8,233564,0,0,63872480,28827816,35519274,0,0,20,20,20,0,1150,1150,0,0,1150,20,6.76,0.42
1177,2026-05-17 04:26:02,9,q97,0,8,209,1842,2341,20392,18803,782,760,0,128,0,335,233564,0,0,6212927976,43220947,230731186,0,0,8377699,238,238,0,96908300,96908300,0,0,96908300,8377699,11.07,1.84
1178,2026-05-17 04:26:05,9,q98,0,10,186,736,687,3905,3367,676,728,3,8,0,206,3361780,0,0,1690376016,28922513,250409050,0,0,106186,98,98,0,14472173,14472173,0,0,12501419,91022,5.31,0.74
1179,2026-05-17 04:26:07,9,q99,0,11,275,915,1359,5309,4250,1414,1184,0,0,0,31,232088,0,0,156567144,14420493,41457888,0,0,2160,3,3,0,173855,173855,0,0,173855,2160,5.8,0.92
