ID,timestamp,run_id,query,query_rerun_id,numStages,numTasks,elapsedTime,stageDuration,executorRunTime,executorCpuTime,executorDeserializeTime,executorDeserializeCpuTime,resultSerializationTime,jvmGCTime,shuffleFetchWaitTime,shuffleWriteTime,resultSize,diskBytesSpilled,memoryBytesSpilled,peakExecutionMemory,recordsRead,bytesRead,recordsWritten,bytesWritten,shuffleRecordsRead,shuffleTotalBlocksFetched,shuffleLocalBlocksFetched,shuffleRemoteBlocksFetched,shuffleTotalBytesRead,shuffleLocalBytesRead,shuffleRemoteBytesRead,shuffleRemoteBytesReadToDisk,shuffleBytesWritten,shuffleRecordsWritten,avg_active_tasks,elapsed_time_seconds
0,2026-05-07 11:32:56,0,q1,0,20,162,4929,10491,68901,59382,819,320,0,400,0,6311,887710,0,0,6608330616,59623624,615605636,0,0,72712044,579,579,0,1311527077,1311527077,0,0,1311527077,72712044,13.98,4.93
1,2026-05-07 11:33:02,0,q2,0,11,130,3447,3246,46230,41057,152,198,0,640,0,1518,751663,0,0,879498664,216108786,928213424,0,0,35347,362,362,0,2673870,2673870,0,0,901000,13701,13.41,3.45
2,2026-05-07 11:33:07,0,q3,0,8,131,3557,6244,52655,43000,109,113,0,1089,0,4443,238148,0,0,227557352,288283437,2116269124,0,0,44137018,123,123,0,606086720,606086720,0,0,606086720,44137018,14.8,3.56
3,2026-05-07 11:33:11,0,q4,0,25,714,49923,244138,788393,713727,1958,1822,7,13984,3,48328,763869,0,0,115346137600,794088513,10209753124,0,0,566100624,26059,26059,0,14421838771,14421838771,0,0,8530911104,341212705,15.79,49.92
4,2026-05-07 11:34:03,0,q5,0,17,361,16060,25036,223441,188775,432,521,0,3051,0,15061,681782,0,0,9653553832,626443386,5005569020,0,0,79733758,1444,1444,0,1116399508,1116399508,0,0,1116399508,79733758,13.91,16.06
5,2026-05-07 11:34:20,0,q5a,0,14,355,14987,28370,207880,191647,452,570,1,2498,0,11620,645714,0,0,9345152864,626443386,5005569020,0,0,78892614,1146,1146,0,1105692639,1105692639,0,0,1105483887,78889180,13.87,14.99
6,2026-05-07 11:34:36,0,q6,0,14,163,2615,6024,37259,31259,451,371,2,1896,0,3132,19031592,0,0,4846046928,291580486,1513408748,0,0,5131498,1975,1975,0,47205876,47205876,0,0,47205876,5131498,14.25,2.62
7,2026-05-07 11:34:40,0,q7,0,14,169,8090,14891,120753,84925,388,398,0,4560,0,9883,1563358,0,0,3327833688,290172188,3735183376,0,0,54039214,533,533,0,1578281307,1578281307,0,0,1578281307,54039214,14.93,8.09
8,2026-05-07 11:34:49,0,q8,0,10,146,2103,2023,26555,24821,213,254,0,320,0,572,9445062,0,0,9298835608,292026790,1468752280,0,0,50834,126,126,0,766619,766619,0,0,766619,50834,12.63,2.1
9,2026-05-07 11:34:52,0,q9,0,12,532,7637,37301,118678,111282,97,402,3,1070,0,100,220397,0,0,0,1440031995,8643368200,0,0,525,525,525,0,43295,43295,0,0,43295,525,15.54,7.64
10,2026-05-07 11:35:01,0,q10,0,13,300,3082,6535,43256,36639,127,267,2,640,0,5156,256640,0,0,5637359016,509942925,1176986144,0,0,21068747,2590,2590,0,77600073,77600073,0,0,77600073,21068747,14.04,3.08
11,2026-05-07 11:35:05,0,q10a,0,10,290,2329,3829,31981,29235,76,223,17,784,0,4574,307593,0,0,4672279792,508942925,1152738196,0,0,22779154,2740,2740,0,107512526,107512526,0,0,107512526,22779154,13.73,2.33
12,2026-05-07 11:35:09,0,q11,0,20,431,17885,56224,278928,257867,929,1034,0,3232,0,17370,588013,0,0,44791176400,650094389,4199900192,0,0,269945080,8343,8343,0,4443444874,4443444874,0,0,2965113310,191970515,15.6,17.89
13,2026-05-07 11:35:28,0,q12,0,6,65,1100,1021,12337,10116,90,94,0,112,0,1578,6520039,0,0,4753471800,72225613,541845796,0,0,218539,691,691,0,30886708,30886708,0,0,30886708,218539,11.22,1.1
14,2026-05-07 11:35:30,0,q13,0,9,131,5299,5567,79085,73687,87,127,0,1200,0,35,1749701,0,0,5580303960,290954790,4547889996,0,0,1545,106,106,0,33124,33124,0,0,33124,1545,14.92,5.3
15,2026-05-07 11:35:36,0,q14a,0,40,1232,56778,168430,864094,510633,2161,2406,3,9899,0,350121,2429660,0,0,48868027672,2016904500,12248886924,0,0,639521492,5955,5955,0,9126203471,9126203471,0,0,9111166440,639047728,15.22,56.78
16,2026-05-07 11:36:35,0,q14b,0,30,780,22657,37463,326782,295296,1287,1505,3,5660,0,22429,2429660,0,0,29351627872,1585185222,9024282320,0,0,135644755,4083,4083,0,525336067,525336067,0,0,525336067,135644755,14.42,22.66
17,2026-05-07 11:36:59,0,q14,0,29,774,21241,36798,308946,274038,1482,1547,3,8370,0,25135,2323166,0,0,29052095752,1585185222,9024282320,0,0,134753609,3832,3832,0,433106320,433106320,0,0,433106320,134753609,14.54,21.24
18,2026-05-07 11:37:21,0,q15,0,5,107,3214,3062,43137,37317,95,145,1,608,0,49,19031506,0,0,13031031584,147014124,755110092,0,0,2305,3,3,0,69877,69877,0,0,69877,2305,13.42,3.21
19,2026-05-07 11:37:26,0,q16,0,11,296,13590,38668,206556,188914,219,364,0,1808,0,19500,1098540,0,0,41901725888,303406100,1947854248,0,0,301219950,17103,17103,0,4310182467,4310182467,0,0,4310182467,301219950,15.2,13.59
20,2026-05-07 11:37:40,0,q17,0,14,249,5490,9828,78614,71976,671,698,1,1968,0,3973,13882628,0,0,6358661496,461086525,3051392260,0,0,28190115,2517,2517,0,601289420,601289420,0,0,601289420,28190115,14.32,5.49
21,2026-05-07 11:37:47,0,q18,0,9,148,3387,3808,47135,42278,225,249,3,768,0,403,17523034,0,0,20407531752,151059724,2467956252,0,0,547671,289,289,0,38073944,38073944,0,0,38073944,547671,13.92,3.39
22,2026-05-07 11:37:51,0,q18a,0,17,503,11538,34312,174897,164227,771,890,1,1272,0,1217,17760492,0,0,93113179144,730240220,11870209104,0,0,648686,387,387,0,41635018,41635018,0,0,41635018,648686,15.16,11.54
23,2026-05-07 11:38:04,0,q19,0,8,143,3337,3154,45421,43660,165,210,0,0,0,1611,19031463,0,0,23965705664,291230790,2425648524,0,0,104690,636,636,0,7065795,7065795,0,0,7065795,104690,13.61,3.34
24,2026-05-07 11:38:09,0,q20,0,6,92,1308,1246,15653,14617,90,120,0,224,0,31,6520039,0,0,2049998040,144218124,1027833352,0,0,61386,15,15,0,7314659,7314659,0,0,7314659,61386,11.97,1.31
25,2026-05-07 11:38:11,0,q21,0,9,118,11779,15182,169512,164754,157,191,0,972,0,7189,699580,0,0,46060759032,399554015,1160382340,0,0,399554270,648,648,0,3937275514,3937275514,0,0,3937270698,399554210,14.39,11.78
26,2026-05-07 11:38:24,0,q22,0,6,55,111623,111544,614724,612681,106,88,0,674,0,304,9238108,0,0,3042269472,399554015,1155227504,0,0,3668633,170,170,0,157580403,157580403,0,0,157580403,3668633,5.51,111.62
27,2026-05-07 11:40:16,0,q22a,0,10,123,5762,6575,52805,48891,176,206,0,158,0,2688,9238108,0,0,12240902592,399554015,1155827588,0,0,3874870,672,672,0,196248694,196248694,0,0,50881482,1020746,9.16,5.76
28,2026-05-07 11:40:23,0,q23a,0,19,630,43082,73057,671457,647834,1140,1261,1,7076,0,27029,13148461,0,0,91179023240,1082298901,6118668000,0,0,236821663,18631,18631,0,6675910750,6675910750,0,0,6296400271,209386880,15.59,43.08
29,2026-05-07 11:41:08,0,q23b,0,22,664,45463,80115,703616,678930,1275,1337,3,6442,0,27158,13148461,0,0,104120547456,1084298901,6173560216,0,0,286169576,24529,24529,0,7489542086,7489542086,0,0,6352485292,211464383,15.48,45.46
30,2026-05-07 11:41:54,0,q24,0,14,197,4364,10657,63376,56990,750,637,0,1104,0,3953,12971968,0,0,7305478504,320216803,2618685332,0,0,31568282,2072,2072,0,398343147,398343147,0,0,398343147,31568282,14.52,4.36
31,2026-05-07 11:42:00,0,q24a,0,21,351,10606,15940,144521,136265,981,1039,0,2432,0,9481,7938489,0,0,21018360104,608427191,4959679660,0,0,100579192,4982,4982,0,1807160549,1807160549,0,0,1449375004,69847453,13.63,10.61
32,2026-05-07 11:42:11,0,q24b,0,22,351,9773,15511,129906,123738,1061,1038,2,2440,0,8727,7938446,0,0,18322225928,608427191,4959679660,0,0,99830490,3056,3056,0,1783327822,1783327822,0,0,1425542277,69098751,13.29,9.77
33,2026-05-07 11:42:22,0,q25,0,14,249,5336,9907,78515,74301,665,681,1,1168,0,3848,13882585,0,0,6009723240,461086525,4055330052,0,0,20197026,2496,2496,0,408400895,408400895,0,0,408400895,20197026,14.71,5.34
34,2026-05-07 11:42:29,0,q26,0,7,108,2299,2379,32551,30710,133,164,0,256,0,297,1563358,0,0,3714942048,146139924,1919763572,0,0,361199,198,198,0,11486221,11486221,0,0,11486221,361199,14.16,2.3
35,2026-05-07 11:42:32,0,q27,0,7,130,4092,4105,59683,57171,169,219,0,560,0,2242,1563358,0,0,9989019624,290151590,3428907568,0,0,176635,848,848,0,8312881,8312881,0,0,8312881,176635,14.59,4.09
36,2026-05-07 11:42:37,0,q27a,0,11,346,10581,21042,162488,154161,390,507,0,1653,0,4762,1563358,0,0,7106799200,866368768,10230037392,0,0,180094,954,954,0,9455710,9455710,0,0,9455710,180094,15.36,10.58
37,2026-05-07 11:42:49,0,q28,0,18,709,13005,77067,205331,193075,742,930,2,1159,0,15124,306954,0,0,42865509472,1728038328,13433232336,0,0,4809294,7738,7738,0,78702022,78702022,0,0,78702022,4809294,15.79,13.0
38,2026-05-07 11:43:03,0,q29,0,17,258,10539,15770,143665,138668,716,716,2,1088,0,6845,13882585,0,0,12510713656,461126525,3056000012,0,0,93232843,3583,3583,0,1605288823,1605288823,0,0,1605288823,93232843,13.63,10.54
39,2026-05-07 11:43:14,0,q30,0,13,142,1656,2785,20443,17631,178,173,0,0,0,2170,7971420,0,0,9356907168,18418778,375811060,0,0,6150626,386,386,0,281189152,281189152,0,0,281189152,6150626,12.34,1.66
40,2026-05-07 11:43:17,0,q31,0,20,471,7504,39063,113552,103997,458,603,0,1120,0,11740,15346734,0,0,40966251720,1081084003,5449888056,0,0,721398,1751,1751,0,23987492,23987492,0,0,23855718,719552,15.13,7.5
41,2026-05-07 11:43:26,0,q32,0,7,170,1867,3543,27373,25111,104,163,0,176,0,509,1335027,0,0,608193728,288212248,2025603596,0,0,350080,90,90,0,4605586,4605586,0,0,4605586,350080,14.66,1.87
42,2026-05-07 11:43:29,0,q33,0,9,249,4243,9724,63033,59120,280,352,0,608,0,3635,1857223,0,0,8735025360,505430125,4038723700,0,0,143486,256,256,0,3626941,3626941,0,0,3626941,143486,14.86,4.24
43,2026-05-07 11:43:34,0,q34,0,9,155,2177,2512,29993,27996,197,213,0,208,0,2697,577410,0,0,533173672,290033990,904315248,0,0,4031113,135,135,0,135788608,135788608,0,0,68700929,2031113,13.78,2.18
44,2026-05-07 11:43:37,0,q35,0,10,296,4189,7552,58438,51525,128,253,1,337,0,5458,23973897,0,0,15331014656,508942925,1150813076,0,0,57691365,3111,3111,0,112822186,112822186,0,0,112822186,57691365,13.95,4.19
45,2026-05-07 11:43:43,0,q35a,0,9,296,3678,5609,51072,46557,123,267,0,592,0,5276,23973768,0,0,14475377048,508942925,1150813076,0,0,57706997,3111,3111,0,112799702,112799702,0,0,112799702,57706997,13.89,3.68
46,2026-05-07 11:43:47,0,q36,0,6,113,3347,3285,47551,45037,146,170,0,481,0,1751,3716103,0,0,9362299000,288230790,3067523820,0,0,16736,106,106,0,1359762,1359762,0,0,1359762,16736,14.21,3.35
47,2026-05-07 11:43:52,0,q36a,0,9,118,3265,3218,44923,43059,126,170,0,352,0,1496,3716103,0,0,9901266872,288230790,3067523820,0,0,46259,321,321,0,3876412,3876412,0,0,1308296,15669,13.76,3.26
48,2026-05-07 11:43:56,0,q37,0,6,134,4736,8198,53875,51257,46,110,0,384,0,3178,171888,0,0,4902713048,543548124,1721036884,0,0,51928707,1383,1383,0,655187218,655187218,0,0,655187218,143994433,11.38,4.74
49,2026-05-07 11:44:02,0,q38,0,13,361,8109,21257,124902,113962,189,346,0,1536,0,8885,404013,0,0,23379178504,506022125,1099168672,0,0,120819579,5015,5015,0,740269760,740269760,0,0,635129750,116819579,15.4,8.11
50,2026-05-07 11:44:11,0,q39a,0,11,123,4473,8020,53128,49438,261,235,0,416,0,1139,2464085,0,0,5429281480,798904015,2305814868,0,0,4703618,85,85,0,112366429,112366429,0,0,75919735,3173618,11.88,4.47
51,2026-05-07 11:44:17,0,q39b,0,11,122,4016,7215,46625,44707,195,232,0,256,0,605,1038243,0,0,5045830344,798904015,2305814868,0,0,4594459,85,85,0,109301092,109301092,0,0,72854398,3064459,11.61,4.02
52,2026-05-07 11:44:22,0,q40,0,8,162,8391,21982,120986,115686,131,186,0,882,0,10065,510938,0,0,24442330840,158615961,1244668532,0,0,157478827,4755,4755,0,3042545985,3042545985,0,0,3042545985,157478827,14.42,8.39
53,2026-05-07 11:44:31,0,q41,0,4,10,231,197,263,192,10,13,0,7,0,12,24680,0,0,472399704,408000,16770304,0,0,292,2,2,0,19225,19225,0,0,19225,292,1.14,0.23
54,2026-05-07 11:44:32,0,q42,0,4,111,1842,1824,27298,25443,111,145,0,160,0,329,489081,0,0,4288306384,288230388,2115880004,0,0,1109,105,105,0,92568,92568,0,0,92568,1109,14.82,1.84
55,2026-05-07 11:44:35,0,q43,0,4,108,2198,2173,31918,30236,119,161,0,464,0,1115,489898,0,0,315741344,288026790,1173777864,0,0,12495,105,105,0,1420660,1420660,0,0,1420660,12495,14.52,2.2
56,2026-05-07 11:44:38,0,q44,0,8,249,3309,3520,49050,46136,198,282,0,177,0,2819,3433901,0,0,11327225512,576156776,3588195964,0,0,2617885,3497,3497,0,35187753,35187753,0,0,17600720,1309171,14.82,3.31
57,2026-05-07 11:44:43,0,q45,0,7,75,1740,1788,20602,18747,44,77,0,0,0,103,19031420,0,0,10271954264,75245613,598175976,0,0,182,39,39,0,17021,17021,0,0,17021,182,11.84,1.74
58,2026-05-07 11:44:46,0,q46,0,9,154,3780,4172,53047,49475,195,234,2,576,0,2547,13515611,0,0,10309463920,291033990,2223902720,0,0,2097512,545,545,0,69785439,69785439,0,0,69785439,2097512,14.03,3.78
59,2026-05-07 11:44:50,0,q47,0,11,173,5977,6960,85874,80902,231,275,0,708,0,5386,4612594,0,0,15111114072,288230790,2006537708,0,0,20926697,4017,4017,0,817469691,817469691,0,0,418128051,10695182,14.37,5.98
60,2026-05-07 11:44:58,0,q48,0,6,128,6674,6943,102435,97306,135,175,0,2694,0,47,2200929,0,0,5464862760,290947590,2722619648,0,0,105,105,105,0,6195,6195,0,0,6195,105,15.35,6.67
61,2026-05-07 11:45:05,0,q49,0,20,350,9599,35065,146439,136844,435,538,4,2355,0,9905,2329460,0,0,6933719544,554439913,6510148172,0,0,86104358,305,305,0,1847293817,1847293817,0,0,1847293817,86104358,15.26,9.6
62,2026-05-07 11:45:16,0,q50,0,10,232,12597,40056,193289,171661,333,410,0,1428,0,30000,1278745,0,0,40984956952,316921450,1887349860,0,0,265637490,12304,12304,0,5977261864,5977261864,0,0,5977261864,265637490,15.34,12.6
63,2026-05-07 11:45:30,0,q51,0,10,249,15264,23593,216613,207369,304,391,7,1446,0,11601,401053,0,0,30177909632,360028001,2405095048,0,0,173932465,3927,3927,0,2938966138,2938966138,0,0,2938966138,173932465,14.19,15.26
64,2026-05-07 11:45:46,0,q51a,0,14,320,249241,289322,3250270,3195887,548,625,0,25063,0,16302,540320,0,0,74335529632,360028001,2405095048,0,0,314001497,4967,4967,0,5206297389,5206297389,0,0,3937775893,247608234,13.04,249.24
65,2026-05-07 11:49:56,0,q52,0,5,114,1980,1960,28810,26056,123,158,0,128,0,2291,489167,0,0,4423048352,288230388,2116207684,0,0,57548,318,318,0,3289370,3289370,0,0,3289370,57548,14.55,1.98
66,2026-05-07 11:49:59,0,q53,0,6,118,2471,2456,35230,33467,125,169,0,304,0,2745,577324,0,0,884987736,288230790,2007344620,0,0,332514,636,636,0,7035336,7035336,0,0,7035336,332514,14.26,2.47
67,2026-05-07 11:50:03,0,q54,0,17,283,4024,5875,58541,53639,461,549,1,928,0,4064,19031549,0,0,14702408224,507412625,2622518220,0,0,8236026,1891,1891,0,80387756,80387756,0,0,80387756,8236026,14.55,4.02
68,2026-05-07 11:50:08,0,q55,0,5,113,1939,1923,28268,26383,119,148,0,224,0,2600,489038,0,0,7375575168,288230388,2116207684,0,0,43654,212,212,0,2555880,2555880,0,0,2555880,43654,14.58,1.94
69,2026-05-07 11:50:11,0,q56,0,9,248,4094,9473,60154,55286,283,358,0,256,0,3713,1857223,0,0,7099010904,505430125,4038924404,0,0,78499,150,150,0,2882312,2882312,0,0,2882312,78499,14.69,4.09
70,2026-05-07 11:50:16,0,q57,0,11,155,2833,3470,38167,33231,224,257,0,592,0,2852,4612594,0,0,9768835904,144218154,959887816,0,0,1882447,1298,1298,0,76815267,76815267,0,0,53026285,1287630,13.47,2.83
71,2026-05-07 11:50:20,0,q58,0,10,251,3896,9290,58158,53848,309,380,0,176,0,3814,1563358,0,0,20030826128,504372223,3662699540,0,0,2379510,2483,2483,0,36179249,36179249,0,0,36179249,2379510,14.93,3.9
72,2026-05-07 11:50:25,0,q59,0,16,256,5303,9685,70855,64988,367,457,0,704,0,7606,720883,0,0,16799977256,576239678,2355681696,0,0,2240280,3606,3606,0,74284634,74284634,0,0,74284634,2240280,13.36,5.3
73,2026-05-07 11:50:31,0,q60,0,9,254,4561,10313,68270,64186,287,382,1,352,0,2701,1857223,0,0,13971196952,505430125,4038858868,0,0,554294,721,721,0,10718884,10718884,0,0,10718884,554294,14.97,4.56
74,2026-05-07 11:50:37,0,q61,0,10,244,5353,8114,77968,75244,17,170,1,616,0,38,19031420,0,0,23648525880,579238178,5161403224,0,0,210,210,210,0,12389,12389,0,0,12389,210,14.57,5.35
75,2026-05-07 11:50:44,0,q62,0,8,64,4072,4053,53335,50180,29,61,0,128,0,2854,184378,0,0,9414042840,72021672,334689868,0,0,71969010,756,756,0,1392469986,1392469986,0,0,1392469986,71969010,13.1,4.07
76,2026-05-07 11:50:49,0,q63,0,6,115,2458,2438,35410,33025,121,165,3,304,0,2987,577367,0,0,817026928,288230790,2007283180,0,0,123499,318,318,0,3374401,3374401,0,0,3374401,123499,14.41,2.46
77,2026-05-07 11:50:52,0,q64,0,40,508,26712,86485,403144,386213,1455,1424,14,5400,0,12290,54398152,0,0,48340685880,768696804,9629621484,0,0,228701906,5277,5277,0,3406490851,3406490851,0,0,2984868772,193602957,15.09,26.71
78,2026-05-07 11:51:20,0,q65,0,10,286,12323,23459,183820,176063,347,428,2,944,0,14136,18324921,0,0,24622340176,576237178,3993504392,0,0,123917656,3655,3655,0,3689155911,3689155911,0,0,3689155911,123917656,14.92,12.32
79,2026-05-07 11:51:34,0,q66,0,12,163,6725,12716,79634,73086,172,210,0,989,0,4902,177494,0,0,2555977864,216055772,2093674428,0,0,42730694,88,88,0,1485130243,1485130243,0,0,1485130243,42730694,11.84,6.72
80,2026-05-07 11:51:41,0,q67,0,7,320,58140,58046,889138,791488,498,585,0,35192,0,47764,9238108,0,0,75568267552,288230790,2272919624,0,0,145428382,22608,22608,0,11061191743,11061191743,0,0,11061191743,145428382,15.29,58.14
81,2026-05-07 11:52:41,0,q67a,0,15,801,97847,432627,1539848,1063553,1971,2054,0,12165,0,472615,9238108,0,0,222642866528,288230790,2272919624,0,0,549297854,69483,69483,0,42296108441,42296108441,0,0,8661959985,122569230,15.74,97.85
82,2026-05-07 11:54:20,0,q68,0,9,150,5234,5466,73870,59218,179,224,0,736,0,6474,13515611,0,0,9492134576,291033990,3513999360,0,0,2022736,125,125,0,65910392,65910392,0,0,65910392,2022736,14.11,5.23
83,2026-05-07 11:54:26,0,q69,0,9,279,2638,5758,37917,32590,59,194,2,592,0,5408,28676332,0,0,10694197760,508942925,1152082836,0,0,16091419,2703,2703,0,47414103,47414103,0,0,47414103,16091419,14.37,2.64
84,2026-05-07 11:54:30,0,q70,0,9,217,4813,4744,67419,64319,346,334,0,883,0,834,1110973,0,0,7879371184,576033580,2769010512,0,0,3361,212,212,0,248560,248560,0,0,248560,3361,14.01,4.81
85,2026-05-07 11:54:36,0,q70a,0,12,222,4030,4014,56134,53573,252,331,1,960,0,716,1105179,0,0,1304800336,576033580,2769010512,0,0,4230,427,427,0,360133,360133,0,0,173273,2340,13.93,4.03
86,2026-05-07 11:54:41,0,q71,0,7,245,4090,4014,59355,52556,297,402,30,767,0,3274,2159590,0,0,4787737728,504266125,3881955576,0,0,276632,1800,1800,0,14493004,14493004,0,0,8305476,169066,14.51,4.09
87,2026-05-07 11:54:46,0,q72,0,15,386,171467,235889,2643393,2293879,552,671,1,6064,0,348080,13148461,0,0,82523784096,560021059,2681504060,0,0,537663712,26076,26076,0,9674720401,9674720401,0,0,9674720401,537663712,15.42,171.47
88,2026-05-07 11:57:38,0,q73,0,9,155,2129,2473,30316,28116,138,181,0,640,0,1988,578356,0,0,528883792,290033990,904315248,0,0,4016581,135,135,0,135105335,135105335,0,0,68017656,2016581,14.24,2.13
89,2026-05-07 11:57:42,0,q74,0,20,425,16174,51098,250960,216668,1044,1026,7,6656,0,13184,588701,0,0,43804974688,650094389,3337614368,0,0,269945080,7941,7941,0,2942491205,2942491205,0,0,2069353558,191970515,15.52,16.17
90,2026-05-07 11:57:59,0,q75,0,20,606,16301,59225,252279,235589,308,604,0,3938,0,14116,428478,0,0,24682165216,1058647072,9180335472,0,0,140054991,4858,4858,0,3124854319,3124854319,0,0,2106972811,89656169,15.48,16.3
91,2026-05-07 11:58:16,0,q76,0,5,233,3679,3627,55314,51156,306,358,0,608,0,2706,1834613,0,0,18623056768,503804997,3936608940,0,0,30478,452,452,0,2480090,2480090,0,0,2480090,30478,15.04,3.68
92,2026-05-07 11:58:21,0,q77,0,15,309,4677,26778,70906,65174,321,365,1,1290,0,3240,489038,0,0,6444750744,554423389,4519787444,0,0,1736609,961,961,0,26892795,26892795,0,0,26892795,1736609,15.16,4.68
93,2026-05-07 11:58:27,0,q77a,0,17,298,4865,22873,70335,65223,290,365,0,832,0,3800,489253,0,0,1907775144,554423389,4519787444,0,0,79963,207,207,0,3090403,3090403,0,0,2919791,77489,14.46,4.86
94,2026-05-07 11:58:33,0,q78,0,14,501,52567,139952,809683,435706,711,886,0,4896,0,382666,1065488,0,0,94462501856,554440947,5870412356,0,0,406636630,22041,22041,0,11365250369,11365250369,0,0,11365250369,406636630,15.4,52.57
95,2026-05-07 11:59:27,0,q79,0,8,158,4359,4567,66612,54526,228,236,1,1104,0,9301,578571,0,0,10973653424,290033990,2194944544,0,0,3605127,2261,2261,0,110536843,110536843,0,0,110536843,3605127,15.28,4.36
96,2026-05-07 11:59:32,0,q80,0,23,464,36105,120061,559726,417735,1159,1265,1,4793,0,149800,1106177,0,0,54884401176,554871773,7008068448,0,0,265494090,13408,13408,0,7544333779,7544333779,0,0,7544333779,265494090,15.5,36.1
97,2026-05-07 12:00:09,0,q80a,0,26,469,63777,252941,1001388,395685,1191,1256,0,4992,0,615243,1106564,0,0,55356260208,554871773,7008068448,0,0,265493762,13423,13423,0,7544502071,7544502071,0,0,7544280371,265491832,15.7,63.78
98,2026-05-07 12:01:14,0,q81,0,13,163,2764,4814,32143,25684,215,220,0,864,0,2675,7971334,0,0,13574738872,32815644,493120964,0,0,11352561,1105,1105,0,248755021,248755021,0,0,248755021,11352561,11.63,2.76
99,2026-05-07 12:01:18,0,q82,0,8,148,3031,4456,40016,34239,248,311,0,272,0,771,229903,0,0,201963240,687764388,2330593528,0,0,40831,112,112,0,228724,228724,0,0,228724,40831,13.2,3.03
100,2026-05-07 12:01:22,0,q83,0,10,70,1267,2906,15050,13339,58,75,0,192,0,635,1563358,0,0,3577569720,50821969,408870628,0,0,400795,58,58,0,5436397,5436397,0,0,5436397,400795,11.88,1.27
101,2026-05-07 12:01:25,0,q84,0,9,74,1394,2382,12475,11738,57,58,0,0,0,577,9716344,0,0,1313097696,33729631,260505488,0,0,27798549,39,39,0,145670742,145670742,0,0,145670742,27798549,8.95,1.39
102,2026-05-07 12:01:27,0,q85,0,10,111,3852,20668,54421,42463,65,103,1,2544,0,4090,16954329,0,0,9166144312,84064697,1148586096,0,0,9151985,867,867,0,340232586,340232586,0,0,340232586,9151985,14.13,3.85
103,2026-05-07 12:01:32,0,q86,0,5,47,1161,1100,14771,13264,40,55,0,112,0,965,3716103,0,0,3607813520,72225613,530286884,0,0,7501,41,41,0,521171,521171,0,0,521171,7501,12.72,1.16
104,2026-05-07 12:01:34,0,q86a,0,8,52,1181,1110,14026,13191,47,64,0,112,0,597,3716103,0,0,4146781072,72225613,530286884,0,0,20456,126,126,0,1499880,1499880,0,0,514832,7068,11.88,1.18
105,2026-05-07 12:01:36,0,q87,0,13,361,8701,22696,134593,116521,182,345,0,1472,0,8100,404013,0,0,23379178504,506022125,1099168672,0,0,120819579,5015,5015,0,740269760,740269760,0,0,635129750,116819579,15.47,8.7
106,2026-05-07 12:01:46,0,q88,0,26,858,7880,54893,122868,118710,22,502,0,1126,0,146,241520,0,0,2705525760,2304258706,5004945128,0,0,840,840,840,0,49558,49558,0,0,49558,840,15.59,7.88
107,2026-05-07 12:01:55,0,q89,0,6,128,2794,2763,40473,37099,132,177,0,464,0,3162,577969,0,0,8715356488,288230790,2006943212,0,0,470930,1696,1696,0,22676235,22676235,0,0,22676235,470930,14.49,2.79
108,2026-05-07 12:01:59,0,q90,0,8,86,691,979,10023,9357,5,46,0,144,0,11,92540,0,0,259051520,144052466,449798300,0,0,80,80,80,0,4720,4720,0,0,4720,80,14.51,0.69
109,2026-05-07 12:02:01,0,q91,0,10,61,1079,1367,6407,5938,31,58,4,0,0,6,38453820,0,0,3695004344,19345852,255124852,0,0,134,5,5,0,19839,19839,0,0,11750,82,5.94,1.08
110,2026-05-07 12:02:03,0,q92,0,7,103,1497,2254,21685,18773,74,102,0,512,0,1941,771374,0,0,3957955072,144227226,1056413764,0,0,1672198,696,696,0,21434447,21434447,0,0,21434447,1672198,14.49,1.5
111,2026-05-07 12:02:05,0,q93,0,8,338,28098,45252,414013,374502,432,560,0,2160,0,50536,2211150,0,0,68145363512,316808109,2544387116,0,0,288995290,26212,26212,0,7314530014,7314530014,0,0,7314530014,288995290,14.73,28.1
112,2026-05-07 12:02:34,0,q94,0,8,153,7458,19839,110631,102361,121,178,0,1388,3,7808,509397,0,0,16630437440,152222639,965260140,0,0,151171114,3640,3640,0,2240321543,2240321543,0,0,2240321543,151171114,14.83,7.46
113,2026-05-07 12:02:43,0,q95,0,8,180,22942,34368,342414,314059,342,352,0,7490,3,7307,939608,0,0,49888658408,152222639,937587564,0,0,367104120,14137,14137,0,3290949327,3290949327,0,0,1995058746,151153176,14.93,22.94
114,2026-05-07 12:03:07,0,q96,0,5,109,1144,1145,16780,16256,6,62,4,144,0,20,242337,0,0,335583360,288033990,627415888,0,0,105,105,105,0,6194,6194,0,0,6194,105,14.67,1.14
115,2026-05-07 12:03:09,0,q97,0,5,204,12174,15324,161623,154591,183,248,0,1717,0,5407,403977,0,0,25362705944,432020512,2139985352,0,0,83874967,2091,2091,0,961496197,961496197,0,0,961496197,83874967,13.28,12.17
116,2026-05-07 12:03:22,0,q98,0,7,136,2747,2639,36319,33462,139,183,5,336,0,3524,6562517,0,0,10869479536,288230388,2130541032,0,0,784257,1896,1896,0,107666178,107666178,0,0,103671552,753714,13.22,2.75
117,2026-05-07 12:03:26,0,q99,0,7,87,2058,2043,27497,25609,90,125,0,624,0,363,501265,0,0,1632383928,144014189,512709324,0,0,32599,50,50,0,2191785,2191785,0,0,2191785,32599,13.36,2.06
118,2026-05-07 12:03:29,1,q1,0,10,106,1907,3165,27913,25140,127,143,0,480,0,1523,20277818,0,0,9109609000,59623624,615605636,0,0,16217529,561,561,0,253429265,253429265,0,0,253429265,16217529,14.64,1.91
119,2026-05-07 12:03:32,1,q2,0,9,128,3009,2940,42677,39678,136,184,0,1328,0,1195,751663,0,0,879498664,216108786,928213424,0,0,35347,362,362,0,2673870,2673870,0,0,901000,13701,14.18,3.01
120,2026-05-07 12:03:36,1,q3,0,5,113,2018,2002,29113,26152,125,147,0,464,0,2499,489726,0,0,411713488,288283437,2116269124,0,0,43415,212,212,0,2742950,2742950,0,0,2742950,43415,14.43,2.02
121,2026-05-07 12:03:39,1,q4,0,25,714,48383,239235,764789,723587,1683,1730,0,13220,0,33308,763869,0,0,115346137600,794088513,10209753124,0,0,566100624,26059,26059,0,14421838771,14421838771,0,0,8530911104,341212705,15.81,48.38
122,2026-05-07 12:04:29,1,q5,0,11,350,15020,29110,208987,193583,382,525,1,2562,0,10413,645628,0,0,8873293832,626443386,5005569020,0,0,78889327,1136,1136,0,1105456401,1105456401,0,0,1105456401,78889327,13.91,15.02
123,2026-05-07 12:04:45,1,q5a,0,14,355,15082,28658,209230,193607,427,539,5,3031,0,7794,645671,0,0,9345152864,626443386,5005569020,0,0,78892614,1146,1146,0,1105692639,1105692639,0,0,1105483887,78889180,13.87,15.08
124,2026-05-07 12:05:01,1,q6,0,13,162,2403,5584,34742,30830,345,365,3,1040,0,2960,8436867,0,0,5221591328,291580486,1513408748,0,0,5131498,1975,1975,0,46269258,46269258,0,0,46269258,5131498,14.46,2.4
125,2026-05-07 12:05:05,1,q7,0,7,139,4279,4307,63832,60872,189,226,0,720,3,2280,1563358,0,0,10258232888,290152188,3733018764,0,0,741960,1802,1802,0,25969993,25969993,0,0,25969993,741960,14.92,4.28
126,2026-05-07 12:05:10,1,q8,0,10,146,2549,2494,34088,32585,174,231,0,160,0,570,9445105,0,0,9298835608,292026790,1468752280,0,0,50834,126,126,0,766619,766619,0,0,766619,50834,13.37,2.55
127,2026-05-07 12:05:14,1,q9,0,11,531,7682,37744,120357,115693,42,379,0,960,0,414,220096,0,0,0,1440031995,8643368200,0,0,525,525,525,0,43295,43295,0,0,43295,525,15.67,7.68
128,2026-05-07 12:05:23,1,q10,0,13,300,2891,6376,40471,36901,118,261,0,672,0,4707,255952,0,0,5637359016,509942925,1176986144,0,0,21068747,2590,2590,0,77600073,77600073,0,0,77600073,21068747,14.0,2.89
129,2026-05-07 12:05:27,1,q10a,0,10,290,2218,3656,30908,28783,62,218,0,626,0,3868,306905,0,0,4672279792,508942925,1152738196,0,0,22779154,2740,2740,0,107512526,107512526,0,0,107512526,22779154,13.94,2.22
130,2026-05-07 12:05:30,1,q11,0,20,431,17462,54781,273285,256621,992,1029,0,5312,0,13984,588701,0,0,44791176400,650094389,4199900192,0,0,269945080,8343,8343,0,4443444874,4443444874,0,0,2965113310,191970515,15.65,17.46
131,2026-05-07 12:05:48,1,q12,0,6,65,1218,1132,14698,12995,73,81,0,0,0,1439,6520039,0,0,4753471800,72225613,541845796,0,0,218539,691,691,0,30886708,30886708,0,0,30886708,218539,12.07,1.22
132,2026-05-07 12:05:51,1,q13,0,7,129,5423,5511,81520,76913,71,118,0,1227,0,19,1749701,0,0,5580303960,290954790,4547889996,0,0,105,105,105,0,8286,8286,0,0,8286,105,15.03,5.42
133,2026-05-07 12:05:57,1,q14a,0,40,1232,39139,114663,576944,533623,2143,2436,0,8875,0,47433,2429703,0,0,48868027672,2016904500,12248886924,0,0,639521492,5955,5955,0,9126203471,9126203471,0,0,9111166440,639047728,14.74,39.14
134,2026-05-07 12:06:38,1,q14b,0,30,780,21781,35389,314538,293600,1440,1542,2,5286,0,15092,2429660,0,0,29351627872,1585185222,9024282320,0,0,135644755,4083,4083,0,525336067,525336067,0,0,525336067,135644755,14.44,21.78
135,2026-05-07 12:07:01,1,q14,0,29,774,19640,32421,285335,270441,1472,1631,0,5715,0,12032,2323166,0,0,29052095752,1585185222,9024282320,0,0,134753609,3832,3832,0,433106320,433106320,0,0,433106320,134753609,14.53,19.64
136,2026-05-07 12:07:22,1,q15,0,5,107,3058,2881,41230,38989,84,139,0,752,0,48,19031463,0,0,13031031584,147014124,755110092,0,0,2305,3,3,0,69877,69877,0,0,69877,2305,13.48,3.06
137,2026-05-07 12:07:26,1,q16,0,8,293,13110,27232,200907,187927,346,423,0,2837,0,13416,1273557,0,0,41785807200,303406100,1947854248,0,0,301125284,17100,17100,0,4308531096,4308531096,0,0,4308531096,301125284,15.32,13.11
138,2026-05-07 12:07:40,1,q17,0,14,249,5754,10074,82034,73543,692,689,2,2896,0,4793,13882585,0,0,6358661496,461086525,3051392260,0,0,28190115,2517,2517,0,601289420,601289420,0,0,601289420,28190115,14.26,5.75
139,2026-05-07 12:07:47,1,q18,0,9,148,3653,4062,50800,47532,218,235,0,612,0,325,17522991,0,0,20407531752,151059724,2467956252,0,0,547671,289,289,0,38073944,38073944,0,0,38073944,547671,13.91,3.65
140,2026-05-07 12:07:52,1,q18a,0,17,503,11910,35619,181848,171077,691,849,2,1600,0,1285,17760492,0,0,93113179144,730240220,11870209104,0,0,648686,387,387,0,41635018,41635018,0,0,41635018,648686,15.27,11.91
141,2026-05-07 12:08:05,1,q19,0,8,143,3362,3337,46066,44136,153,203,0,304,0,1727,19031420,0,0,23965705664,291230790,2425648524,0,0,104690,636,636,0,7065795,7065795,0,0,7065795,104690,13.7,3.36
142,2026-05-07 12:08:09,1,q20,0,6,92,1386,1327,16983,15980,90,117,0,192,0,31,6520039,0,0,2049998040,144218124,1027833352,0,0,61386,15,15,0,7314659,7314659,0,0,7314659,61386,12.25,1.39
143,2026-05-07 12:08:12,1,q21,0,6,41,1853,1836,25110,23370,42,52,0,160,0,60,167359,0,0,530336016,399554015,1160382340,0,0,224195,12,12,0,3707674,3707674,0,0,3707674,224195,13.55,1.85
144,2026-05-07 12:08:15,1,q22,0,6,55,111957,111892,610917,608168,94,86,0,899,0,295,9238280,0,0,3042269472,399554015,1155227504,0,0,3668633,170,170,0,157580403,157580403,0,0,157580403,3668633,5.46,111.96
145,2026-05-07 12:10:08,1,q22a,0,10,123,5451,6226,48128,44827,183,210,0,204,0,2561,9238108,0,0,12240902592,399554015,1155827588,0,0,3874870,672,672,0,196248694,196248694,0,0,50881482,1020746,8.83,5.45
146,2026-05-07 12:10:14,1,q23a,0,19,630,43021,72742,670458,647493,1120,1238,2,8436,0,25329,13148461,0,0,91179023240,1082298901,6118668000,0,0,236821663,18631,18631,0,6675910750,6675910750,0,0,6296400271,209386880,15.58,43.02
147,2026-05-07 12:10:58,1,q23b,0,22,664,45440,79782,702877,675516,1185,1353,4,9423,0,27326,13148461,0,0,104120547456,1084298901,6173560216,0,0,286169576,24529,24529,0,7489542086,7489542086,0,0,6352485292,211464383,15.47,45.44
148,2026-05-07 12:11:45,1,q24,0,14,197,4466,10639,65192,57594,800,650,1,1472,0,3722,12971968,0,0,7305478504,320216803,2618685332,0,0,31568282,2072,2072,0,398343147,398343147,0,0,398343147,31568282,14.6,4.47
149,2026-05-07 12:11:50,1,q24a,0,21,351,10705,16080,145730,137106,997,1047,1,2103,0,9416,7938360,0,0,21018360104,608427191,4959679660,0,0,100579192,4982,4982,0,1807160549,1807160549,0,0,1449375004,69847453,13.61,10.7
150,2026-05-07 12:12:02,1,q24b,0,22,351,10109,15854,134057,127085,1059,1021,2,2976,0,8151,7938532,0,0,18322225928,608427191,4959679660,0,0,99830490,3056,3056,0,1783327822,1783327822,0,0,1425542277,69098751,13.26,10.11
151,2026-05-07 12:12:13,1,q25,0,14,249,5516,10334,81088,76495,648,685,16,1744,0,4027,13882585,0,0,6009723240,461086525,4055330052,0,0,20197026,2496,2496,0,408400895,408400895,0,0,408400895,20197026,14.7,5.52
152,2026-05-07 12:12:20,1,q26,0,7,108,2480,2542,36449,33832,136,161,0,288,0,285,1563358,0,0,3714942048,146139924,1919763572,0,0,361199,198,198,0,11486221,11486221,0,0,11486221,361199,14.7,2.48
153,2026-05-07 12:12:24,1,q27,0,7,130,4077,4095,60080,56516,164,208,3,944,0,2668,1563358,0,0,9989019624,290151590,3428907568,0,0,176635,848,848,0,8312881,8312881,0,0,8312881,176635,14.74,4.08
154,2026-05-07 12:12:29,1,q27a,0,11,346,10424,20851,160792,152979,381,493,0,1573,0,4536,1563358,0,0,7106799200,866368768,10230037392,0,0,180094,954,954,0,9455710,9455710,0,0,9455710,180094,15.43,10.42
155,2026-05-07 12:12:40,1,q28,0,18,709,13123,77729,207116,194793,741,920,8,1664,0,13993,307126,0,0,42865509472,1728038328,13433232336,0,0,4809294,7738,7738,0,78702022,78702022,0,0,78702022,4809294,15.78,13.12
156,2026-05-07 12:12:54,1,q29,0,17,258,10674,15860,145238,139554,666,720,1,1600,0,7275,13882585,0,0,12510713656,461126525,3056000012,0,0,93232843,3583,3583,0,1605288823,1605288823,0,0,1605288823,93232843,13.61,10.67
157,2026-05-07 12:13:06,1,q30,0,13,142,2028,3284,26049,22763,156,167,0,560,0,1998,7971334,0,0,9356907168,18418778,375811060,0,0,6150626,386,386,0,281189152,281189152,0,0,281189152,6150626,12.84,2.03
158,2026-05-07 12:13:09,1,q31,0,20,471,8355,43829,127187,117064,463,585,0,1088,0,12347,15346734,0,0,40966251720,1081084003,5449888056,0,0,721398,1751,1751,0,23987492,23987492,0,0,23855718,719552,15.22,8.36
159,2026-05-07 12:13:19,1,q32,0,7,170,1855,3545,27452,26089,94,154,0,336,0,495,1334984,0,0,608193728,288212248,2025603596,0,0,350080,90,90,0,4605586,4605586,0,0,4605586,350080,14.8,1.86
160,2026-05-07 12:13:22,1,q33,0,9,249,4007,9210,59561,56051,262,344,0,641,0,3420,1857223,0,0,8735025360,505430125,4038723700,0,0,143486,256,256,0,3626941,3626941,0,0,3626941,143486,14.86,4.01
161,2026-05-07 12:13:27,1,q34,0,9,155,2148,2420,29410,27795,204,197,0,433,0,2314,578098,0,0,533173672,290033990,904315248,0,0,4031113,135,135,0,135788608,135788608,0,0,68700929,2031113,13.69,2.15
162,2026-05-07 12:13:30,1,q35,0,10,296,4116,8006,57327,50833,120,254,0,896,0,4991,23973768,0,0,15331014656,508942925,1150813076,0,0,57691365,3111,3111,0,112822186,112822186,0,0,112822186,57691365,13.93,4.12
163,2026-05-07 12:13:35,1,q35a,0,9,296,3714,5170,50885,45322,133,255,0,1136,0,5209,23973682,0,0,14475377048,508942925,1150813076,0,0,57706997,3111,3111,0,112799702,112799702,0,0,112799702,57706997,13.7,3.71
164,2026-05-07 12:13:40,1,q36,0,6,113,3249,3190,46425,43629,119,158,0,650,0,1424,3716103,0,0,9362299000,288230790,3067523820,0,0,16736,106,106,0,1359762,1359762,0,0,1359762,16736,14.29,3.25
165,2026-05-07 12:13:44,1,q36a,0,9,118,3288,3242,45114,43509,128,163,0,336,0,1550,3716103,0,0,9901266872,288230790,3067523820,0,0,46259,321,321,0,3876412,3876412,0,0,1308296,15669,13.72,3.29
166,2026-05-07 12:13:48,1,q37,0,6,134,4691,8163,54835,51881,27,100,6,592,0,3684,172189,0,0,4902713048,543548124,1721036884,0,0,51928707,1383,1383,0,655187218,655187218,0,0,655187218,143994433,11.69,4.69
167,2026-05-07 12:13:54,1,q38,0,13,361,8300,21774,128062,115350,172,340,0,2112,0,8790,404013,0,0,23379178504,506022125,1099168672,0,0,120819579,5015,5015,0,740269760,740269760,0,0,635129750,116819579,15.43,8.3
168,2026-05-07 12:14:04,1,q39a,0,11,123,4548,8134,54604,50876,219,226,9,672,0,915,2464085,0,0,5429281480,798904015,2305814868,0,0,4703618,85,85,0,112366429,112366429,0,0,75919735,3173618,12.01,4.55
169,2026-05-07 12:14:09,1,q39b,0,11,122,4031,7344,47417,45382,188,223,0,496,0,514,1038243,0,0,5045830344,798904015,2305814868,0,0,4594459,85,85,0,109301092,109301092,0,0,72854398,3064459,11.76,4.03
170,2026-05-07 12:14:14,1,q40,0,8,162,8594,22543,124461,118758,113,180,1,2144,0,9542,512357,0,0,24442330840,158615961,1244668532,0,0,157478827,4755,4755,0,3042545985,3042545985,0,0,3042545985,157478827,14.48,8.59
171,2026-05-07 12:14:24,1,q41,0,4,10,209,178,246,195,9,12,0,0,0,11,24680,0,0,472399704,408000,16770304,0,0,292,2,2,0,19225,19225,0,0,19225,292,1.18,0.21
172,2026-05-07 12:14:25,1,q42,0,4,111,1829,1816,26886,25234,117,141,0,197,0,344,489597,0,0,4288306384,288230388,2115880004,0,0,1109,105,105,0,92568,92568,0,0,92568,1109,14.7,1.83
173,2026-05-07 12:14:28,1,q43,0,4,108,2214,2194,32647,30279,118,154,0,384,0,1343,490414,0,0,315741344,288026790,1173777864,0,0,12495,105,105,0,1420660,1420660,0,0,1420660,12495,14.75,2.21
174,2026-05-07 12:14:31,1,q44,0,8,249,3133,3291,45860,42376,193,280,0,480,0,3218,3433901,0,0,11327225512,576156776,3588195964,0,0,2617885,3497,3497,0,35187753,35187753,0,0,17600720,1309171,14.64,3.13
175,2026-05-07 12:14:35,1,q45,0,7,75,2030,1916,25883,24647,43,78,0,112,0,99,19031420,0,0,10271954264,75245613,598175976,0,0,182,39,39,0,17021,17021,0,0,17021,182,12.75,2.03
176,2026-05-07 12:14:39,1,q46,0,9,154,3925,4078,55005,51038,179,232,1,848,0,2339,13515568,0,0,10309463920,291033990,2223902720,0,0,2097512,545,545,0,69785439,69785439,0,0,69785439,2097512,14.01,3.92
177,2026-05-07 12:14:43,1,q47,0,11,173,5759,6741,82554,77680,217,264,0,528,0,5656,4612594,0,0,15111114072,288230790,2006537708,0,0,20926697,4017,4017,0,817469691,817469691,0,0,418128051,10695182,14.33,5.76
178,2026-05-07 12:14:50,1,q48,0,6,128,6704,6744,101275,96784,75,131,0,2618,0,52,2200929,0,0,5464862760,290947590,2722619648,0,0,105,105,105,0,6195,6195,0,0,6195,105,15.11,6.7
179,2026-05-07 12:14:58,1,q49,0,20,350,9127,33856,140357,131661,432,544,0,2672,0,10624,2329460,0,0,6933719544,554439913,6510148172,0,0,86104358,305,305,0,1847293817,1847293817,0,0,1847293817,86104358,15.38,9.13
180,2026-05-07 12:15:08,1,q50,0,10,232,11924,36402,180804,171711,328,386,0,2130,0,17521,1280164,0,0,40984956952,316921450,1887349860,0,0,265637490,12304,12304,0,5977261864,5977261864,0,0,5977261864,265637490,15.16,11.92
181,2026-05-07 12:15:21,1,q51,0,10,249,16594,26147,239609,205300,285,350,0,2080,0,23450,401010,0,0,30177909632,360028001,2405095048,0,0,173932465,3927,3927,0,2938966138,2938966138,0,0,2938966138,173932465,14.44,16.59
182,2026-05-07 12:15:39,1,q51a,0,14,320,251148,293290,3267406,3201852,557,625,0,27270,0,17421,540320,0,0,74335529632,360028001,2405095048,0,0,314001497,4967,4967,0,5206297389,5206297389,0,0,3937775893,247608234,13.01,251.15
183,2026-05-07 12:19:51,1,q52,0,5,114,2090,2073,30909,27569,112,151,0,352,0,2933,490371,0,0,4423048352,288230388,2116207684,0,0,57548,318,318,0,3289370,3289370,0,0,3289370,57548,14.79,2.09
184,2026-05-07 12:19:54,1,q53,0,6,118,2422,2403,34452,32710,124,165,0,144,0,2788,577324,0,0,884987736,288230790,2007344620,0,0,332514,636,636,0,7035336,7035336,0,0,7035336,332514,14.22,2.42
185,2026-05-07 12:19:58,1,q54,0,17,283,3997,5896,58498,52365,498,543,0,1264,0,3698,19031463,0,0,14702408224,507412625,2622518220,0,0,8236026,1891,1891,0,80387756,80387756,0,0,80387756,8236026,14.64,4.0
186,2026-05-07 12:20:03,1,q55,0,5,113,1949,1934,28134,26565,104,142,0,176,0,2289,488952,0,0,7375575168,288230388,2116207684,0,0,43654,212,212,0,2555880,2555880,0,0,2555880,43654,14.44,1.95
187,2026-05-07 12:20:06,1,q56,0,9,248,3765,8778,55126,51755,274,355,0,480,0,3527,1857223,0,0,7099010904,505430125,4038924404,0,0,78499,150,150,0,2882312,2882312,0,0,2882312,78499,14.64,3.76
188,2026-05-07 12:20:11,1,q57,0,11,155,2801,3500,37031,32396,209,247,8,249,0,2209,4612594,0,0,9768835904,144218154,959887816,0,0,1882447,1298,1298,0,76815267,76815267,0,0,53026285,1287630,13.22,2.8
189,2026-05-07 12:20:15,1,q58,0,10,251,3822,9449,57337,52726,295,363,3,336,0,4006,1563358,0,0,20030826128,504372223,3662699540,0,0,2379510,2483,2483,0,36179249,36179249,0,0,36179249,2379510,15.0,3.82
190,2026-05-07 12:20:19,1,q59,0,16,256,5277,9641,70397,65139,350,448,2,736,0,6763,721442,0,0,16799977256,576239678,2355681696,0,0,2240280,3606,3606,0,74284634,74284634,0,0,74284634,2240280,13.34,5.28
191,2026-05-07 12:20:26,1,q60,0,9,254,4136,9560,61349,57388,256,370,0,656,0,3013,1857223,0,0,13971196952,505430125,4038858868,0,0,554294,721,721,0,10718884,10718884,0,0,10718884,554294,14.83,4.14
192,2026-05-07 12:20:31,1,q61,0,10,244,5273,7966,76525,73761,20,165,0,304,0,42,19031420,0,0,23648525880,579238178,5161403224,0,0,210,210,210,0,12389,12389,0,0,12389,210,14.51,5.27
193,2026-05-07 12:20:37,1,q62,0,6,45,1299,1285,18428,16760,46,62,0,464,0,741,254008,0,0,245764904,72021672,334689868,0,0,14400,40,40,0,1319317,1319317,0,0,1319317,14400,14.19,1.3
194,2026-05-07 12:20:40,1,q63,0,6,115,2421,2399,34374,32809,123,165,0,160,0,2459,577453,0,0,817026928,288230790,2007283180,0,0,123499,318,318,0,3374401,3374401,0,0,3374401,123499,14.2,2.42
195,2026-05-07 12:20:43,1,q64,0,35,503,26956,88646,407907,390222,1337,1380,11,4768,0,13726,54397851,0,0,52018313664,768696804,9629621484,0,0,228688940,5285,5285,0,3404318393,3404318393,0,0,2982973221,193590051,15.13,26.96
196,2026-05-07 12:21:12,1,q65,0,10,286,12172,23155,181632,172736,380,431,2,1169,0,13065,18324921,0,0,24622340176,576237178,3993504392,0,0,123917656,3655,3655,0,3689155911,3689155911,0,0,3689155911,123917656,14.92,12.17
197,2026-05-07 12:21:25,1,q66,0,8,127,3278,4200,45199,39077,290,303,0,678,0,220,499803,0,0,4724854960,216055772,2093674428,0,0,885,59,59,0,423776,423776,0,0,423776,885,13.79,3.28
198,2026-05-07 12:21:29,1,q67,0,7,320,63629,63536,874673,781142,417,550,0,9425,0,99163,9238108,0,0,75568267552,288230790,2272919624,0,0,145428382,22608,22608,0,11061191743,11061191743,0,0,11061191743,145428382,13.75,63.63
199,2026-05-07 12:22:34,1,q67a,0,15,801,104359,458861,1618020,1115547,1870,1990,0,8439,0,505788,9238108,0,0,222642866528,288230790,2272919624,0,0,549297854,69483,69483,0,42296108441,42296108441,0,0,8661959985,122569230,15.5,104.36
200,2026-05-07 12:24:19,1,q68,0,9,150,5431,5553,77955,66468,154,220,0,720,0,1700,13515525,0,0,9492134576,291033990,3513999360,0,0,2022736,125,125,0,65910392,65910392,0,0,65910392,2022736,14.35,5.43
201,2026-05-07 12:24:26,1,q69,0,9,279,2753,6053,39532,32781,44,188,1,320,0,4832,28676289,0,0,10694197760,508942925,1152082836,0,0,16091419,2703,2703,0,47414103,47414103,0,0,47414103,16091419,14.36,2.75
202,2026-05-07 12:24:30,1,q70,0,9,217,4656,4598,68290,65804,258,330,0,572,0,868,1110328,0,0,7879371184,576033580,2769010512,0,0,3361,212,212,0,248560,248560,0,0,248560,3361,14.67,4.66
203,2026-05-07 12:24:35,1,q70a,0,12,222,3885,4051,55439,53352,275,335,0,688,0,782,1105136,0,0,1304800336,576033580,2769010512,0,0,4230,427,427,0,360133,360133,0,0,173273,2340,14.27,3.88
204,2026-05-07 12:24:40,1,q71,0,7,245,4224,4165,61598,53851,365,404,1,752,0,4560,2159375,0,0,4787737728,504266125,3881955576,0,0,276632,1800,1800,0,14492266,14492266,0,0,8304738,169066,14.58,4.22
205,2026-05-07 12:24:46,1,q72,0,15,386,182958,229545,2831874,2293525,509,656,2,3904,0,525110,13148461,0,0,82523784096,560021059,2681504060,0,0,537663712,26076,26076,0,9674720401,9674720401,0,0,9674720401,537663712,15.48,182.96
206,2026-05-07 12:27:50,1,q73,0,9,155,2024,2347,28603,27100,138,181,0,372,0,1738,577367,0,0,528883792,290033990,904315248,0,0,4016581,135,135,0,135105335,135105335,0,0,68017656,2016581,14.13,2.02
207,2026-05-07 12:27:53,1,q74,0,20,425,16373,52807,257006,235686,850,954,0,3902,0,13932,588744,0,0,43804974688,650094389,3337614368,0,0,269945080,7941,7941,0,2942491205,2942491205,0,0,2069353558,191970515,15.7,16.37
208,2026-05-07 12:28:10,1,q75,0,20,606,15945,58294,246684,229124,316,617,1,3680,3,15275,428478,0,0,24682165216,1058647072,9180335472,0,0,140054991,4858,4858,0,3124854319,3124854319,0,0,2106972811,89656169,15.47,15.94
209,2026-05-07 12:28:27,1,q76,0,5,233,4081,4033,61601,57707,284,360,0,608,0,2727,1834613,0,0,18623056768,503804997,3936608940,0,0,30478,452,452,0,2480090,2480090,0,0,2480090,30478,15.09,4.08
210,2026-05-07 12:28:32,1,q77,0,14,293,4830,23754,72228,66429,285,361,3,848,0,2987,489124,0,0,1301698440,554423389,4519787444,0,0,79732,195,195,0,2924827,2924827,0,0,2924827,79732,14.95,4.83
211,2026-05-07 12:28:38,1,q77a,0,17,298,4942,23437,71915,68186,291,369,1,304,0,3255,489210,0,0,1907775144,554423389,4519787444,0,0,79963,207,207,0,3090403,3090403,0,0,2919791,77489,14.55,4.94
212,2026-05-07 12:28:45,1,q78,0,14,501,36268,101580,551250,471544,845,950,0,4856,0,87214,1065832,0,0,94462501856,554440947,5870412356,0,0,406636630,22041,22041,0,11365250369,11365250369,0,0,11365250369,406636630,15.2,36.27
213,2026-05-07 12:29:22,1,q79,0,8,158,4141,4363,62095,54919,218,244,7,984,0,4736,578786,0,0,10973653424,290033990,2194944544,0,0,3605127,2261,2261,0,110536843,110536843,0,0,110536843,3605127,15.0,4.14
214,2026-05-07 12:29:27,1,q80,0,23,464,35829,119732,556727,419446,1161,1240,0,4864,0,143405,1105962,0,0,54884401176,554871773,7008068448,0,0,265494090,13408,13408,0,7544333779,7544333779,0,0,7544333779,265494090,15.54,35.83
215,2026-05-07 12:30:04,1,q80a,0,26,469,40490,138123,629883,410101,1263,1276,0,5760,3,226121,1105876,0,0,55356260208,554871773,7008068448,0,0,265493762,13423,13423,0,7544502071,7544502071,0,0,7544280371,265491832,15.56,40.49
216,2026-05-07 12:30:46,1,q81,0,13,163,2495,4101,29063,25035,186,220,0,202,0,2367,7971377,0,0,13574738872,32815644,493120964,0,0,11352561,1105,1105,0,248755021,248755021,0,0,248755021,11352561,11.65,2.5
217,2026-05-07 12:30:49,1,q82,0,8,148,2985,4198,36452,31932,241,313,0,240,0,543,230290,0,0,201963240,687764388,2330593528,0,0,40831,112,112,0,228724,228724,0,0,228724,40831,12.21,2.98
218,2026-05-07 12:30:53,1,q83,0,10,70,1296,3092,15921,14154,83,78,0,432,0,794,1563358,0,0,3577569720,50821969,408870628,0,0,400795,58,58,0,5436397,5436397,0,0,5436397,400795,12.28,1.3
219,2026-05-07 12:30:56,1,q84,0,9,74,1299,2493,12167,11373,38,62,0,0,0,562,9716301,0,0,1313097696,33729631,260505488,0,0,27798549,39,39,0,145670742,145670742,0,0,145670742,27798549,9.37,1.3
220,2026-05-07 12:30:58,1,q85,0,10,111,3544,17475,47928,44393,64,110,0,1376,0,1853,16953856,0,0,9166144312,84064697,1148586096,0,0,9151985,867,867,0,340232586,340232586,0,0,340232586,9151985,13.52,3.54
221,2026-05-07 12:31:03,1,q86,0,5,47,1199,1137,15332,14657,47,58,0,0,0,489,3716103,0,0,3607813520,72225613,530286884,0,0,7501,41,41,0,521171,521171,0,0,521171,7501,12.79,1.2
222,2026-05-07 12:31:05,1,q86a,0,8,52,1172,1107,14027,13246,48,62,0,0,0,696,3716103,0,0,4146781072,72225613,530286884,0,0,20456,126,126,0,1499880,1499880,0,0,514832,7068,11.97,1.17
223,2026-05-07 12:31:07,1,q87,0,13,361,8643,22599,133987,120729,166,330,0,2032,0,8819,404013,0,0,23379178504,506022125,1099168672,0,0,120819579,5015,5015,0,740269760,740269760,0,0,635129750,116819579,15.5,8.64
224,2026-05-07 12:31:17,1,q88,0,26,858,8212,57046,127996,119388,47,511,0,1312,0,259,241563,0,0,2705525760,2304258706,5004945128,0,0,840,840,840,0,49558,49558,0,0,49558,840,15.59,8.21
225,2026-05-07 12:31:26,1,q89,0,6,128,2682,2652,38809,34787,147,189,0,464,0,3311,578227,0,0,8715356488,288230790,2006943212,0,0,470930,1696,1696,0,22676235,22676235,0,0,22676235,470930,14.47,2.68
226,2026-05-07 12:31:30,1,q90,0,8,86,880,1342,13017,12398,8,46,0,0,0,10,91809,0,0,259051520,144052466,449798300,0,0,80,80,80,0,4720,4720,0,0,4720,80,14.79,0.88
227,2026-05-07 12:31:32,1,q91,0,10,61,846,628,4421,4023,29,54,1,0,0,7,38453691,0,0,3695004344,19345852,255124852,0,0,134,5,5,0,19839,19839,0,0,11750,82,5.23,0.85
228,2026-05-07 12:31:34,1,q92,0,7,103,1668,2355,24563,19171,89,100,0,320,0,1853,771374,0,0,3957955072,144227226,1056413764,0,0,1672198,696,696,0,21434447,21434447,0,0,21434447,1672198,14.73,1.67
229,2026-05-07 12:31:36,1,q93,0,8,338,28920,45096,420709,379988,434,566,0,2152,0,46823,2210333,0,0,68145363512,316808109,2544387116,0,0,288995290,26212,26212,0,7314530014,7314530014,0,0,7314530014,288995290,14.55,28.92
230,2026-05-07 12:32:06,1,q94,0,8,153,7373,20430,110137,96351,129,179,0,1534,0,11164,509440,0,0,16630437440,152222639,965260140,0,0,151171114,3640,3640,0,2240321543,2240321543,0,0,2240321543,151171114,14.94,7.37
231,2026-05-07 12:32:15,1,q95,0,8,180,22906,33642,343178,318162,414,384,0,6507,0,6431,939608,0,0,49888658408,152222639,937587564,0,0,367104120,14137,14137,0,3290949327,3290949327,0,0,1995058746,151153176,14.98,22.91
232,2026-05-07 12:32:39,1,q96,0,5,109,1146,1147,16920,16425,0,61,0,112,0,15,241348,0,0,335583360,288033990,627415888,0,0,105,105,105,0,6194,6194,0,0,6194,105,14.76,1.15
233,2026-05-07 12:32:41,1,q97,0,5,204,12043,15083,159048,152837,173,260,0,1008,0,4945,401526,0,0,25362705944,432020512,2139985352,0,0,83874967,2091,2091,0,961496197,961496197,0,0,961496197,83874967,13.21,12.04
234,2026-05-07 12:32:54,1,q98,0,7,136,2650,2546,34250,31928,146,184,6,168,0,3362,6562517,0,0,10869479536,288230388,2130541032,0,0,784257,1896,1896,0,107666178,107666178,0,0,103671552,753714,12.92,2.65
235,2026-05-07 12:32:58,1,q99,0,7,87,1934,1919,25624,23590,100,128,0,528,0,437,501093,0,0,1632383928,144014189,512709324,0,0,32599,50,50,0,2191785,2191785,0,0,2191785,32599,13.25,1.93
236,2026-05-07 12:33:01,2,q1,0,10,106,1903,3227,27674,24771,129,141,8,558,0,1978,20278162,0,0,9109609000,59623624,615605636,0,0,16217529,561,561,0,253429265,253429265,0,0,253429265,16217529,14.54,1.9
237,2026-05-07 12:33:04,2,q2,0,9,128,3159,3094,45318,39552,141,177,0,1232,0,3620,751663,0,0,879498664,216108786,928213424,0,0,35347,362,362,0,2673870,2673870,0,0,901000,13701,14.35,3.16
238,2026-05-07 12:33:08,2,q3,0,5,113,1994,1981,28816,27112,110,150,0,368,0,2256,489769,0,0,411713488,288283437,2116269124,0,0,43415,212,212,0,2742950,2742950,0,0,2742950,43415,14.45,1.99
239,2026-05-07 12:33:11,2,q4,0,25,714,48887,242391,773177,718732,1729,1719,0,13498,0,44408,763869,0,0,115346137600,794088513,10209753124,0,0,566100624,26059,26059,0,14421838771,14421838771,0,0,8530911104,341212705,15.82,48.89
240,2026-05-07 12:34:01,2,q5,0,11,350,15570,29571,217241,194528,385,531,0,2277,0,12661,644768,0,0,8873293832,626443386,5005569020,0,0,78889327,1136,1136,0,1105456401,1105456401,0,0,1105456401,78889327,13.95,15.57
241,2026-05-07 12:34:18,2,q5a,0,14,355,14915,27925,205487,191702,457,563,0,2667,0,7512,645542,0,0,9345152864,626443386,5005569020,0,0,78892614,1146,1146,0,1105692639,1105692639,0,0,1105483887,78889180,13.78,14.92
242,2026-05-07 12:34:34,2,q6,0,13,162,2808,6931,41671,30723,313,356,0,1056,0,9924,8436867,0,0,5221591328,291580486,1513408748,0,0,5131498,1975,1975,0,46269258,46269258,0,0,46269258,5131498,14.84,2.81
243,2026-05-07 12:34:38,2,q7,0,7,139,4353,4384,64641,61582,203,229,0,886,1,2298,1563358,0,0,10258232888,290152188,3733018764,0,0,741960,1802,1802,0,25969993,25969993,0,0,25969993,741960,14.85,4.35
244,2026-05-07 12:34:43,2,q8,0,10,146,2451,2403,32164,30879,167,232,0,128,0,576,9445062,0,0,9298835608,292026790,1468752280,0,0,50834,126,126,0,766619,766619,0,0,766619,50834,13.12,2.45
245,2026-05-07 12:34:47,2,q9,0,11,531,7599,37288,118727,115084,65,375,0,1478,0,99,220440,0,0,0,1440031995,8643368200,0,0,525,525,525,0,43295,43295,0,0,43295,525,15.62,7.6
246,2026-05-07 12:34:55,2,q10,0,13,300,2843,6312,39748,36572,116,263,2,320,0,4779,255952,0,0,5637359016,509942925,1176986144,0,0,21068747,2590,2590,0,77600073,77600073,0,0,77600073,21068747,13.98,2.84
247,2026-05-07 12:34:59,2,q10a,0,10,290,2404,4089,33247,28539,61,222,3,656,0,6717,306475,0,0,4672279792,508942925,1152738196,0,0,22779154,2740,2740,0,107512526,107512526,0,0,107512526,22779154,13.83,2.4
248,2026-05-07 12:35:03,2,q11,0,20,431,17535,54803,272639,259580,986,1006,2,4766,0,14148,588701,0,0,44791176400,650094389,4199900192,0,0,269945080,8343,8343,0,4443444874,4443444874,0,0,2965113310,191970515,15.55,17.54
249,2026-05-07 12:35:21,2,q12,0,6,65,1037,975,12177,10463,67,82,0,0,0,1580,6520039,0,0,4753471800,72225613,541845796,0,0,218539,691,691,0,30886708,30886708,0,0,30886708,218539,11.74,1.04
250,2026-05-07 12:35:23,2,q13,0,7,129,5421,5443,81286,74490,75,115,0,1162,0,194,1749701,0,0,5580303960,290954790,4547889996,0,0,105,105,105,0,8286,8286,0,0,8286,105,14.99,5.42
251,2026-05-07 12:35:30,2,q14a,0,40,1232,64055,193679,973752,506836,2066,2395,0,11152,0,472379,2429660,0,0,48868027672,2016904500,12248886924,0,0,639521492,5955,5955,0,9126203471,9126203471,0,0,9111166440,639047728,15.2,64.06
252,2026-05-07 12:36:36,2,q14b,0,30,780,22850,37819,330506,299686,1411,1582,11,10005,0,19743,2429660,0,0,29351627872,1585185222,9024282320,0,0,135644755,4083,4083,0,525336067,525336067,0,0,525336067,135644755,14.46,22.85
253,2026-05-07 12:37:00,2,q14,0,29,774,20686,35607,300651,271746,1467,1600,10,9693,0,19290,2323166,0,0,29052095752,1585185222,9024282320,0,0,134753609,3832,3832,0,433106320,433106320,0,0,433106320,134753609,14.53,20.69
254,2026-05-07 12:37:22,2,q15,0,5,107,3095,2782,41249,39310,86,137,9,704,0,42,19031721,0,0,13031031584,147014124,755110092,0,0,2305,3,3,0,69877,69877,0,0,69877,2305,13.33,3.1
255,2026-05-07 12:37:26,2,q16,0,8,293,13136,36235,201075,189524,323,422,0,2240,0,13871,1273557,0,0,41785807200,303406100,1947854248,0,0,301125284,17100,17100,0,4308531096,4308531096,0,0,4308531096,301125284,15.31,13.14
256,2026-05-07 12:37:40,2,q17,0,14,249,5813,10342,83710,74360,700,707,2,4576,0,4228,13882585,0,0,6358661496,461086525,3051392260,0,0,28190115,2517,2517,0,601289420,601289420,0,0,601289420,28190115,14.4,5.81
257,2026-05-07 12:37:47,2,q18,0,9,148,3548,4204,48612,43935,211,243,0,768,0,307,17523034,0,0,20407531752,151059724,2467956252,0,0,547671,289,289,0,38073944,38073944,0,0,38073944,547671,13.7,3.55
258,2026-05-07 12:37:52,2,q18a,0,17,503,11309,33160,172420,161802,656,836,0,1562,0,1242,17760449,0,0,93113179144,730240220,11870209104,0,0,648686,387,387,0,41635018,41635018,0,0,41635018,648686,15.25,11.31
259,2026-05-07 12:38:04,2,q19,0,8,143,3452,3348,47900,46366,146,203,0,0,0,1735,19031420,0,0,23965705664,291230790,2425648524,0,0,104690,636,636,0,7065795,7065795,0,0,7065795,104690,13.88,3.45
260,2026-05-07 12:38:09,2,q20,0,6,92,1344,1284,16454,15366,90,115,0,256,0,31,6520039,0,0,2049998040,144218124,1027833352,0,0,61386,15,15,0,7314659,7314659,0,0,7314659,61386,12.24,1.34
261,2026-05-07 12:38:11,2,q21,0,6,41,2092,2079,29124,28192,42,51,0,0,0,46,166671,0,0,530336016,399554015,1160382340,0,0,224195,12,12,0,3707674,3707674,0,0,3707674,224195,13.92,2.09
262,2026-05-07 12:38:14,2,q22,0,6,55,112435,112359,604813,601929,102,85,0,937,0,297,9238108,0,0,3042269472,399554015,1155227504,0,0,3668633,170,170,0,157580403,157580403,0,0,157580403,3668633,5.38,112.44
263,2026-05-07 12:40:08,2,q22a,0,10,123,5620,6423,50058,46776,182,204,0,52,0,2546,9238108,0,0,12240902592,399554015,1155827588,0,0,3874870,672,672,0,196248694,196248694,0,0,50881482,1020746,8.91,5.62
264,2026-05-07 12:40:14,2,q23a,0,19,630,42893,72415,668106,646510,1102,1260,2,6451,0,26067,13148461,0,0,91179023240,1082298901,6118668000,0,0,236821663,18631,18631,0,6675910750,6675910750,0,0,6296400271,209386880,15.58,42.89
265,2026-05-07 12:40:58,2,q23b,0,22,664,45263,79669,701075,676137,1228,1326,6,6529,0,29133,13148461,0,0,104120547456,1084298901,6173560216,0,0,286169576,24529,24529,0,7489542086,7489542086,0,0,6352485292,211464383,15.49,45.26
266,2026-05-07 12:41:45,2,q24,0,14,197,4275,10246,61902,55907,685,634,1,1337,0,4227,12972097,0,0,7305478504,320216803,2618685332,0,0,31568282,2072,2072,0,398343147,398343147,0,0,398343147,31568282,14.48,4.28
267,2026-05-07 12:41:50,2,q24a,0,21,351,10546,15893,142962,136321,1014,1057,0,1408,0,8605,7938403,0,0,21018360104,608427191,4959679660,0,0,100579192,4982,4982,0,1807160549,1807160549,0,0,1449375004,69847453,13.56,10.55
268,2026-05-07 12:42:02,2,q24b,0,22,351,9684,15392,128733,123482,966,1019,1,1744,0,8983,7938360,0,0,18322225928,608427191,4959679660,0,0,99830490,3056,3056,0,1783327822,1783327822,0,0,1425542277,69098751,13.29,9.68
269,2026-05-07 12:42:12,2,q25,0,14,249,5456,10163,80478,76423,633,679,1,960,0,3833,13882585,0,0,6009723240,461086525,4055330052,0,0,20197026,2496,2496,0,408400895,408400895,0,0,408400895,20197026,14.75,5.46
270,2026-05-07 12:42:19,2,q26,0,7,108,2332,2371,34445,33085,118,158,0,0,0,280,1563358,0,0,3714942048,146139924,1919763572,0,0,361199,198,198,0,11486221,11486221,0,0,11486221,361199,14.77,2.33
271,2026-05-07 12:42:22,2,q27,0,7,130,4131,4123,60365,56073,179,205,0,527,0,2181,1563358,0,0,9989019624,290151590,3428907568,0,0,176635,848,848,0,8312881,8312881,0,0,8312881,176635,14.61,4.13
272,2026-05-07 12:42:28,2,q27a,0,11,346,10374,20827,159881,153615,343,493,0,1232,0,4242,1563444,0,0,7106799200,866368768,10230037392,0,0,180094,954,954,0,9455710,9455710,0,0,9455710,180094,15.41,10.37
273,2026-05-07 12:42:39,2,q28,0,18,709,13108,77580,206933,195059,681,900,3,1264,0,14329,306567,0,0,42865509472,1728038328,13433232336,0,0,4809294,7738,7738,0,78702022,78702022,0,0,78702022,4809294,15.79,13.11
274,2026-05-07 12:42:53,2,q29,0,17,258,10730,15990,145704,140923,720,719,2,1216,0,6725,13882585,0,0,12510713656,461126525,3056000012,0,0,93232843,3583,3583,0,1605288823,1605288823,0,0,1605288823,93232843,13.58,10.73
275,2026-05-07 12:43:05,2,q30,0,13,142,1849,2928,23461,20448,144,164,0,0,0,1941,7971334,0,0,9356907168,18418778,375811060,0,0,6150626,386,386,0,281189152,281189152,0,0,281189152,6150626,12.69,1.85
276,2026-05-07 12:43:08,2,q31,0,20,471,7742,40356,117460,107890,481,589,0,912,0,12327,15346734,0,0,40966251720,1081084003,5449888056,0,0,721398,1751,1751,0,23987492,23987492,0,0,23855718,719552,15.17,7.74
277,2026-05-07 12:43:17,2,q32,0,7,170,1848,3523,27366,24744,96,161,0,192,0,537,1335027,0,0,608193728,288212248,2025603596,0,0,350080,90,90,0,4605586,4605586,0,0,4605586,350080,14.81,1.85
278,2026-05-07 12:43:20,2,q33,0,9,249,4134,9537,61443,57751,248,347,0,608,0,3528,1857223,0,0,8735025360,505430125,4038723700,0,0,143486,256,256,0,3626941,3626941,0,0,3626941,143486,14.86,4.13
279,2026-05-07 12:43:25,2,q34,0,9,155,2141,2422,29202,27309,148,194,0,208,0,2597,577410,0,0,533173672,290033990,904315248,0,0,4031113,135,135,0,135788608,135788608,0,0,68700929,2031113,13.64,2.14
280,2026-05-07 12:43:28,2,q35,0,10,296,3951,7657,54882,48984,141,247,0,304,0,5222,23973768,0,0,15331014656,508942925,1150813076,0,0,57691365,3111,3111,0,112822186,112822186,0,0,112822186,57691365,13.89,3.95
281,2026-05-07 12:43:33,2,q35a,0,9,296,3640,5145,49706,44481,310,263,0,1024,0,5028,23973768,0,0,14475377048,508942925,1150813076,0,0,57706997,3111,3111,0,112799702,112799702,0,0,112799702,57706997,13.66,3.64
282,2026-05-07 12:43:38,2,q36,0,6,113,3147,3090,44991,42986,118,156,2,224,0,1723,3716103,0,0,9362299000,288230790,3067523820,0,0,16736,106,106,0,1359762,1359762,0,0,1359762,16736,14.3,3.15
283,2026-05-07 12:43:42,2,q36a,0,9,118,3222,3171,44343,41445,124,163,0,354,0,1769,3716103,0,0,9901266872,288230790,3067523820,0,0,46259,321,321,0,3876412,3876412,0,0,1308296,15669,13.76,3.22
284,2026-05-07 12:43:46,2,q37,0,6,134,4647,8011,53619,51758,26,103,0,300,0,3220,171458,0,0,4902713048,543548124,1721036884,0,0,51928707,1383,1383,0,655187218,655187218,0,0,655187218,143994433,11.54,4.65
285,2026-05-07 12:43:52,2,q38,0,13,361,8293,22072,128339,116937,174,344,2,1760,0,8947,404013,0,0,23379178504,506022125,1099168672,0,0,120819579,5015,5015,0,740269760,740269760,0,0,635129750,116819579,15.48,8.29
286,2026-05-07 12:44:01,2,q39a,0,11,123,4568,8065,53331,49638,226,226,0,528,0,1101,2464085,0,0,5429281480,798904015,2305814868,0,0,4703618,85,85,0,112366429,112366429,0,0,75919735,3173618,11.67,4.57
287,2026-05-07 12:44:07,2,q39b,0,11,122,3952,7218,46218,45222,172,222,0,275,0,597,1038243,0,0,5045830344,798904015,2305814868,0,0,4594459,85,85,0,109301092,109301092,0,0,72854398,3064459,11.69,3.95
288,2026-05-07 12:44:12,2,q40,0,8,162,8361,21956,121439,116432,106,182,0,752,0,9894,510938,0,0,24442330840,158615961,1244668532,0,0,157478827,4755,4755,0,3042545985,3042545985,0,0,3042545985,157478827,14.52,8.36
289,2026-05-07 12:44:21,2,q41,0,4,10,211,181,240,189,9,10,0,0,0,11,24680,0,0,472399704,408000,16770304,0,0,292,2,2,0,19225,19225,0,0,19225,292,1.14,0.21
290,2026-05-07 12:44:23,2,q42,0,4,111,1881,1868,28215,25045,108,138,0,176,0,2056,489124,0,0,4288306384,288230388,2115880004,0,0,1109,105,105,0,92568,92568,0,0,92568,1109,15.0,1.88
291,2026-05-07 12:44:26,2,q43,0,4,108,2105,2084,30892,29434,109,151,0,192,0,1146,489081,0,0,315741344,288026790,1173777864,0,0,12495,105,105,0,1420660,1420660,0,0,1420660,12495,14.68,2.1
292,2026-05-07 12:44:29,2,q44,0,8,249,3417,3546,50883,47108,176,272,0,448,0,3507,3433901,0,0,11327225512,576156776,3588195964,0,0,2617885,3497,3497,0,35187753,35187753,0,0,17600720,1309171,14.89,3.42
293,2026-05-07 12:44:33,2,q45,0,7,75,1933,1994,24649,22636,44,77,0,432,0,102,19031850,0,0,10271954264,75245613,598175976,0,0,182,39,39,0,17021,17021,0,0,17021,182,12.75,1.93
294,2026-05-07 12:44:36,2,q46,0,9,154,3955,3995,55217,52435,179,226,1,394,0,3055,13515654,0,0,10309463920,291033990,2223902720,0,0,2097512,545,545,0,69785439,69785439,0,0,69785439,2097512,13.96,3.96
295,2026-05-07 12:44:41,2,q47,0,11,173,5749,6716,82520,78235,224,271,0,704,0,5098,4612594,0,0,15111114072,288230790,2006537708,0,0,20926697,4017,4017,0,817469691,817469691,0,0,418128051,10695182,14.35,5.75
296,2026-05-07 12:44:48,2,q48,0,6,128,6690,6707,101293,96443,89,143,0,2718,0,49,2200929,0,0,5464862760,290947590,2722619648,0,0,105,105,105,0,6195,6195,0,0,6195,105,15.14,6.69
297,2026-05-07 12:44:56,2,q49,0,20,350,9309,33815,142043,132445,393,528,0,2528,0,11727,2329460,0,0,6933719544,554439913,6510148172,0,0,86104358,305,305,0,1847293817,1847293817,0,0,1847293817,86104358,15.26,9.31
298,2026-05-07 12:45:06,2,q50,0,10,232,15510,48276,219582,168651,333,395,0,1456,0,60185,1278788,0,0,40984956952,316921450,1887349860,0,0,265637490,12304,12304,0,5977261864,5977261864,0,0,5977261864,265637490,14.16,15.51
299,2026-05-07 12:45:23,2,q51,0,10,249,15351,23640,218104,207864,288,373,0,2000,0,12419,400967,0,0,30177909632,360028001,2405095048,0,0,173932465,3927,3927,0,2938966138,2938966138,0,0,2938966138,173932465,14.21,15.35
300,2026-05-07 12:45:39,2,q51a,0,14,320,250561,292120,3261888,3214166,513,620,1,22589,0,13951,540320,0,0,74335529632,360028001,2405095048,0,0,314001497,4967,4967,0,5206297389,5206297389,0,0,3937775893,247608234,13.02,250.56
301,2026-05-07 12:49:51,2,q52,0,5,114,2024,2007,29809,27072,123,149,0,144,0,2702,489038,0,0,4423048352,288230388,2116207684,0,0,57548,318,318,0,3289370,3289370,0,0,3289370,57548,14.73,2.02
302,2026-05-07 12:49:54,2,q53,0,6,118,2461,2441,35066,33280,128,168,0,272,0,2972,578141,0,0,884987736,288230790,2007344620,0,0,332514,636,636,0,7035336,7035336,0,0,7035336,332514,14.25,2.46
303,2026-05-07 12:49:57,2,q54,0,17,283,3817,5867,55222,51695,463,534,0,576,0,3232,19031420,0,0,14702408224,507412625,2622518220,0,0,8236026,1891,1891,0,80387756,80387756,0,0,80387756,8236026,14.47,3.82
304,2026-05-07 12:50:02,2,q55,0,5,113,2018,2005,29419,28041,110,148,0,240,0,1805,489167,0,0,7375575168,288230388,2116207684,0,0,43654,212,212,0,2555880,2555880,0,0,2555880,43654,14.58,2.02
305,2026-05-07 12:50:05,2,q56,0,9,248,4179,9716,62106,56812,267,349,2,272,0,3926,1857223,0,0,7099010904,505430125,4038924404,0,0,78499,150,150,0,2882312,2882312,0,0,2882312,78499,14.86,4.18
306,2026-05-07 12:50:11,2,q57,0,11,155,2830,3503,38000,33330,199,243,0,464,0,2438,4612594,0,0,9768835904,144218154,959887816,0,0,1882447,1298,1298,0,76815267,76815267,0,0,53026285,1287630,13.43,2.83
307,2026-05-07 12:50:15,2,q58,0,10,251,4089,10000,61704,55901,308,349,15,320,0,4825,1563358,0,0,20030826128,504372223,3662699540,0,0,2379510,2483,2483,0,36179249,36179249,0,0,36179249,2379510,15.09,4.09
308,2026-05-07 12:50:20,2,q59,0,16,256,5316,9714,71180,65719,364,445,0,688,0,6934,721227,0,0,16799977256,576239678,2355681696,0,0,2240280,3606,3606,0,74284634,74284634,0,0,74284634,2240280,13.39,5.32
309,2026-05-07 12:50:26,2,q60,0,9,254,4379,9891,65633,62566,266,367,0,240,0,2684,1857223,0,0,13971196952,505430125,4038858868,0,0,554294,721,721,0,10718884,10718884,0,0,10718884,554294,14.99,4.38
310,2026-05-07 12:50:32,2,q61,0,10,244,5413,8048,78897,75662,21,164,0,576,0,41,19031420,0,0,23648525880,579238178,5161403224,0,0,210,210,210,0,12389,12389,0,0,12389,210,14.58,5.41
311,2026-05-07 12:50:38,2,q62,0,6,45,1251,1242,17600,16554,47,60,0,0,0,764,253234,0,0,245764904,72021672,334689868,0,0,14400,40,40,0,1319317,1319317,0,0,1319317,14400,14.07,1.25
312,2026-05-07 12:50:40,2,q63,0,6,115,2453,2431,35197,33321,119,164,0,160,0,2759,577453,0,0,817026928,288230790,2007283180,0,0,123499,318,318,0,3374401,3374401,0,0,3374401,123499,14.35,2.45
313,2026-05-07 12:50:44,2,q64,0,35,503,26860,86578,405117,388277,1481,1395,66,4094,0,14119,54398152,0,0,52018313664,768696804,9629621484,0,0,228688940,5285,5285,0,3404318393,3404318393,0,0,2982973221,193590051,15.08,26.86
314,2026-05-07 12:51:12,2,q65,0,10,286,12422,23609,185546,177803,361,425,2,893,0,13531,18324921,0,0,24622340176,576237178,3993504392,0,0,123917656,3655,3655,0,3689155911,3689155911,0,0,3689155911,123917656,14.94,12.42
315,2026-05-07 12:51:26,2,q66,0,8,127,3199,4158,43577,38393,277,293,0,448,0,225,499803,0,0,4724854960,216055772,2093674428,0,0,885,59,59,0,423776,423776,0,0,423776,885,13.62,3.2
316,2026-05-07 12:51:30,2,q67,0,7,320,98841,98693,1521341,772793,439,524,0,8491,0,745199,9238108,0,0,75568267552,288230790,2272919624,0,0,145428382,22608,22608,0,11061191743,11061191743,0,0,11061191743,145428382,15.39,98.84
317,2026-05-07 12:53:10,2,q67a,0,15,801,100325,421988,1557901,1073332,1933,2023,7,7191,0,478134,9238409,0,0,222642866528,288230790,2272919624,0,0,549297854,69483,69483,0,42296108441,42296108441,0,0,8661959985,122569230,15.53,100.32
318,2026-05-07 12:54:51,2,q68,0,9,150,6716,6862,96733,66436,179,200,0,416,0,3802,13515525,0,0,9492134576,291033990,3513999360,0,0,2022736,125,125,0,65910392,65910392,0,0,65910392,2022736,14.4,6.72
319,2026-05-07 12:54:59,2,q69,0,9,279,2547,5565,35855,30622,55,193,2,417,0,5357,28676332,0,0,10694197760,508942925,1152082836,0,0,16091419,2703,2703,0,47414103,47414103,0,0,47414103,16091419,14.08,2.55
320,2026-05-07 12:55:03,2,q70,0,9,217,4545,4479,66468,62762,269,334,3,432,0,788,1110328,0,0,7879371184,576033580,2769010512,0,0,3361,212,212,0,248560,248560,0,0,248560,3361,14.62,4.54
321,2026-05-07 12:55:08,2,q70a,0,12,222,3895,3799,55471,53736,255,332,0,400,0,691,1104448,0,0,1304800336,576033580,2769010512,0,0,4230,427,427,0,360133,360133,0,0,173273,2340,14.24,3.9
322,2026-05-07 12:55:13,2,q71,0,7,245,4171,4089,60885,52659,322,396,17,240,0,3141,2159332,0,0,4787737728,504266125,3881955576,0,0,276632,1800,1800,0,14492756,14492756,0,0,8305228,169066,14.6,4.17
323,2026-05-07 12:55:19,2,q72,0,15,386,196389,269705,3068741,2284380,521,667,3,3408,0,774493,13148504,0,0,82523784096,560021059,2681504060,0,0,537663712,26076,26076,0,9674720401,9674720401,0,0,9674720401,537663712,15.63,196.39
324,2026-05-07 12:58:36,2,q73,0,9,155,2038,2174,27279,25767,150,184,0,224,0,1776,577410,0,0,528883792,290033990,904315248,0,0,4016581,135,135,0,135105335,135105335,0,0,68017656,2016581,13.39,2.04
325,2026-05-07 12:58:39,2,q74,0,20,425,15625,49557,241840,226962,930,983,0,2272,0,12644,588013,0,0,43804974688,650094389,3337614368,0,0,269945080,7941,7941,0,2942491205,2942491205,0,0,2069353558,191970515,15.48,15.62
326,2026-05-07 12:58:56,2,q75,0,20,606,15663,57691,241901,223842,297,612,0,3336,0,14781,428435,0,0,24682165216,1058647072,9180335472,0,0,140054991,4858,4858,0,3124854319,3124854319,0,0,2106972811,89656169,15.44,15.66
327,2026-05-07 12:59:13,2,q76,0,5,233,3692,3642,55560,51942,252,356,2,464,0,2567,1834613,0,0,18623056768,503804997,3936608940,0,0,30478,452,452,0,2480090,2480090,0,0,2480090,30478,15.05,3.69
328,2026-05-07 12:59:17,2,q77,0,14,293,4727,22960,70455,66539,280,359,0,464,0,3189,489769,0,0,1301698440,554423389,4519787444,0,0,79732,195,195,0,2924827,2924827,0,0,2924827,79732,14.9,4.73
329,2026-05-07 12:59:23,2,q77a,0,17,298,4965,23673,72260,66688,297,363,6,996,0,3388,490328,0,0,1907775144,554423389,4519787444,0,0,79963,207,207,0,3090403,3090403,0,0,2919791,77489,14.55,4.96
330,2026-05-07 12:59:29,2,q78,0,14,501,66355,212728,1032348,427242,753,913,0,6352,0,606021,1065488,0,0,94462501856,554440947,5870412356,0,0,406636630,22041,22041,0,11365250369,11365250369,0,0,11365250369,406636630,15.56,66.36
331,2026-05-07 13:00:37,2,q79,0,8,158,4045,4225,59375,52164,216,233,9,944,0,3574,578356,0,0,10973653424,290033990,2194944544,0,0,3605127,2261,2261,0,110536843,110536843,0,0,110536843,3605127,14.68,4.04
332,2026-05-07 13:00:42,2,q80,0,23,464,55531,201033,872637,412627,1097,1233,0,2351,0,468776,1105489,0,0,54884401176,554871773,7008068448,0,0,265494090,13408,13408,0,7544333779,7544333779,0,0,7544333779,265494090,15.71,55.53
333,2026-05-07 13:01:39,2,q80a,0,26,469,62911,239386,987878,407832,1188,1254,0,2676,0,587626,1105833,0,0,55356260208,554871773,7008068448,0,0,265493762,13423,13423,0,7544502071,7544502071,0,0,7544280371,265491832,15.7,62.91
334,2026-05-07 13:02:43,2,q81,0,13,163,2577,4256,30878,25362,218,216,0,240,0,2809,7971334,0,0,13574738872,32815644,493120964,0,0,11352561,1105,1105,0,248755021,248755021,0,0,248755021,11352561,11.98,2.58
335,2026-05-07 13:02:46,2,q82,0,8,148,3613,4904,47017,32889,296,310,0,482,0,784,229903,0,0,201963240,687764388,2330593528,0,0,40831,112,112,0,228724,228724,0,0,228724,40831,13.01,3.61
336,2026-05-07 13:02:51,2,q83,0,10,70,1123,2501,12850,10428,62,78,0,0,0,696,1563444,0,0,3577569720,50821969,408870628,0,0,400795,58,58,0,5436397,5436397,0,0,5436397,400795,11.44,1.12
337,2026-05-07 13:02:53,2,q84,0,9,74,1380,2559,12568,11458,41,59,0,0,0,551,9716301,0,0,1313097696,33729631,260505488,0,0,27798549,39,39,0,145670742,145670742,0,0,145670742,27798549,9.11,1.38
338,2026-05-07 13:02:56,2,q85,0,10,111,4081,22470,57818,43300,58,106,0,1936,0,9747,16953813,0,0,9166144312,84064697,1148586096,0,0,9151985,867,867,0,340232586,340232586,0,0,340232586,9151985,14.17,4.08
339,2026-05-07 13:03:01,2,q86,0,5,47,1206,1148,15338,13232,37,53,0,7,0,595,3716103,0,0,3607813520,72225613,530286884,0,0,7501,41,41,0,521171,521171,0,0,521171,7501,12.72,1.21
340,2026-05-07 13:03:03,2,q86a,0,8,52,1197,1132,14392,13675,47,64,0,0,0,613,3716103,0,0,4146781072,72225613,530286884,0,0,20456,126,126,0,1499880,1499880,0,0,514832,7068,12.02,1.2
341,2026-05-07 13:03:05,2,q87,0,13,361,8532,22497,131557,120552,186,357,0,832,0,7662,404013,0,0,23379178504,506022125,1099168672,0,0,120819579,5015,5015,0,740269760,740269760,0,0,635129750,116819579,15.42,8.53
342,2026-05-07 13:03:15,2,q88,0,26,858,7984,55652,124333,119172,64,503,0,840,0,138,242208,0,0,2705525760,2304258706,5004945128,0,0,840,840,840,0,49558,49558,0,0,49558,840,15.57,7.98
343,2026-05-07 13:03:24,2,q89,0,6,128,2690,2659,38999,35441,131,185,0,248,0,3289,577883,0,0,8715356488,288230790,2006943212,0,0,470930,1696,1696,0,22676235,22676235,0,0,22676235,470930,14.5,2.69
344,2026-05-07 13:03:28,2,q90,0,8,86,778,1200,11192,10545,4,46,0,0,0,11,91852,0,0,259051520,144052466,449798300,0,0,80,80,80,0,4720,4720,0,0,4720,80,14.39,0.78
345,2026-05-07 13:03:30,2,q91,0,10,61,962,1125,5856,5378,36,54,5,0,0,6,38453863,0,0,3695004344,19345852,255124852,0,0,134,5,5,0,19839,19839,0,0,11750,82,6.09,0.96
346,2026-05-07 13:03:32,2,q92,0,7,103,1599,2535,23390,20890,77,101,0,0,0,1792,771374,0,0,3957955072,144227226,1056413764,0,0,1672198,696,696,0,21434447,21434447,0,0,21434447,1672198,14.63,1.6
347,2026-05-07 13:03:34,2,q93,0,8,338,46802,104275,733360,372500,448,573,3,1600,0,373417,2209731,0,0,68145363512,316808109,2544387116,0,0,288995290,26212,26212,0,7314530014,7314530014,0,0,7314530014,288995290,15.67,46.8
348,2026-05-07 13:04:22,2,q94,0,8,153,7954,23540,119873,100896,350,184,0,1424,0,14586,509440,0,0,16630437440,152222639,965260140,0,0,151171114,3640,3640,0,2240321543,2240321543,0,0,2240321543,151171114,15.07,7.95
349,2026-05-07 13:04:31,2,q95,0,8,180,22993,34537,343866,319907,375,366,0,3837,0,9099,939608,0,0,49888658408,152222639,937587564,0,0,367104120,14137,14137,0,3290949327,3290949327,0,0,1995058746,151153176,14.96,22.99
350,2026-05-07 13:04:55,2,q96,0,5,109,1123,1122,16551,16252,2,60,0,0,0,15,240746,0,0,335583360,288033990,627415888,0,0,105,105,105,0,6194,6194,0,0,6194,105,14.74,1.12
351,2026-05-07 13:04:57,2,q97,0,5,204,12028,15187,159147,152568,182,253,1,592,0,4533,401526,0,0,25362705944,432020512,2139985352,0,0,83874967,2091,2091,0,961496197,961496197,0,0,961496197,83874967,13.23,12.03
352,2026-05-07 13:05:10,2,q98,0,7,136,2582,2485,34154,31579,143,182,4,368,0,3102,6562517,0,0,10869479536,288230388,2130541032,0,0,784257,1896,1896,0,107666178,107666178,0,0,103671552,753714,13.23,2.58
353,2026-05-07 13:05:14,2,q99,0,7,87,2008,2002,26115,22761,82,120,0,300,0,331,499932,0,0,1632383928,144014189,512709324,0,0,32599,50,50,0,2191785,2191785,0,0,2191785,32599,13.01,2.01
354,2026-05-07 13:05:17,3,q1,0,10,106,2594,4645,36507,22918,1540,142,1,528,0,7164,20277818,0,0,9109609000,59623624,615605636,0,0,16217529,561,561,0,253429265,253429265,0,0,253429265,16217529,14.07,2.59
355,2026-05-07 13:05:21,3,q2,0,9,128,2955,2881,41936,39611,148,178,0,592,0,1139,751663,0,0,879498664,216108786,928213424,0,0,35347,362,362,0,2673870,2673870,0,0,901000,13701,14.19,2.96
356,2026-05-07 13:05:25,3,q3,0,5,113,2116,2101,30734,28460,112,148,0,320,0,1874,489812,0,0,411713488,288283437,2116269124,0,0,43415,212,212,0,2742950,2742950,0,0,2742950,43415,14.52,2.12
357,2026-05-07 13:05:28,3,q4,0,25,714,65848,315015,1044164,680736,1758,1822,3,11050,0,355597,763869,0,0,115346137600,794088513,10209753124,0,0,566100624,26059,26059,0,14421838771,14421838771,0,0,8530911104,341212705,15.86,65.85
358,2026-05-07 13:06:35,3,q5,0,11,350,14375,26808,199733,192931,388,528,0,1276,0,6020,643392,0,0,8873293832,626443386,5005569020,0,0,78889327,1136,1136,0,1105456401,1105456401,0,0,1105456401,78889327,13.89,14.38
359,2026-05-07 13:06:50,3,q5a,0,14,355,14504,26846,204244,193796,423,559,0,1146,0,9271,644080,0,0,9345152864,626443386,5005569020,0,0,78892614,1146,1146,0,1105692639,1105692639,0,0,1105483887,78889180,14.08,14.5
360,2026-05-07 13:07:06,3,q6,0,13,162,2231,5246,32325,29973,318,354,0,195,0,2635,8436867,0,0,5221591328,291580486,1513408748,0,0,5131498,1975,1975,0,46269258,46269258,0,0,46269258,5131498,14.49,2.23
361,2026-05-07 13:07:09,3,q7,0,7,139,4479,4482,66751,62252,193,221,0,692,0,2208,1563358,0,0,10258232888,290152188,3733018764,0,0,741960,1802,1802,0,25969993,25969993,0,0,25969993,741960,14.9,4.48
362,2026-05-07 13:07:15,3,q8,0,10,146,2323,2265,30431,29393,171,228,0,144,0,553,9445062,0,0,9298835608,292026790,1468752280,0,0,50834,126,126,0,766619,766619,0,0,766619,50834,13.1,2.32
363,2026-05-07 13:07:18,3,q9,0,11,531,7621,37435,119623,114190,34,377,0,952,0,97,220096,0,0,0,1440031995,8643368200,0,0,525,525,525,0,43295,43295,0,0,43295,525,15.7,7.62
364,2026-05-07 13:07:27,3,q10,0,13,300,2744,6267,38223,34741,100,259,0,192,0,4699,255952,0,0,5637359016,509942925,1176986144,0,0,21068747,2590,2590,0,77600073,77600073,0,0,77600073,21068747,13.93,2.74
365,2026-05-07 13:07:31,3,q10a,0,10,290,2231,3729,30565,28707,51,214,3,419,0,4099,306303,0,0,4672279792,508942925,1152738196,0,0,22779154,2740,2740,0,107512526,107512526,0,0,107512526,22779154,13.7,2.23
366,2026-05-07 13:07:34,3,q11,0,20,431,17641,55413,275870,254271,996,1024,3,6828,0,16295,588013,0,0,44791176400,650094389,4199900192,0,0,269945080,8343,8343,0,4443444874,4443444874,0,0,2965113310,191970515,15.64,17.64
367,2026-05-07 13:07:53,3,q12,0,6,65,1311,1251,15549,14049,69,88,0,0,0,1420,6520039,0,0,4753471800,72225613,541845796,0,0,218539,691,691,0,30886708,30886708,0,0,30886708,218539,11.86,1.31
368,2026-05-07 13:07:55,3,q13,0,7,129,6093,6146,91245,76600,197,101,0,1280,0,915,1749701,0,0,5580303960,290954790,4547889996,0,0,105,105,105,0,8286,8286,0,0,8286,105,14.98,6.09
369,2026-05-07 13:08:02,3,q14a,0,40,1232,81700,243420,1258284,510064,2061,2370,6,8191,0,751261,2429660,0,0,48868027672,2016904500,12248886924,0,0,639521492,5955,5955,0,9126203471,9126203471,0,0,9111166440,639047728,15.4,81.7
370,2026-05-07 13:09:26,3,q14b,0,30,780,23070,39069,334737,298635,1406,1558,0,4399,0,33380,2429660,0,0,29351627872,1585185222,9024282320,0,0,135644755,4083,4083,0,525336067,525336067,0,0,525336067,135644755,14.51,23.07
371,2026-05-07 13:09:50,3,q14,0,29,774,20186,33755,292442,272553,1502,1608,0,7570,0,13356,2323166,0,0,29052095752,1585185222,9024282320,0,0,134753609,3832,3832,0,433106320,433106320,0,0,433106320,134753609,14.49,20.19
372,2026-05-07 13:10:12,3,q15,0,5,107,2976,2773,41182,38757,85,130,0,240,0,42,19031420,0,0,13031031584,147014124,755110092,0,0,2305,3,3,0,69877,69877,0,0,69877,2305,13.84,2.98
373,2026-05-07 13:10:16,3,q16,0,8,293,18002,45173,276616,185732,310,411,0,3376,0,90809,1273428,0,0,41785807200,303406100,1947854248,0,0,301125284,17100,17100,0,4308531096,4308531096,0,0,4308531096,301125284,15.37,18.0
374,2026-05-07 13:10:35,3,q17,0,14,249,6129,10918,88580,74120,610,673,1,1184,0,7981,13882628,0,0,6358661496,461086525,3051392260,0,0,28190115,2517,2517,0,601289420,601289420,0,0,601289420,28190115,14.45,6.13
375,2026-05-07 13:10:42,3,q18,0,9,148,3506,3710,48939,43588,204,233,0,512,0,366,17522991,0,0,20407531752,151059724,2467956252,0,0,547671,289,289,0,38073944,38073944,0,0,38073944,547671,13.96,3.51
376,2026-05-07 13:10:46,3,q18a,0,17,503,11900,36061,181189,166235,732,862,12,1392,0,1799,17760492,0,0,93113179144,730240220,11870209104,0,0,648686,387,387,0,41635018,41635018,0,0,41635018,648686,15.23,11.9
377,2026-05-07 13:11:00,3,q19,0,8,143,3396,3342,47133,45330,141,203,0,282,0,1566,19031420,0,0,23965705664,291230790,2425648524,0,0,104690,636,636,0,7065795,7065795,0,0,7065795,104690,13.88,3.4
378,2026-05-07 13:11:04,3,q20,0,6,92,1347,1287,16560,15787,92,115,0,0,0,32,6520039,0,0,2049998040,144218124,1027833352,0,0,61386,15,15,0,7314659,7314659,0,0,7314659,61386,12.29,1.35
379,2026-05-07 13:11:06,3,q21,0,6,41,2306,2294,32452,24819,39,48,0,192,0,61,167316,0,0,530336016,399554015,1160382340,0,0,224195,12,12,0,3707674,3707674,0,0,3707674,224195,14.07,2.31
380,2026-05-07 13:11:10,3,q22,0,6,55,113178,113104,615606,613257,92,84,0,1203,0,311,9238108,0,0,3042269472,399554015,1155227504,0,0,3668633,170,170,0,157580403,157580403,0,0,157580403,3668633,5.44,113.18
381,2026-05-07 13:13:04,3,q22a,0,10,123,5508,6314,49012,45470,168,200,0,137,0,2847,9238108,0,0,12240902592,399554015,1155827588,0,0,3874870,672,672,0,196248694,196248694,0,0,50881482,1020746,8.9,5.51
382,2026-05-07 13:13:11,3,q23a,0,19,630,43096,72853,670724,650641,1102,1230,5,5658,0,25065,13148461,0,0,91179023240,1082298901,6118668000,0,0,236821663,18631,18631,0,6675910750,6675910750,0,0,6296400271,209386880,15.56,43.1
383,2026-05-07 13:13:55,3,q23b,0,22,664,45493,80170,704194,678079,1272,1357,6,7321,0,28529,13148461,0,0,104120547456,1084298901,6173560216,0,0,286169576,24529,24529,0,7489542086,7489542086,0,0,6352485292,211464383,15.48,45.49
384,2026-05-07 13:14:41,3,q24,0,14,197,4379,10482,63722,57597,666,645,0,1104,0,3822,12971968,0,0,7305478504,320216803,2618685332,0,0,31568282,2072,2072,0,398343147,398343147,0,0,398343147,31568282,14.55,4.38
385,2026-05-07 13:14:47,3,q24a,0,21,351,10699,16078,146176,135677,1124,1059,0,1273,0,9724,7938360,0,0,21018360104,608427191,4959679660,0,0,100579192,4982,4982,0,1807160549,1807160549,0,0,1449375004,69847453,13.66,10.7
386,2026-05-07 13:14:59,3,q24b,0,22,351,10222,16046,136458,127363,1022,1018,1,4000,0,9960,7938446,0,0,18322225928,608427191,4959679660,0,0,99830490,3056,3056,0,1783327822,1783327822,0,0,1425542277,69098751,13.35,10.22
387,2026-05-07 13:15:10,3,q25,0,14,249,5430,10151,79502,74761,664,679,1,1520,0,3852,13882585,0,0,6009723240,461086525,4055330052,0,0,20197026,2496,2496,0,408400895,408400895,0,0,408400895,20197026,14.64,5.43
388,2026-05-07 13:15:16,3,q26,0,7,108,2377,2380,34509,32604,125,161,0,256,0,291,1563358,0,0,3714942048,146139924,1919763572,0,0,361199,198,198,0,11486221,11486221,0,0,11486221,361199,14.52,2.38
389,2026-05-07 13:15:20,3,q27,0,7,130,4169,4171,61023,57836,157,212,0,576,0,2347,1563358,0,0,9989019624,290151590,3428907568,0,0,176635,848,848,0,8312881,8312881,0,0,8312881,176635,14.64,4.17
390,2026-05-07 13:15:25,3,q27a,0,11,346,10519,21080,162267,155925,331,498,1,1248,0,3945,1563358,0,0,7106799200,866368768,10230037392,0,0,180094,954,954,0,9455710,9455710,0,0,9455710,180094,15.43,10.52
391,2026-05-07 13:15:37,3,q28,0,18,709,13125,77728,207125,195793,717,911,20,1040,0,13496,306567,0,0,42865509472,1728038328,13433232336,0,0,4809294,7738,7738,0,78702022,78702022,0,0,78702022,4809294,15.78,13.12
392,2026-05-07 13:15:51,3,q29,0,17,258,10981,16490,150196,144554,652,716,3,1648,0,6682,13882585,0,0,12510713656,461126525,3056000012,0,0,93232843,3583,3583,0,1605288823,1605288823,0,0,1605288823,93232843,13.68,10.98
393,2026-05-07 13:16:03,3,q30,0,13,142,1676,3031,21245,18851,165,172,0,0,0,2058,7971334,0,0,9356907168,18418778,375811060,0,0,6150626,386,386,0,281189152,281189152,0,0,281189152,6150626,12.68,1.68
394,2026-05-07 13:16:06,3,q31,0,20,471,7849,40780,118783,108137,480,599,0,1072,0,12235,15346734,0,0,40966251720,1081084003,5449888056,0,0,721398,1751,1751,0,23987492,23987492,0,0,23855718,719552,15.13,7.85
395,2026-05-07 13:16:15,3,q32,0,7,170,1873,3582,27763,25506,90,149,0,160,0,448,1335027,0,0,608193728,288212248,2025603596,0,0,350080,90,90,0,4605586,4605586,0,0,4605586,350080,14.82,1.87
396,2026-05-07 13:16:18,3,q33,0,9,249,4134,9422,61371,57115,269,341,0,400,0,3565,1857223,0,0,8735025360,505430125,4038723700,0,0,143486,256,256,0,3626941,3626941,0,0,3626941,143486,14.85,4.13
397,2026-05-07 13:16:23,3,q34,0,9,155,2136,2423,29451,27853,148,195,0,0,0,2456,576722,0,0,533173672,290033990,904315248,0,0,4031113,135,135,0,135788608,135788608,0,0,68700929,2031113,13.79,2.14
398,2026-05-07 13:16:26,3,q35,0,10,296,3964,7680,55231,49340,125,251,0,928,0,4991,23973897,0,0,15331014656,508942925,1150813076,0,0,57691365,3111,3111,0,112822186,112822186,0,0,112822186,57691365,13.93,3.96
399,2026-05-07 13:16:31,3,q35a,0,9,296,3646,5156,49827,44254,112,258,0,887,0,5413,23973725,0,0,14475377048,508942925,1150813076,0,0,57706997,3111,3111,0,112799702,112799702,0,0,112799702,57706997,13.67,3.65
400,2026-05-07 13:16:36,3,q36,0,6,113,3440,3367,49104,47734,120,163,1,56,0,1360,3716103,0,0,9362299000,288230790,3067523820,0,0,16736,106,106,0,1359762,1359762,0,0,1359762,16736,14.27,3.44
401,2026-05-07 13:16:40,3,q36a,0,9,118,3237,3193,44690,43086,129,163,0,0,0,1755,3716103,0,0,9901266872,288230790,3067523820,0,0,46259,321,321,0,3876412,3876412,0,0,1308296,15669,13.81,3.24
402,2026-05-07 13:16:45,3,q37,0,6,134,4647,8126,53430,50852,37,102,0,922,0,3430,172275,0,0,4902713048,543548124,1721036884,0,0,51928707,1383,1383,0,655187218,655187218,0,0,655187218,143994433,11.5,4.65
403,2026-05-07 13:16:50,3,q38,0,13,361,8354,21745,128895,117389,176,337,0,1216,0,8817,404013,0,0,23379178504,506022125,1099168672,0,0,120819579,5015,5015,0,740269760,740269760,0,0,635129750,116819579,15.43,8.35
404,2026-05-07 13:17:00,3,q39a,0,11,123,4591,8177,55276,51803,223,225,0,272,0,999,2464085,0,0,5429281480,798904015,2305814868,0,0,4703618,85,85,0,112366429,112366429,0,0,75919735,3173618,12.04,4.59
405,2026-05-07 13:17:05,3,q39b,0,11,122,4035,7458,48401,45931,174,220,0,272,0,683,1038243,0,0,5045830344,798904015,2305814868,0,0,4594459,85,85,0,109301092,109301092,0,0,72854398,3064459,12.0,4.04
406,2026-05-07 13:17:10,3,q40,0,8,162,8695,23621,126098,120642,96,171,0,592,0,10176,510938,0,0,24442330840,158615961,1244668532,0,0,157478827,4755,4755,0,3042545985,3042545985,0,0,3042545985,157478827,14.5,8.7
407,2026-05-07 13:17:20,3,q41,0,4,10,216,183,253,196,9,12,0,0,0,11,24680,0,0,472399704,408000,16770304,0,0,292,2,2,0,19225,19225,0,0,19225,292,1.17,0.22
408,2026-05-07 13:17:21,3,q42,0,4,111,1756,1742,25650,24241,264,141,0,160,0,335,489124,0,0,4288306384,288230388,2115880004,0,0,1109,105,105,0,92568,92568,0,0,92568,1109,14.61,1.76
409,2026-05-07 13:17:24,3,q43,0,4,108,2177,2154,31586,29990,111,152,0,276,0,1297,489210,0,0,315741344,288026790,1173777864,0,0,12495,105,105,0,1420660,1420660,0,0,1420660,12495,14.51,2.18
410,2026-05-07 13:17:27,3,q44,0,8,249,3205,3331,47212,44655,168,273,0,288,0,2907,3433901,0,0,11327225512,576156776,3588195964,0,0,2617885,3497,3497,0,35187753,35187753,0,0,17600720,1309171,14.73,3.2
411,2026-05-07 13:17:32,3,q45,0,7,75,1470,1431,17119,15650,43,77,1,0,0,106,19031463,0,0,10271954264,75245613,598175976,0,0,182,39,39,0,17021,17021,0,0,17021,182,11.65,1.47
412,2026-05-07 13:17:34,3,q46,0,9,154,4039,4326,56831,53236,170,216,2,688,0,3815,13515525,0,0,10309463920,291033990,2223902720,0,0,2097512,545,545,0,69785439,69785439,0,0,69785439,2097512,14.07,4.04
413,2026-05-07 13:17:39,3,q47,0,11,173,5886,6881,84569,79761,209,262,2,631,0,5350,4612594,0,0,15111114072,288230790,2006537708,0,0,20926697,4017,4017,0,817469691,817469691,0,0,418128051,10695182,14.37,5.89
414,2026-05-07 13:17:46,3,q48,0,6,128,6695,6698,101516,96414,100,147,0,2968,0,70,2200929,0,0,5464862760,290947590,2722619648,0,0,105,105,105,0,6195,6195,0,0,6195,105,15.16,6.7
415,2026-05-07 13:17:54,3,q49,0,20,350,9245,34022,141491,128914,420,527,0,5088,0,11861,2329460,0,0,6933719544,554439913,6510148172,0,0,86104358,305,305,0,1847293817,1847293817,0,0,1847293817,86104358,15.3,9.24
416,2026-05-07 13:18:04,3,q50,0,10,232,46024,198318,706624,159579,318,386,0,2876,0,555844,1280293,0,0,40984956952,316921450,1887349860,0,0,265637490,12304,12304,0,5977261864,5977261864,0,0,5977261864,265637490,15.35,46.02
417,2026-05-07 13:18:51,3,q51,0,10,249,17608,26960,246789,201024,289,365,2,1552,0,47841,401655,0,0,30177909632,360028001,2405095048,0,0,173932465,3927,3927,0,2938966138,2938966138,0,0,2938966138,173932465,14.02,17.61
418,2026-05-07 13:19:10,3,q51a,0,14,320,251578,294230,3275935,3199401,533,596,0,28968,0,22217,540320,0,0,74335529632,360028001,2405095048,0,0,314001497,4967,4967,0,5206297389,5206297389,0,0,3937775893,247608234,13.02,251.58
419,2026-05-07 13:23:23,3,q52,0,5,114,1820,1804,26480,24978,113,153,0,112,0,1690,489253,0,0,4423048352,288230388,2116207684,0,0,57548,318,318,0,3289370,3289370,0,0,3289370,57548,14.55,1.82
420,2026-05-07 13:23:26,3,q53,0,6,118,2471,2449,35220,32552,127,168,0,240,0,3315,577324,0,0,884987736,288230790,2007344620,0,0,332514,636,636,0,7035336,7035336,0,0,7035336,332514,14.25,2.47
421,2026-05-07 13:23:29,3,q54,0,17,283,3804,5764,54738,51044,466,554,0,704,0,3084,19031420,0,0,14702408224,507412625,2622518220,0,0,8236026,1891,1891,0,80387756,80387756,0,0,80387756,8236026,14.39,3.8
422,2026-05-07 13:23:34,3,q55,0,5,113,2082,2063,30200,26642,112,144,0,288,0,3052,489081,0,0,7375575168,288230388,2116207684,0,0,43654,212,212,0,2555880,2555880,0,0,2555880,43654,14.51,2.08
423,2026-05-07 13:23:37,3,q56,0,9,248,3910,9058,57406,52548,246,347,3,544,0,3242,1857223,0,0,7099010904,505430125,4038924404,0,0,78499,150,150,0,2882312,2882312,0,0,2882312,78499,14.68,3.91
424,2026-05-07 13:23:42,3,q57,0,11,155,3103,3822,41794,37388,227,254,0,256,0,2607,4612594,0,0,9768835904,144218154,959887816,0,0,1882447,1298,1298,0,76815267,76815267,0,0,53026285,1287630,13.47,3.1
425,2026-05-07 13:23:46,3,q58,0,10,251,3817,9320,57577,52956,321,365,0,288,0,3995,1563358,0,0,20030826128,504372223,3662699540,0,0,2379510,2483,2483,0,36179249,36179249,0,0,36179249,2379510,15.08,3.82
426,2026-05-07 13:23:51,3,q59,0,16,256,5289,9674,70687,64590,332,447,0,672,0,6950,720883,0,0,16799977256,576239678,2355681696,0,0,2240280,3606,3606,0,74284634,74284634,0,0,74284634,2240280,13.36,5.29
427,2026-05-07 13:23:58,3,q60,0,9,254,4144,9533,61531,57623,262,370,5,656,0,2745,1857223,0,0,13971196952,505430125,4038858868,0,0,554294,721,721,0,10718884,10718884,0,0,10718884,554294,14.85,4.14
428,2026-05-07 13:24:03,3,q61,0,10,244,5325,8061,77570,73871,16,168,0,604,0,36,19031420,0,0,23648525880,579238178,5161403224,0,0,210,210,210,0,12389,12389,0,0,12389,210,14.57,5.32
429,2026-05-07 13:24:09,3,q62,0,6,45,1397,1385,20021,17661,44,64,0,0,0,867,253320,0,0,245764904,72021672,334689868,0,0,14400,40,40,0,1319317,1319317,0,0,1319317,14400,14.33,1.4
430,2026-05-07 13:24:12,3,q63,0,6,115,2441,2418,34704,33320,359,163,0,224,0,2471,577410,0,0,817026928,288230790,2007283180,0,0,123499,318,318,0,3374401,3374401,0,0,3374401,123499,14.22,2.44
431,2026-05-07 13:24:15,3,q64,0,35,503,27024,87960,410012,391086,1372,1397,13,4120,0,12757,54398023,0,0,52018313664,768696804,9629621484,0,0,228688940,5285,5285,0,3404318393,3404318393,0,0,2982973221,193590051,15.17,27.02
432,2026-05-07 13:24:44,3,q65,0,10,286,12477,23847,186654,175663,337,413,5,2272,0,13040,18324964,0,0,24622340176,576237178,3993504392,0,0,123917656,3655,3655,0,3689155911,3689155911,0,0,3689155911,123917656,14.96,12.48
433,2026-05-07 13:24:57,3,q66,0,8,127,3395,4463,46661,39331,258,294,0,800,0,221,499889,0,0,4724854960,216055772,2093674428,0,0,885,59,59,0,423776,423776,0,0,423776,885,13.74,3.4
434,2026-05-07 13:25:02,3,q67,0,7,320,101683,101598,1557865,769475,414,526,0,7428,0,773734,9238108,0,0,75568267552,288230790,2272919624,0,0,145428382,22608,22608,0,11061191743,11061191743,0,0,11061191743,145428382,15.32,101.68
435,2026-05-07 13:26:44,3,q67a,0,15,801,102234,415952,1581991,1087665,1913,2017,1,6532,0,493369,9238108,0,0,222642866528,288230790,2272919624,0,0,549297854,69483,69483,0,42296108441,42296108441,0,0,8661959985,122569230,15.47,102.23
436,2026-05-07 13:28:28,3,q68,0,9,150,5075,5130,73474,63216,175,225,0,275,0,3012,13515568,0,0,9492134576,291033990,3513999360,0,0,2022736,125,125,0,65910392,65910392,0,0,65910392,2022736,14.48,5.08
437,2026-05-07 13:28:34,3,q69,0,9,279,2712,5666,38716,33876,60,197,1,156,0,5744,28676375,0,0,10694197760,508942925,1152082836,0,0,16091419,2703,2703,0,47414103,47414103,0,0,47414103,16091419,14.28,2.71
438,2026-05-07 13:28:38,3,q70,0,9,217,4855,4796,71404,69356,306,335,0,576,0,887,1110328,0,0,7879371184,576033580,2769010512,0,0,3361,212,212,0,248560,248560,0,0,248560,3361,14.71,4.86
439,2026-05-07 13:28:44,3,q70a,0,12,222,4093,3999,58721,57120,255,336,0,528,0,702,1104448,0,0,1304800336,576033580,2769010512,0,0,4230,427,427,0,360133,360133,0,0,173273,2340,14.35,4.09
440,2026-05-07 13:28:49,3,q71,0,7,245,3882,3814,56169,51274,328,403,1,558,0,3463,2159375,0,0,4787737728,504266125,3881955576,0,0,276632,1800,1800,0,14492556,14492556,0,0,8305028,169066,14.47,3.88
441,2026-05-07 13:28:54,3,q72,0,15,386,199945,263607,3098785,2277473,522,668,2,3600,0,789882,13148461,0,0,82523784096,560021059,2681504060,0,0,537663712,26076,26076,0,9674720401,9674720401,0,0,9674720401,537663712,15.5,199.94
442,2026-05-07 13:32:15,3,q73,0,9,155,2012,2274,28032,26691,131,186,0,0,0,1840,576636,0,0,528883792,290033990,904315248,0,0,4016581,135,135,0,135105335,135105335,0,0,68017656,2016581,13.93,2.01
443,2026-05-07 13:32:18,3,q74,0,20,425,15681,50256,245551,227346,978,990,0,2656,0,13679,588013,0,0,43804974688,650094389,3337614368,0,0,269945080,7941,7941,0,2942491205,2942491205,0,0,2069353558,191970515,15.66,15.68
444,2026-05-07 13:32:35,3,q75,0,20,606,16281,61864,252698,223189,363,632,31,7995,3,18851,428607,0,0,24682165216,1058647072,9180335472,0,0,140054991,4858,4858,0,3124854319,3124854319,0,0,2106972811,89656169,15.52,16.28
445,2026-05-07 13:32:52,3,q76,0,5,233,3563,3504,53384,49642,269,357,0,480,0,2230,1834613,0,0,18623056768,503804997,3936608940,0,0,30478,452,452,0,2480090,2480090,0,0,2480090,30478,14.98,3.56
446,2026-05-07 13:32:57,3,q77,0,14,293,4839,23807,72379,67052,283,368,20,464,0,3156,489210,0,0,1301698440,554423389,4519787444,0,0,79732,195,195,0,2924827,2924827,0,0,2924827,79732,14.96,4.84
447,2026-05-07 13:33:03,3,q77a,0,17,298,4935,23494,71698,66417,299,362,0,624,0,3184,489124,0,0,1907775144,554423389,4519787444,0,0,79963,207,207,0,3090403,3090403,0,0,2919791,77489,14.53,4.93
448,2026-05-07 13:33:09,3,q78,0,14,501,79712,267354,1238118,421598,733,913,0,4299,0,822379,1065488,0,0,94462501856,554440947,5870412356,0,0,406636630,22041,22041,0,11365250369,11365250369,0,0,11365250369,406636630,15.53,79.71
449,2026-05-07 13:34:29,3,q79,0,8,158,4109,4290,61520,55707,215,240,0,160,0,2793,577195,0,0,10973653424,290033990,2194944544,0,0,3605127,2261,2261,0,110536843,110536843,0,0,110536843,3605127,14.97,4.11
450,2026-05-07 13:34:35,3,q80,0,23,464,60640,230742,955321,420539,1050,1186,1,3264,0,533267,1105876,0,0,54884401176,554871773,7008068448,0,0,265494090,13408,13408,0,7544333779,7544333779,0,0,7544333779,265494090,15.75,60.64
451,2026-05-07 13:35:36,3,q80a,0,26,469,57566,215208,902301,402701,1498,1287,3,4118,0,505136,1105403,0,0,55356260208,554871773,7008068448,0,0,265493762,13423,13423,0,7544502071,7544502071,0,0,7544280371,265491832,15.67,57.57
452,2026-05-07 13:36:35,3,q81,0,13,163,2821,4755,33091,27410,208,219,0,224,0,2504,7971377,0,0,13574738872,32815644,493120964,0,0,11352561,1105,1105,0,248755021,248755021,0,0,248755021,11352561,11.73,2.82
453,2026-05-07 13:36:39,3,q82,0,8,148,2742,3846,35883,33140,259,311,11,332,0,573,229860,0,0,201963240,687764388,2330593528,0,0,40831,112,112,0,228724,228724,0,0,228724,40831,13.09,2.74
454,2026-05-07 13:36:43,3,q83,0,10,70,1316,3012,15728,14289,67,80,0,208,0,725,1563358,0,0,3577569720,50821969,408870628,0,0,400795,58,58,0,5436397,5436397,0,0,5436397,400795,11.95,1.32
455,2026-05-07 13:36:45,3,q84,0,9,74,1401,2021,13091,12287,55,60,0,0,0,553,9716301,0,0,1313097696,33729631,260505488,0,0,27798549,39,39,0,145670742,145670742,0,0,145670742,27798549,9.34,1.4
456,2026-05-07 13:36:48,3,q85,0,10,111,3540,18252,49117,43039,56,109,0,2993,0,1945,16954329,0,0,9166144312,84064697,1148586096,0,0,9151985,867,867,0,340232586,340232586,0,0,340232586,9151985,13.87,3.54
457,2026-05-07 13:36:52,3,q86,0,5,47,1161,1100,14836,12938,40,55,0,176,0,704,3716103,0,0,3607813520,72225613,530286884,0,0,7501,41,41,0,521171,521171,0,0,521171,7501,12.78,1.16
458,2026-05-07 13:36:55,3,q86a,0,8,52,1042,974,11952,11028,45,62,0,128,0,669,3716103,0,0,4146781072,72225613,530286884,0,0,20456,126,126,0,1499880,1499880,0,0,514832,7068,11.47,1.04
459,2026-05-07 13:36:57,3,q87,0,13,361,8381,22033,129206,118389,171,336,1,1824,0,8344,404013,0,0,23379178504,506022125,1099168672,0,0,120819579,5015,5015,0,740269760,740269760,0,0,635129750,116819579,15.42,8.38
460,2026-05-07 13:37:06,3,q88,0,26,858,8313,58040,129601,125060,32,505,0,1184,0,143,241520,0,0,2705525760,2304258706,5004945128,0,0,840,840,840,0,49558,49558,0,0,49558,840,15.59,8.31
461,2026-05-07 13:37:16,3,q89,0,6,128,2944,2915,43273,38982,139,177,0,448,0,3545,578141,0,0,8715356488,288230790,2006943212,0,0,470930,1696,1696,0,22676235,22676235,0,0,22676235,470930,14.7,2.94
462,2026-05-07 13:37:20,3,q90,0,8,86,868,1283,12547,11918,2,46,0,0,0,10,91766,0,0,259051520,144052466,449798300,0,0,80,80,80,0,4720,4720,0,0,4720,80,14.46,0.87
463,2026-05-07 13:37:21,3,q91,0,10,61,864,776,4100,3799,44,59,2,34,0,6,38453820,0,0,3695004344,19345852,255124852,0,0,134,5,5,0,19839,19839,0,0,11750,82,4.75,0.86
464,2026-05-07 13:37:23,3,q92,0,7,103,1534,2291,22255,19896,75,100,0,75,0,1763,771374,0,0,3957955072,144227226,1056413764,0,0,1672198,696,696,0,21434447,21434447,0,0,21434447,1672198,14.51,1.53
465,2026-05-07 13:37:26,3,q93,0,8,338,41918,72308,564577,379422,416,553,0,1728,0,196882,2210376,0,0,68145363512,316808109,2544387116,0,0,288995290,26212,26212,0,7314530014,7314530014,0,0,7314530014,288995290,13.47,41.92
466,2026-05-07 13:38:09,3,q94,0,8,153,7415,20771,111257,98972,134,185,0,970,0,10833,509397,0,0,16630437440,152222639,965260140,0,0,151171114,3640,3640,0,2240321543,2240321543,0,0,2240321543,151171114,15.0,7.42
467,2026-05-07 13:38:17,3,q95,0,8,180,22379,33098,333200,322401,357,355,0,3773,0,6702,939608,0,0,49888658408,152222639,937587564,0,0,367104120,14137,14137,0,3290949327,3290949327,0,0,1995058746,151153176,14.89,22.38
468,2026-05-07 13:38:41,3,q96,0,5,109,1133,1134,16622,16195,9,64,0,80,0,16,241606,0,0,335583360,288033990,627415888,0,0,105,105,105,0,6194,6194,0,0,6194,105,14.67,1.13
469,2026-05-07 13:38:43,3,q97,0,5,204,11898,14874,156962,151534,185,256,0,640,0,4386,400795,0,0,25362705944,432020512,2139985352,0,0,83874967,2091,2091,0,961496197,961496197,0,0,961496197,83874967,13.19,11.9
470,2026-05-07 13:38:56,3,q98,0,7,136,2686,2587,35296,32214,140,182,5,368,0,3802,6562517,0,0,10869479536,288230388,2130541032,0,0,784257,1896,1896,0,107666178,107666178,0,0,103671552,753714,13.14,2.69
471,2026-05-07 13:39:00,3,q99,0,7,87,2021,2016,26588,24057,94,128,0,288,0,451,500749,0,0,1632383928,144014189,512709324,0,0,32599,50,50,0,2191785,2191785,0,0,2191785,32599,13.16,2.02
472,2026-05-07 13:39:03,4,q1,0,10,106,1852,3167,27086,24188,128,144,0,288,0,1811,20277818,0,0,9109609000,59623624,615605636,0,0,16217529,561,561,0,253429265,253429265,0,0,253429265,16217529,14.63,1.85
473,2026-05-07 13:39:06,4,q2,0,9,128,2995,2931,42771,40472,128,179,0,672,0,1054,751663,0,0,879498664,216108786,928213424,0,0,35347,362,362,0,2673870,2673870,0,0,901000,13701,14.28,3.0
474,2026-05-07 13:39:10,4,q3,0,5,113,2059,2046,29816,28273,113,141,0,176,0,2366,489081,0,0,411713488,288283437,2116269124,0,0,43415,212,212,0,2742950,2742950,0,0,2742950,43415,14.48,2.06
475,2026-05-07 13:39:13,4,q4,0,25,714,61963,299665,982088,670439,1876,1850,0,14112,0,297320,763869,0,0,115346137600,794088513,10209753124,0,0,566100624,26059,26059,0,14421838771,14421838771,0,0,8530911104,341212705,15.85,61.96
476,2026-05-07 13:40:16,4,q5,0,11,350,14769,27572,205308,193369,409,549,0,1808,0,6138,643263,0,0,8873293832,626443386,5005569020,0,0,78889327,1136,1136,0,1105456401,1105456401,0,0,1105456401,78889327,13.9,14.77
477,2026-05-07 13:40:32,4,q5a,0,14,355,14767,27569,202705,193640,441,544,0,2480,0,6506,643478,0,0,9345152864,626443386,5005569020,0,0,78892614,1146,1146,0,1105692639,1105692639,0,0,1105483887,78889180,13.73,14.77
478,2026-05-07 13:40:48,4,q6,0,13,162,2222,5399,32340,28744,333,369,0,1610,0,2451,8436867,0,0,5221591328,291580486,1513408748,0,0,5131498,1975,1975,0,46269258,46269258,0,0,46269258,5131498,14.55,2.22
479,2026-05-07 13:40:51,4,q7,0,7,139,4432,4471,66151,61657,175,217,0,976,0,2337,1563358,0,0,10258232888,290152188,3733018764,0,0,741960,1802,1802,0,25969993,25969993,0,0,25969993,741960,14.93,4.43
480,2026-05-07 13:40:57,4,q8,0,10,146,2459,2500,32390,31057,180,233,0,188,0,576,9445105,0,0,9298835608,292026790,1468752280,0,0,50834,126,126,0,766619,766619,0,0,766619,50834,13.17,2.46
481,2026-05-07 13:41:00,4,q9,0,11,531,7911,39024,124062,112824,75,375,0,999,0,411,219881,0,0,0,1440031995,8643368200,0,0,525,525,525,0,43295,43295,0,0,43295,525,15.68,7.91
482,2026-05-07 13:41:09,4,q10,0,13,300,2793,6159,38686,35786,108,267,0,368,0,4256,255952,0,0,5637359016,509942925,1176986144,0,0,21068747,2590,2590,0,77600073,77600073,0,0,77600073,21068747,13.85,2.79
483,2026-05-07 13:41:13,4,q10a,0,10,290,2269,3859,31212,29043,69,218,0,464,0,4497,306432,0,0,4672279792,508942925,1152738196,0,0,22779154,2740,2740,0,107512526,107512526,0,0,107512526,22779154,13.76,2.27
484,2026-05-07 13:41:16,4,q11,0,20,431,17440,54681,272964,258415,922,998,0,2768,0,15330,588013,0,0,44791176400,650094389,4199900192,0,0,269945080,8343,8343,0,4443444874,4443444874,0,0,2965113310,191970515,15.65,17.44
485,2026-05-07 13:41:35,4,q12,0,6,65,1110,1052,12349,10848,67,83,0,0,0,1553,6520039,0,0,4753471800,72225613,541845796,0,0,218539,691,691,0,30886708,30886708,0,0,30886708,218539,11.13,1.11
486,2026-05-07 13:41:37,4,q13,0,7,129,5479,5596,81581,78034,61,117,0,918,0,19,1749701,0,0,5580303960,290954790,4547889996,0,0,105,105,105,0,8286,8286,0,0,8286,105,14.89,5.48
487,2026-05-07 13:41:43,4,q14a,0,40,1232,61291,182638,934171,513670,2114,2399,3,7899,0,428510,2429660,0,0,48868027672,2016904500,12248886924,0,0,639521492,5955,5955,0,9126203471,9126203471,0,0,9111166440,639047728,15.24,61.29
488,2026-05-07 13:42:47,4,q14b,0,30,780,22384,36673,320681,300179,1352,1535,2,4991,0,16212,2429660,0,0,29351627872,1585185222,9024282320,0,0,135644755,4083,4083,0,525336067,525336067,0,0,525336067,135644755,14.33,22.38
489,2026-05-07 13:43:10,4,q14,0,29,774,19593,32660,284491,271110,1402,1554,0,4062,0,13241,2323166,0,0,29052095752,1585185222,9024282320,0,0,134753609,3832,3832,0,433106320,433106320,0,0,433106320,134753609,14.52,19.59
490,2026-05-07 13:43:31,4,q15,0,5,107,3173,3017,43629,41678,87,134,0,480,0,44,19031420,0,0,13031031584,147014124,755110092,0,0,2305,3,3,0,69877,69877,0,0,69877,2305,13.75,3.17
491,2026-05-07 13:43:35,4,q16,0,8,293,16253,42201,248207,184492,317,413,0,1961,0,64837,1272697,0,0,41785807200,303406100,1947854248,0,0,301125284,17100,17100,0,4308531096,4308531096,0,0,4308531096,301125284,15.27,16.25
492,2026-05-07 13:43:53,4,q17,0,14,249,5487,9738,79151,74214,629,676,3,960,0,4551,13882585,0,0,6358661496,461086525,3051392260,0,0,28190115,2517,2517,0,601289420,601289420,0,0,601289420,28190115,14.43,5.49
493,2026-05-07 13:43:59,4,q18,0,9,148,3373,3742,47138,41542,223,244,0,992,0,348,17523206,0,0,20407531752,151059724,2467956252,0,0,547671,289,289,0,38073944,38073944,0,0,38073944,547671,13.98,3.37
494,2026-05-07 13:44:04,4,q18a,0,17,503,11549,34839,176305,166515,660,843,2,1136,0,1335,17760449,0,0,93113179144,730240220,11870209104,0,0,648686,387,387,0,41635018,41635018,0,0,41635018,648686,15.27,11.55
495,2026-05-07 13:44:16,4,q19,0,8,143,3207,2999,43346,40313,136,201,0,224,0,2130,19031420,0,0,23965705664,291230790,2425648524,0,0,104690,636,636,0,7065795,7065795,0,0,7065795,104690,13.52,3.21
496,2026-05-07 13:44:21,4,q20,0,6,92,1329,1273,16104,15386,94,118,0,0,0,31,6520039,0,0,2049998040,144218124,1027833352,0,0,61386,15,15,0,7314659,7314659,0,0,7314659,61386,12.12,1.33
497,2026-05-07 13:44:23,4,q21,0,6,41,1882,1869,25998,24582,39,53,0,464,0,54,167402,0,0,530336016,399554015,1160382340,0,0,224195,12,12,0,3707674,3707674,0,0,3707674,224195,13.81,1.88
498,2026-05-07 13:44:26,4,q22,0,6,55,112577,112503,614324,612337,98,86,0,523,0,297,9238108,0,0,3042269472,399554015,1155227504,0,0,3668633,170,170,0,157580403,157580403,0,0,157580403,3668633,5.46,112.58
499,2026-05-07 13:46:20,4,q22a,0,10,123,5562,6394,49638,46366,168,202,0,158,0,2370,9238108,0,0,12240902592,399554015,1155827588,0,0,3874870,672,672,0,196248694,196248694,0,0,50881482,1020746,8.92,5.56
500,2026-05-07 13:46:26,4,q23a,0,19,630,43108,72997,670328,648036,1145,1247,2,5808,0,26158,13148461,0,0,91179023240,1082298901,6118668000,0,0,236821663,18631,18631,0,6675910750,6675910750,0,0,6296400271,209386880,15.55,43.11
501,2026-05-07 13:47:10,4,q23b,0,22,664,45472,80776,704082,679539,1221,1338,4,5920,0,28795,13148461,0,0,104120547456,1084298901,6173560216,0,0,286169576,24529,24529,0,7489542086,7489542086,0,0,6352485292,211464383,15.48,45.47
502,2026-05-07 13:47:57,4,q24,0,14,197,4309,10428,62992,57066,753,644,0,1042,0,4041,12972398,0,0,7305478504,320216803,2618685332,0,0,31568282,2072,2072,0,398343147,398343147,0,0,398343147,31568282,14.62,4.31
503,2026-05-07 13:48:02,4,q24a,0,21,351,10569,15818,143552,136128,1014,1045,1,1408,0,9509,7938403,0,0,21018360104,608427191,4959679660,0,0,100579192,4982,4982,0,1807160549,1807160549,0,0,1449375004,69847453,13.58,10.57
504,2026-05-07 13:48:14,4,q24b,0,22,351,9990,15960,132879,125703,1034,1026,1,1096,0,8999,7938403,0,0,18322225928,608427191,4959679660,0,0,99830490,3056,3056,0,1783327822,1783327822,0,0,1425542277,69098751,13.3,9.99
505,2026-05-07 13:48:25,4,q25,0,14,249,5297,9848,77545,74324,634,673,1,592,0,4003,13882585,0,0,6009723240,461086525,4055330052,0,0,20197026,2496,2496,0,408400895,408400895,0,0,408400895,20197026,14.64,5.3
506,2026-05-07 13:48:31,4,q26,0,7,108,2197,2228,31697,29066,129,166,0,255,0,313,1563358,0,0,3714942048,146139924,1919763572,0,0,361199,198,198,0,11486221,11486221,0,0,11486221,361199,14.43,2.2
507,2026-05-07 13:48:35,4,q27,0,7,130,4209,4261,61851,59176,155,204,0,592,0,2510,1563358,0,0,9989019624,290151590,3428907568,0,0,176635,848,848,0,8312881,8312881,0,0,8312881,176635,14.69,4.21
508,2026-05-07 13:48:40,4,q27a,0,11,346,10623,21334,163896,156883,350,496,0,1232,0,4146,1563358,0,0,7106799200,866368768,10230037392,0,0,180094,954,954,0,9455710,9455710,0,0,9455710,180094,15.43,10.62
509,2026-05-07 13:48:52,4,q28,0,18,709,13001,76868,205158,195284,712,915,0,1024,0,14538,306610,0,0,42865509472,1728038328,13433232336,0,0,4809294,7738,7738,0,78702022,78702022,0,0,78702022,4809294,15.78,13.0
510,2026-05-07 13:49:06,4,q29,0,17,258,10765,16015,146631,140665,737,726,1,1104,0,7272,13882585,0,0,12510713656,461126525,3056000012,0,0,93232843,3583,3583,0,1605288823,1605288823,0,0,1605288823,93232843,13.62,10.76
511,2026-05-07 13:49:18,4,q30,0,13,142,1734,3145,22134,19638,147,169,0,0,0,1941,7971334,0,0,9356907168,18418778,375811060,0,0,6150626,386,386,0,281189152,281189152,0,0,281189152,6150626,12.76,1.73
512,2026-05-07 13:49:20,4,q31,0,20,471,7648,39990,116097,105198,447,582,1,944,0,12646,15346734,0,0,40966251720,1081084003,5449888056,0,0,721398,1751,1751,0,23987492,23987492,0,0,23855718,719552,15.18,7.65
513,2026-05-07 13:49:29,4,q32,0,7,170,2120,4083,31690,29060,87,154,0,480,0,495,1335027,0,0,608193728,288212248,2025603596,0,0,350080,90,90,0,4605586,4605586,0,0,4605586,350080,14.95,2.12
514,2026-05-07 13:49:32,4,q33,0,9,249,4097,9525,60733,57330,260,349,0,208,0,3861,1857223,0,0,8735025360,505430125,4038723700,0,0,143486,256,256,0,3626941,3626941,0,0,3626941,143486,14.82,4.1
515,2026-05-07 13:49:37,4,q34,0,9,155,2118,2373,28936,27603,161,191,0,0,0,2332,576679,0,0,533173672,290033990,904315248,0,0,4031113,135,135,0,135788608,135788608,0,0,68700929,2031113,13.66,2.12
516,2026-05-07 13:49:41,4,q35,0,10,296,3885,6981,54055,47203,134,254,2,420,0,5073,23974112,0,0,15331014656,508942925,1150813076,0,0,57691365,3111,3111,0,112822186,112822186,0,0,112822186,57691365,13.91,3.88
517,2026-05-07 13:49:46,4,q35a,0,9,296,3537,5000,48558,44137,121,258,3,720,0,5016,23973682,0,0,14475377048,508942925,1150813076,0,0,57706997,3111,3111,0,112799702,112799702,0,0,112799702,57706997,13.73,3.54
518,2026-05-07 13:49:50,4,q36,0,6,113,3198,3143,45752,43885,128,169,0,192,0,1770,3716103,0,0,9362299000,288230790,3067523820,0,0,16736,106,106,0,1359762,1359762,0,0,1359762,16736,14.31,3.2
519,2026-05-07 13:49:54,4,q36a,0,9,118,3177,3110,43065,41341,133,162,1,120,0,1611,3716275,0,0,9901266872,288230790,3067523820,0,0,46259,321,321,0,3876412,3876412,0,0,1308296,15669,13.56,3.18
520,2026-05-07 13:49:59,4,q37,0,6,134,4709,8180,54994,51981,36,101,0,684,0,4295,172060,0,0,4902713048,543548124,1721036884,0,0,51928707,1383,1383,0,655187218,655187218,0,0,655187218,143994433,11.68,4.71
521,2026-05-07 13:50:04,4,q38,0,13,361,8308,21688,128235,118237,170,342,0,1120,3,7962,404013,0,0,23379178504,506022125,1099168672,0,0,120819579,5015,5015,0,740269760,740269760,0,0,635129750,116819579,15.44,8.31
522,2026-05-07 13:50:14,4,q39a,0,11,123,4555,8120,54118,50308,228,226,0,492,0,1060,2464085,0,0,5429281480,798904015,2305814868,0,0,4703618,85,85,0,112366429,112366429,0,0,75919735,3173618,11.88,4.56
523,2026-05-07 13:50:19,4,q39b,0,11,122,3939,7121,46566,45389,197,225,0,256,0,583,1038243,0,0,5045830344,798904015,2305814868,0,0,4594459,85,85,0,109301092,109301092,0,0,72854398,3064459,11.82,3.94
524,2026-05-07 13:50:24,4,q40,0,8,162,8313,15212,120286,115244,99,168,0,944,0,9840,510938,0,0,24442330840,158615961,1244668532,0,0,157478827,4755,4755,0,3042545985,3042545985,0,0,3042545985,157478827,14.47,8.31
525,2026-05-07 13:50:34,4,q41,0,4,10,211,181,243,194,11,10,0,0,0,13,24680,0,0,472399704,408000,16770304,0,0,292,2,2,0,19225,19225,0,0,19225,292,1.15,0.21
526,2026-05-07 13:50:35,4,q42,0,4,111,1798,1783,26329,24900,118,144,0,144,0,389,489210,0,0,4288306384,288230388,2115880004,0,0,1109,105,105,0,92568,92568,0,0,92568,1109,14.64,1.8
527,2026-05-07 13:50:38,4,q43,0,4,108,2140,2118,31369,29926,122,153,3,208,0,1365,489253,0,0,315741344,288026790,1173777864,0,0,12495,105,105,0,1420660,1420660,0,0,1420660,12495,14.66,2.14
528,2026-05-07 13:50:41,4,q44,0,8,249,3232,3355,47975,44694,199,278,3,332,0,2997,3433901,0,0,11327225512,576156776,3588195964,0,0,2617885,3497,3497,0,35187753,35187753,0,0,17600720,1309171,14.84,3.23
529,2026-05-07 13:50:45,4,q45,0,7,75,1841,1791,22838,21376,43,77,0,208,0,103,19031850,0,0,10271954264,75245613,598175976,0,0,182,39,39,0,17021,17021,0,0,17021,182,12.41,1.84
530,2026-05-07 13:50:48,4,q46,0,9,154,3980,4047,56205,52800,173,223,0,336,0,3451,13515525,0,0,10309463920,291033990,2223902720,0,0,2097512,545,545,0,69785439,69785439,0,0,69785439,2097512,14.12,3.98
531,2026-05-07 13:50:53,4,q47,0,11,173,5794,6729,83075,78816,210,261,0,624,0,4816,4612594,0,0,15111114072,288230790,2006537708,0,0,20926697,4017,4017,0,817469691,817469691,0,0,418128051,10695182,14.34,5.79
532,2026-05-07 13:51:00,4,q48,0,6,128,6633,6789,100447,95587,83,139,0,2960,0,27,2200929,0,0,5464862760,290947590,2722619648,0,0,105,105,105,0,6195,6195,0,0,6195,105,15.14,6.63
533,2026-05-07 13:51:08,4,q49,0,20,350,9081,33158,139292,131260,420,536,1,2160,0,10500,2329460,0,0,6933719544,554439913,6510148172,0,0,86104358,305,305,0,1847293817,1847293817,0,0,1847293817,86104358,15.34,9.08
534,2026-05-07 13:51:18,4,q50,0,10,232,24638,86946,347652,163571,315,401,0,1056,0,192453,1278788,0,0,40984956952,316921450,1887349860,0,0,265637490,12304,12304,0,5977261864,5977261864,0,0,5977261864,265637490,14.11,24.64
535,2026-05-07 13:51:44,4,q51,0,10,249,15299,23668,218153,205539,307,376,0,1552,0,14473,401655,0,0,30177909632,360028001,2405095048,0,0,173932465,3927,3927,0,2938966138,2938966138,0,0,2938966138,173932465,14.26,15.3
536,2026-05-07 13:52:00,4,q51a,0,14,320,250085,292755,3252298,3203628,510,607,0,20316,0,17266,540320,0,0,74335529632,360028001,2405095048,0,0,314001497,4967,4967,0,5206297389,5206297389,0,0,3937775893,247608234,13.0,250.08
537,2026-05-07 13:56:11,4,q52,0,5,114,1882,1865,27268,25961,114,152,0,128,0,2020,489167,0,0,4423048352,288230388,2116207684,0,0,57548,318,318,0,3289370,3289370,0,0,3289370,57548,14.49,1.88
538,2026-05-07 13:56:14,4,q53,0,6,118,2302,2273,32712,30108,118,167,0,160,0,2409,577281,0,0,884987736,288230790,2007344620,0,0,332514,636,636,0,7035336,7035336,0,0,7035336,332514,14.21,2.3
539,2026-05-07 13:56:17,4,q54,0,17,283,3784,5641,54587,50696,494,546,0,864,0,3219,19031420,0,0,14702408224,507412625,2622518220,0,0,8236026,1891,1891,0,80387756,80387756,0,0,80387756,8236026,14.43,3.78
540,2026-05-07 13:56:22,4,q55,0,5,113,1931,1919,28032,26509,110,148,0,224,0,2138,489038,0,0,7375575168,288230388,2116207684,0,0,43654,212,212,0,2555880,2555880,0,0,2555880,43654,14.52,1.93
541,2026-05-07 13:56:25,4,q56,0,9,248,3905,9067,57436,52115,245,342,0,240,0,3924,1857223,0,0,7099010904,505430125,4038924404,0,0,78499,150,150,0,2882312,2882312,0,0,2882312,78499,14.71,3.9
542,2026-05-07 13:56:30,4,q57,0,11,155,2696,3278,35793,31125,204,244,0,480,0,2931,4612594,0,0,9768835904,144218154,959887816,0,0,1882447,1298,1298,0,76815267,76815267,0,0,53026285,1287630,13.28,2.7
543,2026-05-07 13:56:34,4,q58,0,10,251,3884,9489,58455,53614,339,369,0,304,0,4092,1563358,0,0,20030826128,504372223,3662699540,0,0,2379510,2483,2483,0,36179249,36179249,0,0,36179249,2379510,15.05,3.88
544,2026-05-07 13:56:39,4,q59,0,16,256,5148,9368,68218,62711,354,440,2,480,0,7079,720883,0,0,16799977256,576239678,2355681696,0,0,2240280,3606,3606,0,74284634,74284634,0,0,74284634,2240280,13.25,5.15
545,2026-05-07 13:56:45,4,q60,0,9,254,4282,10017,63757,59786,270,364,1,176,0,2812,1857223,0,0,13971196952,505430125,4038858868,0,0,554294,721,721,0,10718884,10718884,0,0,10718884,554294,14.89,4.28
546,2026-05-07 13:56:51,4,q61,0,10,244,5540,8241,81213,78958,18,165,0,544,0,36,19031463,0,0,23648525880,579238178,5161403224,0,0,210,210,210,0,12389,12389,0,0,12389,210,14.66,5.54
547,2026-05-07 13:56:57,4,q62,0,6,45,1419,1409,20396,17987,47,62,0,208,0,843,253965,0,0,245764904,72021672,334689868,0,0,14400,40,40,0,1319317,1319317,0,0,1319317,14400,14.37,1.42
548,2026-05-07 13:57:00,4,q63,0,6,115,2223,2200,31413,29865,117,164,0,0,0,2787,576593,0,0,817026928,288230790,2007283180,0,0,123499,318,318,0,3374401,3374401,0,0,3374401,123499,14.13,2.22
549,2026-05-07 13:57:03,4,q64,0,35,503,26926,87576,408110,390510,1474,1413,6,4208,0,12619,54398195,0,0,52018313664,768696804,9629621484,0,0,228688940,5285,5285,0,3404318393,3404318393,0,0,2982973221,193590051,15.16,26.93
550,2026-05-07 13:57:31,4,q65,0,10,286,12184,23249,182095,174296,342,424,2,928,0,12794,18324921,0,0,24622340176,576237178,3993504392,0,0,123917656,3655,3655,0,3689155911,3689155911,0,0,3689155911,123917656,14.95,12.18
551,2026-05-07 13:57:45,4,q66,0,8,127,3399,4438,47171,41212,264,295,0,340,0,207,499459,0,0,4724854960,216055772,2093674428,0,0,885,59,59,0,423776,423776,0,0,423776,885,13.88,3.4
552,2026-05-07 13:57:49,4,q67,0,7,320,72437,72352,1072820,769404,453,567,0,7501,0,265956,9238108,0,0,75568267552,288230790,2272919624,0,0,145428382,22608,22608,0,11061191743,11061191743,0,0,11061191743,145428382,14.81,72.44
553,2026-05-07 13:59:03,4,q67a,0,15,801,103177,450760,1610309,1101313,2020,2079,3,6600,0,509251,9238151,0,0,222642866528,288230790,2272919624,0,0,549297854,69483,69483,0,42296108441,42296108441,0,0,8661959985,122569230,15.61,103.18
554,2026-05-07 14:00:47,4,q68,0,9,150,4647,4957,65464,58150,186,223,3,464,0,1739,13515611,0,0,9492134576,291033990,3513999360,0,0,2022736,125,125,0,65910392,65910392,0,0,65910392,2022736,14.09,4.65
555,2026-05-07 14:00:53,4,q69,0,9,279,2747,5945,39221,32326,66,199,0,717,0,6689,28676289,0,0,10694197760,508942925,1152082836,0,0,16091419,2703,2703,0,47414103,47414103,0,0,47414103,16091419,14.28,2.75
556,2026-05-07 14:00:56,4,q70,0,9,217,4226,4168,61161,59575,263,343,0,54,0,1001,1109640,0,0,7879371184,576033580,2769010512,0,0,3361,212,212,0,248560,248560,0,0,248560,3361,14.47,4.23
557,2026-05-07 14:01:02,4,q70a,0,12,222,3679,3571,52076,50343,261,340,0,224,0,958,1104448,0,0,1304800336,576033580,2769010512,0,0,4230,427,427,0,360133,360133,0,0,173273,2340,14.15,3.68
558,2026-05-07 14:01:07,4,q71,0,7,245,4032,3960,59192,52372,337,402,0,406,0,4378,2159332,0,0,4787737728,504266125,3881955576,0,0,276632,1800,1800,0,14492416,14492416,0,0,8304888,169066,14.68,4.03
559,2026-05-07 14:01:12,4,q72,0,15,386,203750,270644,3160646,2326349,519,658,2,3072,0,831547,13148461,0,0,82523784096,560021059,2681504060,0,0,537663712,26076,26076,0,9674720401,9674720401,0,0,9674720401,537663712,15.51,203.75
560,2026-05-07 14:04:36,4,q73,0,9,155,1919,2184,26846,25278,144,184,0,208,0,2036,577410,0,0,528883792,290033990,904315248,0,0,4016581,135,135,0,135105335,135105335,0,0,68017656,2016581,13.99,1.92
561,2026-05-07 14:04:39,4,q74,0,20,425,15578,49526,244340,227159,915,972,0,2288,0,16750,588013,0,0,43804974688,650094389,3337614368,0,0,269945080,7941,7941,0,2942491205,2942491205,0,0,2069353558,191970515,15.68,15.58
562,2026-05-07 14:04:56,4,q75,0,20,606,15949,59007,246697,227631,336,624,0,3268,0,14815,428392,0,0,24682165216,1058647072,9180335472,0,0,140054991,4858,4858,0,3124854319,3124854319,0,0,2106972811,89656169,15.47,15.95
563,2026-05-07 14:05:13,4,q76,0,5,233,5051,5000,75871,57801,385,420,0,2575,0,3335,1834613,0,0,18623056768,503804997,3936608940,0,0,30478,452,452,0,2480090,2480090,0,0,2480090,30478,15.02,5.05
564,2026-05-07 14:05:19,4,q77,0,14,293,5158,25094,77357,70718,311,358,4,1168,0,3604,489855,0,0,1301698440,554423389,4519787444,0,0,79732,195,195,0,2924827,2924827,0,0,2924827,79732,15.0,5.16
565,2026-05-07 14:05:26,4,q77a,0,17,298,4569,21580,66009,61757,293,367,0,1174,0,3063,490156,0,0,1907775144,554423389,4519787444,0,0,79963,207,207,0,3090403,3090403,0,0,2919791,77489,14.45,4.57
566,2026-05-07 14:05:31,4,q78,0,14,501,72058,240081,1125971,435308,780,930,0,4336,0,694279,1066176,0,0,94462501856,554440947,5870412356,0,0,406636630,22041,22041,0,11365250369,11365250369,0,0,11365250369,406636630,15.63,72.06
567,2026-05-07 14:06:44,4,q79,0,8,158,4105,4699,61664,49882,261,262,0,1168,0,5648,578872,0,0,10973653424,290033990,2194944544,0,0,3605127,2261,2261,0,110536843,110536843,0,0,110536843,3605127,15.02,4.11
568,2026-05-07 14:06:50,4,q80,0,23,464,66305,251691,1043155,405855,1130,1220,1,5090,0,630179,1105661,0,0,54884401176,554871773,7008068448,0,0,265494090,13408,13408,0,7544333779,7544333779,0,0,7544333779,265494090,15.73,66.31
569,2026-05-07 14:07:57,4,q80a,0,26,469,42142,151455,653823,409176,1073,1237,0,4743,0,247361,1105532,0,0,55356260208,554871773,7008068448,0,0,265493762,13423,13423,0,7544502071,7544502071,0,0,7544280371,265491832,15.51,42.14
570,2026-05-07 14:08:40,4,q81,0,13,163,2876,4735,34305,27828,205,223,1,416,0,2774,7971334,0,0,13574738872,32815644,493120964,0,0,11352561,1105,1105,0,248755021,248755021,0,0,248755021,11352561,11.93,2.88
571,2026-05-07 14:08:44,4,q82,0,8,148,3427,4550,45213,32196,262,316,13,725,0,536,230892,0,0,201963240,687764388,2330593528,0,0,40831,112,112,0,228724,228724,0,0,228724,40831,13.19,3.43
572,2026-05-07 14:08:49,4,q83,0,10,70,1222,2762,14389,12692,59,81,0,288,0,734,1563358,0,0,3577569720,50821969,408870628,0,0,400795,58,58,0,5436397,5436397,0,0,5436397,400795,11.77,1.22
573,2026-05-07 14:08:51,4,q84,0,9,74,1345,1960,12022,11247,53,61,0,0,0,548,9716301,0,0,1313097696,33729631,260505488,0,0,27798549,39,39,0,145670742,145670742,0,0,145670742,27798549,8.94,1.34
574,2026-05-07 14:08:54,4,q85,0,10,111,3900,21016,54996,45608,49,96,0,1920,0,4549,16953856,0,0,9166144312,84064697,1148586096,0,0,9151985,867,867,0,340232586,340232586,0,0,340232586,9151985,14.1,3.9
575,2026-05-07 14:08:59,4,q86,0,5,47,1453,1382,19075,12258,43,59,0,240,0,3216,3716103,0,0,3607813520,72225613,530286884,0,0,7501,41,41,0,521171,521171,0,0,521171,7501,13.13,1.45
576,2026-05-07 14:09:01,4,q86a,0,8,52,1271,1206,15443,14323,53,61,0,292,0,589,3716103,0,0,4146781072,72225613,530286884,0,0,20456,126,126,0,1499880,1499880,0,0,514832,7068,12.15,1.27
577,2026-05-07 14:09:03,4,q87,0,13,361,8849,23040,136615,124037,176,335,2,1936,0,8763,404013,0,0,23379178504,506022125,1099168672,0,0,120819579,5015,5015,0,740269760,740269760,0,0,635129750,116819579,15.44,8.85
578,2026-05-07 14:09:13,4,q88,0,26,858,7932,55610,123582,118149,30,506,0,864,0,146,241563,0,0,2705525760,2304258706,5004945128,0,0,840,840,840,0,49558,49558,0,0,49558,840,15.58,7.93
579,2026-05-07 14:09:22,4,q89,0,6,128,2815,2787,40908,36473,158,179,0,336,0,3025,577754,0,0,8715356488,288230790,2006943212,0,0,470930,1696,1696,0,22676235,22676235,0,0,22676235,470930,14.53,2.82
580,2026-05-07 14:09:26,4,q90,0,8,86,844,1231,11899,11291,4,46,0,0,0,10,91766,0,0,259051520,144052466,449798300,0,0,80,80,80,0,4720,4720,0,0,4720,80,14.1,0.84
581,2026-05-07 14:09:28,4,q91,0,10,61,974,1174,6340,5850,34,54,0,0,0,7,38453648,0,0,3695004344,19345852,255124852,0,0,134,5,5,0,19839,19839,0,0,11750,82,6.51,0.97
582,2026-05-07 14:09:30,4,q92,0,7,103,1374,2070,19875,17438,78,102,0,288,0,1580,771374,0,0,3957955072,144227226,1056413764,0,0,1672198,696,696,0,21434447,21434447,0,0,21434447,1672198,14.47,1.37
583,2026-05-07 14:09:33,4,q93,0,8,338,57568,129869,872324,371562,450,569,0,1920,0,510306,2210376,0,0,68145363512,316808109,2544387116,0,0,288995290,26212,26212,0,7314530014,7314530014,0,0,7314530014,288995290,15.15,57.57
584,2026-05-07 14:10:31,4,q94,0,8,153,8495,23258,125695,98225,120,168,0,872,0,24160,508752,0,0,16630437440,152222639,965260140,0,0,151171114,3640,3640,0,2240321543,2240321543,0,0,2240321543,151171114,14.8,8.49
585,2026-05-07 14:10:41,4,q95,0,8,180,24496,43028,369196,310358,401,381,0,4471,0,39859,939608,0,0,49888658408,152222639,937587564,0,0,367104120,14137,14137,0,3290949327,3290949327,0,0,1995058746,151153176,15.07,24.5
586,2026-05-07 14:11:06,4,q96,0,5,109,1149,1152,16697,16387,1,62,0,0,0,15,240703,0,0,335583360,288033990,627415888,0,0,105,105,105,0,6194,6194,0,0,6194,105,14.53,1.15
587,2026-05-07 14:11:09,4,q97,0,5,204,12247,15479,162235,156445,185,259,0,608,0,5104,401053,0,0,25362705944,432020512,2139985352,0,0,83874967,2091,2091,0,961496197,961496197,0,0,961496197,83874967,13.25,12.25
588,2026-05-07 14:11:22,4,q98,0,7,136,2734,2633,36454,32868,153,184,4,311,0,3088,6562517,0,0,10869479536,288230388,2130541032,0,0,784257,1896,1896,0,107666178,107666178,0,0,103671552,753714,13.33,2.73
589,2026-05-07 14:11:26,4,q99,0,7,87,2171,2164,28704,24956,88,124,0,224,0,367,500104,0,0,1632383928,144014189,512709324,0,0,32599,50,50,0,2191785,2191785,0,0,2191785,32599,13.22,2.17
590,2026-05-07 14:11:29,5,q1,0,10,106,1871,3105,27403,23680,119,141,0,608,0,1851,20277818,0,0,9109609000,59623624,615605636,0,0,16217529,561,561,0,253429265,253429265,0,0,253429265,16217529,14.65,1.87
591,2026-05-07 14:11:32,5,q2,0,9,128,2988,2923,42727,40190,130,170,0,816,0,1349,751663,0,0,879498664,216108786,928213424,0,0,35347,362,362,0,2673870,2673870,0,0,901000,13701,14.3,2.99
592,2026-05-07 14:11:36,5,q3,0,5,113,2102,2088,30523,27543,110,145,23,576,0,2368,489855,0,0,411713488,288283437,2116269124,0,0,43415,212,212,0,2742950,2742950,0,0,2742950,43415,14.52,2.1
593,2026-05-07 14:11:39,5,q4,0,25,714,68155,330788,1081281,710698,1613,1696,0,11786,0,361045,763869,0,0,115346137600,794088513,10209753124,0,0,566100624,26059,26059,0,14421838771,14421838771,0,0,8530911104,341212705,15.87,68.16
594,2026-05-07 14:12:48,5,q5,0,11,350,14605,27290,201801,192731,391,533,0,1696,0,6691,644080,0,0,8873293832,626443386,5005569020,0,0,78889327,1136,1136,0,1105456401,1105456401,0,0,1105456401,78889327,13.82,14.6
595,2026-05-07 14:13:04,5,q5a,0,14,355,14421,26481,196836,189732,445,550,0,1808,0,5968,644553,0,0,9345152864,626443386,5005569020,0,0,78892614,1146,1146,0,1105692639,1105692639,0,0,1105483887,78889180,13.65,14.42
596,2026-05-07 14:13:20,5,q6,0,13,162,2100,5198,30399,27291,391,364,0,544,0,3369,8436910,0,0,5221591328,291580486,1513408748,0,0,5131498,1975,1975,0,46269258,46269258,0,0,46269258,5131498,14.48,2.1
597,2026-05-07 14:13:23,5,q7,0,7,139,4344,4383,65178,58133,174,213,0,800,0,2464,1563358,0,0,10258232888,290152188,3733018764,0,0,741960,1802,1802,0,25969993,25969993,0,0,25969993,741960,15.0,4.34
598,2026-05-07 14:13:28,5,q8,0,10,146,2126,2090,27522,26229,171,229,0,144,0,550,9445062,0,0,9298835608,292026790,1468752280,0,0,50834,126,126,0,766619,766619,0,0,766619,50834,12.95,2.13
599,2026-05-07 14:13:31,5,q9,0,11,531,7790,38189,121784,114622,37,374,0,1344,0,91,220354,0,0,0,1440031995,8643368200,0,0,525,525,525,0,43295,43295,0,0,43295,525,15.63,7.79
600,2026-05-07 14:13:40,5,q10,0,13,300,2797,6116,38727,35358,115,263,0,464,0,4315,255952,0,0,5637359016,509942925,1176986144,0,0,21068747,2590,2590,0,77600073,77600073,0,0,77600073,21068747,13.85,2.8
601,2026-05-07 14:13:44,5,q10a,0,10,290,2228,3683,30693,28410,78,215,0,512,0,4198,307292,0,0,4672279792,508942925,1152738196,0,0,22779154,2740,2740,0,107512526,107512526,0,0,107512526,22779154,13.78,2.23
602,2026-05-07 14:13:47,5,q11,0,20,431,17468,54506,271917,256701,982,1030,0,3560,0,15376,588013,0,0,44791176400,650094389,4199900192,0,0,269945080,8343,8343,0,4443444874,4443444874,0,0,2965113310,191970515,15.57,17.47
603,2026-05-07 14:14:06,5,q12,0,6,65,1264,1200,15630,12837,67,80,0,160,0,2237,6520039,0,0,4753471800,72225613,541845796,0,0,218539,691,691,0,30886708,30886708,0,0,30886708,218539,12.37,1.26
604,2026-05-07 14:14:08,5,q13,0,7,129,5190,5276,77832,73546,64,113,0,800,0,20,1749701,0,0,5580303960,290954790,4547889996,0,0,105,105,105,0,8286,8286,0,0,8286,105,15.0,5.19
605,2026-05-07 14:14:14,5,q14a,0,40,1232,69993,207665,1067356,511626,2165,2425,12,14130,0,545215,2429660,0,0,48868027672,2016904500,12248886924,0,0,639521492,5955,5955,0,9126203471,9126203471,0,0,9111166440,639047728,15.25,69.99
606,2026-05-07 14:15:26,5,q14b,0,30,780,22513,37239,324860,295626,1332,1555,17,5348,0,22115,2429660,0,0,29351627872,1585185222,9024282320,0,0,135644755,4083,4083,0,525336067,525336067,0,0,525336067,135644755,14.43,22.51
607,2026-05-07 14:15:50,5,q14,0,29,774,19797,33031,286523,272003,1455,1575,4,3941,0,13459,2323338,0,0,29052095752,1585185222,9024282320,0,0,134753609,3832,3832,0,433106320,433106320,0,0,433106320,134753609,14.47,19.8
608,2026-05-07 14:16:11,5,q15,0,5,107,2984,2833,41429,38897,82,124,0,496,0,40,19031420,0,0,13031031584,147014124,755110092,0,0,2305,3,3,0,69877,69877,0,0,69877,2305,13.88,2.98
609,2026-05-07 14:16:15,5,q16,0,8,293,16817,46982,256990,186311,305,409,0,3136,0,68773,1272912,0,0,41785807200,303406100,1947854248,0,0,301125284,17100,17100,0,4308531096,4308531096,0,0,4308531096,301125284,15.28,16.82
610,2026-05-07 14:16:33,5,q17,0,14,249,5470,9819,77716,71065,705,676,1,1104,0,5485,13882585,0,0,6358661496,461086525,3051392260,0,0,28190115,2517,2517,0,601289420,601289420,0,0,601289420,28190115,14.21,5.47
611,2026-05-07 14:16:40,5,q18,0,9,148,3252,3770,44076,35975,216,232,2,544,0,461,17522991,0,0,20407531752,151059724,2467956252,0,0,547671,289,289,0,38073944,38073944,0,0,38073944,547671,13.55,3.25
612,2026-05-07 14:16:44,5,q18a,0,17,503,11717,34970,180247,169510,691,863,0,1504,0,1238,17760449,0,0,93113179144,730240220,11870209104,0,0,648686,387,387,0,41635018,41635018,0,0,41635018,648686,15.38,11.72
613,2026-05-07 14:16:57,5,q19,0,8,143,3635,3611,50976,46400,150,202,0,176,0,2839,19031463,0,0,23965705664,291230790,2425648524,0,0,104690,636,636,0,7065795,7065795,0,0,7065795,104690,14.02,3.64
614,2026-05-07 14:17:01,5,q20,0,6,92,1271,1215,14923,14165,87,114,0,0,0,30,6520039,0,0,2049998040,144218124,1027833352,0,0,61386,15,15,0,7314659,7314659,0,0,7314659,61386,11.74,1.27
615,2026-05-07 14:17:04,5,q21,0,6,41,2303,2290,32280,25662,39,52,0,480,0,46,167273,0,0,530336016,399554015,1160382340,0,0,224195,12,12,0,3707674,3707674,0,0,3707674,224195,14.02,2.3
616,2026-05-07 14:17:07,5,q22,0,6,55,114012,113941,606732,604966,94,85,0,604,0,293,9238108,0,0,3042269472,399554015,1155227504,0,0,3668633,170,170,0,157580403,157580403,0,0,157580403,3668633,5.32,114.01
617,2026-05-07 14:19:02,5,q22a,0,10,123,5533,6265,48901,45469,178,204,0,66,0,2671,9238108,0,0,12240902592,399554015,1155827588,0,0,3874870,672,672,0,196248694,196248694,0,0,50881482,1020746,8.84,5.53
618,2026-05-07 14:19:09,5,q23a,0,19,630,42871,72443,667263,646267,1124,1242,4,6158,0,25035,13148461,0,0,91179023240,1082298901,6118668000,0,0,236821663,18631,18631,0,6675910750,6675910750,0,0,6296400271,209386880,15.56,42.87
619,2026-05-07 14:19:53,5,q23b,0,22,664,45480,80258,704111,678940,1274,1342,3,6000,0,33116,13148461,0,0,104120547456,1084298901,6173560216,0,0,286169576,24529,24529,0,7489542086,7489542086,0,0,6352485292,211464383,15.48,45.48
620,2026-05-07 14:20:39,5,q24,0,14,197,4502,10968,66269,58312,587,615,0,288,0,4261,12971968,0,0,7305478504,320216803,2618685332,0,0,31568282,2072,2072,0,398343147,398343147,0,0,398343147,31568282,14.72,4.5
621,2026-05-07 14:20:45,5,q24a,0,21,351,10863,16385,147583,136107,979,1055,1,1952,0,11654,7938360,0,0,21018360104,608427191,4959679660,0,0,100579192,4982,4982,0,1807160549,1807160549,0,0,1449375004,69847453,13.59,10.86
622,2026-05-07 14:20:57,5,q24b,0,22,351,10434,19223,139346,126098,949,1007,0,824,0,17241,7938403,0,0,18322225928,608427191,4959679660,0,0,99830490,3056,3056,0,1783327822,1783327822,0,0,1425542277,69098751,13.35,10.43
623,2026-05-07 14:21:08,5,q25,0,14,249,5846,10542,80834,75142,617,677,1,1360,0,4475,13882585,0,0,6009723240,461086525,4055330052,0,0,20197026,2496,2496,0,408400895,408400895,0,0,408400895,20197026,13.83,5.85
624,2026-05-07 14:21:15,5,q26,0,7,108,2052,2081,29207,24731,134,159,0,320,0,319,1563358,0,0,3714942048,146139924,1919763572,0,0,361199,198,198,0,11486221,11486221,0,0,11486221,361199,14.23,2.05
625,2026-05-07 14:21:18,5,q27,0,7,130,4052,4094,59834,56198,156,203,0,608,0,2758,1563358,0,0,9989019624,290151590,3428907568,0,0,176635,848,848,0,8312881,8312881,0,0,8312881,176635,14.77,4.05
626,2026-05-07 14:21:24,5,q27a,0,11,346,10568,20851,162760,155105,360,483,0,992,0,6172,1563358,0,0,7106799200,866368768,10230037392,0,0,180094,954,954,0,9455710,9455710,0,0,9455710,180094,15.4,10.57
627,2026-05-07 14:21:35,5,q28,0,18,709,12831,75983,202439,192146,739,914,0,1024,0,13705,306653,0,0,42865509472,1728038328,13433232336,0,0,4809294,7738,7738,0,78702022,78702022,0,0,78702022,4809294,15.78,12.83
628,2026-05-07 14:21:49,5,q29,0,17,258,10792,16094,147094,141398,680,712,1,1104,0,7322,13882585,0,0,12510713656,461126525,3056000012,0,0,93232843,3583,3583,0,1605288823,1605288823,0,0,1605288823,93232843,13.63,10.79
629,2026-05-07 14:22:01,5,q30,0,13,142,1972,3518,25831,22464,130,162,0,0,0,2164,7971334,0,0,9356907168,18418778,375811060,0,0,6150626,386,386,0,281189152,281189152,0,0,281189152,6150626,13.1,1.97
630,2026-05-07 14:22:04,5,q31,0,20,471,8207,43103,124683,114168,507,588,3,1008,0,12465,15346734,0,0,40966251720,1081084003,5449888056,0,0,721398,1751,1751,0,23987492,23987492,0,0,23855718,719552,15.19,8.21
631,2026-05-07 14:22:13,5,q32,0,7,170,1989,3810,29716,26965,86,147,0,0,0,538,1335027,0,0,608193728,288212248,2025603596,0,0,350080,90,90,0,4605586,4605586,0,0,4605586,350080,14.94,1.99
632,2026-05-07 14:22:16,5,q33,0,9,249,4075,9377,60497,56750,252,343,0,528,0,3831,1857223,0,0,8735025360,505430125,4038723700,0,0,143486,256,256,0,3626941,3626941,0,0,3626941,143486,14.85,4.08
633,2026-05-07 14:22:22,5,q34,0,9,155,2163,2436,29411,27552,150,190,0,272,0,2424,577367,0,0,533173672,290033990,904315248,0,0,4031113,135,135,0,135788608,135788608,0,0,68700929,2031113,13.6,2.16
634,2026-05-07 14:22:25,5,q35,0,10,296,3927,7441,54889,48298,125,253,0,576,0,4942,23973768,0,0,15331014656,508942925,1150813076,0,0,57691365,3111,3111,0,112822186,112822186,0,0,112822186,57691365,13.98,3.93
635,2026-05-07 14:22:30,5,q35a,0,9,296,3592,5015,48762,44886,128,256,0,227,0,5049,23973682,0,0,14475377048,508942925,1150813076,0,0,57706997,3111,3111,0,112799702,112799702,0,0,112799702,57706997,13.58,3.59
636,2026-05-07 14:22:34,5,q36,0,6,113,3358,3296,48059,46398,116,163,0,0,0,1683,3716103,0,0,9362299000,288230790,3067523820,0,0,16736,106,106,0,1359762,1359762,0,0,1359762,16736,14.31,3.36
637,2026-05-07 14:22:39,5,q36a,0,9,118,3057,3009,41967,39375,122,168,0,272,0,1404,3716103,0,0,9901266872,288230790,3067523820,0,0,46259,321,321,0,3876412,3876412,0,0,1308296,15669,13.73,3.06
638,2026-05-07 14:22:43,5,q37,0,6,134,4641,8194,53834,51062,45,98,0,896,0,3749,173221,0,0,4902713048,543548124,1721036884,0,0,51928707,1383,1383,0,655187218,655187218,0,0,655187218,143994433,11.6,4.64
639,2026-05-07 14:22:49,5,q38,0,13,361,8331,22067,127918,115534,187,341,0,1579,0,9738,404013,0,0,23379178504,506022125,1099168672,0,0,120819579,5015,5015,0,740269760,740269760,0,0,635129750,116819579,15.35,8.33
640,2026-05-07 14:22:58,5,q39a,0,11,123,4639,8231,55700,52667,223,224,0,471,0,847,2464085,0,0,5429281480,798904015,2305814868,0,0,4703618,85,85,0,112366429,112366429,0,0,75919735,3173618,12.01,4.64
641,2026-05-07 14:23:04,5,q39b,0,11,122,4015,7272,47303,46145,177,227,0,352,0,580,1038243,0,0,5045830344,798904015,2305814868,0,0,4594459,85,85,0,109301092,109301092,0,0,72854398,3064459,11.78,4.01
642,2026-05-07 14:23:09,5,q40,0,8,162,8411,22074,120892,114556,97,172,0,640,0,10452,510938,0,0,24442330840,158615961,1244668532,0,0,157478827,4755,4755,0,3042545985,3042545985,0,0,3042545985,157478827,14.37,8.41
643,2026-05-07 14:23:18,5,q41,0,4,10,227,196,259,198,10,10,0,0,0,12,24680,0,0,472399704,408000,16770304,0,0,292,2,2,0,19225,19225,0,0,19225,292,1.14,0.23
644,2026-05-07 14:23:20,5,q42,0,4,111,1933,1916,28594,24242,112,142,0,720,0,388,490027,0,0,4288306384,288230388,2115880004,0,0,1109,105,105,0,92568,92568,0,0,92568,1109,14.79,1.93
645,2026-05-07 14:23:22,5,q43,0,4,108,2093,2069,30204,28932,115,151,0,0,0,1319,488522,0,0,315741344,288026790,1173777864,0,0,12495,105,105,0,1420660,1420660,0,0,1420660,12495,14.43,2.09
646,2026-05-07 14:23:26,5,q44,0,8,249,3190,3361,47593,42159,209,278,0,608,0,2664,3433944,0,0,11327225512,576156776,3588195964,0,0,2617885,3497,3497,0,35187753,35187753,0,0,17600720,1309171,14.92,3.19
647,2026-05-07 14:23:30,5,q45,0,7,75,1789,1681,22083,20169,43,75,1,304,0,100,19031463,0,0,10271954264,75245613,598175976,0,0,182,39,39,0,17021,17021,0,0,17021,182,12.34,1.79
648,2026-05-07 14:23:33,5,q46,0,9,154,3737,3855,52173,49788,178,228,0,384,0,2486,13515525,0,0,10309463920,291033990,2223902720,0,0,2097512,545,545,0,69785439,69785439,0,0,69785439,2097512,13.96,3.74
649,2026-05-07 14:23:38,5,q47,0,11,173,5763,6800,82783,78278,222,263,0,528,0,5007,4612594,0,0,15111114072,288230790,2006537708,0,0,20926697,4017,4017,0,817469691,817469691,0,0,418128051,10695182,14.36,5.76
650,2026-05-07 14:23:44,5,q48,0,6,128,6739,6850,101941,97603,85,140,0,2506,0,26,2200929,0,0,5464862760,290947590,2722619648,0,0,105,105,105,0,6195,6195,0,0,6195,105,15.13,6.74
651,2026-05-07 14:23:52,5,q49,0,20,350,9175,33807,140593,130349,410,537,0,3926,0,10861,2329503,0,0,6933719544,554439913,6510148172,0,0,86104358,305,305,0,1847293817,1847293817,0,0,1847293817,86104358,15.32,9.18
652,2026-05-07 14:24:02,5,q50,0,10,232,48747,208590,740566,160468,317,378,0,1408,0,586758,1278788,0,0,40984956952,316921450,1887349860,0,0,265637490,12304,12304,0,5977261864,5977261864,0,0,5977261864,265637490,15.19,48.75
653,2026-05-07 14:24:52,5,q51,0,10,249,20807,31090,280708,197535,291,359,0,1616,0,85560,400924,0,0,30177909632,360028001,2405095048,0,0,173932465,3927,3927,0,2938966138,2938966138,0,0,2938966138,173932465,13.49,20.81
654,2026-05-07 14:25:14,5,q51a,0,14,320,251160,292868,3261818,3208577,545,611,0,18663,0,26111,540320,0,0,74335529632,360028001,2405095048,0,0,314001497,4967,4967,0,5206297389,5206297389,0,0,3937775893,247608234,12.99,251.16
655,2026-05-07 14:29:26,5,q52,0,5,114,1887,1873,27511,26369,118,149,2,112,0,1900,489167,0,0,4423048352,288230388,2116207684,0,0,57548,318,318,0,3289370,3289370,0,0,3289370,57548,14.58,1.89
656,2026-05-07 14:29:29,5,q53,0,6,118,2466,2440,35090,31439,134,172,0,176,0,3246,577453,0,0,884987736,288230790,2007344620,0,0,332514,636,636,0,7035336,7035336,0,0,7035336,332514,14.23,2.47
657,2026-05-07 14:29:33,5,q54,0,17,283,3746,5522,53795,50336,494,556,1,1040,0,3035,19031506,0,0,14702408224,507412625,2622518220,0,0,8236026,1891,1891,0,80387756,80387756,0,0,80387756,8236026,14.36,3.75
658,2026-05-07 14:29:38,5,q55,0,5,113,1935,1921,27975,26632,108,144,1,0,0,2340,488393,0,0,7375575168,288230388,2116207684,0,0,43654,212,212,0,2555880,2555880,0,0,2555880,43654,14.46,1.94
659,2026-05-07 14:29:41,5,q56,0,9,248,4001,9304,58863,53048,243,339,1,560,0,3455,1857223,0,0,7099010904,505430125,4038924404,0,0,78499,150,150,0,2882312,2882312,0,0,2882312,78499,14.71,4.0
660,2026-05-07 14:29:46,5,q57,0,11,155,2862,3598,38381,34025,203,241,0,0,0,2402,4612594,0,0,9768835904,144218154,959887816,0,0,1882447,1298,1298,0,76815267,76815267,0,0,53026285,1287630,13.41,2.86
661,2026-05-07 14:29:50,5,q58,0,10,251,3947,9458,59631,56158,304,369,0,224,0,3784,1563358,0,0,20030826128,504372223,3662699540,0,0,2379510,2483,2483,0,36179249,36179249,0,0,36179249,2379510,15.11,3.95
662,2026-05-07 14:29:55,5,q59,0,16,256,5358,9823,71806,66575,350,447,0,528,0,7285,720883,0,0,16799977256,576239678,2355681696,0,0,2240280,3606,3606,0,74284634,74284634,0,0,74284634,2240280,13.4,5.36
663,2026-05-07 14:30:01,5,q60,0,9,254,4036,9411,59942,56825,255,357,2,256,0,3047,1857223,0,0,13971196952,505430125,4038858868,0,0,554294,721,721,0,10718884,10718884,0,0,10718884,554294,14.85,4.04
664,2026-05-07 14:30:06,5,q61,0,10,244,5371,8269,78512,74359,18,169,0,688,0,41,19031420,0,0,23648525880,579238178,5161403224,0,0,210,210,210,0,12389,12389,0,0,12389,210,14.62,5.37
665,2026-05-07 14:30:13,5,q62,0,6,45,1254,1251,17658,15905,47,62,0,0,0,774,253277,0,0,245764904,72021672,334689868,0,0,14400,40,40,0,1319317,1319317,0,0,1319317,14400,14.08,1.25
666,2026-05-07 14:30:15,5,q63,0,6,115,2334,2312,33104,31495,119,164,0,128,0,2515,577023,0,0,817026928,288230790,2007283180,0,0,123499,318,318,0,3374401,3374401,0,0,3374401,123499,14.18,2.33
667,2026-05-07 14:30:18,5,q64,0,35,503,26634,87553,404306,386915,1380,1396,12,3680,0,13427,54398023,0,0,52018313664,768696804,9629621484,0,0,228688940,5285,5285,0,3404318393,3404318393,0,0,2982973221,193590051,15.18,26.63
668,2026-05-07 14:30:46,5,q65,0,10,286,12307,23421,183510,174713,340,418,3,976,0,14201,18324921,0,0,24622340176,576237178,3993504392,0,0,123917656,3655,3655,0,3689155911,3689155911,0,0,3689155911,123917656,14.91,12.31
669,2026-05-07 14:31:00,5,q66,0,8,127,3393,4550,47154,41008,259,297,0,192,0,217,499201,0,0,4724854960,216055772,2093674428,0,0,885,59,59,0,423776,423776,0,0,423776,885,13.9,3.39
670,2026-05-07 14:31:04,5,q67,0,7,320,99563,99477,1556939,745253,437,554,0,6568,0,773963,9238108,0,0,75568267552,288230790,2272919624,0,0,145428382,22608,22608,0,11061191743,11061191743,0,0,11061191743,145428382,15.64,99.56
671,2026-05-07 14:32:45,5,q67a,0,15,801,112712,463252,1750381,1110450,1870,1980,8,5934,0,567233,9238108,0,0,222642866528,288230790,2272919624,0,0,549297854,69483,69483,0,42296108441,42296108441,0,0,8661959985,122569230,15.53,112.71
672,2026-05-07 14:34:39,5,q68,0,9,150,4941,5072,70339,63614,160,227,0,240,0,1495,13515525,0,0,9492134576,291033990,3513999360,0,0,2022736,125,125,0,65910392,65910392,0,0,65910392,2022736,14.24,4.94
673,2026-05-07 14:34:45,5,q69,0,9,279,2629,5815,37682,32435,62,195,0,704,0,5383,28676289,0,0,10694197760,508942925,1152082836,0,0,16091419,2703,2703,0,47414103,47414103,0,0,47414103,16091419,14.33,2.63
674,2026-05-07 14:34:48,5,q70,0,9,217,4182,4121,60577,59224,272,338,3,224,0,798,1109640,0,0,7879371184,576033580,2769010512,0,0,3361,212,212,0,248560,248560,0,0,248560,3361,14.49,4.18
675,2026-05-07 14:34:54,5,q70a,0,12,222,3722,3627,52568,50421,260,346,0,448,0,1374,1104448,0,0,1304800336,576033580,2769010512,0,0,4230,427,427,0,360133,360133,0,0,173273,2340,14.12,3.72
676,2026-05-07 14:34:59,5,q71,0,7,245,3884,3813,56835,50044,320,407,1,240,0,3999,2159332,0,0,4787737728,504266125,3881955576,0,0,276632,1800,1800,0,14492275,14492275,0,0,8304747,169066,14.63,3.88
677,2026-05-07 14:35:03,5,q72,0,15,386,212452,295898,3284981,2319560,557,666,2,2544,0,972726,13148461,0,0,82523784096,560021059,2681504060,0,0,537663712,26076,26076,0,9674720401,9674720401,0,0,9674720401,537663712,15.46,212.45
678,2026-05-07 14:38:37,5,q73,0,9,155,1859,2158,25803,24441,138,192,0,0,0,2161,576722,0,0,528883792,290033990,904315248,0,0,4016581,135,135,0,135105335,135105335,0,0,68017656,2016581,13.88,1.86
679,2026-05-07 14:38:40,5,q74,0,20,425,15475,49010,240021,224785,847,973,0,2112,0,13421,588013,0,0,43804974688,650094389,3337614368,0,0,269945080,7941,7941,0,2942491205,2942491205,0,0,2069353558,191970515,15.51,15.48
680,2026-05-07 14:38:57,5,q75,0,20,606,16128,60003,250593,225860,319,613,0,3099,0,15286,428263,0,0,24682165216,1058647072,9180335472,0,0,140054991,4858,4858,0,3124854319,3124854319,0,0,2106972811,89656169,15.54,16.13
681,2026-05-07 14:39:14,5,q76,0,5,233,3775,3727,56405,50649,259,369,0,144,0,2811,1834613,0,0,18623056768,503804997,3936608940,0,0,30478,452,452,0,2480090,2480090,0,0,2480090,30478,14.94,3.78
682,2026-05-07 14:39:19,5,q77,0,14,293,4561,19513,68633,61742,277,355,0,512,0,2665,488522,0,0,1301698440,554423389,4519787444,0,0,79732,195,195,0,2924827,2924827,0,0,2924827,79732,15.05,4.56
683,2026-05-07 14:39:24,5,q77a,0,17,298,4704,22624,68630,62887,300,360,0,976,0,2987,489253,0,0,1907775144,554423389,4519787444,0,0,79963,207,207,0,3090403,3090403,0,0,2919791,77489,14.59,4.7
684,2026-05-07 14:39:30,5,q78,0,14,501,61434,180485,950633,429146,738,898,3,3680,0,532192,1065144,0,0,94462501856,554440947,5870412356,0,0,406636630,22041,22041,0,11365250369,11365250369,0,0,11365250369,406636630,15.47,61.43
685,2026-05-07 14:40:33,5,q79,0,8,158,4243,4409,63014,50212,194,234,0,512,0,3096,577109,0,0,10973653424,290033990,2194944544,0,0,3605127,2261,2261,0,110536843,110536843,0,0,110536843,3605127,14.85,4.24
686,2026-05-07 14:40:38,5,q80,0,23,464,58905,226969,925227,409673,1168,1221,0,3392,0,512748,1105403,0,0,54884401176,554871773,7008068448,0,0,265494090,13408,13408,0,7544333779,7544333779,0,0,7544333779,265494090,15.71,58.9
687,2026-05-07 14:41:38,5,q80a,0,26,469,68690,276517,1078833,408873,1270,1255,0,3584,0,679399,1105188,0,0,55356260208,554871773,7008068448,0,0,265493762,13423,13423,0,7544502071,7544502071,0,0,7544280371,265491832,15.71,68.69
688,2026-05-07 14:42:48,5,q81,0,13,163,2517,4070,29455,25209,208,224,0,0,0,2632,7971334,0,0,13574738872,32815644,493120964,0,0,11352561,1105,1105,0,248755021,248755021,0,0,248755021,11352561,11.7,2.52
689,2026-05-07 14:42:52,5,q82,0,8,148,3048,4261,38830,33929,249,314,0,496,0,479,229602,0,0,201963240,687764388,2330593528,0,0,40831,112,112,0,228724,228724,0,0,228724,40831,12.74,3.05
690,2026-05-07 14:42:56,5,q83,0,10,70,1412,3171,16980,15669,65,80,0,0,0,637,1563358,0,0,3577569720,50821969,408870628,0,0,400795,58,58,0,5436397,5436397,0,0,5436397,400795,12.03,1.41
691,2026-05-07 14:42:58,5,q84,0,9,74,1362,2228,12037,11300,41,59,0,0,0,568,9716387,0,0,1313097696,33729631,260505488,0,0,27798549,39,39,0,145670742,145670742,0,0,145670742,27798549,8.84,1.36
692,2026-05-07 14:43:01,5,q85,0,10,111,3879,21852,55545,43147,65,114,1,2480,0,2794,16954329,0,0,9166144312,84064697,1148586096,0,0,9151985,867,867,0,340232586,340232586,0,0,340232586,9151985,14.32,3.88
693,2026-05-07 14:43:05,5,q86,0,5,47,1200,1140,15213,13125,46,55,0,0,0,663,3716103,0,0,3607813520,72225613,530286884,0,0,7501,41,41,0,521171,521171,0,0,521171,7501,12.68,1.2
694,2026-05-07 14:43:08,5,q86a,0,8,52,1109,1042,12870,11857,44,61,0,0,0,881,3716103,0,0,4146781072,72225613,530286884,0,0,20456,126,126,0,1499880,1499880,0,0,514832,7068,11.61,1.11
695,2026-05-07 14:43:10,5,q87,0,13,361,8475,21953,131233,120512,165,335,0,1052,3,8604,403325,0,0,23379178504,506022125,1099168672,0,0,120819579,5015,5015,0,740269760,740269760,0,0,635129750,116819579,15.48,8.48
696,2026-05-07 14:43:19,5,q88,0,26,858,8088,56252,126051,121129,32,506,1,736,0,153,242122,0,0,2705525760,2304258706,5004945128,0,0,840,840,840,0,49558,49558,0,0,49558,840,15.58,8.09
697,2026-05-07 14:43:29,5,q89,0,6,128,2973,2946,43546,37976,136,182,0,288,0,2905,578055,0,0,8715356488,288230790,2006943212,0,0,470930,1696,1696,0,22676235,22676235,0,0,22676235,470930,14.65,2.97
698,2026-05-07 14:43:33,5,q90,0,8,86,795,1173,11628,11036,2,46,0,0,0,11,91766,0,0,259051520,144052466,449798300,0,0,80,80,80,0,4720,4720,0,0,4720,80,14.63,0.8
699,2026-05-07 14:43:35,5,q91,0,10,61,1023,1014,5773,5315,39,58,0,0,0,7,38453648,0,0,3695004344,19345852,255124852,0,0,134,5,5,0,19839,19839,0,0,11750,82,5.64,1.02
700,2026-05-07 14:43:37,5,q92,0,7,103,1546,2372,22414,19618,73,99,1,448,0,1732,771374,0,0,3957955072,144227226,1056413764,0,0,1672198,696,696,0,21434447,21434447,0,0,21434447,1672198,14.5,1.55
701,2026-05-07 14:43:39,5,q93,0,8,338,60063,140834,928313,366749,434,563,0,1141,0,573124,2209688,0,0,68145363512,316808109,2544387116,0,0,288995290,26212,26212,0,7314530014,7314530014,0,0,7314530014,288995290,15.46,60.06
702,2026-05-07 14:44:40,5,q94,0,8,153,7062,19352,105613,98515,120,173,0,864,0,6729,509096,0,0,16630437440,152222639,965260140,0,0,151171114,3640,3640,0,2240321543,2240321543,0,0,2240321543,151171114,14.96,7.06
703,2026-05-07 14:44:48,5,q95,0,8,180,30996,66572,472285,317435,506,369,0,8881,0,137368,939608,0,0,49888658408,152222639,937587564,0,0,367104120,14137,14137,0,3290949327,3290949327,0,0,1995058746,151153176,15.24,31.0
704,2026-05-07 14:45:21,5,q96,0,5,109,1103,1100,16104,14989,4,60,0,0,0,16,240832,0,0,335583360,288033990,627415888,0,0,105,105,105,0,6194,6194,0,0,6194,105,14.6,1.1
705,2026-05-07 14:45:23,5,q97,0,5,204,11964,15025,157942,150108,194,265,0,656,0,4861,401354,0,0,25362705944,432020512,2139985352,0,0,83874967,2091,2091,0,961496197,961496197,0,0,961496197,83874967,13.2,11.96
706,2026-05-07 14:45:36,5,q98,0,7,136,2763,2653,36394,32919,152,192,4,336,0,3143,6562517,0,0,10869479536,288230388,2130541032,0,0,784257,1896,1896,0,107666178,107666178,0,0,103671552,753714,13.17,2.76
707,2026-05-07 14:45:40,5,q99,0,7,87,2032,2019,27052,25000,90,128,0,240,0,334,500061,0,0,1632383928,144014189,512709324,0,0,32599,50,50,0,2191785,2191785,0,0,2191785,32599,13.31,2.03
708,2026-05-07 14:45:43,6,q1,0,10,106,1767,3077,25527,22976,127,142,0,320,0,1660,20277818,0,0,9109609000,59623624,615605636,0,0,16217529,561,561,0,253429265,253429265,0,0,253429265,16217529,14.45,1.77
709,2026-05-07 14:45:45,6,q2,0,9,128,3010,2943,43178,40962,137,184,0,704,0,1181,751663,0,0,879498664,216108786,928213424,0,0,35347,362,362,0,2673870,2673870,0,0,901000,13701,14.34,3.01
710,2026-05-07 14:45:49,6,q3,0,5,113,2022,2006,28928,26301,114,144,0,272,0,2770,489124,0,0,411713488,288283437,2116269124,0,0,43415,212,212,0,2742950,2742950,0,0,2742950,43415,14.31,2.02
711,2026-05-07 14:45:53,6,q4,0,25,714,88394,420764,1404717,693514,1667,1724,2,29718,0,635224,763181,0,0,115346137600,794088513,10209753124,0,0,566100624,26059,26059,0,14421838771,14421838771,0,0,8530911104,341212705,15.89,88.39
712,2026-05-07 14:47:22,6,q5,0,11,350,15180,27289,212139,190788,399,524,0,943,0,6284,641973,0,0,8873293832,626443386,5005569020,0,0,78889327,1136,1136,0,1105456401,1105456401,0,0,1105456401,78889327,13.97,15.18
713,2026-05-07 14:47:38,6,q5a,0,14,355,14760,25839,202496,192932,397,540,0,1120,0,7410,642059,0,0,9345152864,626443386,5005569020,0,0,78892614,1146,1146,0,1105692639,1105692639,0,0,1105483887,78889180,13.72,14.76
714,2026-05-07 14:47:54,6,q6,0,13,162,2256,5330,33244,30248,285,360,0,576,0,2933,8436867,0,0,5221591328,291580486,1513408748,0,0,5131498,1975,1975,0,46269258,46269258,0,0,46269258,5131498,14.74,2.26
715,2026-05-07 14:47:58,6,q7,0,7,139,4691,4716,71809,61629,218,232,0,848,0,1982,1563358,0,0,10258232888,290152188,3733018764,0,0,741960,1802,1802,0,25969993,25969993,0,0,25969993,741960,15.31,4.69
716,2026-05-07 14:48:03,6,q8,0,10,146,2485,2462,32996,30702,166,230,0,432,0,563,9445062,0,0,9298835608,292026790,1468752280,0,0,50834,126,126,0,766619,766619,0,0,766619,50834,13.28,2.48
717,2026-05-07 14:48:07,6,q9,0,11,531,7683,37756,120289,113187,33,377,0,1088,0,110,219408,0,0,0,1440031995,8643368200,0,0,525,525,525,0,43295,43295,0,0,43295,525,15.66,7.68
718,2026-05-07 14:48:16,6,q10,0,13,300,2803,6369,38577,34703,113,266,0,512,0,4276,256640,0,0,5637359016,509942925,1176986144,0,0,21068747,2590,2590,0,77600073,77600073,0,0,77600073,21068747,13.76,2.8
719,2026-05-07 14:48:20,6,q10a,0,10,290,2237,3815,30733,29245,59,217,0,0,0,4244,306260,0,0,4672279792,508942925,1152738196,0,0,22779154,2740,2740,0,107512526,107512526,0,0,107512526,22779154,13.74,2.24
720,2026-05-07 14:48:23,6,q11,0,20,431,20915,65359,328837,260354,996,1017,3,3024,0,64243,588013,0,0,44791176400,650094389,4199900192,0,0,269945080,8343,8343,0,4443444874,4443444874,0,0,2965113310,191970515,15.72,20.92
721,2026-05-07 14:48:45,6,q12,0,6,65,1419,1360,15874,13708,66,81,0,0,0,1334,6520039,0,0,4753471800,72225613,541845796,0,0,218539,691,691,0,30886708,30886708,0,0,30886708,218539,11.19,1.42
722,2026-05-07 14:48:47,6,q13,0,7,129,5411,5529,80703,70890,61,110,0,1072,0,19,1749701,0,0,5580303960,290954790,4547889996,0,0,105,105,105,0,8286,8286,0,0,8286,105,14.91,5.41
723,2026-05-07 14:48:54,6,q14a,0,40,1232,102136,303542,1586003,515542,2131,2379,1,7308,0,1057529,2429660,0,0,48868027672,2016904500,12248886924,0,0,639521492,5955,5955,0,9126203471,9126203471,0,0,9111166440,639047728,15.53,102.14
724,2026-05-07 14:50:38,6,q14b,0,30,780,22127,36412,317485,298906,1361,1533,12,3392,0,13869,2429660,0,0,29351627872,1585185222,9024282320,0,0,135644755,4083,4083,0,525336067,525336067,0,0,525336067,135644755,14.35,22.13
725,2026-05-07 14:51:01,6,q14,0,29,774,19526,32114,283047,273871,1385,1574,0,3078,0,10667,2323166,0,0,29052095752,1585185222,9024282320,0,0,134753609,3832,3832,0,433106320,433106320,0,0,433106320,134753609,14.5,19.53
726,2026-05-07 14:51:22,6,q15,0,5,107,3143,2913,43105,40315,81,129,0,208,0,42,19031420,0,0,13031031584,147014124,755110092,0,0,2305,3,3,0,69877,69877,0,0,69877,2305,13.71,3.14
727,2026-05-07 14:51:26,6,q16,0,8,293,16431,55562,254148,182368,392,454,0,2132,0,66237,1270848,0,0,41785807200,303406100,1947854248,0,0,301125284,17100,17100,0,4308531096,4308531096,0,0,4308531096,301125284,15.47,16.43
728,2026-05-07 14:51:44,6,q17,0,14,249,7064,12511,98224,70042,685,643,76,1232,0,4325,13882585,0,0,6358661496,461086525,3051392260,0,0,28190115,2517,2517,0,601289420,601289420,0,0,601289420,28190115,13.9,7.06
729,2026-05-07 14:51:52,6,q18,0,9,148,3159,3125,38377,33914,213,239,0,288,0,318,17522991,0,0,20407531752,151059724,2467956252,0,0,547671,289,289,0,38073944,38073944,0,0,38073944,547671,12.15,3.16
730,2026-05-07 14:51:56,6,q18a,0,17,503,13425,39018,195118,167004,671,838,6,2205,0,1261,17760535,0,0,93113179144,730240220,11870209104,0,0,648686,387,387,0,41635018,41635018,0,0,41635018,648686,14.53,13.42
731,2026-05-07 14:52:11,6,q19,0,8,143,3708,3457,50335,44654,147,206,0,255,0,2374,19031420,0,0,23965705664,291230790,2425648524,0,0,104690,636,636,0,7065795,7065795,0,0,7065795,104690,13.57,3.71
732,2026-05-07 14:52:15,6,q20,0,6,92,1226,1135,13582,11633,90,113,8,0,0,31,6520039,0,0,2049998040,144218124,1027833352,0,0,61386,15,15,0,7314659,7314659,0,0,7314659,61386,11.08,1.23
733,2026-05-07 14:52:18,6,q21,0,6,41,2117,2106,27773,22432,36,50,0,0,0,45,166542,0,0,530336016,399554015,1160382340,0,0,224195,12,12,0,3707674,3707674,0,0,3707674,224195,13.12,2.12
734,2026-05-07 14:52:21,6,q22,0,6,55,117260,117162,613278,611310,72,82,0,781,0,291,9238108,0,0,3042269472,399554015,1155227504,0,0,3668633,170,170,0,157580403,157580403,0,0,157580403,3668633,5.23,117.26
735,2026-05-07 14:54:19,6,q22a,0,10,123,8470,9353,54530,50155,164,198,0,368,0,2995,9238108,0,0,12240902592,399554015,1155827588,0,0,3874870,672,672,0,196248694,196248694,0,0,50881482,1020746,6.44,8.47
736,2026-05-07 14:54:29,6,q23a,0,19,630,43169,72702,672601,650243,1075,1225,3,5216,0,27913,13148461,0,0,91179023240,1082298901,6118668000,0,0,236821663,18631,18631,0,6675910750,6675910750,0,0,6296400271,209386880,15.58,43.17
737,2026-05-07 14:55:13,6,q23b,0,22,664,45216,79290,699893,677805,1173,1295,13,4901,0,27778,13148461,0,0,104120547456,1084298901,6173560216,0,0,286169576,24529,24529,0,7489542086,7489542086,0,0,6352485292,211464383,15.48,45.22
738,2026-05-07 14:55:59,6,q24,0,14,197,4502,10907,65920,57524,609,629,0,480,0,4550,12972312,0,0,7305478504,320216803,2618685332,0,0,31568282,2072,2072,0,398343147,398343147,0,0,398343147,31568282,14.64,4.5
739,2026-05-07 14:56:05,6,q24a,0,21,351,10608,16148,144740,135879,947,1047,2,1824,0,9407,7938360,0,0,21018360104,608427191,4959679660,0,0,100579192,4982,4982,0,1807160549,1807160549,0,0,1449375004,69847453,13.64,10.61
740,2026-05-07 14:56:17,6,q24b,0,22,351,10702,19905,144457,126357,970,998,2,1568,0,18769,7938403,0,0,18322225928,608427191,4959679660,0,0,99830490,3056,3056,0,1783327822,1783327822,0,0,1425542277,69098751,13.5,10.7
741,2026-05-07 14:56:28,6,q25,0,14,249,6351,11861,93756,70984,529,620,10,768,0,5511,13882585,0,0,6009723240,461086525,4055330052,0,0,20197026,2496,2496,0,408400895,408400895,0,0,408400895,20197026,14.76,6.35
742,2026-05-07 14:56:36,6,q26,0,7,108,3357,3404,49666,39161,102,147,0,304,0,406,1563358,0,0,3714942048,146139924,1919763572,0,0,361199,198,198,0,11486221,11486221,0,0,11486221,361199,14.79,3.36
743,2026-05-07 14:56:40,6,q27,0,7,130,4512,4522,66318,54033,158,194,0,507,0,3369,1563401,0,0,9989019624,290151590,3428907568,0,0,176635,848,848,0,8312881,8312881,0,0,8312881,176635,14.7,4.51
744,2026-05-07 14:56:46,6,q27a,0,11,346,10576,21378,163393,153655,357,493,3,464,0,5176,1563358,0,0,7106799200,866368768,10230037392,0,0,180094,954,954,0,9455710,9455710,0,0,9455710,180094,15.45,10.58
745,2026-05-07 14:56:58,6,q28,0,18,709,13043,77280,205813,195200,737,920,1,1248,0,13425,307126,0,0,42865509472,1728038328,13433232336,0,0,4809294,7738,7738,0,78702022,78702022,0,0,78702022,4809294,15.78,13.04
746,2026-05-07 14:57:12,6,q29,0,17,258,10648,15929,144737,140668,691,718,1,967,0,6848,13882585,0,0,12510713656,461126525,3056000012,0,0,93232843,3583,3583,0,1605288823,1605288823,0,0,1605288823,93232843,13.59,10.65
747,2026-05-07 14:57:23,6,q30,0,13,142,2107,3317,24554,20020,119,158,0,0,0,1920,7971334,0,0,9356907168,18418778,375811060,0,0,6150626,386,386,0,281189152,281189152,0,0,281189152,6150626,11.65,2.11
748,2026-05-07 14:57:27,6,q31,0,20,471,8231,43536,125477,107631,430,568,1,1104,0,13701,15346734,0,0,40966251720,1081084003,5449888056,0,0,721398,1751,1751,0,23987492,23987492,0,0,23855718,719552,15.24,8.23
749,2026-05-07 14:57:36,6,q32,0,7,170,1918,3673,28402,26330,87,152,0,0,0,492,1335027,0,0,608193728,288212248,2025603596,0,0,350080,90,90,0,4605586,4605586,0,0,4605586,350080,14.81,1.92
750,2026-05-07 14:57:39,6,q33,0,9,249,4248,9761,63236,58144,264,353,0,448,0,3686,1857223,0,0,8735025360,505430125,4038723700,0,0,143486,256,256,0,3626941,3626941,0,0,3626941,143486,14.89,4.25
751,2026-05-07 14:57:44,6,q34,0,9,155,2062,2323,28239,26858,199,196,0,0,0,2220,576679,0,0,533173672,290033990,904315248,0,0,4031113,135,135,0,135788608,135788608,0,0,68700929,2031113,13.69,2.06
752,2026-05-07 14:57:47,6,q35,0,10,296,3994,7364,55903,49511,155,252,0,860,0,5142,23973682,0,0,15331014656,508942925,1150813076,0,0,57691365,3111,3111,0,112822186,112822186,0,0,112822186,57691365,14.0,3.99
753,2026-05-07 14:57:52,6,q35a,0,9,296,3628,5095,49155,44893,119,260,0,285,0,5079,23973682,0,0,14475377048,508942925,1150813076,0,0,57706997,3111,3111,0,112799702,112799702,0,0,112799702,57706997,13.55,3.63
754,2026-05-07 14:57:57,6,q36,0,6,113,3140,3078,44723,41701,117,164,0,272,0,1393,3716103,0,0,9362299000,288230790,3067523820,0,0,16736,106,106,0,1359762,1359762,0,0,1359762,16736,14.24,3.14
755,2026-05-07 14:58:01,6,q36a,0,9,118,3574,3534,49636,47474,122,168,0,554,0,1791,3716103,0,0,9901266872,288230790,3067523820,0,0,46259,321,321,0,3876412,3876412,0,0,1308296,15669,13.89,3.57
756,2026-05-07 14:58:06,6,q37,0,6,134,4928,8350,56926,49230,24,96,0,0,0,4116,171329,0,0,4902713048,543548124,1721036884,0,0,51928707,1383,1383,0,655187218,655187218,0,0,655187218,143994433,11.55,4.93
757,2026-05-07 14:58:12,6,q38,0,13,361,8618,22770,133097,122335,192,333,0,834,0,9136,403325,0,0,23379178504,506022125,1099168672,0,0,120819579,5015,5015,0,740269760,740269760,0,0,635129750,116819579,15.44,8.62
758,2026-05-07 14:58:22,6,q39a,0,11,123,4643,8362,55502,49864,220,222,2,465,0,1145,2464085,0,0,5429281480,798904015,2305814868,0,0,4703618,85,85,0,112366429,112366429,0,0,75919735,3173618,11.95,4.64
759,2026-05-07 14:58:27,6,q39b,0,11,122,4053,7339,47982,45792,173,227,0,576,0,561,1038243,0,0,5045830344,798904015,2305814868,0,0,4594459,85,85,0,109301092,109301092,0,0,72854398,3064459,11.84,4.05
760,2026-05-07 14:58:32,6,q40,0,8,162,14014,43695,203058,116493,91,157,0,1200,0,89734,510938,0,0,24442330840,158615961,1244668532,0,0,157478827,4755,4755,0,3042545985,3042545985,0,0,3042545985,157478827,14.49,14.01
761,2026-05-07 14:58:48,6,q41,0,4,10,228,197,269,197,11,11,0,0,0,11,24680,0,0,472399704,408000,16770304,0,0,292,2,2,0,19225,19225,0,0,19225,292,1.18,0.23
762,2026-05-07 14:58:49,6,q42,0,4,111,1760,1747,25679,24972,108,138,0,0,0,342,488479,0,0,4288306384,288230388,2115880004,0,0,1109,105,105,0,92568,92568,0,0,92568,1109,14.59,1.76
763,2026-05-07 14:58:52,6,q43,0,4,108,2190,2168,31664,29786,125,149,0,0,0,1516,488350,0,0,315741344,288026790,1173777864,0,0,12495,105,105,0,1420660,1420660,0,0,1420660,12495,14.46,2.19
764,2026-05-07 14:58:55,6,q44,0,8,249,3266,3433,48470,45712,184,276,0,560,0,2485,3433944,0,0,11327225512,576156776,3588195964,0,0,2617885,3497,3497,0,35187753,35187753,0,0,17600720,1309171,14.84,3.27
765,2026-05-07 14:58:59,6,q45,0,7,75,1547,1503,18214,15856,43,75,1,0,0,98,19031549,0,0,10271954264,75245613,598175976,0,0,182,39,39,0,17021,17021,0,0,17021,182,11.77,1.55
766,2026-05-07 14:59:02,6,q46,0,9,154,3908,3939,55102,51605,171,223,0,496,0,3264,13515525,0,0,10309463920,291033990,2223902720,0,0,2097512,545,545,0,69785439,69785439,0,0,69785439,2097512,14.1,3.91
767,2026-05-07 14:59:07,6,q47,0,11,173,5823,6883,84089,78924,223,272,0,560,0,5308,4612594,0,0,15111114072,288230790,2006537708,0,0,20926697,4017,4017,0,817469691,817469691,0,0,418128051,10695182,14.44,5.82
768,2026-05-07 14:59:14,6,q48,0,6,128,6837,6907,103176,98837,76,130,0,2176,0,59,2200929,0,0,5464862760,290947590,2722619648,0,0,105,105,105,0,6195,6195,0,0,6195,105,15.09,6.84
769,2026-05-07 14:59:22,6,q49,0,20,350,9760,35599,149362,134503,392,531,0,1616,0,11037,2329460,0,0,6933719544,554439913,6510148172,0,0,86104358,305,305,0,1847293817,1847293817,0,0,1847293817,86104358,15.3,9.76
770,2026-05-07 14:59:32,6,q50,0,10,232,44084,184069,674327,153603,287,394,0,1271,0,502184,1278788,0,0,40984956952,316921450,1887349860,0,0,265637490,12304,12304,0,5977261864,5977261864,0,0,5977261864,265637490,15.3,44.08
771,2026-05-07 15:00:18,6,q51,0,10,249,17124,25576,236061,208280,297,376,0,912,0,29729,400838,0,0,30177909632,360028001,2405095048,0,0,173932465,3927,3927,0,2938966138,2938966138,0,0,2938966138,173932465,13.79,17.12
772,2026-05-07 15:00:36,6,q51a,0,14,320,252608,295106,3277906,3204548,535,602,13,20855,0,34649,540320,0,0,74335529632,360028001,2405095048,0,0,314001497,4967,4967,0,5206297389,5206297389,0,0,3937775893,247608234,12.98,252.61
773,2026-05-07 15:04:49,6,q52,0,5,114,1902,1887,27565,25952,138,152,0,400,0,2042,489253,0,0,4423048352,288230388,2116207684,0,0,57548,318,318,0,3289370,3289370,0,0,3289370,57548,14.49,1.9
774,2026-05-07 15:04:52,6,q53,0,6,118,2361,2348,33335,31366,116,162,0,0,0,2905,576593,0,0,884987736,288230790,2007344620,0,0,332514,636,636,0,7035336,7035336,0,0,7035336,332514,14.12,2.36
775,2026-05-07 15:04:56,6,q54,0,17,283,3897,5730,56658,51198,479,560,2,880,0,2929,19031420,0,0,14702408224,507412625,2622518220,0,0,8236026,1891,1891,0,80387756,80387756,0,0,80387756,8236026,14.54,3.9
776,2026-05-07 15:05:01,6,q55,0,5,113,1944,1937,27990,26729,120,145,0,0,0,2060,488393,0,0,7375575168,288230388,2116207684,0,0,43654,212,212,0,2555880,2555880,0,0,2555880,43654,14.4,1.94
777,2026-05-07 15:05:04,6,q56,0,9,248,3861,8984,56727,52332,243,336,5,336,0,3349,1857223,0,0,7099010904,505430125,4038924404,0,0,78499,150,150,0,2882312,2882312,0,0,2882312,78499,14.69,3.86
778,2026-05-07 15:05:09,6,q57,0,11,155,2888,3684,37476,32432,270,240,0,70,0,2465,4612938,0,0,9768835904,144218154,959887816,0,0,1882447,1298,1298,0,76815267,76815267,0,0,53026285,1287630,12.98,2.89
779,2026-05-07 15:05:13,6,q58,0,10,251,4272,10356,64593,60218,286,355,0,752,0,3904,1563358,0,0,20030826128,504372223,3662699540,0,0,2379510,2483,2483,0,36179249,36179249,0,0,36179249,2379510,15.12,4.27
780,2026-05-07 15:05:18,6,q59,0,16,256,5468,10016,73348,67865,371,444,4,272,0,7214,720926,0,0,16799977256,576239678,2355681696,0,0,2240280,3606,3606,0,74284634,74284634,0,0,74284634,2240280,13.41,5.47
781,2026-05-07 15:05:25,6,q60,0,9,254,4403,9889,65598,62381,266,362,0,320,0,2958,1857223,0,0,13971196952,505430125,4038858868,0,0,554294,721,721,0,10718884,10718884,0,0,10718884,554294,14.9,4.4
782,2026-05-07 15:05:30,6,q61,0,10,244,5705,8875,83589,79427,29,167,0,256,0,35,19031420,0,0,23648525880,579238178,5161403224,0,0,210,210,210,0,12389,12389,0,0,12389,210,14.65,5.7
783,2026-05-07 15:05:37,6,q62,0,6,45,1292,1296,18203,16378,45,63,0,0,0,651,253320,0,0,245764904,72021672,334689868,0,0,14400,40,40,0,1319317,1319317,0,0,1319317,14400,14.09,1.29
784,2026-05-07 15:05:39,6,q63,0,6,115,2367,2342,33732,31274,138,164,0,544,0,2975,577969,0,0,817026928,288230790,2007283180,0,0,123499,318,318,0,3374401,3374401,0,0,3374401,123499,14.25,2.37
785,2026-05-07 15:05:43,6,q64,0,35,503,26826,87359,407280,391004,1345,1397,14,2496,0,14054,54398066,0,0,52018313664,768696804,9629621484,0,0,228688940,5285,5285,0,3404318393,3404318393,0,0,2982973221,193590051,15.18,26.83
786,2026-05-07 15:06:11,6,q65,0,10,286,16715,32808,252852,170670,339,403,11,800,0,88568,18324921,0,0,24622340176,576237178,3993504392,0,0,123917656,3655,3655,0,3689155911,3689155911,0,0,3689155911,123917656,15.13,16.72
787,2026-05-07 15:06:29,6,q66,0,8,127,4032,5299,55942,36511,214,268,0,288,0,345,499201,0,0,4724854960,216055772,2093674428,0,0,885,59,59,0,423776,423776,0,0,423776,885,13.87,4.03
788,2026-05-07 15:06:34,6,q67,0,7,320,134130,134043,2086045,753252,405,528,0,6112,0,1279450,9238108,0,0,75568267552,288230790,2272919624,0,0,145428382,22608,22608,0,11061191743,11061191743,0,0,11061191743,145428382,15.55,134.13
789,2026-05-07 15:08:49,6,q67a,0,15,801,104087,358190,1617934,1111269,1993,2089,0,5611,0,475962,9238108,0,0,222642866528,288230790,2272919624,0,0,549297854,69483,69483,0,42296108441,42296108441,0,0,8661959985,122569230,15.54,104.09
790,2026-05-07 15:10:34,6,q68,0,9,150,4762,4812,68018,60314,172,228,0,256,0,1673,13515525,0,0,9492134576,291033990,3513999360,0,0,2022736,125,125,0,65910392,65910392,0,0,65910392,2022736,14.28,4.76
791,2026-05-07 15:10:40,6,q69,0,9,279,2535,5527,35777,30638,61,195,1,656,0,5280,28676375,0,0,10694197760,508942925,1152082836,0,0,16091419,2703,2703,0,47414103,47414103,0,0,47414103,16091419,14.11,2.54
792,2026-05-07 15:10:44,6,q70,0,9,217,4478,4445,64639,62646,254,328,6,208,0,771,1110328,0,0,7879371184,576033580,2769010512,0,0,3361,212,212,0,248560,248560,0,0,248560,3361,14.43,4.48
793,2026-05-07 15:10:49,6,q70a,0,12,222,3877,3787,54852,53300,253,337,5,168,0,731,1104276,0,0,1304800336,576033580,2769010512,0,0,4230,427,427,0,360133,360133,0,0,173273,2340,14.15,3.88
794,2026-05-07 15:10:54,6,q71,0,7,245,3839,3772,55718,50855,348,399,4,300,0,3766,2159461,0,0,4787737728,504266125,3881955576,0,0,276632,1800,1800,0,14492621,14492621,0,0,8305093,169066,14.51,3.84
795,2026-05-07 15:10:59,6,q72,0,15,386,231866,422944,3625489,2286625,525,654,2,3056,0,1319584,13148461,0,0,82523784096,560021059,2681504060,0,0,537663712,26076,26076,0,9674720401,9674720401,0,0,9674720401,537663712,15.64,231.87
796,2026-05-07 15:14:52,6,q73,0,9,155,1952,2209,26684,25088,137,185,0,240,0,1717,577410,0,0,528883792,290033990,904315248,0,0,4016581,135,135,0,135105335,135105335,0,0,68017656,2016581,13.67,1.95
797,2026-05-07 15:14:55,6,q74,0,20,425,16193,52165,254166,231383,898,967,0,1872,0,13196,588013,0,0,43804974688,650094389,3337614368,0,0,269945080,7941,7941,0,2942491205,2942491205,0,0,2069353558,191970515,15.7,16.19
798,2026-05-07 15:15:12,6,q75,0,20,606,16169,57973,249940,229548,277,601,4,2256,0,14521,427790,0,0,24682165216,1058647072,9180335472,0,0,140054991,4858,4858,0,3124854319,3124854319,0,0,2106972811,89656169,15.46,16.17
799,2026-05-07 15:15:30,6,q76,0,5,233,3756,3714,56777,52103,289,351,4,224,0,2587,1834613,0,0,18623056768,503804997,3936608940,0,0,30478,452,452,0,2480090,2480090,0,0,2480090,30478,15.12,3.76
800,2026-05-07 15:15:34,6,q77,0,14,293,4746,23327,70910,65792,278,364,0,544,0,3004,489855,0,0,1301698440,554423389,4519787444,0,0,79732,195,195,0,2924827,2924827,0,0,2924827,79732,14.94,4.75
801,2026-05-07 15:15:40,6,q77a,0,17,298,5008,23781,72810,66738,305,383,0,432,0,3675,488866,0,0,1907775144,554423389,4519787444,0,0,79963,207,207,0,3090403,3090403,0,0,2919791,77489,14.54,5.01
802,2026-05-07 15:15:46,6,q78,0,14,501,98702,372149,1551019,458476,704,880,0,3520,0,1037547,1064800,0,0,94462501856,554440947,5870412356,0,0,406636630,22041,22041,0,11365250369,11365250369,0,0,11365250369,406636630,15.71,98.7
803,2026-05-07 15:17:26,6,q79,0,8,158,3943,4160,58513,54964,210,240,1,352,0,3908,577496,0,0,10973653424,290033990,2194944544,0,0,3605127,2261,2261,0,110536843,110536843,0,0,110536843,3605127,14.84,3.94
804,2026-05-07 15:17:31,6,q80,0,23,464,85159,347792,1345522,406699,1085,1209,0,2576,0,919070,1105102,0,0,54884401176,554871773,7008068448,0,0,265494090,13408,13408,0,7544333779,7544333779,0,0,7544333779,265494090,15.8,85.16
805,2026-05-07 15:18:58,6,q80a,0,26,469,75042,297884,1183082,397610,1131,1233,9,2672,0,773487,1105188,0,0,55356260208,554871773,7008068448,0,0,265493762,13423,13423,0,7544502071,7544502071,0,0,7544280371,265491832,15.77,75.04
806,2026-05-07 15:20:14,6,q81,0,13,163,2609,4082,31211,27052,208,222,0,0,0,2439,7971334,0,0,13574738872,32815644,493120964,0,0,11352561,1105,1105,0,248755021,248755021,0,0,248755021,11352561,11.96,2.61
807,2026-05-07 15:20:18,6,q82,0,8,148,2912,4048,37914,32521,237,307,5,224,0,602,230032,0,0,201963240,687764388,2330593528,0,0,40831,112,112,0,228724,228724,0,0,228724,40831,13.02,2.91
808,2026-05-07 15:20:21,6,q83,0,10,70,1314,2858,15307,11700,58,77,0,208,0,838,1563358,0,0,3577569720,50821969,408870628,0,0,400795,58,58,0,5436397,5436397,0,0,5436397,400795,11.65,1.31
809,2026-05-07 15:20:24,6,q84,0,9,74,1419,2436,12785,11380,39,60,0,0,0,571,9716301,0,0,1313097696,33729631,260505488,0,0,27798549,39,39,0,145670742,145670742,0,0,145670742,27798549,9.01,1.42
810,2026-05-07 15:20:26,6,q85,0,10,111,3538,6594,50510,44879,77,125,0,1616,0,1726,16953813,0,0,9166144312,84064697,1148586096,0,0,9151985,867,867,0,340232586,340232586,0,0,340232586,9151985,14.28,3.54
811,2026-05-07 15:20:31,6,q86,0,5,47,1264,1207,16441,14732,43,57,0,0,0,730,3716103,0,0,3607813520,72225613,530286884,0,0,7501,41,41,0,521171,521171,0,0,521171,7501,13.01,1.26
812,2026-05-07 15:20:33,6,q86a,0,8,52,1072,1005,12374,11467,48,62,0,0,0,630,3716103,0,0,4146781072,72225613,530286884,0,0,20456,126,126,0,1499880,1499880,0,0,514832,7068,11.54,1.07
813,2026-05-07 15:20:35,6,q87,0,13,361,8495,22282,130779,121176,185,337,0,1008,0,8139,404013,0,0,23379178504,506022125,1099168672,0,0,120819579,5015,5015,0,740269760,740269760,0,0,635129750,116819579,15.39,8.49
814,2026-05-07 15:20:45,6,q88,0,26,858,8173,57095,127598,122931,22,509,0,512,0,134,241434,0,0,2705525760,2304258706,5004945128,0,0,840,840,840,0,49558,49558,0,0,49558,840,15.61,8.17
815,2026-05-07 15:20:54,6,q89,0,6,128,2687,2660,38747,36207,133,183,0,320,0,2971,577367,0,0,8715356488,288230790,2006943212,0,0,470930,1696,1696,0,22676235,22676235,0,0,22676235,470930,14.42,2.69
816,2026-05-07 15:20:58,6,q90,0,8,86,770,1190,10942,10401,3,46,0,0,0,11,91809,0,0,259051520,144052466,449798300,0,0,80,80,80,0,4720,4720,0,0,4720,80,14.21,0.77
817,2026-05-07 15:21:00,6,q91,0,10,61,915,898,5683,5200,40,57,1,0,0,7,38453691,0,0,3695004344,19345852,255124852,0,0,134,5,5,0,19839,19839,0,0,11750,82,6.21,0.92
818,2026-05-07 15:21:02,6,q92,0,7,103,1606,2431,23046,18402,86,106,0,315,0,1874,771374,0,0,3957955072,144227226,1056413764,0,0,1672198,696,696,0,21434447,21434447,0,0,21434447,1672198,14.35,1.61
819,2026-05-07 15:21:04,6,q93,0,8,338,67281,161544,1058116,369866,557,597,21,69882,0,659859,2213128,0,0,68145363512,316808109,2544387116,0,0,288995290,26212,26212,0,7314530014,7314530014,0,0,7314530014,288995290,15.73,67.28
820,2026-05-07 15:22:13,6,q94,0,8,153,7922,21075,117997,97664,167,191,0,3420,0,9388,509440,0,0,16630437440,152222639,965260140,0,0,151171114,3640,3640,0,2240321543,2240321543,0,0,2240321543,151171114,14.89,7.92
821,2026-05-07 15:22:22,6,q95,0,8,180,24896,37390,376308,314202,440,374,0,11962,0,9707,939608,0,0,49888658408,152222639,937587564,0,0,367104120,14137,14137,0,3290949327,3290949327,0,0,1995058746,151153176,15.12,24.9
822,2026-05-07 15:22:48,6,q96,0,5,109,1063,1063,15531,14139,1,60,0,96,0,15,241391,0,0,335583360,288033990,627415888,0,0,105,105,105,0,6194,6194,0,0,6194,105,14.61,1.06
823,2026-05-07 15:22:50,6,q97,0,5,204,13039,16755,175100,151097,245,296,0,2768,0,10586,404278,0,0,25362705944,432020512,2139985352,0,0,83874967,2091,2091,0,961496197,961496197,0,0,961496197,83874967,13.43,13.04
824,2026-05-07 15:23:04,6,q98,0,7,136,3081,2968,41165,31551,192,202,7,1136,0,4285,6562517,0,0,10869479536,288230388,2130541032,0,0,784257,1896,1896,0,107666178,107666178,0,0,103671552,753714,13.36,3.08
825,2026-05-07 15:23:08,6,q99,0,7,87,1914,1906,24962,22254,92,121,0,688,0,386,501437,0,0,1632383928,144014189,512709324,0,0,32599,50,50,0,2191785,2191785,0,0,2191785,32599,13.04,1.91
826,2026-05-07 15:23:11,7,q1,0,10,106,1802,3071,26151,23370,132,142,0,368,0,1734,20277818,0,0,9109609000,59623624,615605636,0,0,16217529,561,561,0,253429265,253429265,0,0,253429265,16217529,14.51,1.8
827,2026-05-07 15:23:14,7,q2,0,9,128,3114,3047,44379,40383,142,182,0,985,0,1224,751663,0,0,879498664,216108786,928213424,0,0,35347,362,362,0,2673870,2673870,0,0,901000,13701,14.25,3.11
828,2026-05-07 15:23:18,7,q3,0,5,113,2114,2100,30586,28616,109,142,0,432,0,2687,489726,0,0,411713488,288283437,2116269124,0,0,43415,212,212,0,2742950,2742950,0,0,2742950,43415,14.47,2.11
829,2026-05-07 15:23:21,7,q4,0,25,714,58609,290086,928361,689309,1935,1824,3,13035,0,191753,763912,0,0,115346137600,794088513,10209753124,0,0,566100624,26059,26059,0,14421838771,14421838771,0,0,8530911104,341212705,15.84,58.61
830,2026-05-07 15:24:21,7,q5,0,11,350,15652,29491,220338,194842,425,543,4,3926,0,9886,643736,0,0,8873293832,626443386,5005569020,0,0,78889327,1136,1136,0,1105456401,1105456401,0,0,1105456401,78889327,14.08,15.65
831,2026-05-07 15:24:38,7,q5a,0,14,355,15267,28683,211320,194496,473,555,0,3276,0,7168,643736,0,0,9345152864,626443386,5005569020,0,0,78892614,1146,1146,0,1105692639,1105692639,0,0,1105483887,78889180,13.84,15.27
832,2026-05-07 15:24:54,7,q6,0,13,162,2514,5876,36977,30686,316,368,0,1856,0,3297,8436867,0,0,5221591328,291580486,1513408748,0,0,5131498,1975,1975,0,46269258,46269258,0,0,46269258,5131498,14.71,2.51
833,2026-05-07 15:24:58,7,q7,0,7,139,4461,4497,67304,62005,195,209,0,976,0,2212,1563358,0,0,10258232888,290152188,3733018764,0,0,741960,1802,1802,0,25969993,25969993,0,0,25969993,741960,15.09,4.46
834,2026-05-07 15:25:03,7,q8,0,10,146,2884,3066,39199,37314,167,230,0,352,0,575,9445062,0,0,9298835608,292026790,1468752280,0,0,50834,126,126,0,766619,766619,0,0,766619,50834,13.59,2.88
835,2026-05-07 15:25:07,7,q9,0,11,531,7961,39282,124671,115148,92,388,0,1385,0,99,220182,0,0,0,1440031995,8643368200,0,0,525,525,525,0,43295,43295,0,0,43295,525,15.66,7.96
836,2026-05-07 15:25:16,7,q10,0,13,300,2983,6960,41997,37498,105,267,15,688,0,4879,255952,0,0,5637359016,509942925,1176986144,0,0,21068747,2590,2590,0,77600073,77600073,0,0,77600073,21068747,14.08,2.98
837,2026-05-07 15:25:20,7,q10a,0,10,290,2285,3825,31668,28637,74,215,0,560,0,4152,306991,0,0,4672279792,508942925,1152738196,0,0,22779154,2740,2740,0,107512526,107512526,0,0,107512526,22779154,13.86,2.28
838,2026-05-07 15:25:24,7,q11,0,20,431,17735,55395,277124,254688,974,1019,4,5152,0,15928,588013,0,0,44791176400,650094389,4199900192,0,0,269945080,8343,8343,0,4443444874,4443444874,0,0,2965113310,191970515,15.63,17.74
839,2026-05-07 15:25:42,7,q12,0,6,65,1224,1141,14225,10246,73,84,0,112,0,1938,6520039,0,0,4753471800,72225613,541845796,0,0,218539,691,691,0,30886708,30886708,0,0,30886708,218539,11.62,1.22
840,2026-05-07 15:25:45,7,q13,0,7,129,5378,5516,80104,74614,70,117,3,1385,0,43,1749701,0,0,5580303960,290954790,4547889996,0,0,105,105,105,0,8286,8286,0,0,8286,105,14.89,5.38
841,2026-05-07 15:25:51,7,q14a,0,40,1232,51746,151336,777856,521300,2187,2454,0,7225,0,255352,2429660,0,0,48868027672,2016904500,12248886924,0,0,639521492,5955,5955,0,9126203471,9126203471,0,0,9111166440,639047728,15.03,51.75
842,2026-05-07 15:26:45,7,q14b,0,30,780,22434,36022,322838,296080,1477,1614,1,4846,0,16610,2429660,0,0,29351627872,1585185222,9024282320,0,0,135644755,4083,4083,0,525336067,525336067,0,0,525336067,135644755,14.39,22.43
843,2026-05-07 15:27:09,7,q14,0,29,774,20417,34151,298070,268957,1648,1624,0,11304,0,12126,2323166,0,0,29052095752,1585185222,9024282320,0,0,134753609,3832,3832,0,433106320,433106320,0,0,433106320,134753609,14.6,20.42
844,2026-05-07 15:27:30,7,q15,0,5,107,3246,3000,43605,41122,86,138,0,384,0,41,19031463,0,0,13031031584,147014124,755110092,0,0,2305,3,3,0,69877,69877,0,0,69877,2305,13.43,3.25
845,2026-05-07 15:27:34,7,q16,0,8,293,13583,36021,207769,189300,271,400,12,5620,0,13488,1273428,0,0,41785807200,303406100,1947854248,0,0,301125284,17100,17100,0,4308531096,4308531096,0,0,4308531096,301125284,15.3,13.58
846,2026-05-07 15:27:49,7,q17,0,14,249,5639,9968,80904,73845,750,685,1,2240,0,4959,13882585,0,0,6358661496,461086525,3051392260,0,0,28190115,2517,2517,0,601289420,601289420,0,0,601289420,28190115,14.35,5.64
847,2026-05-07 15:27:56,7,q18,0,9,148,3344,3507,46180,41029,236,235,0,996,0,322,17523636,0,0,20407531752,151059724,2467956252,0,0,547671,289,289,0,38073944,38073944,0,0,38073944,547671,13.81,3.34
848,2026-05-07 15:28:00,7,q18a,0,17,503,11735,35043,178246,167549,718,852,1,1645,0,1256,17760449,0,0,93113179144,730240220,11870209104,0,0,648686,387,387,0,41635018,41635018,0,0,41635018,648686,15.19,11.74
849,2026-05-07 15:28:13,7,q19,0,8,143,3195,3037,43494,40665,138,202,0,208,0,1681,19031420,0,0,23965705664,291230790,2425648524,0,0,104690,636,636,0,7065795,7065795,0,0,7065795,104690,13.61,3.2
850,2026-05-07 15:28:17,7,q20,0,6,92,1315,1258,15727,14971,93,119,0,0,0,30,6520039,0,0,2049998040,144218124,1027833352,0,0,61386,15,15,0,7314659,7314659,0,0,7314659,61386,11.96,1.32
851,2026-05-07 15:28:20,7,q21,0,6,41,2266,2252,31675,23115,38,52,0,496,0,45,167359,0,0,530336016,399554015,1160382340,0,0,224195,12,12,0,3707674,3707674,0,0,3707674,224195,13.98,2.27
852,2026-05-07 15:28:23,7,q22,0,6,55,112948,112872,609911,607443,150,88,0,861,0,296,9238108,0,0,3042269472,399554015,1155227504,0,0,3668633,170,170,0,157580403,157580403,0,0,157580403,3668633,5.4,112.95
853,2026-05-07 15:30:17,7,q22a,0,10,123,5667,6459,50856,47590,163,204,0,50,0,2644,9238108,0,0,12240902592,399554015,1155827588,0,0,3874870,672,672,0,196248694,196248694,0,0,50881482,1020746,8.97,5.67
854,2026-05-07 15:30:24,7,q23a,0,19,630,43270,73404,672974,650871,1228,1258,7,6712,0,25069,13148461,0,0,91179023240,1082298901,6118668000,0,0,236821663,18631,18631,0,6675910750,6675910750,0,0,6296400271,209386880,15.55,43.27
855,2026-05-07 15:31:08,7,q23b,0,22,664,45314,79652,700628,675740,1308,1344,2,6946,0,27875,13148461,0,0,104120547456,1084298901,6173560216,0,0,286169576,24529,24529,0,7489542086,7489542086,0,0,6352485292,211464383,15.46,45.31
856,2026-05-07 15:31:55,7,q24,0,14,197,4338,10475,63245,56526,760,651,4,1248,0,4120,12971968,0,0,7305478504,320216803,2618685332,0,0,31568282,2072,2072,0,398343147,398343147,0,0,398343147,31568282,14.58,4.34
857,2026-05-07 15:32:00,7,q24a,0,21,351,10587,16080,143555,135413,1020,1048,4,2880,0,8912,7938403,0,0,21018360104,608427191,4959679660,0,0,100579192,4982,4982,0,1807160549,1807160549,0,0,1449375004,69847453,13.56,10.59
858,2026-05-07 15:32:12,7,q24b,0,22,351,10179,15911,135302,127401,1118,1037,1,2259,0,8951,7938489,0,0,18322225928,608427191,4959679660,0,0,99830490,3056,3056,0,1783327822,1783327822,0,0,1425542277,69098751,13.29,10.18
859,2026-05-07 15:32:23,7,q25,0,14,249,5403,10076,79280,75732,616,685,1,1273,0,3667,13882585,0,0,6009723240,461086525,4055330052,0,0,20197026,2496,2496,0,408400895,408400895,0,0,408400895,20197026,14.67,5.4
860,2026-05-07 15:32:29,7,q26,0,7,108,2120,2163,30333,28283,116,161,0,256,0,323,1563358,0,0,3714942048,146139924,1919763572,0,0,361199,198,198,0,11486221,11486221,0,0,11486221,361199,14.31,2.12
861,2026-05-07 15:32:33,7,q27,0,7,130,4208,4227,61702,58020,154,208,0,848,0,2169,1563358,0,0,9989019624,290151590,3428907568,0,0,176635,848,848,0,8312881,8312881,0,0,8312881,176635,14.66,4.21
862,2026-05-07 15:32:38,7,q27a,0,11,346,11349,22856,176028,167125,338,479,0,1205,0,5176,1563358,0,0,7106799200,866368768,10230037392,0,0,180094,954,954,0,9455710,9455710,0,0,9455710,180094,15.51,11.35
863,2026-05-07 15:32:50,7,q28,0,18,709,13316,78946,210318,196681,694,889,0,1488,0,14534,307341,0,0,42865509472,1728038328,13433232336,0,0,4809294,7738,7738,0,78702022,78702022,0,0,78702022,4809294,15.79,13.32
864,2026-05-07 15:33:05,7,q29,0,17,258,10931,16480,149547,143788,689,717,3,1440,0,6920,13882585,0,0,12510713656,461126525,3056000012,0,0,93232843,3583,3583,0,1605288823,1605288823,0,0,1605288823,93232843,13.68,10.93
865,2026-05-07 15:33:17,7,q30,0,13,142,1693,2892,21660,19212,143,164,2,0,0,2024,7971377,0,0,9356907168,18418778,375811060,0,0,6150626,386,386,0,281189152,281189152,0,0,281189152,6150626,12.79,1.69
866,2026-05-07 15:33:19,7,q31,0,20,471,7673,40137,116178,104772,450,581,0,1344,0,13733,15346734,0,0,40966251720,1081084003,5449888056,0,0,721398,1751,1751,0,23987492,23987492,0,0,23855718,719552,15.14,7.67
867,2026-05-07 15:33:28,7,q32,0,7,170,1813,3465,26776,25650,98,154,0,256,0,541,1335027,0,0,608193728,288212248,2025603596,0,0,350080,90,90,0,4605586,4605586,0,0,4605586,350080,14.77,1.81
868,2026-05-07 15:33:31,7,q33,0,9,249,4011,9270,59474,54982,253,342,0,688,0,3493,1857223,0,0,8735025360,505430125,4038723700,0,0,143486,256,256,0,3626941,3626941,0,0,3626941,143486,14.83,4.01
869,2026-05-07 15:33:36,7,q34,0,9,155,2110,2403,29255,27679,154,190,0,192,0,2370,577410,0,0,533173672,290033990,904315248,0,0,4031113,135,135,0,135788608,135788608,0,0,68700929,2031113,13.86,2.11
870,2026-05-07 15:33:39,7,q35,0,10,296,4071,7251,56772,49805,146,249,0,448,0,5544,23973811,0,0,15331014656,508942925,1150813076,0,0,57691365,3111,3111,0,112822186,112822186,0,0,112822186,57691365,13.95,4.07
871,2026-05-07 15:33:44,7,q35a,0,9,296,3676,5260,50051,45447,117,258,1,942,0,4946,23973725,0,0,14475377048,508942925,1150813076,0,0,57706997,3111,3111,0,112799702,112799702,0,0,112799702,57706997,13.62,3.68
872,2026-05-07 15:33:49,7,q36,0,6,113,3395,3336,48532,45344,114,163,1,624,0,1734,3716103,0,0,9362299000,288230790,3067523820,0,0,16736,106,106,0,1359762,1359762,0,0,1359762,16736,14.3,3.4
873,2026-05-07 15:33:54,7,q36a,0,9,118,3273,3227,45135,42543,130,164,0,336,0,1595,3716103,0,0,9901266872,288230790,3067523820,0,0,46259,321,321,0,3876412,3876412,0,0,1308296,15669,13.79,3.27
874,2026-05-07 15:33:58,7,q37,0,6,134,4854,8483,55621,52644,27,95,0,784,0,4384,171974,0,0,4902713048,543548124,1721036884,0,0,51928707,1383,1383,0,655187218,655187218,0,0,655187218,143994433,11.46,4.85
875,2026-05-07 15:34:04,7,q38,0,13,361,8209,21535,126612,116719,167,343,3,1178,0,7748,404013,0,0,23379178504,506022125,1099168672,0,0,120819579,5015,5015,0,740269760,740269760,0,0,635129750,116819579,15.42,8.21
876,2026-05-07 15:34:13,7,q39a,0,11,123,4489,8079,54983,50640,228,228,0,432,0,1113,2464085,0,0,5429281480,798904015,2305814868,0,0,4703618,85,85,0,112366429,112366429,0,0,75919735,3173618,12.25,4.49
877,2026-05-07 15:34:19,7,q39b,0,11,122,4077,7392,49013,46878,189,221,0,272,0,488,1038243,0,0,5045830344,798904015,2305814868,0,0,4594459,85,85,0,109301092,109301092,0,0,72854398,3064459,12.02,4.08
878,2026-05-07 15:34:24,7,q40,0,8,162,8521,22548,123482,116642,104,174,0,2596,0,9795,511927,0,0,24442330840,158615961,1244668532,0,0,157478827,4755,4755,0,3042545985,3042545985,0,0,3042545985,157478827,14.49,8.52
879,2026-05-07 15:34:33,7,q41,0,4,10,218,189,253,202,11,11,0,0,0,11,24680,0,0,472399704,408000,16770304,0,0,292,2,2,0,19225,19225,0,0,19225,292,1.16,0.22
880,2026-05-07 15:34:35,7,q42,0,4,111,1777,1764,25907,24455,113,141,0,128,0,1084,489124,0,0,4288306384,288230388,2115880004,0,0,1109,105,105,0,92568,92568,0,0,92568,1109,14.58,1.78
881,2026-05-07 15:34:38,7,q43,0,4,108,2383,2362,35243,33737,116,153,0,272,0,1096,489769,0,0,315741344,288026790,1173777864,0,0,12495,105,105,0,1420660,1420660,0,0,1420660,12495,14.79,2.38
882,2026-05-07 15:34:41,7,q44,0,8,249,3388,3547,50381,46547,184,275,0,357,0,2540,3433901,0,0,11327225512,576156776,3588195964,0,0,2617885,3497,3497,0,35187753,35187753,0,0,17600720,1309171,14.87,3.39
883,2026-05-07 15:34:45,7,q45,0,7,75,1629,1639,19529,18469,45,77,0,0,0,102,19031420,0,0,10271954264,75245613,598175976,0,0,182,39,39,0,17021,17021,0,0,17021,182,11.99,1.63
884,2026-05-07 15:34:48,7,q46,0,9,154,4096,4358,57763,55122,201,226,2,896,0,2273,13515568,0,0,10309463920,291033990,2223902720,0,0,2097512,545,545,0,69785439,69785439,0,0,69785439,2097512,14.1,4.1
885,2026-05-07 15:34:53,7,q47,0,11,173,5755,6745,82829,78718,223,268,0,244,0,5003,4612594,0,0,15111114072,288230790,2006537708,0,0,20926697,4017,4017,0,817469691,817469691,0,0,418128051,10695182,14.39,5.76
886,2026-05-07 15:35:00,7,q48,0,6,128,6763,6845,102001,97899,83,137,0,2176,0,35,2200972,0,0,5464862760,290947590,2722619648,0,0,105,105,105,0,6195,6195,0,0,6195,105,15.08,6.76
887,2026-05-07 15:35:08,7,q49,0,20,350,8961,33146,137356,128812,385,528,0,3296,0,10035,2329460,0,0,6933719544,554439913,6510148172,0,0,86104358,305,305,0,1847293817,1847293817,0,0,1847293817,86104358,15.33,8.96
888,2026-05-07 15:35:18,7,q50,0,10,232,20891,70930,293393,170449,336,405,1,1563,0,130184,1279347,0,0,40984956952,316921450,1887349860,0,0,265637490,12304,12304,0,5977261864,5977261864,0,0,5977261864,265637490,14.04,20.89
889,2026-05-07 15:35:40,7,q51,0,10,249,34158,53962,480122,189080,398,363,0,1250,0,295642,400623,0,0,30177909632,360028001,2405095048,0,0,173932465,3927,3927,0,2938966138,2938966138,0,0,2938966138,173932465,14.06,34.16
890,2026-05-07 15:36:15,7,q51a,0,14,320,249370,291965,3258156,3190339,1079,609,0,26145,0,19461,540320,0,0,74335529632,360028001,2405095048,0,0,314001497,4967,4967,0,5206297389,5206297389,0,0,3937775893,247608234,13.07,249.37
891,2026-05-07 15:40:26,7,q52,0,5,114,1913,1897,27976,26706,115,152,0,304,0,1779,489898,0,0,4423048352,288230388,2116207684,0,0,57548,318,318,0,3289370,3289370,0,0,3289370,57548,14.62,1.91
892,2026-05-07 15:40:29,7,q53,0,6,118,2265,2245,32217,30524,129,171,0,205,0,2837,577840,0,0,884987736,288230790,2007344620,0,0,332514,636,636,0,7035336,7035336,0,0,7035336,332514,14.22,2.26
893,2026-05-07 15:40:32,7,q54,0,17,283,3848,5738,56398,51922,465,549,0,1344,0,3116,19031420,0,0,14702408224,507412625,2622518220,0,0,8236026,1891,1891,0,80387756,80387756,0,0,80387756,8236026,14.66,3.85
894,2026-05-07 15:40:37,7,q55,0,5,113,2094,2080,30759,28785,114,147,2,256,0,2324,489812,0,0,7375575168,288230388,2116207684,0,0,43654,212,212,0,2555880,2555880,0,0,2555880,43654,14.69,2.09
895,2026-05-07 15:40:40,7,q56,0,9,248,3525,8257,50909,47928,289,354,0,416,0,3121,1857223,0,0,7099010904,505430125,4038924404,0,0,78499,150,150,0,2882312,2882312,0,0,2882312,78499,14.44,3.52
896,2026-05-07 15:40:45,7,q57,0,11,155,2836,3691,38058,34095,208,242,0,205,0,2285,4612637,0,0,9768835904,144218154,959887816,0,0,1882447,1298,1298,0,76815267,76815267,0,0,53026285,1287630,13.42,2.84
897,2026-05-07 15:40:49,7,q58,0,10,251,3719,9065,55706,51857,298,365,0,352,0,3916,1563358,0,0,20030826128,504372223,3662699540,0,0,2379510,2483,2483,0,36179249,36179249,0,0,36179249,2379510,14.98,3.72
898,2026-05-07 15:40:53,7,q59,0,16,256,5207,9494,68863,63485,366,458,0,727,0,6240,721958,0,0,16799977256,576239678,2355681696,0,0,2240280,3606,3606,0,74284634,74284634,0,0,74284634,2240280,13.23,5.21
899,2026-05-07 15:41:00,7,q60,0,9,254,3655,8662,53621,50689,258,370,1,386,0,3028,1857223,0,0,13971196952,505430125,4038858868,0,0,554294,721,721,0,10718884,10718884,0,0,10718884,554294,14.67,3.66
900,2026-05-07 15:41:04,7,q61,0,10,244,5455,8052,79754,72987,32,174,2,640,0,38,19031463,0,0,23648525880,579238178,5161403224,0,0,210,210,210,0,12389,12389,0,0,12389,210,14.62,5.46
901,2026-05-07 15:41:11,7,q62,0,6,45,1355,1343,19221,17342,47,64,0,0,0,986,253277,0,0,245764904,72021672,334689868,0,0,14400,40,40,0,1319317,1319317,0,0,1319317,14400,14.19,1.36
902,2026-05-07 15:41:13,7,q63,0,6,115,2270,2262,32280,30322,121,156,0,224,0,2790,577410,0,0,817026928,288230790,2007283180,0,0,123499,318,318,0,3374401,3374401,0,0,3374401,123499,14.22,2.27
903,2026-05-07 15:41:17,7,q64,0,35,503,26577,86538,403265,385297,1357,1379,10,4160,0,13416,54398238,0,0,52018313664,768696804,9629621484,0,0,228688940,5285,5285,0,3404318393,3404318393,0,0,2982973221,193590051,15.17,26.58
904,2026-05-07 15:41:45,7,q65,0,10,286,12355,23515,183735,176186,340,415,2,610,0,14314,18324921,0,0,24622340176,576237178,3993504392,0,0,123917656,3655,3655,0,3689155911,3689155911,0,0,3689155911,123917656,14.87,12.36
905,2026-05-07 15:41:58,7,q66,0,8,127,3444,4538,48042,41864,266,300,0,632,0,230,499373,0,0,4724854960,216055772,2093674428,0,0,885,59,59,0,423776,423776,0,0,423776,885,13.95,3.44
906,2026-05-07 15:42:02,7,q67,0,7,320,88901,88815,1350555,774300,399,534,0,7612,0,584227,9238108,0,0,75568267552,288230790,2272919624,0,0,145428382,22608,22608,0,11061191743,11061191743,0,0,11061191743,145428382,15.19,88.9
907,2026-05-07 15:43:32,7,q67a,0,15,801,105991,441413,1657600,1094927,1933,2001,0,7984,0,567878,9238108,0,0,222642866528,288230790,2272919624,0,0,549297854,69483,69483,0,42296108441,42296108441,0,0,8661959985,122569230,15.64,105.99
908,2026-05-07 15:45:20,7,q68,0,9,150,5184,5364,75307,58739,164,216,0,682,0,2177,13515525,0,0,9492134576,291033990,3513999360,0,0,2022736,125,125,0,65910392,65910392,0,0,65910392,2022736,14.53,5.18
909,2026-05-07 15:45:26,7,q69,0,9,279,2564,5478,36233,31635,53,191,0,255,0,5181,28676289,0,0,10694197760,508942925,1152082836,0,0,16091419,2703,2703,0,47414103,47414103,0,0,47414103,16091419,14.13,2.56
910,2026-05-07 15:45:29,7,q70,0,9,217,4433,4375,64956,63348,249,328,0,320,0,767,1110328,0,0,7879371184,576033580,2769010512,0,0,3361,212,212,0,248560,248560,0,0,248560,3361,14.65,4.43
911,2026-05-07 15:45:35,7,q70a,0,12,222,3967,3875,56682,55159,249,333,0,528,0,697,1104448,0,0,1304800336,576033580,2769010512,0,0,4230,427,427,0,360133,360133,0,0,173273,2340,14.29,3.97
912,2026-05-07 15:45:40,7,q71,0,7,245,4043,3980,59139,53299,305,395,1,464,0,3752,2159375,0,0,4787737728,504266125,3881955576,0,0,276632,1800,1800,0,14493125,14493125,0,0,8305597,169066,14.63,4.04
913,2026-05-07 15:45:45,7,q72,0,15,386,199722,298481,3113955,2305271,519,652,2,3152,0,784159,13148504,0,0,82523784096,560021059,2681504060,0,0,537663712,26076,26076,0,9674720401,9674720401,0,0,9674720401,537663712,15.59,199.72
914,2026-05-07 15:49:06,7,q73,0,9,155,2070,2348,28956,27280,164,182,0,208,0,2162,577410,0,0,528883792,290033990,904315248,0,0,4016581,135,135,0,135105335,135105335,0,0,68017656,2016581,13.99,2.07
915,2026-05-07 15:49:09,7,q74,0,20,425,15849,50486,247871,224183,888,981,2,2219,0,12562,588013,0,0,43804974688,650094389,3337614368,0,0,269945080,7941,7941,0,2942491205,2942491205,0,0,2069353558,191970515,15.64,15.85
916,2026-05-07 15:49:26,7,q75,0,20,606,15858,57729,245494,222142,296,614,4,4560,0,17890,428392,0,0,24682165216,1058647072,9180335472,0,0,140054991,4858,4858,0,3124854319,3124854319,0,0,2106972811,89656169,15.48,15.86
917,2026-05-07 15:49:43,7,q76,0,5,233,3831,3782,57718,52862,279,367,0,816,0,2934,1834613,0,0,18623056768,503804997,3936608940,0,0,30478,452,452,0,2480090,2480090,0,0,2480090,30478,15.07,3.83
918,2026-05-07 15:49:48,7,q77,0,14,293,4538,22242,67594,62175,278,361,1,560,0,2743,489683,0,0,1301698440,554423389,4519787444,0,0,79732,195,195,0,2924827,2924827,0,0,2924827,79732,14.9,4.54
919,2026-05-07 15:49:54,7,q77a,0,17,298,4745,22541,68772,65086,291,366,0,496,0,3524,489124,0,0,1907775144,554423389,4519787444,0,0,79963,207,207,0,3090403,3090403,0,0,2919791,77489,14.49,4.74
920,2026-05-07 15:49:59,7,q78,0,14,501,82590,281557,1291872,436809,711,894,0,2544,0,865165,1064800,0,0,94462501856,554440947,5870412356,0,0,406636630,22041,22041,0,11365250369,11365250369,0,0,11365250369,406636630,15.64,82.59
921,2026-05-07 15:51:23,7,q79,0,8,158,3819,4085,57429,51867,217,256,0,496,0,4145,578141,0,0,10973653424,290033990,2194944544,0,0,3605127,2261,2261,0,110536843,110536843,0,0,110536843,3605127,15.04,3.82
922,2026-05-07 15:51:28,7,q80,0,23,464,41948,144842,651181,427156,1247,1292,5,37964,0,209772,1108843,0,0,54884401176,554871773,7008068448,0,0,265494090,13408,13408,0,7544333779,7544333779,0,0,7544333779,265494090,15.52,41.95
923,2026-05-07 15:52:11,7,q80a,0,26,469,37131,123460,573903,422414,1468,1345,3,9240,0,138573,1107897,0,0,55356260208,554871773,7008068448,0,0,265493762,13423,13423,0,7544502071,7544502071,0,0,7544280371,265491832,15.46,37.13
924,2026-05-07 15:52:50,7,q81,0,13,163,3147,5167,39244,25476,239,226,0,628,0,4548,7971334,0,0,13574738872,32815644,493120964,0,0,11352561,1105,1105,0,248755021,248755021,0,0,248755021,11352561,12.47,3.15
925,2026-05-07 15:52:54,7,q82,0,8,148,3298,4828,42981,34491,318,325,0,1002,0,783,232010,0,0,201963240,687764388,2330593528,0,0,40831,112,112,0,228724,228724,0,0,228724,40831,13.03,3.3
926,2026-05-07 15:52:58,7,q83,0,10,70,1249,2713,14364,13274,68,84,0,0,0,724,1563358,0,0,3577569720,50821969,408870628,0,0,400795,58,58,0,5436397,5436397,0,0,5436397,400795,11.5,1.25
927,2026-05-07 15:53:00,7,q84,0,9,74,1434,2480,12869,11653,58,61,0,336,0,596,9716559,0,0,1313097696,33729631,260505488,0,0,27798549,39,39,0,145670742,145670742,0,0,145670742,27798549,8.97,1.43
928,2026-05-07 15:53:03,7,q85,0,10,111,3810,18284,49368,43537,81,130,0,2548,0,1943,16954071,0,0,9166144312,84064697,1148586096,0,0,9151985,867,867,0,340232586,340232586,0,0,340232586,9151985,12.96,3.81
929,2026-05-07 15:53:08,7,q86,0,5,47,1232,1160,15259,13990,41,57,1,96,0,842,3716146,0,0,3607813520,72225613,530286884,0,0,7501,41,41,0,521171,521171,0,0,521171,7501,12.39,1.23
930,2026-05-07 15:53:10,7,q86a,0,8,52,1251,1172,14516,13586,52,69,1,256,0,595,3716146,0,0,4146781072,72225613,530286884,0,0,20456,126,126,0,1499880,1499880,0,0,514832,7068,11.6,1.25
931,2026-05-07 15:53:12,7,q87,0,13,361,9280,24191,143305,127016,175,338,2,2272,0,8594,404013,0,0,23379178504,506022125,1099168672,0,0,120819579,5015,5015,0,740269760,740269760,0,0,635129750,116819579,15.44,9.28
932,2026-05-07 15:53:23,7,q88,0,26,858,9115,63452,142045,132582,81,509,0,1724,0,200,242036,0,0,2705525760,2304258706,5004945128,0,0,840,840,840,0,49558,49558,0,0,49558,840,15.58,9.12
933,2026-05-07 15:53:33,7,q89,0,6,128,2720,2695,39237,36212,138,178,0,192,0,3074,577367,0,0,8715356488,288230790,2006943212,0,0,470930,1696,1696,0,22676235,22676235,0,0,22676235,470930,14.43,2.72
934,2026-05-07 15:53:37,7,q90,0,8,86,896,1338,12938,12457,3,46,0,0,0,14,91809,0,0,259051520,144052466,449798300,0,0,80,80,80,0,4720,4720,0,0,4720,80,14.44,0.9
935,2026-05-07 15:53:39,7,q91,0,10,61,1018,861,5352,4937,35,63,4,0,0,7,38453820,0,0,3695004344,19345852,255124852,0,0,134,5,5,0,19839,19839,0,0,11750,82,5.26,1.02
936,2026-05-07 15:53:41,7,q92,0,7,103,1417,2115,20266,18012,77,108,0,0,0,1709,771374,0,0,3957955072,144227226,1056413764,0,0,1672198,696,696,0,21434447,21434447,0,0,21434447,1672198,14.3,1.42
937,2026-05-07 15:53:43,7,q93,0,8,338,34335,51648,443568,379305,466,564,0,2416,0,75468,2210376,0,0,68145363512,316808109,2544387116,0,0,288995290,26212,26212,0,7314530014,7314530014,0,0,7314530014,288995290,12.92,34.34
938,2026-05-07 15:54:19,7,q94,0,8,153,7768,22680,116605,99924,148,192,0,1824,0,11176,509311,0,0,16630437440,152222639,965260140,0,0,151171114,3640,3640,0,2240321543,2240321543,0,0,2240321543,151171114,15.01,7.77
939,2026-05-07 15:54:27,7,q95,0,8,180,22826,33801,340688,314979,311,338,0,4555,0,6489,939608,0,0,49888658408,152222639,937587564,0,0,367104120,14137,14137,0,3290949327,3290949327,0,0,1995058746,151153176,14.93,22.83
940,2026-05-07 15:54:51,7,q96,0,5,109,1233,1231,18195,17916,0,61,0,0,0,15,240660,0,0,335583360,288033990,627415888,0,0,105,105,105,0,6194,6194,0,0,6194,105,14.76,1.23
941,2026-05-07 15:54:54,7,q97,0,5,204,12316,15372,162854,151076,204,256,0,672,0,4602,401225,0,0,25362705944,432020512,2139985352,0,0,83874967,2091,2091,0,961496197,961496197,0,0,961496197,83874967,13.22,12.32
942,2026-05-07 15:55:07,7,q98,0,7,136,2721,2619,36176,32422,147,192,4,528,0,3014,6562517,0,0,10869479536,288230388,2130541032,0,0,784257,1896,1896,0,107666178,107666178,0,0,103671552,753714,13.3,2.72
943,2026-05-07 15:55:11,7,q99,0,7,87,2144,2129,28574,26523,84,123,0,628,0,345,501136,0,0,1632383928,144014189,512709324,0,0,32599,50,50,0,2191785,2191785,0,0,2191785,32599,13.33,2.14
944,2026-05-07 15:55:14,8,q1,0,10,106,1901,3279,27560,24792,124,137,0,784,0,1765,20277818,0,0,9109609000,59623624,615605636,0,0,16217529,561,561,0,253429265,253429265,0,0,253429265,16217529,14.5,1.9
945,2026-05-07 15:55:17,8,q2,0,9,128,3134,3072,44944,42045,133,174,0,1200,0,1358,751663,0,0,879498664,216108786,928213424,0,0,35347,362,362,0,2673870,2673870,0,0,901000,13701,14.34,3.13
946,2026-05-07 15:55:21,8,q3,0,5,113,2111,2096,30493,27279,115,148,0,288,0,2571,489812,0,0,411713488,288283437,2116269124,0,0,43415,212,212,0,2742950,2742950,0,0,2742950,43415,14.44,2.11
947,2026-05-07 15:55:24,8,q4,0,25,714,49377,243848,781013,729994,1587,1679,1,10441,0,37326,763869,0,0,115346137600,794088513,10209753124,0,0,566100624,26059,26059,0,14421838771,14421838771,0,0,8530911104,341212705,15.82,49.38
948,2026-05-07 15:56:15,8,q5,0,11,350,14905,28227,208237,199497,383,537,3,2455,0,5772,644080,0,0,8873293832,626443386,5005569020,0,0,78889327,1136,1136,0,1105456401,1105456401,0,0,1105456401,78889327,13.97,14.9
949,2026-05-07 15:56:31,8,q5a,0,14,355,14853,27682,205458,195992,402,539,1,2544,0,7675,643478,0,0,9345152864,626443386,5005569020,0,0,78892614,1146,1146,0,1105692639,1105692639,0,0,1105483887,78889180,13.83,14.85
950,2026-05-07 15:56:47,8,q6,0,13,162,2470,6023,36240,30142,347,367,0,1134,0,3633,8437297,0,0,5221591328,291580486,1513408748,0,0,5131498,1975,1975,0,46269258,46269258,0,0,46269258,5131498,14.67,2.47
951,2026-05-07 15:56:50,8,q7,0,7,139,4565,4590,67382,60794,183,217,0,687,0,2236,1563358,0,0,10258232888,290152188,3733018764,0,0,741960,1802,1802,0,25969993,25969993,0,0,25969993,741960,14.76,4.57
952,2026-05-07 15:56:56,8,q8,0,10,146,2450,2776,32852,30629,183,232,0,144,0,617,9445062,0,0,9298835608,292026790,1468752280,0,0,50834,126,126,0,766619,766619,0,0,766619,50834,13.41,2.45
953,2026-05-07 15:56:59,8,q9,0,11,531,7724,38104,121216,117944,61,386,0,1088,0,105,220139,0,0,0,1440031995,8643368200,0,0,525,525,525,0,43295,43295,0,0,43295,525,15.69,7.72
954,2026-05-07 15:57:08,8,q10,0,13,300,2777,6178,39597,36373,101,258,0,576,0,4412,255952,0,0,5637359016,509942925,1176986144,0,0,21068747,2590,2590,0,77600073,77600073,0,0,77600073,21068747,14.26,2.78
955,2026-05-07 15:57:12,8,q10a,0,10,290,2278,3793,31270,29272,45,211,0,468,0,4019,306088,0,0,4672279792,508942925,1152738196,0,0,22779154,2740,2740,0,107512526,107512526,0,0,107512526,22779154,13.73,2.28
956,2026-05-07 15:57:15,8,q11,0,20,431,17506,54443,272369,258174,907,1002,2,3638,0,16085,588013,0,0,44791176400,650094389,4199900192,0,0,269945080,8343,8343,0,4443444874,4443444874,0,0,2965113310,191970515,15.56,17.51
957,2026-05-07 15:57:34,8,q12,0,6,65,1214,1155,14759,12849,66,82,0,0,0,1907,6520039,0,0,4753471800,72225613,541845796,0,0,218539,691,691,0,30886708,30886708,0,0,30886708,218539,12.16,1.21
958,2026-05-07 15:57:36,8,q13,0,7,129,5340,5411,79701,73772,77,119,0,1104,0,20,1750131,0,0,5580303960,290954790,4547889996,0,0,105,105,105,0,8286,8286,0,0,8286,105,14.93,5.34
959,2026-05-07 15:57:43,8,q14a,0,40,1232,61726,180385,932805,532989,2097,2410,6,8190,0,400194,2429660,0,0,48868027672,2016904500,12248886924,0,0,639521492,5955,5955,0,9126203471,9126203471,0,0,9111166440,639047728,15.11,61.73
960,2026-05-07 15:58:46,8,q14b,0,30,780,22228,36020,318222,295283,1294,1481,3,5386,0,15973,2429660,0,0,29351627872,1585185222,9024282320,0,0,135644755,4083,4083,0,525336067,525336067,0,0,525336067,135644755,14.32,22.23
961,2026-05-07 15:59:10,8,q14,0,29,774,20637,33779,294084,275415,1444,1566,0,4567,0,13260,2323166,0,0,29052095752,1585185222,9024282320,0,0,134753609,3832,3832,0,433106320,433106320,0,0,433106320,134753609,14.25,20.64
962,2026-05-07 15:59:32,8,q15,0,5,107,3251,3025,44281,42751,91,135,0,240,0,40,19031463,0,0,13031031584,147014124,755110092,0,0,2305,3,3,0,69877,69877,0,0,69877,2305,13.62,3.25
963,2026-05-07 15:59:36,8,q16,0,8,293,13141,36595,201629,189546,348,447,1,2859,0,13951,1273600,0,0,41785807200,303406100,1947854248,0,0,301125284,17100,17100,0,4308531096,4308531096,0,0,4308531096,301125284,15.34,13.14
964,2026-05-07 15:59:50,8,q17,0,14,249,6166,11033,89329,75317,604,667,1,1584,0,14392,13882585,0,0,6358661496,461086525,3051392260,0,0,28190115,2517,2517,0,601289420,601289420,0,0,601289420,28190115,14.49,6.17
965,2026-05-07 15:59:57,8,q18,0,9,148,3206,3505,43224,37469,198,223,0,880,0,335,17523034,0,0,20407531752,151059724,2467956252,0,0,547671,289,289,0,38073944,38073944,0,0,38073944,547671,13.48,3.21
966,2026-05-07 16:00:02,8,q18a,0,17,503,11443,34051,174652,163175,674,843,0,1552,0,1245,17760449,0,0,93113179144,730240220,11870209104,0,0,648686,387,387,0,41635018,41635018,0,0,41635018,648686,15.26,11.44
967,2026-05-07 16:00:14,8,q19,0,8,143,3511,3530,48149,44974,147,200,1,160,0,2019,19031463,0,0,23965705664,291230790,2425648524,0,0,104690,636,636,0,7065795,7065795,0,0,7065795,104690,13.71,3.51
968,2026-05-07 16:00:19,8,q20,0,6,92,1289,1231,15615,14887,95,116,0,0,0,31,6520039,0,0,2049998040,144218124,1027833352,0,0,61386,15,15,0,7314659,7314659,0,0,7314659,61386,12.11,1.29
969,2026-05-07 16:00:21,8,q21,0,6,41,2087,2072,28956,27610,38,52,0,432,0,46,167359,0,0,530336016,399554015,1160382340,0,0,224195,12,12,0,3707674,3707674,0,0,3707674,224195,13.87,2.09
970,2026-05-07 16:00:24,8,q22,0,6,55,112643,112569,618002,616185,102,85,0,688,0,295,9238108,0,0,3042269472,399554015,1155227504,0,0,3668633,170,170,0,157580403,157580403,0,0,157580403,3668633,5.49,112.64
971,2026-05-07 16:02:18,8,q22a,0,10,123,6139,6948,56820,51611,173,205,0,520,0,2607,9238108,0,0,12240902592,399554015,1155827588,0,0,3874870,672,672,0,196248694,196248694,0,0,50881482,1020746,9.26,6.14
972,2026-05-07 16:02:25,8,q23a,0,19,630,43228,72983,672847,651413,1141,1248,2,6742,0,25008,13148461,0,0,91179023240,1082298901,6118668000,0,0,236821663,18631,18631,0,6675910750,6675910750,0,0,6296400271,209386880,15.57,43.23
973,2026-05-07 16:03:10,8,q23b,0,22,664,45469,79923,703824,679716,1234,1337,1,6390,0,28868,13148461,0,0,104120547456,1084298901,6173560216,0,0,286169576,24529,24529,0,7489542086,7489542086,0,0,6352485292,211464383,15.48,45.47
974,2026-05-07 16:03:56,8,q24,0,14,197,4344,10532,63618,57304,748,637,0,1184,0,4262,12971968,0,0,7305478504,320216803,2618685332,0,0,31568282,2072,2072,0,398343147,398343147,0,0,398343147,31568282,14.65,4.34
975,2026-05-07 16:04:02,8,q24a,0,21,351,10833,16483,146650,137549,1057,1072,0,3200,0,9199,7938360,0,0,21018360104,608427191,4959679660,0,0,100579192,4982,4982,0,1807160549,1807160549,0,0,1449375004,69847453,13.54,10.83
976,2026-05-07 16:04:13,8,q24b,0,22,351,10194,15934,134909,129325,989,1016,2,2320,0,8741,7938360,0,0,18322225928,608427191,4959679660,0,0,99830490,3056,3056,0,1783327822,1783327822,0,0,1425542277,69098751,13.23,10.19
977,2026-05-07 16:04:25,8,q25,0,14,249,5986,11176,88333,74447,741,682,2,2430,0,6728,13882585,0,0,6009723240,461086525,4055330052,0,0,20197026,2496,2496,0,408400895,408400895,0,0,408400895,20197026,14.76,5.99
978,2026-05-07 16:04:32,8,q26,0,7,108,2138,2148,30732,28797,120,157,0,272,0,495,1563358,0,0,3714942048,146139924,1919763572,0,0,361199,198,198,0,11486221,11486221,0,0,11486221,361199,14.37,2.14
979,2026-05-07 16:04:35,8,q27,0,7,130,4518,4546,66594,63411,151,201,0,960,0,2834,1563358,0,0,9989019624,290151590,3428907568,0,0,176635,848,848,0,8312881,8312881,0,0,8312881,176635,14.74,4.52
980,2026-05-07 16:04:41,8,q27a,0,11,346,10875,21886,169138,161739,332,486,2,2144,0,5408,1563358,0,0,7106799200,866368768,10230037392,0,0,180094,954,954,0,9455710,9455710,0,0,9455710,180094,15.55,10.88
981,2026-05-07 16:04:53,8,q28,0,18,709,13481,79800,212848,197175,716,881,4,1586,0,17790,307341,0,0,42865509472,1728038328,13433232336,0,0,4809294,7738,7738,0,78702022,78702022,0,0,78702022,4809294,15.79,13.48
982,2026-05-07 16:05:07,8,q29,0,17,258,10878,16216,148738,141162,709,718,2,1872,3,7090,13882585,0,0,12510713656,461126525,3056000012,0,0,93232843,3583,3583,0,1605288823,1605288823,0,0,1605288823,93232843,13.67,10.88
983,2026-05-07 16:05:19,8,q30,0,13,142,1868,3420,24371,20752,136,166,0,0,0,2540,7971334,0,0,9356907168,18418778,375811060,0,0,6150626,386,386,0,281189152,281189152,0,0,281189152,6150626,13.05,1.87
984,2026-05-07 16:05:22,8,q31,0,20,471,8041,42119,122300,111483,465,580,10,1339,0,12479,15346734,0,0,40966251720,1081084003,5449888056,0,0,721398,1751,1751,0,23987492,23987492,0,0,23855718,719552,15.21,8.04
985,2026-05-07 16:05:31,8,q32,0,7,170,1825,3495,27023,25407,91,153,0,208,0,517,1335027,0,0,608193728,288212248,2025603596,0,0,350080,90,90,0,4605586,4605586,0,0,4605586,350080,14.81,1.82
986,2026-05-07 16:05:34,8,q33,0,9,249,4309,9868,63894,59318,258,363,0,240,0,3892,1857223,0,0,8735025360,505430125,4038723700,0,0,143486,256,256,0,3626941,3626941,0,0,3626941,143486,14.83,4.31
987,2026-05-07 16:05:39,8,q34,0,9,155,2296,2588,32003,30183,157,190,0,416,0,2522,576937,0,0,533173672,290033990,904315248,0,0,4031113,135,135,0,135788608,135788608,0,0,68700929,2031113,13.94,2.3
988,2026-05-07 16:05:43,8,q35,0,10,296,4003,7335,55776,48952,129,247,0,624,0,5062,23973682,0,0,15331014656,508942925,1150813076,0,0,57691365,3111,3111,0,112822186,112822186,0,0,112822186,57691365,13.93,4.0
989,2026-05-07 16:05:48,8,q35a,0,9,296,3530,5062,48453,44361,125,262,1,704,0,4796,23973682,0,0,14475377048,508942925,1150813076,0,0,57706997,3111,3111,0,112799702,112799702,0,0,112799702,57706997,13.73,3.53
990,2026-05-07 16:05:52,8,q36,0,6,113,3381,3320,48504,45933,127,161,1,384,0,1551,3716103,0,0,9362299000,288230790,3067523820,0,0,16736,106,106,0,1359762,1359762,0,0,1359762,16736,14.35,3.38
991,2026-05-07 16:05:57,8,q36a,0,9,118,3488,3449,48293,46161,119,163,0,576,0,1770,3716103,0,0,9901266872,288230790,3067523820,0,0,46259,321,321,0,3876412,3876412,0,0,1308296,15669,13.85,3.49
992,2026-05-07 16:06:01,8,q37,0,6,134,4772,8387,54777,51443,41,106,0,432,0,3473,172533,0,0,4902713048,543548124,1721036884,0,0,51928707,1383,1383,0,655187218,655187218,0,0,655187218,143994433,11.48,4.77
993,2026-05-07 16:06:07,8,q38,0,13,361,8477,22436,131320,118511,165,335,0,1712,0,8595,404013,0,0,23379178504,506022125,1099168672,0,0,120819579,5015,5015,0,740269760,740269760,0,0,635129750,116819579,15.49,8.48
994,2026-05-07 16:06:17,8,q39a,0,11,123,4963,8901,62892,58899,245,223,0,530,0,1035,2464085,0,0,5429281480,798904015,2305814868,0,0,4703618,85,85,0,112366429,112366429,0,0,75919735,3173618,12.67,4.96
995,2026-05-07 16:06:23,8,q39b,0,11,122,4285,7703,52209,51396,178,221,0,256,0,570,1038243,0,0,5045830344,798904015,2305814868,0,0,4594459,85,85,0,109301092,109301092,0,0,72854398,3064459,12.18,4.28
996,2026-05-07 16:06:28,8,q40,0,8,162,8655,23477,126023,118515,110,183,0,1136,0,12109,511626,0,0,24442330840,158615961,1244668532,0,0,157478827,4755,4755,0,3042545985,3042545985,0,0,3042545985,157478827,14.56,8.65
997,2026-05-07 16:06:38,8,q41,0,4,10,209,179,245,193,10,10,0,0,0,11,24680,0,0,472399704,408000,16770304,0,0,292,2,2,0,19225,19225,0,0,19225,292,1.17,0.21
998,2026-05-07 16:06:39,8,q42,0,4,111,1836,1820,27201,24436,110,143,0,192,0,420,489167,0,0,4288306384,288230388,2115880004,0,0,1109,105,105,0,92568,92568,0,0,92568,1109,14.82,1.84
999,2026-05-07 16:06:42,8,q43,0,4,108,2252,2230,32905,31067,113,154,0,432,0,1165,489812,0,0,315741344,288026790,1173777864,0,0,12495,105,105,0,1420660,1420660,0,0,1420660,12495,14.61,2.25
1000,2026-05-07 16:06:45,8,q44,0,8,249,3261,3411,48192,44694,168,272,0,240,0,2593,3433901,0,0,11327225512,576156776,3588195964,0,0,2617885,3497,3497,0,35187753,35187753,0,0,17600720,1309171,14.78,3.26
1001,2026-05-07 16:06:50,8,q45,0,7,75,1434,1372,16185,15352,43,74,0,0,0,106,19031420,0,0,10271954264,75245613,598175976,0,0,182,39,39,0,17021,17021,0,0,17021,182,11.29,1.43
1002,2026-05-07 16:06:52,8,q46,0,9,154,4090,4141,57458,54892,181,224,0,848,0,2496,13515525,0,0,10309463920,291033990,2223902720,0,0,2097512,545,545,0,69785439,69785439,0,0,69785439,2097512,14.05,4.09
1003,2026-05-07 16:06:57,8,q47,0,11,173,5782,6801,83005,78888,214,267,0,320,0,5412,4612594,0,0,15111114072,288230790,2006537708,0,0,20926697,4017,4017,0,817469691,817469691,0,0,418128051,10695182,14.36,5.78
1004,2026-05-07 16:07:04,8,q48,0,6,128,6382,6395,97921,94137,118,159,0,1952,0,32,2200929,0,0,5464862760,290947590,2722619648,0,0,105,105,105,0,6195,6195,0,0,6195,105,15.34,6.38
1005,2026-05-07 16:07:12,8,q49,0,20,350,9709,35180,148702,138381,469,540,0,2666,0,11285,2329460,0,0,6933719544,554439913,6510148172,0,0,86104358,305,305,0,1847293817,1847293817,0,0,1847293817,86104358,15.32,9.71
1006,2026-05-07 16:07:22,8,q50,0,10,232,26586,94616,394288,166434,310,390,3,992,0,234547,1278831,0,0,40984956952,316921450,1887349860,0,0,265637490,12304,12304,0,5977261864,5977261864,0,0,5977261864,265637490,14.83,26.59
1007,2026-05-07 16:07:50,8,q51,0,10,249,16529,25925,237174,203910,290,365,0,2832,0,32107,402300,0,0,30177909632,360028001,2405095048,0,0,173932465,3927,3927,0,2938966138,2938966138,0,0,2938966138,173932465,14.35,16.53
1008,2026-05-07 16:08:08,8,q51a,0,14,320,255781,306359,3345053,3184830,518,604,0,21411,0,119354,540320,0,0,74335529632,360028001,2405095048,0,0,314001497,4967,4967,0,5206297389,5206297389,0,0,3937775893,247608234,13.08,255.78
1009,2026-05-07 16:12:24,8,q52,0,5,114,1993,1976,29045,26941,132,153,1,128,0,1989,489253,0,0,4423048352,288230388,2116207684,0,0,57548,318,318,0,3289370,3289370,0,0,3289370,57548,14.57,1.99
1010,2026-05-07 16:12:27,8,q53,0,6,118,2493,2470,35168,33069,119,165,27,320,0,2781,578012,0,0,884987736,288230790,2007344620,0,0,332514,636,636,0,7035336,7035336,0,0,7035336,332514,14.11,2.49
1011,2026-05-07 16:12:31,8,q54,0,17,283,3981,5901,58483,54690,448,544,0,816,0,3247,19031420,0,0,14702408224,507412625,2622518220,0,0,8236026,1891,1891,0,80387756,80387756,0,0,80387756,8236026,14.69,3.98
1012,2026-05-07 16:12:36,8,q55,0,5,113,1947,1933,27983,26901,116,147,0,0,0,2065,488522,0,0,7375575168,288230388,2116207684,0,0,43654,212,212,0,2555880,2555880,0,0,2555880,43654,14.37,1.95
1013,2026-05-07 16:12:39,8,q56,0,9,248,4203,9909,61806,56802,249,345,0,512,0,3394,1857223,0,0,7099010904,505430125,4038924404,0,0,78499,150,150,0,2882312,2882312,0,0,2882312,78499,14.71,4.2
1014,2026-05-07 16:12:44,8,q57,0,11,155,2877,3608,38277,33583,218,253,0,144,0,2500,4612594,0,0,9768835904,144218154,959887816,0,0,1882447,1298,1298,0,76815267,76815267,0,0,53026285,1287630,13.3,2.88
1015,2026-05-07 16:12:48,8,q58,0,10,251,4134,9981,62697,57921,297,364,0,352,0,3868,1563358,0,0,20030826128,504372223,3662699540,0,0,2379510,2483,2483,0,36179249,36179249,0,0,36179249,2379510,15.17,4.13
1016,2026-05-07 16:12:54,8,q59,0,16,256,5452,9996,72984,67557,349,452,0,528,0,6989,720969,0,0,16799977256,576239678,2355681696,0,0,2240280,3606,3606,0,74284634,74284634,0,0,74284634,2240280,13.39,5.45
1017,2026-05-07 16:13:00,8,q60,0,9,254,4585,10433,68566,64706,283,366,0,224,0,2997,1857223,0,0,13971196952,505430125,4038858868,0,0,554294,721,721,0,10718884,10718884,0,0,10718884,554294,14.95,4.58
1018,2026-05-07 16:13:06,8,q61,0,10,244,5758,8754,84692,81245,48,167,1,698,0,54,19031463,0,0,23648525880,579238178,5161403224,0,0,210,210,210,0,12389,12389,0,0,12389,210,14.71,5.76
1019,2026-05-07 16:13:13,8,q62,0,6,45,1190,1177,16560,15492,49,65,0,0,0,739,253320,0,0,245764904,72021672,334689868,0,0,14400,40,40,0,1319317,1319317,0,0,1319317,14400,13.92,1.19
1020,2026-05-07 16:13:15,8,q63,0,6,115,2523,2504,35934,34106,129,167,0,300,0,2505,577668,0,0,817026928,288230790,2007283180,0,0,123499,318,318,0,3374401,3374401,0,0,3374401,123499,14.24,2.52
1021,2026-05-07 16:13:18,8,q64,0,35,503,26670,86493,403939,388160,1394,1399,7,3378,0,13405,54398066,0,0,52018313664,768696804,9629621484,0,0,228688940,5285,5285,0,3404318393,3404318393,0,0,2982973221,193590051,15.15,26.67
1022,2026-05-07 16:13:46,8,q65,0,10,286,12393,23600,185276,177792,347,421,5,944,0,13020,18324921,0,0,24622340176,576237178,3993504392,0,0,123917656,3655,3655,0,3689155911,3689155911,0,0,3689155911,123917656,14.95,12.39
1023,2026-05-07 16:14:00,8,q66,0,8,127,3318,4272,45538,38021,287,296,0,992,0,225,500104,0,0,4724854960,216055772,2093674428,0,0,885,59,59,0,423776,423776,0,0,423776,885,13.72,3.32
1024,2026-05-07 16:14:04,8,q67,0,7,320,100108,100020,1539455,763740,403,534,0,7048,0,776525,9238108,0,0,75568267552,288230790,2272919624,0,0,145428382,22608,22608,0,11061191743,11061191743,0,0,11061191743,145428382,15.38,100.11
1025,2026-05-07 16:15:45,8,q67a,0,15,801,106604,398162,1633424,1119810,1769,1923,4,8112,0,515799,9238108,0,0,222642866528,288230790,2272919624,0,0,549297854,69483,69483,0,42296108441,42296108441,0,0,8661959985,122569230,15.32,106.6
1026,2026-05-07 16:17:33,8,q68,0,9,150,5147,5174,74527,66745,173,231,0,400,0,1540,13515525,0,0,9492134576,291033990,3513999360,0,0,2022736,125,125,0,65910392,65910392,0,0,65910392,2022736,14.48,5.15
1027,2026-05-07 16:17:39,8,q69,0,9,279,2642,5713,37259,32503,52,188,1,456,0,5085,28676633,0,0,10694197760,508942925,1152082836,0,0,16091419,2703,2703,0,47414103,47414103,0,0,47414103,16091419,14.1,2.64
1028,2026-05-07 16:17:43,8,q70,0,9,217,4653,4597,67570,65869,241,330,10,550,0,821,1110672,0,0,7879371184,576033580,2769010512,0,0,3361,212,212,0,248560,248560,0,0,248560,3361,14.52,4.65
1029,2026-05-07 16:17:49,8,q70a,0,12,222,4165,4073,59520,58120,259,332,0,389,0,754,1105093,0,0,1304800336,576033580,2769010512,0,0,4230,427,427,0,360133,360133,0,0,173273,2340,14.29,4.16
1030,2026-05-07 16:17:54,8,q71,0,7,245,4247,4185,62050,55890,320,402,2,224,0,3175,2159418,0,0,4787737728,504266125,3881955576,0,0,276632,1800,1800,0,14492405,14492405,0,0,8304877,169066,14.61,4.25
1031,2026-05-07 16:17:59,8,q72,0,15,386,189758,251583,2950767,2348458,544,678,3,4026,0,591489,13148676,0,0,82523784096,560021059,2681504060,0,0,537663712,26076,26076,0,9674720401,9674720401,0,0,9674720401,537663712,15.55,189.76
1032,2026-05-07 16:21:10,8,q73,0,9,155,2133,2415,29853,28421,134,185,1,256,0,1776,577496,0,0,528883792,290033990,904315248,0,0,4016581,135,135,0,135105335,135105335,0,0,68017656,2016581,14.0,2.13
1033,2026-05-07 16:21:13,8,q74,0,20,425,16069,51045,249304,230413,906,983,0,3076,0,13417,588013,0,0,43804974688,650094389,3337614368,0,0,269945080,7941,7941,0,2942491205,2942491205,0,0,2069353558,191970515,15.51,16.07
1034,2026-05-07 16:21:31,8,q75,0,20,606,17644,60985,250013,231810,332,608,0,4713,0,17042,428392,0,0,24682165216,1058647072,9180335472,0,0,140054991,4858,4858,0,3124854319,3124854319,0,0,2106972811,89656169,14.17,17.64
1035,2026-05-07 16:21:49,8,q76,0,5,233,4852,4783,73511,57537,392,419,9,2507,0,3376,1834613,0,0,18623056768,503804997,3936608940,0,0,30478,452,452,0,2480090,2480090,0,0,2480090,30478,15.15,4.85
1036,2026-05-07 16:21:55,8,q77,0,14,293,4787,23645,71440,65911,314,368,5,912,0,3367,490285,0,0,1301698440,554423389,4519787444,0,0,79732,195,195,0,2924827,2924827,0,0,2924827,79732,14.92,4.79
1037,2026-05-07 16:22:01,8,q77a,0,17,298,5142,24436,74662,65921,292,373,0,1520,0,3109,490500,0,0,1907775144,554423389,4519787444,0,0,79963,207,207,0,3090403,3090403,0,0,2919791,77489,14.52,5.14
1038,2026-05-07 16:22:08,8,q78,0,14,501,47240,142274,729567,459167,833,947,0,7546,0,266282,1066520,0,0,94462501856,554440947,5870412356,0,0,406636630,22041,22041,0,11365250369,11365250369,0,0,11365250369,406636630,15.44,47.24
1039,2026-05-07 16:22:56,8,q79,0,8,158,4770,5064,71621,52288,291,252,0,1968,0,8621,580893,0,0,10973653424,290033990,2194944544,0,0,3605127,2261,2261,0,110536843,110536843,0,0,110536843,3605127,15.01,4.77
1040,2026-05-07 16:23:02,8,q80,0,23,464,30755,97296,474991,436525,1365,1259,7,5959,0,32746,1108370,0,0,54884401176,554871773,7008068448,0,0,265494090,13408,13408,0,7544333779,7544333779,0,0,7544333779,265494090,15.44,30.76
1041,2026-05-07 16:23:34,8,q80a,0,26,469,30061,93373,460747,434511,1446,1319,0,6480,0,26417,1107123,0,0,55356260208,554871773,7008068448,0,0,265493762,13423,13423,0,7544502071,7544502071,0,0,7544280371,265491832,15.33,30.06
1042,2026-05-07 16:24:05,8,q81,0,13,163,2643,4373,30693,25948,213,226,1,432,0,2576,7971420,0,0,13574738872,32815644,493120964,0,0,11352561,1105,1105,0,248755021,248755021,0,0,248755021,11352561,11.61,2.64
1043,2026-05-07 16:24:09,8,q82,0,8,148,3044,4340,39991,35632,233,310,0,656,0,575,230978,0,0,201963240,687764388,2330593528,0,0,40831,112,112,0,228724,228724,0,0,228724,40831,13.14,3.04
1044,2026-05-07 16:24:13,8,q83,0,10,70,1082,2379,12319,11219,68,77,0,128,0,647,1563358,0,0,3577569720,50821969,408870628,0,0,400795,58,58,0,5436397,5436397,0,0,5436397,400795,11.39,1.08
1045,2026-05-07 16:24:15,8,q84,0,9,74,1457,2299,12420,11472,57,62,1,180,0,655,9716301,0,0,1313097696,33729631,260505488,0,0,27798549,39,39,0,145670742,145670742,0,0,145670742,27798549,8.52,1.46
1046,2026-05-07 16:24:18,8,q85,0,10,111,3525,12161,47765,41326,77,126,2,2384,0,2336,16954157,0,0,9166144312,84064697,1148586096,0,0,9151985,867,867,0,340232586,340232586,0,0,340232586,9151985,13.55,3.52
1047,2026-05-07 16:24:22,8,q86,0,5,47,1271,1212,16441,15771,41,58,0,0,0,509,3716103,0,0,3607813520,72225613,530286884,0,0,7501,41,41,0,521171,521171,0,0,521171,7501,12.94,1.27
1048,2026-05-07 16:24:24,8,q86a,0,8,52,1103,1038,12710,11627,47,59,0,288,0,761,3716103,0,0,4146781072,72225613,530286884,0,0,20456,126,126,0,1499880,1499880,0,0,514832,7068,11.52,1.1
1049,2026-05-07 16:24:27,8,q87,0,13,361,8899,23192,137599,122566,198,356,21,2095,0,8023,404013,0,0,23379178504,506022125,1099168672,0,0,120819579,5015,5015,0,740269760,740269760,0,0,635129750,116819579,15.46,8.9
1050,2026-05-07 16:24:37,8,q88,0,26,858,9432,65700,147058,141806,41,501,0,1234,0,121,242079,0,0,2705525760,2304258706,5004945128,0,0,840,840,840,0,49558,49558,0,0,49558,840,15.59,9.43
1051,2026-05-07 16:24:47,8,q89,0,6,128,2848,2823,41524,39361,145,181,0,288,0,3042,577711,0,0,8715356488,288230790,2006943212,0,0,470930,1696,1696,0,22676235,22676235,0,0,22676235,470930,14.58,2.85
1052,2026-05-07 16:24:51,8,q90,0,8,86,902,1412,13208,12683,3,46,0,0,0,10,91809,0,0,259051520,144052466,449798300,0,0,80,80,80,0,4720,4720,0,0,4720,80,14.64,0.9
1053,2026-05-07 16:24:53,8,q91,0,10,61,860,700,3937,3585,34,59,1,0,0,7,38453691,0,0,3695004344,19345852,255124852,0,0,134,5,5,0,19839,19839,0,0,11750,82,4.58,0.86
1054,2026-05-07 16:24:55,8,q92,0,7,103,1550,2437,22469,18517,79,103,0,192,0,1912,771374,0,0,3957955072,144227226,1056413764,0,0,1672198,696,696,0,21434447,21434447,0,0,21434447,1672198,14.5,1.55
1055,2026-05-07 16:24:57,8,q93,0,8,338,25446,40288,392943,382906,466,591,0,2496,0,20663,2211494,0,0,68145363512,316808109,2544387116,0,0,288995290,26212,26212,0,7314530014,7314530014,0,0,7314530014,288995290,15.44,25.45
1056,2026-05-07 16:25:24,8,q94,0,8,153,7635,20720,114623,99668,125,172,0,1929,0,9550,509440,0,0,16630437440,152222639,965260140,0,0,151171114,3640,3640,0,2240321543,2240321543,0,0,2240321543,151171114,15.01,7.64
1057,2026-05-07 16:25:33,8,q95,0,8,180,23301,34723,348499,313565,387,357,0,8896,2,6652,939608,0,0,49888658408,152222639,937587564,0,0,367104120,14137,14137,0,3290949327,3290949327,0,0,1995058746,151153176,14.96,23.3
1058,2026-05-07 16:25:57,8,q96,0,5,109,1300,1299,19181,18612,4,63,0,256,0,21,242810,0,0,335583360,288033990,627415888,0,0,105,105,105,0,6194,6194,0,0,6194,105,14.75,1.3
1059,2026-05-07 16:25:59,8,q97,0,5,204,12057,15091,159753,152142,168,247,0,2281,0,4735,403805,0,0,25362705944,432020512,2139985352,0,0,83874967,2091,2091,0,961496197,961496197,0,0,961496197,83874967,13.25,12.06
1060,2026-05-07 16:26:12,8,q98,0,7,136,2647,2549,35166,32869,153,190,4,283,0,3095,6562517,0,0,10869479536,288230388,2130541032,0,0,784257,1896,1896,0,107666178,107666178,0,0,103671552,753714,13.29,2.65
1061,2026-05-07 16:26:16,8,q99,0,7,87,2127,2112,28196,25621,88,128,0,416,0,599,500792,0,0,1632383928,144014189,512709324,0,0,32599,50,50,0,2191785,2191785,0,0,2191785,32599,13.26,2.13
1062,2026-05-07 16:26:19,9,q1,0,10,106,1894,3197,27605,24911,129,144,0,478,0,1651,20277818,0,0,9109609000,59623624,615605636,0,0,16217529,561,561,0,253429265,253429265,0,0,253429265,16217529,14.57,1.89
1063,2026-05-07 16:26:22,9,q2,0,9,128,3174,3109,45122,42499,143,178,0,1088,0,1558,751663,0,0,879498664,216108786,928213424,0,0,35347,362,362,0,2673870,2673870,0,0,901000,13701,14.22,3.17
1064,2026-05-07 16:26:27,9,q3,0,5,113,2169,2157,31605,28364,118,151,0,565,0,2621,490027,0,0,411713488,288283437,2116269124,0,0,43415,212,212,0,2742950,2742950,0,0,2742950,43415,14.57,2.17
1065,2026-05-07 16:26:30,9,q4,0,25,714,49553,245837,785898,727554,1622,1695,4,19882,0,39102,763869,0,0,115346137600,794088513,10209753124,0,0,566100624,26059,26059,0,14421838771,14421838771,0,0,8530911104,341212705,15.86,49.55
1066,2026-05-07 16:27:20,9,q5,0,11,350,15175,28771,210895,196030,406,554,0,3526,0,8247,643822,0,0,8873293832,626443386,5005569020,0,0,78889327,1136,1136,0,1105456401,1105456401,0,0,1105456401,78889327,13.9,15.18
1067,2026-05-07 16:27:37,9,q5a,0,14,355,15021,27758,206890,197859,420,561,0,2672,0,5405,644811,0,0,9345152864,626443386,5005569020,0,0,78892614,1146,1146,0,1105692639,1105692639,0,0,1105483887,78889180,13.77,15.02
1068,2026-05-07 16:27:53,9,q6,0,13,162,2219,5366,32231,28908,305,358,0,1120,0,2911,8436867,0,0,5221591328,291580486,1513408748,0,0,5131498,1975,1975,0,46269258,46269258,0,0,46269258,5131498,14.53,2.22
1069,2026-05-07 16:27:56,9,q7,0,7,139,4412,4449,66040,60623,190,221,0,1025,0,2541,1563358,0,0,10258232888,290152188,3733018764,0,0,741960,1802,1802,0,25969993,25969993,0,0,25969993,741960,14.97,4.41
1070,2026-05-07 16:28:02,9,q8,0,10,146,2976,2922,40045,37323,190,240,0,150,0,614,9445062,0,0,9298835608,292026790,1468752280,0,0,50834,126,126,0,766619,766619,0,0,766619,50834,13.46,2.98
1071,2026-05-07 16:28:06,9,q9,0,11,531,7781,38135,121840,117194,39,385,0,1233,0,103,220225,0,0,0,1440031995,8643368200,0,0,525,525,525,0,43295,43295,0,0,43295,525,15.66,7.78
1072,2026-05-07 16:28:15,9,q10,0,13,300,2785,6056,39119,35467,104,264,0,544,0,3987,256640,0,0,5637359016,509942925,1176986144,0,0,21068747,2590,2590,0,77600073,77600073,0,0,77600073,21068747,14.05,2.78
1073,2026-05-07 16:28:18,9,q10a,0,10,290,2366,3966,32475,30154,50,214,0,654,0,4311,307335,0,0,4672279792,508942925,1152738196,0,0,22779154,2740,2740,0,107512526,107512526,0,0,107512526,22779154,13.73,2.37
1074,2026-05-07 16:28:22,9,q11,0,20,431,18366,57524,288346,256797,1029,1045,0,5292,0,19560,588013,0,0,44791176400,650094389,4199900192,0,0,269945080,8343,8343,0,4443444874,4443444874,0,0,2965113310,191970515,15.7,18.37
1075,2026-05-07 16:28:41,9,q12,0,6,65,1018,958,11671,10156,66,83,0,0,0,1693,6520039,0,0,4753471800,72225613,541845796,0,0,218539,691,691,0,30886708,30886708,0,0,30886708,218539,11.46,1.02
1076,2026-05-07 16:28:43,9,q13,0,7,129,5211,5229,77963,73195,63,115,0,1376,0,20,1749701,0,0,5580303960,290954790,4547889996,0,0,105,105,105,0,8286,8286,0,0,8286,105,14.96,5.21
1077,2026-05-07 16:28:50,9,q14a,0,40,1232,49364,144078,735915,527125,2036,2362,1,8323,0,216035,2429660,0,0,48868027672,2016904500,12248886924,0,0,639521492,5955,5955,0,9126203471,9126203471,0,0,9111166440,639047728,14.91,49.36
1078,2026-05-07 16:29:41,9,q14b,0,30,780,22140,36342,319511,296853,1318,1518,24,6356,0,14254,2429660,0,0,29351627872,1585185222,9024282320,0,0,135644755,4083,4083,0,525336067,525336067,0,0,525336067,135644755,14.43,22.14
1079,2026-05-07 16:30:04,9,q14,0,29,774,19987,33007,289882,274412,1473,1573,0,5580,0,11226,2323166,0,0,29052095752,1585185222,9024282320,0,0,134753609,3832,3832,0,433106320,433106320,0,0,433106320,134753609,14.5,19.99
1080,2026-05-07 16:30:25,9,q15,0,5,107,3077,2832,42010,40236,86,132,0,512,0,40,19031506,0,0,13031031584,147014124,755110092,0,0,2305,3,3,0,69877,69877,0,0,69877,2305,13.65,3.08
1081,2026-05-07 16:30:30,9,q16,0,8,293,13421,37021,205443,190579,315,409,0,3025,0,12465,1273600,0,0,41785807200,303406100,1947854248,0,0,301125284,17100,17100,0,4308531096,4308531096,0,0,4308531096,301125284,15.31,13.42
1082,2026-05-07 16:30:44,9,q17,0,14,249,6108,10831,88720,75314,672,696,2,6084,0,4301,13882585,0,0,6358661496,461086525,3051392260,0,0,28190115,2517,2517,0,601289420,601289420,0,0,601289420,28190115,14.53,6.11
1083,2026-05-07 16:30:51,9,q18,0,9,148,3452,3702,46907,40696,223,241,4,1545,0,362,17523249,0,0,20407531752,151059724,2467956252,0,0,547671,289,289,0,38073944,38073944,0,0,38073944,547671,13.59,3.45
1084,2026-05-07 16:30:56,9,q18a,0,17,503,10960,33291,165728,154233,709,852,0,2810,0,1393,17760449,0,0,93113179144,730240220,11870209104,0,0,648686,387,387,0,41635018,41635018,0,0,41635018,648686,15.12,10.96
1085,2026-05-07 16:31:08,9,q19,0,8,143,4132,3940,58029,52218,177,210,0,1024,0,1899,19031420,0,0,23965705664,291230790,2425648524,0,0,104690,636,636,0,7065795,7065795,0,0,7065795,104690,14.04,4.13
1086,2026-05-07 16:31:13,9,q20,0,6,92,1239,1184,14565,13901,92,116,0,0,0,32,6520039,0,0,2049998040,144218124,1027833352,0,0,61386,15,15,0,7314659,7314659,0,0,7314659,61386,11.76,1.24
1087,2026-05-07 16:31:15,9,q21,0,6,41,2130,2118,28869,27414,39,53,0,678,0,46,167961,0,0,530336016,399554015,1160382340,0,0,224195,12,12,0,3707674,3707674,0,0,3707674,224195,13.55,2.13
1088,2026-05-07 16:31:19,9,q22,0,6,55,112978,112904,617170,613200,136,86,0,1656,0,306,9238108,0,0,3042269472,399554015,1155227504,0,0,3668633,170,170,0,157580403,157580403,0,0,157580403,3668633,5.46,112.98
1089,2026-05-07 16:33:13,9,q22a,0,10,123,5764,6592,51833,48488,161,204,0,137,0,2801,9238108,0,0,12240902592,399554015,1155827588,0,0,3874870,672,672,0,196248694,196248694,0,0,50881482,1020746,8.99,5.76
1090,2026-05-07 16:33:20,9,q23a,0,19,630,43389,73617,674802,649910,1131,1267,4,6068,0,29189,13148461,0,0,91179023240,1082298901,6118668000,0,0,236821663,18631,18631,0,6675910750,6675910750,0,0,6296400271,209386880,15.55,43.39
1091,2026-05-07 16:34:04,9,q23b,0,22,664,46642,82067,722689,676373,1238,1343,8,6960,0,50004,13148461,0,0,104120547456,1084298901,6173560216,0,0,286169576,24529,24529,0,7489542086,7489542086,0,0,6352485292,211464383,15.49,46.64
1092,2026-05-07 16:34:52,9,q24,0,14,197,4837,12034,71724,58172,611,623,0,304,0,11899,12971968,0,0,7305478504,320216803,2618685332,0,0,31568282,2072,2072,0,398343147,398343147,0,0,398343147,31568282,14.83,4.84
1093,2026-05-07 16:34:58,9,q24a,0,21,351,10786,19299,146681,136373,973,1039,2,2016,0,11885,7938360,0,0,21018360104,608427191,4959679660,0,0,100579192,4982,4982,0,1807160549,1807160549,0,0,1449375004,69847453,13.6,10.79
1094,2026-05-07 16:35:10,9,q24b,0,22,351,10140,15830,135486,128481,969,1009,1,1440,0,10833,7938489,0,0,18322225928,608427191,4959679660,0,0,99830490,3056,3056,0,1783327822,1783327822,0,0,1425542277,69098751,13.36,10.14
1095,2026-05-07 16:35:21,9,q25,0,14,249,5479,10236,80371,75569,640,690,1,848,0,4742,13882585,0,0,6009723240,461086525,4055330052,0,0,20197026,2496,2496,0,408400895,408400895,0,0,408400895,20197026,14.67,5.48
1096,2026-05-07 16:35:27,9,q26,0,7,108,2353,2412,33953,28114,125,152,0,272,0,242,1563358,0,0,3714942048,146139924,1919763572,0,0,361199,198,198,0,11486221,11486221,0,0,11486221,361199,14.43,2.35
1097,2026-05-07 16:35:31,9,q27,0,7,130,4304,4313,62500,53171,136,193,0,392,0,1832,1563358,0,0,9989019624,290151590,3428907568,0,0,176635,848,848,0,8312881,8312881,0,0,8312881,176635,14.52,4.3
1098,2026-05-07 16:35:36,9,q27a,0,11,346,10776,21598,166031,157855,349,501,0,1296,0,4020,1563358,0,0,7106799200,866368768,10230037392,0,0,180094,954,954,0,9455710,9455710,0,0,9455710,180094,15.41,10.78
1099,2026-05-07 16:35:48,9,q28,0,18,709,13281,78650,209569,197271,755,909,3,874,0,14357,306567,0,0,42865509472,1728038328,13433232336,0,0,4809294,7738,7738,0,78702022,78702022,0,0,78702022,4809294,15.78,13.28
1100,2026-05-07 16:36:02,9,q29,0,17,258,10785,16076,146991,140934,690,713,1,1492,0,7276,13882585,0,0,12510713656,461126525,3056000012,0,0,93232843,3583,3583,0,1605288823,1605288823,0,0,1605288823,93232843,13.63,10.78
1101,2026-05-07 16:36:14,9,q30,0,13,142,1713,3134,21661,19250,148,171,0,0,0,1943,7971334,0,0,9356907168,18418778,375811060,0,0,6150626,386,386,0,281189152,281189152,0,0,281189152,6150626,12.65,1.71
1102,2026-05-07 16:36:17,9,q31,0,20,471,7828,41020,119020,110742,459,584,0,768,0,11357,15346734,0,0,40966251720,1081084003,5449888056,0,0,721398,1751,1751,0,23987492,23987492,0,0,23855718,719552,15.2,7.83
1103,2026-05-07 16:36:26,9,q32,0,7,170,1934,3738,28557,24617,128,155,0,240,0,528,1335027,0,0,608193728,288212248,2025603596,0,0,350080,90,90,0,4605586,4605586,0,0,4605586,350080,14.77,1.93
1104,2026-05-07 16:36:29,9,q33,0,9,249,4027,9334,59971,57077,251,349,0,448,0,3644,1857223,0,0,8735025360,505430125,4038723700,0,0,143486,256,256,0,3626941,3626941,0,0,3626941,143486,14.89,4.03
1105,2026-05-07 16:36:34,9,q34,0,9,155,2269,2505,31504,30352,157,199,0,240,0,1907,577453,0,0,533173672,290033990,904315248,0,0,4031113,135,135,0,135788608,135788608,0,0,68700929,2031113,13.88,2.27
1106,2026-05-07 16:36:37,9,q35,0,10,296,4013,7388,56484,49614,124,248,1,240,0,4553,23973725,0,0,15331014656,508942925,1150813076,0,0,57691365,3111,3111,0,112822186,112822186,0,0,112822186,57691365,14.08,4.01
1107,2026-05-07 16:36:42,9,q35a,0,9,296,3637,5186,49733,45754,105,255,0,536,0,4838,23973854,0,0,14475377048,508942925,1150813076,0,0,57706997,3111,3111,0,112799702,112799702,0,0,112799702,57706997,13.67,3.64
1108,2026-05-07 16:36:47,9,q36,0,6,113,3359,3309,48127,46538,121,161,0,28,0,1438,3716103,0,0,9362299000,288230790,3067523820,0,0,16736,106,106,0,1359762,1359762,0,0,1359762,16736,14.33,3.36
1109,2026-05-07 16:36:51,9,q36a,0,9,118,3368,3321,46621,44174,132,168,0,176,0,1352,3716103,0,0,9901266872,288230790,3067523820,0,0,46259,321,321,0,3876412,3876412,0,0,1308296,15669,13.84,3.37
1110,2026-05-07 16:36:56,9,q37,0,6,134,4702,8228,54458,52003,31,100,0,800,0,3709,172189,0,0,4902713048,543548124,1721036884,0,0,51928707,1383,1383,0,655187218,655187218,0,0,655187218,143994433,11.58,4.7
1111,2026-05-07 16:37:02,9,q38,0,13,361,8812,23283,136328,124936,172,332,1,1520,0,9124,404013,0,0,23379178504,506022125,1099168672,0,0,120819579,5015,5015,0,740269760,740269760,0,0,635129750,116819579,15.47,8.81
1112,2026-05-07 16:37:11,9,q39a,0,11,123,5083,8972,64056,59719,224,223,0,704,0,1000,2464085,0,0,5429281480,798904015,2305814868,0,0,4703618,85,85,0,112366429,112366429,0,0,75919735,3173618,12.6,5.08
1113,2026-05-07 16:37:18,9,q39b,0,11,122,4559,8198,57637,54906,174,225,0,560,0,590,1038243,0,0,5045830344,798904015,2305814868,0,0,4594459,85,85,0,109301092,109301092,0,0,72854398,3064459,12.64,4.56
1114,2026-05-07 16:37:23,9,q40,0,8,162,8574,22846,124438,118438,110,179,0,1106,0,9895,511153,0,0,24442330840,158615961,1244668532,0,0,157478827,4755,4755,0,3042545985,3042545985,0,0,3042545985,157478827,14.51,8.57
1115,2026-05-07 16:37:33,9,q41,0,4,10,221,191,257,194,11,11,0,0,0,11,24680,0,0,472399704,408000,16770304,0,0,292,2,2,0,19225,19225,0,0,19225,292,1.16,0.22
1116,2026-05-07 16:37:34,9,q42,0,4,111,1790,1776,25921,25282,105,137,0,0,0,336,488479,0,0,4288306384,288230388,2115880004,0,0,1109,105,105,0,92568,92568,0,0,92568,1109,14.48,1.79
1117,2026-05-07 16:37:37,9,q43,0,4,108,2270,2248,33436,31178,107,152,0,240,0,1470,488952,0,0,315741344,288026790,1173777864,0,0,12495,105,105,0,1420660,1420660,0,0,1420660,12495,14.73,2.27
1118,2026-05-07 16:37:40,9,q44,0,8,249,3296,3414,48325,45913,165,271,0,304,0,2509,3433901,0,0,11327225512,576156776,3588195964,0,0,2617885,3497,3497,0,35187753,35187753,0,0,17600720,1309171,14.66,3.3
1119,2026-05-07 16:37:45,9,q45,0,7,75,1731,1630,20594,19021,42,77,1,80,0,107,19031721,0,0,10271954264,75245613,598175976,0,0,182,39,39,0,17021,17021,0,0,17021,182,11.9,1.73
1120,2026-05-07 16:37:47,9,q46,0,9,154,3944,4138,55043,53220,180,224,1,384,0,2208,13515568,0,0,10309463920,291033990,2223902720,0,0,2097512,545,545,0,69785439,69785439,0,0,69785439,2097512,13.96,3.94
1121,2026-05-07 16:37:52,9,q47,0,11,173,5807,6836,83680,79484,202,263,0,496,0,5096,4612594,0,0,15111114072,288230790,2006537708,0,0,20926697,4017,4017,0,817469691,817469691,0,0,418128051,10695182,14.41,5.81
1122,2026-05-07 16:37:59,9,q48,0,6,128,7076,7198,106334,98113,116,150,0,6096,0,41,2201359,0,0,5464862760,290947590,2722619648,0,0,105,105,105,0,6195,6195,0,0,6195,105,15.03,7.08
1123,2026-05-07 16:38:07,9,q49,0,20,350,9028,33286,138600,127966,439,553,0,1552,0,12282,2329460,0,0,6933719544,554439913,6510148172,0,0,86104358,305,305,0,1847293817,1847293817,0,0,1847293817,86104358,15.35,9.03
1124,2026-05-07 16:38:18,9,q50,0,10,232,43497,172641,635216,161408,273,374,0,592,0,467856,1278788,0,0,40984956952,316921450,1887349860,0,0,265637490,12304,12304,0,5977261864,5977261864,0,0,5977261864,265637490,14.6,43.5
1125,2026-05-07 16:39:02,9,q51,0,10,249,15976,24743,224399,209208,281,362,4,1296,0,16947,400881,0,0,30177909632,360028001,2405095048,0,0,173932465,3927,3927,0,2938966138,2938966138,0,0,2938966138,173932465,14.05,15.98
1126,2026-05-07 16:39:19,9,q51a,0,14,320,249042,290135,3253938,3211599,552,632,0,17255,0,15945,540320,0,0,74335529632,360028001,2405095048,0,0,314001497,4967,4967,0,5206297389,5206297389,0,0,3937775893,247608234,13.07,249.04
1127,2026-05-07 16:43:29,9,q52,0,5,114,1930,1911,27664,25617,131,150,19,160,0,2108,489253,0,0,4423048352,288230388,2116207684,0,0,57548,318,318,0,3289370,3289370,0,0,3289370,57548,14.33,1.93
1128,2026-05-07 16:43:32,9,q53,0,6,118,2434,2413,34814,33511,119,166,0,0,0,2813,576679,0,0,884987736,288230790,2007344620,0,0,332514,636,636,0,7035336,7035336,0,0,7035336,332514,14.3,2.43
1129,2026-05-07 16:43:36,9,q54,0,17,283,3864,5935,56035,51591,459,533,3,1088,0,3947,19032022,0,0,14702408224,507412625,2622518220,0,0,8236026,1891,1891,0,80387756,80387756,0,0,80387756,8236026,14.5,3.86
1130,2026-05-07 16:43:41,9,q55,0,5,113,1818,1804,25912,24732,118,147,0,0,0,2064,488479,0,0,7375575168,288230388,2116207684,0,0,43654,212,212,0,2555880,2555880,0,0,2555880,43654,14.25,1.82
1131,2026-05-07 16:43:44,9,q56,0,9,248,3958,9330,58182,51994,247,344,0,256,0,3994,1857223,0,0,7099010904,505430125,4038924404,0,0,78499,150,150,0,2882312,2882312,0,0,2882312,78499,14.7,3.96
1132,2026-05-07 16:43:49,9,q57,0,11,155,2828,3606,37775,32269,212,248,0,512,0,2501,4612594,0,0,9768835904,144218154,959887816,0,0,1882447,1298,1298,0,76815267,76815267,0,0,53026285,1287630,13.36,2.83
1133,2026-05-07 16:43:52,9,q58,0,10,251,3740,9191,56261,52970,313,367,0,225,0,3887,1563358,0,0,20030826128,504372223,3662699540,0,0,2379510,2483,2483,0,36179249,36179249,0,0,36179249,2379510,15.04,3.74
1134,2026-05-07 16:43:57,9,q59,0,16,256,5459,10024,73451,68449,339,442,0,270,0,7073,720840,0,0,16799977256,576239678,2355681696,0,0,2240280,3606,3606,0,74284634,74284634,0,0,74284634,2240280,13.46,5.46
1135,2026-05-07 16:44:04,9,q60,0,9,254,3949,9370,58659,55607,257,361,3,288,0,3417,1857223,0,0,13971196952,505430125,4038858868,0,0,554294,721,721,0,10718884,10718884,0,0,10718884,554294,14.85,3.95
1136,2026-05-07 16:44:09,9,q61,0,10,244,5445,8309,79627,76325,26,171,0,256,0,35,19031420,0,0,23648525880,579238178,5161403224,0,0,210,210,210,0,12389,12389,0,0,12389,210,14.62,5.44
1137,2026-05-07 16:44:16,9,q62,0,6,45,1245,1241,17127,14968,46,62,0,395,0,919,254309,0,0,245764904,72021672,334689868,0,0,14400,40,40,0,1319317,1319317,0,0,1319317,14400,13.76,1.25
1138,2026-05-07 16:44:18,9,q63,0,6,115,2469,2448,35011,33445,123,163,0,0,0,2831,576679,0,0,817026928,288230790,2007283180,0,0,123499,318,318,0,3374401,3374401,0,0,3374401,123499,14.18,2.47
1139,2026-05-07 16:44:22,9,q64,0,35,503,26423,86171,402138,385422,1462,1402,15,2584,0,12692,54398023,0,0,52018313664,768696804,9629621484,0,0,228688940,5285,5285,0,3404318393,3404318393,0,0,2982973221,193590051,15.22,26.42
1140,2026-05-07 16:44:50,9,q65,0,10,286,12584,23970,188093,178579,352,431,2,704,0,15618,18324921,0,0,24622340176,576237178,3993504392,0,0,123917656,3655,3655,0,3689155911,3689155911,0,0,3689155911,123917656,14.95,12.58
1141,2026-05-07 16:45:03,9,q66,0,8,127,3433,4495,47706,40742,248,290,0,304,0,226,499201,0,0,4724854960,216055772,2093674428,0,0,885,59,59,0,423776,423776,0,0,423776,885,13.9,3.43
1142,2026-05-07 16:45:08,9,q67,0,7,320,92439,92351,1447706,750034,417,535,9,6612,0,663429,9238108,0,0,75568267552,288230790,2272919624,0,0,145428382,22608,22608,0,11061191743,11061191743,0,0,11061191743,145428382,15.66,92.44
1143,2026-05-07 16:46:41,9,q67a,0,15,801,108287,409733,1685666,1105809,1908,2056,3,5448,0,523430,9238108,0,0,222642866528,288230790,2272919624,0,0,549297854,69483,69483,0,42296108441,42296108441,0,0,8661959985,122569230,15.57,108.29
1144,2026-05-07 16:48:31,9,q68,0,9,150,4903,5210,70089,62735,157,223,0,208,0,1422,13515525,0,0,9492134576,291033990,3513999360,0,0,2022736,125,125,0,65910392,65910392,0,0,65910392,2022736,14.3,4.9
1145,2026-05-07 16:48:37,9,q69,0,9,279,2661,5780,37910,32298,41,188,0,752,0,5590,28676289,0,0,10694197760,508942925,1152082836,0,0,16091419,2703,2703,0,47414103,47414103,0,0,47414103,16091419,14.25,2.66
1146,2026-05-07 16:48:40,9,q70,0,9,217,4747,4689,69797,64944,250,330,0,240,0,743,1110328,0,0,7879371184,576033580,2769010512,0,0,3361,212,212,0,248560,248560,0,0,248560,3361,14.7,4.75
1147,2026-05-07 16:48:46,9,q70a,0,12,222,4123,4033,58624,57570,264,346,0,208,0,727,1103760,0,0,1304800336,576033580,2769010512,0,0,4230,427,427,0,360133,360133,0,0,173273,2340,14.22,4.12
1148,2026-05-07 16:48:51,9,q71,0,7,245,4003,3942,57811,54225,306,398,1,224,0,3060,2159332,0,0,4787737728,504266125,3881955576,0,0,276632,1800,1800,0,14492699,14492699,0,0,8305171,169066,14.44,4.0
1149,2026-05-07 16:48:56,9,q72,0,15,386,287858,590738,4431611,2297536,596,693,1093,89009,0,1906366,13148461,0,0,82523784096,560021059,2681504060,0,0,537663712,26076,26076,0,9674720401,9674720401,0,0,9674720401,537663712,15.4,287.86
1150,2026-05-07 16:53:45,9,q73,0,9,155,2100,2341,29656,28183,148,189,0,464,0,1606,578098,0,0,528883792,290033990,904315248,0,0,4016581,135,135,0,135105335,135105335,0,0,68017656,2016581,14.12,2.1
1151,2026-05-07 16:53:49,9,q74,0,20,425,16495,52650,258212,223414,983,993,8,5341,0,13131,588744,0,0,43804974688,650094389,3337614368,0,0,269945080,7941,7941,0,2942491205,2942491205,0,0,2069353558,191970515,15.65,16.5
1152,2026-05-07 16:54:06,9,q75,0,20,606,16627,60153,256303,220655,350,632,30,6244,0,14470,428650,0,0,24682165216,1058647072,9180335472,0,0,140054991,4858,4858,0,3124854319,3124854319,0,0,2106972811,89656169,15.41,16.63
1153,2026-05-07 16:54:24,9,q76,0,5,233,4328,4245,63986,48774,327,396,10,1816,0,3433,1834613,0,0,18623056768,503804997,3936608940,0,0,30478,452,452,0,2480090,2480090,0,0,2480090,30478,14.78,4.33
1154,2026-05-07 16:54:29,9,q77,0,14,293,5581,27971,84163,65154,368,397,2,2586,0,3660,492478,0,0,1301698440,554423389,4519787444,0,0,79732,195,195,0,2924827,2924827,0,0,2924827,79732,15.08,5.58
1155,2026-05-07 16:54:36,9,q77a,0,17,298,5409,26525,79890,63994,350,382,12,2288,0,4089,491618,0,0,1907775144,554423389,4519787444,0,0,79963,207,207,0,3090403,3090403,0,0,2919791,77489,14.77,5.41
1156,2026-05-07 16:54:43,9,q78,0,14,501,59903,191582,928210,451178,1005,954,3,11216,0,455007,1065617,0,0,94462501856,554440947,5870412356,0,0,406636630,22041,22041,0,11365250369,11365250369,0,0,11365250369,406636630,15.5,59.9
1157,2026-05-07 16:55:44,9,q79,0,8,158,4266,4460,63857,53278,209,252,0,1552,0,3584,580162,0,0,10973653424,290033990,2194944544,0,0,3605127,2261,2261,0,110536843,110536843,0,0,110536843,3605127,14.97,4.27
1158,2026-05-07 16:55:49,9,q80,0,23,464,37588,127374,585148,427544,1492,1246,3,6333,0,150731,1106177,0,0,54884401176,554871773,7008068448,0,0,265494090,13408,13408,0,7544333779,7544333779,0,0,7544333779,265494090,15.57,37.59
1159,2026-05-07 16:56:28,9,q80a,0,26,469,31367,100701,483336,415872,1221,1277,0,5152,0,69276,1106091,0,0,55356260208,554871773,7008068448,0,0,265493762,13423,13423,0,7544502071,7544502071,0,0,7544280371,265491832,15.41,31.37
1160,2026-05-07 16:57:00,9,q81,0,13,163,2697,4574,31830,25885,197,221,0,752,0,2357,7971635,0,0,13574738872,32815644,493120964,0,0,11352561,1105,1105,0,248755021,248755021,0,0,248755021,11352561,11.8,2.7
1161,2026-05-07 16:57:04,9,q82,0,8,148,3085,4524,41401,37049,273,314,0,752,0,679,230075,0,0,201963240,687764388,2330593528,0,0,40831,112,112,0,228724,228724,0,0,228724,40831,13.42,3.08
1162,2026-05-07 16:57:08,9,q83,0,10,70,1145,2414,12776,11816,71,79,0,0,0,725,1563358,0,0,3577569720,50821969,408870628,0,0,400795,58,58,0,5436397,5436397,0,0,5436397,400795,11.16,1.14
1163,2026-05-07 16:57:10,9,q84,0,9,74,1378,2128,11935,10729,41,60,0,440,0,631,9716559,0,0,1313097696,33729631,260505488,0,0,27798549,39,39,0,145670742,145670742,0,0,145670742,27798549,8.66,1.38
1164,2026-05-07 16:57:13,9,q85,0,10,111,3393,17740,47578,43332,69,121,2,1904,0,1690,16953899,0,0,9166144312,84064697,1148586096,0,0,9151985,867,867,0,340232586,340232586,0,0,340232586,9151985,14.02,3.39
1165,2026-05-07 16:57:17,9,q86,0,5,47,1160,1099,14754,13940,44,59,0,0,0,635,3716103,0,0,3607813520,72225613,530286884,0,0,7501,41,41,0,521171,521171,0,0,521171,7501,12.72,1.16
1166,2026-05-07 16:57:20,9,q86a,0,8,52,1054,969,11791,9905,50,60,0,0,0,611,3716103,0,0,4146781072,72225613,530286884,0,0,20456,126,126,0,1499880,1499880,0,0,514832,7068,11.19,1.05
1167,2026-05-07 16:57:22,9,q87,0,13,361,8839,22954,136643,122982,197,336,1,2613,3,8520,404013,0,0,23379178504,506022125,1099168672,0,0,120819579,5015,5015,0,740269760,740269760,0,0,635129750,116819579,15.46,8.84
1168,2026-05-07 16:57:32,9,q88,0,26,858,9267,64793,144933,138725,24,507,1,1184,0,185,242208,0,0,2705525760,2304258706,5004945128,0,0,840,840,840,0,49558,49558,0,0,49558,840,15.64,9.27
1169,2026-05-07 16:57:42,9,q89,0,6,128,2864,2835,41347,37963,133,182,0,304,0,3926,577324,0,0,8715356488,288230790,2006943212,0,0,470930,1696,1696,0,22676235,22676235,0,0,22676235,470930,14.44,2.86
1170,2026-05-07 16:57:46,9,q90,0,8,86,642,976,8920,8312,3,45,0,288,0,11,92712,0,0,259051520,144052466,449798300,0,0,80,80,80,0,4720,4720,0,0,4720,80,13.89,0.64
1171,2026-05-07 16:57:48,9,q91,0,10,61,775,625,3477,3168,34,54,0,0,0,7,38453648,0,0,3695004344,19345852,255124852,0,0,134,5,5,0,19839,19839,0,0,11750,82,4.49,0.78
1172,2026-05-07 16:57:49,9,q92,0,7,103,1413,2179,20336,17417,84,103,0,176,0,1710,771374,0,0,3957955072,144227226,1056413764,0,0,1672198,696,696,0,21434447,21434447,0,0,21434447,1672198,14.39,1.41
1173,2026-05-07 16:57:52,9,q93,0,8,338,27622,45341,418391,384569,462,581,2,2064,0,45082,2210978,0,0,68145363512,316808109,2544387116,0,0,288995290,26212,26212,0,7314530014,7314530014,0,0,7314530014,288995290,15.15,27.62
1174,2026-05-07 16:58:21,9,q94,0,8,153,7985,23963,119584,100260,146,183,1,2054,0,14861,509440,0,0,16630437440,152222639,965260140,0,0,151171114,3640,3640,0,2240321543,2240321543,0,0,2240321543,151171114,14.98,7.98
1175,2026-05-07 16:58:30,9,q95,0,8,180,23395,34490,351667,314577,352,348,14,8389,0,7365,939608,0,0,49888658408,152222639,937587564,0,0,367104120,14137,14137,0,3290949327,3290949327,0,0,1995058746,151153176,15.03,23.4
1176,2026-05-07 16:58:54,9,q96,0,5,109,1222,1222,17995,17603,1,62,0,185,0,15,242294,0,0,335583360,288033990,627415888,0,0,105,105,105,0,6194,6194,0,0,6194,105,14.73,1.22
1177,2026-05-07 16:58:56,9,q97,0,5,204,12099,15148,160085,153423,195,261,0,1292,0,4621,402601,0,0,25362705944,432020512,2139985352,0,0,83874967,2091,2091,0,961496197,961496197,0,0,961496197,83874967,13.23,12.1
1178,2026-05-07 16:59:09,9,q98,0,7,136,2740,2645,36304,32767,146,186,5,512,0,3354,6562517,0,0,10869479536,288230388,2130541032,0,0,784257,1896,1896,0,107666178,107666178,0,0,103671552,753714,13.25,2.74
1179,2026-05-07 16:59:13,9,q99,0,7,87,1973,1958,25733,24200,96,132,0,552,0,364,501265,0,0,1632383928,144014189,512709324,0,0,32599,50,50,0,2191785,2191785,0,0,2191785,32599,13.04,1.97
