ID,timestamp,run_id,query,query_rerun_id,numStages,numTasks,elapsedTime,stageDuration,executorRunTime,executorCpuTime,executorDeserializeTime,executorDeserializeCpuTime,resultSerializationTime,jvmGCTime,shuffleFetchWaitTime,shuffleWriteTime,resultSize,diskBytesSpilled,memoryBytesSpilled,peakExecutionMemory,recordsRead,bytesRead,recordsWritten,bytesWritten,shuffleRecordsRead,shuffleTotalBlocksFetched,shuffleLocalBlocksFetched,shuffleRemoteBlocksFetched,shuffleTotalBytesRead,shuffleLocalBytesRead,shuffleRemoteBytesRead,shuffleRemoteBytesReadToDisk,shuffleBytesWritten,shuffleRecordsWritten,avg_active_tasks,elapsed_time_seconds
0,2026-05-07 22:39:19,0,q1,0,20,166,5007,8899,71191,51209,392,274,0,489,0,14811,888005,0,0,6837968664,57608002,1271209580,0,0,72725626,657,657,0,1190661689,1190661689,0,0,1190661689,72725626,14.22,5.01
1,2026-05-07 22:39:25,0,q2,0,11,157,3446,3262,47197,42751,248,245,0,1248,0,454,751663,0,0,1015601344,215402419,1473451860,0,0,5452,443,443,0,253813,253813,0,0,94315,3736,13.7,3.45
2,2026-05-07 22:39:30,0,q3,0,8,203,3723,6310,46841,30344,59,147,0,752,0,1383,379361,0,0,321929192,275322401,2050464132,0,0,44128980,45,45,0,503934957,503934957,0,0,503934957,44128980,12.58,3.72
3,2026-05-07 22:39:35,0,q4,0,25,884,51169,249980,808472,655756,2497,2434,36,13228,0,119233,763869,0,0,115125933792,767460074,10610269572,0,0,566100624,26383,26383,0,14405093283,14405093283,0,0,8517752891,341212705,15.8,51.17
4,2026-05-07 22:40:27,0,q5,0,17,462,16151,25332,223808,189439,558,727,0,5898,0,5858,1008385,0,0,9878613944,611443683,6695418308,0,0,79712968,1355,1355,0,1131525111,1131525111,0,0,1131525111,79712968,13.86,16.15
5,2026-05-07 22:40:45,0,q5a,0,14,456,14852,27664,204406,191564,685,781,3,5441,0,5629,1010062,0,0,9579389360,611443683,6695418308,0,0,78870684,1243,1243,0,1120812580,1120812580,0,0,1120603496,78867250,13.76,14.85
6,2026-05-07 22:41:01,0,q6,0,14,235,1982,4140,26298,22083,631,580,0,608,0,406,19031807,0,0,4846046928,278619450,1473397064,0,0,5131498,241,241,0,46129441,46129441,0,0,46129441,5131498,13.27,1.98
7,2026-05-07 22:41:04,0,q7,0,14,241,6537,11551,93572,71357,601,609,0,2512,0,4520,1563358,0,0,2992289488,277211152,3629109920,0,0,53995123,387,387,0,1565752008,1565752008,0,0,1565752008,53995123,14.31,6.54
8,2026-05-07 22:41:11,0,q8,0,10,218,1928,1845,23964,21945,297,381,0,192,0,233,9445148,0,0,14300899096,279065754,1452405524,0,0,49844,27,27,0,691429,691429,0,0,691429,49844,12.43,1.93
9,2026-05-07 22:41:14,0,q9,0,12,892,7503,36745,116002,104737,164,649,5,1789,0,1417,372164,0,0,0,1440031995,8961573852,0,0,885,885,885,0,72589,72589,0,0,72589,885,15.46,7.5
10,2026-05-07 22:41:23,0,q10,0,13,399,2873,5659,36284,31044,134,329,0,315,0,1398,375061,0,0,5741263080,496275522,1715088664,0,0,21068747,590,590,0,76722276,76722276,0,0,76722276,21068747,12.63,2.87
11,2026-05-07 22:41:27,0,q10a,0,10,389,2033,3295,27699,25793,106,286,0,391,0,1396,375878,0,0,4776185440,495275522,1690838172,0,0,22779154,615,615,0,106645593,106645593,0,0,106645593,22779154,13.62,2.03
12,2026-05-07 22:41:30,0,q11,0,20,582,16873,52169,261719,236193,1474,1477,2,5926,0,14834,588701,0,0,44656958720,624172317,4486575296,0,0,269945080,6328,6328,0,4430472060,4430472060,0,0,2954486332,191970515,15.51,16.87
13,2026-05-07 22:41:48,0,q12,0,6,64,1027,954,10700,9719,85,88,0,105,0,108,6520039,0,0,1869518136,72225613,862188032,0,0,99114,51,51,0,12153598,12153598,0,0,12153598,99114,10.42,1.03
14,2026-05-07 22:41:50,0,q13,0,9,203,4624,4732,68696,63639,112,192,0,2421,0,63,1749744,0,0,9406798104,277993754,4467780372,0,0,1617,178,178,0,35899,35899,0,0,35899,1617,14.86,4.62
15,2026-05-07 22:41:56,0,q14a,0,40,1597,53057,155998,796876,491924,3072,3365,28,18111,0,284828,2429660,0,0,36491257008,1962234888,14342224800,0,0,637520320,4646,4646,0,8525486642,8525486642,0,0,8517835505,637278694,15.02,53.06
16,2026-05-07 22:42:51,0,q14b,0,29,1115,22241,36246,310997,272585,2445,2616,1,6016,0,6917,2429660,0,0,26674438960,1531928344,9957224136,0,0,134728861,4206,4206,0,483516037,483516037,0,0,483516037,134728861,13.98,22.24
17,2026-05-07 22:43:15,0,q14,0,29,1108,18900,30358,266436,252778,2500,2660,10,7258,0,6022,2323166,0,0,24792507904,1531928344,9957224136,0,0,134059706,3342,3342,0,400783763,400783763,0,0,400783763,134059706,14.1,18.9
18,2026-05-07 22:43:35,0,q15,0,5,127,3330,3201,45368,42321,128,167,1,394,0,88,19031807,0,0,16422941624,146307757,980498216,0,0,3846,6,6,0,126385,126385,0,0,126385,3846,13.62,3.33
19,2026-05-07 22:43:39,0,q16,0,11,333,13835,40922,212509,193951,238,385,0,4797,0,17925,1099400,0,0,41901725888,303406100,2737991192,0,0,301219950,21803,21803,0,4330821187,4330821187,0,0,4330821187,301219950,15.36,13.84
20,2026-05-07 22:43:54,0,q17,0,14,343,5241,9239,74696,67688,887,961,2,1892,0,3542,13882585,0,0,6358661496,446411311,3633768752,0,0,28190115,1021,1021,0,594212181,594212181,0,0,594212181,28190115,14.25,5.24
21,2026-05-07 22:44:00,0,q18,0,9,168,3546,3968,49028,40402,265,286,1,1024,0,1276,17523249,0,0,26139084344,150353357,2688553624,0,0,553439,595,595,0,38719390,38719390,0,0,38719390,553439,13.83,3.55
22,2026-05-07 22:44:05,0,q18a,0,17,603,11398,34875,173989,156101,872,1072,2,3671,0,4262,17760578,0,0,118166450312,726708385,12973211948,0,0,654430,611,611,0,44144127,44144127,0,0,44144127,654430,15.26,11.4
23,2026-05-07 22:44:17,0,q19,0,7,209,2520,2488,32215,28489,217,300,0,484,0,122,19031635,0,0,29168675520,278269754,2360749224,0,0,13062,7,7,0,771144,771144,0,0,771144,13062,12.78,2.52
24,2026-05-07 22:44:21,0,q20,0,6,119,1203,1143,14683,13788,131,151,0,0,0,110,6520039,0,0,3049429856,143511757,1275560484,0,0,116863,63,63,0,14250561,14250561,0,0,14250561,116863,12.21,1.2
25,2026-05-07 22:44:23,0,q21,0,9,111,12678,17813,177015,169597,143,167,0,2596,0,8122,564480,0,0,44875139696,399554015,1490722888,0,0,399714480,966,966,0,3940135650,3940135650,0,0,3940132038,399714435,13.96,12.68
26,2026-05-07 22:44:37,0,q22,0,6,60,84511,84429,851561,841281,119,98,0,3108,0,861,9238108,0,0,4228256816,399554015,1463187508,0,0,8557877,374,374,0,367087690,367087690,0,0,367087690,8557877,10.08,84.51
27,2026-05-07 22:46:03,0,q22a,0,10,129,5211,6095,52093,48312,208,218,0,257,0,2855,9238108,0,0,12899456888,399554015,1463394376,0,0,4894300,832,832,0,247912932,247912932,0,0,61220432,1224712,10.0,5.21
28,2026-05-07 22:46:09,0,q23a,0,19,823,38215,65865,593597,569202,1732,1846,2,13239,0,16879,13148461,0,0,94153239928,1055670462,6692761528,0,0,161107479,12499,12499,0,3945819989,3945819989,0,0,3512959568,129085847,15.53,38.22
29,2026-05-07 22:46:48,0,q23b,0,22,857,40644,72979,626512,605362,1915,1961,4,7936,0,17275,13148461,0,0,107094764144,1057670462,6767148624,0,0,219629090,21997,21997,0,4869606515,4869606515,0,0,3569046901,131163350,15.41,40.64
30,2026-05-07 22:47:30,0,q24,0,14,271,5101,11685,71913,64862,1115,1017,0,2370,0,5845,12971968,0,0,7305478504,320216803,3134271732,0,0,31568282,3381,3381,0,449426479,449426479,0,0,449426479,31568282,14.1,5.1
31,2026-05-07 22:47:36,0,q24a,0,21,498,12251,18167,164081,151579,1667,1654,1,3881,0,12307,7938360,0,0,21574691736,608427191,5623112488,0,0,100579192,7968,7968,0,1944720502,1944720502,0,0,1538197907,69847453,13.39,12.25
32,2026-05-07 22:47:50,0,q24b,0,22,499,10985,17381,147957,139012,1699,1638,1,4512,0,10931,7938833,0,0,18878557560,608427191,5623112488,0,0,99830490,4813,4813,0,1919211525,1919211525,0,0,1512688930,69098751,13.47,10.98
33,2026-05-07 22:48:02,0,q25,0,14,343,5088,9295,73612,69979,866,955,5,960,0,1706,13882585,0,0,6009723240,446411311,4626819376,0,0,20197026,830,830,0,402780850,402780850,0,0,402780850,20197026,14.47,5.09
34,2026-05-07 22:48:08,0,q26,0,7,129,2411,2494,34925,32507,202,205,0,640,0,592,1563358,0,0,5378073712,145433557,2152756208,0,0,382055,420,420,0,12871388,12871388,0,0,12871388,382055,14.49,2.41
35,2026-05-07 22:48:11,0,q27,0,7,200,3289,3359,46861,44668,271,337,0,960,0,645,1563358,0,0,7074476616,277190554,3329703144,0,0,175061,240,240,0,6795965,6795965,0,0,6795965,175061,14.25,3.29
36,2026-05-07 22:48:16,0,q27a,0,11,560,9968,20523,152327,131376,677,803,0,2388,0,5218,1563401,0,0,12766404736,827485660,9932426740,0,0,178432,412,412,0,7388635,7388635,0,0,7388635,178432,15.28,9.97
37,2026-05-07 22:48:27,0,q28,0,18,1162,14339,84817,225375,196944,1160,1501,0,1835,0,32682,517422,0,0,71975279584,1728038328,13748551896,0,0,7116804,16732,16732,0,114797114,114797114,0,0,114797114,7116804,15.72,14.34
38,2026-05-07 22:48:42,0,q29,0,17,352,10523,15798,142000,133117,1001,1000,1,2112,0,5425,13882585,0,0,12510713656,446451311,3638376400,0,0,93232843,2551,2551,0,1596736101,1596736101,0,0,1596736101,93232843,13.49,10.52
39,2026-05-07 22:48:54,0,q30,0,13,134,1830,2877,22693,19438,180,172,0,868,0,2088,7971549,0,0,9411896944,17769800,743614760,0,0,6155572,546,546,0,282153607,282153607,0,0,282153607,6155572,12.4,1.83
40,2026-05-07 22:48:57,0,q31,0,19,694,5987,30538,87846,82543,740,869,0,1735,0,867,15346863,0,0,53437053720,1042200895,6378936504,0,0,106264,59,59,0,3483990,3483990,0,0,2892920,87848,14.67,5.99
41,2026-05-07 22:49:04,0,q32,0,7,215,2254,3161,32835,30396,117,205,0,848,0,711,478040,0,0,1291866552,286799514,2512964328,0,0,743337,164,164,0,9518155,9518155,0,0,9518155,743337,14.57,2.25
42,2026-05-07 22:49:07,0,q33,0,9,347,3435,7854,50002,47118,386,491,1,1029,0,148,1857266,0,0,12175045880,491762722,4515587444,0,0,10978,11,11,0,280380,280380,0,0,280380,10978,14.56,3.44
43,2026-05-07 22:49:11,0,q34,0,9,227,2120,2391,29026,27222,267,307,0,636,0,1422,958673,0,0,781712488,277072954,968580900,0,0,4031113,93,93,0,135549984,135549984,0,0,68462305,2031113,13.69,2.12
44,2026-05-07 22:49:15,0,q35,0,10,395,4233,7440,59832,50107,155,319,0,1104,0,2545,23973811,0,0,15435040688,495275522,1688913052,0,0,57691365,1530,1530,0,114304595,114304595,0,0,114304595,57691365,14.13,4.23
45,2026-05-07 22:49:20,0,q35a,0,9,395,3294,4700,45807,41745,188,335,0,1200,0,2257,23973725,0,0,14579403080,495275522,1688913052,0,0,57706997,1496,1496,0,114272861,114272861,0,0,114272861,57706997,13.91,3.29
46,2026-05-07 22:49:24,0,q36,0,6,185,3147,3083,44955,41667,208,287,0,1360,0,340,3716103,0,0,6227555056,275269754,2978609208,0,0,6461,37,37,0,507409,507409,0,0,507409,6461,14.29,3.15
47,2026-05-07 22:49:29,0,q36a,0,9,190,3035,2958,41799,40302,240,280,0,384,0,403,3716103,0,0,6766522928,275269754,2978609208,0,0,17918,114,114,0,1456815,1456815,0,0,501753,6222,13.77,3.04
48,2026-05-07 22:49:33,0,q37,0,6,159,5129,9232,59983,56666,49,120,0,1164,0,3972,215892,0,0,4913203808,543548124,2295384536,0,0,51928707,1736,1736,0,663087242,663087242,0,0,663087242,143994433,11.69,5.13
49,2026-05-07 22:49:39,0,q38,0,13,460,8845,23222,137011,123269,187,413,0,2590,0,7060,404013,0,0,23483277400,492354722,1637058416,0,0,120819579,4029,4029,0,731366019,731366019,0,0,626226009,116819579,15.49,8.85
50,2026-05-07 22:49:49,0,q39a,0,11,133,4811,8525,60518,57753,251,241,0,608,0,1149,2464219,0,0,6089430560,798904015,2943508300,0,0,9293617,136,136,0,211977496,211977496,0,0,142439707,6233617,12.58,4.81
51,2026-05-07 22:49:55,0,q39b,0,11,132,4130,7482,49905,48283,228,236,0,670,0,736,1038243,0,0,5705979424,798904015,2943508300,0,0,9184459,136,136,0,208912193,208912193,0,0,139374404,6124459,12.08,4.13
52,2026-05-07 22:50:00,0,q40,0,8,179,8508,23420,124599,118485,135,204,0,1958,0,10205,512056,0,0,24442330840,157909594,1881637444,0,0,157478827,6105,6105,0,3051101978,3051101978,0,0,3051101978,157478827,14.64,8.51
53,2026-05-07 22:50:09,0,q41,0,4,10,208,172,242,186,11,11,0,0,0,12,24680,0,0,472399704,408000,16770080,0,0,292,2,2,0,19225,19225,0,0,19225,292,1.16,0.21
54,2026-05-07 22:50:11,0,q42,0,4,183,1718,1702,24949,23163,193,233,0,400,0,22,802038,0,0,977970480,275269352,2050075012,0,0,77,7,7,0,6387,6387,0,0,6387,77,14.52,1.72
55,2026-05-07 22:50:13,0,q43,0,4,180,1761,1737,25437,23805,197,268,0,672,0,348,806940,0,0,486052448,275065754,1162666884,0,0,4641,39,39,0,514380,514380,0,0,514380,4641,14.44,1.76
56,2026-05-07 22:50:16,0,q44,0,8,393,3357,3594,48929,44084,373,452,0,938,0,4757,3433901,0,0,7741096888,576213690,3756937816,0,0,2629123,5873,5873,0,38073629,38073629,0,0,19046187,1314826,14.58,3.36
57,2026-05-07 22:50:21,0,q45,0,7,82,1603,1526,17713,15604,66,88,0,700,0,52,19031764,0,0,11853074376,75245613,918715172,0,0,179,7,7,0,16081,16081,0,0,16081,179,11.05,1.6
58,2026-05-07 22:50:23,0,q46,0,9,226,3539,3585,48879,46646,275,360,0,352,0,2113,13515525,0,0,15899941704,278072954,2253445028,0,0,2097508,510,510,0,69757336,69757336,0,0,69757336,2097508,13.81,3.54
59,2026-05-07 22:50:28,0,q47,0,11,243,4090,4779,56333,51289,323,395,0,864,0,2842,4612594,0,0,12368581712,275269754,1948681620,0,0,1731601,1904,1904,0,69616535,69616535,0,0,44127333,1097634,13.77,4.09
60,2026-05-07 22:50:33,0,q48,0,6,200,6459,6574,97730,91771,305,328,0,3438,0,63,2200929,0,0,9212197224,277986554,2695225520,0,0,177,177,177,0,10161,10161,0,0,10161,177,15.13,6.46
61,2026-05-07 22:50:41,0,q49,0,20,445,9111,33639,138570,128173,680,793,0,3680,0,8362,2393806,0,0,5390216224,540766019,8136973992,0,0,86104356,229,229,0,1835926195,1835926195,0,0,1835926195,86104356,15.21,9.11
62,2026-05-07 22:50:51,0,q50,0,10,306,22336,71825,322245,201206,362,455,2,2192,0,130034,1280207,0,0,40984956952,302952603,2260485900,0,0,265637490,17904,17904,0,5740033363,5740033363,0,0,5740033363,265637490,14.43,22.34
63,2026-05-07 22:51:14,0,q51,0,10,328,13346,19733,190169,176853,409,505,0,2855,0,11528,657959,0,0,24464714264,347066965,2668666900,0,0,142655042,2652,2652,0,2404443584,2404443584,0,0,2404443584,142655042,14.25,13.35
64,2026-05-07 22:51:29,0,q51a,0,14,399,247286,286856,3224176,3146041,698,767,0,35075,0,13054,657873,0,0,68288100152,347066965,2668666900,0,0,283180134,3590,3590,0,4672696778,4672696778,0,0,3426425596,216786871,13.04,247.29
65,2026-05-07 22:55:37,0,q52,0,4,183,1455,1437,20574,19197,195,241,0,272,0,102,802038,0,0,977970480,275269352,2050402692,0,0,5811,7,7,0,293389,293389,0,0,293389,5811,14.14,1.46
66,2026-05-07 22:55:40,0,q53,0,6,185,1912,1900,26066,25025,200,280,0,288,0,600,954975,0,0,831690704,275269754,1949488532,0,0,40504,40,40,0,1030188,1030188,0,0,1030188,40504,13.63,1.91
67,2026-05-07 22:55:43,0,q54,0,17,382,3744,5732,54208,49631,665,802,1,1904,0,561,19031678,0,0,17553741704,493745222,3161434748,0,0,8236463,150,150,0,77409275,77409275,0,0,77409275,8236463,14.48,3.74
68,2026-05-07 22:55:47,0,q55,0,4,183,1817,1803,26435,25168,263,243,0,528,0,92,802038,0,0,977970480,275269352,2050402692,0,0,4038,7,7,0,216502,216502,0,0,216502,4038,14.55,1.82
69,2026-05-07 22:55:50,0,q56,0,9,347,3653,8230,53648,50351,365,491,0,1257,0,150,1857309,0,0,10172988560,491762722,4515788148,0,0,45468,11,11,0,897485,897485,0,0,897485,45468,14.69,3.65
70,2026-05-07 22:55:55,0,q57,0,11,179,3166,3927,42734,36889,262,298,0,784,0,3226,4612594,0,0,11997790808,143511787,1212202476,0,0,2530171,2204,2204,0,102683161,102683161,0,0,66011877,1611492,13.5,3.17
71,2026-05-07 22:55:59,0,q58,0,11,338,3958,10515,57204,54021,347,468,0,784,0,96,1563358,0,0,7566828872,490704820,4170672520,0,0,569331,14,14,0,7227315,7227315,0,0,7227315,569331,14.45,3.96
72,2026-05-07 22:56:04,0,q59,0,15,367,4198,7424,51140,48218,490,644,0,1045,0,1113,1197445,0,0,4096270224,550317606,2333459528,0,0,108743,79,79,0,2776772,2776772,0,0,2776772,108743,12.18,4.2
73,2026-05-07 22:56:10,0,q60,0,9,347,3531,7737,51161,48647,345,490,2,464,0,244,1857309,0,0,12029349864,491762722,4515722612,0,0,279984,17,17,0,4330588,4330588,0,0,4330588,279984,14.49,3.53
74,2026-05-07 22:56:14,0,q61,0,10,388,4669,7089,66924,63466,65,269,27,644,0,62,19031721,0,0,39864657912,553316106,5018786280,0,0,354,354,354,0,20206,20206,0,0,20206,354,14.33,4.67
75,2026-05-07 22:56:20,0,q62,0,8,71,4136,4119,55350,51471,47,67,0,960,0,2772,184378,0,0,9421383712,72021672,619238316,0,0,71969010,882,882,0,1239525462,1239525462,0,0,1239525462,71969010,13.38,4.14
76,2026-05-07 22:56:25,0,q63,0,6,185,1925,1900,26742,24852,199,268,0,784,0,333,955577,0,0,898734008,275269754,1949427092,0,0,6202,40,40,0,282597,282597,0,0,282597,6202,13.89,1.92
77,2026-05-07 22:56:28,0,q64,0,40,671,24911,78349,371460,345703,2479,2213,32,8694,0,10911,54398066,0,0,48340685880,742774732,10472003400,0,0,228701906,6239,6239,0,3507320876,3507320876,0,0,3036951721,193602957,14.91,24.91
78,2026-05-07 22:56:54,0,q65,0,10,430,11580,21956,172784,165814,521,674,2,2062,0,8749,18324921,0,0,22006040880,550315106,3866375608,0,0,121692348,1377,1377,0,3654658197,3654658197,0,0,3654658197,121692348,14.92,11.58
79,2026-05-07 22:57:07,0,q66,0,12,190,5994,12295,80961,72101,235,254,0,1659,0,4780,224168,0,0,2612683048,215349405,2680463820,0,0,42730694,88,88,0,1428970814,1428970814,0,0,1428970814,42730694,13.51,5.99
80,2026-05-07 22:57:14,0,q67,0,7,288,45123,45034,655332,636347,490,542,0,8012,0,11039,9238108,0,0,55931048560,275269754,2200372628,0,0,69861424,4304,4304,0,4950340389,4950340389,0,0,4950340389,69861424,14.52,45.12
81,2026-05-07 22:58:00,0,q67a,0,15,864,72107,238602,1113777,1084119,2149,2274,2,10894,0,25266,9238108,0,0,222496441056,275269754,2200372628,0,0,534489538,27228,27228,0,36235187741,36235187741,0,0,7656162005,120915778,15.45,72.11
82,2026-05-07 22:59:14,0,q68,0,9,222,4116,4394,57258,52797,288,360,0,672,0,789,13515611,0,0,15216494808,278072954,3513939876,0,0,2022735,57,57,0,65545698,65545698,0,0,65545698,2022735,13.91,4.12
83,2026-05-07 22:59:19,0,q69,0,9,378,2262,4865,32695,29275,63,260,0,224,0,1462,28676461,0,0,10798078856,495275522,1690182812,0,0,16091419,510,510,0,46264707,46264707,0,0,46264707,16091419,14.45,2.26
84,2026-05-07 22:59:22,0,q70,0,9,361,4348,4288,63219,59641,438,573,26,1280,0,268,1853293,0,0,3790811104,550111508,2740629432,0,0,1513,80,80,0,95537,95537,0,0,95537,1513,14.54,4.35
85,2026-05-07 22:59:28,0,q70a,0,12,366,3563,3451,49186,47248,467,569,0,847,0,259,1842951,0,0,1645422544,550111508,2740629432,0,0,1746,151,151,0,128743,128743,0,0,64687,1098,13.8,3.56
86,2026-05-07 22:59:32,0,q71,0,7,337,3779,3722,54522,49412,409,555,4,928,0,357,2122873,0,0,3028453712,490598722,4365505660,0,0,265678,129,129,0,9892202,9892202,0,0,5917389,163589,14.43,3.78
87,2026-05-07 22:59:37,0,q72,0,15,408,153003,183649,2376070,2334443,572,727,1,6513,0,28516,13148504,0,0,82523784096,559314692,3626520744,0,0,537663712,31195,31195,0,9684034978,9684034978,0,0,9684034978,537663712,15.53,153.0
88,2026-05-07 23:02:11,0,q73,0,9,227,1835,2274,25526,24135,215,291,0,340,0,936,954459,0,0,844244024,277072954,968580900,0,0,4016581,67,67,0,134836322,134836322,0,0,67748643,2016581,13.91,1.84
89,2026-05-07 23:02:14,0,q74,0,20,576,15133,48823,235818,215313,1324,1405,0,4096,0,11314,588701,0,0,43804974688,624172317,3650770112,0,0,269945080,5884,5884,0,2931097453,2931097453,0,0,2060559802,191970515,15.58,15.13
90,2026-05-07 23:02:30,0,q75,0,20,799,17020,61033,262023,237420,415,800,3,9076,0,13858,428693,0,0,25567741520,1031312266,11270242804,0,0,140055201,3515,3515,0,3212139261,3212139261,0,0,2149398978,89656379,15.4,17.02
91,2026-05-07 23:02:48,0,q76,0,4,330,3829,3780,57110,51034,382,525,0,832,0,3399,1928324,0,0,26422108936,484839089,4424420072,0,0,6243,320,320,0,656817,656817,0,0,656817,6243,14.92,3.83
92,2026-05-07 23:02:53,0,q77,0,15,404,4197,23811,63101,58781,387,507,0,784,0,478,803199,0,0,7253365488,539423686,5882073092,0,0,1714211,204,204,0,24310342,24310342,0,0,24310342,1714211,15.03,4.2
93,2026-05-07 23:02:59,0,q77a,0,17,392,4210,20121,60530,57018,397,515,0,848,0,258,802683,0,0,2247037544,539423686,5882073092,0,0,15022,53,53,0,673560,673560,0,0,502934,12548,14.38,4.21
94,2026-05-07 23:03:04,0,q78,0,14,601,81055,272558,1267143,450088,1122,1215,3,10932,0,822763,1065488,0,0,96406578560,540773544,7316889180,0,0,406636630,23781,23781,0,11387040654,11387040654,0,0,11387040654,406636630,15.63,81.06
95,2026-05-07 23:04:26,0,q79,0,8,230,3474,3671,50682,46498,325,366,0,416,0,3447,962844,0,0,10552278304,277072954,2224484308,0,0,3605120,2091,2091,0,110891741,110891741,0,0,110891741,3605120,14.59,3.47
96,2026-05-07 23:04:31,0,q80,0,23,558,81306,326430,1285989,389918,1740,1810,0,6239,0,884395,1105833,0,0,54884401176,541204370,8455423984,0,0,265494090,15013,15013,0,7549170047,7549170047,0,0,7549170047,265494090,15.82,81.31
97,2026-05-07 23:05:53,0,q80a,0,26,563,73542,293198,1151272,387217,1578,1705,0,4976,0,754052,1105876,0,0,55356260208,541204370,8455423984,0,0,265493762,15045,15045,0,7549353208,7549353208,0,0,7549131508,265491832,15.65,73.54
98,2026-05-07 23:07:08,0,q81,0,13,157,2597,4293,36926,26366,244,229,0,256,0,4389,7971334,0,0,14251811176,32815644,1208436504,0,0,11401658,1445,1445,0,250016314,250016314,0,0,250016314,11401658,14.22,2.6
99,2026-05-07 23:07:12,0,q82,0,8,225,3116,4398,39318,33599,407,510,0,430,0,840,387036,0,0,212456560,687764388,2718364488,0,0,40831,188,188,0,222322,222322,0,0,222322,40831,12.62,3.12
100,2026-05-07 23:07:16,0,q83,0,10,64,1196,2614,14086,12490,64,78,0,0,0,171,1563358,0,0,2136787360,49489669,1250623860,0,0,343033,13,13,0,4206315,4206315,0,0,4206315,343033,11.78,1.2
101,2026-05-07 23:07:18,0,q84,0,9,76,1479,3456,15231,13726,51,63,0,464,0,944,9716344,0,0,1313097696,33729631,585378828,0,0,27798849,47,47,0,145871308,145871308,0,0,145871308,27798849,10.3,1.48
102,2026-05-07 23:07:21,0,q85,0,10,114,3458,6215,51062,44857,101,132,0,1920,0,2559,16953813,0,0,9166144312,84064695,1698314788,0,0,9151985,1088,1088,0,346981786,346981786,0,0,346981786,9151985,14.77,3.46
103,2026-05-07 23:07:25,0,q86,0,5,54,1482,1416,19183,17459,68,74,0,240,0,310,3716103,0,0,3141894008,72225613,838791680,0,0,5853,32,32,0,405271,405271,0,0,405271,5853,12.94,1.48
104,2026-05-07 23:07:28,0,q86a,0,8,59,1070,998,11656,11067,59,74,0,0,0,331,3716103,0,0,3479534984,72225613,838791680,0,0,14495,90,90,0,1060269,1060269,0,0,368295,5081,10.89,1.07
105,2026-05-07 23:07:30,0,q87,0,13,460,8507,22308,131251,116075,228,434,0,1504,0,6316,404013,0,0,23483277400,492354722,1637058416,0,0,120819579,4029,4029,0,731366019,731366019,0,0,626226009,116819579,15.43,8.51
106,2026-05-07 23:07:39,0,q88,0,26,1434,8358,58438,129120,123482,38,873,1,1008,0,458,406544,0,0,4560743424,2304258706,5960837004,0,0,1416,1416,1416,0,83536,83536,0,0,83536,1416,15.45,8.36
107,2026-05-07 23:07:49,0,q89,0,6,186,2448,2423,34639,32090,183,263,0,304,0,727,954674,0,0,3702034056,275269754,1949087124,0,0,31480,80,80,0,2454934,2454934,0,0,2454934,31480,14.15,2.45
108,2026-05-07 23:07:52,0,q90,0,8,100,761,1122,10995,10428,16,60,0,0,0,14,108068,0,0,304385536,144052466,1123390420,0,0,94,94,94,0,5546,5546,0,0,5546,94,14.45,0.76
109,2026-05-07 23:07:54,0,q91,0,10,58,1008,1195,8429,7882,40,51,1,0,0,10,38453906,0,0,3171041144,19345852,625547844,0,0,184,7,7,0,27623,27623,0,0,15642,107,8.36,1.01
110,2026-05-07 23:07:56,0,q92,0,7,107,1498,2116,20893,19143,67,101,0,30,0,618,711831,0,0,965375384,144227226,1685818016,0,0,626333,89,89,0,8063089,8063089,0,0,8063089,626333,13.95,1.5
111,2026-05-07 23:07:59,0,q93,0,8,412,47696,102638,727177,374986,489,645,0,3424,3,363894,2210376,0,0,68145363512,316808109,3028630928,0,0,288995290,41612,41612,0,7557239367,7557239367,0,0,7557239367,288995290,15.25,47.7
112,2026-05-07 23:08:48,0,q94,0,8,163,7400,19815,110130,98069,139,193,0,2465,0,8884,509440,0,0,16630437440,152222639,1732707064,0,0,151171114,4440,4440,0,2327043572,2327043572,0,0,2327043572,151171114,14.88,7.4
113,2026-05-07 23:08:56,0,q95,0,8,190,32370,62890,495539,306730,406,401,0,5502,0,179934,939608,0,0,49888658408,152222639,1759392700,0,0,367104120,16884,16884,0,3413487125,3413487125,0,0,2085729728,151153176,15.31,32.37
114,2026-05-07 23:09:29,0,q96,0,5,181,1089,1089,15490,15068,10,107,0,135,0,25,406759,0,0,565697664,288033990,746902404,0,0,177,177,177,0,10443,10443,0,0,10443,177,14.22,1.09
115,2026-05-07 23:09:32,0,q97,0,5,296,11553,14390,152967,146439,306,407,1,1488,0,3327,657443,0,0,22641659872,418353109,2313457720,0,0,83759300,1258,1258,0,957391348,957391348,0,0,957391348,83759300,13.24,11.55
116,2026-05-07 23:09:44,0,q98,0,7,201,2088,1982,25447,23164,224,270,4,272,0,142,6562512,0,0,4972634216,275269352,2070444420,0,0,180904,99,99,0,22380645,22380645,0,0,18573108,150361,12.19,2.09
117,2026-05-07 23:09:47,0,q99,0,7,109,2055,2044,27979,25954,156,175,0,368,0,733,628656,0,0,3131391776,144014189,784247648,0,0,64704,196,196,0,4418969,4418969,0,0,4418969,64704,13.62,2.06
118,2026-05-07 23:09:50,1,q1,0,10,110,1922,3286,28152,25263,160,158,0,552,0,1905,20278076,0,0,9612412712,57608002,1271209580,0,0,16231984,697,697,0,253663308,253663308,0,0,253663308,16231984,14.65,1.92
119,2026-05-07 23:09:53,1,q2,0,9,155,3067,3000,44153,40467,178,231,0,2272,0,477,751663,0,0,1015601344,215402419,1473451860,0,0,5452,443,443,0,253813,253813,0,0,94315,3736,14.4,3.07
120,2026-05-07 23:09:58,1,q3,0,4,183,1654,1645,23591,22435,191,238,0,240,0,514,805478,0,0,534265832,275322401,2050464132,0,0,4517,34,34,0,363558,363558,0,0,363558,4517,14.26,1.65
121,2026-05-07 23:10:00,1,q4,0,25,884,67674,327324,1072941,660164,2088,2229,17,13630,0,391465,763869,0,0,115125933792,767460074,10610269572,0,0,566100624,26383,26383,0,14405093283,14405093283,0,0,8517752891,341212705,15.85,67.67
122,2026-05-07 23:11:09,1,q5,0,11,451,14933,28363,207805,195106,549,725,0,3376,0,4773,1008385,0,0,9107530328,611443683,6695418308,0,0,78868093,1232,1232,0,1120579083,1120579083,0,0,1120579083,78868093,13.92,14.93
123,2026-05-07 23:11:25,1,q5a,0,14,456,14847,27968,204839,194064,572,745,0,3232,0,5031,1008729,0,0,9579389360,611443683,6695418308,0,0,78870684,1243,1243,0,1120812580,1120812580,0,0,1120603496,78867250,13.8,14.85
124,2026-05-07 23:11:41,1,q6,0,13,234,1863,4148,25542,23691,484,567,19,526,0,402,8436953,0,0,5221591328,278619450,1473397064,0,0,5131498,241,241,0,45192822,45192822,0,0,45192822,5131498,13.71,1.86
125,2026-05-07 23:11:44,1,q7,0,7,210,4794,4817,71480,50514,246,306,0,2160,0,1140,1563358,0,0,7744599432,277191152,3626945360,0,0,699118,640,640,0,22293947,22293947,0,0,22293947,699118,14.91,4.79
126,2026-05-07 23:11:50,1,q8,0,10,218,2102,2251,27237,22357,277,373,4,218,0,225,9445320,0,0,14300899096,279065754,1452405524,0,0,49844,27,27,0,691429,691429,0,0,691429,49844,12.96,2.1
127,2026-05-07 23:11:53,1,q9,0,11,891,7549,37114,117091,105860,128,614,0,2160,0,266,372422,0,0,0,1440031995,8961573852,0,0,885,885,885,0,72589,72589,0,0,72589,885,15.51,7.55
128,2026-05-07 23:12:02,1,q10,0,13,399,2797,6383,39990,34891,129,316,6,640,0,1473,375104,0,0,5741263080,496275522,1715088664,0,0,21068747,590,590,0,76722276,76722276,0,0,76722276,21068747,14.3,2.8
129,2026-05-07 23:12:06,1,q10a,0,10,389,1936,3141,26210,24753,111,286,0,316,0,1386,375190,0,0,4776185440,495275522,1690838172,0,0,22779154,615,615,0,106645593,106645593,0,0,106645593,22779154,13.54,1.94
130,2026-05-07 23:12:08,1,q11,0,20,582,16749,52880,260897,240361,1476,1463,0,9008,0,13347,588701,0,0,44656958720,624172317,4486575296,0,0,269945080,6328,6328,0,4430472060,4430472060,0,0,2954486332,191970515,15.58,16.75
131,2026-05-07 23:12:26,1,q12,0,6,64,1025,964,11319,10344,76,82,0,160,0,140,6520039,0,0,1869518136,72225613,862188032,0,0,99114,51,51,0,12153598,12153598,0,0,12153598,99114,11.04,1.02
132,2026-05-07 23:12:28,1,q13,0,7,201,4942,5041,72775,64409,135,193,3,1735,0,35,1749959,0,0,9406798104,277993754,4467780372,0,0,177,177,177,0,11061,11061,0,0,11061,177,14.73,4.94
133,2026-05-07 23:12:34,1,q14a,0,40,1597,60934,177839,921847,493696,2943,3333,0,10122,0,419302,2429660,0,0,36491257008,1962234888,14342224800,0,0,637520320,4646,4646,0,8525486642,8525486642,0,0,8517835505,637278694,15.13,60.93
134,2026-05-07 23:13:37,1,q14b,0,29,1115,22206,34920,312704,278836,2342,2603,0,3648,0,18949,2429660,0,0,26674438960,1531928344,9957224136,0,0,134728861,4206,4206,0,483516037,483516037,0,0,483516037,134728861,14.08,22.21
135,2026-05-07 23:14:01,1,q14,0,29,1108,19002,30875,267761,253059,2383,2683,0,3604,0,6083,2323166,0,0,24792507904,1531928344,9957224136,0,0,134059706,3342,3342,0,400783763,400783763,0,0,400783763,134059706,14.09,19.0
136,2026-05-07 23:14:21,1,q15,0,5,127,3250,3000,44430,42127,123,166,0,329,0,91,19031463,0,0,16422941624,146307757,980498216,0,0,3846,6,6,0,126385,126385,0,0,126385,3846,13.67,3.25
137,2026-05-07 23:14:25,1,q16,0,8,330,13348,37453,206330,184480,429,509,0,2568,3,19007,1273084,0,0,41785807200,303406100,2737991192,0,0,301125284,21800,21800,0,4329169801,4329169801,0,0,4329169801,301125284,15.46,13.35
138,2026-05-07 23:14:40,1,q17,0,14,343,5301,9332,75357,67090,838,946,2,1248,0,2545,13882585,0,0,6358661496,446411311,3633768752,0,0,28190115,1021,1021,0,594212181,594212181,0,0,594212181,28190115,14.22,5.3
139,2026-05-07 23:14:46,1,q18,0,9,168,3430,3747,47722,42949,258,291,3,1184,0,688,17523120,0,0,26139084344,150353357,2688553624,0,0,553439,595,595,0,38719390,38719390,0,0,38719390,553439,13.91,3.43
140,2026-05-07 23:14:51,1,q18a,0,17,603,10916,32647,166836,154318,886,1061,0,4084,0,2242,17760707,0,0,118166450312,726708385,12973211948,0,0,654430,611,611,0,44144127,44144127,0,0,44144127,654430,15.28,10.92
141,2026-05-07 23:15:03,1,q19,0,7,209,2375,2223,30193,28434,217,300,0,448,0,119,19031463,0,0,29168675520,278269754,2360749224,0,0,13062,7,7,0,771144,771144,0,0,771144,13062,12.71,2.38
142,2026-05-07 23:15:06,1,q20,0,6,119,1334,1272,16488,14878,128,155,0,464,0,120,6520039,0,0,3049429856,143511757,1275560484,0,0,116863,63,63,0,14250561,14250561,0,0,14250561,116863,12.36,1.33
143,2026-05-07 23:15:08,1,q21,0,6,51,2882,2869,36999,27158,63,74,0,496,0,91,194566,0,0,1090540592,399554015,1490722888,0,0,576530,56,56,0,9130050,9130050,0,0,9130050,576530,12.84,2.88
144,2026-05-07 23:15:12,1,q22,0,6,60,84468,84397,869485,862369,110,99,0,4508,0,847,9238108,0,0,4228256816,399554015,1463187508,0,0,8557877,374,374,0,367087690,367087690,0,0,367087690,8557877,10.29,84.47
145,2026-05-07 23:16:38,1,q22a,0,10,129,5343,6299,53351,49426,194,223,0,228,0,2651,9238108,0,0,12899456888,399554015,1463394376,0,0,4894300,832,832,0,247912932,247912932,0,0,61220432,1224712,9.99,5.34
146,2026-05-07 23:16:44,1,q23a,0,19,823,38160,65556,592949,574200,1641,1824,2,9449,0,16414,13148461,0,0,94153239928,1055670462,6692761528,0,0,161107479,12499,12499,0,3945819989,3945819989,0,0,3512959568,129085847,15.54,38.16
147,2026-05-07 23:17:24,1,q23b,0,22,857,40942,74742,631698,609733,1823,1949,1,8380,0,17779,13148504,0,0,107094764144,1057670462,6767148624,0,0,219629090,21997,21997,0,4869606515,4869606515,0,0,3569046901,131163350,15.43,40.94
148,2026-05-07 23:18:06,1,q24,0,14,271,5131,11778,72458,65031,1048,1011,0,1456,0,7260,12971968,0,0,7305478504,320216803,3134271732,0,0,31568282,3381,3381,0,449426479,449426479,0,0,449426479,31568282,14.12,5.13
149,2026-05-07 23:18:12,1,q24a,0,21,498,13081,18781,178033,154248,1760,1655,3,2672,0,22244,7938360,0,0,21574691736,608427191,5623112488,0,0,100579192,7968,7968,0,1944720502,1944720502,0,0,1538197907,69847453,13.61,13.08
150,2026-05-07 23:18:26,1,q24b,0,22,499,10844,17132,145204,138501,1692,1625,7,2057,0,11332,7938532,0,0,18878557560,608427191,5623112488,0,0,99830490,4813,4813,0,1919211525,1919211525,0,0,1512688930,69098751,13.39,10.84
151,2026-05-07 23:18:38,1,q25,0,14,343,4964,9019,71512,68374,900,955,1,496,0,1632,13882585,0,0,6009723240,446411311,4626819376,0,0,20197026,830,830,0,402780850,402780850,0,0,402780850,20197026,14.41,4.96
152,2026-05-07 23:18:44,1,q26,0,7,129,2288,2314,33503,31284,158,196,0,432,0,583,1563358,0,0,5378073712,145433557,2152756208,0,0,382055,420,420,0,12871388,12871388,0,0,12871388,382055,14.64,2.29
153,2026-05-07 23:18:47,1,q27,0,7,200,3274,3292,46973,44997,262,326,0,400,0,652,1563358,0,0,7074476616,277190554,3329703144,0,0,175061,240,240,0,6795965,6795965,0,0,6795965,175061,14.35,3.27
154,2026-05-07 23:18:52,1,q27a,0,11,560,8816,17860,134107,129943,538,801,0,1168,0,1261,1563358,0,0,12766404736,827485660,9932426740,0,0,178432,412,412,0,7388635,7388635,0,0,7388635,178432,15.21,8.82
155,2026-05-07 23:19:02,1,q28,0,18,1162,13255,78351,208077,195908,1199,1515,5,1680,0,21170,517508,0,0,71975279584,1728038328,13748551896,0,0,7116804,16732,16732,0,114797114,114797114,0,0,114797114,7116804,15.7,13.26
156,2026-05-07 23:19:16,1,q29,0,17,352,10594,15741,144156,136419,952,1007,1,1044,0,5551,13882585,0,0,12510713656,446451311,3638376400,0,0,93232843,2551,2551,0,1596736101,1596736101,0,0,1596736101,93232843,13.61,10.59
157,2026-05-07 23:19:28,1,q30,0,13,134,1847,2931,23184,19993,168,168,0,384,0,2356,7971334,0,0,9411896944,17769800,743614760,0,0,6155572,546,546,0,282153607,282153607,0,0,282153607,6155572,12.55,1.85
158,2026-05-07 23:19:30,1,q31,0,19,694,5788,29367,84634,79550,708,860,0,800,0,890,15346777,0,0,53437053720,1042200895,6378936504,0,0,106264,59,59,0,3483990,3483990,0,0,2892920,87848,14.62,5.79
159,2026-05-07 23:19:37,1,q32,0,7,215,2135,3009,31260,28479,132,199,0,976,0,762,478040,0,0,1291866552,286799514,2512964328,0,0,743337,164,164,0,9518155,9518155,0,0,9518155,743337,14.64,2.13
160,2026-05-07 23:19:41,1,q33,0,9,347,3381,7556,49391,46039,372,501,0,1104,0,191,1857309,0,0,12175045880,491762722,4515587444,0,0,10978,11,11,0,280380,280380,0,0,280380,10978,14.61,3.38
161,2026-05-07 23:19:45,1,q34,0,9,227,1845,2154,24980,23459,239,305,34,528,0,1655,958071,0,0,781712488,277072954,968580900,0,0,4031113,93,93,0,135549984,135549984,0,0,68462305,2031113,13.54,1.84
162,2026-05-07 23:19:48,1,q35,0,10,395,3894,7141,54529,47645,146,318,0,2672,0,2478,23973682,0,0,15435040688,495275522,1688913052,0,0,57691365,1530,1530,0,114304595,114304595,0,0,114304595,57691365,14.0,3.89
163,2026-05-07 23:19:53,1,q35a,0,9,395,3287,4620,44960,41081,152,332,0,1056,0,2034,23973682,0,0,14579403080,495275522,1688913052,0,0,57706997,1496,1496,0,114272861,114272861,0,0,114272861,57706997,13.68,3.29
164,2026-05-07 23:19:57,1,q36,0,6,185,2675,2615,37323,35190,236,284,0,344,0,388,3716103,0,0,6227555056,275269754,2978609208,0,0,6461,37,37,0,507409,507409,0,0,507409,6461,13.95,2.68
165,2026-05-07 23:20:01,1,q36a,0,9,190,2783,2712,37984,36554,197,277,0,432,0,391,3716103,0,0,6766522928,275269754,2978609208,0,0,17918,114,114,0,1456815,1456815,0,0,501753,6222,13.65,2.78
166,2026-05-07 23:20:05,1,q37,0,6,159,4931,8885,57439,54315,56,124,0,948,0,3990,215462,0,0,4913203808,543548124,2295384536,0,0,51928707,1736,1736,0,663087242,663087242,0,0,663087242,143994433,11.65,4.93
167,2026-05-07 23:20:11,1,q38,0,13,460,8440,22193,130193,117991,234,414,0,2096,0,7600,404013,0,0,23483277400,492354722,1637058416,0,0,120819579,4029,4029,0,731366019,731366019,0,0,626226009,116819579,15.43,8.44
168,2026-05-07 23:20:20,1,q39a,0,11,133,4660,8243,58838,55808,253,239,0,592,0,1083,2464219,0,0,6089430560,798904015,2943508300,0,0,9293617,136,136,0,211977496,211977496,0,0,142439707,6233617,12.63,4.66
169,2026-05-07 23:20:26,1,q39b,0,11,132,4155,7469,50007,48614,209,238,0,480,0,731,1038243,0,0,5705979424,798904015,2943508300,0,0,9184459,136,136,0,208912193,208912193,0,0,139374404,6124459,12.04,4.16
170,2026-05-07 23:20:31,1,q40,0,8,179,9211,24062,135264,123775,113,187,0,2144,0,13840,510938,0,0,24442330840,157909594,1881637444,0,0,157478827,6105,6105,0,3051101978,3051101978,0,0,3051101978,157478827,14.69,9.21
171,2026-05-07 23:20:41,1,q41,0,4,10,203,172,239,189,11,12,0,0,0,12,24680,0,0,472399704,408000,16770080,0,0,292,2,2,0,19225,19225,0,0,19225,292,1.18,0.2
172,2026-05-07 23:20:43,1,q42,0,4,183,1781,1767,26012,24319,202,240,0,464,0,22,802124,0,0,977970480,275269352,2050075012,0,0,77,7,7,0,6387,6387,0,0,6387,77,14.61,1.78
173,2026-05-07 23:20:46,1,q43,0,4,180,1840,1820,26828,25341,189,263,0,448,0,313,806166,0,0,486052448,275065754,1162666884,0,0,4641,39,39,0,514380,514380,0,0,514380,4641,14.58,1.84
174,2026-05-07 23:20:48,1,q44,0,8,393,3422,3647,50071,45786,325,441,0,1360,0,3968,3433901,0,0,7741096888,576213690,3756937816,0,0,2629123,5873,5873,0,38073629,38073629,0,0,19046187,1314826,14.63,3.42
175,2026-05-07 23:20:53,1,q45,0,7,82,1500,1361,17166,16064,60,89,0,0,0,23,19031420,0,0,11853074376,75245613,918715172,0,0,179,7,7,0,16081,16081,0,0,16081,179,11.44,1.5
176,2026-05-07 23:20:55,1,q46,0,9,226,3696,3868,51096,47845,329,361,2,1504,0,2014,13515525,0,0,15899941704,278072954,2253445028,0,0,2097508,510,510,0,69757336,69757336,0,0,69757336,2097508,13.82,3.7
177,2026-05-07 23:21:00,1,q47,0,11,243,4248,4981,58347,54294,302,385,0,554,0,2776,4612594,0,0,12368581712,275269754,1948681620,0,0,1731601,1904,1904,0,69616535,69616535,0,0,44127333,1097634,13.74,4.25
178,2026-05-07 23:21:06,1,q48,0,6,200,6456,6482,97550,91313,303,345,0,3632,0,71,2200972,0,0,9212197224,277986554,2695225520,0,0,177,177,177,0,10161,10161,0,0,10161,177,15.11,6.46
179,2026-05-07 23:21:13,1,q49,0,20,445,9940,35907,150925,143323,627,780,0,1936,0,9194,2393806,0,0,5390216224,540766019,8136973992,0,0,86104356,229,229,0,1835926195,1835926195,0,0,1835926195,86104356,15.18,9.94
180,2026-05-07 23:21:24,1,q50,0,10,306,21703,66079,314115,210783,318,429,0,2064,0,113131,1279476,0,0,40984956952,302952603,2260485900,0,0,265637490,17904,17904,0,5740033363,5740033363,0,0,5740033363,265637490,14.47,21.7
181,2026-05-07 23:21:47,1,q51,0,10,328,13496,19980,188778,179590,399,509,0,2960,0,8182,658174,0,0,24464714264,347066965,2668666900,0,0,142655042,2652,2652,0,2404443584,2404443584,0,0,2404443584,142655042,13.99,13.5
182,2026-05-07 23:22:01,1,q51a,0,14,399,248669,287906,3235810,3173512,671,758,0,32936,0,11179,657228,0,0,68288100152,347066965,2668666900,0,0,283180134,3590,3590,0,4672696778,4672696778,0,0,3426425596,216786871,13.01,248.67
183,2026-05-07 23:26:11,1,q52,0,4,183,1791,1777,26377,24064,202,257,0,256,0,121,802081,0,0,977970480,275269352,2050402692,0,0,5811,7,7,0,293389,293389,0,0,293389,5811,14.73,1.79
184,2026-05-07 23:26:14,1,q53,0,6,185,2031,2012,27805,26566,197,272,0,480,0,646,955448,0,0,831690704,275269754,1949488532,0,0,40504,40,40,0,1030188,1030188,0,0,1030188,40504,13.69,2.03
185,2026-05-07 23:26:17,1,q54,0,17,382,3694,5506,53902,49842,673,786,0,1667,0,542,19031893,0,0,17553741704,493745222,3161434748,0,0,8236463,150,150,0,77409275,77409275,0,0,77409275,8236463,14.59,3.69
186,2026-05-07 23:26:22,1,q55,0,4,183,1558,1544,22522,21354,221,247,0,528,0,89,802124,0,0,977970480,275269352,2050402692,0,0,4038,7,7,0,216502,216502,0,0,216502,4038,14.46,1.56
187,2026-05-07 23:26:24,1,q56,0,9,347,3558,7862,50856,46619,368,489,0,1344,0,150,1857309,0,0,10172988560,491762722,4515788148,0,0,45468,11,11,0,897485,897485,0,0,897485,45468,14.29,3.56
188,2026-05-07 23:26:29,1,q57,0,11,179,3079,3959,41529,35771,252,292,0,720,0,3182,4612594,0,0,11997790808,143511787,1212202476,0,0,2530171,2204,2204,0,102683161,102683161,0,0,66011877,1611492,13.49,3.08
189,2026-05-07 23:26:33,1,q58,0,11,338,3347,8953,47965,45153,391,477,1,784,0,100,1563358,0,0,7566828872,490704820,4170672520,0,0,569331,14,14,0,7227315,7227315,0,0,7227315,569331,14.33,3.35
190,2026-05-07 23:26:38,1,q59,0,15,367,4402,7756,53959,50920,456,638,0,1155,0,1112,1197402,0,0,4096270224,550317606,2333459528,0,0,108743,79,79,0,2738266,2738266,0,0,2738266,108743,12.26,4.4
191,2026-05-07 23:26:43,1,q60,0,9,347,3640,8212,52955,50380,352,491,3,480,0,251,1857266,0,0,12029349864,491762722,4515722612,0,0,279984,17,17,0,4330588,4330588,0,0,4330588,279984,14.55,3.64
192,2026-05-07 23:26:48,1,q61,0,10,388,4808,7256,68805,64638,67,266,0,619,0,110,19031635,0,0,39864657912,553316106,5018786280,0,0,354,354,354,0,20206,20206,0,0,20206,354,14.31,4.81
193,2026-05-07 23:26:54,1,q62,0,6,52,1319,1311,17244,15682,62,81,0,304,0,469,296920,0,0,276983840,72021672,619238316,0,0,12960,36,36,0,1156608,1156608,0,0,1156608,12960,13.07,1.32
194,2026-05-07 23:26:56,1,q63,0,6,185,2058,2035,29020,27907,196,267,0,432,0,322,954889,0,0,898734008,275269754,1949427092,0,0,6202,40,40,0,282597,282597,0,0,282597,6202,14.1,2.06
195,2026-05-07 23:26:59,1,q64,0,35,666,24960,80747,377633,358964,2154,2206,9,7552,3,11436,54398066,0,0,52018313664,742774732,10472003400,0,0,228688940,6247,6247,0,3505148067,3505148067,0,0,3035055849,193590051,15.13,24.96
196,2026-05-07 23:27:26,1,q65,0,10,430,11355,21502,169322,163603,520,659,2,2614,0,8712,18324921,0,0,22006040880,550315106,3866375608,0,0,121692348,1377,1377,0,3654658197,3654658197,0,0,3654658197,121692348,14.91,11.36
197,2026-05-07 23:27:38,1,q66,0,8,154,3509,4877,49271,41228,656,387,0,1566,0,217,625517,0,0,4851484096,215349405,2680463820,0,0,885,59,59,0,308213,308213,0,0,308213,885,14.04,3.51
198,2026-05-07 23:27:43,1,q67,0,7,288,45500,45412,660831,639180,434,537,2,14283,0,10660,9238108,0,0,55931048560,275269754,2200372628,0,0,69861424,4304,4304,0,4950340389,4950340389,0,0,4950340389,69861424,14.52,45.5
199,2026-05-07 23:28:29,1,q67a,0,15,864,72058,239400,1114299,1078461,2200,2308,3,12021,0,28288,9238108,0,0,222496441056,275269754,2200372628,0,0,534489538,27228,27228,0,36235187741,36235187741,0,0,7656162005,120915778,15.46,72.06
200,2026-05-07 23:29:42,1,q68,0,9,222,4263,4339,59951,53010,250,336,0,328,0,829,13515568,0,0,15216494808,278072954,3513939876,0,0,2022735,57,57,0,65545698,65545698,0,0,65545698,2022735,14.06,4.26
201,2026-05-07 23:29:48,1,q69,0,9,378,2652,5789,39186,35897,71,252,2,128,0,1213,28676289,0,0,10798078856,495275522,1690182812,0,0,16091419,510,510,0,46264707,46264707,0,0,46264707,16091419,14.78,2.65
202,2026-05-07 23:29:52,1,q70,0,9,361,4176,4115,60244,56871,448,563,0,1802,0,286,1854583,0,0,3790811104,550111508,2740629432,0,0,1513,80,80,0,95537,95537,0,0,95537,1513,14.43,4.18
203,2026-05-07 23:29:57,1,q70a,0,12,366,3621,3517,50330,47547,454,560,0,1320,0,234,1843639,0,0,1645422544,550111508,2740629432,0,0,1746,151,151,0,128743,128743,0,0,64687,1098,13.9,3.62
204,2026-05-07 23:30:01,1,q71,0,7,337,3856,3797,54776,48794,429,560,6,1176,0,435,2123604,0,0,3028453712,490598722,4365505660,0,0,265678,129,129,0,9892170,9892170,0,0,5917357,163589,14.21,3.86
205,2026-05-07 23:30:06,1,q72,0,15,408,176998,254319,2712193,2277411,559,709,2,6879,0,422731,13148461,0,0,82523784096,559314692,3626520744,0,0,537663712,31195,31195,0,9684034978,9684034978,0,0,9684034978,537663712,15.32,177.0
206,2026-05-07 23:33:04,1,q73,0,9,227,1843,2137,25382,23985,228,292,0,336,0,993,955405,0,0,844244024,277072954,968580900,0,0,4016581,67,67,0,134836322,134836322,0,0,67748643,2016581,13.77,1.84
207,2026-05-07 23:33:07,1,q74,0,20,576,15484,49070,237019,217420,1355,1422,0,3915,0,10086,588572,0,0,43804974688,624172317,3650770112,0,0,269945080,5884,5884,0,2931097453,2931097453,0,0,2060559802,191970515,15.31,15.48
208,2026-05-07 23:33:24,1,q75,0,20,799,16559,60013,255844,239545,382,791,3,4872,0,11405,428263,0,0,25567741520,1031312266,11270242804,0,0,140055201,3515,3515,0,3212139261,3212139261,0,0,2149398978,89656379,15.45,16.56
209,2026-05-07 23:33:42,1,q76,0,4,330,3879,3830,58091,55382,390,522,0,384,0,1374,1926131,0,0,26422108936,484839089,4424420072,0,0,6243,320,320,0,656817,656817,0,0,656817,6243,14.98,3.88
210,2026-05-07 23:33:47,1,q77,0,14,387,4208,20915,63314,58811,379,488,0,1080,0,250,801866,0,0,1775178520,539423686,5882073092,0,0,13478,43,43,0,482956,482956,0,0,482956,13478,15.05,4.21
211,2026-05-07 23:33:52,1,q77a,0,17,392,4330,20761,62202,56301,393,503,13,1952,0,274,802167,0,0,2247037544,539423686,5882073092,0,0,15022,53,53,0,673560,673560,0,0,502934,12548,14.37,4.33
212,2026-05-07 23:33:57,1,q78,0,14,601,67742,225919,1056723,470022,1101,1223,0,3692,0,589107,1065488,0,0,96406578560,540773544,7316889180,0,0,406636630,23781,23781,0,11387040654,11387040654,0,0,11387040654,406636630,15.6,67.74
213,2026-05-07 23:35:06,1,q79,0,8,230,3477,3716,50940,47481,313,369,0,722,0,2964,962844,0,0,10552278304,277072954,2224484308,0,0,3605120,2091,2091,0,110891741,110891741,0,0,110891741,3605120,14.65,3.48
214,2026-05-07 23:35:11,1,q80,0,23,558,37095,122537,573843,418785,1967,1850,4,5680,0,155262,1106134,0,0,54884401176,541204370,8455423984,0,0,265494090,15013,15013,0,7549170047,7549170047,0,0,7549170047,265494090,15.47,37.1
215,2026-05-07 23:35:49,1,q80a,0,26,563,67453,259561,1054355,404593,1819,1807,0,5496,0,654441,1105876,0,0,55356260208,541204370,8455423984,0,0,265493762,15045,15045,0,7549353208,7549353208,0,0,7549131508,265491832,15.63,67.45
216,2026-05-07 23:36:58,1,q81,0,13,157,2998,4637,43035,29889,248,233,0,224,0,3057,7971377,0,0,14251811176,32815644,1208436504,0,0,11401658,1445,1445,0,250016314,250016314,0,0,250016314,11401658,14.35,3.0
217,2026-05-07 23:37:02,1,q82,0,8,225,2906,4042,36589,35229,419,525,0,528,0,713,387079,0,0,212456560,687764388,2718364488,0,0,40831,188,188,0,222322,222322,0,0,222322,40831,12.59,2.91
218,2026-05-07 23:37:06,1,q83,0,10,64,1208,2615,14675,13690,65,81,0,0,0,138,1563358,0,0,2136787360,49489669,1250623860,0,0,343033,13,13,0,4206315,4206315,0,0,4206315,343033,12.15,1.21
219,2026-05-07 23:37:08,1,q84,0,9,76,1522,3564,16317,13849,50,60,0,264,0,833,9716559,0,0,1313097696,33729631,585378828,0,0,27798849,47,47,0,145871308,145871308,0,0,145871308,27798849,10.72,1.52
220,2026-05-07 23:37:11,1,q85,0,10,114,4020,20960,58688,50317,142,133,0,2544,0,2607,16953813,0,0,9166144312,84064695,1698314788,0,0,9151985,1088,1088,0,346981786,346981786,0,0,346981786,9151985,14.6,4.02
221,2026-05-07 23:37:16,1,q86,0,5,54,1336,1273,16841,15747,56,73,0,225,0,387,3716103,0,0,3141894008,72225613,838791680,0,0,5853,32,32,0,405271,405271,0,0,405271,5853,12.61,1.34
222,2026-05-07 23:37:18,1,q86a,0,8,59,1238,1165,14834,14038,59,78,0,196,0,290,3716103,0,0,3479534984,72225613,838791680,0,0,14495,90,90,0,1060269,1060269,0,0,368295,5081,11.98,1.24
223,2026-05-07 23:37:21,1,q87,0,13,460,9272,23337,142319,117037,187,430,4,1728,0,6871,404013,0,0,23483277400,492354722,1637058416,0,0,120819579,4029,4029,0,731366019,731366019,0,0,626226009,116819579,15.35,9.27
224,2026-05-07 23:37:31,1,q88,0,26,1434,8008,55642,123395,118263,51,887,0,1072,0,246,407232,0,0,4560743424,2304258706,5960837004,0,0,1416,1416,1416,0,83536,83536,0,0,83536,1416,15.41,8.01
225,2026-05-07 23:37:40,1,q89,0,6,186,2195,2171,30770,29466,196,271,0,192,0,675,954889,0,0,3702034056,275269754,1949087124,0,0,31480,80,80,0,2454934,2454934,0,0,2454934,31480,14.02,2.19
226,2026-05-07 23:37:43,1,q90,0,8,100,866,1304,12705,12028,14,58,0,96,0,14,108885,0,0,304385536,144052466,1123390420,0,0,94,94,94,0,5546,5546,0,0,5546,94,14.67,0.87
227,2026-05-07 23:37:45,1,q91,0,10,58,1057,851,8695,8188,34,49,1,0,0,11,38453691,0,0,3171041144,19345852,625547844,0,0,184,7,7,0,27623,27623,0,0,15642,107,8.23,1.06
228,2026-05-07 23:37:47,1,q92,0,7,107,1470,1998,21021,19255,64,95,0,832,0,795,711831,0,0,965375384,144227226,1685818016,0,0,626333,89,89,0,8063089,8063089,0,0,8063089,626333,14.3,1.47
229,2026-05-07 23:37:50,1,q93,0,8,412,37767,70250,552721,376116,510,645,3,2752,0,189503,2211451,0,0,68145363512,316808109,3028630928,0,0,288995290,41612,41612,0,7557239367,7557239367,0,0,7557239367,288995290,14.64,37.77
230,2026-05-07 23:38:29,1,q94,0,8,163,7170,18801,107288,97286,139,190,1,1757,0,7183,509440,0,0,16630437440,152222639,1732707064,0,0,151171114,4440,4440,0,2327043572,2327043572,0,0,2327043572,151171114,14.96,7.17
231,2026-05-07 23:38:37,1,q95,0,8,190,23141,35223,349771,318150,355,368,0,6210,0,13971,939608,0,0,49888658408,152222639,1759392700,0,0,367104120,16884,16884,0,3413487125,3413487125,0,0,2085729728,151153176,15.11,23.14
232,2026-05-07 23:39:01,1,q96,0,5,181,1138,1136,16258,15737,10,109,1,223,0,32,407404,0,0,565697664,288033990,746902404,0,0,177,177,177,0,10443,10443,0,0,10443,177,14.29,1.14
233,2026-05-07 23:39:03,1,q97,0,5,296,11682,14504,155128,149018,335,411,0,1632,0,3106,658002,0,0,22641659872,418353109,2313457720,0,0,83759300,1258,1258,0,957391348,957391348,0,0,957391348,83759300,13.28,11.68
234,2026-05-07 23:39:16,1,q98,0,7,201,2230,2134,27632,25735,219,272,4,600,0,222,6562512,0,0,4972634216,275269352,2070444420,0,0,180904,99,99,0,22380645,22380645,0,0,18573108,150361,12.39,2.23
235,2026-05-07 23:39:19,1,q99,0,7,109,1998,1983,27156,25292,136,173,0,624,0,808,629258,0,0,3131391776,144014189,784247648,0,0,64704,196,196,0,4418969,4418969,0,0,4418969,64704,13.59,2.0
236,2026-05-07 23:39:22,2,q1,0,10,110,2237,3845,33485,29767,132,151,0,976,0,2234,20278076,0,0,9612412712,57608002,1271209580,0,0,16231984,697,697,0,253663308,253663308,0,0,253663308,16231984,14.97,2.24
237,2026-05-07 23:39:26,2,q2,0,9,155,3084,3021,45019,40621,207,233,0,2544,0,588,751663,0,0,1015601344,215402419,1473451860,0,0,5452,443,443,0,253813,253813,0,0,94315,3736,14.6,3.08
238,2026-05-07 23:39:30,2,q3,0,4,183,1639,1629,23358,21851,239,240,0,688,0,308,807327,0,0,534265832,275322401,2050464132,0,0,4517,34,34,0,363558,363558,0,0,363558,4517,14.25,1.64
239,2026-05-07 23:39:32,2,q4,0,25,884,50917,250359,804948,652083,2346,2307,0,14822,0,135984,763912,0,0,115125933792,767460074,10610269572,0,0,566100624,26383,26383,0,14405093283,14405093283,0,0,8517752891,341212705,15.81,50.92
240,2026-05-07 23:40:25,2,q5,0,11,451,15484,28053,215946,199674,562,724,4,6354,0,4357,1009073,0,0,9107530328,611443683,6695418308,0,0,78868093,1232,1232,0,1120579083,1120579083,0,0,1120579083,78868093,13.95,15.48
241,2026-05-07 23:40:41,2,q5a,0,14,456,14982,27939,206070,195399,598,749,34,2435,0,5465,1005418,0,0,9579389360,611443683,6695418308,0,0,78870684,1243,1243,0,1120812580,1120812580,0,0,1120603496,78867250,13.75,14.98
242,2026-05-07 23:40:57,2,q6,0,13,234,1908,4250,26154,23838,471,566,0,120,0,959,8436910,0,0,5221591328,278619450,1473397064,0,0,5131498,241,241,0,45192822,45192822,0,0,45192822,5131498,13.71,1.91
243,2026-05-07 23:41:00,2,q7,0,7,210,3403,3436,49698,47197,295,363,0,720,0,599,1563358,0,0,7744599432,277191152,3626945360,0,0,699118,640,640,0,22293947,22293947,0,0,22293947,699118,14.6,3.4
244,2026-05-07 23:41:05,2,q8,0,10,218,1953,1997,24283,21317,298,371,0,160,0,248,9445062,0,0,14300899096,279065754,1452405524,0,0,49844,27,27,0,691429,691429,0,0,691429,49844,12.43,1.95
245,2026-05-07 23:41:08,2,q9,0,11,891,7234,35482,111935,107831,118,632,0,1120,0,184,370874,0,0,0,1440031995,8961573852,0,0,885,885,885,0,72589,72589,0,0,72589,885,15.47,7.23
246,2026-05-07 23:41:16,2,q10,0,13,399,2638,5943,37532,35150,127,326,0,416,0,1249,374459,0,0,5741263080,496275522,1715088664,0,0,21068747,590,590,0,76722276,76722276,0,0,76722276,21068747,14.23,2.64
247,2026-05-07 23:41:20,2,q10a,0,10,389,1929,3160,26238,24881,76,286,0,384,0,1464,374416,0,0,4776185440,495275522,1690838172,0,0,22779154,615,615,0,106645593,106645593,0,0,106645593,22779154,13.6,1.93
248,2026-05-07 23:41:23,2,q11,0,20,582,16202,51138,251636,239400,1389,1480,0,4288,0,11492,588013,0,0,44656958720,624172317,4486575296,0,0,269945080,6328,6328,0,4430472060,4430472060,0,0,2954486332,191970515,15.53,16.2
249,2026-05-07 23:41:40,2,q12,0,6,64,963,903,10203,8703,70,80,0,192,0,98,6520039,0,0,1869518136,72225613,862188032,0,0,99114,51,51,0,12153598,12153598,0,0,12153598,99114,10.6,0.96
250,2026-05-07 23:41:42,2,q13,0,7,201,4821,4962,72110,69652,114,195,0,784,0,44,1749744,0,0,9406798104,277993754,4467780372,0,0,177,177,177,0,11061,11061,0,0,11061,177,14.96,4.82
251,2026-05-07 23:41:48,2,q14a,0,40,1597,39857,114446,584581,498469,2986,3357,0,8915,0,89758,2429660,0,0,36491257008,1962234888,14342224800,0,0,637520320,4646,4646,0,8525486642,8525486642,0,0,8517835505,637278694,14.67,39.86
252,2026-05-07 23:42:30,2,q14b,0,29,1115,20965,33948,292928,276890,2480,2696,7,3853,0,6620,2429660,0,0,26674438960,1531928344,9957224136,0,0,134728861,4206,4206,0,483516037,483516037,0,0,483516037,134728861,13.97,20.96
253,2026-05-07 23:42:52,2,q14,0,29,1108,19830,32989,280838,255487,2544,2736,0,3620,0,11164,2323166,0,0,24792507904,1531928344,9957224136,0,0,134059706,3342,3342,0,400783763,400783763,0,0,400783763,134059706,14.16,19.83
254,2026-05-07 23:43:13,2,q15,0,5,127,3198,2993,43498,41383,177,160,0,336,0,99,19031420,0,0,16422941624,146307757,980498216,0,0,3846,6,6,0,126385,126385,0,0,126385,3846,13.6,3.2
255,2026-05-07 23:43:17,2,q16,0,8,330,17112,59161,264505,187513,543,506,1,3952,0,63693,1273471,0,0,41785807200,303406100,2737991192,0,0,301125284,21800,21800,0,4329169801,4329169801,0,0,4329169801,301125284,15.46,17.11
256,2026-05-07 23:43:35,2,q17,0,14,343,5500,9675,77913,68201,924,962,17,1741,0,4638,13882585,0,0,6358661496,446411311,3633768752,0,0,28190115,1021,1021,0,594212181,594212181,0,0,594212181,28190115,14.17,5.5
257,2026-05-07 23:43:42,2,q18,0,9,168,3015,3169,40630,36932,261,294,0,896,0,681,17523034,0,0,26139084344,150353357,2688553624,0,0,553439,595,595,0,38719390,38719390,0,0,38719390,553439,13.48,3.02
258,2026-05-07 23:43:46,2,q18a,0,17,603,11402,34302,173624,159706,871,1062,17,3878,0,3051,17760750,0,0,118166450312,726708385,12973211948,0,0,654430,611,611,0,44144127,44144127,0,0,44144127,654430,15.23,11.4
259,2026-05-07 23:43:59,2,q19,0,7,209,2646,2752,34786,32661,211,292,0,320,0,116,19031635,0,0,29168675520,278269754,2360749224,0,0,13062,7,7,0,771144,771144,0,0,771144,13062,13.15,2.65
260,2026-05-07 23:44:02,2,q20,0,6,119,1359,1300,17091,15928,127,151,0,128,0,134,6520039,0,0,3049429856,143511757,1275560484,0,0,116863,63,63,0,14250561,14250561,0,0,14250561,116863,12.58,1.36
261,2026-05-07 23:44:05,2,q21,0,6,51,2391,2374,31366,29544,60,71,0,128,0,106,194566,0,0,1090540592,399554015,1490722888,0,0,576530,56,56,0,9130050,9130050,0,0,9130050,576530,13.12,2.39
262,2026-05-07 23:44:08,2,q22,0,6,60,82480,82404,842966,835616,254,100,0,4896,0,878,9238108,0,0,4228256816,399554015,1463187508,0,0,8557877,374,374,0,367087690,367087690,0,0,367087690,8557877,10.22,82.48
263,2026-05-07 23:45:32,2,q22a,0,10,129,5158,6207,53037,49624,271,215,0,253,0,2626,9238108,0,0,12899456888,399554015,1463394376,0,0,4894300,832,832,0,247912932,247912932,0,0,61220432,1224712,10.28,5.16
264,2026-05-07 23:45:38,2,q23a,0,19,823,38626,66749,599680,575095,1806,1898,9,11779,0,23728,13148461,0,0,94153239928,1055670462,6692761528,0,0,161107479,12499,12499,0,3945819989,3945819989,0,0,3512959568,129085847,15.53,38.63
265,2026-05-07 23:46:18,2,q23b,0,22,857,41147,73923,634598,605299,1732,1897,2,12439,0,20956,13148504,0,0,107094764144,1057670462,6767148624,0,0,219629090,21997,21997,0,4869606515,4869606515,0,0,3569046901,131163350,15.42,41.15
266,2026-05-07 23:47:00,2,q24,0,14,271,5083,11487,71302,66101,1069,1009,0,1600,0,5736,12971968,0,0,7305478504,320216803,3134271732,0,0,31568282,3381,3381,0,449426479,449426479,0,0,449426479,31568282,14.03,5.08
267,2026-05-07 23:47:06,2,q24a,0,21,498,12652,18645,170773,159003,1715,1643,1,3886,0,13561,7938403,0,0,21574691736,608427191,5623112488,0,0,100579192,7968,7968,0,1944720502,1944720502,0,0,1538197907,69847453,13.5,12.65
268,2026-05-07 23:47:20,2,q24b,0,22,499,11573,17930,148404,138779,1651,1612,2,3088,0,11894,7938446,0,0,18878557560,608427191,5623112488,0,0,99830490,4813,4813,0,1919211525,1919211525,0,0,1512688930,69098751,12.82,11.57
269,2026-05-07 23:47:33,2,q25,0,14,343,5653,10355,83176,67894,911,948,1,1008,0,6428,13882585,0,0,6009723240,446411311,4626819376,0,0,20197026,830,830,0,402780850,402780850,0,0,402780850,20197026,14.71,5.65
270,2026-05-07 23:47:39,2,q26,0,7,129,2841,2883,42090,34761,147,188,0,592,0,1603,1563358,0,0,5378073712,145433557,2152756208,0,0,382055,420,420,0,12871388,12871388,0,0,12871388,382055,14.82,2.84
271,2026-05-07 23:47:43,2,q27,0,7,200,3595,3614,51166,44450,237,313,0,679,0,845,1563358,0,0,7074476616,277190554,3329703144,0,0,175061,240,240,0,6795965,6795965,0,0,6795965,175061,14.23,3.6
272,2026-05-07 23:47:48,2,q27a,0,11,560,8765,17307,133342,122486,579,789,3,1837,0,1969,1563358,0,0,12766404736,827485660,9932426740,0,0,178432,412,412,0,7388635,7388635,0,0,7388635,178432,15.21,8.76
273,2026-05-07 23:47:58,2,q28,0,18,1162,14584,86399,229447,200232,1190,1455,0,1970,0,32281,518110,0,0,71975279584,1728038328,13748551896,0,0,7116804,16732,16732,0,114797114,114797114,0,0,114797114,7116804,15.73,14.58
274,2026-05-07 23:48:13,2,q29,0,17,352,10554,15697,143097,138086,955,1009,2,1824,0,5407,13882585,0,0,12510713656,446451311,3638376400,0,0,93232843,2551,2551,0,1596736101,1596736101,0,0,1596736101,93232843,13.56,10.55
275,2026-05-07 23:48:25,2,q30,0,13,134,1949,3120,25382,22269,174,175,0,304,0,2327,7971377,0,0,9411896944,17769800,743614760,0,0,6155572,546,546,0,282153607,282153607,0,0,282153607,6155572,13.02,1.95
276,2026-05-07 23:48:28,2,q31,0,19,694,5867,29815,86041,80513,734,877,0,1344,0,970,15346820,0,0,53437053720,1042200895,6378936504,0,0,106264,59,59,0,3483990,3483990,0,0,2892920,87848,14.67,5.87
277,2026-05-07 23:48:35,2,q32,0,7,215,2107,2956,30594,28062,127,199,0,427,0,753,478040,0,0,1291866552,286799514,2512964328,0,0,743337,164,164,0,9518155,9518155,0,0,9518155,743337,14.52,2.11
278,2026-05-07 23:48:38,2,q33,0,9,347,3397,7755,50083,47654,354,490,0,608,0,156,1857352,0,0,12175045880,491762722,4515587444,0,0,10978,11,11,0,280380,280380,0,0,280380,10978,14.74,3.4
279,2026-05-07 23:48:43,2,q34,0,9,227,1764,2053,23701,22103,240,301,0,373,0,1807,958673,0,0,781712488,277072954,968580900,0,0,4031113,93,93,0,135549984,135549984,0,0,68462305,2031113,13.44,1.76
280,2026-05-07 23:48:45,2,q35,0,10,395,3817,7044,53619,48753,165,325,0,480,0,2387,23974026,0,0,15435040688,495275522,1688913052,0,0,57691365,1530,1530,0,114304595,114304595,0,0,114304595,57691365,14.05,3.82
281,2026-05-07 23:48:50,2,q35a,0,9,395,3328,4629,46351,42471,146,333,0,944,0,2546,23973725,0,0,14579403080,495275522,1688913052,0,0,57706997,1496,1496,0,114272861,114272861,0,0,114272861,57706997,13.93,3.33
282,2026-05-07 23:48:55,2,q36,0,6,185,2860,2806,40147,38598,208,279,0,480,0,369,3716103,0,0,6227555056,275269754,2978609208,0,0,6461,37,37,0,507409,507409,0,0,507409,6461,14.04,2.86
283,2026-05-07 23:48:59,2,q36a,0,9,190,2784,2718,37502,35921,204,282,0,512,0,370,3716103,0,0,6766522928,275269754,2978609208,0,0,17918,114,114,0,1456815,1456815,0,0,501753,6222,13.47,2.78
284,2026-05-07 23:49:02,2,q37,0,6,159,5431,10043,62486,54881,51,118,0,1370,0,8544,216580,0,0,4913203808,543548124,2295384536,0,0,51928707,1736,1736,0,663087242,663087242,0,0,663087242,143994433,11.51,5.43
285,2026-05-07 23:49:09,2,q38,0,13,460,8620,22718,133676,121098,219,412,11,2528,0,7064,404013,0,0,23483277400,492354722,1637058416,0,0,120819579,4029,4029,0,731366019,731366019,0,0,626226009,116819579,15.51,8.62
286,2026-05-07 23:49:19,2,q39a,0,11,133,4914,8693,61905,59475,256,233,0,352,0,1232,2464219,0,0,6089430560,798904015,2943508300,0,0,9293617,136,136,0,211977496,211977496,0,0,142439707,6233617,12.6,4.91
287,2026-05-07 23:49:25,2,q39b,0,11,132,4030,7383,49757,48372,215,243,0,540,0,677,1038243,0,0,5705979424,798904015,2943508300,0,0,9184459,136,136,0,208912193,208912193,0,0,139374404,6124459,12.35,4.03
288,2026-05-07 23:49:30,2,q40,0,8,179,8731,23334,127184,120555,167,207,0,1281,0,10291,510981,0,0,24442330840,157909594,1881637444,0,0,157478827,6105,6105,0,3051101978,3051101978,0,0,3051101978,157478827,14.57,8.73
289,2026-05-07 23:49:39,2,q41,0,4,10,216,179,245,186,11,12,0,0,0,12,24680,0,0,472399704,408000,16770080,0,0,292,2,2,0,19225,19225,0,0,19225,292,1.13,0.22
290,2026-05-07 23:49:41,2,q42,0,4,183,1541,1526,22167,21395,189,240,0,0,0,23,801307,0,0,977970480,275269352,2050075012,0,0,77,7,7,0,6387,6387,0,0,6387,77,14.38,1.54
291,2026-05-07 23:49:43,2,q43,0,4,180,1868,1846,26874,24461,203,261,0,664,0,377,806768,0,0,486052448,275065754,1162666884,0,0,4641,39,39,0,514380,514380,0,0,514380,4641,14.39,1.87
292,2026-05-07 23:49:46,2,q44,0,8,393,3490,3657,50638,46314,370,450,2,864,0,4784,3433901,0,0,7741096888,576213690,3756937816,0,0,2629123,5873,5873,0,38073629,38073629,0,0,19046187,1314826,14.51,3.49
293,2026-05-07 23:49:51,2,q45,0,7,82,1516,1447,17288,15551,56,92,0,464,0,26,19031721,0,0,11853074376,75245613,918715172,0,0,179,7,7,0,16081,16081,0,0,16081,179,11.4,1.52
294,2026-05-07 23:49:53,2,q46,0,9,226,3457,3598,47362,45129,283,364,0,640,0,1878,13515525,0,0,15899941704,278072954,2253445028,0,0,2097508,510,510,0,69757336,69757336,0,0,69757336,2097508,13.7,3.46
295,2026-05-07 23:49:58,2,q47,0,11,243,4180,4920,57799,53224,319,391,0,965,0,2812,4612594,0,0,12368581712,275269754,1948681620,0,0,1731601,1904,1904,0,69616535,69616535,0,0,44127333,1097634,13.83,4.18
296,2026-05-07 23:50:03,2,q48,0,6,200,6448,6452,97895,92145,276,312,0,3584,0,58,2200929,0,0,9212197224,277986554,2695225520,0,0,177,177,177,0,10161,10161,0,0,10161,177,15.18,6.45
297,2026-05-07 23:50:11,2,q49,0,20,445,9160,33829,139236,130415,654,797,0,3024,0,9331,2393806,0,0,5390216224,540766019,8136973992,0,0,86104356,229,229,0,1835926195,1835926195,0,0,1835926195,86104356,15.2,9.16
298,2026-05-07 23:50:21,2,q50,0,10,306,15866,42252,233708,219228,383,463,0,2080,0,23929,1278788,0,0,40984956952,302952603,2260485900,0,0,265637490,17904,17904,0,5740033363,5740033363,0,0,5740033363,265637490,14.73,15.87
299,2026-05-07 23:50:38,2,q51,0,10,328,14005,20887,197393,185347,401,501,0,3616,0,8983,658174,0,0,24464714264,347066965,2668666900,0,0,142655042,2652,2652,0,2404443584,2404443584,0,0,2404443584,142655042,14.09,14.0
300,2026-05-07 23:50:53,2,q51a,0,14,399,247930,288091,3233301,3182636,677,735,0,26397,0,10782,657013,0,0,68288100152,347066965,2668666900,0,0,283180134,3590,3590,0,4672696778,4672696778,0,0,3426425596,216786871,13.04,247.93
301,2026-05-07 23:55:02,2,q52,0,4,183,1737,1716,25085,23861,184,232,0,288,0,108,801909,0,0,977970480,275269352,2050402692,0,0,5811,7,7,0,293389,293389,0,0,293389,5811,14.44,1.74
302,2026-05-07 23:55:05,2,q53,0,6,185,1953,1933,26690,25859,201,273,0,98,0,630,954459,0,0,831690704,275269754,1949488532,0,0,40504,40,40,0,1030188,1030188,0,0,1030188,40504,13.67,1.95
303,2026-05-07 23:55:08,2,q54,0,17,382,3819,5621,55484,52362,705,789,0,672,0,551,19032022,0,0,17553741704,493745222,3161434748,0,0,8236463,150,150,0,77409275,77409275,0,0,77409275,8236463,14.53,3.82
304,2026-05-07 23:55:13,2,q55,0,4,183,1718,1706,24873,23611,191,236,0,544,0,94,802124,0,0,977970480,275269352,2050402692,0,0,4038,7,7,0,216502,216502,0,0,216502,4038,14.48,1.72
305,2026-05-07 23:55:15,2,q56,0,9,347,3449,7806,50334,47365,348,495,0,974,0,167,1857223,0,0,10172988560,491762722,4515788148,0,0,45468,11,11,0,897485,897485,0,0,897485,45468,14.59,3.45
306,2026-05-07 23:55:20,2,q57,0,11,179,3232,4033,43872,37760,297,298,0,1136,0,3012,4612594,0,0,11997790808,143511787,1212202476,0,0,2530171,2204,2204,0,102683161,102683161,0,0,66011877,1611492,13.57,3.23
307,2026-05-07 23:55:24,2,q58,0,11,338,3366,8925,47883,45275,356,465,0,544,0,95,1563358,0,0,7566828872,490704820,4170672520,0,0,569331,14,14,0,7227315,7227315,0,0,7227315,569331,14.23,3.37
308,2026-05-07 23:55:29,2,q59,0,15,367,4198,7355,50616,47666,455,639,0,1167,0,1064,1196757,0,0,4096270224,550317606,2333459528,0,0,108743,79,79,0,2738266,2738266,0,0,2738266,108743,12.06,4.2
309,2026-05-07 23:55:34,2,q60,0,9,347,3756,8284,55031,52546,349,483,0,576,0,267,1857223,0,0,12029349864,491762722,4515722612,0,0,279984,17,17,0,4330588,4330588,0,0,4330588,279984,14.65,3.76
310,2026-05-07 23:55:39,2,q61,0,10,388,4622,7011,65389,61654,47,273,0,928,0,58,19031635,0,0,39864657912,553316106,5018786280,0,0,354,354,354,0,20206,20206,0,0,20206,354,14.15,4.62
311,2026-05-07 23:55:44,2,q62,0,6,52,1347,1342,17758,16326,65,79,0,375,0,503,296877,0,0,276983840,72021672,619238316,0,0,12960,36,36,0,1156608,1156608,0,0,1156608,12960,13.18,1.35
312,2026-05-07 23:55:47,2,q63,0,6,185,1892,1872,26267,25636,201,270,0,0,0,327,954244,0,0,898734008,275269754,1949427092,0,0,6202,40,40,0,282597,282597,0,0,282597,6202,13.88,1.89
313,2026-05-07 23:55:50,2,q64,0,35,666,24711,78568,374059,361139,2338,2202,44,4359,0,11198,54398367,0,0,52018313664,742774732,10472003400,0,0,228688940,6247,6247,0,3505148067,3505148067,0,0,3035055849,193590051,15.14,24.71
314,2026-05-07 23:56:16,2,q65,0,10,430,11398,21569,169620,163818,505,662,2,1668,0,8586,18324921,0,0,22006040880,550315106,3866375608,0,0,121692348,1377,1377,0,3654658197,3654658197,0,0,3654658197,121692348,14.88,11.4
315,2026-05-07 23:56:28,2,q66,0,8,154,3464,4890,48915,41145,372,388,0,880,0,235,625517,0,0,4851484096,215349405,2680463820,0,0,885,59,59,0,308213,308213,0,0,308213,885,14.12,3.46
316,2026-05-07 23:56:33,2,q67,0,7,288,45165,45080,652782,639554,430,524,0,8176,0,10693,9238108,0,0,55931048560,275269754,2200372628,0,0,69861424,4304,4304,0,4950340389,4950340389,0,0,4950340389,69861424,14.45,45.16
317,2026-05-07 23:57:19,2,q67a,0,15,864,72485,240796,1119376,1087944,2341,2337,0,9059,0,28983,9238108,0,0,222496441056,275269754,2200372628,0,0,534489538,27228,27228,0,36235187741,36235187741,0,0,7656162005,120915778,15.44,72.48
318,2026-05-07 23:58:33,2,q68,0,9,222,4561,4710,64245,58079,320,354,0,520,0,836,13515697,0,0,15216494808,278072954,3513939876,0,0,2022735,57,57,0,65545698,65545698,0,0,65545698,2022735,14.09,4.56
319,2026-05-07 23:58:38,2,q69,0,9,378,2272,4417,32008,28690,98,262,10,480,0,1058,28676332,0,0,10798078856,495275522,1690182812,0,0,16091419,510,510,0,46264707,46264707,0,0,46264707,16091419,14.09,2.27
320,2026-05-07 23:58:42,2,q70,0,9,361,4155,4100,60229,57687,466,568,0,992,0,264,1853250,0,0,3790811104,550111508,2740629432,0,0,1513,80,80,0,95537,95537,0,0,95537,1513,14.5,4.16
321,2026-05-07 23:58:47,2,q70a,0,12,366,3631,3530,50649,47833,438,581,0,962,0,237,1842908,0,0,1645422544,550111508,2740629432,0,0,1746,151,151,0,128743,128743,0,0,64687,1098,13.95,3.63
322,2026-05-07 23:58:52,2,q71,0,7,337,3495,3445,49911,46977,397,550,4,992,0,368,2122830,0,0,3028453712,490598722,4365505660,0,0,265678,129,129,0,9892132,9892132,0,0,5917319,163589,14.28,3.5
323,2026-05-07 23:58:56,2,q72,0,15,408,186032,269506,2854742,2326710,562,707,2,5850,0,507955,13148461,0,0,82523784096,559314692,3626520744,0,0,537663712,31195,31195,0,9684034978,9684034978,0,0,9684034978,537663712,15.35,186.03
324,2026-05-08 00:02:03,2,q73,0,9,227,1773,2060,24408,22500,254,291,0,384,0,1085,954631,0,0,844244024,277072954,968580900,0,0,4016581,67,67,0,134836322,134836322,0,0,67748643,2016581,13.77,1.77
325,2026-05-08 00:02:06,2,q74,0,20,576,15259,49051,235828,218030,1303,1409,2,3872,0,11256,588013,0,0,43804974688,624172317,3650770112,0,0,269945080,5884,5884,0,2931097453,2931097453,0,0,2060559802,191970515,15.46,15.26
326,2026-05-08 00:02:23,2,q75,0,20,799,16886,61003,261467,241641,443,789,2,6329,0,11270,428693,0,0,25567741520,1031312266,11270242804,0,0,140055201,3515,3515,0,3212139261,3212139261,0,0,2149398978,89656379,15.48,16.89
327,2026-05-08 00:02:41,2,q76,0,4,330,3606,3558,53763,50816,377,522,0,512,0,1357,1926733,0,0,26422108936,484839089,4424420072,0,0,6243,320,320,0,656817,656817,0,0,656817,6243,14.91,3.61
328,2026-05-08 00:02:45,2,q77,0,14,387,4000,19836,60009,55427,382,496,1,640,0,245,802425,0,0,1775178520,539423686,5882073092,0,0,13478,43,43,0,482956,482956,0,0,482956,13478,15.0,4.0
329,2026-05-08 00:02:50,2,q77a,0,17,392,4344,20478,63596,60098,436,507,0,672,0,265,802683,0,0,2247037544,539423686,5882073092,0,0,15022,53,53,0,673560,673560,0,0,502934,12548,14.64,4.34
330,2026-05-08 00:02:56,2,q78,0,14,601,80223,272191,1251881,464622,1075,1224,13,7027,0,796720,1066176,0,0,96406578560,540773544,7316889180,0,0,406636630,23781,23781,0,11387040654,11387040654,0,0,11387040654,406636630,15.61,80.22
331,2026-05-08 00:04:17,2,q79,0,8,230,3672,3911,54314,50681,338,375,0,855,0,3077,964392,0,0,10552278304,277072954,2224484308,0,0,3605120,2091,2091,0,110891741,110891741,0,0,110891741,3605120,14.79,3.67
332,2026-05-08 00:04:22,2,q80,0,23,558,82014,327095,1295983,398445,1655,1789,3,6042,0,895160,1108284,0,0,54884401176,541204370,8455423984,0,0,265494090,15013,15013,0,7549170047,7549170047,0,0,7549170047,265494090,15.8,82.01
333,2026-05-08 00:05:45,2,q80a,0,26,563,73572,291678,1154923,396152,1761,1843,0,7856,0,762575,1108800,0,0,55356260208,541204370,8455423984,0,0,265493762,15045,15045,0,7549353208,7549353208,0,0,7549131508,265491832,15.7,73.57
334,2026-05-08 00:07:00,2,q81,0,13,157,2771,4565,39691,31679,234,223,0,328,0,3480,7971334,0,0,14251811176,32815644,1208436504,0,0,11401658,1445,1445,0,250016314,250016314,0,0,250016314,11401658,14.32,2.77
335,2026-05-08 00:07:04,2,q82,0,8,225,2920,4092,36864,34653,461,524,0,987,0,802,388455,0,0,212456560,687764388,2718364488,0,0,40831,188,188,0,222322,222322,0,0,222322,40831,12.62,2.92
336,2026-05-08 00:07:08,2,q83,0,10,64,1372,3271,16504,14783,66,78,0,324,0,139,1563358,0,0,2136787360,49489669,1250623860,0,0,343033,13,13,0,4206315,4206315,0,0,4206315,343033,12.03,1.37
337,2026-05-08 00:07:10,2,q84,0,9,76,1447,3416,15294,12881,67,60,0,208,0,1019,9716301,0,0,1313097696,33729631,585378828,0,0,27798849,47,47,0,145871308,145871308,0,0,145871308,27798849,10.57,1.45
338,2026-05-08 00:07:13,2,q85,0,10,114,4005,21063,59451,47629,92,125,0,3876,0,2931,16954286,0,0,9166144312,84064695,1698314788,0,0,9151985,1088,1088,0,346981786,346981786,0,0,346981786,9151985,14.84,4.0
339,2026-05-08 00:07:18,2,q86,0,5,54,1765,1706,23224,15452,74,89,0,616,0,464,3716103,0,0,3141894008,72225613,838791680,0,0,5853,32,32,0,405271,405271,0,0,405271,5853,13.16,1.76
340,2026-05-08 00:07:20,2,q86a,0,8,59,1040,967,11327,10455,62,80,0,144,0,329,3716103,0,0,3479534984,72225613,838791680,0,0,14495,90,90,0,1060269,1060269,0,0,368295,5081,10.89,1.04
341,2026-05-08 00:07:23,2,q87,0,13,460,9349,24832,144441,126402,194,425,2,1745,0,10287,404013,0,0,23483277400,492354722,1637058416,0,0,120819579,4029,4029,0,731366019,731366019,0,0,626226009,116819579,15.45,9.35
342,2026-05-08 00:07:33,2,q88,0,26,1434,8563,61708,132106,118467,141,877,0,1278,0,1844,407189,0,0,4560743424,2304258706,5960837004,0,0,1416,1416,1416,0,83536,83536,0,0,83536,1416,15.43,8.56
343,2026-05-08 00:07:43,2,q89,0,6,186,2343,2321,32951,31274,208,276,0,448,0,652,955663,0,0,3702034056,275269754,1949087124,0,0,31480,80,80,0,2454934,2454934,0,0,2454934,31480,14.06,2.34
344,2026-05-08 00:07:46,2,q90,0,8,100,834,1264,12157,11358,9,59,0,80,0,14,108713,0,0,304385536,144052466,1123390420,0,0,94,94,94,0,5546,5546,0,0,5546,94,14.58,0.83
345,2026-05-08 00:07:48,2,q91,0,10,58,970,846,7327,6790,43,51,1,75,0,10,38453906,0,0,3171041144,19345852,625547844,0,0,184,7,7,0,27623,27623,0,0,15642,107,7.55,0.97
346,2026-05-08 00:07:50,2,q92,0,7,107,1603,2386,23031,17808,59,100,0,368,0,924,711831,0,0,965375384,144227226,1685818016,0,0,626333,89,89,0,8063089,8063089,0,0,8063089,626333,14.37,1.6
347,2026-05-08 00:07:53,2,q93,0,8,412,55700,124973,849094,386760,475,629,0,3104,0,475947,2212096,0,0,68145363512,316808109,3028630928,0,0,288995290,41612,41612,0,7557239367,7557239367,0,0,7557239367,288995290,15.24,55.7
348,2026-05-08 00:08:49,2,q94,0,8,163,8152,22009,122730,98366,144,193,0,2061,0,20518,509440,0,0,16630437440,152222639,1732707064,0,0,151171114,4440,4440,0,2327043572,2327043572,0,0,2327043572,151171114,15.06,8.15
349,2026-05-08 00:08:59,2,q95,0,8,190,36572,81474,556935,311536,325,373,0,4396,0,231373,939608,0,0,49888658408,152222639,1759392700,0,0,367104120,16884,16884,0,3413487125,3413487125,0,0,2085729728,151153176,15.23,36.57
350,2026-05-08 00:09:36,2,q96,0,5,181,1058,1059,14912,14636,9,106,0,0,0,25,406071,0,0,565697664,288033990,746902404,0,0,177,177,177,0,10443,10443,0,0,10443,177,14.09,1.06
351,2026-05-08 00:09:38,2,q97,0,5,296,12150,15436,162140,150984,343,404,0,848,0,6759,656970,0,0,22641659872,418353109,2313457720,0,0,83759300,1258,1258,0,957391348,957391348,0,0,957391348,83759300,13.34,12.15
352,2026-05-08 00:09:52,2,q98,0,7,201,2236,2139,28395,26769,241,279,4,384,0,136,6562512,0,0,4972634216,275269352,2070444420,0,0,180904,99,99,0,22380645,22380645,0,0,18573108,150361,12.7,2.24
353,2026-05-08 00:09:55,2,q99,0,7,109,1962,1952,26567,23929,136,172,0,752,0,707,627968,0,0,3131391776,144014189,784247648,0,0,64704,196,196,0,4418969,4418969,0,0,4418969,64704,13.54,1.96
354,2026-05-08 00:09:58,3,q1,0,10,110,2081,3641,30603,27224,138,157,0,960,0,1815,20277990,0,0,9612412712,57608002,1271209580,0,0,16231984,697,697,0,253663308,253663308,0,0,253663308,16231984,14.71,2.08
355,2026-05-08 00:10:01,3,q2,0,9,155,3136,3075,45438,42219,175,220,0,1904,0,479,751663,0,0,1015601344,215402419,1473451860,0,0,5452,443,443,0,253813,253813,0,0,94315,3736,14.49,3.14
356,2026-05-08 00:10:05,3,q3,0,4,183,1584,1571,22846,21756,188,241,0,496,0,302,805607,0,0,534265832,275322401,2050464132,0,0,4517,34,34,0,363558,363558,0,0,363558,4517,14.42,1.58
357,2026-05-08 00:10:08,3,q4,0,25,884,63433,308799,1004922,689967,2093,2177,0,11943,3,291659,763869,0,0,115125933792,767460074,10610269572,0,0,566100624,26383,26383,0,14405093283,14405093283,0,0,8517752891,341212705,15.84,63.43
358,2026-05-08 00:11:12,3,q5,0,11,451,15648,28579,218878,194227,570,717,0,3776,0,8828,1006063,0,0,9107530328,611443683,6695418308,0,0,78868093,1232,1232,0,1120579083,1120579083,0,0,1120579083,78868093,13.99,15.65
359,2026-05-08 00:11:29,3,q5a,0,14,456,14828,27490,203933,195361,549,722,0,2452,0,5622,1006063,0,0,9579389360,611443683,6695418308,0,0,78870684,1243,1243,0,1120812580,1120812580,0,0,1120603496,78867250,13.75,14.83
360,2026-05-08 00:11:45,3,q6,0,13,234,1817,4150,25010,23263,512,562,0,206,0,408,8436867,0,0,5221591328,278619450,1473397064,0,0,5131498,241,241,0,45192822,45192822,0,0,45192822,5131498,13.76,1.82
361,2026-05-08 00:11:48,3,q7,0,7,210,3600,3631,52384,47792,280,336,0,592,0,612,1563358,0,0,7744599432,277191152,3626945360,0,0,699118,640,640,0,22293947,22293947,0,0,22293947,699118,14.55,3.6
362,2026-05-08 00:11:53,3,q8,0,10,218,1838,1803,23008,21947,254,364,0,144,0,232,9445062,0,0,14300899096,279065754,1452405524,0,0,49844,27,27,0,691429,691429,0,0,691429,49844,12.52,1.84
363,2026-05-08 00:11:56,3,q9,0,11,891,7255,35618,112388,108177,140,634,0,1136,0,152,370960,0,0,0,1440031995,8961573852,0,0,885,885,885,0,72589,72589,0,0,72589,885,15.49,7.26
364,2026-05-08 00:12:04,3,q10,0,13,399,2644,6010,37469,33956,134,321,0,384,0,1418,374502,0,0,5741263080,496275522,1715088664,0,0,21068747,590,590,0,76722276,76722276,0,0,76722276,21068747,14.17,2.64
365,2026-05-08 00:12:08,3,q10a,0,10,389,1921,3204,26025,24863,85,287,0,272,0,1611,374588,0,0,4776185440,495275522,1690838172,0,0,22779154,615,615,0,106645593,106645593,0,0,106645593,22779154,13.55,1.92
366,2026-05-08 00:12:11,3,q11,0,20,582,16797,53363,261653,247827,1436,1456,0,3408,0,12395,588701,0,0,44656958720,624172317,4486575296,0,0,269945080,6328,6328,0,4430472060,4430472060,0,0,2954486332,191970515,15.58,16.8
367,2026-05-08 00:12:29,3,q12,0,6,64,912,851,9840,9119,72,81,0,0,0,96,6520039,0,0,1869518136,72225613,862188032,0,0,99114,51,51,0,12153598,12153598,0,0,12153598,99114,10.79,0.91
368,2026-05-08 00:12:30,3,q13,0,7,201,5079,5096,75211,64233,102,188,0,948,0,48,1749916,0,0,9406798104,277993754,4467780372,0,0,177,177,177,0,11061,11061,0,0,11061,177,14.81,5.08
369,2026-05-08 00:12:37,3,q14a,0,40,1597,72259,218647,1105776,472046,2644,3175,9,9609,0,614996,2429660,0,0,36491257008,1962234888,14342224800,0,0,637520320,4646,4646,0,8525486642,8525486642,0,0,8517835505,637278694,15.3,72.26
370,2026-05-08 00:13:51,3,q14b,0,29,1115,21670,34559,304212,276990,2328,2562,0,5114,0,13351,2429660,0,0,26674438960,1531928344,9957224136,0,0,134728861,4206,4206,0,483516037,483516037,0,0,483516037,134728861,14.04,21.67
371,2026-05-08 00:14:14,3,q14,0,29,1108,19092,30569,269418,258904,2152,2468,0,5084,0,5598,2323166,0,0,24792507904,1531928344,9957224136,0,0,134059706,3342,3342,0,400783763,400783763,0,0,400783763,134059706,14.11,19.09
372,2026-05-08 00:14:34,3,q15,0,5,127,3223,3016,43895,41085,110,157,0,420,0,92,19031420,0,0,16422941624,146307757,980498216,0,0,3846,6,6,0,126385,126385,0,0,126385,3846,13.62,3.22
373,2026-05-08 00:14:38,3,q16,0,8,330,13520,39879,211965,190274,392,496,0,3377,0,17372,1273557,0,0,41785807200,303406100,2737991192,0,0,301125284,21800,21800,0,4329169801,4329169801,0,0,4329169801,301125284,15.68,13.52
374,2026-05-08 00:14:53,3,q17,0,14,343,5189,9082,75191,67896,974,962,2,1024,0,2071,13882585,0,0,6358661496,446411311,3633768752,0,0,28190115,1021,1021,0,594212181,594212181,0,0,594212181,28190115,14.49,5.19
375,2026-05-08 00:14:59,3,q18,0,9,168,3385,3660,47304,39208,243,280,0,784,0,615,17522991,0,0,26139084344,150353357,2688553624,0,0,553439,595,595,0,38719390,38719390,0,0,38719390,553439,13.97,3.38
376,2026-05-08 00:15:04,3,q18a,0,17,603,10759,31161,163211,150342,930,1060,1,3260,0,2540,17760750,0,0,118166450312,726708385,12973211948,0,0,654430,611,611,0,44144127,44144127,0,0,44144127,654430,15.17,10.76
377,2026-05-08 00:15:16,3,q19,0,7,209,2968,2778,39708,29685,210,299,0,336,0,231,19031420,0,0,29168675520,278269754,2360749224,0,0,13062,7,7,0,771144,771144,0,0,771144,13062,13.38,2.97
378,2026-05-08 00:15:20,3,q20,0,6,119,1293,1235,15938,14689,126,152,0,144,0,113,6520039,0,0,3049429856,143511757,1275560484,0,0,116863,63,63,0,14250561,14250561,0,0,14250561,116863,12.33,1.29
379,2026-05-08 00:15:22,3,q21,0,6,51,2993,2980,38917,28392,60,72,0,256,0,326,195168,0,0,1090540592,399554015,1490722888,0,0,576530,56,56,0,9130050,9130050,0,0,9130050,576530,13.0,2.99
380,2026-05-08 00:15:26,3,q22,0,6,60,85327,85255,845930,837480,118,99,0,5764,0,861,9238108,0,0,4228256816,399554015,1463187508,0,0,8557877,374,374,0,367087690,367087690,0,0,367087690,8557877,9.91,85.33
381,2026-05-08 00:16:52,3,q22a,0,10,129,5052,5989,51180,47354,205,220,1,500,0,2601,9238108,0,0,12899456888,399554015,1463394376,0,0,4894300,832,832,0,247912932,247912932,0,0,61220432,1224712,10.13,5.05
382,2026-05-08 00:16:58,3,q23a,0,19,823,38524,66320,598394,569317,1766,1843,1,15747,0,18239,13148461,0,0,94153239928,1055670462,6692761528,0,0,161107479,12499,12499,0,3945819989,3945819989,0,0,3512959568,129085847,15.53,38.52
383,2026-05-08 00:17:38,3,q23b,0,22,857,41868,75452,646171,609541,1753,1854,9,18123,0,21908,13148504,0,0,107094764144,1057670462,6767148624,0,0,219629090,21997,21997,0,4869606515,4869606515,0,0,3569046901,131163350,15.43,41.87
384,2026-05-08 00:18:21,3,q24,0,14,271,5232,12031,74094,65536,1019,1004,1,2624,0,7618,12971968,0,0,7305478504,320216803,3134271732,0,0,31568282,3381,3381,0,449426479,449426479,0,0,449426479,31568282,14.16,5.23
385,2026-05-08 00:18:27,3,q24a,0,21,498,13032,19462,177261,159110,1691,1629,2,6269,0,16425,7938403,0,0,21574691736,608427191,5623112488,0,0,100579192,7968,7968,0,1944720502,1944720502,0,0,1538197907,69847453,13.6,13.03
386,2026-05-08 00:18:41,3,q24b,0,22,499,11417,17697,153142,142463,1715,1599,2,5460,0,12587,7938446,0,0,18878557560,608427191,5623112488,0,0,99830490,4813,4813,0,1919211525,1919211525,0,0,1512688930,69098751,13.41,11.42
387,2026-05-08 00:18:54,3,q25,0,14,343,5191,9424,75463,68442,916,951,2,1824,0,1538,13882585,0,0,6009723240,446411311,4626819376,0,0,20197026,830,830,0,402780850,402780850,0,0,402780850,20197026,14.54,5.19
388,2026-05-08 00:19:00,3,q26,0,7,129,2079,2123,30029,27025,161,195,0,753,0,649,1563358,0,0,5378073712,145433557,2152756208,0,0,382055,420,420,0,12871388,12871388,0,0,12871388,382055,14.44,2.08
389,2026-05-08 00:19:03,3,q27,0,7,200,3322,3338,47258,43553,267,334,0,981,0,644,1563444,0,0,7074476616,277190554,3329703144,0,0,175061,240,240,0,6795965,6795965,0,0,6795965,175061,14.23,3.32
390,2026-05-08 00:19:08,3,q27a,0,11,560,9490,19234,145164,129627,577,780,0,4355,0,3302,1563358,0,0,12766404736,827485660,9932426740,0,0,178432,412,412,0,7388635,7388635,0,0,7388635,178432,15.3,9.49
391,2026-05-08 00:19:18,3,q28,0,18,1162,15322,90792,241150,197945,1185,1476,0,3119,3,44092,520002,0,0,71975279584,1728038328,13748551896,0,0,7116804,16732,16732,0,114797114,114797114,0,0,114797114,7116804,15.74,15.32
392,2026-05-08 00:19:35,3,q29,0,17,352,10930,16293,148018,141172,1019,1000,2,3364,0,5453,13882585,0,0,12510713656,446451311,3638376400,0,0,93232843,2551,2551,0,1596736101,1596736101,0,0,1596736101,93232843,13.54,10.93
393,2026-05-08 00:19:47,3,q30,0,13,134,1854,2912,23701,20376,176,167,0,336,0,2516,7971334,0,0,9411896944,17769800,743614760,0,0,6155572,546,546,0,282153607,282153607,0,0,282153607,6155572,12.78,1.85
394,2026-05-08 00:19:50,3,q31,0,19,694,5863,30008,85969,79634,735,878,0,1744,0,907,15346820,0,0,53437053720,1042200895,6378936504,0,0,106264,59,59,0,3483990,3483990,0,0,2892920,87848,14.66,5.86
395,2026-05-08 00:19:57,3,q32,0,7,215,2411,3467,35501,32147,128,205,0,928,0,757,478040,0,0,1291866552,286799514,2512964328,0,0,743337,164,164,0,9518155,9518155,0,0,9518155,743337,14.72,2.41
396,2026-05-08 00:20:00,3,q33,0,9,347,3297,7582,48098,44847,402,503,0,1184,0,167,1857266,0,0,12175045880,491762722,4515587444,0,0,10978,11,11,0,280380,280380,0,0,280380,10978,14.59,3.3
397,2026-05-08 00:20:04,3,q34,0,9,227,1829,2130,24588,22715,246,305,0,768,0,1537,960952,0,0,781712488,277072954,968580900,0,0,4031113,93,93,0,135549984,135549984,0,0,68462305,2031113,13.44,1.83
398,2026-05-08 00:20:07,3,q35,0,10,395,3901,6962,54793,48270,167,323,0,1395,0,2999,23973682,0,0,15435040688,495275522,1688913052,0,0,57691365,1530,1530,0,114304595,114304595,0,0,114304595,57691365,14.05,3.9
399,2026-05-08 00:20:12,3,q35a,0,9,395,3639,5524,51062,42605,133,334,0,1747,0,5874,23973854,0,0,14579403080,495275522,1688913052,0,0,57706997,1496,1496,0,114272861,114272861,0,0,114272861,57706997,14.03,3.64
400,2026-05-08 00:20:17,3,q36,0,6,185,3139,3073,44503,37554,213,280,6,1248,0,885,3716103,0,0,6227555056,275269754,2978609208,0,0,6461,37,37,0,507409,507409,0,0,507409,6461,14.18,3.14
401,2026-05-08 00:20:21,3,q36a,0,9,190,2903,2833,39730,34392,224,279,0,1204,0,1229,3716103,0,0,6766522928,275269754,2978609208,0,0,17918,114,114,0,1456815,1456815,0,0,501753,6222,13.69,2.9
402,2026-05-08 00:20:25,3,q37,0,6,159,5443,10113,65610,55736,76,128,0,2694,0,5595,218730,0,0,4913203808,543548124,2295384536,0,0,51928707,1736,1736,0,663087242,663087242,0,0,663087242,143994433,12.05,5.44
403,2026-05-08 00:20:32,3,q38,0,13,460,8078,21301,124454,113952,202,427,0,2112,0,6488,404013,0,0,23483277400,492354722,1637058416,0,0,120819579,4029,4029,0,731366019,731366019,0,0,626226009,116819579,15.41,8.08
404,2026-05-08 00:20:41,3,q39a,0,11,133,5599,9089,58564,55901,251,241,0,196,0,1571,2464219,0,0,6089430560,798904015,2943508300,0,0,9293617,136,136,0,211977496,211977496,0,0,142439707,6233617,10.46,5.6
405,2026-05-08 00:20:47,3,q39b,0,11,132,4165,7448,50246,49142,202,236,0,288,0,646,1038243,0,0,5705979424,798904015,2943508300,0,0,9184459,136,136,0,208912193,208912193,0,0,139374404,6124459,12.06,4.16
406,2026-05-08 00:20:53,3,q40,0,8,179,8857,23584,128877,119122,129,201,0,1312,0,12014,511626,0,0,24442330840,157909594,1881637444,0,0,157478827,6105,6105,0,3051101978,3051101978,0,0,3051101978,157478827,14.55,8.86
407,2026-05-08 00:21:03,3,q41,0,4,10,216,187,252,186,11,11,0,0,0,11,24680,0,0,472399704,408000,16770080,0,0,292,2,2,0,19225,19225,0,0,19225,292,1.17,0.22
408,2026-05-08 00:21:04,3,q42,0,4,183,1650,1635,23994,22669,189,233,3,368,0,24,802210,0,0,977970480,275269352,2050075012,0,0,77,7,7,0,6387,6387,0,0,6387,77,14.54,1.65
409,2026-05-08 00:21:06,3,q43,0,4,180,1837,1816,26412,25285,196,263,0,304,0,357,806209,0,0,486052448,275065754,1162666884,0,0,4641,39,39,0,514380,514380,0,0,514380,4641,14.38,1.84
410,2026-05-08 00:21:09,3,q44,0,8,393,3267,3402,47496,43548,290,440,0,640,0,3843,3433901,0,0,7741096888,576213690,3756937816,0,0,2629123,5873,5873,0,38073629,38073629,0,0,19046187,1314826,14.54,3.27
411,2026-05-08 00:21:14,3,q45,0,7,82,1660,1660,19501,17916,66,88,0,0,0,22,19031721,0,0,11853074376,75245613,918715172,0,0,179,7,7,0,16081,16081,0,0,16081,179,11.75,1.66
412,2026-05-08 00:21:16,3,q46,0,9,226,3829,4273,53212,49973,272,359,0,1344,0,2156,13515826,0,0,15899941704,278072954,2253445028,0,0,2097508,510,510,0,69757336,69757336,0,0,69757336,2097508,13.9,3.83
413,2026-05-08 00:21:21,3,q47,0,11,243,4168,4857,57867,54045,303,390,0,432,0,2702,4612594,0,0,12368581712,275269754,1948681620,0,0,1731601,1904,1904,0,69616535,69616535,0,0,44127333,1097634,13.88,4.17
414,2026-05-08 00:21:27,3,q48,0,6,200,6324,6329,96021,91768,221,280,0,2192,0,55,2200972,0,0,9212197224,277986554,2695225520,0,0,177,177,177,0,10161,10161,0,0,10161,177,15.18,6.32
415,2026-05-08 00:21:34,3,q49,0,20,445,9275,33471,140583,133151,640,788,1,2288,0,9251,2393806,0,0,5390216224,540766019,8136973992,0,0,86104356,229,229,0,1835926195,1835926195,0,0,1835926195,86104356,15.16,9.28
416,2026-05-08 00:21:44,3,q50,0,10,306,30932,102657,449863,214694,364,446,0,1424,0,229708,1278788,0,0,40984956952,302952603,2260485900,0,0,265637490,17904,17904,0,5740033363,5740033363,0,0,5740033363,265637490,14.54,30.93
417,2026-05-08 00:22:16,3,q51,0,10,328,14026,20987,198057,182252,384,502,0,3264,0,10837,657486,0,0,24464714264,347066965,2668666900,0,0,142655042,2652,2652,0,2404443584,2404443584,0,0,2404443584,142655042,14.12,14.03
418,2026-05-08 00:22:31,3,q51a,0,14,399,248886,288957,3241840,3185623,649,761,0,32218,0,10559,657099,0,0,68288100152,347066965,2668666900,0,0,283180134,3590,3590,0,4672696778,4672696778,0,0,3426425596,216786871,13.03,248.89
419,2026-05-08 00:26:41,3,q52,0,4,183,1563,1551,22404,21454,210,239,0,80,0,131,801995,0,0,977970480,275269352,2050402692,0,0,5811,7,7,0,293389,293389,0,0,293389,5811,14.33,1.56
420,2026-05-08 00:26:44,3,q53,0,6,185,2019,1999,27972,27008,202,273,0,272,0,650,954932,0,0,831690704,275269754,1949488532,0,0,40504,40,40,0,1030188,1030188,0,0,1030188,40504,13.85,2.02
421,2026-05-08 00:26:47,3,q54,0,17,382,3594,5368,52063,48791,657,801,0,944,0,546,19031506,0,0,17553741704,493745222,3161434748,0,0,8236463,150,150,0,77409275,77409275,0,0,77409275,8236463,14.49,3.59
422,2026-05-08 00:26:52,3,q55,0,4,183,1666,1655,24269,23064,192,240,1,512,0,126,802124,0,0,977970480,275269352,2050402692,0,0,4038,7,7,0,216502,216502,0,0,216502,4038,14.57,1.67
423,2026-05-08 00:26:54,3,q56,0,9,347,3464,8002,51192,48121,352,496,0,1120,0,149,1857266,0,0,10172988560,491762722,4515788148,0,0,45468,11,11,0,897485,897485,0,0,897485,45468,14.78,3.46
424,2026-05-08 00:26:59,3,q57,0,11,179,3305,4165,45146,39097,262,295,0,1072,0,3296,4612594,0,0,11997790808,143511787,1212202476,0,0,2530171,2204,2204,0,102683161,102683161,0,0,66011877,1611492,13.66,3.3
425,2026-05-08 00:27:03,3,q58,0,11,338,3534,9491,50954,46876,342,469,0,1760,0,103,1563358,0,0,7566828872,490704820,4170672520,0,0,569331,14,14,0,7227315,7227315,0,0,7227315,569331,14.42,3.53
426,2026-05-08 00:27:08,3,q59,0,15,367,4265,7492,51714,49551,457,635,0,293,0,1034,1196757,0,0,4096270224,550317606,2333459528,0,0,108743,79,79,0,2738266,2738266,0,0,2738266,108743,12.13,4.26
427,2026-05-08 00:27:13,3,q60,0,9,347,3695,8321,53933,51601,363,495,0,352,0,266,1857352,0,0,12029349864,491762722,4515722612,0,0,279984,17,17,0,4330588,4330588,0,0,4330588,279984,14.6,3.7
428,2026-05-08 00:27:18,3,q61,0,10,388,4553,6881,65389,61993,34,263,0,400,0,70,19031635,0,0,39864657912,553316106,5018786280,0,0,354,354,354,0,20206,20206,0,0,20206,354,14.36,4.55
429,2026-05-08 00:27:24,3,q62,0,6,52,1318,1308,17512,16205,70,79,0,240,0,573,296920,0,0,276983840,72021672,619238316,0,0,12960,36,36,0,1156608,1156608,0,0,1156608,12960,13.29,1.32
430,2026-05-08 00:27:26,3,q63,0,6,185,1927,1906,26998,26371,194,268,0,0,0,343,954244,0,0,898734008,275269754,1949427092,0,0,6202,40,40,0,282597,282597,0,0,282597,6202,14.01,1.93
431,2026-05-08 00:27:29,3,q64,0,35,666,25332,80947,383307,364167,2327,2198,12,6886,0,11898,54398281,0,0,52018313664,742774732,10472003400,0,0,228688940,6247,6247,0,3505148067,3505148067,0,0,3035055849,193590051,15.13,25.33
432,2026-05-08 00:27:56,3,q65,0,10,430,11393,21582,169756,163311,505,678,2,2528,0,9178,18324921,0,0,22006040880,550315106,3866375608,0,0,121692348,1377,1377,0,3654658197,3654658197,0,0,3654658197,121692348,14.9,11.39
433,2026-05-08 00:28:08,3,q66,0,8,154,3339,4547,46898,37910,447,389,0,2128,0,220,625517,0,0,4851484096,215349405,2680463820,0,0,885,59,59,0,308213,308213,0,0,308213,885,14.05,3.34
434,2026-05-08 00:28:13,3,q67,0,7,288,45062,44977,655314,638041,467,551,0,12099,0,10594,9238108,0,0,55931048560,275269754,2200372628,0,0,69861424,4304,4304,0,4950340389,4950340389,0,0,4950340389,69861424,14.54,45.06
435,2026-05-08 00:28:59,3,q67a,0,15,864,73492,246954,1134949,1088301,2222,2285,0,9789,0,40761,9238108,0,0,222496441056,275269754,2200372628,0,0,534489538,27228,27228,0,36235187741,36235187741,0,0,7656162005,120915778,15.44,73.49
436,2026-05-08 00:30:13,3,q68,0,9,222,4246,4384,58930,51435,244,341,0,336,0,741,13515568,0,0,15216494808,278072954,3513939876,0,0,2022735,57,57,0,65545698,65545698,0,0,65545698,2022735,13.88,4.25
437,2026-05-08 00:30:19,3,q69,0,9,378,2382,5226,35022,31183,68,258,0,210,0,1313,28676461,0,0,10798078856,495275522,1690182812,0,0,16091419,510,510,0,46264707,46264707,0,0,46264707,16091419,14.7,2.38
438,2026-05-08 00:30:22,3,q70,0,9,361,4317,4260,62734,60394,439,562,1,329,0,358,1853938,0,0,3790811104,550111508,2740629432,0,0,1513,80,80,0,95537,95537,0,0,95537,1513,14.53,4.32
439,2026-05-08 00:30:28,3,q70a,0,12,366,3473,3374,48306,46790,431,565,0,352,0,236,1843639,0,0,1645422544,550111508,2740629432,0,0,1746,151,151,0,128743,128743,0,0,64687,1098,13.91,3.47
440,2026-05-08 00:30:32,3,q71,0,7,337,3795,3744,54754,52014,412,551,4,272,0,409,2122873,0,0,3028453712,490598722,4365505660,0,0,265678,129,129,0,9892445,9892445,0,0,5917632,163589,14.43,3.8
441,2026-05-08 00:30:37,3,q72,0,15,408,190756,242616,2947108,2323897,582,726,2,5984,0,603138,13148461,0,0,82523784096,559314692,3626520744,0,0,537663712,31195,31195,0,9684034978,9684034978,0,0,9684034978,537663712,15.45,190.76
442,2026-05-08 00:33:49,3,q73,0,9,227,1776,2081,24525,22984,211,286,0,368,0,1050,954588,0,0,844244024,277072954,968580900,0,0,4016581,67,67,0,134836322,134836322,0,0,67748643,2016581,13.81,1.78
443,2026-05-08 00:33:52,3,q74,0,20,576,15558,49827,239579,219736,1277,1417,0,5440,0,10859,588013,0,0,43804974688,624172317,3650770112,0,0,269945080,5884,5884,0,2931097453,2931097453,0,0,2060559802,191970515,15.4,15.56
444,2026-05-08 00:34:08,3,q75,0,20,799,16690,59675,256887,238635,391,784,6,4728,0,13149,428693,0,0,25567741520,1031312266,11270242804,0,0,140055201,3515,3515,0,3212139261,3212139261,0,0,2149398978,89656379,15.39,16.69
445,2026-05-08 00:34:26,3,q76,0,4,330,3754,3715,56302,52836,389,524,0,592,0,1655,1926776,0,0,26422108936,484839089,4424420072,0,0,6243,320,320,0,656817,656817,0,0,656817,6243,15.0,3.75
446,2026-05-08 00:34:31,3,q77,0,14,387,4144,20568,62229,56713,377,496,3,1072,0,253,802554,0,0,1775178520,539423686,5882073092,0,0,13478,43,43,0,482956,482956,0,0,482956,13478,15.02,4.14
447,2026-05-08 00:34:36,3,q77a,0,17,392,4383,21102,63745,57690,448,509,0,1920,0,282,801651,0,0,2247037544,539423686,5882073092,0,0,15022,53,53,0,673560,673560,0,0,502934,12548,14.54,4.38
448,2026-05-08 00:34:42,3,q78,0,14,601,70845,238971,1105856,474604,1089,1218,3,3107,0,642195,1065703,0,0,96406578560,540773544,7316889180,0,0,406636630,23781,23781,0,11387040654,11387040654,0,0,11387040654,406636630,15.61,70.84
449,2026-05-08 00:35:54,3,q79,0,8,230,4074,4283,60725,49535,308,359,7,240,0,6830,962156,0,0,10552278304,277072954,2224484308,0,0,3605120,2091,2091,0,110891741,110891741,0,0,110891741,3605120,14.91,4.07
450,2026-05-08 00:35:59,3,q80,0,23,558,45724,156365,715367,424929,1849,1827,0,5963,0,291198,1106134,0,0,54884401176,541204370,8455423984,0,0,265494090,15013,15013,0,7549170047,7549170047,0,0,7549170047,265494090,15.65,45.72
451,2026-05-08 00:36:46,3,q80a,0,26,563,61464,237033,965131,392120,1864,1820,0,5344,0,578779,1106177,0,0,55356260208,541204370,8455423984,0,0,265493762,15045,15045,0,7549353208,7549353208,0,0,7549131508,265491832,15.7,61.46
452,2026-05-08 00:37:48,3,q81,0,13,157,2737,4493,39622,29247,237,223,0,144,0,5152,7971377,0,0,14251811176,32815644,1208436504,0,0,11401658,1445,1445,0,250016314,250016314,0,0,250016314,11401658,14.48,2.74
453,2026-05-08 00:37:52,3,q82,0,8,225,2818,3956,35069,33831,412,518,0,416,0,718,387079,0,0,212456560,687764388,2718364488,0,0,40831,188,188,0,222322,222322,0,0,222322,40831,12.44,2.82
454,2026-05-08 00:37:56,3,q83,0,10,64,1203,2831,14456,13477,64,79,0,0,0,144,1563358,0,0,2136787360,49489669,1250623860,0,0,343033,13,13,0,4206315,4206315,0,0,4206315,343033,12.02,1.2
455,2026-05-08 00:37:58,3,q84,0,9,76,1435,3353,15126,13652,74,59,0,400,0,1007,9716344,0,0,1313097696,33729631,585378828,0,0,27798849,47,47,0,145871308,145871308,0,0,145871308,27798849,10.54,1.44
456,2026-05-08 00:38:01,3,q85,0,10,114,3857,20992,58054,51512,104,127,2,2263,0,3132,16954415,0,0,9166144312,84064695,1698314788,0,0,9151985,1088,1088,0,346981786,346981786,0,0,346981786,9151985,15.05,3.86
457,2026-05-08 00:38:06,3,q86,0,5,54,1317,1254,16451,15735,56,70,0,0,0,307,3716103,0,0,3141894008,72225613,838791680,0,0,5853,32,32,0,405271,405271,0,0,405271,5853,12.49,1.32
458,2026-05-08 00:38:08,3,q86a,0,8,59,1101,1023,12151,11130,63,75,0,256,0,366,3716103,0,0,3479534984,72225613,838791680,0,0,14495,90,90,0,1060269,1060269,0,0,368295,5081,11.04,1.1
459,2026-05-08 00:38:10,3,q87,0,13,460,8581,22429,132587,116912,229,421,0,2432,0,7446,404013,0,0,23483277400,492354722,1637058416,0,0,120819579,4029,4029,0,731366019,731366019,0,0,626226009,116819579,15.45,8.58
460,2026-05-08 00:38:20,3,q88,0,26,1434,8045,56123,124000,119777,50,874,0,1110,0,253,406587,0,0,4560743424,2304258706,5960837004,0,0,1416,1416,1416,0,83536,83536,0,0,83536,1416,15.41,8.04
461,2026-05-08 00:38:29,3,q89,0,6,186,2260,2216,31340,29108,209,270,0,384,0,662,954932,0,0,3702034056,275269754,1949087124,0,0,31480,80,80,0,2454934,2454934,0,0,2454934,31480,13.87,2.26
462,2026-05-08 00:38:32,3,q90,0,8,100,779,1106,11124,10517,98,62,0,272,0,14,108799,0,0,304385536,144052466,1123390420,0,0,94,94,94,0,5546,5546,0,0,5546,94,14.28,0.78
463,2026-05-08 00:38:34,3,q91,0,10,58,998,1038,8539,7973,37,51,0,0,0,11,38453648,0,0,3171041144,19345852,625547844,0,0,184,7,7,0,27623,27623,0,0,15642,107,8.56,1.0
464,2026-05-08 00:38:36,3,q92,0,7,107,1560,2262,22303,20955,170,101,3,384,0,757,711831,0,0,965375384,144227226,1685818016,0,0,626333,89,89,0,8063089,8063089,0,0,8063089,626333,14.3,1.56
465,2026-05-08 00:38:39,3,q93,0,8,412,52651,116601,796927,379750,490,643,0,3612,0,429506,2210333,0,0,68145363512,316808109,3028630928,0,0,288995290,41612,41612,0,7557239367,7557239367,0,0,7557239367,288995290,15.14,52.65
466,2026-05-08 00:39:33,3,q94,0,8,163,7547,20819,113138,101096,138,193,0,2328,0,10829,509440,0,0,16630437440,152222639,1732707064,0,0,151171114,4440,4440,0,2327043572,2327043572,0,0,2327043572,151171114,14.99,7.55
467,2026-05-08 00:39:41,3,q95,0,8,190,23276,34894,353102,327223,363,387,0,5706,0,11411,939608,0,0,49888658408,152222639,1759392700,0,0,367104120,16884,16884,0,3413487125,3413487125,0,0,2085729728,151153176,15.17,23.28
468,2026-05-08 00:40:06,3,q96,0,5,181,1058,1055,14958,14371,11,107,0,80,0,51,406845,0,0,565697664,288033990,746902404,0,0,177,177,177,0,10443,10443,0,0,10443,177,14.14,1.06
469,2026-05-08 00:40:08,3,q97,0,5,296,11845,14704,157114,151858,299,404,0,1115,0,3141,657744,0,0,22641659872,418353109,2313457720,0,0,83759300,1258,1258,0,957391348,957391348,0,0,957391348,83759300,13.26,11.84
470,2026-05-08 00:40:20,3,q98,0,7,201,2318,2222,29313,24352,269,276,5,784,0,210,6562512,0,0,4972634216,275269352,2070444420,0,0,180904,99,99,0,22380645,22380645,0,0,18573108,150361,12.65,2.32
471,2026-05-08 00:40:24,3,q99,0,7,109,2106,2094,28922,24143,118,165,15,688,0,707,628441,0,0,3131391776,144014189,784247648,0,0,64704,196,196,0,4418969,4418969,0,0,4418969,64704,13.73,2.11
472,2026-05-08 00:40:27,4,q1,0,10,110,2079,3614,29988,27050,136,155,0,688,0,1866,20277947,0,0,9612412712,57608002,1271209580,0,0,16231984,697,697,0,253663308,253663308,0,0,253663308,16231984,14.42,2.08
473,2026-05-08 00:40:30,4,q2,0,9,155,3157,3098,45420,41867,167,220,0,2160,0,447,751663,0,0,1015601344,215402419,1473451860,0,0,5452,443,443,0,253813,253813,0,0,94315,3736,14.39,3.16
474,2026-05-08 00:40:34,4,q3,0,4,183,1789,1780,25971,24970,191,238,3,285,0,297,805607,0,0,534265832,275322401,2050464132,0,0,4517,34,34,0,363558,363558,0,0,363558,4517,14.52,1.79
475,2026-05-08 00:40:37,4,q4,0,25,884,52141,256591,823335,661117,2443,2341,2,17178,0,149006,763869,0,0,115125933792,767460074,10610269572,0,0,566100624,26383,26383,0,14405093283,14405093283,0,0,8517752891,341212705,15.79,52.14
476,2026-05-08 00:41:31,4,q5,0,11,451,15134,28751,210820,196965,576,720,0,4465,0,5142,1009331,0,0,9107530328,611443683,6695418308,0,0,78868093,1232,1232,0,1120579083,1120579083,0,0,1120579083,78868093,13.93,15.13
477,2026-05-08 00:41:47,4,q5a,0,14,456,15364,28991,212594,196789,568,726,0,4553,0,5493,1010105,0,0,9579389360,611443683,6695418308,0,0,78870684,1243,1243,0,1120812580,1120812580,0,0,1120603496,78867250,13.84,15.36
478,2026-05-08 00:42:03,4,q6,0,13,234,2287,5538,32699,22571,483,569,0,576,0,1829,8436953,0,0,5221591328,278619450,1473397064,0,0,5131498,241,241,0,45192822,45192822,0,0,45192822,5131498,14.3,2.29
479,2026-05-08 00:42:07,4,q7,0,7,210,3970,4003,58908,55602,328,361,0,1606,0,684,1563358,0,0,7744599432,277191152,3626945360,0,0,699118,640,640,0,22293947,22293947,0,0,22293947,699118,14.84,3.97
480,2026-05-08 00:42:12,4,q8,0,10,218,1877,1898,22930,21695,297,365,0,288,0,207,9445062,0,0,14300899096,279065754,1452405524,0,0,49844,27,27,0,691429,691429,0,0,691429,49844,12.22,1.88
481,2026-05-08 00:42:15,4,q9,0,11,891,7965,39207,123859,107478,110,625,10,2696,0,3069,373110,0,0,0,1440031995,8961573852,0,0,885,885,885,0,72589,72589,0,0,72589,885,15.55,7.96
482,2026-05-08 00:42:24,4,q10,0,13,399,2914,5942,41472,32441,154,332,0,788,0,3241,375921,0,0,5741263080,496275522,1715088664,0,0,21068747,590,590,0,76722276,76722276,0,0,76722276,21068747,14.23,2.91
483,2026-05-08 00:42:28,4,q10a,0,10,389,1982,3217,26914,25040,98,289,0,907,0,1471,377297,0,0,4776185440,495275522,1690838172,0,0,22779154,615,615,0,106645593,106645593,0,0,106645593,22779154,13.58,1.98
484,2026-05-08 00:42:31,4,q11,0,20,582,17353,54719,271034,242474,1519,1461,12,7632,0,17453,588013,0,0,44656958720,624172317,4486575296,0,0,269945080,6328,6328,0,4430472060,4430472060,0,0,2954486332,191970515,15.62,17.35
485,2026-05-08 00:42:49,4,q12,0,6,64,1005,945,11314,10308,86,83,0,240,0,97,6520039,0,0,1869518136,72225613,862188032,0,0,99114,51,51,0,12153598,12153598,0,0,12153598,99114,11.26,1.0
486,2026-05-08 00:42:51,4,q13,0,7,201,4899,4955,73711,69737,122,197,0,1552,0,36,1749744,0,0,9406798104,277993754,4467780372,0,0,177,177,177,0,11061,11061,0,0,11061,177,15.05,4.9
487,2026-05-08 00:42:57,4,q14a,0,40,1597,77382,229684,1185001,484925,2777,3234,0,10329,0,695928,2429660,0,0,36491257008,1962234888,14342224800,0,0,637520320,4646,4646,0,8525486642,8525486642,0,0,8517835505,637278694,15.31,77.38
488,2026-05-08 00:44:16,4,q14b,0,29,1115,21811,34859,306595,274463,2152,2464,8,4149,1,21379,2429660,0,0,26674438960,1531928344,9957224136,0,0,134728861,4206,4206,0,483516037,483516037,0,0,483516037,134728861,14.06,21.81
489,2026-05-08 00:44:40,4,q14,0,29,1108,18948,30442,267347,257358,2300,2552,0,3649,0,5748,2323166,0,0,24792507904,1531928344,9957224136,0,0,134059706,3342,3342,0,400783763,400783763,0,0,400783763,134059706,14.11,18.95
490,2026-05-08 00:45:00,4,q15,0,5,127,3345,3091,46280,44166,108,163,0,368,0,100,19031420,0,0,16422941624,146307757,980498216,0,0,3846,6,6,0,126385,126385,0,0,126385,3846,13.84,3.34
491,2026-05-08 00:45:04,4,q16,0,8,330,13372,38366,205526,192255,356,475,3,4268,0,15283,1273600,0,0,41785807200,303406100,2737991192,0,0,301125284,21800,21800,0,4329169801,4329169801,0,0,4329169801,301125284,15.37,13.37
492,2026-05-08 00:45:18,4,q17,0,14,343,5279,9289,75462,69904,916,958,6,1680,0,2250,13882585,0,0,6358661496,446411311,3633768752,0,0,28190115,1021,1021,0,594212181,594212181,0,0,594212181,28190115,14.29,5.28
493,2026-05-08 00:45:25,4,q18,0,9,168,3125,3744,41964,37759,270,292,0,1331,0,666,17523292,0,0,26139084344,150353357,2688553624,0,0,553439,595,595,0,38719390,38719390,0,0,38719390,553439,13.43,3.12
494,2026-05-08 00:45:29,4,q18a,0,17,603,11303,34461,173134,156165,868,1063,4,3763,0,3163,17760449,0,0,118166450312,726708385,12973211948,0,0,654430,611,611,0,44144127,44144127,0,0,44144127,654430,15.32,11.3
495,2026-05-08 00:45:41,4,q19,0,7,209,2789,2581,36743,29991,217,297,0,272,0,1763,19031420,0,0,29168675520,278269754,2360749224,0,0,13062,7,7,0,771144,771144,0,0,771144,13062,13.17,2.79
496,2026-05-08 00:45:45,4,q20,0,6,119,1275,1216,15859,14691,134,153,0,144,0,132,6520039,0,0,3049429856,143511757,1275560484,0,0,116863,63,63,0,14250561,14250561,0,0,14250561,116863,12.44,1.27
497,2026-05-08 00:45:48,4,q21,0,6,51,2362,2346,31633,30419,66,77,0,200,0,95,194566,0,0,1090540592,399554015,1490722888,0,0,576530,56,56,0,9130050,9130050,0,0,9130050,576530,13.39,2.36
498,2026-05-08 00:45:51,4,q22,0,6,60,83195,83112,862545,854565,119,98,0,4881,0,851,9238108,0,0,4228256816,399554015,1463187508,0,0,8557877,374,374,0,367087690,367087690,0,0,367087690,8557877,10.37,83.2
499,2026-05-08 00:47:15,4,q22a,0,10,129,5272,6190,53327,49414,202,218,0,424,0,2995,9238108,0,0,12899456888,399554015,1463394376,0,0,4894300,832,832,0,247912932,247912932,0,0,61220432,1224712,10.12,5.27
500,2026-05-08 00:47:22,4,q23a,0,19,823,38317,65982,594618,570951,1661,1799,2,11534,0,17846,13148461,0,0,94153239928,1055670462,6692761528,0,0,161107479,12499,12499,0,3945819989,3945819989,0,0,3512959568,129085847,15.52,38.32
501,2026-05-08 00:48:01,4,q23b,0,22,857,41102,74038,634269,606622,1816,1967,2,13188,0,20213,13148461,0,0,107094764144,1057670462,6767148624,0,0,219629090,21997,21997,0,4869606515,4869606515,0,0,3569046901,131163350,15.43,41.1
502,2026-05-08 00:48:43,4,q24,0,14,271,5298,12044,75479,68471,1097,1010,0,3738,0,5731,12972183,0,0,7305478504,320216803,3134271732,0,0,31568282,3381,3381,0,449426479,449426479,0,0,449426479,31568282,14.25,5.3
503,2026-05-08 00:48:50,4,q24a,0,21,498,13633,20874,184600,160730,2013,1691,16,13097,0,14670,7938360,0,0,21574691736,608427191,5623112488,0,0,100579192,7968,7968,0,1944720502,1944720502,0,0,1538197907,69847453,13.54,13.63
504,2026-05-08 00:49:04,4,q24b,0,22,499,11129,17498,150028,141351,1655,1632,1,4181,0,11410,7938575,0,0,18878557560,608427191,5623112488,0,0,99830490,4813,4813,0,1919211525,1919211525,0,0,1512688930,69098751,13.48,11.13
505,2026-05-08 00:49:17,4,q25,0,14,343,5484,9752,77829,72537,957,963,1,1180,0,1629,13882585,0,0,6009723240,446411311,4626819376,0,0,20197026,830,830,0,402780850,402780850,0,0,402780850,20197026,14.19,5.48
506,2026-05-08 00:49:23,4,q26,0,7,129,2258,2291,33005,31310,148,196,0,304,0,630,1563358,0,0,5378073712,145433557,2152756208,0,0,382055,420,420,0,12871388,12871388,0,0,12871388,382055,14.62,2.26
507,2026-05-08 00:49:26,4,q27,0,7,200,3283,3290,47041,45546,278,340,0,384,0,620,1563487,0,0,7074476616,277190554,3329703144,0,0,175061,240,240,0,6795965,6795965,0,0,6795965,175061,14.33,3.28
508,2026-05-08 00:49:31,4,q27a,0,11,560,8717,17643,132633,126510,540,786,0,1424,0,1364,1563358,0,0,12766404736,827485660,9932426740,0,0,178432,412,412,0,7388635,7388635,0,0,7388635,178432,15.22,8.72
509,2026-05-08 00:49:41,4,q28,0,18,1162,13039,76953,204565,194553,1217,1544,1,1104,0,21077,516820,0,0,71975279584,1728038328,13748551896,0,0,7116804,16732,16732,0,114797114,114797114,0,0,114797114,7116804,15.69,13.04
510,2026-05-08 00:49:55,4,q29,0,17,352,10730,15946,145758,139005,925,994,1,1040,0,5503,13882585,0,0,12510713656,446451311,3638376400,0,0,93232843,2551,2551,0,1596736101,1596736101,0,0,1596736101,93232843,13.58,10.73
511,2026-05-08 00:50:07,4,q30,0,13,134,1913,3473,25342,22439,151,173,0,0,0,2577,7971377,0,0,9411896944,17769800,743614760,0,0,6155572,546,546,0,282153607,282153607,0,0,282153607,6155572,13.25,1.91
512,2026-05-08 00:50:10,4,q31,0,19,694,6377,32709,93760,87898,697,857,0,1264,0,918,15346777,0,0,53437053720,1042200895,6378936504,0,0,106264,59,59,0,3483990,3483990,0,0,2892920,87848,14.7,6.38
513,2026-05-08 00:50:17,4,q32,0,7,215,2054,2927,29942,28358,129,202,0,432,0,887,478040,0,0,1291866552,286799514,2512964328,0,0,743337,164,164,0,9518155,9518155,0,0,9518155,743337,14.58,2.05
514,2026-05-08 00:50:20,4,q33,0,9,347,3485,7869,51556,49056,348,475,0,464,0,201,1857266,0,0,12175045880,491762722,4515587444,0,0,10978,11,11,0,280380,280380,0,0,280380,10978,14.79,3.48
515,2026-05-08 00:50:25,4,q34,0,9,227,1775,2060,23727,22405,227,297,0,416,0,1476,957813,0,0,781712488,277072954,968580900,0,0,4031113,93,93,0,135549984,135549984,0,0,68462305,2031113,13.37,1.78
516,2026-05-08 00:50:27,4,q35,0,10,395,3880,7496,55509,49566,166,326,0,560,0,2393,23973725,0,0,15435040688,495275522,1688913052,0,0,57691365,1530,1530,0,114304595,114304595,0,0,114304595,57691365,14.31,3.88
517,2026-05-08 00:50:32,4,q35a,0,9,395,3367,4818,46793,42457,137,333,39,1120,0,2947,23973725,0,0,14579403080,495275522,1688913052,0,0,57706997,1496,1496,0,114272861,114272861,0,0,114272861,57706997,13.9,3.37
518,2026-05-08 00:50:37,4,q36,0,6,185,2807,2749,39716,37282,193,277,1,416,0,387,3716103,0,0,6227555056,275269754,2978609208,0,0,6461,37,37,0,507409,507409,0,0,507409,6461,14.15,2.81
519,2026-05-08 00:50:41,4,q36a,0,9,190,2939,2867,40268,38368,197,274,0,752,0,370,3716103,0,0,6766522928,275269754,2978609208,0,0,17918,114,114,0,1456815,1456815,0,0,501753,6222,13.7,2.94
520,2026-05-08 00:50:45,4,q37,0,6,159,4993,8981,57261,54753,59,117,0,402,0,4383,214774,0,0,4913203808,543548124,2295384536,0,0,51928707,1736,1736,0,663087242,663087242,0,0,663087242,143994433,11.47,4.99
521,2026-05-08 00:50:51,4,q38,0,13,460,8360,21910,128974,118386,184,410,0,1712,0,7707,403325,0,0,23483277400,492354722,1637058416,0,0,120819579,4029,4029,0,731366019,731366019,0,0,626226009,116819579,15.43,8.36
522,2026-05-08 00:51:00,4,q39a,0,11,133,4879,8437,61272,58323,251,239,0,430,0,1059,2464219,0,0,6089430560,798904015,2943508300,0,0,9293617,136,136,0,211977496,211977496,0,0,142439707,6233617,12.56,4.88
523,2026-05-08 00:51:06,4,q39b,0,11,132,4096,7452,49773,48508,200,233,0,466,0,588,1038243,0,0,5705979424,798904015,2943508300,0,0,9184459,136,136,0,208912193,208912193,0,0,139374404,6124459,12.15,4.1
524,2026-05-08 00:51:11,4,q40,0,8,179,8761,23567,128810,123028,132,201,0,1226,1,10828,510938,0,0,24442330840,157909594,1881637444,0,0,157478827,6105,6105,0,3051101978,3051101978,0,0,3051101978,157478827,14.7,8.76
525,2026-05-08 00:51:21,4,q41,0,4,10,204,173,236,186,10,11,0,0,0,12,24680,0,0,472399704,408000,16770080,0,0,292,2,2,0,19225,19225,0,0,19225,292,1.16,0.2
526,2026-05-08 00:51:22,4,q42,0,4,183,1519,1506,21800,21045,197,245,0,0,0,23,801264,0,0,977970480,275269352,2050075012,0,0,77,7,7,0,6387,6387,0,0,6387,77,14.35,1.52
527,2026-05-08 00:51:25,4,q43,0,4,180,1895,1874,27184,25256,218,260,0,368,0,374,806123,0,0,486052448,275065754,1162666884,0,0,4641,39,39,0,514380,514380,0,0,514380,4641,14.35,1.9
528,2026-05-08 00:51:28,4,q44,0,8,393,3212,3380,46542,42564,288,439,0,784,0,4443,3433901,0,0,7741096888,576213690,3756937816,0,0,2629123,5873,5873,0,38073629,38073629,0,0,19046187,1314826,14.49,3.21
529,2026-05-08 00:51:32,4,q45,0,7,82,1472,1439,16444,14718,65,90,0,805,0,22,19031549,0,0,11853074376,75245613,918715172,0,0,179,7,7,0,16081,16081,0,0,16081,179,11.17,1.47
530,2026-05-08 00:51:35,4,q46,0,9,226,3572,3614,49169,47219,270,352,0,240,0,1982,13515525,0,0,15899941704,278072954,2253445028,0,0,2097508,510,510,0,69757336,69757336,0,0,69757336,2097508,13.77,3.57
531,2026-05-08 00:51:39,4,q47,0,11,243,3961,4663,54973,51071,308,394,0,464,0,2786,4612594,0,0,12368581712,275269754,1948681620,0,0,1731601,1904,1904,0,69616535,69616535,0,0,44127333,1097634,13.88,3.96
532,2026-05-08 00:51:44,4,q48,0,6,200,6611,6637,99468,93987,254,326,0,3383,0,62,2200972,0,0,9212197224,277986554,2695225520,0,0,177,177,177,0,10161,10161,0,0,10161,177,15.05,6.61
533,2026-05-08 00:51:52,4,q49,0,20,445,9366,34123,142745,134954,636,777,0,2736,0,9206,2393806,0,0,5390216224,540766019,8136973992,0,0,86104356,229,229,0,1835926195,1835926195,0,0,1835926195,86104356,15.24,9.37
534,2026-05-08 00:52:02,4,q50,0,10,306,26776,83829,381854,207074,321,427,0,1536,0,170025,1278788,0,0,40984956952,302952603,2260485900,0,0,265637490,17904,17904,0,5740033363,5740033363,0,0,5740033363,265637490,14.26,26.78
535,2026-05-08 00:52:30,4,q51,0,10,328,13640,20239,191606,182460,422,520,0,2912,0,8482,657529,0,0,24464714264,347066965,2668666900,0,0,142655042,2652,2652,0,2404443584,2404443584,0,0,2404443584,142655042,14.05,13.64
536,2026-05-08 00:52:45,4,q51a,0,14,399,249884,290460,3251371,3187306,653,767,0,35559,0,11626,656798,0,0,68288100152,347066965,2668666900,0,0,283180134,3590,3590,0,4672696778,4672696778,0,0,3426425596,216786871,13.01,249.88
537,2026-05-08 00:56:56,4,q52,0,4,183,1720,1707,24793,23499,187,235,0,288,0,118,801909,0,0,977970480,275269352,2050402692,0,0,5811,7,7,0,293389,293389,0,0,293389,5811,14.41,1.72
538,2026-05-08 00:56:59,4,q53,0,6,185,2019,1997,27697,26513,191,269,0,272,0,610,954932,0,0,831690704,275269754,1949488532,0,0,40504,40,40,0,1030188,1030188,0,0,1030188,40504,13.72,2.02
539,2026-05-08 00:57:02,4,q54,0,17,382,3674,5251,53017,49349,667,789,0,1344,0,522,19031506,0,0,17553741704,493745222,3161434748,0,0,8236463,150,150,0,77409275,77409275,0,0,77409275,8236463,14.43,3.67
540,2026-05-08 00:57:07,4,q55,0,4,183,1627,1614,23670,22460,186,240,0,528,0,87,801909,0,0,977970480,275269352,2050402692,0,0,4038,7,7,0,216502,216502,0,0,216502,4038,14.55,1.63
541,2026-05-08 00:57:09,4,q56,0,9,347,3529,7879,51795,47335,339,491,0,1850,0,179,1857309,0,0,10172988560,491762722,4515788148,0,0,45468,11,11,0,897485,897485,0,0,897485,45468,14.68,3.53
542,2026-05-08 00:57:14,4,q57,0,11,179,3091,3890,41673,36253,280,298,0,244,0,3558,4612594,0,0,11997790808,143511787,1212202476,0,0,2530171,2204,2204,0,102683161,102683161,0,0,66011877,1611492,13.48,3.09
543,2026-05-08 00:57:18,4,q58,0,11,338,3671,9841,53234,50752,359,461,1,272,0,99,1563358,0,0,7566828872,490704820,4170672520,0,0,569331,14,14,0,7227315,7227315,0,0,7227315,569331,14.5,3.67
544,2026-05-08 00:57:23,4,q59,0,15,367,4041,7111,48473,46243,464,642,0,511,0,1079,1197187,0,0,4096270224,550317606,2333459528,0,0,108743,79,79,0,2776772,2776772,0,0,2776772,108743,12.0,4.04
545,2026-05-08 00:57:28,4,q60,0,9,347,3986,8933,58327,55771,354,490,0,432,0,292,1857223,0,0,12029349864,491762722,4515722612,0,0,279984,17,17,0,4330588,4330588,0,0,4330588,279984,14.63,3.99
546,2026-05-08 00:57:33,4,q61,0,10,388,4608,6851,65590,61888,51,269,0,516,0,60,19031635,0,0,39864657912,553316106,5018786280,0,0,354,354,354,0,20206,20206,0,0,20206,354,14.23,4.61
547,2026-05-08 00:57:39,4,q62,0,6,52,1384,1371,18447,17317,64,78,0,0,0,503,296232,0,0,276983840,72021672,619238316,0,0,12960,36,36,0,1156608,1156608,0,0,1156608,12960,13.33,1.38
548,2026-05-08 00:57:41,4,q63,0,6,185,2122,2101,29971,28940,199,264,0,416,0,362,954932,0,0,898734008,275269754,1949427092,0,0,6202,40,40,0,282597,282597,0,0,282597,6202,14.12,2.12
549,2026-05-08 00:57:44,4,q64,0,35,666,25395,80803,383754,365203,2240,2197,9,7310,0,11341,54397937,0,0,52018313664,742774732,10472003400,0,0,228688940,6247,6247,0,3505148067,3505148067,0,0,3035055849,193590051,15.11,25.4
550,2026-05-08 00:58:11,4,q65,0,10,430,11576,21934,171636,164455,505,670,2,2767,0,9099,18324921,0,0,22006040880,550315106,3866375608,0,0,121692348,1377,1377,0,3654658197,3654658197,0,0,3654658197,121692348,14.83,11.58
551,2026-05-08 00:58:24,4,q66,0,8,154,3711,4867,52684,44002,338,372,0,1786,0,225,626119,0,0,4851484096,215349405,2680463820,0,0,885,59,59,0,308213,308213,0,0,308213,885,14.2,3.71
552,2026-05-08 00:58:28,4,q67,0,7,288,45564,45464,661524,640690,439,540,0,12313,0,11758,9238108,0,0,55931048560,275269754,2200372628,0,0,69861424,4304,4304,0,4950340389,4950340389,0,0,4950340389,69861424,14.52,45.56
553,2026-05-08 00:59:15,4,q67a,0,15,864,73909,244244,1140750,1088703,2188,2253,0,9238,0,44437,9238108,0,0,222496441056,275269754,2200372628,0,0,534489538,27228,27228,0,36235187741,36235187741,0,0,7656162005,120915778,15.43,73.91
554,2026-05-08 01:00:30,4,q68,0,9,222,4456,4537,62797,53109,283,346,0,672,0,734,13515525,0,0,15216494808,278072954,3513939876,0,0,2022735,57,57,0,65545698,65545698,0,0,65545698,2022735,14.09,4.46
555,2026-05-08 01:00:36,4,q69,0,9,378,2524,5276,36644,33233,64,263,0,285,0,1454,28676332,0,0,10798078856,495275522,1690182812,0,0,16091419,510,510,0,46264707,46264707,0,0,46264707,16091419,14.52,2.52
556,2026-05-08 01:00:39,4,q70,0,9,361,4194,4137,60538,57903,455,560,0,1096,0,259,1853680,0,0,3790811104,550111508,2740629432,0,0,1513,80,80,0,95537,95537,0,0,95537,1513,14.43,4.19
557,2026-05-08 01:00:45,4,q70a,0,12,366,3339,3239,46147,44124,432,559,0,880,0,238,1842951,0,0,1645422544,550111508,2740629432,0,0,1746,151,151,0,128743,128743,0,0,64687,1098,13.82,3.34
558,2026-05-08 01:00:49,4,q71,0,7,337,3548,3496,50920,48218,422,555,4,912,0,378,2122873,0,0,3028453712,490598722,4365505660,0,0,265678,129,129,0,9891866,9891866,0,0,5917053,163589,14.35,3.55
559,2026-05-08 01:00:54,4,q72,0,15,408,186224,277662,2877778,2270104,570,711,2,5695,0,598671,13148461,0,0,82523784096,559314692,3626520744,0,0,537663712,31195,31195,0,9684034978,9684034978,0,0,9684034978,537663712,15.45,186.22
560,2026-05-08 01:04:01,4,q73,0,9,227,1690,1943,22939,21774,228,289,0,160,0,1024,954674,0,0,844244024,277072954,968580900,0,0,4016581,67,67,0,134836322,134836322,0,0,67748643,2016581,13.57,1.69
561,2026-05-08 01:04:04,4,q74,0,20,576,14926,48149,233250,212530,1298,1405,0,4384,0,11545,588701,0,0,43804974688,624172317,3650770112,0,0,269945080,5884,5884,0,2931097453,2931097453,0,0,2060559802,191970515,15.63,14.93
562,2026-05-08 01:04:20,4,q75,0,20,799,16880,60385,260641,242968,390,783,0,5427,0,11391,428392,0,0,25567741520,1031312266,11270242804,0,0,140055201,3515,3515,0,3212139261,3212139261,0,0,2149398978,89656379,15.44,16.88
563,2026-05-08 01:04:38,4,q76,0,4,330,3954,3904,59115,51227,406,514,0,1008,0,1453,1926260,0,0,26422108936,484839089,4424420072,0,0,6243,320,320,0,656817,656817,0,0,656817,6243,14.95,3.95
564,2026-05-08 01:04:43,4,q77,0,14,387,4311,21397,64808,57399,411,489,0,1504,0,248,801780,0,0,1775178520,539423686,5882073092,0,0,13478,43,43,0,482956,482956,0,0,482956,13478,15.03,4.31
565,2026-05-08 01:04:48,4,q77a,0,17,392,4489,21942,65619,59407,471,520,0,2416,0,274,802081,0,0,2247037544,539423686,5882073092,0,0,15022,53,53,0,673560,673560,0,0,502934,12548,14.62,4.49
566,2026-05-08 01:04:54,4,q78,0,14,601,82944,285045,1297720,455214,1106,1222,3,9568,0,848788,1065488,0,0,96406578560,540773544,7316889180,0,0,406636630,23781,23781,0,11387040654,11387040654,0,0,11387040654,406636630,15.65,82.94
567,2026-05-08 01:06:18,4,q79,0,8,230,3675,3939,54431,50155,344,366,0,1120,0,3343,963231,0,0,10552278304,277072954,2224484308,0,0,3605120,2091,2091,0,110891741,110891741,0,0,110891741,3605120,14.81,3.68
568,2026-05-08 01:06:23,4,q80,0,23,558,47605,166262,744071,410028,2009,1802,0,5328,0,335561,1105446,0,0,54884401176,541204370,8455423984,0,0,265494090,15013,15013,0,7549170047,7549170047,0,0,7549170047,265494090,15.63,47.6
569,2026-05-08 01:07:11,4,q80a,0,26,563,65580,252380,1033493,408551,1997,1818,0,4996,0,632264,1105188,0,0,55356260208,541204370,8455423984,0,0,265493762,15045,15045,0,7549353208,7549353208,0,0,7549131508,265491832,15.76,65.58
570,2026-05-08 01:08:18,4,q81,0,13,157,2600,4254,36357,27942,240,236,0,736,0,3349,7971420,0,0,14251811176,32815644,1208436504,0,0,11401658,1445,1445,0,250016314,250016314,0,0,250016314,11401658,13.98,2.6
571,2026-05-08 01:08:22,4,q82,0,8,225,3604,4745,43097,32045,530,527,0,784,0,824,387079,0,0,212456560,687764388,2718364488,0,0,40831,188,188,0,222322,222322,0,0,222322,40831,11.96,3.6
572,2026-05-08 01:08:26,4,q83,0,10,64,1305,3034,15405,11166,66,81,0,848,0,451,1563358,0,0,2136787360,49489669,1250623860,0,0,343033,13,13,0,4206315,4206315,0,0,4206315,343033,11.8,1.3
573,2026-05-08 01:08:29,4,q84,0,9,76,1499,3375,15807,13187,65,59,0,0,0,933,9716301,0,0,1313097696,33729631,585378828,0,0,27798849,47,47,0,145871308,145871308,0,0,145871308,27798849,10.55,1.5
574,2026-05-08 01:08:31,4,q85,0,10,114,3807,19254,56661,47527,108,139,2,2944,0,2271,16954286,0,0,9166144312,84064695,1698314788,0,0,9151985,1088,1088,0,346981786,346981786,0,0,346981786,9151985,14.88,3.81
575,2026-05-08 01:08:36,4,q86,0,5,54,1544,1486,20395,18956,55,72,0,448,0,299,3716103,0,0,3141894008,72225613,838791680,0,0,5853,32,32,0,405271,405271,0,0,405271,5853,13.21,1.54
576,2026-05-08 01:08:39,4,q86a,0,8,59,1171,1105,13447,12782,62,80,0,0,0,284,3716103,0,0,3479534984,72225613,838791680,0,0,14495,90,90,0,1060269,1060269,0,0,368295,5081,11.48,1.17
577,2026-05-08 01:08:41,4,q87,0,13,460,8542,22335,131275,116662,201,419,4,2576,0,7530,404013,0,0,23483277400,492354722,1637058416,0,0,120819579,4029,4029,0,731366019,731366019,0,0,626226009,116819579,15.37,8.54
578,2026-05-08 01:08:51,4,q88,0,26,1434,7990,55559,122931,116567,118,883,0,1200,0,386,407318,0,0,4560743424,2304258706,5960837004,0,0,1416,1416,1416,0,83536,83536,0,0,83536,1416,15.39,7.99
579,2026-05-08 01:09:00,4,q89,0,6,186,2381,2357,33650,32337,204,270,0,192,0,686,954889,0,0,3702034056,275269754,1949087124,0,0,31480,80,80,0,2454934,2454934,0,0,2454934,31480,14.13,2.38
580,2026-05-08 01:09:03,4,q90,0,8,100,980,1493,14495,13807,11,57,0,0,0,14,108068,0,0,304385536,144052466,1123390420,0,0,94,94,94,0,5546,5546,0,0,5546,94,14.79,0.98
581,2026-05-08 01:09:05,4,q91,0,10,58,1135,1288,10129,9362,41,50,2,189,0,10,38453992,0,0,3171041144,19345852,625547844,0,0,184,7,7,0,27623,27623,0,0,15642,107,8.92,1.14
582,2026-05-08 01:09:07,4,q92,0,7,107,1462,2096,20841,19511,57,94,0,0,0,681,711831,0,0,965375384,144227226,1685818016,0,0,626333,89,89,0,8063089,8063089,0,0,8063089,626333,14.26,1.46
583,2026-05-08 01:09:10,4,q93,0,8,412,45448,96141,690753,381915,484,634,0,3696,0,320763,2210806,0,0,68145363512,316808109,3028630928,0,0,288995290,41612,41612,0,7557239367,7557239367,0,0,7557239367,288995290,15.2,45.45
584,2026-05-08 01:09:56,4,q94,0,8,163,7877,20681,118237,104651,133,200,0,1304,0,10876,509440,0,0,16630437440,152222639,1732707064,0,0,151171114,4440,4440,0,2327043572,2327043572,0,0,2327043572,151171114,15.01,7.88
585,2026-05-08 01:10:05,4,q95,0,8,190,23065,35944,345571,322837,359,394,1,4213,0,14790,939651,0,0,49888658408,152222639,1759392700,0,0,367104120,16884,16884,0,3413487125,3413487125,0,0,2085729728,151153176,14.98,23.06
586,2026-05-08 01:10:29,4,q96,0,5,181,1066,1069,15148,14885,13,107,0,0,0,25,406157,0,0,565697664,288033990,746902404,0,0,177,177,177,0,10443,10443,0,0,10443,177,14.21,1.07
587,2026-05-08 01:10:32,4,q97,0,5,296,11681,14585,154836,149915,312,405,27,1184,0,3312,657572,0,0,22641659872,418353109,2313457720,0,0,83759300,1258,1258,0,957391348,957391348,0,0,957391348,83759300,13.26,11.68
588,2026-05-08 01:10:44,4,q98,0,7,201,2126,2031,26501,25406,212,274,4,112,0,146,6562512,0,0,4972634216,275269352,2070444420,0,0,180904,99,99,0,22380645,22380645,0,0,18573108,150361,12.47,2.13
589,2026-05-08 01:10:47,4,q99,0,7,109,2349,2337,32988,23533,125,165,0,269,0,3338,628269,0,0,3131391776,144014189,784247648,0,0,64704,196,196,0,4418969,4418969,0,0,4418969,64704,14.04,2.35
590,2026-05-08 01:10:51,5,q1,0,10,110,2044,3614,30053,27322,149,161,0,493,0,1660,20277990,0,0,9612412712,57608002,1271209580,0,0,16231984,697,697,0,253663308,253663308,0,0,253663308,16231984,14.7,2.04
591,2026-05-08 01:10:54,5,q2,0,9,155,3188,3125,45874,42845,178,227,0,1726,0,544,751663,0,0,1015601344,215402419,1473451860,0,0,5452,443,443,0,253813,253813,0,0,94315,3736,14.39,3.19
592,2026-05-08 01:10:58,5,q3,0,4,183,1738,1729,25227,24107,218,240,0,448,0,372,805607,0,0,534265832,275322401,2050464132,0,0,4517,34,34,0,363558,363558,0,0,363558,4517,14.51,1.74
593,2026-05-08 01:11:01,5,q4,0,25,884,69825,336560,1107542,695883,2078,2165,0,15080,0,381806,763869,0,0,115125933792,767460074,10610269572,0,0,566100624,26383,26383,0,14405093283,14405093283,0,0,8517752891,341212705,15.86,69.82
594,2026-05-08 01:12:12,5,q5,0,11,451,15033,27083,208727,196701,559,726,0,3721,0,4950,1007310,0,0,9107530328,611443683,6695418308,0,0,78868093,1232,1232,0,1120579083,1120579083,0,0,1120579083,78868093,13.88,15.03
595,2026-05-08 01:12:28,5,q5a,0,14,456,15119,28420,207722,197464,571,714,0,3644,0,5537,1007525,0,0,9579389360,611443683,6695418308,0,0,78870684,1243,1243,0,1120812580,1120812580,0,0,1120603496,78867250,13.74,15.12
596,2026-05-08 01:12:44,5,q6,0,13,234,2052,4821,28166,22669,482,567,0,480,0,428,8436996,0,0,5221591328,278619450,1473397064,0,0,5131498,241,241,0,45192822,45192822,0,0,45192822,5131498,13.73,2.05
597,2026-05-08 01:12:48,5,q7,0,7,210,3778,3810,51661,46693,305,354,0,836,0,1546,1563358,0,0,7744599432,277191152,3626945360,0,0,699118,640,640,0,22293947,22293947,0,0,22293947,699118,13.67,3.78
598,2026-05-08 01:12:52,5,q8,0,10,218,2010,2032,25713,24500,271,365,0,112,0,238,9445062,0,0,14300899096,279065754,1452405524,0,0,49844,27,27,0,691429,691429,0,0,691429,49844,12.79,2.01
599,2026-05-08 01:12:55,5,q9,0,11,891,7301,35799,113006,109276,118,635,0,1625,0,277,371906,0,0,0,1440031995,8961573852,0,0,885,885,885,0,72589,72589,0,0,72589,885,15.48,7.3
600,2026-05-08 01:13:04,5,q10,0,13,399,2622,5572,37151,31877,125,316,1,352,0,1903,375104,0,0,5741263080,496275522,1715088664,0,0,21068747,590,590,0,76722276,76722276,0,0,76722276,21068747,14.17,2.62
601,2026-05-08 01:13:07,5,q10a,0,10,389,1988,3241,27645,25957,94,289,0,480,0,1476,375147,0,0,4776185440,495275522,1690838172,0,0,22779154,615,615,0,106645593,106645593,0,0,106645593,22779154,13.91,1.99
602,2026-05-08 01:13:11,5,q11,0,20,582,16902,53602,264076,241272,1367,1420,11,5168,0,14180,588701,0,0,44656958720,624172317,4486575296,0,0,269945080,6328,6328,0,4430472060,4430472060,0,0,2954486332,191970515,15.62,16.9
603,2026-05-08 01:13:29,5,q12,0,6,64,988,928,10523,9730,72,80,0,0,0,98,6520039,0,0,1869518136,72225613,862188032,0,0,99114,51,51,0,12153598,12153598,0,0,12153598,99114,10.65,0.99
604,2026-05-08 01:13:31,5,q13,0,7,201,4751,4774,69686,62671,98,183,0,1496,0,30,1749873,0,0,9406798104,277993754,4467780372,0,0,177,177,177,0,11061,11061,0,0,11061,177,14.67,4.75
605,2026-05-08 01:13:36,5,q14a,0,40,1597,68067,200569,1035552,480260,2615,3111,0,14527,0,542174,2429660,0,0,36491257008,1962234888,14342224800,0,0,637520320,4646,4646,0,8525486642,8525486642,0,0,8517835505,637278694,15.21,68.07
606,2026-05-08 01:14:46,5,q14b,0,29,1115,22563,37626,316942,275730,2231,2480,12,7381,0,9172,2429660,0,0,26674438960,1531928344,9957224136,0,0,134728861,4206,4206,0,483516037,483516037,0,0,483516037,134728861,14.05,22.56
607,2026-05-08 01:15:10,5,q14,0,29,1108,19165,30926,271405,256521,2272,2458,0,7556,0,6336,2323166,0,0,24792507904,1531928344,9957224136,0,0,134059706,3342,3342,0,400783763,400783763,0,0,400783763,134059706,14.16,19.16
608,2026-05-08 01:15:31,5,q15,0,5,127,3028,2811,40980,37461,118,169,0,824,0,90,19031463,0,0,16422941624,146307757,980498216,0,0,3846,6,6,0,126385,126385,0,0,126385,3846,13.53,3.03
609,2026-05-08 01:15:35,5,q16,0,8,330,14230,40831,219186,190333,546,513,2,8504,0,18394,1273428,0,0,41785807200,303406100,2737991192,0,0,301125284,21800,21800,0,4329169801,4329169801,0,0,4329169801,301125284,15.4,14.23
610,2026-05-08 01:15:50,5,q17,0,14,343,5307,9387,75565,67257,890,950,3,1408,0,3150,13882585,0,0,6358661496,446411311,3633768752,0,0,28190115,1021,1021,0,594212181,594212181,0,0,594212181,28190115,14.24,5.31
611,2026-05-08 01:15:56,5,q18,0,9,168,3409,3640,46832,40580,243,286,0,992,0,722,17522991,0,0,26139084344,150353357,2688553624,0,0,553439,595,595,0,38719390,38719390,0,0,38719390,553439,13.74,3.41
612,2026-05-08 01:16:01,5,q18a,0,17,603,10486,30642,159467,150663,901,1085,2,1168,0,2076,17760535,0,0,118166450312,726708385,12973211948,0,0,654430,611,611,0,44144127,44144127,0,0,44144127,654430,15.21,10.49
613,2026-05-08 01:16:12,5,q19,0,7,209,2536,2407,31745,29904,208,297,0,0,0,117,19031678,0,0,29168675520,278269754,2360749224,0,0,13062,7,7,0,771144,771144,0,0,771144,13062,12.52,2.54
614,2026-05-08 01:16:16,5,q20,0,6,119,1294,1234,15944,14538,184,151,2,360,0,117,6520039,0,0,3049429856,143511757,1275560484,0,0,116863,63,63,0,14250561,14250561,0,0,14250561,116863,12.32,1.29
615,2026-05-08 01:16:18,5,q21,0,6,51,2441,2433,32335,29100,57,70,0,0,0,97,193835,0,0,1090540592,399554015,1490722888,0,0,576530,56,56,0,9130050,9130050,0,0,9130050,576530,13.25,2.44
616,2026-05-08 01:16:22,5,q22,0,6,60,82239,82167,839254,833604,114,100,0,3591,0,847,9238108,0,0,4228256816,399554015,1463187508,0,0,8557877,374,374,0,367087690,367087690,0,0,367087690,8557877,10.21,82.24
617,2026-05-08 01:17:45,5,q22a,0,10,129,5402,6364,54226,49489,190,219,0,333,0,2636,9238108,0,0,12899456888,399554015,1463394376,0,0,4894300,832,832,0,247912932,247912932,0,0,61220432,1224712,10.04,5.4
618,2026-05-08 01:17:52,5,q23a,0,19,823,38538,66486,599057,573393,1699,1837,2,11849,0,20878,13148461,0,0,94153239928,1055670462,6692761528,0,0,161107479,12499,12499,0,3945819989,3945819989,0,0,3512959568,129085847,15.54,38.54
619,2026-05-08 01:18:31,5,q23b,0,22,857,41462,74407,639840,603407,1608,1739,4,5788,0,32275,13148461,0,0,107094764144,1057670462,6767148624,0,0,219629090,21997,21997,0,4869606515,4869606515,0,0,3569046901,131163350,15.43,41.46
620,2026-05-08 01:19:14,5,q24,0,14,271,5672,13138,80647,65870,1136,999,1,1248,0,12434,12972312,0,0,7305478504,320216803,3134271732,0,0,31568282,3381,3381,0,449426479,449426479,0,0,449426479,31568282,14.22,5.67
621,2026-05-08 01:19:21,5,q24a,0,21,498,12714,19338,171999,157270,1629,1640,5,1920,0,17773,7938360,0,0,21574691736,608427191,5623112488,0,0,100579192,7968,7968,0,1944720502,1944720502,0,0,1538197907,69847453,13.53,12.71
622,2026-05-08 01:19:35,5,q24b,0,22,499,10933,17065,146614,140425,1659,1623,1,1968,0,11132,7938446,0,0,18878557560,608427191,5623112488,0,0,99830490,4813,4813,0,1919211525,1919211525,0,0,1512688930,69098751,13.41,10.93
623,2026-05-08 01:19:47,5,q25,0,14,343,4983,9100,72141,68463,882,947,2,960,0,1718,13882585,0,0,6009723240,446411311,4626819376,0,0,20197026,830,830,0,402780850,402780850,0,0,402780850,20197026,14.48,4.98
624,2026-05-08 01:19:53,5,q26,0,7,129,2827,2859,40916,32969,150,188,0,432,0,596,1563358,0,0,5378073712,145433557,2152756208,0,0,382055,420,420,0,12871388,12871388,0,0,12871388,382055,14.47,2.83
625,2026-05-08 01:19:56,5,q27,0,7,200,3295,3311,47443,45041,264,331,0,400,0,656,1563487,0,0,7074476616,277190554,3329703144,0,0,175061,240,240,0,6795965,6795965,0,0,6795965,175061,14.4,3.3
626,2026-05-08 01:20:01,5,q27a,0,11,560,8973,18065,136465,131481,514,786,0,1549,0,1370,1563444,0,0,12766404736,827485660,9932426740,0,0,178432,412,412,0,7388635,7388635,0,0,7388635,178432,15.21,8.97
627,2026-05-08 01:20:11,5,q28,0,18,1162,13345,78797,209409,197635,1242,1533,0,2160,0,20591,517250,0,0,71975279584,1728038328,13748551896,0,0,7116804,16732,16732,0,114797114,114797114,0,0,114797114,7116804,15.69,13.34
628,2026-05-08 01:20:25,5,q29,0,17,352,10585,15680,143282,137053,985,1003,6,1184,0,5192,13882585,0,0,12510713656,446451311,3638376400,0,0,93232843,2551,2551,0,1596736101,1596736101,0,0,1596736101,93232843,13.54,10.58
629,2026-05-08 01:20:37,5,q30,0,13,134,1828,3080,23023,20235,153,170,0,0,0,2238,7971334,0,0,9411896944,17769800,743614760,0,0,6155572,546,546,0,282153607,282153607,0,0,282153607,6155572,12.59,1.83
630,2026-05-08 01:20:40,5,q31,0,19,694,6477,32942,95410,89569,698,847,15,977,0,855,15346820,0,0,53437053720,1042200895,6378936504,0,0,106264,59,59,0,3483990,3483990,0,0,2892920,87848,14.73,6.48
631,2026-05-08 01:20:47,5,q32,0,7,215,2181,3047,31954,29477,122,202,0,544,0,735,478040,0,0,1291866552,286799514,2512964328,0,0,743337,164,164,0,9518155,9518155,0,0,9518155,743337,14.65,2.18
632,2026-05-08 01:20:51,5,q33,0,9,347,3504,7802,51701,48633,356,484,0,1088,0,150,1857309,0,0,12175045880,491762722,4515587444,0,0,10978,11,11,0,280380,280380,0,0,280380,10978,14.75,3.5
633,2026-05-08 01:20:55,5,q34,0,9,227,2040,2326,27692,26687,243,303,0,0,0,1487,957383,0,0,781712488,277072954,968580900,0,0,4031113,93,93,0,135549984,135549984,0,0,68462305,2031113,13.57,2.04
634,2026-05-08 01:20:58,5,q35,0,10,395,4028,7502,57413,50299,150,322,0,1784,0,2463,23974026,0,0,15435040688,495275522,1688913052,0,0,57691365,1530,1530,0,114304595,114304595,0,0,114304595,57691365,14.25,4.03
635,2026-05-08 01:21:03,5,q35a,0,9,395,3342,4653,45871,41856,140,331,0,1200,0,2376,23973682,0,0,14579403080,495275522,1688913052,0,0,57706997,1496,1496,0,114272861,114272861,0,0,114272861,57706997,13.73,3.34
636,2026-05-08 01:21:08,5,q36,0,6,185,2875,2810,40221,37845,195,272,0,400,0,373,3716103,0,0,6227555056,275269754,2978609208,0,0,6461,37,37,0,507409,507409,0,0,507409,6461,13.99,2.88
637,2026-05-08 01:21:12,5,q36a,0,9,190,2929,2861,40077,37970,207,279,0,776,0,428,3716103,0,0,6766522928,275269754,2978609208,0,0,17918,114,114,0,1456815,1456815,0,0,501753,6222,13.68,2.93
638,2026-05-08 01:21:16,5,q37,0,6,159,5056,9084,59033,55977,61,126,0,1034,0,4059,216322,0,0,4913203808,543548124,2295384536,0,0,51928707,1736,1736,0,663087242,663087242,0,0,663087242,143994433,11.68,5.06
639,2026-05-08 01:21:22,5,q38,0,13,460,8579,22455,133185,119629,250,416,29,3552,0,7223,404013,0,0,23483277400,492354722,1637058416,0,0,120819579,4029,4029,0,731366019,731366019,0,0,626226009,116819579,15.52,8.58
640,2026-05-08 01:21:31,5,q39a,0,11,133,4904,8608,61729,58451,257,242,0,720,0,1302,2464219,0,0,6089430560,798904015,2943508300,0,0,9293617,136,136,0,211977496,211977496,0,0,142439707,6233617,12.59,4.9
641,2026-05-08 01:21:37,5,q39b,0,11,132,4147,7493,50422,49333,210,235,0,362,0,678,1038243,0,0,5705979424,798904015,2943508300,0,0,9184459,136,136,0,208912193,208912193,0,0,139374404,6124459,12.16,4.15
642,2026-05-08 01:21:43,5,q40,0,8,179,8815,23433,129396,123135,140,203,0,1600,0,9567,510938,0,0,24442330840,157909594,1881637444,0,0,157478827,6105,6105,0,3051101978,3051101978,0,0,3051101978,157478827,14.68,8.82
643,2026-05-08 01:21:53,5,q41,0,4,10,210,179,246,195,11,12,0,0,0,11,24680,0,0,472399704,408000,16770080,0,0,292,2,2,0,19225,19225,0,0,19225,292,1.17,0.21
644,2026-05-08 01:21:54,5,q42,0,4,183,1737,1722,25183,23227,192,243,0,576,0,25,801995,0,0,977970480,275269352,2050075012,0,0,77,7,7,0,6387,6387,0,0,6387,77,14.5,1.74
645,2026-05-08 01:21:57,5,q43,0,4,180,1775,1754,25215,23696,248,267,0,592,0,336,806252,0,0,486052448,275065754,1162666884,0,0,4641,39,39,0,514380,514380,0,0,514380,4641,14.21,1.78
646,2026-05-08 01:21:59,5,q44,0,8,393,3293,3468,47302,43366,286,443,1,900,0,4209,3433901,0,0,7741096888,576213690,3756937816,0,0,2629123,5873,5873,0,38073629,38073629,0,0,19046187,1314826,14.36,3.29
647,2026-05-08 01:22:04,5,q45,0,7,82,1510,1525,16270,15120,60,87,0,0,0,22,19031420,0,0,11853074376,75245613,918715172,0,0,179,7,7,0,16081,16081,0,0,16081,179,10.77,1.51
648,2026-05-08 01:22:06,5,q46,0,9,226,3464,3600,48128,44561,273,354,0,656,0,2251,13515568,0,0,15899941704,278072954,2253445028,0,0,2097508,510,510,0,69757336,69757336,0,0,69757336,2097508,13.89,3.46
649,2026-05-08 01:22:11,5,q47,0,11,243,3912,4560,53758,48992,319,399,0,964,0,3056,4612594,0,0,12368581712,275269754,1948681620,0,0,1731601,1904,1904,0,69616535,69616535,0,0,44127333,1097634,13.74,3.91
650,2026-05-08 01:22:16,5,q48,0,6,200,6217,6264,94311,90498,252,301,0,1904,0,62,2200929,0,0,9212197224,277986554,2695225520,0,0,177,177,177,0,10161,10161,0,0,10161,177,15.17,6.22
651,2026-05-08 01:22:23,5,q49,0,20,445,9085,33185,138456,130425,625,770,0,2176,0,9526,2393806,0,0,5390216224,540766019,8136973992,0,0,86104356,229,229,0,1835926195,1835926195,0,0,1835926195,86104356,15.24,9.09
652,2026-05-08 01:22:33,5,q50,0,10,306,26018,71309,341906,210742,325,428,0,2304,0,136983,1278788,0,0,40984956952,302952603,2260485900,0,0,265637490,17904,17904,0,5740033363,5740033363,0,0,5740033363,265637490,13.14,26.02
653,2026-05-08 01:23:00,5,q51,0,10,328,13680,20355,192309,183318,431,495,0,3104,0,8049,656798,0,0,24464714264,347066965,2668666900,0,0,142655042,2652,2652,0,2404443584,2404443584,0,0,2404443584,142655042,14.06,13.68
654,2026-05-08 01:23:15,5,q51a,0,14,399,254028,299938,3310695,3073853,673,680,0,52042,0,17442,657099,0,0,68288100152,347066965,2668666900,0,0,283180134,3590,3590,0,4672696778,4672696778,0,0,3426425596,216786871,13.03,254.03
655,2026-05-08 01:27:30,5,q52,0,4,183,1790,1776,25934,24372,188,244,0,512,0,129,803285,0,0,977970480,275269352,2050402692,0,0,5811,7,7,0,293389,293389,0,0,293389,5811,14.49,1.79
656,2026-05-08 01:27:33,5,q53,0,6,185,1879,1859,25872,24451,194,272,0,787,0,654,956953,0,0,831690704,275269754,1949488532,0,0,40504,40,40,0,1030188,1030188,0,0,1030188,40504,13.77,1.88
657,2026-05-08 01:27:36,5,q54,0,17,382,3664,5177,53085,48253,718,806,15,2113,0,554,19031549,0,0,17553741704,493745222,3161434748,0,0,8236463,150,150,0,77409275,77409275,0,0,77409275,8236463,14.49,3.66
658,2026-05-08 01:27:41,5,q55,0,4,183,1864,1853,27342,25741,226,233,0,800,0,93,804059,0,0,977970480,275269352,2050402692,0,0,4038,7,7,0,216502,216502,0,0,216502,4038,14.67,1.86
659,2026-05-08 01:27:44,5,q56,0,9,347,3700,8173,54776,51157,370,491,1,1041,0,153,1857223,0,0,10172988560,491762722,4515788148,0,0,45468,11,11,0,897485,897485,0,0,897485,45468,14.8,3.7
660,2026-05-08 01:27:48,5,q57,0,11,179,3492,4361,48229,42127,255,290,0,1024,0,3062,4612594,0,0,11997790808,143511787,1212202476,0,0,2530171,2204,2204,0,102683161,102683161,0,0,66011877,1611492,13.81,3.49
661,2026-05-08 01:27:53,5,q58,0,11,338,3792,10087,55489,52613,368,465,0,816,0,96,1563358,0,0,7566828872,490704820,4170672520,0,0,569331,14,14,0,7227315,7227315,0,0,7227315,569331,14.63,3.79
662,2026-05-08 01:27:58,5,q59,0,15,367,4266,7498,52090,48834,490,646,0,1333,0,1131,1199509,0,0,4096270224,550317606,2333459528,0,0,108743,79,79,0,2738266,2738266,0,0,2738266,108743,12.21,4.27
663,2026-05-08 01:28:03,5,q60,0,9,347,3663,8137,52722,49469,363,491,12,1126,0,270,1857739,0,0,12029349864,491762722,4515722612,0,0,279984,17,17,0,4330588,4330588,0,0,4330588,279984,14.39,3.66
664,2026-05-08 01:28:08,5,q61,0,10,388,4725,7287,67712,62896,57,265,0,1087,0,60,19031463,0,0,39864657912,553316106,5018786280,0,0,354,354,354,0,20206,20206,0,0,20206,354,14.33,4.72
665,2026-05-08 01:28:14,5,q62,0,6,52,1506,1497,19664,17316,63,77,4,624,0,461,297178,0,0,276983840,72021672,619238316,0,0,12960,36,36,0,1156608,1156608,0,0,1156608,12960,13.06,1.51
666,2026-05-08 01:28:16,5,q63,0,6,185,1948,1927,27353,25185,234,264,0,1220,0,371,959705,0,0,898734008,275269754,1949427092,0,0,6202,40,40,0,282597,282597,0,0,282597,6202,14.04,1.95
667,2026-05-08 01:28:19,5,q64,0,35,666,25065,78473,376186,359455,2229,2202,20,6724,0,11162,54398066,0,0,52018313664,742774732,10472003400,0,0,228688940,6247,6247,0,3505148067,3505148067,0,0,3035055849,193590051,15.01,25.06
668,2026-05-08 01:28:46,5,q65,0,10,430,11520,21806,171145,164448,559,664,2,2234,0,8915,18324921,0,0,22006040880,550315106,3866375608,0,0,121692348,1377,1377,0,3654658197,3654658197,0,0,3654658197,121692348,14.86,11.52
669,2026-05-08 01:28:58,5,q66,0,8,154,3653,5053,51907,43560,386,385,0,2216,0,241,627108,0,0,4851484096,215349405,2680463820,0,0,885,59,59,0,308213,308213,0,0,308213,885,14.21,3.65
670,2026-05-08 01:29:03,5,q67,0,7,288,45792,45703,665756,641498,481,552,0,12218,0,10864,9238108,0,0,55931048560,275269754,2200372628,0,0,69861424,4304,4304,0,4950340389,4950340389,0,0,4950340389,69861424,14.54,45.79
671,2026-05-08 01:29:50,5,q67a,0,15,864,73361,242667,1134021,1086619,2250,2326,4,13315,0,36533,9238108,0,0,222496441056,275269754,2200372628,0,0,534489538,27228,27228,0,36235187741,36235187741,0,0,7656162005,120915778,15.46,73.36
672,2026-05-08 01:31:05,5,q68,0,9,222,4215,4528,59266,55368,248,344,0,503,0,1180,13515525,0,0,15216494808,278072954,3513939876,0,0,2022735,57,57,0,65545698,65545698,0,0,65545698,2022735,14.06,4.22
673,2026-05-08 01:31:10,5,q69,0,9,378,2314,4781,33308,28760,72,260,0,608,0,1967,28676332,0,0,10798078856,495275522,1690182812,0,0,16091419,510,510,0,46264707,46264707,0,0,46264707,16091419,14.39,2.31
674,2026-05-08 01:31:13,5,q70,0,9,361,4160,4101,59940,56419,436,564,0,1744,0,275,1854626,0,0,3790811104,550111508,2740629432,0,0,1513,80,80,0,95537,95537,0,0,95537,1513,14.41,4.16
675,2026-05-08 01:31:18,5,q70a,0,12,366,3561,3463,49806,46484,433,573,0,2057,0,258,1844499,0,0,1645422544,550111508,2740629432,0,0,1746,151,151,0,128743,128743,0,0,64687,1098,13.99,3.56
676,2026-05-08 01:31:23,5,q71,0,7,337,3720,3668,53376,48092,439,557,8,626,0,411,2125496,0,0,3028453712,490598722,4365505660,0,0,265678,129,129,0,9892478,9892478,0,0,5917665,163589,14.35,3.72
677,2026-05-08 01:31:28,5,q72,0,15,408,174709,223608,2708174,2277547,566,711,2,6759,0,407775,13148461,0,0,82523784096,559314692,3626520744,0,0,537663712,31195,31195,0,9684034978,9684034978,0,0,9684034978,537663712,15.5,174.71
678,2026-05-08 01:34:24,5,q73,0,9,227,1785,2126,24643,22808,228,286,0,208,0,1265,954717,0,0,844244024,277072954,968580900,0,0,4016581,67,67,0,134836322,134836322,0,0,67748643,2016581,13.81,1.78
679,2026-05-08 01:34:27,5,q74,0,20,576,15396,49807,240112,214863,1527,1423,2,5456,0,11485,588701,0,0,43804974688,624172317,3650770112,0,0,269945080,5884,5884,0,2931097453,2931097453,0,0,2060559802,191970515,15.6,15.4
680,2026-05-08 01:34:43,5,q75,0,20,799,16872,59523,259232,238306,410,802,0,5513,0,13706,428650,0,0,25567741520,1031312266,11270242804,0,0,140055201,3515,3515,0,3212139261,3212139261,0,0,2149398978,89656379,15.36,16.87
681,2026-05-08 01:35:01,5,q76,0,4,330,3963,3913,59071,54533,430,532,0,1136,0,1638,1926432,0,0,26422108936,484839089,4424420072,0,0,6243,320,320,0,656817,656817,0,0,656817,6243,14.91,3.96
682,2026-05-08 01:35:06,5,q77,0,14,387,4024,19910,60343,54840,394,500,6,1408,0,251,801823,0,0,1775178520,539423686,5882073092,0,0,13478,43,43,0,482956,482956,0,0,482956,13478,15.0,4.02
683,2026-05-08 01:35:11,5,q77a,0,17,392,4118,19654,58986,54686,396,509,0,1776,0,256,802683,0,0,2247037544,539423686,5882073092,0,0,15022,53,53,0,673560,673560,0,0,502934,12548,14.32,4.12
684,2026-05-08 01:35:16,5,q78,0,14,601,69958,218156,1083373,441114,1041,1204,0,7272,0,649714,1065832,0,0,96406578560,540773544,7316889180,0,0,406636630,23781,23781,0,11387040654,11387040654,0,0,11387040654,406636630,15.49,69.96
685,2026-05-08 01:36:28,5,q79,0,8,230,3594,3818,52564,49836,306,375,0,320,0,2710,962414,0,0,10552278304,277072954,2224484308,0,0,3605120,2091,2091,0,110891741,110891741,0,0,110891741,3605120,14.63,3.59
686,2026-05-08 01:36:32,5,q80,0,23,558,73906,294984,1166664,403109,1686,1810,0,5541,0,768650,1106564,0,0,54884401176,541204370,8455423984,0,0,265494090,15013,15013,0,7549170047,7549170047,0,0,7549170047,265494090,15.79,73.91
687,2026-05-08 01:37:47,5,q80a,0,26,563,75401,296929,1187556,403405,1842,1804,0,4320,0,791181,1106564,0,0,55356260208,541204370,8455423984,0,0,265493762,15045,15045,0,7549353208,7549353208,0,0,7549131508,265491832,15.75,75.4
688,2026-05-08 01:39:04,5,q81,0,13,157,2691,4530,38491,28641,236,228,3,160,0,4242,7971420,0,0,14251811176,32815644,1208436504,0,0,11401658,1445,1445,0,250016314,250016314,0,0,250016314,11401658,14.3,2.69
689,2026-05-08 01:39:08,5,q82,0,8,225,2860,4015,36546,35285,414,520,0,432,0,772,387767,0,0,212456560,687764388,2718364488,0,0,40831,188,188,0,222322,222322,0,0,222322,40831,12.78,2.86
690,2026-05-08 01:39:12,5,q83,0,10,64,1205,2668,14109,12976,64,84,0,144,0,130,1563358,0,0,2136787360,49489669,1250623860,0,0,343033,13,13,0,4206315,4206315,0,0,4206315,343033,11.71,1.2
691,2026-05-08 01:39:14,5,q84,0,9,76,1418,3191,14821,13990,58,63,3,0,0,949,9716344,0,0,1313097696,33729631,585378828,0,0,27798849,47,47,0,145871308,145871308,0,0,145871308,27798849,10.45,1.42
692,2026-05-08 01:39:16,5,q85,0,10,114,3881,19877,56517,50490,112,132,3,2592,0,2652,16954372,0,0,9166144312,84064695,1698314788,0,0,9151985,1088,1088,0,346981786,346981786,0,0,346981786,9151985,14.56,3.88
693,2026-05-08 01:39:21,5,q86,0,5,54,1342,1282,17042,16197,54,71,0,0,0,300,3716103,0,0,3141894008,72225613,838791680,0,0,5853,32,32,0,405271,405271,0,0,405271,5853,12.7,1.34
694,2026-05-08 01:39:24,5,q86a,0,8,59,1386,1313,16638,16057,67,77,0,12,0,274,3716146,0,0,3479534984,72225613,838791680,0,0,14495,90,90,0,1060269,1060269,0,0,368295,5081,12.0,1.39
695,2026-05-08 01:39:26,5,q87,0,13,460,8721,22761,134303,119801,240,437,2,1834,0,6241,404013,0,0,23483277400,492354722,1637058416,0,0,120819579,4029,4029,0,731366019,731366019,0,0,626226009,116819579,15.4,8.72
696,2026-05-08 01:39:36,5,q88,0,26,1434,8109,56422,124625,119413,67,879,0,1600,0,266,406931,0,0,4560743424,2304258706,5960837004,0,0,1416,1416,1416,0,83536,83536,0,0,83536,1416,15.37,8.11
697,2026-05-08 01:39:45,5,q89,0,6,186,2303,2281,32498,30973,201,269,0,320,0,638,954889,0,0,3702034056,275269754,1949087124,0,0,31480,80,80,0,2454934,2454934,0,0,2454934,31480,14.11,2.3
698,2026-05-08 01:39:48,5,q90,0,8,100,960,1458,14137,13244,11,58,0,336,0,14,108584,0,0,304385536,144052466,1123390420,0,0,94,94,94,0,5546,5546,0,0,5546,94,14.73,0.96
699,2026-05-08 01:39:50,5,q91,0,10,58,989,925,7916,7426,32,49,0,0,0,10,38453648,0,0,3171041144,19345852,625547844,0,0,184,7,7,0,27623,27623,0,0,15642,107,8.0,0.99
700,2026-05-08 01:39:52,5,q92,0,7,107,1558,2213,22486,20718,60,96,0,496,0,710,711831,0,0,965375384,144227226,1685818016,0,0,626333,89,89,0,8063089,8063089,0,0,8063089,626333,14.43,1.56
701,2026-05-08 01:39:55,5,q93,0,8,412,39707,75609,580078,387102,516,644,0,4128,0,207183,2211064,0,0,68145363512,316808109,3028630928,0,0,288995290,41612,41612,0,7557239367,7557239367,0,0,7557239367,288995290,14.61,39.71
702,2026-05-08 01:40:36,5,q94,0,8,163,8146,23395,122413,100973,151,203,0,1905,0,18058,509440,0,0,16630437440,152222639,1732707064,0,0,151171114,4440,4440,0,2327043572,2327043572,0,0,2327043572,151171114,15.03,8.15
703,2026-05-08 01:40:45,5,q95,0,8,190,23100,33673,346490,315793,354,365,3,6810,3,7294,939608,0,0,49888658408,152222639,1759392700,0,0,367104120,16884,16884,0,3413487125,3413487125,0,0,2085729728,151153176,15.0,23.1
704,2026-05-08 01:41:09,5,q96,0,5,181,1101,1101,15678,15123,13,108,0,208,0,36,406931,0,0,565697664,288033990,746902404,0,0,177,177,177,0,10443,10443,0,0,10443,177,14.24,1.1
705,2026-05-08 01:41:11,5,q97,0,5,296,11830,14704,155995,150221,314,411,0,1705,0,3098,658045,0,0,22641659872,418353109,2313457720,0,0,83759300,1258,1258,0,957391348,957391348,0,0,957391348,83759300,13.19,11.83
706,2026-05-08 01:41:24,5,q98,0,7,201,2196,2102,27821,26356,216,274,4,464,0,140,6562512,0,0,4972634216,275269352,2070444420,0,0,180904,99,99,0,22380645,22380645,0,0,18573108,150361,12.67,2.2
707,2026-05-08 01:41:27,5,q99,0,7,109,2031,2017,27485,25212,141,172,0,807,0,769,629473,0,0,3131391776,144014189,784247648,0,0,64704,196,196,0,4418969,4418969,0,0,4418969,64704,13.53,2.03
708,2026-05-08 01:41:31,6,q1,0,10,110,1992,3486,29136,25654,147,156,3,1184,0,1806,20278033,0,0,9612412712,57608002,1271209580,0,0,16231984,697,697,0,253663308,253663308,0,0,253663308,16231984,14.63,1.99
709,2026-05-08 01:41:34,6,q2,0,9,155,3236,3176,47335,43869,207,228,0,2096,0,523,751663,0,0,1015601344,215402419,1473451860,0,0,5452,443,443,0,253813,253813,0,0,94315,3736,14.63,3.24
710,2026-05-08 01:41:38,6,q3,0,4,183,1625,1613,23277,21917,201,237,0,656,0,304,807026,0,0,534265832,275322401,2050464132,0,0,4517,34,34,0,363558,363558,0,0,363558,4517,14.32,1.62
711,2026-05-08 01:41:41,6,q4,0,25,884,48429,239968,765040,689087,2296,2246,1,13509,0,54867,763912,0,0,115125933792,767460074,10610269572,0,0,566100624,26383,26383,0,14405093283,14405093283,0,0,8517752891,341212705,15.8,48.43
712,2026-05-08 01:42:30,6,q5,0,11,451,15489,29507,215628,197252,531,708,0,5618,0,5524,1005375,0,0,9107530328,611443683,6695418308,0,0,78868093,1232,1232,0,1120579083,1120579083,0,0,1120579083,78868093,13.92,15.49
713,2026-05-08 01:42:47,6,q5a,0,14,456,15379,28759,212100,194130,568,743,0,2712,0,10135,1006235,0,0,9579389360,611443683,6695418308,0,0,78870684,1243,1243,0,1120812580,1120812580,0,0,1120603496,78867250,13.79,15.38
714,2026-05-08 01:43:03,6,q6,0,13,234,2373,5596,33924,24456,563,569,0,532,0,1279,8436867,0,0,5221591328,278619450,1473397064,0,0,5131498,241,241,0,45192822,45192822,0,0,45192822,5131498,14.3,2.37
715,2026-05-08 01:43:07,6,q7,0,7,210,3708,3747,54986,52644,281,348,0,784,0,630,1563358,0,0,7744599432,277191152,3626945360,0,0,699118,640,640,0,22293947,22293947,0,0,22293947,699118,14.83,3.71
716,2026-05-08 01:43:11,6,q8,0,10,218,1833,1774,22656,21645,262,362,0,176,0,241,9445062,0,0,14300899096,279065754,1452405524,0,0,49844,27,27,0,691429,691429,0,0,691429,49844,12.36,1.83
717,2026-05-08 01:43:14,6,q9,0,11,891,7246,35601,112318,108655,138,630,0,1858,0,145,371304,0,0,0,1440031995,8961573852,0,0,885,885,885,0,72589,72589,0,0,72589,885,15.5,7.25
718,2026-05-08 01:43:23,6,q10,0,13,399,2428,5416,33948,31196,112,321,0,672,0,1490,375061,0,0,5741263080,496275522,1715088664,0,0,21068747,590,590,0,76722276,76722276,0,0,76722276,21068747,13.98,2.43
719,2026-05-08 01:43:26,6,q10a,0,10,389,2007,3188,27278,25673,113,285,0,784,0,1299,375104,0,0,4776185440,495275522,1690838172,0,0,22779154,615,615,0,106645593,106645593,0,0,106645593,22779154,13.59,2.01
720,2026-05-08 01:43:29,6,q11,0,20,582,16391,51918,255780,241805,1409,1472,0,4128,0,12740,588013,0,0,44656958720,624172317,4486575296,0,0,269945080,6328,6328,0,4430472060,4430472060,0,0,2954486332,191970515,15.6,16.39
721,2026-05-08 01:43:47,6,q12,0,6,64,1032,965,11611,10695,72,82,0,112,0,99,6520039,0,0,1869518136,72225613,862188032,0,0,99114,51,51,0,12153598,12153598,0,0,12153598,99114,11.25,1.03
722,2026-05-08 01:43:49,6,q13,0,7,201,4576,4762,68039,65426,115,196,0,1024,0,44,1749701,0,0,9406798104,277993754,4467780372,0,0,177,177,177,0,11061,11061,0,0,11061,177,14.87,4.58
723,2026-05-08 01:43:54,6,q14a,0,40,1597,62986,184748,957944,485501,2705,3157,0,10023,0,467122,2429660,0,0,36491257008,1962234888,14342224800,0,0,637520320,4646,4646,0,8525486642,8525486642,0,0,8517835505,637278694,15.21,62.99
724,2026-05-08 01:44:59,6,q14b,0,29,1115,21572,33910,300494,274677,2286,2515,19,5360,0,15072,2429660,0,0,26674438960,1531928344,9957224136,0,0,134728861,4206,4206,0,483516037,483516037,0,0,483516037,134728861,13.93,21.57
725,2026-05-08 01:45:22,6,q14,0,29,1108,19559,31582,277181,255199,2184,2453,9,5234,0,8501,2323166,0,0,24792507904,1531928344,9957224136,0,0,134059706,3342,3342,0,400783763,400783763,0,0,400783763,134059706,14.17,19.56
726,2026-05-08 01:45:43,6,q15,0,5,127,3144,2905,42971,40698,123,167,0,496,0,101,19031678,0,0,16422941624,146307757,980498216,0,0,3846,6,6,0,126385,126385,0,0,126385,3846,13.67,3.14
727,2026-05-08 01:45:47,6,q16,0,8,330,13737,38084,210687,192631,428,464,4,6588,0,15781,1273600,0,0,41785807200,303406100,2737991192,0,0,301125284,21800,21800,0,4329169801,4329169801,0,0,4329169801,301125284,15.34,13.74
728,2026-05-08 01:46:02,6,q17,0,14,343,5357,9529,76664,68537,921,966,6,2336,0,3323,13882585,0,0,6358661496,446411311,3633768752,0,0,28190115,1021,1021,0,594212181,594212181,0,0,594212181,28190115,14.31,5.36
729,2026-05-08 01:46:08,6,q18,0,9,168,3165,3531,43346,37933,256,289,0,1392,0,1581,17522991,0,0,26139084344,150353357,2688553624,0,0,553439,595,595,0,38719390,38719390,0,0,38719390,553439,13.7,3.16
730,2026-05-08 01:46:13,6,q18a,0,17,603,11053,34026,168312,146629,920,1058,11,6350,0,5077,17760535,0,0,118166450312,726708385,12973211948,0,0,654430,611,611,0,44144127,44144127,0,0,44144127,654430,15.23,11.05
731,2026-05-08 01:46:25,6,q19,0,7,209,2517,2392,32583,30796,214,303,0,528,0,133,19031549,0,0,29168675520,278269754,2360749224,0,0,13062,7,7,0,771144,771144,0,0,771144,13062,12.95,2.52
732,2026-05-08 01:46:28,6,q20,0,6,119,1238,1179,15270,13953,129,153,0,240,0,124,6520039,0,0,3049429856,143511757,1275560484,0,0,116863,63,63,0,14250561,14250561,0,0,14250561,116863,12.33,1.24
733,2026-05-08 01:46:31,6,q21,0,6,51,2127,2115,27650,25836,64,73,0,647,0,94,195383,0,0,1090540592,399554015,1490722888,0,0,576530,56,56,0,9130050,9130050,0,0,9130050,576530,13.0,2.13
734,2026-05-08 01:46:34,6,q22,0,6,60,84025,83947,853990,843266,108,97,0,7158,0,851,9238108,0,0,4228256816,399554015,1463187508,0,0,8557877,374,374,0,367087690,367087690,0,0,367087690,8557877,10.16,84.02
735,2026-05-08 01:47:59,6,q22a,0,10,129,5207,6190,53338,48643,190,218,0,1291,0,2562,9238108,0,0,12899456888,399554015,1463394376,0,0,4894300,832,832,0,247912932,247912932,0,0,61220432,1224712,10.24,5.21
736,2026-05-08 01:48:05,6,q23a,0,19,823,39303,68077,609300,576686,1851,1915,3,18390,0,17658,13148461,0,0,94153239928,1055670462,6692761528,0,0,161107479,12499,12499,0,3945819989,3945819989,0,0,3512959568,129085847,15.5,39.3
737,2026-05-08 01:48:46,6,q23b,0,22,857,41547,74877,640659,604338,1563,1751,21,14553,0,24432,13148461,0,0,107094764144,1057670462,6767148624,0,0,219629090,21997,21997,0,4869606515,4869606515,0,0,3569046901,131163350,15.42,41.55
738,2026-05-08 01:49:28,6,q24,0,14,271,5596,12661,80655,65955,1041,1009,1,1776,0,13948,12972011,0,0,7305478504,320216803,3134271732,0,0,31568282,3381,3381,0,449426479,449426479,0,0,449426479,31568282,14.41,5.6
739,2026-05-08 01:49:35,6,q24a,0,21,498,12892,19329,174048,157334,1742,1653,1,4762,0,15974,7938360,0,0,21574691736,608427191,5623112488,0,0,100579192,7968,7968,0,1944720502,1944720502,0,0,1538197907,69847453,13.5,12.89
740,2026-05-08 01:49:49,6,q24b,0,22,499,11155,17304,150294,141769,1684,1607,1,3910,0,12041,7938360,0,0,18878557560,608427191,5623112488,0,0,99830490,4813,4813,0,1919211525,1919211525,0,0,1512688930,69098751,13.47,11.16
741,2026-05-08 01:50:01,6,q25,0,14,343,5275,9698,76820,69073,893,963,2,1440,0,1826,13882585,0,0,6009723240,446411311,4626819376,0,0,20197026,830,830,0,402780850,402780850,0,0,402780850,20197026,14.56,5.28
742,2026-05-08 01:50:07,6,q26,0,7,129,2104,2107,30442,28000,179,208,0,732,0,589,1563358,0,0,5378073712,145433557,2152756208,0,0,382055,420,420,0,12871388,12871388,0,0,12871388,382055,14.47,2.1
743,2026-05-08 01:50:11,6,q27,0,7,200,3480,3506,50324,44863,275,337,0,776,0,1039,1563358,0,0,7074476616,277190554,3329703144,0,0,175061,240,240,0,6795965,6795965,0,0,6795965,175061,14.46,3.48
744,2026-05-08 01:50:15,6,q27a,0,11,560,9326,18682,143200,128568,574,802,3,2584,0,3618,1563358,0,0,12766404736,827485660,9932426740,0,0,178432,412,412,0,7388635,7388635,0,0,7388635,178432,15.35,9.33
745,2026-05-08 01:50:26,6,q28,0,18,1162,13892,82198,218274,199111,1206,1474,4,2388,0,27508,518884,0,0,71975279584,1728038328,13748551896,0,0,7116804,16732,16732,0,114797114,114797114,0,0,114797114,7116804,15.71,13.89
746,2026-05-08 01:50:41,6,q29,0,17,352,10644,15795,144194,138717,1017,996,2,2170,0,5544,13882585,0,0,12510713656,446451311,3638376400,0,0,93232843,2551,2551,0,1596736101,1596736101,0,0,1596736101,93232843,13.55,10.64
747,2026-05-08 01:50:52,6,q30,0,13,134,1712,3140,21983,18350,150,171,0,400,0,3290,7971377,0,0,9411896944,17769800,743614760,0,0,6155572,546,546,0,282153607,282153607,0,0,282153607,6155572,12.84,1.71
748,2026-05-08 01:50:55,6,q31,0,19,694,6215,31690,91533,86083,709,876,0,1623,0,998,15346992,0,0,53437053720,1042200895,6378936504,0,0,106264,59,59,0,3483990,3483990,0,0,2892920,87848,14.73,6.22
749,2026-05-08 01:51:02,6,q32,0,7,215,2141,2996,31198,29112,150,203,0,794,0,796,478040,0,0,1291866552,286799514,2512964328,0,0,743337,164,164,0,9518155,9518155,0,0,9518155,743337,14.57,2.14
750,2026-05-08 01:51:06,6,q33,0,9,347,3222,7480,47008,44549,361,502,9,784,0,155,1857223,0,0,12175045880,491762722,4515587444,0,0,10978,11,11,0,280380,280380,0,0,280380,10978,14.59,3.22
751,2026-05-08 01:51:10,6,q34,0,9,227,1875,2164,25627,23938,272,304,0,315,0,1760,959060,0,0,781712488,277072954,968580900,0,0,4031113,93,93,0,135549984,135549984,0,0,68462305,2031113,13.67,1.88
752,2026-05-08 01:51:13,6,q35,0,10,395,3895,6996,54630,48814,136,315,0,972,0,3428,23973682,0,0,15435040688,495275522,1688913052,0,0,57691365,1530,1530,0,114304595,114304595,0,0,114304595,57691365,14.03,3.9
753,2026-05-08 01:51:18,6,q35a,0,9,395,4037,6004,57732,42623,148,330,0,1168,0,6880,23973725,0,0,14579403080,495275522,1688913052,0,0,57706997,1496,1496,0,114272861,114272861,0,0,114272861,57706997,14.3,4.04
754,2026-05-08 01:51:23,6,q36,0,6,185,3211,3156,45801,37442,202,276,0,851,0,1914,3716146,0,0,6227555056,275269754,2978609208,0,0,6461,37,37,0,507409,507409,0,0,507409,6461,14.26,3.21
755,2026-05-08 01:51:27,6,q36a,0,9,190,2855,2781,38799,34919,201,278,0,1210,0,757,3716103,0,0,6766522928,275269754,2978609208,0,0,17918,114,114,0,1456815,1456815,0,0,501753,6222,13.59,2.86
756,2026-05-08 01:51:31,6,q37,0,6,159,5596,9987,65436,55999,62,130,4,3268,0,6646,219461,0,0,4913203808,543548124,2295384536,0,0,51928707,1736,1736,0,663087242,663087242,0,0,663087242,143994433,11.69,5.6
757,2026-05-08 01:51:38,6,q38,0,13,460,8365,22169,128982,114548,193,409,0,2682,1,8453,404013,0,0,23483277400,492354722,1637058416,0,0,120819579,4029,4029,0,731366019,731366019,0,0,626226009,116819579,15.42,8.36
758,2026-05-08 01:51:47,6,q39a,0,11,133,4671,8200,57919,55257,254,243,0,400,0,1244,2464219,0,0,6089430560,798904015,2943508300,0,0,9293617,136,136,0,211977496,211977496,0,0,142439707,6233617,12.4,4.67
759,2026-05-08 01:51:53,6,q39b,0,11,132,4146,7403,50021,48804,230,245,0,419,0,710,1038243,0,0,5705979424,798904015,2943508300,0,0,9184459,136,136,0,208912193,208912193,0,0,139374404,6124459,12.06,4.15
760,2026-05-08 01:51:58,6,q40,0,8,179,8857,24088,128883,121367,130,201,0,1486,0,11275,511368,0,0,24442330840,157909594,1881637444,0,0,157478827,6105,6105,0,3051101978,3051101978,0,0,3051101978,157478827,14.55,8.86
761,2026-05-08 01:52:08,6,q41,0,4,10,212,182,251,196,11,13,0,0,0,12,24680,0,0,472399704,408000,16770080,0,0,292,2,2,0,19225,19225,0,0,19225,292,1.18,0.21
762,2026-05-08 01:52:09,6,q42,0,4,183,1987,1976,29561,21036,182,231,0,0,0,23,801264,0,0,977970480,275269352,2050075012,0,0,77,7,7,0,6387,6387,0,0,6387,77,14.88,1.99
763,2026-05-08 01:52:12,6,q43,0,4,180,1872,1851,27095,24408,196,271,0,345,0,383,806209,0,0,486052448,275065754,1162666884,0,0,4641,39,39,0,514380,514380,0,0,514380,4641,14.47,1.87
764,2026-05-08 01:52:15,6,q44,0,8,393,3105,3255,45098,42927,284,439,0,432,0,3476,3433901,0,0,7741096888,576213690,3756937816,0,0,2629123,5873,5873,0,38073629,38073629,0,0,19046187,1314826,14.52,3.1
765,2026-05-08 01:52:19,6,q45,0,7,82,1627,1631,17405,16552,57,88,0,0,0,23,19031420,0,0,11853074376,75245613,918715172,0,0,179,7,7,0,16081,16081,0,0,16081,179,10.7,1.63
766,2026-05-08 01:52:22,6,q46,0,9,226,3506,3807,48270,45550,304,354,0,1232,0,1965,13515568,0,0,15899941704,278072954,2253445028,0,0,2097508,510,510,0,69757336,69757336,0,0,69757336,2097508,13.77,3.51
767,2026-05-08 01:52:26,6,q47,0,11,243,4042,4806,55783,51181,324,394,0,690,0,3394,4612594,0,0,12368581712,275269754,1948681620,0,0,1731601,1904,1904,0,69616535,69616535,0,0,44127333,1097634,13.8,4.04
768,2026-05-08 01:52:32,6,q48,0,6,200,6305,6483,95416,90873,212,280,0,2866,0,74,2200929,0,0,9212197224,277986554,2695225520,0,0,177,177,177,0,10161,10161,0,0,10161,177,15.13,6.3
769,2026-05-08 01:52:39,6,q49,0,20,445,9709,34778,147347,139868,613,783,0,2256,0,9469,2393806,0,0,5390216224,540766019,8136973992,0,0,86104356,229,229,0,1835926195,1835926195,0,0,1835926195,86104356,15.18,9.71
770,2026-05-08 01:52:50,6,q50,0,10,306,15675,41241,238964,219553,344,447,1,2320,0,27854,1278788,0,0,40984956952,302952603,2260485900,0,0,265637490,17904,17904,0,5740033363,5740033363,0,0,5740033363,265637490,15.24,15.68
771,2026-05-08 01:53:07,6,q51,0,10,328,13802,20470,193116,183246,405,510,0,4096,0,7865,657529,0,0,24464714264,347066965,2668666900,0,0,142655042,2652,2652,0,2404443584,2404443584,0,0,2404443584,142655042,13.99,13.8
772,2026-05-08 01:53:21,6,q51a,0,14,399,254754,300427,3298720,3127469,571,696,2,50248,0,9971,657529,0,0,68288100152,347066965,2668666900,0,0,283180134,3590,3590,0,4672696778,4672696778,0,0,3426425596,216786871,12.95,254.75
773,2026-05-08 01:57:37,6,q52,0,4,183,1688,1674,24193,22711,196,241,0,528,0,103,803457,0,0,977970480,275269352,2050402692,0,0,5811,7,7,0,293389,293389,0,0,293389,5811,14.33,1.69
774,2026-05-08 01:57:40,6,q53,0,6,185,1987,1967,27313,25957,379,273,0,774,0,601,957641,0,0,831690704,275269754,1949488532,0,0,40504,40,40,0,1030188,1030188,0,0,1030188,40504,13.75,1.99
775,2026-05-08 01:57:43,6,q54,0,17,382,3837,5286,55275,50188,718,823,0,2228,0,560,19031807,0,0,17553741704,493745222,3161434748,0,0,8236463,150,150,0,77409275,77409275,0,0,77409275,8236463,14.41,3.84
776,2026-05-08 01:57:48,6,q55,0,4,183,1705,1688,24667,23289,198,244,0,640,0,90,803457,0,0,977970480,275269352,2050402692,0,0,4038,7,7,0,216502,216502,0,0,216502,4038,14.47,1.7
777,2026-05-08 01:57:51,6,q56,0,9,347,3548,7974,52187,49020,378,501,0,1056,0,158,1857266,0,0,10172988560,491762722,4515788148,0,0,45468,11,11,0,897485,897485,0,0,897485,45468,14.71,3.55
778,2026-05-08 01:57:55,6,q57,0,11,179,3229,4067,43985,38025,249,291,0,904,0,3250,4612594,0,0,11997790808,143511787,1212202476,0,0,2530171,2204,2204,0,102683161,102683161,0,0,66011877,1611492,13.62,3.23
779,2026-05-08 01:58:00,6,q58,0,11,338,3646,9831,52490,49848,375,467,1,578,0,97,1563358,0,0,7566828872,490704820,4170672520,0,0,569331,14,14,0,7227315,7227315,0,0,7227315,569331,14.4,3.65
780,2026-05-08 01:58:04,6,q59,0,15,367,4128,7272,49562,46428,488,645,0,1019,0,1092,1198649,0,0,4096270224,550317606,2333459528,0,0,108743,79,79,0,2776772,2776772,0,0,2776772,108743,12.01,4.13
781,2026-05-08 01:58:10,6,q60,0,9,347,3623,8058,52767,49889,382,506,0,827,0,280,1857223,0,0,12029349864,491762722,4515722612,0,0,279984,17,17,0,4330588,4330588,0,0,4330588,279984,14.56,3.62
782,2026-05-08 01:58:14,6,q61,0,10,388,4560,6910,65195,61232,52,274,0,702,0,57,19031635,0,0,39864657912,553316106,5018786280,0,0,354,354,354,0,20206,20206,0,0,20206,354,14.3,4.56
783,2026-05-08 01:58:20,6,q62,0,6,52,1235,1227,15608,14101,71,82,1,320,0,485,296877,0,0,276983840,72021672,619238316,0,0,12960,36,36,0,1156608,1156608,0,0,1156608,12960,12.64,1.24
784,2026-05-08 01:58:22,6,q63,0,6,185,2004,1982,28056,26852,191,265,0,416,0,322,954975,0,0,898734008,275269754,1949427092,0,0,6202,40,40,0,282597,282597,0,0,282597,6202,14.0,2.0
785,2026-05-08 01:58:25,6,q64,0,35,666,25247,80268,380711,360216,2271,2202,8,7321,0,11314,54397937,0,0,52018313664,742774732,10472003400,0,0,228688940,6247,6247,0,3505148067,3505148067,0,0,3035055849,193590051,15.08,25.25
786,2026-05-08 01:58:52,6,q65,0,10,430,11565,21803,171789,163991,533,685,2,1750,0,9076,18324921,0,0,22006040880,550315106,3866375608,0,0,121692348,1377,1377,0,3654658197,3654658197,0,0,3654658197,121692348,14.85,11.56
787,2026-05-08 01:59:05,6,q66,0,8,154,3454,4684,48795,41791,380,379,0,1169,0,219,625775,0,0,4851484096,215349405,2680463820,0,0,885,59,59,0,308213,308213,0,0,308213,885,14.13,3.45
788,2026-05-08 01:59:09,6,q67,0,7,288,45619,45478,662255,636518,426,533,0,14552,0,11649,9238108,0,0,55931048560,275269754,2200372628,0,0,69861424,4304,4304,0,4950340389,4950340389,0,0,4950340389,69861424,14.52,45.62
789,2026-05-08 01:59:56,6,q67a,0,15,864,72863,241635,1124716,1090394,2201,2299,0,13967,0,26257,9238108,0,0,222496441056,275269754,2200372628,0,0,534489538,27228,27228,0,36235187741,36235187741,0,0,7656162005,120915778,15.44,72.86
790,2026-05-08 02:01:10,6,q68,0,9,222,4250,4534,59469,54488,303,353,0,571,0,793,13515568,0,0,15216494808,278072954,3513939876,0,0,2022735,57,57,0,65545698,65545698,0,0,65545698,2022735,13.99,4.25
791,2026-05-08 02:01:15,6,q69,0,9,378,2359,4800,33951,30870,90,255,2,272,0,1337,28676332,0,0,10798078856,495275522,1690182812,0,0,16091419,510,510,0,46264707,46264707,0,0,46264707,16091419,14.39,2.36
792,2026-05-08 02:01:19,6,q70,0,9,361,4150,4093,59656,56365,450,555,0,1632,0,258,1853938,0,0,3790811104,550111508,2740629432,0,0,1513,80,80,0,95537,95537,0,0,95537,1513,14.37,4.15
793,2026-05-08 02:01:24,6,q70a,0,12,366,3538,3413,49287,47014,475,566,0,1113,0,285,1843596,0,0,1645422544,550111508,2740629432,0,0,1746,151,151,0,128743,128743,0,0,64687,1098,13.93,3.54
794,2026-05-08 02:01:28,6,q71,0,7,337,3407,3356,48478,46041,432,550,4,816,0,344,2122830,0,0,3028453712,490598722,4365505660,0,0,265678,129,129,0,9892057,9892057,0,0,5917244,163589,14.23,3.41
795,2026-05-08 02:01:33,6,q72,0,15,408,154886,211272,2367094,2289196,638,729,3,6538,0,66995,13148461,0,0,82523784096,559314692,3626520744,0,0,537663712,31195,31195,0,9684034978,9684034978,0,0,9684034978,537663712,15.28,154.89
796,2026-05-08 02:04:09,6,q73,0,9,227,1777,2125,24486,22795,216,290,0,402,0,1302,955190,0,0,844244024,277072954,968580900,0,0,4016581,67,67,0,134836322,134836322,0,0,67748643,2016581,13.78,1.78
797,2026-05-08 02:04:12,6,q74,0,20,576,15625,50360,242593,216039,1334,1421,0,5733,0,10862,588701,0,0,43804974688,624172317,3650770112,0,0,269945080,5884,5884,0,2931097453,2931097453,0,0,2060559802,191970515,15.53,15.62
798,2026-05-08 02:04:28,6,q75,0,20,799,17025,61239,262636,242322,446,779,35,5255,0,13290,428521,0,0,25567741520,1031312266,11270242804,0,0,140055201,3515,3515,0,3212139261,3212139261,0,0,2149398978,89656379,15.43,17.02
799,2026-05-08 02:04:47,6,q76,0,4,330,3866,3821,57741,53609,411,527,2,944,0,1488,1926174,0,0,26422108936,484839089,4424420072,0,0,6243,320,320,0,656817,656817,0,0,656817,6243,14.94,3.87
800,2026-05-08 02:04:52,6,q77,0,14,387,4294,21348,64392,57467,424,506,0,2272,0,325,804274,0,0,1775178520,539423686,5882073092,0,0,13478,43,43,0,482956,482956,0,0,482956,13478,15.0,4.29
801,2026-05-08 02:04:57,6,q77a,0,17,392,4290,20319,62552,58513,484,513,0,1600,0,353,802425,0,0,2247037544,539423686,5882073092,0,0,15022,53,53,0,673560,673560,0,0,502934,12548,14.58,4.29
802,2026-05-08 02:05:02,6,q78,0,14,601,62849,205435,974649,471780,1077,1233,0,7723,0,512312,1065832,0,0,96406578560,540773544,7316889180,0,0,406636630,23781,23781,0,11387040654,11387040654,0,0,11387040654,406636630,15.51,62.85
803,2026-05-08 02:06:06,6,q79,0,8,230,3641,3864,54627,49277,317,375,0,752,0,3568,962887,0,0,10552278304,277072954,2224484308,0,0,3605120,2091,2091,0,110891741,110891741,0,0,110891741,3605120,15.0,3.64
804,2026-05-08 02:06:11,6,q80,0,23,558,75770,301596,1194683,401963,1724,1791,0,7008,0,796991,1107252,0,0,54884401176,541204370,8455423984,0,0,265494090,15013,15013,0,7549170047,7549170047,0,0,7549170047,265494090,15.77,75.77
805,2026-05-08 02:07:28,6,q80a,0,26,563,74307,295912,1172213,403031,1675,1829,0,5672,0,778991,1107252,0,0,55356260208,541204370,8455423984,0,0,265493762,15045,15045,0,7549353208,7549353208,0,0,7549131508,265491832,15.78,74.31
806,2026-05-08 02:08:43,6,q81,0,13,157,2531,4076,35891,27953,226,231,0,416,0,2848,7971334,0,0,14251811176,32815644,1208436504,0,0,11401658,1445,1445,0,250016314,250016314,0,0,250016314,11401658,14.18,2.53
807,2026-05-08 02:08:47,6,q82,0,8,225,2991,4288,37679,33559,421,511,0,615,0,1738,387724,0,0,212456560,687764388,2718364488,0,0,40831,188,188,0,222322,222322,0,0,222322,40831,12.6,2.99
808,2026-05-08 02:08:51,6,q83,0,10,64,1310,2853,16242,14904,99,83,0,195,0,139,1563358,0,0,2136787360,49489669,1250623860,0,0,343033,13,13,0,4206315,4206315,0,0,4206315,343033,12.4,1.31
809,2026-05-08 02:08:54,6,q84,0,9,76,1515,3392,16135,14603,68,63,0,0,0,1193,9716301,0,0,1313097696,33729631,585378828,0,0,27798849,47,47,0,145871308,145871308,0,0,145871308,27798849,10.65,1.52
810,2026-05-08 02:08:56,6,q85,0,10,114,3997,12868,59841,43374,97,137,0,2752,0,8858,16953899,0,0,9166144312,84064695,1698314788,0,0,9151985,1088,1088,0,346981786,346981786,0,0,346981786,9151985,14.97,4.0
811,2026-05-08 02:09:01,6,q86,0,5,54,1145,1086,13814,12934,57,73,0,120,0,296,3716103,0,0,3141894008,72225613,838791680,0,0,5853,32,32,0,405271,405271,0,0,405271,5853,12.06,1.14
812,2026-05-08 02:09:03,6,q86a,0,8,59,1597,1528,20518,12474,59,73,0,112,0,5493,3716146,0,0,3479534984,72225613,838791680,0,0,14495,90,90,0,1060269,1060269,0,0,368295,5081,12.85,1.6
813,2026-05-08 02:09:06,6,q87,0,13,460,8702,22643,134356,115828,239,416,3,2224,0,7385,404013,0,0,23483277400,492354722,1637058416,0,0,120819579,4029,4029,0,731366019,731366019,0,0,626226009,116819579,15.44,8.7
814,2026-05-08 02:09:16,6,q88,0,26,1434,8185,57186,126217,120973,108,874,16,2130,0,215,407275,0,0,4560743424,2304258706,5960837004,0,0,1416,1416,1416,0,83536,83536,0,0,83536,1416,15.42,8.18
815,2026-05-08 02:09:25,6,q89,0,6,186,2415,2392,34355,32097,189,262,1,624,0,665,955491,0,0,3702034056,275269754,1949087124,0,0,31480,80,80,0,2454934,2454934,0,0,2454934,31480,14.23,2.42
816,2026-05-08 02:09:28,6,q90,0,8,100,1048,1633,15527,13281,21,60,0,336,0,14,108584,0,0,304385536,144052466,1123390420,0,0,94,94,94,0,5546,5546,0,0,5546,94,14.82,1.05
817,2026-05-08 02:09:31,6,q91,0,10,58,1064,793,8069,7577,36,51,0,0,0,10,38453691,0,0,3171041144,19345852,625547844,0,0,184,7,7,0,27623,27623,0,0,15642,107,7.58,1.06
818,2026-05-08 02:09:33,6,q92,0,7,107,1554,2246,22241,19900,105,99,0,949,0,753,711831,0,0,965375384,144227226,1685818016,0,0,626333,89,89,0,8063089,8063089,0,0,8063089,626333,14.31,1.55
819,2026-05-08 02:09:35,6,q93,0,8,412,29097,46977,435631,393616,482,645,13,3008,0,53278,2211150,0,0,68145363512,316808109,3028630928,0,0,288995290,41612,41612,0,7557239367,7557239367,0,0,7557239367,288995290,14.97,29.1
820,2026-05-08 02:10:05,6,q94,0,8,163,8257,22661,122404,101874,128,186,0,2324,0,14768,509440,0,0,16630437440,152222639,1732707064,0,0,151171114,4440,4440,0,2327043572,2327043572,0,0,2327043572,151171114,14.82,8.26
821,2026-05-08 02:10:15,6,q95,0,8,190,23421,34411,351775,322306,371,379,0,8145,0,8313,939608,0,0,49888658408,152222639,1759392700,0,0,367104120,16884,16884,0,3413487125,3413487125,0,0,2085729728,151153176,15.02,23.42
822,2026-05-08 02:10:39,6,q96,0,5,181,1142,1141,16382,15520,19,107,0,480,0,33,408995,0,0,565697664,288033990,746902404,0,0,177,177,177,0,10443,10443,0,0,10443,177,14.35,1.14
823,2026-05-08 02:10:41,6,q97,0,5,296,11685,14608,155156,147953,339,413,0,2419,0,3236,659421,0,0,22641659872,418353109,2313457720,0,0,83759300,1258,1258,0,957391348,957391348,0,0,957391348,83759300,13.28,11.68
824,2026-05-08 02:10:54,6,q98,0,7,201,2224,2128,28322,26958,243,275,4,368,0,156,6562512,0,0,4972634216,275269352,2070444420,0,0,180904,99,99,0,22380645,22380645,0,0,18573108,150361,12.73,2.22
825,2026-05-08 02:10:57,6,q99,0,7,109,2162,2150,30060,27442,137,174,0,954,0,813,628613,0,0,3131391776,144014189,784247648,0,0,64704,196,196,0,4418969,4418969,0,0,4418969,64704,13.9,2.16
826,2026-05-08 02:11:01,7,q1,0,10,110,2078,3630,30537,26814,144,155,0,1296,0,2150,20278033,0,0,9612412712,57608002,1271209580,0,0,16231984,697,697,0,253663308,253663308,0,0,253663308,16231984,14.7,2.08
827,2026-05-08 02:11:04,7,q2,0,9,155,3120,3061,45250,42170,180,228,0,1632,0,466,751663,0,0,1015601344,215402419,1473451860,0,0,5452,443,443,0,253813,253813,0,0,94315,3736,14.5,3.12
828,2026-05-08 02:11:08,7,q3,0,4,183,1622,1614,23471,22091,191,237,0,672,0,281,806252,0,0,534265832,275322401,2050464132,0,0,4517,34,34,0,363558,363558,0,0,363558,4517,14.47,1.62
829,2026-05-08 02:11:11,7,q4,0,25,884,48508,241097,766141,694405,2159,2223,1,18667,0,50965,763912,0,0,115125933792,767460074,10610269572,0,0,566100624,26383,26383,0,14405093283,14405093283,0,0,8517752891,341212705,15.79,48.51
830,2026-05-08 02:12:00,7,q5,0,11,451,15970,31276,224124,199481,593,735,0,6070,0,9625,1010320,0,0,9107530328,611443683,6695418308,0,0,78868093,1232,1232,0,1120579083,1120579083,0,0,1120579083,78868093,14.03,15.97
831,2026-05-08 02:12:17,7,q5a,0,14,456,15675,29597,216470,192359,595,735,4,6024,0,5210,1007912,0,0,9579389360,611443683,6695418308,0,0,78870684,1243,1243,0,1120812580,1120812580,0,0,1120603496,78867250,13.81,15.68
832,2026-05-08 02:12:34,7,q6,0,13,234,2062,4614,28260,25111,547,566,0,735,0,428,8436867,0,0,5221591328,278619450,1473397064,0,0,5131498,241,241,0,45192822,45192822,0,0,45192822,5131498,13.71,2.06
833,2026-05-08 02:12:37,7,q7,0,7,210,3744,3783,55033,53121,291,355,0,528,0,662,1563358,0,0,7744599432,277191152,3626945360,0,0,699118,640,640,0,22293947,22293947,0,0,22293947,699118,14.7,3.74
834,2026-05-08 02:12:42,7,q8,0,10,218,1927,2100,23881,22682,272,365,0,176,0,224,9445062,0,0,14300899096,279065754,1452405524,0,0,49844,27,27,0,691429,691429,0,0,691429,49844,12.39,1.93
835,2026-05-08 02:12:45,7,q9,0,11,891,7752,38069,120094,110277,154,640,0,1064,0,1990,370788,0,0,0,1440031995,8961573852,0,0,885,885,885,0,72589,72589,0,0,72589,885,15.49,7.75
836,2026-05-08 02:12:54,7,q10,0,13,399,2670,5976,37558,32953,136,323,0,650,0,1775,374502,0,0,5741263080,496275522,1715088664,0,0,21068747,590,590,0,76722276,76722276,0,0,76722276,21068747,14.07,2.67
837,2026-05-08 02:12:58,7,q10a,0,10,389,2034,3273,27851,25745,83,284,0,1040,0,1413,374459,0,0,4776185440,495275522,1690838172,0,0,22779154,615,615,0,106645593,106645593,0,0,106645593,22779154,13.69,2.03
838,2026-05-08 02:13:01,7,q11,0,20,582,16866,53682,262920,244005,1399,1473,0,4544,0,13515,588013,0,0,44656958720,624172317,4486575296,0,0,269945080,6328,6328,0,4430472060,4430472060,0,0,2954486332,191970515,15.59,16.87
839,2026-05-08 02:13:19,7,q12,0,6,64,910,850,9764,9008,70,81,0,0,0,96,6520039,0,0,1869518136,72225613,862188032,0,0,99114,51,51,0,12153598,12153598,0,0,12153598,99114,10.73,0.91
840,2026-05-08 02:13:21,7,q13,0,7,201,4879,5210,72342,67425,124,203,0,2384,0,37,1749701,0,0,9406798104,277993754,4467780372,0,0,177,177,177,0,11061,11061,0,0,11061,177,14.83,4.88
841,2026-05-08 02:13:27,7,q14a,0,40,1597,63325,186612,962976,490594,2695,3105,0,11348,0,462847,2429660,0,0,36491257008,1962234888,14342224800,0,0,637520320,4646,4646,0,8525486642,8525486642,0,0,8517835505,637278694,15.21,63.32
842,2026-05-08 02:14:32,7,q14b,0,29,1115,21566,33768,302407,278551,2243,2505,0,5407,0,10989,2429660,0,0,26674438960,1531928344,9957224136,0,0,134728861,4206,4206,0,483516037,483516037,0,0,483516037,134728861,14.02,21.57
843,2026-05-08 02:14:55,7,q14,0,29,1108,19736,31735,279321,257734,2326,2500,0,5541,0,8880,2323209,0,0,24792507904,1531928344,9957224136,0,0,134059706,3342,3342,0,400783763,400783763,0,0,400783763,134059706,14.15,19.74
844,2026-05-08 02:15:16,7,q15,0,5,127,3385,3174,46916,44710,116,160,0,496,0,88,19031635,0,0,16422941624,146307757,980498216,0,0,3846,6,6,0,126385,126385,0,0,126385,3846,13.86,3.38
845,2026-05-08 02:15:20,7,q16,0,8,330,13438,38876,207519,190902,427,505,0,7088,0,16146,1273600,0,0,41785807200,303406100,2737991192,0,0,301125284,21800,21800,0,4329169801,4329169801,0,0,4329169801,301125284,15.44,13.44
846,2026-05-08 02:15:35,7,q17,0,14,343,5337,9467,75571,69529,924,967,2,2464,0,2761,13882585,0,0,6358661496,446411311,3633768752,0,0,28190115,1021,1021,0,594212181,594212181,0,0,594212181,28190115,14.16,5.34
847,2026-05-08 02:15:41,7,q18,0,9,168,3233,3688,45101,40554,267,287,0,1506,0,703,17523034,0,0,26139084344,150353357,2688553624,0,0,553439,595,595,0,38719390,38719390,0,0,38719390,553439,13.95,3.23
848,2026-05-08 02:15:45,7,q18a,0,17,603,11461,34348,175698,155050,942,1070,12,9133,0,2939,17760621,0,0,118166450312,726708385,12973211948,0,0,654430,611,611,0,44144127,44144127,0,0,44144127,654430,15.33,11.46
849,2026-05-08 02:15:58,7,q19,0,7,209,2561,2389,33007,30575,212,296,0,1068,0,144,19031764,0,0,29168675520,278269754,2360749224,0,0,13062,7,7,0,771144,771144,0,0,771144,13062,12.89,2.56
850,2026-05-08 02:16:02,7,q20,0,6,119,1312,1246,16330,14605,127,153,0,544,0,116,6520039,0,0,3049429856,143511757,1275560484,0,0,116863,63,63,0,14250561,14250561,0,0,14250561,116863,12.45,1.31
851,2026-05-08 02:16:04,7,q21,0,6,51,2435,2433,31871,29122,70,79,0,1089,0,113,195426,0,0,1090540592,399554015,1490722888,0,0,576530,56,56,0,9130050,9130050,0,0,9130050,576530,13.09,2.44
852,2026-05-08 02:16:07,7,q22,0,6,60,84438,84367,867420,852129,112,96,0,8948,0,1298,9238108,0,0,4228256816,399554015,1463187508,0,0,8557877,374,374,0,367087690,367087690,0,0,367087690,8557877,10.27,84.44
853,2026-05-08 02:17:33,7,q22a,0,10,129,5528,6572,56696,51590,186,211,3,1622,0,2683,9238108,0,0,12899456888,399554015,1463394376,0,0,4894300,832,832,0,247912932,247912932,0,0,61220432,1224712,10.26,5.53
854,2026-05-08 02:17:40,7,q23a,0,19,823,39380,68201,604672,572028,1933,1884,2,11795,0,17584,13148590,0,0,94153239928,1055670462,6692761528,0,0,161107479,12499,12499,0,3945819989,3945819989,0,0,3512959568,129085847,15.35,39.38
855,2026-05-08 02:18:20,7,q23b,0,22,857,40894,73772,629992,606639,1854,1931,9,9609,0,18651,13148504,0,0,107094764144,1057670462,6767148624,0,0,219629090,21997,21997,0,4869606515,4869606515,0,0,3569046901,131163350,15.41,40.89
856,2026-05-08 02:19:02,7,q24,0,14,271,5266,12179,74698,66425,1117,1011,1,1109,0,8233,12971968,0,0,7305478504,320216803,3134271732,0,0,31568282,3381,3381,0,449426479,449426479,0,0,449426479,31568282,14.18,5.27
857,2026-05-08 02:19:08,7,q24a,0,21,498,12984,19741,174893,158304,1774,1638,19,3407,0,15565,7938704,0,0,21574691736,608427191,5623112488,0,0,100579192,7968,7968,0,1944720502,1944720502,0,0,1538197907,69847453,13.47,12.98
858,2026-05-08 02:19:22,7,q24b,0,22,499,11451,17922,153575,141971,1748,1612,1,3688,0,13249,7938360,0,0,18878557560,608427191,5623112488,0,0,99830490,4813,4813,0,1919211525,1919211525,0,0,1512688930,69098751,13.41,11.45
859,2026-05-08 02:19:35,7,q25,0,14,343,5178,9240,72577,69726,872,950,1,906,0,1693,13882628,0,0,6009723240,446411311,4626819376,0,0,20197026,830,830,0,402780850,402780850,0,0,402780850,20197026,14.02,5.18
860,2026-05-08 02:19:41,7,q26,0,7,129,2350,2386,34047,31988,153,193,0,656,0,649,1563358,0,0,5378073712,145433557,2152756208,0,0,382055,420,420,0,12871388,12871388,0,0,12871388,382055,14.49,2.35
861,2026-05-08 02:19:45,7,q27,0,7,200,3468,3478,50485,47309,308,335,0,976,0,653,1563358,0,0,7074476616,277190554,3329703144,0,0,175061,240,240,0,6795965,6795965,0,0,6795965,175061,14.56,3.47
862,2026-05-08 02:19:49,7,q27a,0,11,560,9253,18096,141263,128992,533,786,3,2556,0,2535,1563358,0,0,12766404736,827485660,9932426740,0,0,178432,412,412,0,7388635,7388635,0,0,7388635,178432,15.27,9.25
863,2026-05-08 02:19:59,7,q28,0,18,1162,14726,87074,231555,198502,1192,1506,9,2152,0,37500,517508,0,0,71975279584,1728038328,13748551896,0,0,7116804,16732,16732,0,114797114,114797114,0,0,114797114,7116804,15.72,14.73
864,2026-05-08 02:20:15,7,q29,0,17,352,10632,15712,144302,138289,949,1001,1,1219,0,4914,13882585,0,0,12510713656,446451311,3638376400,0,0,93232843,2551,2551,0,1596736101,1596736101,0,0,1596736101,93232843,13.57,10.63
865,2026-05-08 02:20:27,7,q30,0,13,134,1831,2901,23103,19820,143,165,0,384,0,2763,7971334,0,0,9411896944,17769800,743614760,0,0,6155572,546,546,0,282153607,282153607,0,0,282153607,6155572,12.62,1.83
866,2026-05-08 02:20:30,7,q31,0,19,694,6363,32866,93966,87482,786,878,0,1807,0,958,15346777,0,0,53437053720,1042200895,6378936504,0,0,106264,59,59,0,3483990,3483990,0,0,2892920,87848,14.77,6.36
867,2026-05-08 02:20:37,7,q32,0,7,215,2089,2983,30376,28844,132,199,0,496,0,749,478040,0,0,1291866552,286799514,2512964328,0,0,743337,164,164,0,9518155,9518155,0,0,9518155,743337,14.54,2.09
868,2026-05-08 02:20:40,7,q33,0,9,347,3584,8389,52937,50847,354,488,0,640,0,151,1857352,0,0,12175045880,491762722,4515587444,0,0,10978,11,11,0,280380,280380,0,0,280380,10978,14.77,3.58
869,2026-05-08 02:20:45,7,q34,0,9,227,2017,2282,27227,25812,226,298,0,294,0,1398,957813,0,0,781712488,277072954,968580900,0,0,4031113,93,93,0,135549984,135549984,0,0,68462305,2031113,13.5,2.02
870,2026-05-08 02:20:48,7,q35,0,10,395,3777,6599,52871,46586,190,321,0,704,0,2487,23973725,0,0,15435040688,495275522,1688913052,0,0,57691365,1530,1530,0,114304595,114304595,0,0,114304595,57691365,14.0,3.78
871,2026-05-08 02:20:53,7,q35a,0,9,395,3505,4880,49586,44298,160,337,39,1593,0,1934,23973811,0,0,14579403080,495275522,1688913052,0,0,57706997,1496,1496,0,114272861,114272861,0,0,114272861,57706997,14.15,3.5
872,2026-05-08 02:20:58,7,q36,0,6,185,2987,2933,42289,40545,196,275,0,864,0,339,3716103,0,0,6227555056,275269754,2978609208,0,0,6461,37,37,0,507409,507409,0,0,507409,6461,14.16,2.99
873,2026-05-08 02:21:02,7,q36a,0,9,190,3280,3208,45539,42816,263,286,0,658,0,361,3716103,0,0,6766522928,275269754,2978609208,0,0,17918,114,114,0,1456815,1456815,0,0,501753,6222,13.88,3.28
874,2026-05-08 02:21:06,7,q37,0,6,159,5032,8989,59003,56344,56,126,0,744,0,4135,215505,0,0,4913203808,543548124,2295384536,0,0,51928707,1736,1736,0,663087242,663087242,0,0,663087242,143994433,11.73,5.03
875,2026-05-08 02:21:12,7,q38,0,13,460,8532,22430,131508,119060,250,414,0,2210,0,7201,404013,0,0,23483277400,492354722,1637058416,0,0,120819579,4029,4029,0,731366019,731366019,0,0,626226009,116819579,15.41,8.53
876,2026-05-08 02:21:22,7,q39a,0,11,133,5170,9130,66012,62068,249,238,0,624,0,1217,2464219,0,0,6089430560,798904015,2943508300,0,0,9293617,136,136,0,211977496,211977496,0,0,142439707,6233617,12.77,5.17
877,2026-05-08 02:21:28,7,q39b,0,11,132,4481,8021,56052,54869,212,240,0,406,0,684,1038243,0,0,5705979424,798904015,2943508300,0,0,9184459,136,136,0,208912193,208912193,0,0,139374404,6124459,12.51,4.48
878,2026-05-08 02:21:34,7,q40,0,8,179,8999,16796,131188,124955,122,202,0,2032,0,10212,511626,0,0,24442330840,157909594,1881637444,0,0,157478827,6105,6105,0,3051101978,3051101978,0,0,3051101978,157478827,14.58,9.0
879,2026-05-08 02:21:44,7,q41,0,4,10,215,186,265,195,11,11,0,0,0,11,24680,0,0,472399704,408000,16770080,0,0,292,2,2,0,19225,19225,0,0,19225,292,1.23,0.22
880,2026-05-08 02:21:45,7,q42,0,4,183,1694,1680,24566,21754,201,244,16,480,0,22,802038,0,0,977970480,275269352,2050075012,0,0,77,7,7,0,6387,6387,0,0,6387,77,14.5,1.69
881,2026-05-08 02:21:48,7,q43,0,4,180,1920,1899,27726,25664,184,262,0,1120,0,340,807327,0,0,486052448,275065754,1162666884,0,0,4641,39,39,0,514380,514380,0,0,514380,4641,14.44,1.92
882,2026-05-08 02:21:51,7,q44,0,8,393,3166,3323,45980,43640,268,432,0,395,0,3647,3433901,0,0,7741096888,576213690,3756937816,0,0,2629123,5873,5873,0,38073629,38073629,0,0,19046187,1314826,14.52,3.17
883,2026-05-08 02:21:55,7,q45,0,7,82,1465,1493,16704,15933,65,86,8,0,0,27,19031936,0,0,11853074376,75245613,918715172,0,0,179,7,7,0,16081,16081,0,0,16081,179,11.4,1.46
884,2026-05-08 02:21:57,7,q46,0,9,226,3565,3939,49415,47145,271,353,0,904,0,1976,13515654,0,0,15899941704,278072954,2253445028,0,0,2097508,510,510,0,69757336,69757336,0,0,69757336,2097508,13.86,3.56
885,2026-05-08 02:22:02,7,q47,0,11,243,4308,5026,60001,55074,340,388,0,1544,0,2598,4612594,0,0,12368581712,275269754,1948681620,0,0,1731601,1904,1904,0,69616535,69616535,0,0,44127333,1097634,13.93,4.31
886,2026-05-08 02:22:07,7,q48,0,6,200,6321,6441,96281,91066,281,310,0,2860,0,75,2201015,0,0,9212197224,277986554,2695225520,0,0,177,177,177,0,10161,10161,0,0,10161,177,15.23,6.32
887,2026-05-08 02:22:15,7,q49,0,20,445,9541,34232,144562,137364,618,779,0,2907,0,8659,2393806,0,0,5390216224,540766019,8136973992,0,0,86104356,229,229,0,1835926195,1835926195,0,0,1835926195,86104356,15.15,9.54
888,2026-05-08 02:22:25,7,q50,0,10,306,15268,41397,232900,222355,357,453,4,2170,0,19562,1279476,0,0,40984956952,302952603,2260485900,0,0,265637490,17904,17904,0,5740033363,5740033363,0,0,5740033363,265637490,15.25,15.27
889,2026-05-08 02:22:42,7,q51,0,10,328,14757,22185,210130,182037,419,501,0,3312,0,24269,658217,0,0,24464714264,347066965,2668666900,0,0,142655042,2652,2652,0,2404443584,2404443584,0,0,2404443584,142655042,14.24,14.76
890,2026-05-08 02:22:58,7,q51a,0,14,399,250548,291052,3240223,3172147,659,737,0,28416,0,18310,657873,0,0,68288100152,347066965,2668666900,0,0,283180134,3590,3590,0,4672696778,4672696778,0,0,3426425596,216786871,12.93,250.55
891,2026-05-08 02:27:09,7,q52,0,4,183,1615,1602,22972,21832,189,241,1,158,0,106,802253,0,0,977970480,275269352,2050402692,0,0,5811,7,7,0,293389,293389,0,0,293389,5811,14.22,1.62
892,2026-05-08 02:27:12,7,q53,0,6,185,2115,2095,29113,28234,196,269,0,288,0,611,954975,0,0,831690704,275269754,1949488532,0,0,40504,40,40,0,1030188,1030188,0,0,1030188,40504,13.77,2.12
893,2026-05-08 02:27:15,7,q54,0,17,382,3639,5220,52900,48992,646,793,2,1584,0,503,19031420,0,0,17553741704,493745222,3161434748,0,0,8236463,150,150,0,77409275,77409275,0,0,77409275,8236463,14.54,3.64
894,2026-05-08 02:27:20,7,q55,0,4,183,1684,1665,24274,22978,193,236,0,528,0,89,802124,0,0,977970480,275269352,2050402692,0,0,4038,7,7,0,216502,216502,0,0,216502,4038,14.41,1.68
895,2026-05-08 02:27:22,7,q56,0,9,347,3609,8143,52744,49516,356,486,0,1126,0,177,1857567,0,0,10172988560,491762722,4515788148,0,0,45468,11,11,0,897485,897485,0,0,897485,45468,14.61,3.61
896,2026-05-08 02:27:27,7,q57,0,11,179,3051,3876,41135,35661,274,300,0,992,2,2996,4612594,0,0,11997790808,143511787,1212202476,0,0,2530171,2204,2204,0,102683161,102683161,0,0,66011877,1611492,13.48,3.05
897,2026-05-08 02:27:31,7,q58,0,11,338,3662,9876,52843,49903,362,465,0,688,0,96,1563358,0,0,7566828872,490704820,4170672520,0,0,569331,14,14,0,7227315,7227315,0,0,7227315,569331,14.43,3.66
898,2026-05-08 02:27:36,7,q59,0,15,367,4368,7709,53475,50956,487,633,0,714,0,1059,1197402,0,0,4096270224,550317606,2333459528,0,0,108743,79,79,0,2738266,2738266,0,0,2738266,108743,12.24,4.37
899,2026-05-08 02:27:41,7,q60,0,9,347,3807,8701,55640,53068,350,490,0,696,0,292,1857266,0,0,12029349864,491762722,4515722612,0,0,279984,17,17,0,4330588,4330588,0,0,4330588,279984,14.62,3.81
900,2026-05-08 02:27:46,7,q61,0,10,388,5040,7720,72579,67640,57,269,0,624,0,73,19031506,0,0,39864657912,553316106,5018786280,0,0,354,354,354,0,20206,20206,0,0,20206,354,14.4,5.04
901,2026-05-08 02:27:52,7,q62,0,6,52,1294,1285,17074,15700,68,81,0,352,0,487,296920,0,0,276983840,72021672,619238316,0,0,12960,36,36,0,1156608,1156608,0,0,1156608,12960,13.19,1.29
902,2026-05-08 02:27:55,7,q63,0,6,185,2043,2029,28631,27593,203,267,0,432,0,358,954932,0,0,898734008,275269754,1949427092,0,0,6202,40,40,0,282597,282597,0,0,282597,6202,14.01,2.04
903,2026-05-08 02:27:58,7,q64,0,35,666,25143,79858,380131,361537,2386,2198,8,7185,0,11621,54398109,0,0,52018313664,742774732,10472003400,0,0,228688940,6247,6247,0,3505148067,3505148067,0,0,3035055849,193590051,15.12,25.14
904,2026-05-08 02:28:24,7,q65,0,10,430,11496,21749,171243,164519,506,672,5,2423,0,9817,18324921,0,0,22006040880,550315106,3866375608,0,0,121692348,1377,1377,0,3654658197,3654658197,0,0,3654658197,121692348,14.9,11.5
905,2026-05-08 02:28:37,7,q66,0,8,154,3558,4840,49684,41785,362,385,30,1568,0,228,625732,0,0,4851484096,215349405,2680463820,0,0,885,59,59,0,308213,308213,0,0,308213,885,13.96,3.56
906,2026-05-08 02:28:42,7,q67,0,7,288,45607,45516,663460,643040,460,524,0,13735,0,10713,9238108,0,0,55931048560,275269754,2200372628,0,0,69861424,4304,4304,0,4950340389,4950340389,0,0,4950340389,69861424,14.55,45.61
907,2026-05-08 02:29:28,7,q67a,0,15,864,72587,239848,1122565,1087893,2228,2321,3,11613,0,28544,9238108,0,0,222496441056,275269754,2200372628,0,0,534489538,27228,27228,0,36235187741,36235187741,0,0,7656162005,120915778,15.47,72.59
908,2026-05-08 02:30:42,7,q68,0,9,222,4364,4484,61101,58646,269,349,0,352,0,739,13515568,0,0,15216494808,278072954,3513939876,0,0,2022735,57,57,0,65545698,65545698,0,0,65545698,2022735,14.0,4.36
909,2026-05-08 02:30:48,7,q69,0,9,378,2510,5211,36290,32695,61,251,0,464,0,1508,28676504,0,0,10798078856,495275522,1690182812,0,0,16091419,510,510,0,46264707,46264707,0,0,46264707,16091419,14.46,2.51
910,2026-05-08 02:30:51,7,q70,0,9,361,4412,4353,64609,61411,426,561,0,1456,0,259,1853938,0,0,3790811104,550111508,2740629432,0,0,1513,80,80,0,95537,95537,0,0,95537,1513,14.64,4.41
911,2026-05-08 02:30:57,7,q70a,0,12,366,3768,3669,53452,50829,440,572,0,1488,0,255,1843639,0,0,1645422544,550111508,2740629432,0,0,1746,151,151,0,128743,128743,0,0,64687,1098,14.19,3.77
912,2026-05-08 02:31:01,7,q71,0,7,337,4034,3974,58415,53777,441,550,4,1168,0,390,2123475,0,0,3028453712,490598722,4365505660,0,0,265678,129,129,0,9892891,9892891,0,0,5918078,163589,14.48,4.03
913,2026-05-08 02:31:07,7,q72,0,15,408,170437,202254,2565657,2342717,574,726,6,5931,0,213220,13148461,0,0,82523784096,559314692,3626520744,0,0,537663712,31195,31195,0,9684034978,9684034978,0,0,9684034978,537663712,15.05,170.44
914,2026-05-08 02:33:58,7,q73,0,9,227,1914,2182,26205,24781,231,287,0,192,0,1228,954674,0,0,844244024,277072954,968580900,0,0,4016581,67,67,0,134836322,134836322,0,0,67748643,2016581,13.69,1.91
915,2026-05-08 02:34:01,7,q74,0,20,576,15369,49261,237857,215428,1374,1434,2,3395,0,11214,588056,0,0,43804974688,624172317,3650770112,0,0,269945080,5884,5884,0,2931097453,2931097453,0,0,2060559802,191970515,15.48,15.37
916,2026-05-08 02:34:17,7,q75,0,20,799,17335,62468,266845,241008,413,787,3,10621,0,15375,428693,0,0,25567741520,1031312266,11270242804,0,0,140055201,3515,3515,0,3212139261,3212139261,0,0,2149398978,89656379,15.39,17.34
917,2026-05-08 02:34:36,7,q76,0,4,330,3784,3737,56670,52478,414,524,0,1590,0,1528,1933527,0,0,26422108936,484839089,4424420072,0,0,6243,320,320,0,656817,656817,0,0,656817,6243,14.98,3.78
918,2026-05-08 02:34:41,7,q77,0,14,387,4115,20415,61843,57497,389,495,0,1368,0,348,805220,0,0,1775178520,539423686,5882073092,0,0,13478,43,43,0,482956,482956,0,0,482956,13478,15.03,4.12
919,2026-05-08 02:34:46,7,q77a,0,17,392,4243,20188,62063,57437,399,501,1,1442,0,325,805349,0,0,2247037544,539423686,5882073092,0,0,15022,53,53,0,673560,673560,0,0,502934,12548,14.63,4.24
920,2026-05-08 02:34:51,7,q78,0,14,601,71675,239160,1120068,468895,1088,1235,0,8551,0,644197,1065488,0,0,96406578560,540773544,7316889180,0,0,406636630,23781,23781,0,11387040654,11387040654,0,0,11387040654,406636630,15.63,71.68
921,2026-05-08 02:36:04,7,q79,0,8,230,4569,4801,68298,50014,308,361,0,1152,0,9702,962801,0,0,10552278304,277072954,2224484308,0,0,3605120,2091,2091,0,110891741,110891741,0,0,110891741,3605120,14.95,4.57
922,2026-05-08 02:36:10,7,q80,0,23,558,73813,293825,1164634,402683,1812,1808,0,4915,0,756671,1105962,0,0,54884401176,541204370,8455423984,0,0,265494090,15013,15013,0,7549170047,7549170047,0,0,7549170047,265494090,15.78,73.81
923,2026-05-08 02:37:25,7,q80a,0,26,563,44308,150621,689444,417683,1857,1844,4,3562,0,279668,1105876,0,0,55356260208,541204370,8455423984,0,0,265493762,15045,15045,0,7549353208,7549353208,0,0,7549131508,265491832,15.56,44.31
924,2026-05-08 02:38:10,7,q81,0,13,157,2420,3979,34662,29527,247,226,0,128,0,3317,7971377,0,0,14251811176,32815644,1208436504,0,0,11401658,1445,1445,0,250016314,250016314,0,0,250016314,11401658,14.32,2.42
925,2026-05-08 02:38:14,7,q82,0,8,225,2943,4124,37637,36262,425,517,0,304,0,775,387079,0,0,212456560,687764388,2718364488,0,0,40831,188,188,0,222322,222322,0,0,222322,40831,12.79,2.94
926,2026-05-08 02:38:18,7,q83,0,10,64,1157,2475,13860,12492,66,84,0,208,0,168,1563358,0,0,2136787360,49489669,1250623860,0,0,343033,13,13,0,4206315,4206315,0,0,4206315,343033,11.98,1.16
927,2026-05-08 02:38:20,7,q84,0,9,76,1437,3366,14961,14004,67,61,0,0,0,997,9716301,0,0,1313097696,33729631,585378828,0,0,27798849,47,47,0,145871308,145871308,0,0,145871308,27798849,10.41,1.44
928,2026-05-08 02:38:22,7,q85,0,10,114,3528,6379,52327,45985,154,135,0,2610,0,2436,16953899,0,0,9166144312,84064695,1698314788,0,0,9151985,1088,1088,0,346981786,346981786,0,0,346981786,9151985,14.83,3.53
929,2026-05-08 02:38:27,7,q86,0,5,54,1184,1127,14112,13521,54,70,0,0,0,296,3716103,0,0,3141894008,72225613,838791680,0,0,5853,32,32,0,405271,405271,0,0,405271,5853,11.92,1.18
930,2026-05-08 02:38:29,7,q86a,0,8,59,1022,951,10934,10055,58,76,0,240,0,344,3716103,0,0,3479534984,72225613,838791680,0,0,14495,90,90,0,1060269,1060269,0,0,368295,5081,10.7,1.02
931,2026-05-08 02:38:31,7,q87,0,13,460,8654,22872,133444,120350,207,422,0,1512,0,6531,404013,0,0,23483277400,492354722,1637058416,0,0,120819579,4029,4029,0,731366019,731366019,0,0,626226009,116819579,15.42,8.65
932,2026-05-08 02:38:41,7,q88,0,26,1434,8988,62801,139153,133277,58,867,3,1313,0,642,406845,0,0,4560743424,2304258706,5960837004,0,0,1416,1416,1416,0,83536,83536,0,0,83536,1416,15.48,8.99
933,2026-05-08 02:38:51,7,q89,0,6,186,2443,2421,34291,32066,201,270,0,640,0,657,955577,0,0,3702034056,275269754,1949087124,0,0,31480,80,80,0,2454934,2454934,0,0,2454934,31480,14.04,2.44
934,2026-05-08 02:38:55,7,q90,0,8,100,859,1282,12553,12164,10,59,0,0,0,13,108068,0,0,304385536,144052466,1123390420,0,0,94,94,94,0,5546,5546,0,0,5546,94,14.61,0.86
935,2026-05-08 02:38:57,7,q91,0,10,58,984,1244,8009,6650,43,50,1,352,0,68,38454551,0,0,3171041144,19345852,625547844,0,0,184,7,7,0,27623,27623,0,0,15642,107,8.14,0.98
936,2026-05-08 02:38:59,7,q92,0,7,107,1539,2102,22107,20497,64,95,0,592,0,736,711831,0,0,965375384,144227226,1685818016,0,0,626333,89,89,0,8063089,8063089,0,0,8063089,626333,14.36,1.54
937,2026-05-08 02:39:01,7,q93,0,8,412,43262,88267,650370,390784,483,638,0,3456,0,272892,2211064,0,0,68145363512,316808109,3028630928,0,0,288995290,41612,41612,0,7557239367,7557239367,0,0,7557239367,288995290,15.03,43.26
938,2026-05-08 02:39:46,7,q94,0,8,163,8291,21718,125559,101653,170,205,0,2060,0,23589,509440,0,0,16630437440,152222639,1732707064,0,0,151171114,4440,4440,0,2327043572,2327043572,0,0,2327043572,151171114,15.14,8.29
939,2026-05-08 02:39:55,7,q95,0,8,190,22912,33809,341623,322138,322,362,0,6096,0,7112,939608,0,0,49888658408,152222639,1759392700,0,0,367104120,16884,16884,0,3413487125,3413487125,0,0,2085729728,151153176,14.91,22.91
940,2026-05-08 02:40:19,7,q96,0,5,181,1279,1278,18442,17985,11,104,0,112,0,25,406759,0,0,565697664,288033990,746902404,0,0,177,177,177,0,10443,10443,0,0,10443,177,14.42,1.28
941,2026-05-08 02:40:21,7,q97,0,5,296,11793,14670,155499,149168,303,403,0,1263,0,2974,658002,0,0,22641659872,418353109,2313457720,0,0,83759300,1258,1258,0,957391348,957391348,0,0,957391348,83759300,13.19,11.79
942,2026-05-08 02:40:34,7,q98,0,7,201,2279,2184,29025,27824,218,281,5,376,0,156,6562512,0,0,4972634216,275269352,2070444420,0,0,180904,99,99,0,22380645,22380645,0,0,18573108,150361,12.74,2.28
943,2026-05-08 02:40:37,7,q99,0,7,109,2065,2052,28033,26221,130,173,5,320,0,836,628613,0,0,3131391776,144014189,784247648,0,0,64704,196,196,0,4418969,4418969,0,0,4418969,64704,13.58,2.06
944,2026-05-08 02:40:40,8,q1,0,10,110,2017,3460,29346,26214,151,159,0,736,0,1967,20278076,0,0,9612412712,57608002,1271209580,0,0,16231984,697,697,0,253663308,253663308,0,0,253663308,16231984,14.55,2.02
945,2026-05-08 02:40:44,8,q2,0,9,155,3184,3123,46127,42509,179,218,0,2290,0,470,751663,0,0,1015601344,215402419,1473451860,0,0,5452,443,443,0,253813,253813,0,0,94315,3736,14.49,3.18
946,2026-05-08 02:40:48,8,q3,0,4,183,1676,1659,23934,22607,201,242,0,544,0,432,806295,0,0,534265832,275322401,2050464132,0,0,4517,34,34,0,363558,363558,0,0,363558,4517,14.28,1.68
947,2026-05-08 02:40:50,8,q4,0,25,884,52579,261963,831078,695972,2039,2120,2,23435,0,103615,763912,0,0,115125933792,767460074,10610269572,0,0,566100624,26383,26383,0,14405093283,14405093283,0,0,8517752891,341212705,15.81,52.58
948,2026-05-08 02:41:44,8,q5,0,11,451,15700,28522,217885,201381,622,734,11,7772,0,4423,1010449,0,0,9107530328,611443683,6695418308,0,0,78868093,1232,1232,0,1120579083,1120579083,0,0,1120579083,78868093,13.88,15.7
949,2026-05-08 02:42:01,8,q5a,0,14,456,15975,28792,222068,200579,757,743,0,6101,0,11520,1004558,0,0,9579389360,611443683,6695418308,0,0,78870684,1243,1243,0,1120812580,1120812580,0,0,1120603496,78867250,13.9,15.98
950,2026-05-08 02:42:18,8,q6,0,13,234,1935,4372,26947,24052,505,575,3,352,0,386,8436867,0,0,5221591328,278619450,1473397064,0,0,5131498,241,241,0,45192822,45192822,0,0,45192822,5131498,13.93,1.94
951,2026-05-08 02:42:21,8,q7,0,7,210,3399,3439,49537,47314,309,359,0,794,0,617,1563401,0,0,7744599432,277191152,3626945360,0,0,699118,640,640,0,22293947,22293947,0,0,22293947,699118,14.57,3.4
952,2026-05-08 02:42:26,8,q8,0,10,218,1939,1987,23970,22771,273,362,0,165,0,215,9445062,0,0,14300899096,279065754,1452405524,0,0,49844,27,27,0,691429,691429,0,0,691429,49844,12.36,1.94
953,2026-05-08 02:42:29,8,q9,0,11,891,7541,37109,116994,111979,187,638,1,944,0,230,370573,0,0,0,1440031995,8961573852,0,0,885,885,885,0,72589,72589,0,0,72589,885,15.51,7.54
954,2026-05-08 02:42:37,8,q10,0,13,399,2680,6117,37948,35234,124,320,0,592,0,1478,375491,0,0,5741263080,496275522,1715088664,0,0,21068747,590,590,0,76722276,76722276,0,0,76722276,21068747,14.16,2.68
955,2026-05-08 02:42:41,8,q10a,0,10,389,1998,3248,27125,26057,84,285,0,400,0,1381,375190,0,0,4776185440,495275522,1690838172,0,0,22779154,615,615,0,106645593,106645593,0,0,106645593,22779154,13.58,2.0
956,2026-05-08 02:42:44,8,q11,0,20,582,16777,53096,261439,243392,1466,1480,3,4384,3,13419,588013,0,0,44656958720,624172317,4486575296,0,0,269945080,6328,6328,0,4430472060,4430472060,0,0,2954486332,191970515,15.58,16.78
957,2026-05-08 02:43:02,8,q12,0,6,64,906,847,9598,8840,75,80,0,0,0,105,6520039,0,0,1869518136,72225613,862188032,0,0,99114,51,51,0,12153598,12153598,0,0,12153598,99114,10.59,0.91
958,2026-05-08 02:43:04,8,q13,0,7,201,4993,5059,74070,63270,105,197,14,1587,0,299,1749830,0,0,9406798104,277993754,4467780372,0,0,177,177,177,0,11061,11061,0,0,11061,177,14.83,4.99
959,2026-05-08 02:43:10,8,q14a,0,40,1597,49923,146994,748643,498163,2653,3130,5,9585,0,250396,2429660,0,0,36491257008,1962234888,14342224800,0,0,637520320,4646,4646,0,8525486642,8525486642,0,0,8517835505,637278694,15.0,49.92
960,2026-05-08 02:44:02,8,q14b,0,29,1115,21747,34134,305819,273491,2214,2500,2,3918,0,13088,2429660,0,0,26674438960,1531928344,9957224136,0,0,134728861,4206,4206,0,483516037,483516037,0,0,483516037,134728861,14.06,21.75
961,2026-05-08 02:44:25,8,q14,0,29,1108,19641,31598,278949,258041,2239,2530,1,3325,0,6751,2323166,0,0,24792507904,1531928344,9957224136,0,0,134059706,3342,3342,0,400783763,400783763,0,0,400783763,134059706,14.2,19.64
962,2026-05-08 02:44:46,8,q15,0,5,127,3370,3127,46546,44596,110,165,0,336,0,94,19031420,0,0,16422941624,146307757,980498216,0,0,3846,6,6,0,126385,126385,0,0,126385,3846,13.81,3.37
963,2026-05-08 02:44:50,8,q16,0,8,330,13617,38957,209942,189429,396,494,0,2610,0,16898,1272955,0,0,41785807200,303406100,2737991192,0,0,301125284,21800,21800,0,4329169801,4329169801,0,0,4329169801,301125284,15.42,13.62
964,2026-05-08 02:45:05,8,q17,0,14,343,5102,9003,72126,68316,962,961,3,1568,0,2284,13882585,0,0,6358661496,446411311,3633768752,0,0,28190115,1021,1021,0,594212181,594212181,0,0,594212181,28190115,14.14,5.1
965,2026-05-08 02:45:11,8,q18,0,9,168,3051,3186,40968,37371,257,295,0,965,0,678,17522991,0,0,26139084344,150353357,2688553624,0,0,553439,595,595,0,38719390,38719390,0,0,38719390,553439,13.43,3.05
966,2026-05-08 02:45:15,8,q18a,0,17,603,10906,32814,167564,158022,810,1041,0,1904,0,2181,17760449,0,0,118166450312,726708385,12973211948,0,0,654430,611,611,0,44144127,44144127,0,0,44144127,654430,15.36,10.91
967,2026-05-08 02:45:27,8,q19,0,7,209,2702,2533,34994,31798,221,302,6,180,0,189,19031420,0,0,29168675520,278269754,2360749224,0,0,13062,7,7,0,771144,771144,0,0,771144,13062,12.95,2.7
968,2026-05-08 02:45:31,8,q20,0,6,119,1392,1332,17781,16003,126,150,0,592,0,113,6520039,0,0,3049429856,143511757,1275560484,0,0,116863,63,63,0,14250561,14250561,0,0,14250561,116863,12.77,1.39
969,2026-05-08 02:45:33,8,q21,0,6,51,2366,2354,31397,29945,60,74,0,288,0,99,194523,0,0,1090540592,399554015,1490722888,0,0,576530,56,56,0,9130050,9130050,0,0,9130050,576530,13.27,2.37
970,2026-05-08 02:45:37,8,q22,0,6,60,82992,82919,839328,832230,114,99,0,4768,0,882,9238108,0,0,4228256816,399554015,1463187508,0,0,8557877,374,374,0,367087690,367087690,0,0,367087690,8557877,10.11,82.99
971,2026-05-08 02:47:01,8,q22a,0,10,129,5322,6254,54942,51407,194,215,0,176,0,2771,9238108,0,0,12899456888,399554015,1463394376,0,0,4894300,832,832,0,247912932,247912932,0,0,61220432,1224712,10.32,5.32
972,2026-05-08 02:47:07,8,q23a,0,19,823,38258,66063,594135,575229,1725,1850,2,9546,0,16570,13148461,0,0,94153239928,1055670462,6692761528,0,0,161107479,12499,12499,0,3945819989,3945819989,0,0,3512959568,129085847,15.53,38.26
973,2026-05-08 02:47:47,8,q23b,0,22,857,40649,73144,627748,605178,1717,1892,2,7545,0,20505,13148461,0,0,107094764144,1057670462,6767148624,0,0,219629090,21997,21997,0,4869606515,4869606515,0,0,3569046901,131163350,15.44,40.65
974,2026-05-08 02:48:28,8,q24,0,14,271,4882,11007,68737,64602,1034,1008,2,1088,0,5387,12971968,0,0,7305478504,320216803,3134271732,0,0,31568282,3381,3381,0,449426479,449426479,0,0,449426479,31568282,14.08,4.88
975,2026-05-08 02:48:34,8,q24a,0,21,498,12640,18482,171224,155594,1565,1611,1,3536,0,19289,7938360,0,0,21574691736,608427191,5623112488,0,0,100579192,7968,7968,0,1944720502,1944720502,0,0,1538197907,69847453,13.55,12.64
976,2026-05-08 02:48:48,8,q24b,0,22,499,11002,17545,148087,138515,1630,1607,4,2736,0,11544,7938446,0,0,18878557560,608427191,5623112488,0,0,99830490,4813,4813,0,1919211525,1919211525,0,0,1512688930,69098751,13.46,11.0
977,2026-05-08 02:49:00,8,q25,0,14,343,5191,9301,74629,71403,906,953,2,754,0,1648,13882585,0,0,6009723240,446411311,4626819376,0,0,20197026,830,830,0,402780850,402780850,0,0,402780850,20197026,14.38,5.19
978,2026-05-08 02:49:06,8,q26,0,7,129,2194,2222,32145,30270,163,196,0,224,0,679,1563358,0,0,5378073712,145433557,2152756208,0,0,382055,420,420,0,12871388,12871388,0,0,12871388,382055,14.65,2.19
979,2026-05-08 02:49:10,8,q27,0,7,200,3537,3553,50990,49354,295,339,0,352,0,667,1563358,0,0,7074476616,277190554,3329703144,0,0,175061,240,240,0,6795965,6795965,0,0,6795965,175061,14.42,3.54
980,2026-05-08 02:49:14,8,q27a,0,11,560,9168,18563,140006,135973,530,782,0,1252,0,1272,1563358,0,0,12766404736,827485660,9932426740,0,0,178432,412,412,0,7388635,7388635,0,0,7388635,178432,15.27,9.17
981,2026-05-08 02:49:24,8,q28,0,18,1162,13265,78228,208117,197829,1205,1538,1,1536,0,20666,517465,0,0,71975279584,1728038328,13748551896,0,0,7116804,16732,16732,0,114797114,114797114,0,0,114797114,7116804,15.69,13.26
982,2026-05-08 02:49:39,8,q29,0,17,352,10708,15793,145412,138049,950,1001,1,1232,0,4945,13882585,0,0,12510713656,446451311,3638376400,0,0,93232843,2551,2551,0,1596736101,1596736101,0,0,1596736101,93232843,13.58,10.71
983,2026-05-08 02:49:50,8,q30,0,13,134,1984,3404,25964,22360,148,166,0,384,0,2741,7971334,0,0,9411896944,17769800,743614760,0,0,6155572,546,546,0,282153607,282153607,0,0,282153607,6155572,13.09,1.98
984,2026-05-08 02:49:54,8,q31,0,19,694,6052,30837,89105,84645,750,866,0,784,0,807,15346820,0,0,53437053720,1042200895,6378936504,0,0,106264,59,59,0,3483990,3483990,0,0,2892920,87848,14.72,6.05
985,2026-05-08 02:50:01,8,q32,0,7,215,2174,3069,31791,29490,145,201,0,908,0,661,478040,0,0,1291866552,286799514,2512964328,0,0,743337,164,164,0,9518155,9518155,0,0,9518155,743337,14.62,2.17
986,2026-05-08 02:50:04,8,q33,0,9,347,3428,7818,50327,47617,358,487,0,1056,0,217,1857223,0,0,12175045880,491762722,4515587444,0,0,10978,11,11,0,280380,280380,0,0,280380,10978,14.68,3.43
987,2026-05-08 02:50:08,8,q34,0,9,227,2031,2317,27536,26068,229,299,0,528,0,1537,958028,0,0,781712488,277072954,968580900,0,0,4031113,93,93,0,135549984,135549984,0,0,68462305,2031113,13.56,2.03
988,2026-05-08 02:50:11,8,q35,0,10,395,3981,6979,55336,50206,179,325,1,1280,0,2106,23973725,0,0,15435040688,495275522,1688913052,0,0,57691365,1530,1530,0,114304595,114304595,0,0,114304595,57691365,13.9,3.98
989,2026-05-08 02:50:17,8,q35a,0,9,395,3502,4920,49265,43533,190,339,1,1632,0,2421,23973725,0,0,14579403080,495275522,1688913052,0,0,57706997,1496,1496,0,114272861,114272861,0,0,114272861,57706997,14.07,3.5
990,2026-05-08 02:50:21,8,q36,0,6,185,3205,3146,45651,42931,219,283,0,354,0,418,3716103,0,0,6227555056,275269754,2978609208,0,0,6461,37,37,0,507409,507409,0,0,507409,6461,14.24,3.2
991,2026-05-08 02:50:25,8,q36a,0,9,190,2841,2770,38540,37108,201,274,0,512,0,390,3716103,0,0,6766522928,275269754,2978609208,0,0,17918,114,114,0,1456815,1456815,0,0,501753,6222,13.57,2.84
992,2026-05-08 02:50:29,8,q37,0,6,159,5035,8901,58796,56575,66,129,0,728,0,3265,215591,0,0,4913203808,543548124,2295384536,0,0,51928707,1736,1736,0,663087242,663087242,0,0,663087242,143994433,11.68,5.04
993,2026-05-08 02:50:35,8,q38,0,13,460,8452,22294,130014,117929,228,415,0,2284,0,6896,404013,0,0,23483277400,492354722,1637058416,0,0,120819579,4029,4029,0,731366019,731366019,0,0,626226009,116819579,15.38,8.45
994,2026-05-08 02:50:45,8,q39a,0,11,133,5125,8874,64178,61476,257,234,0,500,0,1102,2464219,0,0,6089430560,798904015,2943508300,0,0,9293617,136,136,0,211977496,211977496,0,0,142439707,6233617,12.52,5.12
995,2026-05-08 02:50:51,8,q39b,0,11,132,4432,8087,55896,54720,205,238,2,480,0,558,1038243,0,0,5705979424,798904015,2943508300,0,0,9184459,136,136,0,208912193,208912193,0,0,139374404,6124459,12.61,4.43
996,2026-05-08 02:50:57,8,q40,0,8,179,9207,25515,136388,126806,144,208,0,1776,0,14342,510938,0,0,24442330840,157909594,1881637444,0,0,157478827,6105,6105,0,3051101978,3051101978,0,0,3051101978,157478827,14.81,9.21
997,2026-05-08 02:51:07,8,q41,0,4,10,247,214,281,195,11,12,0,26,0,13,24680,0,0,472399704,408000,16770080,0,0,292,2,2,0,19225,19225,0,0,19225,292,1.14,0.25
998,2026-05-08 02:51:08,8,q42,0,4,183,1601,1585,23106,20807,252,236,0,560,0,26,801995,0,0,977970480,275269352,2050075012,0,0,77,7,7,0,6387,6387,0,0,6387,77,14.43,1.6
999,2026-05-08 02:51:11,8,q43,0,4,180,1864,1843,26838,24686,188,258,0,1200,0,413,806682,0,0,486052448,275065754,1162666884,0,0,4641,39,39,0,514380,514380,0,0,514380,4641,14.4,1.86
1000,2026-05-08 02:51:14,8,q44,0,8,393,3377,3556,49183,44579,309,445,3,688,0,5389,3433901,0,0,7741096888,576213690,3756937816,0,0,2629123,5873,5873,0,38073629,38073629,0,0,19046187,1314826,14.56,3.38
1001,2026-05-08 02:51:18,8,q45,0,7,82,1421,1324,14944,14171,61,87,0,0,0,22,19031420,0,0,11853074376,75245613,918715172,0,0,179,7,7,0,16081,16081,0,0,16081,179,10.52,1.42
1002,2026-05-08 02:51:21,8,q46,0,9,226,3622,3871,49806,47942,274,352,0,320,0,1999,13515525,0,0,15899941704,278072954,2253445028,0,0,2097508,510,510,0,69757336,69757336,0,0,69757336,2097508,13.75,3.62
1003,2026-05-08 02:51:25,8,q47,0,11,243,3971,4572,54631,50397,340,396,0,624,0,3054,4612594,0,0,12368581712,275269754,1948681620,0,0,1731601,1904,1904,0,69616535,69616535,0,0,44127333,1097634,13.76,3.97
1004,2026-05-08 02:51:30,8,q48,0,6,200,6422,6452,97091,91031,309,321,0,3882,0,84,2200929,0,0,9212197224,277986554,2695225520,0,0,177,177,177,0,10161,10161,0,0,10161,177,15.12,6.42
1005,2026-05-08 02:51:38,8,q49,0,20,445,9468,33933,143494,136393,655,786,1,2068,0,9407,2393806,0,0,5390216224,540766019,8136973992,0,0,86104356,229,229,0,1835926195,1835926195,0,0,1835926195,86104356,15.16,9.47
1006,2026-05-08 02:51:48,8,q50,0,10,306,21446,60663,301916,216685,319,431,0,2576,0,92355,1279519,0,0,40984956952,302952603,2260485900,0,0,265637490,17904,17904,0,5740033363,5740033363,0,0,5740033363,265637490,14.08,21.45
1007,2026-05-08 02:52:11,8,q51,0,10,328,14611,21736,206771,182412,385,500,0,2781,0,16169,657443,0,0,24464714264,347066965,2668666900,0,0,142655042,2652,2652,0,2404443584,2404443584,0,0,2404443584,142655042,14.15,14.61
1008,2026-05-08 02:52:27,8,q51a,0,14,399,247012,288487,3229850,3169822,621,742,0,24739,0,15663,657228,0,0,68288100152,347066965,2668666900,0,0,283180134,3590,3590,0,4672696778,4672696778,0,0,3426425596,216786871,13.08,247.01
1009,2026-05-08 02:56:35,8,q52,0,4,183,1501,1490,21225,20519,183,237,0,0,0,123,801350,0,0,977970480,275269352,2050402692,0,0,5811,7,7,0,293389,293389,0,0,293389,5811,14.14,1.5
1010,2026-05-08 02:56:37,8,q53,0,6,185,2096,2079,29043,27828,222,273,0,288,0,585,954846,0,0,831690704,275269754,1949488532,0,0,40504,40,40,0,1030188,1030188,0,0,1030188,40504,13.86,2.1
1011,2026-05-08 02:56:40,8,q54,0,17,382,3719,5473,53602,50125,682,789,14,1120,0,510,19032151,0,0,17553741704,493745222,3161434748,0,0,8236463,150,150,0,77409275,77409275,0,0,77409275,8236463,14.41,3.72
1012,2026-05-08 02:56:45,8,q55,0,4,183,1678,1667,24431,23799,190,243,0,0,0,91,801350,0,0,977970480,275269352,2050402692,0,0,4038,7,7,0,216502,216502,0,0,216502,4038,14.56,1.68
1013,2026-05-08 02:56:48,8,q56,0,9,347,3553,8138,53079,49505,353,491,0,1600,0,163,1857266,0,0,10172988560,491762722,4515788148,0,0,45468,11,11,0,897485,897485,0,0,897485,45468,14.94,3.55
1014,2026-05-08 02:56:52,8,q57,0,11,179,3135,3892,42483,36860,264,298,0,784,0,3037,4612594,0,0,11997790808,143511787,1212202476,0,0,2530171,2204,2204,0,102683161,102683161,0,0,66011877,1611492,13.55,3.14
1015,2026-05-08 02:56:57,8,q58,0,11,338,3411,9138,48619,46184,360,470,0,416,0,101,1563358,0,0,7566828872,490704820,4170672520,0,0,569331,14,14,0,7227315,7227315,0,0,7227315,569331,14.25,3.41
1016,2026-05-08 02:57:01,8,q59,0,15,367,4227,7426,51126,47993,489,626,26,1207,0,1061,1197488,0,0,4096270224,550317606,2333459528,0,0,108743,79,79,0,2738266,2738266,0,0,2738266,108743,12.1,4.23
1017,2026-05-08 02:57:06,8,q60,0,9,347,3829,8731,55553,52822,353,488,0,896,0,263,1857223,0,0,12029349864,491762722,4515722612,0,0,279984,17,17,0,4330588,4330588,0,0,4330588,279984,14.51,3.83
1018,2026-05-08 02:57:11,8,q61,0,10,388,5089,7645,73302,69149,31,265,0,1248,0,55,19031463,0,0,39864657912,553316106,5018786280,0,0,354,354,354,0,20206,20206,0,0,20206,354,14.4,5.09
1019,2026-05-08 02:57:18,8,q62,0,6,52,1377,1367,18114,16824,73,82,0,416,0,463,296920,0,0,276983840,72021672,619238316,0,0,12960,36,36,0,1156608,1156608,0,0,1156608,12960,13.15,1.38
1020,2026-05-08 02:57:20,8,q63,0,6,185,2109,2091,29506,28900,195,265,0,0,0,325,954244,0,0,898734008,275269754,1949427092,0,0,6202,40,40,0,282597,282597,0,0,282597,6202,13.99,2.11
1021,2026-05-08 02:57:23,8,q64,0,35,666,25231,80020,381587,361159,2370,2194,12,6960,0,11029,54398066,0,0,52018313664,742774732,10472003400,0,0,228688940,6247,6247,0,3505148067,3505148067,0,0,3035055849,193590051,15.12,25.23
1022,2026-05-08 02:57:50,8,q65,0,10,430,11713,22190,173860,167064,506,675,2,2830,0,9280,18324921,0,0,22006040880,550315106,3866375608,0,0,121692348,1377,1377,0,3654658197,3654658197,0,0,3654658197,121692348,14.84,11.71
1023,2026-05-08 02:58:03,8,q66,0,8,154,3565,4869,49821,42067,364,388,0,1376,0,221,624829,0,0,4851484096,215349405,2680463820,0,0,885,59,59,0,308213,308213,0,0,308213,885,13.98,3.56
1024,2026-05-08 02:58:07,8,q67,0,7,288,45204,45118,654233,637643,463,540,0,10738,0,10376,9238108,0,0,55931048560,275269754,2200372628,0,0,69861424,4304,4304,0,4950340389,4950340389,0,0,4950340389,69861424,14.47,45.2
1025,2026-05-08 02:58:53,8,q67a,0,15,864,72487,242175,1119351,1083426,2185,2245,2,9080,0,33681,9238108,0,0,222496441056,275269754,2200372628,0,0,534489538,27228,27228,0,36235187741,36235187741,0,0,7656162005,120915778,15.44,72.49
1026,2026-05-08 03:00:07,8,q68,0,9,222,4321,4392,60563,57395,277,349,0,384,0,809,13515525,0,0,15216494808,278072954,3513939876,0,0,2022735,57,57,0,65545698,65545698,0,0,65545698,2022735,14.02,4.32
1027,2026-05-08 03:00:13,8,q69,0,9,378,2377,5095,34404,31416,62,257,1,128,0,1125,28676289,0,0,10798078856,495275522,1690182812,0,0,16091419,510,510,0,46264707,46264707,0,0,46264707,16091419,14.47,2.38
1028,2026-05-08 03:00:16,8,q70,0,9,361,4356,4295,63200,60838,428,558,0,752,0,267,1853938,0,0,3790811104,550111508,2740629432,0,0,1513,80,80,0,95537,95537,0,0,95537,1513,14.51,4.36
1029,2026-05-08 03:00:21,8,q70a,0,12,366,3542,3442,49614,47935,437,570,0,512,0,246,1842951,0,0,1645422544,550111508,2740629432,0,0,1746,151,151,0,128743,128743,0,0,64687,1098,14.01,3.54
1030,2026-05-08 03:00:26,8,q71,0,7,337,3617,3568,51832,49356,426,552,4,528,0,378,2122787,0,0,3028453712,490598722,4365505660,0,0,265678,129,129,0,9891798,9891798,0,0,5916985,163589,14.33,3.62
1031,2026-05-08 03:00:31,8,q72,0,15,408,184990,238611,2853885,2287907,568,725,1,5872,0,549283,13148504,0,0,82523784096,559314692,3626520744,0,0,537663712,31195,31195,0,9684034978,9684034978,0,0,9684034978,537663712,15.43,184.99
1032,2026-05-08 03:03:37,8,q73,0,9,227,1923,2231,26877,24311,235,286,0,432,0,1325,954588,0,0,844244024,277072954,968580900,0,0,4016581,67,67,0,134836322,134836322,0,0,67748643,2016581,13.98,1.92
1033,2026-05-08 03:03:40,8,q74,0,20,576,15169,49180,237156,220640,1310,1411,0,4128,0,10918,588701,0,0,43804974688,624172317,3650770112,0,0,269945080,5884,5884,0,2931097453,2931097453,0,0,2060559802,191970515,15.63,15.17
1034,2026-05-08 03:03:56,8,q75,0,20,799,17005,61935,262651,239981,385,778,0,5362,0,16353,428650,0,0,25567741520,1031312266,11270242804,0,0,140055201,3515,3515,0,3212139261,3212139261,0,0,2149398978,89656379,15.45,17.0
1035,2026-05-08 03:04:14,8,q76,0,4,330,3822,3778,57099,54236,396,533,0,656,0,1438,1926819,0,0,26422108936,484839089,4424420072,0,0,6243,320,320,0,656817,656817,0,0,656817,6243,14.94,3.82
1036,2026-05-08 03:04:19,8,q77,0,14,387,4204,21053,63300,57864,397,499,0,1104,0,249,803242,0,0,1775178520,539423686,5882073092,0,0,13478,43,43,0,482956,482956,0,0,482956,13478,15.06,4.2
1037,2026-05-08 03:04:24,8,q77a,0,17,392,4106,19625,59368,55231,463,499,0,1792,0,267,801909,0,0,2247037544,539423686,5882073092,0,0,15022,53,53,0,673560,673560,0,0,502934,12548,14.46,4.11
1038,2026-05-08 03:04:30,8,q78,0,14,601,90685,313497,1418055,447711,985,1173,12,4048,0,982455,1065488,0,0,96406578560,540773544,7316889180,0,0,406636630,23781,23781,0,11387040654,11387040654,0,0,11387040654,406636630,15.64,90.68
1039,2026-05-08 03:06:01,8,q79,0,8,230,4314,4538,64601,48693,334,377,2,352,0,12114,962930,0,0,10552278304,277072954,2224484308,0,0,3605120,2091,2091,0,110891741,110891741,0,0,110891741,3605120,14.97,4.31
1040,2026-05-08 03:06:07,8,q80,0,23,558,46038,157975,720190,423031,1694,1824,0,3424,0,305155,1105876,0,0,54884401176,541204370,8455423984,0,0,265494090,15013,15013,0,7549170047,7549170047,0,0,7549170047,265494090,15.64,46.04
1041,2026-05-08 03:06:54,8,q80a,0,26,563,50680,177778,791611,417406,1877,1852,0,3168,0,370151,1106478,0,0,55356260208,541204370,8455423984,0,0,265493762,15045,15045,0,7549353208,7549353208,0,0,7549131508,265491832,15.62,50.68
1042,2026-05-08 03:07:46,8,q81,0,13,157,2975,5072,42576,31070,240,227,0,144,0,8538,7971334,0,0,14251811176,32815644,1208436504,0,0,11401658,1445,1445,0,250016314,250016314,0,0,250016314,11401658,14.31,2.98
1043,2026-05-08 03:07:50,8,q82,0,8,225,2997,4215,37988,36803,405,514,0,320,0,774,387079,0,0,212456560,687764388,2718364488,0,0,40831,188,188,0,222322,222322,0,0,222322,40831,12.68,3.0
1044,2026-05-08 03:07:54,8,q83,0,10,64,950,2110,10437,9303,69,85,0,208,0,163,1563358,0,0,2136787360,49489669,1250623860,0,0,343033,13,13,0,4206315,4206315,0,0,4206315,343033,10.99,0.95
1045,2026-05-08 03:07:56,8,q84,0,9,76,1412,3244,15333,14341,67,60,3,0,0,1043,9716301,0,0,1313097696,33729631,585378828,0,0,27798849,47,47,0,145871308,145871308,0,0,145871308,27798849,10.86,1.41
1046,2026-05-08 03:07:58,8,q85,0,10,114,3741,18888,54697,48761,107,138,2,2436,0,2714,16954372,0,0,9166144312,84064695,1698314788,0,0,9151985,1088,1088,0,346981786,346981786,0,0,346981786,9151985,14.62,3.74
1047,2026-05-08 03:08:03,8,q86,0,5,54,1254,1194,15485,14520,56,73,0,224,0,330,3716103,0,0,3141894008,72225613,838791680,0,0,5853,32,32,0,405271,405271,0,0,405271,5853,12.35,1.25
1048,2026-05-08 03:08:05,8,q86a,0,8,59,1176,1109,13330,12728,65,78,0,0,0,282,3716103,0,0,3479534984,72225613,838791680,0,0,14495,90,90,0,1060269,1060269,0,0,368295,5081,11.34,1.18
1049,2026-05-08 03:08:08,8,q87,0,13,460,8555,22467,131800,120204,192,418,0,1520,0,7055,404013,0,0,23483277400,492354722,1637058416,0,0,120819579,4029,4029,0,731366019,731366019,0,0,626226009,116819579,15.41,8.56
1050,2026-05-08 03:08:17,8,q88,0,26,1434,9196,64207,142185,138222,52,871,0,1162,0,224,406974,0,0,4560743424,2304258706,5960837004,0,0,1416,1416,1416,0,83536,83536,0,0,83536,1416,15.46,9.2
1051,2026-05-08 03:08:28,8,q89,0,6,186,2343,2319,32830,31372,206,269,0,320,0,711,954932,0,0,3702034056,275269754,1949087124,0,0,31480,80,80,0,2454934,2454934,0,0,2454934,31480,14.01,2.34
1052,2026-05-08 03:08:31,8,q90,0,8,100,885,1262,13033,12634,11,57,0,0,0,13,108111,0,0,304385536,144052466,1123390420,0,0,94,94,94,0,5546,5546,0,0,5546,94,14.73,0.88
1053,2026-05-08 03:08:33,8,q91,0,10,58,952,860,7867,6748,40,50,5,400,0,10,38453863,0,0,3171041144,19345852,625547844,0,0,184,7,7,0,27623,27623,0,0,15642,107,8.26,0.95
1054,2026-05-08 03:08:35,8,q92,0,7,107,1549,2170,22174,20562,61,97,0,576,0,772,711831,0,0,965375384,144227226,1685818016,0,0,626333,89,89,0,8063089,8063089,0,0,8063089,626333,14.32,1.55
1055,2026-05-08 03:08:38,8,q93,0,8,412,41781,84240,627316,384708,534,646,0,3344,0,256118,2210376,0,0,68145363512,316808109,3028630928,0,0,288995290,41612,41612,0,7557239367,7557239367,0,0,7557239367,288995290,15.01,41.78
1056,2026-05-08 03:09:20,8,q94,0,8,163,7219,19744,108501,100152,167,198,0,2528,0,8273,509354,0,0,16630437440,152222639,1732707064,0,0,151171114,4440,4440,0,2327043572,2327043572,0,0,2327043572,151171114,15.03,7.22
1057,2026-05-08 03:09:29,8,q95,0,8,190,22819,33945,340242,326635,298,345,0,5839,0,7204,939608,0,0,49888658408,152222639,1759392700,0,0,367104120,16884,16884,0,3413487125,3413487125,0,0,2085729728,151153176,14.91,22.82
1058,2026-05-08 03:09:53,8,q96,0,5,181,1274,1273,18288,17760,5,110,0,135,0,59,406544,0,0,565697664,288033990,746902404,0,0,177,177,177,0,10443,10443,0,0,10443,177,14.35,1.27
1059,2026-05-08 03:09:55,8,q97,0,5,296,11838,14712,156082,150378,313,407,0,1228,0,2990,657873,0,0,22641659872,418353109,2313457720,0,0,83759300,1258,1258,0,957391348,957391348,0,0,957391348,83759300,13.18,11.84
1060,2026-05-08 03:10:08,8,q98,0,7,201,2137,2046,26811,25311,215,273,6,480,0,148,6562512,0,0,4972634216,275269352,2070444420,0,0,180904,99,99,0,22380645,22380645,0,0,18573108,150361,12.55,2.14
1061,2026-05-08 03:10:11,8,q99,0,7,109,2077,2061,28313,25922,131,169,0,448,0,754,628570,0,0,3131391776,144014189,784247648,0,0,64704,196,196,0,4418969,4418969,0,0,4418969,64704,13.63,2.08
1062,2026-05-08 03:10:14,9,q1,0,10,110,1994,3471,29320,26168,143,156,0,624,0,1868,20278377,0,0,9612412712,57608002,1271209580,0,0,16231984,697,697,0,253663308,253663308,0,0,253663308,16231984,14.7,1.99
1063,2026-05-08 03:10:17,9,q2,0,9,155,3214,3151,46684,42739,176,227,0,2368,0,467,751663,0,0,1015601344,215402419,1473451860,0,0,5452,443,443,0,253813,253813,0,0,94315,3736,14.53,3.21
1064,2026-05-08 03:10:21,9,q3,0,4,183,1879,1870,27275,26172,196,233,0,512,0,305,806166,0,0,534265832,275322401,2050464132,0,0,4517,34,34,0,363558,363558,0,0,363558,4517,14.52,1.88
1065,2026-05-08 03:10:24,9,q4,0,25,884,61975,307024,981298,686678,2176,2260,17,17421,0,275491,763869,0,0,115125933792,767460074,10610269572,0,0,566100624,26383,26383,0,14405093283,14405093283,0,0,8517752891,341212705,15.83,61.98
1066,2026-05-08 03:11:27,9,q5,0,11,451,16142,32468,226674,201160,621,729,0,3986,0,15601,1009804,0,0,9107530328,611443683,6695418308,0,0,78868093,1232,1232,0,1120579083,1120579083,0,0,1120579083,78868093,14.04,16.14
1067,2026-05-08 03:11:45,9,q5a,0,14,456,15258,28518,210982,199811,549,736,0,4148,0,5809,1010277,0,0,9579389360,611443683,6695418308,0,0,78870684,1243,1243,0,1120812580,1120812580,0,0,1120603496,78867250,13.83,15.26
1068,2026-05-08 03:12:01,9,q6,0,13,234,1814,4131,25054,23280,483,567,0,480,0,407,8436953,0,0,5221591328,278619450,1473397064,0,0,5131498,241,241,0,45192822,45192822,0,0,45192822,5131498,13.81,1.81
1069,2026-05-08 03:12:04,9,q7,0,7,210,4207,4241,62797,56286,304,351,0,1162,0,649,1563487,0,0,7744599432,277191152,3626945360,0,0,699118,640,640,0,22293947,22293947,0,0,22293947,699118,14.93,4.21
1070,2026-05-08 03:12:09,9,q8,0,10,218,1992,2055,24419,23192,264,363,0,199,0,225,9445062,0,0,14300899096,279065754,1452405524,0,0,49844,27,27,0,691429,691429,0,0,691429,49844,12.26,1.99
1071,2026-05-08 03:12:12,9,q9,0,11,891,7818,38469,121501,110362,118,631,0,2252,0,1524,372551,0,0,0,1440031995,8961573852,0,0,885,885,885,0,72589,72589,0,0,72589,885,15.54,7.82
1072,2026-05-08 03:12:21,9,q10,0,13,399,2950,5941,42039,31879,143,326,0,552,0,2989,375577,0,0,5741263080,496275522,1715088664,0,0,21068747,590,590,0,76722276,76722276,0,0,76722276,21068747,14.25,2.95
1073,2026-05-08 03:12:25,9,q10a,0,10,389,2039,3337,28145,27053,79,284,0,287,0,1289,375835,0,0,4776185440,495275522,1690838172,0,0,22779154,615,615,0,106645593,106645593,0,0,106645593,22779154,13.8,2.04
1074,2026-05-08 03:12:28,9,q11,0,20,582,16743,53021,261884,241354,1442,1490,4,7316,0,14503,588013,0,0,44656958720,624172317,4486575296,0,0,269945080,6328,6328,0,4430472060,4430472060,0,0,2954486332,191970515,15.64,16.74
1075,2026-05-08 03:12:46,9,q12,0,6,64,874,817,9090,8200,72,83,0,154,0,114,6520039,0,0,1869518136,72225613,862188032,0,0,99114,51,51,0,12153598,12153598,0,0,12153598,99114,10.4,0.87
1076,2026-05-08 03:12:48,9,q13,0,7,201,4764,4904,70279,66896,114,194,0,1888,0,33,1749744,0,0,9406798104,277993754,4467780372,0,0,177,177,177,0,11061,11061,0,0,11061,177,14.75,4.76
1077,2026-05-08 03:12:54,9,q14a,0,40,1597,72379,222421,1108218,472612,2727,3129,0,10013,0,636138,2429660,0,0,36491257008,1962234888,14342224800,0,0,637520320,4646,4646,0,8525486642,8525486642,0,0,8517835505,637278694,15.31,72.38
1078,2026-05-08 03:14:08,9,q14b,0,29,1115,21651,34025,303175,274056,2116,2416,0,4274,0,9188,2429660,0,0,26674438960,1531928344,9957224136,0,0,134728861,4206,4206,0,483516037,483516037,0,0,483516037,134728861,14.0,21.65
1079,2026-05-08 03:14:31,9,q14,0,29,1108,19502,31252,276808,255976,2186,2432,0,4075,0,7661,2323166,0,0,24792507904,1531928344,9957224136,0,0,134059706,3342,3342,0,400783763,400783763,0,0,400783763,134059706,14.19,19.5
1080,2026-05-08 03:14:52,9,q15,0,5,127,3303,3056,45491,43510,111,164,0,320,0,97,19031463,0,0,16422941624,146307757,980498216,0,0,3846,6,6,0,126385,126385,0,0,126385,3846,13.77,3.3
1081,2026-05-08 03:14:56,9,q16,0,8,330,13896,39578,213000,192907,388,505,0,4176,0,22896,1273471,0,0,41785807200,303406100,2737991192,0,0,301125284,21800,21800,0,4329169801,4329169801,0,0,4329169801,301125284,15.33,13.9
1082,2026-05-08 03:15:11,9,q17,0,14,343,5501,9806,78909,68298,899,965,1,2048,0,4384,13882628,0,0,6358661496,446411311,3633768752,0,0,28190115,1021,1021,0,594212181,594212181,0,0,594212181,28190115,14.34,5.5
1083,2026-05-08 03:15:18,9,q18,0,9,168,3196,3626,44499,40589,274,295,0,1216,0,606,17522991,0,0,26139084344,150353357,2688553624,0,0,553439,595,595,0,38719390,38719390,0,0,38719390,553439,13.92,3.2
1084,2026-05-08 03:15:22,9,q18a,0,17,603,10639,31495,161892,149349,875,1049,0,3568,0,2162,17760449,0,0,118166450312,726708385,12973211948,0,0,654430,611,611,0,44144127,44144127,0,0,44144127,654430,15.22,10.64
1085,2026-05-08 03:15:34,9,q19,0,7,209,2972,2812,39571,35163,206,295,0,272,0,129,19031463,0,0,29168675520,278269754,2360749224,0,0,13062,7,7,0,771144,771144,0,0,771144,13062,13.31,2.97
1086,2026-05-08 03:15:38,9,q20,0,6,119,1280,1223,15848,14823,121,154,0,128,0,128,6520039,0,0,3049429856,143511757,1275560484,0,0,116863,63,63,0,14250561,14250561,0,0,14250561,116863,12.38,1.28
1087,2026-05-08 03:15:40,9,q21,0,6,51,2427,2415,32456,30880,64,75,0,320,0,121,195254,0,0,1090540592,399554015,1490722888,0,0,576530,56,56,0,9130050,9130050,0,0,9130050,576530,13.37,2.43
1088,2026-05-08 03:15:44,9,q22,0,6,60,86120,86049,853380,845242,110,98,0,4898,0,834,9238108,0,0,4228256816,399554015,1463187508,0,0,8557877,374,374,0,367087690,367087690,0,0,367087690,8557877,9.91,86.12
1089,2026-05-08 03:17:11,9,q22a,0,10,129,5351,6227,54089,50689,192,216,0,389,0,2723,9238108,0,0,12899456888,399554015,1463394376,0,0,4894300,832,832,0,247912932,247912932,0,0,61220432,1224712,10.11,5.35
1090,2026-05-08 03:17:17,9,q23a,0,19,823,38418,66274,596552,572853,1701,1828,2,11938,0,16892,13148461,0,0,94153239928,1055670462,6692761528,0,0,161107479,12499,12499,0,3945819989,3945819989,0,0,3512959568,129085847,15.53,38.42
1091,2026-05-08 03:17:57,9,q23b,0,22,857,41702,75109,644146,606503,1734,1839,2,12913,0,28814,13148504,0,0,107094764144,1057670462,6767148624,0,0,219629090,21997,21997,0,4869606515,4869606515,0,0,3569046901,131163350,15.45,41.7
1092,2026-05-08 03:18:40,9,q24,0,14,271,5267,11721,74954,66348,1075,999,15,1456,0,5339,12972011,0,0,7305478504,320216803,3134271732,0,0,31568282,3381,3381,0,449426479,449426479,0,0,449426479,31568282,14.23,5.27
1093,2026-05-08 03:18:46,9,q24a,0,21,498,12925,19388,175019,158618,1710,1643,1,5114,0,16934,7938360,0,0,21574691736,608427191,5623112488,0,0,100579192,7968,7968,0,1944720502,1944720502,0,0,1538197907,69847453,13.54,12.92
1094,2026-05-08 03:19:00,9,q24b,0,22,499,12361,18688,169726,139186,1633,1604,4,4074,0,18381,7938403,0,0,18878557560,608427191,5623112488,0,0,99830490,4813,4813,0,1919211525,1919211525,0,0,1512688930,69098751,13.73,12.36
1095,2026-05-08 03:19:13,9,q25,0,14,343,5188,9454,75375,69214,856,937,2,1056,0,1650,13882585,0,0,6009723240,446411311,4626819376,0,0,20197026,830,830,0,402780850,402780850,0,0,402780850,20197026,14.53,5.19
1096,2026-05-08 03:19:20,9,q26,0,7,129,1941,1994,27966,26050,153,199,0,544,0,598,1563358,0,0,5378073712,145433557,2152756208,0,0,382055,420,420,0,12871388,12871388,0,0,12871388,382055,14.41,1.94
1097,2026-05-08 03:19:23,9,q27,0,7,200,3497,3510,50553,45351,263,337,0,720,0,1451,1563444,0,0,7074476616,277190554,3329703144,0,0,175061,240,240,0,6795965,6795965,0,0,6795965,175061,14.46,3.5
1098,2026-05-08 03:19:27,9,q27a,0,11,560,9696,19365,148008,133938,539,785,10,2389,0,2151,1563358,0,0,12766404736,827485660,9932426740,0,0,178432,412,412,0,7388635,7388635,0,0,7388635,178432,15.26,9.7
1099,2026-05-08 03:19:38,9,q28,0,18,1162,13655,80765,214399,198966,1192,1474,0,2314,0,24889,518755,0,0,71975279584,1728038328,13748551896,0,0,7116804,16732,16732,0,114797114,114797114,0,0,114797114,7116804,15.7,13.66
1100,2026-05-08 03:19:53,9,q29,0,17,352,10843,16332,147044,141031,936,994,2,2256,0,5784,13882585,0,0,12510713656,446451311,3638376400,0,0,93232843,2551,2551,0,1596736101,1596736101,0,0,1596736101,93232843,13.56,10.84
1101,2026-05-08 03:20:05,9,q30,0,13,134,1667,2947,20969,17651,159,165,0,368,0,3234,7971377,0,0,9411896944,17769800,743614760,0,0,6155572,546,546,0,282153607,282153607,0,0,282153607,6155572,12.58,1.67
1102,2026-05-08 03:20:07,9,q31,0,19,694,6011,30768,88470,83510,702,869,3,1424,0,884,15346777,0,0,53437053720,1042200895,6378936504,0,0,106264,59,59,0,3483990,3483990,0,0,2892920,87848,14.72,6.01
1103,2026-05-08 03:20:14,9,q32,0,7,215,2170,3015,31678,30031,126,202,0,640,0,738,478040,0,0,1291866552,286799514,2512964328,0,0,743337,164,164,0,9518155,9518155,0,0,9518155,743337,14.6,2.17
1104,2026-05-08 03:20:18,9,q33,0,9,347,3350,7676,49023,47079,375,499,0,724,0,157,1857352,0,0,12175045880,491762722,4515587444,0,0,10978,11,11,0,280380,280380,0,0,280380,10978,14.63,3.35
1105,2026-05-08 03:20:22,9,q34,0,9,227,2021,2306,27792,26248,245,300,0,216,0,1769,958587,0,0,781712488,277072954,968580900,0,0,4031113,93,93,0,135549984,135549984,0,0,68462305,2031113,13.75,2.02
1106,2026-05-08 03:20:25,9,q35,0,10,395,4213,7645,59657,49228,135,325,0,704,0,2773,23973897,0,0,15435040688,495275522,1688913052,0,0,57691365,1530,1530,0,114304595,114304595,0,0,114304595,57691365,14.16,4.21
1107,2026-05-08 03:20:30,9,q35a,0,9,395,3403,4772,46668,42790,166,335,0,937,0,2199,23973768,0,0,14579403080,495275522,1688913052,0,0,57706997,1496,1496,0,114272861,114272861,0,0,114272861,57706997,13.71,3.4
1108,2026-05-08 03:20:35,9,q36,0,6,185,2762,2707,38811,37024,214,284,0,720,0,361,3716103,0,0,6227555056,275269754,2978609208,0,0,6461,37,37,0,507409,507409,0,0,507409,6461,14.05,2.76
1109,2026-05-08 03:20:39,9,q36a,0,9,190,3169,3105,43457,33994,243,276,0,625,0,827,3716275,0,0,6766522928,275269754,2978609208,0,0,17918,114,114,0,1456815,1456815,0,0,501753,6222,13.71,3.17
1110,2026-05-08 03:20:43,9,q37,0,6,159,5309,9462,60400,55709,57,125,0,1905,0,4354,218085,0,0,4913203808,543548124,2295384536,0,0,51928707,1736,1736,0,663087242,663087242,0,0,663087242,143994433,11.38,5.31
1111,2026-05-08 03:20:49,9,q38,0,13,460,8486,22536,131018,118574,184,418,0,2370,0,7210,404013,0,0,23483277400,492354722,1637058416,0,0,120819579,4029,4029,0,731366019,731366019,0,0,626226009,116819579,15.44,8.49
1112,2026-05-08 03:20:59,9,q39a,0,11,133,6258,10153,67227,64107,231,230,0,384,0,1190,2464219,0,0,6089430560,798904015,2943508300,0,0,9293617,136,136,0,211977496,211977496,0,0,142439707,6233617,10.74,6.26
1113,2026-05-08 03:21:06,9,q39b,0,11,132,4611,8248,58244,56963,200,235,0,556,0,638,1038243,0,0,5705979424,798904015,2943508300,0,0,9184459,136,136,0,208912193,208912193,0,0,139374404,6124459,12.63,4.61
1114,2026-05-08 03:21:12,9,q40,0,8,179,8905,24160,130612,122017,152,205,0,1568,0,10737,511626,0,0,24442330840,157909594,1881637444,0,0,157478827,6105,6105,0,3051101978,3051101978,0,0,3051101978,157478827,14.67,8.9
1115,2026-05-08 03:21:22,9,q41,0,4,10,206,176,242,188,11,12,0,0,0,11,24680,0,0,472399704,408000,16770080,0,0,292,2,2,0,19225,19225,0,0,19225,292,1.17,0.21
1116,2026-05-08 03:21:23,9,q42,0,4,183,1624,1611,23487,22060,188,239,0,360,0,23,802038,0,0,977970480,275269352,2050075012,0,0,77,7,7,0,6387,6387,0,0,6387,77,14.46,1.62
1117,2026-05-08 03:21:26,9,q43,0,4,180,1866,1845,26956,25788,190,263,0,368,0,335,806295,0,0,486052448,275065754,1162666884,0,0,4641,39,39,0,514380,514380,0,0,514380,4641,14.45,1.87
1118,2026-05-08 03:21:29,9,q44,0,8,393,3309,3475,48320,45564,290,445,0,736,0,3861,3433901,0,0,7741096888,576213690,3756937816,0,0,2629123,5873,5873,0,38073629,38073629,0,0,19046187,1314826,14.6,3.31
1119,2026-05-08 03:21:33,9,q45,0,7,82,1360,1245,13185,12598,66,89,0,0,0,22,19031549,0,0,11853074376,75245613,918715172,0,0,179,7,7,0,16081,16081,0,0,16081,179,9.69,1.36
1120,2026-05-08 03:21:35,9,q46,0,9,226,3654,3880,50055,46730,332,354,0,1424,0,2434,13515525,0,0,15899941704,278072954,2253445028,0,0,2097508,510,510,0,69757336,69757336,0,0,69757336,2097508,13.7,3.65
1121,2026-05-08 03:21:40,9,q47,0,11,243,4144,4787,57501,53851,316,387,0,613,0,2378,4612594,0,0,12368581712,275269754,1948681620,0,0,1731601,1904,1904,0,69616535,69616535,0,0,44127333,1097634,13.88,4.14
1122,2026-05-08 03:21:45,9,q48,0,6,200,6595,6713,100059,94574,200,263,0,3394,0,51,2200929,0,0,9212197224,277986554,2695225520,0,0,177,177,177,0,10161,10161,0,0,10161,177,15.17,6.6
1123,2026-05-08 03:21:53,9,q49,0,20,445,8986,32796,136512,128151,628,772,0,2960,0,9413,2393806,0,0,5390216224,540766019,8136973992,0,0,86104356,229,229,0,1835926195,1835926195,0,0,1835926195,86104356,15.19,8.99
1124,2026-05-08 03:22:03,9,q50,0,10,306,17118,46733,253360,221448,331,442,0,2381,0,41194,1278788,0,0,40984956952,302952603,2260485900,0,0,265637490,17904,17904,0,5740033363,5740033363,0,0,5740033363,265637490,14.8,17.12
1125,2026-05-08 03:22:21,9,q51,0,10,328,13510,19931,188996,179797,397,510,0,3516,0,8075,657529,0,0,24464714264,347066965,2668666900,0,0,142655042,2652,2652,0,2404443584,2404443584,0,0,2404443584,142655042,13.99,13.51
1126,2026-05-08 03:22:36,9,q51a,0,14,399,251488,290634,3230990,3180105,624,733,0,26528,0,10792,657830,0,0,68288100152,347066965,2668666900,0,0,283180134,3590,3590,0,4672696778,4672696778,0,0,3426425596,216786871,12.85,251.49
1127,2026-05-08 03:26:48,9,q52,0,4,183,1582,1568,22690,21514,191,243,0,272,0,129,802038,0,0,977970480,275269352,2050402692,0,0,5811,7,7,0,293389,293389,0,0,293389,5811,14.34,1.58
1128,2026-05-08 03:26:51,9,q53,0,6,185,1960,1942,26759,25761,195,269,0,304,0,593,954803,0,0,831690704,275269754,1949488532,0,0,40504,40,40,0,1030188,1030188,0,0,1030188,40504,13.65,1.96
1129,2026-05-08 03:26:54,9,q54,0,17,382,3734,5299,54178,50963,760,807,0,881,0,516,19031506,0,0,17553741704,493745222,3161434748,0,0,8236463,150,150,0,77409275,77409275,0,0,77409275,8236463,14.51,3.73
1130,2026-05-08 03:26:59,9,q55,0,4,183,1633,1620,23323,22157,197,247,0,678,0,92,802382,0,0,977970480,275269352,2050402692,0,0,4038,7,7,0,216502,216502,0,0,216502,4038,14.28,1.63
1131,2026-05-08 03:27:01,9,q56,0,9,347,3538,8072,52489,49675,356,482,0,880,0,161,1857266,0,0,10172988560,491762722,4515788148,0,0,45468,11,11,0,897485,897485,0,0,897485,45468,14.84,3.54
1132,2026-05-08 03:27:06,9,q57,0,11,179,3074,3881,41264,36070,260,302,0,800,0,3296,4612594,0,0,11997790808,143511787,1212202476,0,0,2530171,2204,2204,0,102683161,102683161,0,0,66011877,1611492,13.42,3.07
1133,2026-05-08 03:27:10,9,q58,0,11,338,3286,8828,46406,44014,431,470,30,741,0,96,1563358,0,0,7566828872,490704820,4170672520,0,0,569331,14,14,0,7227315,7227315,0,0,7227315,569331,14.12,3.29
1134,2026-05-08 03:27:15,9,q59,0,15,367,4384,7724,53682,50678,491,635,0,1286,0,1066,1197445,0,0,4096270224,550317606,2333459528,0,0,108743,79,79,0,2738266,2738266,0,0,2738266,108743,12.24,4.38
1135,2026-05-08 03:27:20,9,q60,0,9,347,3750,8661,54366,51818,384,499,0,841,0,268,1857352,0,0,12029349864,491762722,4515722612,0,0,279984,17,17,0,4330588,4330588,0,0,4330588,279984,14.5,3.75
1136,2026-05-08 03:27:25,9,q61,0,10,388,4905,7382,70469,66768,44,276,0,780,0,107,19031635,0,0,39864657912,553316106,5018786280,0,0,354,354,354,0,20206,20206,0,0,20206,354,14.37,4.9
1137,2026-05-08 03:27:31,9,q62,0,6,52,1208,1197,15643,14559,78,84,0,224,0,507,296920,0,0,276983840,72021672,619238316,0,0,12960,36,36,0,1156608,1156608,0,0,1156608,12960,12.95,1.21
1138,2026-05-08 03:27:34,9,q63,0,6,185,1980,1965,27660,26756,194,265,3,400,0,411,954889,0,0,898734008,275269754,1949427092,0,0,6202,40,40,0,282597,282597,0,0,282597,6202,13.97,1.98
1139,2026-05-08 03:27:37,9,q64,0,35,666,25175,81017,383235,362734,2425,2213,9,8000,0,11207,54397980,0,0,52018313664,742774732,10472003400,0,0,228688940,6247,6247,0,3505148067,3505148067,0,0,3035055849,193590051,15.22,25.18
1140,2026-05-08 03:28:04,9,q65,0,10,430,11518,21901,171687,165444,512,672,2,2416,0,9075,18324921,0,0,22006040880,550315106,3866375608,0,0,121692348,1377,1377,0,3654658197,3654658197,0,0,3654658197,121692348,14.91,11.52
1141,2026-05-08 03:28:16,9,q66,0,8,154,3438,4704,48167,40347,358,385,0,1600,0,227,626205,0,0,4851484096,215349405,2680463820,0,0,885,59,59,0,308213,308213,0,0,308213,885,14.01,3.44
1142,2026-05-08 03:28:21,9,q67,0,7,288,45041,44951,655859,639230,459,544,0,12041,0,10824,9238108,0,0,55931048560,275269754,2200372628,0,0,69861424,4304,4304,0,4950340389,4950340389,0,0,4950340389,69861424,14.56,45.04
1143,2026-05-08 03:29:07,9,q67a,0,15,864,72627,241388,1121025,1087178,2161,2226,0,11886,0,27257,9238108,0,0,222496441056,275269754,2200372628,0,0,534489538,27228,27228,0,36235187741,36235187741,0,0,7656162005,120915778,15.44,72.63
1144,2026-05-08 03:30:21,9,q68,0,9,222,4282,4650,59719,56654,257,332,0,423,0,802,13515611,0,0,15216494808,278072954,3513939876,0,0,2022735,57,57,0,65545698,65545698,0,0,65545698,2022735,13.95,4.28
1145,2026-05-08 03:30:26,9,q69,0,9,378,2278,4642,32604,28798,66,254,0,186,0,1173,28676375,0,0,10798078856,495275522,1690182812,0,0,16091419,510,510,0,46264707,46264707,0,0,46264707,16091419,14.31,2.28
1146,2026-05-08 03:30:29,9,q70,0,9,361,4147,4083,59442,57829,420,562,0,266,0,261,1853895,0,0,3790811104,550111508,2740629432,0,0,1513,80,80,0,95537,95537,0,0,95537,1513,14.33,4.15
1147,2026-05-08 03:30:35,9,q70a,0,12,366,3763,3667,52522,50769,462,574,0,292,0,240,1843639,0,0,1645422544,550111508,2740629432,0,0,1746,151,151,0,128743,128743,0,0,64687,1098,13.96,3.76
1148,2026-05-08 03:30:39,9,q71,0,7,337,3657,3602,52479,48326,444,569,5,377,0,363,2123561,0,0,3028453712,490598722,4365505660,0,0,265678,129,129,0,9892453,9892453,0,0,5917640,163589,14.35,3.66
1149,2026-05-08 03:30:44,9,q72,0,15,408,187074,272950,2886442,2330633,571,717,2,7328,0,535402,13148461,0,0,82523784096,559314692,3626520744,0,0,537663712,31195,31195,0,9684034978,9684034978,0,0,9684034978,537663712,15.43,187.07
1150,2026-05-08 03:33:52,9,q73,0,9,227,1867,2136,25605,24436,223,291,0,288,0,1006,954631,0,0,844244024,277072954,968580900,0,0,4016581,67,67,0,134836322,134836322,0,0,67748643,2016581,13.71,1.87
1151,2026-05-08 03:33:55,9,q74,0,20,576,15382,49669,238530,218557,1262,1401,1,4439,0,11410,588701,0,0,43804974688,624172317,3650770112,0,0,269945080,5884,5884,0,2931097453,2931097453,0,0,2060559802,191970515,15.51,15.38
1152,2026-05-08 03:34:12,9,q75,0,20,799,16587,57552,255847,232118,371,788,7,6631,0,13249,428736,0,0,25567741520,1031312266,11270242804,0,0,140055201,3515,3515,0,3212139261,3212139261,0,0,2149398978,89656379,15.42,16.59
1153,2026-05-08 03:34:29,9,q76,0,4,330,3677,3630,55182,50231,377,524,0,1492,0,1220,1932667,0,0,26422108936,484839089,4424420072,0,0,6243,320,320,0,656817,656817,0,0,656817,6243,15.01,3.68
1154,2026-05-08 03:34:34,9,q77,0,14,387,3990,19883,60076,56434,396,498,4,953,0,260,804532,0,0,1775178520,539423686,5882073092,0,0,13478,43,43,0,482956,482956,0,0,482956,13478,15.06,3.99
1155,2026-05-08 03:34:39,9,q77a,0,17,392,4192,20181,60196,57094,432,511,9,880,0,266,803285,0,0,2247037544,539423686,5882073092,0,0,15022,53,53,0,673560,673560,0,0,502934,12548,14.36,4.19
1156,2026-05-08 03:34:45,9,q78,0,14,601,77649,262789,1216469,464098,1098,1202,0,9474,0,755512,1065144,0,0,96406578560,540773544,7316889180,0,0,406636630,23781,23781,0,11387040654,11387040654,0,0,11387040654,406636630,15.67,77.65
1157,2026-05-08 03:36:03,9,q79,0,8,230,3530,3740,51792,48435,305,374,0,928,0,3115,962844,0,0,10552278304,277072954,2224484308,0,0,3605120,2091,2091,0,110891741,110891741,0,0,110891741,3605120,14.67,3.53
1158,2026-05-08 03:36:08,9,q80,0,23,558,71393,282878,1125706,400587,1753,1798,0,5634,0,731836,1105876,0,0,54884401176,541204370,8455423984,0,0,265494090,15013,15013,0,7549170047,7549170047,0,0,7549170047,265494090,15.77,71.39
1159,2026-05-08 03:37:20,9,q80a,0,26,563,77358,310739,1218336,400988,2065,1822,0,6080,0,821979,1106349,0,0,55356260208,541204370,8455423984,0,0,265493762,15045,15045,0,7549353208,7549353208,0,0,7549131508,265491832,15.75,77.36
1160,2026-05-08 03:38:39,9,q81,0,13,157,2290,3708,32141,27286,229,234,3,448,0,4053,7971463,0,0,14251811176,32815644,1208436504,0,0,11401658,1445,1445,0,250016314,250016314,0,0,250016314,11401658,14.04,2.29
1161,2026-05-08 03:38:42,9,q82,0,8,225,3177,4358,38033,35849,419,526,0,1056,0,712,387079,0,0,212456560,687764388,2718364488,0,0,40831,188,188,0,222322,222322,0,0,222322,40831,11.97,3.18
1162,2026-05-08 03:38:47,9,q83,0,10,64,1050,2350,11793,10114,63,82,0,576,0,146,1563358,0,0,2136787360,49489669,1250623860,0,0,343033,13,13,0,4206315,4206315,0,0,4206315,343033,11.23,1.05
1163,2026-05-08 03:38:49,9,q84,0,9,76,1384,3284,14671,12501,67,61,0,0,0,758,9716301,0,0,1313097696,33729631,585378828,0,0,27798849,47,47,0,145871308,145871308,0,0,145871308,27798849,10.6,1.38
1164,2026-05-08 03:38:51,9,q85,0,10,114,3666,14643,53804,44568,104,139,35,3266,0,2528,16954501,0,0,9166144312,84064695,1698314788,0,0,9151985,1088,1088,0,346981786,346981786,0,0,346981786,9151985,14.68,3.67
1165,2026-05-08 03:38:56,9,q86,0,5,54,1386,1325,17955,16573,55,74,0,272,0,321,3716103,0,0,3141894008,72225613,838791680,0,0,5853,32,32,0,405271,405271,0,0,405271,5853,12.95,1.39
1166,2026-05-08 03:38:58,9,q86a,0,8,59,1091,1021,12244,11461,64,79,0,256,0,291,3716103,0,0,3479534984,72225613,838791680,0,0,14495,90,90,0,1060269,1060269,0,0,368295,5081,11.22,1.09
1167,2026-05-08 03:39:01,9,q87,0,13,460,8984,23314,138334,122482,185,426,0,1520,0,7948,404013,0,0,23483277400,492354722,1637058416,0,0,120819579,4029,4029,0,731366019,731366019,0,0,626226009,116819579,15.4,8.98
1168,2026-05-08 03:39:11,9,q88,0,26,1434,9299,65438,144176,135953,43,872,0,1168,0,1377,406759,0,0,4560743424,2304258706,5960837004,0,0,1416,1416,1416,0,83536,83536,0,0,83536,1416,15.5,9.3
1169,2026-05-08 03:39:21,9,q89,0,6,186,2263,2240,31684,30302,215,268,0,288,0,616,954846,0,0,3702034056,275269754,1949087124,0,0,31480,80,80,0,2454934,2454934,0,0,2454934,31480,14.0,2.26
1170,2026-05-08 03:39:24,9,q90,0,8,100,775,1152,11220,10608,20,60,0,272,0,13,108928,0,0,304385536,144052466,1123390420,0,0,94,94,94,0,5546,5546,0,0,5546,94,14.48,0.78
1171,2026-05-08 03:39:26,9,q91,0,10,58,887,1040,7440,6896,41,49,7,0,0,11,38454164,0,0,3171041144,19345852,625547844,0,0,184,7,7,0,27623,27623,0,0,15642,107,8.39,0.89
1172,2026-05-08 03:39:28,9,q92,0,7,107,1469,2034,20695,19040,60,96,0,496,0,907,711831,0,0,965375384,144227226,1685818016,0,0,626333,89,89,0,8063089,8063089,0,0,8063089,626333,14.09,1.47
1173,2026-05-08 03:39:31,9,q93,0,8,412,48673,103249,732580,386068,467,625,0,3552,0,359635,2211064,0,0,68145363512,316808109,3028630928,0,0,288995290,41612,41612,0,7557239367,7557239367,0,0,7557239367,288995290,15.05,48.67
1174,2026-05-08 03:40:20,9,q94,0,8,163,8461,21396,124586,104889,170,213,0,1952,0,13045,509440,0,0,16630437440,152222639,1732707064,0,0,151171114,4440,4440,0,2327043572,2327043572,0,0,2327043572,151171114,14.72,8.46
1175,2026-05-08 03:40:30,9,q95,0,8,190,23539,35044,351246,323883,389,388,0,5611,0,13413,939608,0,0,49888658408,152222639,1759392700,0,0,367104120,16884,16884,0,3413487125,3413487125,0,0,2085729728,151153176,14.92,23.54
1176,2026-05-08 03:40:54,9,q96,0,5,181,1214,1217,17481,17004,10,106,0,160,0,51,406802,0,0,565697664,288033990,746902404,0,0,177,177,177,0,10443,10443,0,0,10443,177,14.4,1.21
1177,2026-05-08 03:40:57,9,q97,0,5,296,11861,14730,157074,151084,311,408,0,1187,0,3110,657400,0,0,22641659872,418353109,2313457720,0,0,83759300,1258,1258,0,957391348,957391348,0,0,957391348,83759300,13.24,11.86
1178,2026-05-08 03:41:10,9,q98,0,7,201,2249,2154,28103,26115,287,278,4,704,0,140,6562512,0,0,4972634216,275269352,2070444420,0,0,180904,99,99,0,22380645,22380645,0,0,18573108,150361,12.5,2.25
1179,2026-05-08 03:41:13,9,q99,0,7,109,2054,2041,27939,26395,127,176,0,320,0,711,628613,0,0,3131391776,144014189,784247648,0,0,64704,196,196,0,4418969,4418969,0,0,4418969,64704,13.6,2.05
