ID,timestamp,run_id,query,query_rerun_id,numStages,numTasks,elapsedTime,stageDuration,executorRunTime,executorCpuTime,executorDeserializeTime,executorDeserializeCpuTime,resultSerializationTime,jvmGCTime,shuffleFetchWaitTime,shuffleWriteTime,resultSize,diskBytesSpilled,memoryBytesSpilled,peakExecutionMemory,recordsRead,bytesRead,recordsWritten,bytesWritten,shuffleRecordsRead,shuffleTotalBlocksFetched,shuffleLocalBlocksFetched,shuffleRemoteBlocksFetched,shuffleTotalBytesRead,shuffleLocalBytesRead,shuffleRemoteBytesRead,shuffleRemoteBytesReadToDisk,shuffleBytesWritten,shuffleRecordsWritten,avg_active_tasks,elapsed_time_seconds
0,2026-05-16 18:01:59,0,q1,0,19,109,1534,2573,16505,9758,301,180,1,0,0,3189,304378,0,0,4815551024,6074604,532072376,0,0,7602050,380,380,0,120485213,120485213,0,0,120485213,7602050,10.76,1.53
1,2026-05-16 18:02:02,0,q2,0,11,43,966,816,9619,7203,75,59,0,304,0,146,751663,0,0,440945584,21656678,697627440,0,0,5386,101,101,0,240223,240223,0,0,89939,3714,9.96,0.97
2,2026-05-16 18:02:04,0,q3,0,8,42,893,1233,8765,7859,58,42,0,0,0,283,140122,0,0,113385448,27682256,558038008,0,0,4429525,23,23,0,49328740,49328740,0,0,49328740,4429525,9.82,0.89
3,2026-05-16 18:02:06,0,q4,0,19,220,6050,28283,83027,65958,524,453,6,3275,0,7510,36928978,0,0,33856292464,98641672,3306594720,0,0,3073029,2635,2635,0,203896634,203896634,0,0,203896634,3073029,13.72,6.05
4,2026-05-16 18:02:14,0,q5,0,17,146,3034,5230,43435,36046,190,195,0,761,3,2162,240321,0,0,3382570552,61187960,2414022388,0,0,7983777,578,578,0,114744147,114744147,0,0,114744147,7983777,14.32,3.03
5,2026-05-16 18:02:18,0,q5a,0,14,145,3141,6045,45630,39178,204,211,0,864,0,2377,315528,0,0,3826063608,61187960,2414022388,0,0,7892324,588,588,0,113700754,113700754,0,0,113567508,7890500,14.53,3.14
6,2026-05-16 18:02:22,0,q6,0,12,53,2113,3968,25290,20394,58,63,0,1296,0,1281,5019183,0,0,4937817168,28554256,516726208,0,0,27358702,342,342,0,236907420,236907420,0,0,236907420,27358702,11.97,2.11
7,2026-05-16 18:02:26,0,q7,0,12,56,2404,6585,32488,28161,58,61,0,896,0,3597,782379,0,0,1173452352,29550507,766897708,0,0,26635674,61,61,0,766771041,766771041,0,0,766771041,26635674,13.51,2.4
8,2026-05-16 18:02:29,0,q8,0,10,34,999,933,10541,9442,64,56,0,0,0,31,2361205,0,0,1634323840,28527309,515660200,0,0,6695,9,9,0,81675,81675,0,0,81675,6695,10.55,1.0
9,2026-05-16 18:02:31,0,q9,0,12,97,1371,6074,19545,17399,29,66,0,320,0,15,38275,0,0,0,144002542,2709643264,0,0,90,90,90,0,7389,7389,0,0,7389,90,14.26,1.37
10,2026-05-16 18:02:34,0,q10,0,13,92,1206,3025,14133,12350,50,81,0,368,0,778,596558,0,0,1543360552,51741636,1103797252,0,0,4321867,105,105,0,66532690,66532690,0,0,66532690,4321867,11.72,1.21
11,2026-05-16 18:02:36,0,q10a,0,10,91,884,1782,10342,8241,56,89,0,544,0,1395,154690,0,0,2060869584,51741636,1103797252,0,0,4289247,218,218,0,66497152,66497152,0,0,66497152,4289247,11.7,0.88
12,2026-05-16 18:02:38,0,q11,0,15,149,3278,9701,41294,34818,213,228,3,544,0,5108,36928978,0,0,21934987920,69954590,1697939744,0,0,1991424,1444,1444,0,124491512,124491512,0,0,124491512,1991424,12.6,3.28
13,2026-05-16 18:02:42,0,q12,0,5,22,530,478,4510,3896,33,31,0,0,0,45,3268117,0,0,571950832,7322088,283323164,0,0,27697,8,8,0,3648303,3648303,0,0,3648303,27697,8.51,0.53
14,2026-05-16 18:02:44,0,q13,0,9,36,1258,1319,16692,15500,18,23,0,128,0,13,1303376,0,0,622088352,29705309,858688536,0,0,1458,19,19,0,26198,26198,0,0,26198,1458,13.27,1.26
15,2026-05-16 18:02:46,0,q14a,0,30,262,7445,16154,92052,79782,348,389,0,1696,0,7639,1189316,0,0,10728855624,147620508,3763729120,0,0,62679141,731,731,0,833986164,833986164,0,0,830983384,62592617,12.36,7.44
16,2026-05-16 18:02:56,0,q14b,0,24,204,4871,11145,68209,62089,284,290,2,1488,0,3427,1189316,0,0,8255620336,126222977,2971058152,0,0,68418017,679,679,0,934409681,934409681,0,0,490514426,40910810,14.0,4.87
17,2026-05-16 18:03:02,0,q14,0,24,200,4044,9848,53061,49293,337,297,0,1040,0,2868,1162335,0,0,7179093520,126222977,2971058152,0,0,68308380,595,595,0,925556064,925556064,0,0,481660809,40801173,13.12,4.04
18,2026-05-16 18:03:07,0,q15,0,5,27,1206,1193,14615,13891,27,30,0,99,0,37,5019183,0,0,1030526304,15113541,480248888,0,0,1174,4,4,0,53826,53826,0,0,53826,1174,12.12,1.21
19,2026-05-16 18:03:09,0,q16,0,11,75,2402,6622,33923,29954,50,65,8,504,0,2546,186941,0,0,4812512112,30510756,1131123940,0,0,30124598,870,870,0,423308173,423308173,0,0,423308173,30124598,14.12,2.4
20,2026-05-16 18:03:13,0,q17,0,10,91,4707,11207,64740,59789,72,99,0,960,0,4359,6944746,0,0,7880912176,44770101,1289527996,0,0,45538041,1160,1160,0,1079464480,1079464480,0,0,1079464480,45538041,13.75,4.71
21,2026-05-16 18:03:19,0,q18,0,9,53,1231,1469,11803,10144,49,56,0,352,0,235,9716301,0,0,3669414416,19057141,711315376,0,0,57715,68,68,0,4945912,4945912,0,0,4945912,57715,9.59,1.23
22,2026-05-16 18:03:21,0,q18a,0,17,130,4097,12345,56736,51728,160,194,0,624,0,1387,9716387,0,0,16239163328,77283305,3292197064,0,0,65807,90,90,0,6176099,6176099,0,0,6176099,65807,13.85,4.1
23,2026-05-16 18:03:26,0,q19,0,7,31,707,681,6248,5741,27,31,0,0,0,62,5019183,0,0,1177435312,28379309,606515552,0,0,4376,5,5,0,308494,308494,0,0,308494,4376,8.84,0.71
24,2026-05-16 18:03:28,0,q20,0,5,24,501,456,4285,3869,30,29,0,0,0,51,3268117,0,0,649837392,14465541,509473692,0,0,40260,12,12,0,5209200,5209200,0,0,5209200,40260,8.55,0.5
25,2026-05-16 18:03:29,0,q21,0,8,34,5157,6914,55268,51058,24,32,0,1448,0,2470,94080,0,0,12845713576,133232010,765532980,0,0,133141860,190,190,0,1313136883,1313136883,0,0,1313136883,133141860,10.72,5.16
26,2026-05-16 18:03:36,0,q22,0,6,39,28984,28913,136996,133934,94,66,0,749,0,172,4629135,0,0,2072800152,133232010,745181988,0,0,1631476,153,153,0,68620295,68620295,0,0,68620295,1631476,4.73,28.98
27,2026-05-16 18:04:06,0,q22a,0,10,87,2886,3451,26892,24105,146,152,0,50,0,1947,4629135,0,0,8765073152,133232010,745388852,0,0,1428768,391,391,0,71242445,71242445,0,0,20136405,409288,9.32,2.89
28,2026-05-16 18:04:10,0,q23a,0,18,183,6967,14479,99450,92047,215,235,0,2109,0,6046,6575826,0,0,13198937680,106020544,2325301556,0,0,42450830,1196,1196,0,1030784978,1030784978,0,0,994746971,40085981,14.27,6.97
29,2026-05-16 18:04:18,0,q23b,0,21,209,6966,16095,101476,93545,308,311,0,918,0,6562,6575783,0,0,26174278816,106520544,2346429360,0,0,48143010,2482,2482,0,1128320782,1128320782,0,0,1007119317,40548463,14.57,6.97
30,2026-05-16 18:04:26,0,q24,0,8,63,3152,8736,42634,38882,57,58,3,880,0,2763,20636822,0,0,7068696000,32530235,871034256,0,0,29735885,578,578,0,704024556,704024556,0,0,704024556,29735885,13.53,3.15
31,2026-05-16 18:04:30,0,q24a,0,13,85,4392,8747,53628,50111,98,95,1,720,0,3049,18087253,0,0,16497845272,32632235,873581408,0,0,59478907,1188,1188,0,1408992810,1408992810,0,0,704968254,29743022,12.21,4.39
32,2026-05-16 18:04:36,0,q24b,0,13,85,3884,8092,46480,43093,98,98,1,233,0,3582,18087296,0,0,15891776752,32632235,873581408,0,0,59478765,1176,1176,0,1408969042,1408969042,0,0,704944486,29742880,11.97,3.88
33,2026-05-16 18:04:41,0,q25,0,10,91,4948,11497,69186,64579,71,94,0,1120,0,4726,6944746,0,0,7880887560,44770101,1402541108,0,0,45538038,1157,1157,0,1099708522,1099708522,0,0,1099708522,45538038,13.98,4.95
34,2026-05-16 18:04:47,0,q26,0,6,32,1049,1119,13502,12887,30,33,0,0,0,213,782379,0,0,703166184,16386841,624102108,0,0,39337,15,15,0,1605317,1605317,0,0,1605317,39337,12.87,1.05
35,2026-05-16 18:04:49,0,q27,0,7,35,981,999,11272,10340,34,40,0,288,0,319,782379,0,0,1456022384,29550109,741608524,0,0,59464,34,34,0,2395045,2395045,0,0,2395045,59464,11.49,0.98
36,2026-05-16 18:04:51,0,q27a,0,11,75,2238,5241,32121,29433,87,95,0,304,0,763,782379,0,0,1465085504,84666625,2172067148,0,0,61239,51,51,0,2627792,2627792,0,0,2627792,61239,14.35,2.24
37,2026-05-16 18:04:54,0,q28,0,18,123,2981,16590,44428,37475,100,132,0,864,0,4324,53176,0,0,7681078608,172802970,3511762416,0,0,704147,171,171,0,11397800,11397800,0,0,11397800,704147,14.9,2.98
38,2026-05-16 18:04:58,0,q29,0,11,92,4819,8476,66054,62408,65,97,1,1072,0,3984,6944789,0,0,7880995000,44790101,1291832004,0,0,45538045,1162,1162,0,1079465255,1079465255,0,0,1079465255,45538045,13.71,4.82
39,2026-05-16 18:05:04,0,q30,0,11,61,776,1628,6078,4780,91,88,0,0,0,1040,1992893,0,0,3053320632,2395518,516565384,0,0,756891,62,62,0,60329041,60329041,0,0,60329041,756891,7.83,0.78
40,2026-05-16 18:05:06,0,q31,0,19,116,1723,7942,23670,19840,139,153,0,416,0,827,3832889,0,0,3594578936,104431885,2300981856,0,0,59278,40,40,0,2089807,2089807,0,0,2023291,58379,13.74,1.72
41,2026-05-16 18:05:09,0,q32,0,7,41,896,1652,12802,12140,29,38,0,0,0,171,710182,0,0,180415096,28809082,991451332,0,0,167838,26,26,0,2270194,2270194,0,0,2270194,167838,14.29,0.9
42,2026-05-16 18:05:10,0,q33,0,9,62,1121,2367,14478,13424,71,88,0,0,0,157,889109,0,0,1112001560,49524836,1381931768,0,0,10900,12,12,0,299975,299975,0,0,299975,10900,12.92,1.12
43,2026-05-16 18:05:13,0,q34,0,8,30,733,948,8893,7852,26,34,2,256,0,218,16394969,0,0,406751880,28034509,476109360,0,0,20445,33,33,0,752749,752749,0,0,404096,10675,12.13,0.73
44,2026-05-16 18:05:14,0,q35,0,10,86,1361,2954,16926,13187,71,84,0,352,0,1762,23973725,0,0,8147275976,51741636,1103461380,0,0,6056607,483,483,0,16242855,16242855,0,0,16242855,6056607,12.44,1.36
45,2026-05-16 18:05:17,0,q35a,0,9,86,1206,1674,11964,9628,97,86,0,1070,0,1381,23973682,0,0,7365038568,51741636,1103461380,0,0,6053510,447,447,0,16207218,16207218,0,0,16207218,6053510,9.92,1.21
46,2026-05-16 18:05:19,0,q36,0,6,24,876,832,9657,8860,29,29,0,0,0,145,1857112,0,0,1416504176,27629309,663836680,0,0,2672,17,17,0,213306,213306,0,0,213306,2672,11.02,0.88
47,2026-05-16 18:05:21,0,q36a,0,9,29,1039,974,11125,10374,34,37,0,144,0,164,1857112,0,0,1955472048,27629309,663836680,0,0,7291,54,54,0,609921,609921,0,0,218135,2653,10.71,1.04
48,2026-05-16 18:05:23,0,q37,0,6,55,1407,2083,17644,16405,49,49,0,144,0,657,157657,0,0,880361848,147632425,1207887060,0,0,4316414,314,314,0,69743177,69743177,0,0,69743177,14400617,12.54,1.41
49,2026-05-16 18:05:26,0,q38,0,10,97,2377,5569,32055,26598,120,130,2,576,0,2872,12765592,0,0,9866774384,49570836,1075355416,0,0,1688094,661,661,0,45241997,45241997,0,0,45241997,1688094,13.49,2.38
50,2026-05-16 18:05:29,0,q39a,0,11,90,2182,3745,28922,26317,199,165,0,256,0,1058,802546,0,0,4211899344,266362010,1505525044,0,0,3607909,148,148,0,74539489,74539489,0,0,52721319,2587909,13.25,2.18
51,2026-05-16 18:05:32,0,q39b,0,11,90,1653,2833,20443,19461,155,171,0,208,0,434,520274,0,0,4113333200,266362010,1505525044,0,0,3571488,148,148,0,73340574,73340574,0,0,51522404,2551488,12.37,1.65
52,2026-05-16 18:05:35,0,q40,0,7,55,2000,4313,27650,24971,48,54,0,208,0,2159,174173,0,0,4141621464,15905433,770042316,0,0,15748014,578,578,0,311368182,311368182,0,0,311368182,15748014,13.82,2.0
53,2026-05-16 18:05:38,0,q41,0,4,6,162,130,142,125,7,7,0,0,0,7,12426,0,0,202903480,204000,8797088,0,0,140,2,2,0,9680,9680,0,0,9680,140,0.88,0.16
54,2026-05-16 18:05:39,0,q42,0,4,22,375,360,4406,4113,24,26,0,0,0,10,81948,0,0,379457640,27629207,557898744,0,0,44,4,4,0,3648,3648,0,0,3648,44,11.75,0.38
55,2026-05-16 18:05:41,0,q43,0,4,21,857,834,11684,10928,28,29,0,0,0,52,83496,0,0,109903832,27527309,474261408,0,0,336,16,16,0,42822,42822,0,0,42822,336,13.63,0.86
56,2026-05-16 18:05:43,0,q44,0,8,51,907,985,9448,8045,50,54,0,160,0,651,1663841,0,0,1588520232,57701322,1092193576,0,0,888138,208,208,0,11729535,11729535,0,0,5866365,444133,10.42,0.91
57,2026-05-16 18:05:45,0,q45,0,7,30,522,573,4729,4443,28,29,0,0,0,10,5019183,0,0,2009365456,8092088,305764116,0,0,29,5,5,0,2649,2649,0,0,2649,29,9.06,0.52
58,2026-05-16 18:05:46,0,q46,0,7,30,1101,1231,12875,11724,29,34,2,192,0,283,15301537,0,0,659091400,28284509,613687368,0,0,27956,17,17,0,1493333,1493333,0,0,1493333,27956,11.69,1.1
59,2026-05-16 18:05:48,0,q47,0,11,77,1721,2474,19627,16985,122,124,0,176,0,1738,2306610,0,0,6482903000,27629309,559056240,0,0,1590409,859,859,0,60519952,60519952,0,0,39087937,1023254,11.4,1.72
60,2026-05-16 18:05:51,0,q48,0,6,33,1522,1556,19774,18339,16,23,0,381,0,3,1323761,0,0,602298144,29698109,682742268,0,0,18,18,18,0,1058,1058,0,0,1058,18,12.99,1.52
61,2026-05-16 18:05:54,0,q49,0,18,160,2593,10393,38167,33961,98,154,0,880,0,3755,239215,0,0,5252720952,54107455,2427289576,0,0,15195842,122,122,0,338168684,338168684,0,0,338168684,15195842,14.72,2.59
62,2026-05-16 18:05:57,0,q50,0,7,55,2608,6059,35911,33540,45,59,0,432,0,2392,370352,0,0,4687124776,30377609,786346524,0,0,29262054,595,595,0,610128846,610128846,0,0,610128846,29262054,13.77,2.61
63,2026-05-16 18:06:01,0,q51,0,10,136,3252,4922,46543,41429,181,204,0,645,0,3990,299557,0,0,11015386880,34727295,813282156,0,0,23550796,1924,1924,0,399847488,399847488,0,0,399847488,23550796,14.31,3.25
64,2026-05-16 18:06:05,0,q51a,0,14,203,21423,25805,283297,269427,292,341,0,3171,0,5244,459272,0,0,28096160056,34727295,813282156,0,0,46681572,2859,2859,0,771163543,771163543,0,0,559064286,35219606,13.22,21.42
65,2026-05-16 18:06:28,0,q52,0,4,22,368,355,4113,3635,25,26,0,80,0,44,82636,0,0,379457640,27629207,558029816,0,0,1887,4,4,0,115048,115048,0,0,115048,1887,11.18,0.37
66,2026-05-16 18:06:29,0,q53,0,6,24,722,708,7901,7440,26,26,0,0,0,316,98616,0,0,200738576,27629309,559666544,0,0,25225,17,17,0,593664,593664,0,0,593664,25225,10.94,0.72
67,2026-05-16 18:06:31,0,q54,0,15,87,1554,5519,22112,19687,92,116,0,432,0,1644,5019183,0,0,2690143008,50035987,1263189040,0,0,26873287,321,321,0,251993832,251993832,0,0,251993832,26873287,14.23,1.55
68,2026-05-16 18:06:34,0,q55,0,4,22,454,438,5338,4935,22,26,0,0,0,47,82077,0,0,446566480,27629207,558029816,0,0,1905,5,5,0,114274,114274,0,0,114274,1905,11.76,0.45
69,2026-05-16 18:06:35,0,q56,0,9,62,838,1865,10475,9067,80,94,0,112,0,130,463898,0,0,1055688224,49524836,1382193912,0,0,9885,10,10,0,303094,303094,0,0,303094,9885,12.5,0.84
70,2026-05-16 18:06:37,0,q57,0,11,87,1468,2219,19647,14689,166,150,0,128,0,3024,2306610,0,0,7693701296,14465565,511515644,0,0,1720999,1085,1085,0,69174677,69174677,0,0,45947701,1131739,13.38,1.47
71,2026-05-16 18:06:40,0,q58,0,10,59,984,2217,11498,9996,69,82,0,105,0,93,782379,0,0,1417089136,49318934,1340186384,0,0,173007,7,7,0,2426497,2426497,0,0,2426497,173007,11.68,0.98
72,2026-05-16 18:06:42,0,q59,0,10,27,965,993,8485,7735,26,29,0,112,0,376,751663,0,0,1438681568,27620460,479424808,0,0,79764,38,38,0,2467734,2467734,0,0,1412944,58497,8.79,0.96
73,2026-05-16 18:06:44,0,q60,0,9,62,1044,2057,12842,11327,69,85,0,112,0,214,463898,0,0,1676360952,49524836,1382128376,0,0,71818,16,16,0,1401709,1401709,0,0,1401709,71818,12.3,1.04
74,2026-05-16 18:06:46,0,q61,0,10,51,1018,1701,12451,11496,16,29,0,112,0,5,5019183,0,0,1122073200,55887016,1246117972,0,0,36,36,36,0,2072,2072,0,0,2072,36,12.23,1.02
75,2026-05-16 18:06:48,0,q62,0,8,40,1167,1150,14872,13804,43,44,0,0,0,350,183690,0,0,2879317768,7220160,255516644,0,0,7198144,324,324,0,112421471,112421471,0,0,112421471,7198144,12.74,1.17
76,2026-05-16 18:06:50,0,q63,0,6,24,910,906,11819,11260,31,28,0,18,0,149,98616,0,0,200673040,27629309,559670640,0,0,5472,17,17,0,197943,197943,0,0,197943,5472,12.99,0.91
77,2026-05-16 18:06:52,0,q64,0,28,245,8007,29622,119367,108433,380,419,5,1609,0,7686,13538242,0,0,43247486824,49118817,1774517852,0,0,53587821,4090,4090,0,2130834696,2130834696,0,0,1984582100,50049189,14.91,8.01
78,2026-05-16 18:07:02,0,q65,0,10,93,1776,3294,25806,23518,158,143,1,199,0,1914,9163347,0,0,6830270912,55136516,1103563664,0,0,12053707,561,561,0,394360560,394360560,0,0,394360560,12053707,14.53,1.78
79,2026-05-16 18:07:04,0,q66,0,12,75,1534,2832,18496,15724,116,127,2,254,0,1196,169757,0,0,2706214264,21603659,873611500,0,0,4300004,69,69,0,133603187,133603187,0,0,133603187,4300004,12.06,1.53
80,2026-05-16 18:07:07,0,q67,0,6,40,6921,6867,81928,78687,64,65,0,1241,0,1390,4629135,0,0,7267753424,27629309,586560880,0,0,10124896,289,289,0,701298796,701298796,0,0,701298796,10124896,11.84,6.92
81,2026-05-16 18:07:15,0,q67a,0,14,183,10802,36401,145631,134755,333,375,0,1616,0,5454,4629135,0,0,27103724768,27629309,586560880,0,0,54552870,2600,2600,0,3538011866,3538011866,0,0,811768194,13109678,13.48,10.8
82,2026-05-16 18:07:27,0,q68,0,7,30,1147,1252,14645,13711,31,35,1,0,0,161,15301537,0,0,524003480,28284509,740171848,0,0,6174,16,16,0,460871,460871,0,0,460871,6174,12.77,1.15
83,2026-05-16 18:07:29,0,q69,0,11,81,992,2091,10237,8690,31,63,0,124,0,356,28676719,0,0,3801669616,51741636,1103600644,0,0,1902029,65,65,0,9509500,9509500,0,0,9509500,1902029,10.32,0.99
84,2026-05-16 18:07:31,0,q70,0,9,43,1056,1007,13022,12169,57,61,0,112,0,81,190654,0,0,1495011464,55034618,1000273064,0,0,269,34,34,0,15484,15484,0,0,15484,269,12.33,1.06
85,2026-05-16 18:07:33,0,q70a,0,12,48,1229,1123,13956,13011,63,66,0,96,0,84,189646,0,0,893128768,55034618,1000273064,0,0,312,71,71,0,20929,20929,0,0,11265,216,11.36,1.23
86,2026-05-16 18:07:36,0,q71,0,7,58,1100,1064,13396,11938,78,95,4,112,0,219,360932,0,0,937227208,49212836,1329864992,0,0,32235,31,31,0,1626141,1626141,0,0,983941,21123,12.18,1.1
87,2026-05-16 18:07:38,0,q72,0,15,124,17468,22327,237074,227978,137,169,1,2288,0,6071,6575826,0,0,19933730552,151090031,1585147464,0,0,142246513,2041,2041,0,2052783779,2052783779,0,0,2052783779,142246513,13.57,17.47
88,2026-05-16 18:07:56,0,q73,0,8,30,534,743,5959,5409,28,32,2,0,0,195,16394969,0,0,406153864,28034509,476109360,0,0,5455,33,33,0,276235,276235,0,0,138423,2732,11.16,0.53
89,2026-05-16 18:07:58,0,q74,0,13,133,2807,9197,38548,33110,186,189,18,496,0,4122,15491653,0,0,16184335400,69954590,1567842592,0,0,1778475,1151,1151,0,61603380,61603380,0,0,61603380,1778475,13.73,2.81
90,2026-05-16 18:08:02,0,q75,0,19,223,4966,18600,77473,64966,194,267,0,1872,0,7238,316496,0,0,11805162464,103281460,3563276792,0,0,14156496,1612,1612,0,332581052,332581052,0,0,226037329,9118708,15.6,4.97
91,2026-05-16 18:08:08,0,q76,0,4,55,1669,1633,24712,22863,65,82,0,176,0,401,917299,0,0,4002530168,48287050,1395537536,0,0,3731,51,51,0,357657,357657,0,0,357657,3731,14.81,1.67
92,2026-05-16 18:08:11,0,q77,0,15,111,1471,7729,20505,18156,71,115,0,176,0,160,95252,0,0,1504765576,53976030,2133018128,0,0,172524,50,50,0,2322185,2322185,0,0,2322185,172524,13.94,1.47
93,2026-05-16 18:08:13,0,q77a,0,17,114,1271,5005,15841,13559,130,150,0,352,0,152,87192,0,0,1677826968,53976030,2133018128,0,0,1762,48,48,0,147189,147189,0,0,105693,1432,12.46,1.27
94,2026-05-16 18:08:16,0,q78,0,12,169,7995,26631,122527,112339,197,223,0,1760,0,8438,409436,0,0,21320052176,54108624,2237514504,0,0,62125308,2550,2550,0,1814219610,1814219610,0,0,1814219610,62125308,15.33,8.0
95,2026-05-16 18:08:25,0,q79,0,7,31,959,1148,11940,10805,31,34,1,90,0,301,12765592,0,0,1520370944,28034509,607783536,0,0,80466,54,54,0,3237733,3237733,0,0,3237733,80466,12.45,0.96
96,2026-05-16 18:08:27,0,q80,0,17,161,7760,29780,120244,111332,118,181,0,2144,0,7441,188496,0,0,14185165104,54223268,2379167728,0,0,53052375,1737,1737,0,1564177600,1564177600,0,0,1564177600,53052375,15.5,7.76
97,2026-05-16 18:08:36,0,q80a,0,20,166,7269,25096,111128,103237,123,192,0,2256,0,7083,188496,0,0,14657024136,54223268,2379167728,0,0,53053332,1748,1748,0,1564293212,1564293212,0,0,1564190462,53052306,15.29,7.27
98,2026-05-16 18:08:44,0,q81,0,11,56,834,1579,8811,7343,66,66,3,144,0,867,20721999,0,0,3979685040,3899764,548093072,0,0,808731,131,131,0,13556730,13556730,0,0,13556730,808731,10.56,0.83
99,2026-05-16 18:08:46,0,q82,0,6,56,1519,2678,18597,16761,51,52,0,852,0,650,158044,0,0,1652122344,162032501,1238672880,0,0,13778665,346,346,0,133285994,133285994,0,0,133285994,28800829,12.24,1.52
100,2026-05-16 18:08:49,0,q83,0,10,56,604,1223,6284,4977,58,73,0,315,0,339,782379,0,0,1381402608,5226039,725480728,0,0,43744,16,16,0,780733,780733,0,0,780733,43744,10.4,0.6
101,2026-05-16 18:08:50,0,q84,0,9,52,729,1119,4762,4104,37,44,0,352,0,430,9716387,0,0,529996992,5555652,266773736,0,0,2778834,30,30,0,14633286,14633286,0,0,14633286,2778834,6.53,0.73
102,2026-05-16 18:08:52,0,q85,0,10,75,1459,4123,14878,11719,65,79,6,1276,0,1127,16954114,0,0,8635287000,12032207,623582596,0,0,915638,551,551,0,35144327,35144327,0,0,35144327,915638,10.2,1.46
103,2026-05-16 18:08:55,0,q86,0,5,21,558,514,6285,5621,23,23,0,120,0,125,1857112,0,0,1309470056,7322088,276921288,0,0,2485,16,16,0,179211,179211,0,0,179211,2485,11.26,0.56
104,2026-05-16 18:08:56,0,q86a,0,8,26,578,524,5714,5089,26,30,0,158,0,170,1857155,0,0,1915546640,7322088,276921288,0,0,7099,54,54,0,544610,544610,0,0,195540,2589,9.89,0.58
105,2026-05-16 18:08:58,0,q87,0,10,97,2100,4918,27735,23387,112,125,1,448,0,3110,12765592,0,0,9866774384,49570836,1075355416,0,0,1688094,661,661,0,45241997,45241997,0,0,45241997,1688094,13.21,2.1
106,2026-05-16 18:09:01,0,q88,0,26,162,2743,18236,41323,38316,21,96,0,848,0,18,42073,0,0,463457664,230611310,3534439280,0,0,144,144,144,0,8495,8495,0,0,8495,144,15.06,2.74
107,2026-05-16 18:09:05,0,q89,0,6,24,721,697,7913,6722,28,29,0,0,0,650,108570,0,0,1274610944,27629309,559396208,0,0,24922,17,17,0,1525398,1525398,0,0,1525398,24922,10.98,0.72
108,2026-05-16 18:09:07,0,q90,0,8,38,425,600,5848,5376,14,19,0,78,0,15,38053,0,0,103596544,14447576,498975996,0,0,32,32,32,0,1888,1888,0,0,1888,32,13.76,0.42
109,2026-05-16 18:09:08,0,q91,0,10,40,441,475,3276,2922,33,39,0,0,0,6,9531965,0,0,1093109944,4137906,310769080,0,0,49,7,7,0,7077,7077,0,0,4444,32,7.43,0.44
110,2026-05-16 18:09:10,0,q92,0,7,39,809,1494,11934,11162,22,31,0,0,0,276,709477,0,0,178103200,14522176,550383884,0,0,157511,29,29,0,2215693,2215693,0,0,2215693,157511,14.75,0.81
111,2026-05-16 18:09:12,0,q93,0,5,53,4102,6329,53674,50643,46,51,0,688,0,3257,143973,0,0,5766380072,31678178,800059272,0,0,31635854,595,595,0,783850051,783850051,0,0,783850051,31635854,13.08,4.1
112,2026-05-16 18:09:17,0,q94,0,8,70,1514,4741,21904,19189,52,64,0,576,0,1556,3809010,0,0,3571011840,15390492,714493020,0,0,14397040,561,561,0,222652012,222652012,0,0,222652012,14397040,14.47,1.51
113,2026-05-16 18:09:19,0,q95,0,8,70,3730,6117,55146,47474,60,71,0,1551,0,1303,3809906,0,0,14560086280,15390492,771287904,0,0,35990240,1377,1377,0,327372603,327372603,0,0,201776532,14395274,14.78,3.73
114,2026-05-16 18:09:24,0,q96,0,5,22,455,453,5098,4758,8,10,0,112,0,2,42245,0,0,57485232,28827803,443601936,0,0,18,18,18,0,1062,1062,0,0,1062,18,11.2,0.46
115,2026-05-16 18:09:26,0,q97,0,5,54,1951,2541,27059,24562,64,69,0,448,0,694,160565,0,0,7393609480,41870748,938312528,0,0,8381511,544,544,0,97702931,97702931,0,0,97702931,8381511,13.87,1.95
116,2026-05-16 18:09:29,0,q98,0,7,29,810,734,5408,4990,35,36,1,12,0,68,3268117,0,0,930099048,27629207,566639608,0,0,79963,22,22,0,10269191,10269191,0,0,8416966,64799,6.68,0.81
117,2026-05-16 18:09:30,0,q99,0,6,22,761,751,9793,9162,22,25,0,0,0,223,107532,0,0,143187720,14420479,474236772,0,0,11520,16,16,0,926824,926824,0,0,926824,11520,12.87,0.76
118,2026-05-16 18:09:32,1,q1,0,10,66,757,1278,8917,7227,224,73,0,153,0,1488,5073369,0,0,4213163072,6074604,532072376,0,0,1616534,294,294,0,25958896,25958896,0,0,25958896,1616534,11.78,0.76
119,2026-05-16 18:09:34,1,q2,0,9,41,812,751,9965,9184,41,49,0,0,0,195,751663,0,0,440945584,21656678,697627440,0,0,5386,101,101,0,240223,240223,0,0,89939,3714,12.27,0.81
120,2026-05-16 18:09:36,1,q3,0,4,22,548,536,6623,5886,24,25,0,368,0,83,83539,0,0,114704360,27682256,558038008,0,0,1541,11,11,0,116938,116938,0,0,116938,1541,12.09,0.55
121,2026-05-16 18:09:37,1,q4,0,19,220,5992,29935,84204,73604,370,390,34,2679,0,6727,36928978,0,0,33856292464,98641672,3306594720,0,0,3073029,2635,2635,0,203896634,203896634,0,0,203896634,3073029,14.05,5.99
122,2026-05-16 18:09:45,1,q5,0,11,140,2861,6133,43462,38388,154,190,0,1024,0,2140,316216,0,0,3287095736,61187960,2414022388,0,0,7890322,575,575,0,113520705,113520705,0,0,113520705,7890322,15.19,2.86
123,2026-05-16 18:09:49,1,q5a,0,14,145,2728,5504,39433,34915,145,194,0,528,0,1847,315528,0,0,3826063608,61187960,2414022388,0,0,7892324,588,588,0,113700754,113700754,0,0,113567508,7890500,14.45,2.73
124,2026-05-16 18:09:52,1,q6,0,11,52,1659,3419,22469,19830,52,56,0,544,0,1185,2111032,0,0,5012926032,28554256,516726208,0,0,27358702,342,342,0,236773792,236773792,0,0,236773792,27358702,13.54,1.66
125,2026-05-16 18:09:55,1,q7,0,7,35,1131,1155,15011,14171,38,38,0,0,0,240,782379,0,0,1254229176,29550507,766897708,0,0,72652,34,34,0,2706855,2706855,0,0,2706855,72652,13.27,1.13
126,2026-05-16 18:09:57,1,q8,0,10,34,1286,1233,14911,14312,43,47,0,0,0,28,2361205,0,0,1634323840,28527309,515660200,0,0,6695,9,9,0,81675,81675,0,0,81675,6695,11.59,1.29
127,2026-05-16 18:10:00,1,q9,0,11,96,1389,6343,20136,17822,27,64,0,1232,0,13,38662,0,0,0,144002542,2709643264,0,0,90,90,90,0,7389,7389,0,0,7389,90,14.5,1.39
128,2026-05-16 18:10:02,1,q10,0,13,92,990,2550,11307,9724,41,80,0,256,0,1248,596558,0,0,1543360552,51741636,1103797252,0,0,4321867,105,105,0,66532690,66532690,0,0,66532690,4321867,11.42,0.99
129,2026-05-16 18:10:04,1,q10a,0,10,91,792,1620,8836,8215,60,88,0,0,0,769,154690,0,0,2060869584,51741636,1103797252,0,0,4289247,218,218,0,66497152,66497152,0,0,66497152,4289247,11.16,0.79
130,2026-05-16 18:10:06,1,q11,0,15,149,3186,9544,40371,34776,212,220,3,672,0,4581,36928978,0,0,21934987920,69954590,1697939744,0,0,1991424,1444,1444,0,124491512,124491512,0,0,124491512,1991424,12.67,3.19
131,2026-05-16 18:10:10,1,q12,0,5,22,567,525,5440,5071,25,24,0,0,0,47,3268117,0,0,571950832,7322088,283323164,0,0,27697,8,8,0,3648303,3648303,0,0,3648303,27697,9.59,0.57
132,2026-05-16 18:10:12,1,q13,0,7,34,1551,1633,20844,19943,16,21,0,0,0,2,1303376,0,0,622088352,29705309,858688536,0,0,18,18,18,0,1360,1360,0,0,1360,18,13.44,1.55
133,2026-05-16 18:10:15,1,q14a,0,30,262,7088,16683,88249,78255,308,361,0,1792,0,6627,1189316,0,0,10728855624,147620508,3763729120,0,0,62679141,731,731,0,833986164,833986164,0,0,830983384,62592617,12.45,7.09
134,2026-05-16 18:10:24,1,q14b,0,24,204,5132,10416,72072,66255,282,280,0,1040,0,3441,1189316,0,0,8255620336,126222977,2971058152,0,0,68418017,679,679,0,934409681,934409681,0,0,490514426,40910810,14.04,5.13
135,2026-05-16 18:10:30,1,q14,0,24,200,3897,9553,51779,48273,245,272,0,901,0,3192,1162249,0,0,7179093520,126222977,2971058152,0,0,68308380,595,595,0,925556064,925556064,0,0,481660809,40801173,13.29,3.9
136,2026-05-16 18:10:35,1,q15,0,5,27,1142,1117,13949,13362,24,29,0,0,0,36,5019183,0,0,1030526304,15113541,480248888,0,0,1174,4,4,0,53826,53826,0,0,53826,1174,12.21,1.14
137,2026-05-16 18:10:37,1,q16,0,8,72,2319,5900,33773,30804,60,69,0,656,0,2454,216469,0,0,4703921456,30510756,1131123940,0,0,30114572,867,867,0,423119726,423119726,0,0,423119726,30114572,14.56,2.32
138,2026-05-16 18:10:41,1,q17,0,10,91,4876,11285,65940,62759,68,96,1,208,0,4326,6944789,0,0,7880912176,44770101,1289527996,0,0,45538041,1160,1160,0,1079464480,1079464480,0,0,1079464480,45538041,13.52,4.88
139,2026-05-16 18:10:47,1,q18,0,9,53,1199,1181,11438,10054,48,53,0,240,0,249,9716301,0,0,3669414416,19057141,711315376,0,0,57715,68,68,0,4945912,4945912,0,0,4945912,57715,9.54,1.2
140,2026-05-16 18:10:49,1,q18a,0,17,130,4376,13687,61304,55874,170,188,2,976,0,1560,9716817,0,0,16239163328,77283305,3292197064,0,0,65807,90,90,0,6176099,6176099,0,0,6176099,65807,14.01,4.38
141,2026-05-16 18:10:54,1,q19,0,7,31,661,647,7070,6575,32,34,0,150,0,68,5019183,0,0,1177435312,28379309,606515552,0,0,4376,5,5,0,308494,308494,0,0,308494,4376,10.7,0.66
142,2026-05-16 18:10:56,1,q20,0,5,24,495,452,4154,3516,26,29,0,249,0,54,3268117,0,0,649837392,14465541,509473692,0,0,40260,12,12,0,5209200,5209200,0,0,5209200,40260,8.39,0.5
143,2026-05-16 18:10:58,1,q21,0,6,24,1076,1064,11990,11048,41,30,0,416,0,45,92435,0,0,466625832,133232010,765532980,0,0,127600,10,10,0,2502845,2502845,0,0,2502845,127600,11.14,1.08
144,2026-05-16 18:11:00,1,q22,0,6,39,28790,28747,136586,134768,90,63,0,901,0,171,4629135,0,0,2072800152,133232010,745181988,0,0,1631476,153,153,0,68620295,68620295,0,0,68620295,1631476,4.74,28.79
145,2026-05-16 18:11:30,1,q22a,0,10,87,2544,3065,21754,19024,144,153,0,143,0,2110,4629135,0,0,8765073152,133232010,745388852,0,0,1428768,391,391,0,71242445,71242445,0,0,20136405,409288,8.55,2.54
146,2026-05-16 18:11:33,1,q23a,0,18,183,6793,14218,97227,90890,222,227,0,1080,0,6281,6575826,0,0,13198937680,106020544,2325301556,0,0,42450830,1196,1196,0,1030784978,1030784978,0,0,994746971,40085981,14.31,6.79
147,2026-05-16 18:11:41,1,q23b,0,21,209,6843,15286,98031,91016,288,303,0,1226,0,6140,6575783,0,0,26174278816,106520544,2346429360,0,0,48143010,2482,2482,0,1128320782,1128320782,0,0,1007119317,40548463,14.33,6.84
148,2026-05-16 18:11:49,1,q24,0,8,63,2948,8619,40140,36761,39,57,2,352,0,3392,20636822,0,0,7068696000,32530235,871034256,0,0,29735885,578,578,0,704024556,704024556,0,0,704024556,29735885,13.62,2.95
149,2026-05-16 18:11:53,1,q24a,0,13,85,4530,8712,56773,54126,97,95,1,112,0,3096,18087253,0,0,16497845272,32632235,873581408,0,0,59478907,1188,1188,0,1408992810,1408992810,0,0,704968254,29743022,12.53,4.53
150,2026-05-16 18:11:59,1,q24b,0,13,85,3912,8136,45991,44545,96,95,1,352,0,2534,18087253,0,0,15891776752,32632235,873581408,0,0,59478765,1176,1176,0,1408969042,1408969042,0,0,704944486,29742880,11.76,3.91
151,2026-05-16 18:12:04,1,q25,0,10,91,4980,12017,68297,64183,66,92,1,656,0,4572,6944789,0,0,7880887560,44770101,1402541108,0,0,45538038,1157,1157,0,1099708522,1099708522,0,0,1099708522,45538038,13.71,4.98
152,2026-05-16 18:12:10,1,q26,0,6,32,1120,1150,14308,13645,32,35,0,0,0,210,782422,0,0,703166184,16386841,624102108,0,0,39337,15,15,0,1605317,1605317,0,0,1605317,39337,12.78,1.12
153,2026-05-16 18:12:12,1,q27,0,7,35,1131,1184,13702,12591,35,40,0,160,0,247,782379,0,0,1456022384,29550109,741608524,0,0,59464,34,34,0,2395045,2395045,0,0,2395045,59464,12.11,1.13
154,2026-05-16 18:12:14,1,q27a,0,11,75,2487,4933,36113,34219,66,86,2,160,0,583,782379,0,0,1465085504,84666625,2172067148,0,0,61239,51,51,0,2627792,2627792,0,0,2627792,61239,14.52,2.49
155,2026-05-16 18:12:18,1,q28,0,18,123,2743,15334,41137,35999,101,132,0,208,0,4518,52961,0,0,7681078608,172802970,3511762416,0,0,704147,171,171,0,11397800,11397800,0,0,11397800,704147,15.0,2.74
156,2026-05-16 18:12:21,1,q29,0,11,92,4820,12172,65082,61855,63,89,1,336,0,4583,6944789,0,0,7880995000,44790101,1291832004,0,0,45538045,1162,1162,0,1079465255,1079465255,0,0,1079465255,45538045,13.5,4.82
157,2026-05-16 18:12:27,1,q30,0,11,61,795,1678,6270,4611,95,89,0,192,0,1529,1992893,0,0,3053320632,2395518,516565384,0,0,756891,62,62,0,60329041,60329041,0,0,60329041,756891,7.89,0.8
158,2026-05-16 18:12:29,1,q31,0,19,116,1622,7399,22027,19128,125,151,0,208,0,955,3832889,0,0,3594578936,104431885,2300981856,0,0,59278,40,40,0,2089807,2089807,0,0,2023291,58379,13.58,1.62
159,2026-05-16 18:12:32,1,q32,0,7,41,876,1620,12549,11814,27,37,0,0,0,158,710182,0,0,180415096,28809082,991451332,0,0,167838,26,26,0,2270194,2270194,0,0,2270194,167838,14.33,0.88
160,2026-05-16 18:12:34,1,q33,0,9,62,1176,2243,15020,13975,69,83,0,208,0,184,889109,0,0,1112001560,49524836,1381931768,0,0,10900,12,12,0,299975,299975,0,0,299975,10900,12.77,1.18
161,2026-05-16 18:12:36,1,q34,0,8,30,756,959,9492,8830,29,33,2,0,0,213,16394969,0,0,406751880,28034509,476109360,0,0,20445,33,33,0,752749,752749,0,0,404096,10675,12.56,0.76
162,2026-05-16 18:12:38,1,q35,0,10,86,1233,2655,15180,12656,53,82,0,304,0,1534,23973854,0,0,8147275976,51741636,1103461380,0,0,6056607,483,483,0,16242855,16242855,0,0,16242855,6056607,12.31,1.23
163,2026-05-16 18:12:40,1,q35a,0,9,86,1121,1652,10633,8651,67,88,0,190,0,1524,23973768,0,0,7365038568,51741636,1103461380,0,0,6053510,447,447,0,16207218,16207218,0,0,16207218,6053510,9.49,1.12
164,2026-05-16 18:12:42,1,q36,0,6,24,841,804,9242,8608,30,29,0,0,0,143,1857112,0,0,1416504176,27629309,663836680,0,0,2672,17,17,0,213306,213306,0,0,213306,2672,10.99,0.84
165,2026-05-16 18:12:44,1,q36a,0,9,29,903,843,10087,9558,35,36,0,0,0,153,1857112,0,0,1955472048,27629309,663836680,0,0,7291,54,54,0,609921,609921,0,0,218135,2653,11.17,0.9
166,2026-05-16 18:12:46,1,q37,0,6,55,1170,1866,14489,13212,44,51,0,448,0,712,157657,0,0,880361848,147632425,1207887060,0,0,4316414,314,314,0,69743177,69743177,0,0,69743177,14400617,12.38,1.17
167,2026-05-16 18:12:48,1,q38,0,10,97,1785,3980,22795,18744,118,123,1,208,0,2922,12765592,0,0,9866774384,49570836,1075355416,0,0,1688094,661,661,0,45241997,45241997,0,0,45241997,1688094,12.77,1.78
168,2026-05-16 18:12:51,1,q39a,0,11,90,2126,3634,27746,25682,193,165,0,224,0,909,802546,0,0,4211899344,266362010,1505525044,0,0,3607909,148,148,0,74539489,74539489,0,0,52721319,2587909,13.05,2.13
169,2026-05-16 18:12:54,1,q39b,0,11,90,1610,2864,20368,19647,151,170,0,108,0,436,520274,0,0,4113333200,266362010,1505525044,0,0,3571488,148,148,0,73340574,73340574,0,0,51522404,2551488,12.65,1.61
170,2026-05-16 18:12:57,1,q40,0,7,55,1698,4241,23586,21725,45,54,0,0,0,2092,173485,0,0,4141621464,15905433,770042316,0,0,15748014,578,578,0,311368182,311368182,0,0,311368182,15748014,13.89,1.7
171,2026-05-16 18:13:00,1,q41,0,4,6,155,126,137,120,7,6,0,0,0,7,12426,0,0,202903480,204000,8797088,0,0,140,2,2,0,9680,9680,0,0,9680,140,0.88,0.16
172,2026-05-16 18:13:01,1,q42,0,4,22,414,402,4779,4165,22,25,0,208,0,9,82636,0,0,379457640,27629207,557898744,0,0,44,4,4,0,3648,3648,0,0,3648,44,11.54,0.41
173,2026-05-16 18:13:02,1,q43,0,4,21,520,498,6612,6024,29,29,0,0,0,55,83496,0,0,109903832,27527309,474261408,0,0,336,16,16,0,42822,42822,0,0,42822,336,12.72,0.52
174,2026-05-16 18:13:04,1,q44,0,8,51,846,907,8842,8029,51,54,0,0,0,625,1663841,0,0,1588520232,57701322,1092193576,0,0,888138,208,208,0,11729535,11729535,0,0,5866365,444133,10.45,0.85
175,2026-05-16 18:13:06,1,q45,0,7,30,657,697,6053,5627,26,29,0,192,0,10,5019183,0,0,2009365456,8092088,305764116,0,0,29,5,5,0,2649,2649,0,0,2649,29,9.21,0.66
176,2026-05-16 18:13:08,1,q46,0,7,30,886,1019,9623,8593,30,33,2,0,0,377,15301537,0,0,659091400,28284509,613687368,0,0,27956,17,17,0,1493333,1493333,0,0,1493333,27956,10.86,0.89
177,2026-05-16 18:13:09,1,q47,0,11,77,1752,2414,20518,18108,129,123,0,12,0,1683,2306610,0,0,6482903000,27629309,559056240,0,0,1590409,859,859,0,60519952,60519952,0,0,39087937,1023254,11.71,1.75
178,2026-05-16 18:13:12,1,q48,0,6,33,1501,1546,19736,18751,17,24,0,202,0,4,1323761,0,0,602298144,29698109,682742268,0,0,18,18,18,0,1058,1058,0,0,1058,18,13.15,1.5
179,2026-05-16 18:13:15,1,q49,0,18,160,2633,10194,39152,35574,87,143,0,448,0,3827,239215,0,0,5252720952,54107455,2427289576,0,0,15195842,122,122,0,338168684,338168684,0,0,338168684,15195842,14.87,2.63
180,2026-05-16 18:13:19,1,q50,0,7,55,2583,5878,35007,32311,50,56,0,384,0,2654,370352,0,0,4687124776,30377609,786346524,0,0,29262054,595,595,0,610128846,610128846,0,0,610128846,29262054,13.55,2.58
181,2026-05-16 18:13:22,1,q51,0,10,136,2876,4164,40339,36127,276,202,0,496,0,4150,299557,0,0,11015386880,34727295,813282156,0,0,23550796,1924,1924,0,399847488,399847488,0,0,399847488,23550796,14.03,2.88
182,2026-05-16 18:13:26,1,q51a,0,14,203,20982,24830,276833,265918,296,337,0,2983,0,4891,459272,0,0,28096160056,34727295,813282156,0,0,46681572,2859,2859,0,771163543,771163543,0,0,559064286,35219606,13.19,20.98
183,2026-05-16 18:13:48,1,q52,0,4,22,406,394,4942,4579,22,26,0,0,0,44,81948,0,0,379457640,27629207,558029816,0,0,1887,4,4,0,115048,115048,0,0,115048,1887,12.17,0.41
184,2026-05-16 18:13:50,1,q53,0,6,24,569,551,5751,5290,35,30,0,80,0,305,99304,0,0,200738576,27629309,559666544,0,0,25225,17,17,0,593664,593664,0,0,593664,25225,10.11,0.57
185,2026-05-16 18:13:51,1,q54,0,15,87,1743,6039,23186,21340,102,110,0,96,0,1470,5019183,0,0,2690143008,50035987,1263189040,0,0,26873287,321,321,0,251993832,251993832,0,0,251993832,26873287,13.3,1.74
186,2026-05-16 18:13:54,1,q55,0,4,22,394,381,4691,4408,21,23,0,0,0,53,82077,0,0,446566480,27629207,558029816,0,0,1905,5,5,0,114274,114274,0,0,114274,1905,11.91,0.39
187,2026-05-16 18:13:56,1,q56,0,9,62,1230,2523,14835,13630,66,82,0,112,0,124,463898,0,0,1055688224,49524836,1382193912,0,0,9885,10,10,0,303094,303094,0,0,303094,9885,12.06,1.23
188,2026-05-16 18:13:58,1,q57,0,11,87,1492,2317,19678,15680,152,142,0,0,0,2547,2306610,0,0,7693701296,14465565,511515644,0,0,1720999,1085,1085,0,69174677,69174677,0,0,45947701,1131739,13.19,1.49
189,2026-05-16 18:14:00,1,q58,0,10,59,937,2079,10463,9214,59,75,0,144,0,105,782379,0,0,1417089136,49318934,1340186384,0,0,173007,7,7,0,2426497,2426497,0,0,2426497,173007,11.17,0.94
190,2026-05-16 18:14:02,1,q59,0,10,27,900,933,7751,7025,25,27,6,78,0,603,751663,0,0,1438681568,27620460,479424808,0,0,79764,38,38,0,2467734,2467734,0,0,1412944,58497,8.61,0.9
191,2026-05-16 18:14:04,1,q60,0,9,62,1038,2195,12428,11364,75,89,0,0,0,218,463898,0,0,1676360952,49524836,1382128376,0,0,71818,16,16,0,1401709,1401709,0,0,1401709,71818,11.97,1.04
192,2026-05-16 18:14:07,1,q61,0,10,51,1013,1512,12262,11446,16,29,0,128,0,5,5019183,0,0,1122073200,55887016,1246117972,0,0,36,36,36,0,2072,2072,0,0,2072,36,12.1,1.01
193,2026-05-16 18:14:09,1,q62,0,6,21,387,377,4433,3855,26,26,0,0,0,245,101328,0,0,138730216,7220160,255516644,0,0,6720,16,16,0,573858,573858,0,0,573858,6720,11.45,0.39
194,2026-05-16 18:14:10,1,q63,0,6,24,543,525,5531,5074,26,28,0,0,0,176,98616,0,0,200673040,27629309,559670640,0,0,5472,17,17,0,197943,197943,0,0,197943,5472,10.19,0.54
195,2026-05-16 18:14:12,1,q64,0,23,172,7139,32940,106783,98960,177,220,2,720,0,7833,13538242,0,0,35316849912,49118817,1774517852,0,0,52026303,2753,2753,0,1941744354,1941744354,0,0,1795539375,48487731,14.96,7.14
196,2026-05-16 18:14:20,1,q65,0,10,93,1689,3184,24336,22565,143,147,11,160,0,1519,9163347,0,0,6830270912,55136516,1103563664,0,0,12053707,561,561,0,394360560,394360560,0,0,394360560,12053707,14.41,1.69
197,2026-05-16 18:14:23,1,q66,0,8,40,1497,2025,18375,15400,92,89,0,165,0,118,147441,0,0,2706214264,21603659,873611500,0,0,350,35,35,0,133208,133208,0,0,133208,350,12.27,1.5
198,2026-05-16 18:14:25,1,q67,0,6,40,6753,6699,78435,75043,76,65,0,1307,0,1305,4629135,0,0,7267753424,27629309,586560880,0,0,10124896,289,289,0,701298796,701298796,0,0,701298796,10124896,11.61,6.75
199,2026-05-16 18:14:33,1,q67a,0,14,183,10897,37000,148706,138516,353,369,0,1690,0,5284,4629135,0,0,27103724768,27629309,586560880,0,0,54552870,2600,2600,0,3538011866,3538011866,0,0,811768194,13109678,13.65,10.9
200,2026-05-16 18:14:45,1,q68,0,7,30,920,1043,10562,9657,30,34,2,112,0,177,15301537,0,0,524003480,28284509,740171848,0,0,6174,16,16,0,460871,460871,0,0,460871,6174,11.48,0.92
201,2026-05-16 18:14:47,1,q69,0,11,81,1067,2758,11375,9801,41,68,0,0,0,461,28676332,0,0,3801669616,51741636,1103600644,0,0,1902029,65,65,0,9509500,9509500,0,0,9509500,1902029,10.66,1.07
202,2026-05-16 18:14:49,1,q70,0,9,43,1079,1021,13179,12176,59,62,0,128,0,81,189966,0,0,1495011464,55034618,1000273064,0,0,269,34,34,0,15484,15484,0,0,15484,269,12.21,1.08
203,2026-05-16 18:14:52,1,q70a,0,12,48,1000,895,10454,9733,62,67,0,112,0,81,189646,0,0,893128768,55034618,1000273064,0,0,312,71,71,0,20929,20929,0,0,11265,216,10.45,1.0
204,2026-05-16 18:14:54,1,q71,0,7,58,974,942,12058,11120,78,93,0,0,0,193,360932,0,0,937227208,49212836,1329864992,0,0,32235,31,31,0,1626141,1626141,0,0,983941,21123,12.38,0.97
205,2026-05-16 18:14:56,1,q72,0,15,124,16965,21800,229878,221896,153,164,0,1952,0,6000,6575869,0,0,19933730552,151090031,1585147464,0,0,142246513,2041,2041,0,2052783779,2052783779,0,0,2052783779,142246513,13.55,16.96
206,2026-05-16 18:15:14,1,q73,0,8,30,562,779,6671,6050,31,32,2,0,0,167,16394969,0,0,406153864,28034509,476109360,0,0,5455,33,33,0,276235,276235,0,0,138423,2732,11.87,0.56
207,2026-05-16 18:15:15,1,q74,0,13,133,2816,9350,38796,33218,165,187,1,512,0,4125,15491653,0,0,16184335400,69954590,1567842592,0,0,1778475,1151,1151,0,61603380,61603380,0,0,61603380,1778475,13.78,2.82
208,2026-05-16 18:15:19,1,q75,0,19,223,4884,18168,76015,65908,180,268,0,1808,0,6840,316496,0,0,11805162464,103281460,3563276792,0,0,14156496,1612,1612,0,332581029,332581029,0,0,226037306,9118708,15.56,4.88
209,2026-05-16 18:15:25,1,q76,0,4,55,1697,1666,25348,23928,68,81,3,0,0,383,917299,0,0,4002530168,48287050,1395537536,0,0,3731,51,51,0,357657,357657,0,0,357657,3731,14.94,1.7
210,2026-05-16 18:15:28,1,q77,0,14,109,1577,7136,22826,20683,113,135,0,144,0,141,81948,0,0,1071750256,53976030,2133018128,0,0,1637,39,39,0,110579,110579,0,0,110579,1637,14.47,1.58
211,2026-05-16 18:15:31,1,q77a,0,17,114,1407,5623,18081,16236,111,138,0,192,0,123,87192,0,0,1677826968,53976030,2133018128,0,0,1762,48,48,0,147189,147189,0,0,105693,1432,12.85,1.41
212,2026-05-16 18:15:33,1,q78,0,12,169,7685,25302,116616,107350,166,214,0,1152,0,8563,409436,0,0,21320052176,54108624,2237514504,0,0,62125308,2550,2550,0,1814219610,1814219610,0,0,1814219610,62125308,15.17,7.68
213,2026-05-16 18:15:42,1,q79,0,7,31,919,1071,11417,10627,36,39,1,0,0,367,12765592,0,0,1520370944,28034509,607783536,0,0,80466,54,54,0,3237733,3237733,0,0,3237733,80466,12.42,0.92
214,2026-05-16 18:15:44,1,q80,0,17,161,7647,35576,118141,110425,107,181,0,1232,0,7257,188453,0,0,14185165104,54223268,2379167728,0,0,53052375,1737,1737,0,1564177600,1564177600,0,0,1564177600,53052375,15.45,7.65
215,2026-05-16 18:15:53,1,q80a,0,20,166,7117,23867,108606,103176,126,188,0,1046,0,6519,188453,0,0,14657024136,54223268,2379167728,0,0,53053332,1748,1748,0,1564293212,1564293212,0,0,1564190462,53052306,15.26,7.12
216,2026-05-16 18:16:01,1,q81,0,11,56,819,1602,8953,7492,59,64,2,0,0,1282,20721956,0,0,3979685040,3899764,548093072,0,0,808731,131,131,0,13556730,13556730,0,0,13556730,808731,10.93,0.82
217,2026-05-16 18:16:03,1,q82,0,6,56,1547,2723,19571,17490,50,52,0,384,0,1195,158044,0,0,1652122344,162032501,1238672880,0,0,13778665,346,346,0,133285994,133285994,0,0,133285994,28800829,12.65,1.55
218,2026-05-16 18:16:06,1,q83,0,10,56,693,1477,7591,6636,251,72,0,208,0,310,782379,0,0,1380878320,5226039,725480728,0,0,43744,16,16,0,780733,780733,0,0,780733,43744,10.95,0.69
219,2026-05-16 18:16:07,1,q84,0,9,52,659,889,3984,3492,39,44,0,0,0,571,9716301,0,0,529996992,5555652,266773736,0,0,2778834,30,30,0,14633286,14633286,0,0,14633286,2778834,6.05,0.66
220,2026-05-16 18:16:09,1,q85,0,10,75,1293,3213,12167,8951,56,76,1,1277,0,1299,16953856,0,0,8635287000,12032207,623582596,0,0,915638,551,551,0,35144327,35144327,0,0,35144327,915638,9.41,1.29
221,2026-05-16 18:16:11,1,q86,0,5,21,378,335,3851,3443,21,23,0,0,0,137,1857112,0,0,1309470056,7322088,276921288,0,0,2485,16,16,0,179211,179211,0,0,179211,2485,10.19,0.38
222,2026-05-16 18:16:13,1,q86a,0,8,26,470,408,3688,3235,30,32,0,12,0,147,1857112,0,0,1915546640,7322088,276921288,0,0,7099,54,54,0,544610,544610,0,0,195540,2589,7.85,0.47
223,2026-05-16 18:16:14,1,q87,0,10,97,2153,5151,28453,25104,133,132,1,112,0,2145,12765592,0,0,9866774384,49570836,1075355416,0,0,1688094,661,661,0,45241997,45241997,0,0,45241997,1688094,13.22,2.15
224,2026-05-16 18:16:18,1,q88,0,26,162,2471,16458,36944,34842,22,93,0,304,0,17,41987,0,0,463457664,230611310,3534439280,0,0,144,144,144,0,8495,8495,0,0,8495,144,14.95,2.47
225,2026-05-16 18:16:21,1,q89,0,6,24,838,816,9476,8592,25,28,0,0,0,329,108570,0,0,1274610944,27629309,559396208,0,0,24922,17,17,0,1525398,1525398,0,0,1525398,24922,11.31,0.84
226,2026-05-16 18:16:23,1,q90,0,8,38,402,541,5588,5256,10,19,0,0,0,4,38053,0,0,103596544,14447576,498975996,0,0,32,32,32,0,1888,1888,0,0,1888,32,13.9,0.4
227,2026-05-16 18:16:24,1,q91,0,10,40,456,525,3663,3279,31,38,0,88,0,7,9532008,0,0,1093109944,4137906,310769080,0,0,49,7,7,0,7077,7077,0,0,4444,32,8.03,0.46
228,2026-05-16 18:16:26,1,q92,0,7,39,831,1557,12283,11490,24,32,0,0,0,234,709477,0,0,178103200,14522176,550383884,0,0,157511,29,29,0,2215693,2215693,0,0,2215693,157511,14.78,0.83
229,2026-05-16 18:16:28,1,q93,0,5,53,4150,6367,53894,51846,46,51,0,496,0,2609,144661,0,0,5766380072,31678178,800059272,0,0,31635854,595,595,0,783850051,783850051,0,0,783850051,31635854,12.99,4.15
230,2026-05-16 18:16:33,1,q94,0,8,70,1578,4389,23555,21032,54,65,0,336,0,1565,3809053,0,0,3571011840,15390492,714493020,0,0,14397040,561,561,0,222652012,222652012,0,0,222652012,14397040,14.93,1.58
231,2026-05-16 18:16:36,1,q95,0,8,70,3860,6203,55169,47447,60,72,0,1328,0,1476,3809906,0,0,14560086280,15390492,771287904,0,0,35990240,1377,1377,0,327372603,327372603,0,0,201776532,14395274,14.29,3.86
232,2026-05-16 18:16:41,1,q96,0,5,22,456,452,5158,4500,10,11,0,0,0,2,41686,0,0,57485232,28827803,443601936,0,0,18,18,18,0,1062,1062,0,0,1062,18,11.31,0.46
233,2026-05-16 18:16:42,1,q97,0,5,54,1808,2413,25115,22276,103,70,0,448,0,821,160565,0,0,7393609480,41870748,938312528,0,0,8381511,544,544,0,97702931,97702931,0,0,97702931,8381511,13.89,1.81
234,2026-05-16 18:16:45,1,q98,0,7,29,779,709,5697,5166,31,35,3,192,0,70,3268117,0,0,930099048,27629207,566639608,0,0,79963,22,22,0,10269191,10269191,0,0,8416966,64799,7.31,0.78
235,2026-05-16 18:16:47,1,q99,0,6,22,746,734,9673,8901,27,27,0,98,0,247,108134,0,0,143187720,14420479,474236772,0,0,11520,16,16,0,926824,926824,0,0,926824,11520,12.97,0.75
236,2026-05-16 18:16:49,2,q1,0,10,66,782,1391,9906,8367,66,80,0,176,0,1204,5073369,0,0,4213163072,6074604,532072376,0,0,1616534,294,294,0,25958896,25958896,0,0,25958896,1616534,12.67,0.78
237,2026-05-16 18:16:50,2,q2,0,9,41,837,779,10332,9305,45,51,0,224,0,141,751663,0,0,440945584,21656678,697627440,0,0,5386,101,101,0,240223,240223,0,0,89939,3714,12.34,0.84
238,2026-05-16 18:16:52,2,q3,0,4,22,514,507,5878,5291,21,24,0,224,0,76,83496,0,0,114704360,27682256,558038008,0,0,1541,11,11,0,116938,116938,0,0,116938,1541,11.44,0.51
239,2026-05-16 18:16:54,2,q4,0,19,220,5460,26718,75813,66291,386,405,3,1984,0,6582,36928978,0,0,33856292464,98641672,3306594720,0,0,3073029,2635,2635,0,203896634,203896634,0,0,203896634,3073029,13.89,5.46
240,2026-05-16 18:17:00,2,q5,0,11,140,2856,6148,43182,39052,138,190,0,384,0,1626,315528,0,0,3287095736,61187960,2414022388,0,0,7890322,575,575,0,113520705,113520705,0,0,113520705,7890322,15.12,2.86
241,2026-05-16 18:17:04,2,q5a,0,14,145,3240,6477,47860,42567,161,195,0,1024,0,1788,316216,0,0,3826063608,61187960,2414022388,0,0,7892324,588,588,0,113700754,113700754,0,0,113567508,7890500,14.77,3.24
242,2026-05-16 18:17:09,2,q6,0,11,52,1526,3324,19549,18455,51,55,0,0,0,1155,2111032,0,0,5012926032,28554256,516726208,0,0,27358702,342,342,0,236773792,236773792,0,0,236773792,27358702,12.81,1.53
243,2026-05-16 18:17:11,2,q7,0,7,35,1240,1266,16518,15893,34,35,0,0,0,226,782379,0,0,1254229176,29550507,766897708,0,0,72652,34,34,0,2706855,2706855,0,0,2706855,72652,13.32,1.24
244,2026-05-16 18:17:14,2,q8,0,10,34,1078,1031,9813,8890,45,46,0,398,0,32,2361205,0,0,1634323840,28527309,515660200,0,0,6695,9,9,0,81675,81675,0,0,81675,6695,9.1,1.08
245,2026-05-16 18:17:16,2,q9,0,11,96,1352,6176,19613,17770,23,64,0,416,0,13,38576,0,0,0,144002542,2709643264,0,0,90,90,90,0,7389,7389,0,0,7389,90,14.51,1.35
246,2026-05-16 18:17:18,2,q10,0,13,92,1096,2674,12676,11372,41,77,0,176,0,835,596558,0,0,1543360552,51741636,1103797252,0,0,4321867,105,105,0,66532690,66532690,0,0,66532690,4321867,11.57,1.1
247,2026-05-16 18:17:20,2,q10a,0,10,91,772,1643,9297,8517,73,85,0,208,0,899,154690,0,0,2060869584,51741636,1103797252,0,0,4289247,218,218,0,66497152,66497152,0,0,66497152,4289247,12.04,0.77
248,2026-05-16 18:17:22,2,q11,0,15,149,3122,9467,39491,34240,207,225,3,278,0,4808,36928978,0,0,21934987920,69954590,1697939744,0,0,1991424,1444,1444,0,124491512,124491512,0,0,124491512,1991424,12.65,3.12
249,2026-05-16 18:17:26,2,q12,0,5,22,511,468,4516,4124,25,25,0,0,0,44,3268117,0,0,571950832,7322088,283323164,0,0,27697,8,8,0,3648303,3648303,0,0,3648303,27697,8.84,0.51
250,2026-05-16 18:17:28,2,q13,0,7,34,1488,1534,18992,17924,16,20,0,176,0,2,1303376,0,0,622088352,29705309,858688536,0,0,18,18,18,0,1360,1360,0,0,1360,18,12.76,1.49
251,2026-05-16 18:17:31,2,q14a,0,30,262,7272,16835,90700,80589,309,360,0,1730,0,7243,1189316,0,0,10728855624,147620508,3763729120,0,0,62679141,731,731,0,833986164,833986164,0,0,830983384,62592617,12.47,7.27
252,2026-05-16 18:17:40,2,q14b,0,24,204,5022,11082,69863,64828,274,275,0,656,0,3314,1189316,0,0,8255620336,126222977,2971058152,0,0,68418017,679,679,0,934409681,934409681,0,0,490514426,40910810,13.91,5.02
253,2026-05-16 18:17:46,2,q14,0,24,200,4015,9800,53473,50603,265,283,0,512,0,2758,1162249,0,0,7179093520,126222977,2971058152,0,0,68308380,595,595,0,925556064,925556064,0,0,481660809,40801173,13.32,4.01
254,2026-05-16 18:17:51,2,q15,0,5,27,1049,1025,13307,12388,24,29,0,144,0,43,5019183,0,0,1030526304,15113541,480248888,0,0,1174,4,4,0,53826,53826,0,0,53826,1174,12.69,1.05
255,2026-05-16 18:17:53,2,q16,0,8,72,2484,6112,36726,33519,53,69,0,208,0,2077,216469,0,0,4703921456,30510756,1131123940,0,0,30114572,867,867,0,423119726,423119726,0,0,423119726,30114572,14.79,2.48
256,2026-05-16 18:17:57,2,q17,0,10,91,4841,11415,65648,61540,70,95,1,1088,0,4577,6944789,0,0,7880912176,44770101,1289527996,0,0,45538041,1160,1160,0,1079464480,1079464480,0,0,1079464480,45538041,13.56,4.84
257,2026-05-16 18:18:03,2,q18,0,9,53,1358,1357,14051,12865,47,57,0,0,0,299,9716301,0,0,3669414416,19057141,711315376,0,0,57715,68,68,0,4945912,4945912,0,0,4945912,57715,10.35,1.36
258,2026-05-16 18:18:05,2,q18a,0,17,130,3730,11292,50364,45788,170,186,0,576,0,1652,9716344,0,0,16239163328,77283305,3292197064,0,0,65807,90,90,0,6176099,6176099,0,0,6176099,65807,13.5,3.73
259,2026-05-16 18:18:10,2,q19,0,7,31,709,694,6221,5825,30,32,0,0,0,60,5019183,0,0,1177435312,28379309,606515552,0,0,4376,5,5,0,308494,308494,0,0,308494,4376,8.77,0.71
260,2026-05-16 18:18:12,2,q20,0,5,24,541,499,4635,4268,27,29,0,0,0,50,3268117,0,0,649837392,14465541,509473692,0,0,40260,12,12,0,5209200,5209200,0,0,5209200,40260,8.57,0.54
261,2026-05-16 18:18:13,2,q21,0,6,24,963,951,11506,10568,28,31,0,384,0,45,92392,0,0,466625832,133232010,765532980,0,0,127600,10,10,0,2502845,2502845,0,0,2502845,127600,11.95,0.96
262,2026-05-16 18:18:15,2,q22,0,6,39,29125,29082,140290,138589,92,65,0,818,0,170,4629135,0,0,2072800152,133232010,745181988,0,0,1631476,153,153,0,68620295,68620295,0,0,68620295,1631476,4.82,29.12
263,2026-05-16 18:18:46,2,q22a,0,10,87,2785,3334,25739,22757,139,154,0,400,0,1981,4629135,0,0,8765073152,133232010,745388852,0,0,1428768,391,391,0,71242445,71242445,0,0,20136405,409288,9.24,2.78
264,2026-05-16 18:18:49,2,q23a,0,18,183,7314,13600,100114,93181,188,207,1,2200,0,5716,6575826,0,0,13198937680,106020544,2325301556,0,0,42450830,1196,1196,0,1030784978,1030784978,0,0,994746971,40085981,13.69,7.31
265,2026-05-16 18:18:58,2,q23b,0,21,209,6820,15504,98987,91670,282,301,0,1613,0,6016,6575783,0,0,26174278816,106520544,2346429360,0,0,48143010,2482,2482,0,1128320782,1128320782,0,0,1007119317,40548463,14.51,6.82
266,2026-05-16 18:19:06,2,q24,0,8,63,2954,8441,39209,36615,44,55,1,432,0,2390,20636822,0,0,7068696000,32530235,871034256,0,0,29735885,578,578,0,704024556,704024556,0,0,704024556,29735885,13.27,2.95
267,2026-05-16 18:19:10,2,q24a,0,13,85,4473,8653,55339,52892,91,92,1,168,0,2955,18087296,0,0,16497845272,32632235,873581408,0,0,59478907,1188,1188,0,1408992810,1408992810,0,0,704968254,29743022,12.37,4.47
268,2026-05-16 18:19:15,2,q24b,0,13,85,3933,8277,46742,44800,126,95,1,160,0,3421,18087253,0,0,15891776752,32632235,873581408,0,0,59478765,1176,1176,0,1408969042,1408969042,0,0,704944486,29742880,11.88,3.93
269,2026-05-16 18:19:20,2,q25,0,10,91,5086,12839,70453,66867,68,90,0,416,0,4337,6944746,0,0,7880887560,44770101,1402541108,0,0,45538038,1157,1157,0,1099708522,1099708522,0,0,1099708522,45538038,13.85,5.09
270,2026-05-16 18:19:27,2,q26,0,6,32,1096,1117,13580,12758,28,33,0,0,0,226,782379,0,0,703166184,16386841,624102108,0,0,39337,15,15,0,1605317,1605317,0,0,1605317,39337,12.39,1.1
271,2026-05-16 18:19:29,2,q27,0,7,35,1083,1107,13130,12068,38,38,0,192,0,257,782379,0,0,1456022384,29550109,741608524,0,0,59464,34,34,0,2395045,2395045,0,0,2395045,59464,12.12,1.08
272,2026-05-16 18:19:31,2,q27a,0,11,75,2140,4157,30560,28495,64,88,0,144,0,761,782379,0,0,1465085504,84666625,2172067148,0,0,61239,51,51,0,2627792,2627792,0,0,2627792,61239,14.28,2.14
273,2026-05-16 18:19:34,2,q28,0,18,123,2560,14339,38442,33947,103,131,0,128,0,4136,52961,0,0,7681078608,172802970,3511762416,0,0,704147,171,171,0,11397800,11397800,0,0,11397800,704147,15.02,2.56
274,2026-05-16 18:19:38,2,q29,0,11,92,4788,11870,64984,61627,64,90,1,352,0,4771,6944789,0,0,7880995000,44790101,1291832004,0,0,45538045,1162,1162,0,1079465255,1079465255,0,0,1079465255,45538045,13.57,4.79
275,2026-05-16 18:19:43,2,q30,0,11,61,799,1623,5910,4687,246,91,0,144,0,1345,1992893,0,0,3053320632,2395518,516565384,0,0,756891,62,62,0,60329041,60329041,0,0,60329041,756891,7.4,0.8
276,2026-05-16 18:19:45,2,q31,0,19,116,1701,7724,23382,20752,117,155,0,0,0,706,3832889,0,0,3594578936,104431885,2300981856,0,0,59278,40,40,0,2089807,2089807,0,0,2023291,58379,13.75,1.7
277,2026-05-16 18:19:48,2,q32,0,7,41,911,1697,13095,11624,26,36,0,224,0,371,710182,0,0,180415096,28809082,991451332,0,0,167838,26,26,0,2270194,2270194,0,0,2270194,167838,14.37,0.91
278,2026-05-16 18:19:50,2,q33,0,9,62,1001,2118,12732,11934,69,87,0,0,0,158,889109,0,0,1112001560,49524836,1381931768,0,0,10900,12,12,0,299975,299975,0,0,299975,10900,12.72,1.0
279,2026-05-16 18:19:52,2,q34,0,8,30,645,847,7495,6927,28,32,2,0,0,227,16394969,0,0,406751880,28034509,476109360,0,0,20445,33,33,0,752749,752749,0,0,404096,10675,11.62,0.64
280,2026-05-16 18:19:54,2,q35,0,10,86,1380,2972,17999,15661,47,78,0,256,0,1113,23974112,0,0,8147275976,51741636,1103461380,0,0,6056607,483,483,0,16242855,16242855,0,0,16242855,6056607,13.04,1.38
281,2026-05-16 18:19:56,2,q35a,0,9,86,1051,1543,10108,8929,69,89,2,240,0,1217,23973811,0,0,7365038568,51741636,1103461380,0,0,6053510,447,447,0,16207218,16207218,0,0,16207218,6053510,9.62,1.05
282,2026-05-16 18:19:58,2,q36,0,6,24,957,921,11966,11297,23,26,0,0,0,128,1857112,0,0,1416504176,27629309,663836680,0,0,2672,17,17,0,213306,213306,0,0,213306,2672,12.5,0.96
283,2026-05-16 18:20:00,2,q36a,0,9,29,1091,1031,12312,11731,33,35,0,0,0,153,1857112,0,0,1955472048,27629309,663836680,0,0,7291,54,54,0,609921,609921,0,0,218135,2653,11.29,1.09
284,2026-05-16 18:20:03,2,q37,0,6,55,1175,1845,14521,13571,48,49,0,224,0,627,157657,0,0,880361848,147632425,1207887060,0,0,4316414,314,314,0,69743177,69743177,0,0,69743177,14400617,12.36,1.18
285,2026-05-16 18:20:05,2,q38,0,10,97,1997,4646,26436,22173,173,134,1,304,0,2893,12765592,0,0,9866774384,49570836,1075355416,0,0,1688094,661,661,0,45241997,45241997,0,0,45241997,1688094,13.24,2.0
286,2026-05-16 18:20:08,2,q39a,0,11,90,2061,3609,27299,25230,214,166,0,208,0,923,802546,0,0,4211899344,266362010,1505525044,0,0,3607909,148,148,0,74539489,74539489,0,0,52721319,2587909,13.25,2.06
287,2026-05-16 18:20:11,2,q39b,0,11,90,1616,2784,20273,19517,153,166,0,192,0,444,520274,0,0,4113333200,266362010,1505525044,0,0,3571488,148,148,0,73340574,73340574,0,0,51522404,2551488,12.55,1.62
288,2026-05-16 18:20:14,2,q40,0,7,55,1752,4094,24429,22566,41,53,0,0,0,2187,173485,0,0,4141621464,15905433,770042316,0,0,15748014,578,578,0,311368182,311368182,0,0,311368182,15748014,13.94,1.75
289,2026-05-16 18:20:16,2,q41,0,4,6,202,170,282,121,7,7,0,0,0,7,12426,0,0,202903480,204000,8797088,0,0,140,2,2,0,9680,9680,0,0,9680,140,1.4,0.2
290,2026-05-16 18:20:18,2,q42,0,4,22,382,368,4520,4191,26,26,0,0,0,10,81948,0,0,379457640,27629207,557898744,0,0,44,4,4,0,3648,3648,0,0,3648,44,11.83,0.38
291,2026-05-16 18:20:19,2,q43,0,4,21,540,520,7040,6094,29,29,0,288,0,54,84184,0,0,109903832,27527309,474261408,0,0,336,16,16,0,42822,42822,0,0,42822,336,13.04,0.54
292,2026-05-16 18:20:21,2,q44,0,8,51,939,1069,9755,8170,48,52,0,0,0,641,1663841,0,0,1588520232,57701322,1092193576,0,0,888138,208,208,0,11729535,11729535,0,0,5866365,444133,10.39,0.94
293,2026-05-16 18:20:23,2,q45,0,7,30,630,676,6116,5882,27,31,0,0,0,11,5019183,0,0,2009365456,8092088,305764116,0,0,29,5,5,0,2649,2649,0,0,2649,29,9.71,0.63
294,2026-05-16 18:20:24,2,q46,0,7,30,1022,1152,12051,11234,30,34,2,0,0,309,15301537,0,0,659091400,28284509,613687368,0,0,27956,17,17,0,1493333,1493333,0,0,1493333,27956,11.79,1.02
295,2026-05-16 18:20:26,2,q47,0,11,77,1725,2474,20318,17257,123,126,0,304,0,1766,2306610,0,0,6482903000,27629309,559056240,0,0,1590409,859,859,0,60519952,60519952,0,0,39087937,1023254,11.78,1.72
296,2026-05-16 18:20:29,2,q48,0,6,33,1403,1458,17434,16433,20,21,0,302,0,4,1323804,0,0,602298144,29698109,682742268,0,0,18,18,18,0,1058,1058,0,0,1058,18,12.43,1.4
297,2026-05-16 18:20:32,2,q49,0,18,160,2553,10137,37871,34293,96,146,1,544,0,3886,239215,0,0,5252720952,54107455,2427289576,0,0,15195842,122,122,0,338168684,338168684,0,0,338168684,15195842,14.83,2.55
298,2026-05-16 18:20:35,2,q50,0,7,55,2527,5880,33816,32053,50,57,0,0,0,2381,370352,0,0,4687124776,30377609,786346524,0,0,29262054,595,595,0,610128846,610128846,0,0,610128846,29262054,13.38,2.53
299,2026-05-16 18:20:39,2,q51,0,10,136,2995,4388,42453,37495,180,204,0,800,0,4108,299557,0,0,11015386880,34727295,813282156,0,0,23550796,1924,1924,0,399847488,399847488,0,0,399847488,23550796,14.17,3.0
300,2026-05-16 18:20:43,2,q51a,0,14,203,20596,24452,270931,259676,293,348,0,3347,0,4998,459272,0,0,28096160056,34727295,813282156,0,0,46681572,2859,2859,0,771163543,771163543,0,0,559064286,35219606,13.15,20.6
301,2026-05-16 18:21:05,2,q52,0,4,22,563,549,7517,6965,25,25,0,0,0,44,81948,0,0,379457640,27629207,558029816,0,0,1887,4,4,0,115048,115048,0,0,115048,1887,13.35,0.56
302,2026-05-16 18:21:06,2,q53,0,6,24,580,563,6382,5975,29,28,0,0,0,407,98616,0,0,200738576,27629309,559666544,0,0,25225,17,17,0,593664,593664,0,0,593664,25225,11.0,0.58
303,2026-05-16 18:21:08,2,q54,0,15,87,1971,6757,26736,24813,93,107,0,336,0,1401,5019183,0,0,2690143008,50035987,1263189040,0,0,26873287,321,321,0,251993832,251993832,0,0,251993832,26873287,13.56,1.97
304,2026-05-16 18:21:11,2,q55,0,4,22,387,374,4605,4303,20,24,0,0,0,53,82077,0,0,446566480,27629207,558029816,0,0,1905,5,5,0,114274,114274,0,0,114274,1905,11.9,0.39
305,2026-05-16 18:21:12,2,q56,0,9,62,909,2082,11713,10385,78,89,0,128,0,141,463898,0,0,1055688224,49524836,1382193912,0,0,9885,10,10,0,303094,303094,0,0,303094,9885,12.89,0.91
306,2026-05-16 18:21:14,2,q57,0,11,87,1482,2234,19718,15994,148,145,0,0,0,2553,2306610,0,0,7693701296,14465565,511515644,0,0,1720999,1085,1085,0,69174677,69174677,0,0,45947701,1131739,13.3,1.48
307,2026-05-16 18:21:17,2,q58,0,10,59,920,2059,10665,9279,76,80,0,176,0,119,782379,0,0,1417089136,49318934,1340186384,0,0,173007,7,7,0,2426497,2426497,0,0,2426497,173007,11.59,0.92
308,2026-05-16 18:21:19,2,q59,0,10,27,916,949,7552,7012,27,27,0,0,0,405,751663,0,0,1438681568,27620460,479424808,0,0,79764,38,38,0,2467734,2467734,0,0,1412944,58497,8.24,0.92
309,2026-05-16 18:21:21,2,q60,0,9,62,999,1969,11339,10137,67,85,0,144,0,235,463898,0,0,1676360952,49524836,1382128376,0,0,71818,16,16,0,1401709,1401709,0,0,1401709,71818,11.35,1.0
310,2026-05-16 18:21:23,2,q61,0,10,51,930,1478,10305,9814,16,28,0,0,0,5,5019183,0,0,1122073200,55887016,1246117972,0,0,36,36,36,0,2072,2072,0,0,2072,36,11.08,0.93
311,2026-05-16 18:21:25,2,q62,0,6,21,461,451,5270,4495,26,25,0,144,0,221,102016,0,0,138730216,7220160,255516644,0,0,6720,16,16,0,573858,573858,0,0,573858,6720,11.43,0.46
312,2026-05-16 18:21:26,2,q63,0,6,24,527,508,5562,5142,28,28,0,0,0,285,98616,0,0,200673040,27629309,559670640,0,0,5472,17,17,0,197943,197943,0,0,197943,5472,10.55,0.53
313,2026-05-16 18:21:28,2,q64,0,23,172,6776,22027,100182,92624,172,217,3,816,0,7674,13538285,0,0,35316849912,49118817,1774517852,0,0,52026303,2753,2753,0,1941744354,1941744354,0,0,1795539375,48487731,14.78,6.78
314,2026-05-16 18:21:36,2,q65,0,10,93,1647,3086,23986,21750,140,146,1,160,0,1630,9163347,0,0,6830270912,55136516,1103563664,0,0,12053707,561,561,0,394360560,394360560,0,0,394360560,12053707,14.56,1.65
315,2026-05-16 18:21:39,2,q66,0,8,40,1099,1297,12021,9159,84,88,0,128,0,122,147441,0,0,2706214264,21603659,873611500,0,0,350,35,35,0,133208,133208,0,0,133208,350,10.94,1.1
316,2026-05-16 18:21:41,2,q67,0,6,40,6436,6386,75772,73224,61,62,0,991,0,1473,4629135,0,0,7267753424,27629309,586560880,0,0,10124896,289,289,0,701298796,701298796,0,0,701298796,10124896,11.77,6.44
317,2026-05-16 18:21:48,2,q67a,0,14,183,10459,35323,142290,132933,368,366,0,1105,0,5407,4629135,0,0,27103724768,27629309,586560880,0,0,54552870,2600,2600,0,3538011866,3538011866,0,0,811768194,13109678,13.6,10.46
318,2026-05-16 18:22:00,2,q68,0,7,30,1088,1215,11641,10667,30,33,2,0,0,149,15301537,0,0,524003480,28284509,740171848,0,0,6174,16,16,0,460871,460871,0,0,460871,6174,10.7,1.09
319,2026-05-16 18:22:02,2,q69,0,11,81,939,1932,9582,8192,39,68,0,72,0,385,28676719,0,0,3801669616,51741636,1103600644,0,0,1902029,65,65,0,9509500,9509500,0,0,9509500,1902029,10.2,0.94
320,2026-05-16 18:22:04,2,q70,0,9,43,1082,1026,13154,12090,56,60,0,112,0,79,190568,0,0,1495011464,55034618,1000273064,0,0,269,34,34,0,15484,15484,0,0,15484,269,12.16,1.08
321,2026-05-16 18:22:06,2,q70a,0,12,48,1008,904,10126,9512,62,67,0,0,0,79,188958,0,0,893128768,55034618,1000273064,0,0,312,71,71,0,20929,20929,0,0,11265,216,10.05,1.01
322,2026-05-16 18:22:08,2,q71,0,7,58,1073,1044,12961,11921,73,90,0,128,0,198,360932,0,0,937227208,49212836,1329864992,0,0,32235,31,31,0,1626141,1626141,0,0,983941,21123,12.08,1.07
323,2026-05-16 18:22:11,2,q72,0,15,124,16866,21818,225126,216753,125,158,1,1008,0,8205,6575826,0,0,19933730552,151090031,1585147464,0,0,142246513,2041,2041,0,2052783779,2052783779,0,0,2052783779,142246513,13.35,16.87
324,2026-05-16 18:22:28,2,q73,0,8,30,543,756,6201,5431,26,33,2,176,0,136,16394969,0,0,406153864,28034509,476109360,0,0,5455,33,33,0,276235,276235,0,0,138423,2732,11.42,0.54
325,2026-05-16 18:22:30,2,q74,0,13,133,3039,10278,42255,37139,190,190,8,255,0,4154,15491653,0,0,16184335400,69954590,1567842592,0,0,1778475,1151,1151,0,61603380,61603380,0,0,61603380,1778475,13.9,3.04
326,2026-05-16 18:22:34,2,q75,0,19,223,4600,17016,71565,61224,288,262,0,1459,0,7441,316496,0,0,11805162464,103281460,3563276792,0,0,14156496,1612,1612,0,332581052,332581052,0,0,226037329,9118708,15.56,4.6
327,2026-05-16 18:22:40,2,q76,0,4,55,1507,1472,22104,20163,73,82,0,448,0,438,917299,0,0,4002530168,48287050,1395537536,0,0,3731,51,51,0,357657,357657,0,0,357657,3731,14.67,1.51
328,2026-05-16 18:22:43,2,q77,0,14,109,1374,6035,19452,17611,110,130,0,0,0,130,81948,0,0,1071750256,53976030,2133018128,0,0,1637,39,39,0,110579,110579,0,0,110579,1637,14.16,1.37
329,2026-05-16 18:22:45,2,q77a,0,17,114,1353,5431,17305,15326,126,140,0,432,0,133,87192,0,0,1677826968,53976030,2133018128,0,0,1762,48,48,0,147189,147189,0,0,105693,1432,12.79,1.35
330,2026-05-16 18:22:48,2,q78,0,12,169,7475,24482,112910,103137,180,209,0,1391,0,8666,408748,0,0,21320052176,54108624,2237514504,0,0,62125308,2550,2550,0,1814219610,1814219610,0,0,1814219610,62125308,15.11,7.48
331,2026-05-16 18:22:56,2,q79,0,7,31,1018,1172,12980,12114,39,37,1,0,0,309,12765592,0,0,1520370944,28034509,607783536,0,0,80466,54,54,0,3237733,3237733,0,0,3237733,80466,12.75,1.02
332,2026-05-16 18:22:58,2,q80,0,17,161,7866,36325,121831,114753,130,186,0,832,0,7081,188453,0,0,14185165104,54223268,2379167728,0,0,53052375,1737,1737,0,1564177600,1564177600,0,0,1564177600,53052375,15.49,7.87
333,2026-05-16 18:23:07,2,q80a,0,20,166,6973,29304,105033,99748,156,199,0,896,0,6224,188453,0,0,14657024136,54223268,2379167728,0,0,53053332,1748,1748,0,1564293212,1564293212,0,0,1564190462,53052306,15.06,6.97
334,2026-05-16 18:23:15,2,q81,0,11,56,798,1547,8633,6124,61,69,3,256,0,1921,20721956,0,0,3979685040,3899764,548093072,0,0,808731,131,131,0,13556730,13556730,0,0,13556730,808731,10.82,0.8
335,2026-05-16 18:23:17,2,q82,0,6,56,1422,2546,17678,16579,46,52,0,240,0,781,158044,0,0,1652122344,162032501,1238672880,0,0,13778665,346,346,0,133285994,133285994,0,0,133285994,28800829,12.43,1.42
336,2026-05-16 18:23:20,2,q83,0,10,56,599,1243,6131,5192,62,71,0,0,0,481,782379,0,0,1381402608,5226039,725480728,0,0,43744,16,16,0,780733,780733,0,0,780733,43744,10.24,0.6
337,2026-05-16 18:23:21,2,q84,0,9,52,646,1091,3689,3428,39,41,0,0,0,441,9716387,0,0,529996992,5555652,266773736,0,0,2778834,30,30,0,14633286,14633286,0,0,14633286,2778834,5.71,0.65
338,2026-05-16 18:23:23,2,q85,0,10,75,1623,5285,17471,14898,56,73,0,528,0,1190,16953813,0,0,8635287000,12032207,623582596,0,0,915638,551,551,0,35144327,35144327,0,0,35144327,915638,10.76,1.62
339,2026-05-16 18:23:26,2,q86,0,5,21,470,431,5517,4986,24,23,0,0,0,193,1857112,0,0,1309470056,7322088,276921288,0,0,2485,16,16,0,179211,179211,0,0,179211,2485,11.74,0.47
340,2026-05-16 18:23:27,2,q86a,0,8,26,531,471,4695,3991,29,30,0,256,0,139,1857112,0,0,1915546640,7322088,276921288,0,0,7099,54,54,0,544610,544610,0,0,195540,2589,8.84,0.53
341,2026-05-16 18:23:29,2,q87,0,10,97,2087,4925,27549,23153,121,133,1,352,0,3286,12765592,0,0,9866774384,49570836,1075355416,0,0,1688094,661,661,0,45241997,45241997,0,0,45241997,1688094,13.2,2.09
342,2026-05-16 18:23:32,2,q88,0,26,162,2033,13483,30369,28397,27,98,0,256,0,18,41987,0,0,463457664,230611310,3534439280,0,0,144,144,144,0,8495,8495,0,0,8495,144,14.94,2.03
343,2026-05-16 18:23:35,2,q89,0,6,24,667,649,7690,6762,29,30,0,192,0,244,108570,0,0,1274610944,27629309,559396208,0,0,24922,17,17,0,1525398,1525398,0,0,1525398,24922,11.53,0.67
344,2026-05-16 18:23:37,2,q90,0,8,38,360,517,4761,4451,12,20,0,0,0,4,38053,0,0,103596544,14447576,498975996,0,0,32,32,32,0,1888,1888,0,0,1888,32,13.22,0.36
345,2026-05-16 18:23:38,2,q91,0,10,40,514,588,4194,3908,31,38,0,0,0,6,9532008,0,0,1093109944,4137906,310769080,0,0,49,7,7,0,7077,7077,0,0,4444,32,8.16,0.51
346,2026-05-16 18:23:40,2,q92,0,7,39,701,1201,9704,9036,22,32,0,0,0,246,709477,0,0,178103200,14522176,550383884,0,0,157511,29,29,0,2215693,2215693,0,0,2215693,157511,13.84,0.7
347,2026-05-16 18:23:41,2,q93,0,5,53,4154,6450,54523,51646,40,52,0,1168,0,2804,144661,0,0,5766380072,31678178,800059272,0,0,31635854,595,595,0,783850051,783850051,0,0,783850051,31635854,13.13,4.15
348,2026-05-16 18:23:47,2,q94,0,8,70,1343,3741,18803,16959,53,65,0,15,0,1689,3809010,0,0,3571011840,15390492,714493020,0,0,14397040,561,561,0,222652012,222652012,0,0,222652012,14397040,14.0,1.34
349,2026-05-16 18:23:49,2,q95,0,8,70,3576,5690,52543,46563,59,73,0,817,0,1361,3809949,0,0,14560086280,15390492,771287904,0,0,35990240,1377,1377,0,327372603,327372603,0,0,201776532,14395274,14.69,3.58
350,2026-05-16 18:23:54,2,q96,0,5,22,394,393,4331,4003,10,11,0,96,0,2,42374,0,0,57485232,28827803,443601936,0,0,18,18,18,0,1062,1062,0,0,1062,18,10.99,0.39
351,2026-05-16 18:23:55,2,q97,0,5,54,1927,2537,26768,23771,77,70,0,460,0,752,160565,0,0,7393609480,41870748,938312528,0,0,8381511,544,544,0,97702931,97702931,0,0,97702931,8381511,13.89,1.93
352,2026-05-16 18:23:58,2,q98,0,7,29,829,765,5972,5332,32,35,3,264,0,76,3268117,0,0,930099048,27629207,566639608,0,0,79963,22,22,0,10269191,10269191,0,0,8416966,64799,7.2,0.83
353,2026-05-16 18:24:00,2,q99,0,6,22,722,711,9856,9220,28,29,0,35,0,277,107833,0,0,143187720,14420479,474236772,0,0,11520,16,16,0,926824,926824,0,0,926824,11520,13.65,0.72
354,2026-05-16 18:24:02,3,q1,0,10,66,815,1389,10048,8855,66,76,0,0,0,1113,5073369,0,0,4213163072,6074604,532072376,0,0,1616534,294,294,0,25958896,25958896,0,0,25958896,1616534,12.33,0.82
355,2026-05-16 18:24:04,3,q2,0,9,41,883,835,10889,9860,46,50,0,232,0,178,751706,0,0,440945584,21656678,697627440,0,0,5386,101,101,0,240223,240223,0,0,89939,3714,12.33,0.88
356,2026-05-16 18:24:06,3,q3,0,4,22,478,468,5466,5172,25,27,0,0,0,85,82851,0,0,114704360,27682256,558038008,0,0,1541,11,11,0,116938,116938,0,0,116938,1541,11.44,0.48
357,2026-05-16 18:24:07,3,q4,0,19,220,6056,30327,85012,75113,668,394,3,2256,0,6745,36928978,0,0,33856292464,98641672,3306594720,0,0,3073029,2635,2635,0,203896634,203896634,0,0,203896634,3073029,14.04,6.06
358,2026-05-16 18:24:14,3,q5,0,11,140,2937,6344,44777,40606,136,187,0,320,0,1664,315528,0,0,3287095736,61187960,2414022388,0,0,7890322,575,575,0,113520705,113520705,0,0,113520705,7890322,15.25,2.94
359,2026-05-16 18:24:18,3,q5a,0,14,145,2797,5797,41061,36150,149,191,0,768,0,1764,316173,0,0,3826063608,61187960,2414022388,0,0,7892324,588,588,0,113700754,113700754,0,0,113567508,7890500,14.68,2.8
360,2026-05-16 18:24:22,3,q6,0,11,52,1742,3547,23082,21282,51,56,0,384,0,1123,2111032,0,0,5012926032,28554256,516726208,0,0,27358702,342,342,0,236773792,236773792,0,0,236773792,27358702,13.25,1.74
361,2026-05-16 18:24:25,3,q7,0,7,35,1056,1078,13633,12910,33,39,0,0,0,236,782379,0,0,1254229176,29550507,766897708,0,0,72652,34,34,0,2706855,2706855,0,0,2706855,72652,12.91,1.06
362,2026-05-16 18:24:27,3,q8,0,10,34,1229,1177,14512,13739,42,46,0,0,0,31,2361205,0,0,1634323840,28527309,515660200,0,0,6695,9,9,0,81675,81675,0,0,81675,6695,11.81,1.23
363,2026-05-16 18:24:29,3,q9,0,11,96,1344,6152,19471,17791,26,60,0,656,0,11,38576,0,0,0,144002542,2709643264,0,0,90,90,90,0,7389,7389,0,0,7389,90,14.49,1.34
364,2026-05-16 18:24:32,3,q10,0,13,92,1012,2600,11541,10406,41,79,0,0,0,996,596558,0,0,1543360552,51741636,1103797252,0,0,4321867,105,105,0,66532690,66532690,0,0,66532690,4321867,11.4,1.01
365,2026-05-16 18:24:34,3,q10a,0,10,91,755,1607,9037,8223,70,84,0,288,0,887,154690,0,0,2060869584,51741636,1103797252,0,0,4289247,218,218,0,66497152,66497152,0,0,66497152,4289247,11.97,0.76
366,2026-05-16 18:24:36,3,q11,0,15,149,2840,8384,34928,29566,209,222,3,256,0,4820,36928978,0,0,21934987920,69954590,1697939744,0,0,1991424,1444,1444,0,124491512,124491512,0,0,124491512,1991424,12.3,2.84
367,2026-05-16 18:24:40,3,q12,0,5,22,572,533,5939,5533,27,27,0,0,0,48,3268117,0,0,571950832,7322088,283323164,0,0,27697,8,8,0,3648303,3648303,0,0,3648303,27697,10.38,0.57
368,2026-05-16 18:24:41,3,q13,0,7,34,1558,1627,20076,18807,17,20,0,304,0,2,1303376,0,0,622088352,29705309,858688536,0,0,18,18,18,0,1360,1360,0,0,1360,18,12.89,1.56
369,2026-05-16 18:24:44,3,q14a,0,30,262,7606,18003,95851,87251,309,368,0,1353,0,6052,1189316,0,0,10728855624,147620508,3763729120,0,0,62679141,731,731,0,833986164,833986164,0,0,830983384,62592617,12.6,7.61
370,2026-05-16 18:24:53,3,q14b,0,24,204,4833,11191,67441,61907,236,277,2,1115,0,3505,1189316,0,0,8255620336,126222977,2971058152,0,0,68418017,679,679,0,934409681,934409681,0,0,490514426,40910810,13.95,4.83
371,2026-05-16 18:24:59,3,q14,0,24,200,4111,10233,54859,51585,285,301,0,960,0,2955,1162249,0,0,7179093520,126222977,2971058152,0,0,68308380,595,595,0,925556064,925556064,0,0,481660809,40801173,13.34,4.11
372,2026-05-16 18:25:05,3,q15,0,5,27,1194,1172,14194,13638,25,27,0,0,0,35,5019183,0,0,1030526304,15113541,480248888,0,0,1174,4,4,0,53826,53826,0,0,53826,1174,11.89,1.19
373,2026-05-16 18:25:07,3,q16,0,8,72,2321,6558,33192,30231,57,70,0,608,0,2427,216469,0,0,4703921456,30510756,1131123940,0,0,30114572,867,867,0,423119726,423119726,0,0,423119726,30114572,14.3,2.32
374,2026-05-16 18:25:10,3,q17,0,10,91,4803,11203,65264,61784,71,96,1,352,0,4593,6944789,0,0,7880912176,44770101,1289527996,0,0,45538041,1160,1160,0,1079464480,1079464480,0,0,1079464480,45538041,13.59,4.8
375,2026-05-16 18:25:16,3,q18,0,9,53,1387,1423,14242,13204,49,58,0,0,0,270,9716301,0,0,3669414416,19057141,711315376,0,0,57715,68,68,0,4945912,4945912,0,0,4945912,57715,10.27,1.39
376,2026-05-16 18:25:19,3,q18a,0,17,130,3849,12062,52768,47629,167,180,1,576,0,1545,9716430,0,0,16239163328,77283305,3292197064,0,0,65807,90,90,0,6176099,6176099,0,0,6176099,65807,13.71,3.85
377,2026-05-16 18:25:24,3,q19,0,7,31,687,684,6607,6209,32,35,0,0,0,60,5019183,0,0,1177435312,28379309,606515552,0,0,4376,5,5,0,308494,308494,0,0,308494,4376,9.62,0.69
378,2026-05-16 18:25:25,3,q20,0,5,24,564,524,4790,4349,27,29,0,0,0,50,3268117,0,0,649837392,14465541,509473692,0,0,40260,12,12,0,5209200,5209200,0,0,5209200,40260,8.49,0.56
379,2026-05-16 18:25:27,3,q21,0,6,24,996,984,11966,11031,24,28,0,384,0,48,92392,0,0,466625832,133232010,765532980,0,0,127600,10,10,0,2502845,2502845,0,0,2502845,127600,12.01,1.0
380,2026-05-16 18:25:29,3,q22,0,6,39,28558,28515,134104,132406,90,61,0,751,0,178,4629135,0,0,2072800152,133232010,745181988,0,0,1631476,153,153,0,68620295,68620295,0,0,68620295,1631476,4.7,28.56
381,2026-05-16 18:25:59,3,q22a,0,10,87,2601,3155,23134,20152,137,149,0,352,0,2142,4629135,0,0,8765073152,133232010,745388852,0,0,1428768,391,391,0,71242445,71242445,0,0,20136405,409288,8.89,2.6
382,2026-05-16 18:26:02,3,q23a,0,18,183,6758,14318,95668,89215,208,230,1,2161,0,5691,6575826,0,0,13198937680,106020544,2325301556,0,0,42450830,1196,1196,0,1030784978,1030784978,0,0,994746971,40085981,14.16,6.76
383,2026-05-16 18:26:10,3,q23b,0,21,209,6734,14472,98138,90884,318,307,0,1744,0,5975,6575783,0,0,26174278816,106520544,2346429360,0,0,48143010,2482,2482,0,1128320782,1128320782,0,0,1007119317,40548463,14.57,6.73
384,2026-05-16 18:26:18,3,q24,0,8,63,2986,8604,41260,38233,42,57,1,432,0,2942,20636865,0,0,7068696000,32530235,871034256,0,0,29735885,578,578,0,704024556,704024556,0,0,704024556,29735885,13.82,2.99
385,2026-05-16 18:26:22,3,q24a,0,13,85,4461,8616,55767,52914,87,94,1,256,0,2831,18087253,0,0,16497845272,32632235,873581408,0,0,59478907,1188,1188,0,1408992810,1408992810,0,0,704968254,29743022,12.5,4.46
386,2026-05-16 18:26:28,3,q24b,0,13,85,3936,8135,47069,45281,89,94,1,240,0,3119,18087253,0,0,15891776752,32632235,873581408,0,0,59478765,1176,1176,0,1408969042,1408969042,0,0,704944486,29742880,11.96,3.94
387,2026-05-16 18:26:33,3,q25,0,10,91,4975,12053,68491,64997,62,91,1,240,0,4350,6944789,0,0,7880887560,44770101,1402541108,0,0,45538038,1157,1157,0,1099708522,1099708522,0,0,1099708522,45538038,13.77,4.97
388,2026-05-16 18:26:39,3,q26,0,6,32,986,1013,11464,10819,29,35,0,0,0,212,782379,0,0,703166184,16386841,624102108,0,0,39337,15,15,0,1605317,1605317,0,0,1605317,39337,11.63,0.99
389,2026-05-16 18:26:41,3,q27,0,7,35,1149,1173,13787,13106,38,41,0,0,0,290,782379,0,0,1456022384,29550109,741608524,0,0,59464,34,34,0,2395045,2395045,0,0,2395045,59464,12.0,1.15
390,2026-05-16 18:26:43,3,q27a,0,11,75,2640,5039,37621,35243,69,85,0,272,0,753,782379,0,0,1465085504,84666625,2172067148,0,0,61239,51,51,0,2627792,2627792,0,0,2627792,61239,14.25,2.64
391,2026-05-16 18:26:47,3,q28,0,18,123,2611,14529,38934,34091,105,131,0,592,0,4056,53176,0,0,7681078608,172802970,3511762416,0,0,704147,171,171,0,11397800,11397800,0,0,11397800,704147,14.91,2.61
392,2026-05-16 18:26:50,3,q29,0,11,92,4786,11876,64744,61446,72,94,1,432,0,4351,6944789,0,0,7880995000,44790101,1291832004,0,0,45538045,1162,1162,0,1079465255,1079465255,0,0,1079465255,45538045,13.53,4.79
393,2026-05-16 18:26:56,3,q30,0,11,61,837,1656,5962,4703,102,90,0,0,0,1116,1992893,0,0,3053320632,2395518,516565384,0,0,756891,62,62,0,60329041,60329041,0,0,60329041,756891,7.12,0.84
394,2026-05-16 18:26:58,3,q31,0,19,116,1847,8655,25752,22174,124,150,0,288,0,759,3832889,0,0,3594578936,104431885,2300981856,0,0,59278,40,40,0,2089807,2089807,0,0,2023291,58379,13.94,1.85
395,2026-05-16 18:27:01,3,q32,0,7,41,778,1431,11038,10311,24,35,0,0,0,208,710182,0,0,180415096,28809082,991451332,0,0,167838,26,26,0,2270194,2270194,0,0,2270194,167838,14.19,0.78
396,2026-05-16 18:27:03,3,q33,0,9,62,1012,2274,12598,11534,62,82,0,288,0,166,889109,0,0,1112001560,49524836,1381931768,0,0,10900,12,12,0,299975,299975,0,0,299975,10900,12.45,1.01
397,2026-05-16 18:27:05,3,q34,0,8,30,851,1058,11218,10549,25,31,2,0,0,217,16394969,0,0,406751880,28034509,476109360,0,0,20445,33,33,0,752749,752749,0,0,404096,10675,13.18,0.85
398,2026-05-16 18:27:07,3,q35,0,10,86,1362,2919,15711,13538,48,82,0,171,0,1285,23973768,0,0,8147275976,51741636,1103461380,0,0,6056607,483,483,0,16242855,16242855,0,0,16242855,6056607,11.54,1.36
399,2026-05-16 18:27:09,3,q35a,0,9,86,1006,1429,9274,8326,52,85,0,0,0,1241,23973811,0,0,7365038568,51741636,1103461380,0,0,6053510,447,447,0,16207218,16207218,0,0,16207218,6053510,9.22,1.01
400,2026-05-16 18:27:11,3,q36,0,6,24,738,697,8869,8212,28,30,0,0,0,156,1857112,0,0,1416504176,27629309,663836680,0,0,2672,17,17,0,213306,213306,0,0,213306,2672,12.02,0.74
401,2026-05-16 18:27:13,3,q36a,0,9,29,1037,976,11004,10440,30,34,0,16,0,147,1857155,0,0,1955472048,27629309,663836680,0,0,7291,54,54,0,609921,609921,0,0,218135,2653,10.61,1.04
402,2026-05-16 18:27:15,3,q37,0,6,55,1201,1839,15218,14449,43,49,0,0,0,670,157657,0,0,880361848,147632425,1207887060,0,0,4316414,314,314,0,69743177,69743177,0,0,69743177,14400617,12.67,1.2
403,2026-05-16 18:27:17,3,q38,0,10,97,1906,4373,24323,20423,115,131,1,272,0,2464,12765592,0,0,9866774384,49570836,1075355416,0,0,1688094,661,661,0,45241997,45241997,0,0,45241997,1688094,12.76,1.91
404,2026-05-16 18:27:20,3,q39a,0,11,90,2002,3485,26447,24298,179,165,0,272,0,932,802546,0,0,4211899344,266362010,1505525044,0,0,3607909,148,148,0,74539489,74539489,0,0,52721319,2587909,13.21,2.0
405,2026-05-16 18:27:23,3,q39b,0,11,90,1644,2837,20398,19478,155,161,0,288,0,400,520274,0,0,4113333200,266362010,1505525044,0,0,3571488,148,148,0,73340574,73340574,0,0,51522404,2551488,12.41,1.64
406,2026-05-16 18:27:26,3,q40,0,7,55,1934,3488,27975,25580,43,52,0,336,0,2307,174173,0,0,4141621464,15905433,770042316,0,0,15748014,578,578,0,311368182,311368182,0,0,311368182,15748014,14.46,1.93
407,2026-05-16 18:27:29,3,q41,0,4,6,195,165,181,120,7,6,0,0,0,7,12426,0,0,202903480,204000,8797088,0,0,140,2,2,0,9680,9680,0,0,9680,140,0.93,0.2
408,2026-05-16 18:27:30,3,q42,0,4,22,377,364,4394,4090,22,24,0,0,0,11,81948,0,0,379457640,27629207,557898744,0,0,44,4,4,0,3648,3648,0,0,3648,44,11.66,0.38
409,2026-05-16 18:27:32,3,q43,0,4,21,520,499,6887,6348,27,28,0,0,0,55,83496,0,0,109903832,27527309,474261408,0,0,336,16,16,0,42822,42822,0,0,42822,336,13.24,0.52
410,2026-05-16 18:27:33,3,q44,0,8,51,821,882,8540,7741,49,54,0,0,0,517,1663841,0,0,1588520232,57701322,1092193576,0,0,888138,208,208,0,11729535,11729535,0,0,5866365,444133,10.4,0.82
411,2026-05-16 18:27:35,3,q45,0,7,30,832,870,7778,7173,26,30,0,288,0,11,5019183,0,0,2009365456,8092088,305764116,0,0,29,5,5,0,2649,2649,0,0,2649,29,9.35,0.83
412,2026-05-16 18:27:37,3,q46,0,7,30,880,1014,9806,8651,29,34,2,0,0,557,15301537,0,0,659091400,28284509,613687368,0,0,27956,17,17,0,1493333,1493333,0,0,1493333,27956,11.14,0.88
413,2026-05-16 18:27:39,3,q47,0,11,77,1510,2146,17796,15104,117,123,0,231,0,1748,2306610,0,0,6482903000,27629309,559056240,0,0,1590409,859,859,0,60519952,60519952,0,0,39087937,1023254,11.79,1.51
414,2026-05-16 18:27:42,3,q48,0,6,33,1474,1535,19100,18057,16,21,0,256,0,3,1323761,0,0,602298144,29698109,682742268,0,0,18,18,18,0,1058,1058,0,0,1058,18,12.96,1.47
415,2026-05-16 18:27:44,3,q49,0,18,160,2341,9419,34523,30768,99,153,0,384,0,4315,239215,0,0,5252720952,54107455,2427289576,0,0,15195842,122,122,0,338168684,338168684,0,0,338168684,15195842,14.75,2.34
416,2026-05-16 18:27:48,3,q50,0,7,55,2526,5633,33920,31733,58,57,0,320,0,2736,370352,0,0,4687124776,30377609,786346524,0,0,29262054,595,595,0,610128846,610128846,0,0,610128846,29262054,13.43,2.53
417,2026-05-16 18:27:51,3,q51,0,10,136,2963,4359,41712,37226,174,197,0,512,0,4194,299557,0,0,11015386880,34727295,813282156,0,0,23550796,1924,1924,0,399847488,399847488,0,0,399847488,23550796,14.08,2.96
418,2026-05-16 18:27:55,3,q51a,0,14,203,20978,25154,276721,264759,282,342,2,3544,0,4884,459272,0,0,28096160056,34727295,813282156,0,0,46681572,2859,2859,0,771163543,771163543,0,0,559064286,35219606,13.19,20.98
419,2026-05-16 18:28:17,3,q52,0,4,22,398,386,4598,4238,24,26,0,0,0,43,81948,0,0,379457640,27629207,558029816,0,0,1887,4,4,0,115048,115048,0,0,115048,1887,11.55,0.4
420,2026-05-16 18:28:19,3,q53,0,6,24,603,585,6438,5909,31,29,0,112,0,404,99304,0,0,200738576,27629309,559666544,0,0,25225,17,17,0,593664,593664,0,0,593664,25225,10.68,0.6
421,2026-05-16 18:28:20,3,q54,0,15,87,1818,6469,25414,23958,108,104,0,0,0,1166,5019183,0,0,2690143008,50035987,1263189040,0,0,26873287,321,321,0,251993832,251993832,0,0,251993832,26873287,13.98,1.82
422,2026-05-16 18:28:23,3,q55,0,4,22,398,388,4797,4461,21,25,0,42,0,50,82378,0,0,446566480,27629207,558029816,0,0,1905,5,5,0,114274,114274,0,0,114274,1905,12.05,0.4
423,2026-05-16 18:28:25,3,q56,0,9,62,734,1536,8917,8265,64,82,0,0,0,148,463898,0,0,1055688224,49524836,1382193912,0,0,9885,10,10,0,303094,303094,0,0,303094,9885,12.15,0.73
424,2026-05-16 18:28:26,3,q57,0,11,87,1450,2175,19782,15772,277,147,0,120,0,2449,2306610,0,0,7693701296,14465565,511515644,0,0,1720999,1085,1085,0,69174677,69174677,0,0,45947701,1131739,13.64,1.45
425,2026-05-16 18:28:29,3,q58,0,10,59,1113,2665,14270,13001,62,75,0,0,0,115,782379,0,0,1417089136,49318934,1340186384,0,0,173007,7,7,0,2426497,2426497,0,0,2426497,173007,12.82,1.11
426,2026-05-16 18:28:31,3,q59,0,10,27,994,1029,8622,7969,28,28,0,7,0,488,751663,0,0,1438681568,27620460,479424808,0,0,79764,38,38,0,2467734,2467734,0,0,1412944,58497,8.67,0.99
427,2026-05-16 18:28:33,3,q60,0,9,62,1121,2435,14038,12708,70,86,0,0,0,273,463898,0,0,1676360952,49524836,1382128376,0,0,71818,16,16,0,1401709,1401709,0,0,1401709,71818,12.52,1.12
428,2026-05-16 18:28:35,3,q61,0,10,51,847,1352,9735,9231,13,29,0,0,0,5,5019183,0,0,1122073200,55887016,1246117972,0,0,36,36,36,0,2072,2072,0,0,2072,36,11.49,0.85
429,2026-05-16 18:28:37,3,q62,0,6,21,483,473,5884,5219,126,24,0,128,0,226,102016,0,0,138730216,7220160,255516644,0,0,6720,16,16,0,573858,573858,0,0,573858,6720,12.18,0.48
430,2026-05-16 18:28:39,3,q63,0,6,24,514,497,5449,5117,24,27,0,0,0,198,98616,0,0,200673040,27629309,559670640,0,0,5472,17,17,0,197943,197943,0,0,197943,5472,10.6,0.51
431,2026-05-16 18:28:40,3,q64,0,23,172,6660,18598,98156,90571,165,218,4,800,0,7074,13538328,0,0,35316849912,49118817,1774517852,0,0,52026303,2753,2753,0,1941744354,1941744354,0,0,1795539375,48487731,14.74,6.66
432,2026-05-16 18:28:48,3,q65,0,10,93,1670,3140,24170,21792,137,148,1,160,0,1745,9163347,0,0,6830270912,55136516,1103563664,0,0,12053707,561,561,0,394360560,394360560,0,0,394360560,12053707,14.47,1.67
433,2026-05-16 18:28:51,3,q66,0,8,40,1130,1353,13366,10293,84,87,0,128,0,105,147441,0,0,2706214264,21603659,873611500,0,0,350,35,35,0,133208,133208,0,0,133208,350,11.83,1.13
434,2026-05-16 18:28:53,3,q67,0,6,40,6477,6424,77104,74697,61,63,0,961,0,1331,4629135,0,0,7267753424,27629309,586560880,0,0,10124896,289,289,0,701298796,701298796,0,0,701298796,10124896,11.9,6.48
435,2026-05-16 18:29:01,3,q67a,0,14,183,10710,35660,145346,135508,345,380,0,1613,0,5549,4629135,0,0,27103724768,27629309,586560880,0,0,54552870,2600,2600,0,3538011866,3538011866,0,0,811768194,13109678,13.57,10.71
436,2026-05-16 18:29:13,3,q68,0,7,30,866,995,8985,8056,28,30,2,5,0,207,15301580,0,0,524003480,28284509,740171848,0,0,6174,16,16,0,460871,460871,0,0,460871,6174,10.38,0.87
437,2026-05-16 18:29:15,3,q69,0,11,81,980,2113,9485,8242,35,68,1,0,0,391,28676375,0,0,3801669616,51741636,1103600644,0,0,1902029,65,65,0,9509500,9509500,0,0,9509500,1902029,9.68,0.98
438,2026-05-16 18:29:17,3,q70,0,9,43,1002,944,11779,10838,56,60,0,128,0,78,189966,0,0,1495011464,55034618,1000273064,0,0,269,34,34,0,15484,15484,0,0,15484,269,11.76,1.0
439,2026-05-16 18:29:19,3,q70a,0,12,48,1018,913,10541,9938,63,69,0,0,0,81,188958,0,0,893128768,55034618,1000273064,0,0,312,71,71,0,20929,20929,0,0,11265,216,10.35,1.02
440,2026-05-16 18:29:21,3,q71,0,7,58,1007,975,12412,11320,88,93,0,128,0,231,360932,0,0,937227208,49212836,1329864992,0,0,32235,31,31,0,1626141,1626141,0,0,983941,21123,12.33,1.01
441,2026-05-16 18:29:23,3,q72,0,15,124,16958,21447,227926,221101,127,161,0,1039,0,6352,6575783,0,0,19933730552,151090031,1585147464,0,0,142246513,2041,2041,0,2052783779,2052783779,0,0,2052783779,142246513,13.44,16.96
442,2026-05-16 18:29:41,3,q73,0,8,30,514,747,5521,4835,30,34,2,26,0,158,16394969,0,0,406153864,28034509,476109360,0,0,5455,33,33,0,276235,276235,0,0,138423,2732,10.74,0.51
443,2026-05-16 18:29:43,3,q74,0,13,133,3339,10859,45237,29752,254,221,6,2303,0,5549,15491653,0,0,16184335400,69954590,1567842592,0,0,1778475,1151,1151,0,61603380,61603380,0,0,61603380,1778475,13.55,3.34
444,2026-05-16 18:29:48,3,q75,0,19,223,4966,18630,77376,65954,208,282,0,1408,0,7738,316496,0,0,11805162464,103281460,3563276792,0,0,14156496,1612,1612,0,332581029,332581029,0,0,226037306,9118708,15.58,4.97
445,2026-05-16 18:29:54,3,q76,0,4,55,1485,1455,21229,19804,81,81,0,0,0,505,917299,0,0,4002530168,48287050,1395537536,0,0,3731,51,51,0,357657,357657,0,0,357657,3731,14.3,1.48
446,2026-05-16 18:29:56,3,q77,0,14,109,1507,6349,21163,19164,104,133,0,0,0,134,81948,0,0,1071750256,53976030,2133018128,0,0,1637,39,39,0,110579,110579,0,0,110579,1637,14.04,1.51
447,2026-05-16 18:29:59,3,q77a,0,17,114,1436,5924,18705,16458,119,145,0,544,0,120,87192,0,0,1677826968,53976030,2133018128,0,0,1762,48,48,0,147189,147189,0,0,105693,1432,13.03,1.44
448,2026-05-16 18:30:01,3,q78,0,12,169,8129,26904,123625,108530,226,216,0,2384,0,7884,409436,0,0,21320052176,54108624,2237514504,0,0,62125308,2550,2550,0,1814219610,1814219610,0,0,1814219610,62125308,15.21,8.13
449,2026-05-16 18:30:11,3,q79,0,7,31,917,1083,10926,9800,33,36,1,0,0,628,12765592,0,0,1520370944,28034509,607783536,0,0,80466,54,54,0,3237733,3237733,0,0,3237733,80466,11.91,0.92
450,2026-05-16 18:30:13,3,q80,0,17,161,7987,36137,122565,113539,104,177,2,2176,0,7492,188410,0,0,14185165104,54223268,2379167728,0,0,53052375,1737,1737,0,1564177600,1564177600,0,0,1564177600,53052375,15.35,7.99
451,2026-05-16 18:30:22,3,q80a,0,20,166,7125,30330,107831,99900,146,199,0,2288,0,6209,188453,0,0,14657024136,54223268,2379167728,0,0,53053332,1748,1748,0,1564293212,1564293212,0,0,1564190462,53052306,15.13,7.12
452,2026-05-16 18:30:30,3,q81,0,11,56,787,1508,8151,6701,63,64,2,40,0,1199,20721956,0,0,3979685040,3899764,548093072,0,0,808731,131,131,0,13556730,13556730,0,0,13556730,808731,10.36,0.79
453,2026-05-16 18:30:32,3,q82,0,6,56,1498,2623,18696,17473,45,51,0,256,0,734,158044,0,0,1652122344,162032501,1238672880,0,0,13778665,346,346,0,133285994,133285994,0,0,133285994,28800829,12.48,1.5
454,2026-05-16 18:30:34,3,q83,0,10,56,706,1619,8094,7169,64,72,0,0,0,429,782379,0,0,1381402608,5226039,725480728,0,0,43744,16,16,0,780733,780733,0,0,780733,43744,11.46,0.71
455,2026-05-16 18:30:36,3,q84,0,9,52,676,981,4290,3257,49,44,0,544,0,570,9716344,0,0,529996992,5555652,266773736,0,0,2778834,30,30,0,14633286,14633286,0,0,14633286,2778834,6.35,0.68
456,2026-05-16 18:30:38,3,q85,0,10,75,1305,3081,12284,10270,57,78,0,360,0,1447,16953813,0,0,8635287000,12032207,623582596,0,0,915638,551,551,0,35144327,35144327,0,0,35144327,915638,9.41,1.3
457,2026-05-16 18:30:40,3,q86,0,5,21,686,646,8827,8190,24,24,0,0,0,139,1857112,0,0,1309470056,7322088,276921288,0,0,2485,16,16,0,179211,179211,0,0,179211,2485,12.87,0.69
458,2026-05-16 18:30:42,3,q86a,0,8,26,642,585,6884,5556,28,30,0,160,0,559,1857112,0,0,1915546640,7322088,276921288,0,0,7099,54,54,0,544610,544610,0,0,195540,2589,10.72,0.64
459,2026-05-16 18:30:44,3,q87,0,10,97,1916,4399,24665,21125,124,131,1,192,0,2417,12765592,0,0,9866774384,49570836,1075355416,0,0,1688094,661,661,0,45241997,45241997,0,0,45241997,1688094,12.87,1.92
460,2026-05-16 18:30:47,3,q88,0,26,162,2325,15342,34781,30710,38,99,0,765,0,17,42159,0,0,463457664,230611310,3534439280,0,0,144,144,144,0,8495,8495,0,0,8495,144,14.96,2.33
461,2026-05-16 18:30:50,3,q89,0,6,24,645,623,6716,5817,28,30,0,0,0,275,108570,0,0,1274610944,27629309,559396208,0,0,24922,17,17,0,1525398,1525398,0,0,1525398,24922,10.41,0.64
462,2026-05-16 18:30:52,3,q90,0,8,38,470,614,6624,6185,11,20,0,96,0,4,38053,0,0,103596544,14447576,498975996,0,0,32,32,32,0,1888,1888,0,0,1888,32,14.09,0.47
463,2026-05-16 18:30:53,3,q91,0,10,40,490,558,4292,4033,33,38,0,0,0,6,9531965,0,0,1093109944,4137906,310769080,0,0,49,7,7,0,7077,7077,0,0,4444,32,8.76,0.49
464,2026-05-16 18:30:55,3,q92,0,7,39,608,1105,8557,7366,176,33,0,533,0,310,709477,0,0,178103200,14522176,550383884,0,0,157511,29,29,0,2215693,2215693,0,0,2215693,157511,14.07,0.61
465,2026-05-16 18:30:57,3,q93,0,5,53,4108,6272,53324,51005,103,51,0,672,0,2907,144661,0,0,5766380072,31678178,800059272,0,0,31635854,595,595,0,783850051,783850051,0,0,783850051,31635854,12.98,4.11
466,2026-05-16 18:31:02,3,q94,0,8,70,1387,3794,20555,17771,56,63,0,726,0,1650,3809096,0,0,3571011840,15390492,714493020,0,0,14397040,561,561,0,222652012,222652012,0,0,222652012,14397040,14.82,1.39
467,2026-05-16 18:31:04,3,q95,0,8,70,3670,6113,51548,42923,60,70,0,1398,0,1570,3809906,0,0,14560086280,15390492,771287904,0,0,35990240,1377,1377,0,327372603,327372603,0,0,201776532,14395274,14.05,3.67
468,2026-05-16 18:31:09,3,q96,0,5,22,411,411,4592,4301,9,10,0,112,0,2,42331,0,0,57485232,28827803,443601936,0,0,18,18,18,0,1062,1062,0,0,1062,18,11.17,0.41
469,2026-05-16 18:31:10,3,q97,0,5,54,1804,2407,24603,21869,77,74,0,384,0,715,160565,0,0,7393609480,41870748,938312528,0,0,8381511,544,544,0,97702931,97702931,0,0,97702931,8381511,13.64,1.8
470,2026-05-16 18:31:13,3,q98,0,7,29,885,808,7541,7073,37,39,3,0,0,70,3268117,0,0,930099048,27629207,566639608,0,0,79963,22,22,0,10269191,10269191,0,0,8416966,64799,8.52,0.88
471,2026-05-16 18:31:15,3,q99,0,6,22,864,853,11471,10460,24,26,0,272,0,203,108220,0,0,143187720,14420479,474236772,0,0,11520,16,16,0,926824,926824,0,0,926824,11520,13.28,0.86
472,2026-05-16 18:31:17,4,q1,0,10,66,776,1320,9567,8011,67,74,0,0,0,1376,5073369,0,0,4213163072,6074604,532072376,0,0,1616534,294,294,0,25958896,25958896,0,0,25958896,1616534,12.33,0.78
473,2026-05-16 18:31:19,4,q2,0,9,41,873,810,10849,9859,45,49,0,192,0,140,751663,0,0,440945584,21656678,697627440,0,0,5386,101,101,0,240223,240223,0,0,89939,3714,12.43,0.87
474,2026-05-16 18:31:21,4,q3,0,4,22,452,441,4867,4561,23,24,0,0,0,75,82851,0,0,114704360,27682256,558038008,0,0,1541,11,11,0,116938,116938,0,0,116938,1541,10.77,0.45
475,2026-05-16 18:31:22,4,q4,0,19,220,5777,28319,79739,68170,367,391,8,2349,0,7585,36929021,0,0,33856292464,98641672,3306594720,0,0,3073029,2635,2635,0,203896634,203896634,0,0,203896634,3073029,13.8,5.78
476,2026-05-16 18:31:29,4,q5,0,11,140,2544,5483,38648,34056,134,183,0,800,0,1706,315528,0,0,3287095736,61187960,2414022388,0,0,7890322,575,575,0,113520705,113520705,0,0,113520705,7890322,15.19,2.54
477,2026-05-16 18:31:33,4,q5a,0,14,145,2907,5953,42810,37391,138,190,0,1104,0,1888,315528,0,0,3826063608,61187960,2414022388,0,0,7892324,588,588,0,113700754,113700754,0,0,113567508,7890500,14.73,2.91
478,2026-05-16 18:31:37,4,q6,0,11,52,1703,3526,22428,19595,50,55,0,576,0,1007,2111032,0,0,5012926032,28554256,516726208,0,0,27358702,342,342,0,236773792,236773792,0,0,236773792,27358702,13.17,1.7
479,2026-05-16 18:31:40,4,q7,0,7,35,1074,1106,12978,12349,33,38,0,0,0,247,782379,0,0,1254229176,29550507,766897708,0,0,72652,34,34,0,2706855,2706855,0,0,2706855,72652,12.08,1.07
480,2026-05-16 18:31:42,4,q8,0,10,34,1059,1009,11374,10132,41,44,0,512,0,30,2361205,0,0,1634323840,28527309,515660200,0,0,6695,9,9,0,81675,81675,0,0,81675,6695,10.74,1.06
481,2026-05-16 18:31:44,4,q9,0,11,96,1330,6040,19372,17460,24,63,0,144,0,11,38232,0,0,0,144002542,2709643264,0,0,90,90,90,0,7389,7389,0,0,7389,90,14.57,1.33
482,2026-05-16 18:31:46,4,q10,0,13,92,1164,3031,13623,12050,49,76,0,378,0,906,596558,0,0,1543360552,51741636,1103797252,0,0,4321867,105,105,0,66532690,66532690,0,0,66532690,4321867,11.7,1.16
483,2026-05-16 18:31:49,4,q10a,0,10,91,727,1530,8606,8185,50,84,0,0,0,845,154690,0,0,2060869584,51741636,1103797252,0,0,4289247,218,218,0,66497152,66497152,0,0,66497152,4289247,11.84,0.73
484,2026-05-16 18:31:50,4,q11,0,15,149,3053,9244,38243,33121,197,221,9,176,0,4789,36928978,0,0,21934987920,69954590,1697939744,0,0,1991424,1444,1444,0,124491512,124491512,0,0,124491512,1991424,12.53,3.05
485,2026-05-16 18:31:54,4,q12,0,5,22,510,468,4689,4235,26,24,0,0,0,50,3268117,0,0,571950832,7322088,283323164,0,0,27697,8,8,0,3648303,3648303,0,0,3648303,27697,9.19,0.51
486,2026-05-16 18:31:56,4,q13,0,7,34,1282,1353,16816,15519,17,20,0,224,0,2,1303376,0,0,622088352,29705309,858688536,0,0,18,18,18,0,1360,1360,0,0,1360,18,13.12,1.28
487,2026-05-16 18:31:58,4,q14a,0,30,262,7347,16536,92189,83301,328,370,0,1390,0,6567,1189316,0,0,10728855624,147620508,3763729120,0,0,62679141,731,731,0,833986164,833986164,0,0,830983384,62592617,12.55,7.35
488,2026-05-16 18:32:08,4,q14b,0,24,204,5037,11305,71061,66097,252,276,17,432,0,3471,1189316,0,0,8255620336,126222977,2971058152,0,0,68418017,679,679,0,934409681,934409681,0,0,490514426,40910810,14.11,5.04
489,2026-05-16 18:32:14,4,q14,0,24,200,3772,9676,49226,46309,303,307,0,912,0,2777,1162249,0,0,7179093520,126222977,2971058152,0,0,68308380,595,595,0,925556064,925556064,0,0,481660809,40801173,13.05,3.77
490,2026-05-16 18:32:19,4,q15,0,5,27,1055,1033,12851,12245,25,29,0,0,0,38,5019183,0,0,1030526304,15113541,480248888,0,0,1174,4,4,0,53826,53826,0,0,53826,1174,12.18,1.06
491,2026-05-16 18:32:21,4,q16,0,8,72,2418,6368,35002,30706,57,72,0,800,0,2423,216469,0,0,4703921456,30510756,1131123940,0,0,30114572,867,867,0,423119726,423119726,0,0,423119726,30114572,14.48,2.42
492,2026-05-16 18:32:24,4,q17,0,10,91,4791,11173,65115,60791,112,97,1,1280,0,4938,6944832,0,0,7880912176,44770101,1289527996,0,0,45538041,1160,1160,0,1079464480,1079464480,0,0,1079464480,45538041,13.59,4.79
493,2026-05-16 18:32:30,4,q18,0,9,53,1496,1586,16255,14979,50,59,0,121,0,298,9716301,0,0,3669414416,19057141,711315376,0,0,57715,68,68,0,4945912,4945912,0,0,4945912,57715,10.87,1.5
494,2026-05-16 18:32:33,4,q18a,0,17,130,4031,11514,54939,50090,170,184,0,544,0,1811,9716430,0,0,16239163328,77283305,3292197064,0,0,65807,90,90,0,6176099,6176099,0,0,6176099,65807,13.63,4.03
495,2026-05-16 18:32:38,4,q19,0,7,31,729,716,7136,6504,31,35,0,176,0,55,5019183,0,0,1177435312,28379309,606515552,0,0,4376,5,5,0,308494,308494,0,0,308494,4376,9.79,0.73
496,2026-05-16 18:32:40,4,q20,0,5,24,466,423,3793,3445,27,29,0,0,0,51,3268117,0,0,649837392,14465541,509473692,0,0,40260,12,12,0,5209200,5209200,0,0,5209200,40260,8.14,0.47
497,2026-05-16 18:32:41,4,q21,0,6,24,899,887,11230,10770,26,28,0,0,0,46,91704,0,0,466625832,133232010,765532980,0,0,127600,10,10,0,2502845,2502845,0,0,2502845,127600,12.49,0.9
498,2026-05-16 18:32:43,4,q22,0,6,39,29291,29249,139158,137209,89,62,0,1106,0,172,4629135,0,0,2072800152,133232010,745181988,0,0,1631476,153,153,0,68620295,68620295,0,0,68620295,1631476,4.75,29.29
499,2026-05-16 18:33:14,4,q22a,0,10,87,2572,3134,21771,19302,137,153,0,16,0,1917,4629135,0,0,8765073152,133232010,745388852,0,0,1428768,391,391,0,71242445,71242445,0,0,20136405,409288,8.46,2.57
500,2026-05-16 18:33:17,4,q23a,0,18,183,6716,13923,97125,90205,194,223,1,1376,0,5648,6575826,0,0,13198937680,106020544,2325301556,0,0,42450830,1196,1196,0,1030784978,1030784978,0,0,994746971,40085981,14.46,6.72
501,2026-05-16 18:33:25,4,q23b,0,21,209,7623,14983,105159,95018,263,288,6,1839,0,5976,6575826,0,0,26174278816,106520544,2346429360,0,0,48143010,2482,2482,0,1128320782,1128320782,0,0,1007119317,40548463,13.79,7.62
502,2026-05-16 18:33:34,4,q24,0,8,63,2954,8419,40035,37042,54,57,1,736,0,2720,20636865,0,0,7068696000,32530235,871034256,0,0,29735885,578,578,0,704024556,704024556,0,0,704024556,29735885,13.55,2.95
503,2026-05-16 18:33:38,4,q24a,0,13,85,4448,8596,54441,52024,79,93,1,192,0,2845,18087253,0,0,16497845272,32632235,873581408,0,0,59478907,1188,1188,0,1408992810,1408992810,0,0,704968254,29743022,12.24,4.45
504,2026-05-16 18:33:43,4,q24b,0,13,85,3903,8053,46097,44816,88,94,1,240,0,3060,18087296,0,0,15891776752,32632235,873581408,0,0,59478765,1176,1176,0,1408969042,1408969042,0,0,704944486,29742880,11.81,3.9
505,2026-05-16 18:33:48,4,q25,0,10,91,5005,11762,69076,64799,73,89,0,992,0,4249,6944746,0,0,7880887560,44770101,1402541108,0,0,45538038,1157,1157,0,1099708522,1099708522,0,0,1099708522,45538038,13.8,5.0
506,2026-05-16 18:33:54,4,q26,0,6,32,1054,1073,12489,11877,28,34,0,0,0,202,782379,0,0,703166184,16386841,624102108,0,0,39337,15,15,0,1605317,1605317,0,0,1605317,39337,11.85,1.05
507,2026-05-16 18:33:56,4,q27,0,7,35,968,996,10789,10091,38,38,0,60,0,262,782379,0,0,1456022384,29550109,741608524,0,0,59464,34,34,0,2395045,2395045,0,0,2395045,59464,11.15,0.97
508,2026-05-16 18:33:58,4,q27a,0,11,75,1979,4077,28024,26043,75,91,0,336,0,579,782379,0,0,1465085504,84666625,2172067148,0,0,61239,51,51,0,2627792,2627792,0,0,2627792,61239,14.16,1.98
509,2026-05-16 18:34:02,4,q28,0,18,123,2675,14955,40033,35079,97,130,0,608,0,3808,53047,0,0,7681078608,172802970,3511762416,0,0,704147,171,171,0,11397800,11397800,0,0,11397800,704147,14.97,2.68
510,2026-05-16 18:34:05,4,q29,0,11,92,4905,12285,67021,63556,66,91,1,560,0,4331,6944789,0,0,7880995000,44790101,1291832004,0,0,45538045,1162,1162,0,1079465255,1079465255,0,0,1079465255,45538045,13.66,4.9
511,2026-05-16 18:34:11,4,q30,0,11,61,776,1613,5859,4740,95,92,0,0,0,1197,1992893,0,0,3053320632,2395518,516565384,0,0,756891,62,62,0,60329041,60329041,0,0,60329041,756891,7.55,0.78
512,2026-05-16 18:34:13,4,q31,0,19,116,1933,8776,26813,23002,129,151,0,416,0,769,3832889,0,0,3661884384,104431885,2300981856,0,0,69431,47,47,0,2407135,2407135,0,0,2023223,58379,13.87,1.93
513,2026-05-16 18:34:16,4,q32,0,7,41,790,1386,11148,10391,320,36,0,432,0,143,710182,0,0,180415096,28809082,991451332,0,0,167838,26,26,0,2270194,2270194,0,0,2270194,167838,14.11,0.79
514,2026-05-16 18:34:18,4,q33,0,9,62,1116,2414,14031,13050,64,79,0,0,0,189,889109,0,0,1112001560,49524836,1381931768,0,0,10900,12,12,0,299975,299975,0,0,299975,10900,12.57,1.12
515,2026-05-16 18:34:20,4,q34,0,8,30,540,753,5372,4896,31,35,2,0,0,254,16394969,0,0,406751880,28034509,476109360,0,0,20445,33,33,0,752749,752749,0,0,404096,10675,9.95,0.54
516,2026-05-16 18:34:22,4,q35,0,10,86,1321,2786,16409,12900,55,85,0,480,0,1767,23973811,0,0,8147275976,51741636,1103461380,0,0,6056607,483,483,0,16242855,16242855,0,0,16242855,6056607,12.42,1.32
517,2026-05-16 18:34:24,4,q35a,0,9,86,1078,1461,10107,8477,59,87,0,617,0,1288,23973682,0,0,7365038568,51741636,1103461380,0,0,6053510,447,447,0,16207218,16207218,0,0,16207218,6053510,9.38,1.08
518,2026-05-16 18:34:26,4,q36,0,6,24,1109,1074,14800,14007,28,29,0,0,0,145,1857112,0,0,1416504176,27629309,663836680,0,0,2672,17,17,0,213306,213306,0,0,213306,2672,13.35,1.11
519,2026-05-16 18:34:28,4,q36a,0,9,29,885,825,9582,9004,33,36,0,0,0,142,1857112,0,0,1955472048,27629309,663836680,0,0,7291,54,54,0,609921,609921,0,0,218135,2653,10.83,0.88
520,2026-05-16 18:34:30,4,q37,0,6,55,1246,1924,15663,14491,49,51,0,352,0,629,157657,0,0,880361848,147632425,1207887060,0,0,4316414,314,314,0,69743177,69743177,0,0,69743177,14400617,12.57,1.25
521,2026-05-16 18:34:33,4,q38,0,10,97,1882,4319,24292,20800,123,132,1,224,0,2262,12765592,0,0,9866774384,49570836,1075355416,0,0,1688094,661,661,0,45241997,45241997,0,0,45241997,1688094,12.91,1.88
522,2026-05-16 18:34:36,4,q39a,0,11,90,2042,3558,26955,24764,199,169,0,256,0,805,802546,0,0,4211899344,266362010,1505525044,0,0,3607909,148,148,0,74539489,74539489,0,0,52721319,2587909,13.2,2.04
523,2026-05-16 18:34:39,4,q39b,0,11,90,1629,2874,20019,19154,154,165,0,295,0,398,520274,0,0,4113333200,266362010,1505525044,0,0,3571488,148,148,0,73340574,73340574,0,0,51522404,2551488,12.29,1.63
524,2026-05-16 18:34:41,4,q40,0,7,55,1700,4170,24214,22231,42,53,0,0,0,2156,173485,0,0,4141621464,15905433,770042316,0,0,15748014,578,578,0,311368182,311368182,0,0,311368182,15748014,14.24,1.7
525,2026-05-16 18:34:44,4,q41,0,4,6,153,123,135,119,7,8,0,0,0,7,12426,0,0,202903480,204000,8797088,0,0,140,2,2,0,9680,9680,0,0,9680,140,0.88,0.15
526,2026-05-16 18:34:45,4,q42,0,4,22,400,389,4976,4208,22,25,0,304,0,11,82636,0,0,379457640,27629207,557898744,0,0,44,4,4,0,3648,3648,0,0,3648,44,12.44,0.4
527,2026-05-16 18:34:47,4,q43,0,4,21,450,427,5334,4868,27,29,0,0,0,53,83496,0,0,109903832,27527309,474261408,0,0,336,16,16,0,42822,42822,0,0,42822,336,11.85,0.45
528,2026-05-16 18:34:48,4,q44,0,8,51,870,926,8907,8256,47,51,0,0,0,536,1663841,0,0,1588520232,57701322,1092193576,0,0,888138,208,208,0,11729535,11729535,0,0,5866365,444133,10.24,0.87
529,2026-05-16 18:34:50,4,q45,0,7,30,754,787,6420,6154,27,28,0,0,0,10,5019183,0,0,2009365456,8092088,305764116,0,0,29,5,5,0,2649,2649,0,0,2649,29,8.51,0.75
530,2026-05-16 18:34:52,4,q46,0,7,30,1111,1246,13103,12211,29,34,2,0,0,327,15301537,0,0,659091400,28284509,613687368,0,0,27956,17,17,0,1493333,1493333,0,0,1493333,27956,11.79,1.11
531,2026-05-16 18:34:54,4,q47,0,11,77,1592,2182,18523,15714,127,120,0,322,0,1840,2306610,0,0,6482903000,27629309,559056240,0,0,1590409,859,859,0,60519952,60519952,0,0,39087937,1023254,11.64,1.59
532,2026-05-16 18:34:57,4,q48,0,6,33,1456,1546,18281,17328,17,20,0,304,0,4,1323761,0,0,602298144,29698109,682742268,0,0,18,18,18,0,1058,1058,0,0,1058,18,12.56,1.46
533,2026-05-16 18:34:59,4,q49,0,18,160,2467,9521,36296,31740,91,144,0,1072,0,4063,239215,0,0,5252720952,54107455,2427289576,0,0,15195842,122,122,0,338168684,338168684,0,0,338168684,15195842,14.71,2.47
534,2026-05-16 18:35:03,4,q50,0,7,55,2579,5907,35792,33377,47,57,0,592,0,2263,370352,0,0,4687124776,30377609,786346524,0,0,29262054,595,595,0,610128846,610128846,0,0,610128846,29262054,13.88,2.58
535,2026-05-16 18:35:06,4,q51,0,10,136,2897,4249,41006,36306,187,202,0,816,0,4109,299557,0,0,11015386880,34727295,813282156,0,0,23550796,1924,1924,0,399847488,399847488,0,0,399847488,23550796,14.15,2.9
536,2026-05-16 18:35:10,4,q51a,0,14,203,21018,24818,274865,263918,299,341,0,3622,0,4876,459272,0,0,28096160056,34727295,813282156,0,0,46681572,2859,2859,0,771163543,771163543,0,0,559064286,35219606,13.08,21.02
537,2026-05-16 18:35:32,4,q52,0,4,22,338,326,3859,3582,23,26,0,0,0,42,81948,0,0,379457640,27629207,558029816,0,0,1887,4,4,0,115048,115048,0,0,115048,1887,11.42,0.34
538,2026-05-16 18:35:34,4,q53,0,6,24,745,724,8311,7874,26,28,0,16,0,243,98788,0,0,200738576,27629309,559666544,0,0,25225,17,17,0,593664,593664,0,0,593664,25225,11.16,0.74
539,2026-05-16 18:35:36,4,q54,0,15,87,1899,6959,26215,24614,98,110,0,96,0,1459,5019183,0,0,2690143008,50035987,1263189040,0,0,26873287,321,321,0,251993832,251993832,0,0,251993832,26873287,13.8,1.9
540,2026-05-16 18:35:39,4,q55,0,4,22,410,399,4818,4510,21,23,0,0,0,51,82077,0,0,446566480,27629207,558029816,0,0,1905,5,5,0,114274,114274,0,0,114274,1905,11.75,0.41
541,2026-05-16 18:35:40,4,q56,0,9,62,890,1890,10989,10122,71,81,0,0,0,139,463898,0,0,1055688224,49524836,1382193912,0,0,9885,10,10,0,303094,303094,0,0,303094,9885,12.35,0.89
542,2026-05-16 18:35:42,4,q57,0,11,87,1572,2388,20881,16866,149,146,0,20,0,2659,2306696,0,0,7693701296,14465565,511515644,0,0,1720999,1085,1085,0,69174677,69174677,0,0,45947701,1131739,13.28,1.57
543,2026-05-16 18:35:45,4,q58,0,10,59,1069,2424,12513,11096,62,77,0,128,0,131,782379,0,0,1417089136,49318934,1340186384,0,0,173007,7,7,0,2426497,2426497,0,0,2426497,173007,11.71,1.07
544,2026-05-16 18:35:47,4,q59,0,10,27,926,959,7635,7141,25,27,0,0,0,339,751663,0,0,1438681568,27620460,479424808,0,0,79764,38,38,0,2467734,2467734,0,0,1412944,58497,8.25,0.93
545,2026-05-16 18:35:49,4,q60,0,9,62,915,1888,10788,9746,73,85,0,18,0,237,463984,0,0,1676360952,49524836,1382128376,0,0,71818,16,16,0,1401709,1401709,0,0,1401709,71818,11.79,0.92
546,2026-05-16 18:35:51,4,q61,0,10,51,998,1539,11269,10534,14,28,0,128,0,5,5019183,0,0,1122073200,55887016,1246117972,0,0,36,36,36,0,2072,2072,0,0,2072,36,11.29,1.0
547,2026-05-16 18:35:53,4,q62,0,6,21,415,404,4813,4287,24,24,0,0,0,243,101328,0,0,138730216,7220160,255516644,0,0,6720,16,16,0,573858,573858,0,0,573858,6720,11.6,0.42
548,2026-05-16 18:35:54,4,q63,0,6,24,550,534,6043,5617,30,29,0,0,0,212,98616,0,0,200673040,27629309,559670640,0,0,5472,17,17,0,197943,197943,0,0,197943,5472,10.99,0.55
549,2026-05-16 18:35:56,4,q64,0,23,172,6975,37085,103653,94970,180,219,12,1104,0,7887,13538414,0,0,35316849912,49118817,1774517852,0,0,52026303,2753,2753,0,1941744354,1941744354,0,0,1795539375,48487731,14.86,6.98
550,2026-05-16 18:36:04,4,q65,0,10,93,1653,3086,24072,21720,134,148,2,176,0,2061,9163347,0,0,6830270912,55136516,1103563664,0,0,12053707,561,561,0,394360560,394360560,0,0,394360560,12053707,14.56,1.65
551,2026-05-16 18:36:07,4,q66,0,8,40,1250,1450,14043,11267,81,85,0,144,0,108,147441,0,0,2706214264,21603659,873611500,0,0,350,35,35,0,133208,133208,0,0,133208,350,11.23,1.25
552,2026-05-16 18:36:09,4,q67,0,6,40,6675,6620,79029,76414,63,62,0,1068,0,1368,4629135,0,0,7267753424,27629309,586560880,0,0,10124896,289,289,0,701298796,701298796,0,0,701298796,10124896,11.84,6.68
553,2026-05-16 18:36:17,4,q67a,0,14,183,10222,35114,137673,128177,377,367,0,1482,0,5174,4629135,0,0,27103724768,27629309,586560880,0,0,54552870,2600,2600,0,3538011866,3538011866,0,0,811768194,13109678,13.47,10.22
554,2026-05-16 18:36:28,4,q68,0,7,30,930,1068,10670,9861,29,35,2,0,0,188,15301537,0,0,524003480,28284509,740171848,0,0,6174,16,16,0,460871,460871,0,0,460871,6174,11.47,0.93
555,2026-05-16 18:36:30,4,q69,0,11,81,1023,2326,10436,8848,31,67,2,144,0,470,28676375,0,0,3801669616,51741636,1103600644,0,0,1902029,65,65,0,9509500,9509500,0,0,9509500,1902029,10.2,1.02
556,2026-05-16 18:36:32,4,q70,0,9,43,1065,1008,13432,12445,58,59,0,112,0,77,190568,0,0,1495011464,55034618,1000273064,0,0,269,34,34,0,15484,15484,0,0,15484,269,12.61,1.06
557,2026-05-16 18:36:35,4,q70a,0,12,48,912,809,8712,8114,63,68,0,0,0,80,188958,0,0,893128768,55034618,1000273064,0,0,312,71,71,0,20929,20929,0,0,11265,216,9.55,0.91
558,2026-05-16 18:36:37,4,q71,0,7,58,1157,1127,13140,12165,75,93,0,105,0,214,360932,0,0,937227208,49212836,1329864992,0,0,32235,31,31,0,1626141,1626141,0,0,983941,21123,11.36,1.16
559,2026-05-16 18:36:39,4,q72,0,15,124,17170,22856,234398,226409,127,161,1,1872,0,6036,6575826,0,0,19933730552,151090031,1585147464,0,0,142246513,2041,2041,0,2052783779,2052783779,0,0,2052783779,142246513,13.65,17.17
560,2026-05-16 18:36:57,4,q73,0,8,30,556,773,6713,5836,27,32,2,192,0,142,16394969,0,0,406153864,28034509,476109360,0,0,5455,33,33,0,276235,276235,0,0,138423,2732,12.07,0.56
561,2026-05-16 18:36:59,4,q74,0,13,133,2847,9493,39303,33566,165,188,1,224,0,4603,15491653,0,0,16184335400,69954590,1567842592,0,0,1778475,1151,1151,0,61603380,61603380,0,0,61603380,1778475,13.81,2.85
562,2026-05-16 18:37:03,4,q75,0,19,223,4829,18482,74551,64031,195,272,0,1920,0,6809,316711,0,0,11805162464,103281460,3563276792,0,0,14156496,1612,1612,0,332581029,332581029,0,0,226037306,9118708,15.44,4.83
563,2026-05-16 18:37:09,4,q76,0,4,55,1236,1203,17816,16156,68,81,0,96,0,404,917299,0,0,4002530168,48287050,1395537536,0,0,3731,51,51,0,357657,357657,0,0,357657,3731,14.41,1.24
564,2026-05-16 18:37:11,4,q77,0,14,109,1306,5798,18397,16603,98,127,0,80,0,173,81948,0,0,1071750256,53976030,2133018128,0,0,1637,39,39,0,110579,110579,0,0,110579,1637,14.09,1.31
565,2026-05-16 18:37:13,4,q77a,0,17,114,1339,5377,16912,15014,126,148,0,112,0,127,87192,0,0,1677826968,53976030,2133018128,0,0,1762,48,48,0,147189,147189,0,0,105693,1432,12.63,1.34
566,2026-05-16 18:37:16,4,q78,0,12,169,7816,25246,119805,110620,183,214,0,1303,0,7892,408748,0,0,21320052176,54108624,2237514504,0,0,62125308,2550,2550,0,1814219610,1814219610,0,0,1814219610,62125308,15.33,7.82
567,2026-05-16 18:37:25,4,q79,0,7,31,848,995,9670,8859,35,37,1,6,0,276,12765592,0,0,1520370944,28034509,607783536,0,0,80466,54,54,0,3237733,3237733,0,0,3237733,80466,11.4,0.85
568,2026-05-16 18:37:27,4,q80,0,17,161,7530,34419,115819,107968,112,178,0,1228,0,7673,188453,0,0,14185165104,54223268,2379167728,0,0,53052375,1737,1737,0,1564177600,1564177600,0,0,1564177600,53052375,15.38,7.53
569,2026-05-16 18:37:35,4,q80a,0,20,166,7071,24209,107700,102643,142,197,0,1072,0,6020,188453,0,0,14657024136,54223268,2379167728,0,0,53053332,1748,1748,0,1564293212,1564293212,0,0,1564190462,53052306,15.23,7.07
570,2026-05-16 18:37:44,4,q81,0,11,56,664,1274,6658,4685,59,63,2,0,0,1492,20721956,0,0,3979685040,3899764,548093072,0,0,808731,131,131,0,13556730,13556730,0,0,13556730,808731,10.03,0.66
571,2026-05-16 18:37:45,4,q82,0,6,56,1514,2641,19004,17759,46,50,0,272,0,697,158044,0,0,1652122344,162032501,1238672880,0,0,13778665,346,346,0,133285994,133285994,0,0,133285994,28800829,12.55,1.51
572,2026-05-16 18:37:48,4,q83,0,10,56,681,1479,7549,6490,66,70,0,224,0,465,782379,0,0,1381402608,5226039,725480728,0,0,43744,16,16,0,780733,780733,0,0,780733,43744,11.09,0.68
573,2026-05-16 18:37:50,4,q84,0,9,52,658,847,3777,3258,35,40,0,0,0,687,9716301,0,0,529996992,5555652,266773736,0,0,2778834,30,30,0,14633286,14633286,0,0,14633286,2778834,5.74,0.66
574,2026-05-16 18:37:51,4,q85,0,10,75,1284,3163,12410,9779,59,73,0,946,0,1104,16953813,0,0,8635287000,12032207,623582596,0,0,915638,551,551,0,35144327,35144327,0,0,35144327,915638,9.67,1.28
575,2026-05-16 18:37:54,4,q86,0,5,21,540,501,5859,5507,21,23,0,0,0,136,1857112,0,0,1309470056,7322088,276921288,0,0,2485,16,16,0,179211,179211,0,0,179211,2485,10.85,0.54
576,2026-05-16 18:37:55,4,q86a,0,8,26,450,392,3720,3407,27,30,0,4,0,150,1857112,0,0,1915546640,7322088,276921288,0,0,7099,54,54,0,544610,544610,0,0,195540,2589,8.27,0.45
577,2026-05-16 18:37:57,4,q87,0,10,97,1813,4101,23008,19409,111,129,1,144,0,2486,12765592,0,0,9866774384,49570836,1075355416,0,0,1688094,661,661,0,45241997,45241997,0,0,45241997,1688094,12.69,1.81
578,2026-05-16 18:38:00,4,q88,0,26,162,2323,15414,34649,32314,32,97,0,304,0,20,42288,0,0,463457664,230611310,3534439280,0,0,144,144,144,0,8495,8495,0,0,8495,144,14.92,2.32
579,2026-05-16 18:38:03,4,q89,0,6,24,819,795,9828,8613,32,30,0,112,0,580,108570,0,0,1274610944,27629309,559396208,0,0,24922,17,17,0,1525398,1525398,0,0,1525398,24922,12.0,0.82
580,2026-05-16 18:38:05,4,q90,0,8,38,436,586,6102,5679,10,19,0,0,0,9,38053,0,0,103596544,14447576,498975996,0,0,32,32,32,0,1888,1888,0,0,1888,32,14.0,0.44
581,2026-05-16 18:38:06,4,q91,0,10,40,502,550,4254,4005,33,39,0,0,0,7,9531965,0,0,1093109944,4137906,310769080,0,0,49,7,7,0,7077,7077,0,0,4444,32,8.47,0.5
582,2026-05-16 18:38:08,4,q92,0,7,39,727,1367,10443,9469,25,32,0,112,0,242,709477,0,0,178103200,14522176,550383884,0,0,157511,29,29,0,2215693,2215693,0,0,2215693,157511,14.36,0.73
583,2026-05-16 18:38:10,4,q93,0,5,53,4045,6156,53786,51102,45,48,0,480,0,2840,144661,0,0,5766380072,31678178,800059272,0,0,31635854,595,595,0,783850051,783850051,0,0,783850051,31635854,13.3,4.04
584,2026-05-16 18:38:15,4,q94,0,8,70,1491,3770,22183,19893,52,64,0,165,0,1458,3809010,0,0,3571011840,15390492,714493020,0,0,14397040,561,561,0,222652012,222652012,0,0,222652012,14397040,14.88,1.49
585,2026-05-16 18:38:17,4,q95,0,8,70,3642,5574,51769,42457,63,71,0,1157,0,1504,3809906,0,0,14560086280,15390492,771287904,0,0,35990240,1377,1377,0,327372603,327372603,0,0,201776532,14395274,14.21,3.64
586,2026-05-16 18:38:22,4,q96,0,5,22,447,441,4993,4071,11,11,0,160,0,2,42374,0,0,57485232,28827803,443601936,0,0,18,18,18,0,1062,1062,0,0,1062,18,11.17,0.45
587,2026-05-16 18:38:23,4,q97,0,5,54,1855,2472,25923,23867,66,69,0,320,0,869,160565,0,0,7393609480,41870748,938312528,0,0,8381511,544,544,0,97702931,97702931,0,0,97702931,8381511,13.97,1.86
588,2026-05-16 18:38:26,4,q98,0,7,29,817,748,5694,5422,56,35,3,22,0,68,3268117,0,0,930099048,27629207,566639608,0,0,79963,22,22,0,10269191,10269191,0,0,8416966,64799,6.97,0.82
589,2026-05-16 18:38:28,4,q99,0,6,22,670,658,8659,7985,24,26,0,0,0,225,107532,0,0,143187720,14420479,474236772,0,0,11520,16,16,0,926824,926824,0,0,926824,11520,12.92,0.67
590,2026-05-16 18:38:30,5,q1,0,10,66,825,1379,10198,8237,69,76,2,300,0,1461,5073369,0,0,4213163072,6074604,532072376,0,0,1616534,294,294,0,25958896,25958896,0,0,25958896,1616534,12.36,0.82
591,2026-05-16 18:38:32,5,q2,0,9,41,895,833,11150,9874,46,52,0,512,0,137,751663,0,0,440945584,21656678,697627440,0,0,5386,101,101,0,240223,240223,0,0,89939,3714,12.46,0.9
592,2026-05-16 18:38:34,5,q3,0,4,22,447,434,5091,4841,21,24,0,0,0,84,82851,0,0,114704360,27682256,558038008,0,0,1541,11,11,0,116938,116938,0,0,116938,1541,11.39,0.45
593,2026-05-16 18:38:35,5,q4,0,19,220,5761,28609,80662,71195,375,399,6,1936,0,6624,36928978,0,0,33856292464,98641672,3306594720,0,0,3073029,2635,2635,0,203896634,203896634,0,0,203896634,3073029,14.0,5.76
594,2026-05-16 18:38:42,5,q5,0,11,140,2720,5868,40984,36976,140,189,0,320,0,1361,315528,0,0,3287095736,61187960,2414022388,0,0,7890322,575,575,0,113520705,113520705,0,0,113520705,7890322,15.07,2.72
595,2026-05-16 18:38:46,5,q5a,0,14,145,2854,5996,41712,36456,154,195,0,384,0,2100,315528,0,0,3826063608,61187960,2414022388,0,0,7892324,588,588,0,113700754,113700754,0,0,113567508,7890500,14.62,2.85
596,2026-05-16 18:38:50,5,q6,0,11,52,1746,3483,22506,19955,51,59,0,416,0,1057,2111032,0,0,5012926032,28554256,516726208,0,0,27358702,342,342,0,236773792,236773792,0,0,236773792,27358702,12.89,1.75
597,2026-05-16 18:38:53,5,q7,0,7,35,979,1016,12437,11762,40,36,0,0,0,234,782379,0,0,1254229176,29550507,766897708,0,0,72652,34,34,0,2706855,2706855,0,0,2706855,72652,12.7,0.98
598,2026-05-16 18:38:55,5,q8,0,10,34,1034,985,10374,9785,44,46,0,0,0,29,2361205,0,0,1634323840,28527309,515660200,0,0,6695,9,9,0,81675,81675,0,0,81675,6695,10.03,1.03
599,2026-05-16 18:38:57,5,q9,0,11,96,1408,6438,20463,18388,17,60,0,1024,0,11,38232,0,0,0,144002542,2709643264,0,0,90,90,90,0,7389,7389,0,0,7389,90,14.53,1.41
600,2026-05-16 18:38:59,5,q10,0,13,92,1136,2761,13384,12061,50,79,0,160,0,771,596558,0,0,1543360552,51741636,1103797252,0,0,4321867,105,105,0,66532690,66532690,0,0,66532690,4321867,11.78,1.14
601,2026-05-16 18:39:02,5,q10a,0,10,91,741,1539,8816,8285,45,85,0,0,0,916,154690,0,0,2060869584,51741636,1103797252,0,0,4289247,218,218,0,66497152,66497152,0,0,66497152,4289247,11.9,0.74
602,2026-05-16 18:39:03,5,q11,0,15,149,3096,9208,38252,32211,208,223,3,976,0,5262,36928978,0,0,21934987920,69954590,1697939744,0,0,1991424,1444,1444,0,124491512,124491512,0,0,124491512,1991424,12.36,3.1
603,2026-05-16 18:39:08,5,q12,0,5,22,544,496,5007,4534,26,27,0,0,0,45,3268117,0,0,571950832,7322088,283323164,0,0,27697,8,8,0,3648303,3648303,0,0,3648303,27697,9.2,0.54
604,2026-05-16 18:39:09,5,q13,0,7,34,1322,1346,18705,17778,12,20,0,0,0,50,1303290,0,0,622088352,29705309,858688536,0,0,18,18,18,0,1360,1360,0,0,1360,18,14.15,1.32
605,2026-05-16 18:39:12,5,q14a,0,30,262,7253,16438,91431,82122,303,364,3,1456,0,6629,1189316,0,0,10728855624,147620508,3763729120,0,0,62679141,731,731,0,833986164,833986164,0,0,830983384,62592617,12.61,7.25
606,2026-05-16 18:39:21,5,q14b,0,24,204,4928,10981,69521,65009,268,268,0,400,0,3352,1189316,0,0,8255620336,126222977,2971058152,0,0,68418017,679,679,0,934409681,934409681,0,0,490514426,40910810,14.11,4.93
607,2026-05-16 18:39:27,5,q14,0,24,200,3891,9656,51346,48563,282,291,0,464,0,2772,1162249,0,0,7179093520,126222977,2971058152,0,0,68308380,595,595,0,925556064,925556064,0,0,481660809,40801173,13.2,3.89
608,2026-05-16 18:39:32,5,q15,0,5,27,1011,986,12115,11208,26,29,0,192,0,39,5019183,0,0,1030526304,15113541,480248888,0,0,1174,4,4,0,53826,53826,0,0,53826,1174,11.98,1.01
609,2026-05-16 18:39:34,5,q16,0,8,72,2285,6072,33800,29959,53,67,0,320,0,2577,216469,0,0,4703921456,30510756,1131123940,0,0,30114572,867,867,0,423119726,423119726,0,0,423119726,30114572,14.79,2.28
610,2026-05-16 18:39:37,5,q17,0,10,91,4853,11160,65623,61229,69,95,1,1520,0,4295,6944789,0,0,7880912176,44770101,1289527996,0,0,45538041,1160,1160,0,1079464480,1079464480,0,0,1079464480,45538041,13.52,4.85
611,2026-05-16 18:39:43,5,q18,0,9,53,1436,1479,14674,13690,48,57,0,0,0,209,9716301,0,0,3669414416,19057141,711315376,0,0,57715,68,68,0,4945912,4945912,0,0,4945912,57715,10.22,1.44
612,2026-05-16 18:39:46,5,q18a,0,17,130,3562,10157,47508,42845,175,187,2,384,0,2055,9716473,0,0,16239163328,77283305,3292197064,0,0,65807,90,90,0,6176099,6176099,0,0,6176099,65807,13.34,3.56
613,2026-05-16 18:39:50,5,q19,0,7,31,664,649,7091,6694,33,34,0,0,0,64,5019183,0,0,1177435312,28379309,606515552,0,0,4376,5,5,0,308494,308494,0,0,308494,4376,10.68,0.66
614,2026-05-16 18:39:52,5,q20,0,5,24,535,496,4665,4334,25,28,0,0,0,52,3268117,0,0,649837392,14465541,509473692,0,0,40260,12,12,0,5209200,5209200,0,0,5209200,40260,8.72,0.54
615,2026-05-16 18:39:54,5,q21,0,6,24,942,925,11699,10872,29,30,0,288,0,52,92392,0,0,466625832,133232010,765532980,0,0,127600,10,10,0,2502845,2502845,0,0,2502845,127600,12.42,0.94
616,2026-05-16 18:39:56,5,q22,0,6,39,28847,28806,136918,135170,89,64,0,673,0,169,4629135,0,0,2072800152,133232010,745181988,0,0,1631476,153,153,0,68620295,68620295,0,0,68620295,1631476,4.75,28.85
617,2026-05-16 18:40:26,5,q22a,0,10,87,2637,3193,22680,20272,140,149,0,80,0,1986,4629135,0,0,8765073152,133232010,745388852,0,0,1428768,391,391,0,71242445,71242445,0,0,20136405,409288,8.6,2.64
618,2026-05-16 18:40:29,5,q23a,0,18,183,6643,13716,95280,88396,227,226,1,2201,0,5509,6575826,0,0,13198937680,106020544,2325301556,0,0,42450830,1196,1196,0,1030784978,1030784978,0,0,994746971,40085981,14.34,6.64
619,2026-05-16 18:40:37,5,q23b,0,21,209,6815,15841,99276,91518,286,298,0,1682,0,6598,6575783,0,0,26174278816,106520544,2346429360,0,0,48143010,2482,2482,0,1128320782,1128320782,0,0,1007119317,40548463,14.57,6.82
620,2026-05-16 18:40:45,5,q24,0,8,63,2966,8304,40159,37481,46,57,1,208,0,3095,20636865,0,0,7068696000,32530235,871034256,0,0,29735885,578,578,0,704024556,704024556,0,0,704024556,29735885,13.54,2.97
621,2026-05-16 18:40:49,5,q24a,0,13,85,4576,8676,54868,52637,276,94,1,160,0,2940,18087253,0,0,16497845272,32632235,873581408,0,0,59478907,1188,1188,0,1408992810,1408992810,0,0,704968254,29743022,11.99,4.58
622,2026-05-16 18:40:55,5,q24b,0,13,85,3896,8039,45684,44602,106,92,1,20,0,2737,18087253,0,0,15891776752,32632235,873581408,0,0,59478765,1176,1176,0,1408969042,1408969042,0,0,704944486,29742880,11.73,3.9
623,2026-05-16 18:41:00,5,q25,0,10,91,5083,12478,69536,66009,68,92,1,416,0,3852,6944789,0,0,7880887560,44770101,1402541108,0,0,45538038,1157,1157,0,1099708522,1099708522,0,0,1099708522,45538038,13.68,5.08
624,2026-05-16 18:41:06,5,q26,0,6,32,961,994,11717,11027,25,31,0,0,0,219,782379,0,0,703166184,16386841,624102108,0,0,39337,15,15,0,1605317,1605317,0,0,1605317,39337,12.19,0.96
625,2026-05-16 18:41:08,5,q27,0,7,35,1025,1070,13487,12385,29,37,0,160,0,280,782379,0,0,1456022384,29550109,741608524,0,0,59464,34,34,0,2395045,2395045,0,0,2395045,59464,13.16,1.02
626,2026-05-16 18:41:10,5,q27a,0,11,75,2256,4445,32622,30450,73,88,0,144,0,796,782422,0,0,1465085504,84666625,2172067148,0,0,61239,51,51,0,2627792,2627792,0,0,2627792,61239,14.46,2.26
627,2026-05-16 18:41:13,5,q28,0,18,123,2682,14895,39990,35182,106,130,0,224,0,4225,53133,0,0,7681078608,172802970,3511762416,0,0,704147,171,171,0,11397800,11397800,0,0,11397800,704147,14.91,2.68
628,2026-05-16 18:41:17,5,q29,0,11,92,4828,12473,65745,62287,66,93,1,496,0,4112,6944789,0,0,7880995000,44790101,1291832004,0,0,45538045,1162,1162,0,1079465255,1079465255,0,0,1079465255,45538045,13.62,4.83
629,2026-05-16 18:41:23,5,q30,0,11,61,773,1604,5839,4694,94,93,0,0,0,1162,1992893,0,0,3053320632,2395518,516565384,0,0,756891,62,62,0,60329041,60329041,0,0,60329041,756891,7.55,0.77
630,2026-05-16 18:41:25,5,q31,0,19,116,1908,8679,26785,23468,125,151,0,210,0,884,3832889,0,0,3594578936,104431885,2300981856,0,0,59278,40,40,0,2089807,2089807,0,0,2023291,58379,14.04,1.91
631,2026-05-16 18:41:28,5,q32,0,7,41,910,1682,13120,12397,25,35,0,0,0,185,710182,0,0,180415096,28809082,991451332,0,0,167838,26,26,0,2270194,2270194,0,0,2270194,167838,14.42,0.91
632,2026-05-16 18:41:30,5,q33,0,9,62,1033,1919,12526,11634,62,78,0,192,0,157,889109,0,0,1112001560,49524836,1381931768,0,0,10900,12,12,0,299975,299975,0,0,299975,10900,12.13,1.03
633,2026-05-16 18:41:32,5,q34,0,8,30,768,970,9921,9288,28,32,2,0,0,230,16394969,0,0,406751880,28034509,476109360,0,0,20445,33,33,0,752749,752749,0,0,404096,10675,12.92,0.77
634,2026-05-16 18:41:33,5,q35,0,10,86,1233,2777,15447,13091,50,81,0,210,0,1619,23973682,0,0,8147275976,51741636,1103461380,0,0,6056607,483,483,0,16242855,16242855,0,0,16242855,6056607,12.53,1.23
635,2026-05-16 18:41:36,5,q35a,0,9,86,1006,1361,9465,8448,60,89,0,0,0,1345,23973725,0,0,7365038568,51741636,1103461380,0,0,6053510,447,447,0,16207218,16207218,0,0,16207218,6053510,9.41,1.01
636,2026-05-16 18:41:38,5,q36,0,6,24,1143,1106,14147,13061,25,28,0,224,0,137,1857112,0,0,1416504176,27629309,663836680,0,0,2672,17,17,0,213306,213306,0,0,213306,2672,12.38,1.14
637,2026-05-16 18:41:40,5,q36a,0,9,29,1187,1126,13554,12957,33,34,0,0,0,165,1857112,0,0,1955472048,27629309,663836680,0,0,7291,54,54,0,609921,609921,0,0,218135,2653,11.42,1.19
638,2026-05-16 18:41:42,5,q37,0,6,55,1177,1829,14798,13847,46,50,0,208,0,575,157657,0,0,880361848,147632425,1207887060,0,0,4316414,314,314,0,69743177,69743177,0,0,69743177,14400617,12.57,1.18
639,2026-05-16 18:41:44,5,q38,0,10,97,1903,4417,25052,21485,119,131,1,0,0,2705,12765592,0,0,9866774384,49570836,1075355416,0,0,1688094,661,661,0,45241997,45241997,0,0,45241997,1688094,13.16,1.9
640,2026-05-16 18:41:47,5,q39a,0,11,90,1941,3359,24969,22861,196,168,0,264,0,957,802546,0,0,4211899344,266362010,1505525044,0,0,3607909,148,148,0,74539489,74539489,0,0,52721319,2587909,12.86,1.94
641,2026-05-16 18:41:50,5,q39b,0,11,90,1720,3045,21572,20715,153,165,0,208,0,347,520274,0,0,4113333200,266362010,1505525044,0,0,3571488,148,148,0,73340574,73340574,0,0,51522404,2551488,12.54,1.72
642,2026-05-16 18:41:53,5,q40,0,7,55,1641,4155,24371,22644,49,52,0,0,0,2065,173485,0,0,4141621464,15905433,770042316,0,0,15748014,578,578,0,311368182,311368182,0,0,311368182,15748014,14.85,1.64
643,2026-05-16 18:41:56,5,q41,0,4,6,156,130,138,120,7,7,0,0,0,7,12426,0,0,202903480,204000,8797088,0,0,140,2,2,0,9680,9680,0,0,9680,140,0.88,0.16
644,2026-05-16 18:41:57,5,q42,0,4,22,429,419,4268,3974,21,22,0,0,0,9,81948,0,0,379457640,27629207,557898744,0,0,44,4,4,0,3648,3648,0,0,3648,44,9.95,0.43
645,2026-05-16 18:41:59,5,q43,0,4,21,494,473,6290,5511,31,30,0,208,0,55,84184,0,0,109903832,27527309,474261408,0,0,336,16,16,0,42822,42822,0,0,42822,336,12.73,0.49
646,2026-05-16 18:42:00,5,q44,0,8,51,838,903,8501,7663,49,50,0,0,0,669,1663841,0,0,1588520232,57701322,1092193576,0,0,888138,208,208,0,11729535,11729535,0,0,5866365,444133,10.14,0.84
647,2026-05-16 18:42:02,5,q45,0,7,30,414,440,3498,3284,25,29,0,0,0,10,5019183,0,0,2009365456,8092088,305764116,0,0,29,5,5,0,2649,2649,0,0,2649,29,8.45,0.41
648,2026-05-16 18:42:03,5,q46,0,7,30,990,1118,11170,9913,34,36,2,240,0,279,15301537,0,0,659091400,28284509,613687368,0,0,27956,17,17,0,1493333,1493333,0,0,1493333,27956,11.28,0.99
649,2026-05-16 18:42:05,5,q47,0,11,77,1630,2365,19402,16615,117,123,0,0,0,1915,2306610,0,0,6482903000,27629309,559056240,0,0,1590409,859,859,0,60519952,60519952,0,0,39087937,1023254,11.9,1.63
650,2026-05-16 18:42:08,5,q48,0,6,33,1381,1424,18841,17693,15,20,0,392,0,4,1323718,0,0,602298144,29698109,682742268,0,0,18,18,18,0,1058,1058,0,0,1058,18,13.64,1.38
651,2026-05-16 18:42:11,5,q49,0,18,160,2507,9853,37369,33855,111,148,0,336,0,3987,239215,0,0,5252720952,54107455,2427289576,0,0,15195842,122,122,0,338168684,338168684,0,0,338168684,15195842,14.91,2.51
652,2026-05-16 18:42:14,5,q50,0,7,55,2461,5494,32336,30147,49,60,0,432,0,2281,370395,0,0,4687124776,30377609,786346524,0,0,29262054,595,595,0,610128846,610128846,0,0,610128846,29262054,13.14,2.46
653,2026-05-16 18:42:18,5,q51,0,10,136,2853,4162,40058,35566,174,200,0,448,0,3892,299557,0,0,11015386880,34727295,813282156,0,0,23550796,1924,1924,0,399847488,399847488,0,0,399847488,23550796,14.04,2.85
654,2026-05-16 18:42:22,5,q51a,0,14,203,20770,24979,273536,262204,289,341,0,3126,0,5309,459272,0,0,28096160056,34727295,813282156,0,0,46681572,2859,2859,0,771163543,771163543,0,0,559064286,35219606,13.17,20.77
655,2026-05-16 18:42:43,5,q52,0,4,22,359,346,4108,3734,21,24,0,0,0,51,81948,0,0,379457640,27629207,558029816,0,0,1887,4,4,0,115048,115048,0,0,115048,1887,11.44,0.36
656,2026-05-16 18:42:45,5,q53,0,6,24,540,523,5619,5255,26,28,0,0,0,393,98616,0,0,200738576,27629309,559666544,0,0,25225,17,17,0,593664,593664,0,0,593664,25225,10.41,0.54
657,2026-05-16 18:42:46,5,q54,0,15,87,1782,6739,23781,21648,95,104,0,336,0,1638,5019183,0,0,2690143008,50035987,1263189040,0,0,26873287,321,321,0,251993832,251993832,0,0,251993832,26873287,13.35,1.78
658,2026-05-16 18:42:49,5,q55,0,4,22,443,431,4044,3817,21,25,0,0,0,46,82077,0,0,446566480,27629207,558029816,0,0,1905,5,5,0,114274,114274,0,0,114274,1905,9.13,0.44
659,2026-05-16 18:42:51,5,q56,0,9,62,828,1697,10048,9124,67,84,0,128,0,130,463898,0,0,1055688224,49524836,1382193912,0,0,9885,10,10,0,303094,303094,0,0,303094,9885,12.14,0.83
660,2026-05-16 18:42:53,5,q57,0,11,87,1430,2206,19047,15054,140,142,0,28,0,2600,2306610,0,0,7693701296,14465565,511515644,0,0,1720999,1085,1085,0,69174677,69174677,0,0,45947701,1131739,13.32,1.43
661,2026-05-16 18:42:55,5,q58,0,10,59,905,2055,10663,9616,62,79,0,0,0,119,782379,0,0,1417089136,49318934,1340186384,0,0,173007,7,7,0,2426497,2426497,0,0,2426497,173007,11.78,0.9
662,2026-05-16 18:42:57,5,q59,0,10,27,945,979,7487,6877,25,26,0,7,0,371,751663,0,0,1438681568,27620460,479424808,0,0,79764,38,38,0,2467734,2467734,0,0,1412944,58497,7.92,0.94
663,2026-05-16 18:42:59,5,q60,0,9,62,914,1951,10716,9545,73,88,0,0,0,220,463898,0,0,1676360952,49524836,1382128376,0,0,71818,16,16,0,1401709,1401709,0,0,1401709,71818,11.72,0.91
664,2026-05-16 18:43:01,5,q61,0,10,51,988,1566,11862,11061,17,30,0,144,0,5,5019183,0,0,1122073200,55887016,1246117972,0,0,36,36,36,0,2072,2072,0,0,2072,36,12.01,0.99
665,2026-05-16 18:43:03,5,q62,0,6,21,451,440,5467,4829,25,24,0,0,0,216,101328,0,0,138730216,7220160,255516644,0,0,6720,16,16,0,573858,573858,0,0,573858,6720,12.12,0.45
666,2026-05-16 18:43:05,5,q63,0,6,24,590,574,7081,6672,32,31,0,0,0,178,98616,0,0,200673040,27629309,559670640,0,0,5472,17,17,0,197943,197943,0,0,197943,5472,12.0,0.59
667,2026-05-16 18:43:06,5,q64,0,23,172,6853,32021,101033,92996,176,214,3,932,0,7953,13538242,0,0,35316849912,49118817,1774517852,0,0,52026303,2753,2753,0,1941744354,1941744354,0,0,1795539375,48487731,14.74,6.85
668,2026-05-16 18:43:15,5,q65,0,10,93,1618,3045,23477,21208,143,151,1,192,0,1877,9163347,0,0,6830270912,55136516,1103563664,0,0,12053707,561,561,0,394360560,394360560,0,0,394360560,12053707,14.51,1.62
669,2026-05-16 18:43:17,5,q66,0,8,40,1213,1673,14191,11241,93,88,0,128,0,118,147441,0,0,2706214264,21603659,873611500,0,0,350,35,35,0,133208,133208,0,0,133208,350,11.7,1.21
670,2026-05-16 18:43:20,5,q67,0,6,40,6667,6612,78228,75662,59,63,0,989,0,1367,4629135,0,0,7267753424,27629309,586560880,0,0,10124896,289,289,0,701298796,701298796,0,0,701298796,10124896,11.73,6.67
671,2026-05-16 18:43:27,5,q67a,0,14,183,10674,36439,144031,134563,334,368,0,1108,0,5359,4629135,0,0,27103724768,27629309,586560880,0,0,54552870,2600,2600,0,3538011866,3538011866,0,0,811768194,13109678,13.49,10.67
672,2026-05-16 18:43:39,5,q68,0,7,30,815,944,9359,8140,33,34,2,112,0,158,15301537,0,0,524003480,28284509,740171848,0,0,6174,16,16,0,460871,460871,0,0,460871,6174,11.48,0.82
673,2026-05-16 18:43:41,5,q69,0,11,81,1027,2460,10857,9485,27,65,0,0,0,379,28676289,0,0,3801669616,51741636,1103600644,0,0,1902029,65,65,0,9509500,9509500,0,0,9509500,1902029,10.57,1.03
674,2026-05-16 18:43:43,5,q70,0,9,43,971,914,11648,10808,56,59,0,128,0,80,189966,0,0,1495011464,55034618,1000273064,0,0,269,34,34,0,15484,15484,0,0,15484,269,12.0,0.97
675,2026-05-16 18:43:45,5,q70a,0,12,48,1007,903,10093,9582,65,65,0,24,0,82,189130,0,0,893128768,55034618,1000273064,0,0,312,71,71,0,20929,20929,0,0,11265,216,10.02,1.01
676,2026-05-16 18:43:47,5,q71,0,7,58,1091,1061,12942,12035,81,92,0,0,0,213,360932,0,0,937227208,49212836,1329864992,0,0,32235,31,31,0,1626141,1626141,0,0,983941,21123,11.86,1.09
677,2026-05-16 18:43:49,5,q72,0,15,124,16802,21728,228094,220633,134,169,1,1572,0,6021,6575826,0,0,19933730552,151090031,1585147464,0,0,142246513,2041,2041,0,2052783779,2052783779,0,0,2052783779,142246513,13.58,16.8
678,2026-05-16 18:44:07,5,q73,0,8,30,524,760,4978,4604,34,35,2,0,0,134,16394969,0,0,406153864,28034509,476109360,0,0,5455,33,33,0,276235,276235,0,0,138423,2732,9.5,0.52
679,2026-05-16 18:44:09,5,q74,0,13,133,2237,7045,29533,24449,187,190,5,240,0,4323,15491653,0,0,16184335400,69954590,1567842592,0,0,1778475,1151,1151,0,61603380,61603380,0,0,61603380,1778475,13.2,2.24
680,2026-05-16 18:44:12,5,q75,0,19,223,4722,18264,73450,62226,170,259,5,2000,0,7684,316496,0,0,11805162464,103281460,3563276792,0,0,14156496,1612,1612,0,332581029,332581029,0,0,226037306,9118708,15.55,4.72
681,2026-05-16 18:44:18,5,q76,0,4,55,1643,1611,24309,22226,74,83,0,0,0,398,917299,0,0,4002530168,48287050,1395537536,0,0,3731,51,51,0,357657,357657,0,0,357657,3731,14.8,1.64
682,2026-05-16 18:44:21,5,q77,0,14,109,1312,5802,18414,16616,115,136,0,320,0,168,82636,0,0,1071750256,53976030,2133018128,0,0,1637,39,39,0,110579,110579,0,0,110579,1637,14.04,1.31
683,2026-05-16 18:44:23,5,q77a,0,17,114,1280,5020,16100,14307,123,149,0,320,0,148,87192,0,0,1677826968,53976030,2133018128,0,0,1762,48,48,0,147189,147189,0,0,105693,1432,12.58,1.28
684,2026-05-16 18:44:26,5,q78,0,12,169,8057,26779,122509,113860,238,229,0,1184,0,7881,409436,0,0,21320052176,54108624,2237514504,0,0,62125308,2550,2550,0,1814219610,1814219610,0,0,1814219610,62125308,15.21,8.06
685,2026-05-16 18:44:35,5,q79,0,7,31,1057,1207,13425,12572,34,38,1,0,0,315,12765592,0,0,1520370944,28034509,607783536,0,0,80466,54,54,0,3237733,3237733,0,0,3237733,80466,12.7,1.06
686,2026-05-16 18:44:37,5,q80,0,17,161,7838,34694,121623,113521,107,177,0,880,0,7953,188453,0,0,14185165104,54223268,2379167728,0,0,53052375,1737,1737,0,1564177600,1564177600,0,0,1564177600,53052375,15.52,7.84
687,2026-05-16 18:44:46,5,q80a,0,20,166,7186,29332,109155,103235,146,202,0,848,0,6853,188453,0,0,14657024136,54223268,2379167728,0,0,53053332,1748,1748,0,1564293212,1564293212,0,0,1564190462,53052306,15.19,7.19
688,2026-05-16 18:44:54,5,q81,0,11,56,804,1585,8746,7070,54,63,3,0,0,1552,20721956,0,0,3979685040,3899764,548093072,0,0,808731,131,131,0,13556730,13556730,0,0,13556730,808731,10.88,0.8
689,2026-05-16 18:44:56,5,q82,0,6,56,1505,2654,19093,17310,44,52,0,608,0,584,158732,0,0,1652122344,162032501,1238672880,0,0,13778665,346,346,0,133285994,133285994,0,0,133285994,28800829,12.69,1.5
690,2026-05-16 18:44:59,5,q83,0,10,56,669,1487,7385,6512,57,72,0,0,0,486,782379,0,0,1381402608,5226039,725480728,0,0,43744,16,16,0,780733,780733,0,0,780733,43744,11.04,0.67
691,2026-05-16 18:45:00,5,q84,0,9,52,629,1021,3423,3112,34,42,0,0,0,515,9716301,0,0,529996992,5555652,266773736,0,0,2778834,30,30,0,14633286,14633286,0,0,14633286,2778834,5.44,0.63
692,2026-05-16 18:45:02,5,q85,0,10,75,1598,5181,18833,16243,53,75,0,528,0,1234,16953856,0,0,8635287000,12032207,623582596,0,0,915638,551,551,0,35144327,35144327,0,0,35144327,915638,11.79,1.6
693,2026-05-16 18:45:05,5,q86,0,5,21,488,445,5107,4479,22,23,0,225,0,123,1857112,0,0,1309470056,7322088,276921288,0,0,2485,16,16,0,179211,179211,0,0,179211,2485,10.47,0.49
694,2026-05-16 18:45:06,5,q86a,0,8,26,514,454,4263,3889,29,32,0,0,0,143,1857112,0,0,1915546640,7322088,276921288,0,0,7099,54,54,0,544610,544610,0,0,195540,2589,8.29,0.51
695,2026-05-16 18:45:08,5,q87,0,10,97,2079,4936,27694,23573,113,128,1,144,0,2450,12765592,0,0,9866774384,49570836,1075355416,0,0,1688094,661,661,0,45241997,45241997,0,0,45241997,1688094,13.32,2.08
696,2026-05-16 18:45:11,5,q88,0,26,162,2090,13739,31155,29194,29,95,0,226,0,19,41987,0,0,463457664,230611310,3534439280,0,0,144,144,144,0,8495,8495,0,0,8495,144,14.91,2.09
697,2026-05-16 18:45:14,5,q89,0,6,24,632,609,7495,6403,28,28,0,0,0,549,108570,0,0,1274610944,27629309,559396208,0,0,24922,17,17,0,1525398,1525398,0,0,1525398,24922,11.86,0.63
698,2026-05-16 18:45:16,5,q90,0,8,38,417,584,5822,5519,10,19,0,0,0,4,38053,0,0,103596544,14447576,498975996,0,0,32,32,32,0,1888,1888,0,0,1888,32,13.96,0.42
699,2026-05-16 18:45:17,5,q91,0,10,40,448,584,4016,3586,31,38,0,150,0,7,9531965,0,0,1093109944,4137906,310769080,0,0,49,7,7,0,7077,7077,0,0,4444,32,8.96,0.45
700,2026-05-16 18:45:19,5,q92,0,7,39,861,1584,12757,12044,25,33,0,0,0,265,709477,0,0,178103200,14522176,550383884,0,0,157511,29,29,0,2215693,2215693,0,0,2215693,157511,14.82,0.86
701,2026-05-16 18:45:21,5,q93,0,5,53,4092,6051,52423,50654,45,54,0,192,0,2847,143973,0,0,5766380072,31678178,800059272,0,0,31635854,595,595,0,783850051,783850051,0,0,783850051,31635854,12.81,4.09
702,2026-05-16 18:45:26,5,q94,0,8,70,1412,4034,19883,17830,80,65,0,336,0,1439,3809010,0,0,3571011840,15390492,714493020,0,0,14397040,561,561,0,222652012,222652012,0,0,222652012,14397040,14.08,1.41
703,2026-05-16 18:45:28,5,q95,0,8,70,3811,6148,58089,49902,57,73,0,1633,0,1518,3809906,0,0,14560086280,15390492,771287904,0,0,35990240,1377,1377,0,327372603,327372603,0,0,201776532,14395274,15.24,3.81
704,2026-05-16 18:45:33,5,q96,0,5,22,480,479,5536,5028,19,11,0,272,0,2,42331,0,0,57485232,28827803,443601936,0,0,18,18,18,0,1062,1062,0,0,1062,18,11.53,0.48
705,2026-05-16 18:45:35,5,q97,0,5,54,1817,2513,25252,22865,65,70,0,416,0,757,160565,0,0,7393609480,41870748,938312528,0,0,8381511,544,544,0,97702931,97702931,0,0,97702931,8381511,13.9,1.82
706,2026-05-16 18:45:37,5,q98,0,7,29,795,725,5664,5384,34,36,2,0,0,75,3268117,0,0,930099048,27629207,566639608,0,0,79963,22,22,0,10269191,10269191,0,0,8416966,64799,7.12,0.8
707,2026-05-16 18:45:39,5,q99,0,6,22,690,679,9314,8661,30,29,0,0,0,247,107532,0,0,143187720,14420479,474236772,0,0,11520,16,16,0,926824,926824,0,0,926824,11520,13.5,0.69
708,2026-05-16 18:45:41,6,q1,0,10,66,724,1223,8777,6912,65,73,0,240,0,1324,5073412,0,0,4213163072,6074604,532072376,0,0,1616534,294,294,0,25958896,25958896,0,0,25958896,1616534,12.12,0.72
709,2026-05-16 18:45:43,6,q2,0,9,41,781,722,9481,8803,44,49,0,0,0,185,751663,0,0,440945584,21656678,697627440,0,0,5386,101,101,0,240223,240223,0,0,89939,3714,12.14,0.78
710,2026-05-16 18:45:45,6,q3,0,4,22,527,517,5725,4996,22,25,0,384,0,71,83539,0,0,114704360,27682256,558038008,0,0,1541,11,11,0,116938,116938,0,0,116938,1541,10.86,0.53
711,2026-05-16 18:45:46,6,q4,0,19,220,5708,28241,80014,69672,368,403,5,2208,0,6874,36928978,0,0,33856292464,98641672,3306594720,0,0,3073029,2635,2635,0,203896634,203896634,0,0,203896634,3073029,14.02,5.71
712,2026-05-16 18:45:53,6,q5,0,11,140,2783,5859,42173,38088,134,184,0,368,0,1761,315528,0,0,3287095736,61187960,2414022388,0,0,7890322,575,575,0,113520705,113520705,0,0,113520705,7890322,15.15,2.78
713,2026-05-16 18:45:57,6,q5a,0,14,145,2853,5854,41714,36629,152,196,0,1222,0,1741,315528,0,0,3826063608,61187960,2414022388,0,0,7892324,588,588,0,113700754,113700754,0,0,113567508,7890500,14.62,2.85
714,2026-05-16 18:46:01,6,q6,0,11,52,1595,3350,20536,19442,49,56,0,0,0,1138,2111032,0,0,5012926032,28554256,516726208,0,0,27358702,342,342,0,236773792,236773792,0,0,236773792,27358702,12.88,1.6
715,2026-05-16 18:46:04,6,q7,0,7,35,1116,1162,14627,13808,32,38,0,70,0,257,782465,0,0,1254229176,29550507,766897708,0,0,72652,34,34,0,2706855,2706855,0,0,2706855,72652,13.11,1.12
716,2026-05-16 18:46:06,6,q8,0,10,34,628,578,4758,4402,41,45,0,0,0,29,2361205,0,0,1634323840,28527309,515660200,0,0,6695,9,9,0,81675,81675,0,0,81675,6695,7.58,0.63
717,2026-05-16 18:46:07,6,q9,0,11,96,1256,5714,18204,17218,28,60,0,192,0,11,38490,0,0,0,144002542,2709643264,0,0,90,90,90,0,7389,7389,0,0,7389,90,14.49,1.26
718,2026-05-16 18:46:10,6,q10,0,13,92,1060,2783,12316,11223,54,79,0,0,0,943,596558,0,0,1543360552,51741636,1103797252,0,0,4321867,105,105,0,66532690,66532690,0,0,66532690,4321867,11.62,1.06
719,2026-05-16 18:46:12,6,q10a,0,10,91,742,1580,8816,8290,45,82,0,128,0,753,154690,0,0,2060869584,51741636,1103797252,0,0,4289247,218,218,0,66497152,66497152,0,0,66497152,4289247,11.88,0.74
720,2026-05-16 18:46:14,6,q11,0,15,149,2912,8669,35929,30758,196,226,3,144,0,4882,36928978,0,0,21934987920,69954590,1697939744,0,0,1991424,1444,1444,0,124491512,124491512,0,0,124491512,1991424,12.34,2.91
721,2026-05-16 18:46:18,6,q12,0,5,22,499,461,4817,4307,24,24,0,0,0,48,3268117,0,0,571950832,7322088,283323164,0,0,27697,8,8,0,3648303,3648303,0,0,3648303,27697,9.65,0.5
722,2026-05-16 18:46:19,6,q13,0,7,34,1453,1534,20193,19304,19,21,0,63,0,2,1303634,0,0,622088352,29705309,858688536,0,0,18,18,18,0,1360,1360,0,0,1360,18,13.9,1.45
723,2026-05-16 18:46:22,6,q14a,0,30,262,7208,17022,90056,80959,309,369,0,1504,0,6353,1189316,0,0,10728855624,147620508,3763729120,0,0,62679141,731,731,0,833986164,833986164,0,0,830983384,62592617,12.49,7.21
724,2026-05-16 18:46:31,6,q14b,0,24,204,4854,10965,68041,63472,250,274,0,458,0,3571,1189316,0,0,8255620336,126222977,2971058152,0,0,68418017,679,679,0,934409681,934409681,0,0,490514426,40910810,14.02,4.85
725,2026-05-16 18:46:37,6,q14,0,24,200,3829,9501,50647,48250,274,282,0,336,0,2917,1162249,0,0,7179093520,126222977,2971058152,0,0,68308380,595,595,0,925556064,925556064,0,0,481660809,40801173,13.23,3.83
726,2026-05-16 18:46:42,6,q15,0,5,27,830,808,9015,8583,24,28,0,0,0,40,5019183,0,0,1030526304,15113541,480248888,0,0,1174,4,4,0,53826,53826,0,0,53826,1174,10.86,0.83
727,2026-05-16 18:46:44,6,q16,0,8,72,2336,6426,34038,29935,56,69,0,656,0,2308,216469,0,0,4703921456,30510756,1131123940,0,0,30114572,867,867,0,423119726,423119726,0,0,423119726,30114572,14.57,2.34
728,2026-05-16 18:46:47,6,q17,0,10,91,4842,10985,65500,61377,74,98,1,967,0,4690,6944789,0,0,7880912176,44770101,1289527996,0,0,45538041,1160,1160,0,1079464480,1079464480,0,0,1079464480,45538041,13.53,4.84
729,2026-05-16 18:46:53,6,q18,0,9,53,1257,1377,12247,11339,54,60,0,0,0,269,9716387,0,0,3669414416,19057141,711315376,0,0,57715,68,68,0,4945912,4945912,0,0,4945912,57715,9.74,1.26
730,2026-05-16 18:46:55,6,q18a,0,17,130,3535,10114,46383,42010,190,195,0,560,0,1662,9716473,0,0,16239163328,77283305,3292197064,0,0,65807,90,90,0,6176099,6176099,0,0,6176099,65807,13.12,3.54
731,2026-05-16 18:47:00,6,q19,0,7,31,728,717,6410,5916,31,31,0,0,0,57,5019183,0,0,1177435312,28379309,606515552,0,0,4376,5,5,0,308494,308494,0,0,308494,4376,8.8,0.73
732,2026-05-16 18:47:02,6,q20,0,5,24,556,514,4656,4339,25,28,0,0,0,51,3268117,0,0,649837392,14465541,509473692,0,0,40260,12,12,0,5209200,5209200,0,0,5209200,40260,8.37,0.56
733,2026-05-16 18:47:03,6,q21,0,6,24,1083,1071,11887,10874,29,28,21,342,0,44,92263,0,0,466625832,133232010,765532980,0,0,127600,10,10,0,2502845,2502845,0,0,2502845,127600,10.98,1.08
734,2026-05-16 18:47:06,6,q22,0,6,39,28043,28001,133337,131837,90,63,0,534,0,170,4629135,0,0,2072800152,133232010,745181988,0,0,1631476,153,153,0,68620295,68620295,0,0,68620295,1631476,4.75,28.04
735,2026-05-16 18:47:35,6,q22a,0,10,87,2531,3098,21612,19209,137,149,0,25,0,2026,4629135,0,0,8765073152,133232010,745388852,0,0,1428768,391,391,0,71242445,71242445,0,0,20136405,409288,8.54,2.53
736,2026-05-16 18:47:38,6,q23a,0,18,183,6645,14003,94170,88197,195,230,0,1354,0,5944,6575783,0,0,13198937680,106020544,2325301556,0,0,42450830,1196,1196,0,1030784978,1030784978,0,0,994746971,40085981,14.17,6.64
737,2026-05-16 18:47:46,6,q23b,0,21,209,6915,15918,100428,93124,304,302,1,1132,0,7062,6575826,0,0,26174278816,106520544,2346429360,0,0,48143010,2482,2482,0,1128320782,1128320782,0,0,1007119317,40548463,14.52,6.92
738,2026-05-16 18:47:54,6,q24,0,8,63,2840,7779,37811,34974,47,60,1,10,0,2927,20636822,0,0,7068696000,32530235,871034256,0,0,29735885,578,578,0,704024556,704024556,0,0,704024556,29735885,13.31,2.84
739,2026-05-16 18:47:58,6,q24a,0,13,85,4478,8614,54262,51780,86,91,1,192,0,2694,18087253,0,0,16497845272,32632235,873581408,0,0,59478907,1188,1188,0,1408992810,1408992810,0,0,704968254,29743022,12.12,4.48
740,2026-05-16 18:48:03,6,q24b,0,13,85,3929,8166,46400,44808,98,94,1,176,0,3278,18087253,0,0,15891776752,32632235,873581408,0,0,59478765,1176,1176,0,1408969042,1408969042,0,0,704944486,29742880,11.81,3.93
741,2026-05-16 18:48:08,6,q25,0,10,91,4979,11715,68309,65387,76,90,1,176,0,3881,6944789,0,0,7880887560,44770101,1402541108,0,0,45538038,1157,1157,0,1099708522,1099708522,0,0,1099708522,45538038,13.72,4.98
742,2026-05-16 18:48:15,6,q26,0,6,32,1009,1049,12520,11939,25,32,0,0,0,207,782379,0,0,703166184,16386841,624102108,0,0,39337,15,15,0,1605317,1605317,0,0,1605317,39337,12.41,1.01
743,2026-05-16 18:48:17,6,q27,0,7,35,941,988,10420,9765,36,41,0,0,0,239,782379,0,0,1456022384,29550109,741608524,0,0,59464,34,34,0,2395045,2395045,0,0,2395045,59464,11.07,0.94
744,2026-05-16 18:48:19,6,q27a,0,11,75,2295,4498,33115,31154,76,90,0,0,0,551,782379,0,0,1465085504,84666625,2172067148,0,0,61239,51,51,0,2627792,2627792,0,0,2627792,61239,14.43,2.3
745,2026-05-16 18:48:22,6,q28,0,18,123,2711,15112,40425,36116,101,131,0,256,0,3921,53176,0,0,7681078608,172802970,3511762416,0,0,704147,171,171,0,11397800,11397800,0,0,11397800,704147,14.91,2.71
746,2026-05-16 18:48:26,6,q29,0,11,92,4821,12238,65664,62480,70,93,1,368,0,4406,6944789,0,0,7880995000,44790101,1291832004,0,0,45538045,1162,1162,0,1079465255,1079465255,0,0,1079465255,45538045,13.62,4.82
747,2026-05-16 18:48:32,6,q30,0,11,61,773,1621,5834,4636,91,94,0,0,0,1338,1992893,0,0,3053320632,2395518,516565384,0,0,756891,62,62,0,60329041,60329041,0,0,60329041,756891,7.55,0.77
748,2026-05-16 18:48:33,6,q31,0,19,116,1799,8493,25077,22103,128,150,14,208,0,880,3832889,0,0,3594578936,104431885,2300981856,0,0,59278,40,40,0,2089807,2089807,0,0,2023291,58379,13.94,1.8
749,2026-05-16 18:48:36,6,q32,0,7,41,846,1560,12062,11146,24,34,0,224,0,144,710182,0,0,180415096,28809082,991451332,0,0,167838,26,26,0,2270194,2270194,0,0,2270194,167838,14.26,0.85
750,2026-05-16 18:48:38,6,q33,0,9,62,933,1786,11174,10389,64,82,0,0,0,175,889109,0,0,1112001560,49524836,1381931768,0,0,10900,12,12,0,299975,299975,0,0,299975,10900,11.98,0.93
751,2026-05-16 18:48:40,6,q34,0,8,30,570,772,6335,5779,30,34,3,0,0,208,16394969,0,0,406751880,28034509,476109360,0,0,20445,33,33,0,752749,752749,0,0,404096,10675,11.11,0.57
752,2026-05-16 18:48:42,6,q35,0,10,86,1255,2766,15445,12972,51,81,0,400,0,1294,23973682,0,0,8147275976,51741636,1103461380,0,0,6056607,483,483,0,16242855,16242855,0,0,16242855,6056607,12.31,1.25
753,2026-05-16 18:48:44,6,q35a,0,9,86,1019,1477,9605,8600,58,91,0,170,0,1171,23973682,0,0,7365038568,51741636,1103461380,0,0,6053510,447,447,0,16207218,16207218,0,0,16207218,6053510,9.43,1.02
754,2026-05-16 18:48:46,6,q36,0,6,24,919,882,10392,9802,26,29,0,0,0,137,1857112,0,0,1416504176,27629309,663836680,0,0,2672,17,17,0,213306,213306,0,0,213306,2672,11.31,0.92
755,2026-05-16 18:48:48,6,q36a,0,9,29,1020,959,11755,11124,34,37,0,0,0,156,1857112,0,0,1955472048,27629309,663836680,0,0,7291,54,54,0,609921,609921,0,0,218135,2653,11.52,1.02
756,2026-05-16 18:48:50,6,q37,0,6,55,1160,1794,14294,13356,50,50,0,224,0,547,157657,0,0,880361848,147632425,1207887060,0,0,4316414,314,314,0,69743177,69743177,0,0,69743177,14400617,12.32,1.16
757,2026-05-16 18:48:52,6,q38,0,10,97,1817,4010,22734,19149,114,132,1,11,0,2772,12765592,0,0,9866774384,49570836,1075355416,0,0,1688094,661,661,0,45241997,45241997,0,0,45241997,1688094,12.51,1.82
758,2026-05-16 18:48:55,6,q39a,0,11,90,2011,3444,26364,23814,202,167,0,352,0,902,802546,0,0,4211899344,266362010,1505525044,0,0,3607909,148,148,0,74539489,74539489,0,0,52721319,2587909,13.11,2.01
759,2026-05-16 18:48:58,6,q39b,0,11,90,1583,2795,19416,18859,161,163,0,72,0,373,520274,0,0,4113333200,266362010,1505525044,0,0,3571488,148,148,0,73340574,73340574,0,0,51522404,2551488,12.27,1.58
760,2026-05-16 18:49:01,6,q40,0,7,55,1761,4434,24688,22755,39,53,0,0,0,2075,173485,0,0,4141621464,15905433,770042316,0,0,15748014,578,578,0,311368182,311368182,0,0,311368182,15748014,14.02,1.76
761,2026-05-16 18:49:04,6,q41,0,4,6,154,125,137,121,6,5,0,0,0,7,12426,0,0,202903480,204000,8797088,0,0,140,2,2,0,9680,9680,0,0,9680,140,0.89,0.15
762,2026-05-16 18:49:05,6,q42,0,4,22,345,335,3938,3630,20,24,0,0,0,9,81948,0,0,379457640,27629207,557898744,0,0,44,4,4,0,3648,3648,0,0,3648,44,11.41,0.34
763,2026-05-16 18:49:06,6,q43,0,4,21,496,476,6344,5482,27,27,0,272,0,52,84184,0,0,109903832,27527309,474261408,0,0,336,16,16,0,42822,42822,0,0,42822,336,12.79,0.5
764,2026-05-16 18:49:08,6,q44,0,8,51,832,893,8546,7851,51,53,0,0,0,540,1663841,0,0,1588520232,57701322,1092193576,0,0,888138,208,208,0,11729535,11729535,0,0,5866365,444133,10.27,0.83
765,2026-05-16 18:49:10,6,q45,0,7,30,449,486,3199,2951,24,29,0,0,0,10,5019183,0,0,2009365456,8092088,305764116,0,0,29,5,5,0,2649,2649,0,0,2649,29,7.12,0.45
766,2026-05-16 18:49:11,6,q46,0,7,30,896,1031,9592,8248,27,34,2,285,0,535,15301537,0,0,659091400,28284509,613687368,0,0,27956,17,17,0,1493333,1493333,0,0,1493333,27956,10.71,0.9
767,2026-05-16 18:49:13,6,q47,0,11,77,1607,2242,18829,16297,109,120,0,0,0,1987,2306610,0,0,6482903000,27629309,559056240,0,0,1590409,859,859,0,60519952,60519952,0,0,39087937,1023254,11.72,1.61
768,2026-05-16 18:49:16,6,q48,0,6,33,1363,1439,17060,15927,16,19,0,423,0,4,1323761,0,0,602298144,29698109,682742268,0,0,18,18,18,0,1058,1058,0,0,1058,18,12.52,1.36
769,2026-05-16 18:49:18,6,q49,0,18,160,2337,9612,34692,31098,87,150,0,544,0,3837,239215,0,0,5252720952,54107455,2427289576,0,0,15195842,122,122,0,338168684,338168684,0,0,338168684,15195842,14.84,2.34
770,2026-05-16 18:49:22,6,q50,0,7,55,2474,5590,32592,30937,236,58,0,240,0,2300,370352,0,0,4687124776,30377609,786346524,0,0,29262054,595,595,0,610128846,610128846,0,0,610128846,29262054,13.17,2.47
771,2026-05-16 18:49:25,6,q51,0,10,136,3016,4399,41860,37817,174,203,0,496,0,3474,299557,0,0,11015386880,34727295,813282156,0,0,23550796,1924,1924,0,399847488,399847488,0,0,399847488,23550796,13.88,3.02
772,2026-05-16 18:49:29,6,q51a,0,14,203,21063,24935,276200,263177,300,339,0,3747,0,6786,459272,0,0,28096160056,34727295,813282156,0,0,46681572,2859,2859,0,771163543,771163543,0,0,559064286,35219606,13.11,21.06
773,2026-05-16 18:49:51,6,q52,0,4,22,338,325,3866,3565,22,25,0,0,0,47,81948,0,0,379457640,27629207,558029816,0,0,1887,4,4,0,115048,115048,0,0,115048,1887,11.44,0.34
774,2026-05-16 18:49:53,6,q53,0,6,24,563,546,5693,5167,27,28,0,80,0,408,99304,0,0,200738576,27629309,559666544,0,0,25225,17,17,0,593664,593664,0,0,593664,25225,10.11,0.56
775,2026-05-16 18:49:54,6,q54,0,15,87,1629,6239,21548,20111,97,105,0,0,0,1467,5019183,0,0,2690143008,50035987,1263189040,0,0,26873287,321,321,0,251993832,251993832,0,0,251993832,26873287,13.23,1.63
776,2026-05-16 18:49:57,6,q55,0,4,22,358,347,3855,3476,107,25,0,96,0,50,82765,0,0,446566480,27629207,558029816,0,0,1905,5,5,0,114274,114274,0,0,114274,1905,10.77,0.36
777,2026-05-16 18:49:59,6,q56,0,9,62,757,1534,9197,8631,68,88,0,0,0,145,463898,0,0,1055688224,49524836,1382193912,0,0,9885,10,10,0,303094,303094,0,0,303094,9885,12.15,0.76
778,2026-05-16 18:50:00,6,q57,0,11,87,1480,2296,20601,15926,150,146,0,272,0,2921,2306610,0,0,7693701296,14465565,511515644,0,0,1720999,1085,1085,0,69174677,69174677,0,0,45947701,1131739,13.92,1.48
779,2026-05-16 18:50:03,6,q58,0,10,59,1063,2316,11866,10364,60,77,0,0,0,336,782379,0,0,1417089136,49318934,1340186384,0,0,173007,7,7,0,2426497,2426497,0,0,2426497,173007,11.16,1.06
780,2026-05-16 18:50:05,6,q59,0,10,27,979,1010,8306,7511,27,28,0,128,0,495,751663,0,0,1438681568,27620460,479424808,0,0,79764,38,38,0,2467734,2467734,0,0,1412944,58497,8.48,0.98
781,2026-05-16 18:50:07,6,q60,0,9,62,1003,2108,11921,10723,65,86,0,0,0,224,463898,0,0,1676360952,49524836,1382128376,0,0,71818,16,16,0,1401709,1401709,0,0,1401709,71818,11.89,1.0
782,2026-05-16 18:50:09,6,q61,0,10,51,1001,1531,11892,11181,14,28,0,128,0,4,5019183,0,0,1122073200,55887016,1246117972,0,0,36,36,36,0,2072,2072,0,0,2072,36,11.88,1.0
783,2026-05-16 18:50:11,6,q62,0,6,21,579,570,7471,6811,24,25,0,0,0,188,101328,0,0,138730216,7220160,255516644,0,0,6720,16,16,0,573858,573858,0,0,573858,6720,12.9,0.58
784,2026-05-16 18:50:13,6,q63,0,6,24,544,526,5764,5364,28,30,0,0,0,215,98616,0,0,200673040,27629309,559670640,0,0,5472,17,17,0,197943,197943,0,0,197943,5472,10.6,0.54
785,2026-05-16 18:50:15,6,q64,0,23,172,6808,27371,101452,93326,157,214,4,676,0,8373,13538285,0,0,35316849912,49118817,1774517852,0,0,52026303,2753,2753,0,1941744354,1941744354,0,0,1795539375,48487731,14.9,6.81
786,2026-05-16 18:50:23,6,q65,0,10,93,1711,3199,24929,22208,131,142,1,160,0,1858,9163347,0,0,6830270912,55136516,1103563664,0,0,12053707,561,561,0,394360560,394360560,0,0,394360560,12053707,14.57,1.71
787,2026-05-16 18:50:25,6,q66,0,8,40,1099,1370,12404,9913,91,92,0,126,0,132,147441,0,0,2706214264,21603659,873611500,0,0,350,35,35,0,133208,133208,0,0,133208,350,11.29,1.1
788,2026-05-16 18:50:28,6,q67,0,6,40,6584,6534,77300,74839,60,61,0,1008,0,1332,4629135,0,0,7267753424,27629309,586560880,0,0,10124896,289,289,0,701298796,701298796,0,0,701298796,10124896,11.74,6.58
789,2026-05-16 18:50:35,6,q67a,0,14,183,10653,35180,142531,133360,332,370,0,1128,0,5405,4629135,0,0,27103724768,27629309,586560880,0,0,54552870,2600,2600,0,3538011866,3538011866,0,0,811768194,13109678,13.38,10.65
790,2026-05-16 18:50:47,6,q68,0,7,30,906,1033,9803,8660,28,33,2,112,0,219,15301537,0,0,524003480,28284509,740171848,0,0,6174,16,16,0,460871,460871,0,0,460871,6174,10.82,0.91
791,2026-05-16 18:50:49,6,q69,0,11,81,970,2085,9622,8384,41,66,2,0,0,402,28676375,0,0,3801669616,51741636,1103600644,0,0,1902029,65,65,0,9509500,9509500,0,0,9509500,1902029,9.92,0.97
792,2026-05-16 18:50:51,6,q70,0,9,43,957,900,11531,10730,59,61,0,128,0,80,190654,0,0,1495011464,55034618,1000273064,0,0,269,34,34,0,15484,15484,0,0,15484,269,12.05,0.96
793,2026-05-16 18:50:53,6,q70a,0,12,48,1091,989,10872,10238,63,67,0,0,0,126,188958,0,0,893128768,55034618,1000273064,0,0,312,71,71,0,20929,20929,0,0,11265,216,9.97,1.09
794,2026-05-16 18:50:55,6,q71,0,7,58,1073,1041,13443,12281,78,92,0,144,0,210,360932,0,0,937227208,49212836,1329864992,0,0,32235,31,31,0,1626141,1626141,0,0,983941,21123,12.53,1.07
795,2026-05-16 18:50:57,6,q72,0,15,124,17209,22154,233556,226218,128,159,1,1128,0,6357,6575826,0,0,19933730552,151090031,1585147464,0,0,142246513,2041,2041,0,2052783779,2052783779,0,0,2052783779,142246513,13.57,17.21
796,2026-05-16 18:51:16,6,q73,0,8,30,510,767,5579,4926,26,31,2,160,0,130,16394969,0,0,406153864,28034509,476109360,0,0,5455,33,33,0,276235,276235,0,0,138423,2732,10.94,0.51
797,2026-05-16 18:51:17,6,q74,0,13,133,2243,7101,29751,24751,173,193,1,288,0,4327,15491653,0,0,16184335400,69954590,1567842592,0,0,1778475,1151,1151,0,61603380,61603380,0,0,61603380,1778475,13.26,2.24
798,2026-05-16 18:51:21,6,q75,0,19,223,4524,17272,70096,59326,232,262,0,1600,0,8060,316496,0,0,11805162464,103281460,3563276792,0,0,14156496,1612,1612,0,332581052,332581052,0,0,226037329,9118708,15.49,4.52
799,2026-05-16 18:51:26,6,q76,0,4,55,1516,1483,21875,19890,74,82,2,432,0,432,917299,0,0,4002530168,48287050,1395537536,0,0,3731,51,51,0,357657,357657,0,0,357657,3731,14.43,1.52
800,2026-05-16 18:51:29,6,q77,0,14,109,1140,4826,15655,13925,102,134,0,0,0,129,81905,0,0,1071750256,53976030,2133018128,0,0,1637,39,39,0,110579,110579,0,0,110579,1637,13.73,1.14
801,2026-05-16 18:51:31,6,q77a,0,17,114,1335,5369,17071,15221,107,139,0,144,0,129,87192,0,0,1677826968,53976030,2133018128,0,0,1762,48,48,0,147189,147189,0,0,105693,1432,12.79,1.34
802,2026-05-16 18:51:33,6,q78,0,12,169,7603,24670,115209,107063,196,226,0,640,0,7980,408748,0,0,21320052176,54108624,2237514504,0,0,62125308,2550,2550,0,1814219610,1814219610,0,0,1814219610,62125308,15.15,7.6
803,2026-05-16 18:51:42,6,q79,0,7,31,811,962,9350,8440,31,34,1,18,0,391,12765592,0,0,1520370944,28034509,607783536,0,0,80466,54,54,0,3237733,3237733,0,0,3237733,80466,11.53,0.81
804,2026-05-16 18:51:44,6,q80,0,17,161,7577,34572,117263,110692,113,180,0,608,0,7569,187894,0,0,14185165104,54223268,2379167728,0,0,53052375,1737,1737,0,1564177600,1564177600,0,0,1564177600,53052375,15.48,7.58
805,2026-05-16 18:51:53,6,q80a,0,20,166,7219,24549,109514,104689,122,190,0,716,0,6187,188453,0,0,14657024136,54223268,2379167728,0,0,53053332,1748,1748,0,1564293212,1564293212,0,0,1564190462,53052306,15.17,7.22
806,2026-05-16 18:52:01,6,q81,0,11,56,795,1540,8497,6971,58,64,3,0,0,1335,20721956,0,0,3979685040,3899764,548093072,0,0,808731,131,131,0,13556730,13556730,0,0,13556730,808731,10.69,0.8
807,2026-05-16 18:52:03,6,q82,0,6,56,1526,2646,19180,17771,45,48,0,208,0,797,158044,0,0,1652122344,162032501,1238672880,0,0,13778665,346,346,0,133285994,133285994,0,0,133285994,28800829,12.57,1.53
808,2026-05-16 18:52:06,6,q83,0,10,56,663,1451,7324,6467,64,74,0,0,0,410,782379,0,0,1381402608,5226039,725480728,0,0,43744,16,16,0,780733,780733,0,0,780733,43744,11.05,0.66
809,2026-05-16 18:52:07,6,q84,0,9,52,680,975,4054,3494,38,42,0,0,0,704,9716301,0,0,529996992,5555652,266773736,0,0,2778834,30,30,0,14633286,14633286,0,0,14633286,2778834,5.96,0.68
810,2026-05-16 18:52:09,6,q85,0,10,75,1276,3215,12865,10706,54,77,0,496,0,907,16953813,0,0,8635287000,12032207,623582596,0,0,915638,551,551,0,35144327,35144327,0,0,35144327,915638,10.08,1.28
811,2026-05-16 18:52:11,6,q86,0,5,21,439,398,4697,3982,24,24,0,256,0,126,1857112,0,0,1309470056,7322088,276921288,0,0,2485,16,16,0,179211,179211,0,0,179211,2485,10.7,0.44
812,2026-05-16 18:52:13,6,q86a,0,8,26,762,704,9024,8460,29,32,0,0,0,218,1857112,0,0,1915546640,7322088,276921288,0,0,7099,54,54,0,544610,544610,0,0,195540,2589,11.84,0.76
813,2026-05-16 18:52:15,6,q87,0,10,97,1744,3927,22430,18725,110,126,1,288,0,2400,12765592,0,0,9866774384,49570836,1075355416,0,0,1688094,661,661,0,45241997,45241997,0,0,45241997,1688094,12.86,1.74
814,2026-05-16 18:52:17,6,q88,0,26,162,1757,11509,26020,24089,38,99,0,272,0,19,42030,0,0,463457664,230611310,3534439280,0,0,144,144,144,0,8495,8495,0,0,8495,144,14.81,1.76
815,2026-05-16 18:52:20,6,q89,0,6,24,815,796,9758,8264,31,29,0,288,0,619,108570,0,0,1274610944,27629309,559396208,0,0,24922,17,17,0,1525398,1525398,0,0,1525398,24922,11.97,0.82
816,2026-05-16 18:52:22,6,q90,0,8,38,361,513,4764,4416,9,19,0,0,0,4,38053,0,0,103596544,14447576,498975996,0,0,32,32,32,0,1888,1888,0,0,1888,32,13.2,0.36
817,2026-05-16 18:52:24,6,q91,0,10,40,436,460,3512,3212,33,38,0,0,0,7,9531965,0,0,1093109944,4137906,310769080,0,0,49,7,7,0,7077,7077,0,0,4444,32,8.06,0.44
818,2026-05-16 18:52:25,6,q92,0,7,39,747,1381,10753,9992,23,34,0,0,0,356,709477,0,0,178103200,14522176,550383884,0,0,157511,29,29,0,2215693,2215693,0,0,2215693,157511,14.39,0.75
819,2026-05-16 18:52:27,6,q93,0,5,53,4158,6406,54460,51325,41,52,0,1504,0,2645,144661,0,0,5766380072,31678178,800059272,0,0,31635854,595,595,0,783850051,783850051,0,0,783850051,31635854,13.1,4.16
820,2026-05-16 18:52:32,6,q94,0,8,70,1377,4042,19956,17735,50,64,0,368,0,1407,3809182,0,0,3571011840,15390492,714493020,0,0,14397040,561,561,0,222652012,222652012,0,0,222652012,14397040,14.49,1.38
821,2026-05-16 18:52:34,6,q95,0,8,70,3549,5598,50611,43107,57,71,0,1155,0,1430,3809906,0,0,14560086280,15390492,771287904,0,0,35990240,1377,1377,0,327372603,327372603,0,0,201776532,14395274,14.26,3.55
822,2026-05-16 18:52:39,6,q96,0,5,22,458,454,4985,4029,15,11,0,80,0,2,42116,0,0,57485232,28827803,443601936,0,0,18,18,18,0,1062,1062,0,0,1062,18,10.88,0.46
823,2026-05-16 18:52:41,6,q97,0,5,54,1699,2290,23429,21282,74,71,0,384,0,788,161253,0,0,7393609480,41870748,938312528,0,0,8381511,544,544,0,97702931,97702931,0,0,97702931,8381511,13.79,1.7
824,2026-05-16 18:52:43,6,q98,0,7,29,792,722,5509,5226,33,34,2,11,0,70,3268117,0,0,930099048,27629207,566639608,0,0,79963,22,22,0,10269191,10269191,0,0,8416966,64799,6.96,0.79
825,2026-05-16 18:52:45,6,q99,0,6,22,756,748,9596,8832,28,27,0,84,0,242,107790,0,0,143187720,14420479,474236772,0,0,11520,16,16,0,926824,926824,0,0,926824,11520,12.69,0.76
826,2026-05-16 18:52:47,7,q1,0,10,66,687,1098,7719,6088,61,75,0,90,0,1438,5073369,0,0,4213163072,6074604,532072376,0,0,1616534,294,294,0,25958896,25958896,0,0,25958896,1616534,11.24,0.69
827,2026-05-16 18:52:49,7,q2,0,9,41,871,810,10781,9568,47,52,0,336,0,186,751663,0,0,440945584,21656678,697627440,0,0,5386,101,101,0,240223,240223,0,0,89939,3714,12.38,0.87
828,2026-05-16 18:52:51,7,q3,0,4,22,506,505,5729,5330,22,24,0,30,0,121,82851,0,0,114704360,27682256,558038008,0,0,1541,11,11,0,116938,116938,0,0,116938,1541,11.32,0.51
829,2026-05-16 18:52:52,7,q4,0,19,220,5638,27730,78878,68202,388,407,25,2338,0,7284,36928978,0,0,33856292464,98641672,3306594720,0,0,3073029,2635,2635,0,203896634,203896634,0,0,203896634,3073029,13.99,5.64
830,2026-05-16 18:52:59,7,q5,0,11,140,2789,5841,42214,38362,140,189,0,368,0,1323,315528,0,0,3287095736,61187960,2414022388,0,0,7890322,575,575,0,113520705,113520705,0,0,113520705,7890322,15.14,2.79
831,2026-05-16 18:53:03,7,q5a,0,14,145,2739,5885,39594,35001,170,203,0,706,0,1929,316216,0,0,3826063608,61187960,2414022388,0,0,7892324,588,588,0,113700754,113700754,0,0,113567508,7890500,14.46,2.74
832,2026-05-16 18:53:07,7,q6,0,11,52,1569,3310,19754,18660,45,54,0,0,0,1211,2111032,0,0,5012926032,28554256,516726208,0,0,27358702,342,342,0,236773792,236773792,0,0,236773792,27358702,12.59,1.57
833,2026-05-16 18:53:09,7,q7,0,7,35,1528,1552,18460,17480,32,33,0,240,0,280,782379,0,0,1254229176,29550507,766897708,0,0,72652,34,34,0,2706855,2706855,0,0,2706855,72652,12.08,1.53
834,2026-05-16 18:53:12,7,q8,0,10,34,699,647,6276,5907,43,45,0,0,0,30,2361205,0,0,1634323840,28527309,515660200,0,0,6695,9,9,0,81675,81675,0,0,81675,6695,8.98,0.7
835,2026-05-16 18:53:14,7,q9,0,11,96,1336,6056,19202,17991,24,62,0,256,0,11,38275,0,0,0,144002542,2709643264,0,0,90,90,90,0,7389,7389,0,0,7389,90,14.37,1.34
836,2026-05-16 18:53:16,7,q10,0,13,92,1109,2936,13180,12036,41,78,0,0,0,795,596558,0,0,1543360552,51741636,1103797252,0,0,4321867,105,105,0,66532690,66532690,0,0,66532690,4321867,11.88,1.11
837,2026-05-16 18:53:18,7,q10a,0,10,91,771,1573,9124,8340,62,85,0,288,0,891,154690,0,0,2060869584,51741636,1103797252,0,0,4289247,218,218,0,66497152,66497152,0,0,66497152,4289247,11.83,0.77
838,2026-05-16 18:53:20,7,q11,0,15,149,3089,9309,38898,33771,209,227,3,256,0,4704,36928978,0,0,21934987920,69954590,1697939744,0,0,1991424,1444,1444,0,124491512,124491512,0,0,124491512,1991424,12.59,3.09
839,2026-05-16 18:53:24,7,q12,0,5,22,536,488,4751,4332,23,25,0,0,0,44,3268117,0,0,571950832,7322088,283323164,0,0,27697,8,8,0,3648303,3648303,0,0,3648303,27697,8.86,0.54
840,2026-05-16 18:53:26,7,q13,0,7,34,1382,1434,17889,16774,18,20,0,0,0,101,1303290,0,0,622088352,29705309,858688536,0,0,18,18,18,0,1360,1360,0,0,1360,18,12.94,1.38
841,2026-05-16 18:53:28,7,q14a,0,30,262,7166,15923,89405,80230,322,371,0,1440,0,6263,1189316,0,0,10728855624,147620508,3763729120,0,0,62679141,731,731,0,833986164,833986164,0,0,830983384,62592617,12.48,7.17
842,2026-05-16 18:53:37,7,q14b,0,24,204,4854,10962,67717,62645,298,293,0,848,0,3221,1189316,0,0,8255620336,126222977,2971058152,0,0,68418017,679,679,0,934409681,934409681,0,0,490514426,40910810,13.95,4.85
843,2026-05-16 18:53:43,7,q14,0,24,200,4148,10120,56409,52868,354,286,0,925,0,3027,1162249,0,0,7179093520,126222977,2971058152,0,0,68308380,595,595,0,925556064,925556064,0,0,481660809,40801173,13.6,4.15
844,2026-05-16 18:53:49,7,q15,0,5,27,1165,1144,13960,13355,24,28,0,0,0,38,5019183,0,0,1030526304,15113541,480248888,0,0,1174,4,4,0,53826,53826,0,0,53826,1174,11.98,1.16
845,2026-05-16 18:53:51,7,q16,0,8,72,2378,6238,34815,30377,57,73,0,720,0,2640,216469,0,0,4703921456,30510756,1131123940,0,0,30114572,867,867,0,423119726,423119726,0,0,423119726,30114572,14.64,2.38
846,2026-05-16 18:53:54,7,q17,0,10,91,4853,11376,65692,61924,73,97,1,1200,0,4015,6944789,0,0,7880912176,44770101,1289527996,0,0,45538041,1160,1160,0,1079464480,1079464480,0,0,1079464480,45538041,13.54,4.85
847,2026-05-16 18:54:00,7,q18,0,9,53,1488,1600,15772,14681,45,57,0,0,0,232,9716301,0,0,3669414416,19057141,711315376,0,0,57715,68,68,0,4945912,4945912,0,0,4945912,57715,10.6,1.49
848,2026-05-16 18:54:03,7,q18a,0,17,130,3703,10212,49271,44779,172,187,2,512,0,1684,9716387,0,0,16239163328,77283305,3292197064,0,0,65807,90,90,0,6176099,6176099,0,0,6176099,65807,13.31,3.7
849,2026-05-16 18:54:08,7,q19,0,7,31,676,670,6206,5793,32,34,0,0,0,80,5019183,0,0,1177435312,28379309,606515552,0,0,4376,5,5,0,308494,308494,0,0,308494,4376,9.18,0.68
850,2026-05-16 18:54:09,7,q20,0,5,24,560,520,4305,4028,28,27,0,0,0,50,3268117,0,0,649837392,14465541,509473692,0,0,40260,12,12,0,5209200,5209200,0,0,5209200,40260,7.69,0.56
851,2026-05-16 18:54:11,7,q21,0,6,24,914,901,11465,10575,26,28,0,345,0,49,92349,0,0,466625832,133232010,765532980,0,0,127600,10,10,0,2502845,2502845,0,0,2502845,127600,12.54,0.91
852,2026-05-16 18:54:13,7,q22,0,6,39,27392,27350,131353,129777,98,64,0,699,0,169,4629135,0,0,2072800152,133232010,745181988,0,0,1631476,153,153,0,68620295,68620295,0,0,68620295,1631476,4.8,27.39
853,2026-05-16 18:54:41,7,q22a,0,10,87,2484,3038,20581,18131,138,151,0,133,0,1870,4629135,0,0,8765073152,133232010,745388852,0,0,1428768,391,391,0,71242445,71242445,0,0,20136405,409288,8.29,2.48
854,2026-05-16 18:54:45,7,q23a,0,18,183,6783,14516,97645,90841,212,229,0,2448,0,5313,6575783,0,0,13198937680,106020544,2325301556,0,0,42450830,1196,1196,0,1030784978,1030784978,0,0,994746971,40085981,14.4,6.78
855,2026-05-16 18:54:53,7,q23b,0,21,209,7419,15077,102210,94578,264,279,0,1440,0,5961,6575783,0,0,26174278816,106520544,2346429360,0,0,48143010,2482,2482,0,1128320782,1128320782,0,0,1007119317,40548463,13.78,7.42
856,2026-05-16 18:55:01,7,q24,0,8,63,2900,8155,38534,36365,48,57,1,192,0,2464,20636822,0,0,7068696000,32530235,871034256,0,0,29735885,578,578,0,704024556,704024556,0,0,704024556,29735885,13.29,2.9
857,2026-05-16 18:55:05,7,q24a,0,13,85,4515,8615,55765,53667,95,96,1,10,0,2585,18087253,0,0,16497845272,32632235,873581408,0,0,59478907,1188,1188,0,1408992810,1408992810,0,0,704968254,29743022,12.35,4.51
858,2026-05-16 18:55:11,7,q24b,0,13,85,3907,8008,45811,45003,95,97,1,0,0,2769,18087253,0,0,15891776752,32632235,873581408,0,0,59478765,1176,1176,0,1408969042,1408969042,0,0,704944486,29742880,11.73,3.91
859,2026-05-16 18:55:16,7,q25,0,10,91,4949,11996,67325,63182,70,92,4,848,0,4475,6944789,0,0,7880887560,44770101,1402541108,0,0,45538038,1157,1157,0,1099708522,1099708522,0,0,1099708522,45538038,13.6,4.95
860,2026-05-16 18:55:22,7,q26,0,6,32,959,999,11231,10418,26,31,0,0,0,239,782379,0,0,703166184,16386841,624102108,0,0,39337,15,15,0,1605317,1605317,0,0,1605317,39337,11.71,0.96
861,2026-05-16 18:55:24,7,q27,0,7,35,1173,1187,14691,14032,35,38,0,0,0,229,782379,0,0,1456022384,29550109,741608524,0,0,59464,34,34,0,2395045,2395045,0,0,2395045,59464,12.52,1.17
862,2026-05-16 18:55:26,7,q27a,0,11,75,2276,4906,32091,29938,71,92,0,208,0,537,782379,0,0,1465085504,84666625,2172067148,0,0,61239,51,51,0,2627792,2627792,0,0,2627792,61239,14.1,2.28
863,2026-05-16 18:55:30,7,q28,0,18,123,2674,14909,39970,35384,104,132,0,240,0,4219,52961,0,0,7681078608,172802970,3511762416,0,0,704147,171,171,0,11397800,11397800,0,0,11397800,704147,14.95,2.67
864,2026-05-16 18:55:33,7,q29,0,11,92,4783,10479,64937,61943,67,95,0,128,0,4732,6944746,0,0,7880995000,44790101,1291832004,0,0,45538045,1162,1162,0,1079465255,1079465255,0,0,1079465255,45538045,13.58,4.78
865,2026-05-16 18:55:39,7,q30,0,11,61,756,1510,5322,4143,90,91,0,0,0,1336,1992893,0,0,3053320632,2395518,516565384,0,0,756891,62,62,0,60329041,60329041,0,0,60329041,756891,7.04,0.76
866,2026-05-16 18:55:41,7,q31,0,19,116,1870,8094,25691,22299,127,153,0,224,0,694,3832889,0,0,3661884384,104431885,2300981856,0,0,69431,47,47,0,2407135,2407135,0,0,2023223,58379,13.74,1.87
867,2026-05-16 18:55:44,7,q32,0,7,41,764,1361,10942,8783,21,34,0,0,0,1338,710182,0,0,180415096,28809082,991451332,0,0,167838,26,26,0,2270194,2270194,0,0,2270194,167838,14.32,0.76
868,2026-05-16 18:55:46,7,q33,0,9,62,904,1903,11375,10321,64,83,0,208,0,157,889109,0,0,1112001560,49524836,1381931768,0,0,10900,12,12,0,299975,299975,0,0,299975,10900,12.58,0.9
869,2026-05-16 18:55:48,7,q34,0,8,30,680,910,7778,6949,27,32,2,0,0,477,16394969,0,0,406751880,28034509,476109360,0,0,20445,33,33,0,752749,752749,0,0,404096,10675,11.44,0.68
870,2026-05-16 18:55:49,7,q35,0,10,86,1244,2490,14366,11996,45,81,0,270,0,1352,23973725,0,0,8147275976,51741636,1103461380,0,0,6056607,483,483,0,16242855,16242855,0,0,16242855,6056607,11.55,1.24
871,2026-05-16 18:55:52,7,q35a,0,9,86,1065,1674,11262,9783,67,85,0,0,0,1454,23973811,0,0,7365038568,51741636,1103461380,0,0,6053510,447,447,0,16207218,16207218,0,0,16207218,6053510,10.57,1.06
872,2026-05-16 18:55:54,7,q36,0,6,24,1142,1109,14427,13242,29,29,0,392,0,180,1857112,0,0,1416504176,27629309,663836680,0,0,2672,17,17,0,213306,213306,0,0,213306,2672,12.63,1.14
873,2026-05-16 18:55:56,7,q36a,0,9,29,969,908,10022,9445,29,33,0,0,0,165,1857112,0,0,1955472048,27629309,663836680,0,0,7291,54,54,0,609921,609921,0,0,218135,2653,10.34,0.97
874,2026-05-16 18:55:58,7,q37,0,6,55,1089,1684,13306,12591,48,50,0,0,0,636,157657,0,0,880361848,147632425,1207887060,0,0,4316414,314,314,0,69743177,69743177,0,0,69743177,14400617,12.22,1.09
875,2026-05-16 18:56:00,7,q38,0,10,97,1714,3818,21762,18396,121,133,1,224,0,2209,12765592,0,0,9866774384,49570836,1075355416,0,0,1688094,661,661,0,45241997,45241997,0,0,45241997,1688094,12.7,1.71
876,2026-05-16 18:56:03,7,q39a,0,11,90,2109,3630,27520,25291,219,164,0,272,0,915,802546,0,0,4211899344,266362010,1505525044,0,0,3607909,148,148,0,74539489,74539489,0,0,52721319,2587909,13.05,2.11
877,2026-05-16 18:56:06,7,q39b,0,11,90,1620,2803,20124,19371,153,168,0,256,0,343,520274,0,0,4113333200,266362010,1505525044,0,0,3571488,148,148,0,73340574,73340574,0,0,51522404,2551488,12.42,1.62
878,2026-05-16 18:56:09,7,q40,0,7,55,1776,4220,26911,24488,40,51,0,288,0,2430,174173,0,0,4141621464,15905433,770042316,0,0,15748014,578,578,0,311368182,311368182,0,0,311368182,15748014,15.15,1.78
879,2026-05-16 18:56:12,7,q41,0,4,6,154,126,136,120,5,6,0,0,0,7,12426,0,0,202903480,204000,8797088,0,0,140,2,2,0,9680,9680,0,0,9680,140,0.88,0.15
880,2026-05-16 18:56:13,7,q42,0,4,22,390,381,4456,4148,24,25,0,0,0,9,81948,0,0,379457640,27629207,557898744,0,0,44,4,4,0,3648,3648,0,0,3648,44,11.43,0.39
881,2026-05-16 18:56:14,7,q43,0,4,21,436,413,5314,4821,31,29,0,0,0,58,83496,0,0,109903832,27527309,474261408,0,0,336,16,16,0,42822,42822,0,0,42822,336,12.19,0.44
882,2026-05-16 18:56:16,7,q44,0,8,51,856,902,8946,8218,49,51,0,0,0,553,1663841,0,0,1588520232,57701322,1092193576,0,0,888138,208,208,0,11729535,11729535,0,0,5866365,444133,10.45,0.86
883,2026-05-16 18:56:18,7,q45,0,7,30,639,679,5764,5324,27,30,0,220,0,11,5019183,0,0,2009365456,8092088,305764116,0,0,29,5,5,0,2649,2649,0,0,2649,29,9.02,0.64
884,2026-05-16 18:56:19,7,q46,0,7,30,1045,1196,11863,10652,29,33,2,0,0,540,15301537,0,0,659091400,28284509,613687368,0,0,27956,17,17,0,1493333,1493333,0,0,1493333,27956,11.35,1.04
885,2026-05-16 18:56:21,7,q47,0,11,77,1840,2534,22423,19508,123,124,0,0,0,2084,2306610,0,0,6482903000,27629309,559056240,0,0,1590409,859,859,0,60519952,60519952,0,0,39087937,1023254,12.19,1.84
886,2026-05-16 18:56:24,7,q48,0,6,33,1652,1693,22486,21164,21,22,0,503,0,4,1324191,0,0,602298144,29698109,682742268,0,0,18,18,18,0,1058,1058,0,0,1058,18,13.61,1.65
887,2026-05-16 18:56:27,7,q49,0,18,160,2696,11093,39907,36051,91,143,0,416,0,4357,239215,0,0,5252720952,54107455,2427289576,0,0,15195842,122,122,0,338168684,338168684,0,0,338168684,15195842,14.8,2.7
888,2026-05-16 18:56:31,7,q50,0,7,55,2536,5798,34215,31614,44,58,0,624,0,2573,370352,0,0,4687124776,30377609,786346524,0,0,29262054,595,595,0,610128846,610128846,0,0,610128846,29262054,13.49,2.54
889,2026-05-16 18:56:34,7,q51,0,10,136,2950,4282,41756,37065,181,199,23,640,0,3956,299557,0,0,11015386880,34727295,813282156,0,0,23550796,1924,1924,0,399847488,399847488,0,0,399847488,23550796,14.15,2.95
890,2026-05-16 18:56:38,7,q51a,0,14,203,20995,24675,274700,261829,292,329,0,4906,0,4982,459272,0,0,28096160056,34727295,813282156,0,0,46681572,2859,2859,0,771163543,771163543,0,0,559064286,35219606,13.08,21.0
891,2026-05-16 18:57:00,7,q52,0,4,22,385,373,4451,4161,21,25,0,0,0,47,81948,0,0,379457640,27629207,558029816,0,0,1887,4,4,0,115048,115048,0,0,115048,1887,11.56,0.38
892,2026-05-16 18:57:02,7,q53,0,6,24,657,639,6766,6094,28,28,0,0,0,623,98616,0,0,200738576,27629309,559666544,0,0,25225,17,17,0,593664,593664,0,0,593664,25225,10.3,0.66
893,2026-05-16 18:57:04,7,q54,0,15,87,1663,6289,22560,20535,98,108,0,352,0,1446,5019183,0,0,2690143008,50035987,1263189040,0,0,26873287,321,321,0,251993832,251993832,0,0,251993832,26873287,13.57,1.66
894,2026-05-16 18:57:06,7,q55,0,4,22,381,368,4624,4285,21,25,0,0,0,52,82077,0,0,446566480,27629207,558029816,0,0,1905,5,5,0,114274,114274,0,0,114274,1905,12.14,0.38
895,2026-05-16 18:57:08,7,q56,0,9,62,995,2029,12997,11955,65,82,0,128,0,117,463898,0,0,1055688224,49524836,1382193912,0,0,9885,10,10,0,303094,303094,0,0,303094,9885,13.06,1.0
896,2026-05-16 18:57:10,7,q57,0,11,87,1502,2130,19524,16274,143,142,0,0,0,2062,2306610,0,0,7693701296,14465565,511515644,0,0,1720999,1085,1085,0,69174677,69174677,0,0,45947701,1131739,13.0,1.5
897,2026-05-16 18:57:12,7,q58,0,10,59,1006,2310,11748,10619,67,81,0,0,0,101,782379,0,0,1417089136,49318934,1340186384,0,0,173007,7,7,0,2426497,2426497,0,0,2426497,173007,11.68,1.01
898,2026-05-16 18:57:15,7,q59,0,10,27,923,954,7768,7163,28,28,0,0,0,511,751663,0,0,1438681568,27620460,479424808,0,0,79764,38,38,0,2467734,2467734,0,0,1412944,58497,8.42,0.92
899,2026-05-16 18:57:16,7,q60,0,9,62,1021,2133,12387,11048,61,82,0,160,0,234,463898,0,0,1676360952,49524836,1382128376,0,0,71818,16,16,0,1401709,1401709,0,0,1401709,71818,12.13,1.02
900,2026-05-16 18:57:19,7,q61,0,10,51,959,1676,11884,11116,15,30,0,0,0,5,5019183,0,0,1122073200,55887016,1246117972,0,0,36,36,36,0,2072,2072,0,0,2072,36,12.39,0.96
901,2026-05-16 18:57:21,7,q62,0,6,21,522,509,6566,5799,27,26,0,144,0,199,102016,0,0,138730216,7220160,255516644,0,0,6720,16,16,0,573858,573858,0,0,573858,6720,12.58,0.52
902,2026-05-16 18:57:22,7,q63,0,6,24,521,504,5290,4925,28,28,0,0,0,238,98616,0,0,200673040,27629309,559670640,0,0,5472,17,17,0,197943,197943,0,0,197943,5472,10.15,0.52
903,2026-05-16 18:57:24,7,q64,0,23,172,7073,37836,105014,97245,186,218,3,784,0,7671,13538285,0,0,35316849912,49118817,1774517852,0,0,52026303,2753,2753,0,1941744354,1941744354,0,0,1795539375,48487731,14.85,7.07
904,2026-05-16 18:57:32,7,q65,0,10,93,1807,3381,26458,23698,136,150,1,192,0,2145,9163347,0,0,6830270912,55136516,1103563664,0,0,12053707,561,561,0,394360560,394360560,0,0,394360560,12053707,14.64,1.81
905,2026-05-16 18:57:35,7,q66,0,8,40,1311,1721,16205,13360,88,90,0,144,0,105,147441,0,0,2706214264,21603659,873611500,0,0,350,35,35,0,133208,133208,0,0,133208,350,12.36,1.31
906,2026-05-16 18:57:37,7,q67,0,6,40,6621,6568,77472,75051,61,63,0,894,0,1358,4629135,0,0,7267753424,27629309,586560880,0,0,10124896,289,289,0,701298796,701298796,0,0,701298796,10124896,11.7,6.62
907,2026-05-16 18:57:45,7,q67a,0,14,183,11076,37273,150309,141258,311,348,0,924,0,5457,4629135,0,0,27103724768,27629309,586560880,0,0,54552870,2600,2600,0,3538011866,3538011866,0,0,811768194,13109678,13.57,11.08
908,2026-05-16 18:57:57,7,q68,0,7,30,930,1057,9907,8926,28,31,2,0,0,177,15301537,0,0,524003480,28284509,740171848,0,0,6174,16,16,0,460871,460871,0,0,460871,6174,10.65,0.93
909,2026-05-16 18:57:59,7,q69,0,11,81,943,1865,9562,8061,42,66,0,128,0,369,28676289,0,0,3801669616,51741636,1103600644,0,0,1902029,65,65,0,9509500,9509500,0,0,9509500,1902029,10.14,0.94
910,2026-05-16 18:58:01,7,q70,0,9,43,1030,976,12912,12252,56,60,0,0,0,78,189966,0,0,1495011464,55034618,1000273064,0,0,269,34,34,0,15484,15484,0,0,15484,269,12.54,1.03
911,2026-05-16 18:58:03,7,q70a,0,12,48,905,801,8991,8094,61,66,0,128,0,81,189646,0,0,893128768,55034618,1000273064,0,0,312,71,71,0,20929,20929,0,0,11265,216,9.93,0.9
912,2026-05-16 18:58:05,7,q71,0,7,58,1023,989,12070,10925,79,92,0,0,0,229,360932,0,0,937227208,49212836,1329864992,0,0,32235,31,31,0,1626141,1626141,0,0,983941,21123,11.8,1.02
913,2026-05-16 18:58:07,7,q72,0,15,124,17024,26581,231158,224019,140,160,1,1216,0,6367,6575826,0,0,19933730552,151090031,1585147464,0,0,142246513,2041,2041,0,2052783779,2052783779,0,0,2052783779,142246513,13.58,17.02
914,2026-05-16 18:58:26,7,q73,0,8,30,491,714,4884,4060,31,35,2,256,0,312,16394969,0,0,406153864,28034509,476109360,0,0,5455,33,33,0,276235,276235,0,0,138423,2732,9.95,0.49
915,2026-05-16 18:58:27,7,q74,0,13,133,2615,8507,35528,30420,171,188,1,320,0,4153,15491653,0,0,16184335400,69954590,1567842592,0,0,1778475,1151,1151,0,61603380,61603380,0,0,61603380,1778475,13.59,2.62
916,2026-05-16 18:58:31,7,q75,0,19,223,4898,18300,76338,65493,176,258,55,1552,0,7375,316496,0,0,11805162464,103281460,3563276792,0,0,14156496,1612,1612,0,332581029,332581029,0,0,226037306,9118708,15.59,4.9
917,2026-05-16 18:58:37,7,q76,0,4,55,1490,1461,21939,20330,69,79,0,0,0,392,917299,0,0,4002530168,48287050,1395537536,0,0,3731,51,51,0,357657,357657,0,0,357657,3731,14.72,1.49
918,2026-05-16 18:58:39,7,q77,0,14,109,1310,5795,18376,16553,106,133,0,112,0,147,82636,0,0,1071750256,53976030,2133018128,0,0,1637,39,39,0,110579,110579,0,0,110579,1637,14.03,1.31
919,2026-05-16 18:58:42,7,q77a,0,17,114,1319,5344,16810,14911,115,142,0,112,0,136,87192,0,0,1677826968,53976030,2133018128,0,0,1762,48,48,0,147189,147189,0,0,105693,1432,12.74,1.32
920,2026-05-16 18:58:44,7,q78,0,12,169,7814,26427,118066,109681,192,228,0,864,0,7683,408748,0,0,21320052176,54108624,2237514504,0,0,62125308,2550,2550,0,1814219610,1814219610,0,0,1814219610,62125308,15.11,7.81
921,2026-05-16 18:58:53,7,q79,0,7,31,785,957,9751,8754,37,36,2,0,0,546,12765592,0,0,1520370944,28034509,607783536,0,0,80466,54,54,0,3237733,3237733,0,0,3237733,80466,12.42,0.78
922,2026-05-16 18:58:55,7,q80,0,17,161,7603,33979,118243,110540,111,174,1,864,0,7592,188453,0,0,14185165104,54223268,2379167728,0,0,53052375,1737,1737,0,1564177600,1564177600,0,0,1564177600,53052375,15.55,7.6
923,2026-05-16 18:59:04,7,q80a,0,20,166,7261,29588,111133,105684,157,197,0,1118,0,6308,187765,0,0,14657024136,54223268,2379167728,0,0,53053332,1748,1748,0,1564293212,1564293212,0,0,1564190462,53052306,15.31,7.26
924,2026-05-16 18:59:12,7,q81,0,11,56,737,1449,7802,6243,58,69,3,0,0,1440,20721956,0,0,3979685040,3899764,548093072,0,0,808731,131,131,0,13556730,13556730,0,0,13556730,808731,10.59,0.74
925,2026-05-16 18:59:14,7,q82,0,6,56,1483,2573,18520,17083,46,52,0,208,0,715,158044,0,0,1652122344,162032501,1238672880,0,0,13778665,346,346,0,133285994,133285994,0,0,133285994,28800829,12.49,1.48
926,2026-05-16 18:59:17,7,q83,0,10,56,689,1538,7666,6758,56,72,0,0,0,414,782379,0,0,1381402608,5226039,725480728,0,0,43744,16,16,0,780733,780733,0,0,780733,43744,11.13,0.69
927,2026-05-16 18:59:18,7,q84,0,9,52,635,975,3607,3338,37,42,0,0,0,461,9716301,0,0,529996992,5555652,266773736,0,0,2778834,30,30,0,14633286,14633286,0,0,14633286,2778834,5.68,0.64
928,2026-05-16 18:59:20,7,q85,0,10,75,1522,5417,16612,14383,59,76,0,240,0,908,16953813,0,0,8635287000,12032207,623582596,0,0,915638,551,551,0,35144327,35144327,0,0,35144327,915638,10.91,1.52
929,2026-05-16 18:59:23,7,q86,0,5,21,446,405,4511,3803,23,25,0,256,0,127,1857112,0,0,1309470056,7322088,276921288,0,0,2485,16,16,0,179211,179211,0,0,179211,2485,10.11,0.45
930,2026-05-16 18:59:24,7,q86a,0,8,26,460,400,3707,3321,29,30,0,0,0,147,1857112,0,0,1915546640,7322088,276921288,0,0,7099,54,54,0,544610,544610,0,0,195540,2589,8.06,0.46
931,2026-05-16 18:59:26,7,q87,0,10,97,1819,4145,23445,19304,117,126,1,272,0,2936,12765592,0,0,9866774384,49570836,1075355416,0,0,1688094,661,661,0,45241997,45241997,0,0,45241997,1688094,12.89,1.82
932,2026-05-16 18:59:28,7,q88,0,26,162,2210,14454,33077,31130,28,97,0,272,0,19,42073,0,0,463457664,230611310,3534439280,0,0,144,144,144,0,8495,8495,0,0,8495,144,14.97,2.21
933,2026-05-16 18:59:32,7,q89,0,6,24,750,728,8980,7820,27,30,0,288,0,235,108570,0,0,1274610944,27629309,559396208,0,0,24922,17,17,0,1525398,1525398,0,0,1525398,24922,11.97,0.75
934,2026-05-16 18:59:34,7,q90,0,8,38,431,596,6033,5718,10,19,0,0,0,4,38053,0,0,103596544,14447576,498975996,0,0,32,32,32,0,1888,1888,0,0,1888,32,14.0,0.43
935,2026-05-16 18:59:35,7,q91,0,10,40,445,537,3537,3257,38,37,0,0,0,6,9531965,0,0,1093109944,4137906,310769080,0,0,49,7,7,0,7077,7077,0,0,4444,32,7.95,0.44
936,2026-05-16 18:59:36,7,q92,0,7,39,961,1811,14259,13355,23,33,0,0,0,311,709477,0,0,178103200,14522176,550383884,0,0,157511,29,29,0,2215693,2215693,0,0,2215693,157511,14.84,0.96
937,2026-05-16 18:59:38,7,q93,0,5,53,4650,6885,62738,50508,39,52,0,10180,0,2857,144661,0,0,5766380072,31678178,800059272,0,0,31635854,595,595,0,783850051,783850051,0,0,783850051,31635854,13.49,4.65
938,2026-05-16 18:59:44,7,q94,0,8,70,1368,3711,20005,17335,55,65,0,864,0,1736,3809010,0,0,3571011840,15390492,714493020,0,0,14397040,561,561,0,222652012,222652012,0,0,222652012,14397040,14.62,1.37
939,2026-05-16 18:59:47,7,q95,0,8,70,3975,5905,58665,46935,59,72,0,1392,0,1284,3810379,0,0,14560086280,15390492,771287904,0,0,35990240,1377,1377,0,327372603,327372603,0,0,201776532,14395274,14.76,3.98
940,2026-05-16 18:59:52,7,q96,0,5,22,428,426,4718,3720,8,10,0,0,0,2,41600,0,0,57485232,28827803,443601936,0,0,18,18,18,0,1062,1062,0,0,1062,18,11.02,0.43
941,2026-05-16 18:59:53,7,q97,0,5,54,1907,2473,26486,20968,79,71,0,544,0,776,161253,0,0,7393609480,41870748,938312528,0,0,8381511,544,544,0,97702931,97702931,0,0,97702931,8381511,13.89,1.91
942,2026-05-16 18:59:56,7,q98,0,7,29,805,743,5831,5504,31,36,2,0,0,70,3268117,0,0,930099048,27629207,566639608,0,0,79963,22,22,0,10269191,10269191,0,0,8416966,64799,7.24,0.8
943,2026-05-16 18:59:58,7,q99,0,6,22,894,884,11399,10714,28,28,0,0,0,197,107532,0,0,143187720,14420479,474236772,0,0,11520,16,16,0,926824,926824,0,0,926824,11520,12.75,0.89
944,2026-05-16 19:00:00,8,q1,0,10,66,840,1461,10306,8463,62,72,0,133,0,1456,5073627,0,0,4213163072,6074604,532072376,0,0,1616534,294,294,0,25958896,25958896,0,0,25958896,1616534,12.27,0.84
945,2026-05-16 19:00:02,8,q2,0,9,41,873,816,10895,9348,40,48,0,752,0,142,751663,0,0,440945584,21656678,697627440,0,0,5386,101,101,0,240223,240223,0,0,89939,3714,12.48,0.87
946,2026-05-16 19:00:04,8,q3,0,4,22,467,456,5465,5147,22,23,0,0,0,72,82851,0,0,114704360,27682256,558038008,0,0,1541,11,11,0,116938,116938,0,0,116938,1541,11.7,0.47
947,2026-05-16 19:00:05,8,q4,0,19,220,5873,28883,82264,66105,427,402,3,4544,0,6913,36928978,0,0,33856292464,98641672,3306594720,0,0,3073029,2635,2635,0,203896634,203896634,0,0,203896634,3073029,14.01,5.87
948,2026-05-16 19:00:12,8,q5,0,11,140,2683,5788,40663,35612,132,184,0,1104,0,1806,316216,0,0,3287095736,61187960,2414022388,0,0,7890322,575,575,0,113520705,113520705,0,0,113520705,7890322,15.16,2.68
949,2026-05-16 19:00:16,8,q5a,0,14,145,2794,5710,40525,34396,150,201,0,1088,0,1805,316216,0,0,3826063608,61187960,2414022388,0,0,7892324,588,588,0,113700754,113700754,0,0,113567508,7890500,14.5,2.79
950,2026-05-16 19:00:20,8,q6,0,11,52,1796,3594,21818,18153,59,59,0,558,0,1250,2111032,0,0,5012926032,28554256,516726208,0,0,27358702,342,342,0,236773792,236773792,0,0,236773792,27358702,12.15,1.8
951,2026-05-16 19:00:23,8,q7,0,7,35,1424,1450,18048,16951,34,35,0,0,0,239,782379,0,0,1254229176,29550507,766897708,0,0,72652,34,34,0,2706855,2706855,0,0,2706855,72652,12.67,1.42
952,2026-05-16 19:00:25,8,q8,0,10,34,1324,1259,15027,14266,46,47,0,0,0,30,2361205,0,0,1634323840,28527309,515660200,0,0,6695,9,9,0,81675,81675,0,0,81675,6695,11.35,1.32
953,2026-05-16 19:00:28,8,q9,0,11,96,1425,6496,20634,18901,39,60,0,720,0,14,38447,0,0,0,144002542,2709643264,0,0,90,90,90,0,7389,7389,0,0,7389,90,14.48,1.42
954,2026-05-16 19:00:30,8,q10,0,13,92,1141,3042,13613,11907,47,78,0,400,0,993,596558,0,0,1543360552,51741636,1103797252,0,0,4321867,105,105,0,66532690,66532690,0,0,66532690,4321867,11.93,1.14
955,2026-05-16 19:00:32,8,q10a,0,10,91,770,1704,9079,8397,49,85,0,260,0,788,154690,0,0,2060869584,51741636,1103797252,0,0,4289247,218,218,0,66497152,66497152,0,0,66497152,4289247,11.79,0.77
956,2026-05-16 19:00:34,8,q11,0,15,149,3275,9644,39851,31037,232,231,8,1233,0,5890,36928978,0,0,21934987920,69954590,1697939744,0,0,1991424,1444,1444,0,124491512,124491512,0,0,124491512,1991424,12.17,3.28
957,2026-05-16 19:00:39,8,q12,0,5,22,557,517,5502,5097,21,23,0,0,0,48,3268117,0,0,571950832,7322088,283323164,0,0,27697,8,8,0,3648303,3648303,0,0,3648303,27697,9.88,0.56
958,2026-05-16 19:00:40,8,q13,0,7,34,1418,1487,16765,15919,16,21,0,92,0,2,1303376,0,0,622088352,29705309,858688536,0,0,18,18,18,0,1360,1360,0,0,1360,18,11.82,1.42
959,2026-05-16 19:00:43,8,q14a,0,30,262,7277,17132,89717,78903,1183,364,0,2848,0,6709,1189316,0,0,10728855624,147620508,3763729120,0,0,62679141,731,731,0,833986164,833986164,0,0,830983384,62592617,12.33,7.28
960,2026-05-16 19:00:52,8,q14b,0,24,204,4858,11070,68497,63345,282,273,0,624,0,3802,1189316,0,0,8255620336,126222977,2971058152,0,0,68418017,679,679,0,934409681,934409681,0,0,490514426,40910810,14.1,4.86
961,2026-05-16 19:00:58,8,q14,0,24,200,4109,10270,54013,50182,281,296,0,912,0,3468,1162249,0,0,7179093520,126222977,2971058152,0,0,68308380,595,595,0,925556064,925556064,0,0,481660809,40801173,13.15,4.11
962,2026-05-16 19:01:03,8,q15,0,5,27,1151,1126,14291,13407,22,28,0,288,0,35,5019183,0,0,1030526304,15113541,480248888,0,0,1174,4,4,0,53826,53826,0,0,53826,1174,12.42,1.15
963,2026-05-16 19:01:05,8,q16,0,8,72,2413,6095,35013,30782,58,73,0,832,0,2266,216469,0,0,4703921456,30510756,1131123940,0,0,30114572,867,867,0,423119726,423119726,0,0,423119726,30114572,14.51,2.41
964,2026-05-16 19:01:09,8,q17,0,10,91,4906,11803,67038,62332,68,94,1,1600,0,4226,6944789,0,0,7880912176,44770101,1289527996,0,0,45538041,1160,1160,0,1079464480,1079464480,0,0,1079464480,45538041,13.66,4.91
965,2026-05-16 19:01:15,8,q18,0,9,53,1455,1539,15775,14798,45,58,0,0,0,256,9716301,0,0,3669414416,19057141,711315376,0,0,57715,68,68,0,4945912,4945912,0,0,4945912,57715,10.84,1.46
966,2026-05-16 19:01:17,8,q18a,0,17,130,3936,11221,53677,49070,185,190,2,492,0,1391,9716430,0,0,16239163328,77283305,3292197064,0,0,65807,90,90,0,6176099,6176099,0,0,6176099,65807,13.64,3.94
967,2026-05-16 19:01:22,8,q19,0,7,31,645,637,6567,5964,43,35,0,192,0,69,5019183,0,0,1177435312,28379309,606515552,0,0,4376,5,5,0,308494,308494,0,0,308494,4376,10.18,0.64
968,2026-05-16 19:01:24,8,q20,0,5,24,491,451,4213,3895,28,28,0,0,0,51,3268117,0,0,649837392,14465541,509473692,0,0,40260,12,12,0,5209200,5209200,0,0,5209200,40260,8.58,0.49
969,2026-05-16 19:01:26,8,q21,0,6,24,1022,1008,11854,10955,29,28,0,352,0,45,92392,0,0,466625832,133232010,765532980,0,0,127600,10,10,0,2502845,2502845,0,0,2502845,127600,11.6,1.02
970,2026-05-16 19:01:28,8,q22,0,6,39,28718,28677,139014,136589,87,61,0,1405,0,171,4629135,0,0,2072800152,133232010,745181988,0,0,1631476,153,153,0,68620295,68620295,0,0,68620295,1631476,4.84,28.72
971,2026-05-16 19:01:57,8,q22a,0,10,87,2565,3088,21490,18449,139,147,0,442,0,2039,4629135,0,0,8765073152,133232010,745388852,0,0,1428768,391,391,0,71242445,71242445,0,0,20136405,409288,8.38,2.56
972,2026-05-16 19:02:01,8,q23a,0,18,183,7171,12964,98416,90858,187,212,1,2176,0,6306,6575826,0,0,13198937680,106020544,2325301556,0,0,42450830,1196,1196,0,1030784978,1030784978,0,0,994746971,40085981,13.72,7.17
973,2026-05-16 19:02:09,8,q23b,0,21,209,6887,15889,99505,91391,285,307,0,1719,0,6963,6575783,0,0,26174278816,106520544,2346429360,0,0,48143010,2482,2482,0,1128320782,1128320782,0,0,1007119317,40548463,14.45,6.89
974,2026-05-16 19:02:17,8,q24,0,8,63,2873,7961,39487,36793,44,58,1,432,0,2457,20636822,0,0,7068696000,32530235,871034256,0,0,29735885,578,578,0,704024556,704024556,0,0,704024556,29735885,13.74,2.87
975,2026-05-16 19:02:21,8,q24a,0,13,85,4492,8606,54937,52578,92,93,1,24,0,3073,18087296,0,0,16497845272,32632235,873581408,0,0,59478907,1188,1188,0,1408992810,1408992810,0,0,704968254,29743022,12.23,4.49
976,2026-05-16 19:02:27,8,q24b,0,13,85,3967,8202,47414,45770,82,92,1,432,0,2843,18087253,0,0,15891776752,32632235,873581408,0,0,59478765,1176,1176,0,1408969042,1408969042,0,0,704944486,29742880,11.95,3.97
977,2026-05-16 19:02:32,8,q25,0,10,91,5183,12617,70805,67187,64,88,1,736,0,4188,6944789,0,0,7880887560,44770101,1402541108,0,0,45538038,1157,1157,0,1099708522,1099708522,0,0,1099708522,45538038,13.66,5.18
978,2026-05-16 19:02:38,8,q26,0,6,32,1070,1099,13534,12716,30,33,0,66,0,243,782379,0,0,703166184,16386841,624102108,0,0,39337,15,15,0,1605317,1605317,0,0,1605317,39337,12.65,1.07
979,2026-05-16 19:02:40,8,q27,0,7,35,1155,1181,14068,13401,35,40,0,0,0,254,782379,0,0,1456022384,29550109,741608524,0,0,59464,34,34,0,2395045,2395045,0,0,2395045,59464,12.18,1.16
980,2026-05-16 19:02:43,8,q27a,0,11,75,2115,4235,29871,27771,73,91,0,240,0,658,782379,0,0,1465085504,84666625,2172067148,0,0,61239,51,51,0,2627792,2627792,0,0,2627792,61239,14.12,2.12
981,2026-05-16 19:02:46,8,q28,0,18,123,2532,14048,37486,32835,90,130,0,304,0,4125,52918,0,0,7681078608,172802970,3511762416,0,0,704147,171,171,0,11397800,11397800,0,0,11397800,704147,14.8,2.53
982,2026-05-16 19:02:49,8,q29,0,11,92,4729,11787,63995,61342,68,93,1,144,0,4210,6944789,0,0,7880995000,44790101,1291832004,0,0,45538045,1162,1162,0,1079465255,1079465255,0,0,1079465255,45538045,13.53,4.73
983,2026-05-16 19:02:55,8,q30,0,11,61,795,1609,5882,4348,94,91,0,160,0,1185,1992893,0,0,3053320632,2395518,516565384,0,0,756891,62,62,0,60329041,60329041,0,0,60329041,756891,7.4,0.8
984,2026-05-16 19:02:57,8,q31,0,19,116,1850,8612,25785,22874,125,144,0,208,0,646,3832889,0,0,3594578936,104431885,2300981856,0,0,59278,40,40,0,2089807,2089807,0,0,2023291,58379,13.94,1.85
985,2026-05-16 19:03:00,8,q32,0,7,41,784,1468,11477,10585,24,33,0,176,0,219,710182,0,0,180415096,28809082,991451332,0,0,167838,26,26,0,2270194,2270194,0,0,2270194,167838,14.64,0.78
986,2026-05-16 19:03:02,8,q33,0,9,62,967,2144,11657,10595,65,84,0,176,0,182,889109,0,0,1112001560,49524836,1381931768,0,0,10900,12,12,0,299975,299975,0,0,299975,10900,12.05,0.97
987,2026-05-16 19:03:04,8,q34,0,8,30,658,861,7790,7141,26,31,2,0,0,232,16394969,0,0,406751880,28034509,476109360,0,0,20445,33,33,0,752749,752749,0,0,404096,10675,11.84,0.66
988,2026-05-16 19:03:05,8,q35,0,10,86,1251,2613,14360,12302,49,82,0,288,0,1165,23973682,0,0,8147275976,51741636,1103461380,0,0,6056607,483,483,0,16242855,16242855,0,0,16242855,6056607,11.48,1.25
989,2026-05-16 19:03:08,8,q35a,0,9,86,1027,1451,9546,8451,67,89,3,256,0,1233,23973854,0,0,7365038568,51741636,1103461380,0,0,6053510,447,447,0,16207218,16207218,0,0,16207218,6053510,9.3,1.03
990,2026-05-16 19:03:10,8,q36,0,6,24,1129,1092,14010,12980,28,30,0,192,0,131,1857112,0,0,1416504176,27629309,663836680,0,0,2672,17,17,0,213306,213306,0,0,213306,2672,12.41,1.13
991,2026-05-16 19:03:12,8,q36a,0,9,29,1009,948,10907,10332,35,35,0,0,0,154,1857112,0,0,1955472048,27629309,663836680,0,0,7291,54,54,0,609921,609921,0,0,218135,2653,10.81,1.01
992,2026-05-16 19:03:14,8,q37,0,6,55,1227,1913,15463,14125,49,48,9,468,0,669,157657,0,0,880361848,147632425,1207887060,0,0,4316414,314,314,0,69743177,69743177,0,0,69743177,14400617,12.6,1.23
993,2026-05-16 19:03:16,8,q38,0,10,97,1855,4236,24011,19983,114,126,1,192,0,2642,12765592,0,0,9866774384,49570836,1075355416,0,0,1688094,661,661,0,45241997,45241997,0,0,45241997,1688094,12.94,1.86
994,2026-05-16 19:03:19,8,q39a,0,11,90,2016,3546,26544,24455,198,160,0,304,0,1091,802546,0,0,4211899344,266362010,1505525044,0,0,3607909,148,148,0,74539489,74539489,0,0,52721319,2587909,13.17,2.02
995,2026-05-16 19:03:22,8,q39b,0,11,90,1618,2832,20273,19427,154,168,0,176,0,431,520274,0,0,4113333200,266362010,1505525044,0,0,3571488,148,148,0,73340574,73340574,0,0,51522404,2551488,12.53,1.62
996,2026-05-16 19:03:25,8,q40,0,7,55,1703,4079,23840,21642,45,55,0,416,0,1954,173485,0,0,4141621464,15905433,770042316,0,0,15748014,578,578,0,311368182,311368182,0,0,311368182,15748014,14.0,1.7
997,2026-05-16 19:03:28,8,q41,0,4,6,165,137,146,121,7,6,0,0,0,7,12426,0,0,202903480,204000,8797088,0,0,140,2,2,0,9680,9680,0,0,9680,140,0.88,0.16
998,2026-05-16 19:03:29,8,q42,0,4,22,435,418,4299,3717,22,25,0,192,0,9,82636,0,0,379457640,27629207,557898744,0,0,44,4,4,0,3648,3648,0,0,3648,44,9.88,0.44
999,2026-05-16 19:03:30,8,q43,0,4,21,412,389,5073,4640,29,29,0,0,0,53,83496,0,0,109903832,27527309,474261408,0,0,336,16,16,0,42822,42822,0,0,42822,336,12.31,0.41
1000,2026-05-16 19:03:32,8,q44,0,8,51,876,940,9204,8189,45,51,0,336,0,618,1663841,0,0,1588520232,57701322,1092193576,0,0,888138,208,208,0,11729535,11729535,0,0,5866365,444133,10.51,0.88
1001,2026-05-16 19:03:34,8,q45,0,7,30,587,623,5003,4739,28,28,0,0,0,10,5019183,0,0,2009365456,8092088,305764116,0,0,29,5,5,0,2649,2649,0,0,2649,29,8.52,0.59
1002,2026-05-16 19:03:35,8,q46,0,7,30,847,982,9635,8282,29,32,2,208,0,403,15301537,0,0,659091400,28284509,613687368,0,0,27956,17,17,0,1493333,1493333,0,0,1493333,27956,11.38,0.85
1003,2026-05-16 19:03:37,8,q47,0,11,77,1617,2318,19036,16337,112,124,0,99,0,1772,2306610,0,0,6482903000,27629309,559056240,0,0,1590409,859,859,0,60519952,60519952,0,0,39087937,1023254,11.77,1.62
1004,2026-05-16 19:03:40,8,q48,0,6,33,1253,1301,15792,14641,17,20,0,368,0,4,1323847,0,0,602298144,29698109,682742268,0,0,18,18,18,0,1058,1058,0,0,1058,18,12.6,1.25
1005,2026-05-16 19:03:42,8,q49,0,18,160,2124,8314,30884,27183,88,150,0,581,0,4197,239215,0,0,5252720952,54107455,2427289576,0,0,15195842,122,122,0,338168684,338168684,0,0,338168684,15195842,14.54,2.12
1006,2026-05-16 19:03:46,8,q50,0,7,55,2520,5843,34229,32010,49,55,0,416,0,2449,370395,0,0,4687124776,30377609,786346524,0,0,29262054,595,595,0,610128846,610128846,0,0,610128846,29262054,13.58,2.52
1007,2026-05-16 19:03:49,8,q51,0,10,136,2831,4146,39915,35255,168,197,0,544,0,4201,299557,0,0,11015386880,34727295,813282156,0,0,23550796,1924,1924,0,399847488,399847488,0,0,399847488,23550796,14.1,2.83
1008,2026-05-16 19:03:53,8,q51a,0,14,203,20783,25020,273573,261426,297,353,0,3729,0,4930,459272,0,0,28096160056,34727295,813282156,0,0,46681572,2859,2859,0,771163543,771163543,0,0,559064286,35219606,13.16,20.78
1009,2026-05-16 19:04:15,8,q52,0,4,22,383,372,4506,4100,22,25,0,64,0,42,82636,0,0,379457640,27629207,558029816,0,0,1887,4,4,0,115048,115048,0,0,115048,1887,11.77,0.38
1010,2026-05-16 19:04:16,8,q53,0,6,24,561,544,5655,5166,30,29,0,0,0,501,98616,0,0,200738576,27629309,559666544,0,0,25225,17,17,0,593664,593664,0,0,593664,25225,10.08,0.56
1011,2026-05-16 19:04:18,8,q54,0,15,87,1643,6101,21692,19818,93,106,0,432,0,1341,5019183,0,0,2690143008,50035987,1263189040,0,0,26873287,321,321,0,251993832,251993832,0,0,251993832,26873287,13.2,1.64
1012,2026-05-16 19:04:21,8,q55,0,4,22,401,389,4209,3983,24,26,0,0,0,46,82077,0,0,446566480,27629207,558029816,0,0,1905,5,5,0,114274,114274,0,0,114274,1905,10.5,0.4
1013,2026-05-16 19:04:22,8,q56,0,9,62,930,1982,11930,10949,64,83,0,112,0,127,463898,0,0,1055688224,49524836,1382193912,0,0,9885,10,10,0,303094,303094,0,0,303094,9885,12.83,0.93
1014,2026-05-16 19:04:24,8,q57,0,11,87,1315,1906,17726,13986,154,143,0,96,0,2524,2306610,0,0,7693701296,14465565,511515644,0,0,1720999,1085,1085,0,69174677,69174677,0,0,45947701,1131739,13.48,1.32
1015,2026-05-16 19:04:26,8,q58,0,10,59,972,2179,10938,9682,61,77,0,128,0,144,782379,0,0,1417089136,49318934,1340186384,0,0,173007,7,7,0,2426497,2426497,0,0,2426497,173007,11.25,0.97
1016,2026-05-16 19:04:28,8,q59,0,10,27,942,975,8207,7434,27,28,0,112,0,405,751663,0,0,1438681568,27620460,479424808,0,0,79764,38,38,0,2467734,2467734,0,0,1412944,58497,8.71,0.94
1017,2026-05-16 19:04:30,8,q60,0,9,62,833,1919,9736,8656,75,85,0,112,0,236,463898,0,0,1676360952,49524836,1382128376,0,0,71818,16,16,0,1401709,1401709,0,0,1401709,71818,11.69,0.83
1018,2026-05-16 19:04:32,8,q61,0,10,51,1019,1619,12346,11442,13,27,0,128,0,4,5019183,0,0,1122073200,55887016,1246117972,0,0,36,36,36,0,2072,2072,0,0,2072,36,12.12,1.02
1019,2026-05-16 19:04:34,8,q62,0,6,21,415,405,4949,4353,24,24,0,0,0,267,101328,0,0,138730216,7220160,255516644,0,0,6720,16,16,0,573858,573858,0,0,573858,6720,11.93,0.42
1020,2026-05-16 19:04:36,8,q63,0,6,24,548,531,5933,5338,28,29,0,128,0,156,99304,0,0,200673040,27629309,559670640,0,0,5472,17,17,0,197943,197943,0,0,197943,5472,10.83,0.55
1021,2026-05-16 19:04:38,8,q64,0,23,172,6774,22345,100314,92607,160,219,3,1464,0,7116,13538242,0,0,35316849912,49118817,1774517852,0,0,52026303,2753,2753,0,1941744354,1941744354,0,0,1795539375,48487731,14.81,6.77
1022,2026-05-16 19:04:46,8,q65,0,10,93,1622,3058,23343,21170,130,142,1,198,0,1727,9163347,0,0,6830270912,55136516,1103563664,0,0,12053707,561,561,0,394360560,394360560,0,0,394360560,12053707,14.39,1.62
1023,2026-05-16 19:04:48,8,q66,0,8,40,1067,1288,11944,9341,83,88,0,96,0,134,147441,0,0,2706214264,21603659,873611500,0,0,350,35,35,0,133208,133208,0,0,133208,350,11.19,1.07
1024,2026-05-16 19:04:50,8,q67,0,6,40,6559,6506,78341,74702,65,61,0,1288,0,1284,4629135,0,0,7267753424,27629309,586560880,0,0,10124896,289,289,0,701298796,701298796,0,0,701298796,10124896,11.94,6.56
1025,2026-05-16 19:04:58,8,q67a,0,14,183,10934,37875,149149,138987,336,366,0,1804,0,5305,4629135,0,0,27103724768,27629309,586560880,0,0,54552870,2600,2600,0,3538011866,3538011866,0,0,811768194,13109678,13.64,10.93
1026,2026-05-16 19:05:10,8,q68,0,7,30,853,973,9453,8559,28,34,2,20,0,166,15301537,0,0,524003480,28284509,740171848,0,0,6174,16,16,0,460871,460871,0,0,460871,6174,11.08,0.85
1027,2026-05-16 19:05:12,8,q69,0,11,81,949,1967,9379,8088,41,66,0,90,0,477,28676289,0,0,3801669616,51741636,1103600644,0,0,1902029,65,65,0,9509500,9509500,0,0,9509500,1902029,9.88,0.95
1028,2026-05-16 19:05:14,8,q70,0,9,43,989,932,11991,11119,57,59,0,112,0,80,190654,0,0,1495011464,55034618,1000273064,0,0,269,34,34,0,15484,15484,0,0,15484,269,12.12,0.99
1029,2026-05-16 19:05:16,8,q70a,0,12,48,999,894,9737,9042,62,66,0,45,0,85,188958,0,0,893128768,55034618,1000273064,0,0,312,71,71,0,20929,20929,0,0,11265,216,9.75,1.0
1030,2026-05-16 19:05:18,8,q71,0,7,58,988,958,11641,10335,89,95,0,112,0,236,360932,0,0,937227208,49212836,1329864992,0,0,32235,31,31,0,1626141,1626141,0,0,983941,21123,11.78,0.99
1031,2026-05-16 19:05:20,8,q72,0,15,124,17160,21828,234486,225905,134,166,1,2192,0,6248,6575869,0,0,19933730552,151090031,1585147464,0,0,142246513,2041,2041,0,2052783779,2052783779,0,0,2052783779,142246513,13.66,17.16
1032,2026-05-16 19:05:38,8,q73,0,8,30,484,690,4402,4063,30,33,2,0,0,160,16394969,0,0,406153864,28034509,476109360,0,0,5455,33,33,0,276235,276235,0,0,138423,2732,9.1,0.48
1033,2026-05-16 19:05:40,8,q74,0,13,133,2200,6840,28984,23205,184,195,1,640,0,4492,15491653,0,0,16184335400,69954590,1567842592,0,0,1778475,1151,1151,0,61603380,61603380,0,0,61603380,1778475,13.17,2.2
1034,2026-05-16 19:05:43,8,q75,0,19,223,4505,17032,69918,59039,181,265,0,1776,0,7591,316496,0,0,11805162464,103281460,3563276792,0,0,14156496,1612,1612,0,332581029,332581029,0,0,226037306,9118708,15.52,4.5
1035,2026-05-16 19:05:49,8,q76,0,4,55,1498,1467,21942,20296,66,81,0,112,0,488,917299,0,0,4002530168,48287050,1395537536,0,0,3731,51,51,0,357657,357657,0,0,357657,3731,14.65,1.5
1036,2026-05-16 19:05:52,8,q77,0,14,109,1324,5917,18729,17032,101,134,0,151,0,139,82120,0,0,1071750256,53976030,2133018128,0,0,1637,39,39,0,110579,110579,0,0,110579,1637,14.15,1.32
1037,2026-05-16 19:05:54,8,q77a,0,17,114,1320,5340,16849,14836,104,138,0,96,0,366,87192,0,0,1677826968,53976030,2133018128,0,0,1762,48,48,0,147189,147189,0,0,105693,1432,12.76,1.32
1038,2026-05-16 19:05:56,8,q78,0,12,169,7816,25085,118168,109761,184,225,4,1184,0,7860,409436,0,0,21320052176,54108624,2237514504,0,0,62125308,2550,2550,0,1814219610,1814219610,0,0,1814219610,62125308,15.12,7.82
1039,2026-05-16 19:06:05,8,q79,0,7,31,1050,1197,13241,12276,31,35,1,112,0,329,12765592,0,0,1520370944,28034509,607783536,0,0,80466,54,54,0,3237733,3237733,0,0,3237733,80466,12.61,1.05
1040,2026-05-16 19:06:07,8,q80,0,17,161,7969,33898,123449,116083,117,174,2,1376,0,7399,188496,0,0,14185165104,54223268,2379167728,0,0,53052375,1737,1737,0,1564177600,1564177600,0,0,1564177600,53052375,15.49,7.97
1041,2026-05-16 19:06:16,8,q80a,0,20,166,7281,25049,110130,102684,134,193,0,1344,0,7637,188496,0,0,14657024136,54223268,2379167728,0,0,53053332,1748,1748,0,1564293212,1564293212,0,0,1564190462,53052306,15.13,7.28
1042,2026-05-16 19:06:25,8,q81,0,11,56,833,1604,9153,7486,56,66,3,112,0,1308,20721956,0,0,3979685040,3899764,548093072,0,0,808731,131,131,0,13556730,13556730,0,0,13556730,808731,10.99,0.83
1043,2026-05-16 19:06:27,8,q82,0,6,56,1451,2630,17903,16894,46,50,0,256,0,654,158044,0,0,1652122344,162032501,1238672880,0,0,13778665,346,346,0,133285994,133285994,0,0,133285994,28800829,12.34,1.45
1044,2026-05-16 19:06:29,8,q83,0,10,56,653,1339,6834,5969,60,70,0,60,0,402,782379,0,0,1381402608,5226039,725480728,0,0,43744,16,16,0,780733,780733,0,0,780733,43744,10.47,0.65
1045,2026-05-16 19:06:31,8,q84,0,9,52,655,890,3736,3391,38,41,0,0,0,516,9716344,0,0,529996992,5555652,266773736,0,0,2778834,30,30,0,14633286,14633286,0,0,14633286,2778834,5.7,0.66
1046,2026-05-16 19:06:33,8,q85,0,10,75,1655,5900,18343,15740,53,74,0,816,0,798,16954200,0,0,8635287000,12032207,623582596,0,0,915638,551,551,0,35144327,35144327,0,0,35144327,915638,11.08,1.66
1047,2026-05-16 19:06:35,8,q86,0,5,21,573,533,6778,6112,19,23,0,96,0,134,1857112,0,0,1309470056,7322088,276921288,0,0,2485,16,16,0,179211,179211,0,0,179211,2485,11.83,0.57
1048,2026-05-16 19:06:37,8,q86a,0,8,26,851,796,9283,8717,26,28,0,0,0,141,1857112,0,0,1915546640,7322088,276921288,0,0,7099,54,54,0,544610,544610,0,0,195540,2589,10.91,0.85
1049,2026-05-16 19:06:39,8,q87,0,10,97,1964,4568,25434,21417,122,131,1,240,0,2504,12765592,0,0,9866774384,49570836,1075355416,0,0,1688094,661,661,0,45241997,45241997,0,0,45241997,1688094,12.95,1.96
1050,2026-05-16 19:06:42,8,q88,0,26,162,2260,14987,33798,31785,26,95,0,320,0,17,41987,0,0,463457664,230611310,3534439280,0,0,144,144,144,0,8495,8495,0,0,8495,144,14.95,2.26
1051,2026-05-16 19:06:45,8,q89,0,6,24,719,699,8555,7623,26,29,0,128,0,260,108570,0,0,1274610944,27629309,559396208,0,0,24922,17,17,0,1525398,1525398,0,0,1525398,24922,11.9,0.72
1052,2026-05-16 19:06:47,8,q90,0,8,38,398,597,5543,5117,12,21,0,96,0,4,38053,0,0,103596544,14447576,498975996,0,0,32,32,32,0,1888,1888,0,0,1888,32,13.93,0.4
1053,2026-05-16 19:06:49,8,q91,0,10,40,474,547,3616,3232,37,33,0,0,0,7,9531965,0,0,1093109944,4137906,310769080,0,0,49,7,7,0,7077,7077,0,0,4444,32,7.63,0.47
1054,2026-05-16 19:06:50,8,q92,0,7,39,916,1699,13641,12678,22,34,0,160,0,265,709477,0,0,178103200,14522176,550383884,0,0,157511,29,29,0,2215693,2215693,0,0,2215693,157511,14.89,0.92
1055,2026-05-16 19:06:52,8,q93,0,5,53,4140,6241,53956,51671,42,51,0,739,0,2580,144016,0,0,5766380072,31678178,800059272,0,0,31635854,595,595,0,783850051,783850051,0,0,783850051,31635854,13.03,4.14
1056,2026-05-16 19:06:57,8,q94,0,8,70,1649,3889,24228,22086,51,65,0,139,0,1575,3809483,0,0,3571011840,15390492,714493020,0,0,14397040,561,561,0,222652012,222652012,0,0,222652012,14397040,14.69,1.65
1057,2026-05-16 19:07:00,8,q95,0,8,70,3933,6006,58080,47206,64,73,0,1317,0,1379,3810379,0,0,14560086280,15390492,771287904,0,0,35990240,1377,1377,0,327372603,327372603,0,0,201776532,14395274,14.77,3.93
1058,2026-05-16 19:07:05,8,q96,0,5,22,400,400,4418,4148,11,11,0,128,0,2,42417,0,0,57485232,28827803,443601936,0,0,18,18,18,0,1062,1062,0,0,1062,18,11.04,0.4
1059,2026-05-16 19:07:06,8,q97,0,5,54,1893,2468,25725,22241,72,70,0,368,0,784,160565,0,0,7393609480,41870748,938312528,0,0,8381511,544,544,0,97702931,97702931,0,0,97702931,8381511,13.59,1.89
1060,2026-05-16 19:07:09,8,q98,0,7,29,813,741,6110,5441,33,33,2,320,0,67,3268117,0,0,930099048,27629207,566639608,0,0,79963,22,22,0,10269191,10269191,0,0,8416966,64799,7.52,0.81
1061,2026-05-16 19:07:11,8,q99,0,6,22,713,702,9592,8887,29,28,0,0,0,273,107532,0,0,143187720,14420479,474236772,0,0,11520,16,16,0,926824,926824,0,0,926824,11520,13.45,0.71
1062,2026-05-16 19:07:13,9,q1,0,10,66,789,1348,9687,8373,63,74,0,0,0,1250,5073369,0,0,4213163072,6074604,532072376,0,0,1616534,294,294,0,25958896,25958896,0,0,25958896,1616534,12.28,0.79
1063,2026-05-16 19:07:15,9,q2,0,9,41,843,783,10474,9659,43,49,0,160,0,179,751663,0,0,440945584,21656678,697627440,0,0,5386,101,101,0,240223,240223,0,0,89939,3714,12.42,0.84
1064,2026-05-16 19:07:17,9,q3,0,4,22,562,538,6736,6427,23,25,0,0,0,83,82808,0,0,114704360,27682256,558038008,0,0,1541,11,11,0,116938,116938,0,0,116938,1541,11.99,0.56
1065,2026-05-16 19:07:18,9,q4,0,19,220,5965,29712,83827,73608,396,406,3,2030,0,6767,36928978,0,0,33856292464,98641672,3306594720,0,0,3073029,2635,2635,0,203896634,203896634,0,0,203896634,3073029,14.05,5.96
1066,2026-05-16 19:07:25,9,q5,0,11,140,2705,5776,41237,36356,147,187,0,736,0,1806,316216,0,0,3287095736,61187960,2414022388,0,0,7890322,575,575,0,113520705,113520705,0,0,113520705,7890322,15.24,2.7
1067,2026-05-16 19:07:29,9,q5a,0,14,145,2819,5660,41325,37144,158,190,0,384,0,1625,315528,0,0,3826063608,61187960,2414022388,0,0,7892324,588,588,0,113700754,113700754,0,0,113567508,7890500,14.66,2.82
1068,2026-05-16 19:07:33,9,q6,0,11,52,1861,3797,23655,20580,48,54,0,1008,0,946,2111032,0,0,5012926032,28554256,516726208,0,0,27358702,342,342,0,236773792,236773792,0,0,236773792,27358702,12.71,1.86
1069,2026-05-16 19:07:36,9,q7,0,7,35,1208,1241,14428,13776,34,39,0,0,0,227,782379,0,0,1254229176,29550507,766897708,0,0,72652,34,34,0,2706855,2706855,0,0,2706855,72652,11.94,1.21
1070,2026-05-16 19:07:38,9,q8,0,10,34,1083,1029,10470,9824,47,45,0,62,0,28,2361205,0,0,1634323840,28527309,515660200,0,0,6695,9,9,0,81675,81675,0,0,81675,6695,9.67,1.08
1071,2026-05-16 19:07:41,9,q9,0,11,96,1398,6385,20349,18803,21,60,0,480,0,28,38533,0,0,0,144002542,2709643264,0,0,90,90,90,0,7389,7389,0,0,7389,90,14.56,1.4
1072,2026-05-16 19:07:43,9,q10,0,13,92,1129,2955,13624,11389,51,86,0,0,0,760,596558,0,0,1543360552,51741636,1103797252,0,0,4321867,105,105,0,66532690,66532690,0,0,66532690,4321867,12.07,1.13
1073,2026-05-16 19:07:45,9,q10a,0,10,91,814,1630,9630,8259,45,81,0,841,0,945,154690,0,0,2060869584,51741636,1103797252,0,0,4289247,218,218,0,66497152,66497152,0,0,66497152,4289247,11.83,0.81
1074,2026-05-16 19:07:47,9,q11,0,15,149,3117,9456,39168,34252,208,223,3,135,0,4571,36928978,0,0,21934987920,69954590,1697939744,0,0,1991424,1444,1444,0,124491512,124491512,0,0,124491512,1991424,12.57,3.12
1075,2026-05-16 19:07:51,9,q12,0,5,22,540,500,4968,4540,26,25,0,0,0,45,3268117,0,0,571950832,7322088,283323164,0,0,27697,8,8,0,3648303,3648303,0,0,3648303,27697,9.2,0.54
1076,2026-05-16 19:07:53,9,q13,0,7,34,1212,1242,16121,15299,18,19,0,0,0,2,1303290,0,0,622088352,29705309,858688536,0,0,18,18,18,0,1360,1360,0,0,1360,18,13.3,1.21
1077,2026-05-16 19:07:55,9,q14a,0,30,262,7024,16443,86162,77490,335,377,0,1432,0,6254,1189316,0,0,10728855624,147620508,3763729120,0,0,62679141,731,731,0,833986164,833986164,0,0,830983384,62592617,12.27,7.02
1078,2026-05-16 19:08:04,9,q14b,0,24,204,4627,10564,63688,59135,265,282,0,304,0,3722,1189316,0,0,8255620336,126222977,2971058152,0,0,68418017,679,679,0,934409681,934409681,0,0,490514426,40910810,13.76,4.63
1079,2026-05-16 19:08:10,9,q14,0,24,200,3907,9937,52630,49071,241,284,0,464,0,3590,1162249,0,0,7179093520,126222977,2971058152,0,0,68308380,595,595,0,925556064,925556064,0,0,481660809,40801173,13.47,3.91
1080,2026-05-16 19:08:15,9,q15,0,5,27,1071,1048,13035,12168,26,30,0,176,0,36,5019183,0,0,1030526304,15113541,480248888,0,0,1174,4,4,0,53826,53826,0,0,53826,1174,12.17,1.07
1081,2026-05-16 19:08:17,9,q16,0,8,72,2305,6198,33568,29776,52,71,3,224,0,2472,216512,0,0,4703921456,30510756,1131123940,0,0,30114572,867,867,0,423119726,423119726,0,0,423119726,30114572,14.56,2.31
1082,2026-05-16 19:08:20,9,q17,0,10,91,4860,11577,66417,62394,76,96,1,1312,0,4339,6944832,0,0,7880912176,44770101,1289527996,0,0,45538041,1160,1160,0,1079464480,1079464480,0,0,1079464480,45538041,13.67,4.86
1083,2026-05-16 19:08:26,9,q18,0,9,53,1505,1577,15909,14737,51,53,0,0,0,207,9716344,0,0,3669414416,19057141,711315376,0,0,57715,68,68,0,4945912,4945912,0,0,4945912,57715,10.57,1.5
1084,2026-05-16 19:08:29,9,q18a,0,17,130,3887,10903,52472,47227,230,187,0,769,0,1735,9716430,0,0,16239163328,77283305,3292197064,0,0,65807,90,90,0,6176099,6176099,0,0,6176099,65807,13.5,3.89
1085,2026-05-16 19:08:34,9,q19,0,7,31,647,641,6022,5536,29,32,0,0,0,65,5019183,0,0,1177435312,28379309,606515552,0,0,4376,5,5,0,308494,308494,0,0,308494,4376,9.31,0.65
1086,2026-05-16 19:08:36,9,q20,0,5,24,538,499,4472,4197,22,26,0,0,0,50,3268117,0,0,649837392,14465541,509473692,0,0,40260,12,12,0,5209200,5209200,0,0,5209200,40260,8.31,0.54
1087,2026-05-16 19:08:37,9,q21,0,6,24,898,885,11563,10685,26,29,0,320,0,47,92392,0,0,466625832,133232010,765532980,0,0,127600,10,10,0,2502845,2502845,0,0,2502845,127600,12.88,0.9
1088,2026-05-16 19:08:39,9,q22,0,6,39,28270,28233,134721,132817,88,61,0,1027,0,172,4629135,0,0,2072800152,133232010,745181988,0,0,1631476,153,153,0,68620295,68620295,0,0,68620295,1631476,4.77,28.27
1089,2026-05-16 19:09:08,9,q22a,0,10,87,2680,3236,23730,21051,129,145,0,110,0,2125,4629135,0,0,8765073152,133232010,745388852,0,0,1428768,391,391,0,71242445,71242445,0,0,20136405,409288,8.85,2.68
1090,2026-05-16 19:09:12,9,q23a,0,18,183,7420,13614,101210,94288,182,210,1,2464,0,5407,6575826,0,0,13198937680,106020544,2325301556,0,0,42450830,1196,1196,0,1030784978,1030784978,0,0,994746971,40085981,13.64,7.42
1091,2026-05-16 19:09:21,9,q23b,0,21,209,6934,15558,100231,93040,258,297,1,1208,0,6281,6575826,0,0,26174278816,106520544,2346429360,0,0,48143010,2482,2482,0,1128320782,1128320782,0,0,1007119317,40548463,14.46,6.93
1092,2026-05-16 19:09:29,9,q24,0,8,63,2929,8152,40205,37529,43,56,2,288,0,3150,20636865,0,0,7068696000,32530235,871034256,0,0,29735885,578,578,0,704024556,704024556,0,0,704024556,29735885,13.73,2.93
1093,2026-05-16 19:09:33,9,q24a,0,13,85,4402,8489,54321,52071,97,99,1,224,0,2573,18087253,0,0,16497845272,32632235,873581408,0,0,59478907,1188,1188,0,1408992810,1408992810,0,0,704968254,29743022,12.34,4.4
1094,2026-05-16 19:09:38,9,q24b,0,13,85,3967,8156,46680,45190,87,95,1,336,0,3269,18087296,0,0,15891776752,32632235,873581408,0,0,59478765,1176,1176,0,1408969042,1408969042,0,0,704944486,29742880,11.77,3.97
1095,2026-05-16 19:09:43,9,q25,0,10,91,5031,12196,68920,64923,66,90,0,368,0,5191,6944746,0,0,7880887560,44770101,1402541108,0,0,45538038,1157,1157,0,1099708522,1099708522,0,0,1099708522,45538038,13.7,5.03
1096,2026-05-16 19:09:49,9,q26,0,6,32,968,1006,12387,11151,29,33,0,176,0,220,782379,0,0,703166184,16386841,624102108,0,0,39337,15,15,0,1605317,1605317,0,0,1605317,39337,12.8,0.97
1097,2026-05-16 19:09:51,9,q27,0,7,35,1152,1172,14569,13847,35,40,0,0,0,287,782379,0,0,1456022384,29550109,741608524,0,0,59464,34,34,0,2395045,2395045,0,0,2395045,59464,12.65,1.15
1098,2026-05-16 19:09:54,9,q27a,0,11,75,2162,4354,31110,29234,79,87,0,192,0,646,782379,0,0,1465085504,84666625,2172067148,0,0,61239,51,51,0,2627792,2627792,0,0,2627792,61239,14.39,2.16
1099,2026-05-16 19:09:57,9,q28,0,18,123,2644,14605,39254,34612,112,131,0,384,0,3824,53176,0,0,7681078608,172802970,3511762416,0,0,704147,171,171,0,11397800,11397800,0,0,11397800,704147,14.85,2.64
1100,2026-05-16 19:10:01,9,q29,0,11,92,4843,12174,64606,61832,64,92,1,195,0,4268,6944832,0,0,7880995000,44790101,1291832004,0,0,45538045,1162,1162,0,1079465255,1079465255,0,0,1079465255,45538045,13.34,4.84
1101,2026-05-16 19:10:06,9,q30,0,11,61,804,1653,6123,4629,92,93,0,288,0,1377,1992893,0,0,3053320632,2395518,516565384,0,0,756891,62,62,0,60329041,60329041,0,0,60329041,756891,7.62,0.8
1102,2026-05-16 19:10:08,9,q31,0,19,116,1849,8660,25917,23048,116,148,0,240,0,786,3832932,0,0,3661753312,104431885,2300981856,0,0,61160,40,40,0,2174645,2174645,0,0,2065710,59320,14.02,1.85
1103,2026-05-16 19:10:11,9,q32,0,7,41,839,1559,12034,11443,26,35,0,0,0,184,710182,0,0,180415096,28809082,991451332,0,0,167838,26,26,0,2270194,2270194,0,0,2270194,167838,14.34,0.84
1104,2026-05-16 19:10:13,9,q33,0,9,62,1121,2493,14580,13328,64,77,0,255,0,154,889109,0,0,1112001560,49524836,1381931768,0,0,10900,12,12,0,299975,299975,0,0,299975,10900,13.01,1.12
1105,2026-05-16 19:10:15,9,q34,0,8,30,660,872,7896,7275,28,32,2,0,0,221,16394969,0,0,406751880,28034509,476109360,0,0,20445,33,33,0,752749,752749,0,0,404096,10675,11.96,0.66
1106,2026-05-16 19:10:17,9,q35,0,10,86,1312,2508,16475,13157,46,79,2,352,0,1407,23973768,0,0,8147275976,51741636,1103461380,0,0,6056607,483,483,0,16242855,16242855,0,0,16242855,6056607,12.56,1.31
1107,2026-05-16 19:10:19,9,q35a,0,9,86,1015,1514,9668,8835,56,91,0,0,0,1073,23973768,0,0,7365038568,51741636,1103461380,0,0,6053510,447,447,0,16207218,16207218,0,0,16207218,6053510,9.53,1.01
1108,2026-05-16 19:10:21,9,q36,0,6,24,966,930,11201,9471,26,29,0,1072,0,143,1857112,0,0,1416504176,27629309,663836680,0,0,2672,17,17,0,213306,213306,0,0,213306,2672,11.6,0.97
1109,2026-05-16 19:10:23,9,q36a,0,9,29,831,772,9453,8920,34,36,0,0,0,145,1857112,0,0,1955472048,27629309,663836680,0,0,7291,54,54,0,609921,609921,0,0,218135,2653,11.38,0.83
1110,2026-05-16 19:10:25,9,q37,0,6,55,1142,1753,14077,13201,46,49,0,176,0,489,157657,0,0,880361848,147632425,1207887060,0,0,4316414,314,314,0,69743177,69743177,0,0,69743177,14400617,12.33,1.14
1111,2026-05-16 19:10:28,9,q38,0,10,97,1998,4675,26326,22219,112,131,1,336,0,2907,12765592,0,0,9866774384,49570836,1075355416,0,0,1688094,661,661,0,45241997,45241997,0,0,45241997,1688094,13.18,2.0
1112,2026-05-16 19:10:31,9,q39a,0,11,90,2119,3643,28199,26069,203,168,0,272,0,931,802546,0,0,4211899344,266362010,1505525044,0,0,3607909,148,148,0,74539489,74539489,0,0,52721319,2587909,13.31,2.12
1113,2026-05-16 19:10:34,9,q39b,0,11,90,1593,2791,19628,18784,154,165,0,256,0,401,520274,0,0,4113333200,266362010,1505525044,0,0,3571488,148,148,0,73340574,73340574,0,0,51522404,2551488,12.32,1.59
1114,2026-05-16 19:10:36,9,q40,0,7,55,1832,4320,25913,23553,42,53,0,384,0,2239,173485,0,0,4141621464,15905433,770042316,0,0,15748014,578,578,0,311368182,311368182,0,0,311368182,15748014,14.14,1.83
1115,2026-05-16 19:10:39,9,q41,0,4,6,150,121,132,116,7,6,0,0,0,7,12426,0,0,202903480,204000,8797088,0,0,140,2,2,0,9680,9680,0,0,9680,140,0.88,0.15
1116,2026-05-16 19:10:40,9,q42,0,4,22,384,371,4460,4130,24,24,0,0,0,10,81948,0,0,379457640,27629207,557898744,0,0,44,4,4,0,3648,3648,0,0,3648,44,11.61,0.38
1117,2026-05-16 19:10:42,9,q43,0,4,21,478,456,6087,5657,26,28,0,0,0,52,83496,0,0,109903832,27527309,474261408,0,0,336,16,16,0,42822,42822,0,0,42822,336,12.73,0.48
1118,2026-05-16 19:10:43,9,q44,0,8,51,859,909,9129,7910,49,55,0,288,0,718,1663841,0,0,1588520232,57701322,1092193576,0,0,888138,208,208,0,11729535,11729535,0,0,5866365,444133,10.63,0.86
1119,2026-05-16 19:10:45,9,q45,0,7,30,563,600,5147,4931,26,28,0,0,0,11,5019183,0,0,2009365456,8092088,305764116,0,0,29,5,5,0,2649,2649,0,0,2649,29,9.14,0.56
1120,2026-05-16 19:10:47,9,q46,0,7,30,973,1117,11728,10839,33,33,2,0,0,294,15301537,0,0,659091400,28284509,613687368,0,0,27956,17,17,0,1493333,1493333,0,0,1493333,27956,12.05,0.97
1121,2026-05-16 19:10:49,9,q47,0,11,77,1721,2363,19810,16981,125,122,0,336,0,1638,2306610,0,0,6482903000,27629309,559056240,0,0,1590409,859,859,0,60519952,60519952,0,0,39087937,1023254,11.51,1.72
1122,2026-05-16 19:10:52,9,q48,0,6,33,1355,1409,18330,16940,17,22,0,606,0,4,1323761,0,0,602298144,29698109,682742268,0,0,18,18,18,0,1058,1058,0,0,1058,18,13.53,1.36
1123,2026-05-16 19:10:54,9,q49,0,18,160,2516,10172,36986,33212,106,144,0,432,0,3919,239215,0,0,5252720952,54107455,2427289576,0,0,15195842,122,122,0,338168684,338168684,0,0,338168684,15195842,14.7,2.52
1124,2026-05-16 19:10:58,9,q50,0,7,55,2547,6099,34508,32260,50,57,0,560,0,2335,370352,0,0,4687124776,30377609,786346524,0,0,29262054,595,595,0,610128846,610128846,0,0,610128846,29262054,13.55,2.55
1125,2026-05-16 19:11:01,9,q51,0,10,136,2924,4209,41435,36635,176,202,0,896,0,4011,299557,0,0,11015386880,34727295,813282156,0,0,23550796,1924,1924,0,399847488,399847488,0,0,399847488,23550796,14.17,2.92
1126,2026-05-16 19:11:05,9,q51a,0,14,203,21121,25282,278607,266420,298,345,0,4329,0,4662,459272,0,0,28096160056,34727295,813282156,0,0,46681572,2859,2859,0,771163543,771163543,0,0,559064286,35219606,13.19,21.12
1127,2026-05-16 19:11:28,9,q52,0,4,22,386,373,4405,4114,21,26,0,0,0,42,81948,0,0,379457640,27629207,558029816,0,0,1887,4,4,0,115048,115048,0,0,115048,1887,11.41,0.39
1128,2026-05-16 19:11:29,9,q53,0,6,24,702,681,7509,7080,32,30,0,4,0,285,98659,0,0,200738576,27629309,559666544,0,0,25225,17,17,0,593664,593664,0,0,593664,25225,10.7,0.7
1129,2026-05-16 19:11:31,9,q54,0,15,87,1854,4219,26576,24632,97,109,0,0,0,1503,5019441,0,0,2690143008,50035987,1263189040,0,0,26873287,321,321,0,251993832,251993832,0,0,251993832,26873287,14.33,1.85
1130,2026-05-16 19:11:34,9,q55,0,4,22,448,435,4665,4217,99,24,0,80,0,47,82765,0,0,446566480,27629207,558029816,0,0,1905,5,5,0,114274,114274,0,0,114274,1905,10.41,0.45
1131,2026-05-16 19:11:35,9,q56,0,9,62,1087,2284,13434,12626,65,81,0,0,0,136,463898,0,0,1055688224,49524836,1382193912,0,0,9885,10,10,0,303094,303094,0,0,303094,9885,12.36,1.09
1132,2026-05-16 19:11:37,9,q57,0,11,87,1638,2365,22096,18078,152,145,0,112,0,2388,2306610,0,0,7693701296,14465565,511515644,0,0,1720999,1085,1085,0,69174677,69174677,0,0,45947701,1131739,13.49,1.64
1133,2026-05-16 19:11:40,9,q58,0,10,59,957,2278,11356,10231,65,78,0,128,0,131,782379,0,0,1417089136,49318934,1340186384,0,0,173007,7,7,0,2426497,2426497,0,0,2426497,173007,11.87,0.96
1134,2026-05-16 19:11:42,9,q59,0,10,27,906,936,7732,7024,24,27,0,0,0,590,751663,0,0,1438681568,27620460,479424808,0,0,79764,38,38,0,2467734,2467734,0,0,1412944,58497,8.53,0.91
1135,2026-05-16 19:11:44,9,q60,0,9,62,962,1889,11485,10380,63,85,0,128,0,230,463898,0,0,1676360952,49524836,1382128376,0,0,71818,16,16,0,1401709,1401709,0,0,1401709,71818,11.94,0.96
1136,2026-05-16 19:11:46,9,q61,0,10,51,904,1445,10513,9938,10,28,0,0,0,5,5019183,0,0,1122073200,55887016,1246117972,0,0,36,36,36,0,2072,2072,0,0,2072,36,11.63,0.9
1137,2026-05-16 19:11:48,9,q62,0,6,21,671,659,8679,7844,26,25,0,144,0,186,102016,0,0,138730216,7220160,255516644,0,0,6720,16,16,0,573858,573858,0,0,573858,6720,12.93,0.67
1138,2026-05-16 19:11:50,9,q63,0,6,24,662,644,7907,7392,27,28,0,0,0,175,98616,0,0,200673040,27629309,559670640,0,0,5472,17,17,0,197943,197943,0,0,197943,5472,11.94,0.66
1139,2026-05-16 19:11:51,9,q64,0,23,172,7116,30754,105320,97523,150,214,4,968,0,7459,13538242,0,0,35316849912,49118817,1774517852,0,0,52026303,2753,2753,0,1941744354,1941744354,0,0,1795539375,48487731,14.8,7.12
1140,2026-05-16 19:12:00,9,q65,0,10,93,1670,3139,24120,21805,143,144,1,240,0,1782,9163347,0,0,6830270912,55136516,1103563664,0,0,12053707,561,561,0,394360560,394360560,0,0,394360560,12053707,14.44,1.67
1141,2026-05-16 19:12:03,9,q66,0,8,40,1110,1426,12929,10090,88,89,0,144,0,104,147441,0,0,2706214264,21603659,873611500,0,0,350,35,35,0,133208,133208,0,0,133208,350,11.65,1.11
1142,2026-05-16 19:12:05,9,q67,0,6,40,6643,6595,78808,75932,63,64,0,1193,0,1527,4629135,0,0,7267753424,27629309,586560880,0,0,10124896,289,289,0,701298796,701298796,0,0,701298796,10124896,11.86,6.64
1143,2026-05-16 19:12:13,9,q67a,0,14,183,10503,35750,141304,131908,334,365,0,1257,0,5619,4629135,0,0,27103724768,27629309,586560880,0,0,54552870,2600,2600,0,3538011866,3538011866,0,0,811768194,13109678,13.45,10.5
1144,2026-05-16 19:12:24,9,q68,0,7,30,957,1083,10884,10085,29,34,2,0,0,197,15301537,0,0,524003480,28284509,740171848,0,0,6174,16,16,0,460871,460871,0,0,460871,6174,11.37,0.96
1145,2026-05-16 19:12:26,9,q69,0,11,81,945,2045,9444,8087,39,65,7,64,0,388,28676805,0,0,3801669616,51741636,1103600644,0,0,1902029,65,65,0,9509500,9509500,0,0,9509500,1902029,9.99,0.94
1146,2026-05-16 19:12:28,9,q70,0,9,43,918,863,11046,10043,59,59,0,128,0,108,190654,0,0,1495011464,55034618,1000273064,0,0,269,34,34,0,15484,15484,0,0,15484,269,12.03,0.92
1147,2026-05-16 19:12:30,9,q70a,0,12,48,1102,1002,11624,11072,63,67,0,0,0,83,188958,0,0,893128768,55034618,1000273064,0,0,312,71,71,0,20929,20929,0,0,11265,216,10.55,1.1
1148,2026-05-16 19:12:32,9,q71,0,7,58,949,920,11176,10249,79,93,0,112,0,199,360932,0,0,937227208,49212836,1329864992,0,0,32235,31,31,0,1626141,1626141,0,0,983941,21123,11.78,0.95
1149,2026-05-16 19:12:34,9,q72,0,15,124,17081,21831,231671,224059,131,162,1,1872,0,5829,6575826,0,0,19933730552,151090031,1585147464,0,0,142246513,2041,2041,0,2052783779,2052783779,0,0,2052783779,142246513,13.56,17.08
1150,2026-05-16 19:12:53,9,q73,0,8,30,508,709,5236,4764,29,32,2,0,0,158,16394969,0,0,406153864,28034509,476109360,0,0,5455,33,33,0,276235,276235,0,0,138423,2732,10.31,0.51
1151,2026-05-16 19:12:54,9,q74,0,13,133,2452,7941,33169,27977,202,194,1,560,0,4105,15491653,0,0,16184335400,69954590,1567842592,0,0,1778475,1151,1151,0,61603380,61603380,0,0,61603380,1778475,13.53,2.45
1152,2026-05-16 19:12:58,9,q75,0,19,223,5211,20132,81476,70465,196,266,1,1776,0,7480,317184,0,0,11805162464,103281460,3563276792,0,0,14156496,1612,1612,0,332581029,332581029,0,0,226037306,9118708,15.64,5.21
1153,2026-05-16 19:13:04,9,q76,0,4,55,1567,1537,22259,20780,72,81,0,0,0,471,917299,0,0,4002530168,48287050,1395537536,0,0,3731,51,51,0,357657,357657,0,0,357657,3731,14.2,1.57
1154,2026-05-16 19:13:07,9,q77,0,14,109,1282,5352,17825,16192,99,127,3,128,0,137,82636,0,0,1071750256,53976030,2133018128,0,0,1637,39,39,0,110579,110579,0,0,110579,1637,13.9,1.28
1155,2026-05-16 19:13:09,9,q77a,0,17,114,1289,5084,16147,14285,112,140,0,144,0,129,87192,0,0,1677826968,53976030,2133018128,0,0,1762,48,48,0,147189,147189,0,0,105693,1432,12.53,1.29
1156,2026-05-16 19:13:11,9,q78,0,12,169,7747,25588,117639,109743,213,225,17,528,0,8039,408748,0,0,21320052176,54108624,2237514504,0,0,62125308,2550,2550,0,1814219610,1814219610,0,0,1814219610,62125308,15.19,7.75
1157,2026-05-16 19:13:20,9,q79,0,7,31,703,864,8351,7412,38,38,1,0,0,373,12765592,0,0,1520370944,28034509,607783536,0,0,80466,54,54,0,3237733,3237733,0,0,3237733,80466,11.88,0.7
1158,2026-05-16 19:13:22,9,q80,0,17,161,7672,34360,118651,110908,96,175,0,944,0,7716,188453,0,0,14185165104,54223268,2379167728,0,0,53052375,1737,1737,0,1564177600,1564177600,0,0,1564177600,53052375,15.47,7.67
1159,2026-05-16 19:13:31,9,q80a,0,20,166,7336,25713,110480,105169,135,202,0,1165,0,6061,188453,0,0,14657024136,54223268,2379167728,0,0,53053332,1748,1748,0,1564293212,1564293212,0,0,1564190462,53052306,15.06,7.34
1160,2026-05-16 19:13:39,9,q81,0,11,56,829,1642,9291,7411,58,63,3,128,0,1174,20721999,0,0,3979685040,3899764,548093072,0,0,808731,131,131,0,13556730,13556730,0,0,13556730,808731,11.21,0.83
1161,2026-05-16 19:13:41,9,q82,0,6,56,1462,2549,18314,17368,45,51,0,144,0,595,158044,0,0,1652122344,162032501,1238672880,0,0,13778665,346,346,0,133285994,133285994,0,0,133285994,28800829,12.53,1.46
1162,2026-05-16 19:13:44,9,q83,0,10,56,650,1392,7196,6029,63,77,0,240,0,458,782379,0,0,1381402608,5226039,725480728,0,0,43744,16,16,0,780733,780733,0,0,780733,43744,11.07,0.65
1163,2026-05-16 19:13:45,9,q84,0,9,52,642,871,3685,3236,36,40,0,0,0,542,9716301,0,0,529996992,5555652,266773736,0,0,2778834,30,30,0,14633286,14633286,0,0,14633286,2778834,5.74,0.64
1164,2026-05-16 19:13:47,9,q85,0,10,75,1898,7112,21747,19136,57,73,0,512,0,896,16953813,0,0,8635287000,12032207,623582596,0,0,915638,551,551,0,35144327,35144327,0,0,35144327,915638,11.46,1.9
1165,2026-05-16 19:13:50,9,q86,0,5,21,501,461,4962,4357,22,24,0,96,0,144,1857112,0,0,1309470056,7322088,276921288,0,0,2485,16,16,0,179211,179211,0,0,179211,2485,9.9,0.5
1166,2026-05-16 19:13:52,9,q86a,0,8,26,463,403,3908,3590,27,30,0,0,0,163,1857112,0,0,1915546640,7322088,276921288,0,0,7099,54,54,0,544610,544610,0,0,195540,2589,8.44,0.46
1167,2026-05-16 19:13:53,9,q87,0,10,97,1806,4164,23348,19864,121,129,2,128,0,2237,12765592,0,0,9866774384,49570836,1075355416,0,0,1688094,661,661,0,45241997,45241997,0,0,45241997,1688094,12.93,1.81
1168,2026-05-16 19:13:56,9,q88,0,26,162,2234,14691,33619,31632,24,93,0,224,0,16,41987,0,0,463457664,230611310,3534439280,0,0,144,144,144,0,8495,8495,0,0,8495,144,15.05,2.23
1169,2026-05-16 19:13:59,9,q89,0,6,24,776,756,8675,7853,28,28,0,128,0,266,108570,0,0,1274610944,27629309,559396208,0,0,24922,17,17,0,1525398,1525398,0,0,1525398,24922,11.18,0.78
1170,2026-05-16 19:14:01,9,q90,0,8,38,474,638,6775,6459,10,18,0,0,0,4,38053,0,0,103596544,14447576,498975996,0,0,32,32,32,0,1888,1888,0,0,1888,32,14.29,0.47
1171,2026-05-16 19:14:03,9,q91,0,10,40,414,409,3124,2889,31,38,0,0,0,6,9531965,0,0,1093109944,4137906,310769080,0,0,49,7,7,0,7077,7077,0,0,4444,32,7.55,0.41
1172,2026-05-16 19:14:04,9,q92,0,7,39,747,1384,10753,9809,23,31,0,192,0,252,709477,0,0,178103200,14522176,550383884,0,0,157511,29,29,0,2215693,2215693,0,0,2215693,157511,14.39,0.75
1173,2026-05-16 19:14:06,9,q93,0,5,53,4056,6050,53060,51294,47,51,0,368,0,2499,143973,0,0,5766380072,31678178,800059272,0,0,31635854,595,595,0,783850051,783850051,0,0,783850051,31635854,13.08,4.06
1174,2026-05-16 19:14:11,9,q94,0,8,70,1642,4183,23912,21461,55,69,0,104,0,1565,3809311,0,0,3571011840,15390492,714493020,0,0,14397040,561,561,0,222652012,222652012,0,0,222652012,14397040,14.56,1.64
1175,2026-05-16 19:14:14,9,q95,0,8,70,3689,6011,53731,45422,56,69,0,1282,0,1643,3810035,0,0,14560086280,15390492,771287904,0,0,35990240,1377,1377,0,327372603,327372603,0,0,201776532,14395274,14.57,3.69
1176,2026-05-16 19:14:18,9,q96,0,5,22,407,406,4391,4086,9,11,0,96,0,2,42331,0,0,57485232,28827803,443601936,0,0,18,18,18,0,1062,1062,0,0,1062,18,10.79,0.41
1177,2026-05-16 19:14:20,9,q97,0,5,54,1872,2450,25661,23029,62,66,0,605,0,850,160565,0,0,7393609480,41870748,938312528,0,0,8381511,544,544,0,97702931,97702931,0,0,97702931,8381511,13.71,1.87
1178,2026-05-16 19:14:23,9,q98,0,7,29,799,731,5648,4883,32,34,2,352,0,70,3268117,0,0,930099048,27629207,566639608,0,0,79963,22,22,0,10269191,10269191,0,0,8416966,64799,7.07,0.8
1179,2026-05-16 19:14:25,9,q99,0,6,22,847,836,11434,10751,27,28,0,0,0,220,107532,0,0,143187720,14420479,474236772,0,0,11520,16,16,0,926824,926824,0,0,926824,11520,13.5,0.85
