ID,timestamp,run_id,query,query_rerun_id,numStages,numTasks,elapsedTime,stageDuration,executorRunTime,executorCpuTime,executorDeserializeTime,executorDeserializeCpuTime,resultSerializationTime,jvmGCTime,shuffleFetchWaitTime,shuffleWriteTime,resultSize,diskBytesSpilled,memoryBytesSpilled,peakExecutionMemory,recordsRead,bytesRead,recordsWritten,bytesWritten,shuffleRecordsRead,shuffleTotalBlocksFetched,shuffleLocalBlocksFetched,shuffleRemoteBlocksFetched,shuffleTotalBytesRead,shuffleLocalBytesRead,shuffleRemoteBytesRead,shuffleRemoteBytesReadToDisk,shuffleBytesWritten,shuffleRecordsWritten,avg_active_tasks,elapsed_time_seconds
0,2026-05-15 22:38:54,0,q1,0,8,8,769,1203,1101,719,47,33,0,22,0,37,1018041,0,0,422333440,748089,4842446,0,0,99878,3,3,0,1544051,1544051,0,0,1544051,99878,1.43,0.77
1,2026-05-15 22:38:56,0,q2,0,9,10,566,401,481,457,18,17,0,7,0,26,680200,0,0,284679544,2380079,7614862,0,0,4453,8,8,0,91309,91309,0,0,38659,3403,0.85,0.57
2,2026-05-15 22:38:58,0,q3,0,4,4,237,192,171,171,4,4,0,0,0,5,35702,0,0,69994472,2971453,15371138,0,0,89,1,1,0,8279,8279,0,0,8279,89,0.72,0.24
3,2026-05-15 22:38:59,0,q4,0,19,123,2681,8279,32766,17711,445,255,9,1378,0,8611,609398,0,0,23149964296,5287434,62185976,0,0,10424391,445,445,0,277816112,277816112,0,0,131839186,5088880,12.22,2.68
4,2026-05-15 22:39:03,0,q5,0,10,15,603,1002,1284,1059,50,38,0,40,0,44,1650783,0,0,494330152,6348873,41651027,0,0,1515,9,9,0,100764,100764,0,0,100764,1515,2.13,0.6
5,2026-05-15 22:39:05,0,q5a,0,13,20,698,882,1122,1055,33,36,0,0,0,55,1650783,0,0,1033298024,6348873,41651027,0,0,3255,20,20,0,237079,237079,0,0,139181,2005,1.61,0.7
6,2026-05-15 22:39:07,0,q6,0,12,28,645,831,3461,2951,72,44,0,0,0,127,1041019,0,0,1474212376,3212502,9340384,0,0,2786107,37,37,0,24510239,24510239,0,0,24510239,2786107,5.37,0.64
7,2026-05-15 22:39:09,0,q7,0,5,5,24,58,37,28,0,0,0,0,0,0,142714,0,0,0,91349,597932,0,0,0,0,0,0,0,0,0,0,0,0,1.54,0.02
8,2026-05-15 22:39:10,0,q8,0,10,10,473,382,323,314,13,12,0,0,0,16,275062,0,0,341745984,3153465,11294186,0,0,3491,4,4,0,59038,59038,0,0,59038,3491,0.68,0.47
9,2026-05-15 22:39:12,0,q9,0,31,31,374,3166,2955,2454,7,6,0,180,0,0,4868,0,0,0,43206095,97312801,0,0,15,15,15,0,946,946,0,0,946,15,7.9,0.37
10,2026-05-15 22:39:13,0,q10,0,13,29,761,1094,1522,1250,46,33,0,0,0,118,529175,0,0,778679088,7185185,10964911,0,0,826612,31,31,0,47123357,47123357,0,0,47123357,2208464,2.0,0.76
11,2026-05-15 22:39:15,0,q10a,0,11,28,661,914,1022,1014,36,34,0,0,0,112,501180,0,0,361870128,7185185,10964911,0,0,513766,25,25,0,47120004,47120004,0,0,47120004,2204076,1.55,0.66
12,2026-05-15 22:39:17,0,q11,0,14,80,1361,2859,14766,9580,121,114,0,256,0,3471,517614,0,0,14895471784,3845886,22340176,0,0,7308134,269,269,0,121055372,121055372,0,0,58048608,3603562,10.85,1.36
13,2026-05-15 22:39:19,0,q12,0,2,2,10,7,4,4,0,0,0,0,0,0,4265,0,0,0,0,77988,0,0,0,0,0,0,0,0,0,0,0,0,0.4,0.01
14,2026-05-15 22:39:20,0,q13,0,6,6,55,88,54,48,1,1,0,0,0,0,92495,0,0,0,130261,810924,0,0,0,0,0,0,0,0,0,0,0,0,0.98,0.06
15,2026-05-15 22:39:22,0,q14a,0,30,80,3472,3827,8685,7231,200,160,27,77,0,1675,734043,0,0,5323952848,15415155,57406770,0,0,6328590,124,124,0,88210545,88210545,0,0,87084141,6301174,2.5,3.47
16,2026-05-15 22:39:28,0,q14b,0,24,59,1641,2436,6255,5284,83,90,0,0,0,1179,778651,0,0,3268280944,13400321,46556414,0,0,6861513,80,80,0,97442680,97442680,0,0,51225054,4111202,3.81,1.64
17,2026-05-15 22:39:31,0,q14,0,24,59,1346,2060,4168,3435,116,93,0,0,0,1167,778651,0,0,3276309104,13400321,46556414,0,0,6851380,80,80,0,96756697,96756697,0,0,50539071,4101069,3.1,1.35
18,2026-05-15 22:39:34,0,q15,0,5,5,472,474,457,457,3,3,0,0,0,6,1041019,0,0,145379880,1664597,5413962,0,0,202,1,1,0,11828,11828,0,0,11828,202,0.97,0.47
19,2026-05-15 22:39:35,0,q16,0,8,24,726,920,5518,4996,34,32,0,0,0,68,541943,0,0,2577803232,3150218,16739594,0,0,2870561,51,51,0,39357570,39357570,0,0,39357570,2870561,7.6,0.73
20,2026-05-15 22:39:37,0,q17,0,9,25,764,1015,3571,2957,39,35,0,24,0,73,6091978,0,0,2626859256,4773576,21120712,0,0,1629074,35,35,0,31753837,31753837,0,0,31753837,1629074,4.67,0.76
21,2026-05-15 22:39:39,0,q18,0,4,4,19,30,23,22,0,0,0,0,0,0,142714,0,0,0,91049,563828,0,0,0,0,0,0,0,0,0,0,0,0,1.21,0.02
22,2026-05-15 22:39:40,0,q18a,0,10,10,42,159,127,126,0,0,0,0,0,0,853740,0,0,0,409049,3071698,0,0,0,0,0,0,0,0,0,0,0,0,3.02,0.04
23,2026-05-15 22:39:42,0,q19,0,7,7,441,445,421,421,4,4,0,0,0,6,1041019,0,0,80384184,3121465,18164328,0,0,160,1,1,0,17796,17796,0,0,17796,160,0.95,0.44
24,2026-05-15 22:39:43,0,q20,0,2,2,9,6,3,3,0,0,0,0,0,0,4265,0,0,0,0,77988,0,0,0,0,0,0,0,0,0,0,0,0,0.33,0.01
25,2026-05-15 22:39:44,0,q21,0,5,5,538,526,511,511,3,3,0,0,0,10,17151,0,0,137953760,11836054,25473259,0,0,2795,1,1,0,97587,97587,0,0,97587,2795,0.95,0.54
26,2026-05-15 22:39:46,0,q22,0,5,5,7731,7711,7694,7682,4,4,0,0,0,11,803062,0,0,146947520,11836054,25380912,0,0,35968,1,1,0,1544161,1544161,0,0,1544161,35968,1.0,7.73
27,2026-05-15 22:39:55,0,q22a,0,10,14,1265,1318,1312,1309,21,21,0,0,0,47,803105,0,0,956185792,11836054,25385773,0,0,72373,14,14,0,3722976,3722976,0,0,1718132,36377,1.04,1.26
28,2026-05-15 22:39:57,0,q23a,0,16,47,2112,3911,6882,6465,134,73,0,26,0,217,1166709,0,0,3941269824,11139291,41579890,0,0,3812080,114,114,0,98368916,98368916,0,0,98366379,3812037,3.26,2.11
29,2026-05-15 22:40:00,0,q23b,0,20,68,2088,3956,7001,6499,126,114,0,0,0,233,1166709,0,0,6508186696,11239291,42252606,0,0,3908567,131,131,0,100971109,100971109,0,0,100968572,3908524,3.35,2.09
30,2026-05-15 22:40:04,0,q24,0,3,3,18,19,8,7,1,1,0,0,0,0,4390,0,0,0,12,103212,0,0,0,0,0,0,0,0,0,0,0,0,0.44,0.02
31,2026-05-15 22:40:05,0,q24a,0,3,3,8,9,2,2,0,0,0,0,0,0,4390,0,0,0,12,103212,0,0,0,0,0,0,0,0,0,0,0,0,0.25,0.01
32,2026-05-15 22:40:06,0,q24b,0,3,3,11,10,3,2,0,0,0,0,0,0,4390,0,0,0,12,103212,0,0,0,0,0,0,0,0,0,0,0,0,0.27,0.01
33,2026-05-15 22:40:07,0,q25,0,9,25,760,1044,3439,2880,33,29,0,36,0,59,6124392,0,0,2626834640,4773576,30890414,0,0,1629074,35,35,0,32135493,32135493,0,0,32135493,1629074,4.53,0.76
34,2026-05-15 22:40:09,0,q26,0,4,4,11,19,12,10,0,0,0,0,0,0,142714,0,0,0,18300,252034,0,0,0,0,0,0,0,0,0,0,0,0,1.09,0.01
35,2026-05-15 22:40:10,0,q27,0,3,3,8,10,4,4,0,0,0,0,0,0,4712,0,0,0,12,98390,0,0,0,0,0,0,0,0,0,0,0,0,0.5,0.01
36,2026-05-15 22:40:11,0,q27a,0,7,7,41,62,39,34,0,0,0,0,0,0,142714,0,0,0,109073,694440,0,0,0,0,0,0,0,0,0,0,0,0,0.95,0.04
37,2026-05-15 22:40:12,0,q28,0,18,18,474,2307,2243,2023,12,12,0,114,0,86,8261,0,0,808451808,17282424,105885000,0,0,47107,12,12,0,769812,769812,0,0,769812,47107,4.73,0.47
38,2026-05-15 22:40:14,0,q29,0,10,26,722,1014,3502,2998,37,31,0,19,0,58,6091978,0,0,2626942080,4846625,21600490,0,0,1629074,35,35,0,31753942,31753942,0,0,31753942,1629074,4.85,0.72
39,2026-05-15 22:40:15,0,q30,0,13,22,223,395,413,394,46,39,0,0,0,62,402833,0,0,503073576,466575,5793548,0,0,129342,24,24,0,11216592,11216592,0,0,11216592,129342,1.85,0.22
40,2026-05-15 22:40:17,0,q31,0,19,19,515,1570,1484,1438,13,13,0,17,0,104,772216,0,0,1245752944,11068511,40663962,0,0,11668,9,9,0,426479,426479,0,0,368336,9860,2.88,0.52
41,2026-05-15 22:40:18,0,q32,0,6,6,173,255,238,238,1,1,0,0,0,12,130384,0,0,72235152,2974145,14139570,0,0,9307,2,2,0,150064,150064,0,0,150123,9308,1.38,0.17
42,2026-05-15 22:40:20,0,q33,0,2,2,8,5,2,2,0,0,0,0,0,0,4265,0,0,0,0,77988,0,0,0,0,0,0,0,0,0,0,0,0,0.25,0.01
43,2026-05-15 22:40:21,0,q34,0,3,3,31,33,9,9,18,0,0,17,0,0,4476,0,0,0,12,29396,0,0,0,0,0,0,0,0,0,0,0,0,0.29,0.03
44,2026-05-15 22:40:22,0,q35,0,14,29,624,1004,2693,2155,38,33,0,0,0,604,495712,0,0,1189007520,7185185,10831699,0,0,2572181,37,37,0,24618550,24618550,0,0,24618550,2572181,4.32,0.62
45,2026-05-15 22:40:24,0,q35a,0,12,28,568,965,2029,1522,38,32,0,0,0,774,469728,0,0,1190304816,7185185,10831699,0,0,2571909,37,37,0,24612692,24612692,0,0,24612692,2571909,3.57,0.57
46,2026-05-15 22:40:25,0,q36,0,6,6,473,442,417,417,9,9,0,0,0,7,272632,0,0,208354816,2971465,24377782,0,0,266,2,2,0,19035,19035,0,0,19035,266,0.88,0.47
47,2026-05-15 22:40:27,0,q36a,0,9,11,473,406,404,385,10,11,0,0,0,19,272632,0,0,747322688,2971465,24377782,0,0,641,9,9,0,56190,56190,0,0,32454,399,0.85,0.47
48,2026-05-15 22:40:28,0,q37,0,5,5,659,546,523,488,2,2,0,20,0,1,7229651,0,0,69874856,13277597,28516680,0,0,1,1,1,0,253,253,0,0,253,1,0.79,0.66
49,2026-05-15 22:40:30,0,q38,0,9,9,411,736,702,702,3,3,0,0,0,33,2491099,0,0,595902608,5214385,5292406,0,0,91194,4,4,0,2289264,2289264,0,0,2289264,91194,1.71,0.41
50,2026-05-15 22:40:32,0,q39a,0,10,10,837,1386,1334,1303,9,9,0,0,0,32,96649,0,0,418997912,23654103,50327687,0,0,135243,4,4,0,3309352,3309352,0,0,2213547,90243,1.59,0.84
51,2026-05-15 22:40:34,0,q39b,0,10,10,613,1001,969,967,7,7,0,0,0,24,96649,0,0,418743960,23654103,50327687,0,0,135014,4,4,0,3289055,3289055,0,0,2193135,90014,1.58,0.61
52,2026-05-15 22:40:35,0,q40,0,6,6,333,298,276,276,3,3,0,0,0,9,2150491,0,0,154730976,1676669,9123221,0,0,534,1,1,0,31932,31932,0,0,31932,534,0.83,0.33
53,2026-05-15 22:40:37,0,q41,0,2,2,20,18,14,14,1,1,0,0,0,0,5257,0,0,262144,0,77988,0,0,0,0,0,0,0,0,0,0,0,0,0.7,0.02
54,2026-05-15 22:40:38,0,q42,0,4,4,231,213,200,176,3,3,0,10,0,2,14303,0,0,69746904,2971453,15426498,0,0,10,1,1,0,925,925,0,0,925,10,0.87,0.23
55,2026-05-15 22:40:39,0,q43,0,4,4,299,278,263,263,4,4,0,0,0,1,14303,0,0,69733304,2953465,7454094,0,0,6,1,1,0,618,618,0,0,618,6,0.88,0.3
56,2026-05-15 22:40:40,0,q44,0,8,8,328,313,278,277,7,7,0,0,0,11,299186,0,0,478831784,5778808,25054758,0,0,36021,5,5,0,574234,574234,0,0,287345,18022,0.85,0.33
57,2026-05-15 22:40:42,0,q45,0,7,7,168,187,170,170,2,2,0,0,0,2,1041019,0,0,146573480,978433,4965496,0,0,19,1,1,0,1799,1799,0,0,1799,19,1.01,0.17
58,2026-05-15 22:40:43,0,q46,0,7,7,499,520,495,489,4,4,0,0,0,10,3101862,0,0,164973472,3110665,19329222,0,0,10081,1,1,0,430760,430760,0,0,430760,10081,0.99,0.5
59,2026-05-15 22:40:45,0,q47,0,11,17,1121,1573,2248,2168,29,24,0,0,0,106,399015,0,0,1569865232,2971465,13075570,0,0,499240,30,30,0,15789663,15789663,0,0,11851696,370924,2.01,1.12
60,2026-05-15 22:40:47,0,q48,0,5,5,24,41,30,30,0,0,0,0,0,0,115374,0,0,0,123061,788456,0,0,0,0,0,0,0,0,0,0,0,0,1.25,0.02
61,2026-05-15 22:40:48,0,q49,0,12,14,477,713,725,687,17,18,0,0,0,13,103233,0,0,814727624,5617729,52835116,0,0,170,9,9,0,11817,11817,0,0,11817,170,1.52,0.48
62,2026-05-15 22:40:49,0,q50,0,6,6,568,507,481,481,4,4,0,0,0,1,4389332,0,0,156298224,3314028,12356584,0,0,6,1,1,0,1447,1447,0,0,1447,6,0.85,0.57
63,2026-05-15 22:40:51,0,q51,0,10,43,905,1254,4611,4428,56,58,0,0,0,477,263945,0,0,3625456128,3672837,15502850,0,0,2523869,299,299,0,43438446,43438446,0,0,43438446,2523869,5.1,0.9
64,2026-05-15 22:40:53,0,q51a,0,14,74,2275,2983,24352,22423,129,130,0,492,0,708,1761555,0,0,11902151584,3672837,15502850,0,0,4889102,693,693,0,83968631,83968631,0,0,61032787,3644888,10.7,2.28
65,2026-05-15 22:40:57,0,q52,0,4,4,187,175,161,161,3,3,0,0,0,5,14303,0,0,69746904,2971453,15427078,0,0,109,1,1,0,9739,9739,0,0,9739,109,0.86,0.19
66,2026-05-15 22:40:58,0,q53,0,3,3,10,11,6,6,0,0,0,0,0,0,4390,0,0,0,12,95228,0,0,0,0,0,0,0,0,0,0,0,0,0.6,0.01
67,2026-05-15 22:40:59,0,q54,0,3,3,10,12,5,5,0,0,0,0,0,0,4323,0,0,0,12,92648,0,0,0,0,0,0,0,0,0,0,0,0,0.5,0.01
68,2026-05-15 22:41:00,0,q55,0,4,4,186,172,160,160,3,3,0,0,0,5,14303,0,0,69746904,2971453,15427078,0,0,104,1,1,0,8981,8981,0,0,8981,104,0.86,0.19
69,2026-05-15 22:41:01,0,q56,0,3,3,10,16,10,10,0,0,0,0,0,0,97723,0,0,0,50000,290184,0,0,0,0,0,0,0,0,0,0,0,0,1.0,0.01
70,2026-05-15 22:41:02,0,q57,0,9,9,730,782,722,715,11,10,0,0,0,33,497206,0,0,550911816,1532603,6083188,0,0,160920,5,5,0,4348229,4348229,0,0,2602187,96552,0.99,0.73
71,2026-05-15 22:41:04,0,q58,0,10,10,398,820,786,672,8,8,0,0,0,31,142714,0,0,612801360,5278483,26522362,0,0,17396,3,3,0,287209,287209,0,0,287209,17396,1.97,0.4
72,2026-05-15 22:41:06,0,q59,0,10,10,419,423,392,389,6,5,0,0,0,27,680157,0,0,211152528,3099575,7749954,0,0,7524,4,4,0,133338,133338,0,0,89016,5952,0.94,0.42
73,2026-05-15 22:41:07,0,q60,0,3,3,11,13,6,6,0,0,0,0,0,0,97723,0,0,0,50000,292044,0,0,0,0,0,0,0,0,0,0,0,0,0.55,0.01
74,2026-05-15 22:41:08,0,q61,0,8,8,34,61,44,42,0,0,0,0,0,0,1041019,0,0,0,223361,1238710,0,0,0,0,0,0,0,0,0,0,0,0,1.29,0.03
75,2026-05-15 22:41:09,0,q62,0,6,6,291,287,234,232,25,4,0,22,0,6,19887,0,0,138939640,792488,2839194,0,0,150,1,1,0,17537,17537,0,0,17537,150,0.8,0.29
76,2026-05-15 22:41:11,0,q63,0,3,3,11,12,6,6,0,0,0,0,0,0,4390,0,0,0,12,95228,0,0,0,0,0,0,0,0,0,0,0,0,0.55,0.01
77,2026-05-15 22:41:12,0,q64,0,9,9,36,91,67,64,0,0,0,0,0,0,375881,0,0,0,226679,1105692,0,0,0,0,0,0,0,0,0,0,0,0,1.86,0.04
78,2026-05-15 22:41:13,0,q65,0,8,8,372,564,538,537,5,5,0,0,0,24,1704512,0,0,420104560,5851869,26099826,0,0,107998,3,3,0,1644480,1644480,0,0,1644480,107998,1.45,0.37
79,2026-05-15 22:41:15,0,q66,0,3,3,27,13,6,5,0,0,0,0,0,0,4611,0,0,0,25,13305,0,0,0,0,0,0,0,0,0,0,0,0,0.22,0.03
80,2026-05-15 22:41:16,0,q67,0,6,22,2516,2486,8144,7483,35,34,0,0,0,103,803062,0,0,2613197504,2971465,15896536,0,0,523804,34,34,0,35032320,35032320,0,0,35032320,523804,3.24,2.52
81,2026-05-15 22:41:19,0,q67a,0,14,153,2677,8958,27256,21521,264,257,0,259,0,4265,803062,0,0,19188032472,2971465,15896536,0,0,3913413,393,393,0,254672067,254672067,0,0,74909707,1194405,10.18,2.68
82,2026-05-15 22:41:23,0,q68,0,7,7,487,517,492,491,4,3,0,0,0,10,3101862,0,0,97597832,3110665,30558942,0,0,2221,1,1,0,125465,125465,0,0,125465,2221,1.01,0.49
83,2026-05-15 22:41:25,0,q69,0,14,30,666,1010,2091,1880,35,31,0,0,0,215,525742,0,0,100986912,7185185,10862924,0,0,2160682,39,39,0,41534653,41534653,0,0,41534653,2160682,3.14,0.67
84,2026-05-15 22:41:27,0,q70,0,9,9,533,473,446,446,6,6,0,0,0,5,25220,0,0,408034064,5833881,20482262,0,0,19,4,4,0,840,840,0,0,840,19,0.84,0.53
85,2026-05-15 22:41:28,0,q70a,0,12,14,558,437,425,411,14,14,0,0,0,11,84465,0,0,812784240,5833881,20482262,0,0,24,11,11,0,1381,1381,0,0,1169,22,0.76,0.56
86,2026-05-15 22:41:30,0,q71,0,4,4,21,37,31,31,0,0,0,0,0,0,10559,0,0,0,177449,964204,0,0,0,0,0,0,0,0,0,0,0,0,1.48,0.02
87,2026-05-15 22:41:31,0,q72,0,4,4,13,18,7,7,0,0,0,0,0,0,7060,0,0,0,305,33649,0,0,0,0,0,0,0,0,0,0,0,0,0.54,0.01
88,2026-05-15 22:41:32,0,q73,0,3,3,9,12,6,6,0,0,0,0,0,0,4390,0,0,0,12,29396,0,0,0,0,0,0,0,0,0,0,0,0,0.67,0.01
89,2026-05-15 22:41:33,0,q74,0,11,11,575,1398,1354,1352,7,7,0,0,0,51,2987500,0,0,822149272,7445674,27918216,0,0,98902,4,4,0,3653467,3653467,0,0,3653467,98902,2.35,0.57
90,2026-05-15 22:41:35,0,q75,0,1,1,2,2,0,0,0,0,0,0,0,0,731,0,0,0,0,0,0,0,0,0,0,0,0,0,0,0,0,0,0.0,0.0
91,2026-05-15 22:41:36,0,q76,0,4,6,240,206,380,359,5,6,0,0,0,18,381530,0,0,290543480,5132385,27496014,0,0,509,3,3,0,45030,45030,0,0,45030,509,1.58,0.24
92,2026-05-15 22:41:38,0,q77,0,14,16,345,614,565,543,28,15,0,13,0,17,121458,0,0,687344520,5617801,37066317,0,0,133,9,9,0,12378,12378,0,0,12378,133,1.64,0.34
93,2026-05-15 22:41:39,0,q77a,0,17,21,427,567,556,534,18,20,0,0,0,26,141450,0,0,1226312384,5617801,37066317,0,0,245,20,20,0,28150,28150,0,0,16928,165,1.3,0.43
94,2026-05-15 22:41:41,0,q78,0,11,28,1027,1796,5544,5011,120,68,0,30,0,53,3106243,0,0,5970598464,5690778,42936082,0,0,872646,35,35,0,20939025,20939025,0,0,20939025,872646,5.4,1.03
95,2026-05-15 22:41:43,0,q79,0,6,6,411,430,408,405,4,4,0,0,0,10,2491099,0,0,155522160,3060665,18856906,0,0,7013,1,1,0,231553,231553,0,0,231553,7013,0.99,0.41
96,2026-05-15 22:41:44,0,q80,0,14,16,654,1059,1031,1008,13,13,0,0,0,26,5685107,0,0,745311640,5647789,58410183,0,0,856,6,6,0,70474,70474,0,0,70474,856,1.58,0.65
97,2026-05-15 22:41:46,0,q80a,0,17,21,760,1024,997,974,23,24,0,0,0,39,5685107,0,0,1217170672,5647789,58410183,0,0,1883,17,17,0,173167,173167,0,0,98845,1133,1.31,0.76
98,2026-05-15 22:41:48,0,q81,0,11,11,238,466,420,335,8,8,0,52,0,38,4042654,0,0,499810360,611183,5479356,0,0,56347,4,4,0,1209586,1209586,0,0,1209586,56347,1.76,0.24
99,2026-05-15 22:41:50,0,q82,0,6,16,505,770,977,824,13,16,0,0,0,28,193440,0,0,299565576,14716453,31619372,0,0,669668,15,15,0,11943569,11943569,0,0,11943569,2880440,1.93,0.5
100,2026-05-15 22:41:51,0,q83,0,10,10,226,277,243,232,7,7,0,0,0,36,142714,0,0,412100960,740491,3792640,0,0,4250,3,3,0,93519,93519,0,0,93519,4250,1.08,0.23
101,2026-05-15 22:41:53,0,q84,0,6,6,428,228,186,171,4,4,0,0,0,0,9704788,0,0,102472224,2365534,7790382,0,0,0,0,0,0,0,0,0,0,0,0,0.43,0.43
102,2026-05-15 22:41:54,0,q85,0,4,4,13,17,7,7,0,0,0,0,0,0,5264,0,0,0,95,85836,0,0,0,0,0,0,0,0,0,0,0,0,0.54,0.01
103,2026-05-15 22:41:55,0,q86,0,5,5,192,171,154,154,4,4,0,0,0,8,272632,0,0,207306152,810433,4278230,0,0,266,2,2,0,17966,17966,0,0,17966,266,0.8,0.19
104,2026-05-15 22:41:56,0,q86a,0,8,10,249,197,196,178,8,9,0,0,0,19,272632,0,0,746274016,810433,4278230,0,0,641,9,9,0,51729,51729,0,0,30007,399,0.79,0.25
105,2026-05-15 22:41:58,0,q87,0,9,9,421,732,702,701,3,3,0,0,0,33,2491099,0,0,595902608,5214385,5292406,0,0,91194,4,4,0,2289264,2289264,0,0,2289264,91194,1.67,0.42
106,2026-05-15 22:41:59,0,q88,0,26,26,391,2122,2011,1944,29,1,0,78,0,0,14716,0,0,25741888,23741644,23037948,0,0,8,8,8,0,472,472,0,0,472,8,5.14,0.39
107,2026-05-15 22:42:01,0,q89,0,3,3,11,11,5,5,0,0,0,0,0,0,4503,0,0,0,12,95228,0,0,0,0,0,0,0,0,0,0,0,0,0.45,0.01
108,2026-05-15 22:42:02,0,q90,0,8,8,139,218,202,202,0,0,0,0,0,0,40754,0,0,6472208,1618828,2758860,0,0,2,2,2,0,118,118,0,0,118,2,1.45,0.14
109,2026-05-15 22:42:03,0,q91,0,4,4,11,18,11,11,1,1,0,0,0,0,10610,0,0,0,7206,114028,0,0,0,0,0,0,0,0,0,0,0,0,1.0,0.01
110,2026-05-15 22:42:04,0,q92,0,7,7,149,201,184,183,1,1,0,0,0,13,121747,0,0,72236048,1529817,8191922,0,0,9069,3,3,0,143446,143446,0,0,143446,9069,1.23,0.15
111,2026-05-15 22:42:05,0,q93,0,2,2,7,5,2,2,0,0,0,0,0,0,4265,0,0,0,0,3821,0,0,0,0,0,0,0,0,0,0,0,0,0.29,0.01
112,2026-05-15 22:42:06,0,q94,0,4,4,15,27,21,21,0,0,0,0,0,0,13479,0,0,0,123049,698949,0,0,0,0,0,0,0,0,0,0,0,0,1.4,0.02
113,2026-05-15 22:42:07,0,q95,0,5,5,23,51,40,40,0,0,0,0,0,0,260045,0,0,0,194812,843731,0,0,0,0,0,0,0,0,0,0,0,0,1.74,0.02
114,2026-05-15 22:42:09,0,q96,0,5,5,171,169,158,158,0,0,0,0,0,0,13366,0,0,3192904,2974016,2914488,0,0,1,1,1,0,59,59,0,0,59,1,0.92,0.17
115,2026-05-15 22:42:10,0,q97,0,5,12,499,628,1775,1680,10,10,0,0,0,28,126552,0,0,2342261680,4395001,11804290,0,0,834974,24,24,0,8658863,8658863,0,0,8658863,834974,3.56,0.5
116,2026-05-15 22:42:11,0,q98,0,2,2,7,5,2,2,0,0,0,0,0,0,4265,0,0,0,0,77988,0,0,0,0,0,0,0,0,0,0,0,0,0.29,0.01
117,2026-05-15 22:42:12,0,q99,0,6,6,284,269,250,245,4,4,0,0,0,4,19887,0,0,138939448,1514628,3900461,0,0,90,1,1,0,11250,11250,0,0,11250,90,0.88,0.28
118,2026-05-15 22:42:14,1,q1,0,8,8,203,306,281,281,3,3,0,0,0,25,1017955,0,0,422333440,748089,4842446,0,0,99878,3,3,0,1544051,1544051,0,0,1544051,99878,1.38,0.2
119,2026-05-15 22:42:15,1,q2,0,9,10,326,270,349,341,7,7,0,0,0,20,680157,0,0,284679544,2380079,7614862,0,0,4453,8,8,0,91309,91309,0,0,38659,3403,1.07,0.33
120,2026-05-15 22:42:16,1,q3,0,4,4,203,189,175,175,3,3,0,0,0,4,35702,0,0,69994472,2971453,15371138,0,0,89,1,1,0,8279,8279,0,0,8279,89,0.86,0.2
121,2026-05-15 22:42:18,1,q4,0,19,123,1892,5841,23782,16858,165,166,0,288,0,4801,609398,0,0,23149964296,5287434,62185976,0,0,10424391,445,445,0,277816112,277816112,0,0,131839186,5088880,12.57,1.89
122,2026-05-15 22:42:21,1,q5,0,10,15,453,780,1091,1013,13,15,0,36,0,41,1650783,0,0,494330152,6348873,41651027,0,0,1515,9,9,0,100764,100764,0,0,100764,1515,2.41,0.45
123,2026-05-15 22:42:22,1,q5a,0,13,20,554,825,1121,1074,20,22,0,0,0,60,1650783,0,0,1033298024,6348873,41651027,0,0,3255,20,20,0,237079,237079,0,0,139181,2005,2.02,0.55
124,2026-05-15 22:42:24,1,q6,0,12,28,564,754,2540,2320,42,36,0,39,0,139,1041019,0,0,1474212376,3212502,9340384,0,0,2786107,37,37,0,24510239,24510239,0,0,24510239,2786107,4.5,0.56
125,2026-05-15 22:42:26,1,q7,0,4,4,9,19,12,11,0,0,0,0,0,0,142714,0,0,0,18300,252034,0,0,0,0,0,0,0,0,0,0,0,0,1.33,0.01
126,2026-05-15 22:42:27,1,q8,0,10,10,308,272,238,237,4,4,0,0,0,14,275062,0,0,341745984,3153465,11294186,0,0,3491,4,4,0,59038,59038,0,0,59038,3491,0.77,0.31
127,2026-05-15 22:42:28,1,q9,0,31,31,279,2699,2575,2348,5,5,0,0,0,6,4782,0,0,0,43206095,97312801,0,0,15,15,15,0,946,946,0,0,946,15,9.23,0.28
128,2026-05-15 22:42:30,1,q10,0,13,29,700,1027,1422,1161,35,33,0,0,0,115,529175,0,0,778679088,7185185,10964911,0,0,826612,31,31,0,47123357,47123357,0,0,47123357,2208464,2.03,0.7
129,2026-05-15 22:42:31,1,q10a,0,11,28,645,919,1013,1012,38,31,0,0,0,109,501180,0,0,361870128,7185185,10964911,0,0,513766,25,25,0,47120004,47120004,0,0,47120004,2204076,1.57,0.64
130,2026-05-15 22:42:33,1,q11,0,14,80,1398,2831,14866,10388,124,105,0,224,0,3146,517571,0,0,14895471784,3845886,22340176,0,0,7308134,269,269,0,121055372,121055372,0,0,58048608,3603562,10.63,1.4
131,2026-05-15 22:42:36,1,q12,0,2,2,7,5,2,2,0,0,0,0,0,0,4265,0,0,0,0,77988,0,0,0,0,0,0,0,0,0,0,0,0,0.29,0.01
132,2026-05-15 22:42:37,1,q13,0,6,6,25,44,33,33,0,0,0,0,0,0,92495,0,0,0,130261,810924,0,0,0,0,0,0,0,0,0,0,0,0,1.32,0.02
133,2026-05-15 22:42:38,1,q14a,0,30,80,3346,3923,9958,9126,131,141,0,50,0,1364,734043,0,0,5323952848,15415155,57406770,0,0,6328590,124,124,0,88210545,88210545,0,0,87084141,6301174,2.98,3.35
134,2026-05-15 22:42:44,1,q14b,0,24,59,1771,2763,8117,7314,88,86,0,63,0,912,778651,0,0,3268280944,13400321,46556414,0,0,6861513,80,80,0,97442680,97442680,0,0,51225054,4111202,4.58,1.77
135,2026-05-15 22:42:47,1,q14,0,24,59,1315,1982,4026,3307,97,92,0,20,0,1226,778651,0,0,3276309104,13400321,46556414,0,0,6851380,80,80,0,96756697,96756697,0,0,50539071,4101069,3.06,1.32
136,2026-05-15 22:42:50,1,q15,0,5,5,485,483,468,462,3,3,0,0,0,6,1041019,0,0,145379880,1664597,5413962,0,0,202,1,1,0,11828,11828,0,0,11828,202,0.96,0.48
137,2026-05-15 22:42:51,1,q16,0,8,24,717,904,5359,4861,37,32,0,0,0,68,541943,0,0,2577803232,3150218,16739594,0,0,2870561,51,51,0,39357570,39357570,0,0,39357570,2870561,7.47,0.72
138,2026-05-15 22:42:53,1,q17,0,9,25,704,926,3422,3016,33,33,0,0,0,57,6091978,0,0,2626859256,4773576,21120712,0,0,1629074,35,35,0,31753837,31753837,0,0,31753837,1629074,4.86,0.7
139,2026-05-15 22:42:55,1,q18,0,4,4,12,26,19,19,0,0,0,0,0,0,142714,0,0,0,91049,563828,0,0,0,0,0,0,0,0,0,0,0,0,1.58,0.01
140,2026-05-15 22:42:56,1,q18a,0,10,10,66,335,304,132,0,0,0,168,0,0,853783,0,0,0,409049,3071698,0,0,0,0,0,0,0,0,0,0,0,0,4.61,0.07
141,2026-05-15 22:42:57,1,q19,0,7,7,350,356,337,334,4,4,0,0,0,6,1041019,0,0,80384184,3121465,18164328,0,0,160,1,1,0,17796,17796,0,0,17796,160,0.96,0.35
142,2026-05-15 22:42:59,1,q20,0,2,2,8,6,2,2,0,0,0,0,0,0,4265,0,0,0,0,77988,0,0,0,0,0,0,0,0,0,0,0,0,0.25,0.01
143,2026-05-15 22:43:00,1,q21,0,5,5,564,552,538,533,3,3,0,0,0,10,17151,0,0,137953760,11836054,25473259,0,0,2795,1,1,0,97587,97587,0,0,97587,2795,0.95,0.56
144,2026-05-15 22:43:01,1,q22,0,5,5,7926,7909,7892,7891,4,4,0,0,0,12,803062,0,0,146947520,11836054,25380912,0,0,35968,1,1,0,1544161,1544161,0,0,1544161,35968,1.0,7.93
145,2026-05-15 22:43:10,1,q22a,0,10,14,1284,1345,1352,1333,16,17,0,17,0,51,803062,0,0,956185792,11836054,25385773,0,0,72373,14,14,0,3722976,3722976,0,0,1718132,36377,1.05,1.28
146,2026-05-15 22:43:13,1,q23a,0,16,47,2046,3890,7260,6609,82,69,0,288,0,206,1166709,0,0,3941269824,11139291,41579890,0,0,3812080,114,114,0,98368916,98368916,0,0,98366379,3812037,3.55,2.05
147,2026-05-15 22:43:16,1,q23b,0,20,68,2059,3966,7060,6714,121,114,0,0,0,226,1166709,0,0,6508186696,11239291,42252606,0,0,3908567,131,131,0,100971109,100971109,0,0,100968572,3908524,3.43,2.06
148,2026-05-15 22:43:19,1,q24,0,3,3,11,11,6,6,0,0,0,0,0,0,4390,0,0,0,12,103212,0,0,0,0,0,0,0,0,0,0,0,0,0.55,0.01
149,2026-05-15 22:43:20,1,q24a,0,3,3,7,8,2,2,0,0,0,0,0,0,4390,0,0,0,12,103212,0,0,0,0,0,0,0,0,0,0,0,0,0.29,0.01
150,2026-05-15 22:43:21,1,q24b,0,3,3,28,29,2,2,20,0,0,20,0,0,4390,0,0,0,12,103212,0,0,0,0,0,0,0,0,0,0,0,0,0.07,0.03
151,2026-05-15 22:43:22,1,q25,0,9,25,702,957,2970,2584,37,31,0,0,0,59,6124349,0,0,2626834640,4773576,30890414,0,0,1629074,35,35,0,32135493,32135493,0,0,32135493,1629074,4.23,0.7
152,2026-05-15 22:43:24,1,q26,0,5,5,11,28,21,21,0,0,0,0,0,0,142714,0,0,0,91349,597932,0,0,0,0,0,0,0,0,0,0,0,0,1.91,0.01
153,2026-05-15 22:43:25,1,q27,0,3,3,9,12,7,4,0,0,0,0,0,0,4712,0,0,0,12,98390,0,0,0,0,0,0,0,0,0,0,0,0,0.78,0.01
154,2026-05-15 22:43:26,1,q27a,0,7,7,24,42,24,24,0,0,0,0,0,0,142714,0,0,0,109073,694440,0,0,0,0,0,0,0,0,0,0,0,0,1.0,0.02
155,2026-05-15 22:43:27,1,q28,0,18,18,463,2328,2270,2023,10,10,0,132,0,82,8261,0,0,808451808,17282424,105885000,0,0,47107,12,12,0,769812,769812,0,0,769812,47107,4.9,0.46
156,2026-05-15 22:43:29,1,q29,0,10,26,656,903,2771,2461,32,31,0,0,0,58,6091978,0,0,2626942080,4846625,21600490,0,0,1629074,35,35,0,31753942,31753942,0,0,31753942,1629074,4.22,0.66
157,2026-05-15 22:43:31,1,q30,0,12,21,184,351,369,351,45,33,0,0,0,50,402833,0,0,503073576,466575,5793548,0,0,126097,23,23,0,11161609,11161609,0,0,11161609,126097,2.01,0.18
158,2026-05-15 22:43:32,1,q31,0,19,19,457,1565,1498,1359,11,11,0,132,0,81,772216,0,0,1178381960,11068511,40663962,0,0,11385,9,9,0,440977,440977,0,0,368243,9860,3.28,0.46
159,2026-05-15 22:43:34,1,q32,0,7,7,203,288,270,270,1,1,0,0,0,12,130384,0,0,72235152,2974145,14139570,0,0,9308,3,3,0,150123,150123,0,0,150123,9308,1.33,0.2
160,2026-05-15 22:43:35,1,q33,0,2,2,7,5,2,2,0,0,0,0,0,0,4265,0,0,0,0,77988,0,0,0,0,0,0,0,0,0,0,0,0,0.29,0.01
161,2026-05-15 22:43:36,1,q34,0,3,3,10,11,6,6,0,0,0,0,0,0,4390,0,0,0,12,29396,0,0,0,0,0,0,0,0,0,0,0,0,0.6,0.01
162,2026-05-15 22:43:37,1,q35,0,14,29,594,1023,2499,2106,36,31,0,0,0,431,495712,0,0,1189007520,7185185,10831699,0,0,2572181,37,37,0,24618550,24618550,0,0,24618550,2572181,4.21,0.59
163,2026-05-15 22:43:39,1,q35a,0,12,28,579,994,2116,1566,30,30,0,44,0,732,469728,0,0,1190304816,7185185,10831699,0,0,2571909,37,37,0,24612692,24612692,0,0,24612692,2571909,3.65,0.58
164,2026-05-15 22:43:40,1,q36,0,6,6,448,426,407,407,4,4,0,0,0,8,272632,0,0,208354816,2971465,24377782,0,0,266,2,2,0,19035,19035,0,0,19035,266,0.91,0.45
165,2026-05-15 22:43:42,1,q36a,0,9,11,451,393,390,374,9,10,0,0,0,18,272632,0,0,747322688,2971465,24377782,0,0,641,9,9,0,56190,56190,0,0,32454,399,0.86,0.45
166,2026-05-15 22:43:43,1,q37,0,5,5,611,509,486,486,2,2,0,0,0,1,7229608,0,0,69874856,13277597,28516680,0,0,1,1,1,0,253,253,0,0,253,1,0.8,0.61
167,2026-05-15 22:43:45,1,q38,0,9,9,414,703,673,641,2,2,0,0,0,32,2491099,0,0,595902608,5214385,5292406,0,0,91194,4,4,0,2289264,2289264,0,0,2289264,91194,1.63,0.41
168,2026-05-15 22:43:47,1,q39a,0,10,10,768,1281,1246,1245,10,10,0,0,0,32,96649,0,0,418997912,23654103,50327687,0,0,135243,4,4,0,3309465,3309465,0,0,2213545,90243,1.62,0.77
169,2026-05-15 22:43:48,1,q39b,0,10,10,573,982,947,947,7,7,0,0,0,23,96649,0,0,418743960,23654103,50327687,0,0,135014,4,4,0,3289055,3289055,0,0,2193135,90014,1.65,0.57
170,2026-05-15 22:43:50,1,q40,0,6,6,320,273,252,243,3,3,0,0,0,9,2150491,0,0,154730976,1676669,9123221,0,0,534,1,1,0,31932,31932,0,0,31932,534,0.79,0.32
171,2026-05-15 22:43:51,1,q41,0,2,2,22,21,15,15,1,1,0,0,0,0,5257,0,0,262144,0,77988,0,0,0,0,0,0,0,0,0,0,0,0,0.68,0.02
172,2026-05-15 22:43:52,1,q42,0,4,4,202,191,178,172,3,3,0,0,0,2,14303,0,0,69746904,2971453,15426498,0,0,10,1,1,0,925,925,0,0,925,10,0.88,0.2
173,2026-05-15 22:43:54,1,q43,0,4,4,268,246,233,232,4,4,0,0,0,1,14303,0,0,69733304,2953465,7454094,0,0,6,1,1,0,618,618,0,0,618,6,0.87,0.27
174,2026-05-15 22:43:55,1,q44,0,8,8,327,329,302,300,4,4,0,0,0,11,299186,0,0,478831784,5778808,25054758,0,0,36021,5,5,0,574234,574234,0,0,287345,18022,0.92,0.33
175,2026-05-15 22:43:56,1,q45,0,7,7,164,182,164,163,2,2,0,0,0,2,1041019,0,0,146573480,978433,4965496,0,0,19,1,1,0,1799,1799,0,0,1799,19,1.0,0.16
176,2026-05-15 22:43:58,1,q46,0,7,7,449,472,447,442,4,4,0,0,0,10,3101862,0,0,164973472,3110665,19329222,0,0,10081,1,1,0,430760,430760,0,0,430760,10081,1.0,0.45
177,2026-05-15 22:43:59,1,q47,0,11,17,1061,1510,2195,2109,24,21,0,0,0,103,399015,0,0,1569865232,2971465,13075570,0,0,499240,30,30,0,15789663,15789663,0,0,11851696,370924,2.07,1.06
178,2026-05-15 22:44:01,1,q48,0,5,5,23,40,29,28,0,0,0,0,0,0,115374,0,0,0,123061,788456,0,0,0,0,0,0,0,0,0,0,0,0,1.26,0.02
179,2026-05-15 22:44:02,1,q49,0,12,14,424,716,728,695,13,14,0,0,0,13,103233,0,0,814727624,5617729,52835116,0,0,170,9,9,0,11817,11817,0,0,11817,170,1.72,0.42
180,2026-05-15 22:44:04,1,q50,0,6,6,516,456,433,433,4,4,0,0,0,1,4389332,0,0,156298224,3314028,12356584,0,0,6,1,1,0,1447,1447,0,0,1447,6,0.84,0.52
181,2026-05-15 22:44:06,1,q51,0,10,43,877,1216,4400,4182,56,57,0,42,0,451,263945,0,0,3625456128,3672837,15502850,0,0,2523869,299,299,0,43438446,43438446,0,0,43438446,2523869,5.02,0.88
182,2026-05-15 22:44:07,1,q51a,0,14,74,2245,3068,23746,21413,138,128,0,734,0,795,1761555,0,0,11902151584,3672837,15502850,0,0,4889102,693,693,0,83968631,83968631,0,0,61032787,3644888,10.58,2.24
183,2026-05-15 22:44:11,1,q52,0,4,4,202,188,175,175,3,3,0,0,0,5,14303,0,0,69746904,2971453,15427078,0,0,109,1,1,0,9739,9739,0,0,9739,109,0.87,0.2
184,2026-05-15 22:44:12,1,q53,0,3,3,10,10,5,5,0,0,0,0,0,0,4390,0,0,0,12,95228,0,0,0,0,0,0,0,0,0,0,0,0,0.5,0.01
185,2026-05-15 22:44:13,1,q54,0,3,3,10,10,5,5,0,0,0,0,0,0,4323,0,0,0,12,92648,0,0,0,0,0,0,0,0,0,0,0,0,0.5,0.01
186,2026-05-15 22:44:14,1,q55,0,4,4,192,180,168,168,3,3,0,0,0,5,14303,0,0,69746904,2971453,15427078,0,0,104,1,1,0,8981,8981,0,0,8981,104,0.88,0.19
187,2026-05-15 22:44:15,1,q56,0,3,3,9,14,9,9,0,0,0,0,0,0,97723,0,0,0,50000,290184,0,0,0,0,0,0,0,0,0,0,0,0,1.0,0.01
188,2026-05-15 22:44:17,1,q57,0,9,9,642,716,685,677,8,8,0,0,0,33,497206,0,0,550911816,1532603,6083188,0,0,160920,5,5,0,4348229,4348229,0,0,2602187,96552,1.07,0.64
189,2026-05-15 22:44:18,1,q58,0,10,10,422,711,676,675,7,7,0,0,0,30,142714,0,0,612801360,5278483,26522362,0,0,17396,3,3,0,287209,287209,0,0,287209,17396,1.6,0.42
190,2026-05-15 22:44:20,1,q59,0,10,10,414,422,391,391,5,5,0,0,0,27,680157,0,0,211152528,3099575,7749954,0,0,7524,4,4,0,133338,133338,0,0,89016,5952,0.94,0.41
191,2026-05-15 22:44:21,1,q60,0,3,3,9,13,6,6,0,0,0,0,0,0,97723,0,0,0,50000,292044,0,0,0,0,0,0,0,0,0,0,0,0,0.67,0.01
192,2026-05-15 22:44:23,1,q61,0,8,8,29,53,39,39,0,0,0,0,0,0,1041019,0,0,0,223361,1238710,0,0,0,0,0,0,0,0,0,0,0,0,1.34,0.03
193,2026-05-15 22:44:24,1,q62,0,6,6,250,238,221,221,3,3,0,0,0,6,19887,0,0,138939640,792488,2839194,0,0,150,1,1,0,17537,17537,0,0,17537,150,0.88,0.25
194,2026-05-15 22:44:25,1,q63,0,4,4,24,48,39,15,0,0,0,22,0,0,6272,0,0,0,73061,506698,0,0,0,0,0,0,0,0,0,0,0,0,1.62,0.02
195,2026-05-15 22:44:26,1,q64,0,10,10,49,123,91,89,0,0,0,0,0,0,2510663,0,0,0,514193,2240936,0,0,0,0,0,0,0,0,0,0,0,0,1.86,0.05
196,2026-05-15 22:44:28,1,q65,0,8,8,364,569,539,539,6,6,0,0,0,23,1704512,0,0,420104560,5851869,26099826,0,0,107998,3,3,0,1644480,1644480,0,0,1644480,107998,1.48,0.36
197,2026-05-15 22:44:29,1,q66,0,3,3,9,11,6,5,0,0,0,0,0,0,4611,0,0,0,25,13305,0,0,0,0,0,0,0,0,0,0,0,0,0.67,0.01
198,2026-05-15 22:44:30,1,q67,0,6,22,2494,2456,7190,6721,42,31,0,12,0,126,803062,0,0,2613197504,2971465,15896536,0,0,523804,34,34,0,35032320,35032320,0,0,35032320,523804,2.88,2.49
199,2026-05-15 22:44:34,1,q67a,0,14,153,2684,9501,27933,21843,239,254,0,296,0,4690,803062,0,0,19188032472,2971465,15896536,0,0,3913413,393,393,0,254672067,254672067,0,0,74909707,1194405,10.41,2.68
200,2026-05-15 22:44:38,1,q68,0,7,7,502,528,504,504,3,3,0,0,0,10,3101862,0,0,97597832,3110665,30558942,0,0,2221,1,1,0,125465,125465,0,0,125465,2221,1.0,0.5
201,2026-05-15 22:44:39,1,q69,0,14,30,659,987,2111,1854,32,30,0,0,0,198,525742,0,0,100986912,7185185,10862924,0,0,2160682,39,39,0,41534653,41534653,0,0,41534653,2160682,3.2,0.66
202,2026-05-15 22:44:41,1,q70,0,9,9,535,479,449,449,5,5,0,0,0,4,25220,0,0,408034064,5833881,20482262,0,0,19,4,4,0,840,840,0,0,840,19,0.84,0.54
203,2026-05-15 22:44:42,1,q70a,0,12,14,557,443,429,413,11,12,0,0,0,10,84465,0,0,812784240,5833881,20482262,0,0,24,11,11,0,1381,1381,0,0,1169,22,0.77,0.56
204,2026-05-15 22:44:44,1,q71,0,4,4,21,36,27,27,0,0,0,0,0,0,10559,0,0,0,177449,964204,0,0,0,0,0,0,0,0,0,0,0,0,1.29,0.02
205,2026-05-15 22:44:45,1,q72,0,5,5,18,37,19,18,0,0,0,0,0,0,7807,0,0,0,73354,641691,0,0,0,0,0,0,0,0,0,0,0,0,1.06,0.02
206,2026-05-15 22:44:46,1,q73,0,3,3,9,11,5,5,0,0,0,0,0,0,4390,0,0,0,12,29396,0,0,0,0,0,0,0,0,0,0,0,0,0.56,0.01
207,2026-05-15 22:44:47,1,q74,0,11,11,567,1344,1303,1301,9,9,0,0,0,48,2987500,0,0,822149272,7445674,27918216,0,0,98902,4,4,0,3653467,3653467,0,0,3653467,98902,2.3,0.57
208,2026-05-15 22:44:49,1,q75,0,1,1,1,1,0,0,0,0,0,0,0,0,731,0,0,0,0,0,0,0,0,0,0,0,0,0,0,0,0,0,0.0,0.0
209,2026-05-15 22:44:50,1,q76,0,4,6,231,201,377,358,6,6,0,0,0,18,381530,0,0,290543480,5132385,27496014,0,0,509,3,3,0,45030,45030,0,0,45030,509,1.63,0.23
210,2026-05-15 22:44:52,1,q77,0,14,16,324,608,591,528,11,11,0,0,0,17,121458,0,0,687344520,5617801,37066317,0,0,133,9,9,0,12378,12378,0,0,12378,133,1.82,0.32
211,2026-05-15 22:44:53,1,q77a,0,17,21,422,603,587,561,21,20,0,0,0,23,141450,0,0,1226312384,5617801,37066317,0,0,245,20,20,0,28150,28150,0,0,16928,165,1.39,0.42
212,2026-05-15 22:44:55,1,q78,0,11,28,1028,1698,5366,4975,94,66,0,0,0,54,3106243,0,0,5970598464,5690778,42936082,0,0,872646,35,35,0,20939025,20939025,0,0,20939025,872646,5.22,1.03
213,2026-05-15 22:44:57,1,q79,0,6,6,411,428,406,405,4,4,0,0,0,10,2491099,0,0,155522160,3060665,18856906,0,0,7013,1,1,0,231553,231553,0,0,231553,7013,0.99,0.41
214,2026-05-15 22:44:58,1,q80,0,14,16,642,1112,1090,1074,12,12,0,0,0,26,5685107,0,0,745311640,5647789,58410183,0,0,856,6,6,0,70474,70474,0,0,70474,856,1.7,0.64
215,2026-05-15 22:45:00,1,q80a,0,17,21,767,1034,1008,978,19,20,0,0,0,37,5685107,0,0,1217170672,5647789,58410183,0,0,1883,17,17,0,173167,173167,0,0,98845,1133,1.31,0.77
216,2026-05-15 22:45:02,1,q81,0,11,11,224,412,359,326,14,14,1,0,0,50,4042654,0,0,499810360,611183,5479356,0,0,56347,4,4,0,1209586,1209586,0,0,1209586,56347,1.6,0.22
217,2026-05-15 22:45:04,1,q82,0,6,16,503,776,986,827,13,16,0,0,0,29,193440,0,0,299565576,14716453,31619372,0,0,669668,15,15,0,11943569,11943569,0,0,11943569,2880440,1.96,0.5
218,2026-05-15 22:45:05,1,q83,0,10,10,211,259,229,229,6,6,0,0,0,33,142714,0,0,412100960,740491,3792640,0,0,4250,3,3,0,93519,93519,0,0,93519,4250,1.09,0.21
219,2026-05-15 22:45:07,1,q84,0,6,6,381,181,153,153,2,2,0,0,0,0,9704788,0,0,102472224,2365534,7790382,0,0,0,0,0,0,0,0,0,0,0,0,0.4,0.38
220,2026-05-15 22:45:08,1,q85,0,5,5,14,25,15,14,0,0,0,0,0,0,6120,0,0,0,73144,431734,0,0,0,0,0,0,0,0,0,0,0,0,1.07,0.01
221,2026-05-15 22:45:09,1,q86,0,5,5,192,171,155,155,5,5,0,0,0,8,272632,0,0,207306152,810433,4278230,0,0,266,2,2,0,17966,17966,0,0,17966,266,0.81,0.19
222,2026-05-15 22:45:10,1,q86a,0,8,10,231,185,183,170,8,8,0,0,0,18,272632,0,0,746274016,810433,4278230,0,0,641,9,9,0,51729,51729,0,0,30007,399,0.79,0.23
223,2026-05-15 22:45:12,1,q87,0,9,9,405,681,649,649,4,4,0,0,0,32,2491099,0,0,595902608,5214385,5292406,0,0,91194,4,4,0,2289264,2289264,0,0,2289264,91194,1.6,0.4
224,2026-05-15 22:45:13,1,q88,0,26,26,342,1953,1845,1731,27,1,0,96,0,0,14759,0,0,25741888,23741644,23037948,0,0,8,8,8,0,472,472,0,0,472,8,5.39,0.34
225,2026-05-15 22:45:15,1,q89,0,3,3,9,9,4,4,0,0,0,0,0,0,4503,0,0,0,12,95228,0,0,0,0,0,0,0,0,0,0,0,0,0.44,0.01
226,2026-05-15 22:45:16,1,q90,0,8,8,141,206,192,165,0,0,0,0,0,0,40754,0,0,6472208,1618828,2758860,0,0,2,2,2,0,118,118,0,0,118,2,1.36,0.14
227,2026-05-15 22:45:17,1,q91,0,5,5,10,25,18,18,0,0,0,0,0,0,32830,0,0,0,57206,328084,0,0,0,0,0,0,0,0,0,0,0,0,1.8,0.01
228,2026-05-15 22:45:18,1,q92,0,7,7,147,198,179,179,2,2,0,0,0,12,121747,0,0,72236048,1529817,8191922,0,0,9069,3,3,0,143446,143446,0,0,143446,9069,1.22,0.15
229,2026-05-15 22:45:19,1,q93,0,2,2,7,5,2,2,0,0,0,0,0,0,4265,0,0,0,0,3821,0,0,0,0,0,0,0,0,0,0,0,0,0.29,0.01
230,2026-05-15 22:45:20,1,q94,0,5,5,16,40,30,30,0,0,0,0,0,0,259989,0,0,0,194812,843731,0,0,0,0,0,0,0,0,0,0,0,0,1.88,0.02
231,2026-05-15 22:45:21,1,q95,0,5,5,17,46,37,31,0,0,0,0,0,0,260045,0,0,0,194812,843731,0,0,0,0,0,0,0,0,0,0,0,0,2.18,0.02
232,2026-05-15 22:45:22,1,q96,0,5,5,165,162,152,152,0,0,0,0,0,0,13366,0,0,3192904,2974016,2914488,0,0,1,1,1,0,59,59,0,0,59,1,0.92,0.16
233,2026-05-15 22:45:24,1,q97,0,5,12,500,629,1884,1786,8,9,0,0,0,29,126552,0,0,2342261680,4395001,11804290,0,0,834974,24,24,0,8658863,8658863,0,0,8658863,834974,3.77,0.5
234,2026-05-15 22:45:25,1,q98,0,2,2,7,5,2,2,0,0,0,0,0,0,4265,0,0,0,0,77988,0,0,0,0,0,0,0,0,0,0,0,0,0.29,0.01
235,2026-05-15 22:45:26,1,q99,0,6,6,269,254,237,237,3,3,0,0,0,4,19887,0,0,138939448,1514628,3900461,0,0,90,1,1,0,11250,11250,0,0,11250,90,0.88,0.27
236,2026-05-15 22:45:27,2,q1,0,8,8,195,293,268,267,3,3,0,0,0,23,1017955,0,0,422333440,748089,4842446,0,0,99878,3,3,0,1544051,1544051,0,0,1544051,99878,1.37,0.2
237,2026-05-15 22:45:29,2,q2,0,9,10,348,295,395,388,6,7,0,0,0,21,680157,0,0,284679544,2380079,7614862,0,0,4453,8,8,0,91309,91309,0,0,38659,3403,1.14,0.35
238,2026-05-15 22:45:30,2,q3,0,4,4,200,187,175,175,3,3,0,0,0,4,35702,0,0,69994472,2971453,15371138,0,0,89,1,1,0,8279,8279,0,0,8279,89,0.88,0.2
239,2026-05-15 22:45:31,2,q4,0,19,123,1806,5239,22198,15955,150,173,0,256,0,5181,609398,0,0,23149964296,5287434,62185976,0,0,10424391,445,445,0,277816112,277816112,0,0,131839186,5088880,12.29,1.81
240,2026-05-15 22:45:34,2,q5,0,10,15,420,774,1083,1030,13,17,0,0,0,40,1650783,0,0,494330152,6348873,41651027,0,0,1515,9,9,0,100764,100764,0,0,100764,1515,2.58,0.42
241,2026-05-15 22:45:36,2,q5a,0,13,20,630,845,1205,1046,22,24,0,17,0,53,1650826,0,0,1033298024,6348873,41651027,0,0,3255,20,20,0,237079,237079,0,0,139181,2005,1.91,0.63
242,2026-05-15 22:45:38,2,q6,0,12,28,539,663,2608,2459,34,33,0,0,0,124,1041019,0,0,1474212376,3212502,9340384,0,0,2786107,37,37,0,24510239,24510239,0,0,24510239,2786107,4.84,0.54
243,2026-05-15 22:45:39,2,q7,0,4,4,12,17,9,9,0,0,0,0,0,0,142714,0,0,0,18300,252034,0,0,0,0,0,0,0,0,0,0,0,0,0.75,0.01
244,2026-05-15 22:45:41,2,q8,0,10,10,304,270,240,240,4,4,0,0,0,15,275062,0,0,341745984,3153465,11294186,0,0,3491,4,4,0,59038,59038,0,0,59038,3491,0.79,0.3
245,2026-05-15 22:45:42,2,q9,0,31,31,328,3114,2893,2550,7,7,0,187,0,0,4825,0,0,0,43206095,97312801,0,0,15,15,15,0,946,946,0,0,946,15,8.82,0.33
246,2026-05-15 22:45:43,2,q10,0,13,29,702,1101,1469,1217,36,32,0,0,0,116,529175,0,0,778679088,7185185,10964911,0,0,826612,31,31,0,47123357,47123357,0,0,47123357,2208464,2.09,0.7
247,2026-05-15 22:45:45,2,q10a,0,11,28,664,941,1026,1029,30,30,0,0,0,111,501180,0,0,361870128,7185185,10964911,0,0,513766,25,25,0,47120004,47120004,0,0,47120004,2204076,1.55,0.66
248,2026-05-15 22:45:47,2,q11,0,14,80,1410,2910,15409,11064,122,105,0,304,0,3410,517614,0,0,14895471784,3845886,22340176,0,0,7308134,269,269,0,121055372,121055372,0,0,58048608,3603562,10.93,1.41
249,2026-05-15 22:45:49,2,q12,0,2,2,8,6,2,2,0,0,0,0,0,0,4265,0,0,0,0,77988,0,0,0,0,0,0,0,0,0,0,0,0,0.25,0.01
250,2026-05-15 22:45:50,2,q13,0,6,6,23,45,33,33,0,0,0,0,0,0,92495,0,0,0,130261,810924,0,0,0,0,0,0,0,0,0,0,0,0,1.43,0.02
251,2026-05-15 22:45:51,2,q14a,0,30,80,3198,3687,8440,7367,146,145,0,51,0,1486,734043,0,0,5323952848,15415155,57406770,0,0,6328590,124,124,0,88210545,88210545,0,0,87084141,6301174,2.64,3.2
252,2026-05-15 22:45:58,2,q14b,0,24,59,1686,2535,6626,5736,83,89,0,36,0,1111,778651,0,0,3268280944,13400321,46556414,0,0,6861513,80,80,0,97442680,97442680,0,0,51225054,4111202,3.93,1.69
253,2026-05-15 22:46:00,2,q14,0,24,59,1298,1937,3850,3301,94,94,0,0,0,1025,778651,0,0,3276309104,13400321,46556414,0,0,6851380,80,80,0,96756697,96756697,0,0,50539071,4101069,2.97,1.3
254,2026-05-15 22:46:03,2,q15,0,5,5,475,473,458,458,3,3,0,0,0,6,1041019,0,0,145379880,1664597,5413962,0,0,202,1,1,0,11828,11828,0,0,11828,202,0.96,0.48
255,2026-05-15 22:46:05,2,q16,0,8,24,738,945,5448,4908,41,34,0,0,0,69,541943,0,0,2577803232,3150218,16739594,0,0,2870561,51,51,0,39357570,39357570,0,0,39357570,2870561,7.38,0.74
256,2026-05-15 22:46:06,2,q17,0,9,25,690,913,3288,2916,36,35,0,0,0,58,6091978,0,0,2626859256,4773576,21120712,0,0,1629074,35,35,0,31753837,31753837,0,0,31753837,1629074,4.77,0.69
257,2026-05-15 22:46:08,2,q18,0,3,3,13,16,10,10,0,0,0,0,0,0,142714,0,0,0,18000,217930,0,0,0,0,0,0,0,0,0,0,0,0,0.77,0.01
258,2026-05-15 22:46:09,2,q18a,0,10,10,49,169,140,128,1,1,0,0,0,0,853740,0,0,0,409049,3071698,0,0,0,0,0,0,0,0,0,0,0,0,2.86,0.05
259,2026-05-15 22:46:11,2,q19,0,7,7,439,436,417,416,4,4,0,0,0,6,1041019,0,0,80384184,3121465,18164328,0,0,160,1,1,0,17796,17796,0,0,17796,160,0.95,0.44
260,2026-05-15 22:46:12,2,q20,0,2,2,8,6,2,2,0,0,0,0,0,0,4265,0,0,0,0,77988,0,0,0,0,0,0,0,0,0,0,0,0,0.25,0.01
261,2026-05-15 22:46:13,2,q21,0,5,5,539,524,511,505,3,3,0,0,0,10,17151,0,0,137953760,11836054,25473259,0,0,2795,1,1,0,97587,97587,0,0,97587,2795,0.95,0.54
262,2026-05-15 22:46:15,2,q22,0,5,5,7684,7669,7654,7652,3,3,0,0,0,12,803062,0,0,146947520,11836054,25380912,0,0,35968,1,1,0,1544161,1544161,0,0,1544161,35968,1.0,7.68
263,2026-05-15 22:46:23,2,q22a,0,10,14,1293,1332,1339,1302,16,17,0,23,0,53,803062,0,0,956185792,11836054,25385773,0,0,72373,14,14,0,3722976,3722976,0,0,1718132,36377,1.04,1.29
264,2026-05-15 22:46:26,2,q23a,0,16,47,2030,3834,6798,6471,76,69,0,0,0,212,1166709,0,0,3941269824,11139291,41579890,0,0,3812080,114,114,0,98368916,98368916,0,0,98366379,3812037,3.35,2.03
265,2026-05-15 22:46:29,2,q23b,0,20,68,2039,3922,7246,6955,119,115,0,0,0,225,1166709,0,0,6508186696,11239291,42252606,0,0,3908567,131,131,0,100971109,100971109,0,0,100968572,3908524,3.55,2.04
266,2026-05-15 22:46:32,2,q24,0,3,3,10,10,4,4,0,0,0,0,0,0,4390,0,0,0,12,103212,0,0,0,0,0,0,0,0,0,0,0,0,0.4,0.01
267,2026-05-15 22:46:33,2,q24a,0,3,3,10,7,1,1,0,0,0,0,0,0,4390,0,0,0,12,103212,0,0,0,0,0,0,0,0,0,0,0,0,0.1,0.01
268,2026-05-15 22:46:34,2,q24b,0,3,3,8,5,1,1,0,0,0,0,0,0,4390,0,0,0,12,103212,0,0,0,0,0,0,0,0,0,0,0,0,0.12,0.01
269,2026-05-15 22:46:36,2,q25,0,9,25,698,949,3274,2852,41,33,0,0,0,60,6124349,0,0,2626834640,4773576,30890414,0,0,1629074,35,35,0,32135493,32135493,0,0,32135493,1629074,4.69,0.7
270,2026-05-15 22:46:37,2,q26,0,4,4,10,18,13,12,0,0,0,0,0,0,142714,0,0,0,18300,252034,0,0,0,0,0,0,0,0,0,0,0,0,1.3,0.01
271,2026-05-15 22:46:38,2,q27,0,3,3,5,9,4,4,0,0,0,0,0,0,4712,0,0,0,12,98390,0,0,0,0,0,0,0,0,0,0,0,0,0.8,0.0
272,2026-05-15 22:46:40,2,q27a,0,7,7,22,41,25,24,0,0,0,0,0,0,142714,0,0,0,109073,694440,0,0,0,0,0,0,0,0,0,0,0,0,1.14,0.02
273,2026-05-15 22:46:41,2,q28,0,18,18,435,2063,2005,1957,13,12,0,0,0,79,8261,0,0,808451808,17282424,105885000,0,0,47107,12,12,0,769812,769812,0,0,769812,47107,4.61,0.44
274,2026-05-15 22:46:42,2,q29,0,10,26,640,880,2820,2507,32,30,0,0,0,58,6091978,0,0,2626942080,4846625,21600490,0,0,1629074,35,35,0,31753942,31753942,0,0,31753942,1629074,4.41,0.64
275,2026-05-15 22:46:44,2,q30,0,12,21,184,371,390,369,44,36,0,0,0,51,402833,0,0,503073576,466575,5793548,0,0,126097,23,23,0,11161609,11161609,0,0,11161609,126097,2.12,0.18
276,2026-05-15 22:46:45,2,q31,0,19,19,487,1495,1406,1385,9,9,0,0,0,92,772216,0,0,1178381960,11068511,40663962,0,0,11385,9,9,0,441163,441163,0,0,368336,9860,2.89,0.49
277,2026-05-15 22:46:47,2,q32,0,7,7,173,262,245,245,1,1,0,0,0,12,130384,0,0,72235152,2974145,14139570,0,0,9308,3,3,0,150123,150123,0,0,150123,9308,1.42,0.17
278,2026-05-15 22:46:48,2,q33,0,3,3,8,12,7,7,0,0,0,0,0,0,97723,0,0,0,50000,292044,0,0,0,0,0,0,0,0,0,0,0,0,0.88,0.01
279,2026-05-15 22:46:49,2,q34,0,3,3,10,11,6,6,0,0,0,0,0,0,4390,0,0,0,12,29396,0,0,0,0,0,0,0,0,0,0,0,0,0.6,0.01
280,2026-05-15 22:46:50,2,q35,0,14,29,675,1121,3207,2807,30,31,0,40,0,315,495712,0,0,1189007520,7185185,10831699,0,0,2572181,37,37,0,24618550,24618550,0,0,24618550,2572181,4.75,0.68
281,2026-05-15 22:46:52,2,q35a,0,12,28,502,850,1795,1483,25,29,0,0,0,593,469728,0,0,1190304816,7185185,10831699,0,0,2571909,37,37,0,24612692,24612692,0,0,24612692,2571909,3.58,0.5
282,2026-05-15 22:46:53,2,q36,0,6,6,448,428,411,411,4,4,0,0,0,7,272632,0,0,208354816,2971465,24377782,0,0,266,2,2,0,19035,19035,0,0,19035,266,0.92,0.45
283,2026-05-15 22:46:55,2,q36a,0,9,11,467,406,403,381,12,13,0,0,0,18,272632,0,0,747322688,2971465,24377782,0,0,641,9,9,0,56190,56190,0,0,32454,399,0.86,0.47
284,2026-05-15 22:46:57,2,q37,0,5,5,673,517,496,496,1,1,0,0,0,1,7229608,0,0,69874856,13277597,28516680,0,0,1,1,1,0,253,253,0,0,253,1,0.74,0.67
285,2026-05-15 22:46:58,2,q38,0,9,9,378,641,609,608,3,3,0,0,0,32,2491099,0,0,595902608,5214385,5292406,0,0,91194,4,4,0,2289264,2289264,0,0,2289264,91194,1.61,0.38
286,2026-05-15 22:47:00,2,q39a,0,10,10,772,1291,1255,1253,9,9,0,0,0,32,96649,0,0,418997912,23654103,50327687,0,0,135243,4,4,0,3309465,3309465,0,0,2213545,90243,1.63,0.77
287,2026-05-15 22:47:02,2,q39b,0,10,10,600,1042,990,941,24,6,0,36,0,23,96649,0,0,418743960,23654103,50327687,0,0,135014,4,4,0,3289055,3289055,0,0,2193135,90014,1.65,0.6
288,2026-05-15 22:47:03,2,q40,0,6,6,291,265,245,243,3,3,0,0,0,9,2150491,0,0,154730976,1676669,9123221,0,0,534,1,1,0,31932,31932,0,0,31932,534,0.84,0.29
289,2026-05-15 22:47:05,2,q41,0,2,2,19,18,13,13,1,1,0,0,0,0,5257,0,0,262144,0,77988,0,0,0,0,0,0,0,0,0,0,0,0,0.68,0.02
290,2026-05-15 22:47:06,2,q42,0,4,4,183,172,159,153,3,3,0,0,0,2,14303,0,0,69746904,2971453,15426498,0,0,10,1,1,0,925,925,0,0,925,10,0.87,0.18
291,2026-05-15 22:47:07,2,q43,0,4,4,281,260,247,247,4,4,0,0,0,1,14303,0,0,69733304,2953465,7454094,0,0,6,1,1,0,618,618,0,0,618,6,0.88,0.28
292,2026-05-15 22:47:08,2,q44,0,8,8,308,289,264,264,4,4,0,0,0,11,299186,0,0,478831784,5778808,25054758,0,0,36021,5,5,0,574234,574234,0,0,287345,18022,0.86,0.31
293,2026-05-15 22:47:10,2,q45,0,7,7,158,170,153,152,2,2,0,0,0,2,1041019,0,0,146573480,978433,4965496,0,0,19,1,1,0,1799,1799,0,0,1799,19,0.97,0.16
294,2026-05-15 22:47:11,2,q46,0,7,7,509,549,523,504,4,4,0,0,0,10,3101862,0,0,164973472,3110665,19329222,0,0,10081,1,1,0,430760,430760,0,0,430760,10081,1.03,0.51
295,2026-05-15 22:47:12,2,q47,0,11,17,1029,1423,2140,2073,23,20,0,0,0,101,399015,0,0,1569865232,2971465,13075570,0,0,499240,30,30,0,15789663,15789663,0,0,11851696,370924,2.08,1.03
296,2026-05-15 22:47:15,2,q48,0,5,5,22,37,25,25,0,0,0,0,0,0,115374,0,0,0,123061,788456,0,0,0,0,0,0,0,0,0,0,0,0,1.14,0.02
297,2026-05-15 22:47:16,2,q49,0,12,14,454,671,684,639,16,17,0,0,0,14,103233,0,0,814727624,5617729,52835116,0,0,170,9,9,0,11817,11817,0,0,11817,170,1.51,0.45
298,2026-05-15 22:47:17,2,q50,0,6,6,540,465,441,433,4,4,0,0,0,1,4389332,0,0,156298224,3314028,12356584,0,0,6,1,1,0,1447,1447,0,0,1447,6,0.82,0.54
299,2026-05-15 22:47:19,2,q51,0,10,43,830,1126,4213,4032,62,58,0,0,0,450,263945,0,0,3625456128,3672837,15502850,0,0,2523869,299,299,0,43438446,43438446,0,0,43438446,2523869,5.08,0.83
300,2026-05-15 22:47:21,2,q51a,0,14,74,2255,3106,26167,23602,128,125,0,926,0,809,1761555,0,0,11902151584,3672837,15502850,0,0,4889102,693,693,0,83968631,83968631,0,0,61032787,3644888,11.6,2.26
301,2026-05-15 22:47:24,2,q52,0,4,4,197,186,173,172,2,2,0,0,0,5,14303,0,0,69746904,2971453,15427078,0,0,109,1,1,0,9739,9739,0,0,9739,109,0.88,0.2
302,2026-05-15 22:47:25,2,q53,0,3,3,10,10,5,5,0,0,0,0,0,0,4390,0,0,0,12,95228,0,0,0,0,0,0,0,0,0,0,0,0,0.5,0.01
303,2026-05-15 22:47:26,2,q54,0,3,3,13,12,6,5,0,0,0,0,0,0,4323,0,0,0,12,92648,0,0,0,0,0,0,0,0,0,0,0,0,0.46,0.01
304,2026-05-15 22:47:27,2,q55,0,4,4,181,168,157,157,2,2,0,0,0,5,14303,0,0,69746904,2971453,15427078,0,0,104,1,1,0,8981,8981,0,0,8981,104,0.87,0.18
305,2026-05-15 22:47:29,2,q56,0,3,3,8,13,8,8,0,0,0,0,0,0,97723,0,0,0,50000,290184,0,0,0,0,0,0,0,0,0,0,0,0,1.0,0.01
306,2026-05-15 22:47:30,2,q57,0,9,9,668,735,703,697,6,6,0,0,0,33,497206,0,0,550911816,1532603,6083188,0,0,160920,5,5,0,4348229,4348229,0,0,2602187,96552,1.05,0.67
307,2026-05-15 22:47:32,2,q58,0,10,10,356,648,618,613,5,5,0,0,0,30,142714,0,0,612801360,5278483,26522362,0,0,17396,3,3,0,287209,287209,0,0,287209,17396,1.74,0.36
308,2026-05-15 22:47:33,2,q59,0,10,10,412,416,387,387,5,5,0,0,0,27,680157,0,0,211152528,3099575,7749954,0,0,7524,4,4,0,133338,133338,0,0,89016,5952,0.94,0.41
309,2026-05-15 22:47:34,2,q60,0,3,3,9,11,6,6,0,0,0,0,0,0,97723,0,0,0,50000,292044,0,0,0,0,0,0,0,0,0,0,0,0,0.67,0.01
310,2026-05-15 22:47:36,2,q61,0,8,8,27,59,42,38,0,0,0,0,0,0,1041019,0,0,0,223361,1238710,0,0,0,0,0,0,0,0,0,0,0,0,1.56,0.03
311,2026-05-15 22:47:37,2,q62,0,6,6,256,242,227,221,3,3,0,0,0,6,19887,0,0,138939640,792488,2839194,0,0,150,1,1,0,17537,17537,0,0,17537,150,0.89,0.26
312,2026-05-15 22:47:38,2,q63,0,3,3,11,11,6,6,0,0,0,0,0,0,4390,0,0,0,12,95228,0,0,0,0,0,0,0,0,0,0,0,0,0.55,0.01
313,2026-05-15 22:47:39,2,q64,0,10,10,49,118,93,88,0,0,0,0,0,0,2136530,0,0,0,276679,1633370,0,0,0,0,0,0,0,0,0,0,0,0,1.9,0.05
314,2026-05-15 22:47:41,2,q65,0,8,8,367,570,544,543,5,5,0,0,0,23,1704512,0,0,420104560,5851869,26099826,0,0,107998,3,3,0,1644480,1644480,0,0,1644480,107998,1.48,0.37
315,2026-05-15 22:47:42,2,q66,0,3,3,10,11,4,4,0,0,0,0,0,0,4611,0,0,0,25,13305,0,0,0,0,0,0,0,0,0,0,0,0,0.4,0.01
316,2026-05-15 22:47:43,2,q67,0,6,22,2556,2530,8414,7821,41,32,0,12,0,140,803062,0,0,2613197504,2971465,15896536,0,0,523804,34,34,0,35032320,35032320,0,0,35032320,523804,3.29,2.56
317,2026-05-15 22:47:47,2,q67a,0,14,153,2533,8353,25706,20082,237,253,0,336,0,4395,803062,0,0,19188032472,2971465,15896536,0,0,3913413,393,393,0,254672067,254672067,0,0,74909707,1194405,10.15,2.53
318,2026-05-15 22:47:51,2,q68,0,7,7,451,479,454,454,3,3,0,0,0,10,3101862,0,0,97597832,3110665,30558942,0,0,2221,1,1,0,125465,125465,0,0,125465,2221,1.01,0.45
319,2026-05-15 22:47:52,2,q69,0,14,30,630,949,1740,1527,34,30,0,0,0,184,525742,0,0,100986912,7185185,10862924,0,0,2160682,39,39,0,41534653,41534653,0,0,41534653,2160682,2.76,0.63
320,2026-05-15 22:47:54,2,q70,0,9,9,556,500,473,466,6,6,0,0,0,10,25220,0,0,408034064,5833881,20482262,0,0,19,4,4,0,840,840,0,0,840,19,0.85,0.56
321,2026-05-15 22:47:55,2,q70a,0,12,14,618,501,491,475,12,14,0,0,0,10,84465,0,0,812784240,5833881,20482262,0,0,24,11,11,0,1381,1381,0,0,1169,22,0.79,0.62
322,2026-05-15 22:47:57,2,q71,0,4,4,19,34,27,26,0,0,0,0,0,0,10559,0,0,0,177449,964204,0,0,0,0,0,0,0,0,0,0,0,0,1.42,0.02
323,2026-05-15 22:47:58,2,q72,0,5,5,22,40,23,19,0,0,0,0,0,0,7807,0,0,0,73354,641691,0,0,0,0,0,0,0,0,0,0,0,0,1.05,0.02
324,2026-05-15 22:47:59,2,q73,0,3,3,10,9,5,5,0,0,0,0,0,0,4390,0,0,0,12,29396,0,0,0,0,0,0,0,0,0,0,0,0,0.5,0.01
325,2026-05-15 22:48:00,2,q74,0,11,11,584,1340,1296,1296,7,7,0,0,0,50,2987500,0,0,822149272,7445674,27918216,0,0,98902,4,4,0,3653467,3653467,0,0,3653467,98902,2.22,0.58
326,2026-05-15 22:48:02,2,q75,0,1,1,1,1,0,0,0,0,0,0,0,0,731,0,0,0,0,0,0,0,0,0,0,0,0,0,0,0,0,0,0.0,0.0
327,2026-05-15 22:48:03,2,q76,0,4,6,227,195,337,318,6,6,0,0,0,19,381530,0,0,290543480,5132385,27496014,0,0,509,3,3,0,45030,45030,0,0,45030,509,1.48,0.23
328,2026-05-15 22:48:05,2,q77,0,14,16,311,654,635,609,17,17,0,0,0,17,121458,0,0,687344520,5617801,37066317,0,0,133,9,9,0,12378,12378,0,0,12378,133,2.04,0.31
329,2026-05-15 22:48:06,2,q77a,0,17,21,436,662,653,627,19,20,0,0,0,23,141450,0,0,1226312384,5617801,37066317,0,0,245,20,20,0,28150,28150,0,0,16928,165,1.5,0.44
330,2026-05-15 22:48:08,2,q78,0,11,28,950,1690,4317,3889,115,68,0,24,0,53,3106243,0,0,5970598464,5690778,42936082,0,0,872646,35,35,0,20939025,20939025,0,0,20939025,872646,4.54,0.95
331,2026-05-15 22:48:10,2,q79,0,6,6,414,428,410,402,4,4,0,0,0,10,2491099,0,0,155522160,3060665,18856906,0,0,7013,1,1,0,231553,231553,0,0,231553,7013,0.99,0.41
332,2026-05-15 22:48:11,2,q80,0,14,16,648,1056,1031,1012,13,13,0,0,0,25,5685107,0,0,745311640,5647789,58410183,0,0,856,6,6,0,70474,70474,0,0,70474,856,1.59,0.65
333,2026-05-15 22:48:13,2,q80a,0,17,21,682,940,920,891,19,21,0,0,0,37,5685107,0,0,1217170672,5647789,58410183,0,0,1883,17,17,0,173167,173167,0,0,98845,1133,1.35,0.68
334,2026-05-15 22:48:15,2,q81,0,11,11,222,424,384,348,6,6,0,0,0,36,4042611,0,0,499810360,611183,5479356,0,0,56347,4,4,0,1209586,1209586,0,0,1209586,56347,1.73,0.22
335,2026-05-15 22:48:16,2,q82,0,6,16,502,770,976,822,19,16,0,0,0,29,193440,0,0,299565576,14716453,31619372,0,0,669668,15,15,0,11943569,11943569,0,0,11943569,2880440,1.94,0.5
336,2026-05-15 22:48:18,2,q83,0,10,10,209,250,222,219,4,4,0,0,0,34,142714,0,0,412166496,740491,3792640,0,0,4250,3,3,0,93519,93519,0,0,93519,4250,1.06,0.21
337,2026-05-15 22:48:19,2,q84,0,6,6,384,185,162,162,2,2,0,0,0,0,9704788,0,0,102472224,2365534,7790382,0,0,0,0,0,0,0,0,0,0,0,0,0.42,0.38
338,2026-05-15 22:48:21,2,q85,0,4,4,13,14,6,6,0,0,0,0,0,0,5264,0,0,0,95,85836,0,0,0,0,0,0,0,0,0,0,0,0,0.46,0.01
339,2026-05-15 22:48:22,2,q86,0,5,5,187,168,151,151,3,3,0,0,0,7,272632,0,0,207306152,810433,4278230,0,0,266,2,2,0,17966,17966,0,0,17966,266,0.81,0.19
340,2026-05-15 22:48:23,2,q86a,0,8,10,228,179,182,164,7,7,0,0,0,18,272632,0,0,746274016,810433,4278230,0,0,641,9,9,0,51729,51729,0,0,30007,399,0.8,0.23
341,2026-05-15 22:48:24,2,q87,0,9,9,367,638,609,609,3,3,0,0,0,32,2491099,0,0,595902608,5214385,5292406,0,0,91194,4,4,0,2289264,2289264,0,0,2289264,91194,1.66,0.37
342,2026-05-15 22:48:26,2,q88,0,26,26,356,1842,1784,1627,0,0,0,117,0,0,14716,0,0,25741888,23741644,23037948,0,0,8,8,8,0,472,472,0,0,472,8,5.01,0.36
343,2026-05-15 22:48:27,2,q89,0,3,3,11,11,6,6,0,0,0,0,0,0,4503,0,0,0,12,95228,0,0,0,0,0,0,0,0,0,0,0,0,0.55,0.01
344,2026-05-15 22:48:28,2,q90,0,8,8,122,190,176,175,0,0,0,0,0,0,40754,0,0,6472208,1618828,2758860,0,0,2,2,2,0,118,118,0,0,118,2,1.44,0.12
345,2026-05-15 22:48:30,2,q91,0,6,6,13,37,27,27,0,0,0,0,0,0,32830,0,0,0,130255,673982,0,0,0,0,0,0,0,0,0,0,0,0,2.08,0.01
346,2026-05-15 22:48:31,2,q92,0,7,7,149,194,178,177,0,0,0,0,0,12,121704,0,0,72236048,1529817,8191922,0,0,9069,3,3,0,143446,143446,0,0,143446,9069,1.19,0.15
347,2026-05-15 22:48:32,2,q93,0,2,2,9,6,3,3,0,0,0,0,0,0,4265,0,0,0,0,3821,0,0,0,0,0,0,0,0,0,0,0,0,0.33,0.01
348,2026-05-15 22:48:33,2,q94,0,5,5,19,38,30,30,0,0,0,0,0,0,259989,0,0,0,194812,843731,0,0,0,0,0,0,0,0,0,0,0,0,1.58,0.02
349,2026-05-15 22:48:34,2,q95,0,5,5,17,43,34,34,0,0,0,0,0,0,260045,0,0,0,194812,843731,0,0,0,0,0,0,0,0,0,0,0,0,2.0,0.02
350,2026-05-15 22:48:35,2,q96,0,5,5,148,145,136,136,0,0,0,0,0,0,13366,0,0,3192904,2974016,2914488,0,0,1,1,1,0,59,59,0,0,59,1,0.92,0.15
351,2026-05-15 22:48:36,2,q97,0,5,12,512,646,1897,1805,8,8,0,0,0,34,126552,0,0,2342261680,4395001,11804290,0,0,834974,24,24,0,8658863,8658863,0,0,8658863,834974,3.71,0.51
352,2026-05-15 22:48:38,2,q98,0,2,2,7,5,2,2,0,0,0,0,0,0,4265,0,0,0,0,77988,0,0,0,0,0,0,0,0,0,0,0,0,0.29,0.01
353,2026-05-15 22:48:39,2,q99,0,6,6,290,277,260,260,2,2,0,0,0,4,19887,0,0,138939448,1514628,3900461,0,0,90,1,1,0,11250,11250,0,0,11250,90,0.9,0.29
354,2026-05-15 22:48:40,3,q1,0,8,8,191,296,271,269,4,4,0,0,0,23,1017955,0,0,422333440,748089,4842446,0,0,99878,3,3,0,1544051,1544051,0,0,1544051,99878,1.42,0.19
355,2026-05-15 22:48:42,3,q2,0,9,10,332,282,387,372,7,7,0,0,0,20,680157,0,0,284679544,2380079,7614862,0,0,4453,8,8,0,91309,91309,0,0,38659,3403,1.17,0.33
356,2026-05-15 22:48:43,3,q3,0,4,4,197,183,173,172,2,2,0,0,0,4,35702,0,0,69994472,2971453,15371138,0,0,89,1,1,0,8279,8279,0,0,8279,89,0.88,0.2
357,2026-05-15 22:48:44,3,q4,0,19,123,1872,5507,23369,17151,133,159,0,240,0,5143,609398,0,0,23149964296,5287434,62185976,0,0,10424391,445,445,0,277816112,277816112,0,0,131839186,5088880,12.48,1.87
358,2026-05-15 22:48:47,3,q5,0,10,15,426,769,1067,1034,11,14,0,0,0,41,1650783,0,0,494330152,6348873,41651027,0,0,1515,9,9,0,100764,100764,0,0,100764,1515,2.5,0.43
359,2026-05-15 22:48:49,3,q5a,0,13,20,657,901,1213,1137,25,27,0,36,0,53,1650826,0,0,1033298024,6348873,41651027,0,0,3255,20,20,0,237079,237079,0,0,139181,2005,1.85,0.66
360,2026-05-15 22:48:51,3,q6,0,12,28,545,678,2720,2569,35,31,0,0,0,120,1041019,0,0,1474212376,3212502,9340384,0,0,2786107,37,37,0,24510239,24510239,0,0,24510239,2786107,4.99,0.55
361,2026-05-15 22:48:52,3,q7,0,4,4,10,18,9,9,0,0,0,0,0,0,142714,0,0,0,18300,252034,0,0,0,0,0,0,0,0,0,0,0,0,0.9,0.01
362,2026-05-15 22:48:53,3,q8,0,10,10,303,274,240,240,6,6,0,0,0,15,275062,0,0,341745984,3153465,11294186,0,0,3491,4,4,0,59038,59038,0,0,59038,3491,0.79,0.3
363,2026-05-15 22:48:55,3,q9,0,31,31,318,3172,3010,2335,13,13,0,91,0,0,4868,0,0,0,43206095,97312801,0,0,15,15,15,0,946,946,0,0,946,15,9.47,0.32
364,2026-05-15 22:48:56,3,q10,0,13,29,696,1044,1419,1166,35,32,0,0,0,116,529175,0,0,778679088,7185185,10964911,0,0,826612,31,31,0,47123357,47123357,0,0,47123357,2208464,2.04,0.7
365,2026-05-15 22:48:58,3,q10a,0,11,28,664,925,997,995,30,30,0,0,0,111,501180,0,0,361870128,7185185,10964911,0,0,513766,25,25,0,47120004,47120004,0,0,47120004,2204076,1.5,0.66
366,2026-05-15 22:49:00,3,q11,0,14,80,1329,2780,15035,10865,109,105,0,304,0,3300,517614,0,0,14895471784,3845886,22340176,0,0,7308134,269,269,0,121055372,121055372,0,0,58048608,3603562,11.31,1.33
367,2026-05-15 22:49:02,3,q12,0,2,2,7,5,2,2,0,0,0,0,0,0,4265,0,0,0,0,77988,0,0,0,0,0,0,0,0,0,0,0,0,0.29,0.01
368,2026-05-15 22:49:03,3,q13,0,6,6,23,44,32,32,0,0,0,0,0,0,92495,0,0,0,130261,810924,0,0,0,0,0,0,0,0,0,0,0,0,1.39,0.02
369,2026-05-15 22:49:04,3,q14a,0,30,80,3422,3884,10010,8292,138,145,0,346,0,1719,734731,0,0,5323952848,15415155,57406770,0,0,6328590,124,124,0,88210545,88210545,0,0,87084141,6301174,2.93,3.42
370,2026-05-15 22:49:10,3,q14b,0,24,59,1667,2462,6789,5812,105,84,0,0,0,1223,778651,0,0,3268280944,13400321,46556414,0,0,6861513,80,80,0,97442680,97442680,0,0,51225054,4111202,4.07,1.67
371,2026-05-15 22:49:13,3,q14,0,24,59,1327,2022,4851,3560,91,92,0,336,0,1472,779339,0,0,3276309104,13400321,46556414,0,0,6851380,80,80,0,96756697,96756697,0,0,50539071,4101069,3.66,1.33
372,2026-05-15 22:49:16,3,q15,0,5,5,470,467,453,452,3,3,0,0,0,6,1041019,0,0,145379880,1664597,5413962,0,0,202,1,1,0,11828,11828,0,0,11828,202,0.96,0.47
373,2026-05-15 22:49:18,3,q16,0,8,24,730,920,5274,4684,42,33,0,0,0,67,541943,0,0,2577803232,3150218,16739594,0,0,2870561,51,51,0,39357570,39357570,0,0,39357570,2870561,7.22,0.73
374,2026-05-15 22:49:19,3,q17,0,9,25,691,919,3145,2658,39,35,0,0,0,59,6091978,0,0,2626859256,4773576,21120712,0,0,1629074,35,35,0,31753837,31753837,0,0,31753837,1629074,4.55,0.69
375,2026-05-15 22:49:21,3,q18,0,4,4,11,25,18,18,0,0,0,0,0,0,142714,0,0,0,91049,563828,0,0,0,0,0,0,0,0,0,0,0,0,1.64,0.01
376,2026-05-15 22:49:22,3,q18a,0,10,10,39,121,97,95,0,0,0,0,0,0,853740,0,0,0,409049,3071698,0,0,0,0,0,0,0,0,0,0,0,0,2.49,0.04
377,2026-05-15 22:49:23,3,q19,0,7,7,432,430,410,409,4,4,0,0,0,6,1041019,0,0,80384184,3121465,18164328,0,0,160,1,1,0,17796,17796,0,0,17796,160,0.95,0.43
378,2026-05-15 22:49:25,3,q20,0,2,2,8,6,3,3,0,0,0,0,0,0,4265,0,0,0,0,77988,0,0,0,0,0,0,0,0,0,0,0,0,0.38,0.01
379,2026-05-15 22:49:26,3,q21,0,5,5,553,540,528,528,3,3,0,0,0,10,17151,0,0,137953760,11836054,25473259,0,0,2795,1,1,0,97587,97587,0,0,97587,2795,0.95,0.55
380,2026-05-15 22:49:28,3,q22,0,5,5,7811,7797,7781,7761,4,4,0,18,0,12,803062,0,0,146947520,11836054,25380912,0,0,35968,1,1,0,1544161,1544161,0,0,1544161,35968,1.0,7.81
381,2026-05-15 22:49:36,3,q22a,0,10,14,1248,1307,1316,1316,19,20,0,0,0,49,803062,0,0,956185792,11836054,25385773,0,0,72373,14,14,0,3722976,3722976,0,0,1718132,36377,1.05,1.25
382,2026-05-15 22:49:39,3,q23a,0,16,47,2094,3912,7566,7226,81,68,0,40,0,209,1166709,0,0,3941269824,11139291,41579890,0,0,3812080,114,114,0,98368916,98368916,0,0,98366379,3812037,3.61,2.09
383,2026-05-15 22:49:42,3,q23b,0,20,68,2108,4035,7272,6960,123,114,0,40,0,228,1166709,0,0,6508186696,11239291,42252606,0,0,3908567,131,131,0,100971109,100971109,0,0,100968572,3908524,3.45,2.11
384,2026-05-15 22:49:45,3,q24,0,3,3,8,11,4,4,0,0,0,0,0,0,4390,0,0,0,12,103212,0,0,0,0,0,0,0,0,0,0,0,0,0.5,0.01
385,2026-05-15 22:49:46,3,q24a,0,3,3,6,7,1,1,0,0,0,0,0,0,4390,0,0,0,12,103212,0,0,0,0,0,0,0,0,0,0,0,0,0.17,0.01
386,2026-05-15 22:49:48,3,q24b,0,3,3,7,7,2,1,0,0,0,0,0,0,4390,0,0,0,12,103212,0,0,0,0,0,0,0,0,0,0,0,0,0.29,0.01
387,2026-05-15 22:49:49,3,q25,0,9,25,747,1015,3320,2813,35,30,0,0,0,60,6124349,0,0,2626834640,4773576,30890414,0,0,1629074,35,35,0,32135493,32135493,0,0,32135493,1629074,4.44,0.75
388,2026-05-15 22:49:50,3,q26,0,5,5,10,28,19,19,0,0,0,0,0,0,142714,0,0,0,91349,597932,0,0,0,0,0,0,0,0,0,0,0,0,1.9,0.01
389,2026-05-15 22:49:52,3,q27,0,3,3,5,8,3,3,0,0,0,0,0,0,4712,0,0,0,12,98390,0,0,0,0,0,0,0,0,0,0,0,0,0.6,0.0
390,2026-05-15 22:49:53,3,q27a,0,7,7,29,50,34,28,0,0,0,0,0,0,142714,0,0,0,109073,694440,0,0,0,0,0,0,0,0,0,0,0,0,1.17,0.03
391,2026-05-15 22:49:54,3,q28,0,18,18,428,2103,2050,1905,8,8,0,138,0,86,8261,0,0,808451808,17282424,105885000,0,0,47107,12,12,0,769812,769812,0,0,769812,47107,4.79,0.43
392,2026-05-15 22:49:55,3,q29,0,10,26,663,902,3190,2895,37,32,0,0,0,58,6091978,0,0,2626942080,4846625,21600490,0,0,1629074,35,35,0,31753942,31753942,0,0,31753942,1629074,4.81,0.66
393,2026-05-15 22:49:57,3,q30,0,12,21,188,373,397,378,44,33,0,0,0,51,402833,0,0,503073576,466575,5793548,0,0,126097,23,23,0,11161609,11161609,0,0,11161609,126097,2.11,0.19
394,2026-05-15 22:49:58,3,q31,0,19,19,462,1549,1490,1345,10,10,0,46,0,108,772216,0,0,1178381960,11068511,40663962,0,0,11385,9,9,0,441163,441163,0,0,368336,9860,3.23,0.46
395,2026-05-15 22:50:00,3,q32,0,7,7,197,284,267,266,1,1,0,0,0,12,130384,0,0,72235152,2974145,14139570,0,0,9308,3,3,0,150123,150123,0,0,150123,9308,1.36,0.2
396,2026-05-15 22:50:01,3,q33,0,2,2,7,5,2,2,0,0,0,0,0,0,4265,0,0,0,0,77988,0,0,0,0,0,0,0,0,0,0,0,0,0.29,0.01
397,2026-05-15 22:50:02,3,q34,0,3,3,8,9,5,5,0,0,0,0,0,0,4390,0,0,0,12,29396,0,0,0,0,0,0,0,0,0,0,0,0,0.62,0.01
398,2026-05-15 22:50:03,3,q35,0,14,29,600,1009,2318,1973,36,35,0,0,0,471,495712,0,0,1189007520,7185185,10831699,0,0,2572181,37,37,0,24618550,24618550,0,0,24618550,2572181,3.86,0.6
399,2026-05-15 22:50:05,3,q35a,0,12,28,493,802,1669,1454,28,29,0,0,0,556,469728,0,0,1190304816,7185185,10831699,0,0,2571909,37,37,0,24612692,24612692,0,0,24612692,2571909,3.39,0.49
400,2026-05-15 22:50:06,3,q36,0,6,6,443,419,404,404,3,3,0,0,0,7,272632,0,0,208354816,2971465,24377782,0,0,266,2,2,0,19035,19035,0,0,19035,266,0.91,0.44
401,2026-05-15 22:50:08,3,q36a,0,9,11,464,406,403,390,11,11,0,0,0,19,272632,0,0,747322688,2971465,24377782,0,0,641,9,9,0,56190,56190,0,0,32454,399,0.87,0.46
402,2026-05-15 22:50:09,3,q37,0,5,5,654,508,485,484,5,5,0,0,0,1,7229608,0,0,69874856,13277597,28516680,0,0,1,1,1,0,253,253,0,0,253,1,0.74,0.65
403,2026-05-15 22:50:11,3,q38,0,9,9,401,689,659,659,4,4,0,0,0,32,2491099,0,0,595902608,5214385,5292406,0,0,91194,4,4,0,2289264,2289264,0,0,2289264,91194,1.64,0.4
404,2026-05-15 22:50:13,3,q39a,0,10,10,746,1253,1220,1220,9,9,0,0,0,33,96649,0,0,418997912,23654103,50327687,0,0,135243,4,4,0,3309352,3309352,0,0,2213547,90243,1.64,0.75
405,2026-05-15 22:50:14,3,q39b,0,10,10,683,1180,1123,1086,8,8,0,20,0,22,96649,0,0,418743960,23654103,50327687,0,0,135014,4,4,0,3289055,3289055,0,0,2193135,90014,1.64,0.68
406,2026-05-15 22:50:16,3,q40,0,6,6,337,307,286,286,3,3,0,0,0,9,2150491,0,0,154730976,1676669,9123221,0,0,534,1,1,0,31932,31932,0,0,31932,534,0.85,0.34
407,2026-05-15 22:50:18,3,q41,0,2,2,24,23,18,18,1,1,0,0,0,0,5257,0,0,262144,0,77988,0,0,0,0,0,0,0,0,0,0,0,0,0.75,0.02
408,2026-05-15 22:50:19,3,q42,0,4,4,173,160,150,150,3,3,0,0,0,2,14303,0,0,69746904,2971453,15426498,0,0,10,1,1,0,925,925,0,0,925,10,0.87,0.17
409,2026-05-15 22:50:20,3,q43,0,4,4,292,271,257,257,4,4,0,0,0,1,14303,0,0,69733304,2953465,7454094,0,0,6,1,1,0,618,618,0,0,618,6,0.88,0.29
410,2026-05-15 22:50:21,3,q44,0,8,8,305,291,264,262,5,5,0,0,0,11,299186,0,0,478831784,5778808,25054758,0,0,36021,5,5,0,574234,574234,0,0,287345,18022,0.87,0.3
411,2026-05-15 22:50:23,3,q45,0,7,7,162,179,162,162,2,2,0,0,0,2,1041019,0,0,146573480,978433,4965496,0,0,19,1,1,0,1799,1799,0,0,1799,19,1.0,0.16
412,2026-05-15 22:50:24,3,q46,0,7,7,504,531,506,497,4,4,0,0,0,11,3101862,0,0,164973472,3110665,19329222,0,0,10081,1,1,0,430760,430760,0,0,430760,10081,1.0,0.5
413,2026-05-15 22:50:25,3,q47,0,11,17,1044,1418,2134,2059,25,22,0,0,0,100,399015,0,0,1569865232,2971465,13075570,0,0,499240,30,30,0,15789663,15789663,0,0,11851696,370924,2.04,1.04
414,2026-05-15 22:50:28,3,q48,0,5,5,25,38,26,26,0,0,0,0,0,0,115374,0,0,0,123061,788456,0,0,0,0,0,0,0,0,0,0,0,0,1.04,0.02
415,2026-05-15 22:50:29,3,q49,0,12,14,507,769,779,675,14,14,0,42,0,16,103233,0,0,814727624,5617729,52835116,0,0,170,9,9,0,11817,11817,0,0,11817,170,1.54,0.51
416,2026-05-15 22:50:30,3,q50,0,6,6,513,448,426,425,4,4,0,0,0,1,4389332,0,0,156298224,3314028,12356584,0,0,6,1,1,0,1447,1447,0,0,1447,6,0.83,0.51
417,2026-05-15 22:50:32,3,q51,0,10,43,813,1141,4276,4127,50,56,0,0,0,462,263945,0,0,3625456128,3672837,15502850,0,0,2523869,299,299,0,43438446,43438446,0,0,43438446,2523869,5.26,0.81
418,2026-05-15 22:50:34,3,q51a,0,14,74,2377,3110,26497,24370,120,128,0,606,0,776,1761555,0,0,11902151584,3672837,15502850,0,0,4889102,693,693,0,83968631,83968631,0,0,61032787,3644888,11.15,2.38
419,2026-05-15 22:50:37,3,q52,0,4,4,190,174,161,161,3,3,0,0,0,5,14303,0,0,69746904,2971453,15427078,0,0,109,1,1,0,9739,9739,0,0,9739,109,0.85,0.19
420,2026-05-15 22:50:38,3,q53,0,3,3,12,11,6,6,0,0,0,0,0,0,4390,0,0,0,12,95228,0,0,0,0,0,0,0,0,0,0,0,0,0.5,0.01
421,2026-05-15 22:50:39,3,q54,0,3,3,9,11,5,5,0,0,0,0,0,0,4323,0,0,0,12,92648,0,0,0,0,0,0,0,0,0,0,0,0,0.56,0.01
422,2026-05-15 22:50:41,3,q55,0,4,4,192,181,169,169,3,3,0,0,0,5,14303,0,0,69746904,2971453,15427078,0,0,104,1,1,0,8981,8981,0,0,8981,104,0.88,0.19
423,2026-05-15 22:50:42,3,q56,0,2,2,7,4,2,2,0,0,0,0,0,0,4265,0,0,0,0,76128,0,0,0,0,0,0,0,0,0,0,0,0,0.29,0.01
424,2026-05-15 22:50:43,3,q57,0,9,9,717,784,754,710,6,6,0,22,0,33,497206,0,0,550911816,1532603,6083188,0,0,160920,5,5,0,4348229,4348229,0,0,2602187,96552,1.05,0.72
425,2026-05-15 22:50:45,3,q58,0,10,10,368,687,657,642,6,6,0,0,0,31,142714,0,0,612801360,5278483,26522362,0,0,17396,3,3,0,287209,287209,0,0,287209,17396,1.79,0.37
426,2026-05-15 22:50:46,3,q59,0,10,10,415,420,390,388,5,5,0,0,0,26,680157,0,0,211152528,3099575,7749954,0,0,7524,4,4,0,133338,133338,0,0,89016,5952,0.94,0.42
427,2026-05-15 22:50:48,3,q60,0,3,3,10,15,8,8,0,0,0,0,0,0,97723,0,0,0,50000,292044,0,0,0,0,0,0,0,0,0,0,0,0,0.8,0.01
428,2026-05-15 22:50:49,3,q61,0,8,8,28,58,42,40,0,0,0,0,0,0,1041019,0,0,0,223361,1238710,0,0,0,0,0,0,0,0,0,0,0,0,1.5,0.03
429,2026-05-15 22:50:50,3,q62,0,6,6,253,237,222,216,3,3,0,0,0,6,19887,0,0,138939640,792488,2839194,0,0,150,1,1,0,17537,17537,0,0,17537,150,0.88,0.25
430,2026-05-15 22:50:51,3,q63,0,3,3,10,11,5,5,0,0,0,0,0,0,4390,0,0,0,12,95228,0,0,0,0,0,0,0,0,0,0,0,0,0.5,0.01
431,2026-05-15 22:50:52,3,q64,0,8,8,40,95,47,38,0,0,0,0,0,0,64767,0,0,0,153630,829390,0,0,0,0,0,0,0,0,0,0,0,0,1.18,0.04
432,2026-05-15 22:50:54,3,q65,0,8,8,363,562,538,538,4,4,0,0,0,23,1704512,0,0,420104560,5851869,26099826,0,0,107998,3,3,0,1644480,1644480,0,0,1644480,107998,1.48,0.36
433,2026-05-15 22:50:55,3,q66,0,5,5,16,35,24,24,0,0,0,0,0,0,150142,0,0,0,159474,853269,0,0,0,0,0,0,0,0,0,0,0,0,1.5,0.02
434,2026-05-15 22:50:56,3,q67,0,6,22,2430,2403,6900,6399,32,33,0,0,0,167,803062,0,0,2613197504,2971465,15896536,0,0,523804,34,34,0,35032320,35032320,0,0,35032320,523804,2.84,2.43
435,2026-05-15 22:51:00,3,q67a,0,14,153,2471,7942,24462,19345,222,249,1,176,0,4215,803062,0,0,19188032472,2971465,15896536,0,0,3913413,393,393,0,254672067,254672067,0,0,74909707,1194405,9.9,2.47
436,2026-05-15 22:51:04,3,q68,0,7,7,479,509,487,485,3,3,0,0,0,10,3101862,0,0,97597832,3110665,30558942,0,0,2221,1,1,0,125465,125465,0,0,125465,2221,1.02,0.48
437,2026-05-15 22:51:05,3,q69,0,14,30,664,1025,2091,1902,28,29,0,0,0,192,525742,0,0,100986912,7185185,10862924,0,0,2160682,39,39,0,41534653,41534653,0,0,41534653,2160682,3.15,0.66
438,2026-05-15 22:51:07,3,q70,0,9,9,516,457,429,425,6,6,0,0,0,4,25220,0,0,408034064,5833881,20482262,0,0,19,4,4,0,840,840,0,0,840,19,0.83,0.52
439,2026-05-15 22:51:08,3,q70a,0,12,14,532,423,411,395,11,12,0,0,0,10,84465,0,0,812784240,5833881,20482262,0,0,24,11,11,0,1381,1381,0,0,1169,22,0.77,0.53
440,2026-05-15 22:51:10,3,q71,0,4,4,21,39,32,31,0,0,0,0,0,0,10559,0,0,0,177449,964204,0,0,0,0,0,0,0,0,0,0,0,0,1.52,0.02
441,2026-05-15 22:51:11,3,q72,0,4,4,13,15,5,5,0,0,0,0,0,0,7060,0,0,0,305,33649,0,0,0,0,0,0,0,0,0,0,0,0,0.38,0.01
442,2026-05-15 22:51:12,3,q73,0,3,3,10,12,7,7,0,0,0,0,0,0,4390,0,0,0,12,29396,0,0,0,0,0,0,0,0,0,0,0,0,0.7,0.01
443,2026-05-15 22:51:13,3,q74,0,11,11,586,1314,1273,1270,7,7,0,0,0,48,2987500,0,0,822149272,7445674,27918216,0,0,98902,4,4,0,3653467,3653467,0,0,3653467,98902,2.17,0.59
444,2026-05-15 22:51:15,3,q75,0,1,1,1,1,0,0,0,0,0,0,0,0,731,0,0,0,0,0,0,0,0,0,0,0,0,0,0,0,0,0,0.0,0.0
445,2026-05-15 22:51:16,3,q76,0,4,6,232,199,364,340,5,5,0,0,0,18,381530,0,0,290543480,5132385,27496014,0,0,509,3,3,0,45030,45030,0,0,45030,509,1.57,0.23
446,2026-05-15 22:51:18,3,q77,0,14,16,280,554,538,517,10,10,0,0,0,20,121458,0,0,687344520,5617801,37066317,0,0,133,9,9,0,12378,12378,0,0,12378,133,1.92,0.28
447,2026-05-15 22:51:19,3,q77a,0,17,21,471,619,603,573,25,25,0,0,0,23,141450,0,0,1226312384,5617801,37066317,0,0,245,20,20,0,28150,28150,0,0,16928,165,1.28,0.47
448,2026-05-15 22:51:21,3,q78,0,11,28,900,1601,4235,3853,89,64,0,0,0,55,3106243,0,0,5970598464,5690778,42936082,0,0,872646,35,35,0,20939025,20939025,0,0,20939025,872646,4.71,0.9
449,2026-05-15 22:51:23,3,q79,0,6,6,389,406,387,386,3,3,0,0,0,10,2491099,0,0,155522160,3060665,18856906,0,0,7013,1,1,0,231553,231553,0,0,231553,7013,0.99,0.39
450,2026-05-15 22:51:24,3,q80,0,14,16,720,1166,1085,1050,25,11,0,13,0,25,5685107,0,0,745311640,5647789,58410183,0,0,856,6,6,0,70474,70474,0,0,70474,856,1.51,0.72
451,2026-05-15 22:51:26,3,q80a,0,17,21,762,1165,1098,1033,30,20,0,36,0,36,5685150,0,0,1217170672,5647789,58410183,0,0,1883,17,17,0,173167,173167,0,0,98845,1133,1.44,0.76
452,2026-05-15 22:51:28,3,q81,0,11,11,191,348,312,311,8,8,0,0,0,35,4042611,0,0,499810360,611183,5479356,0,0,56347,4,4,0,1209586,1209586,0,0,1209586,56347,1.63,0.19
453,2026-05-15 22:51:29,3,q82,0,6,16,501,770,976,828,17,16,0,0,0,29,193440,0,0,299565576,14716453,31619372,0,0,669668,15,15,0,11943569,11943569,0,0,11943569,2880440,1.95,0.5
454,2026-05-15 22:51:31,3,q83,0,10,10,262,271,236,222,4,4,0,13,0,31,142714,0,0,412100960,740491,3792640,0,0,4250,3,3,0,93519,93519,0,0,93519,4250,0.9,0.26
455,2026-05-15 22:51:32,3,q84,0,6,6,386,197,170,169,2,2,0,0,0,0,9704788,0,0,102472224,2365534,7790382,0,0,0,0,0,0,0,0,0,0,0,0,0.44,0.39
456,2026-05-15 22:51:34,3,q85,0,6,6,14,39,28,23,0,0,0,0,0,0,78602,0,0,0,123144,784242,0,0,0,0,0,0,0,0,0,0,0,0,2.0,0.01
457,2026-05-15 22:51:35,3,q86,0,5,5,187,167,149,149,3,3,0,0,0,8,272632,0,0,207306152,810433,4278230,0,0,266,2,2,0,17966,17966,0,0,17966,266,0.8,0.19
458,2026-05-15 22:51:36,3,q86a,0,8,10,261,192,190,176,9,9,0,0,0,18,272632,0,0,746274016,810433,4278230,0,0,641,9,9,0,51729,51729,0,0,30007,399,0.73,0.26
459,2026-05-15 22:51:37,3,q87,0,9,9,413,710,681,681,5,5,0,0,0,32,2491099,0,0,595902608,5214385,5292406,0,0,91194,4,4,0,2289264,2289264,0,0,2289264,91194,1.65,0.41
460,2026-05-15 22:51:39,3,q88,0,26,26,316,1730,1678,1668,0,0,0,0,0,5,14673,0,0,25741888,23741644,23037948,0,0,8,8,8,0,472,472,0,0,472,8,5.31,0.32
461,2026-05-15 22:51:40,3,q89,0,4,4,12,24,16,16,1,0,0,0,0,0,6225,0,0,0,73061,441126,0,0,0,0,0,0,0,0,0,0,0,0,1.33,0.01
462,2026-05-15 22:51:41,3,q90,0,8,8,110,176,159,158,0,0,0,0,0,0,40754,0,0,6472208,1618828,2758860,0,0,2,2,2,0,118,118,0,0,118,2,1.45,0.11
463,2026-05-15 22:51:43,3,q91,0,4,4,11,18,11,10,0,0,0,0,0,0,10610,0,0,0,7206,114028,0,0,0,0,0,0,0,0,0,0,0,0,1.0,0.01
464,2026-05-15 22:51:44,3,q92,0,7,7,143,186,172,172,0,0,0,0,0,12,121704,0,0,72236048,1529817,8191922,0,0,9069,3,3,0,143446,143446,0,0,143446,9069,1.2,0.14
465,2026-05-15 22:51:45,3,q93,0,2,2,7,5,2,2,0,0,0,0,0,0,4265,0,0,0,0,3821,0,0,0,0,0,0,0,0,0,0,0,0,0.29,0.01
466,2026-05-15 22:51:46,3,q94,0,5,5,16,42,33,33,0,0,0,0,0,0,259989,0,0,0,194812,843731,0,0,0,0,0,0,0,0,0,0,0,0,2.06,0.02
467,2026-05-15 22:51:47,3,q95,0,3,3,15,15,8,8,0,0,0,0,0,0,13479,0,0,0,50000,291575,0,0,0,0,0,0,0,0,0,0,0,0,0.53,0.02
468,2026-05-15 22:51:48,3,q96,0,5,5,163,161,152,152,0,0,0,0,0,0,13366,0,0,3192904,2974016,2914488,0,0,1,1,1,0,59,59,0,0,59,1,0.93,0.16
469,2026-05-15 22:51:49,3,q97,0,5,12,507,636,1934,1843,8,8,0,0,0,28,126552,0,0,2342261680,4395001,11804290,0,0,834974,24,24,0,8658863,8658863,0,0,8658863,834974,3.81,0.51
470,2026-05-15 22:51:51,3,q98,0,2,2,10,6,2,2,0,0,0,0,0,0,4265,0,0,0,0,77988,0,0,0,0,0,0,0,0,0,0,0,0,0.2,0.01
471,2026-05-15 22:51:52,3,q99,0,6,6,269,258,239,239,4,4,0,0,0,4,19887,0,0,138939448,1514628,3900461,0,0,90,1,1,0,11250,11250,0,0,11250,90,0.89,0.27
472,2026-05-15 22:51:53,4,q1,0,8,8,197,293,271,269,3,3,0,0,0,23,1017955,0,0,422333440,748089,4842446,0,0,99878,3,3,0,1544051,1544051,0,0,1544051,99878,1.38,0.2
473,2026-05-15 22:51:55,4,q2,0,9,10,322,270,366,358,6,7,0,0,0,20,680157,0,0,284679544,2380079,7614862,0,0,4453,8,8,0,91309,91309,0,0,38659,3403,1.14,0.32
474,2026-05-15 22:51:56,4,q3,0,4,4,206,192,180,175,3,3,0,0,0,4,35702,0,0,69994472,2971453,15371138,0,0,89,1,1,0,8279,8279,0,0,8279,89,0.87,0.21
475,2026-05-15 22:51:57,4,q4,0,19,123,1801,5475,22351,16332,148,168,1,224,0,5246,609398,0,0,23149964296,5287434,62185976,0,0,10424391,445,445,0,277816112,277816112,0,0,131839186,5088880,12.41,1.8
476,2026-05-15 22:52:00,4,q5,0,10,15,423,755,1024,987,11,16,0,0,0,40,1650783,0,0,494330152,6348873,41651027,0,0,1515,9,9,0,100764,100764,0,0,100764,1515,2.42,0.42
477,2026-05-15 22:52:02,4,q5a,0,13,20,633,913,1195,1155,20,23,0,0,0,54,1650783,0,0,1033298024,6348873,41651027,0,0,3255,20,20,0,237079,237079,0,0,139181,2005,1.89,0.63
478,2026-05-15 22:52:04,4,q6,0,12,28,571,701,3177,3030,34,30,0,0,0,132,1041019,0,0,1474212376,3212502,9340384,0,0,2786107,37,37,0,24510239,24510239,0,0,24510239,2786107,5.56,0.57
479,2026-05-15 22:52:05,4,q7,0,4,4,12,18,11,11,0,0,0,0,0,0,142714,0,0,0,18300,252034,0,0,0,0,0,0,0,0,0,0,0,0,0.92,0.01
480,2026-05-15 22:52:06,4,q8,0,10,10,360,345,285,251,21,7,0,26,0,14,275148,0,0,341745984,3153465,11294186,0,0,3491,4,4,0,59038,59038,0,0,59038,3491,0.79,0.36
481,2026-05-15 22:52:08,4,q9,0,31,31,289,2984,2878,2708,3,3,0,0,0,0,4782,0,0,0,43206095,97312801,0,0,15,15,15,0,946,946,0,0,946,15,9.96,0.29
482,2026-05-15 22:52:09,4,q10,0,13,29,722,1087,1457,1212,34,33,0,0,0,117,529175,0,0,778679088,7185185,10964911,0,0,826612,31,31,0,47123357,47123357,0,0,47123357,2208464,2.02,0.72
483,2026-05-15 22:52:11,4,q10a,0,11,28,665,1036,1173,1165,31,32,0,0,0,117,501180,0,0,361870128,7185185,10964911,0,0,513766,25,25,0,47120004,47120004,0,0,47120004,2204076,1.76,0.66
484,2026-05-15 22:52:13,4,q11,0,14,80,1417,2904,14818,11214,109,110,0,144,0,3149,517614,0,0,14895471784,3845886,22340176,0,0,7308134,269,269,0,121055372,121055372,0,0,58048608,3603562,10.46,1.42
485,2026-05-15 22:52:15,4,q12,0,2,2,9,7,4,3,0,0,0,0,0,0,4265,0,0,0,0,77988,0,0,0,0,0,0,0,0,0,0,0,0,0.44,0.01
486,2026-05-15 22:52:16,4,q13,0,6,6,20,46,33,32,0,0,0,0,0,0,92495,0,0,0,130261,810924,0,0,0,0,0,0,0,0,0,0,0,0,1.65,0.02
487,2026-05-15 22:52:17,4,q14a,0,30,80,3400,4073,9740,8220,158,143,0,329,0,1543,734043,0,0,5323952848,15415155,57406770,0,0,6328590,124,124,0,88210545,88210545,0,0,87084141,6301174,2.86,3.4
488,2026-05-15 22:52:24,4,q14b,0,24,59,1701,2531,7109,6182,89,90,0,0,0,1284,778651,0,0,3268280944,13400321,46556414,0,0,6861513,80,80,0,97442680,97442680,0,0,51225054,4111202,4.18,1.7
489,2026-05-15 22:52:27,4,q14,0,24,59,1288,1940,3923,3332,86,90,0,36,0,1071,778651,0,0,3276309104,13400321,46556414,0,0,6851380,80,80,0,96756697,96756697,0,0,50539071,4101069,3.05,1.29
490,2026-05-15 22:52:29,4,q15,0,5,5,465,463,449,446,3,3,0,0,0,6,1041019,0,0,145379880,1664597,5413962,0,0,202,1,1,0,11828,11828,0,0,11828,202,0.97,0.46
491,2026-05-15 22:52:31,4,q16,0,8,24,735,939,5707,5171,37,31,0,0,0,69,541943,0,0,2577803232,3150218,16739594,0,0,2870561,51,51,0,39357570,39357570,0,0,39357570,2870561,7.76,0.74
492,2026-05-15 22:52:32,4,q17,0,9,25,651,867,2754,2332,34,35,0,0,0,58,6091978,0,0,2626859256,4773576,21120712,0,0,1629074,35,35,0,31753837,31753837,0,0,31753837,1629074,4.23,0.65
493,2026-05-15 22:52:34,4,q18,0,4,4,11,24,18,17,0,0,0,0,0,0,142714,0,0,0,91049,563828,0,0,0,0,0,0,0,0,0,0,0,0,1.64,0.01
494,2026-05-15 22:52:35,4,q18a,0,9,9,31,103,86,86,0,0,0,0,0,0,156291,0,0,0,309049,1927942,0,0,0,0,0,0,0,0,0,0,0,0,2.77,0.03
495,2026-05-15 22:52:36,4,q19,0,7,7,445,422,403,403,4,4,0,0,0,6,1041019,0,0,80384184,3121465,18164328,0,0,160,1,1,0,17796,17796,0,0,17796,160,0.91,0.44
496,2026-05-15 22:52:38,4,q20,0,2,2,8,6,2,2,0,0,0,0,0,0,4265,0,0,0,0,77988,0,0,0,0,0,0,0,0,0,0,0,0,0.25,0.01
497,2026-05-15 22:52:39,4,q21,0,5,5,533,521,507,504,3,3,0,0,0,10,17151,0,0,137953760,11836054,25473259,0,0,2795,1,1,0,97587,97587,0,0,97587,2795,0.95,0.53
498,2026-05-15 22:52:41,4,q22,0,5,5,7578,7559,7544,7542,4,4,0,0,0,11,803062,0,0,146947520,11836054,25380912,0,0,35968,1,1,0,1544161,1544161,0,0,1544161,35968,1.0,7.58
499,2026-05-15 22:52:49,4,q22a,0,10,14,1239,1292,1301,1285,20,21,0,16,0,47,803062,0,0,956185792,11836054,25385773,0,0,72373,14,14,0,3722976,3722976,0,0,1718132,36377,1.05,1.24
500,2026-05-15 22:52:52,4,q23a,0,16,47,2025,3813,6873,6531,82,68,0,0,0,211,1166709,0,0,3941269824,11139291,41579890,0,0,3812080,114,114,0,98368916,98368916,0,0,98366379,3812037,3.39,2.02
501,2026-05-15 22:52:55,4,q23b,0,20,68,2060,4032,7053,6650,109,112,0,60,0,228,1166709,0,0,6508186696,11239291,42252606,0,0,3908567,131,131,0,100971109,100971109,0,0,100968572,3908524,3.42,2.06
502,2026-05-15 22:52:58,4,q24,0,3,3,11,10,4,4,0,0,0,0,0,0,4390,0,0,0,12,103212,0,0,0,0,0,0,0,0,0,0,0,0,0.36,0.01
503,2026-05-15 22:52:59,4,q24a,0,3,3,6,7,2,2,0,0,0,0,0,0,4390,0,0,0,12,103212,0,0,0,0,0,0,0,0,0,0,0,0,0.33,0.01
504,2026-05-15 22:53:00,4,q24b,0,3,3,6,6,1,1,0,0,0,0,0,0,4347,0,0,0,12,103212,0,0,0,0,0,0,0,0,0,0,0,0,0.17,0.01
505,2026-05-15 22:53:01,4,q25,0,9,25,752,1099,3266,2803,30,30,0,100,0,60,6124392,0,0,2626834640,4773576,30890414,0,0,1629074,35,35,0,32135493,32135493,0,0,32135493,1629074,4.34,0.75
506,2026-05-15 22:53:03,4,q26,0,4,4,9,18,10,10,0,0,0,0,0,0,142714,0,0,0,18300,252034,0,0,0,0,0,0,0,0,0,0,0,0,1.11,0.01
507,2026-05-15 22:53:04,4,q27,0,3,3,6,8,3,3,0,0,0,0,0,0,4712,0,0,0,12,98390,0,0,0,0,0,0,0,0,0,0,0,0,0.5,0.01
508,2026-05-15 22:53:05,4,q27a,0,7,7,22,40,23,23,0,0,0,0,0,0,142714,0,0,0,109073,694440,0,0,0,0,0,0,0,0,0,0,0,0,1.05,0.02
509,2026-05-15 22:53:06,4,q28,0,18,18,424,2071,2020,1889,10,10,0,120,0,76,8261,0,0,808451808,17282424,105885000,0,0,47107,12,12,0,769812,769812,0,0,769812,47107,4.76,0.42
510,2026-05-15 22:53:08,4,q29,0,10,26,631,877,2731,2371,33,31,0,0,0,59,6091978,0,0,2626942080,4846625,21600490,0,0,1629074,35,35,0,31753942,31753942,0,0,31753942,1629074,4.33,0.63
511,2026-05-15 22:53:10,4,q30,0,13,22,204,373,393,377,43,35,0,0,0,60,402833,0,0,503073576,466575,5793548,0,0,129342,24,24,0,11216592,11216592,0,0,11216592,129342,1.93,0.2
512,2026-05-15 22:53:11,4,q31,0,18,18,461,1585,1481,1303,13,13,0,110,0,137,772216,0,0,1312927320,11068511,40663962,0,0,9991,8,8,0,350043,350043,0,0,295509,8335,3.21,0.46
513,2026-05-15 22:53:12,4,q32,0,7,7,172,258,243,242,1,1,0,0,0,11,130384,0,0,72235152,2974145,14139570,0,0,9308,3,3,0,150123,150123,0,0,150123,9308,1.41,0.17
514,2026-05-15 22:53:14,4,q33,0,3,3,9,14,8,8,0,0,0,0,0,0,97723,0,0,0,50000,292044,0,0,0,0,0,0,0,0,0,0,0,0,0.89,0.01
515,2026-05-15 22:53:15,4,q34,0,3,3,10,10,5,5,0,0,0,0,0,0,4390,0,0,0,12,29396,0,0,0,0,0,0,0,0,0,0,0,0,0.5,0.01
516,2026-05-15 22:53:16,4,q35,0,14,29,582,1015,2593,2105,34,32,0,0,0,564,495712,0,0,1189007520,7185185,10831699,0,0,2572181,37,37,0,24618550,24618550,0,0,24618550,2572181,4.46,0.58
517,2026-05-15 22:53:17,4,q35a,0,12,28,542,959,1943,1560,29,29,0,0,0,643,469728,0,0,1190304816,7185185,10831699,0,0,2571909,37,37,0,24612692,24612692,0,0,24612692,2571909,3.58,0.54
518,2026-05-15 22:53:19,4,q36,0,6,6,451,428,411,411,3,3,0,0,0,7,272632,0,0,208354816,2971465,24377782,0,0,266,2,2,0,19035,19035,0,0,19035,266,0.91,0.45
519,2026-05-15 22:53:21,4,q36a,0,9,11,458,401,397,377,8,9,0,0,0,18,272632,0,0,747322688,2971465,24377782,0,0,641,9,9,0,56190,56190,0,0,32454,399,0.87,0.46
520,2026-05-15 22:53:22,4,q37,0,5,5,657,546,505,490,2,2,0,0,0,1,7229608,0,0,69874856,13277597,28516680,0,0,1,1,1,0,253,253,0,0,253,1,0.77,0.66
521,2026-05-15 22:53:24,4,q38,0,9,9,348,630,601,600,4,4,0,0,0,40,2491099,0,0,595902608,5214385,5292406,0,0,91194,4,4,0,2289264,2289264,0,0,2289264,91194,1.73,0.35
522,2026-05-15 22:53:25,4,q39a,0,10,10,772,1281,1248,1241,8,8,0,0,0,32,96649,0,0,418997912,23654103,50327687,0,0,135243,4,4,0,3309465,3309465,0,0,2213545,90243,1.62,0.77
523,2026-05-15 22:53:27,4,q39b,0,10,10,567,973,940,939,6,6,0,0,0,23,96649,0,0,418743960,23654103,50327687,0,0,135014,4,4,0,3289055,3289055,0,0,2193135,90014,1.66,0.57
524,2026-05-15 22:53:29,4,q40,0,6,6,353,314,293,293,3,3,0,0,0,9,2150491,0,0,154730976,1676669,9123221,0,0,534,1,1,0,31932,31932,0,0,31932,534,0.83,0.35
525,2026-05-15 22:53:30,4,q41,0,2,2,19,17,13,13,1,1,0,0,0,0,5257,0,0,262144,0,77988,0,0,0,0,0,0,0,0,0,0,0,0,0.68,0.02
526,2026-05-15 22:53:31,4,q42,0,4,4,183,171,158,152,2,2,0,0,0,2,14303,0,0,69746904,2971453,15426498,0,0,10,1,1,0,925,925,0,0,925,10,0.86,0.18
527,2026-05-15 22:53:32,4,q43,0,4,4,292,272,258,258,4,4,0,0,0,1,14303,0,0,69733304,2953465,7454094,0,0,6,1,1,0,618,618,0,0,618,6,0.88,0.29
528,2026-05-15 22:53:34,4,q44,0,8,8,305,290,265,265,4,4,0,0,0,11,299186,0,0,478831784,5778808,25054758,0,0,36021,5,5,0,574234,574234,0,0,287345,18022,0.87,0.3
529,2026-05-15 22:53:35,4,q45,0,7,7,158,175,157,157,2,2,0,0,0,2,1041019,0,0,146573480,978433,4965496,0,0,19,1,1,0,1799,1799,0,0,1799,19,0.99,0.16
530,2026-05-15 22:53:36,4,q46,0,7,7,525,551,526,499,4,4,0,18,0,10,3101905,0,0,164973472,3110665,19329222,0,0,10081,1,1,0,430760,430760,0,0,430760,10081,1.0,0.52
531,2026-05-15 22:53:38,4,q47,0,11,17,1031,1401,2089,2023,23,19,0,0,0,100,399015,0,0,1569865232,2971465,13075570,0,0,499240,30,30,0,15789663,15789663,0,0,11851696,370924,2.03,1.03
532,2026-05-15 22:53:40,4,q48,0,5,5,24,39,29,28,0,0,0,0,0,0,115374,0,0,0,123061,788456,0,0,0,0,0,0,0,0,0,0,0,0,1.21,0.02
533,2026-05-15 22:53:41,4,q49,0,12,14,440,670,681,645,14,15,0,0,0,13,103233,0,0,814727624,5617729,52835116,0,0,170,9,9,0,11817,11817,0,0,11817,170,1.55,0.44
534,2026-05-15 22:53:43,4,q50,0,6,6,554,477,456,448,5,5,0,0,0,1,4389332,0,0,156298224,3314028,12356584,0,0,6,1,1,0,1447,1447,0,0,1447,6,0.82,0.55
535,2026-05-15 22:53:44,4,q51,0,10,43,793,1107,3893,3739,56,51,0,0,0,458,263945,0,0,3625456128,3672837,15502850,0,0,2523869,299,299,0,43438446,43438446,0,0,43438446,2523869,4.91,0.79
536,2026-05-15 22:53:46,4,q51a,0,14,74,2293,3025,26407,24140,151,127,0,726,0,753,1761555,0,0,11902151584,3672837,15502850,0,0,4889102,693,693,0,83968631,83968631,0,0,61032787,3644888,11.52,2.29
537,2026-05-15 22:53:50,4,q52,0,4,4,186,175,161,161,2,2,0,0,0,5,14303,0,0,69746904,2971453,15427078,0,0,109,1,1,0,9739,9739,0,0,9739,109,0.87,0.19
538,2026-05-15 22:53:51,4,q53,0,3,3,10,11,5,5,0,0,0,0,0,0,4390,0,0,0,12,95228,0,0,0,0,0,0,0,0,0,0,0,0,0.5,0.01
539,2026-05-15 22:53:52,4,q54,0,3,3,9,11,5,5,0,0,0,0,0,0,4323,0,0,0,12,92648,0,0,0,0,0,0,0,0,0,0,0,0,0.56,0.01
540,2026-05-15 22:53:53,4,q55,0,4,4,181,169,157,157,2,2,0,0,0,5,14303,0,0,69746904,2971453,15427078,0,0,104,1,1,0,8981,8981,0,0,8981,104,0.87,0.18
541,2026-05-15 22:53:54,4,q56,0,2,2,7,5,2,2,0,0,0,0,0,0,4265,0,0,0,0,76128,0,0,0,0,0,0,0,0,0,0,0,0,0.29,0.01
542,2026-05-15 22:53:55,4,q57,0,9,9,648,714,675,668,7,7,0,0,0,33,497206,0,0,550911816,1532603,6083188,0,0,160920,5,5,0,4348229,4348229,0,0,2602187,96552,1.04,0.65
543,2026-05-15 22:53:57,4,q58,0,10,10,359,634,603,603,6,6,0,0,0,30,142714,0,0,612801360,5278483,26522362,0,0,17396,3,3,0,287209,287209,0,0,287209,17396,1.68,0.36
544,2026-05-15 22:53:59,4,q59,0,10,10,409,411,383,382,5,5,0,0,0,26,680157,0,0,211152528,3099575,7749954,0,0,7524,4,4,0,133338,133338,0,0,89016,5952,0.94,0.41
545,2026-05-15 22:54:00,4,q60,0,3,3,9,10,6,6,0,0,0,0,0,0,97723,0,0,0,50000,292044,0,0,0,0,0,0,0,0,0,0,0,0,0.67,0.01
546,2026-05-15 22:54:01,4,q61,0,8,8,29,51,37,37,0,0,0,0,0,0,1041019,0,0,0,223361,1238710,0,0,0,0,0,0,0,0,0,0,0,0,1.28,0.03
547,2026-05-15 22:54:02,4,q62,0,6,6,251,240,223,218,3,3,0,0,0,6,19887,0,0,138939640,792488,2839194,0,0,150,1,1,0,17537,17537,0,0,17537,150,0.89,0.25
548,2026-05-15 22:54:04,4,q63,0,3,3,10,9,5,5,0,0,0,0,0,0,4390,0,0,0,12,95228,0,0,0,0,0,0,0,0,0,0,0,0,0.5,0.01
549,2026-05-15 22:54:05,4,q64,0,8,8,32,54,34,34,0,0,0,0,0,0,64767,0,0,0,153630,829390,0,0,0,0,0,0,0,0,0,0,0,0,1.06,0.03
550,2026-05-15 22:54:06,4,q65,0,8,8,363,563,537,536,5,5,0,0,0,24,1704512,0,0,420104560,5851869,26099826,0,0,107998,3,3,0,1644480,1644480,0,0,1644480,107998,1.48,0.36
551,2026-05-15 22:54:08,4,q66,0,3,3,7,10,5,5,0,0,0,0,0,0,4611,0,0,0,25,13305,0,0,0,0,0,0,0,0,0,0,0,0,0.71,0.01
552,2026-05-15 22:54:09,4,q67,0,6,22,2484,2457,7187,6638,33,32,0,91,0,128,803062,0,0,2613197504,2971465,15896536,0,0,523804,34,34,0,35032320,35032320,0,0,35032320,523804,2.89,2.48
553,2026-05-15 22:54:12,4,q67a,0,14,153,2404,7697,23208,18140,242,260,5,254,0,4315,803062,0,0,19188032472,2971465,15896536,0,0,3913413,393,393,0,254672067,254672067,0,0,74909707,1194405,9.65,2.4
554,2026-05-15 22:54:16,4,q68,0,7,7,485,513,490,488,3,3,0,0,0,10,3101862,0,0,97597832,3110665,30558942,0,0,2221,1,1,0,125465,125465,0,0,125465,2221,1.01,0.48
555,2026-05-15 22:54:17,4,q69,0,14,30,650,1028,1767,1601,35,32,0,0,0,186,525742,0,0,100986912,7185185,10862924,0,0,2160682,39,39,0,41534653,41534653,0,0,41534653,2160682,2.72,0.65
556,2026-05-15 22:54:19,4,q70,0,9,9,528,473,445,439,6,6,0,0,0,10,25220,0,0,408034064,5833881,20482262,0,0,19,4,4,0,840,840,0,0,840,19,0.84,0.53
557,2026-05-15 22:54:21,4,q70a,0,12,14,595,482,469,453,12,13,0,0,0,10,84465,0,0,812784240,5833881,20482262,0,0,24,11,11,0,1381,1381,0,0,1169,22,0.79,0.6
558,2026-05-15 22:54:22,4,q71,0,4,4,20,34,26,26,0,0,0,0,0,0,10559,0,0,0,177449,964204,0,0,0,0,0,0,0,0,0,0,0,0,1.3,0.02
559,2026-05-15 22:54:23,4,q72,0,4,4,14,16,4,4,0,0,0,0,0,0,7060,0,0,0,305,33649,0,0,0,0,0,0,0,0,0,0,0,0,0.29,0.01
560,2026-05-15 22:54:25,4,q73,0,3,3,10,11,6,6,0,0,0,0,0,0,4390,0,0,0,12,29396,0,0,0,0,0,0,0,0,0,0,0,0,0.6,0.01
561,2026-05-15 22:54:26,4,q74,0,11,11,548,1373,1331,1330,8,8,0,0,0,47,2987500,0,0,822149272,7445674,27918216,0,0,98902,4,4,0,3653467,3653467,0,0,3653467,98902,2.43,0.55
562,2026-05-15 22:54:27,4,q75,0,1,1,1,1,0,0,0,0,0,0,0,0,731,0,0,0,0,0,0,0,0,0,0,0,0,0,0,0,0,0,0.0,0.0
563,2026-05-15 22:54:28,4,q76,0,4,6,274,209,390,366,6,7,0,0,0,18,381530,0,0,290543480,5132385,27496014,0,0,509,3,3,0,45030,45030,0,0,45030,509,1.42,0.27
564,2026-05-15 22:54:30,4,q77,0,14,16,310,528,514,500,10,10,0,0,0,17,121458,0,0,687344520,5617801,37066317,0,0,133,9,9,0,12378,12378,0,0,12378,133,1.66,0.31
565,2026-05-15 22:54:31,4,q77a,0,17,21,440,660,626,545,23,22,0,51,0,27,141450,0,0,1226312384,5617801,37066317,0,0,245,20,20,0,28150,28150,0,0,16928,165,1.42,0.44
566,2026-05-15 22:54:33,4,q78,0,11,28,943,1710,4528,4110,104,67,0,0,0,53,3106243,0,0,5970598464,5690778,42936082,0,0,872646,35,35,0,20939025,20939025,0,0,20939025,872646,4.8,0.94
567,2026-05-15 22:54:35,4,q79,0,6,6,393,411,391,390,4,4,0,0,0,10,2491099,0,0,155522160,3060665,18856906,0,0,7013,1,1,0,231553,231553,0,0,231553,7013,0.99,0.39
568,2026-05-15 22:54:36,4,q80,0,14,16,724,1272,1221,1195,15,15,0,0,0,25,5685107,0,0,745311640,5647789,58410183,0,0,856,6,6,0,70474,70474,0,0,70474,856,1.69,0.72
569,2026-05-15 22:54:38,4,q80a,0,17,21,773,1199,1177,1121,19,20,0,0,0,39,5685107,0,0,1217170672,5647789,58410183,0,0,1883,17,17,0,173167,173167,0,0,98845,1133,1.52,0.77
570,2026-05-15 22:54:40,4,q81,0,11,11,233,408,368,328,9,9,0,22,0,44,4042611,0,0,499810360,611183,5479356,0,0,56347,4,4,0,1209586,1209586,0,0,1209586,56347,1.58,0.23
571,2026-05-15 22:54:42,4,q82,0,6,16,496,764,965,819,17,16,0,0,0,29,193440,0,0,299565576,14716453,31619372,0,0,669668,15,15,0,11943569,11943569,0,0,11943569,2880440,1.95,0.5
572,2026-05-15 22:54:43,4,q83,0,10,10,207,246,218,218,5,5,0,0,0,32,142714,0,0,412166496,740491,3792640,0,0,4250,3,3,0,93519,93519,0,0,93519,4250,1.05,0.21
573,2026-05-15 22:54:45,4,q84,0,6,6,455,187,165,164,2,2,0,0,0,0,9704788,0,0,102472224,2365534,7790382,0,0,0,0,0,0,0,0,0,0,0,0,0.36,0.46
574,2026-05-15 22:54:46,4,q85,0,5,5,16,31,20,14,0,0,0,0,0,0,6120,0,0,0,73144,431734,0,0,0,0,0,0,0,0,0,0,0,0,1.25,0.02
575,2026-05-15 22:54:47,4,q86,0,5,5,178,158,143,143,3,3,0,0,0,8,272632,0,0,207306152,810433,4278230,0,0,266,2,2,0,17966,17966,0,0,17966,266,0.8,0.18
576,2026-05-15 22:54:48,4,q86a,0,8,10,229,182,179,167,9,10,0,0,0,19,272632,0,0,746274016,810433,4278230,0,0,641,9,9,0,51729,51729,0,0,30007,399,0.78,0.23
577,2026-05-15 22:54:50,4,q87,0,9,9,419,748,716,667,3,3,0,0,0,34,2491099,0,0,595902608,5214385,5292406,0,0,91194,4,4,0,2289264,2289264,0,0,2289264,91194,1.71,0.42
578,2026-05-15 22:54:51,4,q88,0,26,26,316,1802,1749,1734,0,0,0,0,0,5,14673,0,0,25741888,23741644,23037948,0,0,8,8,8,0,472,472,0,0,472,8,5.53,0.32
579,2026-05-15 22:54:53,4,q89,0,3,3,10,11,4,4,0,0,0,0,0,0,4503,0,0,0,12,95228,0,0,0,0,0,0,0,0,0,0,0,0,0.4,0.01
580,2026-05-15 22:54:54,4,q90,0,8,8,156,227,197,182,1,1,0,0,0,0,40754,0,0,6472208,1618828,2758860,0,0,2,2,2,0,118,118,0,0,118,2,1.26,0.16
581,2026-05-15 22:54:55,4,q91,0,5,5,11,26,17,16,0,0,0,0,0,0,32830,0,0,0,57206,328084,0,0,0,0,0,0,0,0,0,0,0,0,1.55,0.01
582,2026-05-15 22:54:56,4,q92,0,7,7,145,199,183,183,1,1,0,0,0,13,121747,0,0,72236048,1529817,8191922,0,0,9069,3,3,0,143446,143446,0,0,143446,9069,1.26,0.14
583,2026-05-15 22:54:57,4,q93,0,2,2,7,5,2,2,0,0,0,0,0,0,4265,0,0,0,0,3821,0,0,0,0,0,0,0,0,0,0,0,0,0.29,0.01
584,2026-05-15 22:54:58,4,q94,0,5,5,16,44,32,32,0,0,0,0,0,0,259989,0,0,0,194812,843731,0,0,0,0,0,0,0,0,0,0,0,0,2.0,0.02
585,2026-05-15 22:54:59,4,q95,0,5,5,16,40,32,32,0,0,0,0,0,0,260045,0,0,0,194812,843731,0,0,0,0,0,0,0,0,0,0,0,0,2.0,0.02
586,2026-05-15 22:55:00,4,q96,0,5,5,165,163,154,154,0,0,0,0,0,0,13366,0,0,3192904,2974016,2914488,0,0,1,1,1,0,59,59,0,0,59,1,0.93,0.16
587,2026-05-15 22:55:02,4,q97,0,5,12,589,720,2511,2431,11,10,0,0,0,29,126552,0,0,2342261680,4395001,11804290,0,0,834974,24,24,0,8658863,8658863,0,0,8658863,834974,4.26,0.59
588,2026-05-15 22:55:03,4,q98,0,2,2,22,19,3,3,0,0,0,0,0,0,4265,0,0,0,0,77988,0,0,0,0,0,0,0,0,0,0,0,0,0.14,0.02
589,2026-05-15 22:55:04,4,q99,0,6,6,275,261,244,239,3,3,0,0,0,4,19887,0,0,138939448,1514628,3900461,0,0,90,1,1,0,11250,11250,0,0,11250,90,0.89,0.28
590,2026-05-15 22:55:06,5,q1,0,8,8,195,294,269,268,4,4,0,0,0,23,1017955,0,0,422333440,748089,4842446,0,0,99878,3,3,0,1544051,1544051,0,0,1544051,99878,1.38,0.2
591,2026-05-15 22:55:07,5,q2,0,9,10,361,309,445,436,6,7,0,0,0,21,680157,0,0,284679544,2380079,7614862,0,0,4453,8,8,0,91309,91309,0,0,38659,3403,1.23,0.36
592,2026-05-15 22:55:08,5,q3,0,4,4,199,185,174,174,2,2,0,0,0,4,35702,0,0,69994472,2971453,15371138,0,0,89,1,1,0,8279,8279,0,0,8279,89,0.87,0.2
593,2026-05-15 22:55:10,5,q4,0,19,123,1809,5090,22663,16372,147,160,0,304,0,5128,609398,0,0,23149964296,5287434,62185976,0,0,10424391,445,445,0,277816112,277816112,0,0,131839186,5088880,12.53,1.81
594,2026-05-15 22:55:13,5,q5,0,10,15,432,775,1084,1052,12,14,0,0,0,42,1650783,0,0,494330152,6348873,41651027,0,0,1515,9,9,0,100764,100764,0,0,100764,1515,2.51,0.43
595,2026-05-15 22:55:14,5,q5a,0,13,20,628,910,1281,1160,19,22,0,0,0,55,1650783,0,0,1033298024,6348873,41651027,0,0,3255,20,20,0,237079,237079,0,0,139181,2005,2.04,0.63
596,2026-05-15 22:55:16,5,q6,0,12,28,510,640,2319,2120,37,32,0,0,0,137,1041019,0,0,1474212376,3212502,9340384,0,0,2786107,37,37,0,24510239,24510239,0,0,24510239,2786107,4.55,0.51
597,2026-05-15 22:55:18,5,q7,0,4,4,11,17,11,10,0,0,0,0,0,0,142714,0,0,0,18300,252034,0,0,0,0,0,0,0,0,0,0,0,0,1.0,0.01
598,2026-05-15 22:55:19,5,q8,0,10,10,304,272,242,241,4,4,0,0,0,15,275062,0,0,341745984,3153465,11294186,0,0,3491,4,4,0,59038,59038,0,0,59038,3491,0.8,0.3
599,2026-05-15 22:55:20,5,q9,0,31,31,366,3594,3404,2568,25,9,0,78,0,0,4868,0,0,0,43206095,97312801,0,0,15,15,15,0,946,946,0,0,946,15,9.3,0.37
600,2026-05-15 22:55:22,5,q10,0,13,29,714,1131,1503,1246,35,32,0,0,0,120,529175,0,0,778679088,7185185,10964911,0,0,826612,31,31,0,47123357,47123357,0,0,47123357,2208464,2.11,0.71
601,2026-05-15 22:55:23,5,q10a,0,11,28,661,1002,1136,1118,33,31,0,0,0,111,501180,0,0,361870128,7185185,10964911,0,0,513766,25,25,0,47120004,47120004,0,0,47120004,2204076,1.72,0.66
602,2026-05-15 22:55:25,5,q11,0,14,80,1349,2801,14242,10899,130,105,2,51,0,3238,517614,0,0,14895471784,3845886,22340176,0,0,7308134,269,269,0,121055372,121055372,0,0,58048608,3603562,10.56,1.35
603,2026-05-15 22:55:28,5,q12,0,2,2,8,7,2,2,0,0,0,0,0,0,4265,0,0,0,0,77988,0,0,0,0,0,0,0,0,0,0,0,0,0.25,0.01
604,2026-05-15 22:55:29,5,q13,0,6,6,20,40,30,30,0,0,0,0,0,0,92495,0,0,0,130261,810924,0,0,0,0,0,0,0,0,0,0,0,0,1.5,0.02
605,2026-05-15 22:55:30,5,q14a,0,30,80,3353,3835,10037,8600,147,140,0,254,0,1649,734731,0,0,5323952848,15415155,57406770,0,0,6328590,124,124,0,88210545,88210545,0,0,87084141,6301174,2.99,3.35
606,2026-05-15 22:55:36,5,q14b,0,24,59,1677,2516,7149,6515,84,85,0,27,0,895,778651,0,0,3268280944,13400321,46556414,0,0,6861513,80,80,0,97442680,97442680,0,0,51225054,4111202,4.26,1.68
607,2026-05-15 22:55:39,5,q14,0,24,59,1301,1979,4173,3298,87,91,0,208,0,1220,779339,0,0,3276309104,13400321,46556414,0,0,6851380,80,80,0,96756697,96756697,0,0,50539071,4101069,3.21,1.3
608,2026-05-15 22:55:41,5,q15,0,5,5,476,474,460,460,3,3,0,0,0,7,1041019,0,0,145379880,1664597,5413962,0,0,202,1,1,0,11828,11828,0,0,11828,202,0.97,0.48
609,2026-05-15 22:55:43,5,q16,0,8,24,699,887,5204,4378,40,33,0,192,0,67,541943,0,0,2577803232,3150218,16739594,0,0,2870561,51,51,0,39357570,39357570,0,0,39357570,2870561,7.44,0.7
610,2026-05-15 22:55:45,5,q17,0,9,25,672,906,3046,2673,36,34,0,0,0,58,6091978,0,0,2626859256,4773576,21120712,0,0,1629074,35,35,0,31753837,31753837,0,0,31753837,1629074,4.53,0.67
611,2026-05-15 22:55:46,5,q18,0,3,3,12,15,10,10,0,0,0,0,0,0,142714,0,0,0,18000,217930,0,0,0,0,0,0,0,0,0,0,0,0,0.83,0.01
612,2026-05-15 22:55:47,5,q18a,0,10,10,39,138,113,112,0,0,0,0,0,0,853740,0,0,0,409049,3071698,0,0,0,0,0,0,0,0,0,0,0,0,2.9,0.04
613,2026-05-15 22:55:49,5,q19,0,7,7,447,449,431,418,3,3,0,12,0,6,1041019,0,0,80384184,3121465,18164328,0,0,160,1,1,0,17796,17796,0,0,17796,160,0.96,0.45
614,2026-05-15 22:55:50,5,q20,0,2,2,7,5,2,2,0,0,0,0,0,0,4265,0,0,0,0,77988,0,0,0,0,0,0,0,0,0,0,0,0,0.29,0.01
615,2026-05-15 22:55:51,5,q21,0,5,5,541,529,516,511,3,3,0,0,0,10,17151,0,0,137953760,11836054,25473259,0,0,2795,1,1,0,97587,97587,0,0,97587,2795,0.95,0.54
616,2026-05-15 22:55:53,5,q22,0,5,5,7726,7712,7698,7686,3,3,0,8,0,12,803062,0,0,146947520,11836054,25380912,0,0,35968,1,1,0,1544161,1544161,0,0,1544161,35968,1.0,7.73
617,2026-05-15 22:56:02,5,q22a,0,10,14,1294,1342,1346,1342,16,17,0,0,0,54,803062,0,0,956185792,11836054,25385773,0,0,72373,14,14,0,3722976,3722976,0,0,1718132,36377,1.04,1.29
618,2026-05-15 22:56:04,5,q23a,0,16,47,2053,3866,7390,7012,76,67,0,22,0,207,1166709,0,0,3941269824,11139291,41579890,0,0,3812080,114,114,0,98368916,98368916,0,0,98366379,3812037,3.6,2.05
619,2026-05-15 22:56:07,5,q23b,0,20,68,2102,4037,7397,7009,118,112,0,24,0,227,1166709,0,0,6508186696,11239291,42252606,0,0,3908567,131,131,0,100971109,100971109,0,0,100968572,3908524,3.52,2.1
620,2026-05-15 22:56:10,5,q24,0,3,3,7,10,5,5,0,0,0,0,0,0,4390,0,0,0,12,103212,0,0,0,0,0,0,0,0,0,0,0,0,0.71,0.01
621,2026-05-15 22:56:12,5,q24a,0,3,3,6,8,1,1,0,0,0,0,0,0,4390,0,0,0,12,103212,0,0,0,0,0,0,0,0,0,0,0,0,0.17,0.01
622,2026-05-15 22:56:13,5,q24b,0,3,3,6,6,1,0,0,0,0,0,0,0,4347,0,0,0,12,103212,0,0,0,0,0,0,0,0,0,0,0,0,0.17,0.01
623,2026-05-15 22:56:14,5,q25,0,9,25,760,1054,3080,2679,29,30,0,32,0,60,6124392,0,0,2626834640,4773576,30890414,0,0,1629074,35,35,0,32135493,32135493,0,0,32135493,1629074,4.05,0.76
624,2026-05-15 22:56:16,5,q26,0,4,4,9,17,9,9,0,0,0,0,0,0,142714,0,0,0,18300,252034,0,0,0,0,0,0,0,0,0,0,0,0,1.0,0.01
625,2026-05-15 22:56:17,5,q27,0,3,3,5,8,3,3,0,0,0,0,0,0,4712,0,0,0,12,98390,0,0,0,0,0,0,0,0,0,0,0,0,0.6,0.0
626,2026-05-15 22:56:18,5,q27a,0,7,7,21,41,25,24,0,0,0,0,0,0,142714,0,0,0,109073,694440,0,0,0,0,0,0,0,0,0,0,0,0,1.19,0.02
627,2026-05-15 22:56:19,5,q28,0,18,18,437,2114,2065,1898,6,6,0,156,0,86,8261,0,0,808451808,17282424,105885000,0,0,47107,12,12,0,769812,769812,0,0,769812,47107,4.73,0.44
628,2026-05-15 22:56:20,5,q29,0,10,26,714,962,4135,3644,33,30,0,0,0,59,6091978,0,0,2626942080,4846625,21600490,0,0,1629074,35,35,0,31753942,31753942,0,0,31753942,1629074,5.79,0.71
629,2026-05-15 22:56:22,5,q30,0,13,22,203,400,416,400,44,33,0,0,0,62,402833,0,0,503073576,466575,5793548,0,0,129342,24,24,0,11216592,11216592,0,0,11216592,129342,2.05,0.2
630,2026-05-15 22:56:23,5,q31,0,18,18,432,1265,1203,1199,10,10,0,0,0,74,772216,0,0,1312927320,11068511,40663962,0,0,9991,8,8,0,350043,350043,0,0,295509,8335,2.78,0.43
631,2026-05-15 22:56:25,5,q32,0,7,7,203,298,282,282,1,1,0,0,0,12,130384,0,0,72235152,2974145,14139570,0,0,9308,3,3,0,150123,150123,0,0,150123,9308,1.39,0.2
632,2026-05-15 22:56:26,5,q33,0,2,2,9,5,2,2,0,0,0,0,0,0,4265,0,0,0,0,77988,0,0,0,0,0,0,0,0,0,0,0,0,0.22,0.01
633,2026-05-15 22:56:27,5,q34,0,3,3,9,11,7,7,0,0,0,0,0,0,4390,0,0,0,12,29396,0,0,0,0,0,0,0,0,0,0,0,0,0.78,0.01
634,2026-05-15 22:56:28,5,q35,0,14,29,591,969,2398,2113,35,32,0,0,0,454,495712,0,0,1189007520,7185185,10831699,0,0,2572181,37,37,0,24618550,24618550,0,0,24618550,2572181,4.06,0.59
635,2026-05-15 22:56:30,5,q35a,0,12,28,530,900,2095,1816,35,33,0,0,0,559,469728,0,0,1190304816,7185185,10831699,0,0,2571909,37,37,0,24612692,24612692,0,0,24612692,2571909,3.95,0.53
636,2026-05-15 22:56:32,5,q36,0,6,6,454,432,415,414,4,4,0,0,0,7,272632,0,0,208354816,2971465,24377782,0,0,266,2,2,0,19035,19035,0,0,19035,266,0.91,0.45
637,2026-05-15 22:56:33,5,q36a,0,9,11,453,396,392,379,10,11,0,0,0,18,272632,0,0,747322688,2971465,24377782,0,0,641,9,9,0,56190,56190,0,0,32454,399,0.87,0.45
638,2026-05-15 22:56:35,5,q37,0,5,5,671,543,522,496,2,2,0,0,0,7,7229608,0,0,69874856,13277597,28516680,0,0,1,1,1,0,253,253,0,0,253,1,0.78,0.67
639,2026-05-15 22:56:36,5,q38,0,9,9,458,725,695,695,3,3,0,0,0,32,2491099,0,0,595902608,5214385,5292406,0,0,91194,4,4,0,2289264,2289264,0,0,2289264,91194,1.52,0.46
640,2026-05-15 22:56:38,5,q39a,0,10,10,742,1248,1214,1212,9,9,0,0,0,32,96649,0,0,418997912,23654103,50327687,0,0,135243,4,4,0,3309465,3309465,0,0,2213545,90243,1.64,0.74
641,2026-05-15 22:56:40,5,q39b,0,10,10,573,980,949,943,5,5,0,0,0,23,96649,0,0,418743960,23654103,50327687,0,0,135014,4,4,0,3289055,3289055,0,0,2193135,90014,1.66,0.57
642,2026-05-15 22:56:41,5,q40,0,6,6,292,262,243,243,3,3,0,0,0,9,2150491,0,0,154730976,1676669,9123221,0,0,534,1,1,0,31932,31932,0,0,31932,534,0.83,0.29
643,2026-05-15 22:56:43,5,q41,0,2,2,19,18,13,13,1,1,0,0,0,0,5257,0,0,262144,0,77988,0,0,0,0,0,0,0,0,0,0,0,0,0.68,0.02
644,2026-05-15 22:56:44,5,q42,0,4,4,178,167,154,154,2,2,0,0,0,2,14303,0,0,69746904,2971453,15426498,0,0,10,1,1,0,925,925,0,0,925,10,0.87,0.18
645,2026-05-15 22:56:45,5,q43,0,4,4,290,269,254,254,4,4,0,0,0,1,14303,0,0,69733304,2953465,7454094,0,0,6,1,1,0,618,618,0,0,618,6,0.88,0.29
646,2026-05-15 22:56:46,5,q44,0,8,8,308,297,272,272,4,4,0,0,0,11,299186,0,0,478831784,5778808,25054758,0,0,36021,5,5,0,574234,574234,0,0,287345,18022,0.88,0.31
647,2026-05-15 22:56:48,5,q45,0,7,7,156,170,154,153,2,2,0,0,0,2,1041019,0,0,146573480,978433,4965496,0,0,19,1,1,0,1799,1799,0,0,1799,19,0.99,0.16
648,2026-05-15 22:56:49,5,q46,0,7,7,500,530,504,503,4,4,0,0,0,11,3101862,0,0,164973472,3110665,19329222,0,0,10081,1,1,0,430760,430760,0,0,430760,10081,1.01,0.5
649,2026-05-15 22:56:50,5,q47,0,11,17,1020,1403,2076,2008,23,21,0,0,0,106,399015,0,0,1569865232,2971465,13075570,0,0,499240,30,30,0,15789663,15789663,0,0,11851696,370924,2.04,1.02
650,2026-05-15 22:56:53,5,q48,0,5,5,21,40,29,29,0,0,0,0,0,0,115374,0,0,0,123061,788456,0,0,0,0,0,0,0,0,0,0,0,0,1.38,0.02
651,2026-05-15 22:56:54,5,q49,0,12,14,439,670,683,647,14,14,0,0,0,14,103233,0,0,814727624,5617729,52835116,0,0,170,9,9,0,11817,11817,0,0,11817,170,1.56,0.44
652,2026-05-15 22:56:55,5,q50,0,6,6,508,449,426,426,4,4,0,0,0,1,4389332,0,0,156298224,3314028,12356584,0,0,6,1,1,0,1447,1447,0,0,1447,6,0.84,0.51
653,2026-05-15 22:56:57,5,q51,0,10,43,826,1141,4254,4109,50,55,0,0,0,441,263945,0,0,3625456128,3672837,15502850,0,0,2523869,299,299,0,43438446,43438446,0,0,43438446,2523869,5.15,0.83
654,2026-05-15 22:56:59,5,q51a,0,14,74,2295,2966,25012,23243,117,124,0,422,0,707,1761555,0,0,11902151584,3672837,15502850,0,0,4889102,693,693,0,83968631,83968631,0,0,61032787,3644888,10.9,2.3
655,2026-05-15 22:57:02,5,q52,0,4,4,186,174,163,157,3,3,0,0,0,5,14303,0,0,69746904,2971453,15427078,0,0,109,1,1,0,9739,9739,0,0,9739,109,0.88,0.19
656,2026-05-15 22:57:03,5,q53,0,3,3,10,10,5,5,0,0,0,0,0,0,4390,0,0,0,12,95228,0,0,0,0,0,0,0,0,0,0,0,0,0.5,0.01
657,2026-05-15 22:57:04,5,q54,0,4,4,14,19,13,13,0,0,0,0,0,0,4440,0,0,0,73061,508130,0,0,0,0,0,0,0,0,0,0,0,0,0.93,0.01
658,2026-05-15 22:57:05,5,q55,0,4,4,181,170,158,158,2,2,0,0,0,5,14303,0,0,69746904,2971453,15427078,0,0,104,1,1,0,8981,8981,0,0,8981,104,0.87,0.18
659,2026-05-15 22:57:07,5,q56,0,3,3,8,12,7,7,0,0,0,0,0,0,97723,0,0,0,50000,290184,0,0,0,0,0,0,0,0,0,0,0,0,0.88,0.01
660,2026-05-15 22:57:08,5,q57,0,9,9,651,726,694,686,8,8,0,0,0,34,497206,0,0,550911816,1532603,6083188,0,0,160920,5,5,0,4348229,4348229,0,0,2602187,96552,1.07,0.65
661,2026-05-15 22:57:10,5,q58,0,10,10,402,647,617,617,6,6,0,0,0,30,142714,0,0,612801360,5278483,26522362,0,0,17396,3,3,0,287209,287209,0,0,287209,17396,1.53,0.4
662,2026-05-15 22:57:11,5,q59,0,10,10,420,426,396,396,5,5,0,0,0,26,680157,0,0,211152528,3099575,7749954,0,0,7524,4,4,0,133338,133338,0,0,89016,5952,0.94,0.42
663,2026-05-15 22:57:13,5,q60,0,3,3,9,11,6,6,0,0,0,0,0,0,97723,0,0,0,50000,292044,0,0,0,0,0,0,0,0,0,0,0,0,0.67,0.01
664,2026-05-15 22:57:14,5,q61,0,8,8,26,56,41,41,0,0,0,0,0,0,1041019,0,0,0,223361,1238710,0,0,0,0,0,0,0,0,0,0,0,0,1.58,0.03
665,2026-05-15 22:57:15,5,q62,0,6,6,238,226,210,210,3,3,0,0,0,6,19887,0,0,138939640,792488,2839194,0,0,150,1,1,0,17537,17537,0,0,17537,150,0.88,0.24
666,2026-05-15 22:57:16,5,q63,0,3,3,10,10,5,5,0,0,0,0,0,0,4390,0,0,0,12,95228,0,0,0,0,0,0,0,0,0,0,0,0,0.5,0.01
667,2026-05-15 22:57:17,5,q64,0,6,6,15,28,15,15,0,0,0,0,0,0,64767,0,0,0,7532,137594,0,0,0,0,0,0,0,0,0,0,0,0,1.0,0.02
668,2026-05-15 22:57:19,5,q65,0,8,8,366,561,535,535,5,5,0,0,0,23,1704512,0,0,420104560,5851869,26099826,0,0,107998,3,3,0,1644480,1644480,0,0,1644480,107998,1.46,0.37
669,2026-05-15 22:57:20,5,q66,0,3,3,9,10,4,4,0,0,0,0,0,0,4611,0,0,0,25,13305,0,0,0,0,0,0,0,0,0,0,0,0,0.44,0.01
670,2026-05-15 22:57:21,5,q67,0,6,22,2539,2512,7772,7257,32,32,0,23,0,171,803062,0,0,2613197504,2971465,15896536,0,0,523804,34,34,0,35032320,35032320,0,0,35032320,523804,3.06,2.54
671,2026-05-15 22:57:25,5,q67a,0,14,153,2573,8697,26224,21260,242,253,0,96,0,3758,803062,0,0,19188032472,2971465,15896536,0,0,3913413,393,393,0,254672067,254672067,0,0,74909707,1194405,10.19,2.57
672,2026-05-15 22:57:29,5,q68,0,7,7,476,506,482,474,3,3,0,0,0,10,3101862,0,0,97597832,3110665,30558942,0,0,2221,1,1,0,125465,125465,0,0,125465,2221,1.01,0.48
673,2026-05-15 22:57:30,5,q69,0,14,30,652,1004,1905,1735,29,30,0,0,0,190,525742,0,0,100986912,7185185,10862924,0,0,2160682,39,39,0,41534653,41534653,0,0,41534653,2160682,2.92,0.65
674,2026-05-15 22:57:32,5,q70,0,9,9,510,457,427,427,5,5,0,0,0,4,25220,0,0,408034064,5833881,20482262,0,0,19,4,4,0,840,840,0,0,840,19,0.84,0.51
675,2026-05-15 22:57:33,5,q70a,0,12,14,590,480,441,413,31,16,0,7,0,11,84465,0,0,812784240,5833881,20482262,0,0,24,11,11,0,1381,1381,0,0,1169,22,0.75,0.59
676,2026-05-15 22:57:35,5,q71,0,4,4,19,34,27,27,0,0,0,0,0,0,10559,0,0,0,177449,964204,0,0,0,0,0,0,0,0,0,0,0,0,1.42,0.02
677,2026-05-15 22:57:36,5,q72,0,4,4,11,14,6,5,0,0,0,0,0,0,7060,0,0,0,305,33649,0,0,0,0,0,0,0,0,0,0,0,0,0.55,0.01
678,2026-05-15 22:57:37,5,q73,0,3,3,10,11,6,6,0,0,0,0,0,0,4390,0,0,0,12,29396,0,0,0,0,0,0,0,0,0,0,0,0,0.6,0.01
679,2026-05-15 22:57:38,5,q74,0,11,11,551,1281,1244,1242,6,6,0,0,0,46,2987500,0,0,822149272,7445674,27918216,0,0,98902,4,4,0,3653467,3653467,0,0,3653467,98902,2.26,0.55
680,2026-05-15 22:57:40,5,q75,0,1,1,2,2,0,0,0,0,0,0,0,0,731,0,0,0,0,0,0,0,0,0,0,0,0,0,0,0,0,0,0.0,0.0
681,2026-05-15 22:57:41,5,q76,0,4,6,233,201,375,357,5,5,0,0,0,18,381530,0,0,290543480,5132385,27496014,0,0,509,3,3,0,45030,45030,0,0,45030,509,1.61,0.23
682,2026-05-15 22:57:42,5,q77,0,14,16,300,555,533,521,14,14,0,0,0,19,121458,0,0,687344520,5617801,37066317,0,0,133,9,9,0,12378,12378,0,0,12378,133,1.78,0.3
683,2026-05-15 22:57:44,5,q77a,0,17,21,406,590,584,560,21,21,0,0,0,25,141450,0,0,1226312384,5617801,37066317,0,0,245,20,20,0,28150,28150,0,0,16928,165,1.44,0.41
684,2026-05-15 22:57:46,5,q78,0,11,28,967,1665,5148,4263,134,68,0,320,0,54,3106243,0,0,5970598464,5690778,42936082,0,0,872646,35,35,0,20939025,20939025,0,0,20939025,872646,5.32,0.97
685,2026-05-15 22:57:48,5,q79,0,6,6,398,414,398,385,4,4,0,9,0,10,2491099,0,0,155522160,3060665,18856906,0,0,7013,1,1,0,231553,231553,0,0,231553,7013,1.0,0.4
686,2026-05-15 22:57:49,5,q80,0,14,16,644,1041,1014,995,10,11,0,0,0,26,5685107,0,0,745311640,5647789,58410183,0,0,856,6,6,0,70474,70474,0,0,70474,856,1.57,0.64
687,2026-05-15 22:57:51,5,q80a,0,17,21,733,1028,1008,973,19,19,0,0,0,38,5685107,0,0,1217170672,5647789,58410183,0,0,1883,17,17,0,173167,173167,0,0,98845,1133,1.38,0.73
688,2026-05-15 22:57:53,5,q81,0,11,11,193,357,323,322,8,8,0,0,0,36,4042611,0,0,499810360,611183,5479356,0,0,56347,4,4,0,1209586,1209586,0,0,1209586,56347,1.67,0.19
689,2026-05-15 22:57:54,5,q82,0,6,16,483,749,948,805,13,15,0,0,0,29,193440,0,0,299565576,14716453,31619372,0,0,669668,15,15,0,11943569,11943569,0,0,11943569,2880440,1.96,0.48
690,2026-05-15 22:57:56,5,q83,0,10,10,206,251,221,220,4,4,0,0,0,32,142714,0,0,412100960,740491,3792640,0,0,4250,3,3,0,93519,93519,0,0,93519,4250,1.07,0.21
691,2026-05-15 22:57:57,5,q84,0,6,6,385,184,160,160,2,2,0,0,0,0,9704788,0,0,102472224,2365534,7790382,0,0,0,0,0,0,0,0,0,0,0,0,0.42,0.38
692,2026-05-15 22:57:58,5,q85,0,4,4,12,15,6,6,0,0,0,0,0,0,5264,0,0,0,95,85836,0,0,0,0,0,0,0,0,0,0,0,0,0.5,0.01
693,2026-05-15 22:58:00,5,q86,0,5,5,193,172,154,154,4,4,0,0,0,8,272632,0,0,207306152,810433,4278230,0,0,266,2,2,0,17966,17966,0,0,17966,266,0.8,0.19
694,2026-05-15 22:58:01,5,q86a,0,8,10,227,181,178,163,8,8,0,0,0,18,272632,0,0,746274016,810433,4278230,0,0,641,9,9,0,51729,51729,0,0,30007,399,0.78,0.23
695,2026-05-15 22:58:02,5,q87,0,9,9,475,822,792,736,5,5,0,57,0,38,2491099,0,0,595902608,5214385,5292406,0,0,91194,4,4,0,2289264,2289264,0,0,2289264,91194,1.67,0.48
696,2026-05-15 22:58:04,5,q88,0,26,26,321,1886,1836,1800,0,0,0,0,0,31,14673,0,0,25741888,23741644,23037948,0,0,8,8,8,0,472,472,0,0,472,8,5.72,0.32
697,2026-05-15 22:58:05,5,q89,0,3,3,9,9,5,5,0,0,0,0,0,0,4503,0,0,0,12,95228,0,0,0,0,0,0,0,0,0,0,0,0,0.56,0.01
698,2026-05-15 22:58:06,5,q90,0,8,8,153,242,223,188,0,0,0,0,0,0,40754,0,0,6472208,1618828,2758860,0,0,2,2,2,0,118,118,0,0,118,2,1.46,0.15
699,2026-05-15 22:58:07,5,q91,0,5,5,10,24,15,14,0,0,0,0,0,0,32830,0,0,0,57206,328084,0,0,0,0,0,0,0,0,0,0,0,0,1.5,0.01
700,2026-05-15 22:58:08,5,q92,0,7,7,144,189,173,173,1,1,0,0,0,13,121704,0,0,72236048,1529817,8191922,0,0,9069,3,3,0,143446,143446,0,0,143446,9069,1.2,0.14
701,2026-05-15 22:58:10,5,q93,0,2,2,8,6,2,2,0,0,0,0,0,0,4265,0,0,0,0,3821,0,0,0,0,0,0,0,0,0,0,0,0,0.25,0.01
702,2026-05-15 22:58:11,5,q94,0,5,5,19,42,31,31,0,0,0,0,0,0,259989,0,0,0,194812,843731,0,0,0,0,0,0,0,0,0,0,0,0,1.63,0.02
703,2026-05-15 22:58:12,5,q95,0,5,5,15,41,32,32,0,0,0,0,0,0,260045,0,0,0,194812,843731,0,0,0,0,0,0,0,0,0,0,0,0,2.13,0.02
704,2026-05-15 22:58:13,5,q96,0,5,5,163,162,153,152,0,0,0,0,0,0,13366,0,0,3192904,2974016,2914488,0,0,1,1,1,0,59,59,0,0,59,1,0.94,0.16
705,2026-05-15 22:58:14,5,q97,0,5,12,519,651,1986,1883,8,9,0,0,0,36,126552,0,0,2342261680,4395001,11804290,0,0,834974,24,24,0,8658863,8658863,0,0,8658863,834974,3.83,0.52
706,2026-05-15 22:58:16,5,q98,0,2,2,8,5,2,2,0,0,0,0,0,0,4265,0,0,0,0,77988,0,0,0,0,0,0,0,0,0,0,0,0,0.25,0.01
707,2026-05-15 22:58:17,5,q99,0,6,6,281,265,252,252,3,3,0,0,0,4,19887,0,0,138939448,1514628,3900461,0,0,90,1,1,0,11250,11250,0,0,11250,90,0.9,0.28
708,2026-05-15 22:58:18,6,q1,0,8,8,197,304,279,277,3,3,0,0,0,23,1017955,0,0,422333440,748089,4842446,0,0,99878,3,3,0,1544051,1544051,0,0,1544051,99878,1.42,0.2
709,2026-05-15 22:58:19,6,q2,0,9,10,324,274,376,368,6,6,0,0,0,21,680157,0,0,284679544,2380079,7614862,0,0,4453,8,8,0,91309,91309,0,0,38659,3403,1.16,0.32
710,2026-05-15 22:58:21,6,q3,0,4,4,203,189,179,179,3,3,0,0,0,4,35702,0,0,69994472,2971453,15371138,0,0,89,1,1,0,8279,8279,0,0,8279,89,0.88,0.2
711,2026-05-15 22:58:22,6,q4,0,19,123,1797,5399,22035,16187,171,162,0,528,0,4782,609398,0,0,23149964296,5287434,62185976,0,0,10424391,445,445,0,277816112,277816112,0,0,131839186,5088880,12.26,1.8
712,2026-05-15 22:58:25,6,q5,0,10,15,417,777,1086,1043,15,15,0,0,0,41,1650783,0,0,494330152,6348873,41651027,0,0,1515,9,9,0,100764,100764,0,0,100764,1515,2.6,0.42
713,2026-05-15 22:58:26,6,q5a,0,13,20,615,897,1193,1140,18,21,0,11,0,57,1650783,0,0,1033298024,6348873,41651027,0,0,3255,20,20,0,237079,237079,0,0,139181,2005,1.94,0.62
714,2026-05-15 22:58:28,6,q6,0,12,28,521,651,2563,2383,34,34,0,0,0,161,1041019,0,0,1474212376,3212502,9340384,0,0,2786107,37,37,0,24510239,24510239,0,0,24510239,2786107,4.92,0.52
715,2026-05-15 22:58:30,6,q7,0,4,4,11,17,10,10,0,0,0,0,0,0,142714,0,0,0,18300,252034,0,0,0,0,0,0,0,0,0,0,0,0,0.91,0.01
716,2026-05-15 22:58:31,6,q8,0,10,10,296,260,233,233,4,3,0,0,0,15,275062,0,0,341745984,3153465,11294186,0,0,3491,4,4,0,59038,59038,0,0,59038,3491,0.79,0.3
717,2026-05-15 22:58:32,6,q9,0,31,31,330,3299,3120,2378,7,6,0,0,0,0,4782,0,0,0,43206095,97312801,0,0,15,15,15,0,946,946,0,0,946,15,9.45,0.33
718,2026-05-15 22:58:34,6,q10,0,13,29,702,1060,1437,1180,33,32,0,0,0,115,529175,0,0,778679088,7185185,10964911,0,0,826612,31,31,0,47123357,47123357,0,0,47123357,2208464,2.05,0.7
719,2026-05-15 22:58:36,6,q10a,0,11,28,657,920,1002,1004,29,31,0,0,0,111,501180,0,0,361870128,7185185,10964911,0,0,513766,25,25,0,47120004,47120004,0,0,47120004,2204076,1.53,0.66
720,2026-05-15 22:58:37,6,q11,0,14,80,1369,2856,15033,11534,223,101,0,416,0,2871,517614,0,0,14895471784,3845886,22340176,0,0,7308134,269,269,0,121055372,121055372,0,0,58048608,3603562,10.98,1.37
721,2026-05-15 22:58:40,6,q12,0,2,2,7,5,2,2,0,0,0,0,0,0,4265,0,0,0,0,77988,0,0,0,0,0,0,0,0,0,0,0,0,0.29,0.01
722,2026-05-15 22:58:41,6,q13,0,6,6,20,42,29,29,0,0,0,0,0,0,92495,0,0,0,130261,810924,0,0,0,0,0,0,0,0,0,0,0,0,1.45,0.02
723,2026-05-15 22:58:42,6,q14a,0,30,80,3284,3811,8942,7614,126,143,25,176,0,1767,734043,0,0,5323952848,15415155,57406770,0,0,6328590,124,124,0,88210545,88210545,0,0,87084141,6301174,2.72,3.28
724,2026-05-15 22:58:48,6,q14b,0,24,59,1653,2424,6257,5360,80,85,0,22,0,1192,778651,0,0,3268280944,13400321,46556414,0,0,6861513,80,80,0,97442680,97442680,0,0,51225054,4111202,3.79,1.65
725,2026-05-15 22:58:51,6,q14,0,24,59,1309,2084,4698,3924,75,88,0,0,0,1230,778651,0,0,3276309104,13400321,46556414,0,0,6851380,80,80,0,96756697,96756697,0,0,50539071,4101069,3.59,1.31
726,2026-05-15 22:58:53,6,q15,0,5,5,460,456,442,442,3,3,0,0,0,6,1041019,0,0,145379880,1664597,5413962,0,0,202,1,1,0,11828,11828,0,0,11828,202,0.96,0.46
727,2026-05-15 22:58:55,6,q16,0,8,24,753,936,5951,5466,36,30,0,0,0,67,541943,0,0,2577803232,3150218,16739594,0,0,2870561,51,51,0,39357570,39357570,0,0,39357570,2870561,7.9,0.75
728,2026-05-15 22:58:57,6,q17,0,9,25,714,926,3237,2807,37,33,0,15,0,57,6091978,0,0,2626859256,4773576,21120712,0,0,1629074,35,35,0,31753837,31753837,0,0,31753837,1629074,4.53,0.71
729,2026-05-15 22:58:58,6,q18,0,3,3,11,15,10,10,0,0,0,0,0,0,142714,0,0,0,18000,217930,0,0,0,0,0,0,0,0,0,0,0,0,0.91,0.01
730,2026-05-15 22:58:59,6,q18a,0,10,10,50,164,131,120,0,0,0,0,0,0,853740,0,0,0,409049,3071698,0,0,0,0,0,0,0,0,0,0,0,0,2.62,0.05
731,2026-05-15 22:59:01,6,q19,0,7,7,429,428,407,407,5,5,0,0,0,6,1041019,0,0,80384184,3121465,18164328,0,0,160,1,1,0,17796,17796,0,0,17796,160,0.95,0.43
732,2026-05-15 22:59:02,6,q20,0,2,2,8,6,2,2,0,0,0,0,0,0,4265,0,0,0,0,77988,0,0,0,0,0,0,0,0,0,0,0,0,0.25,0.01
733,2026-05-15 22:59:03,6,q21,0,5,5,526,514,498,498,3,3,0,0,0,10,17151,0,0,137953760,11836054,25473259,0,0,2795,1,1,0,97587,97587,0,0,97587,2795,0.95,0.53
734,2026-05-15 22:59:05,6,q22,0,5,5,7661,7645,7630,7629,4,4,0,0,0,12,803062,0,0,146947520,11836054,25380912,0,0,35968,1,1,0,1544161,1544161,0,0,1544161,35968,1.0,7.66
735,2026-05-15 22:59:14,6,q22a,0,10,14,1260,1305,1313,1305,19,20,0,9,0,42,803062,0,0,956185792,11836054,25385773,0,0,72373,14,14,0,3722976,3722976,0,0,1718132,36377,1.04,1.26
736,2026-05-15 22:59:16,6,q23a,0,16,47,2014,3798,6594,6241,85,68,0,0,0,211,1166709,0,0,3941269824,11139291,41579890,0,0,3812080,114,114,0,98368916,98368916,0,0,98366379,3812037,3.27,2.01
737,2026-05-15 22:59:19,6,q23b,0,20,68,2083,3982,7182,6867,114,111,0,18,0,241,1166709,0,0,6508186696,11239291,42252606,0,0,3908567,131,131,0,100971109,100971109,0,0,100968572,3908524,3.45,2.08
738,2026-05-15 22:59:22,6,q24,0,3,3,10,9,4,4,0,0,0,0,0,0,4390,0,0,0,12,103212,0,0,0,0,0,0,0,0,0,0,0,0,0.4,0.01
739,2026-05-15 22:59:23,6,q24a,0,3,3,7,7,0,0,0,0,0,0,0,0,4347,0,0,0,12,103212,0,0,0,0,0,0,0,0,0,0,0,0,0.0,0.01
740,2026-05-15 22:59:25,6,q24b,0,3,3,6,7,2,1,0,0,0,0,0,0,4390,0,0,0,12,103212,0,0,0,0,0,0,0,0,0,0,0,0,0.33,0.01
741,2026-05-15 22:59:26,6,q25,0,9,25,685,922,3008,2682,31,30,0,0,0,65,6124349,0,0,2626834640,4773576,30890414,0,0,1629074,35,35,0,32135493,32135493,0,0,32135493,1629074,4.39,0.68
742,2026-05-15 22:59:27,6,q26,0,4,4,7,15,9,9,0,0,0,0,0,0,142714,0,0,0,18300,252034,0,0,0,0,0,0,0,0,0,0,0,0,1.29,0.01
743,2026-05-15 22:59:28,6,q27,0,3,3,6,7,3,3,0,0,0,0,0,0,4712,0,0,0,12,98390,0,0,0,0,0,0,0,0,0,0,0,0,0.5,0.01
744,2026-05-15 22:59:30,6,q27a,0,7,7,20,35,23,22,0,0,0,0,0,0,142714,0,0,0,109073,694440,0,0,0,0,0,0,0,0,0,0,0,0,1.15,0.02
745,2026-05-15 22:59:31,6,q28,0,18,18,434,2091,2041,1890,11,11,0,138,0,81,8261,0,0,808451808,17282424,105885000,0,0,47107,12,12,0,769812,769812,0,0,769812,47107,4.7,0.43
746,2026-05-15 22:59:32,6,q29,0,10,26,643,893,2913,2599,31,31,0,0,0,59,6091978,0,0,2626942080,4846625,21600490,0,0,1629074,35,35,0,31753942,31753942,0,0,31753942,1629074,4.53,0.64
747,2026-05-15 22:59:34,6,q30,0,12,21,185,351,376,360,45,36,0,0,0,50,402833,0,0,503073576,466575,5793548,0,0,126097,23,23,0,11161609,11161609,0,0,11161609,126097,2.03,0.18
748,2026-05-15 22:59:35,6,q31,0,19,19,436,1502,1428,1415,11,11,0,0,0,99,772216,0,0,1178381960,11068511,40663962,0,0,11385,9,9,0,440977,440977,0,0,368243,9860,3.28,0.44
749,2026-05-15 22:59:37,6,q32,0,7,7,204,279,263,262,0,0,0,0,0,12,130341,0,0,72235152,2974145,14139570,0,0,9308,3,3,0,150123,150123,0,0,150123,9308,1.29,0.2
750,2026-05-15 22:59:38,6,q33,0,2,2,7,5,2,2,0,0,0,0,0,0,4265,0,0,0,0,77988,0,0,0,0,0,0,0,0,0,0,0,0,0.29,0.01
751,2026-05-15 22:59:39,6,q34,0,3,3,10,10,5,5,0,0,0,0,0,0,4390,0,0,0,12,29396,0,0,0,0,0,0,0,0,0,0,0,0,0.5,0.01
752,2026-05-15 22:59:40,6,q35,0,14,29,577,1003,2472,2200,31,32,0,0,0,437,495712,0,0,1189007520,7185185,10831699,0,0,2572181,37,37,0,24618550,24618550,0,0,24618550,2572181,4.28,0.58
753,2026-05-15 22:59:42,6,q35a,0,12,28,561,908,2633,2318,28,28,0,0,0,597,469728,0,0,1190304816,7185185,10831699,0,0,2571909,37,37,0,24612692,24612692,0,0,24612692,2571909,4.69,0.56
754,2026-05-15 22:59:43,6,q36,0,6,6,434,413,396,396,4,4,0,0,0,8,272632,0,0,208354816,2971465,24377782,0,0,266,2,2,0,19035,19035,0,0,19035,266,0.91,0.43
755,2026-05-15 22:59:45,6,q36a,0,9,11,462,409,404,374,9,10,0,17,0,18,272632,0,0,747322688,2971465,24377782,0,0,641,9,9,0,56190,56190,0,0,32454,399,0.87,0.46
756,2026-05-15 22:59:46,6,q37,0,5,5,606,500,477,477,2,2,0,0,0,1,7229608,0,0,69874856,13277597,28516680,0,0,1,1,1,0,253,253,0,0,253,1,0.79,0.61
757,2026-05-15 22:59:48,6,q38,0,9,9,431,777,748,697,4,4,0,0,0,34,2491099,0,0,595902608,5214385,5292406,0,0,91194,4,4,0,2289264,2289264,0,0,2289264,91194,1.74,0.43
758,2026-05-15 22:59:50,6,q39a,0,10,10,767,1298,1266,1265,8,8,0,0,0,32,96649,0,0,418997912,23654103,50327687,0,0,135243,4,4,0,3309465,3309465,0,0,2213545,90243,1.65,0.77
759,2026-05-15 22:59:51,6,q39b,0,10,10,560,971,942,942,5,5,0,0,0,22,96649,0,0,418743960,23654103,50327687,0,0,135014,4,4,0,3289055,3289055,0,0,2193135,90014,1.68,0.56
760,2026-05-15 22:59:53,6,q40,0,6,6,282,252,231,225,3,3,0,0,0,9,2150491,0,0,154730976,1676669,9123221,0,0,534,1,1,0,31932,31932,0,0,31932,534,0.82,0.28
761,2026-05-15 22:59:54,6,q41,0,2,2,19,17,13,13,1,1,0,0,0,0,5257,0,0,262144,0,77988,0,0,0,0,0,0,0,0,0,0,0,0,0.68,0.02
762,2026-05-15 22:59:55,6,q42,0,4,4,173,159,148,148,3,3,0,0,0,2,14303,0,0,69746904,2971453,15426498,0,0,10,1,1,0,925,925,0,0,925,10,0.86,0.17
763,2026-05-15 22:59:57,6,q43,0,4,4,288,267,254,254,3,3,0,0,0,2,14303,0,0,69733304,2953465,7454094,0,0,6,1,1,0,618,618,0,0,618,6,0.88,0.29
764,2026-05-15 22:59:58,6,q44,0,8,8,307,293,268,264,4,4,0,0,0,11,299186,0,0,478831784,5778808,25054758,0,0,36021,5,5,0,574234,574234,0,0,287345,18022,0.87,0.31
765,2026-05-15 22:59:59,6,q45,0,7,7,155,174,158,156,2,2,0,0,0,2,1041019,0,0,146573480,978433,4965496,0,0,19,1,1,0,1799,1799,0,0,1799,19,1.02,0.16
766,2026-05-15 23:00:01,6,q46,0,7,7,492,522,498,495,4,4,0,0,0,10,3101862,0,0,164973472,3110665,19329222,0,0,10081,1,1,0,430760,430760,0,0,430760,10081,1.01,0.49
767,2026-05-15 23:00:02,6,q47,0,11,17,1015,1408,2097,2033,23,22,0,0,0,106,399015,0,0,1569865232,2971465,13075570,0,0,499240,30,30,0,15789663,15789663,0,0,11851696,370924,2.07,1.01
768,2026-05-15 23:00:04,6,q48,0,5,5,22,37,28,28,0,0,0,0,0,0,115374,0,0,0,123061,788456,0,0,0,0,0,0,0,0,0,0,0,0,1.27,0.02
769,2026-05-15 23:00:05,6,q49,0,12,14,456,671,684,624,16,16,0,30,0,15,103233,0,0,814727624,5617729,52835116,0,0,170,9,9,0,11817,11817,0,0,11817,170,1.5,0.46
770,2026-05-15 23:00:07,6,q50,0,6,6,532,472,448,438,4,4,0,10,0,1,4389332,0,0,156298224,3314028,12356584,0,0,6,1,1,0,1447,1447,0,0,1447,6,0.84,0.53
771,2026-05-15 23:00:08,6,q51,0,10,43,816,1131,4275,4070,53,56,0,0,0,473,263945,0,0,3625456128,3672837,15502850,0,0,2523869,299,299,0,43438446,43438446,0,0,43438446,2523869,5.24,0.82
772,2026-05-15 23:00:10,6,q51a,0,14,74,2166,2825,22869,21334,126,123,0,274,0,696,1761555,0,0,11902151584,3672837,15502850,0,0,4889102,693,693,0,83968631,83968631,0,0,61032787,3644888,10.56,2.17
773,2026-05-15 23:00:14,6,q52,0,4,4,195,182,172,172,3,3,0,0,0,5,14303,0,0,69746904,2971453,15427078,0,0,109,1,1,0,9739,9739,0,0,9739,109,0.88,0.2
774,2026-05-15 23:00:15,6,q53,0,3,3,10,12,6,6,0,0,0,0,0,0,4390,0,0,0,12,95228,0,0,0,0,0,0,0,0,0,0,0,0,0.6,0.01
775,2026-05-15 23:00:16,6,q54,0,3,3,8,10,5,4,0,0,0,0,0,0,4323,0,0,0,12,92648,0,0,0,0,0,0,0,0,0,0,0,0,0.62,0.01
776,2026-05-15 23:00:17,6,q55,0,4,4,178,167,155,155,2,2,0,0,0,5,14303,0,0,69746904,2971453,15427078,0,0,104,1,1,0,8981,8981,0,0,8981,104,0.87,0.18
777,2026-05-15 23:00:18,6,q56,0,3,3,9,14,9,9,0,0,0,0,0,0,97723,0,0,0,50000,290184,0,0,0,0,0,0,0,0,0,0,0,0,1.0,0.01
778,2026-05-15 23:00:19,6,q57,0,9,9,650,724,691,684,8,8,0,0,0,35,497206,0,0,550911816,1532603,6083188,0,0,160920,5,5,0,4348229,4348229,0,0,2602187,96552,1.06,0.65
779,2026-05-15 23:00:21,6,q58,0,10,10,441,685,634,631,24,6,0,0,0,35,142714,0,0,612801360,5278483,26522362,0,0,17396,3,3,0,287209,287209,0,0,287209,17396,1.44,0.44
780,2026-05-15 23:00:23,6,q59,0,10,10,412,417,388,388,4,4,0,0,0,26,680157,0,0,211152528,3099575,7749954,0,0,7524,4,4,0,133338,133338,0,0,89016,5952,0.94,0.41
781,2026-05-15 23:00:24,6,q60,0,3,3,9,10,6,6,0,0,0,0,0,0,97723,0,0,0,50000,292044,0,0,0,0,0,0,0,0,0,0,0,0,0.67,0.01
782,2026-05-15 23:00:25,6,q61,0,8,8,30,56,40,40,0,0,0,0,0,0,1041019,0,0,0,223361,1238710,0,0,0,0,0,0,0,0,0,0,0,0,1.33,0.03
783,2026-05-15 23:00:26,6,q62,0,6,6,252,242,224,218,3,3,0,0,0,6,19887,0,0,138939640,792488,2839194,0,0,150,1,1,0,17537,17537,0,0,17537,150,0.89,0.25
784,2026-05-15 23:00:28,6,q63,0,3,3,12,11,5,5,0,0,0,0,0,0,4390,0,0,0,12,95228,0,0,0,0,0,0,0,0,0,0,0,0,0.42,0.01
785,2026-05-15 23:00:29,6,q64,0,9,9,32,66,45,44,0,0,0,0,0,0,375881,0,0,0,226679,1105692,0,0,0,0,0,0,0,0,0,0,0,0,1.41,0.03
786,2026-05-15 23:00:30,6,q65,0,10,15,374,639,631,621,17,16,0,0,0,33,1704512,0,0,425347840,5851869,26099826,0,0,162108,9,9,0,7984419,7984419,0,0,7984419,162108,1.69,0.37
787,2026-05-15 23:00:32,6,q66,0,3,3,8,9,4,4,0,0,0,0,0,0,4611,0,0,0,25,13305,0,0,0,0,0,0,0,0,0,0,0,0,0.5,0.01
788,2026-05-15 23:00:33,6,q67,0,6,22,2595,2567,9430,8505,30,31,0,416,0,117,803062,0,0,2613197504,2971465,15896536,0,0,523804,34,34,0,35032320,35032320,0,0,35032320,523804,3.63,2.6
789,2026-05-15 23:00:36,6,q67a,0,14,153,2368,7287,22978,17738,241,253,0,160,0,4725,803062,0,0,19188032472,2971465,15896536,0,0,3913413,393,393,0,254672067,254672067,0,0,74909707,1194405,9.7,2.37
790,2026-05-15 23:00:40,6,q68,0,7,7,480,506,484,482,3,3,0,0,0,10,3101862,0,0,97597832,3110665,30558942,0,0,2221,1,1,0,125465,125465,0,0,125465,2221,1.01,0.48
791,2026-05-15 23:00:42,6,q69,0,14,30,657,1007,2036,1858,33,31,0,0,0,193,525742,0,0,100986912,7185185,10862924,0,0,2160682,39,39,0,41534653,41534653,0,0,41534653,2160682,3.1,0.66
792,2026-05-15 23:00:43,6,q70,0,9,9,514,455,425,425,6,6,0,0,0,4,25220,0,0,408034064,5833881,20482262,0,0,19,4,4,0,840,840,0,0,840,19,0.83,0.51
793,2026-05-15 23:00:45,6,q70a,0,12,14,592,453,435,406,13,14,0,0,0,12,84465,0,0,812784240,5833881,20482262,0,0,24,11,11,0,1381,1381,0,0,1169,22,0.73,0.59
794,2026-05-15 23:00:47,6,q71,0,4,4,19,34,26,26,0,0,0,0,0,0,10559,0,0,0,177449,964204,0,0,0,0,0,0,0,0,0,0,0,0,1.37,0.02
795,2026-05-15 23:00:48,6,q72,0,4,4,13,14,4,4,0,0,0,0,0,0,7060,0,0,0,305,33649,0,0,0,0,0,0,0,0,0,0,0,0,0.31,0.01
796,2026-05-15 23:00:49,6,q73,0,3,3,10,11,6,6,0,0,0,0,0,0,4390,0,0,0,12,29396,0,0,0,0,0,0,0,0,0,0,0,0,0.6,0.01
797,2026-05-15 23:00:50,6,q74,0,11,11,558,1354,1316,1316,8,8,0,0,0,49,2987500,0,0,822149272,7445674,27918216,0,0,98902,4,4,0,3653467,3653467,0,0,3653467,98902,2.36,0.56
798,2026-05-15 23:00:52,6,q75,0,1,1,2,2,0,0,0,0,0,0,0,0,731,0,0,0,0,0,0,0,0,0,0,0,0,0,0,0,0,0,0.0,0.0
799,2026-05-15 23:00:53,6,q76,0,4,6,230,199,369,349,5,5,0,0,0,18,381530,0,0,290543480,5132385,27496014,0,0,509,3,3,0,45030,45030,0,0,45030,509,1.6,0.23
800,2026-05-15 23:00:54,6,q77,0,14,16,290,559,544,531,14,14,0,0,0,17,121458,0,0,687344520,5617801,37066317,0,0,133,9,9,0,12378,12378,0,0,12378,133,1.88,0.29
801,2026-05-15 23:00:55,6,q77a,0,17,21,413,577,567,546,18,20,0,0,0,24,141450,0,0,1226312384,5617801,37066317,0,0,245,20,20,0,28150,28150,0,0,16928,165,1.37,0.41
802,2026-05-15 23:00:57,6,q78,0,11,28,971,1675,5264,4840,104,65,0,0,0,53,3106243,0,0,5970598464,5690778,42936082,0,0,872646,35,35,0,20939025,20939025,0,0,20939025,872646,5.42,0.97
803,2026-05-15 23:00:59,6,q79,0,6,6,438,455,433,403,4,4,0,28,0,10,2491099,0,0,155522160,3060665,18856906,0,0,7013,1,1,0,231553,231553,0,0,231553,7013,0.99,0.44
804,2026-05-15 23:01:01,6,q80,0,14,16,631,1011,983,965,12,12,0,0,0,25,5685107,0,0,745311640,5647789,58410183,0,0,856,6,6,0,70474,70474,0,0,70474,856,1.56,0.63
805,2026-05-15 23:01:02,6,q80a,0,17,21,667,925,905,876,19,19,0,0,0,37,5685107,0,0,1217170672,5647789,58410183,0,0,1883,17,17,0,173167,173167,0,0,98845,1133,1.36,0.67
806,2026-05-15 23:01:04,6,q81,0,11,11,187,345,309,306,5,5,0,0,0,35,4042611,0,0,499810360,611183,5479356,0,0,56347,4,4,0,1209586,1209586,0,0,1209586,56347,1.65,0.19
807,2026-05-15 23:01:06,6,q82,0,6,16,517,782,999,853,13,17,0,0,0,29,193440,0,0,299565576,14716453,31619372,0,0,669668,15,15,0,11943569,11943569,0,0,11943569,2880440,1.93,0.52
808,2026-05-15 23:01:07,6,q83,0,10,10,207,249,219,218,4,4,0,0,0,33,142714,0,0,412100960,740491,3792640,0,0,4250,3,3,0,93519,93519,0,0,93519,4250,1.06,0.21
809,2026-05-15 23:01:09,6,q84,0,6,6,395,189,165,164,2,2,0,0,0,0,9704788,0,0,102472224,2365534,7790382,0,0,0,0,0,0,0,0,0,0,0,0,0.42,0.4
810,2026-05-15 23:01:10,6,q85,0,4,4,8,14,4,4,0,0,0,0,0,0,5264,0,0,0,95,85836,0,0,0,0,0,0,0,0,0,0,0,0,0.5,0.01
811,2026-05-15 23:01:11,6,q86,0,5,5,186,165,150,150,3,3,0,0,0,8,272632,0,0,207306152,810433,4278230,0,0,266,2,2,0,17966,17966,0,0,17966,266,0.81,0.19
812,2026-05-15 23:01:12,6,q86a,0,8,10,235,190,185,175,10,10,0,0,0,19,272632,0,0,746274016,810433,4278230,0,0,641,9,9,0,51729,51729,0,0,30007,399,0.79,0.24
813,2026-05-15 23:01:14,6,q87,0,9,9,379,671,637,631,3,3,0,0,0,33,2491099,0,0,595902608,5214385,5292406,0,0,91194,4,4,0,2289264,2289264,0,0,2289264,91194,1.68,0.38
814,2026-05-15 23:01:15,6,q88,0,26,26,357,1967,1918,1791,0,0,0,120,0,0,14673,0,0,25741888,23741644,23037948,0,0,8,8,8,0,472,472,0,0,472,8,5.37,0.36
815,2026-05-15 23:01:17,6,q89,0,3,3,10,12,4,4,0,0,0,0,0,0,4503,0,0,0,12,95228,0,0,0,0,0,0,0,0,0,0,0,0,0.4,0.01
816,2026-05-15 23:01:18,6,q90,0,8,8,105,154,139,139,0,0,0,0,0,0,40754,0,0,6472208,1618828,2758860,0,0,2,2,2,0,118,118,0,0,118,2,1.32,0.1
817,2026-05-15 23:01:19,6,q91,0,4,4,11,17,11,11,0,0,0,0,0,0,10610,0,0,0,7206,114028,0,0,0,0,0,0,0,0,0,0,0,0,1.0,0.01
818,2026-05-15 23:01:20,6,q92,0,7,7,209,271,251,207,2,2,0,8,0,14,121747,0,0,72236048,1529817,8191922,0,0,9069,3,3,0,143446,143446,0,0,143446,9069,1.2,0.21
819,2026-05-15 23:01:21,6,q93,0,2,2,7,5,2,2,0,0,0,0,0,0,4265,0,0,0,0,3821,0,0,0,0,0,0,0,0,0,0,0,0,0.29,0.01
820,2026-05-15 23:01:22,6,q94,0,5,5,17,39,30,30,0,0,0,0,0,0,259989,0,0,0,194812,843731,0,0,0,0,0,0,0,0,0,0,0,0,1.76,0.02
821,2026-05-15 23:01:23,6,q95,0,4,4,15,27,17,17,0,0,0,0,0,0,13479,0,0,0,123049,698949,0,0,0,0,0,0,0,0,0,0,0,0,1.13,0.02
822,2026-05-15 23:01:24,6,q96,0,5,5,163,163,152,152,0,0,0,0,0,0,13366,0,0,3192904,2974016,2914488,0,0,1,1,1,0,59,59,0,0,59,1,0.93,0.16
823,2026-05-15 23:01:26,6,q97,0,5,12,563,693,2306,2220,8,8,0,0,0,28,126552,0,0,2342261680,4395001,11804290,0,0,834974,24,24,0,8658863,8658863,0,0,8658863,834974,4.1,0.56
824,2026-05-15 23:01:27,6,q98,0,2,2,7,5,2,2,0,0,0,0,0,0,4265,0,0,0,0,77988,0,0,0,0,0,0,0,0,0,0,0,0,0.29,0.01
825,2026-05-15 23:01:28,6,q99,0,6,6,266,253,237,237,3,3,0,0,0,4,19887,0,0,138939448,1514628,3900461,0,0,90,1,1,0,11250,11250,0,0,11250,90,0.89,0.27
826,2026-05-15 23:01:30,7,q1,0,8,8,201,309,284,273,4,4,0,0,0,23,1017955,0,0,422333440,748089,4842446,0,0,99878,3,3,0,1544051,1544051,0,0,1544051,99878,1.41,0.2
827,2026-05-15 23:01:31,7,q2,0,9,10,322,276,369,356,7,6,0,0,0,21,680157,0,0,284679544,2380079,7614862,0,0,4453,8,8,0,91309,91309,0,0,38659,3403,1.15,0.32
828,2026-05-15 23:01:32,7,q3,0,4,4,197,184,172,172,2,2,0,0,0,4,35702,0,0,69994472,2971453,15371138,0,0,89,1,1,0,8279,8279,0,0,8279,89,0.87,0.2
829,2026-05-15 23:01:33,7,q4,0,19,123,1835,5697,22732,16055,159,166,0,204,0,5559,609398,0,0,23149964296,5287434,62185976,0,0,10424391,445,445,0,277816112,277816112,0,0,131839186,5088880,12.39,1.84
830,2026-05-15 23:01:37,7,q5,0,10,15,422,802,1125,1086,15,14,0,0,0,42,1650783,0,0,494330152,6348873,41651027,0,0,1515,9,9,0,100764,100764,0,0,100764,1515,2.67,0.42
831,2026-05-15 23:01:38,7,q5a,0,13,20,603,887,1195,1146,21,22,0,0,0,56,1650783,0,0,1033298024,6348873,41651027,0,0,3255,20,20,0,237079,237079,0,0,139181,2005,1.98,0.6
832,2026-05-15 23:01:40,7,q6,0,12,28,514,644,2462,2291,30,32,0,0,0,158,1041019,0,0,1474212376,3212502,9340384,0,0,2786107,37,37,0,24510239,24510239,0,0,24510239,2786107,4.79,0.51
833,2026-05-15 23:01:41,7,q7,0,4,4,11,19,12,12,0,0,0,0,0,0,142714,0,0,0,18300,252034,0,0,0,0,0,0,0,0,0,0,0,0,1.09,0.01
834,2026-05-15 23:01:42,7,q8,0,10,10,297,263,234,234,5,5,0,0,0,15,275062,0,0,341745984,3153465,11294186,0,0,3491,4,4,0,59038,59038,0,0,59038,3491,0.79,0.3
835,2026-05-15 23:01:44,7,q9,0,31,31,294,2987,2873,2432,9,9,0,285,0,0,4825,0,0,0,43206095,97312801,0,0,15,15,15,0,946,946,0,0,946,15,9.77,0.29
836,2026-05-15 23:01:45,7,q10,0,13,29,717,1088,1482,1218,31,32,0,0,0,117,529175,0,0,778679088,7185185,10964911,0,0,826612,31,31,0,47123357,47123357,0,0,47123357,2208464,2.07,0.72
837,2026-05-15 23:01:47,7,q10a,0,11,28,662,1030,1171,1168,31,31,0,0,0,110,501180,0,0,361870128,7185185,10964911,0,0,513766,25,25,0,47120004,47120004,0,0,47120004,2204076,1.77,0.66
838,2026-05-15 23:01:49,7,q11,0,14,80,1338,2774,14484,11475,105,104,0,0,0,2810,517614,0,0,14895471784,3845886,22340176,0,0,7308134,269,269,0,121055372,121055372,0,0,58048608,3603562,10.83,1.34
839,2026-05-15 23:01:51,7,q12,0,2,2,8,6,3,3,0,0,0,0,0,0,4265,0,0,0,0,77988,0,0,0,0,0,0,0,0,0,0,0,0,0.38,0.01
840,2026-05-15 23:01:52,7,q13,0,6,6,19,43,32,31,0,0,0,0,0,0,92495,0,0,0,130261,810924,0,0,0,0,0,0,0,0,0,0,0,0,1.68,0.02
841,2026-05-15 23:01:53,7,q14a,0,30,80,3227,3784,9203,8062,131,143,0,76,0,1601,734043,0,0,5323952848,15415155,57406770,0,0,6328590,124,124,0,88210545,88210545,0,0,87084141,6301174,2.85,3.23
842,2026-05-15 23:01:59,7,q14b,0,24,59,1699,2558,7224,6506,79,88,0,19,0,1012,778651,0,0,3268280944,13400321,46556414,0,0,6861513,80,80,0,97442680,97442680,0,0,51225054,4111202,4.25,1.7
843,2026-05-15 23:02:02,7,q14,0,24,59,1346,2143,4012,3340,88,90,0,48,0,1080,778651,0,0,3276309104,13400321,46556414,0,0,6851380,80,80,0,96756697,96756697,0,0,50539071,4101069,2.98,1.35
844,2026-05-15 23:02:05,7,q15,0,5,5,467,465,449,449,3,3,0,0,0,7,1041019,0,0,145379880,1664597,5413962,0,0,202,1,1,0,11828,11828,0,0,11828,202,0.96,0.47
845,2026-05-15 23:02:06,7,q16,0,8,24,741,935,5732,5241,44,33,0,0,0,67,541943,0,0,2577803232,3150218,16739594,0,0,2870561,51,51,0,39357570,39357570,0,0,39357570,2870561,7.74,0.74
846,2026-05-15 23:02:08,7,q17,0,9,25,693,929,3145,2776,34,33,0,0,0,59,6091978,0,0,2626859256,4773576,21120712,0,0,1629074,35,35,0,31753837,31753837,0,0,31753837,1629074,4.54,0.69
847,2026-05-15 23:02:10,7,q18,0,4,4,11,29,21,21,0,0,0,0,0,0,142714,0,0,0,91049,563828,0,0,0,0,0,0,0,0,0,0,0,0,1.91,0.01
848,2026-05-15 23:02:11,7,q18a,0,9,9,34,109,91,91,0,0,0,0,0,0,156291,0,0,0,309049,1927942,0,0,0,0,0,0,0,0,0,0,0,0,2.68,0.03
849,2026-05-15 23:02:12,7,q19,0,7,7,363,364,346,344,4,4,0,0,0,6,1041019,0,0,80384184,3121465,18164328,0,0,160,1,1,0,17796,17796,0,0,17796,160,0.95,0.36
850,2026-05-15 23:02:14,7,q20,0,2,2,8,7,2,2,0,0,0,0,0,0,4265,0,0,0,0,77988,0,0,0,0,0,0,0,0,0,0,0,0,0.25,0.01
851,2026-05-15 23:02:15,7,q21,0,5,5,534,522,508,508,3,3,0,0,0,10,17151,0,0,137953760,11836054,25473259,0,0,2795,1,1,0,97587,97587,0,0,97587,2795,0.95,0.53
852,2026-05-15 23:02:16,7,q22,0,5,5,7914,7899,7882,7833,3,3,0,47,0,12,803062,0,0,146947520,11836054,25380912,0,0,35968,1,1,0,1544161,1544161,0,0,1544161,35968,1.0,7.91
853,2026-05-15 23:02:25,7,q22a,0,10,14,1225,1273,1278,1278,15,16,0,0,0,47,803062,0,0,956185792,11836054,25385773,0,0,72373,14,14,0,3722976,3722976,0,0,1718132,36377,1.04,1.23
854,2026-05-15 23:02:28,7,q23a,0,16,47,2112,3877,7311,6970,75,68,7,14,0,230,1166709,0,0,3941269824,11139291,41579890,0,0,3812080,114,114,0,98368916,98368916,0,0,98366379,3812037,3.46,2.11
855,2026-05-15 23:02:31,7,q23b,0,20,68,2042,3923,7149,6846,112,114,0,0,0,227,1166709,0,0,6508186696,11239291,42252606,0,0,3908567,131,131,0,100971109,100971109,0,0,100968572,3908524,3.5,2.04
856,2026-05-15 23:02:34,7,q24,0,3,3,9,9,4,4,0,0,0,0,0,0,4390,0,0,0,12,103212,0,0,0,0,0,0,0,0,0,0,0,0,0.44,0.01
857,2026-05-15 23:02:35,7,q24a,0,3,3,6,7,1,1,0,0,0,0,0,0,4347,0,0,0,12,103212,0,0,0,0,0,0,0,0,0,0,0,0,0.17,0.01
858,2026-05-15 23:02:36,7,q24b,0,3,3,6,5,0,0,0,0,0,0,0,0,4347,0,0,0,12,103212,0,0,0,0,0,0,0,0,0,0,0,0,0.0,0.01
859,2026-05-15 23:02:37,7,q25,0,9,25,754,1014,2875,2437,30,29,0,22,0,61,6124392,0,0,2626834640,4773576,30890414,0,0,1629074,35,35,0,32135493,32135493,0,0,32135493,1629074,3.81,0.75
860,2026-05-15 23:02:39,7,q26,0,4,4,9,17,9,9,0,0,0,0,0,0,142714,0,0,0,18300,252034,0,0,0,0,0,0,0,0,0,0,0,0,1.0,0.01
861,2026-05-15 23:02:40,7,q27,0,3,3,5,7,3,3,0,0,0,0,0,0,4712,0,0,0,12,98390,0,0,0,0,0,0,0,0,0,0,0,0,0.6,0.0
862,2026-05-15 23:02:41,7,q27a,0,7,7,22,36,25,25,0,0,0,0,0,0,142714,0,0,0,109073,694440,0,0,0,0,0,0,0,0,0,0,0,0,1.14,0.02
863,2026-05-15 23:02:42,7,q28,0,18,18,431,2064,2015,1885,9,9,0,120,0,98,8261,0,0,808451808,17282424,105885000,0,0,47107,12,12,0,769812,769812,0,0,769812,47107,4.68,0.43
864,2026-05-15 23:02:44,7,q29,0,10,26,643,892,2791,2478,31,31,0,0,0,60,6091978,0,0,2626942080,4846625,21600490,0,0,1629074,35,35,0,31753942,31753942,0,0,31753942,1629074,4.34,0.64
865,2026-05-15 23:02:46,7,q30,0,13,22,207,391,414,395,43,34,0,0,0,63,402833,0,0,503073576,466575,5793548,0,0,129342,24,24,0,11216592,11216592,0,0,11216592,129342,2.0,0.21
866,2026-05-15 23:02:47,7,q31,0,19,19,437,1447,1380,1378,10,9,0,0,0,86,772216,0,0,1178381960,11068511,40663962,0,0,11385,9,9,0,440977,440977,0,0,368243,9860,3.16,0.44
867,2026-05-15 23:02:48,7,q32,0,7,7,195,276,260,260,1,1,0,0,0,13,130384,0,0,72235152,2974145,14139570,0,0,9308,3,3,0,150123,150123,0,0,150123,9308,1.33,0.2
868,2026-05-15 23:02:50,7,q33,0,2,2,9,5,2,2,0,0,0,0,0,0,4265,0,0,0,0,77988,0,0,0,0,0,0,0,0,0,0,0,0,0.22,0.01
869,2026-05-15 23:02:51,7,q34,0,3,3,10,10,5,5,0,0,0,0,0,0,4390,0,0,0,12,29396,0,0,0,0,0,0,0,0,0,0,0,0,0.5,0.01
870,2026-05-15 23:02:52,7,q35,0,14,29,581,995,2362,1848,197,34,0,192,0,519,496400,0,0,1189007520,7185185,10831699,0,0,2572181,37,37,0,24618550,24618550,0,0,24618550,2572181,4.07,0.58
871,2026-05-15 23:02:53,7,q35a,0,12,28,508,858,1745,1467,28,30,0,0,0,522,469728,0,0,1190304816,7185185,10831699,0,0,2571909,37,37,0,24612692,24612692,0,0,24612692,2571909,3.44,0.51
872,2026-05-15 23:02:55,7,q36,0,6,6,446,422,406,406,4,4,0,0,0,8,272632,0,0,208354816,2971465,24377782,0,0,266,2,2,0,19035,19035,0,0,19035,266,0.91,0.45
873,2026-05-15 23:02:57,7,q36a,0,9,11,445,388,387,369,8,9,0,0,0,19,272632,0,0,747322688,2971465,24377782,0,0,641,9,9,0,56190,56190,0,0,32454,399,0.87,0.44
874,2026-05-15 23:02:58,7,q37,0,5,5,613,503,480,480,2,2,0,0,0,1,7229608,0,0,69874856,13277597,28516680,0,0,1,1,1,0,253,253,0,0,253,1,0.78,0.61
875,2026-05-15 23:03:00,7,q38,0,9,9,375,646,616,616,3,3,0,0,0,32,2491099,0,0,595902608,5214385,5292406,0,0,91194,4,4,0,2289264,2289264,0,0,2289264,91194,1.64,0.38
876,2026-05-15 23:03:01,7,q39a,0,10,10,751,1264,1230,1223,9,9,0,0,0,33,96649,0,0,418997912,23654103,50327687,0,0,135243,4,4,0,3309465,3309465,0,0,2213545,90243,1.64,0.75
877,2026-05-15 23:03:03,7,q39b,0,10,10,586,998,964,947,6,6,0,16,0,22,96649,0,0,418743960,23654103,50327687,0,0,135014,4,4,0,3289055,3289055,0,0,2193135,90014,1.65,0.59
878,2026-05-15 23:03:05,7,q40,0,6,6,284,258,237,236,3,3,0,0,0,9,2150491,0,0,154730976,1676669,9123221,0,0,534,1,1,0,31932,31932,0,0,31932,534,0.83,0.28
879,2026-05-15 23:03:06,7,q41,0,2,2,19,18,13,13,1,1,0,0,0,0,5257,0,0,262144,0,77988,0,0,0,0,0,0,0,0,0,0,0,0,0.68,0.02
880,2026-05-15 23:03:07,7,q42,0,4,4,196,184,171,165,3,3,0,0,0,2,14303,0,0,69746904,2971453,15426498,0,0,10,1,1,0,925,925,0,0,925,10,0.87,0.2
881,2026-05-15 23:03:08,7,q43,0,4,4,283,263,249,249,3,3,0,0,0,1,14303,0,0,69733304,2953465,7454094,0,0,6,1,1,0,618,618,0,0,618,6,0.88,0.28
882,2026-05-15 23:03:10,7,q44,0,8,8,309,292,266,263,4,4,0,0,0,11,299186,0,0,478831784,5778808,25054758,0,0,36021,5,5,0,574234,574234,0,0,287345,18022,0.86,0.31
883,2026-05-15 23:03:11,7,q45,0,7,7,155,171,152,152,2,2,0,0,0,2,1041019,0,0,146573480,978433,4965496,0,0,19,1,1,0,1799,1799,0,0,1799,19,0.98,0.16
884,2026-05-15 23:03:12,7,q46,0,7,7,502,528,504,494,4,4,0,9,0,10,3101862,0,0,164973472,3110665,19329222,0,0,10081,1,1,0,430760,430760,0,0,430760,10081,1.0,0.5
885,2026-05-15 23:03:14,7,q47,0,11,17,1022,1437,2129,2049,22,22,0,14,0,102,399015,0,0,1569865232,2971465,13075570,0,0,499240,30,30,0,15789663,15789663,0,0,11851696,370924,2.08,1.02
886,2026-05-15 23:03:16,7,q48,0,5,5,23,37,28,27,0,0,0,0,0,0,115374,0,0,0,123061,788456,0,0,0,0,0,0,0,0,0,0,0,0,1.22,0.02
887,2026-05-15 23:03:17,7,q49,0,12,14,444,662,670,638,13,14,0,0,0,14,103233,0,0,814727624,5617729,52835116,0,0,170,9,9,0,11817,11817,0,0,11817,170,1.51,0.44
888,2026-05-15 23:03:19,7,q50,0,6,6,583,515,494,493,5,5,0,0,0,1,4389332,0,0,156298224,3314028,12356584,0,0,6,1,1,0,1447,1447,0,0,1447,6,0.85,0.58
889,2026-05-15 23:03:20,7,q51,0,10,43,855,1159,4673,4186,51,55,0,323,0,456,263945,0,0,3625456128,3672837,15502850,0,0,2523869,299,299,0,43438446,43438446,0,0,43438446,2523869,5.47,0.86
890,2026-05-15 23:03:22,7,q51a,0,14,74,2220,3035,24788,22506,151,126,0,726,0,761,1761555,0,0,11902151584,3672837,15502850,0,0,4889102,693,693,0,83968631,83968631,0,0,61032787,3644888,11.17,2.22
891,2026-05-15 23:03:25,7,q52,0,4,4,193,181,170,170,2,2,0,0,0,5,14303,0,0,69746904,2971453,15427078,0,0,109,1,1,0,9739,9739,0,0,9739,109,0.88,0.19
892,2026-05-15 23:03:27,7,q53,0,3,3,12,11,6,6,0,0,0,0,0,0,4390,0,0,0,12,95228,0,0,0,0,0,0,0,0,0,0,0,0,0.5,0.01
893,2026-05-15 23:03:28,7,q54,0,3,3,12,10,5,4,0,0,0,0,0,0,4323,0,0,0,12,92648,0,0,0,0,0,0,0,0,0,0,0,0,0.42,0.01
894,2026-05-15 23:03:29,7,q55,0,4,4,178,167,156,156,3,3,0,0,0,5,14303,0,0,69746904,2971453,15427078,0,0,104,1,1,0,8981,8981,0,0,8981,104,0.88,0.18
895,2026-05-15 23:03:30,7,q56,0,3,3,8,13,8,8,0,0,0,0,0,0,97723,0,0,0,50000,290184,0,0,0,0,0,0,0,0,0,0,0,0,1.0,0.01
896,2026-05-15 23:03:31,7,q57,0,9,9,623,687,655,650,5,5,0,0,0,33,497206,0,0,550911816,1532603,6083188,0,0,160920,5,5,0,4348229,4348229,0,0,2602187,96552,1.05,0.62
897,2026-05-15 23:03:33,7,q58,0,10,10,361,637,608,607,5,5,0,0,0,30,142714,0,0,612801360,5278483,26522362,0,0,17396,3,3,0,287209,287209,0,0,287209,17396,1.68,0.36
898,2026-05-15 23:03:34,7,q59,0,10,10,410,417,388,388,5,5,0,0,0,27,680157,0,0,211152528,3099575,7749954,0,0,7524,4,4,0,133338,133338,0,0,89016,5952,0.95,0.41
899,2026-05-15 23:03:36,7,q60,0,3,3,8,11,6,6,0,0,0,0,0,0,97723,0,0,0,50000,292044,0,0,0,0,0,0,0,0,0,0,0,0,0.75,0.01
900,2026-05-15 23:03:37,7,q61,0,8,8,28,54,37,37,0,0,0,0,0,0,1041019,0,0,0,223361,1238710,0,0,0,0,0,0,0,0,0,0,0,0,1.32,0.03
901,2026-05-15 23:03:38,7,q62,0,6,6,245,233,217,217,3,3,0,0,0,6,19887,0,0,138939640,792488,2839194,0,0,150,1,1,0,17537,17537,0,0,17537,150,0.89,0.24
902,2026-05-15 23:03:39,7,q63,0,3,3,9,9,5,5,0,0,0,0,0,0,4390,0,0,0,12,95228,0,0,0,0,0,0,0,0,0,0,0,0,0.56,0.01
903,2026-05-15 23:03:40,7,q64,0,9,9,62,192,151,67,0,0,0,78,0,0,375924,0,0,0,226679,1105692,0,0,0,0,0,0,0,0,0,0,0,0,2.44,0.06
904,2026-05-15 23:03:42,7,q65,0,8,8,360,557,532,530,3,3,0,0,0,23,1704512,0,0,420104560,5851869,26099826,0,0,107998,3,3,0,1644480,1644480,0,0,1644480,107998,1.48,0.36
905,2026-05-15 23:03:43,7,q66,0,5,5,16,33,21,21,0,0,0,0,0,0,150142,0,0,0,159474,853269,0,0,0,0,0,0,0,0,0,0,0,0,1.31,0.02
906,2026-05-15 23:03:44,7,q67,0,6,22,2511,2482,8239,7370,31,31,0,336,0,127,803062,0,0,2613197504,2971465,15896536,0,0,523804,34,34,0,35032320,35032320,0,0,35032320,523804,3.28,2.51
907,2026-05-15 23:03:48,7,q67a,0,14,153,2526,8546,25748,20526,234,251,1,160,0,4604,803062,0,0,19188032472,2971465,15896536,0,0,3913413,393,393,0,254672067,254672067,0,0,74909707,1194405,10.19,2.53
908,2026-05-15 23:03:52,7,q68,0,7,7,478,502,480,480,3,3,0,0,0,10,3101862,0,0,97597832,3110665,30558942,0,0,2221,1,1,0,125465,125465,0,0,125465,2221,1.0,0.48
909,2026-05-15 23:03:53,7,q69,0,14,30,657,1017,2009,1825,32,31,0,0,0,203,525742,0,0,100986912,7185185,10862924,0,0,2160682,39,39,0,41534653,41534653,0,0,41534653,2160682,3.06,0.66
910,2026-05-15 23:03:55,7,q70,0,9,9,500,484,458,422,7,7,0,0,0,40,25220,0,0,408034064,5833881,20482262,0,0,19,4,4,0,840,840,0,0,840,19,0.92,0.5
911,2026-05-15 23:03:57,7,q70a,0,12,14,528,420,405,391,12,13,0,0,0,10,84465,0,0,812784240,5833881,20482262,0,0,24,11,11,0,1381,1381,0,0,1169,22,0.77,0.53
912,2026-05-15 23:03:58,7,q71,0,4,4,18,32,26,26,0,0,0,0,0,0,10559,0,0,0,177449,964204,0,0,0,0,0,0,0,0,0,0,0,0,1.44,0.02
913,2026-05-15 23:03:59,7,q72,0,5,5,29,42,29,15,0,0,0,12,0,0,7850,0,0,0,73354,641691,0,0,0,0,0,0,0,0,0,0,0,0,1.0,0.03
914,2026-05-15 23:04:00,7,q73,0,3,3,9,11,7,5,0,0,0,0,0,0,4390,0,0,0,12,29396,0,0,0,0,0,0,0,0,0,0,0,0,0.78,0.01
915,2026-05-15 23:04:02,7,q74,0,11,11,539,1265,1221,1221,7,7,0,0,0,51,2987500,0,0,822149272,7445674,27918216,0,0,98902,4,4,0,3653467,3653467,0,0,3653467,98902,2.27,0.54
916,2026-05-15 23:04:03,7,q75,0,1,1,1,1,0,0,0,0,0,0,0,0,731,0,0,0,0,0,0,0,0,0,0,0,0,0,0,0,0,0,0.0,0.0
917,2026-05-15 23:04:04,7,q76,0,4,6,234,202,378,360,5,5,0,0,0,18,381530,0,0,290543480,5132385,27496014,0,0,509,3,3,0,45030,45030,0,0,45030,509,1.62,0.23
918,2026-05-15 23:04:06,7,q77,0,14,16,287,567,554,533,15,15,0,0,0,19,121458,0,0,687344520,5617801,37066317,0,0,133,9,9,0,12378,12378,0,0,12378,133,1.93,0.29
919,2026-05-15 23:04:07,7,q77a,0,17,21,413,579,572,545,21,21,0,0,0,23,141450,0,0,1226312384,5617801,37066317,0,0,245,20,20,0,28150,28150,0,0,16928,165,1.38,0.41
920,2026-05-15 23:04:09,7,q78,0,11,28,982,1696,5375,4925,103,65,0,0,0,53,3106243,0,0,5970598464,5690778,42936082,0,0,872646,35,35,0,20939025,20939025,0,0,20939025,872646,5.47,0.98
921,2026-05-15 23:04:11,7,q79,0,6,6,404,421,399,392,4,4,0,0,0,10,2491099,0,0,155522160,3060665,18856906,0,0,7013,1,1,0,231553,231553,0,0,231553,7013,0.99,0.4
922,2026-05-15 23:04:12,7,q80,0,14,16,591,965,942,924,12,12,0,0,0,26,5685107,0,0,745311640,5647789,58410183,0,0,856,6,6,0,70474,70474,0,0,70474,856,1.59,0.59
923,2026-05-15 23:04:14,7,q80a,0,17,21,764,1034,1014,980,20,22,0,10,0,38,5685107,0,0,1217170672,5647789,58410183,0,0,1883,17,17,0,173167,173167,0,0,98845,1133,1.33,0.76
924,2026-05-15 23:04:16,7,q81,0,11,11,194,352,315,313,5,5,0,0,0,35,4042611,0,0,499810360,611183,5479356,0,0,56347,4,4,0,1209586,1209586,0,0,1209586,56347,1.62,0.19
925,2026-05-15 23:04:17,7,q82,0,6,16,503,774,977,827,16,16,0,0,0,28,193440,0,0,299565576,14716453,31619372,0,0,669668,15,15,0,11943569,11943569,0,0,11943569,2880440,1.94,0.5
926,2026-05-15 23:04:19,7,q83,0,10,10,205,245,216,213,7,6,0,0,0,33,142714,0,0,412100960,740491,3792640,0,0,4250,3,3,0,93519,93519,0,0,93519,4250,1.05,0.2
927,2026-05-15 23:04:20,7,q84,0,6,6,385,186,162,162,2,2,0,0,0,0,9704788,0,0,102472224,2365534,7790382,0,0,0,0,0,0,0,0,0,0,0,0,0.42,0.38
928,2026-05-15 23:04:22,7,q85,0,4,4,10,13,5,5,0,0,0,0,0,0,5264,0,0,0,95,85836,0,0,0,0,0,0,0,0,0,0,0,0,0.5,0.01
929,2026-05-15 23:04:23,7,q86,0,5,5,184,164,149,149,3,3,0,0,0,8,272632,0,0,207306152,810433,4278230,0,0,266,2,2,0,17966,17966,0,0,17966,266,0.81,0.18
930,2026-05-15 23:04:24,7,q86a,0,8,10,232,187,183,174,8,9,0,0,0,19,272632,0,0,746274016,810433,4278230,0,0,641,9,9,0,51729,51729,0,0,30007,399,0.79,0.23
931,2026-05-15 23:04:25,7,q87,0,9,9,392,681,649,649,4,4,0,0,0,34,2491099,0,0,595902608,5214385,5292406,0,0,91194,4,4,0,2289264,2289264,0,0,2289264,91194,1.66,0.39
932,2026-05-15 23:04:27,7,q88,0,26,26,275,1569,1518,1514,0,0,0,0,0,0,14673,0,0,25741888,23741644,23037948,0,0,8,8,8,0,472,472,0,0,472,8,5.52,0.28
933,2026-05-15 23:04:28,7,q89,0,3,3,9,9,4,4,0,0,0,0,0,0,4503,0,0,0,12,95228,0,0,0,0,0,0,0,0,0,0,0,0,0.44,0.01
934,2026-05-15 23:04:29,7,q90,0,8,8,118,184,166,166,0,0,0,0,0,0,40754,0,0,6472208,1618828,2758860,0,0,2,2,2,0,118,118,0,0,118,2,1.41,0.12
935,2026-05-15 23:04:30,7,q91,0,5,5,12,24,16,15,0,0,0,0,0,0,32830,0,0,0,57206,328084,0,0,0,0,0,0,0,0,0,0,0,0,1.33,0.01
936,2026-05-15 23:04:32,7,q92,0,7,7,142,193,174,174,1,1,0,0,0,13,121747,0,0,72236048,1529817,8191922,0,0,9069,3,3,0,143446,143446,0,0,143446,9069,1.23,0.14
937,2026-05-15 23:04:33,7,q93,0,2,2,7,5,2,2,0,0,0,0,0,0,4265,0,0,0,0,3821,0,0,0,0,0,0,0,0,0,0,0,0,0.29,0.01
938,2026-05-15 23:04:34,7,q94,0,4,4,14,26,19,18,0,0,0,0,0,0,13479,0,0,0,123049,698949,0,0,0,0,0,0,0,0,0,0,0,0,1.36,0.01
939,2026-05-15 23:04:35,7,q95,0,4,4,16,31,23,22,0,0,0,0,0,0,13479,0,0,0,123049,698949,0,0,0,0,0,0,0,0,0,0,0,0,1.44,0.02
940,2026-05-15 23:04:36,7,q96,0,5,5,163,161,151,151,0,0,0,0,0,0,13366,0,0,3192904,2974016,2914488,0,0,1,1,1,0,59,59,0,0,59,1,0.93,0.16
941,2026-05-15 23:04:37,7,q97,0,5,12,632,765,2858,2759,11,9,0,0,0,30,126552,0,0,2342261680,4395001,11804290,0,0,834974,24,24,0,8658863,8658863,0,0,8658863,834974,4.52,0.63
942,2026-05-15 23:04:39,7,q98,0,2,2,9,5,2,2,0,0,0,0,0,0,4265,0,0,0,0,77988,0,0,0,0,0,0,0,0,0,0,0,0,0.22,0.01
943,2026-05-15 23:04:40,7,q99,0,6,6,290,277,260,260,2,2,0,0,0,4,19887,0,0,138939448,1514628,3900461,0,0,90,1,1,0,11250,11250,0,0,11250,90,0.9,0.29
944,2026-05-15 23:04:41,8,q1,0,8,8,224,327,278,278,4,4,0,0,0,24,1017955,0,0,422333440,748089,4842446,0,0,99878,3,3,0,1544051,1544051,0,0,1544051,99878,1.24,0.22
945,2026-05-15 23:04:42,8,q2,0,9,10,320,275,369,361,7,6,0,0,0,21,680157,0,0,284679544,2380079,7614862,0,0,4453,8,8,0,91309,91309,0,0,38659,3403,1.15,0.32
946,2026-05-15 23:04:44,8,q3,0,4,4,198,186,174,174,2,2,0,0,0,4,35702,0,0,69994472,2971453,15371138,0,0,89,1,1,0,8279,8279,0,0,8279,89,0.88,0.2
947,2026-05-15 23:04:45,8,q4,0,19,123,1826,6238,22832,15773,163,167,0,192,0,5258,609398,0,0,23149964296,5287434,62185976,0,0,10424391,445,445,0,277816112,277816112,0,0,131839186,5088880,12.5,1.83
948,2026-05-15 23:04:48,8,q5,0,10,15,420,766,1069,1034,11,12,0,0,0,43,1650783,0,0,494330152,6348873,41651027,0,0,1515,9,9,0,100764,100764,0,0,100764,1515,2.55,0.42
949,2026-05-15 23:04:50,8,q5a,0,13,20,586,862,1150,1091,21,23,0,0,0,54,1650783,0,0,1033298024,6348873,41651027,0,0,3255,20,20,0,237079,237079,0,0,139181,2005,1.96,0.59
950,2026-05-15 23:04:52,8,q6,0,12,28,492,621,2180,2038,30,32,0,0,0,131,1041019,0,0,1474212376,3212502,9340384,0,0,2786107,37,37,0,24510239,24510239,0,0,24510239,2786107,4.43,0.49
951,2026-05-15 23:04:53,8,q7,0,4,4,10,15,10,10,0,0,0,0,0,0,142714,0,0,0,18300,252034,0,0,0,0,0,0,0,0,0,0,0,0,1.0,0.01
952,2026-05-15 23:04:54,8,q8,0,10,10,296,264,235,235,3,3,0,0,0,15,275062,0,0,341745984,3153465,11294186,0,0,3491,4,4,0,59038,59038,0,0,59038,3491,0.79,0.3
953,2026-05-15 23:04:56,8,q9,0,31,31,299,3170,3019,2399,23,6,0,360,0,0,4868,0,0,0,43206095,97312801,0,0,15,15,15,0,946,946,0,0,946,15,10.1,0.3
954,2026-05-15 23:04:57,8,q10,0,13,29,692,1023,1389,1138,64,32,0,0,0,117,529175,0,0,778679088,7185185,10964911,0,0,826612,31,31,0,47123357,47123357,0,0,47123357,2208464,2.01,0.69
955,2026-05-15 23:04:59,8,q10a,0,11,28,666,959,1082,1066,32,31,0,0,0,112,501180,0,0,361870128,7185185,10964911,0,0,513766,25,25,0,47120004,47120004,0,0,47120004,2204076,1.62,0.67
956,2026-05-15 23:05:00,8,q11,0,14,80,1318,2772,14288,11006,97,101,0,0,0,2924,517614,0,0,14895471784,3845886,22340176,0,0,7308134,269,269,0,121055372,121055372,0,0,58048608,3603562,10.84,1.32
957,2026-05-15 23:05:03,8,q12,0,2,2,7,5,2,2,0,0,0,0,0,0,4265,0,0,0,0,77988,0,0,0,0,0,0,0,0,0,0,0,0,0.29,0.01
958,2026-05-15 23:05:04,8,q13,0,6,6,18,40,28,27,0,0,0,0,0,0,92495,0,0,0,130261,810924,0,0,0,0,0,0,0,0,0,0,0,0,1.56,0.02
959,2026-05-15 23:05:05,8,q14a,0,30,80,3309,3762,9415,8287,130,139,0,77,0,1613,734043,0,0,5323952848,15415155,57406770,0,0,6328590,124,124,0,88210545,88210545,0,0,87084141,6301174,2.85,3.31
960,2026-05-15 23:05:11,8,q14b,0,24,59,1763,2679,8124,7522,89,84,0,0,0,842,778651,0,0,3268280944,13400321,46556414,0,0,6861513,80,80,0,97442680,97442680,0,0,51225054,4111202,4.61,1.76
961,2026-05-15 23:05:14,8,q14,0,24,59,1258,1901,3692,3266,89,90,0,0,0,964,778651,0,0,3276309104,13400321,46556414,0,0,6851380,80,80,0,96756697,96756697,0,0,50539071,4101069,2.93,1.26
962,2026-05-15 23:05:17,8,q15,0,5,5,461,459,445,440,3,3,0,0,0,6,1041019,0,0,145379880,1664597,5413962,0,0,202,1,1,0,11828,11828,0,0,11828,202,0.97,0.46
963,2026-05-15 23:05:18,8,q16,0,8,24,748,936,5639,4762,38,31,0,352,0,67,541943,0,0,2577803232,3150218,16739594,0,0,2870561,51,51,0,39357570,39357570,0,0,39357570,2870561,7.54,0.75
964,2026-05-15 23:05:20,8,q17,0,9,25,669,891,2925,2508,35,34,0,0,0,58,6091978,0,0,2626859256,4773576,21120712,0,0,1629074,35,35,0,31753837,31753837,0,0,31753837,1629074,4.37,0.67
965,2026-05-15 23:05:22,8,q18,0,3,3,9,14,10,10,0,0,0,0,0,0,142714,0,0,0,18000,217930,0,0,0,0,0,0,0,0,0,0,0,0,1.11,0.01
966,2026-05-15 23:05:23,8,q18a,0,10,10,44,159,124,123,0,0,0,0,0,0,853740,0,0,0,409049,3071698,0,0,0,0,0,0,0,0,0,0,0,0,2.82,0.04
967,2026-05-15 23:05:24,8,q19,0,7,7,425,427,407,407,4,4,0,0,0,6,1041019,0,0,80384184,3121465,18164328,0,0,160,1,1,0,17796,17796,0,0,17796,160,0.96,0.42
968,2026-05-15 23:05:25,8,q20,0,2,2,7,5,2,2,0,0,0,0,0,0,4265,0,0,0,0,77988,0,0,0,0,0,0,0,0,0,0,0,0,0.29,0.01
969,2026-05-15 23:05:26,8,q21,0,5,5,535,523,509,504,3,3,0,0,0,10,17151,0,0,137953760,11836054,25473259,0,0,2795,1,1,0,97587,97587,0,0,97587,2795,0.95,0.54
970,2026-05-15 23:05:28,8,q22,0,5,5,7659,7646,7629,7627,3,3,0,0,0,12,803062,0,0,146947520,11836054,25380912,0,0,35968,1,1,0,1544161,1544161,0,0,1544161,35968,1.0,7.66
971,2026-05-15 23:05:37,8,q22a,0,10,14,1228,1275,1287,1285,18,18,0,0,0,47,803062,0,0,956185792,11836054,25385773,0,0,72373,14,14,0,3722976,3722976,0,0,1718132,36377,1.05,1.23
972,2026-05-15 23:05:39,8,q23a,0,16,47,2055,3895,6786,6370,79,67,0,54,0,217,1166709,0,0,3941269824,11139291,41579890,0,0,3812080,114,114,0,98368916,98368916,0,0,98366379,3812037,3.3,2.06
973,2026-05-15 23:05:42,8,q23b,0,20,68,2096,3975,7795,7484,125,115,0,0,0,227,1166709,0,0,6508186696,11239291,42252606,0,0,3908567,131,131,0,100971109,100971109,0,0,100968572,3908524,3.72,2.1
974,2026-05-15 23:05:46,8,q24,0,3,3,9,10,5,5,0,0,0,0,0,0,4390,0,0,0,12,103212,0,0,0,0,0,0,0,0,0,0,0,0,0.56,0.01
975,2026-05-15 23:05:47,8,q24a,0,3,3,7,5,0,0,0,0,0,0,0,0,4347,0,0,0,12,103212,0,0,0,0,0,0,0,0,0,0,0,0,0.0,0.01
976,2026-05-15 23:05:48,8,q24b,0,3,3,8,6,0,0,0,0,0,0,0,0,4347,0,0,0,12,103212,0,0,0,0,0,0,0,0,0,0,0,0,0.0,0.01
977,2026-05-15 23:05:49,8,q25,0,9,25,708,973,3050,2684,28,29,0,12,0,59,6124349,0,0,2626834640,4773576,30890414,0,0,1629074,35,35,0,32135493,32135493,0,0,32135493,1629074,4.31,0.71
978,2026-05-15 23:05:51,8,q26,0,4,4,8,17,9,9,0,0,0,0,0,0,142714,0,0,0,18300,252034,0,0,0,0,0,0,0,0,0,0,0,0,1.12,0.01
979,2026-05-15 23:05:52,8,q27,0,4,4,7,14,8,8,0,0,0,0,0,0,142714,0,0,0,18012,243466,0,0,0,0,0,0,0,0,0,0,0,0,1.14,0.01
980,2026-05-15 23:05:53,8,q27a,0,7,7,21,40,21,21,0,0,0,0,0,0,142714,0,0,0,109073,694440,0,0,0,0,0,0,0,0,0,0,0,0,1.0,0.02
981,2026-05-15 23:05:54,8,q28,0,18,18,427,2050,1969,1925,22,8,0,42,0,77,8304,0,0,808451808,17282424,105885000,0,0,47107,12,12,0,769812,769812,0,0,769812,47107,4.61,0.43
982,2026-05-15 23:05:55,8,q29,0,10,26,653,906,2875,2518,33,30,0,0,0,58,6091978,0,0,2626942080,4846625,21600490,0,0,1629074,35,35,0,31753942,31753942,0,0,31753942,1629074,4.4,0.65
983,2026-05-15 23:05:57,8,q30,0,12,21,180,359,379,363,44,35,0,0,0,50,402833,0,0,503073576,466575,5793548,0,0,126097,23,23,0,11161609,11161609,0,0,11161609,126097,2.11,0.18
984,2026-05-15 23:05:58,8,q31,0,19,19,443,1464,1393,1390,10,10,0,0,0,85,772216,0,0,1178381960,11068511,40663962,0,0,11385,9,9,0,441163,441163,0,0,368336,9860,3.14,0.44
985,2026-05-15 23:06:00,8,q32,0,7,7,200,276,259,258,2,2,0,0,0,12,130384,0,0,72235152,2974145,14139570,0,0,9308,3,3,0,150123,150123,0,0,150123,9308,1.3,0.2
986,2026-05-15 23:06:01,8,q33,0,2,2,7,5,2,2,0,0,0,0,0,0,4265,0,0,0,0,77988,0,0,0,0,0,0,0,0,0,0,0,0,0.29,0.01
987,2026-05-15 23:06:02,8,q34,0,3,3,9,10,5,5,0,0,0,0,0,0,4390,0,0,0,12,29396,0,0,0,0,0,0,0,0,0,0,0,0,0.56,0.01
988,2026-05-15 23:06:03,8,q35,0,14,29,570,962,2330,2053,31,31,0,0,0,437,495712,0,0,1189007520,7185185,10831699,0,0,2572181,37,37,0,24618550,24618550,0,0,24618550,2572181,4.09,0.57
989,2026-05-15 23:06:05,8,q35a,0,12,28,542,919,2339,1858,28,29,0,0,0,732,469728,0,0,1190304816,7185185,10831699,0,0,2571909,37,37,0,24612692,24612692,0,0,24612692,2571909,4.32,0.54
990,2026-05-15 23:06:07,8,q36,0,6,6,451,433,414,414,3,3,0,0,0,7,272632,0,0,208354816,2971465,24377782,0,0,266,2,2,0,19035,19035,0,0,19035,266,0.92,0.45
991,2026-05-15 23:06:08,8,q36a,0,9,11,463,409,404,390,11,11,0,0,0,18,272632,0,0,747322688,2971465,24377782,0,0,641,9,9,0,56190,56190,0,0,32454,399,0.87,0.46
992,2026-05-15 23:06:10,8,q37,0,5,5,612,503,481,475,2,2,0,0,0,7,7229608,0,0,69874856,13277597,28516680,0,0,1,1,1,0,253,253,0,0,253,1,0.79,0.61
993,2026-05-15 23:06:11,8,q38,0,9,9,375,651,620,620,4,4,0,0,0,33,2491099,0,0,595902608,5214385,5292406,0,0,91194,4,4,0,2289264,2289264,0,0,2289264,91194,1.65,0.38
994,2026-05-15 23:06:13,8,q39a,0,10,10,750,1258,1225,1223,9,9,0,0,0,32,96649,0,0,418997912,23654103,50327687,0,0,135243,4,4,0,3309352,3309352,0,0,2213547,90243,1.63,0.75
995,2026-05-15 23:06:15,8,q39b,0,10,10,604,1006,975,974,6,6,0,0,0,23,96649,0,0,418743960,23654103,50327687,0,0,135014,4,4,0,3289055,3289055,0,0,2193135,90014,1.61,0.6
996,2026-05-15 23:06:16,8,q40,0,6,6,284,254,234,234,3,3,0,0,0,9,2150491,0,0,154730976,1676669,9123221,0,0,534,1,1,0,31932,31932,0,0,31932,534,0.82,0.28
997,2026-05-15 23:06:18,8,q41,0,2,2,19,18,13,13,1,1,0,0,0,0,5257,0,0,262144,0,77988,0,0,0,0,0,0,0,0,0,0,0,0,0.68,0.02
998,2026-05-15 23:06:19,8,q42,0,4,4,186,175,163,163,2,2,0,0,0,2,14303,0,0,69746904,2971453,15426498,0,0,10,1,1,0,925,925,0,0,925,10,0.88,0.19
999,2026-05-15 23:06:20,8,q43,0,4,4,309,287,274,262,4,4,0,11,0,1,14303,0,0,69733304,2953465,7454094,0,0,6,1,1,0,618,618,0,0,618,6,0.89,0.31
1000,2026-05-15 23:06:21,8,q44,0,8,8,308,291,264,264,5,5,0,0,0,11,299186,0,0,478831784,5778808,25054758,0,0,36021,5,5,0,574234,574234,0,0,287345,18022,0.86,0.31
1001,2026-05-15 23:06:23,8,q45,0,7,7,158,177,156,156,2,2,0,0,0,2,1041019,0,0,146573480,978433,4965496,0,0,19,1,1,0,1799,1799,0,0,1799,19,0.99,0.16
1002,2026-05-15 23:06:24,8,q46,0,7,7,493,520,497,497,4,4,0,0,0,12,3101862,0,0,164973472,3110665,19329222,0,0,10081,1,1,0,430760,430760,0,0,430760,10081,1.01,0.49
1003,2026-05-15 23:06:25,8,q47,0,11,17,1023,1403,2098,2030,23,22,0,0,0,105,399015,0,0,1569865232,2971465,13075570,0,0,499240,30,30,0,15789663,15789663,0,0,11851696,370924,2.05,1.02
1004,2026-05-15 23:06:28,8,q48,0,5,5,22,36,26,26,0,0,0,0,0,0,115374,0,0,0,123061,788456,0,0,0,0,0,0,0,0,0,0,0,0,1.18,0.02
1005,2026-05-15 23:06:29,8,q49,0,12,14,447,665,675,638,15,15,0,0,0,14,103233,0,0,814727624,5617729,52835116,0,0,170,9,9,0,11817,11817,0,0,11817,170,1.51,0.45
1006,2026-05-15 23:06:30,8,q50,0,6,6,558,497,476,474,4,4,0,0,0,1,4389332,0,0,156298224,3314028,12356584,0,0,6,1,1,0,1447,1447,0,0,1447,6,0.85,0.56
1007,2026-05-15 23:06:32,8,q51,0,10,43,801,1104,4198,4039,53,52,0,0,0,462,263945,0,0,3625456128,3672837,15502850,0,0,2523869,299,299,0,43438446,43438446,0,0,43438446,2523869,5.24,0.8
1008,2026-05-15 23:06:34,8,q51a,0,14,74,2225,2933,23541,21456,133,126,0,544,0,721,1761555,0,0,11902151584,3672837,15502850,0,0,4889102,693,693,0,83968631,83968631,0,0,61032787,3644888,10.58,2.22
1009,2026-05-15 23:06:37,8,q52,0,4,4,199,187,176,170,3,3,0,0,0,5,14303,0,0,69746904,2971453,15427078,0,0,109,1,1,0,9739,9739,0,0,9739,109,0.88,0.2
1010,2026-05-15 23:06:38,8,q53,0,3,3,9,9,5,5,0,0,0,0,0,0,4390,0,0,0,12,95228,0,0,0,0,0,0,0,0,0,0,0,0,0.56,0.01
1011,2026-05-15 23:06:39,8,q54,0,3,3,10,11,6,5,0,0,0,0,0,0,4323,0,0,0,12,92648,0,0,0,0,0,0,0,0,0,0,0,0,0.6,0.01
1012,2026-05-15 23:06:40,8,q55,0,4,4,178,169,156,156,2,2,0,0,0,5,14303,0,0,69746904,2971453,15427078,0,0,104,1,1,0,8981,8981,0,0,8981,104,0.88,0.18
1013,2026-05-15 23:06:42,8,q56,0,3,3,9,14,8,7,0,0,0,0,0,0,97723,0,0,0,50000,290184,0,0,0,0,0,0,0,0,0,0,0,0,0.89,0.01
1014,2026-05-15 23:06:43,8,q57,0,9,9,695,776,744,717,7,7,0,0,0,34,497206,0,0,550911816,1532603,6083188,0,0,160920,5,5,0,4348229,4348229,0,0,2602187,96552,1.07,0.7
1015,2026-05-15 23:06:44,8,q58,0,10,10,350,632,602,600,7,7,0,0,0,31,142714,0,0,612801360,5278483,26522362,0,0,17396,3,3,0,287209,287209,0,0,287209,17396,1.72,0.35
1016,2026-05-15 23:06:46,8,q59,0,10,10,405,415,386,385,6,6,0,0,0,27,680157,0,0,211152528,3099575,7749954,0,0,7524,4,4,0,133338,133338,0,0,89016,5952,0.95,0.4
1017,2026-05-15 23:06:47,8,q60,0,3,3,8,12,7,7,0,0,0,0,0,0,97723,0,0,0,50000,292044,0,0,0,0,0,0,0,0,0,0,0,0,0.88,0.01
1018,2026-05-15 23:06:49,8,q61,0,8,8,28,54,39,39,0,0,0,0,0,0,1041019,0,0,0,223361,1238710,0,0,0,0,0,0,0,0,0,0,0,0,1.39,0.03
1019,2026-05-15 23:06:50,8,q62,0,6,6,240,229,213,213,3,3,0,0,0,6,19887,0,0,138939640,792488,2839194,0,0,150,1,1,0,17537,17537,0,0,17537,150,0.89,0.24
1020,2026-05-15 23:06:51,8,q63,0,3,3,11,12,5,5,0,0,0,0,0,0,4390,0,0,0,12,95228,0,0,0,0,0,0,0,0,0,0,0,0,0.45,0.01
1021,2026-05-15 23:06:52,8,q64,0,9,9,34,77,59,59,0,0,0,0,0,0,375881,0,0,0,226679,1105692,0,0,0,0,0,0,0,0,0,0,0,0,1.74,0.03
1022,2026-05-15 23:06:53,8,q65,0,8,8,359,556,531,531,4,4,0,0,0,23,1704512,0,0,420104560,5851869,26099826,0,0,107998,3,3,0,1644480,1644480,0,0,1644480,107998,1.48,0.36
1023,2026-05-15 23:06:55,8,q66,0,3,3,7,8,4,4,0,0,0,0,0,0,4611,0,0,0,25,13305,0,0,0,0,0,0,0,0,0,0,0,0,0.57,0.01
1024,2026-05-15 23:06:56,8,q67,0,6,22,2463,2433,7218,6409,32,32,0,288,0,148,803062,0,0,2613197504,2971465,15896536,0,0,523804,34,34,0,35032320,35032320,0,0,35032320,523804,2.93,2.46
1025,2026-05-15 23:07:00,8,q67a,0,14,153,2615,8659,26845,22012,223,248,0,30,0,3942,803062,0,0,19188032472,2971465,15896536,0,0,3913413,393,393,0,254672067,254672067,0,0,74909707,1194405,10.27,2.62
1026,2026-05-15 23:07:03,8,q68,0,7,7,469,493,474,474,3,3,0,0,0,10,3101862,0,0,97597832,3110665,30558942,0,0,2221,1,1,0,125465,125465,0,0,125465,2221,1.01,0.47
1027,2026-05-15 23:07:05,8,q69,0,14,30,665,1029,2099,1878,28,29,0,0,0,234,525742,0,0,100986912,7185185,10862924,0,0,2160682,39,39,0,41534653,41534653,0,0,41534653,2160682,3.16,0.66
1028,2026-05-15 23:07:07,8,q70,0,9,9,506,453,427,426,5,5,0,0,0,5,25220,0,0,408034064,5833881,20482262,0,0,19,4,4,0,840,840,0,0,840,19,0.84,0.51
1029,2026-05-15 23:07:08,8,q70a,0,12,14,538,427,410,400,13,14,0,0,0,11,84465,0,0,812784240,5833881,20482262,0,0,24,11,11,0,1381,1381,0,0,1169,22,0.76,0.54
1030,2026-05-15 23:07:10,8,q71,0,4,4,22,39,31,31,0,0,0,0,0,0,10559,0,0,0,177449,964204,0,0,0,0,0,0,0,0,0,0,0,0,1.41,0.02
1031,2026-05-15 23:07:11,8,q72,0,4,4,14,13,5,5,0,0,0,0,0,0,7060,0,0,0,305,33649,0,0,0,0,0,0,0,0,0,0,0,0,0.36,0.01
1032,2026-05-15 23:07:12,8,q73,0,3,3,10,11,5,5,0,0,0,0,0,0,4390,0,0,0,12,29396,0,0,0,0,0,0,0,0,0,0,0,0,0.5,0.01
1033,2026-05-15 23:07:13,8,q74,0,11,11,576,1320,1280,1278,8,8,0,0,0,49,2987500,0,0,822149272,7445674,27918216,0,0,98902,4,4,0,3653467,3653467,0,0,3653467,98902,2.22,0.58
1034,2026-05-15 23:07:15,8,q75,0,1,1,1,1,0,0,0,0,0,0,0,0,731,0,0,0,0,0,0,0,0,0,0,0,0,0,0,0,0,0,0.0,0.0
1035,2026-05-15 23:07:16,8,q76,0,4,6,228,197,366,348,5,5,0,0,0,18,381530,0,0,290543480,5132385,27496014,0,0,509,3,3,0,45030,45030,0,0,45030,509,1.61,0.23
1036,2026-05-15 23:07:17,8,q77,0,14,16,290,542,530,514,12,12,0,0,0,17,121458,0,0,687344520,5617801,37066317,0,0,133,9,9,0,12378,12378,0,0,12378,133,1.83,0.29
1037,2026-05-15 23:07:19,8,q77a,0,17,21,416,587,576,551,18,18,0,0,0,26,141450,0,0,1226312384,5617801,37066317,0,0,245,20,20,0,28150,28150,0,0,16928,165,1.38,0.42
1038,2026-05-15 23:07:20,8,q78,0,11,28,926,1588,4542,4107,104,66,0,0,0,53,3106243,0,0,5970598464,5690778,42936082,0,0,872646,35,35,0,20939025,20939025,0,0,20939025,872646,4.9,0.93
1039,2026-05-15 23:07:22,8,q79,0,6,6,404,423,404,403,4,4,0,0,0,10,2491099,0,0,155522160,3060665,18856906,0,0,7013,1,1,0,231553,231553,0,0,231553,7013,1.0,0.4
1040,2026-05-15 23:07:24,8,q80,0,14,16,636,1097,1074,1055,11,12,0,0,0,26,5685107,0,0,745311640,5647789,58410183,0,0,856,6,6,0,70474,70474,0,0,70474,856,1.69,0.64
1041,2026-05-15 23:07:26,8,q80a,0,17,21,762,1012,969,942,21,21,24,24,0,38,5685193,0,0,1217170672,5647789,58410183,0,0,1883,17,17,0,173167,173167,0,0,98845,1133,1.27,0.76
1042,2026-05-15 23:07:28,8,q81,0,11,11,184,338,302,300,6,6,0,0,0,35,4042611,0,0,499810360,611183,5479356,0,0,56347,4,4,0,1209586,1209586,0,0,1209586,56347,1.64,0.18
1043,2026-05-15 23:07:29,8,q82,0,6,16,496,761,967,809,14,15,0,0,0,29,193440,0,0,299565576,14716453,31619372,0,0,669668,15,15,0,11943569,11943569,0,0,11943569,2880440,1.95,0.5
1044,2026-05-15 23:07:31,8,q83,0,10,10,207,243,215,214,5,4,0,0,0,33,142714,0,0,412100960,740491,3792640,0,0,4250,3,3,0,93519,93519,0,0,93519,4250,1.04,0.21
1045,2026-05-15 23:07:32,8,q84,0,6,6,386,192,169,167,2,2,0,0,0,0,9704788,0,0,102472224,2365534,7790382,0,0,0,0,0,0,0,0,0,0,0,0,0.44,0.39
1046,2026-05-15 23:07:33,8,q85,0,4,4,10,14,6,6,0,0,0,0,0,0,5264,0,0,0,95,85836,0,0,0,0,0,0,0,0,0,0,0,0,0.6,0.01
1047,2026-05-15 23:07:34,8,q86,0,5,5,187,168,152,152,2,2,0,0,0,8,272632,0,0,207306152,810433,4278230,0,0,266,2,2,0,17966,17966,0,0,17966,266,0.81,0.19
1048,2026-05-15 23:07:36,8,q86a,0,8,10,228,181,180,167,9,9,0,0,0,18,272632,0,0,746274016,810433,4278230,0,0,641,9,9,0,51729,51729,0,0,30007,399,0.79,0.23
1049,2026-05-15 23:07:37,8,q87,0,9,9,349,621,595,594,4,4,0,0,0,34,2491099,0,0,595902608,5214385,5292406,0,0,91194,4,4,0,2289264,2289264,0,0,2289264,91194,1.7,0.35
1050,2026-05-15 23:07:38,8,q88,0,26,26,320,1862,1807,1802,0,0,0,0,0,0,14673,0,0,25741888,23741644,23037948,0,0,8,8,8,0,472,472,0,0,472,8,5.65,0.32
1051,2026-05-15 23:07:40,8,q89,0,3,3,8,8,4,4,0,0,0,0,0,0,4503,0,0,0,12,95228,0,0,0,0,0,0,0,0,0,0,0,0,0.5,0.01
1052,2026-05-15 23:07:41,8,q90,0,8,8,106,174,159,159,0,0,0,0,0,0,40754,0,0,6472208,1618828,2758860,0,0,2,2,2,0,118,118,0,0,118,2,1.5,0.11
1053,2026-05-15 23:07:42,8,q91,0,5,5,11,24,15,15,0,0,0,0,0,0,32830,0,0,0,57206,328084,0,0,0,0,0,0,0,0,0,0,0,0,1.36,0.01
1054,2026-05-15 23:07:43,8,q92,0,7,7,146,188,172,172,0,0,0,0,0,12,121704,0,0,72236048,1529817,8191922,0,0,9069,3,3,0,143446,143446,0,0,143446,9069,1.18,0.15
1055,2026-05-15 23:07:44,8,q93,0,2,2,6,5,2,2,0,0,0,0,0,0,4265,0,0,0,0,3821,0,0,0,0,0,0,0,0,0,0,0,0,0.33,0.01
1056,2026-05-15 23:07:45,8,q94,0,5,5,17,39,29,29,0,0,0,0,0,0,259989,0,0,0,194812,843731,0,0,0,0,0,0,0,0,0,0,0,0,1.71,0.02
1057,2026-05-15 23:07:46,8,q95,0,4,4,18,26,19,19,0,0,0,0,0,0,13479,0,0,0,123049,698949,0,0,0,0,0,0,0,0,0,0,0,0,1.06,0.02
1058,2026-05-15 23:07:48,8,q96,0,5,5,171,170,159,159,0,0,0,0,0,0,13366,0,0,3192904,2974016,2914488,0,0,1,1,1,0,59,59,0,0,59,1,0.93,0.17
1059,2026-05-15 23:07:49,8,q97,0,5,12,581,712,2285,2157,8,9,0,0,0,63,126552,0,0,2342261680,4395001,11804290,0,0,834974,24,24,0,8658863,8658863,0,0,8658863,834974,3.93,0.58
1060,2026-05-15 23:07:50,8,q98,0,2,2,7,5,2,2,0,0,0,0,0,0,4265,0,0,0,0,77988,0,0,0,0,0,0,0,0,0,0,0,0,0.29,0.01
1061,2026-05-15 23:07:51,8,q99,0,6,6,270,255,239,239,3,3,0,0,0,4,19887,0,0,138939448,1514628,3900461,0,0,90,1,1,0,11250,11250,0,0,11250,90,0.89,0.27
1062,2026-05-15 23:07:53,9,q1,0,8,8,191,292,269,268,5,5,0,0,0,24,1017955,0,0,422333440,748089,4842446,0,0,99878,3,3,0,1544051,1544051,0,0,1544051,99878,1.41,0.19
1063,2026-05-15 23:07:54,9,q2,0,9,10,312,261,375,338,7,7,0,0,0,22,680157,0,0,284679544,2380079,7614862,0,0,4453,8,8,0,91309,91309,0,0,38659,3403,1.2,0.31
1064,2026-05-15 23:07:55,9,q3,0,4,4,200,189,177,177,2,2,0,0,0,4,35702,0,0,69994472,2971453,15371138,0,0,89,1,1,0,8279,8279,0,0,8279,89,0.88,0.2
1065,2026-05-15 23:07:57,9,q4,0,19,123,1785,6281,22055,16285,143,159,0,144,0,4477,609398,0,0,23149964296,5287434,62185976,0,0,10424391,445,445,0,277816112,277816112,0,0,131839186,5088880,12.36,1.78
1066,2026-05-15 23:08:00,9,q5,0,10,15,503,910,1280,1109,14,15,1,13,0,50,1650869,0,0,494330152,6348873,41651027,0,0,1515,9,9,0,100764,100764,0,0,100764,1515,2.54,0.5
1067,2026-05-15 23:08:01,9,q5a,0,13,20,590,874,1179,1142,18,22,0,0,0,55,1650783,0,0,1033298024,6348873,41651027,0,0,3255,20,20,0,237079,237079,0,0,139181,2005,2.0,0.59
1068,2026-05-15 23:08:03,9,q6,0,12,28,535,662,2510,2343,32,31,0,0,0,148,1041019,0,0,1474212376,3212502,9340384,0,0,2786107,37,37,0,24510239,24510239,0,0,24510239,2786107,4.69,0.54
1069,2026-05-15 23:08:05,9,q7,0,4,4,10,19,11,10,0,0,0,0,0,0,142714,0,0,0,18300,252034,0,0,0,0,0,0,0,0,0,0,0,0,1.1,0.01
1070,2026-05-15 23:08:06,9,q8,0,10,10,297,262,233,233,5,5,0,0,0,14,275062,0,0,341745984,3153465,11294186,0,0,3491,4,4,0,59038,59038,0,0,59038,3491,0.78,0.3
1071,2026-05-15 23:08:07,9,q9,0,31,31,296,2972,2865,2751,5,5,0,0,0,0,4782,0,0,0,43206095,97312801,0,0,15,15,15,0,946,946,0,0,946,15,9.68,0.3
1072,2026-05-15 23:08:08,9,q10,0,13,29,688,1003,1366,1119,32,31,0,0,0,114,529175,0,0,778679088,7185185,10964911,0,0,826612,31,31,0,47123357,47123357,0,0,47123357,2208464,1.99,0.69
1073,2026-05-15 23:08:10,9,q10a,0,11,28,653,910,1012,1007,32,30,0,0,0,113,501180,0,0,361870128,7185185,10964911,0,0,513766,25,25,0,47120004,47120004,0,0,47120004,2204076,1.55,0.65
1074,2026-05-15 23:08:12,9,q11,0,14,80,1328,2837,14975,11570,97,98,0,176,0,2882,517614,0,0,14895471784,3845886,22340176,0,0,7308134,269,269,0,121055372,121055372,0,0,58048608,3603562,11.28,1.33
1075,2026-05-15 23:08:14,9,q12,0,2,2,7,5,2,2,0,0,0,0,0,0,4265,0,0,0,0,77988,0,0,0,0,0,0,0,0,0,0,0,0,0.29,0.01
1076,2026-05-15 23:08:15,9,q13,0,6,6,18,40,30,30,0,0,0,0,0,0,92495,0,0,0,130261,810924,0,0,0,0,0,0,0,0,0,0,0,0,1.67,0.02
1077,2026-05-15 23:08:17,9,q14a,0,30,80,3279,3690,9091,7971,134,143,0,25,0,1623,734043,0,0,5323952848,15415155,57406770,0,0,6328590,124,124,0,88210545,88210545,0,0,87084141,6301174,2.77,3.28
1078,2026-05-15 23:08:22,9,q14b,0,24,59,1695,2550,7094,6463,79,87,0,0,0,948,778651,0,0,3268280944,13400321,46556414,0,0,6861513,80,80,0,97442680,97442680,0,0,51225054,4111202,4.19,1.7
1079,2026-05-15 23:08:25,9,q14,0,24,59,1331,1990,3715,3354,86,91,0,106,0,769,778651,0,0,3276309104,13400321,46556414,0,0,6851380,80,80,0,96756697,96756697,0,0,50539071,4101069,2.79,1.33
1080,2026-05-15 23:08:28,9,q15,0,5,5,457,455,440,440,3,3,0,0,0,6,1041019,0,0,145379880,1664597,5413962,0,0,202,1,1,0,11828,11828,0,0,11828,202,0.96,0.46
1081,2026-05-15 23:08:29,9,q16,0,8,24,721,908,5349,4856,46,34,0,0,0,67,541943,0,0,2577803232,3150218,16739594,0,0,2870561,51,51,0,39357570,39357570,0,0,39357570,2870561,7.42,0.72
1082,2026-05-15 23:08:32,9,q17,0,9,25,782,1005,4563,3283,42,37,0,96,0,61,6091978,0,0,2626859256,4773576,21120712,0,0,1629074,35,35,0,31753837,31753837,0,0,31753837,1629074,5.84,0.78
1083,2026-05-15 23:08:34,9,q18,0,3,3,10,16,10,10,0,0,0,0,0,0,142714,0,0,0,18000,217930,0,0,0,0,0,0,0,0,0,0,0,0,1.0,0.01
1084,2026-05-15 23:08:35,9,q18a,0,10,10,46,212,162,111,1,0,0,0,0,0,853740,0,0,0,409049,3071698,0,0,0,0,0,0,0,0,0,0,0,0,3.52,0.05
1085,2026-05-15 23:08:37,9,q19,0,7,7,448,452,422,415,4,4,0,0,0,6,1041019,0,0,80384184,3121465,18164328,0,0,160,1,1,0,17796,17796,0,0,17796,160,0.94,0.45
1086,2026-05-15 23:08:38,9,q20,0,2,2,7,5,2,2,0,0,0,0,0,0,4265,0,0,0,0,77988,0,0,0,0,0,0,0,0,0,0,0,0,0.29,0.01
1087,2026-05-15 23:08:39,9,q21,0,5,5,594,578,559,527,3,3,0,5,0,10,17151,0,0,137953760,11836054,25473259,0,0,2795,1,1,0,97587,97587,0,0,97587,2795,0.94,0.59
1088,2026-05-15 23:08:41,9,q22,0,5,5,7828,7809,7790,7755,5,5,0,5,0,12,803062,0,0,146947520,11836054,25380912,0,0,35968,1,1,0,1544161,1544161,0,0,1544161,35968,1.0,7.83
1089,2026-05-15 23:08:50,9,q22a,0,10,14,1294,1315,1310,1309,19,20,0,0,0,53,803062,0,0,956185792,11836054,25385773,0,0,72373,14,14,0,3722976,3722976,0,0,1718132,36377,1.01,1.29
1090,2026-05-15 23:08:52,9,q23a,0,16,47,2323,4412,8248,6761,86,68,0,161,0,237,1166709,0,0,3941269824,11139291,41579890,0,0,3812080,114,114,0,98368916,98368916,0,0,98366379,3812037,3.55,2.32
1091,2026-05-15 23:08:56,9,q23b,0,20,68,2341,4464,8111,6698,135,119,0,163,0,257,1166709,0,0,6508186696,11239291,42252606,0,0,3908567,131,131,0,100971109,100971109,0,0,100968572,3908524,3.46,2.34
1092,2026-05-15 23:08:59,9,q24,0,3,3,14,20,10,10,0,0,0,0,0,0,4390,0,0,0,12,103212,0,0,0,0,0,0,0,0,0,0,0,0,0.71,0.01
1093,2026-05-15 23:09:00,9,q24a,0,3,3,8,9,1,1,0,0,0,0,0,0,4390,0,0,0,12,103212,0,0,0,0,0,0,0,0,0,0,0,0,0.12,0.01
1094,2026-05-15 23:09:01,9,q24b,0,3,3,8,9,2,2,0,0,0,0,0,0,4390,0,0,0,12,103212,0,0,0,0,0,0,0,0,0,0,0,0,0.25,0.01
1095,2026-05-15 23:09:03,9,q25,0,9,25,804,1075,3623,2574,33,29,0,7,0,60,6124349,0,0,2626834640,4773576,30890414,0,0,1629074,35,35,0,32135493,32135493,0,0,32135493,1629074,4.51,0.8
1096,2026-05-15 23:09:04,9,q26,0,4,4,12,21,13,13,0,0,0,0,0,0,142714,0,0,0,18300,252034,0,0,0,0,0,0,0,0,0,0,0,0,1.08,0.01
1097,2026-05-15 23:09:05,9,q27,0,3,3,7,9,3,3,0,0,0,0,0,0,4712,0,0,0,12,98390,0,0,0,0,0,0,0,0,0,0,0,0,0.43,0.01
1098,2026-05-15 23:09:07,9,q27a,0,7,7,24,41,27,24,0,0,0,0,0,0,142714,0,0,0,109073,694440,0,0,0,0,0,0,0,0,0,0,0,0,1.12,0.02
1099,2026-05-15 23:09:08,9,q28,0,18,18,559,2594,2501,2128,28,13,0,184,0,80,8304,0,0,808451808,17282424,105885000,0,0,47107,12,12,0,769812,769812,0,0,769812,47107,4.47,0.56
1100,2026-05-15 23:09:09,9,q29,0,10,26,826,1102,3909,2731,43,33,0,5,0,61,6091978,0,0,2626942080,4846625,21600490,0,0,1629074,35,35,0,31753942,31753942,0,0,31753942,1629074,4.73,0.83
1101,2026-05-15 23:09:11,9,q30,0,12,21,237,442,456,394,46,41,0,0,0,57,402833,0,0,503073576,466575,5793548,0,0,126097,23,23,0,11161609,11161609,0,0,11161609,126097,1.92,0.24
1102,2026-05-15 23:09:13,9,q31,0,19,19,524,1568,1484,1415,12,12,0,30,0,95,772216,0,0,1178381960,11068511,40663962,0,0,11385,9,9,0,440977,440977,0,0,368243,9860,2.83,0.52
1103,2026-05-15 23:09:14,9,q32,0,7,7,232,350,325,295,2,2,0,0,0,13,130384,0,0,72235152,2974145,14139570,0,0,9308,3,3,0,150123,150123,0,0,150123,9308,1.4,0.23
1104,2026-05-15 23:09:16,9,q33,0,2,2,11,6,2,2,0,0,0,0,0,0,4265,0,0,0,0,77988,0,0,0,0,0,0,0,0,0,0,0,0,0.18,0.01
1105,2026-05-15 23:09:17,9,q34,0,3,3,9,11,6,6,0,0,0,0,0,0,4390,0,0,0,12,29396,0,0,0,0,0,0,0,0,0,0,0,0,0.67,0.01
1106,2026-05-15 23:09:18,9,q35,0,14,29,681,1167,3093,2006,39,31,0,7,0,891,495712,0,0,1189007520,7185185,10831699,0,0,2572181,37,37,0,24618550,24618550,0,0,24618550,2572181,4.54,0.68
1107,2026-05-15 23:09:20,9,q35a,0,12,28,600,1046,2064,1515,39,31,0,14,0,680,469728,0,0,1190304816,7185185,10831699,0,0,2571909,37,37,0,24612692,24612692,0,0,24612692,2571909,3.44,0.6
1108,2026-05-15 23:09:21,9,q36,0,6,6,487,458,432,417,5,5,0,0,0,8,272632,0,0,208354816,2971465,24377782,0,0,266,2,2,0,19035,19035,0,0,19035,266,0.89,0.49
1109,2026-05-15 23:09:23,9,q36a,0,9,11,523,451,438,385,11,12,0,0,0,19,272632,0,0,747322688,2971465,24377782,0,0,641,9,9,0,56190,56190,0,0,32454,399,0.84,0.52
1110,2026-05-15 23:09:24,9,q37,0,5,5,678,554,523,495,2,2,0,0,0,1,7229608,0,0,69874856,13277597,28516680,0,0,1,1,1,0,253,253,0,0,253,1,0.77,0.68
1111,2026-05-15 23:09:26,9,q38,0,9,9,489,801,744,710,17,4,0,12,0,35,2491099,0,0,595902608,5214385,5292406,0,0,91194,4,4,0,2289264,2289264,0,0,2289264,91194,1.52,0.49
1112,2026-05-15 23:09:28,9,q39a,0,10,10,865,1401,1358,1308,10,10,0,0,0,34,96649,0,0,418997912,23654103,50327687,0,0,135243,4,4,0,3309352,3309352,0,0,2213547,90243,1.57,0.86
1113,2026-05-15 23:09:30,9,q39b,0,10,10,658,1073,1032,981,7,7,0,5,0,30,96649,0,0,418743960,23654103,50327687,0,0,135014,4,4,0,3289055,3289055,0,0,2193135,90014,1.57,0.66
1114,2026-05-15 23:09:31,9,q40,0,6,6,364,323,298,284,4,4,0,0,0,9,2150491,0,0,154730976,1676669,9123221,0,0,534,1,1,0,31932,31932,0,0,31932,534,0.82,0.36
1115,2026-05-15 23:09:33,9,q41,0,2,2,21,19,15,15,1,1,0,0,0,0,5257,0,0,262144,0,77988,0,0,0,0,0,0,0,0,0,0,0,0,0.71,0.02
1116,2026-05-15 23:09:34,9,q42,0,4,4,195,178,166,152,3,3,0,0,0,2,14303,0,0,69746904,2971453,15426498,0,0,10,1,1,0,925,925,0,0,925,10,0.85,0.2
1117,2026-05-15 23:09:35,9,q43,0,4,4,262,242,228,228,4,4,0,0,0,2,14303,0,0,69733304,2953465,7454094,0,0,6,1,1,0,618,618,0,0,618,6,0.87,0.26
1118,2026-05-15 23:09:36,9,q44,0,8,8,357,334,301,300,8,8,0,0,0,11,299186,0,0,478831784,5778808,25054758,0,0,36021,5,5,0,574234,574234,0,0,287345,18022,0.84,0.36
1119,2026-05-15 23:09:38,9,q45,0,7,7,178,186,166,153,2,2,0,0,0,2,1041019,0,0,146573480,978433,4965496,0,0,19,1,1,0,1799,1799,0,0,1799,19,0.93,0.18
1120,2026-05-15 23:09:39,9,q46,0,7,7,505,531,493,477,5,5,0,0,0,11,3101862,0,0,164973472,3110665,19329222,0,0,10081,1,1,0,430760,430760,0,0,430760,10081,0.98,0.5
1121,2026-05-15 23:09:41,9,q47,0,11,17,1094,1524,2261,2186,22,19,0,6,0,103,399015,0,0,1569865232,2971465,13075570,0,0,499240,30,30,0,15789663,15789663,0,0,11851696,370924,2.07,1.09
1122,2026-05-15 23:09:43,9,q48,0,5,5,23,38,27,26,0,0,0,0,0,0,115374,0,0,0,123061,788456,0,0,0,0,0,0,0,0,0,0,0,0,1.17,0.02
1123,2026-05-15 23:09:44,9,q49,0,12,14,457,663,683,640,18,18,0,0,0,14,103233,0,0,814727624,5617729,52835116,0,0,170,9,9,0,11817,11817,0,0,11817,170,1.49,0.46
1124,2026-05-15 23:09:46,9,q50,0,6,6,517,466,441,433,4,4,0,7,0,1,4389375,0,0,156298224,3314028,12356584,0,0,6,1,1,0,1447,1447,0,0,1447,6,0.85,0.52
1125,2026-05-15 23:09:47,9,q51,0,10,43,849,1096,4411,4072,49,52,0,187,0,449,263945,0,0,3625456128,3672837,15502850,0,0,2523869,299,299,0,43438446,43438446,0,0,43438446,2523869,5.2,0.85
1126,2026-05-15 23:09:49,9,q51a,0,14,74,2522,3202,26988,22235,180,123,0,724,0,832,1761555,0,0,11902151584,3672837,15502850,0,0,4889102,693,693,0,83968631,83968631,0,0,61032787,3644888,10.7,2.52
1127,2026-05-15 23:09:53,9,q52,0,4,4,197,183,165,157,4,4,0,0,0,5,14303,0,0,69746904,2971453,15427078,0,0,109,1,1,0,9739,9739,0,0,9739,109,0.84,0.2
1128,2026-05-15 23:09:54,9,q53,0,3,3,12,13,7,7,0,0,0,0,0,0,4390,0,0,0,12,95228,0,0,0,0,0,0,0,0,0,0,0,0,0.58,0.01
1129,2026-05-15 23:09:55,9,q54,0,3,3,10,12,6,6,0,0,0,0,0,0,4323,0,0,0,12,92648,0,0,0,0,0,0,0,0,0,0,0,0,0.6,0.01
1130,2026-05-15 23:09:56,9,q55,0,4,4,214,200,182,168,4,4,0,0,0,5,14303,0,0,69746904,2971453,15427078,0,0,104,1,1,0,8981,8981,0,0,8981,104,0.85,0.21
1131,2026-05-15 23:09:57,9,q56,0,3,3,10,15,9,9,0,0,0,0,0,0,97723,0,0,0,50000,290184,0,0,0,0,0,0,0,0,0,0,0,0,0.9,0.01
1132,2026-05-15 23:09:59,9,q57,0,9,9,716,810,739,713,21,8,0,0,0,35,497206,0,0,550911816,1532603,6083188,0,0,160920,5,5,0,4348229,4348229,0,0,2602187,96552,1.03,0.72
1133,2026-05-15 23:10:00,9,q58,0,10,10,412,732,697,653,6,6,0,0,0,30,142714,0,0,612801360,5278483,26522362,0,0,17396,3,3,0,287209,287209,0,0,287209,17396,1.69,0.41
1134,2026-05-15 23:10:02,9,q59,0,10,10,437,437,399,383,6,6,0,0,0,27,680157,0,0,211152528,3099575,7749954,0,0,7524,4,4,0,133338,133338,0,0,89016,5952,0.91,0.44
1135,2026-05-15 23:10:03,9,q60,0,3,3,11,13,7,7,0,0,0,0,0,0,97723,0,0,0,50000,292044,0,0,0,0,0,0,0,0,0,0,0,0,0.64,0.01
1136,2026-05-15 23:10:05,9,q61,0,8,8,33,60,45,44,0,0,0,0,0,0,1041019,0,0,0,223361,1238710,0,0,0,0,0,0,0,0,0,0,0,0,1.36,0.03
1137,2026-05-15 23:10:06,9,q62,0,6,6,247,233,217,203,4,3,0,0,0,6,19887,0,0,138939640,792488,2839194,0,0,150,1,1,0,17537,17537,0,0,17537,150,0.88,0.25
1138,2026-05-15 23:10:07,9,q63,0,3,3,11,11,5,5,0,0,0,0,0,0,4390,0,0,0,12,95228,0,0,0,0,0,0,0,0,0,0,0,0,0.45,0.01
1139,2026-05-15 23:10:08,9,q64,0,9,9,70,190,121,73,14,0,0,0,0,0,2510663,0,0,0,441144,1964634,0,0,0,0,0,0,0,0,0,0,0,0,1.73,0.07
1140,2026-05-15 23:10:10,9,q65,0,8,8,424,629,593,551,6,6,0,0,0,26,1704512,0,0,420104560,5851869,26099826,0,0,107998,3,3,0,1644480,1644480,0,0,1644480,107998,1.4,0.42
1141,2026-05-15 23:10:11,9,q66,0,3,3,8,9,4,4,0,0,0,0,0,0,4611,0,0,0,25,13305,0,0,0,0,0,0,0,0,0,0,0,0,0.5,0.01
1142,2026-05-15 23:10:12,9,q67,0,6,22,2485,2459,7735,7226,38,33,0,7,0,119,803062,0,0,2613197504,2971465,15896536,0,0,523804,34,34,0,35032320,35032320,0,0,35032320,523804,3.11,2.48
1143,2026-05-15 23:10:16,9,q67a,0,14,153,2716,9149,27848,21778,233,249,0,336,0,4058,803062,0,0,19188032472,2971465,15896536,0,0,3913413,393,393,0,254672067,254672067,0,0,74909707,1194405,10.25,2.72
1144,2026-05-15 23:10:20,9,q68,0,7,7,509,531,502,479,4,4,0,8,0,10,3101862,0,0,97597832,3110665,30558942,0,0,2221,1,1,0,125465,125465,0,0,125465,2221,0.99,0.51
1145,2026-05-15 23:10:21,9,q69,0,14,30,734,1197,2186,1669,35,31,0,8,0,280,525742,0,0,100986912,7185185,10862924,0,0,2160682,39,39,0,41534653,41534653,0,0,41534653,2160682,2.98,0.73
1146,2026-05-15 23:10:23,9,q70,0,9,9,579,502,470,442,7,7,0,0,0,4,25220,0,0,408034064,5833881,20482262,0,0,19,4,4,0,840,840,0,0,840,19,0.81,0.58
1147,2026-05-15 23:10:25,9,q70a,0,12,14,525,426,406,391,11,12,0,0,0,12,84465,0,0,812784240,5833881,20482262,0,0,24,11,11,0,1381,1381,0,0,1169,22,0.77,0.52
1148,2026-05-15 23:10:26,9,q71,0,4,4,25,40,31,31,0,0,0,0,0,0,10559,0,0,0,177449,964204,0,0,0,0,0,0,0,0,0,0,0,0,1.24,0.02
1149,2026-05-15 23:10:28,9,q72,0,4,4,18,17,5,5,0,0,0,0,0,0,7060,0,0,0,305,33649,0,0,0,0,0,0,0,0,0,0,0,0,0.28,0.02
1150,2026-05-15 23:10:29,9,q73,0,3,3,8,10,5,5,0,0,0,0,0,0,4390,0,0,0,12,29396,0,0,0,0,0,0,0,0,0,0,0,0,0.62,0.01
1151,2026-05-15 23:10:30,9,q74,0,11,11,625,1341,1284,1212,8,8,0,24,0,48,2987500,0,0,822149272,7445674,27918216,0,0,98902,4,4,0,3653467,3653467,0,0,3653467,98902,2.05,0.62
1152,2026-05-15 23:10:31,9,q75,0,1,1,2,2,0,0,0,0,0,0,0,0,731,0,0,0,0,0,0,0,0,0,0,0,0,0,0,0,0,0,0.0,0.0
1153,2026-05-15 23:10:33,9,q76,0,4,6,230,198,375,351,5,5,0,0,0,18,381530,0,0,290543480,5132385,27496014,0,0,509,3,3,0,45030,45030,0,0,45030,509,1.63,0.23
1154,2026-05-15 23:10:34,9,q77,0,14,16,290,511,500,478,9,9,0,0,0,19,121458,0,0,687344520,5617801,37066317,0,0,133,9,9,0,12378,12378,0,0,12378,133,1.72,0.29
1155,2026-05-15 23:10:35,9,q77a,0,17,21,477,674,658,577,22,22,0,22,0,28,141450,0,0,1226312384,5617801,37066317,0,0,245,20,20,0,28150,28150,0,0,16928,165,1.38,0.48
1156,2026-05-15 23:10:37,9,q78,0,11,28,1023,1770,5707,4814,89,63,0,152,0,60,3106243,0,0,5970598464,5690778,42936082,0,0,872646,35,35,0,20939025,20939025,0,0,20939025,872646,5.58,1.02
1157,2026-05-15 23:10:39,9,q79,0,6,6,429,442,414,396,4,4,0,0,0,10,2491099,0,0,155522160,3060665,18856906,0,0,7013,1,1,0,231553,231553,0,0,231553,7013,0.97,0.43
1158,2026-05-15 23:10:41,9,q80,0,14,16,749,1249,1215,1110,14,14,0,11,0,29,5685107,0,0,745311640,5647789,58410183,0,0,856,6,6,0,70474,70474,0,0,70474,856,1.62,0.75
1159,2026-05-15 23:10:43,9,q80a,0,17,21,983,1392,1360,1210,23,24,0,58,0,39,5685150,0,0,1217170672,5647789,58410183,0,0,1883,17,17,0,173167,173167,0,0,98845,1133,1.38,0.98
1160,2026-05-15 23:10:45,9,q81,0,11,11,263,440,391,352,10,10,0,7,0,40,4042611,0,0,499810360,611183,5479356,0,0,56347,4,4,0,1209586,1209586,0,0,1209586,56347,1.49,0.26
1161,2026-05-15 23:10:46,9,q82,0,6,16,554,826,1042,848,15,17,0,0,0,29,193440,0,0,299565576,14716453,31619372,0,0,669668,15,15,0,11943569,11943569,0,0,11943569,2880440,1.88,0.55
1162,2026-05-15 23:10:48,9,q83,0,10,10,273,265,227,225,7,7,0,0,0,34,142714,0,0,412166496,740491,3792640,0,0,4250,3,3,0,93519,93519,0,0,93519,4250,0.83,0.27
1163,2026-05-15 23:10:49,9,q84,0,6,6,513,229,200,173,2,2,0,0,0,0,9704788,0,0,102472224,2365534,7790382,0,0,0,0,0,0,0,0,0,0,0,0,0.39,0.51
1164,2026-05-15 23:10:51,9,q85,0,5,5,15,27,16,14,0,0,0,0,0,0,6120,0,0,0,73144,431734,0,0,0,0,0,0,0,0,0,0,0,0,1.07,0.02
1165,2026-05-15 23:10:52,9,q86,0,5,5,238,208,184,170,5,5,0,0,0,8,272632,0,0,207306152,810433,4278230,0,0,266,2,2,0,17966,17966,0,0,17966,266,0.77,0.24
1166,2026-05-15 23:10:53,9,q86a,0,8,10,311,245,235,193,13,14,0,0,0,21,272632,0,0,746274016,810433,4278230,0,0,641,9,9,0,51729,51729,0,0,30007,399,0.76,0.31
1167,2026-05-15 23:10:55,9,q87,0,9,9,501,788,749,721,4,4,0,12,0,41,2491099,0,0,595902608,5214385,5292406,0,0,91194,4,4,0,2289264,2289264,0,0,2289264,91194,1.5,0.5
1168,2026-05-15 23:10:56,9,q88,0,26,26,377,2155,2090,2021,0,0,0,56,0,0,14673,0,0,25741888,23741644,23037948,0,0,8,8,8,0,472,472,0,0,472,8,5.54,0.38
1169,2026-05-15 23:10:58,9,q89,0,3,3,9,12,6,6,0,0,0,0,0,0,4503,0,0,0,12,95228,0,0,0,0,0,0,0,0,0,0,0,0,0.67,0.01
1170,2026-05-15 23:10:59,9,q90,0,8,8,141,214,196,167,0,0,0,0,0,0,40754,0,0,6472208,1618828,2758860,0,0,2,2,2,0,118,118,0,0,118,2,1.39,0.14
1171,2026-05-15 23:11:00,9,q91,0,5,5,12,28,19,19,0,0,0,0,0,0,32830,0,0,0,57206,328084,0,0,0,0,0,0,0,0,0,0,0,0,1.58,0.01
1172,2026-05-15 23:11:01,9,q92,0,7,7,172,220,203,175,2,2,0,0,0,14,121747,0,0,72236048,1529817,8191922,0,0,9069,3,3,0,143446,143446,0,0,143446,9069,1.18,0.17
1173,2026-05-15 23:11:03,9,q93,0,2,2,6,5,1,1,0,0,0,0,0,0,4265,0,0,0,0,3821,0,0,0,0,0,0,0,0,0,0,0,0,0.17,0.01
1174,2026-05-15 23:11:04,9,q94,0,5,5,16,40,31,29,0,0,0,0,0,0,259989,0,0,0,194812,843731,0,0,0,0,0,0,0,0,0,0,0,0,1.94,0.02
1175,2026-05-15 23:11:05,9,q95,0,5,5,16,43,33,33,0,0,0,0,0,0,260045,0,0,0,194812,843731,0,0,0,0,0,0,0,0,0,0,0,0,2.06,0.02
1176,2026-05-15 23:11:06,9,q96,0,5,5,164,163,152,147,0,0,0,0,0,5,13366,0,0,3192904,2974016,2914488,0,0,1,1,1,0,59,59,0,0,59,1,0.93,0.16
1177,2026-05-15 23:11:07,9,q97,0,5,12,584,725,2176,2025,8,9,0,16,0,33,126552,0,0,2342261680,4395001,11804290,0,0,834974,24,24,0,8658863,8658863,0,0,8658863,834974,3.73,0.58
1178,2026-05-15 23:11:09,9,q98,0,2,2,9,6,2,2,0,0,0,0,0,0,4265,0,0,0,0,77988,0,0,0,0,0,0,0,0,0,0,0,0,0.22,0.01
1179,2026-05-15 23:11:10,9,q99,0,6,6,256,245,229,229,3,3,0,0,0,4,19887,0,0,138939448,1514628,3900461,0,0,90,1,1,0,11250,11250,0,0,11250,90,0.89,0.26
