ID,timestamp,run_id,query,query_rerun_id,numStages,numTasks,elapsedTime,stageDuration,executorRunTime,executorCpuTime,executorDeserializeTime,executorDeserializeCpuTime,resultSerializationTime,jvmGCTime,shuffleFetchWaitTime,shuffleWriteTime,resultSize,diskBytesSpilled,memoryBytesSpilled,peakExecutionMemory,recordsRead,bytesRead,recordsWritten,bytesWritten,shuffleRecordsRead,shuffleTotalBlocksFetched,shuffleLocalBlocksFetched,shuffleRemoteBlocksFetched,shuffleTotalBytesRead,shuffleLocalBytesRead,shuffleRemoteBytesRead,shuffleRemoteBytesReadToDisk,shuffleBytesWritten,shuffleRecordsWritten,avg_active_tasks,elapsed_time_seconds
0,2026-05-16 09:17:04,0,q1,0,19,103,1722,3203,17920,10394,539,242,10,272,0,2897,305307,0,0,3939722376,6275366,134988172,0,0,7596765,251,251,0,131670126,131670126,0,0,131670126,7596765,10.41,1.72
1,2026-05-16 09:17:07,0,q2,0,11,47,840,668,5975,4355,76,70,0,183,0,103,751663,0,0,461108944,21713562,145153904,0,0,6838,44,44,0,352525,352525,0,0,127373,4198,7.11,0.84
2,2026-05-16 09:17:09,0,q3,0,8,44,626,620,4524,4171,66,42,0,0,0,267,139606,0,0,116006888,28975550,215710768,0,0,4430235,18,18,0,58111697,58111697,0,0,58111697,4430235,7.23,0.63
3,2026-05-16 09:17:10,0,q4,0,19,228,5440,22620,69866,56665,667,488,3,1504,0,3446,36929064,0,0,30989812144,101342028,1449116176,0,0,2983909,1665,1665,0,192634309,192634309,0,0,192634309,2983909,12.84,5.44
4,2026-05-16 09:17:17,0,q5,0,17,147,2169,4191,26364,22779,201,209,0,304,0,556,246720,0,0,3390890312,62671034,661741556,0,0,7983720,135,135,0,110527640,110527640,0,0,110527640,7983720,12.15,2.17
5,2026-05-16 09:17:21,0,q5a,0,13,129,1565,2645,16922,13298,262,207,16,288,0,246,16637708,0,0,2970619632,62671034,661741556,0,0,5938,44,44,0,419375,419375,0,0,286145,4114,10.81,1.56
6,2026-05-16 09:17:23,0,q6,0,12,55,1694,2287,21380,19359,77,70,1,144,0,589,5019269,0,0,4937817168,29847550,168877496,0,0,27358702,206,206,0,240467439,240467439,0,0,240467439,27358702,12.62,1.69
7,2026-05-16 09:17:26,0,q7,0,12,58,2180,2782,18119,16233,70,68,0,922,0,1649,782465,0,0,838432440,30843801,393155840,0,0,26632140,37,37,0,771411872,771411872,0,0,771411872,26632140,8.31,2.18
8,2026-05-16 09:17:29,0,q8,0,10,36,711,650,4265,4080,63,65,0,0,0,37,2361205,0,0,1773265248,29820603,164053132,0,0,6731,13,13,0,84406,84406,0,0,84406,6731,6.0,0.71
9,2026-05-16 09:17:31,0,q9,0,12,107,1028,4338,14024,12056,43,71,0,272,0,17,41878,0,0,0,144002550,874996780,0,0,100,100,100,0,6957,6957,0,0,6957,100,13.64,1.03
10,2026-05-16 09:17:33,0,q10,0,13,98,996,2534,10133,8229,65,84,0,208,0,1583,592058,0,0,1549657768,53091814,196622124,0,0,4321867,122,122,0,66501043,66501043,0,0,66501043,4321867,10.17,1.0
11,2026-05-16 09:17:35,0,q10a,0,10,97,668,1317,6703,6124,35,83,0,0,0,871,154690,0,0,2065069744,53091814,196622124,0,0,4289247,173,173,0,66460060,66460060,0,0,66460060,4289247,10.03,0.67
12,2026-05-16 09:17:37,0,q11,0,15,153,2559,6736,28841,23851,227,241,14,390,0,2908,36928978,0,0,20231215248,72541178,546342912,0,0,1976060,990,990,0,121162579,121162579,0,0,121162579,1976060,11.27,2.56
13,2026-05-16 09:17:41,0,q12,0,5,23,473,420,1351,1163,35,34,0,24,0,54,3268117,0,0,649575248,7322088,85860752,0,0,29116,10,10,0,3907483,3907483,0,0,3907483,29116,2.86,0.47
14,2026-05-16 09:17:42,0,q13,0,9,38,1291,1376,11678,11331,26,30,0,0,0,31,1303333,0,0,691209280,30998603,479987220,0,0,1460,21,21,0,26209,26209,0,0,26209,1460,9.05,1.29
15,2026-05-16 09:17:45,0,q14a,0,30,280,6120,10841,59635,52865,450,434,0,1093,0,3515,1189316,0,0,9940144464,151671042,990848472,0,0,62586107,342,342,0,877743160,877743160,0,0,874734576,62499583,9.74,6.12
16,2026-05-16 09:17:53,0,q14b,0,24,217,4044,7211,47659,43859,281,297,0,720,0,2166,1189316,0,0,8458015920,130216627,791340536,0,0,68363018,316,316,0,1013219464,1013219464,0,0,529302342,40855811,11.79,4.04
17,2026-05-16 09:17:58,0,q14,0,24,214,3469,6103,38481,36490,322,325,6,705,0,2174,1162292,0,0,7574558088,130216627,791340536,0,0,68273663,281,281,0,1004568545,1004568545,0,0,520651423,40766456,11.09,3.47
18,2026-05-16 09:18:03,0,q15,0,5,30,905,872,6800,6565,33,35,1,42,0,10,5019226,0,0,951797424,15170425,109597384,0,0,502,1,1,0,18324,18324,0,0,18324,502,7.51,0.9
19,2026-05-16 09:18:05,0,q16,0,11,80,2095,3583,27311,23807,56,72,0,317,0,1204,5381083,0,0,4960906096,30510756,276801092,0,0,28684716,360,360,0,416450090,416450090,0,0,416450090,28684716,13.04,2.1
20,2026-05-16 09:18:08,0,q17,0,10,95,4458,6624,59394,54895,95,111,1,848,0,3020,6944875,0,0,7880912176,46220660,364127356,0,0,45538041,803,803,0,1089146303,1089146303,0,0,1089146303,45538041,13.32,4.46
21,2026-05-16 09:18:13,0,q18,0,9,55,1214,1340,6735,6260,65,76,0,96,0,26,9716473,0,0,3074056776,19114025,322004024,0,0,55958,9,9,0,3984849,3984849,0,0,3984849,55958,5.55,1.21
22,2026-05-16 09:18:16,0,q18a,0,17,145,2789,8874,34032,28510,293,221,0,768,0,223,9716559,0,0,14494187648,77567725,1345911216,0,0,63894,37,37,0,4339335,4339335,0,0,4339335,63894,12.2,2.79
23,2026-05-16 09:18:20,0,q19,0,7,33,919,902,6841,6591,53,50,6,60,0,114,5019183,0,0,1599037304,29672603,255771940,0,0,7397,10,10,0,541770,541770,0,0,541770,7397,7.44,0.92
24,2026-05-16 09:18:22,0,q20,0,5,25,440,397,1884,1727,37,37,0,0,0,17,3268117,0,0,412686616,14522425,129793824,0,0,28486,2,2,0,3491832,3491832,0,0,3491832,28486,4.28,0.44
25,2026-05-16 09:18:23,0,q21,0,8,37,5605,5624,45908,44527,59,38,0,328,0,2165,94080,0,0,12845713576,133232010,401390576,0,0,133141860,120,120,0,1313152465,1313152465,0,0,1313152465,133141860,8.19,5.6
26,2026-05-16 09:18:30,0,q22,0,6,42,59868,59821,126267,125428,117,75,0,198,0,62,4629135,0,0,1753344224,133232010,400049120,0,0,612866,68,68,0,25729614,25729614,0,0,25729614,612866,2.11,59.87
27,2026-05-16 09:19:31,0,q22a,0,10,66,3377,3856,14821,12763,128,125,0,98,0,1562,4629135,0,0,5660862736,133232010,400255984,0,0,918610,160,160,0,45113549,45113549,0,0,14511781,306922,4.39,3.38
28,2026-05-16 09:19:35,0,q23a,0,18,194,5910,10872,74946,70928,208,240,1,764,0,3277,6575826,0,0,12650385656,108664016,674578880,0,0,43897022,644,644,0,1114819545,1114819545,0,0,1084928778,41990015,12.68,5.91
29,2026-05-16 09:19:42,0,q23b,0,21,220,6381,12258,83756,77414,339,299,1,930,0,3455,6575826,0,0,25625726792,109164016,688634368,0,0,48673518,1314,1314,0,1200059106,1200059106,0,0,1097299361,42452497,13.13,6.38
30,2026-05-16 09:19:50,0,q24,0,8,64,2556,4055,33748,29449,68,70,4,288,0,2110,20636822,0,0,7068696000,32530235,307068176,0,0,29735885,340,340,0,678254112,678254112,0,0,678254112,29735885,13.2,2.56
31,2026-05-16 09:19:53,0,q24a,0,13,86,3503,4345,42804,39059,104,101,4,272,0,1649,18087468,0,0,16497845272,32632235,309614808,0,0,59478907,712,712,0,1357451922,1357451922,0,0,679197810,29743022,12.22,3.5
32,2026-05-16 09:19:58,0,q24b,0,13,86,2871,3758,31251,30122,175,107,3,0,0,1758,18087339,0,0,15891776752,32632235,309614808,0,0,59478765,700,700,0,1357428154,1357428154,0,0,679174042,29742880,10.89,2.87
33,2026-05-16 09:20:02,0,q25,0,10,95,4685,6946,63562,60861,100,106,1,547,0,2790,6944875,0,0,7880887560,46220660,464241788,0,0,45538038,800,800,0,1108759789,1108759789,0,0,1108759789,45538038,13.57,4.68
34,2026-05-16 09:20:08,0,q26,0,6,35,844,873,6795,6570,49,50,0,0,0,33,782379,0,0,475734776,16443725,234711024,0,0,33482,3,3,0,1124909,1124909,0,0,1124909,33482,8.05,0.84
35,2026-05-16 09:20:10,0,q27,0,7,37,879,888,7413,7196,69,59,0,0,0,126,782379,0,0,1080698912,30843403,365429536,0,0,58884,22,22,0,2218125,2218125,0,0,2218125,58884,8.43,0.88
36,2026-05-16 09:20:12,0,q27a,0,11,81,1777,4137,23387,22285,75,101,0,0,0,298,782379,0,0,1806596672,88546507,1043660596,0,0,60793,43,43,0,2451360,2451360,0,0,2451360,60793,13.16,1.78
37,2026-05-16 09:20:14,0,q28,0,18,132,1858,9588,26366,22486,143,157,0,160,0,2274,56987,0,0,4462213584,172803006,1357446288,0,0,470650,66,66,0,7692048,7692048,0,0,7692048,470650,14.19,1.86
38,2026-05-16 09:20:17,0,q29,0,11,96,4580,6904,61405,58400,96,107,1,143,0,2776,6944789,0,0,7880995000,46240660,366365388,0,0,45538045,805,805,0,1089147078,1089147078,0,0,1089147078,45538045,13.41,4.58
39,2026-05-16 09:20:23,0,q30,0,12,52,683,1367,1806,1582,83,79,0,0,0,119,1992893,0,0,1012759832,2460548,94235280,0,0,787148,8,8,0,59648264,59648264,0,0,59648264,787148,2.64,0.68
40,2026-05-16 09:20:25,0,q31,0,20,126,1804,7923,22799,19500,140,158,0,176,0,1236,3832889,0,0,3909791224,108311767,630486736,0,0,79898,49,49,0,2715151,2715151,0,0,2492944,73114,12.64,1.8
41,2026-05-16 09:20:28,0,q32,0,7,46,410,698,4727,4374,34,43,0,0,0,46,703508,0,0,120389400,28922850,245320744,0,0,55420,12,12,0,760429,760429,0,0,760429,55420,11.53,0.41
42,2026-05-16 09:20:29,0,q33,0,9,68,897,1733,8923,7970,314,106,0,0,0,258,889109,0,0,1187094680,50875014,451799976,0,0,17063,18,18,0,450453,450453,0,0,450453,17063,9.95,0.9
43,2026-05-16 09:20:31,0,q34,0,8,32,640,802,5067,4898,36,39,1,0,0,128,16394969,0,0,480760000,29327803,103214828,0,0,20445,21,21,0,646759,646759,0,0,351165,10675,7.92,0.64
44,2026-05-16 09:20:33,0,q35,0,10,92,1148,2216,10247,7810,93,87,9,294,0,1136,23973811,0,0,8159872040,53091814,196286252,0,0,6056644,255,255,0,16002181,16002181,0,0,16002181,6056644,8.93,1.15
45,2026-05-16 09:20:35,0,q35a,0,9,92,1073,1716,8900,7116,89,90,2,336,0,792,23974284,0,0,7371343176,53091814,196286252,0,0,6053558,255,255,0,16010477,16010477,0,0,16010477,6053558,8.29,1.07
46,2026-05-16 09:20:37,0,q36,0,6,26,759,687,5764,5393,48,40,0,0,0,81,1857112,0,0,1036986400,28922603,310110284,0,0,1769,11,11,0,138561,138561,0,0,138561,1769,7.59,0.76
47,2026-05-16 09:20:39,0,q36a,0,9,31,867,793,6382,5784,45,49,0,154,0,87,1857112,0,0,1575954272,28922603,310110284,0,0,4798,36,36,0,397299,397299,0,0,147261,1822,7.36,0.87
48,2026-05-16 09:20:41,0,q37,0,6,61,1033,1363,9859,9249,51,59,0,100,0,389,157657,0,0,886656304,147632425,477965736,0,0,4316414,180,180,0,64485606,64485606,0,0,64485606,14400617,9.54,1.03
49,2026-05-16 09:20:43,0,q38,0,10,103,1682,3656,20222,16462,145,139,1,0,0,1965,12765592,0,0,8161428680,50921014,168240424,0,0,1694835,473,473,0,44530328,44530328,0,0,44530328,1694835,12.02,1.68
50,2026-05-16 09:20:46,0,q39a,0,12,71,1922,3605,21328,19494,121,126,0,336,0,783,798149,0,0,2062236424,266362010,795492552,0,0,1129345,56,56,0,27131683,27131683,0,0,26113005,1093917,11.1,1.92
51,2026-05-16 09:20:49,0,q39b,0,12,71,1638,3099,19120,18371,135,111,4,0,0,384,798149,0,0,2062236424,266362010,795492552,0,0,1058875,56,56,0,25171608,25171608,0,0,25081527,1057496,11.67,1.64
52,2026-05-16 09:20:51,0,q40,0,7,57,1764,2205,23665,21626,54,63,0,384,0,1308,173485,0,0,4141621464,15962317,186621472,0,0,15748014,357,357,0,309656666,309656666,0,0,309656666,15748014,13.42,1.76
53,2026-05-16 09:20:54,0,q41,0,4,6,166,134,144,128,7,7,0,0,0,7,12426,0,0,202903480,204000,8796048,0,0,140,2,2,0,9680,9680,0,0,9680,140,0.87,0.17
54,2026-05-16 09:20:55,0,q42,0,4,24,398,388,3425,3197,42,34,0,0,0,23,91340,0,0,786960824,28922501,215571504,0,0,110,10,10,0,9116,9116,0,0,9116,110,8.61,0.4
55,2026-05-16 09:20:57,0,q43,0,4,23,455,433,3902,3736,39,40,0,0,0,31,91340,0,0,114629704,28820603,122517996,0,0,210,10,10,0,27084,27084,0,0,27084,210,8.58,0.46
56,2026-05-16 09:20:58,0,q44,0,8,55,659,738,5378,5048,77,72,0,0,0,159,1663841,0,0,1589568808,57703002,359682040,0,0,795972,120,120,0,10069011,10069011,0,0,5035816,398046,8.16,0.66
57,2026-05-16 09:21:00,0,q45,0,7,31,617,695,2097,1953,32,34,0,20,0,8,5019226,0,0,2126545808,8092088,102358216,0,0,29,4,4,0,2649,2649,0,0,2649,29,3.4,0.62
58,2026-05-16 09:21:02,0,q46,0,7,32,859,976,6728,6480,50,47,2,0,0,121,15301537,0,0,1039122784,29577803,236324380,0,0,27956,10,10,0,1371108,1371108,0,0,1371108,27956,7.83,0.86
59,2026-05-16 09:21:04,0,q47,0,11,86,1754,2653,19641,16241,163,149,0,0,0,2289,2306610,0,0,6656509880,28922603,204502452,0,0,2665245,787,787,0,105359658,105359658,0,0,61755714,1560722,11.2,1.75
60,2026-05-16 09:21:07,0,q48,0,6,35,1189,1254,10507,10017,28,26,0,300,0,4,1323847,0,0,669220160,30991403,297217008,0,0,20,20,20,0,1160,1160,0,0,1160,20,8.84,1.19
61,2026-05-16 09:21:09,0,q49,0,16,143,1641,5741,21772,19455,112,149,0,110,0,1921,231020,0,0,4918749864,55458802,783241944,0,0,12389987,58,58,0,273846553,273846553,0,0,273846553,12389987,13.27,1.64
62,2026-05-16 09:21:12,0,q50,0,7,56,2229,2686,27307,26100,59,65,0,0,0,1309,370352,0,0,4687124776,31771284,223321004,0,0,29262054,357,357,0,629536939,629536939,0,0,629536939,29262054,12.25,2.23
63,2026-05-16 09:21:15,0,q51,0,10,140,2909,4078,39754,35736,200,213,0,400,0,3694,299557,0,0,9977043664,36020589,264732640,0,0,24415841,1679,1679,0,420200401,420200401,0,0,420200401,24415841,13.67,2.91
64,2026-05-16 09:21:19,0,q51a,0,14,206,20510,24378,269776,258385,339,372,1,2717,0,4753,459272,0,0,26932512032,36020589,264732640,0,0,47531016,2587,2587,0,789082482,789082482,0,0,575698989,36069050,13.15,20.51
65,2026-05-16 09:21:40,0,q52,0,4,24,436,422,3363,3192,41,38,0,9,0,110,91469,0,0,786960824,28922501,215702576,0,0,4250,10,10,0,266731,266731,0,0,266731,4250,7.71,0.44
66,2026-05-16 09:21:42,0,q53,0,6,26,508,490,3623,3504,47,41,0,0,0,127,108140,0,0,208086096,28922603,205178292,0,0,31394,11,11,0,661862,661862,0,0,661862,31394,7.13,0.51
67,2026-05-16 09:21:43,0,q54,0,15,93,1331,2373,15893,14330,112,127,0,180,0,853,5019183,0,0,2716105496,51386165,328139844,0,0,26873209,179,179,0,252845431,252845431,0,0,252845431,26873209,11.94,1.33
68,2026-05-16 09:21:46,0,q55,0,4,24,429,415,3336,3177,42,40,0,0,0,96,91340,0,0,786960824,28922501,215702576,0,0,3448,10,10,0,211879,211879,0,0,211879,3448,7.78,0.43
69,2026-05-16 09:21:47,0,q56,0,9,68,735,1523,7147,6529,87,100,0,0,0,381,463898,0,0,1175692536,50875014,452062120,0,0,10844,18,18,0,393253,393253,0,0,393253,10844,9.72,0.74
70,2026-05-16 09:21:49,0,q57,0,11,67,1934,2784,15298,12479,126,122,0,285,0,861,2306610,0,0,5374089408,14522449,120588172,0,0,1160477,378,378,0,45143877,45143877,0,0,33403525,851478,7.91,1.93
71,2026-05-16 09:21:52,0,q58,0,11,67,1023,2264,10881,9805,94,96,0,0,0,388,782379,0,0,2221524408,50669112,416052560,0,0,247081,27,27,0,3686832,3686832,0,0,3686832,247081,10.64,1.02
72,2026-05-16 09:21:54,0,q59,0,10,39,963,1027,6617,6257,43,48,0,0,0,412,751663,0,0,1673170840,28913754,127746064,0,0,304460,132,132,0,12848225,12848225,0,0,6671249,170845,6.87,0.96
73,2026-05-16 09:21:56,0,q60,0,9,68,911,1838,8566,7632,79,96,0,0,0,539,463898,0,0,1671759920,50875014,451996584,0,0,78428,19,19,0,1556649,1556649,0,0,1556649,78428,9.4,0.91
74,2026-05-16 09:21:58,0,q61,0,10,55,1212,2097,14620,13052,22,35,0,144,0,5,5019183,0,0,1246748000,58473604,521203004,0,0,40,40,40,0,2319,2319,0,0,2319,40,12.06,1.21
75,2026-05-16 09:22:01,0,q62,0,8,41,998,983,7804,6858,48,46,0,0,0,314,183690,0,0,2880366424,7220160,63239520,0,0,7198144,108,108,0,126087359,126087359,0,0,126087359,7198144,7.82,1.0
76,2026-05-16 09:22:03,0,q63,0,6,26,539,522,4137,3993,42,44,0,0,0,134,108140,0,0,208020560,28922603,205182388,0,0,12917,11,11,0,338305,338305,0,0,338305,12917,7.68,0.54
77,2026-05-16 09:22:04,0,q64,0,28,250,7016,17752,100360,91107,474,462,3,496,0,5740,13538328,0,0,43821057728,50412111,690642964,0,0,53587821,3655,3655,0,2142022992,2142022992,0,0,1995222224,50049189,14.3,7.02
78,2026-05-16 09:22:13,0,q65,0,10,97,1632,3019,23338,21011,140,145,1,208,0,1894,9163347,0,0,6116202576,57723104,403918796,0,0,11880061,391,391,0,391199918,391199918,0,0,391199918,11880061,14.3,1.63
79,2026-05-16 09:22:15,0,q66,0,12,80,1619,2308,9195,8407,192,188,0,0,0,295,167779,0,0,972374808,21660543,258844624,0,0,4299744,17,17,0,136466368,136466368,0,0,136466368,4299744,5.68,1.62
80,2026-05-16 09:22:18,0,q67,0,6,42,7017,6965,75100,72905,71,70,0,1033,0,1361,4629135,0,0,7594451448,28922603,231515572,0,0,11548825,187,187,0,866159379,866159379,0,0,866159379,11548825,10.7,7.02
81,2026-05-16 09:22:26,0,q67a,0,14,183,10710,37232,143640,133675,353,392,0,1284,0,5538,4629135,0,0,26569738752,28922603,231515572,0,0,55551436,1700,1700,0,4120617224,4120617224,0,0,900588536,13218740,13.41,10.71
82,2026-05-16 09:22:38,0,q68,0,7,32,902,1023,7349,7157,56,52,3,0,0,105,15301537,0,0,568481352,29577803,365471260,0,0,6174,10,10,0,436284,436284,0,0,436284,6174,8.15,0.9
83,2026-05-16 09:22:40,0,q69,0,11,87,1054,2039,8174,6353,24,61,2,288,0,719,28676375,0,0,3807965440,53091814,196425516,0,0,1902033,101,101,0,9547581,9547581,0,0,9547581,1902033,7.76,1.05
84,2026-05-16 09:22:42,0,q70,0,9,47,954,902,7534,7244,76,78,0,0,0,46,209640,0,0,1101810584,57621206,284462472,0,0,209,22,22,0,10316,10316,0,0,10316,209,7.9,0.95
85,2026-05-16 09:22:44,0,q70a,0,12,52,909,800,6384,6107,80,84,0,0,0,45,208520,0,0,902580896,57621206,284462472,0,0,240,47,47,0,14125,14125,0,0,8085,180,7.02,0.91
86,2026-05-16 09:22:46,0,q71,0,7,64,898,860,9503,7977,105,105,5,192,0,220,374027,0,0,960488296,50563014,434905632,0,0,32249,31,31,0,1647863,1647863,0,0,994723,21130,10.58,0.9
87,2026-05-16 09:22:48,0,q72,0,14,113,20163,22448,258515,246747,121,139,1,1512,0,4623,13125980,0,0,25673044504,151146915,635734336,0,0,140763211,855,855,0,2028503693,2028503693,0,0,2028503693,140763211,12.82,20.16
88,2026-05-16 09:23:09,0,q73,0,8,32,519,748,4331,3676,211,39,2,110,0,91,16394969,0,0,480153792,29327803,103214828,0,0,5455,21,21,0,264512,264512,0,0,132562,2732,8.34,0.52
89,2026-05-16 09:23:11,0,q74,0,13,137,1948,5627,24058,19739,191,195,1,327,0,2532,15491653,0,0,14068734504,72541178,433104896,0,0,1763111,822,822,0,58846938,58846938,0,0,58846938,1763111,12.35,1.95
90,2026-05-16 09:23:14,0,q75,0,17,229,2934,7745,43919,34884,247,308,1,448,0,5322,13514234,0,0,15771435216,105981816,1098501000,0,0,12427816,1276,1276,0,277137683,277137683,0,0,191422138,8110302,14.97,2.93
91,2026-05-16 09:23:18,0,q76,0,4,61,691,657,7972,7305,102,104,0,0,0,210,917299,0,0,2250898352,50576063,437110960,0,0,3127,24,24,0,261039,261039,0,0,261039,3127,11.54,0.69
92,2026-05-16 09:23:20,0,q77,0,15,111,1059,4745,11934,10507,99,115,0,128,0,177,95252,0,0,1305537024,55459104,584031532,0,0,173147,51,51,0,2316024,2316024,0,0,2316024,173147,11.27,1.06
93,2026-05-16 09:23:22,0,q77a,0,17,114,1196,4478,12706,11535,116,137,0,0,0,175,91340,0,0,1407552616,55459104,584031532,0,0,2221,55,55,0,176374,176374,0,0,134878,1891,10.62,1.2
94,2026-05-16 09:23:24,0,q78,0,10,135,5133,9210,71688,65118,218,195,2,491,0,3631,13126195,0,0,20059149184,55458802,716444376,0,0,38475571,748,748,0,1135565412,1135565412,0,0,1135565412,38475571,13.97,5.13
95,2026-05-16 09:23:30,0,q79,0,7,32,777,921,6520,6297,39,44,1,0,0,122,12765592,0,0,952877472,29327803,230420268,0,0,80366,22,22,0,2983084,2983084,0,0,2983084,80366,8.39,0.78
96,2026-05-16 09:23:32,0,q80,0,16,144,6226,16793,92629,85544,146,175,2,800,0,4462,14436200,0,0,12447675392,55573446,832461376,0,0,45134851,721,721,0,1331351661,1331351661,0,0,1331351661,45134851,14.88,6.23
97,2026-05-16 09:23:40,0,q80a,0,19,149,6090,15048,87372,81101,159,191,2,1264,0,3973,14436372,0,0,12919534424,55573446,832461376,0,0,45135808,732,732,0,1331467254,1331467254,0,0,1331364504,45134782,14.35,6.09
98,2026-05-16 09:23:47,0,q81,0,11,54,751,1539,6755,5982,52,58,6,0,0,154,20721956,0,0,2470448864,3899764,133968976,0,0,805182,43,43,0,12400572,12400572,0,0,12400572,805182,8.99,0.75
99,2026-05-16 09:23:49,0,q82,0,6,61,1383,2083,14798,12917,47,60,0,336,0,514,158044,0,0,1658418336,162032501,518298296,0,0,13778665,194,194,0,137239500,137239500,0,0,137239500,28800829,10.7,1.38
100,2026-05-16 09:23:51,0,q83,0,10,50,600,1262,5533,4870,54,59,0,0,0,264,782379,0,0,1251194744,5358935,133289128,0,0,43961,14,14,0,759663,759663,0,0,759663,43961,9.22,0.6
101,2026-05-16 09:23:53,0,q84,0,7,36,683,422,1495,1330,15,23,0,0,0,0,14823436,0,0,1009709760,5555652,92598792,0,0,100,1,1,0,1865,1865,0,0,1865,100,2.19,0.68
102,2026-05-16 09:23:55,0,q85,0,9,55,1298,1360,4762,4267,43,58,2,0,0,5,24325038,0,0,9179235800,12032207,198061044,0,0,13,3,3,0,1363,1363,0,0,1363,13,3.67,1.3
103,2026-05-16 09:23:57,0,q86,0,5,22,418,376,1425,1275,28,28,0,0,0,28,1857112,0,0,581791072,7322088,81805712,0,0,816,5,5,0,54738,54738,0,0,54738,816,3.41,0.42
104,2026-05-16 09:23:58,0,q86a,0,8,27,466,397,1366,1232,31,32,0,0,0,42,1857112,0,0,1120758808,7322088,81805712,0,0,2119,18,18,0,157705,157705,0,0,66561,929,2.93,0.47
105,2026-05-16 09:24:00,0,q87,0,10,103,1589,3312,17989,14509,179,135,1,272,0,1384,12765592,0,0,8161428680,50921014,168240424,0,0,1694835,473,473,0,44530328,44530328,0,0,44530328,1694835,11.32,1.59
106,2026-05-16 09:24:03,0,q88,0,26,178,1406,8438,20085,18706,16,97,0,0,0,26,45883,0,0,514952960,230611310,528085700,0,0,160,160,160,0,9200,9200,0,0,9200,160,14.29,1.41
107,2026-05-16 09:24:05,0,q89,0,6,27,600,576,4596,4140,32,37,0,176,0,147,108785,0,0,946676392,28922603,204842420,0,0,49975,22,22,0,2298433,2298433,0,0,2298433,49975,7.66,0.6
108,2026-05-16 09:24:07,0,q90,0,8,40,196,308,1254,1159,12,21,0,0,0,4,38792,0,0,110071328,14447576,93499260,0,0,34,34,34,0,1928,1928,0,0,1928,34,6.4,0.2
109,2026-05-16 09:24:08,0,q91,0,10,39,480,562,3009,2757,35,40,1,0,0,4,9532008,0,0,1037410344,4137906,95426260,0,0,53,5,5,0,7711,7711,0,0,4761,34,6.27,0.48
110,2026-05-16 09:24:10,0,q92,0,7,40,339,586,2155,1945,25,35,0,0,0,68,703941,0,0,113358480,14522176,157872392,0,0,135661,9,9,0,1837430,1837430,0,0,1837430,135661,6.36,0.34
111,2026-05-16 09:24:11,0,q93,0,5,54,3802,4218,46460,45223,49,58,0,176,0,1634,144661,0,0,5766380072,31678178,287688508,0,0,31635854,357,357,0,754631060,754631060,0,0,754631060,31635854,12.22,3.8
112,2026-05-16 09:24:16,0,q94,0,8,68,1556,2102,15060,14118,52,64,0,0,0,381,2563925,0,0,3571011840,15390492,167770608,0,0,14397040,153,153,0,217756751,217756751,0,0,217756751,14397040,9.68,1.56
113,2026-05-16 09:24:18,0,q95,0,8,68,3777,4276,46238,35758,59,70,0,2008,0,363,2564597,0,0,14560086280,15390492,165505520,0,0,35990240,357,357,0,319472623,319472623,0,0,196649755,14395274,12.24,3.78
114,2026-05-16 09:24:23,0,q96,0,5,24,270,268,2265,1918,10,13,4,0,0,3,45883,0,0,63872480,28827803,67807756,0,0,20,20,20,0,1150,1150,0,0,1150,20,8.39,0.27
115,2026-05-16 09:24:25,0,q97,0,5,59,2103,2745,25036,20603,88,79,2,520,0,369,161253,0,0,6212927976,43220926,231386480,0,0,8377699,238,238,0,96908300,96908300,0,0,96908300,8377699,11.9,2.1
116,2026-05-16 09:24:28,0,q98,0,7,35,898,797,5255,4892,44,47,4,0,0,194,3268117,0,0,1690376016,28922501,219647024,0,0,106186,98,98,0,14471806,14471806,0,0,12501113,91022,5.85,0.9
117,2026-05-16 09:24:30,0,q99,0,6,25,634,623,4077,3680,29,31,0,0,0,30,124037,0,0,156567144,14420479,77633364,0,0,2160,3,3,0,173855,173855,0,0,173855,2160,6.43,0.63
118,2026-05-16 09:24:31,1,q1,0,10,62,653,1100,7162,5438,68,69,0,304,0,883,5073369,0,0,3337334424,6275366,134988172,0,0,1611249,182,182,0,25346729,25346729,0,0,25346729,1611249,10.97,0.65
119,2026-05-16 09:24:33,1,q2,0,9,45,610,548,5150,4630,53,58,0,70,0,81,751663,0,0,461108944,21713562,145153904,0,0,6838,44,44,0,352525,352525,0,0,127373,4198,8.44,0.61
120,2026-05-16 09:24:35,1,q3,0,4,24,382,370,3155,2945,29,34,0,0,0,98,91340,0,0,119963624,28975550,215710768,0,0,2998,10,10,0,206438,206438,0,0,206438,2998,8.26,0.38
121,2026-05-16 09:24:36,1,q4,0,19,228,5254,23371,67706,57877,463,434,5,1690,0,4941,36928978,0,0,30989812144,101342028,1449116176,0,0,2983909,1665,1665,0,192634309,192634309,0,0,192634309,2983909,12.89,5.25
122,2026-05-16 09:24:43,1,q5,0,10,124,1388,2748,17514,15497,156,181,2,272,0,223,16637536,0,0,2431651760,62671034,661741556,0,0,3992,34,34,0,260576,260576,0,0,260576,3992,12.62,1.39
123,2026-05-16 09:24:45,1,q5a,0,13,129,1572,2772,18258,16173,173,194,2,160,0,204,16637493,0,0,2970619632,62671034,661741556,0,0,5938,44,44,0,419375,419375,0,0,286145,4114,11.61,1.57
124,2026-05-16 09:24:48,1,q6,0,11,54,1594,2166,19547,18307,66,62,0,180,0,576,2111075,0,0,5012926032,29847550,168877496,0,0,27358702,206,206,0,240333811,240333811,0,0,240333811,27358702,12.26,1.59
125,2026-05-16 09:24:50,1,q7,0,7,37,997,1038,8471,8276,48,51,0,0,0,112,782379,0,0,1080238624,30843801,393155840,0,0,71861,22,22,0,2549492,2549492,0,0,2549492,71861,8.5,1.0
126,2026-05-16 09:24:52,1,q8,0,10,36,834,782,5676,5532,56,57,0,0,0,37,2361205,0,0,1773265248,29820603,164053132,0,0,6731,13,13,0,84406,84406,0,0,84406,6731,6.81,0.83
127,2026-05-16 09:24:54,1,q9,0,11,106,953,4094,13454,12348,21,70,0,352,0,27,42007,0,0,0,144002550,874996780,0,0,100,100,100,0,6957,6957,0,0,6957,100,14.12,0.95
128,2026-05-16 09:24:56,1,q10,0,13,98,912,2487,9737,8910,49,78,5,0,0,823,592058,0,0,1549657768,53091814,196622124,0,0,4321867,122,122,0,66501043,66501043,0,0,66501043,4321867,10.68,0.91
129,2026-05-16 09:24:58,1,q10a,0,10,97,632,1389,6475,6045,40,80,0,0,0,772,154690,0,0,2065069744,53091814,196622124,0,0,4289247,173,173,0,66460060,66460060,0,0,66460060,4289247,10.25,0.63
130,2026-05-16 09:25:00,1,q11,0,15,153,2545,6787,28385,24139,228,231,12,137,0,3448,36929021,0,0,20231215248,72541178,546342912,0,0,1976060,990,990,0,121162579,121162579,0,0,121162579,1976060,11.15,2.54
131,2026-05-16 09:25:04,1,q12,0,5,23,460,418,1464,1208,31,30,0,80,0,55,3268117,0,0,649575248,7322088,85860752,0,0,29116,10,10,0,3907483,3907483,0,0,3907483,29116,3.18,0.46
132,2026-05-16 09:25:05,1,q13,0,7,36,1311,1361,11775,11613,27,29,0,0,0,5,1303376,0,0,691209280,30998603,479987220,0,0,20,20,20,0,1371,1371,0,0,1371,20,8.98,1.31
133,2026-05-16 09:25:08,1,q14a,0,30,280,6065,11845,63031,56238,344,415,0,1561,0,3268,1189316,0,0,9940144464,151671042,990848472,0,0,62586107,342,342,0,877743160,877743160,0,0,874734576,62499583,10.39,6.06
134,2026-05-16 09:25:16,1,q14b,0,24,217,4133,7336,48390,45727,292,300,0,288,0,2337,1189316,0,0,8458015920,130216627,791340536,0,0,68363018,316,316,0,1013219464,1013219464,0,0,529302342,40855811,11.71,4.13
135,2026-05-16 09:25:21,1,q14,0,24,214,3280,5951,36571,35542,310,325,0,224,0,2069,1162249,0,0,7574558088,130216627,791340536,0,0,68273663,281,281,0,1004568545,1004568545,0,0,520651423,40766456,11.15,3.28
136,2026-05-16 09:25:25,1,q15,0,5,30,858,835,6352,6166,29,35,0,0,0,9,5019183,0,0,951797424,15170425,109597384,0,0,502,1,1,0,18324,18324,0,0,18324,502,7.4,0.86
137,2026-05-16 09:25:27,1,q16,0,8,77,2029,3170,28152,25505,67,81,3,944,0,1183,5380954,0,0,4852315440,30510756,276801092,0,0,28674690,357,357,0,416261641,416261641,0,0,416261641,28674690,13.87,2.03
138,2026-05-16 09:25:30,1,q17,0,10,95,4599,6535,60880,57738,82,106,1,1152,0,2735,6944789,0,0,7880912176,46220660,364127356,0,0,45538041,803,803,0,1089146303,1089146303,0,0,1089146303,45538041,13.24,4.6
139,2026-05-16 09:25:36,1,q18,0,9,55,1219,1337,7213,6766,65,76,0,30,0,25,9716301,0,0,3074056776,19114025,322004024,0,0,55958,9,9,0,3984849,3984849,0,0,3984849,55958,5.92,1.22
140,2026-05-16 09:25:38,1,q18a,0,17,145,2902,8986,36128,32160,178,224,16,480,0,190,9716387,0,0,14494187648,77567725,1345911216,0,0,63894,37,37,0,4339335,4339335,0,0,4339335,63894,12.45,2.9
141,2026-05-16 09:25:42,1,q19,0,7,33,753,745,5670,5405,41,47,0,80,0,124,5019183,0,0,1599037304,29672603,255771940,0,0,7397,10,10,0,541770,541770,0,0,541770,7397,7.53,0.75
142,2026-05-16 09:25:44,1,q20,0,5,25,446,404,1956,1805,32,35,0,0,0,17,3268117,0,0,412686616,14522425,129793824,0,0,28486,2,2,0,3491832,3491832,0,0,3491832,28486,4.39,0.45
143,2026-05-16 09:25:46,1,q21,0,5,25,921,909,6870,6717,47,45,0,0,0,11,106979,0,0,208677936,133232010,401390576,0,0,31850,1,1,0,679321,679321,0,0,679321,31850,7.46,0.92
144,2026-05-16 09:25:48,1,q22,0,6,42,55609,55569,116710,116253,108,78,0,68,0,79,4629135,0,0,1753344224,133232010,400049120,0,0,612866,68,68,0,25729614,25729614,0,0,25729614,612866,2.1,55.61
145,2026-05-16 09:26:44,1,q22a,0,10,66,3519,3913,15523,13814,146,121,0,134,0,1234,4629135,0,0,5660862736,133232010,400255984,0,0,918610,160,160,0,45113549,45113549,0,0,14511781,306922,4.41,3.52
146,2026-05-16 09:26:49,1,q23a,0,18,194,5688,10215,71725,68566,217,229,0,614,0,3081,6575783,0,0,12650385656,108664016,674578880,0,0,43897022,644,644,0,1114819545,1114819545,0,0,1084928778,41990015,12.61,5.69
147,2026-05-16 09:26:56,1,q23b,0,21,220,6094,11563,78332,73971,286,289,1,828,0,3502,6575826,0,0,25625726792,109164016,688634368,0,0,48673518,1314,1314,0,1200059106,1200059106,0,0,1097299361,42452497,12.85,6.09
148,2026-05-16 09:27:03,1,q24,0,8,64,2348,3284,28359,27012,50,64,4,0,0,1313,20636865,0,0,7068696000,32530235,307068176,0,0,29735885,340,340,0,678254112,678254112,0,0,678254112,29735885,12.08,2.35
149,2026-05-16 09:27:06,1,q24a,0,13,86,3648,4403,44028,41845,102,104,1,340,0,1581,18087296,0,0,16497845272,32632235,309614808,0,0,59478907,712,712,0,1357451922,1357451922,0,0,679197810,29743022,12.07,3.65
150,2026-05-16 09:27:11,1,q24b,0,13,86,2868,3625,31741,30968,104,106,3,96,0,1781,18087339,0,0,15891776752,32632235,309614808,0,0,59478765,700,700,0,1357428154,1357428154,0,0,679174042,29742880,11.07,2.87
151,2026-05-16 09:27:15,1,q25,0,10,95,4664,7141,62222,59218,78,99,1,224,0,2851,6944789,0,0,7880887560,46220660,464241788,0,0,45538038,800,800,0,1108759789,1108759789,0,0,1108759789,45538038,13.34,4.66
152,2026-05-16 09:27:21,1,q26,0,6,35,821,840,6303,6004,47,50,0,90,0,32,782379,0,0,475734776,16443725,234711024,0,0,33482,3,3,0,1124909,1124909,0,0,1124909,33482,7.68,0.82
153,2026-05-16 09:27:23,1,q27,0,7,37,950,981,7888,7713,57,57,0,0,0,117,782465,0,0,1080698912,30843403,365429536,0,0,58884,22,22,0,2218125,2218125,0,0,2218125,58884,8.3,0.95
154,2026-05-16 09:27:25,1,q27a,0,11,81,2168,4392,26526,25511,91,98,0,70,0,295,782422,0,0,1806596672,88546507,1043660596,0,0,60793,43,43,0,2451360,2451360,0,0,2451360,60793,12.24,2.17
155,2026-05-16 09:27:28,1,q28,0,18,132,1861,9632,26789,23005,131,154,2,128,0,2299,56901,0,0,4462213584,172803006,1357446288,0,0,470650,66,66,0,7692048,7692048,0,0,7692048,470650,14.39,1.86
156,2026-05-16 09:27:31,1,q29,0,11,96,4592,6725,60617,57934,101,111,1,720,0,2781,6944832,0,0,7880995000,46240660,366365388,0,0,45538045,805,805,0,1089147078,1089147078,0,0,1089147078,45538045,13.2,4.59
157,2026-05-16 09:27:36,1,q30,0,11,51,694,1363,1927,1555,75,74,0,128,0,109,1992893,0,0,1012759832,2460548,94235280,0,0,755089,7,7,0,59269674,59269674,0,0,59269674,755089,2.78,0.69
158,2026-05-16 09:27:38,1,q31,0,20,126,1835,7995,22582,19584,141,153,0,0,0,1491,3832889,0,0,3909791224,108311767,630486736,0,0,79892,49,49,0,2737751,2737751,0,0,2515544,73108,12.31,1.84
159,2026-05-16 09:27:41,1,q32,0,7,46,516,854,5695,5365,28,39,0,0,0,45,703508,0,0,120389400,28922850,245320744,0,0,55420,12,12,0,760429,760429,0,0,760429,55420,11.04,0.52
160,2026-05-16 09:27:43,1,q33,0,9,68,880,1827,8953,8065,90,99,0,192,0,271,889109,0,0,1187094680,50875014,451799976,0,0,17063,18,18,0,450453,450453,0,0,450453,17063,10.17,0.88
161,2026-05-16 09:27:45,1,q34,0,8,32,607,764,4937,4774,40,39,1,0,0,135,16394969,0,0,480760000,29327803,103214828,0,0,20445,21,21,0,646759,646759,0,0,351165,10675,8.13,0.61
162,2026-05-16 09:27:46,1,q35,0,10,92,1195,2174,10448,8736,45,76,0,0,0,1154,23973682,0,0,8159872040,53091814,196286252,0,0,6056644,255,255,0,16002181,16002181,0,0,16002181,6056644,8.74,1.2
163,2026-05-16 09:27:49,1,q35a,0,9,92,901,1247,6904,6133,44,81,1,0,0,901,23973725,0,0,7371343176,53091814,196286252,0,0,6053558,255,255,0,16010477,16010477,0,0,16010477,6053558,7.66,0.9
164,2026-05-16 09:27:50,1,q36,0,6,26,693,655,5408,5226,41,41,0,0,0,82,1857112,0,0,1036986400,28922603,310110284,0,0,1769,11,11,0,138561,138561,0,0,138561,1769,7.8,0.69
165,2026-05-16 09:27:52,1,q36a,0,9,31,755,691,5357,5177,41,45,0,0,0,87,1857112,0,0,1575954272,28922603,310110284,0,0,4798,36,36,0,397299,397299,0,0,147261,1822,7.1,0.76
166,2026-05-16 09:27:54,1,q37,0,6,61,990,1365,9806,8686,42,57,0,576,0,411,157657,0,0,886656304,147632425,477965736,0,0,4316414,180,180,0,64485606,64485606,0,0,64485606,14400617,9.91,0.99
167,2026-05-16 09:27:56,1,q38,0,10,103,1659,3648,20158,16898,135,134,1,0,0,1411,12765592,0,0,8161428680,50921014,168240424,0,0,1694835,473,473,0,44530328,44530328,0,0,44530328,1694835,12.15,1.66
168,2026-05-16 09:27:59,1,q39a,0,12,71,1850,3487,21058,19089,105,122,0,160,0,878,801878,0,0,2062236424,266362010,795492552,0,0,1129925,56,56,0,27117544,27117544,0,0,26113005,1093917,11.38,1.85
169,2026-05-16 09:28:02,1,q39b,0,12,71,1576,2928,18388,16796,116,107,0,117,0,542,798149,0,0,2062236424,266362010,795492552,0,0,1058875,56,56,0,25171608,25171608,0,0,25081527,1057496,11.67,1.58
170,2026-05-16 09:28:04,1,q40,0,7,57,1580,1927,19763,18136,45,59,0,506,0,1102,173485,0,0,4141621464,15962317,186621472,0,0,15748014,357,357,0,309656666,309656666,0,0,309656666,15748014,12.51,1.58
171,2026-05-16 09:28:07,1,q41,0,4,6,155,125,134,119,7,7,0,0,0,7,12426,0,0,202903480,204000,8796048,0,0,140,2,2,0,9680,9680,0,0,9680,140,0.86,0.16
172,2026-05-16 09:28:08,1,q42,0,4,24,401,387,3219,3050,40,41,0,0,0,24,91340,0,0,786960824,28922501,215571504,0,0,110,10,10,0,9116,9116,0,0,9116,110,8.03,0.4
173,2026-05-16 09:28:10,1,q43,0,4,23,470,449,3984,3840,36,38,0,0,0,28,91340,0,0,114629704,28820603,122517996,0,0,210,10,10,0,27084,27084,0,0,27084,210,8.48,0.47
174,2026-05-16 09:28:11,1,q44,0,8,55,617,686,5130,4820,64,70,0,0,0,155,1663841,0,0,1589568808,57703002,359682040,0,0,795972,120,120,0,10069011,10069011,0,0,5035816,398046,8.31,0.62
175,2026-05-16 09:28:13,1,q45,0,7,31,593,637,2047,1913,30,33,0,0,0,8,5019183,0,0,2126545808,8092088,102358216,0,0,29,4,4,0,2649,2649,0,0,2649,29,3.45,0.59
176,2026-05-16 09:28:14,1,q46,0,7,32,825,940,6434,6262,50,51,2,0,0,122,15301537,0,0,1039122784,29577803,236324380,0,0,27956,10,10,0,1371108,1371108,0,0,1371108,27956,7.8,0.82
177,2026-05-16 09:28:16,1,q47,0,11,86,1764,2560,19592,16546,163,155,0,100,0,2070,2306610,0,0,6656509880,28922603,204502452,0,0,2665245,787,787,0,105359658,105359658,0,0,61755714,1560722,11.11,1.76
178,2026-05-16 09:28:19,1,q48,0,6,35,1112,1162,9608,9370,19,28,0,110,0,4,1323718,0,0,669220160,30991403,297217008,0,0,20,20,20,0,1160,1160,0,0,1160,20,8.64,1.11
179,2026-05-16 09:28:21,1,q49,0,16,143,1541,5441,20164,18113,103,147,0,448,0,1672,231020,0,0,4918749864,55458802,783241944,0,0,12389987,58,58,0,273846553,273846553,0,0,273846553,12389987,13.09,1.54
180,2026-05-16 09:28:24,1,q50,0,7,56,2348,2793,29321,26846,55,63,0,176,0,1406,370395,0,0,4687124776,31771284,223321004,0,0,29262054,357,357,0,629536939,629536939,0,0,629536939,29262054,12.49,2.35
181,2026-05-16 09:28:27,1,q51,0,10,140,2755,3943,37246,33276,179,206,0,768,0,3491,299557,0,0,9977043664,36020589,264732640,0,0,24415841,1679,1679,0,420200401,420200401,0,0,420200401,24415841,13.52,2.76
182,2026-05-16 09:28:31,1,q51a,0,14,206,20282,23984,266778,257739,298,348,0,2086,0,4193,459272,0,0,26932512032,36020589,264732640,0,0,47531016,2587,2587,0,789082482,789082482,0,0,575698989,36069050,13.15,20.28
183,2026-05-16 09:28:53,1,q52,0,4,24,403,389,3235,3071,34,38,0,0,0,129,91340,0,0,786960824,28922501,215702576,0,0,4250,10,10,0,266731,266731,0,0,266731,4250,8.03,0.4
184,2026-05-16 09:28:54,1,q53,0,6,26,552,533,4159,4032,43,45,0,0,0,165,108140,0,0,208086096,28922603,205178292,0,0,31394,11,11,0,661862,661862,0,0,661862,31394,7.53,0.55
185,2026-05-16 09:28:56,1,q54,0,15,93,1405,2697,17582,15711,109,124,1,80,0,770,5019226,0,0,2716105496,51386165,328139844,0,0,26873209,179,179,0,252845431,252845431,0,0,252845431,26873209,12.51,1.4
186,2026-05-16 09:28:58,1,q55,0,4,24,426,415,3444,3274,32,31,0,0,0,92,91340,0,0,786960824,28922501,215702576,0,0,3448,10,10,0,211879,211879,0,0,211879,3448,8.08,0.43
187,2026-05-16 09:28:59,1,q56,0,9,68,852,1772,7757,7193,88,100,0,0,0,362,463898,0,0,1175692536,50875014,452062120,0,0,10844,18,18,0,393253,393253,0,0,393253,10844,9.1,0.85
188,2026-05-16 09:29:01,1,q57,0,11,67,1824,2559,13979,12042,123,122,0,192,0,777,2306610,0,0,5374089408,14522449,120588172,0,0,1160477,378,378,0,45143877,45143877,0,0,33403525,851478,7.66,1.82
189,2026-05-16 09:29:04,1,q58,0,11,67,995,2019,9845,8817,86,97,0,0,0,407,782379,0,0,2221524408,50669112,416052560,0,0,247081,27,27,0,3686832,3686832,0,0,3686832,247081,9.89,1.0
190,2026-05-16 09:29:06,1,q59,0,10,39,971,1037,6554,6228,48,51,0,0,0,384,751663,0,0,1673170840,28913754,127746064,0,0,304460,132,132,0,12848225,12848225,0,0,6671249,170845,6.75,0.97
191,2026-05-16 09:29:08,1,q60,0,9,68,881,1817,8405,7553,86,94,0,21,0,571,463898,0,0,1671759920,50875014,451996584,0,0,78428,19,19,0,1556649,1556649,0,0,1556649,78428,9.54,0.88
192,2026-05-16 09:29:10,1,q61,0,10,55,1171,2025,14596,14025,22,39,0,0,0,6,5019183,0,0,1246748000,58473604,521203004,0,0,40,40,40,0,2319,2319,0,0,2319,40,12.46,1.17
193,2026-05-16 09:29:13,1,q62,0,6,22,452,441,1767,1585,30,29,0,0,0,37,105425,0,0,143190168,7220160,63239520,0,0,1680,4,4,0,144678,144678,0,0,144678,1680,3.91,0.45
194,2026-05-16 09:29:14,1,q63,0,6,26,522,505,3955,3853,40,41,0,0,0,134,108140,0,0,208020560,28922603,205182388,0,0,12917,11,11,0,338305,338305,0,0,338305,12917,7.58,0.52
195,2026-05-16 09:29:16,1,q64,0,23,177,6846,16535,97760,90922,213,246,5,528,0,4816,13538242,0,0,35890420816,50412111,690642964,0,0,52026303,2318,2318,0,1952932789,1952932789,0,0,1806179638,48487731,14.28,6.85
196,2026-05-16 09:29:24,1,q65,0,10,97,1697,3087,24091,22108,130,142,1,144,0,1487,9163347,0,0,6116202576,57723104,403918796,0,0,11880061,391,391,0,391199918,391199918,0,0,391199918,11880061,14.2,1.7
197,2026-05-16 09:29:27,1,q66,0,8,44,1123,1634,9907,8700,107,106,0,0,0,24,147441,0,0,980144136,21660543,258844624,0,0,90,9,9,0,47940,47940,0,0,47940,90,8.82,1.12
198,2026-05-16 09:29:29,1,q67,0,6,42,6922,6872,74081,72214,74,74,0,762,0,1403,4629135,0,0,7594451448,28922603,231515572,0,0,11548825,187,187,0,866159379,866159379,0,0,866159379,11548825,10.7,6.92
199,2026-05-16 09:29:37,1,q67a,0,14,183,10737,37405,143450,133920,391,396,0,1363,0,5348,4629135,0,0,26569738752,28922603,231515572,0,0,55551436,1700,1700,0,4120617224,4120617224,0,0,900588536,13218740,13.36,10.74
200,2026-05-16 09:29:49,1,q68,0,7,32,946,1069,7738,7456,45,47,2,90,0,109,15301537,0,0,568481352,29577803,365471260,0,0,6174,10,10,0,436284,436284,0,0,436284,6174,8.18,0.95
201,2026-05-16 09:29:51,1,q69,0,11,87,888,1827,7423,6515,21,60,0,0,0,613,28676289,0,0,3807965440,53091814,196425516,0,0,1902033,101,101,0,9547581,9547581,0,0,9547581,1902033,8.36,0.89
202,2026-05-16 09:29:53,1,q70,0,9,47,924,860,7436,6773,79,75,0,0,0,42,209640,0,0,1101810584,57621206,284462472,0,0,209,22,22,0,10316,10316,0,0,10316,209,8.05,0.92
203,2026-05-16 09:29:55,1,q70a,0,12,52,832,728,5902,5670,87,90,0,0,0,45,208520,0,0,902580896,57621206,284462472,0,0,240,47,47,0,14125,14125,0,0,8085,180,7.09,0.83
204,2026-05-16 09:29:57,1,q71,0,7,64,929,891,10132,9390,85,103,0,0,0,205,373296,0,0,960488296,50563014,434905632,0,0,32249,31,31,0,1647863,1647863,0,0,994723,21130,10.91,0.93
205,2026-05-16 09:29:59,1,q72,0,14,113,19815,21245,251250,245728,93,133,1,1152,0,4804,13126023,0,0,25673044504,151146915,635734336,0,0,140763211,855,855,0,2028503693,2028503693,0,0,2028503693,140763211,12.68,19.82
206,2026-05-16 09:30:19,1,q73,0,8,32,446,635,3591,3431,38,41,2,0,0,90,16394969,0,0,480153792,29327803,103214828,0,0,5455,21,21,0,264512,264512,0,0,132562,2732,8.05,0.45
207,2026-05-16 09:30:21,1,q74,0,13,137,1973,5820,24691,19333,199,199,1,232,0,2573,15491653,0,0,14068734504,72541178,433104896,0,0,1763111,822,822,0,58846938,58846938,0,0,58846938,1763111,12.51,1.97
208,2026-05-16 09:30:24,1,q75,0,17,229,2845,7794,42707,35525,277,312,2,549,0,4261,13514277,0,0,15771435216,105981816,1098501000,0,0,12427816,1276,1276,0,277137683,277137683,0,0,191422138,8110302,15.01,2.84
209,2026-05-16 09:30:28,1,q76,0,4,61,930,897,12490,11445,89,103,0,0,0,304,917299,0,0,2250898352,50576063,437110960,0,0,3127,24,24,0,261039,261039,0,0,261039,3127,13.43,0.93
210,2026-05-16 09:30:30,1,q77,0,14,109,1046,4417,12046,10294,137,130,0,208,0,166,91340,0,0,868584744,55459104,584031532,0,0,1757,44,44,0,120257,120257,0,0,120257,1757,11.52,1.05
211,2026-05-16 09:30:32,1,q77a,0,17,114,1097,3887,11120,10055,119,138,0,0,0,170,91340,0,0,1407552616,55459104,584031532,0,0,2221,55,55,0,176374,176374,0,0,134878,1891,10.14,1.1
212,2026-05-16 09:30:34,1,q78,0,10,135,4963,8773,69295,63633,191,200,1,670,0,3738,13125937,0,0,20059149184,55458802,716444376,0,0,38475571,748,748,0,1135565412,1135565412,0,0,1135565412,38475571,13.96,4.96
213,2026-05-16 09:30:40,1,q79,0,7,32,720,860,5933,5750,49,48,1,0,0,126,12765592,0,0,952877472,29327803,230420268,0,0,80366,22,22,0,2983084,2983084,0,0,2983084,80366,8.24,0.72
214,2026-05-16 09:30:42,1,q80,0,16,144,5776,15364,88655,82392,128,177,1,884,0,4554,14436286,0,0,12447675392,55573446,832461376,0,0,45134851,721,721,0,1331351661,1331351661,0,0,1331351661,45134851,15.35,5.78
215,2026-05-16 09:30:49,1,q80a,0,19,149,5836,14204,83274,79639,141,179,2,496,0,3844,14436243,0,0,12919534424,55573446,832461376,0,0,45135808,732,732,0,1331467254,1331467254,0,0,1331364504,45134782,14.27,5.84
216,2026-05-16 09:30:56,1,q81,0,11,54,707,1448,6449,5455,58,66,2,0,0,170,20721956,0,0,2470448864,3899764,133968976,0,0,805182,43,43,0,12400572,12400572,0,0,12400572,805182,9.12,0.71
217,2026-05-16 09:30:58,1,q82,0,6,61,1315,1859,13450,12900,48,60,0,0,0,426,158044,0,0,1658418336,162032501,518298296,0,0,13778665,194,194,0,137239500,137239500,0,0,137239500,28800829,10.23,1.32
218,2026-05-16 09:31:00,1,q83,0,10,50,727,1661,7911,6884,73,59,15,144,0,245,782379,0,0,1250670456,5358935,133289128,0,0,43961,14,14,0,759663,759663,0,0,759663,43961,10.88,0.73
219,2026-05-16 09:31:02,1,q84,0,7,36,636,429,1460,1282,18,24,0,0,0,0,14823393,0,0,1009709760,5555652,92598792,0,0,100,1,1,0,1865,1865,0,0,1865,100,2.3,0.64
220,2026-05-16 09:31:04,1,q85,0,9,55,1253,1251,3930,3589,48,58,2,0,0,6,24325253,0,0,9179235800,12032207,198061044,0,0,13,3,3,0,1363,1363,0,0,1363,13,3.14,1.25
221,2026-05-16 09:31:06,1,q86,0,5,22,483,441,1662,1512,28,27,0,0,0,32,1857112,0,0,581791072,7322088,81805712,0,0,816,5,5,0,54738,54738,0,0,54738,816,3.44,0.48
222,2026-05-16 09:31:08,1,q86a,0,8,27,493,405,1447,1222,32,34,0,0,0,41,1857112,0,0,1120758808,7322088,81805712,0,0,2119,18,18,0,157705,157705,0,0,66561,929,2.94,0.49
223,2026-05-16 09:31:09,1,q87,0,10,103,1737,3851,21276,17203,127,129,1,0,0,1336,12765592,0,0,8161428680,50921014,168240424,0,0,1694835,473,473,0,44530328,44530328,0,0,44530328,1694835,12.25,1.74
224,2026-05-16 09:31:12,1,q88,0,26,178,1378,7977,19456,17659,14,96,0,480,0,21,45926,0,0,514952960,230611310,528085700,0,0,160,160,160,0,9200,9200,0,0,9200,160,14.12,1.38
225,2026-05-16 09:31:14,1,q89,0,6,27,601,579,4497,4310,45,43,0,0,0,150,108570,0,0,946676392,28922603,204842420,0,0,49975,22,22,0,2298433,2298433,0,0,2298433,49975,7.48,0.6
226,2026-05-16 09:31:16,1,q90,0,8,40,297,537,2193,2095,15,20,0,0,0,4,38878,0,0,110071328,14447576,93499260,0,0,34,34,34,0,1928,1928,0,0,1928,34,7.38,0.3
227,2026-05-16 09:31:17,1,q91,0,10,39,532,526,2799,2636,30,38,0,0,0,4,9531965,0,0,1037410344,4137906,95426260,0,0,53,5,5,0,7711,7711,0,0,4761,34,5.26,0.53
228,2026-05-16 09:31:19,1,q92,0,7,40,330,553,2030,1817,27,35,0,0,0,66,703941,0,0,113358480,14522176,157872392,0,0,135661,9,9,0,1837430,1837430,0,0,1837430,135661,6.15,0.33
229,2026-05-16 09:31:20,1,q93,0,5,54,3785,4140,45552,44574,59,57,0,48,0,1691,143973,0,0,5766380072,31678178,287688508,0,0,31635854,357,357,0,754631060,754631060,0,0,754631060,31635854,12.03,3.78
230,2026-05-16 09:31:25,1,q94,0,8,68,1675,2181,17713,16630,52,68,0,0,0,374,2563968,0,0,3571011840,15390492,167770608,0,0,14397040,153,153,0,217756751,217756751,0,0,217756751,14397040,10.57,1.68
231,2026-05-16 09:31:28,1,q95,0,8,68,3571,4044,46551,39971,62,72,0,1226,0,390,2564597,0,0,14560086280,15390492,165505520,0,0,35990240,357,357,0,319472623,319472623,0,0,196649755,14395274,13.04,3.57
232,2026-05-16 09:31:33,1,q96,0,5,24,246,246,1997,1952,10,12,0,0,0,2,45840,0,0,63872480,28827803,67807756,0,0,20,20,20,0,1150,1150,0,0,1150,20,8.12,0.25
233,2026-05-16 09:31:34,1,q97,0,5,59,1761,2335,21224,18464,88,86,0,296,0,308,160565,0,0,6212927976,43220926,231386480,0,0,8377699,238,238,0,96908300,96908300,0,0,96908300,8377699,12.05,1.76
234,2026-05-16 09:31:37,1,q98,0,7,35,736,662,4495,4235,49,52,3,50,0,204,3268117,0,0,1690376016,28922501,219647024,0,0,106186,98,98,0,14471806,14471806,0,0,12501113,91022,6.11,0.74
235,2026-05-16 09:31:38,1,q99,0,6,25,637,623,3869,3600,31,33,0,0,0,37,124037,0,0,156567144,14420479,77633364,0,0,2160,3,3,0,173855,173855,0,0,173855,2160,6.07,0.64
236,2026-05-16 09:31:40,2,q1,0,10,62,579,1052,6839,5650,64,72,0,0,0,775,5073369,0,0,3337334424,6275366,134988172,0,0,1611249,182,182,0,25346729,25346729,0,0,25346729,1611249,11.81,0.58
237,2026-05-16 09:31:42,2,q2,0,9,45,597,535,4997,4569,49,57,0,0,0,73,751663,0,0,461108944,21713562,145153904,0,0,6838,44,44,0,352525,352525,0,0,127373,4198,8.37,0.6
238,2026-05-16 09:31:43,2,q3,0,4,24,389,377,3155,3017,37,36,0,0,0,97,91340,0,0,119963624,28975550,215710768,0,0,2998,10,10,0,206438,206438,0,0,206438,2998,8.11,0.39
239,2026-05-16 09:31:45,2,q4,0,19,228,5101,22811,67371,58464,424,426,3,1562,0,4484,36928978,0,0,30989812144,101342028,1449116176,0,0,2983909,1665,1665,0,192634309,192634309,0,0,192634309,2983909,13.21,5.1
240,2026-05-16 09:31:51,2,q5,0,10,124,1419,2795,17939,15768,167,181,2,336,0,200,16637579,0,0,2431651760,62671034,661741556,0,0,3992,34,34,0,260576,260576,0,0,260576,3992,12.64,1.42
241,2026-05-16 09:31:54,2,q5a,0,13,129,1393,2400,15703,13959,165,192,5,42,0,227,16637579,0,0,2970619632,62671034,661741556,0,0,5938,44,44,0,419375,419375,0,0,286145,4114,11.27,1.39
242,2026-05-16 09:31:56,2,q6,0,11,54,1732,2298,21653,20305,63,64,0,187,0,567,2111118,0,0,5012926032,29847550,168877496,0,0,27358702,206,206,0,240333811,240333811,0,0,240333811,27358702,12.5,1.73
243,2026-05-16 09:31:59,2,q7,0,7,37,1032,1047,8915,8741,41,47,0,0,0,123,782379,0,0,1080238624,30843801,393155840,0,0,71861,22,22,0,2549492,2549492,0,0,2549492,71861,8.64,1.03
244,2026-05-16 09:32:01,2,q8,0,10,36,697,642,4270,4137,58,60,0,0,0,39,2361205,0,0,1773265248,29820603,164053132,0,0,6731,13,13,0,84406,84406,0,0,84406,6731,6.13,0.7
245,2026-05-16 09:32:03,2,q9,0,11,106,929,4029,13104,12028,25,70,0,384,0,22,41749,0,0,0,144002550,874996780,0,0,100,100,100,0,6957,6957,0,0,6957,100,14.11,0.93
246,2026-05-16 09:32:05,2,q10,0,13,98,893,2213,9315,8581,34,75,0,0,0,759,592058,0,0,1549657768,53091814,196622124,0,0,4321867,122,122,0,66501043,66501043,0,0,66501043,4321867,10.43,0.89
247,2026-05-16 09:32:07,2,q10a,0,10,97,622,1336,6526,5865,31,79,0,0,0,933,154690,0,0,2065069744,53091814,196622124,0,0,4289247,173,173,0,66460060,66460060,0,0,66460060,4289247,10.49,0.62
248,2026-05-16 09:32:08,2,q11,0,15,153,2418,6599,27706,23199,308,245,4,336,0,3118,36928978,0,0,20231215248,72541178,546342912,0,0,1976060,990,990,0,121162579,121162579,0,0,121162579,1976060,11.46,2.42
249,2026-05-16 09:32:12,2,q12,0,5,23,457,416,1391,1234,25,26,0,0,0,55,3268117,0,0,649575248,7322088,85860752,0,0,29116,10,10,0,3907483,3907483,0,0,3907483,29116,3.04,0.46
250,2026-05-16 09:32:13,2,q13,0,7,36,1305,1350,11561,11413,22,29,0,0,0,4,1303333,0,0,691209280,30998603,479987220,0,0,20,20,20,0,1371,1371,0,0,1371,20,8.86,1.3
251,2026-05-16 09:32:16,2,q14a,0,30,280,6025,11653,61297,55878,425,413,0,852,0,3386,1189316,0,0,9940144464,151671042,990848472,0,0,62586107,342,342,0,877743160,877743160,0,0,874734576,62499583,10.17,6.02
252,2026-05-16 09:32:24,2,q14b,0,24,217,4162,7271,48702,46336,299,306,0,319,0,2060,1189316,0,0,8458015920,130216627,791340536,0,0,68363018,316,316,0,1013219464,1013219464,0,0,529302342,40855811,11.7,4.16
253,2026-05-16 09:32:29,2,q14,0,24,214,3408,6167,38151,36308,275,327,0,720,0,1906,1162335,0,0,7574558088,130216627,791340536,0,0,68273663,281,281,0,1004568545,1004568545,0,0,520651423,40766456,11.19,3.41
254,2026-05-16 09:32:34,2,q15,0,5,30,731,707,5012,4835,35,35,0,0,0,9,5019183,0,0,951797424,15170425,109597384,0,0,502,1,1,0,18324,18324,0,0,18324,502,6.86,0.73
255,2026-05-16 09:32:36,2,q16,0,8,77,2043,3100,28077,24691,95,81,0,704,0,1115,5380954,0,0,4852315440,30510756,276801092,0,0,28674690,357,357,0,416261641,416261641,0,0,416261641,28674690,13.74,2.04
256,2026-05-16 09:32:39,2,q17,0,10,95,4563,6625,60375,57450,91,110,1,880,0,2895,6944789,0,0,7880912176,46220660,364127356,0,0,45538041,803,803,0,1089146303,1089146303,0,0,1089146303,45538041,13.23,4.56
257,2026-05-16 09:32:44,2,q18,0,9,55,1288,1309,8146,7801,81,74,0,63,0,27,9716387,0,0,3074056776,19114025,322004024,0,0,55958,9,9,0,3984849,3984849,0,0,3984849,55958,6.32,1.29
258,2026-05-16 09:32:47,2,q18a,0,17,145,3001,9540,37308,33500,190,221,0,256,0,196,9716602,0,0,14494187648,77567725,1345911216,0,0,63894,37,37,0,4339335,4339335,0,0,4339335,63894,12.43,3.0
259,2026-05-16 09:32:51,2,q19,0,7,33,784,778,5846,5637,48,54,0,0,0,113,5019183,0,0,1599037304,29672603,255771940,0,0,7397,10,10,0,541770,541770,0,0,541770,7397,7.46,0.78
260,2026-05-16 09:32:53,2,q20,0,5,25,528,488,2219,2039,32,34,0,0,0,21,3268117,0,0,412686616,14522425,129793824,0,0,28486,2,2,0,3491832,3491832,0,0,3491832,28486,4.2,0.53
261,2026-05-16 09:32:54,2,q21,0,5,25,986,972,7664,7237,86,45,0,140,0,11,107581,0,0,208677936,133232010,401390576,0,0,31850,1,1,0,679321,679321,0,0,679321,31850,7.77,0.99
262,2026-05-16 09:32:56,2,q22,0,6,42,55493,55453,115929,115526,105,80,0,70,0,63,4629135,0,0,1753344224,133232010,400049120,0,0,612866,68,68,0,25729614,25729614,0,0,25729614,612866,2.09,55.49
263,2026-05-16 09:33:53,2,q22a,0,10,66,3244,3714,15075,13214,128,118,0,150,0,1458,4629135,0,0,5660862736,133232010,400255984,0,0,918610,160,160,0,45113549,45113549,0,0,14511781,306922,4.65,3.24
264,2026-05-16 09:33:57,2,q23a,0,18,194,6472,10285,73562,68650,224,245,7,850,0,3452,6575869,0,0,12650385656,108664016,674578880,0,0,43897022,644,644,0,1114819545,1114819545,0,0,1084928778,41990015,11.37,6.47
265,2026-05-16 09:34:05,2,q23b,0,21,220,6139,11738,79895,74474,301,297,3,710,0,3785,6575783,0,0,25625726792,109164016,688634368,0,0,48673518,1314,1314,0,1200059106,1200059106,0,0,1097299361,42452497,13.01,6.14
266,2026-05-16 09:34:12,2,q24,0,8,64,2330,3282,28028,26805,55,67,3,0,0,1282,20636822,0,0,7068696000,32530235,307068176,0,0,29735885,340,340,0,678254112,678254112,0,0,678254112,29735885,12.03,2.33
267,2026-05-16 09:34:15,2,q24a,0,13,86,3592,4495,43859,40766,96,106,31,752,0,1975,18087339,0,0,16497845272,32632235,309614808,0,0,59478907,712,712,0,1357451922,1357451922,0,0,679197810,29743022,12.21,3.59
268,2026-05-16 09:34:20,2,q24b,0,13,86,2932,3598,32154,30576,128,105,3,180,0,1627,18087253,0,0,15891776752,32632235,309614808,0,0,59478765,700,700,0,1357428154,1357428154,0,0,679174042,29742880,10.97,2.93
269,2026-05-16 09:34:24,2,q25,0,10,95,4615,6742,61092,58830,79,105,1,384,0,2786,6944832,0,0,7880887560,46220660,464241788,0,0,45538038,800,800,0,1108759789,1108759789,0,0,1108759789,45538038,13.24,4.62
270,2026-05-16 09:34:30,2,q26,0,6,35,718,744,5364,5164,46,49,0,0,0,34,782379,0,0,475734776,16443725,234711024,0,0,33482,3,3,0,1124909,1124909,0,0,1124909,33482,7.47,0.72
271,2026-05-16 09:34:31,2,q27,0,7,37,919,942,7881,7720,55,54,0,0,0,131,782379,0,0,1080698912,30843403,365429536,0,0,58884,22,22,0,2218125,2218125,0,0,2218125,58884,8.58,0.92
272,2026-05-16 09:34:33,2,q27a,0,11,81,1622,3466,20446,19215,78,98,0,120,0,322,782379,0,0,1806596672,88546507,1043660596,0,0,60793,43,43,0,2451360,2451360,0,0,2451360,60793,12.61,1.62
273,2026-05-16 09:34:36,2,q28,0,18,132,1806,9210,25666,21886,132,151,0,135,0,1594,57245,0,0,4462213584,172803006,1357446288,0,0,470650,66,66,0,7692048,7692048,0,0,7692048,470650,14.21,1.81
274,2026-05-16 09:34:39,2,q29,0,11,96,4507,6564,58707,55982,87,108,1,816,0,3003,6944789,0,0,7880995000,46240660,366365388,0,0,45538045,805,805,0,1089147078,1089147078,0,0,1089147078,45538045,13.03,4.51
275,2026-05-16 09:34:45,2,q30,0,11,51,685,1341,1751,1566,75,73,0,0,0,109,1992893,0,0,1012759832,2460548,94235280,0,0,755089,7,7,0,59269674,59269674,0,0,59269674,755089,2.56,0.68
276,2026-05-16 09:34:46,2,q31,0,20,126,1640,7159,19570,15895,141,161,0,192,0,2436,3832889,0,0,3909791224,108311767,630486736,0,0,79892,49,49,0,2737751,2737751,0,0,2515544,73108,11.93,1.64
277,2026-05-16 09:34:49,2,q32,0,7,46,489,842,5771,4345,37,42,0,96,0,59,703508,0,0,120389400,28922850,245320744,0,0,55420,12,12,0,760429,760429,0,0,760429,55420,11.8,0.49
278,2026-05-16 09:34:51,2,q33,0,9,68,903,1794,9171,8635,83,99,0,0,0,229,889109,0,0,1187094680,50875014,451799976,0,0,17063,18,18,0,450453,450453,0,0,450453,17063,10.16,0.9
279,2026-05-16 09:34:53,2,q34,0,8,32,481,657,3442,3253,35,37,2,0,0,129,16394969,0,0,480760000,29327803,103214828,0,0,20445,21,21,0,646759,646759,0,0,351165,10675,7.16,0.48
280,2026-05-16 09:34:54,2,q35,0,10,92,1077,1987,9160,8150,52,82,0,0,0,695,23973682,0,0,8159872040,53091814,196286252,0,0,6056644,255,255,0,16002181,16002181,0,0,16002181,6056644,8.51,1.08
281,2026-05-16 09:34:56,2,q35a,0,9,92,931,1252,7216,5879,47,84,0,608,0,1018,23973768,0,0,7371343176,53091814,196286252,0,0,6053558,255,255,0,16010477,16010477,0,0,16010477,6053558,7.75,0.93
282,2026-05-16 09:34:58,2,q36,0,6,26,766,731,6176,5973,40,42,0,0,0,76,1857112,0,0,1036986400,28922603,310110284,0,0,1769,11,11,0,138561,138561,0,0,138561,1769,8.06,0.77
283,2026-05-16 09:35:00,2,q36a,0,9,31,754,691,5320,5169,46,48,0,0,0,90,1857112,0,0,1575954272,28922603,310110284,0,0,4798,36,36,0,397299,397299,0,0,147261,1822,7.06,0.75
284,2026-05-16 09:35:02,2,q37,0,6,61,963,1284,9419,8956,45,58,0,70,0,336,157657,0,0,886656304,147632425,477965736,0,0,4316414,180,180,0,64485606,64485606,0,0,64485606,14400617,9.78,0.96
285,2026-05-16 09:35:04,2,q38,0,10,103,2013,4217,23172,19713,126,129,1,0,0,1580,12765592,0,0,8161428680,50921014,168240424,0,0,1694835,473,473,0,44530328,44530328,0,0,44530328,1694835,11.51,2.01
286,2026-05-16 09:35:07,2,q39a,0,12,71,1907,3600,21792,19659,114,121,0,288,0,743,801878,0,0,2062236424,266362010,795492552,0,0,1129925,56,56,0,27117544,27117544,0,0,26113005,1093917,11.43,1.91
287,2026-05-16 09:35:10,2,q39b,0,12,71,1610,3062,18534,17974,118,123,0,0,0,462,520274,0,0,2056076040,266362010,795492552,0,0,1093504,56,56,0,26086066,26086066,0,0,25081527,1057496,11.51,1.61
288,2026-05-16 09:35:12,2,q40,0,7,57,1525,1899,18540,17114,48,60,0,24,0,1327,173614,0,0,4141621464,15962317,186621472,0,0,15748014,357,357,0,309656666,309656666,0,0,309656666,15748014,12.16,1.52
289,2026-05-16 09:35:15,2,q41,0,4,6,157,128,138,122,7,7,0,0,0,7,12426,0,0,202903480,204000,8796048,0,0,140,2,2,0,9680,9680,0,0,9680,140,0.88,0.16
290,2026-05-16 09:35:16,2,q42,0,4,24,368,351,3091,2584,38,35,0,0,0,23,91340,0,0,786960824,28922501,215571504,0,0,110,10,10,0,9116,9116,0,0,9116,110,8.4,0.37
291,2026-05-16 09:35:18,2,q43,0,4,23,574,552,5352,3989,40,38,0,80,0,1025,91770,0,0,114629704,28820603,122517996,0,0,210,10,10,0,27084,27084,0,0,27084,210,9.32,0.57
292,2026-05-16 09:35:19,2,q44,0,8,55,640,716,5309,4944,64,69,0,70,0,155,1663841,0,0,1589568808,57703002,359682040,0,0,795972,120,120,0,10069011,10069011,0,0,5035816,398046,8.3,0.64
293,2026-05-16 09:35:21,2,q45,0,7,31,589,619,2018,1903,29,33,0,0,0,8,5019183,0,0,2126545808,8092088,102358216,0,0,29,4,4,0,2649,2649,0,0,2649,29,3.43,0.59
294,2026-05-16 09:35:23,2,q46,0,7,32,847,974,6798,6283,45,49,12,149,0,267,15301580,0,0,1039122784,29577803,236324380,0,0,27956,10,10,0,1371108,1371108,0,0,1371108,27956,8.03,0.85
295,2026-05-16 09:35:25,2,q47,0,11,86,1803,2760,20489,17387,148,149,0,340,0,2186,2306610,0,0,6656509880,28922603,204502452,0,0,2665245,787,787,0,105359658,105359658,0,0,61755714,1560722,11.36,1.8
296,2026-05-16 09:35:27,2,q48,0,6,35,1227,1289,10910,10308,22,26,0,285,0,4,1323761,0,0,669220160,30991403,297217008,0,0,20,20,20,0,1160,1160,0,0,1160,20,8.89,1.23
297,2026-05-16 09:35:30,2,q49,0,16,143,1484,5058,19147,17716,92,147,36,272,0,1387,231020,0,0,4918749864,55458802,783241944,0,0,12389987,58,58,0,273846553,273846553,0,0,273846553,12389987,12.9,1.48
298,2026-05-16 09:35:32,2,q50,0,7,56,2113,2545,25832,24352,60,66,0,320,0,1402,370395,0,0,4687124776,31771284,223321004,0,0,29262054,357,357,0,629536939,629536939,0,0,629536939,29262054,12.23,2.11
299,2026-05-16 09:35:35,2,q51,0,10,140,2800,4072,38511,34461,180,203,0,560,0,3693,299557,0,0,9977043664,36020589,264732640,0,0,24415841,1679,1679,0,420200401,420200401,0,0,420200401,24415841,13.75,2.8
300,2026-05-16 09:35:39,2,q51a,0,14,206,20428,24300,268780,258564,306,352,0,2595,0,4242,459272,0,0,26932512032,36020589,264732640,0,0,47531016,2587,2587,0,789082482,789082482,0,0,575698989,36069050,13.16,20.43
301,2026-05-16 09:36:01,2,q52,0,4,24,430,416,3468,3341,36,34,0,0,0,104,91340,0,0,786960824,28922501,215702576,0,0,4250,10,10,0,266731,266731,0,0,266731,4250,8.07,0.43
302,2026-05-16 09:36:02,2,q53,0,6,26,522,508,3873,3765,43,42,0,0,0,132,108140,0,0,208086096,28922603,205178292,0,0,31394,11,11,0,661862,661862,0,0,661862,31394,7.42,0.52
303,2026-05-16 09:36:04,2,q54,0,15,93,1439,2772,17541,15945,115,122,0,0,0,750,5019183,0,0,2716105496,51386165,328139844,0,0,26873209,179,179,0,252845431,252845431,0,0,252845431,26873209,12.19,1.44
304,2026-05-16 09:36:06,2,q55,0,4,24,434,421,3607,3473,30,34,0,0,0,105,91340,0,0,786960824,28922501,215702576,0,0,3448,10,10,0,211879,211879,0,0,211879,3448,8.31,0.43
305,2026-05-16 09:36:08,2,q56,0,9,68,777,1714,8039,7497,96,100,0,0,0,199,463898,0,0,1175692536,50875014,452062120,0,0,10844,18,18,0,393253,393253,0,0,393253,10844,10.35,0.78
306,2026-05-16 09:36:10,2,q57,0,11,67,1545,2256,13907,11834,116,114,0,273,0,994,2306610,0,0,5374089408,14522449,120588172,0,0,1160477,378,378,0,45143877,45143877,0,0,33403525,851478,9.0,1.54
307,2026-05-16 09:36:12,2,q58,0,11,67,996,2015,9392,8426,92,99,0,0,0,295,782379,0,0,2221524408,50669112,416052560,0,0,247081,27,27,0,3686832,3686832,0,0,3686832,247081,9.43,1.0
308,2026-05-16 09:36:14,2,q59,0,10,39,988,1057,6631,6316,46,52,0,0,0,357,751663,0,0,1673170840,28913754,127746064,0,0,304460,132,132,0,12848225,12848225,0,0,6671249,170845,6.71,0.99
309,2026-05-16 09:36:16,2,q60,0,9,68,980,1947,9099,8311,83,101,0,0,0,440,463898,0,0,1671759920,50875014,451996584,0,0,78428,19,19,0,1556649,1556649,0,0,1556649,78428,9.28,0.98
310,2026-05-16 09:36:18,2,q61,0,10,55,1274,2282,15976,15128,20,40,0,224,0,6,5019183,0,0,1246748000,58473604,521203004,0,0,40,40,40,0,2319,2319,0,0,2319,40,12.54,1.27
311,2026-05-16 09:36:21,2,q62,0,6,22,471,461,1842,1665,26,29,0,0,0,36,105425,0,0,143190168,7220160,63239520,0,0,1680,4,4,0,144678,144678,0,0,144678,1680,3.91,0.47
312,2026-05-16 09:36:22,2,q63,0,6,26,503,485,3758,3616,40,39,0,0,0,130,108140,0,0,208020560,28922603,205182388,0,0,12917,11,11,0,338305,338305,0,0,338305,12917,7.47,0.5
313,2026-05-16 09:36:24,2,q64,0,23,177,6742,14082,94921,87789,212,245,5,896,0,5013,13538242,0,0,35890420816,50412111,690642964,0,0,52026303,2318,2318,0,1952932789,1952932789,0,0,1806179638,48487731,14.08,6.74
314,2026-05-16 09:36:32,2,q65,0,10,97,1694,3034,23843,21932,143,146,1,0,0,1666,9163347,0,0,6116202576,57723104,403918796,0,0,11880061,391,391,0,391199918,391199918,0,0,391199918,11880061,14.07,1.69
315,2026-05-16 09:36:35,2,q66,0,8,44,1078,1595,9452,7945,101,103,0,208,0,23,147441,0,0,980144136,21660543,258844624,0,0,90,9,9,0,47940,47940,0,0,47940,90,8.77,1.08
316,2026-05-16 09:36:37,2,q67,0,6,42,6959,6906,74146,72614,78,76,0,878,0,1379,4629135,0,0,7594451448,28922603,231515572,0,0,11548825,187,187,0,866159379,866159379,0,0,866159379,11548825,10.65,6.96
317,2026-05-16 09:36:45,2,q67a,0,14,183,10898,37363,145454,135317,346,373,0,1309,0,5549,4629135,0,0,26569738752,28922603,231515572,0,0,55551436,1700,1700,0,4120617224,4120617224,0,0,900588536,13218740,13.35,10.9
318,2026-05-16 09:36:57,2,q68,0,7,32,931,1053,7469,7290,49,53,6,0,0,111,15301537,0,0,568481352,29577803,365471260,0,0,6174,10,10,0,436284,436284,0,0,436284,6174,8.02,0.93
319,2026-05-16 09:36:59,2,q69,0,11,87,993,2207,8571,6621,75,64,1,272,0,784,28676332,0,0,3807965440,53091814,196425516,0,0,1902033,101,101,0,9547581,9547581,0,0,9547581,1902033,8.63,0.99
320,2026-05-16 09:37:01,2,q70,0,9,47,900,842,7031,6788,92,82,0,0,0,43,209640,0,0,1101810584,57621206,284462472,0,0,209,22,22,0,10316,10316,0,0,10316,209,7.81,0.9
321,2026-05-16 09:37:03,2,q70a,0,12,52,827,770,5841,5608,96,89,0,0,0,48,208520,0,0,902580896,57621206,284462472,0,0,240,47,47,0,14125,14125,0,0,8085,180,7.06,0.83
322,2026-05-16 09:37:05,2,q71,0,7,64,915,880,10025,9365,85,100,0,0,0,192,373296,0,0,960488296,50563014,434905632,0,0,32249,31,31,0,1647863,1647863,0,0,994723,21130,10.96,0.92
323,2026-05-16 09:37:07,2,q72,0,14,113,19503,21464,247340,243105,98,136,2,1336,0,4189,13125980,0,0,25673044504,151146915,635734336,0,0,140763211,855,855,0,2028503693,2028503693,0,0,2028503693,140763211,12.68,19.5
324,2026-05-16 09:37:27,2,q73,0,8,32,406,553,3243,3100,29,35,1,0,0,94,16394969,0,0,480153792,29327803,103214828,0,0,5455,21,21,0,264512,264512,0,0,132562,2732,7.99,0.41
325,2026-05-16 09:37:29,2,q74,0,13,137,2043,6016,25189,21047,189,199,1,0,0,2258,15491653,0,0,14068734504,72541178,433104896,0,0,1763111,822,822,0,58846938,58846938,0,0,58846938,1763111,12.33,2.04
326,2026-05-16 09:37:32,2,q75,0,17,229,2755,7482,41309,33612,248,308,3,624,0,5137,13514277,0,0,15771435216,105981816,1098501000,0,0,12427816,1276,1276,0,277137683,277137683,0,0,191422138,8110302,14.99,2.76
327,2026-05-16 09:37:36,2,q76,0,4,61,777,747,10287,9214,98,109,0,0,0,219,917299,0,0,2250898352,50576063,437110960,0,0,3127,24,24,0,261039,261039,0,0,261039,3127,13.24,0.78
328,2026-05-16 09:37:38,2,q77,0,14,109,1069,4323,12185,10723,116,133,0,154,0,214,91340,0,0,868584744,55459104,584031532,0,0,1757,44,44,0,120257,120257,0,0,120257,1757,11.4,1.07
329,2026-05-16 09:37:40,2,q77a,0,17,114,1156,4368,12180,11167,120,138,0,0,0,158,91340,0,0,1407552616,55459104,584031532,0,0,2221,55,55,0,176374,176374,0,0,134878,1891,10.54,1.16
330,2026-05-16 09:37:42,2,q78,0,10,135,4955,8971,68826,62717,198,197,1,928,0,3817,13126023,0,0,20059149184,55458802,716444376,0,0,38475571,748,748,0,1135565412,1135565412,0,0,1135565412,38475571,13.89,4.96
331,2026-05-16 09:37:48,2,q79,0,7,32,716,856,5923,5740,43,46,1,0,0,122,12765592,0,0,952877472,29327803,230420268,0,0,80366,22,22,0,2983084,2983084,0,0,2983084,80366,8.27,0.72
332,2026-05-16 09:37:50,2,q80,0,16,144,5836,15566,86431,80845,131,173,3,710,0,4100,14436157,0,0,12447675392,55573446,832461376,0,0,45134851,721,721,0,1331351661,1331351661,0,0,1331351661,45134851,14.81,5.84
333,2026-05-16 09:37:57,2,q80a,0,19,149,5976,14815,88527,84206,145,186,2,512,0,4269,14436286,0,0,12919534424,55573446,832461376,0,0,45135808,732,732,0,1331467254,1331467254,0,0,1331364504,45134782,14.81,5.98
334,2026-05-16 09:38:04,2,q81,0,11,54,760,1530,7042,6176,54,61,2,0,0,145,20721956,0,0,2470448864,3899764,133968976,0,0,805182,43,43,0,12400572,12400572,0,0,12400572,805182,9.27,0.76
335,2026-05-16 09:38:06,2,q82,0,6,61,1327,1924,14231,12955,55,60,0,272,0,818,158044,0,0,1658418336,162032501,518298296,0,0,13778665,194,194,0,137239500,137239500,0,0,137239500,28800829,10.72,1.33
336,2026-05-16 09:38:08,2,q83,0,10,50,649,1442,6487,5930,52,59,0,0,0,236,782379,0,0,1250670456,5358935,133289128,0,0,43961,14,14,0,759663,759663,0,0,759663,43961,10.0,0.65
337,2026-05-16 09:38:10,2,q84,0,7,36,644,364,1550,1392,14,22,0,0,0,0,14823393,0,0,1009709760,5555652,92598792,0,0,100,1,1,0,1865,1865,0,0,1865,100,2.41,0.64
338,2026-05-16 09:38:12,2,q85,0,9,55,1313,1380,4357,4011,43,57,2,11,0,6,24325081,0,0,9179235800,12032207,198061044,0,0,13,3,3,0,1363,1363,0,0,1363,13,3.32,1.31
339,2026-05-16 09:38:14,2,q86,0,5,22,421,381,1432,1292,27,26,0,0,0,29,1857112,0,0,581791072,7322088,81805712,0,0,816,5,5,0,54738,54738,0,0,54738,816,3.4,0.42
340,2026-05-16 09:38:16,2,q86a,0,8,27,434,372,1279,1150,35,36,0,0,0,42,1857112,0,0,1120758808,7322088,81805712,0,0,2119,18,18,0,157705,157705,0,0,66561,929,2.95,0.43
341,2026-05-16 09:38:17,2,q87,0,10,103,1648,3549,19506,15719,132,132,1,384,0,1605,12765592,0,0,8161428680,50921014,168240424,0,0,1694835,473,473,0,44530328,44530328,0,0,44530328,1694835,11.84,1.65
342,2026-05-16 09:38:20,2,q88,0,26,178,1385,8698,20159,18623,28,97,0,0,0,36,45883,0,0,514952960,230611310,528085700,0,0,160,160,160,0,9200,9200,0,0,9200,160,14.56,1.38
343,2026-05-16 09:38:22,2,q89,0,6,27,575,553,4281,4097,50,40,0,0,0,151,108570,0,0,946676392,28922603,204842420,0,0,49975,22,22,0,2298433,2298433,0,0,2298433,49975,7.45,0.57
344,2026-05-16 09:38:24,2,q90,0,8,40,203,336,1377,1296,12,20,0,0,0,4,38835,0,0,110071328,14447576,93499260,0,0,34,34,34,0,1928,1928,0,0,1928,34,6.78,0.2
345,2026-05-16 09:38:25,2,q91,0,10,39,507,571,3265,3060,34,38,0,0,0,4,9531965,0,0,1037410344,4137906,95426260,0,0,53,5,5,0,7711,7711,0,0,4761,34,6.44,0.51
346,2026-05-16 09:38:27,2,q92,0,7,40,344,584,2177,1970,27,34,0,0,0,68,703941,0,0,113358480,14522176,157872392,0,0,135661,9,9,0,1837430,1837430,0,0,1837430,135661,6.33,0.34
347,2026-05-16 09:38:28,2,q93,0,5,54,3915,4352,47375,45704,48,59,0,580,0,1649,143973,0,0,5766380072,31678178,287688508,0,0,31635854,357,357,0,754631060,754631060,0,0,754631060,31635854,12.1,3.92
348,2026-05-16 09:38:33,2,q94,0,8,68,1562,2126,15636,14733,53,64,0,0,0,374,2563968,0,0,3571011840,15390492,167770608,0,0,14397040,153,153,0,217756751,217756751,0,0,217756751,14397040,10.01,1.56
349,2026-05-16 09:38:36,2,q95,0,8,68,3427,3946,41468,35725,66,72,0,942,0,357,2564726,0,0,14560086280,15390492,165505520,0,0,35990240,357,357,0,319472623,319472623,0,0,196649755,14395274,12.1,3.43
350,2026-05-16 09:38:40,2,q96,0,5,24,247,247,1982,1740,12,14,0,0,0,2,45797,0,0,63872480,28827803,67807756,0,0,20,20,20,0,1150,1150,0,0,1150,20,8.02,0.25
351,2026-05-16 09:38:41,2,q97,0,5,59,1906,2493,22982,19935,79,77,0,156,0,304,160565,0,0,6212927976,43220926,231386480,0,0,8377699,238,238,0,96908300,96908300,0,0,96908300,8377699,12.06,1.91
352,2026-05-16 09:38:44,2,q98,0,7,35,745,668,4410,4167,47,52,2,45,0,196,3268117,0,0,1690376016,28922501,219647024,0,0,106186,98,98,0,14471806,14471806,0,0,12501113,91022,5.92,0.74
353,2026-05-16 09:38:46,2,q99,0,6,25,604,592,3416,3161,37,35,0,70,0,32,124467,0,0,156567144,14420479,77633364,0,0,2160,3,3,0,173855,173855,0,0,173855,2160,5.66,0.6
354,2026-05-16 09:38:48,3,q1,0,10,62,685,1263,8490,7219,66,68,0,0,0,628,5073369,0,0,3337334424,6275366,134988172,0,0,1611249,182,182,0,25346729,25346729,0,0,25346729,1611249,12.39,0.68
355,2026-05-16 09:38:50,3,q2,0,9,45,611,548,5263,4767,53,59,0,98,0,72,751663,0,0,461108944,21713562,145153904,0,0,6838,44,44,0,352525,352525,0,0,127373,4198,8.61,0.61
356,2026-05-16 09:38:51,3,q3,0,4,24,394,383,3208,3083,34,35,0,0,0,92,91340,0,0,119963624,28975550,215710768,0,0,2998,10,10,0,206438,206438,0,0,206438,2998,8.14,0.39
357,2026-05-16 09:38:53,3,q4,0,19,228,5192,23369,67640,60981,384,409,3,1337,0,3216,36929107,0,0,30989812144,101342028,1449116176,0,0,2983909,1665,1665,0,192634309,192634309,0,0,192634309,2983909,13.03,5.19
358,2026-05-16 09:38:59,3,q5,0,10,124,1445,2877,18210,16437,174,182,3,150,0,206,16637536,0,0,2431651760,62671034,661741556,0,0,3992,34,34,0,260576,260576,0,0,260576,3992,12.6,1.44
359,2026-05-16 09:39:02,3,q5a,0,13,129,1597,2944,19042,16348,151,188,2,192,0,210,16637579,0,0,2970619632,62671034,661741556,0,0,5938,44,44,0,419375,419375,0,0,286145,4114,11.92,1.6
360,2026-05-16 09:39:04,3,q6,0,11,54,1447,1930,18127,17431,59,63,0,0,0,556,2111118,0,0,5012926032,29847550,168877496,0,0,27358702,206,206,0,240333811,240333811,0,0,240333811,27358702,12.53,1.45
361,2026-05-16 09:39:07,3,q7,0,7,37,1021,1045,8688,8370,60,52,0,130,0,117,782465,0,0,1080238624,30843801,393155840,0,0,71861,22,22,0,2549492,2549492,0,0,2549492,71861,8.51,1.02
362,2026-05-16 09:39:09,3,q8,0,10,36,754,707,4904,4777,56,58,0,0,0,37,2361205,0,0,1773265248,29820603,164053132,0,0,6731,13,13,0,84406,84406,0,0,84406,6731,6.5,0.75
363,2026-05-16 09:39:11,3,q9,0,11,106,932,4011,12945,12296,28,74,0,0,0,13,41663,0,0,0,144002550,874996780,0,0,100,100,100,0,6957,6957,0,0,6957,100,13.89,0.93
364,2026-05-16 09:39:13,3,q10,0,13,98,910,2424,9134,7908,31,78,0,440,0,763,592058,0,0,1549657768,53091814,196622124,0,0,4321867,122,122,0,66501043,66501043,0,0,66501043,4321867,10.04,0.91
365,2026-05-16 09:39:15,3,q10a,0,10,97,605,1369,6333,6019,50,79,0,0,0,677,154690,0,0,2065069744,53091814,196622124,0,0,4289247,173,173,0,66460060,66460060,0,0,66460060,4289247,10.47,0.6
366,2026-05-16 09:39:16,3,q11,0,15,153,2473,6739,27752,24378,214,238,6,426,0,2511,36928978,0,0,20231215248,72541178,546342912,0,0,1976060,990,990,0,121162579,121162579,0,0,121162579,1976060,11.22,2.47
367,2026-05-16 09:39:20,3,q12,0,5,23,449,409,1389,1241,30,29,0,0,0,54,3268117,0,0,649575248,7322088,85860752,0,0,29116,10,10,0,3907483,3907483,0,0,3907483,29116,3.09,0.45
368,2026-05-16 09:39:21,3,q13,0,7,36,1117,1147,9892,9748,22,27,0,0,0,5,1303376,0,0,691209280,30998603,479987220,0,0,20,20,20,0,1371,1371,0,0,1371,20,8.86,1.12
369,2026-05-16 09:39:24,3,q14a,0,30,280,6215,12303,64886,57625,334,396,0,1668,0,3413,1189316,0,0,9940144464,151671042,990848472,0,0,62586107,342,342,0,877743160,877743160,0,0,874734576,62499583,10.44,6.22
370,2026-05-16 09:39:32,3,q14b,0,24,217,4238,7637,50005,46560,265,299,0,560,0,2002,1189316,0,0,8458015920,130216627,791340536,0,0,68363018,316,316,0,1013219464,1013219464,0,0,529302342,40855811,11.8,4.24
371,2026-05-16 09:39:37,3,q14,0,24,214,3199,5826,36823,35612,297,313,0,465,0,2033,1162249,0,0,7574558088,130216627,791340536,0,0,68273663,281,281,0,1004568545,1004568545,0,0,520651423,40766456,11.51,3.2
372,2026-05-16 09:39:42,3,q15,0,5,30,739,720,4984,4797,31,35,1,0,0,10,5019183,0,0,951797424,15170425,109597384,0,0,502,1,1,0,18324,18324,0,0,18324,502,6.74,0.74
373,2026-05-16 09:39:43,3,q16,0,8,77,1906,3166,26490,23394,64,79,0,160,0,1123,5380997,0,0,4852315440,30510756,276801092,0,0,28674690,357,357,0,416261641,416261641,0,0,416261641,28674690,13.9,1.91
374,2026-05-16 09:39:46,3,q17,0,10,95,4447,6493,58795,56902,89,111,1,0,0,2667,6944875,0,0,7880912176,46220660,364127356,0,0,45538041,803,803,0,1089146303,1089146303,0,0,1089146303,45538041,13.22,4.45
375,2026-05-16 09:39:52,3,q18,0,9,55,1203,1359,7162,6527,63,73,0,304,0,26,9716301,0,0,3074056776,19114025,322004024,0,0,55958,9,9,0,3984849,3984849,0,0,3984849,55958,5.95,1.2
376,2026-05-16 09:39:54,3,q18a,0,17,145,2536,7688,30791,27669,206,222,0,0,0,246,9716473,0,0,14494187648,77567725,1345911216,0,0,63894,37,37,0,4339335,4339335,0,0,4339335,63894,12.14,2.54
377,2026-05-16 09:39:58,3,q19,0,7,33,910,904,7048,6858,44,49,0,0,0,111,5019183,0,0,1599037304,29672603,255771940,0,0,7397,10,10,0,541770,541770,0,0,541770,7397,7.75,0.91
378,2026-05-16 09:40:00,3,q20,0,5,25,513,454,2087,1840,37,40,0,100,0,18,3268117,0,0,412686616,14522425,129793824,0,0,28486,2,2,0,3491832,3491832,0,0,3491832,28486,4.07,0.51
379,2026-05-16 09:40:01,3,q21,0,5,25,856,846,7126,6994,43,45,0,0,0,11,106979,0,0,208677936,133232010,401390576,0,0,31850,1,1,0,679321,679321,0,0,679321,31850,8.32,0.86
380,2026-05-16 09:40:03,3,q22,0,6,42,56585,56542,117461,117085,108,81,0,54,0,64,4629135,0,0,1753344224,133232010,400049120,0,0,612866,68,68,0,25729614,25729614,0,0,25729614,612866,2.08,56.58
381,2026-05-16 09:41:01,3,q22a,0,10,66,3305,3685,15345,14065,113,129,0,10,0,1176,4629135,0,0,5660862736,133232010,400255984,0,0,918610,160,160,0,45113549,45113549,0,0,14511781,306922,4.64,3.3
382,2026-05-16 09:41:05,3,q23a,0,18,194,6285,10019,72834,69271,235,252,1,590,0,3463,6575826,0,0,12650385656,108664016,674578880,0,0,43897022,644,644,0,1114819545,1114819545,0,0,1084928778,41990015,11.59,6.28
383,2026-05-16 09:41:13,3,q23b,0,21,220,6244,12201,81340,75291,301,298,1,1344,0,4424,6575826,0,0,25625726792,109164016,688634368,0,0,48673518,1314,1314,0,1200059106,1200059106,0,0,1097299361,42452497,13.03,6.24
384,2026-05-16 09:41:20,3,q24,0,8,64,2280,3326,28186,26582,50,66,4,272,0,1310,20636908,0,0,7068696000,32530235,307068176,0,0,29735885,340,340,0,678254112,678254112,0,0,678254112,29735885,12.36,2.28
385,2026-05-16 09:41:23,3,q24a,0,13,86,3490,4272,42006,39920,100,105,1,77,0,1981,18087253,0,0,16497845272,32632235,309614808,0,0,59478907,712,712,0,1357451922,1357451922,0,0,679197810,29743022,12.04,3.49
386,2026-05-16 09:41:28,3,q24b,0,13,86,2867,3633,32646,31395,96,102,3,128,0,1700,18087253,0,0,15891776752,32632235,309614808,0,0,59478765,700,700,0,1357428154,1357428154,0,0,679174042,29742880,11.39,2.87
387,2026-05-16 09:41:32,3,q25,0,10,95,4602,6606,60423,58132,84,104,1,128,0,3038,6944875,0,0,7880887560,46220660,464241788,0,0,45538038,800,800,0,1108759789,1108759789,0,0,1108759789,45538038,13.13,4.6
388,2026-05-16 09:41:37,3,q26,0,6,35,730,756,4987,4773,43,46,0,0,0,38,782379,0,0,475734776,16443725,234711024,0,0,33482,3,3,0,1124909,1124909,0,0,1124909,33482,6.83,0.73
389,2026-05-16 09:41:39,3,q27,0,7,37,985,1007,8309,7654,51,52,0,168,0,110,782379,0,0,1080698912,30843403,365429536,0,0,58884,22,22,0,2218125,2218125,0,0,2218125,58884,8.44,0.98
390,2026-05-16 09:41:41,3,q27a,0,11,81,1580,3280,19707,18720,81,97,0,0,0,377,782465,0,0,1806596672,88546507,1043660596,0,0,60793,43,43,0,2451360,2451360,0,0,2451360,60793,12.47,1.58
391,2026-05-16 09:41:44,3,q28,0,18,132,1893,9925,26960,23682,130,156,0,368,0,2178,57030,0,0,4462213584,172803006,1357446288,0,0,470650,66,66,0,7692048,7692048,0,0,7692048,470650,14.24,1.89
392,2026-05-16 09:41:47,3,q29,0,11,96,4451,6505,58152,56206,84,108,1,156,0,2903,6944832,0,0,7880995000,46240660,366365388,0,0,45538045,805,805,0,1089147078,1089147078,0,0,1089147078,45538045,13.06,4.45
393,2026-05-16 09:41:52,3,q30,0,11,51,688,1379,1770,1586,76,78,0,0,0,111,1992893,0,0,1012759832,2460548,94235280,0,0,755089,7,7,0,59269674,59269674,0,0,59269674,755089,2.57,0.69
394,2026-05-16 09:41:54,3,q31,0,20,126,1783,7482,21786,18193,145,155,0,208,0,1134,3832889,0,0,3909791224,108311767,630486736,0,0,79892,49,49,0,2737751,2737751,0,0,2515544,73108,12.22,1.78
395,2026-05-16 09:41:57,3,q32,0,7,46,406,683,4064,3754,31,44,0,0,0,47,703508,0,0,120389400,28922850,245320744,0,0,55420,12,12,0,760429,760429,0,0,760429,55420,10.01,0.41
396,2026-05-16 09:41:58,3,q33,0,9,68,780,1534,7382,6615,85,100,0,0,0,560,889109,0,0,1187094680,50875014,451799976,0,0,17063,18,18,0,450453,450453,0,0,450453,17063,9.46,0.78
397,2026-05-16 09:42:00,3,q34,0,8,32,582,751,4905,4474,30,37,2,0,0,125,16394969,0,0,480760000,29327803,103214828,0,0,20445,21,21,0,646759,646759,0,0,351165,10675,8.43,0.58
398,2026-05-16 09:42:02,3,q35,0,10,92,1067,1981,9550,7567,43,81,0,592,0,913,23973725,0,0,8159872040,53091814,196286252,0,0,6056644,255,255,0,16002181,16002181,0,0,16002181,6056644,8.95,1.07
399,2026-05-16 09:42:04,3,q35a,0,9,92,901,1145,6566,5770,36,81,0,0,0,985,23973725,0,0,7371343176,53091814,196286252,0,0,6053558,255,255,0,16010477,16010477,0,0,16010477,6053558,7.29,0.9
400,2026-05-16 09:42:06,3,q36,0,6,26,698,662,5470,5268,44,47,0,0,0,80,1857112,0,0,1036986400,28922603,310110284,0,0,1769,11,11,0,138561,138561,0,0,138561,1769,7.84,0.7
401,2026-05-16 09:42:08,3,q36a,0,9,31,751,685,5321,5171,43,47,0,0,0,94,1857112,0,0,1575954272,28922603,310110284,0,0,4798,36,36,0,397299,397299,0,0,147261,1822,7.09,0.75
402,2026-05-16 09:42:10,3,q37,0,6,61,979,1281,9347,8785,44,57,0,80,0,294,157657,0,0,886656304,147632425,477965736,0,0,4316414,180,180,0,64485606,64485606,0,0,64485606,14400617,9.55,0.98
403,2026-05-16 09:42:12,3,q38,0,10,103,1653,3538,19220,16189,133,130,1,0,0,835,12765592,0,0,8161428680,50921014,168240424,0,0,1694835,473,473,0,44530328,44530328,0,0,44530328,1694835,11.63,1.65
404,2026-05-16 09:42:14,3,q39a,0,12,71,1921,3592,21993,19484,106,115,0,90,0,649,801878,0,0,2062236424,266362010,795492552,0,0,1129925,56,56,0,27117544,27117544,0,0,26113005,1093917,11.45,1.92
405,2026-05-16 09:42:17,3,q39b,0,12,71,1648,3135,19542,18696,111,114,3,288,0,508,520274,0,0,2056076040,266362010,795492552,0,0,1093504,56,56,0,26086066,26086066,0,0,25081527,1057496,11.86,1.65
406,2026-05-16 09:42:20,3,q40,0,7,57,1466,1807,18282,17035,57,65,0,0,0,1288,173485,0,0,4141621464,15962317,186621472,0,0,15748014,357,357,0,309656666,309656666,0,0,309656666,15748014,12.47,1.47
407,2026-05-16 09:42:23,3,q41,0,4,6,155,125,136,120,7,8,0,0,0,7,12426,0,0,202903480,204000,8796048,0,0,140,2,2,0,9680,9680,0,0,9680,140,0.88,0.16
408,2026-05-16 09:42:24,3,q42,0,4,24,397,385,3283,3138,34,36,0,0,0,23,91340,0,0,786960824,28922501,215571504,0,0,110,10,10,0,9116,9116,0,0,9116,110,8.27,0.4
409,2026-05-16 09:42:25,3,q43,0,4,23,505,484,4371,4229,36,39,0,0,0,28,91340,0,0,114629704,28820603,122517996,0,0,210,10,10,0,27084,27084,0,0,27084,210,8.66,0.5
410,2026-05-16 09:42:27,3,q44,0,8,55,613,661,5011,4717,66,73,0,0,0,151,1663841,0,0,1589568808,57703002,359682040,0,0,795972,120,120,0,10069011,10069011,0,0,5035816,398046,8.17,0.61
411,2026-05-16 09:42:28,3,q45,0,7,31,595,628,2109,1928,27,31,0,0,0,8,5019183,0,0,2126545808,8092088,102358216,0,0,29,4,4,0,2649,2649,0,0,2649,29,3.54,0.6
412,2026-05-16 09:42:30,3,q46,0,7,32,909,1033,7089,6894,44,50,2,22,0,118,15301580,0,0,1039122784,29577803,236324380,0,0,27956,10,10,0,1371108,1371108,0,0,1371108,27956,7.8,0.91
413,2026-05-16 09:42:32,3,q47,0,11,86,1815,2628,20476,17233,140,145,0,0,0,2213,2306610,0,0,6656509880,28922603,204502452,0,0,2665245,787,787,0,105359658,105359658,0,0,61755714,1560722,11.28,1.82
414,2026-05-16 09:42:35,3,q48,0,6,35,1227,1303,10810,10444,24,28,0,260,0,4,1323761,0,0,669220160,30991403,297217008,0,0,20,20,20,0,1160,1160,0,0,1160,20,8.81,1.23
415,2026-05-16 09:42:37,3,q49,0,16,143,1632,5826,21675,19841,95,145,0,304,0,1679,231020,0,0,4918749864,55458802,783241944,0,0,12389987,58,58,0,273846553,273846553,0,0,273846553,12389987,13.28,1.63
416,2026-05-16 09:42:40,3,q50,0,7,56,2164,2600,27363,26245,50,62,0,0,0,1334,370352,0,0,4687124776,31771284,223321004,0,0,29262054,357,357,0,629536939,629536939,0,0,629536939,29262054,12.64,2.16
417,2026-05-16 09:42:43,3,q51,0,10,140,2752,4011,37792,33729,188,208,0,272,0,4266,299557,0,0,9977043664,36020589,264732640,0,0,24415841,1679,1679,0,420200401,420200401,0,0,420200401,24415841,13.73,2.75
418,2026-05-16 09:42:47,3,q51a,0,14,206,20443,24478,267973,258369,297,351,0,2452,0,4588,459272,0,0,26932512032,36020589,264732640,0,0,47531016,2587,2587,0,789082482,789082482,0,0,575698989,36069050,13.11,20.44
419,2026-05-16 09:43:08,3,q52,0,4,24,368,355,2984,2852,37,37,0,0,0,117,91340,0,0,786960824,28922501,215702576,0,0,4250,10,10,0,266731,266731,0,0,266731,4250,8.11,0.37
420,2026-05-16 09:43:10,3,q53,0,6,26,499,477,3683,3277,38,39,0,98,0,138,108742,0,0,208086096,28922603,205178292,0,0,31394,11,11,0,661862,661862,0,0,661862,31394,7.38,0.5
421,2026-05-16 09:43:11,3,q54,0,15,93,1274,2347,15760,15024,104,124,0,0,0,643,5019312,0,0,2716105496,51386165,328139844,0,0,26873209,179,179,0,252845431,252845431,0,0,252845431,26873209,12.37,1.27
422,2026-05-16 09:43:14,3,q55,0,4,24,440,428,3445,3319,39,39,0,0,0,94,91340,0,0,786960824,28922501,215702576,0,0,3448,10,10,0,211879,211879,0,0,211879,3448,7.83,0.44
423,2026-05-16 09:43:15,3,q56,0,9,68,786,1695,7799,7221,79,93,0,0,0,198,463898,0,0,1175692536,50875014,452062120,0,0,10844,18,18,0,393253,393253,0,0,393253,10844,9.92,0.79
424,2026-05-16 09:43:17,3,q57,0,11,67,1809,2451,13938,10869,121,116,0,232,0,879,2306610,0,0,5374089408,14522449,120588172,0,0,1160477,378,378,0,45143877,45143877,0,0,33403525,851478,7.7,1.81
425,2026-05-16 09:43:20,3,q58,0,11,67,1004,2291,10896,9906,91,91,0,0,0,218,782379,0,0,2221524408,50669112,416052560,0,0,247081,27,27,0,3686832,3686832,0,0,3686832,247081,10.85,1.0
426,2026-05-16 09:43:22,3,q59,0,10,39,926,984,6155,5871,47,53,0,0,0,352,751663,0,0,1673170840,28913754,127746064,0,0,304460,132,132,0,12848225,12848225,0,0,6671249,170845,6.65,0.93
427,2026-05-16 09:43:24,3,q60,0,9,68,972,2066,9764,9054,97,103,1,0,0,389,463898,0,0,1671759920,50875014,451996584,0,0,78428,19,19,0,1556649,1556649,0,0,1556649,78428,10.05,0.97
428,2026-05-16 09:43:26,3,q61,0,10,55,1056,1887,13088,12332,26,40,1,208,0,5,5019183,0,0,1246748000,58473604,521203004,0,0,40,40,40,0,2319,2319,0,0,2319,40,12.39,1.06
429,2026-05-16 09:43:28,3,q62,0,6,22,461,451,1795,1613,23,25,0,0,0,37,105425,0,0,143190168,7220160,63239520,0,0,1680,4,4,0,144678,144678,0,0,144678,1680,3.89,0.46
430,2026-05-16 09:43:30,3,q63,0,6,26,528,511,4109,3987,43,41,0,0,0,143,108140,0,0,208020560,28922603,205182388,0,0,12917,11,11,0,338305,338305,0,0,338305,12917,7.78,0.53
431,2026-05-16 09:43:31,3,q64,0,23,177,6758,15160,97648,90526,240,256,4,819,0,4870,13538242,0,0,35890420816,50412111,690642964,0,0,52026303,2318,2318,0,1952932789,1952932789,0,0,1806179638,48487731,14.45,6.76
432,2026-05-16 09:43:39,3,q65,0,10,97,1680,3099,24133,22255,146,145,1,0,0,1582,9163347,0,0,6116202576,57723104,403918796,0,0,11880061,391,391,0,391199918,391199918,0,0,391199918,11880061,14.36,1.68
433,2026-05-16 09:43:42,3,q66,0,8,44,1107,1510,8365,7261,97,103,0,45,0,22,147441,0,0,980144136,21660543,258844624,0,0,90,9,9,0,47940,47940,0,0,47940,90,7.56,1.11
434,2026-05-16 09:43:44,3,q67,0,6,42,6847,6796,72678,71183,73,76,0,497,0,1432,4629135,0,0,7594451448,28922603,231515572,0,0,11548825,187,187,0,866159379,866159379,0,0,866159379,11548825,10.61,6.85
435,2026-05-16 09:43:52,3,q67a,0,14,183,10531,35955,140947,131817,336,384,0,958,0,5519,4629135,0,0,26569738752,28922603,231515572,0,0,55551436,1700,1700,0,4120617224,4120617224,0,0,900588536,13218740,13.38,10.53
436,2026-05-16 09:44:04,3,q68,0,7,32,840,957,6754,6569,38,46,4,0,0,121,15301537,0,0,568481352,29577803,365471260,0,0,6174,10,10,0,436284,436284,0,0,436284,6174,8.04,0.84
437,2026-05-16 09:44:06,3,q69,0,11,87,936,2178,8315,5715,55,66,0,352,0,1317,28676289,0,0,3807965440,53091814,196425516,0,0,1902033,101,101,0,9547581,9547581,0,0,9547581,1902033,8.88,0.94
438,2026-05-16 09:44:08,3,q70,0,9,47,869,814,6802,6557,80,81,0,0,0,42,209640,0,0,1101810584,57621206,284462472,0,0,209,22,22,0,10316,10316,0,0,10316,209,7.83,0.87
439,2026-05-16 09:44:10,3,q70a,0,12,52,850,749,6080,5852,87,90,0,0,0,46,208520,0,0,902580896,57621206,284462472,0,0,240,47,47,0,14125,14125,0,0,8085,180,7.15,0.85
440,2026-05-16 09:44:12,3,q71,0,7,64,902,864,10097,9404,88,104,0,0,0,182,373296,0,0,960488296,50563014,434905632,0,0,32249,31,31,0,1647863,1647863,0,0,994723,21130,11.19,0.9
441,2026-05-16 09:44:14,3,q72,0,14,113,18178,20078,245686,241159,116,133,1,1232,0,4061,13126195,0,0,25673044504,151146915,635734336,0,0,140763211,855,855,0,2028503693,2028503693,0,0,2028503693,140763211,13.52,18.18
442,2026-05-16 09:44:33,3,q73,0,8,32,452,635,3686,3546,28,36,2,0,0,93,16394969,0,0,480153792,29327803,103214828,0,0,5455,21,21,0,264512,264512,0,0,132562,2732,8.15,0.45
443,2026-05-16 09:44:34,3,q74,0,13,137,2001,5905,24661,20158,174,186,1,0,0,2348,15491653,0,0,14068734504,72541178,433104896,0,0,1763111,822,822,0,58846938,58846938,0,0,58846938,1763111,12.32,2.0
444,2026-05-16 09:44:37,3,q75,0,17,229,2770,7543,41734,34772,249,316,6,464,0,4684,13514234,0,0,15771435216,105981816,1098501000,0,0,12427816,1276,1276,0,277137683,277137683,0,0,191422138,8110302,15.07,2.77
445,2026-05-16 09:44:41,3,q76,0,4,61,733,701,9033,8050,98,106,0,0,0,342,917299,0,0,2250898352,50576063,437110960,0,0,3127,24,24,0,261039,261039,0,0,261039,3127,12.32,0.73
446,2026-05-16 09:44:43,3,q77,0,14,109,1002,4217,11896,10609,111,131,0,0,0,150,91340,0,0,868584744,55459104,584031532,0,0,1757,44,44,0,120257,120257,0,0,120257,1757,11.87,1.0
447,2026-05-16 09:44:45,3,q77a,0,17,114,1126,4078,11539,8984,189,146,0,224,0,180,91942,0,0,1407552616,55459104,584031532,0,0,2221,55,55,0,176374,176374,0,0,134878,1891,10.25,1.13
448,2026-05-16 09:44:48,3,q78,0,10,135,4999,9302,68630,63181,203,202,1,688,0,3346,13126109,0,0,20059149184,55458802,716444376,0,0,38475571,748,748,0,1135565412,1135565412,0,0,1135565412,38475571,13.73,5.0
449,2026-05-16 09:44:54,3,q79,0,7,32,709,849,5866,5697,52,50,1,0,0,118,12765592,0,0,952877472,29327803,230420268,0,0,80366,22,22,0,2983084,2983084,0,0,2983084,80366,8.27,0.71
450,2026-05-16 09:44:55,3,q80,0,16,144,6088,16189,90188,85275,119,165,3,192,0,4521,14436114,0,0,12447675392,55573446,832461376,0,0,45134851,721,721,0,1331351661,1331351661,0,0,1331351661,45134851,14.81,6.09
451,2026-05-16 09:45:03,3,q80a,0,19,149,5681,13834,83140,79084,144,190,5,448,0,3957,14436200,0,0,12919534424,55573446,832461376,0,0,45135808,732,732,0,1331467254,1331467254,0,0,1331364504,45134782,14.63,5.68
452,2026-05-16 09:45:09,3,q81,0,11,54,725,1474,6367,5727,54,58,3,0,0,162,20721956,0,0,2470448864,3899764,133968976,0,0,805182,43,43,0,12400572,12400572,0,0,12400572,805182,8.78,0.72
453,2026-05-16 09:45:11,3,q82,0,6,61,1337,1890,13852,13075,48,63,0,160,0,550,158044,0,0,1658418336,162032501,518298296,0,0,13778665,194,194,0,137239500,137239500,0,0,137239500,28800829,10.36,1.34
454,2026-05-16 09:45:14,3,q83,0,10,50,567,1182,5096,4547,57,61,0,0,0,280,782379,0,0,1251194744,5358935,133289128,0,0,43961,14,14,0,759663,759663,0,0,759663,43961,8.99,0.57
455,2026-05-16 09:45:15,3,q84,0,7,36,613,406,1255,1149,20,24,0,0,0,0,14823694,0,0,1009709760,5555652,92598792,0,0,100,1,1,0,1865,1865,0,0,1865,100,2.05,0.61
456,2026-05-16 09:45:17,3,q85,0,9,55,1211,1154,3846,3507,46,59,2,30,0,6,24325081,0,0,9179235800,12032207,198061044,0,0,13,3,3,0,1363,1363,0,0,1363,13,3.18,1.21
457,2026-05-16 09:45:19,3,q86,0,5,22,438,399,1504,1366,25,27,0,0,0,29,1857112,0,0,581791072,7322088,81805712,0,0,816,5,5,0,54738,54738,0,0,54738,816,3.43,0.44
458,2026-05-16 09:45:21,3,q86a,0,8,27,428,366,1252,1132,35,34,0,0,0,42,1857112,0,0,1120758808,7322088,81805712,0,0,2119,18,18,0,157705,157705,0,0,66561,929,2.93,0.43
459,2026-05-16 09:45:22,3,q87,0,10,103,1634,3608,19655,16165,135,133,1,0,0,1468,12765592,0,0,8161428680,50921014,168240424,0,0,1694835,473,473,0,44530328,44530328,0,0,44530328,1694835,12.03,1.63
460,2026-05-16 09:45:25,3,q88,0,26,178,1337,8354,19477,17723,14,95,0,224,0,20,45840,0,0,514952960,230611310,528085700,0,0,160,160,160,0,9200,9200,0,0,9200,160,14.57,1.34
461,2026-05-16 09:45:27,3,q89,0,6,27,560,542,4131,3926,36,40,0,0,0,161,108570,0,0,946676392,28922603,204842420,0,0,49975,22,22,0,2298433,2298433,0,0,2298433,49975,7.38,0.56
462,2026-05-16 09:45:29,3,q90,0,8,40,206,330,1353,1281,14,21,0,0,0,4,38964,0,0,110071328,14447576,93499260,0,0,34,34,34,0,1928,1928,0,0,1928,34,6.57,0.21
463,2026-05-16 09:45:30,3,q91,0,10,39,431,532,2645,2494,31,39,0,0,0,4,9531965,0,0,1037410344,4137906,95426260,0,0,53,5,5,0,7711,7711,0,0,4761,34,6.14,0.43
464,2026-05-16 09:45:32,3,q92,0,7,40,378,626,2318,2121,25,35,0,0,0,69,703941,0,0,113358480,14522176,157872392,0,0,135661,9,9,0,1837430,1837430,0,0,1837430,135661,6.13,0.38
465,2026-05-16 09:45:33,3,q93,0,5,54,3864,4265,46541,45161,53,59,0,220,0,1737,143973,0,0,5766380072,31678178,287688508,0,0,31635854,357,357,0,754631060,754631060,0,0,754631060,31635854,12.04,3.86
466,2026-05-16 09:45:38,3,q94,0,8,68,1479,1939,14323,13270,57,63,0,0,0,554,2564011,0,0,3571011840,15390492,167770608,0,0,14397040,153,153,0,217756751,217756751,0,0,217756751,14397040,9.68,1.48
467,2026-05-16 09:45:40,3,q95,0,8,68,3565,4069,45551,39212,64,73,0,1346,0,363,2564640,0,0,14560086280,15390492,165505520,0,0,35990240,357,357,0,319472623,319472623,0,0,196649755,14395274,12.78,3.56
468,2026-05-16 09:45:45,3,q96,0,5,24,253,254,1956,1883,9,13,0,28,0,2,45969,0,0,63872480,28827803,67807756,0,0,20,20,20,0,1150,1150,0,0,1150,20,7.73,0.25
469,2026-05-16 09:45:46,3,q97,0,5,59,1843,2386,22066,20322,74,80,0,112,0,300,161253,0,0,6212927976,43220926,231386480,0,0,8377699,238,238,0,96908300,96908300,0,0,96908300,8377699,11.97,1.84
470,2026-05-16 09:45:49,3,q98,0,7,35,754,686,4218,3903,48,54,3,90,0,205,3268117,0,0,1690376016,28922501,219647024,0,0,106186,98,98,0,14471806,14471806,0,0,12501113,91022,5.59,0.75
471,2026-05-16 09:45:51,3,q99,0,6,25,616,604,3777,3597,32,35,0,0,0,31,124037,0,0,156567144,14420479,77633364,0,0,2160,3,3,0,173855,173855,0,0,173855,2160,6.13,0.62
472,2026-05-16 09:45:53,4,q1,0,10,62,692,1192,7861,6503,69,68,0,192,0,619,5073369,0,0,3337334424,6275366,134988172,0,0,1611249,182,182,0,25346729,25346729,0,0,25346729,1611249,11.36,0.69
473,2026-05-16 09:45:54,4,q2,0,9,45,631,576,5187,4772,49,58,0,100,0,75,751663,0,0,461108944,21713562,145153904,0,0,6838,44,44,0,352525,352525,0,0,127373,4198,8.22,0.63
474,2026-05-16 09:45:56,4,q3,0,4,24,355,347,2799,2675,41,43,0,0,0,97,91340,0,0,119963624,28975550,215710768,0,0,2998,10,10,0,206438,206438,0,0,206438,2998,7.88,0.36
475,2026-05-16 09:45:58,4,q4,0,19,228,5019,22217,65750,58442,392,417,3,1671,0,3478,36928978,0,0,30989812144,101342028,1449116176,0,0,2983909,1665,1665,0,192634309,192634309,0,0,192634309,2983909,13.1,5.02
476,2026-05-16 09:46:04,4,q5,0,10,124,1346,2657,16908,15124,149,184,2,0,0,205,16637493,0,0,2431651760,62671034,661741556,0,0,3992,34,34,0,260576,260576,0,0,260576,3992,12.56,1.35
477,2026-05-16 09:46:06,4,q5a,0,13,129,1432,2640,16387,14672,187,192,2,176,0,213,16637493,0,0,2970619632,62671034,661741556,0,0,5938,44,44,0,419375,419375,0,0,286145,4114,11.44,1.43
478,2026-05-16 09:46:09,4,q6,0,11,54,1554,2175,18575,17170,67,63,0,150,0,621,2111032,0,0,5012926032,29847550,168877496,0,0,27358702,206,206,0,240333811,240333811,0,0,240333811,27358702,11.95,1.55
479,2026-05-16 09:46:11,4,q7,0,7,37,1120,1180,9646,9475,42,49,0,0,0,119,782379,0,0,1080238624,30843801,393155840,0,0,71861,22,22,0,2549492,2549492,0,0,2549492,71861,8.61,1.12
480,2026-05-16 09:46:14,4,q8,0,10,36,805,751,5370,5255,54,58,0,0,0,37,2361205,0,0,1773265248,29820603,164053132,0,0,6731,13,13,0,84406,84406,0,0,84406,6731,6.67,0.8
481,2026-05-16 09:46:15,4,q9,0,11,106,947,4003,13313,12190,26,71,0,432,0,17,41792,0,0,0,144002550,874996780,0,0,100,100,100,0,6957,6957,0,0,6957,100,14.06,0.95
482,2026-05-16 09:46:17,4,q10,0,13,98,826,2040,8323,7519,33,73,0,0,0,816,592058,0,0,1549657768,53091814,196622124,0,0,4321867,122,122,0,66501043,66501043,0,0,66501043,4321867,10.08,0.83
483,2026-05-16 09:46:19,4,q10a,0,10,97,605,1279,6175,5902,38,78,0,0,0,692,154690,0,0,2065069744,53091814,196622124,0,0,4289247,173,173,0,66460060,66460060,0,0,66460060,4289247,10.21,0.6
484,2026-05-16 09:46:21,4,q11,0,15,153,2445,6698,27617,24076,217,232,3,208,0,2685,36928978,0,0,20231215248,72541178,546342912,0,0,1976060,990,990,0,121162579,121162579,0,0,121162579,1976060,11.3,2.44
485,2026-05-16 09:46:25,4,q12,0,5,23,445,399,1353,1201,28,29,0,0,0,59,3268117,0,0,649575248,7322088,85860752,0,0,29116,10,10,0,3907483,3907483,0,0,3907483,29116,3.04,0.44
486,2026-05-16 09:46:26,4,q13,0,7,36,1306,1351,11567,11316,29,30,0,100,0,3,1303376,0,0,691209280,30998603,479987220,0,0,20,20,20,0,1371,1371,0,0,1371,20,8.86,1.31
487,2026-05-16 09:46:28,4,q14a,0,30,280,5999,11615,61229,56179,376,401,13,865,0,3083,1189316,0,0,9940144464,151671042,990848472,0,0,62586107,342,342,0,877743160,877743160,0,0,874734576,62499583,10.21,6.0
488,2026-05-16 09:46:36,4,q14b,0,24,217,4015,7013,47001,43989,351,312,2,864,0,2292,1189316,0,0,8458015920,130216627,791340536,0,0,68363018,316,316,0,1013219464,1013219464,0,0,529302342,40855811,11.71,4.01
489,2026-05-16 09:46:42,4,q14,0,24,214,3385,6066,37731,36188,312,337,0,475,0,2359,1162292,0,0,7574558088,130216627,791340536,0,0,68273663,281,281,0,1004568545,1004568545,0,0,520651423,40766456,11.15,3.38
490,2026-05-16 09:46:46,4,q15,0,5,30,723,698,5107,4931,33,38,0,0,0,9,5019183,0,0,951797424,15170425,109597384,0,0,502,1,1,0,18324,18324,0,0,18324,502,7.06,0.72
491,2026-05-16 09:46:48,4,q16,0,8,77,1872,2927,25657,22253,60,73,0,450,0,1118,5380954,0,0,4852315440,30510756,276801092,0,0,28674690,357,357,0,416261641,416261641,0,0,416261641,28674690,13.71,1.87
492,2026-05-16 09:46:51,4,q17,0,10,95,4592,6665,60025,58275,84,110,1,0,0,2875,6944875,0,0,7880912176,46220660,364127356,0,0,45538041,803,803,0,1089146303,1089146303,0,0,1089146303,45538041,13.07,4.59
493,2026-05-16 09:46:56,4,q18,0,9,55,1181,1268,7133,6743,64,71,0,56,0,27,9716344,0,0,3074056776,19114025,322004024,0,0,55958,9,9,0,3984849,3984849,0,0,3984849,55958,6.04,1.18
494,2026-05-16 09:46:59,4,q18a,0,17,145,2991,10340,37825,34489,167,219,0,0,0,164,9716301,0,0,14494187648,77567725,1345911216,0,0,63894,37,37,0,4339335,4339335,0,0,4339335,63894,12.65,2.99
495,2026-05-16 09:47:03,4,q19,0,7,33,770,759,5652,5463,46,51,0,0,0,109,5019183,0,0,1599037304,29672603,255771940,0,0,7397,10,10,0,541770,541770,0,0,541770,7397,7.34,0.77
496,2026-05-16 09:47:05,4,q20,0,5,25,445,406,1862,1732,36,36,0,0,0,17,3268117,0,0,412686616,14522425,129793824,0,0,28486,2,2,0,3491832,3491832,0,0,3491832,28486,4.18,0.44
497,2026-05-16 09:47:06,4,q21,0,5,25,901,889,7458,7218,41,44,0,110,0,11,107409,0,0,208677936,133232010,401390576,0,0,31850,1,1,0,679321,679321,0,0,679321,31850,8.28,0.9
498,2026-05-16 09:47:08,4,q22,0,6,42,56589,56545,118400,117995,109,79,0,52,0,70,4629178,0,0,1753344224,133232010,400049120,0,0,612866,68,68,0,25729614,25729614,0,0,25729614,612866,2.09,56.59
499,2026-05-16 09:48:06,4,q22a,0,10,66,3305,3690,14422,13091,112,124,0,70,0,1182,4629135,0,0,5660862736,133232010,400255984,0,0,918610,160,160,0,45113549,45113549,0,0,14511781,306922,4.36,3.3
500,2026-05-16 09:48:10,4,q23a,0,18,194,5824,10762,74562,69923,200,231,17,807,0,3139,6575869,0,0,12650385656,108664016,674578880,0,0,43897022,644,644,0,1114819545,1114819545,0,0,1084928778,41990015,12.8,5.82
501,2026-05-16 09:48:17,4,q23b,0,21,220,6291,12250,82307,75984,295,299,1,602,0,3838,6575869,0,0,25625726792,109164016,688634368,0,0,48673518,1314,1314,0,1200059106,1200059106,0,0,1097299361,42452497,13.08,6.29
502,2026-05-16 09:48:24,4,q24,0,8,64,2298,3274,28385,26530,55,72,3,210,0,1464,20636822,0,0,7068696000,32530235,307068176,0,0,29735885,340,340,0,678254112,678254112,0,0,678254112,29735885,12.35,2.3
503,2026-05-16 09:48:28,4,q24a,0,13,86,3638,4465,43223,41307,102,101,5,144,0,1697,18087253,0,0,16497845272,32632235,309614808,0,0,59478907,712,712,0,1357451922,1357451922,0,0,679197810,29743022,11.88,3.64
504,2026-05-16 09:48:33,4,q24b,0,13,86,2901,3692,32175,31310,108,109,16,195,0,1751,18087296,0,0,15891776752,32632235,309614808,0,0,59478765,700,700,0,1357428154,1357428154,0,0,679174042,29742880,11.09,2.9
505,2026-05-16 09:48:37,4,q25,0,10,95,4651,6739,62107,59717,78,104,1,416,0,2866,6944789,0,0,7880887560,46220660,464241788,0,0,45538038,800,800,0,1108759789,1108759789,0,0,1108759789,45538038,13.35,4.65
506,2026-05-16 09:48:42,4,q26,0,6,35,943,975,7405,6420,40,40,0,96,0,114,782422,0,0,475734776,16443725,234711024,0,0,33482,3,3,0,1124909,1124909,0,0,1124909,33482,7.85,0.94
507,2026-05-16 09:48:44,4,q27,0,7,37,960,990,8207,8038,57,58,0,0,0,112,782379,0,0,1080698912,30843403,365429536,0,0,58884,22,22,0,2218125,2218125,0,0,2218125,58884,8.55,0.96
508,2026-05-16 09:48:46,4,q27a,0,11,81,1880,4237,24920,23824,79,94,0,0,0,304,782465,0,0,1806596672,88546507,1043660596,0,0,60793,43,43,0,2451360,2451360,0,0,2451360,60793,13.26,1.88
509,2026-05-16 09:48:49,4,q28,0,18,132,1835,9550,26580,23313,140,158,4,352,0,1692,57030,0,0,4462213584,172803006,1357446288,0,0,470650,66,66,0,7692048,7692048,0,0,7692048,470650,14.49,1.84
510,2026-05-16 09:48:52,4,q29,0,11,96,4525,6681,58983,56663,91,114,1,400,0,3108,6944789,0,0,7880995000,46240660,366365388,0,0,45538045,805,805,0,1089147078,1089147078,0,0,1089147078,45538045,13.03,4.53
511,2026-05-16 09:48:58,4,q30,0,11,51,712,1395,1785,1586,80,75,0,0,0,124,1992893,0,0,1012759832,2460548,94235280,0,0,755089,7,7,0,59269674,59269674,0,0,59269674,755089,2.51,0.71
512,2026-05-16 09:48:59,4,q31,0,19,125,1779,7449,21406,19046,130,149,0,0,0,1192,3832889,0,0,3909660152,108311767,630486736,0,0,74049,45,45,0,2557945,2557945,0,0,2449059,72209,12.03,1.78
513,2026-05-16 09:49:02,4,q32,0,7,46,463,810,5557,5223,35,46,0,0,0,45,703508,0,0,120389400,28922850,245320744,0,0,55420,12,12,0,760429,760429,0,0,760429,55420,12.0,0.46
514,2026-05-16 09:49:04,4,q33,0,9,68,970,2023,10569,9827,89,98,0,0,0,254,889109,0,0,1187094680,50875014,451799976,0,0,17063,18,18,0,450453,450453,0,0,450453,17063,10.9,0.97
515,2026-05-16 09:49:06,4,q34,0,8,32,585,781,4690,4552,33,38,2,0,0,125,16394969,0,0,480760000,29327803,103214828,0,0,20445,21,21,0,646759,646759,0,0,351165,10675,8.02,0.58
516,2026-05-16 09:49:08,4,q35,0,10,92,1085,2080,9310,7851,44,78,2,304,0,717,23973725,0,0,8159872040,53091814,196286252,0,0,6056644,255,255,0,16002181,16002181,0,0,16002181,6056644,8.58,1.08
517,2026-05-16 09:49:10,4,q35a,0,9,92,969,1546,7273,6785,41,81,1,0,0,579,23973725,0,0,7371343176,53091814,196286252,0,0,6053558,255,255,0,16010477,16010477,0,0,16010477,6053558,7.51,0.97
518,2026-05-16 09:49:12,4,q36,0,6,26,750,715,6013,5840,42,43,0,0,0,73,1857112,0,0,1036986400,28922603,310110284,0,0,1769,11,11,0,138561,138561,0,0,138561,1769,8.02,0.75
519,2026-05-16 09:49:13,4,q36a,0,9,31,729,667,5125,4974,41,45,0,0,0,88,1857112,0,0,1575954272,28922603,310110284,0,0,4798,36,36,0,397299,397299,0,0,147261,1822,7.03,0.73
520,2026-05-16 09:49:15,4,q37,0,6,61,1062,1407,10386,9710,47,58,0,90,0,358,157657,0,0,886656304,147632425,477965736,0,0,4316414,180,180,0,64485606,64485606,0,0,64485606,14400617,9.78,1.06
521,2026-05-16 09:49:17,4,q38,0,10,103,1586,3443,19212,15809,136,135,1,0,0,1589,12765592,0,0,8161428680,50921014,168240424,0,0,1694835,473,473,0,44530328,44530328,0,0,44530328,1694835,12.11,1.59
522,2026-05-16 09:49:20,4,q39a,0,12,71,1894,3574,21754,19652,110,120,0,352,0,841,801878,0,0,2062236424,266362010,795492552,0,0,1129925,56,56,0,27117544,27117544,0,0,26113005,1093917,11.49,1.89
523,2026-05-16 09:49:23,4,q39b,0,12,71,1624,3069,19022,18241,101,119,0,192,0,429,798149,0,0,2062236424,266362010,795492552,0,0,1058875,56,56,0,25171608,25171608,0,0,25081527,1057496,11.71,1.62
524,2026-05-16 09:49:26,4,q40,0,7,57,1632,2009,19650,18558,60,66,0,0,0,1171,173485,0,0,4141621464,15962317,186621472,0,0,15748014,357,357,0,309656666,309656666,0,0,309656666,15748014,12.04,1.63
525,2026-05-16 09:49:28,4,q41,0,4,6,154,127,137,121,7,7,0,0,0,7,12426,0,0,202903480,204000,8796048,0,0,140,2,2,0,9680,9680,0,0,9680,140,0.89,0.15
526,2026-05-16 09:49:30,4,q42,0,4,24,403,390,3322,3182,36,36,0,0,0,24,91340,0,0,786960824,28922501,215571504,0,0,110,10,10,0,9116,9116,0,0,9116,110,8.24,0.4
527,2026-05-16 09:49:31,4,q43,0,4,23,521,497,4559,3883,32,33,0,210,0,28,92028,0,0,114629704,28820603,122517996,0,0,210,10,10,0,27084,27084,0,0,27084,210,8.75,0.52
528,2026-05-16 09:49:33,4,q44,0,8,55,620,677,5060,4751,61,70,0,0,0,142,1663841,0,0,1589568808,57703002,359682040,0,0,795972,120,120,0,10069011,10069011,0,0,5035816,398046,8.16,0.62
529,2026-05-16 09:49:34,4,q45,0,7,31,595,636,2034,1927,40,35,0,0,0,8,5019183,0,0,2126545808,8092088,102358216,0,0,29,4,4,0,2649,2649,0,0,2649,29,3.42,0.6
530,2026-05-16 09:49:36,4,q46,0,7,32,833,954,6565,6380,47,50,1,0,0,130,15301537,0,0,1039122784,29577803,236324380,0,0,27956,10,10,0,1371108,1371108,0,0,1371108,27956,7.88,0.83
531,2026-05-16 09:49:38,4,q47,0,11,86,1591,2269,17103,14573,160,155,0,0,0,2134,2306610,0,0,6656509880,28922603,204502452,0,0,2665245,787,787,0,105359658,105359658,0,0,61755714,1560722,10.75,1.59
532,2026-05-16 09:49:40,4,q48,0,6,35,1257,1304,10717,9973,22,27,0,280,0,108,1323718,0,0,669220160,30991403,297217008,0,0,20,20,20,0,1160,1160,0,0,1160,20,8.53,1.26
533,2026-05-16 09:49:43,4,q49,0,16,143,1628,5766,21021,18225,109,148,1,656,0,1869,231020,0,0,4918749864,55458802,783241944,0,0,12389987,58,58,0,273846553,273846553,0,0,273846553,12389987,12.91,1.63
534,2026-05-16 09:49:45,4,q50,0,7,56,2177,2640,27135,25796,51,63,0,0,0,1364,370352,0,0,4687124776,31771284,223321004,0,0,29262054,357,357,0,629536939,629536939,0,0,629536939,29262054,12.46,2.18
535,2026-05-16 09:49:49,4,q51,0,10,140,2837,4108,38621,34677,181,207,0,496,0,3635,299557,0,0,9977043664,36020589,264732640,0,0,24415841,1679,1679,0,420200401,420200401,0,0,420200401,24415841,13.61,2.84
536,2026-05-16 09:49:53,4,q51a,0,14,206,20603,24316,269336,256876,308,349,0,2519,0,3790,459272,0,0,26932512032,36020589,264732640,0,0,47531016,2587,2587,0,789082482,789082482,0,0,575698989,36069050,13.07,20.6
537,2026-05-16 09:50:14,4,q52,0,4,24,462,450,3832,3701,37,39,0,0,0,104,91340,0,0,786960824,28922501,215702576,0,0,4250,10,10,0,266731,266731,0,0,266731,4250,8.29,0.46
538,2026-05-16 09:50:16,4,q53,0,6,26,560,540,4224,3867,39,38,0,78,0,131,108699,0,0,208086096,28922603,205178292,0,0,31394,11,11,0,661862,661862,0,0,661862,31394,7.54,0.56
539,2026-05-16 09:50:17,4,q54,0,15,93,1337,2393,16667,15828,106,123,0,0,0,710,5019183,0,0,2716105496,51386165,328139844,0,0,26873209,179,179,0,252845431,252845431,0,0,252845431,26873209,12.47,1.34
540,2026-05-16 09:50:20,4,q55,0,4,24,391,381,3136,3000,37,36,0,0,0,96,91297,0,0,786960824,28922501,215702576,0,0,3448,10,10,0,211879,211879,0,0,211879,3448,8.02,0.39
541,2026-05-16 09:50:21,4,q56,0,9,68,814,1679,7494,6988,89,100,0,0,0,352,463898,0,0,1175692536,50875014,452062120,0,0,10844,18,18,0,393253,393253,0,0,393253,10844,9.21,0.81
542,2026-05-16 09:50:23,4,q57,0,11,67,1726,2402,13988,11904,121,116,0,346,0,961,2306610,0,0,5374089408,14522449,120588172,0,0,1160477,378,378,0,45143877,45143877,0,0,33403525,851478,8.1,1.73
543,2026-05-16 09:50:26,4,q58,0,11,67,996,1975,9632,8740,87,99,0,0,0,415,782379,0,0,2221524408,50669112,416052560,0,0,247081,27,27,0,3686832,3686832,0,0,3686832,247081,9.67,1.0
544,2026-05-16 09:50:28,4,q59,0,10,39,970,1032,6567,6289,45,52,0,0,0,327,751663,0,0,1673170840,28913754,127746064,0,0,304460,132,132,0,12848225,12848225,0,0,6671249,170845,6.77,0.97
545,2026-05-16 09:50:30,4,q60,0,9,68,845,1752,8123,7169,85,97,0,0,0,581,463898,0,0,1671759920,50875014,451996584,0,0,78428,19,19,0,1556649,1556649,0,0,1556649,78428,9.61,0.84
546,2026-05-16 09:50:32,4,q61,0,10,55,968,1622,11089,10548,24,39,0,0,0,6,5019183,0,0,1246748000,58473604,521203004,0,0,40,40,40,0,2319,2319,0,0,2319,40,11.46,0.97
547,2026-05-16 09:50:34,4,q62,0,6,22,469,460,1985,1610,27,29,0,176,0,37,106113,0,0,143190168,7220160,63239520,0,0,1680,4,4,0,144678,144678,0,0,144678,1680,4.23,0.47
548,2026-05-16 09:50:35,4,q63,0,6,26,500,481,3767,3662,41,43,0,0,0,133,108140,0,0,208020560,28922603,205182388,0,0,12917,11,11,0,338305,338305,0,0,338305,12917,7.53,0.5
549,2026-05-16 09:50:37,4,q64,0,23,177,6873,14959,96853,89748,223,260,5,432,0,5215,13538242,0,0,35890420816,50412111,690642964,0,0,52026303,2318,2318,0,1952932789,1952932789,0,0,1806179638,48487731,14.09,6.87
550,2026-05-16 09:50:45,4,q65,0,10,97,1783,3207,25501,22322,133,140,1,368,0,2278,9163347,0,0,6116202576,57723104,403918796,0,0,11880061,391,391,0,391199918,391199918,0,0,391199918,11880061,14.3,1.78
551,2026-05-16 09:50:48,4,q66,0,8,44,1188,1763,10760,9720,104,104,0,0,0,23,147441,0,0,980144136,21660543,258844624,0,0,90,9,9,0,47940,47940,0,0,47940,90,9.06,1.19
552,2026-05-16 09:50:50,4,q67,0,6,42,6791,6740,72964,71285,74,78,0,554,0,1685,4629135,0,0,7594451448,28922603,231515572,0,0,11548825,187,187,0,866159379,866159379,0,0,866159379,11548825,10.74,6.79
553,2026-05-16 09:50:58,4,q67a,0,14,183,10644,36814,141237,132050,343,366,0,795,0,5595,4629135,0,0,26569738752,28922603,231515572,0,0,55551436,1700,1700,0,4120617224,4120617224,0,0,900588536,13218740,13.27,10.64
554,2026-05-16 09:51:10,4,q68,0,7,32,980,1107,7945,7752,47,47,7,0,0,105,15301537,0,0,568481352,29577803,365471260,0,0,6174,10,10,0,436284,436284,0,0,436284,6174,8.11,0.98
555,2026-05-16 09:51:12,4,q69,0,11,87,849,1649,6187,5114,25,60,2,0,0,877,28676418,0,0,3807965440,53091814,196425516,0,0,1902033,101,101,0,9547581,9547581,0,0,9547581,1902033,7.29,0.85
556,2026-05-16 09:51:14,4,q70,0,9,47,862,809,6792,6555,76,82,0,0,0,42,209640,0,0,1101810584,57621206,284462472,0,0,209,22,22,0,10316,10316,0,0,10316,209,7.88,0.86
557,2026-05-16 09:51:16,4,q70a,0,12,52,842,745,5941,5712,87,89,0,0,0,45,208520,0,0,902580896,57621206,284462472,0,0,240,47,47,0,14125,14125,0,0,8085,180,7.06,0.84
558,2026-05-16 09:51:18,4,q71,0,7,64,931,896,10240,9589,84,103,3,0,0,201,373339,0,0,960488296,50563014,434905632,0,0,32249,31,31,0,1647863,1647863,0,0,994723,21130,11.0,0.93
559,2026-05-16 09:51:20,4,q72,0,14,113,18993,20769,248409,242787,108,134,0,1312,0,3981,13126023,0,0,25673044504,151146915,635734336,0,0,140763211,855,855,0,2028503693,2028503693,0,0,2028503693,140763211,13.08,18.99
560,2026-05-16 09:51:40,4,q73,0,8,32,450,645,3730,3580,35,38,2,0,0,91,16394969,0,0,480153792,29327803,103214828,0,0,5455,21,21,0,264512,264512,0,0,132562,2732,8.29,0.45
561,2026-05-16 09:51:41,4,q74,0,13,137,2065,6197,26061,21989,185,193,1,144,0,2162,15491653,0,0,14068734504,72541178,433104896,0,0,1763111,822,822,0,58846938,58846938,0,0,58846938,1763111,12.62,2.06
562,2026-05-16 09:51:45,4,q75,0,17,229,2868,7532,42939,35713,230,304,2,368,0,4382,13514234,0,0,15771435216,105981816,1098501000,0,0,12427816,1276,1276,0,277137683,277137683,0,0,191422138,8110302,14.97,2.87
563,2026-05-16 09:51:48,4,q76,0,4,61,785,753,10228,9004,100,106,3,192,0,224,917299,0,0,2250898352,50576063,437110960,0,0,3127,24,24,0,261039,261039,0,0,261039,3127,13.03,0.78
564,2026-05-16 09:51:50,4,q77,0,14,109,1076,4629,12915,11769,117,135,0,0,0,165,91340,0,0,868584744,55459104,584031532,0,0,1757,44,44,0,120257,120257,0,0,120257,1757,12.0,1.08
565,2026-05-16 09:51:52,4,q77a,0,17,114,1367,5411,15386,13158,128,145,0,208,0,208,91770,0,0,1407552616,55459104,584031532,0,0,2221,55,55,0,176374,176374,0,0,134878,1891,11.26,1.37
566,2026-05-16 09:51:55,4,q78,0,10,135,4966,8811,69733,64688,197,198,1,356,0,3338,13125937,0,0,20059149184,55458802,716444376,0,0,38475571,748,748,0,1135565412,1135565412,0,0,1135565412,38475571,14.04,4.97
567,2026-05-16 09:52:01,4,q79,0,7,32,796,917,6735,6535,53,50,1,0,0,122,12765592,0,0,952877472,29327803,230420268,0,0,80366,22,22,0,2983084,2983084,0,0,2983084,80366,8.46,0.8
568,2026-05-16 09:52:03,4,q80,0,16,144,6175,15698,95124,90339,121,173,23,416,0,4407,14436157,0,0,12447675392,55573446,832461376,0,0,45134851,721,721,0,1331351661,1331351661,0,0,1331351661,45134851,15.4,6.18
569,2026-05-16 09:52:10,4,q80a,0,19,149,5881,14404,84711,80791,151,186,2,512,0,3771,14436243,0,0,12919534424,55573446,832461376,0,0,45135808,732,732,0,1331467254,1331467254,0,0,1331364504,45134782,14.4,5.88
570,2026-05-16 09:52:17,4,q81,0,11,54,697,1339,5788,5040,57,63,3,0,0,152,20721956,0,0,2470448864,3899764,133968976,0,0,805182,43,43,0,12400572,12400572,0,0,12400572,805182,8.3,0.7
571,2026-05-16 09:52:19,4,q82,0,6,61,1400,2026,14669,13476,55,62,0,208,0,573,158044,0,0,1658418336,162032501,518298296,0,0,13778665,194,194,0,137239500,137239500,0,0,137239500,28800829,10.48,1.4
572,2026-05-16 09:52:22,4,q83,0,10,50,585,1287,5878,5337,59,57,1,0,0,297,782379,0,0,1251194744,5358935,133289128,0,0,43961,14,14,0,759663,759663,0,0,759663,43961,10.05,0.58
573,2026-05-16 09:52:23,4,q84,0,7,36,638,417,1547,1354,14,24,0,0,0,0,14823393,0,0,1009709760,5555652,92598792,0,0,100,1,1,0,1865,1865,0,0,1865,100,2.42,0.64
574,2026-05-16 09:52:25,4,q85,0,9,55,1230,1350,4532,4179,46,60,2,60,0,6,24325038,0,0,9179235800,12032207,198061044,0,0,13,3,3,0,1363,1363,0,0,1363,13,3.68,1.23
575,2026-05-16 09:52:27,4,q86,0,5,22,417,374,1480,1277,27,25,0,0,0,29,1857112,0,0,581791072,7322088,81805712,0,0,816,5,5,0,54738,54738,0,0,54738,816,3.55,0.42
576,2026-05-16 09:52:29,4,q86a,0,8,27,429,368,1259,1132,26,31,0,0,0,41,1857112,0,0,1120758808,7322088,81805712,0,0,2119,18,18,0,157705,157705,0,0,66561,929,2.93,0.43
577,2026-05-16 09:52:30,4,q87,0,10,103,1738,3887,21002,17283,127,130,1,0,0,1512,12765592,0,0,8161428680,50921014,168240424,0,0,1694835,473,473,0,44530328,44530328,0,0,44530328,1694835,12.08,1.74
578,2026-05-16 09:52:33,4,q88,0,26,178,1318,7814,18614,16919,32,95,13,143,0,26,45926,0,0,514952960,230611310,528085700,0,0,160,160,160,0,9200,9200,0,0,9200,160,14.12,1.32
579,2026-05-16 09:52:35,4,q89,0,6,27,584,564,4309,4129,37,42,0,0,0,149,108570,0,0,946676392,28922603,204842420,0,0,49975,22,22,0,2298433,2298433,0,0,2298433,49975,7.38,0.58
580,2026-05-16 09:52:37,4,q90,0,8,40,209,353,1389,1308,12,21,0,0,0,4,38878,0,0,110071328,14447576,93499260,0,0,34,34,34,0,1928,1928,0,0,1928,34,6.65,0.21
581,2026-05-16 09:52:38,4,q91,0,10,39,458,517,2647,2491,36,39,0,0,0,4,9531965,0,0,1037410344,4137906,95426260,0,0,53,5,5,0,7711,7711,0,0,4761,34,5.78,0.46
582,2026-05-16 09:52:40,4,q92,0,7,40,366,599,2122,1926,27,34,0,0,0,66,703941,0,0,113358480,14522176,157872392,0,0,135661,9,9,0,1837430,1837430,0,0,1837430,135661,5.8,0.37
583,2026-05-16 09:52:41,4,q93,0,5,54,3840,4246,46594,45405,46,55,0,0,0,1673,143973,0,0,5766380072,31678178,287688508,0,0,31635854,357,357,0,754631060,754631060,0,0,754631060,31635854,12.13,3.84
584,2026-05-16 09:52:46,4,q94,0,8,68,1542,2036,15314,14435,54,66,0,0,0,383,2563968,0,0,3571011840,15390492,167770608,0,0,14397040,153,153,0,217756751,217756751,0,0,217756751,14397040,9.93,1.54
585,2026-05-16 09:52:49,4,q95,0,8,68,3806,4418,48268,44087,72,73,0,909,0,372,2564640,0,0,14560086280,15390492,165505520,0,0,35990240,357,357,0,319472623,319472623,0,0,196649755,14395274,12.68,3.81
586,2026-05-16 09:52:53,4,q96,0,5,24,238,237,1951,1915,10,13,0,0,0,2,45840,0,0,63872480,28827803,67807756,0,0,20,20,20,0,1150,1150,0,0,1150,20,8.2,0.24
587,2026-05-16 09:52:55,4,q97,0,5,59,1723,2261,20562,18839,71,79,0,128,0,280,161253,0,0,6212927976,43220926,231386480,0,0,8377699,238,238,0,96908300,96908300,0,0,96908300,8377699,11.93,1.72
588,2026-05-16 09:52:57,4,q98,0,7,35,791,711,4618,4313,60,55,3,80,0,192,3268117,0,0,1690376016,28922501,219647024,0,0,106186,98,98,0,14471806,14471806,0,0,12501113,91022,5.84,0.79
589,2026-05-16 09:52:59,4,q99,0,6,25,595,582,3231,3048,31,32,0,0,0,31,124037,0,0,156567144,14420479,77633364,0,0,2160,3,3,0,173855,173855,0,0,173855,2160,5.43,0.6
590,2026-05-16 09:53:01,5,q1,0,10,62,703,1287,8705,7194,86,66,0,96,0,865,5073369,0,0,3337334424,6275366,134988172,0,0,1611249,182,182,0,25346729,25346729,0,0,25346729,1611249,12.38,0.7
591,2026-05-16 09:53:03,5,q2,0,9,45,726,644,5921,4550,54,60,0,251,0,75,751663,0,0,461108944,21713562,145153904,0,0,6838,44,44,0,352525,352525,0,0,127373,4198,8.16,0.73
592,2026-05-16 09:53:04,5,q3,0,4,24,352,340,2940,2675,35,37,0,0,0,139,91340,0,0,119963624,28975550,215710768,0,0,2998,10,10,0,206438,206438,0,0,206438,2998,8.35,0.35
593,2026-05-16 09:53:06,5,q4,0,19,228,5193,22942,68473,58614,402,419,3,1506,0,3517,36928978,0,0,30989812144,101342028,1449116176,0,0,2983909,1665,1665,0,192634309,192634309,0,0,192634309,2983909,13.19,5.19
594,2026-05-16 09:53:12,5,q5,0,10,124,1445,2909,18480,16576,154,184,4,0,0,220,16637493,0,0,2431651760,62671034,661741556,0,0,3992,34,34,0,260576,260576,0,0,260576,3992,12.79,1.44
595,2026-05-16 09:53:15,5,q5a,0,13,129,1465,2807,16875,14995,166,195,2,352,0,204,16637536,0,0,2970619632,62671034,661741556,0,0,5938,44,44,0,419375,419375,0,0,286145,4114,11.52,1.46
596,2026-05-16 09:53:17,5,q6,0,11,54,1524,2008,18635,17910,49,61,0,0,0,546,2111118,0,0,5012926032,29847550,168877496,0,0,27358702,206,206,0,240333811,240333811,0,0,240333811,27358702,12.23,1.52
597,2026-05-16 09:53:20,5,q7,0,7,37,1163,1201,10043,9854,45,50,0,0,0,117,782379,0,0,1080238624,30843801,393155840,0,0,71861,22,22,0,2549492,2549492,0,0,2549492,71861,8.64,1.16
598,2026-05-16 09:53:22,5,q8,0,10,36,798,744,5280,5160,54,58,0,0,0,38,2361205,0,0,1773265248,29820603,164053132,0,0,6731,13,13,0,84406,84406,0,0,84406,6731,6.62,0.8
599,2026-05-16 09:53:24,5,q9,0,11,106,1020,4368,14407,12223,82,79,0,312,0,26,42136,0,0,0,144002550,874996780,0,0,100,100,100,0,6957,6957,0,0,6957,100,14.12,1.02
600,2026-05-16 09:53:26,5,q10,0,13,98,902,2334,9667,8553,32,74,0,0,0,944,592058,0,0,1549657768,53091814,196622124,0,0,4321867,122,122,0,66501043,66501043,0,0,66501043,4321867,10.72,0.9
601,2026-05-16 09:53:28,5,q10a,0,10,97,614,1322,6459,6104,33,77,0,0,0,748,154690,0,0,2065069744,53091814,196622124,0,0,4289247,173,173,0,66460060,66460060,0,0,66460060,4289247,10.52,0.61
602,2026-05-16 09:53:30,5,q11,0,15,153,2537,6933,29046,24855,229,235,3,496,0,3088,36928978,0,0,20231215248,72541178,546342912,0,0,1976060,990,990,0,121162579,121162579,0,0,121162579,1976060,11.45,2.54
603,2026-05-16 09:53:33,5,q12,0,5,23,454,410,1341,1188,23,26,0,0,0,53,3268117,0,0,649575248,7322088,85860752,0,0,29116,10,10,0,3907483,3907483,0,0,3907483,29116,2.95,0.45
604,2026-05-16 09:53:35,5,q13,0,7,36,1296,1358,11627,11458,20,26,0,0,0,5,1303376,0,0,691209280,30998603,479987220,0,0,20,20,20,0,1371,1371,0,0,1371,20,8.97,1.3
605,2026-05-16 09:53:37,5,q14a,0,30,280,6049,12312,62375,56144,346,398,0,1264,0,3163,1189316,0,0,9940144464,151671042,990848472,0,0,62586107,342,342,0,877743160,877743160,0,0,874734576,62499583,10.31,6.05
606,2026-05-16 09:53:45,5,q14b,0,24,217,4050,7125,47813,44178,287,296,0,1123,0,2234,1189316,0,0,8458015920,130216627,791340536,0,0,68363018,316,316,0,1013219464,1013219464,0,0,529302342,40855811,11.81,4.05
607,2026-05-16 09:53:51,5,q14,0,24,214,3228,5893,37036,35516,279,323,0,720,0,2121,1162249,0,0,7574558088,130216627,791340536,0,0,68273663,281,281,0,1004568545,1004568545,0,0,520651423,40766456,11.47,3.23
608,2026-05-16 09:53:55,5,q15,0,5,30,761,738,5389,5140,28,36,0,72,0,9,5019183,0,0,951797424,15170425,109597384,0,0,502,1,1,0,18324,18324,0,0,18324,502,7.08,0.76
609,2026-05-16 09:53:57,5,q16,0,8,77,1793,2829,24682,23206,61,80,0,0,0,1097,5380954,0,0,4852315440,30510756,276801092,0,0,28674690,357,357,0,416261641,416261641,0,0,416261641,28674690,13.77,1.79
610,2026-05-16 09:54:00,5,q17,0,10,95,4602,6610,60998,57459,84,112,1,473,0,2671,6944789,0,0,7880912176,46220660,364127356,0,0,45538041,803,803,0,1089146303,1089146303,0,0,1089146303,45538041,13.25,4.6
611,2026-05-16 09:54:05,5,q18,0,9,55,1119,1244,6422,6137,62,71,0,0,0,25,9716301,0,0,3074056776,19114025,322004024,0,0,55958,9,9,0,3984849,3984849,0,0,3984849,55958,5.74,1.12
612,2026-05-16 09:54:07,5,q18a,0,17,145,3029,9458,36652,32243,198,224,0,688,0,186,9716344,0,0,14494187648,77567725,1345911216,0,0,63894,37,37,0,4339335,4339335,0,0,4339335,63894,12.1,3.03
613,2026-05-16 09:54:12,5,q19,0,7,33,798,786,5787,5621,40,46,0,0,0,111,5019183,0,0,1599037304,29672603,255771940,0,0,7397,10,10,0,541770,541770,0,0,541770,7397,7.25,0.8
614,2026-05-16 09:54:13,5,q20,0,5,25,437,396,1902,1762,34,36,0,0,0,17,3268117,0,0,412686616,14522425,129793824,0,0,28486,2,2,0,3491832,3491832,0,0,3491832,28486,4.35,0.44
615,2026-05-16 09:54:15,5,q21,0,5,25,861,848,7172,7039,46,48,0,0,0,11,106979,0,0,208677936,133232010,401390576,0,0,31850,1,1,0,679321,679321,0,0,679321,31850,8.33,0.86
616,2026-05-16 09:54:17,5,q22,0,6,42,55730,55685,116856,116327,106,80,0,168,0,64,4629135,0,0,1753344224,133232010,400049120,0,0,612866,68,68,0,25729614,25729614,0,0,25729614,612866,2.1,55.73
617,2026-05-16 09:55:14,5,q22a,0,10,66,3333,3749,15511,14205,113,125,0,10,0,1243,4629135,0,0,5660862736,133232010,400255984,0,0,918610,160,160,0,45113549,45113549,0,0,14511781,306922,4.65,3.33
618,2026-05-16 09:55:18,5,q23a,0,18,194,5874,10709,74737,69851,215,227,1,616,0,3477,6575826,0,0,12650385656,108664016,674578880,0,0,43897022,644,644,0,1114819545,1114819545,0,0,1084928778,41990015,12.72,5.87
619,2026-05-16 09:55:25,5,q23b,0,21,220,6662,11394,80350,73492,300,318,1,914,0,3699,6575826,0,0,25625726792,109164016,688634368,0,0,48673518,1314,1314,0,1200059106,1200059106,0,0,1097299361,42452497,12.06,6.66
620,2026-05-16 09:55:33,5,q24,0,8,64,2303,3762,29022,27026,52,62,4,0,0,1701,20636822,0,0,7068696000,32530235,307068176,0,0,29735885,340,340,0,678254112,678254112,0,0,678254112,29735885,12.6,2.3
621,2026-05-16 09:55:36,5,q24a,0,13,86,3711,4762,45708,43553,102,104,21,583,0,1768,18087339,0,0,16497845272,32632235,309614808,0,0,59478907,712,712,0,1357451922,1357451922,0,0,679197810,29743022,12.32,3.71
622,2026-05-16 09:55:41,5,q24b,0,13,86,2965,3677,32694,30566,124,104,3,140,0,1860,18087296,0,0,15891776752,32632235,309614808,0,0,59478765,700,700,0,1357428154,1357428154,0,0,679174042,29742880,11.03,2.96
623,2026-05-16 09:55:45,5,q25,0,10,95,4571,6819,60661,57638,79,105,1,736,0,2714,6944875,0,0,7880887560,46220660,464241788,0,0,45538038,800,800,0,1108759789,1108759789,0,0,1108759789,45538038,13.27,4.57
624,2026-05-16 09:55:51,5,q26,0,6,35,655,694,4615,4424,50,54,0,0,0,33,782379,0,0,475734776,16443725,234711024,0,0,33482,3,3,0,1124909,1124909,0,0,1124909,33482,7.05,0.66
625,2026-05-16 09:55:52,5,q27,0,7,37,896,916,7456,7277,48,53,0,0,0,117,782379,0,0,1080698912,30843403,365429536,0,0,58884,22,22,0,2218125,2218125,0,0,2218125,58884,8.32,0.9
626,2026-05-16 09:55:54,5,q27a,0,11,81,1810,3798,22696,21372,86,96,0,120,0,443,782379,0,0,1806596672,88546507,1043660596,0,0,60793,43,43,0,2451360,2451360,0,0,2451360,60793,12.54,1.81
627,2026-05-16 09:55:57,5,q28,0,18,132,1813,9384,26035,22882,140,155,0,0,0,1842,56600,0,0,4462213584,172803006,1357446288,0,0,470650,66,66,0,7692048,7692048,0,0,7692048,470650,14.36,1.81
628,2026-05-16 09:56:00,5,q29,0,11,96,4451,6620,58969,56506,88,109,1,896,0,2746,6944789,0,0,7880995000,46240660,366365388,0,0,45538045,805,805,0,1089147078,1089147078,0,0,1089147078,45538045,13.25,4.45
629,2026-05-16 09:56:06,5,q30,0,11,51,686,1357,1740,1572,76,77,0,0,0,110,1992893,0,0,1012759832,2460548,94235280,0,0,755089,7,7,0,59269674,59269674,0,0,59269674,755089,2.54,0.69
630,2026-05-16 09:56:07,5,q31,0,19,125,1588,6657,19182,16901,133,154,1,0,0,1039,3832889,0,0,3976834528,108311767,630486736,0,0,74061,45,45,0,2501087,2501087,0,0,2420630,72215,12.08,1.59
631,2026-05-16 09:56:10,5,q32,0,7,46,493,867,5684,4667,40,44,0,336,0,52,703508,0,0,120389400,28922850,245320744,0,0,55420,12,12,0,760429,760429,0,0,760429,55420,11.53,0.49
632,2026-05-16 09:56:12,5,q33,0,9,68,896,1744,8399,7642,92,101,0,0,0,532,889109,0,0,1187094680,50875014,451799976,0,0,17063,18,18,0,450453,450453,0,0,450453,17063,9.37,0.9
633,2026-05-16 09:56:13,5,q34,0,8,32,470,654,3545,3395,35,38,2,0,0,132,16394969,0,0,480760000,29327803,103214828,0,0,20445,21,21,0,646759,646759,0,0,351165,10675,7.54,0.47
634,2026-05-16 09:56:15,5,q35,0,10,92,1051,1852,8708,7451,39,77,3,0,0,845,23973768,0,0,8159872040,53091814,196286252,0,0,6056644,255,255,0,16002181,16002181,0,0,16002181,6056644,8.29,1.05
635,2026-05-16 09:56:17,5,q35a,0,9,92,966,1508,7584,6452,41,83,0,456,0,975,23973725,0,0,7371343176,53091814,196286252,0,0,6053558,255,255,0,16010477,16010477,0,0,16010477,6053558,7.85,0.97
636,2026-05-16 09:56:19,5,q36,0,6,26,761,724,6053,5878,38,41,0,0,0,77,1857112,0,0,1036986400,28922603,310110284,0,0,1769,11,11,0,138561,138561,0,0,138561,1769,7.95,0.76
637,2026-05-16 09:56:21,5,q36a,0,9,31,780,718,5472,5226,49,52,0,0,0,163,1857112,0,0,1575954272,28922603,310110284,0,0,4798,36,36,0,397299,397299,0,0,147261,1822,7.02,0.78
638,2026-05-16 09:56:23,5,q37,0,6,61,1020,1340,9572,9095,46,57,0,0,0,375,157657,0,0,886656304,147632425,477965736,0,0,4316414,180,180,0,64485606,64485606,0,0,64485606,14400617,9.38,1.02
639,2026-05-16 09:56:25,5,q38,0,10,103,1647,3514,19263,14693,127,132,1,276,0,1791,12765592,0,0,8161428680,50921014,168240424,0,0,1694835,473,473,0,44530328,44530328,0,0,44530328,1694835,11.7,1.65
640,2026-05-16 09:56:28,5,q39a,0,12,71,1990,3753,23194,21476,116,127,0,0,0,796,801878,0,0,2062236424,266362010,795492552,0,0,1129925,56,56,0,27117544,27117544,0,0,26113005,1093917,11.66,1.99
641,2026-05-16 09:56:31,5,q39b,0,12,71,1619,3087,19175,18200,110,116,0,320,0,431,520274,0,0,2056076040,266362010,795492552,0,0,1093504,56,56,0,26086066,26086066,0,0,25081527,1057496,11.84,1.62
642,2026-05-16 09:56:33,5,q40,0,7,57,1482,1878,18244,17036,58,67,0,0,0,1207,173485,0,0,4141621464,15962317,186621472,0,0,15748014,357,357,0,309656666,309656666,0,0,309656666,15748014,12.31,1.48
643,2026-05-16 09:56:36,5,q41,0,4,6,156,123,133,118,7,7,0,0,0,7,12426,0,0,202903480,204000,8796048,0,0,140,2,2,0,9680,9680,0,0,9680,140,0.85,0.16
644,2026-05-16 09:56:37,5,q42,0,4,24,399,387,3377,3227,39,37,0,0,0,24,91340,0,0,786960824,28922501,215571504,0,0,110,10,10,0,9116,9116,0,0,9116,110,8.46,0.4
645,2026-05-16 09:56:38,5,q43,0,4,23,498,476,4290,4113,33,33,0,0,0,28,91340,0,0,114629704,28820603,122517996,0,0,210,10,10,0,27084,27084,0,0,27084,210,8.61,0.5
646,2026-05-16 09:56:40,5,q44,0,8,55,678,745,5781,5147,65,65,0,90,0,154,1663841,0,0,1589568808,57703002,359682040,0,0,795972,120,120,0,10069011,10069011,0,0,5035816,398046,8.53,0.68
647,2026-05-16 09:56:42,5,q45,0,7,31,622,662,2185,2063,31,34,0,0,0,8,5019183,0,0,2126545808,8092088,102358216,0,0,29,4,4,0,2649,2649,0,0,2649,29,3.51,0.62
648,2026-05-16 09:56:43,5,q46,0,6,31,768,895,6376,6190,51,48,2,0,0,129,15301537,0,0,914633720,29577803,236324380,0,0,0,0,0,0,0,0,0,0,1371108,27956,8.3,0.77
649,2026-05-16 09:56:45,5,q47,0,11,86,1625,2393,18071,15266,146,150,0,0,0,2195,2306610,0,0,6656509880,28922603,204502452,0,0,2665245,787,787,0,105359658,105359658,0,0,61755714,1560722,11.12,1.62
650,2026-05-16 09:56:48,5,q48,0,6,35,1147,1199,10289,9880,25,29,0,280,0,4,1323847,0,0,669220160,30991403,297217008,0,0,20,20,20,0,1160,1160,0,0,1160,20,8.97,1.15
651,2026-05-16 09:56:50,5,q49,0,16,143,1632,5983,21887,19024,108,153,0,608,0,1671,231020,0,0,4918749864,55458802,783241944,0,0,12389987,58,58,0,273846553,273846553,0,0,273846553,12389987,13.41,1.63
652,2026-05-16 09:56:53,5,q50,0,7,56,2225,2721,27462,26001,58,67,0,0,0,1605,370395,0,0,4687124776,31771284,223321004,0,0,29262054,357,357,0,629536939,629536939,0,0,629536939,29262054,12.34,2.22
653,2026-05-16 09:56:56,5,q51,0,10,140,2765,3976,37715,33941,175,211,3,255,0,3975,299557,0,0,9977043664,36020589,264732640,0,0,24415841,1679,1679,0,420200401,420200401,0,0,420200401,24415841,13.64,2.76
654,2026-05-16 09:57:00,5,q51a,0,14,206,20509,24467,270872,252223,304,361,0,2908,0,4530,459272,0,0,26932512032,36020589,264732640,0,0,47531016,2587,2587,0,789082482,789082482,0,0,575698989,36069050,13.21,20.51
655,2026-05-16 09:57:22,5,q52,0,4,24,422,409,3447,3314,33,35,0,0,0,105,91297,0,0,786960824,28922501,215702576,0,0,4250,10,10,0,266731,266731,0,0,266731,4250,8.17,0.42
656,2026-05-16 09:57:23,5,q53,0,6,26,496,479,3630,3524,40,40,0,0,0,131,108140,0,0,208086096,28922603,205178292,0,0,31394,11,11,0,661862,661862,0,0,661862,31394,7.32,0.5
657,2026-05-16 09:57:25,5,q54,0,15,93,1283,2317,16093,15249,106,126,0,0,0,658,5019226,0,0,2716105496,51386165,328139844,0,0,26873209,179,179,0,252845431,252845431,0,0,252845431,26873209,12.54,1.28
658,2026-05-16 09:57:27,5,q55,0,4,24,428,416,3398,3271,40,41,0,0,0,92,91340,0,0,786960824,28922501,215702576,0,0,3448,10,10,0,211879,211879,0,0,211879,3448,7.94,0.43
659,2026-05-16 09:57:28,5,q56,0,9,68,781,1613,7265,6770,95,105,1,0,0,368,463898,0,0,1175692536,50875014,452062120,0,0,10844,18,18,0,393253,393253,0,0,393253,10844,9.3,0.78
660,2026-05-16 09:57:30,5,q57,0,11,67,1449,2108,12886,10508,119,119,0,360,0,1115,2306610,0,0,5374089408,14522449,120588172,0,0,1160477,378,378,0,45143877,45143877,0,0,33403525,851478,8.89,1.45
661,2026-05-16 09:57:33,5,q58,0,11,67,956,1994,9606,8819,87,93,0,0,0,250,782379,0,0,2221524408,50669112,416052560,0,0,247081,27,27,0,3686832,3686832,0,0,3686832,247081,10.05,0.96
662,2026-05-16 09:57:35,5,q59,0,10,39,959,1017,6424,6146,48,54,0,0,0,319,751663,0,0,1673170840,28913754,127746064,0,0,304460,132,132,0,12848225,12848225,0,0,6671249,170845,6.7,0.96
663,2026-05-16 09:57:37,5,q60,0,9,68,935,1935,8960,7987,90,102,0,0,0,533,463898,0,0,1671759920,50875014,451996584,0,0,78428,19,19,0,1556649,1556649,0,0,1556649,78428,9.58,0.94
664,2026-05-16 09:57:39,5,q61,0,10,55,902,1435,9713,9331,22,37,0,0,0,6,5019183,0,0,1246748000,58473604,521203004,0,0,40,40,40,0,2319,2319,0,0,2319,40,10.77,0.9
665,2026-05-16 09:57:41,5,q62,0,6,22,461,451,1880,1614,29,28,0,0,0,36,105425,0,0,143190168,7220160,63239520,0,0,1680,4,4,0,144678,144678,0,0,144678,1680,4.08,0.46
666,2026-05-16 09:57:42,5,q63,0,6,26,548,531,4240,4040,41,41,0,100,0,121,108570,0,0,208020560,28922603,205182388,0,0,12917,11,11,0,338305,338305,0,0,338305,12917,7.74,0.55
667,2026-05-16 09:57:44,5,q64,0,23,177,6698,14971,96711,89669,191,243,7,543,0,5166,13538285,0,0,35890420816,50412111,690642964,0,0,52026303,2318,2318,0,1952932789,1952932789,0,0,1806179638,48487731,14.44,6.7
668,2026-05-16 09:57:52,5,q65,0,10,97,1607,2955,23007,21185,137,145,1,0,0,1767,9163347,0,0,6116202576,57723104,403918796,0,0,11880061,391,391,0,391199918,391199918,0,0,391199918,11880061,14.32,1.61
669,2026-05-16 09:57:55,5,q66,0,8,44,1090,1597,9266,8085,105,101,0,0,0,22,147441,0,0,980144136,21660543,258844624,0,0,90,9,9,0,47940,47940,0,0,47940,90,8.5,1.09
670,2026-05-16 09:57:57,5,q67,0,6,42,6893,6826,73567,70778,75,66,0,592,0,1371,4629135,0,0,7594451448,28922603,231515572,0,0,11548825,187,187,0,866159379,866159379,0,0,866159379,11548825,10.67,6.89
671,2026-05-16 09:58:05,5,q67a,0,14,183,10756,36778,142611,132464,361,368,14,937,0,5498,4629135,0,0,26569738752,28922603,231515572,0,0,55551436,1700,1700,0,4120617224,4120617224,0,0,900588536,13218740,13.26,10.76
672,2026-05-16 09:58:17,5,q68,0,7,32,962,1095,7868,7185,48,46,6,144,0,107,15301537,0,0,568481352,29577803,365471260,0,0,6174,10,10,0,436284,436284,0,0,436284,6174,8.18,0.96
673,2026-05-16 09:58:19,5,q69,0,11,87,972,2108,7735,6951,23,61,2,0,0,481,28676418,0,0,3807965440,53091814,196425516,0,0,1902033,101,101,0,9547581,9547581,0,0,9547581,1902033,7.96,0.97
674,2026-05-16 09:58:21,5,q70,0,9,47,903,849,7170,6928,78,81,0,0,0,43,209640,0,0,1101810584,57621206,284462472,0,0,209,22,22,0,10316,10316,0,0,10316,209,7.94,0.9
675,2026-05-16 09:58:23,5,q70a,0,12,52,837,733,5945,5718,84,87,0,0,0,45,208520,0,0,902580896,57621206,284462472,0,0,240,47,47,0,14125,14125,0,0,8085,180,7.1,0.84
676,2026-05-16 09:58:25,5,q71,0,7,64,803,768,8520,7997,79,101,0,0,0,182,373296,0,0,960488296,50563014,434905632,0,0,32249,31,31,0,1647863,1647863,0,0,994723,21130,10.61,0.8
677,2026-05-16 09:58:26,5,q72,0,14,113,20326,22481,259578,253543,145,141,4,1200,0,4274,13126109,0,0,25673044504,151146915,635734336,0,0,140763211,855,855,0,2028503693,2028503693,0,0,2028503693,140763211,12.77,20.33
678,2026-05-16 09:58:48,5,q73,0,8,32,430,597,3518,3332,36,37,1,0,0,116,16394969,0,0,480153792,29327803,103214828,0,0,5455,21,21,0,264512,264512,0,0,132562,2732,8.18,0.43
679,2026-05-16 09:58:49,5,q74,0,13,137,1933,5584,23421,19140,197,205,1,160,0,2480,15491653,0,0,14068734504,72541178,433104896,0,0,1763111,822,822,0,58846938,58846938,0,0,58846938,1763111,12.12,1.93
680,2026-05-16 09:58:52,5,q75,0,17,229,2811,7308,42028,34599,252,315,2,352,0,3954,13514277,0,0,15771435216,105981816,1098501000,0,0,12427816,1276,1276,0,277137683,277137683,0,0,191422138,8110302,14.95,2.81
681,2026-05-16 09:58:56,5,q76,0,4,61,803,773,10068,9110,79,97,0,0,0,264,917299,0,0,2250898352,50576063,437110960,0,0,3127,24,24,0,261039,261039,0,0,261039,3127,12.54,0.8
682,2026-05-16 09:58:58,5,q77,0,14,109,1115,4662,13230,11547,116,127,0,352,0,169,91770,0,0,868584744,55459104,584031532,0,0,1757,44,44,0,120257,120257,0,0,120257,1757,11.87,1.12
683,2026-05-16 09:59:00,5,q77a,0,17,114,1194,4421,12560,11401,105,135,0,0,0,168,91340,0,0,1407552616,55459104,584031532,0,0,2221,55,55,0,176374,176374,0,0,134878,1891,10.52,1.19
684,2026-05-16 09:59:03,5,q78,0,10,135,4984,9342,67440,62599,189,197,1,336,0,3622,13126152,0,0,20059149184,55458802,716444376,0,0,38475571,748,748,0,1135565412,1135565412,0,0,1135565412,38475571,13.53,4.98
685,2026-05-16 09:59:09,5,q79,0,7,32,734,849,6332,5772,45,48,1,150,0,130,12765592,0,0,952877472,29327803,230420268,0,0,80366,22,22,0,2983084,2983084,0,0,2983084,80366,8.63,0.73
686,2026-05-16 09:59:11,5,q80,0,16,144,5720,15144,85344,80573,127,176,2,560,0,4230,14436114,0,0,12447675392,55573446,832461376,0,0,45134851,721,721,0,1331351661,1331351661,0,0,1331351661,45134851,14.92,5.72
687,2026-05-16 09:59:17,5,q80a,0,19,149,6105,14773,90336,86299,140,187,2,512,0,3592,14436329,0,0,12919534424,55573446,832461376,0,0,45135808,732,732,0,1331467254,1331467254,0,0,1331364504,45134782,14.8,6.1
688,2026-05-16 09:59:25,5,q81,0,11,54,726,1446,6803,5950,56,62,3,0,0,178,20721956,0,0,2470448864,3899764,133968976,0,0,805182,43,43,0,12400572,12400572,0,0,12400572,805182,9.37,0.73
689,2026-05-16 09:59:27,5,q82,0,6,61,1373,2018,15056,13607,70,60,0,256,0,579,158044,0,0,1658418336,162032501,518298296,0,0,13778665,194,194,0,137239500,137239500,0,0,137239500,28800829,10.97,1.37
690,2026-05-16 09:59:29,5,q83,0,10,50,601,1259,5282,4734,62,61,0,0,0,323,782379,0,0,1251194744,5358935,133289128,0,0,43961,14,14,0,759663,759663,0,0,759663,43961,8.79,0.6
691,2026-05-16 09:59:31,5,q84,0,7,36,618,359,1285,1147,20,24,0,0,0,0,14823608,0,0,1009709760,5555652,92598792,0,0,100,1,1,0,1865,1865,0,0,1865,100,2.08,0.62
692,2026-05-16 09:59:32,5,q85,0,9,55,1176,1091,3538,3243,41,58,2,0,0,5,24325038,0,0,9179235800,12032207,198061044,0,0,13,3,3,0,1363,1363,0,0,1363,13,3.01,1.18
693,2026-05-16 09:59:34,5,q86,0,5,22,417,376,1415,1276,25,24,0,0,0,29,1857112,0,0,581791072,7322088,81805712,0,0,816,5,5,0,54738,54738,0,0,54738,816,3.39,0.42
694,2026-05-16 09:59:36,5,q86a,0,8,27,434,374,1292,1132,30,32,0,32,0,44,1857112,0,0,1120758808,7322088,81805712,0,0,2119,18,18,0,157705,157705,0,0,66561,929,2.98,0.43
695,2026-05-16 09:59:37,5,q87,0,10,103,1708,3802,21207,17897,122,133,1,0,0,1398,12765592,0,0,8161428680,50921014,168240424,0,0,1694835,473,473,0,44530328,44530328,0,0,44530328,1694835,12.42,1.71
696,2026-05-16 09:59:40,5,q88,0,26,178,1388,8162,19730,18474,25,98,0,0,0,24,45883,0,0,514952960,230611310,528085700,0,0,160,160,160,0,9200,9200,0,0,9200,160,14.21,1.39
697,2026-05-16 09:59:43,5,q89,0,6,27,664,643,5104,4912,40,41,0,0,0,153,108570,0,0,946676392,28922603,204842420,0,0,49975,22,22,0,2298433,2298433,0,0,2298433,49975,7.69,0.66
698,2026-05-16 09:59:44,5,q90,0,8,40,190,328,1225,1135,9,20,11,24,0,5,38749,0,0,110071328,14447576,93499260,0,0,34,34,34,0,1928,1928,0,0,1928,34,6.45,0.19
699,2026-05-16 09:59:46,5,q91,0,10,39,579,711,4135,3963,32,38,0,0,0,4,9531965,0,0,1037410344,4137906,95426260,0,0,53,5,5,0,7711,7711,0,0,4761,34,7.14,0.58
700,2026-05-16 09:59:47,5,q92,0,7,40,345,578,2118,1905,34,34,0,0,0,66,703941,0,0,113358480,14522176,157872392,0,0,135661,9,9,0,1837430,1837430,0,0,1837430,135661,6.14,0.34
701,2026-05-16 09:59:49,5,q93,0,5,54,3845,4203,46927,44619,45,56,0,160,0,1724,144661,0,0,5766380072,31678178,287688508,0,0,31635854,357,357,0,754631060,754631060,0,0,754631060,31635854,12.2,3.84
702,2026-05-16 09:59:54,5,q94,0,8,68,1336,1858,12916,12050,52,66,0,0,0,371,2563968,0,0,3571011840,15390492,167770608,0,0,14397040,153,153,0,217756751,217756751,0,0,217756751,14397040,9.67,1.34
703,2026-05-16 09:59:56,5,q95,0,8,68,3464,3938,44767,40556,57,71,0,720,0,361,2564597,0,0,14560086280,15390492,165505520,0,0,35990240,357,357,0,319472623,319472623,0,0,196649755,14395274,12.92,3.46
704,2026-05-16 10:00:00,5,q96,0,5,24,247,249,1989,1949,11,14,0,0,0,2,45883,0,0,63872480,28827803,67807756,0,0,20,20,20,0,1150,1150,0,0,1150,20,8.05,0.25
705,2026-05-16 10:00:02,5,q97,0,5,59,1863,2446,22330,20861,154,77,0,216,0,336,160565,0,0,6212927976,43220926,231386480,0,0,8377699,238,238,0,96908300,96908300,0,0,96908300,8377699,11.99,1.86
706,2026-05-16 10:00:05,5,q98,0,7,35,734,670,4436,4247,47,54,3,0,0,199,3268117,0,0,1690376016,28922501,219647024,0,0,106186,98,98,0,14471806,14471806,0,0,12501113,91022,6.04,0.73
707,2026-05-16 10:00:06,5,q99,0,6,25,497,488,3396,3207,31,33,0,24,0,31,124166,0,0,156567144,14420479,77633364,0,0,2160,3,3,0,173855,173855,0,0,173855,2160,6.83,0.5
708,2026-05-16 10:00:08,6,q1,0,10,62,657,1156,7760,5664,66,69,0,176,0,1278,5073455,0,0,3337334424,6275366,134988172,0,0,1611249,182,182,0,25346729,25346729,0,0,25346729,1611249,11.81,0.66
709,2026-05-16 10:00:10,6,q2,0,9,45,615,552,5005,4484,51,59,8,174,0,84,751663,0,0,461108944,21713562,145153904,0,0,6838,44,44,0,352525,352525,0,0,127373,4198,8.14,0.62
710,2026-05-16 10:00:11,6,q3,0,4,24,384,373,3088,2959,39,42,0,0,0,96,91340,0,0,119963624,28975550,215710768,0,0,2998,10,10,0,206438,206438,0,0,206438,2998,8.04,0.38
711,2026-05-16 10:00:13,6,q4,0,19,228,5316,23802,69699,61431,389,401,7,2553,0,3452,36928978,0,0,30989812144,101342028,1449116176,0,0,2983909,1665,1665,0,192634309,192634309,0,0,192634309,2983909,13.11,5.32
712,2026-05-16 10:00:19,6,q5,0,10,124,1406,2628,17553,15629,166,185,10,248,0,221,16637966,0,0,2431651760,62671034,661741556,0,0,3992,34,34,0,260576,260576,0,0,260576,3992,12.48,1.41
713,2026-05-16 10:00:22,6,q5a,0,13,129,1568,2970,18655,15554,211,193,5,512,0,208,16637536,0,0,2970619632,62671034,661741556,0,0,5938,44,44,0,419375,419375,0,0,286145,4114,11.9,1.57
714,2026-05-16 10:00:24,6,q6,0,11,54,1490,2013,17958,17253,54,61,0,0,0,593,2111075,0,0,5012926032,29847550,168877496,0,0,27358702,206,206,0,240333811,240333811,0,0,240333811,27358702,12.05,1.49
715,2026-05-16 10:00:27,6,q7,0,7,37,995,1020,8628,8386,46,51,0,70,0,115,782379,0,0,1080238624,30843801,393155840,0,0,71861,22,22,0,2549492,2549492,0,0,2549492,71861,8.67,1.0
716,2026-05-16 10:00:29,6,q8,0,10,36,789,741,5245,5123,54,58,0,0,0,38,2361205,0,0,1773265248,29820603,164053132,0,0,6731,13,13,0,84406,84406,0,0,84406,6731,6.65,0.79
717,2026-05-16 10:00:31,6,q9,0,11,106,930,4019,12887,12064,32,75,0,176,0,14,41749,0,0,0,144002550,874996780,0,0,100,100,100,0,6957,6957,0,0,6957,100,13.86,0.93
718,2026-05-16 10:00:33,6,q10,0,13,98,808,1988,8388,7377,26,74,0,0,0,1031,592058,0,0,1549657768,53091814,196622124,0,0,4321867,122,122,0,66501043,66501043,0,0,66501043,4321867,10.38,0.81
719,2026-05-16 10:00:35,6,q10a,0,10,97,628,1344,6381,5877,37,76,0,0,0,813,154690,0,0,2065069744,53091814,196622124,0,0,4289247,173,173,0,66460060,66460060,0,0,66460060,4289247,10.16,0.63
720,2026-05-16 10:00:36,6,q11,0,15,153,2398,6404,26988,23454,227,241,6,256,0,2548,36928978,0,0,20231215248,72541178,546342912,0,0,1976060,990,990,0,121162579,121162579,0,0,121162579,1976060,11.25,2.4
721,2026-05-16 10:00:40,6,q12,0,5,23,449,408,1338,1192,32,30,0,0,0,54,3268117,0,0,649575248,7322088,85860752,0,0,29116,10,10,0,3907483,3907483,0,0,3907483,29116,2.98,0.45
722,2026-05-16 10:00:41,6,q13,0,7,36,1228,1297,11027,10782,28,32,0,99,0,4,1303806,0,0,691209280,30998603,479987220,0,0,20,20,20,0,1371,1371,0,0,1371,20,8.98,1.23
723,2026-05-16 10:00:44,6,q14a,0,30,280,5829,11343,59349,54405,325,403,0,848,0,3037,1189316,0,0,9940144464,151671042,990848472,0,0,62586107,342,342,0,877743160,877743160,0,0,874734576,62499583,10.18,5.83
724,2026-05-16 10:00:51,6,q14b,0,24,217,4193,7295,49348,45722,290,311,0,683,0,2179,1189316,0,0,8457786544,130216627,791340536,0,0,68363018,316,316,0,1013219464,1013219464,0,0,529302342,40855811,11.77,4.19
725,2026-05-16 10:00:57,6,q14,0,24,214,3323,5955,37309,35681,289,329,0,416,0,2060,1162249,0,0,7574558088,130216627,791340536,0,0,68273663,281,281,0,1004568545,1004568545,0,0,520651423,40766456,11.23,3.32
726,2026-05-16 10:01:01,6,q15,0,5,30,796,772,5449,5275,32,35,0,0,0,9,5019183,0,0,951797424,15170425,109597384,0,0,502,1,1,0,18324,18324,0,0,18324,502,6.85,0.8
727,2026-05-16 10:01:03,6,q16,0,8,77,1854,2894,24937,23148,67,81,25,350,0,1144,5380954,0,0,4852315440,30510756,276801092,0,0,28674690,357,357,0,416261641,416261641,0,0,416261641,28674690,13.45,1.85
728,2026-05-16 10:01:06,6,q17,0,10,95,4487,6476,59126,56751,88,111,4,384,0,2773,6944789,0,0,7880912176,46220660,364127356,0,0,45538041,803,803,0,1089146303,1089146303,0,0,1089146303,45538041,13.18,4.49
729,2026-05-16 10:01:12,6,q18,0,9,55,1065,1292,5754,5405,65,76,0,0,0,27,9716387,0,0,3074056776,19114025,322004024,0,0,55958,9,9,0,3984849,3984849,0,0,3984849,55958,5.4,1.06
730,2026-05-16 10:01:14,6,q18a,0,17,145,3143,9908,39705,36053,164,219,0,0,0,244,9716301,0,0,14494187648,77567725,1345911216,0,0,63894,37,37,0,4339335,4339335,0,0,4339335,63894,12.63,3.14
731,2026-05-16 10:01:18,6,q19,0,7,33,788,778,5784,5610,43,48,0,0,0,116,5019183,0,0,1599037304,29672603,255771940,0,0,7397,10,10,0,541770,541770,0,0,541770,7397,7.34,0.79
732,2026-05-16 10:01:20,6,q20,0,5,25,464,422,1958,1816,35,37,0,0,0,17,3268117,0,0,412686616,14522425,129793824,0,0,28486,2,2,0,3491832,3491832,0,0,3491832,28486,4.22,0.46
733,2026-05-16 10:01:21,6,q21,0,5,25,929,951,7247,6970,72,46,0,180,0,10,107409,0,0,208677936,133232010,401390576,0,0,31850,1,1,0,679321,679321,0,0,679321,31850,7.8,0.93
734,2026-05-16 10:01:23,6,q22,0,6,42,57112,57073,120804,120413,108,81,0,62,0,64,4629135,0,0,1753344224,133232010,400049120,0,0,612866,68,68,0,25729614,25729614,0,0,25729614,612866,2.12,57.11
735,2026-05-16 10:02:22,6,q22a,0,10,66,3347,3769,15187,13628,122,122,6,182,0,1289,4629135,0,0,5660862736,133232010,400255984,0,0,918610,160,160,0,45113549,45113549,0,0,14511781,306922,4.54,3.35
736,2026-05-16 10:02:26,6,q23a,0,18,194,5736,10368,72210,68750,211,227,1,694,0,3572,6575869,0,0,12650385656,108664016,674578880,0,0,43897022,644,644,0,1114819545,1114819545,0,0,1084928778,41990015,12.59,5.74
737,2026-05-16 10:02:33,6,q23b,0,21,220,6090,11611,80867,76572,269,293,1,628,0,3363,6575826,0,0,25625726792,109164016,688634368,0,0,48673518,1314,1314,0,1200059106,1200059106,0,0,1097299361,42452497,13.28,6.09
738,2026-05-16 10:02:40,6,q24,0,8,64,2376,3347,29791,28038,39,61,3,96,0,1332,20637080,0,0,7068696000,32530235,307068176,0,0,29735885,340,340,0,678254112,678254112,0,0,678254112,29735885,12.54,2.38
739,2026-05-16 10:02:43,6,q24a,0,13,86,3738,4479,45529,43096,109,104,3,200,0,1911,18087339,0,0,16497845272,32632235,309614808,0,0,59478907,712,712,0,1357451922,1357451922,0,0,679197810,29743022,12.18,3.74
740,2026-05-16 10:02:48,6,q24b,0,13,86,2915,3658,32210,31425,100,101,6,284,0,1752,18087253,0,0,15891776752,32632235,309614808,0,0,59478765,700,700,0,1357428154,1357428154,0,0,679174042,29742880,11.05,2.92
741,2026-05-16 10:02:52,6,q25,0,10,95,4607,6628,60480,58406,87,105,1,352,0,2749,6944789,0,0,7880887560,46220660,464241788,0,0,45538038,800,800,0,1108759789,1108759789,0,0,1108759789,45538038,13.13,4.61
742,2026-05-16 10:02:58,6,q26,0,6,35,659,677,5212,4992,46,52,0,0,0,34,782379,0,0,475734776,16443725,234711024,0,0,33482,3,3,0,1124909,1124909,0,0,1124909,33482,7.91,0.66
743,2026-05-16 10:03:00,6,q27,0,7,37,1031,1080,8834,8673,51,57,0,0,0,120,782379,0,0,1080698912,30843403,365429536,0,0,58884,22,22,0,2218125,2218125,0,0,2218125,58884,8.57,1.03
744,2026-05-16 10:03:02,6,q27a,0,11,81,1867,4387,25814,22547,95,112,0,272,0,602,782379,0,0,1806596672,88546507,1043660596,0,0,60793,43,43,0,2451360,2451360,0,0,2451360,60793,13.83,1.87
745,2026-05-16 10:03:05,6,q28,0,18,132,1773,9231,25156,22344,124,153,0,295,0,1691,57073,0,0,4462213584,172803006,1357446288,0,0,470650,66,66,0,7692048,7692048,0,0,7692048,470650,14.19,1.77
746,2026-05-16 10:03:07,6,q29,0,11,96,4454,6613,59703,57637,80,107,0,0,0,3233,6944832,0,0,7880995000,46240660,366365388,0,0,45538045,805,805,0,1089147078,1089147078,0,0,1089147078,45538045,13.4,4.45
747,2026-05-16 10:03:13,6,q30,0,11,51,690,1369,1770,1587,77,72,0,7,0,113,1992893,0,0,1012759832,2460548,94235280,0,0,755089,7,7,0,59269674,59269674,0,0,59269674,755089,2.57,0.69
748,2026-05-16 10:03:15,6,q31,0,19,125,1575,6479,18721,16372,140,150,0,0,0,1286,3832889,0,0,3976834528,108311767,630486736,0,0,74061,45,45,0,2501087,2501087,0,0,2420630,72215,11.89,1.58
749,2026-05-16 10:03:17,6,q32,0,7,46,430,759,5030,4686,33,45,0,0,0,45,703508,0,0,120389400,28922850,245320744,0,0,55420,12,12,0,760429,760429,0,0,760429,55420,11.7,0.43
750,2026-05-16 10:03:19,6,q33,0,9,68,911,1923,9906,7835,78,96,0,224,0,257,889109,0,0,1187094680,50875014,451799976,0,0,17063,18,18,0,450453,450453,0,0,450453,17063,10.87,0.91
751,2026-05-16 10:03:21,6,q34,0,8,32,581,783,4555,4392,37,35,2,0,0,121,16394969,0,0,480760000,29327803,103214828,0,0,20445,21,21,0,646759,646759,0,0,351165,10675,7.84,0.58
752,2026-05-16 10:03:22,6,q35,0,10,92,1081,1968,9284,8223,44,78,0,0,0,756,23973682,0,0,8159872040,53091814,196286252,0,0,6056644,255,255,0,16002181,16002181,0,0,16002181,6056644,8.59,1.08
753,2026-05-16 10:03:25,6,q35a,0,9,92,906,1286,6625,6132,42,79,0,0,0,714,23973725,0,0,7371343176,53091814,196286252,0,0,6053558,255,255,0,16010477,16010477,0,0,16010477,6053558,7.31,0.91
754,2026-05-16 10:03:27,6,q36,0,6,26,719,707,5640,5324,39,41,0,130,0,76,1857198,0,0,1036986400,28922603,310110284,0,0,1769,11,11,0,138561,138561,0,0,138561,1769,7.84,0.72
755,2026-05-16 10:03:28,6,q36a,0,9,31,743,681,5308,5136,51,50,0,0,0,95,1857112,0,0,1575954272,28922603,310110284,0,0,4798,36,36,0,397299,397299,0,0,147261,1822,7.14,0.74
756,2026-05-16 10:03:30,6,q37,0,6,61,1039,1386,10122,9658,43,58,0,0,0,298,157657,0,0,886656304,147632425,477965736,0,0,4316414,180,180,0,64485606,64485606,0,0,64485606,14400617,9.74,1.04
757,2026-05-16 10:03:32,6,q38,0,10,103,1699,3755,20596,17395,150,130,10,54,0,1352,12765592,0,0,8161428680,50921014,168240424,0,0,1694835,473,473,0,44530328,44530328,0,0,44530328,1694835,12.12,1.7
758,2026-05-16 10:03:35,6,q39a,0,12,71,1919,3635,22231,20609,118,128,0,0,0,756,801878,0,0,2062236424,266362010,795492552,0,0,1129925,56,56,0,27117544,27117544,0,0,26113005,1093917,11.58,1.92
759,2026-05-16 10:03:38,6,q39b,0,12,71,1629,2929,18426,17304,133,113,0,0,0,368,798149,0,0,2062236424,266362010,795492552,0,0,1058875,56,56,0,25171608,25171608,0,0,25081527,1057496,11.31,1.63
760,2026-05-16 10:03:41,6,q40,0,7,57,1522,1918,19002,17619,61,67,0,288,0,1072,174216,0,0,4141621464,15962317,186621472,0,0,15748014,357,357,0,309656666,309656666,0,0,309656666,15748014,12.48,1.52
761,2026-05-16 10:03:43,6,q41,0,4,6,155,126,137,120,7,7,0,0,0,7,12426,0,0,202903480,204000,8796048,0,0,140,2,2,0,9680,9680,0,0,9680,140,0.88,0.16
762,2026-05-16 10:03:44,6,q42,0,4,24,420,410,3502,3355,36,38,0,0,0,24,91340,0,0,786960824,28922501,215571504,0,0,110,10,10,0,9116,9116,0,0,9116,110,8.34,0.42
763,2026-05-16 10:03:46,6,q43,0,4,23,496,477,4281,4136,39,39,0,0,0,28,91340,0,0,114629704,28820603,122517996,0,0,210,10,10,0,27084,27084,0,0,27084,210,8.63,0.5
764,2026-05-16 10:03:47,6,q44,0,8,55,625,689,5155,4868,63,71,0,0,0,151,1663841,0,0,1589568808,57703002,359682040,0,0,795972,120,120,0,10069011,10069011,0,0,5035816,398046,8.25,0.62
765,2026-05-16 10:03:49,6,q45,0,7,31,599,636,2131,1953,29,31,0,0,0,8,5019183,0,0,2126545808,8092088,102358216,0,0,29,4,4,0,2649,2649,0,0,2649,29,3.56,0.6
766,2026-05-16 10:03:51,6,q46,0,7,32,762,878,5687,5506,45,51,4,0,0,116,15301537,0,0,1039122784,29577803,236324380,0,0,27956,10,10,0,1371108,1371108,0,0,1371108,27956,7.46,0.76
767,2026-05-16 10:03:53,6,q47,0,11,86,1690,2470,18777,15948,140,148,0,176,0,2016,2306610,0,0,6656509880,28922603,204502452,0,0,2665245,787,787,0,105359658,105359658,0,0,61755714,1560722,11.11,1.69
768,2026-05-16 10:03:55,6,q48,0,6,35,1167,1193,10207,9971,24,28,0,120,0,4,1323847,0,0,669220160,30991403,297217008,0,0,20,20,20,0,1160,1160,0,0,1160,20,8.75,1.17
769,2026-05-16 10:03:58,6,q49,0,16,143,1632,5648,21513,20101,95,145,0,117,0,1511,231020,0,0,4918749864,55458802,783241944,0,0,12389987,58,58,0,273846553,273846553,0,0,273846553,12389987,13.18,1.63
770,2026-05-16 10:04:00,6,q50,0,7,56,2299,2760,28213,26968,59,67,0,0,0,1343,370395,0,0,4687124776,31771284,223321004,0,0,29262054,357,357,0,629536939,629536939,0,0,629536939,29262054,12.27,2.3
771,2026-05-16 10:04:04,6,q51,0,10,140,2808,4031,38188,34567,187,204,0,400,0,3532,299557,0,0,9977043664,36020589,264732640,0,0,24415841,1679,1679,0,420200401,420200401,0,0,420200401,24415841,13.6,2.81
772,2026-05-16 10:04:07,6,q51a,0,14,206,20361,24050,268010,256647,296,350,0,3043,0,5642,459272,0,0,26932512032,36020589,264732640,0,0,47531016,2587,2587,0,789082482,789082482,0,0,575698989,36069050,13.16,20.36
773,2026-05-16 10:04:29,6,q52,0,4,24,462,450,3827,3703,32,33,0,0,0,106,91340,0,0,786960824,28922501,215702576,0,0,4250,10,10,0,266731,266731,0,0,266731,4250,8.28,0.46
774,2026-05-16 10:04:30,6,q53,0,6,26,531,513,4006,3880,47,42,0,0,0,161,108140,0,0,208086096,28922603,205178292,0,0,31394,11,11,0,661862,661862,0,0,661862,31394,7.54,0.53
775,2026-05-16 10:04:32,6,q54,0,15,93,1382,2617,17062,15643,123,124,0,91,0,790,5019226,0,0,2716105496,51386165,328139844,0,0,26873209,179,179,0,252845431,252845431,0,0,252845431,26873209,12.35,1.38
776,2026-05-16 10:04:34,6,q55,0,4,24,407,396,3366,3243,31,34,0,0,0,96,91340,0,0,786960824,28922501,215702576,0,0,3448,10,10,0,211879,211879,0,0,211879,3448,8.27,0.41
777,2026-05-16 10:04:36,6,q56,0,9,68,879,2014,9404,8890,90,102,0,0,0,190,463898,0,0,1175692536,50875014,452062120,0,0,10844,18,18,0,393253,393253,0,0,393253,10844,10.7,0.88
778,2026-05-16 10:04:38,6,q57,0,11,67,1485,2164,13205,11426,125,119,0,240,0,722,2306610,0,0,5374089408,14522449,120588172,0,0,1160477,378,378,0,45143877,45143877,0,0,33403525,851478,8.89,1.48
779,2026-05-16 10:04:40,6,q58,0,11,67,945,2070,10357,9395,89,93,0,0,0,303,782379,0,0,2221524408,50669112,416052560,0,0,247081,27,27,0,3686832,3686832,0,0,3686832,247081,10.96,0.94
780,2026-05-16 10:04:42,6,q59,0,10,39,962,1030,6488,6191,47,52,0,0,0,363,751663,0,0,1673170840,28913754,127746064,0,0,304460,132,132,0,12848225,12848225,0,0,6671249,170845,6.74,0.96
781,2026-05-16 10:04:44,6,q60,0,9,68,955,2080,9585,8851,87,100,0,0,0,540,463898,0,0,1671759920,50875014,451996584,0,0,78428,19,19,0,1556649,1556649,0,0,1556649,78428,10.04,0.96
782,2026-05-16 10:04:46,6,q61,0,10,55,1115,1954,13338,12747,25,39,0,0,0,6,5019183,0,0,1246748000,58473604,521203004,0,0,40,40,40,0,2319,2319,0,0,2319,40,11.96,1.12
783,2026-05-16 10:04:49,6,q62,0,6,22,470,460,1841,1619,170,26,0,144,0,37,106113,0,0,143190168,7220160,63239520,0,0,1680,4,4,0,144678,144678,0,0,144678,1680,3.92,0.47
784,2026-05-16 10:04:50,6,q63,0,6,26,499,483,3695,3555,46,40,0,0,0,140,108140,0,0,208020560,28922603,205182388,0,0,12917,11,11,0,338305,338305,0,0,338305,12917,7.4,0.5
785,2026-05-16 10:04:52,6,q64,0,23,177,6788,14623,96578,90432,195,244,3,384,0,5179,13538242,0,0,35890420816,50412111,690642964,0,0,52026303,2318,2318,0,1952932789,1952932789,0,0,1806179638,48487731,14.23,6.79
786,2026-05-16 10:05:00,6,q65,0,10,97,1632,3055,23604,20872,147,144,1,304,0,2171,9163347,0,0,6116202576,57723104,403918796,0,0,11880061,391,391,0,391199918,391199918,0,0,391199918,11880061,14.46,1.63
787,2026-05-16 10:05:03,6,q66,0,8,44,1174,1744,10740,9661,95,101,0,0,0,22,147441,0,0,980144136,21660543,258844624,0,0,90,9,9,0,47940,47940,0,0,47940,90,9.15,1.17
788,2026-05-16 10:05:05,6,q67,0,6,42,6926,6877,73879,71785,72,72,0,756,0,1795,4629135,0,0,7594451448,28922603,231515572,0,0,11548825,187,187,0,866159379,866159379,0,0,866159379,11548825,10.67,6.93
789,2026-05-16 10:05:13,6,q67a,0,14,183,10574,36634,141575,131619,363,386,0,1392,0,5412,4629135,0,0,26569738752,28922603,231515572,0,0,55551436,1700,1700,0,4120617224,4120617224,0,0,900588536,13218740,13.39,10.57
790,2026-05-16 10:05:25,6,q68,0,7,32,917,1035,7467,7257,57,52,4,0,0,117,15301537,0,0,568481352,29577803,365471260,0,0,6174,10,10,0,436284,436284,0,0,436284,6174,8.14,0.92
791,2026-05-16 10:05:26,6,q69,0,11,87,1003,1858,7314,6340,20,61,0,210,0,430,28676332,0,0,3807965440,53091814,196425516,0,0,1902033,101,101,0,9547581,9547581,0,0,9547581,1902033,7.29,1.0
792,2026-05-16 10:05:29,6,q70,0,9,47,892,836,7016,6774,75,79,0,0,0,43,209640,0,0,1101810584,57621206,284462472,0,0,209,22,22,0,10316,10316,0,0,10316,209,7.87,0.89
793,2026-05-16 10:05:30,6,q70a,0,12,52,847,747,6028,5816,90,91,0,0,0,45,208520,0,0,902580896,57621206,284462472,0,0,240,47,47,0,14125,14125,0,0,8085,180,7.12,0.85
794,2026-05-16 10:05:32,6,q71,0,7,64,812,782,8820,8010,82,99,0,0,0,213,373253,0,0,960488296,50563014,434905632,0,0,32249,31,31,0,1647863,1647863,0,0,994723,21130,10.86,0.81
795,2026-05-16 10:05:34,6,q72,0,14,113,19143,20947,247593,243428,108,129,4,1104,0,4293,13125980,0,0,25673044504,151146915,635734336,0,0,140763211,855,855,0,2028503693,2028503693,0,0,2028503693,140763211,12.93,19.14
796,2026-05-16 10:05:55,6,q73,0,8,32,452,634,3616,3450,33,38,2,0,0,119,16394969,0,0,480153792,29327803,103214828,0,0,5455,21,21,0,264512,264512,0,0,132562,2732,8.0,0.45
797,2026-05-16 10:05:56,6,q74,0,13,137,2078,6239,26122,22179,196,202,1,160,0,2078,15491653,0,0,14068734504,72541178,433104896,0,0,1763111,822,822,0,58846938,58846938,0,0,58846938,1763111,12.57,2.08
798,2026-05-16 10:05:59,6,q75,0,17,229,2777,7434,41520,34435,246,305,2,320,0,4937,13514234,0,0,15771435216,105981816,1098501000,0,0,12427816,1276,1276,0,277137683,277137683,0,0,191422138,8110302,14.95,2.78
799,2026-05-16 10:06:03,6,q76,0,4,61,798,757,9470,8593,94,107,3,0,0,384,917299,0,0,2250898352,50576063,437110960,0,0,3127,24,24,0,261039,261039,0,0,261039,3127,11.87,0.8
800,2026-05-16 10:06:05,6,q77,0,14,109,993,3946,11134,10174,123,134,0,0,0,160,91340,0,0,868584744,55459104,584031532,0,0,1757,44,44,0,120257,120257,0,0,120257,1757,11.21,0.99
801,2026-05-16 10:06:07,6,q77a,0,17,114,1172,4399,12770,10238,116,138,0,240,0,178,92028,0,0,1407552616,55459104,584031532,0,0,2221,55,55,0,176374,176374,0,0,134878,1891,10.9,1.17
802,2026-05-16 10:06:09,6,q78,0,10,135,4928,8844,68148,61890,189,200,1,800,0,3748,13125937,0,0,20059149184,55458802,716444376,0,0,38475571,748,748,0,1135565412,1135565412,0,0,1135565412,38475571,13.83,4.93
803,2026-05-16 10:06:15,6,q79,0,7,32,715,854,5986,5695,55,50,1,120,0,140,12765592,0,0,952877472,29327803,230420268,0,0,80366,22,22,0,2983084,2983084,0,0,2983084,80366,8.37,0.72
804,2026-05-16 10:06:17,6,q80,0,16,144,5816,15161,86213,82472,126,174,5,304,0,4098,14436157,0,0,12447675392,55573446,832461376,0,0,45134851,721,721,0,1331351661,1331351661,0,0,1331351661,45134851,14.82,5.82
805,2026-05-16 10:06:24,6,q80a,0,19,149,5886,14548,83527,79852,144,188,1,512,0,3785,14436329,0,0,12919534424,55573446,832461376,0,0,45135808,732,732,0,1331467254,1331467254,0,0,1331364504,45134782,14.19,5.89
806,2026-05-16 10:06:31,6,q81,0,11,54,673,1393,5809,4955,57,60,3,160,0,157,20721956,0,0,2470448864,3899764,133968976,0,0,805182,43,43,0,12400572,12400572,0,0,12400572,805182,8.63,0.67
807,2026-05-16 10:06:33,6,q82,0,6,61,1347,1902,13819,13235,48,57,0,0,0,434,158044,0,0,1658418336,162032501,518298296,0,0,13778665,194,194,0,137239500,137239500,0,0,137239500,28800829,10.26,1.35
808,2026-05-16 10:06:35,6,q83,0,10,50,599,1338,5941,5411,53,58,5,0,0,274,782379,0,0,1251194744,5358935,133289128,0,0,43961,14,14,0,759663,759663,0,0,759663,43961,9.92,0.6
809,2026-05-16 10:06:37,6,q84,0,7,36,686,454,1127,1031,22,25,0,0,0,0,14823694,0,0,1009709760,5555652,92598792,0,0,100,1,1,0,1865,1865,0,0,1865,100,1.64,0.69
810,2026-05-16 10:06:39,6,q85,0,9,55,1350,1469,5655,5215,46,58,2,0,0,6,24325038,0,0,9179235800,12032207,198061044,0,0,13,3,3,0,1363,1363,0,0,1363,13,4.19,1.35
811,2026-05-16 10:06:41,6,q86,0,5,22,425,385,1448,1307,26,27,0,0,0,29,1857112,0,0,581791072,7322088,81805712,0,0,816,5,5,0,54738,54738,0,0,54738,816,3.41,0.42
812,2026-05-16 10:06:43,6,q86a,0,8,27,437,371,1273,1144,30,32,0,0,0,42,1857112,0,0,1120758808,7322088,81805712,0,0,2119,18,18,0,157705,157705,0,0,66561,929,2.91,0.44
813,2026-05-16 10:06:44,6,q87,0,10,103,1664,3673,20519,16350,126,138,1,578,0,1688,12765592,0,0,8161428680,50921014,168240424,0,0,1694835,473,473,0,44530328,44530328,0,0,44530328,1694835,12.33,1.66
814,2026-05-16 10:06:47,6,q88,0,26,178,1414,9009,20484,19067,29,96,0,0,0,24,45840,0,0,514952960,230611310,528085700,0,0,160,160,160,0,9200,9200,0,0,9200,160,14.49,1.41
815,2026-05-16 10:06:49,6,q89,0,6,27,607,587,4419,4243,39,40,0,0,0,143,108570,0,0,946676392,28922603,204842420,0,0,49975,22,22,0,2298433,2298433,0,0,2298433,49975,7.28,0.61
816,2026-05-16 10:06:51,6,q90,0,8,40,196,316,1269,1192,12,20,0,0,0,4,38792,0,0,110071328,14447576,93499260,0,0,34,34,34,0,1928,1928,0,0,1928,34,6.47,0.2
817,2026-05-16 10:06:52,6,q91,0,10,39,530,558,3111,2957,34,38,0,0,0,4,9532137,0,0,1037410344,4137906,95426260,0,0,53,5,5,0,7711,7711,0,0,4761,34,5.87,0.53
818,2026-05-16 10:06:54,6,q92,0,7,40,345,583,2127,1925,24,34,0,0,0,67,703941,0,0,113358480,14522176,157872392,0,0,135661,9,9,0,1837430,1837430,0,0,1837430,135661,6.17,0.34
819,2026-05-16 10:06:55,6,q93,0,5,54,3817,4206,45859,44937,50,57,0,0,0,1656,143973,0,0,5766380072,31678178,287688508,0,0,31635854,357,357,0,754631060,754631060,0,0,754631060,31635854,12.01,3.82
820,2026-05-16 10:07:00,6,q94,0,8,68,1492,2061,14333,12960,53,66,0,144,0,609,2563968,0,0,3571011840,15390492,167770608,0,0,14397040,153,153,0,217756751,217756751,0,0,217756751,14397040,9.61,1.49
821,2026-05-16 10:07:03,6,q95,0,8,68,3546,3989,44390,39293,68,73,0,656,0,361,2564640,0,0,14560086280,15390492,165505520,0,0,35990240,357,357,0,319472623,319472623,0,0,196649755,14395274,12.52,3.55
822,2026-05-16 10:07:07,6,q96,0,5,24,230,240,1848,1780,10,12,0,12,0,2,45840,0,0,63872480,28827803,67807756,0,0,20,20,20,0,1150,1150,0,0,1150,20,8.03,0.23
823,2026-05-16 10:07:08,6,q97,0,5,59,1808,2418,22139,19785,78,78,0,160,0,310,160565,0,0,6212927976,43220926,231386480,0,0,8377699,238,238,0,96908300,96908300,0,0,96908300,8377699,12.25,1.81
824,2026-05-16 10:07:11,6,q98,0,7,35,709,642,4241,4042,60,52,3,0,0,181,3268117,0,0,1690376016,28922501,219647024,0,0,106186,98,98,0,14471806,14471806,0,0,12501113,91022,5.98,0.71
825,2026-05-16 10:07:13,6,q99,0,6,25,642,633,3814,3651,35,34,0,0,0,31,124037,0,0,156567144,14420479,77633364,0,0,2160,3,3,0,173855,173855,0,0,173855,2160,5.94,0.64
826,2026-05-16 10:07:15,7,q1,0,10,62,683,1161,7874,6528,240,67,0,256,0,786,5073412,0,0,3337334424,6275366,134988172,0,0,1611249,182,182,0,25346729,25346729,0,0,25346729,1611249,11.53,0.68
827,2026-05-16 10:07:16,7,q2,0,9,45,697,617,5518,4512,61,64,0,21,0,73,751663,0,0,461108944,21713562,145153904,0,0,6838,44,44,0,352525,352525,0,0,127373,4198,7.92,0.7
828,2026-05-16 10:07:18,7,q3,0,4,24,358,346,2862,2727,30,34,0,0,0,99,91340,0,0,119963624,28975550,215710768,0,0,2998,10,10,0,206438,206438,0,0,206438,2998,7.99,0.36
829,2026-05-16 10:07:20,7,q4,0,19,228,5095,22864,67835,58729,368,411,3,1152,0,4365,36928978,0,0,30989812144,101342028,1449116176,0,0,2983909,1665,1665,0,192634309,192634309,0,0,192634309,2983909,13.31,5.1
830,2026-05-16 10:07:26,7,q5,0,10,124,1380,2685,17163,15272,153,183,2,0,0,349,16637450,0,0,2431651760,62671034,661741556,0,0,3992,34,34,0,260576,260576,0,0,260576,3992,12.44,1.38
831,2026-05-16 10:07:28,7,q5a,0,13,129,1483,2811,17010,14895,154,195,2,352,0,239,16637493,0,0,2970619632,62671034,661741556,0,0,5938,44,44,0,419375,419375,0,0,286145,4114,11.47,1.48
832,2026-05-16 10:07:31,7,q6,0,11,54,1626,2092,20533,19790,57,65,0,0,0,581,2111118,0,0,5012926032,29847550,168877496,0,0,27358702,206,206,0,240333811,240333811,0,0,240333811,27358702,12.63,1.63
833,2026-05-16 10:07:34,7,q7,0,7,37,1043,1067,8809,8644,47,48,0,0,0,121,782379,0,0,1080238624,30843801,393155840,0,0,71861,22,22,0,2549492,2549492,0,0,2549492,71861,8.45,1.04
834,2026-05-16 10:07:36,7,q8,0,10,36,753,700,4891,4771,61,61,0,0,0,38,2361205,0,0,1773265248,29820603,164053132,0,0,6731,13,13,0,84406,84406,0,0,84406,6731,6.5,0.75
835,2026-05-16 10:07:38,7,q9,0,11,106,973,4171,13810,11987,24,69,3,0,0,14,41706,0,0,0,144002550,874996780,0,0,100,100,100,0,6957,6957,0,0,6957,100,14.19,0.97
836,2026-05-16 10:07:40,7,q10,0,13,98,867,2235,8320,7452,35,75,0,0,0,969,592058,0,0,1549657768,53091814,196622124,0,0,4321867,122,122,0,66501043,66501043,0,0,66501043,4321867,9.6,0.87
837,2026-05-16 10:07:42,7,q10a,0,10,97,639,1422,6778,5831,33,78,0,480,0,898,154690,0,0,2065069744,53091814,196622124,0,0,4289247,173,173,0,66460060,66460060,0,0,66460060,4289247,10.61,0.64
838,2026-05-16 10:07:43,7,q11,0,15,153,2333,6175,25846,22533,214,235,3,256,0,2493,36928978,0,0,20231215248,72541178,546342912,0,0,1976060,990,990,0,121162579,121162579,0,0,121162579,1976060,11.08,2.33
839,2026-05-16 10:07:47,7,q12,0,5,23,459,419,1372,1221,27,29,0,0,0,54,3268117,0,0,649575248,7322088,85860752,0,0,29116,10,10,0,3907483,3907483,0,0,3907483,29116,2.99,0.46
840,2026-05-16 10:07:48,7,q13,0,7,36,1303,1360,11661,11499,22,29,0,0,0,3,1303376,0,0,691209280,30998603,479987220,0,0,20,20,20,0,1371,1371,0,0,1371,20,8.95,1.3
841,2026-05-16 10:07:51,7,q14a,0,30,280,6105,11454,61094,55651,356,413,0,969,0,3379,1189316,0,0,9940144464,151671042,990848472,0,0,62586107,342,342,0,877743160,877743160,0,0,874734576,62499583,10.01,6.1
842,2026-05-16 10:07:59,7,q14b,0,24,217,4110,7360,47908,43825,299,310,0,748,0,2091,1189316,0,0,8458015920,130216627,791340536,0,0,68363018,316,316,0,1013219464,1013219464,0,0,529302342,40855811,11.66,4.11
843,2026-05-16 10:08:04,7,q14,0,24,214,3378,5957,37650,34890,271,304,9,320,0,2324,1162249,0,0,7574558088,130216627,791340536,0,0,68273663,281,281,0,1004568545,1004568545,0,0,520651423,40766456,11.15,3.38
844,2026-05-16 10:08:08,7,q15,0,5,30,835,814,6343,6173,32,37,0,0,0,9,5019183,0,0,951797424,15170425,109597384,0,0,502,1,1,0,18324,18324,0,0,18324,502,7.6,0.84
845,2026-05-16 10:08:10,7,q16,0,8,77,1793,2803,24349,22969,66,78,0,0,0,1148,5380997,0,0,4852315440,30510756,276801092,0,0,28674690,357,357,0,416261641,416261641,0,0,416261641,28674690,13.58,1.79
846,2026-05-16 10:08:13,7,q17,0,10,95,4548,6681,59761,57360,91,112,1,480,0,2868,6944832,0,0,7880912176,46220660,364127356,0,0,45538041,803,803,0,1089146303,1089146303,0,0,1089146303,45538041,13.14,4.55
847,2026-05-16 10:08:19,7,q18,0,9,55,1224,1385,6939,6579,64,71,0,0,0,26,9716301,0,0,3074056776,19114025,322004024,0,0,55958,9,9,0,3984849,3984849,0,0,3984849,55958,5.67,1.22
848,2026-05-16 10:08:21,7,q18a,0,17,145,2908,8780,35866,32400,171,216,0,0,0,174,9716344,0,0,14494187648,77567725,1345911216,0,0,63894,37,37,0,4339335,4339335,0,0,4339335,63894,12.33,2.91
849,2026-05-16 10:08:25,7,q19,0,7,33,807,801,5925,5716,45,48,0,42,0,112,5019183,0,0,1599037304,29672603,255771940,0,0,7397,10,10,0,541770,541770,0,0,541770,7397,7.34,0.81
850,2026-05-16 10:08:27,7,q20,0,5,25,447,405,2158,1984,27,31,0,0,0,17,3268117,0,0,412686616,14522425,129793824,0,0,28486,2,2,0,3491832,3491832,0,0,3491832,28486,4.83,0.45
851,2026-05-16 10:08:28,7,q21,0,5,25,964,951,7540,7207,55,42,0,208,0,11,107667,0,0,208677936,133232010,401390576,0,0,31850,1,1,0,679321,679321,0,0,679321,31850,7.82,0.96
852,2026-05-16 10:08:30,7,q22,0,6,42,55408,55366,116957,116357,137,82,0,38,0,66,4629135,0,0,1753344224,133232010,400049120,0,0,612866,68,68,0,25729614,25729614,0,0,25729614,612866,2.11,55.41
853,2026-05-16 10:09:27,7,q22a,0,10,66,3383,3739,14208,12706,118,131,0,0,0,1351,4629135,0,0,5660862736,133232010,400255984,0,0,918610,160,160,0,45113549,45113549,0,0,14511781,306922,4.2,3.38
854,2026-05-16 10:09:31,7,q23a,0,18,194,5882,10689,74503,69239,229,234,1,1290,0,3316,6575826,0,0,12650385656,108664016,674578880,0,0,43897022,644,644,0,1114819545,1114819545,0,0,1084928778,41990015,12.67,5.88
855,2026-05-16 10:09:38,7,q23b,0,21,220,6799,11338,79518,74087,349,324,3,582,0,3340,6575826,0,0,25625726792,109164016,688634368,0,0,48673518,1314,1314,0,1200059106,1200059106,0,0,1097299361,42452497,11.7,6.8
856,2026-05-16 10:09:46,7,q24,0,8,64,2358,3436,29262,27636,59,67,4,0,0,1375,20636908,0,0,7068696000,32530235,307068176,0,0,29735885,340,340,0,678254112,678254112,0,0,678254112,29735885,12.41,2.36
857,2026-05-16 10:09:50,7,q24a,0,13,86,3575,4401,42626,40854,93,104,3,302,0,1641,18087253,0,0,16497845272,32632235,309614808,0,0,59478907,712,712,0,1357451922,1357451922,0,0,679197810,29743022,11.92,3.58
858,2026-05-16 10:09:54,7,q24b,0,13,86,2851,3540,31525,31096,101,101,2,0,0,1635,18087253,0,0,15891776752,32632235,309614808,0,0,59478765,700,700,0,1357428154,1357428154,0,0,679174042,29742880,11.06,2.85
859,2026-05-16 10:09:58,7,q25,0,10,95,4831,7341,64651,60513,115,106,1,784,0,2824,6944832,0,0,7880887560,46220660,464241788,0,0,45538038,800,800,0,1108759789,1108759789,0,0,1108759789,45538038,13.38,4.83
860,2026-05-16 10:10:04,7,q26,0,6,35,723,766,6119,5791,37,37,1,0,0,32,782379,0,0,475734776,16443725,234711024,0,0,33482,3,3,0,1124909,1124909,0,0,1124909,33482,8.46,0.72
861,2026-05-16 10:10:06,7,q27,0,7,37,964,989,8246,7928,48,51,0,120,0,122,782379,0,0,1080698912,30843403,365429536,0,0,58884,22,22,0,2218125,2218125,0,0,2218125,58884,8.55,0.96
862,2026-05-16 10:10:08,7,q27a,0,11,81,1711,4050,23435,21968,79,98,0,135,0,478,782465,0,0,1806596672,88546507,1043660596,0,0,60793,43,43,0,2451360,2451360,0,0,2451360,60793,13.7,1.71
863,2026-05-16 10:10:11,7,q28,0,18,132,1857,9582,26786,24054,134,154,1,112,0,1487,56987,0,0,4462213584,172803006,1357446288,0,0,470650,66,66,0,7692048,7692048,0,0,7692048,470650,14.42,1.86
864,2026-05-16 10:10:14,7,q29,0,11,96,4561,6573,60213,57082,92,103,2,0,0,3052,6944789,0,0,7880995000,46240660,366365388,0,0,45538045,805,805,0,1089147078,1089147078,0,0,1089147078,45538045,13.2,4.56
865,2026-05-16 10:10:19,7,q30,0,12,52,707,1432,1804,1638,82,72,0,0,0,126,1992893,0,0,1012759832,2460548,94235280,0,0,787148,8,8,0,59648264,59648264,0,0,59648264,787148,2.55,0.71
866,2026-05-16 10:10:21,7,q31,0,21,127,1726,7321,20985,18586,134,150,0,0,0,1230,3832889,0,0,3909791224,108311767,630486736,0,0,81738,50,50,0,2824031,2824031,0,0,2601824,74954,12.16,1.73
867,2026-05-16 10:10:24,7,q32,0,7,46,460,838,5650,5358,34,44,0,0,0,48,703508,0,0,120389400,28922850,245320744,0,0,55420,12,12,0,760429,760429,0,0,760429,55420,12.28,0.46
868,2026-05-16 10:10:25,7,q33,0,9,68,882,1756,8732,7946,82,90,0,0,0,444,889109,0,0,1187094680,50875014,451799976,0,0,17063,18,18,0,450453,450453,0,0,450453,17063,9.9,0.88
869,2026-05-16 10:10:27,7,q34,0,8,32,452,613,3450,3300,39,38,1,0,0,127,16394969,0,0,480760000,29327803,103214828,0,0,20445,21,21,0,646759,646759,0,0,351165,10675,7.63,0.45
870,2026-05-16 10:10:29,7,q35,0,10,92,1106,2227,10382,8419,54,82,1,315,0,1092,23973725,0,0,8159872040,53091814,196286252,0,0,6056644,255,255,0,16002181,16002181,0,0,16002181,6056644,9.39,1.11
871,2026-05-16 10:10:31,7,q35a,0,9,92,916,1335,6655,6156,41,85,2,0,0,646,23973811,0,0,7371343176,53091814,196286252,0,0,6053558,255,255,0,16010477,16010477,0,0,16010477,6053558,7.27,0.92
872,2026-05-16 10:10:33,7,q36,0,6,26,751,717,6000,5816,44,44,0,0,0,81,1857112,0,0,1036986400,28922603,310110284,0,0,1769,11,11,0,138561,138561,0,0,138561,1769,7.99,0.75
873,2026-05-16 10:10:35,7,q36a,0,9,31,803,740,5900,5741,45,49,0,0,0,91,1857112,0,0,1575954272,28922603,310110284,0,0,4798,36,36,0,397299,397299,0,0,147261,1822,7.35,0.8
874,2026-05-16 10:10:37,7,q37,0,6,61,1019,1335,9738,9152,52,61,0,110,0,398,157657,0,0,886656304,147632425,477965736,0,0,4316414,180,180,0,64485606,64485606,0,0,64485606,14400617,9.56,1.02
875,2026-05-16 10:10:39,7,q38,0,10,103,1544,3175,17683,14458,127,130,1,0,0,1481,12765592,0,0,8161428680,50921014,168240424,0,0,1694835,473,473,0,44530328,44530328,0,0,44530328,1694835,11.45,1.54
876,2026-05-16 10:10:41,7,q39a,0,12,71,1866,3521,21230,19636,124,122,1,0,0,844,801878,0,0,2062236424,266362010,795492552,0,0,1129925,56,56,0,27117544,27117544,0,0,26113005,1093917,11.38,1.87
877,2026-05-16 10:10:44,7,q39b,0,11,80,1642,2947,18784,17931,141,150,0,416,0,272,798149,0,0,2909485568,266362010,795492552,0,0,1566117,55,55,0,37296349,37296349,0,0,24991446,1056117,11.44,1.64
878,2026-05-16 10:10:47,7,q40,0,7,57,1530,1906,18483,17102,52,62,0,0,0,1111,173485,0,0,4141621464,15962317,186621472,0,0,15748014,357,357,0,309656666,309656666,0,0,309656666,15748014,12.08,1.53
879,2026-05-16 10:10:49,7,q41,0,4,6,154,125,135,120,7,7,0,0,0,7,12426,0,0,202903480,204000,8796048,0,0,140,2,2,0,9680,9680,0,0,9680,140,0.88,0.15
880,2026-05-16 10:10:51,7,q42,0,4,24,342,330,2836,2685,43,37,0,0,0,24,91340,0,0,786960824,28922501,215571504,0,0,110,10,10,0,9116,9116,0,0,9116,110,8.29,0.34
881,2026-05-16 10:10:52,7,q43,0,4,23,493,471,4236,4083,31,34,0,0,0,28,91340,0,0,114629704,28820603,122517996,0,0,210,10,10,0,27084,27084,0,0,27084,210,8.59,0.49
882,2026-05-16 10:10:54,7,q44,0,8,55,690,745,5713,5104,67,67,0,0,0,164,1663841,0,0,1589568808,57703002,359682040,0,0,795972,120,120,0,10069011,10069011,0,0,5035816,398046,8.28,0.69
883,2026-05-16 10:10:55,7,q45,0,7,31,607,642,2081,1969,28,33,0,0,0,8,5019183,0,0,2126545808,8092088,102358216,0,0,29,4,4,0,2649,2649,0,0,2649,29,3.43,0.61
884,2026-05-16 10:10:57,7,q46,0,7,32,796,910,6133,5941,43,47,2,0,0,123,15301537,0,0,1039122784,29577803,236324380,0,0,27956,10,10,0,1371108,1371108,0,0,1371108,27956,7.7,0.8
885,2026-05-16 10:10:59,7,q47,0,11,86,1626,2343,17580,15279,148,150,0,0,0,2064,2306610,0,0,6656509880,28922603,204502452,0,0,2665245,787,787,0,105359658,105359658,0,0,61755714,1560722,10.81,1.63
886,2026-05-16 10:11:02,7,q48,0,6,35,1166,1210,10438,10036,25,28,0,270,0,5,1323847,0,0,669220160,30991403,297217008,0,0,20,20,20,0,1160,1160,0,0,1160,20,8.95,1.17
887,2026-05-16 10:11:04,7,q49,0,16,143,1612,5470,21142,19360,98,148,1,384,0,1507,231020,0,0,4918749864,55458802,783241944,0,0,12389987,58,58,0,273846553,273846553,0,0,273846553,12389987,13.12,1.61
888,2026-05-16 10:11:06,7,q50,0,7,56,2239,2808,28660,26210,67,64,7,77,0,1399,370395,0,0,4687124776,31771284,223321004,0,0,29262054,357,357,0,629536939,629536939,0,0,629536939,29262054,12.8,2.24
889,2026-05-16 10:11:10,7,q51,0,10,140,2805,4064,38232,34558,189,209,0,784,0,3060,299557,0,0,9977043664,36020589,264732640,0,0,24415841,1679,1679,0,420200401,420200401,0,0,420200401,24415841,13.63,2.8
890,2026-05-16 10:11:14,7,q51a,0,14,206,20380,24413,268198,256908,312,354,0,2272,0,4222,459229,0,0,26932512032,36020589,264732640,0,0,47531016,2587,2587,0,789082482,789082482,0,0,575698989,36069050,13.16,20.38
891,2026-05-16 10:11:35,7,q52,0,4,24,398,389,3218,3086,38,38,0,0,0,120,91340,0,0,786960824,28922501,215702576,0,0,4250,10,10,0,266731,266731,0,0,266731,4250,8.09,0.4
892,2026-05-16 10:11:37,7,q53,0,6,26,573,554,4348,4187,41,42,0,60,0,128,108570,0,0,208086096,28922603,205178292,0,0,31394,11,11,0,661862,661862,0,0,661862,31394,7.59,0.57
893,2026-05-16 10:11:38,7,q54,0,15,93,1374,2447,17646,16787,117,120,0,0,0,736,5019269,0,0,2716105496,51386165,328139844,0,0,26873209,179,179,0,252845431,252845431,0,0,252845431,26873209,12.84,1.37
894,2026-05-16 10:11:41,7,q55,0,4,24,451,435,3923,3439,31,34,0,112,0,98,91942,0,0,786960824,28922501,215702576,0,0,3448,10,10,0,211879,211879,0,0,211879,3448,8.7,0.45
895,2026-05-16 10:11:42,7,q56,0,9,68,801,1658,7400,6913,87,98,0,0,0,353,463898,0,0,1175692536,50875014,452062120,0,0,10844,18,18,0,393253,393253,0,0,393253,10844,9.24,0.8
896,2026-05-16 10:11:44,7,q57,0,11,67,1498,2218,13490,11522,127,114,0,0,0,727,2306610,0,0,5374089408,14522449,120588172,0,0,1160477,378,378,0,45143877,45143877,0,0,33403525,851478,9.01,1.5
897,2026-05-16 10:11:47,7,q58,0,11,67,915,1932,9709,8703,87,93,0,0,0,322,782379,0,0,2221524408,50669112,416052560,0,0,247081,27,27,0,3686832,3686832,0,0,3686832,247081,10.61,0.92
898,2026-05-16 10:11:49,7,q59,0,10,39,1008,1068,6955,6634,48,51,0,0,0,370,751663,0,0,1673170840,28913754,127746064,0,0,304460,132,132,0,12848225,12848225,0,0,6671249,170845,6.9,1.01
899,2026-05-16 10:11:51,7,q60,0,9,68,833,1771,7946,6846,85,100,0,240,0,562,463898,0,0,1671759920,50875014,451996584,0,0,78428,19,19,0,1556649,1556649,0,0,1556649,78428,9.54,0.83
900,2026-05-16 10:11:52,7,q61,0,10,55,1108,1921,12745,12216,68,35,0,56,0,10,5019699,0,0,1246748000,58473604,521203004,0,0,40,40,40,0,2319,2319,0,0,2319,40,11.5,1.11
901,2026-05-16 10:11:55,7,q62,0,6,22,420,412,1662,1484,28,28,0,0,0,36,105425,0,0,143190168,7220160,63239520,0,0,1680,4,4,0,144678,144678,0,0,144678,1680,3.96,0.42
902,2026-05-16 10:11:56,7,q63,0,6,26,554,536,4234,4126,36,37,0,0,0,126,108140,0,0,208020560,28922603,205182388,0,0,12917,11,11,0,338305,338305,0,0,338305,12917,7.64,0.55
903,2026-05-16 10:11:58,7,q64,0,23,177,6813,14357,96725,89519,210,248,5,544,0,4875,13538285,0,0,35890420816,50412111,690642964,0,0,52026303,2318,2318,0,1952932789,1952932789,0,0,1806179638,48487731,14.2,6.81
904,2026-05-16 10:12:06,7,q65,0,10,97,1661,3042,23479,21331,137,141,1,0,0,1855,9163347,0,0,6116202576,57723104,403918796,0,0,11880061,391,391,0,391199918,391199918,0,0,391199918,11880061,14.14,1.66
905,2026-05-16 10:12:09,7,q66,0,8,44,1135,1689,9831,8689,100,102,0,0,0,24,147441,0,0,980144136,21660543,258844624,0,0,90,9,9,0,47940,47940,0,0,47940,90,8.66,1.14
906,2026-05-16 10:12:11,7,q67,0,6,42,6888,6838,73545,72192,73,76,0,572,0,1393,4629135,0,0,7594451448,28922603,231515572,0,0,11548825,187,187,0,866159379,866159379,0,0,866159379,11548825,10.68,6.89
907,2026-05-16 10:12:19,7,q67a,0,14,183,10473,35842,140312,131141,330,370,0,806,0,5356,4629135,0,0,26569738752,28922603,231515572,0,0,55551436,1700,1700,0,4120617224,4120617224,0,0,900588536,13218740,13.4,10.47
908,2026-05-16 10:12:30,7,q68,0,7,32,925,1041,7567,7029,50,52,4,120,0,115,15301537,0,0,568481352,29577803,365471260,0,0,6174,10,10,0,436284,436284,0,0,436284,6174,8.18,0.92
909,2026-05-16 10:12:32,7,q69,0,11,87,868,1735,6442,5593,22,57,0,0,0,590,28676332,0,0,3807965440,53091814,196425516,0,0,1902033,101,101,0,9547581,9547581,0,0,9547581,1902033,7.42,0.87
910,2026-05-16 10:12:34,7,q70,0,9,47,860,808,6838,6590,81,80,0,0,0,42,209640,0,0,1101810584,57621206,284462472,0,0,209,22,22,0,10316,10316,0,0,10316,209,7.95,0.86
911,2026-05-16 10:12:36,7,q70a,0,12,52,822,743,5832,5569,88,93,0,0,0,46,208520,0,0,902580896,57621206,284462472,0,0,240,47,47,0,14125,14125,0,0,8085,180,7.09,0.82
912,2026-05-16 10:12:38,7,q71,0,7,64,816,786,8889,8253,82,99,0,0,0,189,373296,0,0,960488296,50563014,434905632,0,0,32249,31,31,0,1647863,1647863,0,0,994723,21130,10.89,0.82
913,2026-05-16 10:12:40,7,q72,0,14,113,19650,21294,248147,242458,110,133,1,1078,0,4377,13126023,0,0,25673044504,151146915,635734336,0,0,140763211,855,855,0,2028503693,2028503693,0,0,2028503693,140763211,12.63,19.65
914,2026-05-16 10:13:01,7,q73,0,8,32,442,638,3647,3502,32,37,2,0,0,90,16394969,0,0,480153792,29327803,103214828,0,0,5455,21,21,0,264512,264512,0,0,132562,2732,8.25,0.44
915,2026-05-16 10:13:02,7,q74,0,13,137,2001,5986,24439,20739,196,201,1,48,0,2172,15491653,0,0,14068734504,72541178,433104896,0,0,1763111,822,822,0,58846938,58846938,0,0,58846938,1763111,12.21,2.0
916,2026-05-16 10:13:05,7,q75,0,17,229,3073,7923,44838,37511,271,324,2,368,0,3964,13514234,0,0,15771435216,105981816,1098501000,0,0,12427816,1276,1276,0,277137706,277137706,0,0,191422161,8110302,14.59,3.07
917,2026-05-16 10:13:10,7,q76,0,4,61,819,782,10458,9542,97,105,0,0,0,218,917299,0,0,2250898352,50576063,437110960,0,0,3127,24,24,0,261039,261039,0,0,261039,3127,12.77,0.82
918,2026-05-16 10:13:11,7,q77,0,14,109,1131,4820,13278,11716,150,130,2,352,0,159,91770,0,0,868584744,55459104,584031532,0,0,1757,44,44,0,120257,120257,0,0,120257,1757,11.74,1.13
919,2026-05-16 10:13:14,7,q77a,0,17,114,1133,4199,11725,10596,115,143,0,0,0,176,91340,0,0,1407552616,55459104,584031532,0,0,2221,55,55,0,176374,176374,0,0,134878,1891,10.35,1.13
920,2026-05-16 10:13:16,7,q78,0,10,135,4903,8767,69475,64197,187,195,1,256,0,3909,13126023,0,0,20059149184,55458802,716444376,0,0,38475571,748,748,0,1135565412,1135565412,0,0,1135565412,38475571,14.17,4.9
921,2026-05-16 10:13:22,7,q79,0,7,32,824,973,7178,6946,35,39,2,0,0,121,12765592,0,0,952877472,29327803,230420268,0,0,80366,22,22,0,2983084,2983084,0,0,2983084,80366,8.71,0.82
922,2026-05-16 10:13:24,7,q80,0,16,144,6035,16081,88619,82214,116,170,2,432,0,4152,14436243,0,0,12447675392,55573446,832461376,0,0,45134851,721,721,0,1331351661,1331351661,0,0,1331351661,45134851,14.68,6.04
923,2026-05-16 10:13:31,7,q80a,0,19,149,5785,14258,86593,82733,165,187,6,256,0,3806,14436372,0,0,12919534424,55573446,832461376,0,0,45135808,732,732,0,1331467254,1331467254,0,0,1331364504,45134782,14.97,5.78
924,2026-05-16 10:13:38,7,q81,0,11,54,760,1535,6934,6010,55,60,2,0,0,165,20721956,0,0,2470448864,3899764,133968976,0,0,805182,43,43,0,12400572,12400572,0,0,12400572,805182,9.12,0.76
925,2026-05-16 10:13:40,7,q82,0,6,61,1420,2227,15617,13427,46,61,0,352,0,525,158044,0,0,1658418336,162032501,518298296,0,0,13778665,194,194,0,137239500,137239500,0,0,137239500,28800829,11.0,1.42
926,2026-05-16 10:13:42,7,q83,0,10,50,674,1541,6941,6382,57,61,0,0,0,292,782379,0,0,1250670456,5358935,133289128,0,0,43961,14,14,0,759663,759663,0,0,759663,43961,10.3,0.67
927,2026-05-16 10:13:44,7,q84,0,7,36,618,477,1433,1255,21,23,0,0,0,0,14823737,0,0,1009709760,5555652,92598792,0,0,100,1,1,0,1865,1865,0,0,1865,100,2.32,0.62
928,2026-05-16 10:13:46,7,q85,0,9,55,1322,1342,4579,4284,50,57,2,0,0,6,24325253,0,0,9179235800,12032207,198061044,0,0,13,3,3,0,1363,1363,0,0,1363,13,3.46,1.32
929,2026-05-16 10:13:48,7,q86,0,5,22,429,388,1463,1324,29,27,0,0,0,29,1857112,0,0,581791072,7322088,81805712,0,0,816,5,5,0,54738,54738,0,0,54738,816,3.41,0.43
930,2026-05-16 10:13:49,7,q86a,0,8,27,448,385,1360,1164,28,32,0,40,0,41,1857112,0,0,1120758808,7322088,81805712,0,0,2119,18,18,0,157705,157705,0,0,66561,929,3.04,0.45
931,2026-05-16 10:13:51,7,q87,0,10,103,1720,3875,21760,17807,141,135,1,0,0,1676,12765592,0,0,8161428680,50921014,168240424,0,0,1694835,473,473,0,44530328,44530328,0,0,44530328,1694835,12.65,1.72
932,2026-05-16 10:13:54,7,q88,0,26,178,1351,7901,19239,17796,26,95,0,0,0,31,45840,0,0,514952960,230611310,528085700,0,0,160,160,160,0,9200,9200,0,0,9200,160,14.24,1.35
933,2026-05-16 10:13:56,7,q89,0,6,27,655,637,5074,4900,41,39,0,0,0,154,108570,0,0,946676392,28922603,204842420,0,0,49975,22,22,0,2298433,2298433,0,0,2298433,49975,7.75,0.66
934,2026-05-16 10:13:58,7,q90,0,8,40,227,385,1521,1440,17,20,0,0,0,4,38878,0,0,110071328,14447576,93499260,0,0,34,34,34,0,1928,1928,0,0,1928,34,6.7,0.23
935,2026-05-16 10:13:59,7,q91,0,10,39,519,507,3061,2845,34,37,0,0,0,8,9532008,0,0,1037410344,4137906,95426260,0,0,53,5,5,0,7711,7711,0,0,4761,34,5.9,0.52
936,2026-05-16 10:14:01,7,q92,0,7,40,361,632,2311,2116,26,33,0,0,0,67,703941,0,0,113358480,14522176,157872392,0,0,135661,9,9,0,1837430,1837430,0,0,1837430,135661,6.4,0.36
937,2026-05-16 10:14:02,7,q93,0,5,54,3862,4235,46016,44596,51,58,0,0,0,1771,143973,0,0,5766380072,31678178,287688508,0,0,31635854,357,357,0,754631060,754631060,0,0,754631060,31635854,11.92,3.86
938,2026-05-16 10:14:07,7,q94,0,8,68,1568,2113,15038,13898,59,65,0,160,0,431,2563925,0,0,3571011840,15390492,167770608,0,0,14397040,153,153,0,217756751,217756751,0,0,217756751,14397040,9.59,1.57
939,2026-05-16 10:14:10,7,q95,0,8,68,3282,3730,39289,36328,62,74,0,520,0,385,2564597,0,0,14560086280,15390492,165505520,0,0,35990240,357,357,0,319472623,319472623,0,0,196649755,14395274,11.97,3.28
940,2026-05-16 10:14:14,7,q96,0,5,24,264,262,2225,2050,12,14,0,0,0,5,45926,0,0,63872480,28827803,67807756,0,0,20,20,20,0,1150,1150,0,0,1150,20,8.43,0.26
941,2026-05-16 10:14:15,7,q97,0,5,59,1839,2425,20704,19146,75,81,0,0,0,297,160565,0,0,6212927976,43220926,231386480,0,0,8377699,238,238,0,96908300,96908300,0,0,96908300,8377699,11.26,1.84
942,2026-05-16 10:14:18,7,q98,0,7,35,719,655,4346,4057,47,50,3,90,0,190,3268117,0,0,1690376016,28922501,219647024,0,0,106186,98,98,0,14471806,14471806,0,0,12501113,91022,6.04,0.72
943,2026-05-16 10:14:20,7,q99,0,6,25,589,579,3380,3142,32,33,0,0,0,59,124037,0,0,156567144,14420479,77633364,0,0,2160,3,3,0,173855,173855,0,0,173855,2160,5.74,0.59
944,2026-05-16 10:14:22,8,q1,0,10,62,591,1013,6733,5389,71,69,0,54,0,974,5073369,0,0,3337334424,6275366,134988172,0,0,1611249,182,182,0,25346729,25346729,0,0,25346729,1611249,11.39,0.59
945,2026-05-16 10:14:23,8,q2,0,9,45,2255,2188,6829,4890,51,57,0,1615,0,73,751663,0,0,461108944,21713562,145153904,0,0,6838,44,44,0,352525,352525,0,0,127373,4198,3.03,2.26
946,2026-05-16 10:14:27,8,q3,0,4,24,451,436,3852,3225,32,32,0,132,0,157,91770,0,0,119963624,28975550,215710768,0,0,2998,10,10,0,206438,206438,0,0,206438,2998,8.54,0.45
947,2026-05-16 10:14:28,8,q4,0,19,228,6164,27750,81541,60305,532,432,9,2184,0,5913,36928978,0,0,30989812144,101342028,1449116176,0,0,2983909,1665,1665,0,192634309,192634309,0,0,192634309,2983909,13.23,6.16
948,2026-05-16 10:14:35,8,q5,0,10,124,1727,3422,21944,15659,200,189,9,648,0,256,16637536,0,0,2431651760,62671034,661741556,0,0,3992,34,34,0,260576,260576,0,0,260576,3992,12.71,1.73
949,2026-05-16 10:14:38,8,q5a,0,13,129,1793,3418,20655,14496,226,205,2,583,0,299,16637579,0,0,2970619632,62671034,661741556,0,0,5938,44,44,0,419375,419375,0,0,286145,4114,11.52,1.79
950,2026-05-16 10:14:41,8,q6,0,11,54,1851,2506,21987,18283,75,66,0,485,0,658,2111032,0,0,5012926032,29847550,168877496,0,0,27358702,206,206,0,240333811,240333811,0,0,240333811,27358702,11.88,1.85
951,2026-05-16 10:14:44,8,q7,0,7,37,1083,1100,9056,8743,48,47,0,0,0,117,782379,0,0,1080238624,30843801,393155840,0,0,71861,22,22,0,2549492,2549492,0,0,2549492,71861,8.36,1.08
952,2026-05-16 10:14:46,8,q8,0,10,36,782,706,4730,4226,64,57,0,54,0,37,2361205,0,0,1773265248,29820603,164053132,0,0,6731,13,13,0,84406,84406,0,0,84406,6731,6.05,0.78
953,2026-05-16 10:14:48,8,q9,0,11,106,1119,4982,16270,12355,69,74,0,407,0,22,42050,0,0,0,144002550,874996780,0,0,100,100,100,0,6957,6957,0,0,6957,100,14.54,1.12
954,2026-05-16 10:14:50,8,q10,0,13,98,993,2373,9362,7180,39,78,1,310,0,1072,592058,0,0,1549657768,53091814,196622124,0,0,4321867,122,122,0,66501043,66501043,0,0,66501043,4321867,9.43,0.99
955,2026-05-16 10:14:52,8,q10a,0,10,97,703,1546,7188,5901,41,84,0,0,0,915,154690,0,0,2065069744,53091814,196622124,0,0,4289247,173,173,0,66460060,66460060,0,0,66460060,4289247,10.22,0.7
956,2026-05-16 10:14:54,8,q11,0,15,153,2796,7540,31454,22591,250,234,3,928,0,4250,36928978,0,0,20231215248,72541178,546342912,0,0,1976060,990,990,0,121162579,121162579,0,0,121162579,1976060,11.25,2.8
957,2026-05-16 10:14:58,8,q12,0,5,23,488,425,1348,1148,28,30,0,0,0,57,3268117,0,0,649575248,7322088,85860752,0,0,29116,10,10,0,3907483,3907483,0,0,3907483,29116,2.76,0.49
958,2026-05-16 10:15:00,8,q13,0,7,36,1187,1243,10469,9865,26,29,0,160,0,4,1303376,0,0,691209280,30998603,479987220,0,0,20,20,20,0,1371,1371,0,0,1371,20,8.82,1.19
959,2026-05-16 10:15:02,8,q14a,0,30,280,6425,12975,67488,56795,471,409,0,2088,0,4811,1189316,0,0,9940144464,151671042,990848472,0,0,62586107,342,342,0,877743160,877743160,0,0,874734576,62499583,10.5,6.42
960,2026-05-16 10:15:10,8,q14b,0,24,217,4401,7947,52661,46212,313,305,16,1118,0,3698,1189316,0,0,8458015920,130216627,791340536,0,0,68363018,316,316,0,1013219464,1013219464,0,0,529302342,40855811,11.97,4.4
961,2026-05-16 10:15:16,8,q14,0,24,214,3417,6076,38140,36272,340,321,3,841,0,1904,1162249,0,0,7574558088,130216627,791340536,0,0,68273663,281,281,0,1004568545,1004568545,0,0,520651423,40766456,11.16,3.42
962,2026-05-16 10:15:20,8,q15,0,5,30,940,916,7514,7277,34,37,0,102,0,10,5019183,0,0,951797424,15170425,109597384,0,0,502,1,1,0,18324,18324,0,0,18324,502,7.99,0.94
963,2026-05-16 10:15:22,8,q16,0,8,77,1835,2933,25204,22163,61,79,0,304,0,1163,5380954,0,0,4852315440,30510756,276801092,0,0,28674690,357,357,0,416261641,416261641,0,0,416261641,28674690,13.74,1.84
964,2026-05-16 10:15:25,8,q17,0,10,95,4529,6664,59775,56104,104,112,1,779,0,2878,6944789,0,0,7880912176,46220660,364127356,0,0,45538041,803,803,0,1089146303,1089146303,0,0,1089146303,45538041,13.2,4.53
965,2026-05-16 10:15:31,8,q18,0,9,55,1139,1305,6570,6250,60,70,2,0,0,26,9716301,0,0,3074056776,19114025,322004024,0,0,55958,9,9,0,3984849,3984849,0,0,3984849,55958,5.77,1.14
966,2026-05-16 10:15:33,8,q18a,0,17,145,3225,10365,40845,35311,193,219,0,787,0,236,9716473,0,0,14494187648,77567725,1345911216,0,0,63894,37,37,0,4339335,4339335,0,0,4339335,63894,12.67,3.22
967,2026-05-16 10:15:37,8,q19,0,7,33,869,870,6505,6311,46,48,0,0,0,114,5019183,0,0,1599037304,29672603,255771940,0,0,7397,10,10,0,541770,541770,0,0,541770,7397,7.49,0.87
968,2026-05-16 10:15:39,8,q20,0,5,25,429,392,1806,1670,33,34,0,0,0,17,3268117,0,0,412686616,14522425,129793824,0,0,28486,2,2,0,3491832,3491832,0,0,3491832,28486,4.21,0.43
969,2026-05-16 10:15:41,8,q21,0,5,25,997,986,7291,7093,45,46,0,70,0,11,107409,0,0,208677936,133232010,401390576,0,0,31850,1,1,0,679321,679321,0,0,679321,31850,7.31,1.0
970,2026-05-16 10:15:43,8,q22,0,6,42,57035,56993,119596,119179,105,79,0,82,0,63,4629135,0,0,1753344224,133232010,400049120,0,0,612866,68,68,0,25729614,25729614,0,0,25729614,612866,2.1,57.04
971,2026-05-16 10:16:41,8,q22a,0,10,66,3422,4050,15998,13225,135,123,0,137,0,2077,4629221,0,0,5660862736,133232010,400255984,0,0,918610,160,160,0,45113549,45113549,0,0,14511781,306922,4.68,3.42
972,2026-05-16 10:16:46,8,q23a,0,18,194,6204,11007,79992,70435,212,230,1,932,0,5639,6575826,0,0,12650385656,108664016,674578880,0,0,43897022,644,644,0,1114819545,1114819545,0,0,1084928778,41990015,12.89,6.2
973,2026-05-16 10:16:53,8,q23b,0,21,220,6379,12397,82786,74173,515,297,1,1904,0,3369,6575869,0,0,25625726792,109164016,688634368,0,0,48673518,1314,1314,0,1200059106,1200059106,0,0,1097299361,42452497,12.98,6.38
974,2026-05-16 10:17:00,8,q24,0,8,64,2266,3137,28580,26026,67,69,3,160,0,1279,20636865,0,0,7068696000,32530235,307068176,0,0,29735885,340,340,0,678254112,678254112,0,0,678254112,29735885,12.61,2.27
975,2026-05-16 10:17:04,8,q24a,0,13,86,3658,4345,43529,40932,113,102,3,424,0,1533,18087253,0,0,16497845272,32632235,309614808,0,0,59478907,712,712,0,1357451922,1357451922,0,0,679197810,29743022,11.9,3.66
976,2026-05-16 10:17:08,8,q24b,0,13,86,3039,3864,34450,33010,100,106,3,774,0,1766,18087339,0,0,15891776752,32632235,309614808,0,0,59478765,700,700,0,1357428154,1357428154,0,0,679174042,29742880,11.34,3.04
977,2026-05-16 10:17:13,8,q25,0,10,95,4744,7154,63898,58382,90,105,2,1295,0,3099,6944789,0,0,7880887560,46220660,464241788,0,0,45538038,800,800,0,1108759789,1108759789,0,0,1108759789,45538038,13.47,4.74
978,2026-05-16 10:17:18,8,q26,0,6,35,643,683,4349,4123,46,47,0,0,0,32,782422,0,0,475734776,16443725,234711024,0,0,33482,3,3,0,1124909,1124909,0,0,1124909,33482,6.76,0.64
979,2026-05-16 10:17:20,8,q27,0,7,37,952,983,8068,7671,61,56,0,210,0,120,782379,0,0,1080698912,30843403,365429536,0,0,58884,22,22,0,2218125,2218125,0,0,2218125,58884,8.47,0.95
980,2026-05-16 10:17:22,8,q27a,0,11,81,1645,3499,20961,18473,104,100,0,317,0,389,782379,0,0,1806596672,88546507,1043660596,0,0,60793,43,43,0,2451360,2451360,0,0,2451360,60793,12.74,1.64
981,2026-05-16 10:17:25,8,q28,0,18,132,1871,9727,26749,22715,137,157,0,283,0,1622,57159,0,0,4462213584,172803006,1357446288,0,0,470650,66,66,0,7692048,7692048,0,0,7692048,470650,14.3,1.87
982,2026-05-16 10:17:28,8,q29,0,11,96,4548,6451,59774,56279,92,102,1,833,0,2956,6944789,0,0,7880995000,46240660,366365388,0,0,45538045,805,805,0,1089147078,1089147078,0,0,1089147078,45538045,13.14,4.55
983,2026-05-16 10:17:33,8,q30,0,11,51,698,1355,1791,1557,76,73,0,0,0,115,1992893,0,0,1012759832,2460548,94235280,0,0,755089,7,7,0,59269674,59269674,0,0,59269674,755089,2.57,0.7
984,2026-05-16 10:17:35,8,q31,0,19,125,1705,7390,20929,18434,146,151,1,279,0,1179,3832889,0,0,3976834528,108311767,630486736,0,0,74061,45,45,0,2501087,2501087,0,0,2420630,72215,12.28,1.7
985,2026-05-16 10:17:38,8,q32,0,7,46,394,673,4287,3960,31,46,0,0,0,47,703508,0,0,120389400,28922850,245320744,0,0,55420,12,12,0,760429,760429,0,0,760429,55420,10.88,0.39
986,2026-05-16 10:17:39,8,q33,0,9,68,974,2049,9978,7804,79,95,0,208,0,384,889109,0,0,1187094680,50875014,451799976,0,0,17063,18,18,0,450453,450453,0,0,450453,17063,10.24,0.97
987,2026-05-16 10:17:41,8,q34,0,8,32,567,727,4513,4368,28,36,1,0,0,121,16394969,0,0,480760000,29327803,103214828,0,0,20445,21,21,0,646759,646759,0,0,351165,10675,7.96,0.57
988,2026-05-16 10:17:43,8,q35,0,10,92,1099,2069,9361,7594,62,80,0,528,0,889,23974112,0,0,8159872040,53091814,196286252,0,0,6056644,255,255,0,16002181,16002181,0,0,16002181,6056644,8.52,1.1
989,2026-05-16 10:17:45,8,q35a,0,9,92,950,1219,6665,5868,42,81,0,204,0,780,23973811,0,0,7371343176,53091814,196286252,0,0,6053558,255,255,0,16010477,16010477,0,0,16010477,6053558,7.02,0.95
990,2026-05-16 10:17:47,8,q36,0,6,26,747,712,5991,5806,40,43,0,0,0,78,1857112,0,0,1036986400,28922603,310110284,0,0,1769,11,11,0,138561,138561,0,0,138561,1769,8.02,0.75
991,2026-05-16 10:17:49,8,q36a,0,9,31,773,713,5546,5239,48,51,0,140,0,88,1857112,0,0,1575954272,28922603,310110284,0,0,4798,36,36,0,397299,397299,0,0,147261,1822,7.17,0.77
992,2026-05-16 10:17:51,8,q37,0,6,61,1032,1362,9653,9035,44,56,0,50,0,396,157657,0,0,886656304,147632425,477965736,0,0,4316414,180,180,0,64485606,64485606,0,0,64485606,14400617,9.35,1.03
993,2026-05-16 10:17:53,8,q38,0,10,103,1766,3998,22128,17882,136,138,8,432,0,1628,12765592,0,0,8161428680,50921014,168240424,0,0,1694835,473,473,0,44530328,44530328,0,0,44530328,1694835,12.53,1.77
994,2026-05-16 10:17:56,8,q39a,0,12,71,1985,3628,22003,20246,103,112,0,224,0,410,801878,0,0,2062236424,266362010,795492552,0,0,1129925,56,56,0,27117544,27117544,0,0,26113005,1093917,11.08,1.98
995,2026-05-16 10:17:59,8,q39b,0,12,71,1626,3066,18644,16955,110,114,0,277,0,1022,798149,0,0,2062236424,266362010,795492552,0,0,1058875,56,56,0,25171608,25171608,0,0,25081527,1057496,11.47,1.63
996,2026-05-16 10:18:01,8,q40,0,7,57,1458,1820,17359,16357,52,64,0,0,0,1061,173485,0,0,4141621464,15962317,186621472,0,0,15748014,357,357,0,309656666,309656666,0,0,309656666,15748014,11.91,1.46
997,2026-05-16 10:18:04,8,q41,0,4,6,162,133,137,122,15,7,0,10,0,7,12426,0,0,202903480,204000,8796048,0,0,140,2,2,0,9680,9680,0,0,9680,140,0.85,0.16
998,2026-05-16 10:18:05,8,q42,0,4,24,400,388,3426,3225,35,38,0,70,0,23,91770,0,0,786960824,28922501,215571504,0,0,110,10,10,0,9116,9116,0,0,9116,110,8.56,0.4
999,2026-05-16 10:18:06,8,q43,0,4,23,453,432,3830,3670,35,36,0,0,0,27,91340,0,0,114629704,28820603,122517996,0,0,210,10,10,0,27084,27084,0,0,27084,210,8.45,0.45
1000,2026-05-16 10:18:08,8,q44,0,8,55,629,694,5230,4946,70,70,0,0,0,152,1663841,0,0,1589568808,57703002,359682040,0,0,795972,120,120,0,10069011,10069011,0,0,5035816,398046,8.31,0.63
1001,2026-05-16 10:18:10,8,q45,0,7,31,567,593,1939,1829,28,33,0,0,0,8,5019183,0,0,2126545808,8092088,102358216,0,0,29,4,4,0,2649,2649,0,0,2649,29,3.42,0.57
1002,2026-05-16 10:18:11,8,q46,0,7,32,865,1007,6912,6253,41,43,18,308,0,128,15301580,0,0,1039122784,29577803,236324380,0,0,27956,10,10,0,1371108,1371108,0,0,1371108,27956,7.99,0.86
1003,2026-05-16 10:18:13,8,q47,0,11,86,1723,2486,19254,16452,149,153,0,150,0,2119,2306610,0,0,6656509880,28922603,204502452,0,0,2665245,787,787,0,105359658,105359658,0,0,61755714,1560722,11.17,1.72
1004,2026-05-16 10:18:16,8,q48,0,6,35,1167,1222,10027,9673,23,27,0,241,0,4,1324277,0,0,669220160,30991403,297217008,0,0,20,20,20,0,1160,1160,0,0,1160,20,8.59,1.17
1005,2026-05-16 10:18:18,8,q49,0,16,143,1490,4979,19221,17136,147,149,0,656,0,1532,231106,0,0,4918749864,55458802,783241944,0,0,12389987,58,58,0,273846553,273846553,0,0,273846553,12389987,12.9,1.49
1006,2026-05-16 10:18:21,8,q50,0,7,56,2250,2657,27440,26100,61,66,0,112,0,1303,370395,0,0,4687124776,31771284,223321004,0,0,29262054,357,357,0,629536939,629536939,0,0,629536939,29262054,12.2,2.25
1007,2026-05-16 10:18:24,8,q51,0,10,140,2845,4147,38751,33591,186,204,0,880,0,3997,299557,0,0,9977043664,36020589,264732640,0,0,24415841,1679,1679,0,420200401,420200401,0,0,420200401,24415841,13.62,2.84
1008,2026-05-16 10:18:28,8,q51a,0,14,206,20768,24775,274014,253532,302,349,2,4307,0,4551,459272,0,0,26932512032,36020589,264732640,0,0,47531016,2587,2587,0,789082482,789082482,0,0,575698989,36069050,13.19,20.77
1009,2026-05-16 10:18:50,8,q52,0,4,24,441,422,3547,3166,36,34,0,0,0,106,91340,0,0,786960824,28922501,215702576,0,0,4250,10,10,0,266731,266731,0,0,266731,4250,8.04,0.44
1010,2026-05-16 10:18:51,8,q53,0,6,26,521,503,3866,3749,39,39,0,0,0,146,108140,0,0,208086096,28922603,205178292,0,0,31394,11,11,0,661862,661862,0,0,661862,31394,7.42,0.52
1011,2026-05-16 10:18:53,8,q54,0,15,93,1354,2477,16917,15784,104,122,0,264,0,881,5019183,0,0,2716105496,51386165,328139844,0,0,26873209,179,179,0,252845431,252845431,0,0,252845431,26873209,12.49,1.35
1012,2026-05-16 10:18:55,8,q55,0,4,24,405,394,3158,3029,37,38,0,0,0,94,91340,0,0,786960824,28922501,215702576,0,0,3448,10,10,0,211879,211879,0,0,211879,3448,7.8,0.4
1013,2026-05-16 10:18:57,8,q56,0,9,68,853,1789,7631,7193,105,102,0,0,0,280,463898,0,0,1175692536,50875014,452062120,0,0,10844,18,18,0,393253,393253,0,0,393253,10844,8.95,0.85
1014,2026-05-16 10:18:59,8,q57,0,11,67,1469,2184,12746,10603,123,117,0,315,0,630,2306610,0,0,5374089408,14522449,120588172,0,0,1160477,378,378,0,45143877,45143877,0,0,33403525,851478,8.68,1.47
1015,2026-05-16 10:19:01,8,q58,0,11,67,1056,2248,10816,10115,86,94,0,0,0,238,782379,0,0,2221524408,50669112,416052560,0,0,247081,27,27,0,3686832,3686832,0,0,3686832,247081,10.24,1.06
1016,2026-05-16 10:19:03,8,q59,0,10,39,963,1022,6695,6110,49,54,0,100,0,467,751663,0,0,1673170840,28913754,127746064,0,0,304460,132,132,0,12848225,12848225,0,0,6671249,170845,6.95,0.96
1017,2026-05-16 10:19:05,8,q60,0,9,68,939,1872,8784,7943,90,104,0,0,0,638,463898,0,0,1671759920,50875014,451996584,0,0,78428,19,19,0,1556649,1556649,0,0,1556649,78428,9.35,0.94
1018,2026-05-16 10:19:07,8,q61,0,10,55,1197,1986,13528,11679,21,38,0,176,0,22,5019183,0,0,1246748000,58473604,521203004,0,0,40,40,40,0,2319,2319,0,0,2319,40,11.3,1.2
1019,2026-05-16 10:19:10,8,q62,0,6,22,450,441,1744,1564,30,30,0,0,0,38,105425,0,0,143190168,7220160,63239520,0,0,1680,4,4,0,144678,144678,0,0,144678,1680,3.88,0.45
1020,2026-05-16 10:19:11,8,q63,0,6,26,545,528,4183,4083,51,42,0,0,0,133,108140,0,0,208020560,28922603,205182388,0,0,12917,11,11,0,338305,338305,0,0,338305,12917,7.68,0.55
1021,2026-05-16 10:19:13,8,q64,0,23,177,6905,14609,98537,87858,215,250,3,1488,0,6987,13538285,0,0,35890420816,50412111,690642964,0,0,52026303,2318,2318,0,1952932789,1952932789,0,0,1806179638,48487731,14.27,6.9
1022,2026-05-16 10:19:21,8,q65,0,10,97,1685,3135,24401,22219,127,142,1,320,0,1798,9163347,0,0,6116202576,57723104,403918796,0,0,11880061,391,391,0,391199918,391199918,0,0,391199918,11880061,14.48,1.68
1023,2026-05-16 10:19:24,8,q66,0,8,44,1188,1770,10791,9570,99,102,0,108,0,33,147441,0,0,980144136,21660543,258844624,0,0,90,9,9,0,47940,47940,0,0,47940,90,9.08,1.19
1024,2026-05-16 10:19:26,8,q67,0,6,42,6994,6939,75281,71767,112,76,0,1040,0,1396,4629135,0,0,7594451448,28922603,231515572,0,0,11548825,187,187,0,866159379,866159379,0,0,866159379,11548825,10.76,6.99
1025,2026-05-16 10:19:34,8,q67a,0,14,183,10760,37038,143495,133326,359,388,0,1824,0,5273,4629135,0,0,26569738752,28922603,231515572,0,0,55551436,1700,1700,0,4120617224,4120617224,0,0,900588536,13218740,13.34,10.76
1026,2026-05-16 10:19:46,8,q68,0,7,32,828,952,6447,5989,52,42,5,5,0,107,15301580,0,0,568481352,29577803,365471260,0,0,6174,10,10,0,436284,436284,0,0,436284,6174,7.79,0.83
1027,2026-05-16 10:19:48,8,q69,0,11,87,900,2005,7945,6822,22,61,3,0,0,791,28676332,0,0,3807965440,53091814,196425516,0,0,1902033,101,101,0,9547581,9547581,0,0,9547581,1902033,8.83,0.9
1028,2026-05-16 10:19:50,8,q70,0,9,47,901,848,7437,6974,81,81,0,186,0,43,210328,0,0,1101810584,57621206,284462472,0,0,209,22,22,0,10316,10316,0,0,10316,209,8.25,0.9
1029,2026-05-16 10:19:52,8,q70a,0,12,52,847,749,6032,5785,87,83,0,0,0,46,208520,0,0,902580896,57621206,284462472,0,0,240,47,47,0,14125,14125,0,0,8085,180,7.12,0.85
1030,2026-05-16 10:19:54,8,q71,0,7,64,821,793,8715,8045,83,102,0,77,0,185,373769,0,0,960488296,50563014,434905632,0,0,32249,31,31,0,1647863,1647863,0,0,994723,21130,10.62,0.82
1031,2026-05-16 10:19:56,8,q72,0,14,113,19858,21810,252723,246384,107,136,1,918,0,4066,13126023,0,0,25673044504,151146915,635734336,0,0,140763211,855,855,0,2028503693,2028503693,0,0,2028503693,140763211,12.73,19.86
1032,2026-05-16 10:20:17,8,q73,0,8,32,452,649,3682,3423,35,38,2,64,0,91,16395012,0,0,480153792,29327803,103214828,0,0,5455,21,21,0,264512,264512,0,0,132562,2732,8.15,0.45
1033,2026-05-16 10:20:18,8,q74,0,13,137,2022,5899,24873,19653,203,201,22,477,0,2136,15491653,0,0,14068734504,72541178,433104896,0,0,1763111,822,822,0,58846938,58846938,0,0,58846938,1763111,12.3,2.02
1034,2026-05-16 10:20:21,8,q75,0,17,229,2957,7854,44432,37307,239,309,1,816,0,4564,13514191,0,0,15771435216,105981816,1098501000,0,0,12427816,1276,1276,0,277137683,277137683,0,0,191422138,8110302,15.03,2.96
1035,2026-05-16 10:20:25,8,q76,0,4,61,821,789,10205,9197,86,102,0,96,0,204,917299,0,0,2250898352,50576063,437110960,0,0,3127,24,24,0,261039,261039,0,0,261039,3127,12.43,0.82
1036,2026-05-16 10:20:27,8,q77,0,14,109,1040,4390,12275,10945,128,129,0,96,0,264,91770,0,0,868584744,55459104,584031532,0,0,1757,44,44,0,120257,120257,0,0,120257,1757,11.8,1.04
1037,2026-05-16 10:20:29,8,q77a,0,17,114,1257,4913,13897,10986,129,146,0,256,0,168,91985,0,0,1407552616,55459104,584031532,0,0,2221,55,55,0,176374,176374,0,0,134878,1891,11.06,1.26
1038,2026-05-16 10:20:32,8,q78,0,10,135,4976,9097,68699,61770,198,200,1,752,0,3900,13126367,0,0,20059149184,55458802,716444376,0,0,38475571,748,748,0,1135565412,1135565412,0,0,1135565412,38475571,13.81,4.98
1039,2026-05-16 10:20:38,8,q79,0,7,32,782,940,6605,6285,58,53,1,154,0,118,12765635,0,0,952877472,29327803,230420268,0,0,80366,22,22,0,2983084,2983084,0,0,2983084,80366,8.45,0.78
1040,2026-05-16 10:20:40,8,q80,0,16,144,6027,15914,91210,86480,112,176,2,592,0,4203,14436114,0,0,12447675392,55573446,832461376,0,0,45134851,721,721,0,1331351661,1331351661,0,0,1331351661,45134851,15.13,6.03
1041,2026-05-16 10:20:47,8,q80a,0,19,149,5970,15140,87341,81150,143,183,2,1121,0,4196,14436415,0,0,12919534424,55573446,832461376,0,0,45135808,732,732,0,1331467254,1331467254,0,0,1331364504,45134782,14.63,5.97
1042,2026-05-16 10:20:54,8,q81,0,11,54,805,1619,7359,5971,54,62,2,144,0,167,20721956,0,0,2470448864,3899764,133968976,0,0,805182,43,43,0,12400572,12400572,0,0,12400572,805182,9.14,0.8
1043,2026-05-16 10:20:56,8,q82,0,6,61,1395,2013,14487,13772,50,61,0,150,0,423,158044,0,0,1658418336,162032501,518298296,0,0,13778665,194,194,0,137239500,137239500,0,0,137239500,28800829,10.38,1.4
1044,2026-05-16 10:20:58,8,q83,0,10,50,625,1294,5604,5028,58,58,0,0,0,315,782379,0,0,1251194744,5358935,133289128,0,0,43961,14,14,0,759663,759663,0,0,759663,43961,8.97,0.62
1045,2026-05-16 10:21:00,8,q84,0,7,36,630,452,1378,1271,15,21,0,0,0,0,14823479,0,0,1009709760,5555652,92598792,0,0,100,1,1,0,1865,1865,0,0,1865,100,2.19,0.63
1046,2026-05-16 10:21:02,8,q85,0,9,55,1321,1465,4868,4285,43,59,2,144,0,6,24325038,0,0,9179235800,12032207,198061044,0,0,13,3,3,0,1363,1363,0,0,1363,13,3.69,1.32
1047,2026-05-16 10:21:04,8,q86,0,5,22,416,377,1409,1285,27,27,0,0,0,29,1857112,0,0,581791072,7322088,81805712,0,0,816,5,5,0,54738,54738,0,0,54738,816,3.39,0.42
1048,2026-05-16 10:21:05,8,q86a,0,8,27,428,366,1250,1129,29,32,0,0,0,41,1857112,0,0,1120758808,7322088,81805712,0,0,2119,18,18,0,157705,157705,0,0,66561,929,2.92,0.43
1049,2026-05-16 10:21:07,8,q87,0,10,103,1622,3537,19559,16104,126,133,1,0,0,1269,12765592,0,0,8161428680,50921014,168240424,0,0,1694835,473,473,0,44530328,44530328,0,0,44530328,1694835,12.06,1.62
1050,2026-05-16 10:21:10,8,q88,0,26,178,1345,8605,19508,17906,34,95,0,150,0,17,46055,0,0,514952960,230611310,528085700,0,0,160,160,160,0,9200,9200,0,0,9200,160,14.5,1.34
1051,2026-05-16 10:21:12,8,q89,0,6,27,641,621,4980,4802,43,41,0,0,0,150,108570,0,0,946676392,28922603,204842420,0,0,49975,22,22,0,2298433,2298433,0,0,2298433,49975,7.77,0.64
1052,2026-05-16 10:21:14,8,q90,0,8,40,252,440,1846,1566,19,20,0,128,0,32,39523,0,0,110071328,14447576,93499260,0,0,34,34,34,0,1928,1928,0,0,1928,34,7.33,0.25
1053,2026-05-16 10:21:15,8,q91,0,10,39,438,504,2656,2509,30,37,0,0,0,4,9531965,0,0,1037410344,4137906,95426260,0,0,53,5,5,0,7711,7711,0,0,4761,34,6.06,0.44
1054,2026-05-16 10:21:17,8,q92,0,7,40,343,588,2185,1967,22,32,0,0,0,69,703941,0,0,113358480,14522176,157872392,0,0,135661,9,9,0,1837430,1837430,0,0,1837430,135661,6.37,0.34
1055,2026-05-16 10:21:18,8,q93,0,5,54,3867,4357,48266,45435,46,58,0,222,0,1896,144618,0,0,5766380072,31678178,287688508,0,0,31635854,357,357,0,754631060,754631060,0,0,754631060,31635854,12.48,3.87
1056,2026-05-16 10:21:23,8,q94,0,8,68,1452,2034,15312,14187,55,65,0,135,0,393,2564355,0,0,3571011840,15390492,167770608,0,0,14397040,153,153,0,217756751,217756751,0,0,217756751,14397040,10.55,1.45
1057,2026-05-16 10:21:25,8,q95,0,8,68,3871,4272,49936,42227,48,70,1,1735,0,375,2564683,0,0,14560086280,15390492,165505520,0,0,35990240,357,357,0,319472623,319472623,0,0,196649755,14395274,12.9,3.87
1058,2026-05-16 10:21:30,8,q96,0,5,24,243,242,2003,1967,9,13,0,0,0,2,45797,0,0,63872480,28827803,67807756,0,0,20,20,20,0,1150,1150,0,0,1150,20,8.24,0.24
1059,2026-05-16 10:21:32,8,q97,0,5,59,1850,2447,21491,18278,80,81,0,372,0,358,160565,0,0,6212927976,43220926,231386480,0,0,8377699,238,238,0,96908300,96908300,0,0,96908300,8377699,11.62,1.85
1060,2026-05-16 10:21:34,8,q98,0,7,35,677,615,4141,3809,39,43,4,0,0,192,3268117,0,0,1690376016,28922501,219647024,0,0,106186,98,98,0,14471806,14471806,0,0,12501113,91022,6.12,0.68
1061,2026-05-16 10:21:36,8,q99,0,6,25,608,600,3349,3100,32,33,0,54,0,30,124424,0,0,156567144,14420479,77633364,0,0,2160,3,3,0,173855,173855,0,0,173855,2160,5.51,0.61
1062,2026-05-16 10:21:38,9,q1,0,10,62,629,1161,7759,6580,61,68,0,0,0,618,5073369,0,0,3337334424,6275366,134988172,0,0,1611249,182,182,0,25346729,25346729,0,0,25346729,1611249,12.34,0.63
1063,2026-05-16 10:21:39,9,q2,0,9,45,602,542,4984,4643,49,56,0,0,0,74,751663,0,0,461108944,21713562,145153904,0,0,6838,44,44,0,352525,352525,0,0,127373,4198,8.28,0.6
1064,2026-05-16 10:21:41,9,q3,0,4,24,391,379,3189,2923,35,37,0,128,0,100,92028,0,0,119963624,28975550,215710768,0,0,2998,10,10,0,206438,206438,0,0,206438,2998,8.16,0.39
1065,2026-05-16 10:21:43,9,q4,0,19,228,5450,24921,71413,62364,403,412,5,1324,0,3644,36928978,0,0,30989812144,101342028,1449116176,0,0,2983909,1665,1665,0,192634309,192634309,0,0,192634309,2983909,13.1,5.45
1066,2026-05-16 10:21:49,9,q5,0,10,124,1504,2980,18936,14078,241,188,13,469,0,251,16637579,0,0,2431651760,62671034,661741556,0,0,3992,34,34,0,260576,260576,0,0,260576,3992,12.59,1.5
1067,2026-05-16 10:21:52,9,q5a,0,13,129,1515,2706,17366,14226,271,190,3,670,0,256,16638310,0,0,2970619632,62671034,661741556,0,0,5938,44,44,0,419375,419375,0,0,286145,4114,11.46,1.52
1068,2026-05-16 10:21:54,9,q6,0,11,54,1467,1922,17440,16236,110,61,0,374,0,648,2111075,0,0,5012926032,29847550,168877496,0,0,27358702,206,206,0,240333811,240333811,0,0,240333811,27358702,11.89,1.47
1069,2026-05-16 10:21:57,9,q7,0,7,37,1003,1042,8537,8258,47,49,0,100,0,140,782379,0,0,1080238624,30843801,393155840,0,0,71861,22,22,0,2549492,2549492,0,0,2549492,71861,8.51,1.0
1070,2026-05-16 10:21:59,9,q8,0,10,36,782,730,5192,5062,53,58,0,0,0,49,2361205,0,0,1773265248,29820603,164053132,0,0,6731,13,13,0,84406,84406,0,0,84406,6731,6.64,0.78
1071,2026-05-16 10:22:01,9,q9,0,11,106,944,4148,13272,12235,22,69,0,320,0,19,42265,0,0,0,144002550,874996780,0,0,100,100,100,0,6957,6957,0,0,6957,100,14.06,0.94
1072,2026-05-16 10:22:03,9,q10,0,13,98,822,2148,7944,6900,32,74,0,112,0,1199,592058,0,0,1549657768,53091814,196622124,0,0,4321867,122,122,0,66501043,66501043,0,0,66501043,4321867,9.66,0.82
1073,2026-05-16 10:22:05,9,q10a,0,10,97,611,1435,6434,5798,42,79,0,176,0,840,154690,0,0,2065069744,53091814,196622124,0,0,4289247,173,173,0,66460060,66460060,0,0,66460060,4289247,10.53,0.61
1074,2026-05-16 10:22:06,9,q11,0,15,153,2468,6789,28088,24024,213,235,3,833,0,2604,36928978,0,0,20231215248,72541178,546342912,0,0,1976060,990,990,0,121162579,121162579,0,0,121162579,1976060,11.38,2.47
1075,2026-05-16 10:22:10,9,q12,0,5,23,433,394,1335,1194,27,27,0,0,0,55,3268117,0,0,649575248,7322088,85860752,0,0,29116,10,10,0,3907483,3907483,0,0,3907483,29116,3.08,0.43
1076,2026-05-16 10:22:11,9,q13,0,7,36,1211,1255,10700,10455,27,31,0,96,0,4,1303591,0,0,691209280,30998603,479987220,0,0,20,20,20,0,1371,1371,0,0,1371,20,8.84,1.21
1077,2026-05-16 10:22:14,9,q14a,0,30,280,6085,11972,62009,55888,359,406,3,1978,0,3003,1189316,0,0,9940144464,151671042,990848472,0,0,62586107,342,342,0,877743160,877743160,0,0,874734576,62499583,10.19,6.08
1078,2026-05-16 10:22:22,9,q14b,0,24,217,4154,7365,49636,46181,292,298,0,720,0,2317,1189316,0,0,8458015920,130216627,791340536,0,0,68363018,316,316,0,1013219464,1013219464,0,0,529302342,40855811,11.95,4.15
1079,2026-05-16 10:22:27,9,q14,0,24,214,3323,6124,37152,35503,304,319,0,619,0,2035,1162378,0,0,7574558088,130216627,791340536,0,0,68273663,281,281,0,1004568545,1004568545,0,0,520651423,40766456,11.18,3.32
1080,2026-05-16 10:22:32,9,q15,0,5,30,733,711,5103,4904,32,37,0,40,0,10,5019183,0,0,951797424,15170425,109597384,0,0,502,1,1,0,18324,18324,0,0,18324,502,6.96,0.73
1081,2026-05-16 10:22:33,9,q16,0,8,77,1766,2814,23787,20801,64,78,0,144,0,1097,5381040,0,0,4852315440,30510756,276801092,0,0,28674690,357,357,0,416261641,416261641,0,0,416261641,28674690,13.47,1.77
1082,2026-05-16 10:22:36,9,q17,0,10,95,4558,6555,59824,57419,87,113,1,528,0,2694,6944789,0,0,7880912176,46220660,364127356,0,0,45538041,803,803,0,1089146303,1089146303,0,0,1089146303,45538041,13.13,4.56
1083,2026-05-16 10:22:42,9,q18,0,9,55,1153,1246,7026,6725,75,74,0,0,0,26,9716473,0,0,3074056776,19114025,322004024,0,0,55958,9,9,0,3984849,3984849,0,0,3984849,55958,6.09,1.15
1084,2026-05-16 10:22:44,9,q18a,0,17,145,2590,8442,31572,28067,202,222,0,285,0,184,9716473,0,0,14494187648,77567725,1345911216,0,0,63894,37,37,0,4339335,4339335,0,0,4339335,63894,12.19,2.59
1085,2026-05-16 10:22:48,9,q19,0,7,33,879,866,6516,6036,41,45,0,120,0,108,5019183,0,0,1599037304,29672603,255771940,0,0,7397,10,10,0,541770,541770,0,0,541770,7397,7.41,0.88
1086,2026-05-16 10:22:50,9,q20,0,5,25,555,514,2873,2736,33,35,0,0,0,17,3268117,0,0,412686616,14522425,129793824,0,0,28486,2,2,0,3491832,3491832,0,0,3491832,28486,5.18,0.56
1087,2026-05-16 10:22:51,9,q21,0,5,25,938,927,7087,6954,49,51,0,0,0,10,106979,0,0,208677936,133232010,401390576,0,0,31850,1,1,0,679321,679321,0,0,679321,31850,7.56,0.94
1088,2026-05-16 10:22:53,9,q22,0,6,42,58569,58530,121834,121364,109,81,0,111,0,69,4629135,0,0,1753344224,133232010,400049120,0,0,612866,68,68,0,25729614,25729614,0,0,25729614,612866,2.08,58.57
1089,2026-05-16 10:23:53,9,q22a,0,10,66,3441,3867,16493,13402,145,126,0,130,0,1165,4629135,0,0,5660862736,133232010,400255984,0,0,918610,160,160,0,45113549,45113549,0,0,14511781,306922,4.79,3.44
1090,2026-05-16 10:23:57,9,q23a,0,18,194,6451,10523,73556,70270,220,251,5,630,0,3246,6575826,0,0,12650385656,108664016,674578880,0,0,43897022,644,644,0,1114819545,1114819545,0,0,1084928778,41990015,11.4,6.45
1091,2026-05-16 10:24:05,9,q23b,0,21,220,6629,11375,78951,74007,288,310,0,938,0,3617,6575783,0,0,25625726792,109164016,688634368,0,0,48673518,1314,1314,0,1200059106,1200059106,0,0,1097299361,42452497,11.91,6.63
1092,2026-05-16 10:24:13,9,q24,0,8,64,2356,3717,29387,26425,60,67,12,0,0,1437,20636822,0,0,7068696000,32530235,307068176,0,0,29735885,340,340,0,678254112,678254112,0,0,678254112,29735885,12.47,2.36
1093,2026-05-16 10:24:16,9,q24a,0,13,86,3681,4463,44186,42258,94,102,3,302,0,1698,18087253,0,0,16497845272,32632235,309614808,0,0,59478907,712,712,0,1357451922,1357451922,0,0,679197810,29743022,12.0,3.68
1094,2026-05-16 10:24:21,9,q24b,0,13,86,2864,3564,31510,31189,97,104,1,0,0,1615,18087296,0,0,15891776752,32632235,309614808,0,0,59478765,700,700,0,1357428154,1357428154,0,0,679174042,29742880,11.0,2.86
1095,2026-05-16 10:24:25,9,q25,0,10,95,4603,6911,61418,59239,90,106,1,352,0,2648,6944789,0,0,7880887560,46220660,464241788,0,0,45538038,800,800,0,1108759789,1108759789,0,0,1108759789,45538038,13.34,4.6
1096,2026-05-16 10:24:30,9,q26,0,6,35,686,713,4861,4651,50,53,0,0,0,35,782379,0,0,475734776,16443725,234711024,0,0,33482,3,3,0,1124909,1124909,0,0,1124909,33482,7.09,0.69
1097,2026-05-16 10:24:32,9,q27,0,7,37,816,840,6697,6530,49,58,0,0,0,119,782379,0,0,1080698912,30843403,365429536,0,0,58884,22,22,0,2218125,2218125,0,0,2218125,58884,8.21,0.82
1098,2026-05-16 10:24:34,9,q27a,0,11,81,1797,3724,22316,19380,94,98,0,224,0,362,782379,0,0,1806596672,88546507,1043660596,0,0,60793,43,43,0,2451360,2451360,0,0,2451360,60793,12.42,1.8
1099,2026-05-16 10:24:37,9,q28,0,18,132,1784,9223,25575,22607,123,152,0,320,0,1640,56643,0,0,4462213584,172803006,1357446288,0,0,470650,66,66,0,7692048,7692048,0,0,7692048,470650,14.34,1.78
1100,2026-05-16 10:24:40,9,q29,0,11,96,4572,6695,59757,57501,77,101,1,368,0,2857,6944789,0,0,7880995000,46240660,366365388,0,0,45538045,805,805,0,1089147078,1089147078,0,0,1089147078,45538045,13.07,4.57
1101,2026-05-16 10:24:45,9,q30,0,11,51,685,1344,1750,1556,75,72,0,0,0,110,1992893,0,0,1012759832,2460548,94235280,0,0,755089,7,7,0,59269674,59269674,0,0,59269674,755089,2.55,0.68
1102,2026-05-16 10:24:47,9,q31,0,20,126,1662,7064,19931,17200,125,149,0,160,0,1768,3832889,0,0,3909791224,108311767,630486736,0,0,79892,49,49,0,2737751,2737751,0,0,2515544,73108,11.99,1.66
1103,2026-05-16 10:24:50,9,q32,0,7,46,359,633,4103,3804,30,42,0,0,0,44,703508,0,0,120389400,28922850,245320744,0,0,55420,12,12,0,760429,760429,0,0,760429,55420,11.43,0.36
1104,2026-05-16 10:24:51,9,q33,0,9,68,853,1671,8070,7279,79,95,0,0,0,551,889109,0,0,1187094680,50875014,451799976,0,0,17063,18,18,0,450453,450453,0,0,450453,17063,9.46,0.85
1105,2026-05-16 10:24:53,9,q34,0,8,32,634,785,5160,4714,36,40,1,130,0,181,16394969,0,0,480760000,29327803,103214828,0,0,20445,21,21,0,646759,646759,0,0,351165,10675,8.14,0.63
1106,2026-05-16 10:24:55,9,q35,0,10,92,1045,1722,8812,7502,47,79,2,0,0,1063,23973854,0,0,8159872040,53091814,196286252,0,0,6056644,255,255,0,16002181,16002181,0,0,16002181,6056644,8.43,1.04
1107,2026-05-16 10:24:57,9,q35a,0,9,92,913,1332,6708,6136,39,80,0,0,0,643,23973682,0,0,7371343176,53091814,196286252,0,0,6053558,255,255,0,16010477,16010477,0,0,16010477,6053558,7.35,0.91
1108,2026-05-16 10:24:59,9,q36,0,6,26,701,663,5545,5381,38,40,0,0,0,77,1857112,0,0,1036986400,28922603,310110284,0,0,1769,11,11,0,138561,138561,0,0,138561,1769,7.91,0.7
1109,2026-05-16 10:25:01,9,q36a,0,9,31,758,701,5444,5189,45,49,0,100,0,84,1857112,0,0,1575954272,28922603,310110284,0,0,4798,36,36,0,397299,397299,0,0,147261,1822,7.18,0.76
1110,2026-05-16 10:25:03,9,q37,0,6,61,975,1304,9490,9024,47,56,0,0,0,396,157657,0,0,886656304,147632425,477965736,0,0,4316414,180,180,0,64485606,64485606,0,0,64485606,14400617,9.73,0.98
1111,2026-05-16 10:25:05,9,q38,0,10,103,1436,3042,17360,13949,133,131,1,144,0,1302,12765592,0,0,8161428680,50921014,168240424,0,0,1694835,473,473,0,44530328,44530328,0,0,44530328,1694835,12.09,1.44
1112,2026-05-16 10:25:07,9,q39a,0,12,71,2070,3915,23272,20263,114,116,0,160,0,759,798149,0,0,2062236424,266362010,795492552,0,0,1129345,56,56,0,27131683,27131683,0,0,26113005,1093917,11.24,2.07
1113,2026-05-16 10:25:10,9,q39b,0,12,71,1681,3180,20090,19092,113,116,0,336,0,469,520274,0,0,2056076040,266362010,795492552,0,0,1093504,56,56,0,26086066,26086066,0,0,25081527,1057496,11.95,1.68
1114,2026-05-16 10:25:13,9,q40,0,7,57,1579,2015,19061,17959,56,61,0,0,0,1038,173485,0,0,4141621464,15962317,186621472,0,0,15748014,357,357,0,309656666,309656666,0,0,309656666,15748014,12.07,1.58
1115,2026-05-16 10:25:16,9,q41,0,4,6,175,144,163,133,7,9,0,14,0,8,12512,0,0,202903480,204000,8796048,0,0,140,2,2,0,9680,9680,0,0,9680,140,0.93,0.18
1116,2026-05-16 10:25:17,9,q42,0,4,24,405,393,3244,3099,35,39,0,0,0,24,91340,0,0,786960824,28922501,215571504,0,0,110,10,10,0,9116,9116,0,0,9116,110,8.01,0.4
1117,2026-05-16 10:25:18,9,q43,0,4,23,463,444,4006,3876,34,36,0,0,0,28,91340,0,0,114629704,28820603,122517996,0,0,210,10,10,0,27084,27084,0,0,27084,210,8.65,0.46
1118,2026-05-16 10:25:20,9,q44,0,8,55,666,739,5693,5071,72,73,0,90,0,171,1663841,0,0,1589568808,57703002,359682040,0,0,795972,120,120,0,10069011,10069011,0,0,5035816,398046,8.55,0.67
1119,2026-05-16 10:25:21,9,q45,0,7,31,602,647,2066,1958,29,32,0,0,0,8,5019183,0,0,2126545808,8092088,102358216,0,0,29,4,4,0,2649,2649,0,0,2649,29,3.43,0.6
1120,2026-05-16 10:25:23,9,q46,0,7,32,799,919,6229,5937,43,45,2,117,0,131,15301537,0,0,1039122784,29577803,236324380,0,0,27956,10,10,0,1371108,1371108,0,0,1371108,27956,7.8,0.8
1121,2026-05-16 10:25:25,9,q47,0,11,86,1702,2464,18829,15922,151,147,0,162,0,2185,2306610,0,0,6656509880,28922603,204502452,0,0,2665245,787,787,0,105359658,105359658,0,0,61755714,1560722,11.06,1.7
1122,2026-05-16 10:25:28,9,q48,0,6,35,1038,1059,8964,8744,20,26,0,120,0,4,1323804,0,0,669220160,30991403,297217008,0,0,20,20,20,0,1160,1160,0,0,1160,20,8.64,1.04
1123,2026-05-16 10:25:30,9,q49,0,16,143,1585,5327,20665,18863,95,144,0,192,0,1805,231063,0,0,4918749864,55458802,783241944,0,0,12389987,58,58,0,273846553,273846553,0,0,273846553,12389987,13.04,1.58
1124,2026-05-16 10:25:32,9,q50,0,7,56,2131,2584,26403,25176,51,63,0,0,0,1295,370395,0,0,4687124776,31771284,223321004,0,0,29262054,357,357,0,629536939,629536939,0,0,629536939,29262054,12.39,2.13
1125,2026-05-16 10:25:36,9,q51,0,10,140,2800,4076,37812,33688,188,208,0,368,0,4225,299557,0,0,9977043664,36020589,264732640,0,0,24415841,1679,1679,0,420200401,420200401,0,0,420200401,24415841,13.5,2.8
1126,2026-05-16 10:25:39,9,q51a,0,14,206,20668,24605,271284,260871,300,350,0,3073,0,4750,459272,0,0,26932512032,36020589,264732640,0,0,47531016,2587,2587,0,789082482,789082482,0,0,575698989,36069050,13.13,20.67
1127,2026-05-16 10:26:01,9,q52,0,4,24,405,393,3375,3242,32,37,0,0,0,116,91340,0,0,786960824,28922501,215702576,0,0,4250,10,10,0,266731,266731,0,0,266731,4250,8.33,0.4
1128,2026-05-16 10:26:03,9,q53,0,6,26,563,543,4256,4135,39,39,0,0,0,130,108140,0,0,208086096,28922603,205178292,0,0,31394,11,11,0,661862,661862,0,0,661862,31394,7.56,0.56
1129,2026-05-16 10:26:04,9,q54,0,15,93,1409,2763,17593,16126,113,122,11,105,0,758,5019269,0,0,2716105496,51386165,328139844,0,0,26873209,179,179,0,252845431,252845431,0,0,252845431,26873209,12.49,1.41
1130,2026-05-16 10:26:07,9,q55,0,4,24,416,405,3412,3290,40,39,0,0,0,98,91340,0,0,786960824,28922501,215702576,0,0,3448,10,10,0,211879,211879,0,0,211879,3448,8.2,0.42
1131,2026-05-16 10:26:08,9,q56,0,9,68,810,1785,8723,8040,83,97,0,0,0,232,463898,0,0,1175692536,50875014,452062120,0,0,10844,18,18,0,393253,393253,0,0,393253,10844,10.77,0.81
1132,2026-05-16 10:26:10,9,q57,0,11,67,1793,2469,13828,12094,119,119,0,28,0,992,2306610,0,0,5374089408,14522449,120588172,0,0,1160477,378,378,0,45143877,45143877,0,0,33403525,851478,7.71,1.79
1133,2026-05-16 10:26:13,9,q58,0,10,66,1046,2278,10778,9904,89,95,0,0,0,356,782379,0,0,2084161000,50669112,416052560,0,0,247040,25,25,0,3683252,3683252,0,0,3683252,247040,10.3,1.05
1134,2026-05-16 10:26:15,9,q59,0,10,39,977,1045,6582,6317,54,56,0,0,0,377,751663,0,0,1673170840,28913754,127746064,0,0,304460,132,132,0,12848225,12848225,0,0,6671249,170845,6.74,0.98
1135,2026-05-16 10:26:17,9,q60,0,9,68,867,1848,8332,7199,98,101,0,208,0,445,463898,0,0,1671759920,50875014,451996584,0,0,78428,19,19,0,1556649,1556649,0,0,1556649,78428,9.61,0.87
1136,2026-05-16 10:26:19,9,q61,0,10,55,1022,1732,11769,11085,15,30,0,0,0,6,5019183,0,0,1246748000,58473604,521203004,0,0,40,40,40,0,2319,2319,0,0,2319,40,11.52,1.02
1137,2026-05-16 10:26:21,9,q62,0,6,22,428,419,1680,1500,26,27,0,0,0,37,105425,0,0,143190168,7220160,63239520,0,0,1680,4,4,0,144678,144678,0,0,144678,1680,3.93,0.43
1138,2026-05-16 10:26:23,9,q63,0,6,26,520,504,3927,3809,40,41,0,0,0,124,108140,0,0,208020560,28922603,205182388,0,0,12917,11,11,0,338305,338305,0,0,338305,12917,7.55,0.52
1139,2026-05-16 10:26:24,9,q64,0,23,177,6737,15026,96965,89855,251,252,3,672,0,4808,13538242,0,0,35890420816,50412111,690642964,0,0,52026303,2318,2318,0,1952932789,1952932789,0,0,1806179638,48487731,14.39,6.74
1140,2026-05-16 10:26:32,9,q65,0,10,97,1727,3159,24967,22444,143,145,1,336,0,1750,9163347,0,0,6116202576,57723104,403918796,0,0,11880061,391,391,0,391199918,391199918,0,0,391199918,11880061,14.46,1.73
1141,2026-05-16 10:26:35,9,q66,0,8,44,1233,1817,11097,10225,102,105,0,0,0,24,147441,0,0,980144136,21660543,258844624,0,0,90,9,9,0,47940,47940,0,0,47940,90,9.0,1.23
1142,2026-05-16 10:26:37,9,q67,0,6,42,6851,6803,73384,71754,70,71,0,678,0,1422,4629135,0,0,7594451448,28922603,231515572,0,0,11548825,187,187,0,866159379,866159379,0,0,866159379,11548825,10.71,6.85
1143,2026-05-16 10:26:45,9,q67a,0,14,183,10566,36400,140281,131430,342,365,1,1239,0,5164,4629135,0,0,26569738752,28922603,231515572,0,0,55551436,1700,1700,0,4120617224,4120617224,0,0,900588536,13218740,13.28,10.57
1144,2026-05-16 10:26:57,9,q68,0,7,32,818,943,6483,6282,53,50,4,0,0,109,15301537,0,0,568481352,29577803,365471260,0,0,6174,10,10,0,436284,436284,0,0,436284,6174,7.93,0.82
1145,2026-05-16 10:26:59,9,q69,0,11,87,988,2228,8579,6781,32,62,0,272,0,904,28676332,0,0,3807965440,53091814,196425516,0,0,1902033,101,101,0,9547581,9547581,0,0,9547581,1902033,8.68,0.99
1146,2026-05-16 10:27:01,9,q70,0,9,47,877,828,6847,6598,81,82,0,0,0,42,209640,0,0,1101810584,57621206,284462472,0,0,209,22,22,0,10316,10316,0,0,10316,209,7.81,0.88
1147,2026-05-16 10:27:03,9,q70a,0,12,52,854,755,6081,5864,82,87,0,0,0,46,208520,0,0,902580896,57621206,284462472,0,0,240,47,47,0,14125,14125,0,0,8085,180,7.12,0.85
1148,2026-05-16 10:27:05,9,q71,0,7,64,740,711,7544,7038,87,101,1,0,0,198,373296,0,0,960488296,50563014,434905632,0,0,32249,31,31,0,1647863,1647863,0,0,994723,21130,10.19,0.74
1149,2026-05-16 10:27:07,9,q72,0,14,113,19080,20585,247445,241978,116,136,1,900,0,4157,13126324,0,0,25673044504,151146915,635734336,0,0,140763211,855,855,0,2028503693,2028503693,0,0,2028503693,140763211,12.97,19.08
1150,2026-05-16 10:27:27,9,q73,0,8,32,439,621,3414,3280,37,39,2,0,0,92,16394969,0,0,480153792,29327803,103214828,0,0,5455,21,21,0,264512,264512,0,0,132562,2732,7.78,0.44
1151,2026-05-16 10:27:28,9,q74,0,13,137,1959,5769,24338,18968,187,202,2,128,0,2472,15491653,0,0,14068734504,72541178,433104896,0,0,1763111,822,822,0,58846938,58846938,0,0,58846938,1763111,12.42,1.96
1152,2026-05-16 10:27:31,9,q75,0,17,229,2679,7074,39972,32990,251,309,4,304,0,4818,13514191,0,0,15771435216,105981816,1098501000,0,0,12427816,1276,1276,0,277137683,277137683,0,0,191422138,8110302,14.92,2.68
1153,2026-05-16 10:27:35,9,q76,0,4,61,750,719,9770,8536,93,108,0,192,0,274,917299,0,0,2250898352,50576063,437110960,0,0,3127,24,24,0,261039,261039,0,0,261039,3127,13.03,0.75
1154,2026-05-16 10:27:37,9,q77,0,14,109,1083,4451,12381,11097,112,133,0,45,0,174,91340,0,0,868584744,55459104,584031532,0,0,1757,44,44,0,120257,120257,0,0,120257,1757,11.43,1.08
1155,2026-05-16 10:27:39,9,q77a,0,17,114,1108,4075,11422,10456,113,138,0,0,0,177,91340,0,0,1407552616,55459104,584031532,0,0,2221,55,55,0,176374,176374,0,0,134878,1891,10.31,1.11
1156,2026-05-16 10:27:41,9,q78,0,10,135,4961,8821,69757,64064,202,198,4,786,0,3456,13125980,0,0,20059149184,55458802,716444376,0,0,38475571,748,748,0,1135565412,1135565412,0,0,1135565412,38475571,14.06,4.96
1157,2026-05-16 10:27:47,9,q79,0,7,32,682,824,5646,5366,44,47,1,100,0,122,12765592,0,0,952877472,29327803,230420268,0,0,80366,22,22,0,2983084,2983084,0,0,2983084,80366,8.28,0.68
1158,2026-05-16 10:27:49,9,q80,0,16,144,5989,15421,89503,83487,141,180,2,984,0,3953,14436329,0,0,12447675392,55573446,832461376,0,0,45134851,721,721,0,1331351661,1331351661,0,0,1331351661,45134851,14.94,5.99
1159,2026-05-16 10:27:56,9,q80a,0,19,149,5913,14640,86310,81176,133,180,2,428,0,4960,14436286,0,0,12919534424,55573446,832461376,0,0,45135808,732,732,0,1331467254,1331467254,0,0,1331364504,45134782,14.6,5.91
1160,2026-05-16 10:28:03,9,q81,0,11,54,757,1458,6574,5625,59,59,2,0,0,158,20721956,0,0,2470448864,3899764,133968976,0,0,805182,43,43,0,12400572,12400572,0,0,12400572,805182,8.68,0.76
1161,2026-05-16 10:28:05,9,q82,0,6,61,1492,2231,16122,13521,50,63,0,304,0,564,158044,0,0,1658418336,162032501,518298296,0,0,13778665,194,194,0,137239500,137239500,0,0,137239500,28800829,10.81,1.49
1162,2026-05-16 10:28:08,9,q83,0,10,50,653,1485,6830,6161,51,58,0,0,0,305,782379,0,0,1251194744,5358935,133289128,0,0,43961,14,14,0,759663,759663,0,0,759663,43961,10.46,0.65
1163,2026-05-16 10:28:10,9,q84,0,7,36,628,336,1343,1185,18,22,0,0,0,0,14823436,0,0,1009709760,5555652,92598792,0,0,100,1,1,0,1865,1865,0,0,1865,100,2.14,0.63
1164,2026-05-16 10:28:11,9,q85,0,9,55,1291,1357,3901,3430,71,59,2,182,0,6,24325081,0,0,9179235800,12032207,198061044,0,0,13,3,3,0,1363,1363,0,0,1363,13,3.02,1.29
1165,2026-05-16 10:28:14,9,q86,0,5,22,414,373,1412,1271,26,27,0,0,0,28,1857112,0,0,581791072,7322088,81805712,0,0,816,5,5,0,54738,54738,0,0,54738,816,3.41,0.41
1166,2026-05-16 10:28:15,9,q86a,0,8,27,427,366,1269,1132,28,31,0,0,0,42,1857112,0,0,1120758808,7322088,81805712,0,0,2119,18,18,0,157705,157705,0,0,66561,929,2.97,0.43
1167,2026-05-16 10:28:16,9,q87,0,10,103,1622,3547,19508,15852,127,133,1,208,0,1414,12765592,0,0,8161428680,50921014,168240424,0,0,1694835,473,473,0,44530328,44530328,0,0,44530328,1694835,12.03,1.62
1168,2026-05-16 10:28:19,9,q88,0,26,178,1291,8146,18688,17349,24,96,0,0,0,35,45840,0,0,514952960,230611310,528085700,0,0,160,160,160,0,9200,9200,0,0,9200,160,14.48,1.29
1169,2026-05-16 10:28:22,9,q89,0,6,27,648,627,5025,4728,45,45,0,120,0,152,108570,0,0,946676392,28922603,204842420,0,0,49975,22,22,0,2298433,2298433,0,0,2298433,49975,7.75,0.65
1170,2026-05-16 10:28:23,9,q90,0,8,40,236,403,1596,1509,10,20,0,0,0,5,38835,0,0,110071328,14447576,93499260,0,0,34,34,34,0,1928,1928,0,0,1928,34,6.76,0.24
1171,2026-05-16 10:28:25,9,q91,0,10,39,463,458,2696,2487,31,39,0,0,0,4,9531965,0,0,1037410344,4137906,95426260,0,0,53,5,5,0,7711,7711,0,0,4761,34,5.82,0.46
1172,2026-05-16 10:28:26,9,q92,0,7,40,348,588,2156,1958,26,33,0,0,0,74,703941,0,0,113358480,14522176,157872392,0,0,135661,9,9,0,1837430,1837430,0,0,1837430,135661,6.2,0.35
1173,2026-05-16 10:28:27,9,q93,0,5,54,3954,4330,48541,46126,49,58,0,176,0,1671,144661,0,0,5766380072,31678178,287688508,0,0,31635854,357,357,0,754631060,754631060,0,0,754631060,31635854,12.28,3.95
1174,2026-05-16 10:28:32,9,q94,0,8,68,1435,1953,13985,13153,58,67,2,0,0,381,2563968,0,0,3571011840,15390492,167770608,0,0,14397040,153,153,0,217756751,217756751,0,0,217756751,14397040,9.75,1.44
1175,2026-05-16 10:28:35,9,q95,0,8,68,3615,4122,43200,37642,58,71,0,946,0,422,2564640,0,0,14560086280,15390492,165505520,0,0,35990240,357,357,0,319472623,319472623,0,0,196649755,14395274,11.95,3.62
1176,2026-05-16 10:28:40,9,q96,0,5,24,271,268,2281,2029,13,12,0,0,0,3,45883,0,0,63872480,28827803,67807756,0,0,20,20,20,0,1150,1150,0,0,1150,20,8.42,0.27
1177,2026-05-16 10:28:41,9,q97,0,5,59,1772,2363,21532,19725,83,84,0,108,0,296,160565,0,0,6212927976,43220926,231386480,0,0,8377699,238,238,0,96908300,96908300,0,0,96908300,8377699,12.15,1.77
1178,2026-05-16 10:28:44,9,q98,0,7,35,668,606,3921,3736,49,54,2,0,0,192,3268117,0,0,1690376016,28922501,219647024,0,0,106186,98,98,0,14471806,14471806,0,0,12501113,91022,5.87,0.67
1179,2026-05-16 10:28:45,9,q99,0,6,25,613,595,3439,3248,32,34,0,0,0,30,124037,0,0,156567144,14420479,77633364,0,0,2160,3,3,0,173855,173855,0,0,173855,2160,5.61,0.61
