ID,timestamp,run_id,query,query_rerun_id,numStages,numTasks,elapsedTime,stageDuration,executorRunTime,executorCpuTime,executorDeserializeTime,executorDeserializeCpuTime,resultSerializationTime,jvmGCTime,shuffleFetchWaitTime,shuffleWriteTime,resultSize,diskBytesSpilled,memoryBytesSpilled,peakExecutionMemory,recordsRead,bytesRead,recordsWritten,bytesWritten,shuffleRecordsRead,shuffleTotalBlocksFetched,shuffleLocalBlocksFetched,shuffleRemoteBlocksFetched,shuffleTotalBytesRead,shuffleLocalBytesRead,shuffleRemoteBytesRead,shuffleRemoteBytesReadToDisk,shuffleBytesWritten,shuffleRecordsWritten,avg_active_tasks,elapsed_time_seconds
0,2026-05-17 04:27:17,0,q1,0,27,521,3418,3514,23347,13199,3915,2381,10,528,0,1703,5101098,0,0,4424183064,6275422,67024070,0,0,1611474,398,398,0,25383717,25383717,0,0,25383717,1611474,6.83,3.42
1,2026-05-17 04:27:21,0,q2,0,20,398,1791,1572,11753,8446,1676,1474,1,418,0,107,755509,0,0,1402145464,21713603,93512315,0,0,6958,158,158,0,381791,381791,0,0,156639,4318,6.56,1.79
2,2026-05-17 04:27:24,0,q3,0,13,279,1103,751,6392,5150,1187,1025,0,77,0,123,265150,0,0,931823304,28975583,244299560,0,0,3115,122,122,0,228902,228902,0,0,228902,3115,5.8,1.1
3,2026-05-17 04:27:27,0,q4,0,28,573,7956,37007,118744,100859,1910,1706,2,1923,0,9848,1691203,0,0,39674206800,50941041,812341524,0,0,102286012,3503,3503,0,2536512620,2536512620,0,0,1273495988,51438627,14.93,7.96
4,2026-05-17 04:27:36,0,q5,0,34,898,3912,5447,38024,30632,3426,3181,0,318,0,583,317451,0,0,4314106600,62671120,552856247,0,0,7890511,347,347,0,109342776,109342776,0,0,109342776,7890511,9.72,3.91
5,2026-05-17 04:27:41,0,q5a,0,25,695,2511,4498,26959,23112,2744,2440,0,338,0,530,317451,0,0,3833334672,62671087,552805852,0,0,7892232,142,142,0,109464345,109464345,0,0,109331115,7890408,10.74,2.51
6,2026-05-17 04:27:45,0,q6,0,21,459,2185,3397,24102,20156,1946,1632,3,286,0,669,2121631,0,0,5236569736,29847572,158214912,0,0,27358756,258,258,0,240340057,240340057,0,0,240340057,27358756,11.03,2.18
7,2026-05-17 04:27:48,0,q7,0,18,392,1756,1737,12945,10820,1419,1379,0,110,0,126,788267,0,0,1892098304,30843845,430750858,0,0,71978,134,134,0,2566654,2566654,0,0,2566654,71978,7.37,1.76
8,2026-05-17 04:27:51,0,q8,0,16,337,985,1244,5850,4539,1212,1218,0,210,0,36,2373025,0,0,1792304608,29820618,139184944,0,0,6731,13,13,0,84406,84406,0,0,84406,6731,5.94,0.98
9,2026-05-17 04:27:53,0,q9,0,18,407,1320,3968,13663,9266,1113,1222,0,608,1,14,269973,0,0,137494480,144002604,909538522,0,0,104,102,102,0,8034,8034,0,0,8034,104,10.35,1.32
10,2026-05-17 04:27:55,0,q10,0,18,437,1219,2188,9640,7059,1882,1455,19,600,0,535,29252425,0,0,3807972072,53091851,79308795,0,0,2400953,102,102,0,9684105,9684105,0,0,9684105,2400953,7.91,1.22
11,2026-05-17 04:27:58,0,q10a,0,15,436,992,1487,6264,5452,1683,1434,0,313,0,518,29252425,0,0,4607448032,53091851,79308795,0,0,2368363,153,153,0,9644680,9644680,0,0,9644680,2368363,6.31,0.99
12,2026-05-17 04:28:00,0,q11,0,22,434,4526,14614,65175,56775,1381,1259,0,449,0,5649,1380159,0,0,26856842912,36540606,272799659,0,0,71770406,2006,2006,0,1051794768,1051794768,0,0,537186984,36215116,14.4,4.53
13,2026-05-17 04:28:06,0,q12,0,8,173,581,553,2107,1699,651,624,0,0,0,56,3286039,0,0,639059672,7322094,68674478,0,0,29116,10,10,0,3907960,3907960,0,0,3907960,29116,3.63,0.58
14,2026-05-17 04:28:07,0,q13,0,16,388,1868,2422,15154,11922,1603,1389,0,159,0,10,1311716,0,0,828703760,30998633,510446885,0,0,74,72,72,0,7120,7120,0,0,7120,74,8.11,1.87
15,2026-05-17 04:28:10,0,q14a,0,46,1080,6846,10523,61529,54454,4621,3561,0,2064,0,3316,1195253,0,0,9913299312,151671121,963980432,0,0,62586127,341,341,0,877745518,877745518,0,0,874734926,62499603,8.99,6.85
16,2026-05-17 04:28:19,0,q14b,0,40,1019,5382,10243,58247,52220,3829,3485,0,1020,0,2674,1195253,0,0,8446696624,130216694,764383429,0,0,68363041,315,315,0,1013219661,1013219661,0,0,529302539,40855834,10.82,5.38
17,2026-05-17 04:28:26,0,q14,0,40,1016,4814,8714,49000,44234,3745,3481,0,910,0,2481,1170002,0,0,7563238792,130216694,764383429,0,0,68273664,280,280,0,1004568965,1004568965,0,0,520651843,40766457,10.18,4.81
18,2026-05-17 04:28:32,0,q15,0,9,231,1030,1154,7633,7250,782,810,0,0,0,10,5046346,0,0,951797424,15170438,57613648,0,0,502,1,1,0,18324,18324,0,0,18324,502,7.41,1.03
19,2026-05-17 04:28:34,0,q16,0,17,429,2529,4475,31288,25778,1471,1409,0,390,0,1891,265838,0,0,4841415936,30510799,220170254,0,0,30114626,579,579,0,422221786,422221786,0,0,422221786,30114626,12.37,2.53
20,2026-05-17 04:28:38,0,q17,0,17,446,4575,7133,58646,55695,1618,1503,5,354,0,2885,6980564,0,0,7880912176,46220694,350661785,0,0,45538041,803,803,0,1089146303,1089146303,0,0,1089146303,45538041,12.82,4.58
21,2026-05-17 04:28:43,0,q18,0,16,407,1405,2456,7615,6369,1787,1467,0,18,0,25,9765521,0,0,3074056776,19114059,307641457,0,0,55958,9,9,0,3984849,3984849,0,0,3984849,55958,5.42,1.4
22,2026-05-17 04:28:46,0,q18a,0,32,898,3078,7997,34162,29013,3257,3077,3,880,0,207,9765564,0,0,14494187648,77567803,1437120011,0,0,63894,37,37,0,4339335,4339335,0,0,4339335,63894,11.1,3.08
23,2026-05-17 04:28:50,0,q19,0,13,335,1182,1738,8735,7835,1149,1207,0,0,0,135,5046346,0,0,1599037304,29672618,279328241,0,0,7397,10,10,0,541770,541770,0,0,541770,7397,7.39,1.18
24,2026-05-17 04:28:52,0,q20,0,8,176,718,694,3490,3120,630,631,0,0,0,17,3286039,0,0,412686616,14522437,126467645,0,0,28486,2,2,0,3491832,3491832,0,0,3491832,28486,4.86,0.72
25,2026-05-17 04:28:54,0,q21,0,15,330,1679,1354,11860,9047,1166,1186,0,202,0,27,265150,0,0,953428776,133232044,713979428,0,0,31967,112,112,0,694478,694478,0,0,694478,31967,7.06,1.68
26,2026-05-17 04:28:57,0,q22,0,10,243,56414,56438,117484,116291,872,824,0,260,0,63,4653671,0,0,1753344224,133232025,713251757,0,0,612866,68,68,0,25729614,25729614,0,0,25729614,612866,2.08,56.41
27,2026-05-17 04:29:54,0,q22a,0,14,267,3447,4027,14531,12515,895,900,6,90,0,1352,4653671,0,0,5660862736,133232023,713263261,0,0,918610,160,160,0,45113549,45113549,0,0,14511781,306922,4.22,3.45
28,2026-05-17 04:29:59,0,q23a,0,28,694,6198,11453,76066,71821,2223,2135,0,978,0,3613,6609758,0,0,12649074936,108664065,584237511,0,0,43897022,644,644,0,1114821051,1114821051,0,0,1084930284,41990015,12.27,6.2
29,2026-05-17 04:30:06,0,q23b,0,32,771,6490,12462,80987,75350,2633,2437,6,1336,0,3827,6609801,0,0,25624416072,109164066,589048076,0,0,48673518,1314,1314,0,1200060529,1200060529,0,0,1097300784,42452497,12.48,6.49
30,2026-05-17 04:30:14,0,q24,0,14,366,2649,4136,31744,28788,1288,1195,3,300,0,1542,20739783,0,0,7068696000,32530259,315395941,0,0,29735885,340,340,0,678254112,678254112,0,0,678254112,29735885,11.98,2.65
31,2026-05-17 04:30:18,0,q24a,0,20,439,3724,5062,44355,42158,1497,1458,5,166,0,1686,18177832,0,0,16497845272,32632260,313347934,0,0,59478907,712,712,0,1357451922,1357451922,0,0,679197810,29743022,11.91,3.72
32,2026-05-17 04:30:22,0,q24b,0,20,439,2984,4156,31457,29898,1664,1466,3,305,0,1682,18177832,0,0,15891776752,32632260,313347934,0,0,59478765,700,700,0,1357428154,1357428154,0,0,679174042,29742880,10.54,2.98
33,2026-05-17 04:30:26,0,q25,0,17,446,4712,7488,61569,58128,1591,1506,0,695,0,3168,6980521,0,0,7880887560,46220694,491370545,0,0,45538038,800,800,0,1108759789,1108759789,0,0,1108759789,45538038,13.07,4.71
34,2026-05-17 04:30:32,0,q26,0,11,286,1001,1284,6934,6238,1049,1024,0,0,0,33,788267,0,0,475734776,16443748,228736629,0,0,33482,3,3,0,1124909,1124909,0,0,1124909,33482,6.93,1.0
35,2026-05-17 04:30:34,0,q27,0,12,288,999,1352,7489,7001,1183,1044,0,54,0,123,788267,0,0,1080698912,30843426,404290208,0,0,58884,22,22,0,2218125,2218125,0,0,2218125,58884,7.5,1.0
36,2026-05-17 04:30:36,0,q27a,0,20,533,1737,4064,19996,17278,1882,1823,6,356,0,543,788267,0,0,1806596672,88546552,1194500421,0,0,60793,43,43,0,2451360,2451360,0,0,2451360,60793,11.51,1.74
37,2026-05-17 04:30:39,0,q28,0,24,432,1698,3796,21288,16391,1678,1379,0,528,0,2615,233503,0,0,4462213584,172803066,1399179690,0,0,470650,66,66,0,7692048,7692048,0,0,7692048,470650,12.54,1.7
38,2026-05-17 04:30:42,0,q29,0,19,497,4478,7484,57795,54920,1708,1685,0,336,0,3414,6980521,0,0,7880995000,46240695,351135960,0,0,45538045,805,805,0,1089147078,1089147078,0,0,1089147078,45538045,12.91,4.48
39,2026-05-17 04:30:48,0,q30,0,17,356,789,1760,2828,1880,1225,1241,0,0,0,112,2002949,0,0,1060281576,2460554,45638775,0,0,755089,7,7,0,59269674,59269674,0,0,59269674,755089,3.58,0.79
40,2026-05-17 04:30:49,0,q31,0,30,623,1803,3990,17702,14795,2355,2082,0,240,0,1579,3851818,0,0,3849525224,108311813,549469227,0,0,79892,49,49,0,2737920,2737920,0,0,2515713,73108,9.82,1.8
41,2026-05-17 04:30:52,0,q32,0,11,247,528,800,4830,4296,812,819,0,42,0,54,707142,0,0,120389400,28922872,239176030,0,0,55420,12,12,0,760429,760429,0,0,760429,55420,9.15,0.53
42,2026-05-17 04:30:54,0,q33,0,16,419,1020,1587,7843,5966,1436,1423,0,0,0,968,895616,0,0,1175635736,50875042,468010747,0,0,17063,18,18,0,450450,450450,0,0,450450,17063,7.69,1.02
43,2026-05-17 04:30:56,0,q34,0,14,310,926,1573,6704,5939,1069,1037,0,104,0,178,233460,0,0,301186776,29327817,78924269,0,0,1010675,16,16,0,34202764,34202764,0,0,17284999,510675,7.24,0.93
44,2026-05-17 04:30:58,0,q35,0,17,442,1288,2119,10850,9131,1576,1416,39,266,0,566,24091841,0,0,8158821272,53091851,79100913,0,0,6056644,255,255,0,16002181,16002181,0,0,16002181,6056644,8.42,1.29
45,2026-05-17 04:31:00,0,q35a,0,16,442,1106,1622,7506,6445,1583,1455,5,320,0,651,24091927,0,0,7370292408,53091851,79100913,0,0,6053558,255,255,0,16010477,16010477,0,0,16010477,6053558,6.79,1.11
46,2026-05-17 04:31:03,0,q36,0,10,227,878,1026,6512,5563,863,812,0,130,0,76,1868212,0,0,1036986400,28922616,365253403,0,0,1769,11,11,0,138561,138561,0,0,138561,1769,7.42,0.88
47,2026-05-17 04:31:05,0,q36a,0,13,232,719,797,4205,4088,796,834,0,0,0,87,1868169,0,0,1575954272,28922616,365253403,0,0,4798,36,36,0,397299,397299,0,0,147261,1822,5.85,0.72
48,2026-05-17 04:31:06,0,q37,0,10,262,1004,1480,9005,8043,919,854,0,112,0,431,233340,0,0,886656304,147632447,779814592,0,0,4316414,180,180,0,64485606,64485606,0,0,64485606,14400617,8.97,1.0
49,2026-05-17 04:31:08,0,q38,0,15,353,1705,3101,17684,14575,1254,1080,13,144,0,1013,12830144,0,0,8122560600,50921040,67372914,0,0,1694835,473,473,0,44526210,44526210,0,0,44526210,1694835,10.37,1.7
50,2026-05-17 04:31:11,0,q39a,0,18,372,2083,3918,19904,17319,1417,1270,0,360,0,421,805959,0,0,2062236424,266362034,1424950743,0,0,1129925,56,56,0,27117544,27117544,0,0,26113005,1093917,9.56,2.08
51,2026-05-17 04:31:14,0,q39b,0,18,372,1739,3389,17571,16330,1248,1257,0,272,0,559,524796,0,0,2056076040,266362034,1424950743,0,0,1093504,56,56,0,26086066,26086066,0,0,25081527,1057496,10.1,1.74
52,2026-05-17 04:31:17,0,q40,0,12,308,1677,2624,20824,19313,1132,1027,10,114,0,1092,233461,0,0,4141621464,15962340,138031677,0,0,15748014,357,357,0,309656666,309656666,0,0,309656666,15748014,12.42,1.68
53,2026-05-17 04:31:20,0,q41,0,6,108,352,280,1922,275,440,441,0,0,0,7,232007,0,0,270538656,204002,2005296,0,0,140,2,2,0,9680,9680,0,0,9680,140,5.46,0.35
54,2026-05-17 04:31:22,0,q42,0,7,175,543,549,3777,3310,599,624,0,0,0,24,233503,0,0,786960824,28922513,243884324,0,0,110,10,10,0,9116,9116,0,0,9116,110,6.96,0.54
55,2026-05-17 04:31:23,0,q43,0,7,173,673,699,5461,5001,638,621,0,60,0,29,233503,0,0,114629704,28820615,76618274,0,0,210,10,10,0,27084,27084,0,0,27084,210,8.11,0.67
56,2026-05-17 04:31:25,0,q44,0,11,206,620,665,4239,3479,585,622,0,0,0,150,1673953,0,0,1589568808,57703023,385315749,0,0,795972,120,120,0,10069011,10069011,0,0,5035816,398046,6.84,0.62
57,2026-05-17 04:31:27,0,q45,0,13,333,743,1260,3076,2427,1223,1199,0,112,0,8,5046346,0,0,2009365456,8092097,58673559,0,0,29,4,4,0,2649,2649,0,0,2649,29,4.14,0.74
58,2026-05-17 04:31:28,0,q46,0,13,333,939,1535,6685,5959,1202,1217,1,0,0,139,15378570,0,0,1039122784,29577818,254059409,0,0,27956,10,10,0,1371108,1371108,0,0,1371108,27956,7.12,0.94
59,2026-05-17 04:31:30,0,q47,0,15,287,1832,2813,19433,15886,896,925,0,112,0,2224,2319872,0,0,6656509880,28922616,194256650,0,0,2665245,787,787,0,105358315,105358315,0,0,61754570,1560722,10.61,1.83
60,2026-05-17 04:31:33,0,q48,0,11,285,1419,1727,11552,10452,1043,1014,0,258,0,5,1331982,0,0,669220160,30991426,272019757,0,0,20,20,20,0,1160,1160,0,0,1160,20,8.14,1.42
61,2026-05-17 04:31:36,0,q49,0,25,510,1830,4066,20167,17462,1781,1575,0,120,0,2390,233460,0,0,4850067912,55458848,791936529,0,0,15195840,63,63,0,338276366,338276366,0,0,338276366,15195840,11.02,1.83
62,2026-05-17 04:31:39,0,q50,0,12,306,2305,3236,28704,26839,1188,1061,2,411,0,1391,372338,0,0,4687124776,31771307,220541476,0,0,29262054,357,357,0,629536939,629536939,0,0,629536939,29262054,12.45,2.31
63,2026-05-17 04:31:42,0,q51,0,13,289,2880,4065,37468,33081,794,809,0,560,0,3924,300713,0,0,9975730016,36020604,232094710,0,0,24415841,1679,1679,0,420203029,420203029,0,0,420203029,24415841,13.01,2.88
64,2026-05-17 04:31:46,0,q51a,0,17,355,20638,24737,270141,257779,937,940,0,2818,0,5001,460428,0,0,26931198392,36020604,232094710,0,0,47531016,2587,2587,0,789082750,789082750,0,0,575699123,36069050,13.09,20.64
65,2026-05-17 04:32:08,0,q52,0,7,175,552,565,4231,3626,599,616,0,0,0,110,233503,0,0,786960824,28922513,244080932,0,0,4250,10,10,0,266731,266731,0,0,266731,4250,7.66,0.55
66,2026-05-17 04:32:09,0,q53,0,10,227,641,765,4417,3403,810,825,3,98,0,127,233503,0,0,208086096,28922616,194810562,0,0,31394,11,11,0,661843,661843,0,0,661843,31394,6.89,0.64
67,2026-05-17 04:32:11,0,q54,0,26,644,1803,4626,21122,19079,2457,2307,0,462,0,903,5046303,0,0,2692837664,51386197,273652342,0,0,26873209,179,179,0,252845431,252845431,0,0,252845431,26873209,11.71,1.8
68,2026-05-17 04:32:14,0,q55,0,7,175,464,471,3409,2915,601,614,0,0,0,103,233503,0,0,786960824,28922513,244080932,0,0,3448,10,10,0,211879,211879,0,0,211879,3448,7.35,0.46
69,2026-05-17 04:32:16,0,q56,0,16,419,976,1439,7107,5942,1534,1452,0,70,0,362,466565,0,0,1234116536,50875042,468605183,0,0,10844,18,18,0,393323,393323,0,0,393323,10844,7.28,0.98
70,2026-05-17 04:32:18,0,q57,0,15,268,1553,2417,12950,10719,897,907,0,12,0,1015,2319872,0,0,5374089408,14522462,95474827,0,0,1160477,378,378,0,45127049,45127049,0,0,33392647,851478,8.34,1.55
71,2026-05-17 04:32:20,0,q58,0,18,417,1248,1971,9765,8227,1549,1419,0,112,0,634,788267,0,0,2211009024,50669140,426579251,0,0,247081,27,27,0,3686832,3686832,0,0,3686832,247081,7.82,1.25
72,2026-05-17 04:32:23,0,q59,0,16,339,1177,1961,7733,7178,1205,1239,0,6,0,370,755509,0,0,1673170840,28913769,77329341,0,0,304460,132,132,0,12848227,12848227,0,0,6671251,170845,6.57,1.18
73,2026-05-17 04:32:25,0,q60,0,16,419,1032,1634,7820,6481,1430,1431,0,0,0,573,466522,0,0,1728975080,50875042,468540163,0,0,78428,19,19,0,1556606,1556606,0,0,1556606,78428,7.58,1.03
74,2026-05-17 04:32:27,0,q61,0,18,457,1149,2370,10039,8538,1607,1577,7,264,0,8,5046346,0,0,1246748000,58473630,585660976,0,0,40,40,40,0,2319,2319,0,0,2319,40,8.74,1.15
75,2026-05-17 04:32:29,0,q62,0,14,323,1091,1117,6276,3858,1132,1163,0,0,0,46,265150,0,0,276224696,7220174,27949426,0,0,1734,56,56,0,150495,150495,0,0,150495,1734,5.75,1.09
76,2026-05-17 04:32:31,0,q63,0,10,227,597,681,3941,3233,1012,824,9,252,0,128,234105,0,0,208020560,28922616,194814658,0,0,12917,11,11,0,338314,338314,0,0,338314,12917,6.6,0.6
77,2026-05-17 04:32:33,0,q64,0,41,981,7478,18013,99136,88515,3631,3346,2,944,0,5490,13606865,0,0,36027915296,50412177,684923491,0,0,52026357,2370,2370,0,1952938402,1952938402,0,0,1806185251,48487785,13.26,7.48
78,2026-05-17 04:32:42,0,q65,0,15,348,1678,3004,21897,19064,1078,1087,1,320,0,1906,9209889,0,0,6116202576,57723127,391782077,0,0,11880061,391,391,0,391210240,391210240,0,0,391210240,11880061,13.05,1.68
79,2026-05-17 04:32:45,0,q66,0,17,395,1787,2289,13726,10185,1451,1439,0,192,0,30,265150,0,0,1112948688,21660567,213481631,0,0,144,61,61,0,53878,53878,0,0,53878,144,7.68,1.79
80,2026-05-17 04:32:48,0,q67,0,10,243,7193,7285,76892,74646,818,852,0,856,0,1450,4653671,0,0,7594451448,28922616,221651828,0,0,11548825,187,187,0,866159379,866159379,0,0,866159379,11548825,10.69,7.19
81,2026-05-17 04:32:56,0,q67a,0,18,384,10525,36390,140211,130850,1160,1157,1,1299,0,5475,4653585,0,0,26569738752,28922616,221651828,0,0,55551436,1700,1700,0,4120616445,4120616445,0,0,900587757,13218740,13.32,10.52
82,2026-05-17 04:33:08,0,q68,0,13,333,1044,1697,7885,6759,1146,1205,1,130,0,109,15378570,0,0,568481352,29577818,391461670,0,0,6174,10,10,0,436284,436284,0,0,436284,6174,7.55,1.04
83,2026-05-17 04:33:10,0,q69,0,18,437,1062,1968,8040,6977,1491,1392,6,8,0,436,28817486,0,0,3806916136,53091851,79177207,0,0,1902033,101,101,0,9547581,9547581,0,0,9547581,1902033,7.57,1.06
84,2026-05-17 04:33:12,0,q70,0,14,297,1022,1117,7131,6547,1023,1055,49,96,0,41,233503,0,0,1101810584,57621229,269678769,0,0,209,22,22,0,10316,10316,0,0,10316,209,6.98,1.02
85,2026-05-17 04:33:14,0,q70a,0,17,302,933,981,5682,5464,1080,1064,0,50,0,47,233589,0,0,902580896,57621229,269678769,0,0,240,47,47,0,14125,14125,0,0,8085,180,6.09,0.93
86,2026-05-17 04:33:16,0,q71,0,13,364,1113,1161,11071,9412,1228,1272,1,0,0,214,421741,0,0,956611448,50563041,453758100,0,0,32249,31,31,0,1648392,1648392,0,0,995252,21130,9.95,1.11
87,2026-05-17 04:33:18,0,q72,0,26,680,17763,23047,223845,217084,2716,2328,1,1408,0,5025,6609844,0,0,19933730552,151146962,901568011,0,0,142246513,1469,1469,0,2047663537,2047663537,0,0,2047663537,142246513,12.6,17.76
88,2026-05-17 04:33:37,0,q73,0,14,310,725,1296,5073,4373,993,1023,0,0,0,127,233460,0,0,299939544,29327817,78924269,0,0,1002732,16,16,0,33968188,33968188,0,0,17050423,502732,7.0,0.72
89,2026-05-17 04:33:39,0,q74,0,20,486,2124,4764,23221,19111,1782,1552,6,267,0,2284,15569619,0,0,13923889496,72541209,376809372,0,0,1763111,822,822,0,58842722,58842722,0,0,58842722,1763111,10.93,2.12
90,2026-05-17 04:33:42,0,q75,0,31,829,3327,7622,46131,37468,2674,2521,23,1929,0,4731,318132,0,0,11831406064,105981888,1099568270,0,0,14156499,1088,1088,0,314442100,314442100,0,0,214470943,9118711,13.87,3.33
91,2026-05-17 04:33:47,0,q76,0,9,311,1009,955,10832,9263,1073,1068,6,231,0,189,923844,0,0,2240847208,50576089,457506860,0,0,3127,24,24,0,261039,261039,0,0,261039,3127,10.74,1.01
92,2026-05-17 04:33:49,0,q77,0,26,611,1715,2599,14930,11016,2148,1987,6,276,0,268,265150,0,0,1006079224,55459158,493903598,0,0,1811,96,96,0,126529,126529,0,0,126529,1811,8.71,1.72
93,2026-05-17 04:33:51,0,q77a,0,26,564,1276,2201,9641,8486,2028,1823,0,224,0,267,233289,0,0,1407552616,55459152,493899545,0,0,2221,55,55,0,176374,176374,0,0,134878,1891,7.56,1.28
94,2026-05-17 04:33:54,0,q78,0,18,502,5796,12245,83052,75556,1674,1554,0,1392,0,5077,6524755,0,0,19534062920,55458848,590454279,0,0,54207575,1326,1326,0,1579290498,1579290498,0,0,1579290498,54207575,14.33,5.8
95,2026-05-17 04:34:01,0,q79,0,12,283,950,1450,7460,6298,1094,1021,1,206,0,120,12830316,0,0,952877472,29327817,250526296,0,0,80366,22,22,0,2983084,2983084,0,0,2983084,80366,7.85,0.95
96,2026-05-17 04:34:03,0,q80,0,29,762,6311,17894,92949,87481,2511,2524,0,687,0,4520,233503,0,0,14185165104,55573497,844329211,0,0,53052375,819,819,0,1571654634,1571654634,0,0,1571654634,53052375,14.73,6.31
97,2026-05-17 04:34:10,0,q80a,0,32,767,6790,18337,98062,90307,2476,2537,11,1733,0,5086,233503,0,0,14657024136,55573497,844329211,0,0,53053332,830,830,0,1571770246,1571770246,0,0,1571667496,53052306,14.44,6.79
98,2026-05-17 04:34:18,0,q81,0,19,370,1102,2136,8431,6971,1247,1228,0,112,0,239,2002949,0,0,2397107168,3899788,55276621,0,0,1372913,47,47,0,35450711,35450711,0,0,35450711,1372913,7.65,1.1
99,2026-05-17 04:34:21,0,q82,0,10,262,1317,1914,12673,11560,818,846,0,165,0,548,233503,0,0,1658418336,162032523,837941438,0,0,13778665,194,194,0,137239500,137239500,0,0,137239500,28800829,9.62,1.32
100,2026-05-17 04:34:23,0,q83,0,17,402,929,1371,6751,5397,1351,1348,0,75,0,305,788267,0,0,1261711248,5358962,38645849,0,0,43961,14,14,0,759663,759663,0,0,759663,43961,7.27,0.93
101,2026-05-17 04:34:25,0,q84,0,15,352,727,1267,3483,2658,1044,1158,0,0,0,175,9765521,0,0,615806688,5555676,31377638,0,0,2778710,20,20,0,14454870,14454870,0,0,14454870,2778710,4.79,0.73
102,2026-05-17 04:34:27,0,q85,0,20,523,1498,4000,10630,8176,1723,1800,0,109,0,127,17038024,0,0,8635287000,12032239,132131382,0,0,915688,142,142,0,33259377,33259377,0,0,33259377,915688,7.1,1.5
103,2026-05-17 04:34:29,0,q86,0,8,172,521,512,2116,1779,620,616,0,0,0,29,1868212,0,0,571272816,7322094,62330579,0,0,816,5,5,0,54749,54749,0,0,54749,816,4.06,0.52
104,2026-05-17 04:34:31,0,q86a,0,11,177,561,540,2011,1743,649,620,0,112,0,42,1868126,0,0,1110240560,7322094,62330579,0,0,2119,18,18,0,157721,157721,0,0,66577,929,3.58,0.56
105,2026-05-17 04:34:32,0,q87,0,15,353,1759,3288,17630,14451,1188,1099,0,240,0,1229,12830230,0,0,8122560600,50921040,67372914,0,0,1694835,473,473,0,44526210,44526210,0,0,44526210,1694835,10.02,1.76
106,2026-05-17 04:34:35,0,q88,0,44,1078,1753,6226,19387,16491,3450,3422,6,238,0,16,233503,0,0,514952960,230611400,283677260,0,0,160,160,160,0,9200,9200,0,0,9200,160,11.06,1.75
107,2026-05-17 04:34:38,0,q89,0,10,228,726,849,5060,4429,823,817,0,0,0,148,233503,0,0,946676392,28922616,194535396,0,0,49975,22,22,0,2298553,2298553,0,0,2298553,49975,6.97,0.73
108,2026-05-17 04:34:40,0,q90,0,14,338,442,860,2667,1831,1182,1175,0,128,0,8,232694,0,0,103596544,14447588,27906340,0,0,32,32,32,0,1816,1816,0,0,1816,32,6.03,0.44
109,2026-05-17 04:34:42,0,q91,0,17,390,734,1652,4519,3353,1350,1397,0,100,0,4,9580995,0,0,1037410344,4137931,32811212,0,0,53,5,5,0,7711,7711,0,0,4761,34,6.16,0.73
110,2026-05-17 04:34:43,0,q92,0,11,239,502,760,3334,2748,805,806,0,0,0,70,707825,0,0,110994360,14522186,123949851,0,0,135661,9,9,0,1837430,1837430,0,0,1837430,135661,6.64,0.5
111,2026-05-17 04:34:45,0,q93,0,8,204,3835,4282,46437,44670,620,614,0,308,0,1681,233331,0,0,5766380072,31678201,270345845,0,0,31635854,357,357,0,754631060,754631060,0,0,754631060,31635854,12.11,3.84
112,2026-05-17 04:34:50,0,q94,0,14,367,1772,2993,18838,17396,1252,1203,0,63,0,378,2580067,0,0,3571011840,15390508,100981412,0,0,14397040,153,153,0,217756751,217756751,0,0,217756751,14397040,10.63,1.77
113,2026-05-17 04:34:53,0,q95,0,14,367,3786,5041,45279,36683,1272,1244,8,1701,0,365,2580967,0,0,14560086280,15390504,97870635,0,0,35990240,357,357,0,319472623,319472623,0,0,196649755,14395274,11.96,3.79
114,2026-05-17 04:34:57,0,q96,0,9,224,447,597,3139,2214,900,786,3,154,0,2,233546,0,0,63872480,28827816,35519563,0,0,20,20,20,0,1150,1150,0,0,1150,20,7.02,0.45
115,2026-05-17 04:34:59,0,q97,0,8,209,1995,2491,21506,19058,655,659,0,164,0,361,233503,0,0,6212927976,43220947,230731493,0,0,8377699,238,238,0,96908300,96908300,0,0,96908300,8377699,10.78,2.0
116,2026-05-17 04:35:02,0,q98,0,10,186,759,697,4133,3605,603,634,3,0,0,191,3361780,0,0,1690376016,28922513,250409339,0,0,106186,98,98,0,14472219,14472219,0,0,12501597,91022,5.45,0.76
117,2026-05-17 04:35:04,0,q99,0,11,275,886,1251,5382,4887,1058,1005,41,155,0,31,233081,0,0,156567144,14420493,41457907,0,0,2160,3,3,0,173855,173855,0,0,173855,2160,6.07,0.89
118,2026-05-17 04:35:06,1,q1,0,15,313,933,1638,9306,6976,1035,1026,0,210,0,828,5100797,0,0,3337334424,6275389,66981055,0,0,1611249,182,182,0,25348430,25348430,0,0,25348430,1611249,9.97,0.93
119,2026-05-17 04:35:08,1,q2,0,14,294,902,1084,6704,6023,1235,1075,0,75,0,74,755509,0,0,456068104,21713579,93455618,0,0,6838,44,44,0,352525,352525,0,0,127373,4198,7.43,0.9
120,2026-05-17 04:35:10,1,q3,0,7,175,406,403,2719,2248,618,625,0,0,0,97,233503,0,0,119963624,28975562,244265651,0,0,2998,10,10,0,206438,206438,0,0,206438,2998,6.7,0.41
121,2026-05-17 04:35:11,1,q4,0,28,573,7532,35977,113658,100315,1663,1651,0,1944,0,10575,1691203,0,0,39674206800,50941041,812341524,0,0,102286012,3503,3503,0,2536512620,2536512620,0,0,1273495988,51438627,15.09,7.53
122,2026-05-17 04:35:20,1,q5,0,22,690,2174,4301,24904,21714,2244,2299,1,176,0,842,317451,0,0,3294366800,62671087,552805852,0,0,7890286,132,132,0,109305912,109305912,0,0,109305912,7890286,11.46,2.17
123,2026-05-17 04:35:23,1,q5a,0,25,695,2109,4027,22946,20870,2400,2359,0,241,0,536,317451,0,0,3833334672,62671087,552805852,0,0,7892232,142,142,0,109464345,109464345,0,0,109331115,7890408,10.88,2.11
124,2026-05-17 04:35:27,1,q6,0,18,407,1676,3036,20229,18263,1750,1458,0,135,0,697,2121674,0,0,5099075256,29847566,158211197,0,0,27358702,206,206,0,240333811,240333811,0,0,240333811,27358702,12.07,1.68
125,2026-05-17 04:35:29,1,q7,0,12,288,1152,1462,9010,8026,1083,1010,0,198,0,122,788267,0,0,1080238624,30843824,430732655,0,0,71861,22,22,0,2549492,2549492,0,0,2549492,71861,7.82,1.15
126,2026-05-17 04:35:31,1,q8,0,16,337,1064,1326,6720,6111,1165,1208,0,0,0,38,2373025,0,0,1792304608,29820618,139184944,0,0,6731,13,13,0,84406,84406,0,0,84406,6731,6.32,1.06
127,2026-05-17 04:35:34,1,q9,0,17,406,919,3765,10790,8224,1194,1209,0,345,0,26,234148,0,0,0,144002601,909539780,0,0,100,100,100,0,6957,6957,0,0,6957,100,11.74,0.92
128,2026-05-17 04:35:36,1,q10,0,18,437,1162,2291,9496,7694,1422,1379,5,432,0,481,29252468,0,0,3807972072,53091851,79308795,0,0,2400953,102,102,0,9684105,9684105,0,0,9684105,2400953,8.17,1.16
129,2026-05-17 04:35:38,1,q10a,0,15,436,994,1448,5834,5476,1416,1403,2,0,0,497,29252511,0,0,4607448032,53091851,79308795,0,0,2368363,153,153,0,9644680,9644680,0,0,9644680,2368363,5.87,0.99
130,2026-05-17 04:35:40,1,q11,0,22,434,3955,13002,57555,51745,1233,1240,8,299,0,5313,1380159,0,0,26856842912,36540606,272799659,0,0,71770406,2006,2006,0,1051794768,1051794768,0,0,537186984,36215116,14.55,3.96
131,2026-05-17 04:35:45,1,q12,0,8,173,582,562,2160,1812,603,618,1,0,0,53,3286039,0,0,639059672,7322094,68674478,0,0,29116,10,10,0,3907960,3907960,0,0,3907960,29116,3.71,0.58
132,2026-05-17 04:35:47,1,q13,0,13,336,1269,1860,10177,8744,1173,1184,0,208,0,3,1311415,0,0,691209280,30998627,510444599,0,0,20,20,20,0,1371,1371,0,0,1371,20,8.02,1.27
133,2026-05-17 04:35:49,1,q14a,0,46,1080,6515,10407,60017,55210,3592,3593,3,1162,0,3189,1195253,0,0,9913299312,151671121,963980432,0,0,62586127,341,341,0,877745518,877745518,0,0,874734926,62499603,9.21,6.52
134,2026-05-17 04:35:57,1,q14b,0,40,1019,4687,9642,50865,47016,3653,3499,3,785,0,2049,1195253,0,0,8446696624,130216694,764383429,0,0,68363041,315,315,0,1013219661,1013219661,0,0,529302539,40855834,10.85,4.69
135,2026-05-17 04:36:03,1,q14,0,40,1016,4301,8675,45542,41851,3451,3471,0,628,0,2091,1169959,0,0,7563238792,130216694,764383429,0,0,68273664,280,280,0,1004568965,1004568965,0,0,520651843,40766457,10.59,4.3
136,2026-05-17 04:36:09,1,q15,0,9,231,949,1066,6669,6233,799,815,0,45,0,9,5046346,0,0,951797424,15170438,57613648,0,0,502,1,1,0,18324,18324,0,0,18324,502,7.03,0.95
137,2026-05-17 04:36:11,1,q16,0,14,377,2228,4145,29891,26156,1244,1213,0,208,0,1807,232089,0,0,4703921456,30510793,220163215,0,0,30114572,527,527,0,422214469,422214469,0,0,422214469,30114572,13.42,2.23
138,2026-05-17 04:36:14,1,q17,0,17,446,4570,7169,58624,56147,1646,1487,10,280,0,3158,6980564,0,0,7880912176,46220694,350661785,0,0,45538041,803,803,0,1089146303,1089146303,0,0,1089146303,45538041,12.83,4.57
139,2026-05-17 04:36:20,1,q18,0,16,407,1358,2169,7558,6199,1482,1416,2,284,0,26,9765521,0,0,3074056776,19114059,307641457,0,0,55958,9,9,0,3984849,3984849,0,0,3984849,55958,5.57,1.36
140,2026-05-17 04:36:22,1,q18a,0,32,898,3022,7748,32147,29120,3126,3035,0,517,0,183,9765521,0,0,14494187648,77567803,1437120011,0,0,63894,37,37,0,4339335,4339335,0,0,4339335,63894,10.64,3.02
141,2026-05-17 04:36:26,1,q19,0,13,335,1105,1703,8062,7233,1203,1196,1,0,0,116,5046346,0,0,1599037304,29672618,279328241,0,0,7397,10,10,0,541770,541770,0,0,541770,7397,7.3,1.1
142,2026-05-17 04:36:29,1,q20,0,8,176,544,525,2410,2031,658,634,0,0,0,17,3286039,0,0,412686616,14522437,126467645,0,0,28486,2,2,0,3491832,3491832,0,0,3491832,28486,4.43,0.54
143,2026-05-17 04:36:30,1,q21,0,9,226,943,1048,6531,6009,799,818,0,0,0,10,233770,0,0,208677936,133232023,713967467,0,0,31850,1,1,0,679321,679321,0,0,679321,31850,6.93,0.94
144,2026-05-17 04:36:32,1,q22,0,10,243,59853,59905,124528,123435,960,849,0,233,0,79,4653929,0,0,1753344224,133232025,713251757,0,0,612866,68,68,0,25729614,25729614,0,0,25729614,612866,2.08,59.85
145,2026-05-17 04:37:33,1,q22a,0,14,267,3353,3910,13545,12034,858,903,0,10,0,1240,4653671,0,0,5660862736,133232023,713263261,0,0,918610,160,160,0,45113549,45113549,0,0,14511781,306922,4.04,3.35
146,2026-05-17 04:37:38,1,q23a,0,28,694,6050,11209,74106,70532,2183,2178,1,696,0,3517,6609758,0,0,12649074936,108664065,584237511,0,0,43897022,644,644,0,1114821051,1114821051,0,0,1084930284,41990015,12.25,6.05
147,2026-05-17 04:37:45,1,q23b,0,32,771,6592,12578,82860,76605,2587,2454,1,1034,0,3495,6609801,0,0,25624416072,109164066,589048076,0,0,48673518,1314,1314,0,1200060529,1200060529,0,0,1097300784,42452497,12.57,6.59
148,2026-05-17 04:37:52,1,q24,0,14,366,2335,3787,28279,25803,1179,1201,2,554,0,1352,20739740,0,0,7068696000,32530259,315395941,0,0,29735885,340,340,0,678254112,678254112,0,0,678254112,29735885,12.11,2.34
149,2026-05-17 04:37:56,1,q24a,0,20,439,3794,5084,43672,41499,1414,1471,2,190,0,1687,18177660,0,0,16497845272,32632260,313347934,0,0,59478907,712,712,0,1357451922,1357451922,0,0,679197810,29743022,11.51,3.79
150,2026-05-17 04:38:01,1,q24b,0,20,439,2981,4025,31800,30294,1429,1475,2,544,0,1953,18177746,0,0,15891776752,32632260,313347934,0,0,59478765,700,700,0,1357428154,1357428154,0,0,679174042,29742880,10.67,2.98
151,2026-05-17 04:38:05,1,q25,0,17,446,4749,7370,62120,57875,1529,1491,0,1236,0,3918,6980521,0,0,7880887560,46220694,491370545,0,0,45538038,800,800,0,1108759789,1108759789,0,0,1108759789,45538038,13.08,4.75
152,2026-05-17 04:38:11,1,q26,0,11,286,1008,1287,7275,6513,1046,1014,3,112,0,32,788267,0,0,475734776,16443748,228736629,0,0,33482,3,3,0,1124909,1124909,0,0,1124909,33482,7.22,1.01
153,2026-05-17 04:38:13,1,q27,0,12,288,1022,1320,7831,7176,1026,1021,2,285,0,126,788310,0,0,1080698912,30843426,404290208,0,0,58884,22,22,0,2218125,2218125,0,0,2218125,58884,7.66,1.02
154,2026-05-17 04:38:15,1,q27a,0,20,533,1808,3877,19236,17301,1918,1825,0,1001,0,414,788267,0,0,1806596672,88546552,1194500421,0,0,60793,43,43,0,2451360,2451360,0,0,2451360,60793,10.64,1.81
155,2026-05-17 04:38:18,1,q28,0,24,432,1604,3764,20539,16130,1535,1367,3,563,0,2513,233589,0,0,4462213584,172803066,1399179690,0,0,470650,66,66,0,7692048,7692048,0,0,7692048,470650,12.8,1.6
156,2026-05-17 04:38:20,1,q29,0,19,497,4649,7536,59731,56765,1693,1677,0,417,0,3231,6980521,0,0,7880995000,46240695,351135960,0,0,45538045,805,805,0,1089147078,1089147078,0,0,1089147078,45538045,12.85,4.65
157,2026-05-17 04:38:26,1,q30,0,17,356,811,1805,2986,1894,1156,1222,0,0,0,126,2002992,0,0,1060281576,2460554,45638775,0,0,755089,7,7,0,59269674,59269674,0,0,59269674,755089,3.68,0.81
158,2026-05-17 04:38:28,1,q31,0,30,623,1842,4194,18167,15948,2191,2029,15,116,0,1283,3851818,0,0,3849525224,108311813,549469227,0,0,79892,49,49,0,2737920,2737920,0,0,2515713,73108,9.86,1.84
159,2026-05-17 04:38:31,1,q32,0,11,247,529,777,4367,3885,807,806,0,0,0,54,707099,0,0,120389400,28922872,239176030,0,0,55420,12,12,0,760429,760429,0,0,760429,55420,8.26,0.53
160,2026-05-17 04:38:33,1,q33,0,16,419,1159,1891,9617,6664,1548,1453,2,182,0,676,895616,0,0,1175635736,50875042,468010747,0,0,17063,18,18,0,450450,450450,0,0,450450,17063,8.3,1.16
161,2026-05-17 04:38:35,1,q34,0,14,310,745,1337,5096,4292,1009,1041,0,72,0,182,233460,0,0,301186776,29327817,78924269,0,0,1010675,16,16,0,34202764,34202764,0,0,17284999,510675,6.84,0.74
162,2026-05-17 04:38:37,1,q35,0,17,442,1197,2062,9960,8770,1535,1425,9,135,0,694,24091884,0,0,8158821272,53091851,79100913,0,0,6056644,255,255,0,16002181,16002181,0,0,16002181,6056644,8.32,1.2
163,2026-05-17 04:38:39,1,q35a,0,16,442,1049,1631,7162,6733,1507,1436,1,135,0,500,24091884,0,0,7370292408,53091851,79100913,0,0,6053558,255,255,0,16010477,16010477,0,0,16010477,6053558,6.83,1.05
164,2026-05-17 04:38:41,1,q36,0,10,227,776,909,5658,4787,816,817,0,117,0,94,1868212,0,0,1036986400,28922616,365253403,0,0,1769,11,11,0,138561,138561,0,0,138561,1769,7.29,0.78
165,2026-05-17 04:38:43,1,q36a,0,13,232,795,884,5132,5011,820,848,0,0,0,91,1868126,0,0,1575954272,28922616,365253403,0,0,4798,36,36,0,397299,397299,0,0,147261,1822,6.46,0.8
166,2026-05-17 04:38:45,1,q37,0,10,262,997,1408,9009,8171,812,846,0,140,0,323,233383,0,0,886656304,147632447,779814592,0,0,4316414,180,180,0,64485606,64485606,0,0,64485606,14400617,9.04,1.0
167,2026-05-17 04:38:47,1,q38,0,15,353,1716,3331,18541,15485,1104,1083,0,0,0,1421,12830144,0,0,8122560600,50921040,67372914,0,0,1694835,473,473,0,44526210,44526210,0,0,44526210,1694835,10.8,1.72
168,2026-05-17 04:38:50,1,q39a,0,18,372,1901,3703,18173,15982,1185,1239,0,176,0,708,805959,0,0,2062236424,266362034,1424950743,0,0,1129925,56,56,0,27117544,27117544,0,0,26113005,1093917,9.56,1.9
169,2026-05-17 04:38:53,1,q39b,0,18,372,1614,3113,15245,14690,1542,1317,0,0,0,390,524925,0,0,2056076040,266362034,1424950743,0,0,1093504,56,56,0,26086066,26086066,0,0,25081527,1057496,9.45,1.61
170,2026-05-17 04:38:55,1,q40,0,12,308,1572,2374,18353,16468,1007,1030,0,334,0,1208,233418,0,0,4141621464,15962340,138031677,0,0,15748014,357,357,0,309656666,309656666,0,0,309656666,15748014,11.67,1.57
171,2026-05-17 04:38:58,1,q41,0,6,108,351,282,1951,280,413,435,0,0,0,7,232007,0,0,270538656,204002,2005296,0,0,140,2,2,0,9680,9680,0,0,9680,140,5.56,0.35
172,2026-05-17 04:38:59,1,q42,0,7,175,530,537,3683,3208,610,621,0,0,0,24,233503,0,0,786960824,28922513,243884324,0,0,110,10,10,0,9116,9116,0,0,9116,110,6.95,0.53
173,2026-05-17 04:39:01,1,q43,0,7,173,714,742,5831,5380,617,635,0,0,0,28,233503,0,0,114629704,28820615,76618274,0,0,210,10,10,0,27084,27084,0,0,27084,210,8.17,0.71
174,2026-05-17 04:39:03,1,q44,0,11,206,632,728,4564,3782,597,639,0,0,0,170,1673996,0,0,1589568808,57703023,385315749,0,0,795972,120,120,0,10069011,10069011,0,0,5035816,398046,7.22,0.63
175,2026-05-17 04:39:04,1,q45,0,13,333,734,1289,3053,2422,1240,1199,3,72,0,8,5046346,0,0,2009365456,8092097,58673559,0,0,29,4,4,0,2649,2649,0,0,2649,29,4.16,0.73
176,2026-05-17 04:39:06,1,q46,0,13,333,1004,1616,7154,6215,1204,1202,1,196,0,114,15378570,0,0,1039122784,29577818,254059409,0,0,27956,10,10,0,1371108,1371108,0,0,1371108,27956,7.13,1.0
177,2026-05-17 04:39:08,1,q47,0,15,287,1849,2844,19554,16279,910,927,0,0,0,2266,2319872,0,0,6656509880,28922616,194256650,0,0,2665245,787,787,0,105358315,105358315,0,0,61754570,1560722,10.58,1.85
178,2026-05-17 04:39:11,1,q48,0,11,285,1390,1730,11477,10636,1233,1019,0,244,0,3,1331939,0,0,669220160,30991426,272019757,0,0,20,20,20,0,1160,1160,0,0,1160,20,8.26,1.39
179,2026-05-17 04:39:14,1,q49,0,25,510,1902,4284,21326,18983,1711,1603,0,120,0,1748,233331,0,0,4850067912,55458848,791936529,0,0,15195840,63,63,0,338276366,338276366,0,0,338276366,15195840,11.21,1.9
180,2026-05-17 04:39:17,1,q50,0,12,306,2310,3115,28445,26781,1011,1041,0,144,0,1381,372338,0,0,4687124776,31771307,220541476,0,0,29262054,357,357,0,629536939,629536939,0,0,629536939,29262054,12.31,2.31
181,2026-05-17 04:39:20,1,q51,0,13,289,2950,4130,39286,35340,791,785,0,400,0,3469,300713,0,0,9975730016,36020604,232094710,0,0,24415841,1679,1679,0,420203029,420203029,0,0,420203029,24415841,13.32,2.95
182,2026-05-17 04:39:24,1,q51a,0,17,355,20332,23917,267083,257009,895,929,0,2361,0,4441,460428,0,0,26931198392,36020604,232094710,0,0,47531016,2587,2587,0,789082750,789082750,0,0,575699123,36069050,13.14,20.33
183,2026-05-17 04:39:46,1,q52,0,7,175,500,509,3763,3236,611,617,3,18,0,115,233804,0,0,786960824,28922513,244080932,0,0,4250,10,10,0,266731,266731,0,0,266731,4250,7.53,0.5
184,2026-05-17 04:39:47,1,q53,0,10,227,623,743,4256,3555,808,810,0,0,0,140,233503,0,0,208086096,28922616,194810562,0,0,31394,11,11,0,661843,661843,0,0,661843,31394,6.83,0.62
185,2026-05-17 04:39:49,1,q54,0,26,644,1890,5125,22292,19894,2708,2351,3,306,0,787,5046389,0,0,2692837664,51386197,273652342,0,0,26873209,179,179,0,252845431,252845431,0,0,252845431,26873209,11.79,1.89
186,2026-05-17 04:39:52,1,q55,0,7,175,488,494,3511,3049,585,613,0,0,0,97,233503,0,0,786960824,28922513,244080932,0,0,3448,10,10,0,211879,211879,0,0,211879,3448,7.19,0.49
187,2026-05-17 04:39:53,1,q56,0,16,419,877,1374,7021,5890,1448,1453,0,0,0,380,466522,0,0,1234116536,50875042,468605183,0,0,10844,18,18,0,393323,393323,0,0,393323,10844,8.01,0.88
188,2026-05-17 04:39:55,1,q57,0,15,268,1556,2415,13118,10921,898,908,0,7,0,916,2319915,0,0,5374089408,14522462,95474827,0,0,1160477,378,378,0,45127049,45127049,0,0,33392647,851478,8.43,1.56
189,2026-05-17 04:39:58,1,q58,0,17,416,1270,1992,9558,8526,1425,1421,0,0,0,409,788267,0,0,2073645616,50669140,426579251,0,0,247040,25,25,0,3683252,3683252,0,0,3683252,247040,7.53,1.27
190,2026-05-17 04:40:00,1,q59,0,16,339,1202,2044,7991,7429,1347,1258,0,104,0,336,755509,0,0,1673170840,28913769,77329341,0,0,304460,132,132,0,12848227,12848227,0,0,6671251,170845,6.65,1.2
191,2026-05-17 04:40:03,1,q60,0,16,419,1052,1599,8340,6987,1463,1411,0,120,0,475,466522,0,0,1728975080,50875042,468540163,0,0,78428,19,19,0,1556606,1556606,0,0,1556606,78428,7.93,1.05
192,2026-05-17 04:40:05,1,q61,0,18,457,1022,2180,8829,7761,1608,1597,0,0,0,6,5046346,0,0,1246748000,58473630,585660976,0,0,40,40,40,0,2319,2319,0,0,2319,40,8.64,1.02
193,2026-05-17 04:40:07,1,q62,0,11,271,653,902,2888,2384,953,984,0,0,0,38,232049,0,0,138730216,7220168,27946993,0,0,1680,4,4,0,144678,144678,0,0,144678,1680,4.42,0.65
194,2026-05-17 04:40:09,1,q63,0,10,227,603,680,4117,3376,889,824,0,144,0,127,233503,0,0,208020560,28922616,194814658,0,0,12917,11,11,0,338314,338314,0,0,338314,12917,6.83,0.6
195,2026-05-17 04:40:10,1,q64,0,38,929,7162,17115,97697,89335,3231,3121,3,848,0,5186,13606736,0,0,35890420816,50412171,684921572,0,0,52026303,2318,2318,0,1952932789,1952932789,0,0,1806179638,48487731,13.64,7.16
196,2026-05-17 04:40:19,1,q65,0,15,348,1718,3099,22603,20368,1098,1097,1,144,0,1665,9209889,0,0,6116202576,57723127,391782077,0,0,11880061,391,391,0,391210240,391210240,0,0,391210240,11880061,13.16,1.72
197,2026-05-17 04:40:22,1,q66,0,14,343,1326,2137,10530,8756,1245,1258,0,0,0,73,232089,0,0,975454208,21660561,213478674,0,0,90,9,9,0,47940,47940,0,0,47940,90,7.94,1.33
198,2026-05-17 04:40:24,1,q67,0,10,243,6846,6951,74620,72828,892,849,0,668,0,1380,4653671,0,0,7594451448,28922616,221651828,0,0,11548825,187,187,0,866159379,866159379,0,0,866159379,11548825,10.9,6.85
199,2026-05-17 04:40:32,1,q67a,0,18,384,10636,36482,141347,132536,1132,1170,0,899,0,5632,4653671,0,0,26569738752,28922616,221651828,0,0,55551436,1700,1700,0,4120616445,4120616445,0,0,900587757,13218740,13.29,10.64
200,2026-05-17 04:40:44,1,q68,0,13,333,982,1656,7335,6508,1147,1192,1,0,0,111,15378570,0,0,568481352,29577818,391461670,0,0,6174,10,10,0,436284,436284,0,0,436284,6174,7.47,0.98
201,2026-05-17 04:40:46,1,q69,0,18,437,1126,2161,8835,6602,1556,1398,23,176,0,793,28817830,0,0,3806916136,53091851,79177207,0,0,1902033,101,101,0,9547581,9547581,0,0,9547581,1902033,7.85,1.13
202,2026-05-17 04:40:48,1,q70,0,14,297,1010,1099,7079,6514,1049,1059,0,0,0,41,233503,0,0,1101810584,57621229,269678769,0,0,209,22,22,0,10316,10316,0,0,10316,209,7.01,1.01
203,2026-05-17 04:40:50,1,q70a,0,17,302,932,995,5740,5397,1115,1064,0,212,0,47,233116,0,0,902580896,57621229,269678769,0,0,240,47,47,0,14125,14125,0,0,8085,180,6.16,0.93
204,2026-05-17 04:40:52,1,q71,0,13,364,1086,1149,10326,9089,1248,1281,1,0,0,201,421741,0,0,956611448,50563041,453758100,0,0,32249,31,31,0,1648392,1648392,0,0,995252,21130,9.51,1.09
205,2026-05-17 04:40:54,1,q72,0,26,680,17737,22556,227859,221308,2221,2298,3,1008,0,5032,6609844,0,0,19933730552,151146962,901568011,0,0,142246513,1469,1469,0,2047663537,2047663537,0,0,2047663537,142246513,12.85,17.74
206,2026-05-17 04:41:13,1,q73,0,14,310,748,1341,5006,4164,1063,1033,0,160,0,124,233460,0,0,299939544,29327817,78924269,0,0,1002732,16,16,0,33968188,33968188,0,0,17050423,502732,6.69,0.75
207,2026-05-17 04:41:15,1,q74,0,20,486,2125,4861,23499,19094,1629,1536,6,264,0,2459,15569619,0,0,13923889496,72541209,376809372,0,0,1763111,822,822,0,58842722,58842722,0,0,58842722,1763111,11.06,2.12
208,2026-05-17 04:41:18,1,q75,0,31,829,3315,7646,45194,37019,2699,2517,5,605,0,4573,317616,0,0,11831406064,105981888,1099568270,0,0,14156499,1088,1088,0,314442100,314442100,0,0,214470943,9118711,13.63,3.32
209,2026-05-17 04:41:23,1,q76,0,9,311,961,906,10412,8680,1106,1089,3,304,0,308,923844,0,0,2240847208,50576089,457506860,0,0,3127,24,24,0,261039,261039,0,0,261039,3127,10.83,0.96
210,2026-05-17 04:41:25,1,q77,0,23,559,1199,2280,10912,9398,1876,1819,0,0,0,234,233503,0,0,868584744,55459152,493899545,0,0,1757,44,44,0,120257,120257,0,0,120257,1757,9.1,1.2
211,2026-05-17 04:41:27,1,q77a,0,26,564,1266,2392,11048,9877,1837,1821,0,192,0,174,233202,0,0,1407552616,55459152,493899545,0,0,2221,55,55,0,176374,176374,0,0,134878,1891,8.73,1.27
212,2026-05-17 04:41:29,1,q78,0,18,502,5563,11530,79943,72008,1546,1562,0,560,0,5829,6524755,0,0,19534062920,55458848,590454279,0,0,54207575,1326,1326,0,1579290498,1579290498,0,0,1579290498,54207575,14.37,5.56
213,2026-05-17 04:41:36,1,q79,0,12,283,945,1402,7392,6538,973,1017,1,166,0,141,12830359,0,0,952877472,29327817,250526296,0,0,80366,22,22,0,2983084,2983084,0,0,2983084,80366,7.82,0.94
214,2026-05-17 04:41:38,1,q80,0,29,762,6447,18286,95066,89540,2413,2503,3,512,0,4681,233503,0,0,14185165104,55573497,844329211,0,0,53052375,819,819,0,1571654634,1571654634,0,0,1571654634,53052375,14.75,6.45
215,2026-05-17 04:41:46,1,q80a,0,32,767,6662,17339,95038,89149,2765,2569,0,532,0,4635,233503,0,0,14657024136,55573497,844329211,0,0,53053332,830,830,0,1571770246,1571770246,0,0,1571667496,53052306,14.27,6.66
216,2026-05-17 04:41:54,1,q81,0,17,368,1067,2049,7861,6538,1307,1225,0,84,0,205,2002949,0,0,2741754728,3899788,55276621,0,0,1305082,60,60,0,34629392,34629392,0,0,34629392,1305082,7.37,1.07
217,2026-05-17 04:41:56,1,q82,0,10,262,1401,2087,13906,12220,1003,851,0,180,0,663,233503,0,0,1658418336,162032523,837941438,0,0,13778665,194,194,0,137239500,137239500,0,0,137239500,28800829,9.93,1.4
218,2026-05-17 04:41:58,1,q83,0,17,402,915,1353,6597,5287,1422,1347,5,155,0,322,788267,0,0,1261711248,5358962,38645849,0,0,43961,14,14,0,759663,759663,0,0,759663,43961,7.21,0.92
219,2026-05-17 04:42:00,1,q84,0,15,352,720,1188,3178,2388,1055,1167,0,0,0,175,9765521,0,0,615806688,5555676,31377638,0,0,2778710,20,20,0,14454870,14454870,0,0,14454870,2778710,4.41,0.72
220,2026-05-17 04:42:02,1,q85,0,18,472,1155,3120,6610,5080,1658,1617,0,96,0,117,17038024,0,0,8635287000,12032236,132128224,0,0,915638,92,92,0,33254834,33254834,0,0,33254834,915638,5.72,1.16
221,2026-05-17 04:42:04,1,q86,0,8,172,494,479,1970,1702,609,611,0,0,0,29,1868212,0,0,571272816,7322094,62330579,0,0,816,5,5,0,54749,54749,0,0,54749,816,3.99,0.49
222,2026-05-17 04:42:06,1,q86a,0,11,177,507,485,1736,1551,684,634,0,91,0,42,1868169,0,0,1110240560,7322094,62330579,0,0,2119,18,18,0,157721,157721,0,0,66577,929,3.42,0.51
223,2026-05-17 04:42:07,1,q87,0,15,353,1873,3786,20834,17087,1162,1075,0,0,0,1845,12830144,0,0,8122560600,50921040,67372914,0,0,1694835,473,473,0,44526210,44526210,0,0,44526210,1694835,11.12,1.87
224,2026-05-17 04:42:10,1,q88,0,44,1078,1793,6176,19329,16234,3601,3505,4,176,0,17,233503,0,0,514952960,230611400,283677260,0,0,160,160,160,0,9200,9200,0,0,9200,160,10.78,1.79
225,2026-05-17 04:42:13,1,q89,0,10,228,781,927,5479,4693,943,817,0,281,0,144,234105,0,0,946676392,28922616,194535396,0,0,49975,22,22,0,2298553,2298553,0,0,2298553,49975,7.02,0.78
226,2026-05-17 04:42:15,1,q90,0,14,338,452,891,2590,1840,1253,1149,0,172,0,4,232737,0,0,103596544,14447588,27906340,0,0,32,32,32,0,1816,1816,0,0,1816,32,5.73,0.45
227,2026-05-17 04:42:16,1,q91,0,17,390,815,1763,5707,4664,1533,1382,3,218,0,4,9580995,0,0,1037410344,4137931,32811212,0,0,53,5,5,0,7711,7711,0,0,4761,34,7.0,0.82
228,2026-05-17 04:42:18,1,q92,0,11,239,488,735,3178,2560,860,816,3,189,0,86,707825,0,0,110994360,14522186,123949851,0,0,135661,9,9,0,1837430,1837430,0,0,1837430,135661,6.51,0.49
229,2026-05-17 04:42:20,1,q93,0,8,204,3811,4241,45257,43234,661,625,0,624,0,1708,233632,0,0,5766380072,31678201,270345845,0,0,31635854,357,357,0,754631060,754631060,0,0,754631060,31635854,11.88,3.81
230,2026-05-17 04:42:25,1,q94,0,14,367,1555,2672,14662,13300,1204,1207,4,224,0,379,2580153,0,0,3571011840,15390508,100981412,0,0,14397040,153,153,0,217756751,217756751,0,0,217756751,14397040,9.43,1.56
231,2026-05-17 04:42:27,1,q95,0,14,367,3761,5028,44891,37088,1250,1240,0,1154,0,357,2580881,0,0,14560086280,15390504,97870635,0,0,35990240,357,357,0,319472623,319472623,0,0,196649755,14395274,11.94,3.76
232,2026-05-17 04:42:32,1,q96,0,9,224,405,527,2694,2107,774,777,3,92,0,3,233503,0,0,63872480,28827816,35519563,0,0,20,20,20,0,1150,1150,0,0,1150,20,6.65,0.4
233,2026-05-17 04:42:34,1,q97,0,8,209,1949,2380,20852,19325,685,657,0,141,0,326,233503,0,0,6212927976,43220947,230731493,0,0,8377699,238,238,0,96908300,96908300,0,0,96908300,8377699,10.7,1.95
234,2026-05-17 04:42:37,1,q98,0,10,186,772,709,4200,3601,601,621,3,70,0,206,3361780,0,0,1690376016,28922513,250409339,0,0,106186,98,98,0,14472219,14472219,0,0,12501597,91022,5.44,0.77
235,2026-05-17 04:42:39,1,q99,0,11,275,898,1243,5407,4546,1164,1003,18,112,0,30,232780,0,0,156567144,14420493,41457907,0,0,2160,3,3,0,173855,173855,0,0,173855,2160,6.02,0.9
236,2026-05-17 04:42:40,2,q1,0,15,313,888,1444,8419,7299,989,998,0,0,0,556,5100797,0,0,3337334424,6275389,66981055,0,0,1611249,182,182,0,25348430,25348430,0,0,25348430,1611249,9.48,0.89
237,2026-05-17 04:42:42,2,q2,0,14,294,860,1002,6117,5638,1101,1059,0,125,0,81,755509,0,0,456068104,21713579,93455618,0,0,6838,44,44,0,352525,352525,0,0,127373,4198,7.11,0.86
238,2026-05-17 04:42:44,2,q3,0,7,175,440,447,2769,2246,774,625,0,0,0,114,233503,0,0,119963624,28975562,244265651,0,0,2998,10,10,0,206438,206438,0,0,206438,2998,6.29,0.44
239,2026-05-17 04:42:46,2,q4,0,28,573,7680,36410,115554,96878,1739,1657,0,2452,0,10490,1691203,0,0,39674206800,50941041,812341524,0,0,102286012,3503,3503,0,2536512620,2536512620,0,0,1273495988,51438627,15.05,7.68
240,2026-05-17 04:42:55,2,q5,0,22,690,2258,4397,25509,21728,2412,2312,3,58,0,612,317451,0,0,3294366800,62671087,552805852,0,0,7890286,132,132,0,109305912,109305912,0,0,109305912,7890286,11.3,2.26
241,2026-05-17 04:42:58,2,q5a,0,25,695,2288,4428,25797,22578,2322,2364,0,180,0,550,317451,0,0,3833334672,62671087,552805852,0,0,7892232,142,142,0,109464345,109464345,0,0,109331115,7890408,11.27,2.29
242,2026-05-17 04:43:02,2,q6,0,18,407,1618,2890,18685,16714,1666,1419,0,14,0,647,2121674,0,0,5099075256,29847566,158211197,0,0,27358702,206,206,0,240333811,240333811,0,0,240333811,27358702,11.55,1.62
243,2026-05-17 04:43:04,2,q7,0,12,288,1123,1409,9076,7907,989,1003,0,300,0,120,788267,0,0,1080238624,30843824,430732655,0,0,71861,22,22,0,2549492,2549492,0,0,2549492,71861,8.08,1.12
244,2026-05-17 04:43:06,2,q8,0,16,337,922,1173,5402,4786,1194,1238,0,0,0,37,2373025,0,0,1792304608,29820618,139184944,0,0,6731,13,13,0,84406,84406,0,0,84406,6731,5.86,0.92
245,2026-05-17 04:43:08,2,q9,0,17,406,913,3509,10579,8164,1094,1202,0,416,0,16,233503,0,0,0,144002601,909539780,0,0,100,100,100,0,6957,6957,0,0,6957,100,11.59,0.91
246,2026-05-17 04:43:10,2,q10,0,18,437,1119,2045,8477,7337,1449,1397,4,0,0,347,29252511,0,0,3807972072,53091851,79308795,0,0,2400953,102,102,0,9684105,9684105,0,0,9684105,2400953,7.58,1.12
247,2026-05-17 04:43:13,2,q10a,0,15,436,974,1455,5802,5352,1573,1458,1,190,0,489,29252425,0,0,4607448032,53091851,79308795,0,0,2368363,153,153,0,9644680,9644680,0,0,9644680,2368363,5.96,0.97
248,2026-05-17 04:43:15,2,q11,0,22,434,4467,15143,65972,58465,1206,1228,0,592,0,5218,1380159,0,0,26856842912,36540606,272799659,0,0,71770406,2006,2006,0,1051794768,1051794768,0,0,537186984,36215116,14.77,4.47
249,2026-05-17 04:43:20,2,q12,0,8,173,554,539,2156,1724,656,631,0,45,0,75,3286039,0,0,639059672,7322094,68674478,0,0,29116,10,10,0,3907960,3907960,0,0,3907960,29116,3.89,0.55
250,2026-05-17 04:43:22,2,q13,0,13,336,1260,1814,10227,9163,1160,1203,0,0,0,3,1311458,0,0,691209280,30998627,510444599,0,0,20,20,20,0,1371,1371,0,0,1371,20,8.12,1.26
251,2026-05-17 04:43:24,2,q14a,0,46,1080,6732,10664,61514,54873,4022,3563,0,1031,0,3402,1195253,0,0,9913299312,151671121,963980432,0,0,62586127,341,341,0,877745518,877745518,0,0,874734926,62499603,9.14,6.73
252,2026-05-17 04:43:33,2,q14b,0,40,1019,4813,9267,52149,48215,3446,3464,0,617,0,2309,1195253,0,0,8446696624,130216694,764383429,0,0,68363041,315,315,0,1013219661,1013219661,0,0,529302539,40855834,10.84,4.81
253,2026-05-17 04:43:39,2,q14,0,40,1016,4487,8632,47374,44202,3427,3479,3,652,0,2090,1169959,0,0,7563238792,130216694,764383429,0,0,68273664,280,280,0,1004568965,1004568965,0,0,520651843,40766457,10.56,4.49
254,2026-05-17 04:43:45,2,q15,0,9,231,932,1045,6737,6249,761,807,8,90,0,10,5046346,0,0,951797424,15170438,57613648,0,0,502,1,1,0,18324,18324,0,0,18324,502,7.23,0.93
255,2026-05-17 04:43:47,2,q16,0,14,377,2070,3852,28010,24187,1190,1205,0,144,3,1663,232089,0,0,4703921456,30510793,220163215,0,0,30114572,527,527,0,422214469,422214469,0,0,422214469,30114572,13.53,2.07
256,2026-05-17 04:43:50,2,q17,0,17,446,4583,7173,59198,56141,1597,1476,19,688,0,3242,6980521,0,0,7880912176,46220694,350661785,0,0,45538041,803,803,0,1089146303,1089146303,0,0,1089146303,45538041,12.92,4.58
257,2026-05-17 04:43:55,2,q18,0,16,407,1342,2173,7340,6373,1353,1420,0,45,0,26,9765564,0,0,3074056776,19114059,307641457,0,0,55958,9,9,0,3984849,3984849,0,0,3984849,55958,5.47,1.34
258,2026-05-17 04:43:58,2,q18a,0,32,898,3028,7662,31199,28217,3389,3087,1,508,0,203,9765564,0,0,14494187648,77567803,1437120011,0,0,63894,37,37,0,4339335,4339335,0,0,4339335,63894,10.3,3.03
259,2026-05-17 04:44:02,2,q19,0,13,335,932,1519,6379,5511,1173,1221,0,0,0,116,5046346,0,0,1599037304,29672618,279328241,0,0,7397,10,10,0,541770,541770,0,0,541770,7397,6.84,0.93
260,2026-05-17 04:44:04,2,q20,0,8,176,581,553,2764,2350,611,619,0,0,0,17,3286039,0,0,412686616,14522437,126467645,0,0,28486,2,2,0,3491832,3491832,0,0,3491832,28486,4.76,0.58
261,2026-05-17 04:44:06,2,q21,0,9,226,912,1033,7184,6377,923,814,0,165,0,13,233770,0,0,208677936,133232023,713967467,0,0,31850,1,1,0,679321,679321,0,0,679321,31850,7.88,0.91
262,2026-05-17 04:44:08,2,q22,0,10,243,56909,56982,118392,117411,843,836,0,66,0,77,4653671,0,0,1753344224,133232025,713251757,0,0,612866,68,68,0,25729614,25729614,0,0,25729614,612866,2.08,56.91
263,2026-05-17 04:45:06,2,q22a,0,14,267,3373,3851,14115,12492,857,899,0,0,0,1160,4653628,0,0,5660862736,133232023,713263261,0,0,918610,160,160,0,45113549,45113549,0,0,14511781,306922,4.18,3.37
264,2026-05-17 04:45:10,2,q23a,0,28,694,6290,11767,77639,72272,2304,2167,1,983,0,3875,6609801,0,0,12649074936,108664065,584237511,0,0,43897022,644,644,0,1114821051,1114821051,0,0,1084930284,41990015,12.34,6.29
265,2026-05-17 04:45:18,2,q23b,0,32,771,6449,12319,80643,75777,2552,2460,1,1031,0,3797,6609801,0,0,25624416072,109164066,589048076,0,0,48673518,1314,1314,0,1200060529,1200060529,0,0,1097300784,42452497,12.5,6.45
266,2026-05-17 04:45:25,2,q24,0,14,366,2381,3800,28115,25428,1256,1210,3,384,0,1377,20739740,0,0,7068696000,32530259,315395941,0,0,29735885,340,340,0,678254112,678254112,0,0,678254112,29735885,11.81,2.38
267,2026-05-17 04:45:29,2,q24a,0,20,439,3777,5247,44752,41475,1462,1455,3,135,0,1880,18177789,0,0,16497845272,32632260,313347934,0,0,59478907,712,712,0,1357451922,1357451922,0,0,679197810,29743022,11.85,3.78
268,2026-05-17 04:45:33,2,q24b,0,20,439,2928,3989,30699,30333,1582,1484,16,134,0,1697,18177918,0,0,15891776752,32632260,313347934,0,0,59478765,700,700,0,1357428154,1357428154,0,0,679174042,29742880,10.48,2.93
269,2026-05-17 04:45:37,2,q25,0,17,446,4707,7350,60508,56820,1581,1497,1,406,0,3240,6980564,0,0,7880887560,46220694,491370545,0,0,45538038,800,800,0,1108759789,1108759789,0,0,1108759789,45538038,12.85,4.71
270,2026-05-17 04:45:43,2,q26,0,11,286,972,1261,5961,5220,982,1003,0,54,0,32,788267,0,0,475734776,16443748,228736629,0,0,33482,3,3,0,1124909,1124909,0,0,1124909,33482,6.13,0.97
271,2026-05-17 04:45:45,2,q27,0,12,288,984,1301,7495,7049,1039,1040,0,96,0,127,788267,0,0,1080698912,30843426,404290208,0,0,58884,22,22,0,2218125,2218125,0,0,2218125,58884,7.62,0.98
272,2026-05-17 04:45:47,2,q27a,0,20,533,1815,3589,18533,17139,1837,1823,0,304,0,572,788267,0,0,1806596672,88546552,1194500421,0,0,60793,43,43,0,2451360,2451360,0,0,2451360,60793,10.21,1.82
273,2026-05-17 04:45:50,2,q28,0,24,432,1684,3896,21556,17039,1530,1340,1,444,0,2378,233503,0,0,4462213584,172803066,1399179690,0,0,470650,66,66,0,7692048,7692048,0,0,7692048,470650,12.8,1.68
274,2026-05-17 04:45:53,2,q29,0,19,497,4579,7454,59081,56186,1681,1708,0,96,0,3737,6980521,0,0,7880995000,46240695,351135960,0,0,45538045,805,805,0,1089147078,1089147078,0,0,1089147078,45538045,12.9,4.58
275,2026-05-17 04:45:59,2,q30,0,17,356,839,1828,2842,1866,1214,1258,0,0,0,168,2002949,0,0,1060281576,2460554,45638775,0,0,755089,7,7,0,59269674,59269674,0,0,59269674,755089,3.39,0.84
276,2026-05-17 04:46:01,2,q31,0,29,622,1887,4358,19634,17015,2188,2024,0,0,0,1182,3851818,0,0,3916568528,108311813,549469227,0,0,74061,45,45,0,2501067,2501067,0,0,2420620,72215,10.4,1.89
277,2026-05-17 04:46:04,2,q32,0,11,247,499,779,4397,3875,858,831,0,0,0,47,707099,0,0,120389400,28922872,239176030,0,0,55420,12,12,0,760429,760429,0,0,760429,55420,8.81,0.5
278,2026-05-17 04:46:05,2,q33,0,16,419,1015,1643,7793,6680,1502,1424,0,84,0,422,895616,0,0,1175635736,50875042,468010747,0,0,17063,18,18,0,450450,450450,0,0,450450,17063,7.68,1.01
279,2026-05-17 04:46:07,2,q34,0,14,310,899,1517,6598,5918,1010,1030,0,0,0,171,233460,0,0,301186776,29327817,78924269,0,0,1010675,16,16,0,34202764,34202764,0,0,17284999,510675,7.34,0.9
280,2026-05-17 04:46:09,2,q35,0,17,442,1270,2223,11379,9539,1472,1415,0,230,0,621,24092228,0,0,8158821272,53091851,79100913,0,0,6056644,255,255,0,16002181,16002181,0,0,16002181,6056644,8.96,1.27
281,2026-05-17 04:46:12,2,q35a,0,16,442,1086,1727,7931,6846,1709,1457,5,352,0,585,24091841,0,0,7370292408,53091851,79100913,0,0,6053558,255,255,0,16010477,16010477,0,0,16010477,6053558,7.3,1.09
282,2026-05-17 04:46:14,2,q36,0,10,227,782,914,6066,4959,832,812,0,156,0,377,1868212,0,0,1036986400,28922616,365253403,0,0,1769,11,11,0,138561,138561,0,0,138561,1769,7.76,0.78
283,2026-05-17 04:46:16,2,q36a,0,13,232,770,859,4857,4752,843,849,0,0,0,91,1868126,0,0,1575954272,28922616,365253403,0,0,4798,36,36,0,397299,397299,0,0,147261,1822,6.31,0.77
284,2026-05-17 04:46:17,2,q37,0,10,262,1054,1492,9295,8253,948,865,8,128,0,433,233340,0,0,886656304,147632447,779814592,0,0,4316414,180,180,0,64485606,64485606,0,0,64485606,14400617,8.82,1.05
285,2026-05-17 04:46:20,2,q38,0,15,353,1632,3004,16698,13726,1093,1084,4,144,0,1312,12830144,0,0,8122560600,50921040,67372914,0,0,1694835,473,473,0,44526210,44526210,0,0,44526210,1694835,10.23,1.63
286,2026-05-17 04:46:22,2,q39a,0,18,372,1871,3648,17923,15846,1245,1259,0,144,0,739,805959,0,0,2062236424,266362034,1424950743,0,0,1129925,56,56,0,27117544,27117544,0,0,26113005,1093917,9.58,1.87
287,2026-05-17 04:46:25,2,q39b,0,18,372,1698,3341,16378,15183,1414,1279,1,192,0,423,524882,0,0,2056076040,266362034,1424950743,0,0,1093504,56,56,0,26086066,26086066,0,0,25081527,1057496,9.65,1.7
288,2026-05-17 04:46:28,2,q40,0,12,308,1634,2642,20206,18025,1032,1038,0,712,0,1269,233676,0,0,4141621464,15962340,138031677,0,0,15748014,357,357,0,309656666,309656666,0,0,309656666,15748014,12.37,1.63
289,2026-05-17 04:46:31,2,q41,0,6,108,350,281,1961,275,423,436,0,0,0,7,232007,0,0,270538656,204002,2005296,0,0,140,2,2,0,9680,9680,0,0,9680,140,5.6,0.35
290,2026-05-17 04:46:32,2,q42,0,7,175,504,512,3822,3374,597,612,0,0,0,24,233503,0,0,786960824,28922513,243884324,0,0,110,10,10,0,9116,9116,0,0,9116,110,7.58,0.5
291,2026-05-17 04:46:34,2,q43,0,7,173,630,658,4982,4587,614,626,0,0,0,28,233503,0,0,114629704,28820615,76618274,0,0,210,10,10,0,27084,27084,0,0,27084,210,7.91,0.63
292,2026-05-17 04:46:35,2,q44,0,11,206,667,737,4887,3693,677,645,18,190,0,276,1673996,0,0,1589568808,57703023,385315749,0,0,795972,120,120,0,10069011,10069011,0,0,5035816,398046,7.33,0.67
293,2026-05-17 04:46:37,2,q45,0,13,333,734,1262,3088,2495,1158,1186,0,0,0,8,5046346,0,0,2009365456,8092097,58673559,0,0,29,4,4,0,2649,2649,0,0,2649,29,4.21,0.73
294,2026-05-17 04:46:39,2,q46,0,13,333,972,1590,7044,6125,1162,1215,1,300,0,188,15378570,0,0,1039122784,29577818,254059409,0,0,27956,10,10,0,1371108,1371108,0,0,1371108,27956,7.25,0.97
295,2026-05-17 04:46:41,2,q47,0,15,287,1771,2688,18302,15566,903,939,0,0,0,1964,2319872,0,0,6656509880,28922616,194256650,0,0,2665245,787,787,0,105358315,105358315,0,0,61754570,1560722,10.33,1.77
296,2026-05-17 04:46:44,2,q48,0,11,285,1366,1694,11074,10092,971,994,0,155,0,4,1331939,0,0,669220160,30991426,272019757,0,0,20,20,20,0,1160,1160,0,0,1160,20,8.11,1.37
297,2026-05-17 04:46:46,2,q49,0,25,510,1760,3995,19620,17792,1556,1562,0,18,0,1879,233546,0,0,4850067912,55458848,791936529,0,0,15195840,63,63,0,338276366,338276366,0,0,338276366,15195840,11.15,1.76
298,2026-05-17 04:46:49,2,q50,0,12,306,2301,3149,26863,25393,1080,1039,0,98,0,1309,372338,0,0,4687124776,31771307,220541476,0,0,29262054,357,357,0,629536939,629536939,0,0,629536939,29262054,11.67,2.3
299,2026-05-17 04:46:53,2,q51,0,13,289,2942,4065,38889,34269,793,790,0,240,0,3335,300713,0,0,9975730016,36020604,232094710,0,0,24415841,1679,1679,0,420203029,420203029,0,0,420203029,24415841,13.22,2.94
300,2026-05-17 04:46:57,2,q51a,0,17,355,20478,24335,268382,254162,902,927,0,2563,0,4027,460428,0,0,26931198392,36020604,232094710,0,0,47531016,2587,2587,0,789082750,789082750,0,0,575699123,36069050,13.11,20.48
301,2026-05-17 04:47:18,2,q52,0,7,175,524,537,3999,3435,618,619,0,0,0,128,233503,0,0,786960824,28922513,244080932,0,0,4250,10,10,0,266731,266731,0,0,266731,4250,7.63,0.52
302,2026-05-17 04:47:20,2,q53,0,10,227,658,831,4351,3438,1022,833,0,0,0,144,233503,0,0,208086096,28922616,194810562,0,0,31394,11,11,0,661843,661843,0,0,661843,31394,6.61,0.66
303,2026-05-17 04:47:21,2,q54,0,26,644,1850,4616,21791,19651,2345,2301,20,465,0,808,5046346,0,0,2692837664,51386197,273652342,0,0,26873209,179,179,0,252845431,252845431,0,0,252845431,26873209,11.78,1.85
304,2026-05-17 04:47:24,2,q55,0,7,175,509,518,3857,3411,600,624,0,0,0,100,233503,0,0,786960824,28922513,244080932,0,0,3448,10,10,0,211879,211879,0,0,211879,3448,7.58,0.51
305,2026-05-17 04:47:26,2,q56,0,16,419,907,1353,6698,5597,1404,1443,2,0,0,341,466522,0,0,1234116536,50875042,468605183,0,0,10844,18,18,0,393323,393323,0,0,393323,10844,7.38,0.91
306,2026-05-17 04:47:28,2,q57,0,15,268,1552,2388,13047,11075,921,919,0,112,0,743,2319872,0,0,5374089408,14522462,95474827,0,0,1160477,378,378,0,45127049,45127049,0,0,33392647,851478,8.41,1.55
307,2026-05-17 04:47:31,2,q58,0,17,416,1174,1890,8934,7972,1434,1426,0,0,0,400,788267,0,0,2073645616,50669140,426579251,0,0,247040,25,25,0,3683252,3683252,0,0,3683252,247040,7.61,1.17
308,2026-05-17 04:47:33,2,q59,0,16,339,1175,1986,7917,7226,1206,1239,7,112,0,354,755509,0,0,1673170840,28913769,77329341,0,0,304460,132,132,0,12848227,12848227,0,0,6671251,170845,6.74,1.18
309,2026-05-17 04:47:35,2,q60,0,16,419,1058,1677,8633,7250,1444,1430,0,126,0,443,466522,0,0,1728975080,50875042,468540163,0,0,78428,19,19,0,1556606,1556606,0,0,1556606,78428,8.16,1.06
310,2026-05-17 04:47:37,2,q61,0,18,457,1074,2202,9654,8336,1543,1566,3,0,0,137,5046346,0,0,1246748000,58473630,585660976,0,0,40,40,40,0,2319,2319,0,0,2319,40,8.99,1.07
311,2026-05-17 04:47:39,2,q62,0,11,271,700,986,3102,2289,1185,994,5,108,0,37,232694,0,0,138730216,7220168,27946993,0,0,1680,4,4,0,144678,144678,0,0,144678,1680,4.43,0.7
312,2026-05-17 04:47:41,2,q63,0,10,227,637,707,4453,3830,829,824,0,0,0,127,233503,0,0,208020560,28922616,194814658,0,0,12917,11,11,0,338314,338314,0,0,338314,12917,6.99,0.64
313,2026-05-17 04:47:43,2,q64,0,38,929,6874,16522,93312,86690,3269,3138,2,619,0,5127,13606779,0,0,35890420816,50412171,684921572,0,0,52026303,2318,2318,0,1952932789,1952932789,0,0,1806179638,48487731,13.57,6.87
314,2026-05-17 04:47:51,2,q65,0,15,348,1631,2976,21271,18944,1090,1098,1,160,0,1732,9209889,0,0,6116202576,57723127,391782077,0,0,11880061,391,391,0,391210240,391210240,0,0,391210240,11880061,13.04,1.63
315,2026-05-17 04:47:54,2,q66,0,14,343,1317,2071,9975,8464,1239,1251,0,0,0,22,232089,0,0,975454208,21660561,213478674,0,0,90,9,9,0,47940,47940,0,0,47940,90,7.57,1.32
316,2026-05-17 04:47:56,2,q67,0,10,243,7157,7266,76073,74451,900,861,0,632,0,1374,4653671,0,0,7594451448,28922616,221651828,0,0,11548825,187,187,0,866159379,866159379,0,0,866159379,11548825,10.63,7.16
317,2026-05-17 04:48:04,2,q67a,0,18,384,10687,36675,141424,132801,1082,1136,5,908,0,5640,4653585,0,0,26569738752,28922616,221651828,0,0,55551436,1700,1700,0,4120616445,4120616445,0,0,900587757,13218740,13.23,10.69
318,2026-05-17 04:48:16,2,q68,0,13,333,979,1630,7286,6084,1173,1217,1,130,0,111,15378570,0,0,568481352,29577818,391461670,0,0,6174,10,10,0,436284,436284,0,0,436284,6174,7.44,0.98
319,2026-05-17 04:48:18,2,q69,0,18,437,1047,1970,7852,6760,1444,1419,0,0,0,464,28817400,0,0,3806916136,53091851,79177207,0,0,1902033,101,101,0,9547581,9547581,0,0,9547581,1902033,7.5,1.05
320,2026-05-17 04:48:20,2,q70,0,14,297,1018,1113,7102,6440,1141,1053,0,212,0,42,234105,0,0,1101810584,57621229,269678769,0,0,209,22,22,0,10316,10316,0,0,10316,209,6.98,1.02
321,2026-05-17 04:48:23,2,q70a,0,17,302,874,924,5235,5056,1027,1070,0,0,0,48,233116,0,0,902580896,57621229,269678769,0,0,240,47,47,0,14125,14125,0,0,8085,180,5.99,0.87
322,2026-05-17 04:48:25,2,q71,0,13,364,1138,1202,11377,9969,1265,1263,1,80,0,223,421741,0,0,956611448,50563041,453758100,0,0,32249,31,31,0,1648392,1648392,0,0,995252,21130,10.0,1.14
323,2026-05-17 04:48:27,2,q72,0,26,680,17204,22458,218454,211795,2239,2270,4,832,0,5234,6609801,0,0,19933730552,151146962,901568011,0,0,142246513,1469,1469,0,2047663537,2047663537,0,0,2047663537,142246513,12.7,17.2
324,2026-05-17 04:48:45,2,q73,0,14,310,679,1296,4726,4061,1014,1024,0,36,0,140,233460,0,0,299939544,29327817,78924269,0,0,1002732,16,16,0,33968188,33968188,0,0,17050423,502732,6.96,0.68
325,2026-05-17 04:48:47,2,q74,0,20,486,2029,4562,21884,17642,1685,1532,1,112,0,2539,15569619,0,0,13923889496,72541209,376809372,0,0,1763111,822,822,0,58842722,58842722,0,0,58842722,1763111,10.79,2.03
326,2026-05-17 04:48:50,2,q75,0,31,829,2973,6800,40281,33560,2671,2559,37,544,0,4961,318261,0,0,11831406064,105981888,1099568270,0,0,14156499,1088,1088,0,314442100,314442100,0,0,214470943,9118711,13.55,2.97
327,2026-05-17 04:48:54,2,q76,0,9,311,891,837,9291,8035,1063,1081,0,0,0,284,923844,0,0,2240847208,50576089,457506860,0,0,3127,24,24,0,261039,261039,0,0,261039,3127,10.43,0.89
328,2026-05-17 04:48:56,2,q77,0,23,559,1263,2345,11210,8945,2061,1865,2,208,0,174,233503,0,0,868584744,55459152,493899545,0,0,1757,44,44,0,120257,120257,0,0,120257,1757,8.88,1.26
329,2026-05-17 04:48:58,2,q77a,0,26,564,1190,2105,9905,9076,1867,1800,0,0,0,196,233245,0,0,1407552616,55459152,493899545,0,0,2221,55,55,0,176374,176374,0,0,134878,1891,8.32,1.19
330,2026-05-17 04:49:01,2,q78,0,18,502,5805,11978,82580,74545,1593,1552,8,560,0,5125,6524755,0,0,19534062920,55458848,590454279,0,0,54207575,1326,1326,0,1579290498,1579290498,0,0,1579290498,54207575,14.23,5.8
331,2026-05-17 04:49:08,2,q79,0,12,283,873,1417,6783,5858,1076,1023,1,203,0,127,12830359,0,0,952877472,29327817,250526296,0,0,80366,22,22,0,2983084,2983084,0,0,2983084,80366,7.77,0.87
332,2026-05-17 04:49:10,2,q80,0,29,762,6370,17711,93356,87665,2483,2506,23,442,0,4975,233546,0,0,14185165104,55573497,844329211,0,0,53052375,819,819,0,1571654634,1571654634,0,0,1571654634,53052375,14.66,6.37
333,2026-05-17 04:49:17,2,q80a,0,32,767,6702,17841,96292,90105,2648,2542,2,457,0,4956,233503,0,0,14657024136,55573497,844329211,0,0,53053332,830,830,0,1571770246,1571770246,0,0,1571667496,53052306,14.37,6.7
334,2026-05-17 04:49:25,2,q81,0,17,368,1036,1997,7309,6080,1238,1208,0,98,0,192,2002949,0,0,2741754728,3899788,55276621,0,0,1305082,60,60,0,34629392,34629392,0,0,34629392,1305082,7.06,1.04
335,2026-05-17 04:49:27,2,q82,0,10,262,1343,2073,13629,11282,831,840,0,304,0,538,233546,0,0,1658418336,162032523,837941438,0,0,13778665,194,194,0,137239500,137239500,0,0,137239500,28800829,10.15,1.34
336,2026-05-17 04:49:30,2,q83,0,17,402,917,1319,6574,5461,1394,1347,3,0,0,293,788267,0,0,1261711248,5358962,38645849,0,0,43961,14,14,0,759663,759663,0,0,759663,43961,7.17,0.92
337,2026-05-17 04:49:32,2,q84,0,15,352,713,1145,2771,1945,1111,1143,7,90,0,184,9765521,0,0,615806688,5555676,31377638,0,0,2778710,20,20,0,14454870,14454870,0,0,14454870,2778710,3.89,0.71
338,2026-05-17 04:49:33,2,q85,0,18,472,1202,3276,7613,5814,1564,1624,1,0,0,118,17038067,0,0,8635287000,12032236,132128224,0,0,915638,92,92,0,33254834,33254834,0,0,33254834,915638,6.33,1.2
339,2026-05-17 04:49:36,2,q86,0,8,172,515,506,2073,1746,610,613,0,21,0,29,1868341,0,0,571272816,7322094,62330579,0,0,816,5,5,0,54749,54749,0,0,54749,816,4.03,0.52
340,2026-05-17 04:49:37,2,q86a,0,11,177,488,455,1620,1488,630,630,0,0,0,42,1868212,0,0,1110240560,7322094,62330579,0,0,2119,18,18,0,157721,157721,0,0,66577,929,3.32,0.49
341,2026-05-17 04:49:39,2,q87,0,15,353,1598,3007,16765,14154,1090,1063,0,0,0,1028,12830187,0,0,8122560600,50921040,67372914,0,0,1694835,473,473,0,44526210,44526210,0,0,44526210,1694835,10.49,1.6
342,2026-05-17 04:49:41,2,q88,0,44,1078,1790,6448,20149,17507,3326,3421,0,90,0,17,233503,0,0,514952960,230611400,283677260,0,0,160,160,160,0,9200,9200,0,0,9200,160,11.26,1.79
343,2026-05-17 04:49:44,2,q89,0,10,228,745,868,5286,4663,811,813,0,0,0,154,233503,0,0,946676392,28922616,194535396,0,0,49975,22,22,0,2298553,2298553,0,0,2298553,49975,7.1,0.74
344,2026-05-17 04:49:46,2,q90,0,14,338,430,820,2496,1837,1094,1159,0,0,0,4,232049,0,0,103596544,14447588,27906340,0,0,32,32,32,0,1816,1816,0,0,1816,32,5.8,0.43
345,2026-05-17 04:49:48,2,q91,0,17,390,714,1629,4507,3282,1333,1378,1,33,0,4,9581038,0,0,1037410344,4137931,32811212,0,0,53,5,5,0,7711,7711,0,0,4761,34,6.31,0.71
346,2026-05-17 04:49:49,2,q92,0,11,239,473,709,3008,2552,810,809,0,0,0,73,707825,0,0,110994360,14522186,123949851,0,0,135661,9,9,0,1837430,1837430,0,0,1837430,135661,6.36,0.47
347,2026-05-17 04:49:51,2,q93,0,8,204,3749,4165,46779,45225,588,609,0,63,0,1635,233288,0,0,5766380072,31678201,270345845,0,0,31635854,357,357,0,754631060,754631060,0,0,754631060,31635854,12.48,3.75
348,2026-05-17 04:49:56,2,q94,0,14,367,1635,2857,16128,14758,1210,1177,0,120,0,377,2579981,0,0,3571011840,15390508,100981412,0,0,14397040,153,153,0,217756751,217756751,0,0,217756751,14397040,9.86,1.64
349,2026-05-17 04:49:58,2,q95,0,14,367,4258,5557,52946,43669,1214,1253,0,1837,0,355,2580881,0,0,14560086280,15390504,97870635,0,0,35990240,357,357,0,319472623,319472623,0,0,196649755,14395274,12.43,4.26
350,2026-05-17 04:50:04,2,q96,0,9,224,421,554,2949,2255,779,784,0,104,0,3,233503,0,0,63872480,28827816,35519563,0,0,20,20,20,0,1150,1150,0,0,1150,20,7.0,0.42
351,2026-05-17 04:50:05,2,q97,0,8,209,1952,2430,20705,18574,825,653,0,96,0,313,233503,0,0,6212927976,43220947,230731493,0,0,8377699,238,238,0,96908300,96908300,0,0,96908300,8377699,10.61,1.95
352,2026-05-17 04:50:08,2,q98,0,10,186,728,675,3904,3286,636,628,3,144,0,206,3361780,0,0,1690376016,28922513,250409339,0,0,106186,98,98,0,14472219,14472219,0,0,12501597,91022,5.36,0.73
353,2026-05-17 04:50:10,2,q99,0,11,275,900,1214,5911,5225,1018,1012,0,52,0,30,232648,0,0,156567144,14420493,41457907,0,0,2160,3,3,0,173855,173855,0,0,173855,2160,6.57,0.9
354,2026-05-17 04:50:12,3,q1,0,15,313,848,1428,8117,6792,1038,1037,0,144,0,692,5100797,0,0,3337334424,6275389,66981055,0,0,1611249,182,182,0,25348430,25348430,0,0,25348430,1611249,9.57,0.85
355,2026-05-17 04:50:14,3,q2,0,14,294,853,963,6245,5807,1047,1067,0,70,0,72,755509,0,0,456068104,21713579,93455618,0,0,6838,44,44,0,352525,352525,0,0,127373,4198,7.32,0.85
356,2026-05-17 04:50:16,3,q3,0,7,175,393,393,2610,2131,598,611,0,0,0,99,233503,0,0,119963624,28975562,244265651,0,0,2998,10,10,0,206438,206438,0,0,206438,2998,6.64,0.39
357,2026-05-17 04:50:17,3,q4,0,28,573,7625,36852,115078,100172,1664,1648,1,1863,0,10741,1691203,0,0,39674206800,50941041,812341524,0,0,102286012,3503,3503,0,2536512620,2536512620,0,0,1273495988,51438627,15.09,7.62
358,2026-05-17 04:50:26,3,q5,0,22,690,2243,4340,25347,22001,2511,2408,0,336,0,533,317451,0,0,3294366800,62671087,552805852,0,0,7890286,132,132,0,109305912,109305912,0,0,109305912,7890286,11.3,2.24
359,2026-05-17 04:50:30,3,q5a,0,25,695,2297,4520,25891,22346,2444,2369,0,491,0,586,317451,0,0,3833334672,62671087,552805852,0,0,7892232,142,142,0,109464345,109464345,0,0,109331115,7890408,11.27,2.3
360,2026-05-17 04:50:33,3,q6,0,18,407,1781,3014,22331,20903,1547,1465,0,240,0,644,2121631,0,0,5099075256,29847566,158211197,0,0,27358702,206,206,0,240333811,240333811,0,0,240333811,27358702,12.54,1.78
361,2026-05-17 04:50:36,3,q7,0,12,288,853,1106,6330,5356,1016,1020,0,80,0,153,788267,0,0,1080238624,30843824,430732655,0,0,71861,22,22,0,2549492,2549492,0,0,2549492,71861,7.42,0.85
362,2026-05-17 04:50:38,3,q8,0,16,337,872,1117,4936,4313,1203,1243,0,0,0,38,2373025,0,0,1792304608,29820618,139184944,0,0,6731,13,13,0,84406,84406,0,0,84406,6731,5.66,0.87
363,2026-05-17 04:50:40,3,q9,0,17,406,845,3475,10012,8573,1166,1210,0,204,0,15,234148,0,0,0,144002601,909539780,0,0,100,100,100,0,6957,6957,0,0,6957,100,11.85,0.84
364,2026-05-17 04:50:42,3,q10,0,18,437,1185,2305,9797,8307,1375,1374,0,110,0,659,29252425,0,0,3807972072,53091851,79308795,0,0,2400953,102,102,0,9684105,9684105,0,0,9684105,2400953,8.27,1.18
365,2026-05-17 04:50:44,3,q10a,0,15,436,970,1463,6203,5800,1414,1432,1,0,0,484,29252468,0,0,4607448032,53091851,79308795,0,0,2368363,153,153,0,9644680,9644680,0,0,9644680,2368363,6.39,0.97
366,2026-05-17 04:50:46,3,q11,0,22,434,4212,14053,61367,54618,1247,1248,2,601,0,5484,1380159,0,0,26856842912,36540606,272799659,0,0,71770406,2006,2006,0,1051794768,1051794768,0,0,537186984,36215116,14.57,4.21
367,2026-05-17 04:50:51,3,q12,0,8,173,577,553,2188,1638,694,622,0,0,0,55,3286039,0,0,639059672,7322094,68674478,0,0,29116,10,10,0,3907960,3907960,0,0,3907960,29116,3.79,0.58
368,2026-05-17 04:50:53,3,q13,0,13,336,1297,1838,10209,9165,1152,1194,0,0,0,3,1311501,0,0,691209280,30998627,510444599,0,0,20,20,20,0,1371,1371,0,0,1371,20,7.87,1.3
369,2026-05-17 04:50:55,3,q14a,0,46,1080,6619,10452,59585,54712,3967,3599,0,1206,0,3215,1195253,0,0,9913299312,151671121,963980432,0,0,62586127,341,341,0,877745518,877745518,0,0,874734926,62499603,9.0,6.62
370,2026-05-17 04:51:04,3,q14b,0,40,1019,4634,9092,49714,45645,3580,3483,24,999,0,2114,1195253,0,0,8446696624,130216694,764383429,0,0,68363041,315,315,0,1013219661,1013219661,0,0,529302539,40855834,10.73,4.63
371,2026-05-17 04:51:10,3,q14,0,40,1016,4437,8766,47003,43756,3435,3465,0,548,0,2245,1169959,0,0,7563238792,130216694,764383429,0,0,68273664,280,280,0,1004568965,1004568965,0,0,520651843,40766457,10.59,4.44
372,2026-05-17 04:51:15,3,q15,0,9,231,977,1089,7022,6523,785,813,0,112,0,9,5046346,0,0,951797424,15170438,57613648,0,0,502,1,1,0,18324,18324,0,0,18324,502,7.19,0.98
373,2026-05-17 04:51:17,3,q16,0,14,377,2189,4061,29489,25778,1240,1229,2,160,0,1643,232089,0,0,4703921456,30510793,220163215,0,0,30114572,527,527,0,422214469,422214469,0,0,422214469,30114572,13.47,2.19
374,2026-05-17 04:51:21,3,q17,0,17,446,4588,7084,59283,55906,1475,1497,0,1072,0,3239,6980521,0,0,7880912176,46220694,350661785,0,0,45538041,803,803,0,1089146303,1089146303,0,0,1089146303,45538041,12.92,4.59
375,2026-05-17 04:51:26,3,q18,0,16,407,1573,2174,9487,8497,1375,1406,0,56,0,26,9765521,0,0,3074056776,19114059,307641457,0,0,55958,9,9,0,3984849,3984849,0,0,3984849,55958,6.03,1.57
376,2026-05-17 04:51:29,3,q18a,0,32,898,2970,7566,32346,29141,3236,3097,0,466,0,224,9765521,0,0,14494187648,77567803,1437120011,0,0,63894,37,37,0,4339335,4339335,0,0,4339335,63894,10.89,2.97
377,2026-05-17 04:51:33,3,q19,0,13,335,1300,1862,9369,8533,1231,1181,0,82,0,113,5046389,0,0,1599037304,29672618,279328241,0,0,7397,10,10,0,541770,541770,0,0,541770,7397,7.21,1.3
378,2026-05-17 04:51:35,3,q20,0,8,176,529,513,2328,1990,621,625,0,0,0,17,3286039,0,0,412686616,14522437,126467645,0,0,28486,2,2,0,3491832,3491832,0,0,3491832,28486,4.4,0.53
379,2026-05-17 04:51:37,3,q21,0,9,226,998,1111,6866,6247,830,826,7,90,0,11,233770,0,0,208677936,133232023,713967467,0,0,31850,1,1,0,679321,679321,0,0,679321,31850,6.88,1.0
380,2026-05-17 04:51:39,3,q22,0,10,243,58707,58790,122873,121655,897,835,0,122,0,64,4653671,0,0,1753344224,133232025,713251757,0,0,612866,68,68,0,25729614,25729614,0,0,25729614,612866,2.09,58.71
381,2026-05-17 04:52:39,3,q22a,0,14,267,3393,3957,14598,13069,875,895,0,110,0,1147,4653671,0,0,5660862736,133232023,713263261,0,0,918610,160,160,0,45113549,45113549,0,0,14511781,306922,4.3,3.39
382,2026-05-17 04:52:43,3,q23a,0,28,694,6064,11227,74884,71072,2146,2181,1,736,0,3840,6609801,0,0,12649074936,108664065,584237511,0,0,43897022,644,644,0,1114821051,1114821051,0,0,1084930284,41990015,12.35,6.06
383,2026-05-17 04:52:51,3,q23b,0,32,771,6472,11949,80924,76154,2487,2450,1,848,0,3599,6609801,0,0,25624416072,109164066,589048076,0,0,48673518,1314,1314,0,1200060529,1200060529,0,0,1097300784,42452497,12.5,6.47
384,2026-05-17 04:52:58,3,q24,0,14,366,2374,3757,28224,26189,1216,1201,5,190,0,1395,20739740,0,0,7068696000,32530259,315395941,0,0,29735885,340,340,0,678254112,678254112,0,0,678254112,29735885,11.89,2.37
385,2026-05-17 04:53:02,3,q24a,0,20,439,3731,5115,43486,41349,1490,1451,2,178,0,1568,18177746,0,0,16497845272,32632260,313347934,0,0,59478907,712,712,0,1357451922,1357451922,0,0,679197810,29743022,11.66,3.73
386,2026-05-17 04:53:06,3,q24b,0,20,439,3085,4511,32963,30247,1819,1466,2,88,0,2573,18177918,0,0,15891776752,32632260,313347934,0,0,59478765,700,700,0,1357428154,1357428154,0,0,679174042,29742880,10.68,3.08
387,2026-05-17 04:53:11,3,q25,0,17,446,4589,7194,59179,56222,1554,1502,6,280,0,3183,6980521,0,0,7880887560,46220694,491370545,0,0,45538038,800,800,0,1108759789,1108759789,0,0,1108759789,45538038,12.9,4.59
388,2026-05-17 04:53:16,3,q26,0,11,286,842,1108,6314,5687,1015,1018,0,0,0,33,788267,0,0,475734776,16443748,228736629,0,0,33482,3,3,0,1124909,1124909,0,0,1124909,33482,7.5,0.84
389,2026-05-17 04:53:18,3,q27,0,12,288,825,1110,5891,5573,1004,1025,0,0,0,124,788267,0,0,1080698912,30843426,404290208,0,0,58884,22,22,0,2218125,2218125,0,0,2218125,58884,7.14,0.82
390,2026-05-17 04:53:20,3,q27a,0,20,533,1424,3274,14338,13515,1979,1823,0,144,0,391,788224,0,0,1806596672,88546552,1194500421,0,0,60793,43,43,0,2451360,2451360,0,0,2451360,60793,10.07,1.42
391,2026-05-17 04:53:23,3,q28,0,24,432,1710,3768,21537,15987,1656,1398,0,863,0,2894,233546,0,0,4462213584,172803066,1399179690,0,0,470650,66,66,0,7692048,7692048,0,0,7692048,470650,12.59,1.71
392,2026-05-17 04:53:25,3,q29,0,19,497,4601,7452,58933,56255,1664,1698,0,127,0,3483,6980564,0,0,7880995000,46240695,351135960,0,0,45538045,805,805,0,1089147078,1089147078,0,0,1089147078,45538045,12.81,4.6
393,2026-05-17 04:53:31,3,q30,0,17,356,787,1727,2696,1853,1247,1253,0,0,0,113,2002949,0,0,1060281576,2460554,45638775,0,0,755089,7,7,0,59269674,59269674,0,0,59269674,755089,3.43,0.79
394,2026-05-17 04:53:33,3,q31,0,29,622,1668,3851,16676,14211,2256,2040,1,196,0,1521,3851818,0,0,3916568528,108311813,549469227,0,0,74061,45,45,0,2501067,2501067,0,0,2420620,72215,10.0,1.67
395,2026-05-17 04:53:36,3,q32,0,11,247,523,792,4634,4183,812,812,0,0,0,47,707099,0,0,120389400,28922872,239176030,0,0,55420,12,12,0,760429,760429,0,0,760429,55420,8.86,0.52
396,2026-05-17 04:53:37,3,q33,0,16,419,1040,1646,7941,6668,1439,1434,0,120,0,374,895616,0,0,1175635736,50875042,468010747,0,0,17063,18,18,0,450450,450450,0,0,450450,17063,7.64,1.04
397,2026-05-17 04:53:39,3,q34,0,14,310,702,1293,4786,4074,1004,1034,0,0,0,174,233460,0,0,301186776,29327817,78924269,0,0,1010675,16,16,0,34202764,34202764,0,0,17284999,510675,6.82,0.7
398,2026-05-17 04:53:41,3,q35,0,17,442,1309,2110,10746,9559,1520,1439,0,104,0,542,24091884,0,0,8158821272,53091851,79100913,0,0,6056644,255,255,0,16002181,16002181,0,0,16002181,6056644,8.21,1.31
399,2026-05-17 04:53:44,3,q35a,0,16,442,1041,1658,7232,6826,1483,1465,3,0,0,645,24091841,0,0,7370292408,53091851,79100913,0,0,6053558,255,255,0,16010477,16010477,0,0,16010477,6053558,6.95,1.04
400,2026-05-17 04:53:46,3,q36,0,10,227,798,961,5733,5125,913,824,0,125,0,91,1868212,0,0,1036986400,28922616,365253403,0,0,1769,11,11,0,138561,138561,0,0,138561,1769,7.18,0.8
401,2026-05-17 04:53:47,3,q36a,0,13,232,797,894,5147,5046,838,841,0,0,0,94,1868126,0,0,1575954272,28922616,365253403,0,0,4798,36,36,0,397299,397299,0,0,147261,1822,6.46,0.8
402,2026-05-17 04:53:49,3,q37,0,10,262,1066,1504,9803,8385,810,839,0,470,0,374,233340,0,0,886656304,147632447,779814592,0,0,4316414,180,180,0,64485606,64485606,0,0,64485606,14400617,9.2,1.07
403,2026-05-17 04:53:51,3,q38,0,15,353,1930,3721,20196,16255,1236,1078,1,662,0,1220,12830187,0,0,8122560600,50921040,67372914,0,0,1694835,473,473,0,44526210,44526210,0,0,44526210,1694835,10.46,1.93
404,2026-05-17 04:53:54,3,q39a,0,18,372,2021,3925,19190,16132,1204,1255,0,142,0,1065,802215,0,0,2062236424,266362034,1424950743,0,0,1129345,56,56,0,27131683,27131683,0,0,26113005,1093917,9.5,2.02
405,2026-05-17 04:53:58,3,q39b,0,17,381,1780,3275,17524,17187,1259,1298,0,0,0,174,524796,0,0,2839624192,266362034,1424950743,0,0,1531488,55,55,0,35748102,35748102,0,0,24076988,1021488,9.84,1.78
406,2026-05-17 04:54:00,3,q40,0,12,308,1676,2437,20496,17349,999,1024,10,446,0,1461,233461,0,0,4141621464,15962340,138031677,0,0,15748014,357,357,0,309656666,309656666,0,0,309656666,15748014,12.23,1.68
407,2026-05-17 04:54:03,3,q41,0,6,108,350,283,1902,275,428,439,0,0,0,7,232007,0,0,270538656,204002,2005296,0,0,140,2,2,0,9680,9680,0,0,9680,140,5.43,0.35
408,2026-05-17 04:54:05,3,q42,0,7,175,482,490,3548,3073,607,619,0,0,0,24,233503,0,0,786960824,28922513,243884324,0,0,110,10,10,0,9116,9116,0,0,9116,110,7.36,0.48
409,2026-05-17 04:54:06,3,q43,0,7,173,652,673,5242,4892,630,631,0,0,0,28,233503,0,0,114629704,28820615,76618274,0,0,210,10,10,0,27084,27084,0,0,27084,210,8.04,0.65
410,2026-05-17 04:54:08,3,q44,0,11,206,630,693,4590,3712,601,632,0,100,0,165,1673996,0,0,1589568808,57703023,385315749,0,0,795972,120,120,0,10069011,10069011,0,0,5035816,398046,7.29,0.63
411,2026-05-17 04:54:10,3,q45,0,13,333,823,1547,3517,2575,1568,1208,1,131,0,8,5046389,0,0,2009365456,8092097,58673559,0,0,29,4,4,0,2649,2649,0,0,2649,29,4.27,0.82
412,2026-05-17 04:54:12,3,q46,0,13,333,1009,1623,7381,6754,1176,1205,2,0,0,129,15378570,0,0,1039122784,29577818,254059409,0,0,27956,10,10,0,1371108,1371108,0,0,1371108,27956,7.32,1.01
413,2026-05-17 04:54:14,3,q47,0,15,287,1803,2798,18544,14843,970,951,0,88,0,2739,2319872,0,0,6656509880,28922616,194256650,0,0,2665245,787,787,0,105358315,105358315,0,0,61754570,1560722,10.29,1.8
414,2026-05-17 04:54:17,3,q48,0,11,285,1386,1699,11326,10331,999,1001,0,220,0,3,1331939,0,0,669220160,30991426,272019757,0,0,20,20,20,0,1160,1160,0,0,1160,20,8.17,1.39
415,2026-05-17 04:54:19,3,q49,0,25,510,1780,4142,19689,17448,1527,1578,0,0,0,2353,233503,0,0,4850067912,55458848,791936529,0,0,15195840,63,63,0,338276366,338276366,0,0,338276366,15195840,11.06,1.78
416,2026-05-17 04:54:22,3,q50,0,12,306,2736,3693,31646,26285,1379,1038,6,457,0,1378,372338,0,0,4687124776,31771307,220541476,0,0,29262054,357,357,0,629536939,629536939,0,0,629536939,29262054,11.57,2.74
417,2026-05-17 04:54:26,3,q51,0,13,289,3226,4567,41764,33584,975,809,0,422,0,3800,300713,0,0,9975730016,36020604,232094710,0,0,24415841,1679,1679,0,420203029,420203029,0,0,420203029,24415841,12.95,3.23
418,2026-05-17 04:54:30,3,q51a,0,17,355,20683,24559,274292,244052,941,940,0,3099,0,3965,460428,0,0,26931198392,36020604,232094710,0,0,47531016,2587,2587,0,789082750,789082750,0,0,575699123,36069050,13.26,20.68
419,2026-05-17 04:54:52,3,q52,0,7,175,488,502,3297,2634,705,630,0,0,0,124,233546,0,0,786960824,28922513,244080932,0,0,4250,10,10,0,266731,266731,0,0,266731,4250,6.76,0.49
420,2026-05-17 04:54:53,3,q53,0,10,227,589,704,3852,3222,809,823,0,0,0,141,233503,0,0,208086096,28922616,194810562,0,0,31394,11,11,0,661843,661843,0,0,661843,31394,6.54,0.59
421,2026-05-17 04:54:55,3,q54,0,26,644,1908,4726,22461,20313,2354,2315,1,570,0,958,5046346,0,0,2692837664,51386197,273652342,0,0,26873209,179,179,0,252845431,252845431,0,0,252845431,26873209,11.77,1.91
422,2026-05-17 04:54:58,3,q55,0,7,175,486,498,3494,3029,591,616,0,0,0,93,233503,0,0,786960824,28922513,244080932,0,0,3448,10,10,0,211879,211879,0,0,211879,3448,7.19,0.49
423,2026-05-17 04:55:00,3,q56,0,16,419,1042,1810,8639,7167,1445,1432,0,120,0,377,466522,0,0,1234116536,50875042,468605183,0,0,10844,18,18,0,393323,393323,0,0,393323,10844,8.29,1.04
424,2026-05-17 04:55:02,3,q57,0,15,268,1915,2715,14074,12255,893,908,0,0,0,851,2319872,0,0,5374089408,14522462,95474827,0,0,1160477,378,378,0,45127049,45127049,0,0,33392647,851478,7.35,1.92
425,2026-05-17 04:55:05,3,q58,0,17,416,1226,2031,9906,8680,1442,1410,0,0,0,534,788267,0,0,2073645616,50669140,426579251,0,0,247040,25,25,0,3683252,3683252,0,0,3683252,247040,8.08,1.23
426,2026-05-17 04:55:07,3,q59,0,16,339,1153,1980,7572,6957,1380,1235,0,233,0,292,755509,0,0,1673170840,28913769,77329341,0,0,304460,132,132,0,12848227,12848227,0,0,6671251,170845,6.57,1.15
427,2026-05-17 04:55:09,3,q60,0,16,419,1054,1767,9408,8119,1416,1421,0,0,0,516,466522,0,0,1728975080,50875042,468540163,0,0,78428,19,19,0,1556606,1556606,0,0,1556606,78428,8.93,1.05
428,2026-05-17 04:55:11,3,q61,0,18,457,1177,2672,10661,9061,1777,1571,1,233,0,5,5046389,0,0,1246748000,58473630,585660976,0,0,40,40,40,0,2319,2319,0,0,2319,40,9.06,1.18
429,2026-05-17 04:55:14,3,q62,0,11,271,637,909,2826,2314,954,976,0,0,0,36,232049,0,0,138730216,7220168,27946993,0,0,1680,4,4,0,144678,144678,0,0,144678,1680,4.44,0.64
430,2026-05-17 04:55:15,3,q63,0,10,227,626,701,4387,3817,810,829,0,0,0,133,233503,0,0,208020560,28922616,194814658,0,0,12917,11,11,0,338314,338314,0,0,338314,12917,7.01,0.63
431,2026-05-17 04:55:17,3,q64,0,38,929,7063,17315,97150,89087,3366,3138,4,881,0,5512,13606736,0,0,35890420816,50412171,684921572,0,0,52026303,2318,2318,0,1952932789,1952932789,0,0,1806179638,48487731,13.75,7.06
432,2026-05-17 04:55:25,3,q65,0,15,348,1646,2974,21384,18999,1083,1079,1,416,0,1536,9209889,0,0,6116202576,57723127,391782077,0,0,11880061,391,391,0,391210240,391210240,0,0,391210240,11880061,12.99,1.65
433,2026-05-17 04:55:28,3,q66,0,14,343,1284,2015,8552,6995,1223,1252,0,12,0,22,232089,0,0,975454208,21660561,213478674,0,0,90,9,9,0,47940,47940,0,0,47940,90,6.66,1.28
434,2026-05-17 04:55:31,3,q67,0,10,243,7221,7302,76842,73806,826,861,0,536,0,1455,4653671,0,0,7594451448,28922616,221651828,0,0,11548825,187,187,0,866159379,866159379,0,0,866159379,11548825,10.64,7.22
435,2026-05-17 04:55:39,3,q67a,0,18,384,10569,36461,140286,130105,1169,1162,0,1184,0,5650,4653585,0,0,26569738752,28922616,221651828,0,0,55551436,1700,1700,0,4120616445,4120616445,0,0,900587757,13218740,13.27,10.57
436,2026-05-17 04:55:51,3,q68,0,13,333,1061,1720,8072,6786,1219,1190,1,144,0,113,15378570,0,0,568481352,29577818,391461670,0,0,6174,10,10,0,436284,436284,0,0,436284,6174,7.61,1.06
437,2026-05-17 04:55:53,3,q69,0,18,437,1050,1960,7987,6906,1434,1411,0,0,0,458,28817400,0,0,3806916136,53091851,79177207,0,0,1902033,101,101,0,9547581,9547581,0,0,9547581,1902033,7.61,1.05
438,2026-05-17 04:55:55,3,q70,0,14,297,1040,1134,7317,6616,1006,1039,0,131,0,43,233503,0,0,1101810584,57621229,269678769,0,0,209,22,22,0,10316,10316,0,0,10316,209,7.04,1.04
439,2026-05-17 04:55:57,3,q70a,0,17,302,888,939,5341,5162,1020,1058,0,0,0,47,233116,0,0,902580896,57621229,269678769,0,0,240,47,47,0,14125,14125,0,0,8085,180,6.01,0.89
440,2026-05-17 04:55:59,3,q71,0,13,364,1261,1323,13255,11929,1228,1272,1,0,0,270,421741,0,0,956611448,50563041,453758100,0,0,32249,31,31,0,1648392,1648392,0,0,995252,21130,10.51,1.26
441,2026-05-17 04:56:01,3,q72,0,26,680,17508,22542,221815,213748,2409,2276,2,959,0,5642,6609801,0,0,19933730552,151146962,901568011,0,0,142246513,1469,1469,0,2047663537,2047663537,0,0,2047663537,142246513,12.67,17.51
442,2026-05-17 04:56:20,3,q73,0,14,310,700,1307,4877,4168,1014,1027,0,0,0,123,233460,0,0,299939544,29327817,78924269,0,0,1002732,16,16,0,33968188,33968188,0,0,17050423,502732,6.97,0.7
443,2026-05-17 04:56:22,3,q74,0,20,486,2104,4678,22629,18135,1680,1520,4,368,0,2461,15569619,0,0,13923889496,72541209,376809372,0,0,1763111,822,822,0,58842722,58842722,0,0,58842722,1763111,10.76,2.1
444,2026-05-17 04:56:25,3,q75,0,31,829,3102,7061,41252,34262,2837,2599,0,96,0,4029,317616,0,0,11831406064,105981888,1099568270,0,0,14156499,1088,1088,0,314442100,314442100,0,0,214470943,9118711,13.3,3.1
445,2026-05-17 04:56:29,3,q76,0,9,311,1048,990,10857,9140,1057,1087,0,250,0,261,923844,0,0,2240847208,50576089,457506860,0,0,3127,24,24,0,261039,261039,0,0,261039,3127,10.36,1.05
446,2026-05-17 04:56:31,3,q77,0,23,559,2397,5768,29449,9433,1875,1807,2,18304,0,219,233719,0,0,868584744,55459152,493899545,0,0,1757,44,44,0,120257,120257,0,0,120257,1757,12.29,2.4
447,2026-05-17 04:56:35,3,q77a,0,26,564,1495,2547,11662,8493,2449,1852,0,280,0,260,233417,0,0,1407552616,55459152,493899545,0,0,2221,55,55,0,176374,176374,0,0,134878,1891,7.8,1.5
448,2026-05-17 04:56:37,3,q78,0,18,502,6446,13206,91797,74815,1823,1602,30,2320,0,5553,6524755,0,0,19534062920,55458848,590454279,0,0,54207575,1326,1326,0,1579290498,1579290498,0,0,1579290498,54207575,14.24,6.45
449,2026-05-17 04:56:45,3,q79,0,12,283,954,1591,7148,5480,1289,1101,3,162,0,125,12830359,0,0,952877472,29327817,250526296,0,0,80366,22,22,0,2983084,2983084,0,0,2983084,80366,7.49,0.95
450,2026-05-17 04:56:47,3,q80,0,29,762,7532,21347,109278,86444,3062,2627,0,2232,0,6993,233503,0,0,14185165104,55573497,844329211,0,0,53052375,819,819,0,1571654634,1571654634,0,0,1571654634,53052375,14.51,7.53
451,2026-05-17 04:56:56,3,q80a,0,32,767,6966,18355,99215,88378,2987,2582,0,1332,0,6330,233546,0,0,14657024136,55573497,844329211,0,0,53053332,830,830,0,1571770246,1571770246,0,0,1571667496,53052306,14.24,6.97
452,2026-05-17 04:57:04,3,q81,0,19,370,1027,2032,7611,6382,1334,1250,0,136,0,227,2002949,0,0,2397107168,3899788,55276621,0,0,1372913,47,47,0,35450711,35450711,0,0,35450711,1372913,7.41,1.03
453,2026-05-17 04:57:06,3,q82,0,10,262,1354,2052,13517,11920,947,831,3,387,0,476,233503,0,0,1658418336,162032523,837941438,0,0,13778665,194,194,0,137239500,137239500,0,0,137239500,28800829,9.98,1.35
454,2026-05-17 04:57:08,3,q83,0,17,402,1107,1607,8235,5034,1807,1378,3,234,0,769,788267,0,0,1261711248,5358962,38645849,0,0,43961,14,14,0,759663,759663,0,0,759663,43961,7.44,1.11
455,2026-05-17 04:57:11,3,q84,0,15,352,930,1425,3472,2187,1375,1175,0,128,0,234,9765951,0,0,615806688,5555676,31377638,0,0,2778710,20,20,0,14454870,14454870,0,0,14454870,2778710,3.73,0.93
456,2026-05-17 04:57:13,3,q85,0,18,472,1355,3846,9589,7471,1562,1624,0,156,0,125,17038024,0,0,8635287000,12032236,132128224,0,0,915638,92,92,0,33254834,33254834,0,0,33254834,915638,7.08,1.36
457,2026-05-17 04:57:15,3,q86,0,8,172,503,496,2031,1708,688,627,0,64,0,28,1868212,0,0,571272816,7322094,62330579,0,0,816,5,5,0,54749,54749,0,0,54749,816,4.04,0.5
458,2026-05-17 04:57:17,3,q86a,0,11,177,496,467,1729,1521,630,625,0,80,0,42,1868126,0,0,1110240560,7322094,62330579,0,0,2119,18,18,0,157721,157721,0,0,66577,929,3.49,0.5
459,2026-05-17 04:57:18,3,q87,0,15,353,1558,2894,15438,12486,1087,1069,0,240,0,1200,12830144,0,0,8122560600,50921040,67372914,0,0,1694835,473,473,0,44526210,44526210,0,0,44526210,1694835,9.91,1.56
460,2026-05-17 04:57:21,3,q88,0,44,1078,1772,6014,19375,16128,3388,3409,5,352,0,16,233503,0,0,514952960,230611400,283677260,0,0,160,160,160,0,9200,9200,0,0,9200,160,10.93,1.77
461,2026-05-17 04:57:24,3,q89,0,10,228,760,884,5455,4692,786,816,0,105,0,146,233503,0,0,946676392,28922616,194535396,0,0,49975,22,22,0,2298553,2298553,0,0,2298553,49975,7.18,0.76
462,2026-05-17 04:57:26,3,q90,0,14,338,422,796,2408,1725,1091,1164,0,0,0,4,232049,0,0,103596544,14447588,27906340,0,0,32,32,32,0,1816,1816,0,0,1816,32,5.71,0.42
463,2026-05-17 04:57:27,3,q91,0,17,390,884,1741,5372,4296,1455,1400,0,112,0,4,9580995,0,0,1037410344,4137931,32811212,0,0,53,5,5,0,7711,7711,0,0,4761,34,6.08,0.88
464,2026-05-17 04:57:29,3,q92,0,11,239,472,707,2976,2571,814,814,0,0,0,70,707825,0,0,110994360,14522186,123949851,0,0,135661,9,9,0,1837430,1837430,0,0,1837430,135661,6.31,0.47
465,2026-05-17 04:57:30,3,q93,0,8,204,3902,4322,48612,44761,702,628,7,435,0,1600,233288,0,0,5766380072,31678201,270345845,0,0,31635854,357,357,0,754631060,754631060,0,0,754631060,31635854,12.46,3.9
466,2026-05-17 04:57:35,3,q94,0,14,367,1768,3326,16185,12526,1573,1225,7,322,0,431,2580110,0,0,3571011840,15390508,100981412,0,0,14397040,153,153,0,217756751,217756751,0,0,217756751,14397040,9.15,1.77
467,2026-05-17 04:57:38,3,q95,0,14,367,4487,6182,56252,40418,1541,1279,1,1691,0,423,2580924,0,0,14560086280,15390504,97870635,0,0,35990240,357,357,0,319472623,319472623,0,0,196649755,14395274,12.54,4.49
468,2026-05-17 04:57:44,3,q96,0,9,224,490,658,3260,2293,1015,796,0,0,0,2,233503,0,0,63872480,28827816,35519563,0,0,20,20,20,0,1150,1150,0,0,1150,20,6.65,0.49
469,2026-05-17 04:57:45,3,q97,0,8,209,2263,2745,23512,18206,921,720,0,262,0,315,233589,0,0,6212927976,43220947,230731493,0,0,8377699,238,238,0,96908300,96908300,0,0,96908300,8377699,10.39,2.26
470,2026-05-17 04:57:49,3,q98,0,10,186,869,779,4443,3576,748,648,3,0,0,211,3361780,0,0,1690376016,28922513,250409339,0,0,106186,98,98,0,14472219,14472219,0,0,12501597,91022,5.11,0.87
471,2026-05-17 04:57:51,3,q99,0,11,275,868,1284,5250,4161,1254,1039,1,0,0,30,232089,0,0,156567144,14420493,41457907,0,0,2160,3,3,0,173855,173855,0,0,173855,2160,6.05,0.87
472,2026-05-17 04:57:53,4,q1,0,15,313,1087,1853,10329,6888,1420,1042,0,205,0,1374,5100797,0,0,3337334424,6275389,66981055,0,0,1611249,182,182,0,25348430,25348430,0,0,25348430,1611249,9.5,1.09
473,2026-05-17 04:57:55,4,q2,0,14,294,850,1047,6352,5597,1230,1083,0,60,0,71,755509,0,0,456068104,21713579,93455618,0,0,6838,44,44,0,352525,352525,0,0,127373,4198,7.47,0.85
474,2026-05-17 04:57:57,4,q3,0,7,175,406,413,2651,2172,644,630,0,44,0,99,233503,0,0,119963624,28975562,244265651,0,0,2998,10,10,0,206438,206438,0,0,206438,2998,6.53,0.41
475,2026-05-17 04:57:58,4,q4,0,28,573,7947,37599,119707,99727,1775,1652,4,2276,0,10239,1691203,0,0,39674206800,50941041,812341524,0,0,102286012,3503,3503,0,2536512620,2536512620,0,0,1273495988,51438627,15.06,7.95
476,2026-05-17 04:58:07,4,q5,0,22,690,2233,4658,25284,21435,2716,2419,6,470,0,589,317451,0,0,3294366800,62671087,552805852,0,0,7890286,132,132,0,109305912,109305912,0,0,109305912,7890286,11.32,2.23
477,2026-05-17 04:58:11,4,q5a,0,25,695,2243,4287,25025,22705,2305,2357,0,296,0,665,317580,0,0,3833334672,62671087,552805852,0,0,7892232,142,142,0,109464345,109464345,0,0,109331115,7890408,11.16,2.24
478,2026-05-17 04:58:14,4,q6,0,18,407,1587,2796,18828,17459,1466,1448,0,272,0,631,2121631,0,0,5099075256,29847566,158211197,0,0,27358702,206,206,0,240333811,240333811,0,0,240333811,27358702,11.86,1.59
479,2026-05-17 04:58:17,4,q7,0,12,288,1018,1299,8094,7090,978,1004,0,140,0,124,788267,0,0,1080238624,30843824,430732655,0,0,71861,22,22,0,2549492,2549492,0,0,2549492,71861,7.95,1.02
480,2026-05-17 04:58:19,4,q8,0,16,337,1001,1249,6148,5424,1176,1217,0,90,0,38,2373025,0,0,1792304608,29820618,139184944,0,0,6731,13,13,0,84406,84406,0,0,84406,6731,6.14,1.0
481,2026-05-17 04:58:21,4,q9,0,17,406,834,3335,9886,8259,1111,1214,0,208,0,15,233503,0,0,0,144002601,909539780,0,0,100,100,100,0,6957,6957,0,0,6957,100,11.85,0.83
482,2026-05-17 04:58:23,4,q10,0,18,437,1007,1867,7559,6435,1505,1426,4,84,0,411,29252640,0,0,3807972072,53091851,79308795,0,0,2400953,102,102,0,9684105,9684105,0,0,9684105,2400953,7.51,1.01
483,2026-05-17 04:58:25,4,q10a,0,15,436,1091,1455,5968,5414,1500,1461,10,131,0,463,29252554,0,0,4607448032,53091851,79308795,0,0,2368363,153,153,0,9644680,9644680,0,0,9644680,2368363,5.47,1.09
484,2026-05-17 04:58:27,4,q11,0,22,434,4319,14185,61888,55068,1467,1263,3,987,0,5230,1380159,0,0,26856842912,36540606,272799659,0,0,71770406,2006,2006,0,1051794768,1051794768,0,0,537186984,36215116,14.33,4.32
485,2026-05-17 04:58:33,4,q12,0,8,173,571,553,2141,1795,682,615,0,48,0,54,3286039,0,0,639059672,7322094,68674478,0,0,29116,10,10,0,3907960,3907960,0,0,3907960,29116,3.75,0.57
486,2026-05-17 04:58:34,4,q13,0,13,336,1222,1779,10117,8934,1168,1203,0,152,0,3,1311845,0,0,691209280,30998627,510444599,0,0,20,20,20,0,1371,1371,0,0,1371,20,8.28,1.22
487,2026-05-17 04:58:36,4,q14a,0,46,1080,6714,10637,62205,56212,3939,3583,0,1602,0,3055,1195253,0,0,9913299312,151671121,963980432,0,0,62586127,341,341,0,877745518,877745518,0,0,874734926,62499603,9.26,6.71
488,2026-05-17 04:58:45,4,q14b,0,40,1019,4897,9873,53141,48549,3775,3544,0,624,0,2113,1195253,0,0,8446696624,130216694,764383429,0,0,68363041,315,315,0,1013219661,1013219661,0,0,529302539,40855834,10.85,4.9
489,2026-05-17 04:58:51,4,q14,0,40,1016,4616,8480,49084,46095,3518,3498,3,640,0,2087,1170002,0,0,7563238792,130216694,764383429,0,0,68273664,280,280,0,1004568965,1004568965,0,0,520651843,40766457,10.63,4.62
490,2026-05-17 04:58:57,4,q15,0,9,231,1113,1233,7993,7482,780,819,0,0,0,9,5046346,0,0,951797424,15170438,57613648,0,0,502,1,1,0,18324,18324,0,0,18324,502,7.18,1.11
491,2026-05-17 04:58:59,4,q16,0,14,377,2085,4005,28370,23681,1329,1232,0,428,0,1564,232089,0,0,4703921456,30510793,220163215,0,0,30114572,527,527,0,422214469,422214469,0,0,422214469,30114572,13.61,2.08
492,2026-05-17 04:59:02,4,q17,0,17,446,4712,7355,61524,54652,1529,1520,0,736,0,3538,6980521,0,0,7880912176,46220694,350661785,0,0,45538041,803,803,0,1089146303,1089146303,0,0,1089146303,45538041,13.06,4.71
493,2026-05-17 04:59:08,4,q18,0,16,407,1349,2186,7951,7000,1391,1421,0,24,0,26,9765521,0,0,3074056776,19114059,307641457,0,0,55958,9,9,0,3984849,3984849,0,0,3984849,55958,5.89,1.35
494,2026-05-17 04:59:11,4,q18a,0,32,898,3389,8745,37663,27943,3495,3112,38,1508,0,268,9765521,0,0,14494187648,77567803,1437120011,0,0,63894,37,37,0,4339335,4339335,0,0,4339335,63894,11.11,3.39
495,2026-05-17 04:59:15,4,q19,0,13,335,1074,1824,7252,5480,1461,1217,0,128,0,108,5046389,0,0,1599037304,29672618,279328241,0,0,7397,10,10,0,541770,541770,0,0,541770,7397,6.75,1.07
496,2026-05-17 04:59:17,4,q20,0,8,176,496,474,2369,2042,628,622,0,0,0,17,3286039,0,0,412686616,14522437,126467645,0,0,28486,2,2,0,3491832,3491832,0,0,3491832,28486,4.78,0.5
497,2026-05-17 04:59:19,4,q21,0,9,226,905,1022,7165,6397,774,810,0,80,0,11,233813,0,0,208677936,133232023,713967467,0,0,31850,1,1,0,679321,679321,0,0,679321,31850,7.92,0.9
498,2026-05-17 04:59:21,4,q22,0,10,243,56469,56496,117617,115644,896,845,0,160,0,76,4653671,0,0,1753344224,133232025,713251757,0,0,612866,68,68,0,25729614,25729614,0,0,25729614,612866,2.08,56.47
499,2026-05-17 05:00:18,4,q22a,0,14,267,3362,3871,13726,12208,947,909,0,89,0,1106,4653714,0,0,5660862736,133232023,713263261,0,0,918610,160,160,0,45113549,45113549,0,0,14511781,306922,4.08,3.36
500,2026-05-17 05:00:23,4,q23a,0,28,694,6237,11601,76340,69192,2272,2183,0,1368,0,3640,6609758,0,0,12649074936,108664065,584237511,0,0,43897022,644,644,0,1114821051,1114821051,0,0,1084930284,41990015,12.24,6.24
501,2026-05-17 05:00:30,4,q23b,0,32,771,6325,12062,79376,74424,2674,2472,1,1302,0,3433,6609758,0,0,25624416072,109164066,589048076,0,0,48673518,1314,1314,0,1200060529,1200060529,0,0,1097300784,42452497,12.55,6.32
502,2026-05-17 05:00:38,4,q24,0,14,366,2526,4158,31688,27214,1488,1212,8,348,0,1483,20739826,0,0,7068696000,32530259,315395941,0,0,29735885,340,340,0,678254112,678254112,0,0,678254112,29735885,12.54,2.53
503,2026-05-17 05:00:41,4,q24a,0,20,439,4042,5612,46454,41393,1817,1463,10,659,0,1824,18177832,0,0,16497845272,32632260,313347934,0,0,59478907,712,712,0,1357451922,1357451922,0,0,679197810,29743022,11.49,4.04
504,2026-05-17 05:00:46,4,q24b,0,20,439,2924,3956,31171,30192,1457,1485,2,496,0,1725,18177832,0,0,15891776752,32632260,313347934,0,0,59478765,700,700,0,1357428154,1357428154,0,0,679174042,29742880,10.66,2.92
505,2026-05-17 05:00:50,4,q25,0,17,446,4665,7324,60185,56665,1588,1513,0,704,0,3325,6980521,0,0,7880887560,46220694,491370545,0,0,45538038,800,800,0,1108759789,1108759789,0,0,1108759789,45538038,12.9,4.66
506,2026-05-17 05:00:56,4,q26,0,11,286,979,1266,7255,6557,1022,1027,0,0,0,33,788267,0,0,475734776,16443748,228736629,0,0,33482,3,3,0,1124909,1124909,0,0,1124909,33482,7.41,0.98
507,2026-05-17 05:00:58,4,q27,0,12,288,1092,1409,8494,8112,1135,1030,0,70,0,124,788267,0,0,1080698912,30843426,404290208,0,0,58884,22,22,0,2218125,2218125,0,0,2218125,58884,7.78,1.09
508,2026-05-17 05:01:00,4,q27a,0,20,533,1597,3645,17062,13913,1960,1865,0,686,0,584,788267,0,0,1806596672,88546552,1194500421,0,0,60793,43,43,0,2451360,2451360,0,0,2451360,60793,10.68,1.6
509,2026-05-17 05:01:03,4,q28,0,24,432,1604,3758,20204,16078,1501,1367,0,352,0,2585,233503,0,0,4462213584,172803066,1399179690,0,0,470650,66,66,0,7692048,7692048,0,0,7692048,470650,12.6,1.6
510,2026-05-17 05:01:06,4,q29,0,19,497,4619,7557,59519,56522,1695,1706,0,624,0,3122,6980564,0,0,7880995000,46240695,351135960,0,0,45538045,805,805,0,1089147078,1089147078,0,0,1089147078,45538045,12.89,4.62
511,2026-05-17 05:01:11,4,q30,0,17,356,794,1770,2773,1873,1214,1241,0,0,0,111,2002949,0,0,1060281576,2460554,45638775,0,0,755089,7,7,0,59269674,59269674,0,0,59269674,755089,3.49,0.79
512,2026-05-17 05:01:13,4,q31,0,30,623,1781,3978,17579,14963,2156,2017,0,232,0,1485,3851818,0,0,3849525224,108311813,549469227,0,0,79892,49,49,0,2737920,2737920,0,0,2515713,73108,9.87,1.78
513,2026-05-17 05:01:16,4,q32,0,11,247,492,731,4293,3795,829,821,0,0,0,50,707099,0,0,120389400,28922872,239176030,0,0,55420,12,12,0,760429,760429,0,0,760429,55420,8.73,0.49
514,2026-05-17 05:01:18,4,q33,0,16,419,1182,1950,9292,7022,1798,1450,14,140,0,476,895616,0,0,1175635736,50875042,468010747,0,0,17063,18,18,0,450450,450450,0,0,450450,17063,7.86,1.18
515,2026-05-17 05:01:20,4,q34,0,14,310,734,1419,5115,4164,1036,1038,0,10,0,191,233460,0,0,301186776,29327817,78924269,0,0,1010675,16,16,0,34202764,34202764,0,0,17284999,510675,6.97,0.73
516,2026-05-17 05:01:22,4,q35,0,17,442,1448,2535,12509,9619,1589,1454,4,324,0,994,24091970,0,0,8158821272,53091851,79100913,0,0,6056644,255,255,0,16002181,16002181,0,0,16002181,6056644,8.64,1.45
517,2026-05-17 05:01:24,4,q35a,0,16,442,1112,1814,8401,7844,1477,1436,2,0,0,670,24091841,0,0,7370292408,53091851,79100913,0,0,6053558,255,255,0,16010477,16010477,0,0,16010477,6053558,7.55,1.11
518,2026-05-17 05:01:26,4,q36,0,10,227,780,935,5749,5072,834,823,0,128,0,75,1868212,0,0,1036986400,28922616,365253403,0,0,1769,11,11,0,138561,138561,0,0,138561,1769,7.37,0.78
519,2026-05-17 05:01:28,4,q36a,0,13,232,756,843,4767,4343,829,844,0,143,0,99,1868126,0,0,1575954272,28922616,365253403,0,0,4798,36,36,0,397299,397299,0,0,147261,1822,6.31,0.76
520,2026-05-17 05:01:30,4,q37,0,10,262,1016,1499,9643,8102,844,860,0,224,0,536,233340,0,0,886656304,147632447,779814592,0,0,4316414,180,180,0,64485606,64485606,0,0,64485606,14400617,9.49,1.02
521,2026-05-17 05:01:32,4,q38,0,15,353,1635,2991,16519,13711,1198,1076,0,308,0,900,12830144,0,0,8122560600,50921040,67372914,0,0,1694835,473,473,0,44526210,44526210,0,0,44526210,1694835,10.1,1.64
522,2026-05-17 05:01:35,4,q39a,0,18,372,2017,3939,19009,16437,1203,1259,0,336,0,747,805959,0,0,2062236424,266362034,1424950743,0,0,1129925,56,56,0,27117544,27117544,0,0,26113005,1093917,9.42,2.02
523,2026-05-17 05:01:38,4,q39b,0,18,372,1590,3092,15502,14785,1253,1257,0,272,0,435,524796,0,0,2056076040,266362034,1424950743,0,0,1093504,56,56,0,26086066,26086066,0,0,25081527,1057496,9.75,1.59
524,2026-05-17 05:01:41,4,q40,0,12,308,2036,3196,25340,22705,1025,1039,0,0,0,1768,233375,0,0,4141621464,15962340,138031677,0,0,15748014,357,357,0,309656666,309656666,0,0,309656666,15748014,12.45,2.04
525,2026-05-17 05:01:44,4,q41,0,6,108,352,287,1999,274,423,445,7,112,0,7,232738,0,0,270538656,204002,2005296,0,0,140,2,2,0,9680,9680,0,0,9680,140,5.68,0.35
526,2026-05-17 05:01:45,4,q42,0,7,175,464,473,3451,2973,587,611,0,0,0,23,233503,0,0,786960824,28922513,243884324,0,0,110,10,10,0,9116,9116,0,0,9116,110,7.44,0.46
527,2026-05-17 05:01:47,4,q43,0,7,173,655,688,5298,4916,632,634,0,0,0,29,233503,0,0,114629704,28820615,76618274,0,0,210,10,10,0,27084,27084,0,0,27084,210,8.09,0.66
528,2026-05-17 05:01:49,4,q44,0,11,206,593,643,4202,3353,594,638,0,100,0,158,1673953,0,0,1589568808,57703023,385315749,0,0,795972,120,120,0,10069011,10069011,0,0,5035816,398046,7.09,0.59
529,2026-05-17 05:01:50,4,q45,0,13,333,719,1253,2946,2380,1182,1198,0,0,0,8,5046346,0,0,2009365456,8092097,58673559,0,0,29,4,4,0,2649,2649,0,0,2649,29,4.1,0.72
530,2026-05-17 05:01:52,4,q46,0,13,333,996,1614,7333,6526,1190,1225,1,170,0,118,15378570,0,0,1039122784,29577818,254059409,0,0,27956,10,10,0,1371108,1371108,0,0,1371108,27956,7.36,1.0
531,2026-05-17 05:01:54,4,q47,0,15,287,1744,2699,18247,14880,907,932,0,225,0,2524,2319872,0,0,6656509880,28922616,194256650,0,0,2665245,787,787,0,105358315,105358315,0,0,61754570,1560722,10.46,1.74
532,2026-05-17 05:01:57,4,q48,0,11,285,1365,1703,11382,10419,988,1000,0,144,0,3,1331939,0,0,669220160,30991426,272019757,0,0,20,20,20,0,1160,1160,0,0,1160,20,8.34,1.36
533,2026-05-17 05:01:59,4,q49,0,25,510,1737,4032,19768,17017,1669,1557,0,140,0,2038,233503,0,0,4850067912,55458848,791936529,0,0,15195840,63,63,0,338276366,338276366,0,0,338276366,15195840,11.38,1.74
534,2026-05-17 05:02:02,4,q50,0,12,306,2340,3210,28640,25922,1059,1050,0,768,0,1514,372338,0,0,4687124776,31771307,220541476,0,0,29262054,357,357,0,629536939,629536939,0,0,629536939,29262054,12.24,2.34
535,2026-05-17 05:02:06,4,q51,0,13,289,2867,4022,37359,33543,760,780,2,528,0,3433,300713,0,0,9975730016,36020604,232094710,0,0,24415841,1679,1679,0,420203029,420203029,0,0,420203029,24415841,13.03,2.87
536,2026-05-17 05:02:10,4,q51a,0,17,355,20555,24490,268930,258543,894,934,0,2647,0,4319,460428,0,0,26931198392,36020604,232094710,0,0,47531016,2587,2587,0,789082750,789082750,0,0,575699123,36069050,13.08,20.56
537,2026-05-17 05:02:31,4,q52,0,7,175,442,454,3211,2657,591,620,0,0,0,117,233503,0,0,786960824,28922513,244080932,0,0,4250,10,10,0,266731,266731,0,0,266731,4250,7.26,0.44
538,2026-05-17 05:02:33,4,q53,0,10,227,663,781,4559,3876,811,831,0,3,0,127,233503,0,0,208086096,28922616,194810562,0,0,31394,11,11,0,661843,661843,0,0,661843,31394,6.88,0.66
539,2026-05-17 05:02:34,4,q54,0,26,644,1954,4841,22415,19654,2462,2313,0,144,0,1018,5046432,0,0,2692837664,51386197,273652342,0,0,26873209,179,179,0,252845431,252845431,0,0,252845431,26873209,11.47,1.95
540,2026-05-17 05:02:37,4,q55,0,7,175,527,543,3997,3446,691,626,6,160,0,94,233503,0,0,786960824,28922513,244080932,0,0,3448,10,10,0,211879,211879,0,0,211879,3448,7.58,0.53
541,2026-05-17 05:02:39,4,q56,0,16,419,884,1326,6665,5544,1415,1421,5,0,0,407,466522,0,0,1234116536,50875042,468605183,0,0,10844,18,18,0,393323,393323,0,0,393323,10844,7.54,0.88
542,2026-05-17 05:02:41,4,q57,0,15,268,1825,2652,13226,11361,915,918,0,72,0,815,2319872,0,0,5374089408,14522462,95474827,0,0,1160477,378,378,0,45127049,45127049,0,0,33392647,851478,7.25,1.82
543,2026-05-17 05:02:44,4,q58,0,18,417,1174,1813,9026,7976,1486,1446,0,0,0,266,788267,0,0,2211009024,50669140,426579251,0,0,247081,27,27,0,3686832,3686832,0,0,3686832,247081,7.69,1.17
544,2026-05-17 05:02:46,4,q59,0,16,339,1238,2084,8533,7865,1258,1237,0,112,0,352,755509,0,0,1673170840,28913769,77329341,0,0,304460,132,132,0,12848227,12848227,0,0,6671251,170845,6.89,1.24
545,2026-05-17 05:02:49,4,q60,0,16,419,1094,1761,8848,7446,1507,1450,0,180,0,492,466522,0,0,1728975080,50875042,468540163,0,0,78428,19,19,0,1556606,1556606,0,0,1556606,78428,8.09,1.09
546,2026-05-17 05:02:51,4,q61,0,18,457,1118,2579,11201,8575,1559,1570,0,240,0,8,5046346,0,0,1246748000,58473630,585660976,0,0,40,40,40,0,2319,2319,0,0,2319,40,10.02,1.12
547,2026-05-17 05:02:53,4,q62,0,11,271,656,933,2953,2392,984,994,0,0,0,37,232049,0,0,138730216,7220168,27946993,0,0,1680,4,4,0,144678,144678,0,0,144678,1680,4.5,0.66
548,2026-05-17 05:02:55,4,q63,0,10,227,596,667,3951,3406,804,816,0,0,0,129,233503,0,0,208020560,28922616,194814658,0,0,12917,11,11,0,338314,338314,0,0,338314,12917,6.63,0.6
549,2026-05-17 05:02:56,4,q64,0,38,929,6809,16477,93516,86698,3238,3171,2,720,0,5187,13606736,0,0,35890420816,50412171,684921572,0,0,52026303,2318,2318,0,1952932789,1952932789,0,0,1806179638,48487731,13.73,6.81
550,2026-05-17 05:03:04,4,q65,0,15,348,1702,3052,22314,20227,1162,1094,4,7,0,1637,9209932,0,0,6116202576,57723127,391782077,0,0,11880061,391,391,0,391210240,391210240,0,0,391210240,11880061,13.11,1.7
551,2026-05-17 05:03:07,4,q66,0,14,343,1338,2159,10445,8969,1328,1250,0,70,0,22,232608,0,0,975454208,21660561,213478674,0,0,90,9,9,0,47940,47940,0,0,47940,90,7.81,1.34
552,2026-05-17 05:03:10,4,q67,0,10,243,7075,7166,75307,73257,865,862,0,954,0,1466,4653671,0,0,7594451448,28922616,221651828,0,0,11548825,187,187,0,866159379,866159379,0,0,866159379,11548825,10.64,7.08
553,2026-05-17 05:03:18,4,q67a,0,18,384,10678,37079,143268,134170,1112,1159,13,1239,0,5353,4653628,0,0,26569738752,28922616,221651828,0,0,55551436,1700,1700,0,4120616445,4120616445,0,0,900587757,13218740,13.42,10.68
554,2026-05-17 05:03:30,4,q68,0,13,333,1055,1706,7917,6705,1162,1208,1,130,0,106,15378570,0,0,568481352,29577818,391461670,0,0,6174,10,10,0,436284,436284,0,0,436284,6174,7.5,1.06
555,2026-05-17 05:03:32,4,q69,0,18,437,1079,2072,8335,7347,1421,1398,5,0,0,446,28817486,0,0,3806916136,53091851,79177207,0,0,1902033,101,101,0,9547581,9547581,0,0,9547581,1902033,7.72,1.08
556,2026-05-17 05:03:34,4,q70,0,14,297,1024,1145,7180,6549,1156,1081,0,156,0,42,233503,0,0,1101810584,57621229,269678769,0,0,209,22,22,0,10316,10316,0,0,10316,209,7.01,1.02
557,2026-05-17 05:03:36,4,q70a,0,17,302,936,998,5723,5523,1038,1062,5,10,0,55,233116,0,0,902580896,57621229,269678769,0,0,240,47,47,0,14125,14125,0,0,8085,180,6.11,0.94
558,2026-05-17 05:03:38,4,q71,0,13,364,1082,1143,10388,8986,1247,1282,1,0,0,324,421741,0,0,956611448,50563041,453758100,0,0,32249,31,31,0,1648392,1648392,0,0,995252,21130,9.6,1.08
559,2026-05-17 05:03:40,4,q72,0,26,680,17561,22626,222043,213788,2246,2290,26,1786,0,4998,6609758,0,0,19933730552,151146962,901568011,0,0,142246513,1469,1469,0,2047663537,2047663537,0,0,2047663537,142246513,12.64,17.56
560,2026-05-17 05:03:59,4,q73,0,14,310,717,1303,5067,4269,975,1017,0,80,0,128,233460,0,0,299939544,29327817,78924269,0,0,1002732,16,16,0,33968188,33968188,0,0,17050423,502732,7.07,0.72
561,2026-05-17 05:04:01,4,q74,0,20,486,2099,4803,22783,17856,1840,1551,3,171,0,2952,15569619,0,0,13923889496,72541209,376809372,0,0,1763111,822,822,0,58842722,58842722,0,0,58842722,1763111,10.85,2.1
562,2026-05-17 05:04:04,4,q75,0,31,829,3376,7928,45637,38059,2714,2560,3,880,0,4665,317616,0,0,11831406064,105981888,1099568270,0,0,14156499,1088,1088,0,314442100,314442100,0,0,214470943,9118711,13.52,3.38
563,2026-05-17 05:04:08,4,q76,0,9,311,1040,986,11604,10226,1064,1093,0,0,0,200,923844,0,0,2240847208,50576089,457506860,0,0,3127,24,24,0,261039,261039,0,0,261039,3127,11.16,1.04
564,2026-05-17 05:04:10,4,q77,0,23,559,1252,2436,11467,9936,1935,1813,0,96,0,190,233503,0,0,868584744,55459152,493899545,0,0,1757,44,44,0,120257,120257,0,0,120257,1757,9.16,1.25
565,2026-05-17 05:04:13,4,q77a,0,26,564,1145,2059,9077,8036,1844,1821,0,176,0,243,233288,0,0,1407552616,55459152,493899545,0,0,2221,55,55,0,176374,176374,0,0,134878,1891,7.93,1.14
566,2026-05-17 05:04:15,4,q78,0,18,502,5870,11859,84164,76712,1597,1573,0,560,0,4880,6524755,0,0,19534062920,55458848,590454279,0,0,54207575,1326,1326,0,1579290498,1579290498,0,0,1579290498,54207575,14.34,5.87
567,2026-05-17 05:04:22,4,q79,0,12,283,949,1415,7587,6728,992,1021,1,160,0,133,12830316,0,0,952877472,29327817,250526296,0,0,80366,22,22,0,2983084,2983084,0,0,2983084,80366,7.99,0.95
568,2026-05-17 05:04:24,4,q80,0,29,762,6709,18697,98949,91489,2573,2519,12,694,0,4699,233503,0,0,14185165104,55573497,844329211,0,0,53052375,819,819,0,1571654634,1571654634,0,0,1571654634,53052375,14.75,6.71
569,2026-05-17 05:04:32,4,q80a,0,32,767,7001,19080,102310,96153,2578,2539,0,688,0,4817,233503,0,0,14657024136,55573497,844329211,0,0,53053332,830,830,0,1571770246,1571770246,0,0,1571667496,53052306,14.61,7.0
570,2026-05-17 05:04:40,4,q81,0,19,370,1058,2061,7659,6386,1299,1222,0,112,0,244,2002949,0,0,2397107168,3899788,55276621,0,0,1372913,47,47,0,35450711,35450711,0,0,35450711,1372913,7.24,1.06
571,2026-05-17 05:04:42,4,q82,0,10,262,1422,2144,14728,12414,823,851,0,336,0,480,233460,0,0,1658418336,162032523,837941438,0,0,13778665,194,194,0,137239500,137239500,0,0,137239500,28800829,10.36,1.42
572,2026-05-17 05:04:45,4,q83,0,17,402,981,1449,7514,5248,1447,1353,0,120,0,512,788267,0,0,1261711248,5358962,38645849,0,0,43961,14,14,0,759663,759663,0,0,759663,43961,7.66,0.98
573,2026-05-17 05:04:47,4,q84,0,15,352,722,1172,3006,2175,1077,1168,0,0,0,195,9765521,0,0,615806688,5555676,31377638,0,0,2778710,20,20,0,14454870,14454870,0,0,14454870,2778710,4.16,0.72
574,2026-05-17 05:04:49,4,q85,0,18,472,1211,3581,7857,5955,1606,1612,31,196,0,121,17038110,0,0,8635287000,12032236,132128224,0,0,915638,92,92,0,33254834,33254834,0,0,33254834,915638,6.49,1.21
575,2026-05-17 05:04:51,4,q86,0,8,172,513,502,2079,1780,593,605,0,0,0,28,1868212,0,0,571272816,7322094,62330579,0,0,816,5,5,0,54749,54749,0,0,54749,816,4.05,0.51
576,2026-05-17 05:04:53,4,q86a,0,11,177,505,486,1794,1527,646,631,0,144,0,42,1868126,0,0,1110240560,7322094,62330579,0,0,2119,18,18,0,157721,157721,0,0,66577,929,3.55,0.5
577,2026-05-17 05:04:54,4,q87,0,15,353,1605,3129,16801,13773,1127,1077,0,128,0,1198,12830187,0,0,8122560600,50921040,67372914,0,0,1694835,473,473,0,44526210,44526210,0,0,44526210,1694835,10.47,1.6
578,2026-05-17 05:04:57,4,q88,0,44,1078,1670,6098,18257,15508,3437,3473,0,150,0,52,233503,0,0,514952960,230611400,283677260,0,0,160,160,160,0,9200,9200,0,0,9200,160,10.93,1.67
579,2026-05-17 05:05:00,4,q89,0,10,228,770,892,5536,4877,803,819,0,0,0,149,233503,0,0,946676392,28922616,194535396,0,0,49975,22,22,0,2298553,2298553,0,0,2298553,49975,7.19,0.77
580,2026-05-17 05:05:01,4,q90,0,14,338,486,942,3135,1807,1226,1177,0,192,0,4,232694,0,0,103596544,14447588,27906340,0,0,32,32,32,0,1816,1816,0,0,1816,32,6.45,0.49
581,2026-05-17 05:05:03,4,q91,0,17,390,766,1681,4856,3837,1340,1392,0,0,0,4,9580995,0,0,1037410344,4137931,32811212,0,0,53,5,5,0,7711,7711,0,0,4761,34,6.34,0.77
582,2026-05-17 05:05:05,4,q92,0,11,239,528,813,3399,2624,948,814,0,0,0,77,707825,0,0,110994360,14522186,123949851,0,0,135661,9,9,0,1837430,1837430,0,0,1837430,135661,6.44,0.53
583,2026-05-17 05:05:06,4,q93,0,8,204,3786,4276,45343,43230,821,625,0,90,0,1689,233288,0,0,5766380072,31678201,270345845,0,0,31635854,357,357,0,754631060,754631060,0,0,754631060,31635854,11.98,3.79
584,2026-05-17 05:05:11,4,q94,0,14,367,1487,2643,14186,12920,1285,1205,0,128,0,399,2580067,0,0,3571011840,15390508,100981412,0,0,14397040,153,153,0,217756751,217756751,0,0,217756751,14397040,9.54,1.49
585,2026-05-17 05:05:14,4,q95,0,14,367,3961,5276,51604,40786,1366,1259,0,1738,0,375,2580709,0,0,14560086280,15390504,97870635,0,0,35990240,357,357,0,319472623,319472623,0,0,196649755,14395274,13.03,3.96
586,2026-05-17 05:05:19,4,q96,0,9,224,480,618,3426,2255,852,790,0,0,0,19,233503,0,0,63872480,28827816,35519563,0,0,20,20,20,0,1150,1150,0,0,1150,20,7.14,0.48
587,2026-05-17 05:05:20,4,q97,0,8,209,2172,2656,23130,18408,890,677,2,218,0,401,233589,0,0,6212927976,43220947,230731493,0,0,8377699,238,238,0,96908300,96908300,0,0,96908300,8377699,10.65,2.17
588,2026-05-17 05:05:24,4,q98,0,10,186,911,847,5591,4944,617,642,3,80,0,220,3361780,0,0,1690376016,28922513,250409339,0,0,106186,98,98,0,14472219,14472219,0,0,12501597,91022,6.14,0.91
589,2026-05-17 05:05:26,4,q99,0,11,275,792,1133,4441,3877,979,1008,0,64,0,31,232777,0,0,156567144,14420493,41457907,0,0,2160,3,3,0,173855,173855,0,0,173855,2160,5.61,0.79
590,2026-05-17 05:05:27,5,q1,0,15,313,873,1436,8230,6777,1014,1018,0,154,0,734,5100797,0,0,3337334424,6275389,66981055,0,0,1611249,182,182,0,25348430,25348430,0,0,25348430,1611249,9.43,0.87
591,2026-05-17 05:05:29,5,q2,0,14,294,810,939,6102,5625,1052,1064,0,72,0,75,755509,0,0,456068104,21713579,93455618,0,0,6838,44,44,0,352525,352525,0,0,127373,4198,7.53,0.81
592,2026-05-17 05:05:31,5,q3,0,7,175,394,390,2638,2163,595,622,0,0,0,100,233503,0,0,119963624,28975562,244265651,0,0,2998,10,10,0,206438,206438,0,0,206438,2998,6.7,0.39
593,2026-05-17 05:05:33,5,q4,0,28,573,7969,38612,121060,103129,1576,1659,0,2258,0,10389,1691203,0,0,39674206800,50941041,812341524,0,0,102286012,3503,3503,0,2536512620,2536512620,0,0,1273495988,51438627,15.19,7.97
594,2026-05-17 05:05:42,5,q5,0,22,690,2396,4394,27189,21593,2642,2375,0,609,0,613,318354,0,0,3294366800,62671087,552805852,0,0,7890286,132,132,0,109305912,109305912,0,0,109305912,7890286,11.35,2.4
595,2026-05-17 05:05:45,5,q5a,0,25,695,2243,4274,24891,22622,2318,2380,0,192,0,597,317451,0,0,3833334672,62671087,552805852,0,0,7892232,142,142,0,109464345,109464345,0,0,109331115,7890408,11.1,2.24
596,2026-05-17 05:05:49,5,q6,0,18,407,1730,3000,21164,19082,1603,1436,0,112,0,683,2121674,0,0,5099075256,29847566,158211197,0,0,27358702,206,206,0,240333811,240333811,0,0,240333811,27358702,12.23,1.73
597,2026-05-17 05:05:52,5,q7,0,12,288,1036,1378,8144,7167,1069,997,0,190,0,126,788267,0,0,1080238624,30843824,430732655,0,0,71861,22,22,0,2549492,2549492,0,0,2549492,71861,7.86,1.04
598,2026-05-17 05:05:54,5,q8,0,16,337,985,1254,6238,5420,1176,1231,0,0,0,38,2373025,0,0,1792304608,29820618,139184944,0,0,6731,13,13,0,84406,84406,0,0,84406,6731,6.33,0.98
599,2026-05-17 05:05:56,5,q9,0,17,406,899,3709,10670,8160,1208,1207,0,226,0,14,234191,0,0,0,144002601,909539780,0,0,100,100,100,0,6957,6957,0,0,6957,100,11.87,0.9
600,2026-05-17 05:05:58,5,q10,0,18,437,1144,2242,9141,7948,1484,1383,0,228,0,316,29252855,0,0,3807972072,53091851,79308795,0,0,2400953,102,102,0,9684105,9684105,0,0,9684105,2400953,7.99,1.14
601,2026-05-17 05:06:00,5,q10a,0,15,436,988,1386,5461,5150,1453,1441,2,0,0,490,29252554,0,0,4607448032,53091851,79308795,0,0,2368363,153,153,0,9644680,9644680,0,0,9644680,2368363,5.53,0.99
602,2026-05-17 05:06:02,5,q11,0,22,434,4383,14553,63643,56129,1260,1247,0,512,0,6814,1380159,0,0,26856842912,36540606,272799659,0,0,71770406,2006,2006,0,1051794768,1051794768,0,0,537186984,36215116,14.52,4.38
603,2026-05-17 05:06:07,5,q12,0,8,173,569,558,2188,1794,627,620,0,0,0,53,3286039,0,0,639059672,7322094,68674478,0,0,29116,10,10,0,3907960,3907960,0,0,3907960,29116,3.85,0.57
604,2026-05-17 05:06:09,5,q13,0,13,336,1433,1982,11981,10724,1172,1199,0,200,0,2,1311458,0,0,691209280,30998627,510444599,0,0,20,20,20,0,1371,1371,0,0,1371,20,8.36,1.43
605,2026-05-17 05:06:12,5,q14a,0,46,1080,6684,10706,62868,56731,3790,3539,6,1556,0,3289,1195253,0,0,9913299312,151671121,963980432,0,0,62586127,341,341,0,877745518,877745518,0,0,874734926,62499603,9.41,6.68
606,2026-05-17 05:06:20,5,q14b,0,40,1019,4751,9692,52461,48409,3562,3477,0,899,0,1943,1195253,0,0,8446696624,130216694,764383429,0,0,68363041,315,315,0,1013219661,1013219661,0,0,529302539,40855834,11.04,4.75
607,2026-05-17 05:06:26,5,q14,0,40,1016,4346,9120,45707,42627,3775,3510,0,786,0,1942,1170002,0,0,7563238792,130216694,764383429,0,0,68273664,280,280,0,1004568965,1004568965,0,0,520651843,40766457,10.52,4.35
608,2026-05-17 05:06:32,5,q15,0,9,231,900,1020,6505,6044,755,799,0,4,0,9,5046389,0,0,951797424,15170438,57613648,0,0,502,1,1,0,18324,18324,0,0,18324,502,7.23,0.9
609,2026-05-17 05:06:34,5,q16,0,14,377,2141,4064,28720,24406,1270,1223,0,544,0,1682,232089,0,0,4703921456,30510793,220163215,0,0,30114572,527,527,0,422214469,422214469,0,0,422214469,30114572,13.41,2.14
610,2026-05-17 05:06:37,5,q17,0,17,446,4546,7074,58091,55748,1677,1512,12,345,0,3030,6980521,0,0,7880912176,46220694,350661785,0,0,45538041,803,803,0,1089146303,1089146303,0,0,1089146303,45538041,12.78,4.55
611,2026-05-17 05:06:43,5,q18,0,16,407,1253,2275,6520,5051,1803,1432,0,222,0,26,9765521,0,0,3074056776,19114059,307641457,0,0,55958,9,9,0,3984849,3984849,0,0,3984849,55958,5.2,1.25
612,2026-05-17 05:06:45,5,q18a,0,32,898,2953,7525,29742,26567,3437,3101,4,721,0,190,9765564,0,0,14494187648,77567803,1437120011,0,0,63894,37,37,0,4339335,4339335,0,0,4339335,63894,10.07,2.95
613,2026-05-17 05:06:49,5,q19,0,13,335,1369,1927,10127,9282,1174,1217,0,80,0,108,5046389,0,0,1599037304,29672618,279328241,0,0,7397,10,10,0,541770,541770,0,0,541770,7397,7.4,1.37
614,2026-05-17 05:06:51,5,q20,0,8,176,535,516,2356,2037,614,628,0,0,0,17,3286039,0,0,412686616,14522437,126467645,0,0,28486,2,2,0,3491832,3491832,0,0,3491832,28486,4.4,0.54
615,2026-05-17 05:06:53,5,q21,0,9,226,921,1030,6708,6091,793,821,0,49,0,10,233770,0,0,208677936,133232023,713967467,0,0,31850,1,1,0,679321,679321,0,0,679321,31850,7.28,0.92
616,2026-05-17 05:06:55,5,q22,0,10,243,59881,59921,125233,124193,865,839,1,68,0,147,4653671,0,0,1753344224,133232025,713251757,0,0,612866,68,68,0,25729614,25729614,0,0,25729614,612866,2.09,59.88
617,2026-05-17 05:07:56,5,q22a,0,14,267,3259,3782,14049,12325,860,883,0,156,0,1116,4653671,0,0,5660862736,133232023,713263261,0,0,918610,160,160,0,45113549,45113549,0,0,14511781,306922,4.31,3.26
618,2026-05-17 05:08:00,5,q23a,0,28,694,6177,11327,75008,70352,2250,2173,4,1023,0,3302,6609758,0,0,12649074936,108664065,584237511,0,0,43897022,644,644,0,1114821051,1114821051,0,0,1084930284,41990015,12.14,6.18
619,2026-05-17 05:08:08,5,q23b,0,32,771,6614,12776,82845,75837,2611,2486,3,1296,0,3570,6609801,0,0,25624416072,109164066,589048076,0,0,48673518,1314,1314,0,1200060529,1200060529,0,0,1097300784,42452497,12.53,6.61
620,2026-05-17 05:08:15,5,q24,0,14,366,2445,4129,29464,26880,1143,1195,3,485,0,1442,20739869,0,0,7068696000,32530259,315395941,0,0,29735885,340,340,0,678254112,678254112,0,0,678254112,29735885,12.05,2.44
621,2026-05-17 05:08:19,5,q24a,0,20,439,3827,5055,43272,40340,1413,1458,2,652,0,1741,18177832,0,0,16497845272,32632260,313347934,0,0,59478907,712,712,0,1357451922,1357451922,0,0,679197810,29743022,11.31,3.83
622,2026-05-17 05:08:24,5,q24b,0,20,439,3156,4197,33893,32168,1578,1481,2,192,0,1541,18177789,0,0,15891776752,32632260,313347934,0,0,59478765,700,700,0,1357428154,1357428154,0,0,679174042,29742880,10.74,3.16
623,2026-05-17 05:08:28,5,q25,0,17,446,4649,7342,59864,56714,1618,1507,2,672,0,3533,6980564,0,0,7880887560,46220694,491370545,0,0,45538038,800,800,0,1108759789,1108759789,0,0,1108759789,45538038,12.88,4.65
624,2026-05-17 05:08:34,5,q26,0,11,286,1056,1395,6108,4650,1132,1036,0,160,0,138,788267,0,0,475734776,16443748,228736629,0,0,33482,3,3,0,1124909,1124909,0,0,1124909,33482,5.78,1.06
625,2026-05-17 05:08:36,5,q27,0,12,288,897,1191,6640,6033,1013,1054,0,260,0,119,788267,0,0,1080698912,30843426,404290208,0,0,58884,22,22,0,2218125,2218125,0,0,2218125,58884,7.4,0.9
626,2026-05-17 05:08:38,5,q27a,0,20,533,1829,3964,20013,17082,1814,1849,0,448,0,342,788267,0,0,1806596672,88546552,1194500421,0,0,60793,43,43,0,2451360,2451360,0,0,2451360,60793,10.94,1.83
627,2026-05-17 05:08:41,5,q28,0,24,432,1604,3571,19960,15967,1534,1372,0,274,0,2476,233503,0,0,4462213584,172803066,1399179690,0,0,470650,66,66,0,7692048,7692048,0,0,7692048,470650,12.44,1.6
628,2026-05-17 05:08:43,5,q29,0,19,497,4633,7888,59203,56144,2207,1787,0,324,0,3190,6980521,0,0,7880995000,46240695,351135960,0,0,45538045,805,805,0,1089147078,1089147078,0,0,1089147078,45538045,12.78,4.63
629,2026-05-17 05:08:49,5,q30,0,17,356,801,1768,2763,1852,1261,1235,0,60,0,117,2002949,0,0,1060281576,2460554,45638775,0,0,755089,7,7,0,59269674,59269674,0,0,59269674,755089,3.45,0.8
630,2026-05-17 05:08:51,5,q31,0,29,622,1887,4180,18706,15349,2313,2076,0,334,0,1211,3851818,0,0,3849394152,108311813,549469227,0,0,74049,45,45,0,2558337,2558337,0,0,2449255,72209,9.91,1.89
631,2026-05-17 05:08:54,5,q32,0,11,247,521,804,4774,4338,832,824,0,0,0,45,707099,0,0,120389400,28922872,239176030,0,0,55420,12,12,0,760429,760429,0,0,760429,55420,9.16,0.52
632,2026-05-17 05:08:56,5,q33,0,16,419,972,1484,6977,5730,1425,1436,0,112,0,357,895616,0,0,1175635736,50875042,468010747,0,0,17063,18,18,0,450450,450450,0,0,450450,17063,7.18,0.97
633,2026-05-17 05:08:58,5,q34,0,14,310,765,1417,5197,4230,1038,1043,0,165,0,196,233460,0,0,301186776,29327817,78924269,0,0,1010675,16,16,0,34202764,34202764,0,0,17284999,510675,6.79,0.76
634,2026-05-17 05:09:00,5,q35,0,17,442,1471,2563,12296,9816,1771,1458,0,129,0,620,24092357,0,0,8158821272,53091851,79100913,0,0,6056644,255,255,0,16002181,16002181,0,0,16002181,6056644,8.36,1.47
635,2026-05-17 05:09:02,5,q35a,0,16,442,1137,1857,7910,7114,1875,1479,16,250,0,598,24091884,0,0,7370292408,53091851,79100913,0,0,6053558,255,255,0,16010477,16010477,0,0,16010477,6053558,6.96,1.14
636,2026-05-17 05:09:04,5,q36,0,10,227,759,895,5488,4959,817,837,0,0,0,76,1868212,0,0,1036986400,28922616,365253403,0,0,1769,11,11,0,138561,138561,0,0,138561,1769,7.23,0.76
637,2026-05-17 05:09:06,5,q36a,0,13,232,852,937,5354,5072,930,836,0,130,0,91,1868169,0,0,1575954272,28922616,365253403,0,0,4798,36,36,0,397299,397299,0,0,147261,1822,6.28,0.85
638,2026-05-17 05:09:08,5,q37,0,10,262,979,1444,9116,7902,834,857,0,400,0,406,233684,0,0,886656304,147632447,779814592,0,0,4316414,180,180,0,64485606,64485606,0,0,64485606,14400617,9.31,0.98
639,2026-05-17 05:09:10,5,q38,0,15,353,1626,3066,16870,14045,1091,1079,0,105,0,1163,12830144,0,0,8122560600,50921040,67372914,0,0,1694835,473,473,0,44526210,44526210,0,0,44526210,1694835,10.38,1.63
640,2026-05-17 05:09:13,5,q39a,0,18,372,1994,3855,19721,16743,1348,1263,0,311,0,755,805959,0,0,2062236424,266362034,1424950743,0,0,1129925,56,56,0,27117544,27117544,0,0,26113005,1093917,9.89,1.99
641,2026-05-17 05:09:16,5,q39b,0,18,372,1645,3200,15391,14290,1248,1268,0,70,0,921,524796,0,0,2056076040,266362034,1424950743,0,0,1093504,56,56,0,26086066,26086066,0,0,25081527,1057496,9.36,1.64
642,2026-05-17 05:09:19,5,q40,0,12,308,1907,2770,22629,21228,1043,1033,4,0,0,1038,233418,0,0,4141621464,15962340,138031677,0,0,15748014,357,357,0,309656666,309656666,0,0,309656666,15748014,11.87,1.91
643,2026-05-17 05:09:22,5,q41,0,6,108,347,283,1953,274,410,432,0,0,0,7,232007,0,0,270538656,204002,2005296,0,0,140,2,2,0,9680,9680,0,0,9680,140,5.63,0.35
644,2026-05-17 05:09:23,5,q42,0,7,175,492,509,3707,3089,674,621,0,175,0,26,233503,0,0,786960824,28922513,243884324,0,0,110,10,10,0,9116,9116,0,0,9116,110,7.53,0.49
645,2026-05-17 05:09:25,5,q43,0,7,173,628,656,4986,4609,620,637,2,0,0,28,233503,0,0,114629704,28820615,76618274,0,0,210,10,10,0,27084,27084,0,0,27084,210,7.94,0.63
646,2026-05-17 05:09:26,5,q44,0,11,206,587,641,4199,3423,591,627,0,0,0,174,1673996,0,0,1589568808,57703023,385315749,0,0,795972,120,120,0,10069011,10069011,0,0,5035816,398046,7.15,0.59
647,2026-05-17 05:09:28,5,q45,0,13,333,810,1368,3294,2541,1145,1190,0,105,0,8,5046647,0,0,2009365456,8092097,58673559,0,0,29,4,4,0,2649,2649,0,0,2649,29,4.07,0.81
648,2026-05-17 05:09:30,5,q46,0,13,333,983,1622,7179,6455,1169,1208,1,0,0,120,15378656,0,0,1039122784,29577818,254059409,0,0,27956,10,10,0,1371108,1371108,0,0,1371108,27956,7.3,0.98
649,2026-05-17 05:09:32,5,q47,0,15,287,1773,2753,18722,15503,992,940,20,224,0,2321,2319872,0,0,6656509880,28922616,194256650,0,0,2665245,787,787,0,105358315,105358315,0,0,61754570,1560722,10.56,1.77
650,2026-05-17 05:09:35,5,q48,0,11,285,1393,1736,11452,10083,1007,1016,6,388,0,3,1331982,0,0,669220160,30991426,272019757,0,0,20,20,20,0,1160,1160,0,0,1160,20,8.22,1.39
651,2026-05-17 05:09:37,5,q49,0,25,510,1815,4360,21262,17914,1615,1578,0,1188,0,2259,233460,0,0,4850067912,55458848,791936529,0,0,15195840,63,63,0,338276366,338276366,0,0,338276366,15195840,11.71,1.82
652,2026-05-17 05:09:40,5,q50,0,12,306,2314,3180,27328,25600,1108,1046,4,352,0,1340,372338,0,0,4687124776,31771307,220541476,0,0,29262054,357,357,0,629536939,629536939,0,0,629536939,29262054,11.81,2.31
653,2026-05-17 05:09:44,5,q51,0,13,289,2953,4096,38440,34364,787,801,0,646,0,3619,300713,0,0,9975730016,36020604,232094710,0,0,24415841,1679,1679,0,420203029,420203029,0,0,420203029,24415841,13.02,2.95
654,2026-05-17 05:09:48,5,q51a,0,17,355,20470,24166,266840,253446,962,921,0,3473,0,4215,460428,0,0,26931198392,36020604,232094710,0,0,47531016,2587,2587,0,789082750,789082750,0,0,575699123,36069050,13.04,20.47
655,2026-05-17 05:10:09,5,q52,0,7,175,515,521,4004,3190,607,614,0,84,0,129,233503,0,0,786960824,28922513,244080932,0,0,4250,10,10,0,266731,266731,0,0,266731,4250,7.77,0.52
656,2026-05-17 05:10:11,5,q53,0,10,227,661,787,4572,3875,810,820,0,0,0,134,233503,0,0,208086096,28922616,194810562,0,0,31394,11,11,0,661843,661843,0,0,661843,31394,6.92,0.66
657,2026-05-17 05:10:12,5,q54,0,26,644,1884,4683,22089,19281,2360,2308,0,624,0,1395,5046346,0,0,2692837664,51386197,273652342,0,0,26873209,179,179,0,252845431,252845431,0,0,252845431,26873209,11.72,1.88
658,2026-05-17 05:10:15,5,q55,0,7,175,559,570,4012,3560,616,627,0,0,0,93,233503,0,0,786960824,28922513,244080932,0,0,3448,10,10,0,211879,211879,0,0,211879,3448,7.18,0.56
659,2026-05-17 05:10:17,5,q56,0,16,419,889,1360,6664,5540,1574,1435,0,96,0,285,466522,0,0,1234116536,50875042,468605183,0,0,10844,18,18,0,393323,393323,0,0,393323,10844,7.5,0.89
660,2026-05-17 05:10:19,5,q57,0,15,268,1535,2337,12653,10314,916,917,0,144,0,908,2319872,0,0,5374089408,14522462,95474827,0,0,1160477,378,378,0,45127049,45127049,0,0,33392647,851478,8.24,1.54
661,2026-05-17 05:10:22,5,q58,0,17,416,1215,2030,9999,8866,1460,1416,0,0,0,436,788267,0,0,2073645616,50669140,426579251,0,0,247040,25,25,0,3683252,3683252,0,0,3683252,247040,8.23,1.22
662,2026-05-17 05:10:24,5,q59,0,16,339,1187,2021,8089,7337,1253,1249,0,240,0,370,755509,0,0,1673170840,28913769,77329341,0,0,304460,132,132,0,12848227,12848227,0,0,6671251,170845,6.81,1.19
663,2026-05-17 05:10:26,5,q60,0,16,419,1015,1632,7677,6500,1544,1444,0,112,0,449,466522,0,0,1728975080,50875042,468540163,0,0,78428,19,19,0,1556606,1556606,0,0,1556606,78428,7.56,1.01
664,2026-05-17 05:10:28,5,q61,0,18,457,1101,2242,9540,8164,1568,1574,0,208,0,5,5046346,0,0,1246748000,58473630,585660976,0,0,40,40,40,0,2319,2319,0,0,2319,40,8.66,1.1
665,2026-05-17 05:10:30,5,q62,0,11,271,624,899,2788,2284,958,997,0,0,0,36,232049,0,0,138730216,7220168,27946993,0,0,1680,4,4,0,144678,144678,0,0,144678,1680,4.47,0.62
666,2026-05-17 05:10:32,5,q63,0,10,227,627,705,4383,3778,809,819,0,0,0,148,233503,0,0,208020560,28922616,194814658,0,0,12917,11,11,0,338314,338314,0,0,338314,12917,6.99,0.63
667,2026-05-17 05:10:34,5,q64,0,38,929,7074,17124,95626,87470,3348,3172,21,897,0,5392,13606736,0,0,35890420816,50412171,684921572,0,0,52026303,2318,2318,0,1952932789,1952932789,0,0,1806179638,48487731,13.52,7.07
668,2026-05-17 05:10:42,5,q65,0,15,348,1751,3178,23187,20392,1095,1092,1,400,0,1846,9209889,0,0,6116202576,57723127,391782077,0,0,11880061,391,391,0,391210240,391210240,0,0,391210240,11880061,13.24,1.75
669,2026-05-17 05:10:45,5,q66,0,14,343,1288,1968,9256,7848,1260,1259,0,10,0,23,232089,0,0,975454208,21660561,213478674,0,0,90,9,9,0,47940,47940,0,0,47940,90,7.19,1.29
670,2026-05-17 05:10:47,5,q67,0,10,243,6905,7005,74078,72205,814,850,0,642,0,1462,4653671,0,0,7594451448,28922616,221651828,0,0,11548825,187,187,0,866159379,866159379,0,0,866159379,11548825,10.73,6.9
671,2026-05-17 05:10:55,5,q67a,0,18,384,10634,36744,140445,131112,1106,1159,0,1654,0,5515,4653628,0,0,26569738752,28922616,221651828,0,0,55551436,1700,1700,0,4120616445,4120616445,0,0,900587757,13218740,13.21,10.63
672,2026-05-17 05:11:07,5,q68,0,13,333,1013,1687,7540,6388,1164,1207,1,130,0,113,15378570,0,0,568481352,29577818,391461670,0,0,6174,10,10,0,436284,436284,0,0,436284,6174,7.44,1.01
673,2026-05-17 05:11:09,5,q69,0,18,437,1052,2008,8014,7069,1440,1402,2,0,0,434,28817486,0,0,3806916136,53091851,79177207,0,0,1902033,101,101,0,9547581,9547581,0,0,9547581,1902033,7.62,1.05
674,2026-05-17 05:11:11,5,q70,0,14,297,1014,1127,7166,6442,1106,1061,0,190,0,42,233589,0,0,1101810584,57621229,269678769,0,0,209,22,22,0,10316,10316,0,0,10316,209,7.07,1.01
675,2026-05-17 05:11:14,5,q70a,0,17,302,928,991,5638,5435,1022,1067,0,0,0,47,233116,0,0,902580896,57621229,269678769,0,0,240,47,47,0,14125,14125,0,0,8085,180,6.08,0.93
676,2026-05-17 05:11:16,5,q71,0,13,364,971,1028,8571,7317,1297,1278,1,105,0,206,421741,0,0,956611448,50563041,453758100,0,0,32249,31,31,0,1648392,1648392,0,0,995252,21130,8.83,0.97
677,2026-05-17 05:11:18,5,q72,0,26,680,17279,22636,218713,211288,2283,2285,12,1254,0,5028,6609758,0,0,19933730552,151146962,901568011,0,0,142246513,1469,1469,0,2047663537,2047663537,0,0,2047663537,142246513,12.66,17.28
678,2026-05-17 05:11:36,5,q73,0,14,310,674,1297,4667,3989,973,1012,0,0,0,131,233460,0,0,299939544,29327817,78924269,0,0,1002732,16,16,0,33968188,33968188,0,0,17050423,502732,6.92,0.67
679,2026-05-17 05:11:38,5,q74,0,20,486,2057,4611,22828,18965,1602,1537,2,48,0,2298,15569619,0,0,13923889496,72541209,376809372,0,0,1763111,822,822,0,58842722,58842722,0,0,58842722,1763111,11.1,2.06
680,2026-05-17 05:11:41,5,q75,0,31,829,3375,8138,46676,38885,2727,2558,2,312,0,4362,317616,0,0,11831406064,105981888,1099568270,0,0,14156499,1088,1088,0,314442100,314442100,0,0,214470943,9118711,13.83,3.38
681,2026-05-17 05:11:45,5,q76,0,9,311,961,916,10128,8706,1176,1100,0,200,0,266,923844,0,0,2240847208,50576089,457506860,0,0,3127,24,24,0,261039,261039,0,0,261039,3127,10.54,0.96
682,2026-05-17 05:11:47,5,q77,0,23,559,1244,2400,11341,9769,1879,1804,0,98,0,167,233547,0,0,868584744,55459152,493899545,0,0,1757,44,44,0,120257,120257,0,0,120257,1757,9.12,1.24
683,2026-05-17 05:11:50,5,q77a,0,26,564,1207,2147,9901,8912,1891,1825,7,112,0,229,233245,0,0,1407552616,55459152,493899545,0,0,2221,55,55,0,176374,176374,0,0,134878,1891,8.2,1.21
684,2026-05-17 05:11:52,5,q78,0,18,502,5975,11759,84714,78469,1561,1565,0,550,0,4970,6524755,0,0,19534062920,55458848,590454279,0,0,54207575,1326,1326,0,1579290498,1579290498,0,0,1579290498,54207575,14.18,5.98
685,2026-05-17 05:11:59,5,q79,0,12,283,939,1425,7468,6665,985,1026,1,0,0,130,12830316,0,0,952877472,29327817,250526296,0,0,80366,22,22,0,2983084,2983084,0,0,2983084,80366,7.95,0.94
686,2026-05-17 05:12:01,5,q80,0,29,762,6431,18184,93792,88075,2573,2499,0,836,0,4805,233503,0,0,14185165104,55573497,844329211,0,0,53052375,819,819,0,1571654634,1571654634,0,0,1571654634,53052375,14.58,6.43
687,2026-05-17 05:12:09,5,q80a,0,32,767,6729,18704,97088,90564,2406,2517,0,1016,0,5423,233504,0,0,14657024136,55573497,844329211,0,0,53053332,830,830,0,1571770246,1571770246,0,0,1571667496,53052306,14.43,6.73
688,2026-05-17 05:12:17,5,q81,0,17,368,974,1876,6885,5828,1218,1220,0,0,0,199,2002949,0,0,2741754728,3899788,55276621,0,0,1305082,60,60,0,34629392,34629392,0,0,34629392,1305082,7.07,0.97
689,2026-05-17 05:12:19,5,q82,0,10,262,1347,2021,13647,12103,831,847,0,340,0,501,233503,0,0,1658418336,162032523,837941438,0,0,13778665,194,194,0,137239500,137239500,0,0,137239500,28800829,10.13,1.35
690,2026-05-17 05:12:21,5,q83,0,17,402,953,1421,7245,5695,1405,1343,5,137,0,411,788267,0,0,1261711248,5358962,38645849,0,0,43961,14,14,0,759663,759663,0,0,759663,43961,7.6,0.95
691,2026-05-17 05:12:23,5,q84,0,15,352,713,1175,3016,2216,1047,1150,0,0,0,183,9765521,0,0,615806688,5555676,31377638,0,0,2778710,20,20,0,14454870,14454870,0,0,14454870,2778710,4.23,0.71
692,2026-05-17 05:12:25,5,q85,0,18,472,1198,3351,7544,5748,1599,1613,0,88,0,120,17038024,0,0,8635287000,12032236,132128224,0,0,915638,92,92,0,33254834,33254834,0,0,33254834,915638,6.3,1.2
693,2026-05-17 05:12:27,5,q86,0,8,172,510,499,2037,1727,619,613,0,0,0,29,1868212,0,0,571272816,7322094,62330579,0,0,816,5,5,0,54749,54749,0,0,54749,816,3.99,0.51
694,2026-05-17 05:12:29,5,q86a,0,11,177,487,456,1605,1481,638,627,0,0,0,42,1868126,0,0,1110240560,7322094,62330579,0,0,2119,18,18,0,157721,157721,0,0,66577,929,3.3,0.49
695,2026-05-17 05:12:30,5,q87,0,15,353,1671,3120,16948,14269,1090,1060,0,140,0,1040,12830187,0,0,8122560600,50921040,67372914,0,0,1694835,473,473,0,44526210,44526210,0,0,44526210,1694835,10.14,1.67
696,2026-05-17 05:12:33,5,q88,0,44,1078,1692,6028,18388,15702,3527,3477,0,160,0,17,233503,0,0,514952960,230611400,283677260,0,0,160,160,160,0,9200,9200,0,0,9200,160,10.87,1.69
697,2026-05-17 05:12:36,5,q89,0,10,228,737,871,5901,4432,823,823,0,0,0,151,233503,0,0,946676392,28922616,194535396,0,0,49975,22,22,0,2298553,2298553,0,0,2298553,49975,8.01,0.74
698,2026-05-17 05:12:38,5,q90,0,14,338,431,842,2466,1733,1235,1168,0,144,0,4,232565,0,0,103596544,14447588,27906340,0,0,32,32,32,0,1816,1816,0,0,1816,32,5.72,0.43
699,2026-05-17 05:12:39,5,q91,0,17,390,744,1671,4703,3700,1374,1394,1,0,0,4,9581038,0,0,1037410344,4137931,32811212,0,0,53,5,5,0,7711,7711,0,0,4761,34,6.32,0.74
700,2026-05-17 05:12:41,5,q92,0,11,239,537,847,3719,2854,902,836,0,150,0,97,707825,0,0,110994360,14522186,123949851,0,0,135661,9,9,0,1837430,1837430,0,0,1837430,135661,6.93,0.54
701,2026-05-17 05:12:43,5,q93,0,8,204,3737,4163,44798,43365,611,615,0,0,0,1767,233288,0,0,5766380072,31678201,270345845,0,0,31635854,357,357,0,754631060,754631060,0,0,754631060,31635854,11.99,3.74
702,2026-05-17 05:12:47,5,q94,0,14,367,1458,2628,13696,12437,1221,1207,0,128,0,386,2580067,0,0,3571011840,15390508,100981412,0,0,14397040,153,153,0,217756751,217756751,0,0,217756751,14397040,9.39,1.46
703,2026-05-17 05:12:50,5,q95,0,14,367,3785,5052,47168,39796,1252,1249,0,1674,0,365,2580924,0,0,14560086280,15390504,97870635,0,0,35990240,357,357,0,319472623,319472623,0,0,196649755,14395274,12.46,3.78
704,2026-05-17 05:12:55,5,q96,0,9,224,466,615,3172,2131,858,787,0,0,0,3,233503,0,0,63872480,28827816,35519563,0,0,20,20,20,0,1150,1150,0,0,1150,20,6.81,0.47
705,2026-05-17 05:12:56,5,q97,0,8,209,2287,2813,24449,18818,855,655,4,323,0,444,233632,0,0,6212927976,43220947,230731493,0,0,8377699,238,238,0,96908300,96908300,0,0,96908300,8377699,10.69,2.29
706,2026-05-17 05:13:00,5,q98,0,10,186,847,778,4330,3290,738,645,18,0,0,213,3361780,0,0,1690376016,28922513,250409339,0,0,106186,98,98,0,14472219,14472219,0,0,12501597,91022,5.11,0.85
707,2026-05-17 05:13:02,5,q99,0,11,275,906,1235,5729,5234,983,1009,0,0,0,31,232089,0,0,156567144,14420493,41457907,0,0,2160,3,3,0,173855,173855,0,0,173855,2160,6.32,0.91
708,2026-05-17 05:13:04,6,q1,0,15,313,968,1627,9328,7657,1274,1026,15,136,0,880,5100797,0,0,3337334424,6275389,66981055,0,0,1611249,182,182,0,25348430,25348430,0,0,25348430,1611249,9.64,0.97
709,2026-05-17 05:13:06,6,q2,0,14,294,821,958,6254,5660,1041,1067,0,154,0,78,755509,0,0,456068104,21713579,93455618,0,0,6838,44,44,0,352525,352525,0,0,127373,4198,7.62,0.82
710,2026-05-17 05:13:08,6,q3,0,7,175,404,404,2700,2244,628,637,0,0,0,101,233503,0,0,119963624,28975562,244265651,0,0,2998,10,10,0,206438,206438,0,0,206438,2998,6.68,0.4
711,2026-05-17 05:13:09,6,q4,0,28,573,7807,36867,117298,98364,1806,1665,0,2284,0,11589,1691203,0,0,39674206800,50941041,812341524,0,0,102286012,3503,3503,0,2536512620,2536512620,0,0,1273495988,51438627,15.02,7.81
712,2026-05-17 05:13:18,6,q5,0,22,690,2240,4393,24813,20793,2727,2422,1,231,0,541,318139,0,0,3294366800,62671087,552805852,0,0,7890286,132,132,0,109305912,109305912,0,0,109305912,7890286,11.08,2.24
713,2026-05-17 05:13:21,6,q5a,0,25,695,2227,4255,25173,23216,2324,2374,0,150,0,536,317451,0,0,3833334672,62671087,552805852,0,0,7892232,142,142,0,109464345,109464345,0,0,109331115,7890408,11.3,2.23
714,2026-05-17 05:13:25,6,q6,0,18,407,1682,2830,20439,19082,1596,1461,0,272,0,624,2121631,0,0,5099075256,29847566,158211197,0,0,27358702,206,206,0,240333811,240333811,0,0,240333811,27358702,12.15,1.68
715,2026-05-17 05:13:27,6,q7,0,12,288,1214,1496,10043,8945,964,1009,0,150,0,121,788267,0,0,1080238624,30843824,430732655,0,0,71861,22,22,0,2549492,2549492,0,0,2549492,71861,8.27,1.21
716,2026-05-17 05:13:30,6,q8,0,16,337,941,1199,5663,4985,1183,1228,0,0,0,38,2373025,0,0,1792304608,29820618,139184944,0,0,6731,13,13,0,84406,84406,0,0,84406,6731,6.02,0.94
717,2026-05-17 05:13:32,6,q9,0,17,406,911,3672,10694,8091,1079,1212,0,168,0,15,233503,0,0,0,144002601,909539780,0,0,100,100,100,0,6957,6957,0,0,6957,100,11.74,0.91
718,2026-05-17 05:13:34,6,q10,0,18,437,1050,1972,8208,6893,1480,1420,12,315,0,349,29252640,0,0,3807972072,53091851,79308795,0,0,2400953,102,102,0,9684105,9684105,0,0,9684105,2400953,7.82,1.05
719,2026-05-17 05:13:36,6,q10a,0,15,436,962,1429,5923,5732,1501,1465,0,0,0,323,29252425,0,0,4607448032,53091851,79308795,0,0,2368363,153,153,0,9644680,9644680,0,0,9644680,2368363,6.16,0.96
720,2026-05-17 05:13:38,6,q11,0,22,434,4273,14117,62614,54850,1332,1241,0,565,0,5868,1380159,0,0,26856842912,36540606,272799659,0,0,71770406,2006,2006,0,1051794768,1051794768,0,0,537186984,36215116,14.65,4.27
721,2026-05-17 05:13:43,6,q12,0,8,173,566,552,2185,1779,620,619,0,0,0,55,3286039,0,0,639059672,7322094,68674478,0,0,29116,10,10,0,3907960,3907960,0,0,3907960,29116,3.86,0.57
722,2026-05-17 05:13:45,6,q13,0,13,336,1283,1846,10680,9567,1157,1202,0,28,0,4,1311415,0,0,691209280,30998627,510444599,0,0,20,20,20,0,1371,1371,0,0,1371,20,8.32,1.28
723,2026-05-17 05:13:47,6,q14a,0,46,1080,6689,10373,61930,56563,3894,3604,2,1422,0,3150,1195253,0,0,9913299312,151671121,963980432,0,0,62586127,341,341,0,877745518,877745518,0,0,874734926,62499603,9.26,6.69
724,2026-05-17 05:13:56,6,q14b,0,40,1019,4806,10022,52415,47597,3796,3480,16,592,0,2123,1195253,0,0,8446696624,130216694,764383429,0,0,68363041,315,315,0,1013219661,1013219661,0,0,529302539,40855834,10.91,4.81
725,2026-05-17 05:14:02,6,q14,0,40,1016,4625,9148,47640,43780,3778,3493,3,497,0,2232,1169959,0,0,7563238792,130216694,764383429,0,0,68273664,280,280,0,1004568965,1004568965,0,0,520651843,40766457,10.3,4.62
726,2026-05-17 05:14:08,6,q15,0,9,231,1029,1127,7332,6619,914,822,0,0,0,10,5046346,0,0,951797424,15170438,57613648,0,0,502,1,1,0,18324,18324,0,0,18324,502,7.13,1.03
727,2026-05-17 05:14:10,6,q16,0,14,377,2096,3876,28515,25845,1216,1232,0,208,0,2031,232089,0,0,4703921456,30510793,220163215,0,0,30114572,527,527,0,422214469,422214469,0,0,422214469,30114572,13.6,2.1
728,2026-05-17 05:14:13,6,q17,0,17,446,4721,7208,61611,55206,1423,1483,1,608,0,3228,6980564,0,0,7880912176,46220694,350661785,0,0,45538041,803,803,0,1089146303,1089146303,0,0,1089146303,45538041,13.05,4.72
729,2026-05-17 05:14:19,6,q18,0,16,407,1384,2190,8091,6846,1384,1423,0,140,0,27,9765521,0,0,3074056776,19114059,307641457,0,0,55958,9,9,0,3984849,3984849,0,0,3984849,55958,5.85,1.38
730,2026-05-17 05:14:21,6,q18a,0,32,898,3016,7759,31282,28402,3299,3089,3,241,0,208,9765564,0,0,14494187648,77567803,1437120011,0,0,63894,37,37,0,4339335,4339335,0,0,4339335,63894,10.37,3.02
731,2026-05-17 05:14:25,6,q19,0,13,335,1100,1680,8166,7316,1150,1205,0,0,0,116,5046346,0,0,1599037304,29672618,279328241,0,0,7397,10,10,0,541770,541770,0,0,541770,7397,7.42,1.1
732,2026-05-17 05:14:28,6,q20,0,8,176,623,606,3073,2757,640,632,0,0,0,17,3286039,0,0,412686616,14522437,126467645,0,0,28486,2,2,0,3491832,3491832,0,0,3491832,28486,4.93,0.62
733,2026-05-17 05:14:29,6,q21,0,9,226,1093,1213,7642,6855,868,804,0,168,0,11,233770,0,0,208677936,133232023,713967467,0,0,31850,1,1,0,679321,679321,0,0,679321,31850,6.99,1.09
734,2026-05-17 05:14:31,6,q22,0,10,243,56579,56654,119397,117543,856,836,0,75,0,69,4653671,0,0,1753344224,133232025,713251757,0,0,612866,68,68,0,25729614,25729614,0,0,25729614,612866,2.11,56.58
735,2026-05-17 05:15:29,6,q22a,0,14,267,3333,3911,13670,12093,992,908,0,20,0,1241,4653585,0,0,5660862736,133232023,713263261,0,0,918610,160,160,0,45113549,45113549,0,0,14511781,306922,4.1,3.33
736,2026-05-17 05:15:34,6,q23a,0,28,694,6152,11403,75310,70518,2214,2183,0,1090,0,3276,6609715,0,0,12649074936,108664065,584237511,0,0,43897022,644,644,0,1114821051,1114821051,0,0,1084930284,41990015,12.24,6.15
737,2026-05-17 05:15:41,6,q23b,0,32,771,6299,11987,78644,74114,2522,2425,3,876,0,3719,6609801,0,0,25624416072,109164066,589048076,0,0,48673518,1314,1314,0,1200060529,1200060529,0,0,1097300784,42452497,12.49,6.3
738,2026-05-17 05:15:48,6,q24,0,14,366,2467,4050,29448,26066,1286,1212,3,165,0,1381,20739783,0,0,7068696000,32530259,315395941,0,0,29735885,340,340,0,678254112,678254112,0,0,678254112,29735885,11.94,2.47
739,2026-05-17 05:15:52,6,q24a,0,20,439,3803,5220,45223,42178,1432,1467,2,704,0,1841,18177789,0,0,16497845272,32632260,313347934,0,0,59478907,712,712,0,1357451922,1357451922,0,0,679197810,29743022,11.89,3.8
740,2026-05-17 05:15:57,6,q24b,0,20,439,3002,4207,31955,31045,1458,1475,2,345,0,1713,18177832,0,0,15891776752,32632260,313347934,0,0,59478765,700,700,0,1357428154,1357428154,0,0,679174042,29742880,10.64,3.0
741,2026-05-17 05:16:01,6,q25,0,17,446,4635,7284,59713,57068,1592,1494,1,358,0,3182,6980607,0,0,7880887560,46220694,491370545,0,0,45538038,800,800,0,1108759789,1108759789,0,0,1108759789,45538038,12.88,4.64
742,2026-05-17 05:16:06,6,q26,0,11,286,1076,1396,7974,7228,1030,1002,0,0,0,32,788267,0,0,475734776,16443748,228736629,0,0,33482,3,3,0,1124909,1124909,0,0,1124909,33482,7.41,1.08
743,2026-05-17 05:16:09,6,q27,0,12,288,1064,1378,7706,7312,1268,1072,0,104,0,123,788267,0,0,1080698912,30843426,404290208,0,0,58884,22,22,0,2218125,2218125,0,0,2218125,58884,7.24,1.06
744,2026-05-17 05:16:11,6,q27a,0,20,533,1785,4251,20632,18661,1784,1820,0,624,0,597,788267,0,0,1806596672,88546552,1194500421,0,0,60793,43,43,0,2451360,2451360,0,0,2451360,60793,11.56,1.78
745,2026-05-17 05:16:14,6,q28,0,24,432,1679,3811,21524,16255,1558,1374,4,352,0,2666,233503,0,0,4462213584,172803066,1399179690,0,0,470650,66,66,0,7692048,7692048,0,0,7692048,470650,12.82,1.68
746,2026-05-17 05:16:16,6,q29,0,19,497,4610,7606,59717,56559,1785,1706,0,672,0,3430,6980521,0,0,7880995000,46240695,351135960,0,0,45538045,805,805,0,1089147078,1089147078,0,0,1089147078,45538045,12.95,4.61
747,2026-05-17 05:16:22,6,q30,0,17,356,791,1754,2752,1864,1209,1235,0,0,0,112,2002949,0,0,1060281576,2460554,45638775,0,0,755089,7,7,0,59269674,59269674,0,0,59269674,755089,3.48,0.79
748,2026-05-17 05:16:24,6,q31,0,29,622,1995,4693,20860,17084,2274,2050,0,304,0,1552,3851818,0,0,3916568528,108311813,549469227,0,0,74061,45,45,0,2501067,2501067,0,0,2420620,72215,10.46,2.0
749,2026-05-17 05:16:27,6,q32,0,11,247,528,795,4791,4268,795,806,0,0,0,55,707099,0,0,120389400,28922872,239176030,0,0,55420,12,12,0,760429,760429,0,0,760429,55420,9.07,0.53
750,2026-05-17 05:16:29,6,q33,0,16,419,1041,1633,7825,6412,1435,1437,0,140,0,456,895616,0,0,1175635736,50875042,468010747,0,0,17063,18,18,0,450450,450450,0,0,450450,17063,7.52,1.04
751,2026-05-17 05:16:31,6,q34,0,14,310,882,1497,6503,5778,1040,1042,0,0,0,181,233460,0,0,301186776,29327817,78924269,0,0,1010675,16,16,0,34202764,34202764,0,0,17284999,510675,7.37,0.88
752,2026-05-17 05:16:33,6,q35,0,17,442,1292,2257,10628,8930,1431,1424,0,200,0,798,24091841,0,0,8158821272,53091851,79100913,0,0,6056644,255,255,0,16002181,16002181,0,0,16002181,6056644,8.23,1.29
753,2026-05-17 05:16:35,6,q35a,0,16,442,1056,1566,7220,6860,1522,1469,9,0,0,577,24092056,0,0,7370292408,53091851,79100913,0,0,6053558,255,255,0,16010477,16010477,0,0,16010477,6053558,6.84,1.06
754,2026-05-17 05:16:37,6,q36,0,10,227,773,907,5666,4966,811,823,0,130,0,84,1868212,0,0,1036986400,28922616,365253403,0,0,1769,11,11,0,138561,138561,0,0,138561,1769,7.33,0.77
755,2026-05-17 05:16:39,6,q36a,0,13,232,767,855,4859,4748,809,837,0,0,0,90,1868126,0,0,1575954272,28922616,365253403,0,0,4798,36,36,0,397299,397299,0,0,147261,1822,6.34,0.77
756,2026-05-17 05:16:41,6,q37,0,10,262,977,1391,8773,8038,826,847,0,15,0,322,233340,0,0,886656304,147632447,779814592,0,0,4316414,180,180,0,64485606,64485606,0,0,64485606,14400617,8.98,0.98
757,2026-05-17 05:16:43,6,q38,0,15,353,1693,3134,17370,14176,1088,1050,0,0,0,1401,12830101,0,0,8122560600,50921040,67372914,0,0,1694835,473,473,0,44526210,44526210,0,0,44526210,1694835,10.26,1.69
758,2026-05-17 05:16:46,6,q39a,0,18,372,1902,3699,17606,15797,1242,1250,0,68,0,732,805959,0,0,2062236424,266362034,1424950743,0,0,1129925,56,56,0,27117544,27117544,0,0,26113005,1093917,9.26,1.9
759,2026-05-17 05:16:49,6,q39b,0,18,372,1570,2999,14930,14583,1192,1258,0,0,0,513,802215,0,0,2062236424,266362034,1424950743,0,0,1058875,56,56,0,25171608,25171608,0,0,25081527,1057496,9.51,1.57
760,2026-05-17 05:16:51,6,q40,0,12,308,1812,2609,21187,19854,1204,1055,1,112,0,997,233418,0,0,4141621464,15962340,138031677,0,0,15748014,357,357,0,309656666,309656666,0,0,309656666,15748014,11.69,1.81
761,2026-05-17 05:16:54,6,q41,0,6,108,352,287,1978,280,415,443,0,0,0,7,232007,0,0,270538656,204002,2005296,0,0,140,2,2,0,9680,9680,0,0,9680,140,5.62,0.35
762,2026-05-17 05:16:56,6,q42,0,7,175,438,438,3233,2484,637,633,0,144,0,29,233503,0,0,786960824,28922513,243884324,0,0,110,10,10,0,9116,9116,0,0,9116,110,7.38,0.44
763,2026-05-17 05:16:57,6,q43,0,7,173,660,680,5268,4861,616,634,0,0,0,28,233503,0,0,114629704,28820615,76618274,0,0,210,10,10,0,27084,27084,0,0,27084,210,7.98,0.66
764,2026-05-17 05:16:59,6,q44,0,11,206,589,633,4206,3416,610,633,0,0,0,182,1673996,0,0,1589568808,57703023,385315749,0,0,795972,120,120,0,10069011,10069011,0,0,5035816,398046,7.14,0.59
765,2026-05-17 05:17:01,6,q45,0,13,333,699,1219,2927,2339,1140,1187,0,0,0,8,5046346,0,0,2009365456,8092097,58673559,0,0,29,4,4,0,2649,2649,0,0,2649,29,4.19,0.7
766,2026-05-17 05:17:02,6,q46,0,13,333,974,1682,7035,6274,1323,1234,17,186,0,115,15378570,0,0,1039122784,29577818,254059409,0,0,27956,10,10,0,1371108,1371108,0,0,1371108,27956,7.22,0.97
767,2026-05-17 05:17:04,6,q47,0,15,287,1782,2699,18776,15400,943,951,0,108,0,2417,2319872,0,0,6656509880,28922616,194256650,0,0,2665245,787,787,0,105358315,105358315,0,0,61754570,1560722,10.54,1.78
768,2026-05-17 05:17:07,6,q48,0,11,285,1349,1688,11183,10199,997,1017,0,120,0,3,1331982,0,0,669220160,30991426,272019757,0,0,20,20,20,0,1160,1160,0,0,1160,20,8.29,1.35
769,2026-05-17 05:17:10,6,q49,0,25,510,1751,4075,19903,17005,1536,1575,0,400,0,2637,233417,0,0,4850067912,55458848,791936529,0,0,15195840,63,63,0,338276366,338276366,0,0,338276366,15195840,11.37,1.75
770,2026-05-17 05:17:12,6,q50,0,12,306,2254,3103,26642,24357,1239,1048,17,126,0,1417,372338,0,0,4687124776,31771307,220541476,0,0,29262054,357,357,0,629536939,629536939,0,0,629536939,29262054,11.82,2.25
771,2026-05-17 05:17:16,6,q51,0,13,289,2878,4015,37822,33502,769,790,0,592,0,3442,300713,0,0,9975730016,36020604,232094710,0,0,24415841,1679,1679,0,420203029,420203029,0,0,420203029,24415841,13.14,2.88
772,2026-05-17 05:17:20,6,q51a,0,17,355,20468,24279,267526,258384,897,928,2,2367,0,4119,460428,0,0,26931198392,36020604,232094710,0,0,47531016,2587,2587,0,789082750,789082750,0,0,575699123,36069050,13.07,20.47
773,2026-05-17 05:17:41,6,q52,0,7,175,532,544,4082,3497,602,621,0,0,0,123,233503,0,0,786960824,28922513,244080932,0,0,4250,10,10,0,266731,266731,0,0,266731,4250,7.67,0.53
774,2026-05-17 05:17:43,6,q53,0,10,227,657,781,4647,3618,845,827,0,78,0,144,233503,0,0,208086096,28922616,194810562,0,0,31394,11,11,0,661843,661843,0,0,661843,31394,7.07,0.66
775,2026-05-17 05:17:45,6,q54,0,26,644,1739,4576,19478,17251,2380,2297,0,592,0,982,5046346,0,0,2692837664,51386197,273652342,0,0,26873209,179,179,0,252845431,252845431,0,0,252845431,26873209,11.2,1.74
776,2026-05-17 05:17:47,6,q55,0,7,175,511,519,3891,3419,620,630,0,0,0,97,233503,0,0,786960824,28922513,244080932,0,0,3448,10,10,0,211879,211879,0,0,211879,3448,7.61,0.51
777,2026-05-17 05:17:49,6,q56,0,16,419,992,1734,7853,6666,1404,1430,1,0,0,328,466522,0,0,1234116536,50875042,468605183,0,0,10844,18,18,0,393323,393323,0,0,393323,10844,7.92,0.99
778,2026-05-17 05:17:51,6,q57,0,15,268,1496,2248,12178,10287,897,913,0,0,0,984,2319872,0,0,5374089408,14522462,95474827,0,0,1160477,378,378,0,45127049,45127049,0,0,33392647,851478,8.14,1.5
779,2026-05-17 05:17:54,6,q58,0,17,416,1257,2117,10517,9072,1404,1419,1,112,0,753,788267,0,0,2073645616,50669140,426579251,0,0,247040,25,25,0,3683252,3683252,0,0,3683252,247040,8.37,1.26
780,2026-05-17 05:17:56,6,q59,0,16,339,1173,1957,7830,7271,1233,1237,0,0,0,369,755509,0,0,1673170840,28913769,77329341,0,0,304460,132,132,0,12848227,12848227,0,0,6671251,170845,6.68,1.17
781,2026-05-17 05:17:58,6,q60,0,16,419,1063,1716,8830,7549,1514,1425,0,128,0,447,466522,0,0,1728975080,50875042,468540163,0,0,78428,19,19,0,1556606,1556606,0,0,1556606,78428,8.31,1.06
782,2026-05-17 05:18:00,6,q61,0,18,457,1152,2394,10811,8524,1554,1589,0,224,0,138,5046346,0,0,1246748000,58473630,585660976,0,0,40,40,40,0,2319,2319,0,0,2319,40,9.38,1.15
783,2026-05-17 05:18:03,6,q62,0,11,271,647,920,2856,2324,987,987,0,0,0,37,232049,0,0,138730216,7220168,27946993,0,0,1680,4,4,0,144678,144678,0,0,144678,1680,4.41,0.65
784,2026-05-17 05:18:04,6,q63,0,10,227,631,734,4383,3839,811,819,0,0,0,137,233503,0,0,208020560,28922616,194814658,0,0,12917,11,11,0,338314,338314,0,0,338314,12917,6.95,0.63
785,2026-05-17 05:18:06,6,q64,0,38,929,7094,17338,95966,88878,3228,3138,3,938,0,4980,13606650,0,0,35890420816,50412171,684921572,0,0,52026303,2318,2318,0,1952932789,1952932789,0,0,1806179638,48487731,13.53,7.09
786,2026-05-17 05:18:15,6,q65,0,15,348,1606,2928,20675,18636,1089,1082,1,0,0,1536,9209889,0,0,6116202576,57723127,391782077,0,0,11880061,391,391,0,391210240,391210240,0,0,391210240,11880061,12.87,1.61
787,2026-05-17 05:18:17,6,q66,0,14,343,1146,1738,8234,6516,1319,1265,0,72,0,24,232307,0,0,975454208,21660561,213478674,0,0,90,9,9,0,47940,47940,0,0,47940,90,7.18,1.15
788,2026-05-17 05:18:19,6,q67,0,10,243,6993,7072,74497,72262,842,861,0,680,0,1859,4653671,0,0,7594451448,28922616,221651828,0,0,11548825,187,187,0,866159379,866159379,0,0,866159379,11548825,10.65,6.99
789,2026-05-17 05:18:27,6,q67a,0,18,384,10547,36006,139139,130538,1119,1153,0,1274,0,5160,4653585,0,0,26569738752,28922616,221651828,0,0,55551436,1700,1700,0,4120616445,4120616445,0,0,900587757,13218740,13.19,10.55
790,2026-05-17 05:18:39,6,q68,0,13,333,1000,1654,7582,6392,1195,1211,1,140,0,109,15378570,0,0,568481352,29577818,391461670,0,0,6174,10,10,0,436284,436284,0,0,436284,6174,7.58,1.0
791,2026-05-17 05:18:41,6,q69,0,18,437,1053,2026,8198,7117,1465,1422,0,0,0,455,28817400,0,0,3806916136,53091851,79177207,0,0,1902033,101,101,0,9547581,9547581,0,0,9547581,1902033,7.79,1.05
792,2026-05-17 05:18:43,6,q70,0,14,297,990,1085,6894,6162,1026,1064,0,132,0,44,233503,0,0,1101810584,57621229,269678769,0,0,209,22,22,0,10316,10316,0,0,10316,209,6.96,0.99
793,2026-05-17 05:18:45,6,q70a,0,17,302,910,976,5546,5339,1032,1059,0,0,0,48,233116,0,0,902580896,57621229,269678769,0,0,240,47,47,0,14125,14125,0,0,8085,180,6.09,0.91
794,2026-05-17 05:18:47,6,q71,0,13,364,1068,1131,10893,9458,1233,1273,2,0,0,305,421741,0,0,956611448,50563041,453758100,0,0,32249,31,31,0,1648392,1648392,0,0,995252,21130,10.2,1.07
795,2026-05-17 05:18:50,6,q72,0,26,680,17593,22796,223533,216837,2197,2295,1,1242,0,5090,6609801,0,0,19933730552,151146962,901568011,0,0,142246513,1469,1469,0,2047663537,2047663537,0,0,2047663537,142246513,12.71,17.59
796,2026-05-17 05:19:08,6,q73,0,14,310,730,1375,5211,4393,972,1025,0,75,0,128,233460,0,0,299939544,29327817,78924269,0,0,1002732,16,16,0,33968188,33968188,0,0,17050423,502732,7.14,0.73
797,2026-05-17 05:19:10,6,q74,0,20,486,2035,4607,21820,18138,1638,1544,1,176,0,2232,15569619,0,0,13923889496,72541209,376809372,0,0,1763111,822,822,0,58842722,58842722,0,0,58842722,1763111,10.72,2.04
798,2026-05-17 05:19:13,6,q75,0,31,829,2912,6437,38930,31711,2683,2543,15,414,0,5573,318304,0,0,11831406064,105981888,1099568270,0,0,14156499,1088,1088,0,314442100,314442100,0,0,214470943,9118711,13.37,2.91
799,2026-05-17 05:19:17,6,q76,0,9,311,883,829,8271,7029,1054,1087,0,0,0,371,923844,0,0,2240847208,50576089,457506860,0,0,3127,24,24,0,261039,261039,0,0,261039,3127,9.37,0.88
800,2026-05-17 05:19:19,6,q77,0,23,559,1247,2330,11294,9511,1892,1803,0,302,0,183,233589,0,0,868584744,55459152,493899545,0,0,1757,44,44,0,120257,120257,0,0,120257,1757,9.06,1.25
801,2026-05-17 05:19:22,6,q77a,0,26,564,1213,2289,10329,9246,1839,1790,0,91,0,156,233245,0,0,1407552616,55459152,493899545,0,0,2221,55,55,0,176374,176374,0,0,134878,1891,8.52,1.21
802,2026-05-17 05:19:24,6,q78,0,18,502,5829,12321,83478,75049,1600,1577,3,886,0,5432,6525056,0,0,19534062920,55458848,590454279,0,0,54207575,1326,1326,0,1579290498,1579290498,0,0,1579290498,54207575,14.32,5.83
803,2026-05-17 05:19:31,6,q79,0,12,283,864,1372,6613,5874,979,1006,11,30,0,121,12830531,0,0,952877472,29327817,250526296,0,0,80366,22,22,0,2983084,2983084,0,0,2983084,80366,7.65,0.86
804,2026-05-17 05:19:33,6,q80,0,29,762,6524,18121,95193,88698,2570,2530,0,610,0,4620,233503,0,0,14185165104,55573497,844329211,0,0,53052375,819,819,0,1571654634,1571654634,0,0,1571654634,53052375,14.59,6.52
805,2026-05-17 05:19:40,6,q80a,0,32,767,6804,18599,98527,91354,2482,2507,3,776,0,5161,233546,0,0,14657024136,55573497,844329211,0,0,53053332,830,830,0,1571770246,1571770246,0,0,1571667496,53052306,14.48,6.8
806,2026-05-17 05:19:49,6,q81,0,19,370,1028,2095,7874,6597,1244,1228,0,0,0,226,2002949,0,0,2397107168,3899788,55276621,0,0,1372913,47,47,0,35450711,35450711,0,0,35450711,1372913,7.66,1.03
807,2026-05-17 05:19:51,6,q82,0,10,262,1343,2076,13829,11201,833,849,0,288,0,629,233503,0,0,1658418336,162032523,837941438,0,0,13778665,194,194,0,137239500,137239500,0,0,137239500,28800829,10.3,1.34
808,2026-05-17 05:19:53,6,q83,0,17,402,885,1244,6350,5187,1365,1344,0,0,0,318,788267,0,0,1261711248,5358962,38645849,0,0,43961,14,14,0,759663,759663,0,0,759663,43961,7.18,0.88
809,2026-05-17 05:19:55,6,q84,0,15,352,728,1238,3051,1937,1062,1164,0,240,0,204,9765951,0,0,615806688,5555676,31377638,0,0,2778710,20,20,0,14454870,14454870,0,0,14454870,2778710,4.19,0.73
810,2026-05-17 05:19:57,6,q85,0,18,472,1211,3382,7711,5885,1551,1614,4,33,0,115,17038153,0,0,8635287000,12032236,132128224,0,0,915638,92,92,0,33254834,33254834,0,0,33254834,915638,6.37,1.21
811,2026-05-17 05:19:59,6,q86,0,8,172,490,486,2201,1690,615,614,0,0,0,29,1868212,0,0,571272816,7322094,62330579,0,0,816,5,5,0,54749,54749,0,0,54749,816,4.49,0.49
812,2026-05-17 05:20:01,6,q86a,0,11,177,497,471,1649,1542,634,627,0,0,0,42,1868126,0,0,1110240560,7322094,62330579,0,0,2119,18,18,0,157721,157721,0,0,66577,929,3.32,0.5
813,2026-05-17 05:20:02,6,q87,0,15,353,1656,3130,16933,14154,1158,1083,0,108,0,936,12830144,0,0,8122560600,50921040,67372914,0,0,1694835,473,473,0,44526210,44526210,0,0,44526210,1694835,10.23,1.66
814,2026-05-17 05:20:05,6,q88,0,44,1078,1766,6228,19193,16388,3460,3446,3,150,0,44,233503,0,0,514952960,230611400,283677260,0,0,160,160,160,0,9200,9200,0,0,9200,160,10.87,1.77
815,2026-05-17 05:20:08,6,q89,0,10,228,764,897,5476,4828,837,817,0,0,0,153,233503,0,0,946676392,28922616,194535396,0,0,49975,22,22,0,2298553,2298553,0,0,2298553,49975,7.17,0.76
816,2026-05-17 05:20:10,6,q90,0,14,338,421,801,2422,1660,1131,1144,0,140,0,5,232049,0,0,103596544,14447588,27906340,0,0,32,32,32,0,1816,1816,0,0,1816,32,5.75,0.42
817,2026-05-17 05:20:11,6,q91,0,17,390,806,1751,4998,3937,1337,1380,0,0,0,4,9580995,0,0,1037410344,4137931,32811212,0,0,53,5,5,0,7711,7711,0,0,4761,34,6.2,0.81
818,2026-05-17 05:20:13,6,q92,0,11,239,471,704,2993,2556,813,813,0,0,0,70,707825,0,0,110994360,14522186,123949851,0,0,135661,9,9,0,1837430,1837430,0,0,1837430,135661,6.35,0.47
819,2026-05-17 05:20:15,6,q93,0,8,204,3806,4280,44919,42741,782,620,3,140,0,1812,233460,0,0,5766380072,31678201,270345845,0,0,31635854,357,357,0,754631060,754631060,0,0,754631060,31635854,11.8,3.81
820,2026-05-17 05:20:19,6,q94,0,14,367,1528,2697,14480,13052,1142,1196,0,234,0,406,2580067,0,0,3571011840,15390508,100981412,0,0,14397040,153,153,0,217756751,217756751,0,0,217756751,14397040,9.48,1.53
821,2026-05-17 05:20:22,6,q95,0,14,367,3723,4995,44437,36222,1208,1252,0,1208,0,356,2580838,0,0,14560086280,15390504,97870635,0,0,35990240,357,357,0,319472623,319472623,0,0,196649755,14395274,11.94,3.72
822,2026-05-17 05:20:27,6,q96,0,9,224,441,580,2898,2090,1089,811,0,248,0,2,233503,0,0,63872480,28827816,35519563,0,0,20,20,20,0,1150,1150,0,0,1150,20,6.57,0.44
823,2026-05-17 05:20:28,6,q97,0,8,209,1825,2250,19270,17912,683,659,4,27,0,316,233933,0,0,6212927976,43220947,230731493,0,0,8377699,238,238,0,96908300,96908300,0,0,96908300,8377699,10.56,1.82
824,2026-05-17 05:20:31,6,q98,0,10,186,809,730,4338,3639,692,654,3,144,0,202,3361780,0,0,1690376016,28922513,250409339,0,0,106186,98,98,0,14472219,14472219,0,0,12501597,91022,5.36,0.81
825,2026-05-17 05:20:33,6,q99,0,11,275,813,1167,4474,3965,1003,992,0,75,0,31,232092,0,0,156567144,14420493,41457907,0,0,2160,3,3,0,173855,173855,0,0,173855,2160,5.5,0.81
826,2026-05-17 05:20:35,7,q1,0,15,313,869,1457,8060,6358,1189,1025,0,8,0,891,5100840,0,0,3337334424,6275389,66981055,0,0,1611249,182,182,0,25348430,25348430,0,0,25348430,1611249,9.28,0.87
827,2026-05-17 05:20:37,7,q2,0,14,294,821,975,6394,5842,1059,1060,0,150,0,75,755509,0,0,456068104,21713579,93455618,0,0,6838,44,44,0,352525,352525,0,0,127373,4198,7.79,0.82
828,2026-05-17 05:20:39,7,q3,0,7,175,534,535,4096,3281,633,606,9,153,0,105,233503,0,0,119963624,28975562,244265651,0,0,2998,10,10,0,206438,206438,0,0,206438,2998,7.67,0.53
829,2026-05-17 05:20:40,7,q4,0,28,573,7720,36840,116304,100313,1802,1643,20,2382,0,10841,1691203,0,0,39674206800,50941041,812341524,0,0,102286012,3503,3503,0,2536512620,2536512620,0,0,1273495988,51438627,15.07,7.72
830,2026-05-17 05:20:49,7,q5,0,22,690,2243,4411,24479,20915,2740,2475,0,246,0,598,317451,0,0,3294366800,62671087,552805852,0,0,7890286,132,132,0,109305912,109305912,0,0,109305912,7890286,10.91,2.24
831,2026-05-17 05:20:53,7,q5a,0,25,695,2249,4298,25337,23004,2310,2378,0,196,0,576,317623,0,0,3833334672,62671087,552805852,0,0,7892232,142,142,0,109464345,109464345,0,0,109331115,7890408,11.27,2.25
832,2026-05-17 05:20:56,7,q6,0,18,407,1530,2708,18236,17107,1501,1442,0,98,0,615,2121631,0,0,5099075256,29847566,158211197,0,0,27358702,206,206,0,240333811,240333811,0,0,240333811,27358702,11.92,1.53
833,2026-05-17 05:20:59,7,q7,0,12,288,1267,1531,10535,9617,969,1000,0,0,0,123,788267,0,0,1080238624,30843824,430732655,0,0,71861,22,22,0,2549492,2549492,0,0,2549492,71861,8.31,1.27
834,2026-05-17 05:21:01,7,q8,0,16,337,896,1161,5062,4380,1149,1205,0,0,0,38,2373025,0,0,1792304608,29820618,139184944,0,0,6731,13,13,0,84406,84406,0,0,84406,6731,5.65,0.9
835,2026-05-17 05:21:03,7,q9,0,17,406,808,3285,9497,8014,1087,1219,0,0,0,16,233503,0,0,0,144002601,909539780,0,0,100,100,100,0,6957,6957,0,0,6957,100,11.75,0.81
836,2026-05-17 05:21:05,7,q10,0,18,437,1140,2198,9060,7868,1472,1386,0,98,0,351,29252511,0,0,3807972072,53091851,79308795,0,0,2400953,102,102,0,9684105,9684105,0,0,9684105,2400953,7.95,1.14
837,2026-05-17 05:21:07,7,q10a,0,15,436,1077,1540,6378,5782,1504,1450,2,143,0,417,29252468,0,0,4607448032,53091851,79308795,0,0,2368363,153,153,0,9644680,9644680,0,0,9644680,2368363,5.92,1.08
838,2026-05-17 05:21:09,7,q11,0,22,434,4076,13509,59497,53751,1247,1263,0,400,0,5177,1380159,0,0,26856842912,36540606,272799659,0,0,71770406,2006,2006,0,1051794768,1051794768,0,0,537186984,36215116,14.6,4.08
839,2026-05-17 05:21:14,7,q12,0,8,173,573,554,2114,1796,604,616,0,0,0,56,3286039,0,0,639059672,7322094,68674478,0,0,29116,10,10,0,3907960,3907960,0,0,3907960,29116,3.69,0.57
840,2026-05-17 05:21:16,7,q13,0,13,336,1424,1975,11950,10632,1185,1191,0,110,0,3,1311458,0,0,691209280,30998627,510444599,0,0,20,20,20,0,1371,1371,0,0,1371,20,8.39,1.42
841,2026-05-17 05:21:18,7,q14a,0,46,1080,6545,10241,60590,55399,3568,3594,3,1208,0,3433,1195253,0,0,9913299312,151671121,963980432,0,0,62586127,341,341,0,877745518,877745518,0,0,874734926,62499603,9.26,6.54
842,2026-05-17 05:21:27,7,q14b,0,40,1019,4891,10064,52775,48190,3980,3507,15,739,0,2133,1195253,0,0,8446696624,130216694,764383429,0,0,68363041,315,315,0,1013219661,1013219661,0,0,529302539,40855834,10.79,4.89
843,2026-05-17 05:21:33,7,q14,0,40,1016,4357,8320,45627,42780,3441,3472,1,484,0,1877,1169959,0,0,7563238792,130216694,764383429,0,0,68273664,280,280,0,1004568965,1004568965,0,0,520651843,40766457,10.47,4.36
844,2026-05-17 05:21:39,7,q15,0,9,231,956,1076,6880,6481,791,813,0,0,0,10,5046346,0,0,951797424,15170438,57613648,0,0,502,1,1,0,18324,18324,0,0,18324,502,7.2,0.96
845,2026-05-17 05:21:41,7,q16,0,14,377,2168,4091,30329,27315,1257,1238,6,566,0,1763,232089,0,0,4703921456,30510793,220163215,0,0,30114572,527,527,0,422214469,422214469,0,0,422214469,30114572,13.99,2.17
846,2026-05-17 05:21:44,7,q17,0,17,446,4558,7108,58630,55849,1557,1482,1,352,0,3361,6980564,0,0,7880912176,46220694,350661785,0,0,45538041,803,803,0,1089146303,1089146303,0,0,1089146303,45538041,12.86,4.56
847,2026-05-17 05:21:49,7,q18,0,16,407,1357,2214,7572,6490,1418,1417,0,60,0,26,9765564,0,0,3074056776,19114059,307641457,0,0,55958,9,9,0,3984849,3984849,0,0,3984849,55958,5.58,1.36
848,2026-05-17 05:21:52,7,q18a,0,32,898,3065,7702,33144,29354,3274,3048,0,368,0,189,9765951,0,0,14494187648,77567803,1437120011,0,0,63894,37,37,0,4339335,4339335,0,0,4339335,63894,10.81,3.06
849,2026-05-17 05:21:56,7,q19,0,13,335,1183,1834,8768,7589,1270,1208,0,167,0,285,5046561,0,0,1599037304,29672618,279328241,0,0,7397,10,10,0,541770,541770,0,0,541770,7397,7.41,1.18
850,2026-05-17 05:21:58,7,q20,0,8,176,558,539,2704,2305,627,628,0,0,0,17,3286039,0,0,412686616,14522437,126467645,0,0,28486,2,2,0,3491832,3491832,0,0,3491832,28486,4.85,0.56
851,2026-05-17 05:22:00,7,q21,0,9,226,872,975,6447,5912,788,818,0,0,0,11,233770,0,0,208677936,133232023,713967467,0,0,31850,1,1,0,679321,679321,0,0,679321,31850,7.39,0.87
852,2026-05-17 05:22:02,7,q22,0,10,243,58561,58599,122966,121719,893,837,0,280,0,64,4653671,0,0,1753344224,133232025,713251757,0,0,612866,68,68,0,25729614,25729614,0,0,25729614,612866,2.1,58.56
853,2026-05-17 05:23:02,7,q22a,0,14,267,3415,3967,14911,13042,856,887,0,197,0,1189,4653585,0,0,5660862736,133232023,713263261,0,0,918610,160,160,0,45113549,45113549,0,0,14511781,306922,4.37,3.42
854,2026-05-17 05:23:06,7,q23a,0,28,694,5996,11041,73269,69505,2175,2212,0,872,0,3636,6609758,0,0,12649074936,108664065,584237511,0,0,43897022,644,644,0,1114821051,1114821051,0,0,1084930284,41990015,12.22,6.0
855,2026-05-17 05:23:13,7,q23b,0,32,771,6927,12169,78262,73109,2599,2544,1,991,0,4464,6609801,0,0,25624416072,109164066,589048076,0,0,48673518,1314,1314,0,1200060529,1200060529,0,0,1097300784,42452497,11.3,6.93
856,2026-05-17 05:23:21,7,q24,0,14,366,2691,4210,32523,29840,1268,1229,3,432,0,1345,20739783,0,0,7068696000,32530259,315395941,0,0,29735885,340,340,0,678254112,678254112,0,0,678254112,29735885,12.09,2.69
857,2026-05-17 05:23:25,7,q24a,0,20,439,3701,4965,43791,41516,1408,1467,2,190,0,1784,18177703,0,0,16497845272,32632260,313347934,0,0,59478907,712,712,0,1357451922,1357451922,0,0,679197810,29743022,11.83,3.7
858,2026-05-17 05:23:30,7,q24b,0,20,439,2991,4098,31848,30657,1544,1469,1,336,0,2133,18177832,0,0,15891776752,32632260,313347934,0,0,59478765,700,700,0,1357428154,1357428154,0,0,679174042,29742880,10.65,2.99
859,2026-05-17 05:23:34,7,q25,0,17,446,4677,7374,60646,57647,1649,1515,0,400,0,3384,6980521,0,0,7880887560,46220694,491370545,0,0,45538038,800,800,0,1108759789,1108759789,0,0,1108759789,45538038,12.97,4.68
860,2026-05-17 05:23:40,7,q26,0,11,286,1040,1333,8056,7318,1007,1020,0,0,0,34,788267,0,0,475734776,16443748,228736629,0,0,33482,3,3,0,1124909,1124909,0,0,1124909,33482,7.75,1.04
861,2026-05-17 05:23:42,7,q27,0,12,288,1025,1306,7927,7434,1003,1033,0,140,0,120,788267,0,0,1080698912,30843426,404290208,0,0,58884,22,22,0,2218125,2218125,0,0,2218125,58884,7.73,1.02
862,2026-05-17 05:23:44,7,q27a,0,20,533,1737,3921,19101,17585,1817,1808,0,320,0,366,788267,0,0,1806596672,88546552,1194500421,0,0,60793,43,43,0,2451360,2451360,0,0,2451360,60793,11.0,1.74
863,2026-05-17 05:23:47,7,q28,0,24,432,1617,3686,20462,16525,1516,1361,2,192,0,2508,233503,0,0,4462213584,172803066,1399179690,0,0,470650,66,66,0,7692048,7692048,0,0,7692048,470650,12.65,1.62
864,2026-05-17 05:23:49,7,q29,0,19,497,4597,7587,58849,55740,1801,1713,1,409,0,3593,6980564,0,0,7880995000,46240695,351135960,0,0,45538045,805,805,0,1089147078,1089147078,0,0,1089147078,45538045,12.8,4.6
865,2026-05-17 05:23:55,7,q30,0,17,356,792,1764,2781,1881,1197,1241,0,0,0,119,2002949,0,0,1060281576,2460554,45638775,0,0,755089,7,7,0,59269674,59269674,0,0,59269674,755089,3.51,0.79
866,2026-05-17 05:23:57,7,q31,0,29,622,1815,4127,17812,15216,2162,2033,3,195,0,1382,3851818,0,0,3916568528,108311813,549469227,0,0,74061,45,45,0,2501067,2501067,0,0,2420620,72215,9.81,1.82
867,2026-05-17 05:24:00,7,q32,0,11,247,595,904,5547,4988,822,818,0,0,0,47,707099,0,0,120389400,28922872,239176030,0,0,55420,12,12,0,760429,760429,0,0,760429,55420,9.32,0.6
868,2026-05-17 05:24:01,7,q33,0,16,419,1062,1714,8182,6856,1547,1441,18,117,0,525,895616,0,0,1175635736,50875042,468010747,0,0,17063,18,18,0,450450,450450,0,0,450450,17063,7.7,1.06
869,2026-05-17 05:24:04,7,q34,0,14,310,858,1439,6053,5376,1033,1046,0,0,0,169,233460,0,0,301186776,29327817,78924269,0,0,1010675,16,16,0,34202764,34202764,0,0,17284999,510675,7.05,0.86
870,2026-05-17 05:24:06,7,q35,0,17,442,1247,2298,11029,8924,1550,1419,0,117,0,1120,24091841,0,0,8158821272,53091851,79100913,0,0,6056644,255,255,0,16002181,16002181,0,0,16002181,6056644,8.84,1.25
871,2026-05-17 05:24:08,7,q35a,0,16,442,1140,1821,8131,7105,1714,1482,2,198,0,706,24091841,0,0,7370292408,53091851,79100913,0,0,6053558,255,255,0,16010477,16010477,0,0,16010477,6053558,7.13,1.14
872,2026-05-17 05:24:10,7,q36,0,10,227,799,935,5905,5355,825,824,0,0,0,77,1868212,0,0,1036986400,28922616,365253403,0,0,1769,11,11,0,138561,138561,0,0,138561,1769,7.39,0.8
873,2026-05-17 05:24:12,7,q36a,0,13,232,776,867,4942,4542,800,833,0,290,0,88,1868212,0,0,1575954272,28922616,365253403,0,0,4798,36,36,0,397299,397299,0,0,147261,1822,6.37,0.78
874,2026-05-17 05:24:14,7,q37,0,10,262,962,1373,8549,7767,844,856,0,0,0,399,233340,0,0,886656304,147632447,779814592,0,0,4316414,180,180,0,64485606,64485606,0,0,64485606,14400617,8.89,0.96
875,2026-05-17 05:24:16,7,q38,0,15,353,1753,3423,18874,15826,1127,1059,0,160,0,1232,12830144,0,0,8122560600,50921040,67372914,0,0,1694835,473,473,0,44526210,44526210,0,0,44526210,1694835,10.77,1.75
876,2026-05-17 05:24:19,7,q39a,0,18,372,2009,3813,19872,17138,1401,1281,0,154,0,516,805959,0,0,2062236424,266362034,1424950743,0,0,1129925,56,56,0,27117544,27117544,0,0,26113005,1093917,9.89,2.01
877,2026-05-17 05:24:22,7,q39b,0,18,372,1626,3170,15505,14964,1310,1257,14,192,0,444,524796,0,0,2056076040,266362034,1424950743,0,0,1093504,56,56,0,26086066,26086066,0,0,25081527,1057496,9.54,1.63
878,2026-05-17 05:24:24,7,q40,0,12,308,1868,2733,23161,21518,999,1038,0,96,0,1089,233418,0,0,4141621464,15962340,138031677,0,0,15748014,357,357,0,309656666,309656666,0,0,309656666,15748014,12.4,1.87
879,2026-05-17 05:24:27,7,q41,0,6,108,351,286,1985,282,434,444,0,0,0,7,232007,0,0,270538656,204002,2005296,0,0,140,2,2,0,9680,9680,0,0,9680,140,5.66,0.35
880,2026-05-17 05:24:29,7,q42,0,7,175,446,449,3327,2632,608,616,0,117,0,35,233503,0,0,786960824,28922513,243884324,0,0,110,10,10,0,9116,9116,0,0,9116,110,7.46,0.45
881,2026-05-17 05:24:30,7,q43,0,7,173,658,684,5244,4882,627,629,0,0,0,28,233503,0,0,114629704,28820615,76618274,0,0,210,10,10,0,27084,27084,0,0,27084,210,7.97,0.66
882,2026-05-17 05:24:32,7,q44,0,11,206,581,618,4018,3309,609,638,0,0,0,172,1673996,0,0,1589568808,57703023,385315749,0,0,795972,120,120,0,10069011,10069011,0,0,5035816,398046,6.92,0.58
883,2026-05-17 05:24:34,7,q45,0,13,333,757,1258,3132,2582,1183,1204,0,0,0,8,5046346,0,0,2009365456,8092097,58673559,0,0,29,4,4,0,2649,2649,0,0,2649,29,4.14,0.76
884,2026-05-17 05:24:36,7,q46,0,13,333,924,1586,6442,5783,1316,1227,11,142,0,122,15378613,0,0,1039122784,29577818,254059409,0,0,27956,10,10,0,1371108,1371108,0,0,1371108,27956,6.97,0.92
885,2026-05-17 05:24:38,7,q47,0,15,287,1864,2872,20250,17022,913,928,0,0,0,2300,2319872,0,0,6656509880,28922616,194256650,0,0,2665245,787,787,0,105358315,105358315,0,0,61754570,1560722,10.86,1.86
886,2026-05-17 05:24:40,7,q48,0,11,285,1409,1751,11380,10439,1097,1009,0,218,0,3,1331982,0,0,669220160,30991426,272019757,0,0,20,20,20,0,1160,1160,0,0,1160,20,8.08,1.41
887,2026-05-17 05:24:43,7,q49,0,25,510,1678,4010,19531,16793,1626,1573,3,140,0,2188,233503,0,0,4850067912,55458848,791936529,0,0,15195840,63,63,0,338276366,338276366,0,0,338276366,15195840,11.64,1.68
888,2026-05-17 05:24:46,7,q50,0,12,306,2210,3039,25982,24320,1037,1048,0,144,0,1349,372338,0,0,4687124776,31771307,220541476,0,0,29262054,357,357,0,629536939,629536939,0,0,629536939,29262054,11.76,2.21
889,2026-05-17 05:24:49,7,q51,0,13,289,2881,4059,37338,33584,791,795,0,480,0,3346,300713,0,0,9975730016,36020604,232094710,0,0,24415841,1679,1679,0,420203029,420203029,0,0,420203029,24415841,12.96,2.88
890,2026-05-17 05:24:53,7,q51a,0,17,355,20344,23950,265495,254190,863,924,0,2786,0,5611,460428,0,0,26931198392,36020604,232094710,0,0,47531016,2587,2587,0,789082750,789082750,0,0,575699123,36069050,13.05,20.34
891,2026-05-17 05:25:14,7,q52,0,7,175,449,467,3293,2699,620,630,0,0,0,116,233503,0,0,786960824,28922513,244080932,0,0,4250,10,10,0,266731,266731,0,0,266731,4250,7.33,0.45
892,2026-05-17 05:25:16,7,q53,0,10,227,617,739,4227,3516,872,827,0,96,0,137,233503,0,0,208086096,28922616,194810562,0,0,31394,11,11,0,661843,661843,0,0,661843,31394,6.85,0.62
893,2026-05-17 05:25:18,7,q54,0,26,644,1933,4880,22812,19979,2485,2314,5,368,0,938,5046346,0,0,2692837664,51386197,273652342,0,0,26873209,179,179,0,252845431,252845431,0,0,252845431,26873209,11.8,1.93
894,2026-05-17 05:25:21,7,q55,0,7,175,542,551,4215,3727,604,620,0,0,0,102,233503,0,0,786960824,28922513,244080932,0,0,3448,10,10,0,211879,211879,0,0,211879,3448,7.78,0.54
895,2026-05-17 05:25:22,7,q56,0,16,419,987,1686,8287,6773,1403,1433,0,100,0,495,466522,0,0,1234116536,50875042,468605183,0,0,10844,18,18,0,393323,393323,0,0,393323,10844,8.4,0.99
896,2026-05-17 05:25:24,7,q57,0,15,268,1931,2752,14066,12129,910,922,0,0,0,748,2319872,0,0,5374089408,14522462,95474827,0,0,1160477,378,378,0,45127049,45127049,0,0,33392647,851478,7.28,1.93
897,2026-05-17 05:25:27,7,q58,0,18,417,1160,1823,9008,7712,1555,1435,0,80,0,402,788267,0,0,2211009024,50669140,426579251,0,0,247081,27,27,0,3686832,3686832,0,0,3686832,247081,7.77,1.16
898,2026-05-17 05:25:30,7,q59,0,16,339,1228,2010,8465,7939,1219,1256,0,0,0,353,755509,0,0,1673170840,28913769,77329341,0,0,304460,132,132,0,12848227,12848227,0,0,6671251,170845,6.89,1.23
899,2026-05-17 05:25:32,7,q60,0,16,419,1055,1722,8426,7216,1480,1414,0,88,0,435,466522,0,0,1728975080,50875042,468540163,0,0,78428,19,19,0,1556606,1556606,0,0,1556606,78428,7.99,1.06
900,2026-05-17 05:25:34,7,q61,0,18,457,1203,2545,11345,9513,1652,1573,0,130,0,6,5046346,0,0,1246748000,58473630,585660976,0,0,40,40,40,0,2319,2319,0,0,2319,40,9.43,1.2
901,2026-05-17 05:25:36,7,q62,0,11,271,642,912,2883,2323,928,984,0,0,0,36,232049,0,0,138730216,7220168,27946993,0,0,1680,4,4,0,144678,144678,0,0,144678,1680,4.49,0.64
902,2026-05-17 05:25:38,7,q63,0,10,227,641,714,4463,3878,839,826,0,0,0,131,233503,0,0,208020560,28922616,194814658,0,0,12917,11,11,0,338314,338314,0,0,338314,12917,6.96,0.64
903,2026-05-17 05:25:40,7,q64,0,38,929,6979,16936,94383,87409,3379,3147,4,823,0,5217,13606693,0,0,35890420816,50412171,684921572,0,0,52026303,2318,2318,0,1952932789,1952932789,0,0,1806179638,48487731,13.52,6.98
904,2026-05-17 05:25:48,7,q65,0,15,348,1673,3007,22000,19253,1089,1090,1,0,0,1970,9209889,0,0,6116202576,57723127,391782077,0,0,11880061,391,391,0,391210240,391210240,0,0,391210240,11880061,13.15,1.67
905,2026-05-17 05:25:51,7,q66,0,14,343,1250,1879,8232,6538,1409,1262,0,112,0,22,232089,0,0,975454208,21660561,213478674,0,0,90,9,9,0,47940,47940,0,0,47940,90,6.59,1.25
906,2026-05-17 05:25:53,7,q67,0,10,243,7075,7167,75887,73910,822,837,0,730,0,1501,4653671,0,0,7594451448,28922616,221651828,0,0,11548825,187,187,0,866159379,866159379,0,0,866159379,11548825,10.73,7.08
907,2026-05-17 05:26:01,7,q67a,0,18,384,10590,36414,140530,131949,1143,1187,0,879,0,5343,4653585,0,0,26569738752,28922616,221651828,0,0,55551436,1700,1700,0,4120616445,4120616445,0,0,900587757,13218740,13.27,10.59
908,2026-05-17 05:26:13,7,q68,0,13,333,981,1694,7301,6427,1230,1203,1,44,0,109,15378570,0,0,568481352,29577818,391461670,0,0,6174,10,10,0,436284,436284,0,0,436284,6174,7.44,0.98
909,2026-05-17 05:26:15,7,q69,0,18,437,1173,2381,9868,7870,1538,1412,1,336,0,468,28817443,0,0,3806916136,53091851,79177207,0,0,1902033,101,101,0,9547581,9547581,0,0,9547581,1902033,8.41,1.17
910,2026-05-17 05:26:17,7,q70,0,14,297,972,1076,6922,6379,1023,1054,0,0,0,41,233503,0,0,1101810584,57621229,269678769,0,0,209,22,22,0,10316,10316,0,0,10316,209,7.12,0.97
911,2026-05-17 05:26:19,7,q70a,0,17,302,918,971,5651,5264,1041,1073,0,200,0,47,233116,0,0,902580896,57621229,269678769,0,0,240,47,47,0,14125,14125,0,0,8085,180,6.16,0.92
912,2026-05-17 05:26:21,7,q71,0,13,364,1109,1174,11131,9732,1220,1276,1,0,0,224,421741,0,0,956611448,50563041,453758100,0,0,32249,31,31,0,1648392,1648392,0,0,995252,21130,10.04,1.11
913,2026-05-17 05:26:24,7,q72,0,26,680,17967,23242,229128,219669,2267,2294,42,4265,0,5117,6609758,0,0,19933730552,151146962,901568011,0,0,142246513,1469,1469,0,2047663537,2047663537,0,0,2047663537,142246513,12.75,17.97
914,2026-05-17 05:26:43,7,q73,0,14,310,738,1399,5368,4578,1003,1038,0,0,0,135,233460,0,0,299939544,29327817,78924269,0,0,1002732,16,16,0,33968188,33968188,0,0,17050423,502732,7.27,0.74
915,2026-05-17 05:26:44,7,q74,0,20,486,2074,4779,22871,18869,1689,1546,4,128,0,2738,15569619,0,0,13923889496,72541209,376809372,0,0,1763111,822,822,0,58842722,58842722,0,0,58842722,1763111,11.03,2.07
916,2026-05-17 05:26:48,7,q75,0,31,829,3748,8830,52018,42524,2608,2530,4,576,0,4435,317616,0,0,11831406064,105981888,1099568270,0,0,14156499,1088,1088,0,314442100,314442100,0,0,214470943,9118711,13.88,3.75
917,2026-05-17 05:26:52,7,q76,0,9,311,876,820,8856,7628,1059,1074,0,0,0,294,923844,0,0,2240847208,50576089,457506860,0,0,3127,24,24,0,261039,261039,0,0,261039,3127,10.11,0.88
918,2026-05-17 05:26:54,7,q77,0,23,559,1284,2360,11233,9615,2129,1812,0,128,0,163,233503,0,0,868584744,55459152,493899545,0,0,1757,44,44,0,120257,120257,0,0,120257,1757,8.75,1.28
919,2026-05-17 05:26:57,7,q77a,0,26,564,1355,2541,11049,9675,2096,1832,0,208,0,215,233202,0,0,1407552616,55459152,493899545,0,0,2221,55,55,0,176374,176374,0,0,134878,1891,8.15,1.36
920,2026-05-17 05:26:59,7,q78,0,18,502,5513,11923,78499,71936,1569,1577,0,560,0,4739,6524755,0,0,19534062920,55458848,590454279,0,0,54207575,1326,1326,0,1579290498,1579290498,0,0,1579290498,54207575,14.24,5.51
921,2026-05-17 05:27:06,7,q79,0,12,283,917,1404,7285,6339,992,1031,1,128,0,120,12830359,0,0,952877472,29327817,250526296,0,0,80366,22,22,0,2983084,2983084,0,0,2983084,80366,7.94,0.92
922,2026-05-17 05:27:08,7,q80,0,29,762,6601,18671,96759,90776,2413,2493,0,980,0,4788,233503,0,0,14185165104,55573497,844329211,0,0,53052375,819,819,0,1571654634,1571654634,0,0,1571654634,53052375,14.66,6.6
923,2026-05-17 05:27:16,7,q80a,0,32,767,6614,17995,96062,90501,2403,2505,0,736,0,4827,233503,0,0,14657024136,55573497,844329211,0,0,53053332,830,830,0,1571770246,1571770246,0,0,1571667496,53052306,14.52,6.61
924,2026-05-17 05:27:24,7,q81,0,19,370,1013,1958,7363,6144,1268,1243,0,0,0,230,2002949,0,0,2397107168,3899788,55276621,0,0,1372913,47,47,0,35450711,35450711,0,0,35450711,1372913,7.27,1.01
925,2026-05-17 05:27:26,7,q82,0,10,262,1287,1925,12685,11534,839,841,0,256,0,448,233598,0,0,1658418336,162032523,837941438,0,0,13778665,194,194,0,137239500,137239500,0,0,137239500,28800829,9.86,1.29
926,2026-05-17 05:27:28,7,q83,0,17,402,885,1253,6263,5044,1426,1362,15,112,0,327,788267,0,0,1261711248,5358962,38645849,0,0,43961,14,14,0,759663,759663,0,0,759663,43961,7.08,0.88
927,2026-05-17 05:27:30,7,q84,0,15,352,691,1092,2668,1867,1075,1172,0,0,0,175,9765521,0,0,615806688,5555676,31377638,0,0,2778710,20,20,0,14454870,14454870,0,0,14454870,2778710,3.86,0.69
928,2026-05-17 05:27:32,7,q85,0,18,472,1350,3956,9838,7536,1536,1632,2,224,0,118,17038497,0,0,8635287000,12032236,132128224,0,0,915638,92,92,0,33254834,33254834,0,0,33254834,915638,7.29,1.35
929,2026-05-17 05:27:34,7,q86,0,8,172,501,489,2006,1742,615,609,0,0,0,29,1868212,0,0,571272816,7322094,62330579,0,0,816,5,5,0,54749,54749,0,0,54749,816,4.0,0.5
930,2026-05-17 05:27:36,7,q86a,0,11,177,498,468,1656,1514,621,624,0,28,0,43,1868126,0,0,1110240560,7322094,62330579,0,0,2119,18,18,0,157721,157721,0,0,66577,929,3.33,0.5
931,2026-05-17 05:27:37,7,q87,0,15,353,1674,3133,17030,14240,1070,1058,0,0,0,1309,12830101,0,0,8122560600,50921040,67372914,0,0,1694835,473,473,0,44526210,44526210,0,0,44526210,1694835,10.17,1.67
932,2026-05-17 05:27:40,7,q88,0,44,1078,1659,6203,17945,15103,3447,3507,0,294,0,19,233503,0,0,514952960,230611400,283677260,0,0,160,160,160,0,9200,9200,0,0,9200,160,10.82,1.66
933,2026-05-17 05:27:43,7,q89,0,10,228,729,864,5119,4415,813,824,0,0,0,162,233503,0,0,946676392,28922616,194535396,0,0,49975,22,22,0,2298553,2298553,0,0,2298553,49975,7.02,0.73
934,2026-05-17 05:27:44,7,q90,0,14,338,405,773,2326,1647,1089,1154,0,0,0,4,232049,0,0,103596544,14447588,27906340,0,0,32,32,32,0,1816,1816,0,0,1816,32,5.74,0.4
935,2026-05-17 05:27:46,7,q91,0,17,390,675,1640,4331,3135,1354,1396,1,160,0,4,9581038,0,0,1037410344,4137931,32811212,0,0,53,5,5,0,7711,7711,0,0,4761,34,6.42,0.68
936,2026-05-17 05:27:48,7,q92,0,11,239,453,688,2929,2479,819,812,0,0,0,68,707825,0,0,110994360,14522186,123949851,0,0,135661,9,9,0,1837430,1837430,0,0,1837430,135661,6.47,0.45
937,2026-05-17 05:27:49,7,q93,0,8,204,3834,4390,45991,43143,712,623,0,100,0,1961,233331,0,0,5766380072,31678201,270345845,0,0,31635854,357,357,0,754631060,754631060,0,0,754631060,31635854,12.0,3.83
938,2026-05-17 05:27:54,7,q94,0,14,367,1492,2716,14115,12945,1223,1185,7,72,0,392,2580239,0,0,3571011840,15390508,100981412,0,0,14397040,153,153,0,217756751,217756751,0,0,217756751,14397040,9.46,1.49
939,2026-05-17 05:27:57,7,q95,0,14,367,3692,4805,43884,35311,1211,1251,0,1444,0,364,2580838,0,0,14560086280,15390504,97870635,0,0,35990240,357,357,0,319472623,319472623,0,0,196649755,14395274,11.89,3.69
940,2026-05-17 05:28:01,7,q96,0,9,224,512,684,3651,2371,940,791,0,0,0,42,233503,0,0,63872480,28827816,35519563,0,0,20,20,20,0,1150,1150,0,0,1150,20,7.13,0.51
941,2026-05-17 05:28:03,7,q97,0,8,209,2316,2864,24783,18900,789,661,0,430,0,399,233503,0,0,6212927976,43220947,230731493,0,0,8377699,238,238,0,96908300,96908300,0,0,96908300,8377699,10.7,2.32
942,2026-05-17 05:28:06,7,q98,0,10,186,898,814,4884,3839,723,641,3,0,0,314,3361780,0,0,1690376016,28922513,250409339,0,0,106186,98,98,0,14472219,14472219,0,0,12501597,91022,5.44,0.9
943,2026-05-17 05:28:08,7,q99,0,11,275,785,1118,4674,4097,995,1005,0,64,0,30,232089,0,0,156567144,14420493,41457907,0,0,2160,3,3,0,173855,173855,0,0,173855,2160,5.95,0.78
944,2026-05-17 05:28:10,8,q1,0,15,313,893,1489,8769,7504,1000,1014,0,75,0,641,5100797,0,0,3337334424,6275389,66981055,0,0,1611249,182,182,0,25348430,25348430,0,0,25348430,1611249,9.82,0.89
945,2026-05-17 05:28:12,8,q2,0,14,294,865,985,6576,5560,1167,1054,5,60,0,74,755509,0,0,456068104,21713579,93455618,0,0,6838,44,44,0,352525,352525,0,0,127373,4198,7.6,0.86
946,2026-05-17 05:28:14,8,q3,0,7,175,433,431,2954,2459,691,615,0,80,0,97,234234,0,0,119963624,28975562,244265651,0,0,2998,10,10,0,206438,206438,0,0,206438,2998,6.82,0.43
947,2026-05-17 05:28:16,8,q4,0,28,573,8569,41171,129263,97687,1756,1665,0,3552,0,12491,1691203,0,0,39674206800,50941041,812341524,0,0,102286012,3503,3503,0,2536512620,2536512620,0,0,1273495988,51438627,15.08,8.57
948,2026-05-17 05:28:25,8,q5,0,22,690,2287,4400,25649,20636,2543,2381,7,482,0,578,318354,0,0,3294366800,62671087,552805852,0,0,7890286,132,132,0,109305912,109305912,0,0,109305912,7890286,11.22,2.29
949,2026-05-17 05:28:29,8,q5a,0,25,695,2214,4315,25033,21857,2328,2372,0,290,0,565,317451,0,0,3833334672,62671087,552805852,0,0,7892232,142,142,0,109464345,109464345,0,0,109331115,7890408,11.31,2.21
950,2026-05-17 05:28:32,8,q6,0,18,407,1672,2863,19719,18336,1619,1458,0,192,0,642,2121631,0,0,5099075256,29847566,158211197,0,0,27358702,206,206,0,240333811,240333811,0,0,240333811,27358702,11.79,1.67
951,2026-05-17 05:28:35,8,q7,0,12,288,1143,1428,9157,8157,991,1021,0,104,0,129,788267,0,0,1080238624,30843824,430732655,0,0,71861,22,22,0,2549492,2549492,0,0,2549492,71861,8.01,1.14
952,2026-05-17 05:28:37,8,q8,0,16,337,935,1178,5556,4976,1189,1238,0,0,0,38,2373025,0,0,1792304608,29820618,139184944,0,0,6731,13,13,0,84406,84406,0,0,84406,6731,5.94,0.94
953,2026-05-17 05:28:39,8,q9,0,17,406,1041,4130,11860,8458,1250,1220,0,406,0,17,233503,0,0,0,144002601,909539780,0,0,100,100,100,0,6957,6957,0,0,6957,100,11.39,1.04
954,2026-05-17 05:28:41,8,q10,0,18,437,1150,2188,8673,6527,1756,1418,24,120,0,577,29252941,0,0,3807972072,53091851,79308795,0,0,2400953,102,102,0,9684105,9684105,0,0,9684105,2400953,7.54,1.15
955,2026-05-17 05:28:43,8,q10a,0,15,436,975,1447,5798,5438,1514,1435,5,96,0,482,29252597,0,0,4607448032,53091851,79308795,0,0,2368363,153,153,0,9644680,9644680,0,0,9644680,2368363,5.95,0.98
956,2026-05-17 05:28:45,8,q11,0,22,434,4133,13663,60107,53845,1237,1248,0,330,0,5673,1380159,0,0,26856842912,36540606,272799659,0,0,71770406,2006,2006,0,1051794768,1051794768,0,0,537186984,36215116,14.54,4.13
957,2026-05-17 05:28:51,8,q12,0,8,173,518,506,2012,1648,603,610,0,0,0,63,3286039,0,0,639059672,7322094,68674478,0,0,29116,10,10,0,3907960,3907960,0,0,3907960,29116,3.88,0.52
958,2026-05-17 05:28:52,8,q13,0,13,336,1295,1830,10650,9309,1156,1202,0,110,0,6,1311587,0,0,691209280,30998627,510444599,0,0,20,20,20,0,1371,1371,0,0,1371,20,8.22,1.3
959,2026-05-17 05:28:55,8,q14a,0,46,1080,6578,10479,61899,55762,3624,3569,1,1465,0,4391,1195253,0,0,9913299312,151671121,963980432,0,0,62586127,341,341,0,877745518,877745518,0,0,874734926,62499603,9.41,6.58
960,2026-05-17 05:29:03,8,q14b,0,40,1019,4954,10399,54127,48249,3971,3498,0,1083,0,2267,1195253,0,0,8446696624,130216694,764383429,0,0,68363041,315,315,0,1013219661,1013219661,0,0,529302539,40855834,10.93,4.95
961,2026-05-17 05:29:09,8,q14,0,40,1016,4508,8801,47279,43092,3543,3506,0,1413,0,2090,1169959,0,0,7563238792,130216694,764383429,0,0,68273664,280,280,0,1004568965,1004568965,0,0,520651843,40766457,10.49,4.51
962,2026-05-17 05:29:15,8,q15,0,9,231,973,1082,6701,6287,807,813,0,63,0,9,5046346,0,0,951797424,15170438,57613648,0,0,502,1,1,0,18324,18324,0,0,18324,502,6.89,0.97
963,2026-05-17 05:29:17,8,q16,0,14,377,2191,4113,30104,27214,1232,1211,10,468,0,1828,232307,0,0,4703921456,30510793,220163215,0,0,30114572,527,527,0,422214469,422214469,0,0,422214469,30114572,13.74,2.19
964,2026-05-17 05:29:20,8,q17,0,17,446,4564,7040,58610,55857,1473,1483,0,407,0,3187,6980521,0,0,7880912176,46220694,350661785,0,0,45538041,803,803,0,1089146303,1089146303,0,0,1089146303,45538041,12.84,4.56
965,2026-05-17 05:29:26,8,q18,0,16,407,1288,2069,7380,6360,1333,1400,0,96,0,26,9765521,0,0,3074056776,19114059,307641457,0,0,55958,9,9,0,3984849,3984849,0,0,3984849,55958,5.73,1.29
966,2026-05-17 05:29:28,8,q18a,0,32,898,3095,7946,32624,29466,3509,3044,1,224,0,211,9765564,0,0,14494187648,77567803,1437120011,0,0,63894,37,37,0,4339335,4339335,0,0,4339335,63894,10.54,3.1
967,2026-05-17 05:29:33,8,q19,0,13,335,983,1520,7230,6088,1160,1199,0,120,0,116,5046346,0,0,1599037304,29672618,279328241,0,0,7397,10,10,0,541770,541770,0,0,541770,7397,7.36,0.98
968,2026-05-17 05:29:35,8,q20,0,8,176,488,470,2272,1938,631,627,0,0,0,17,3286039,0,0,412686616,14522437,126467645,0,0,28486,2,2,0,3491832,3491832,0,0,3491832,28486,4.66,0.49
969,2026-05-17 05:29:36,8,q21,0,9,226,1045,1146,7455,6639,798,816,0,144,0,10,233770,0,0,208677936,133232023,713967467,0,0,31850,1,1,0,679321,679321,0,0,679321,31850,7.13,1.04
970,2026-05-17 05:29:38,8,q22,0,10,243,56566,56568,118165,116562,1030,851,1,256,0,80,4653671,0,0,1753344224,133232025,713251757,0,0,612866,68,68,0,25729614,25729614,0,0,25729614,612866,2.09,56.57
971,2026-05-17 05:30:36,8,q22a,0,14,267,3335,3907,13679,12152,838,894,0,12,0,1278,4653671,0,0,5660862736,133232023,713263261,0,0,918610,160,160,0,45113549,45113549,0,0,14511781,306922,4.1,3.34
972,2026-05-17 05:30:40,8,q23a,0,28,694,6131,11143,75630,69389,2234,2177,1,1317,0,3720,6609844,0,0,12649074936,108664065,584237511,0,0,43897022,644,644,0,1114821051,1114821051,0,0,1084930284,41990015,12.34,6.13
973,2026-05-17 05:30:48,8,q23b,0,32,771,6401,12335,80046,75070,2526,2459,4,1153,0,3810,6609801,0,0,25624416072,109164066,589048076,0,0,48673518,1314,1314,0,1200060529,1200060529,0,0,1097300784,42452497,12.51,6.4
974,2026-05-17 05:30:55,8,q24,0,14,366,2328,3714,28194,24588,1160,1197,3,144,0,1350,20739740,0,0,7068696000,32530259,315395941,0,0,29735885,340,340,0,678254112,678254112,0,0,678254112,29735885,12.11,2.33
975,2026-05-17 05:30:59,8,q24a,0,20,439,3726,5044,44003,41488,1401,1466,2,220,0,1789,18177703,0,0,16497845272,32632260,313347934,0,0,59478907,712,712,0,1357451922,1357451922,0,0,679197810,29743022,11.81,3.73
976,2026-05-17 05:31:03,8,q24b,0,20,439,2951,4010,31916,31270,1498,1479,2,130,0,1666,18177832,0,0,15891776752,32632260,313347934,0,0,59478765,700,700,0,1357428154,1357428154,0,0,679174042,29742880,10.82,2.95
977,2026-05-17 05:31:07,8,q25,0,17,446,4606,7259,59848,57255,1478,1483,0,198,0,3246,6980521,0,0,7880887560,46220694,491370545,0,0,45538038,800,800,0,1108759789,1108759789,0,0,1108759789,45538038,12.99,4.61
978,2026-05-17 05:31:13,8,q26,0,11,286,1050,1329,7743,7052,1020,1031,0,0,0,40,788224,0,0,475734776,16443748,228736629,0,0,33482,3,3,0,1124909,1124909,0,0,1124909,33482,7.37,1.05
979,2026-05-17 05:31:15,8,q27,0,12,288,975,1272,7503,7066,1002,1029,0,77,0,133,788310,0,0,1080698912,30843426,404290208,0,0,58884,22,22,0,2218125,2218125,0,0,2218125,58884,7.7,0.98
980,2026-05-17 05:31:17,8,q27a,0,20,533,1643,3661,17604,14853,1986,1843,0,428,0,601,788267,0,0,1806596672,88546552,1194500421,0,0,60793,43,43,0,2451360,2451360,0,0,2451360,60793,10.71,1.64
981,2026-05-17 05:31:20,8,q28,0,24,432,1814,4403,23055,16305,1935,1410,0,714,0,3014,233503,0,0,4462213584,172803066,1399179690,0,0,470650,66,66,0,7692048,7692048,0,0,7692048,470650,12.71,1.81
982,2026-05-17 05:31:23,8,q29,0,19,497,4751,7794,60322,56239,1851,1700,1,236,0,3153,6980607,0,0,7880995000,46240695,351135960,0,0,45538045,805,805,0,1089147078,1089147078,0,0,1089147078,45538045,12.7,4.75
983,2026-05-17 05:31:29,8,q30,0,17,356,796,1802,2895,1928,1181,1217,0,16,0,117,2003035,0,0,1060281576,2460554,45638775,0,0,755089,7,7,0,59269674,59269674,0,0,59269674,755089,3.64,0.8
984,2026-05-17 05:31:31,8,q31,0,30,623,1818,4152,18408,15624,2236,2054,12,180,0,1670,3851818,0,0,3849525224,108311813,549469227,0,0,79892,49,49,0,2737920,2737920,0,0,2515713,73108,10.13,1.82
985,2026-05-17 05:31:33,8,q32,0,11,247,504,797,4537,4070,835,813,0,0,0,48,707099,0,0,120389400,28922872,239176030,0,0,55420,12,12,0,760429,760429,0,0,760429,55420,9.0,0.5
986,2026-05-17 05:31:35,8,q33,0,16,419,987,1595,7497,6344,1467,1411,9,120,0,409,895616,0,0,1175635736,50875042,468010747,0,0,17063,18,18,0,450450,450450,0,0,450450,17063,7.6,0.99
987,2026-05-17 05:31:37,8,q34,0,14,310,706,1319,4777,4075,1020,1030,0,0,0,178,233460,0,0,301186776,29327817,78924269,0,0,1010675,16,16,0,34202764,34202764,0,0,17284999,510675,6.77,0.71
988,2026-05-17 05:31:39,8,q35,0,17,442,1196,1967,10169,9140,1462,1428,0,0,0,554,24091841,0,0,8158821272,53091851,79100913,0,0,6056644,255,255,0,16002181,16002181,0,0,16002181,6056644,8.5,1.2
989,2026-05-17 05:31:41,8,q35a,0,16,442,1044,1651,7435,6703,1492,1454,0,144,0,595,24091841,0,0,7370292408,53091851,79100913,0,0,6053558,255,255,0,16010477,16010477,0,0,16010477,6053558,7.12,1.04
990,2026-05-17 05:31:43,8,q36,0,10,227,781,909,5734,4858,814,834,0,130,0,76,1868212,0,0,1036986400,28922616,365253403,0,0,1769,11,11,0,138561,138561,0,0,138561,1769,7.34,0.78
991,2026-05-17 05:31:45,8,q36a,0,13,232,745,830,4611,4493,812,832,0,0,0,88,1868126,0,0,1575954272,28922616,365253403,0,0,4798,36,36,0,397299,397299,0,0,147261,1822,6.19,0.74
992,2026-05-17 05:31:47,8,q37,0,10,262,1058,1643,10259,8076,814,856,0,320,0,811,233383,0,0,886656304,147632447,779814592,0,0,4316414,180,180,0,64485606,64485606,0,0,64485606,14400617,9.7,1.06
993,2026-05-17 05:31:49,8,q38,0,15,353,1706,3224,17445,14598,1115,1060,1,80,0,1037,12830187,0,0,8122560600,50921040,67372914,0,0,1694835,473,473,0,44526210,44526210,0,0,44526210,1694835,10.23,1.71
994,2026-05-17 05:31:52,8,q39a,0,18,372,2017,3887,19912,16409,1319,1252,0,368,0,761,805959,0,0,2062236424,266362034,1424950743,0,0,1129925,56,56,0,27117544,27117544,0,0,26113005,1093917,9.87,2.02
995,2026-05-17 05:31:55,8,q39b,0,18,372,1734,3381,16446,14644,1326,1268,0,357,0,397,524796,0,0,2056076040,266362034,1424950743,0,0,1093504,56,56,0,26086066,26086066,0,0,25081527,1057496,9.48,1.73
996,2026-05-17 05:31:58,8,q40,0,12,308,1689,2607,20313,18680,1002,1038,0,200,0,1091,233418,0,0,4141621464,15962340,138031677,0,0,15748014,357,357,0,309656666,309656666,0,0,309656666,15748014,12.03,1.69
997,2026-05-17 05:32:00,8,q41,0,6,108,349,286,1906,277,437,443,0,0,0,7,232007,0,0,270538656,204002,2005296,0,0,140,2,2,0,9680,9680,0,0,9680,140,5.46,0.35
998,2026-05-17 05:32:02,8,q42,0,7,175,491,500,3760,3268,601,613,0,0,0,24,233503,0,0,786960824,28922513,243884324,0,0,110,10,10,0,9116,9116,0,0,9116,110,7.66,0.49
999,2026-05-17 05:32:04,8,q43,0,7,173,669,702,5527,4963,626,628,0,90,0,32,233503,0,0,114629704,28820615,76618274,0,0,210,10,10,0,27084,27084,0,0,27084,210,8.26,0.67
1000,2026-05-17 05:32:05,8,q44,0,11,206,590,643,4223,3472,599,633,0,0,0,182,1673996,0,0,1589568808,57703023,385315749,0,0,795972,120,120,0,10069011,10069011,0,0,5035816,398046,7.16,0.59
1001,2026-05-17 05:32:07,8,q45,0,13,333,724,1237,2964,2423,1148,1184,0,0,0,8,5046346,0,0,2009365456,8092097,58673559,0,0,29,4,4,0,2649,2649,0,0,2649,29,4.09,0.72
1002,2026-05-17 05:32:09,8,q46,0,13,333,1003,1859,7002,5957,1476,1239,4,224,0,117,15378570,0,0,1039122784,29577818,254059409,0,0,27956,10,10,0,1371108,1371108,0,0,1371108,27956,6.98,1.0
1003,2026-05-17 05:32:11,8,q47,0,15,287,1739,2607,17948,14914,921,939,0,120,0,2117,2319872,0,0,6656509880,28922616,194256650,0,0,2665245,787,787,0,105358315,105358315,0,0,61754570,1560722,10.32,1.74
1004,2026-05-17 05:32:14,8,q48,0,11,285,1351,1672,11915,10223,982,1003,3,210,0,226,1331939,0,0,669220160,30991426,272019757,0,0,20,20,20,0,1160,1160,0,0,1160,20,8.82,1.35
1005,2026-05-17 05:32:16,8,q49,0,25,510,1809,4205,20542,17646,1614,1588,4,130,0,1996,233331,0,0,4850067912,55458848,791936529,0,0,15195840,63,63,0,338276366,338276366,0,0,338276366,15195840,11.36,1.81
1006,2026-05-17 05:32:19,8,q50,0,12,306,2543,3435,29925,26429,1058,1026,0,473,0,1605,372338,0,0,4687124776,31771307,220541476,0,0,29262054,357,357,0,629536939,629536939,0,0,629536939,29262054,11.77,2.54
1007,2026-05-17 05:32:23,8,q51,0,13,289,2925,4122,38442,33908,773,784,0,704,0,4045,300713,0,0,9975730016,36020604,232094710,0,0,24415841,1679,1679,0,420203029,420203029,0,0,420203029,24415841,13.14,2.92
1008,2026-05-17 05:32:27,8,q51a,0,17,355,20421,24334,266946,256975,956,945,0,2697,0,4181,460428,0,0,26931198392,36020604,232094710,0,0,47531016,2587,2587,0,789082750,789082750,0,0,575699123,36069050,13.07,20.42
1009,2026-05-17 05:32:48,8,q52,0,7,175,507,521,3781,3222,605,625,0,0,0,110,233546,0,0,786960824,28922513,244080932,0,0,4250,10,10,0,266731,266731,0,0,266731,4250,7.46,0.51
1010,2026-05-17 05:32:50,8,q53,0,10,227,644,770,4508,3473,824,825,0,96,0,136,233503,0,0,208086096,28922616,194810562,0,0,31394,11,11,0,661843,661843,0,0,661843,31394,7.0,0.64
1011,2026-05-17 05:32:51,8,q54,0,26,644,1730,4561,20272,18392,2289,2272,0,304,0,802,5046346,0,0,2692837664,51386197,273652342,0,0,26873209,179,179,0,252845431,252845431,0,0,252845431,26873209,11.72,1.73
1012,2026-05-17 05:32:54,8,q55,0,7,175,500,509,3604,3164,614,625,0,0,0,98,233503,0,0,786960824,28922513,244080932,0,0,3448,10,10,0,211879,211879,0,0,211879,3448,7.21,0.5
1013,2026-05-17 05:32:56,8,q56,0,16,419,920,1522,7242,5851,1472,1452,0,176,0,332,466522,0,0,1234116536,50875042,468605183,0,0,10844,18,18,0,393323,393323,0,0,393323,10844,7.87,0.92
1014,2026-05-17 05:32:58,8,q57,0,15,268,1559,2336,12813,10747,931,922,0,0,0,950,2319872,0,0,5374089408,14522462,95474827,0,0,1160477,378,378,0,45127049,45127049,0,0,33392647,851478,8.22,1.56
1015,2026-05-17 05:33:00,8,q58,0,17,416,1259,2028,9827,8545,1432,1434,0,192,0,442,788267,0,0,2073645616,50669140,426579251,0,0,247040,25,25,0,3683252,3683252,0,0,3683252,247040,7.81,1.26
1016,2026-05-17 05:33:03,8,q59,0,16,339,1151,1940,7615,7035,1206,1238,0,0,0,346,755509,0,0,1673170840,28913769,77329341,0,0,304460,132,132,0,12848227,12848227,0,0,6671251,170845,6.62,1.15
1017,2026-05-17 05:33:05,8,q60,0,16,419,1128,1854,9369,7830,1550,1417,0,96,0,440,466522,0,0,1728975080,50875042,468540163,0,0,78428,19,19,0,1556606,1556606,0,0,1556606,78428,8.31,1.13
1018,2026-05-17 05:33:07,8,q61,0,18,457,1138,2354,10442,8305,1540,1590,0,240,0,14,5046346,0,0,1246748000,58473630,585660976,0,0,40,40,40,0,2319,2319,0,0,2319,40,9.18,1.14
1019,2026-05-17 05:33:09,8,q62,0,11,271,636,891,2812,2313,954,980,0,0,0,37,232049,0,0,138730216,7220168,27946993,0,0,1680,4,4,0,144678,144678,0,0,144678,1680,4.42,0.64
1020,2026-05-17 05:33:11,8,q63,0,10,227,622,725,4345,3727,822,828,0,0,0,126,233503,0,0,208020560,28922616,194814658,0,0,12917,11,11,0,338314,338314,0,0,338314,12917,6.99,0.62
1021,2026-05-17 05:33:13,8,q64,0,38,929,7122,17247,96711,87574,3415,3204,16,2124,0,5529,13606736,0,0,35890420816,50412171,684921572,0,0,52026303,2318,2318,0,1952932789,1952932789,0,0,1806179638,48487731,13.58,7.12
1022,2026-05-17 05:33:21,8,q65,0,15,348,1705,3093,22640,20017,1076,1075,1,192,0,1729,9209889,0,0,6116202576,57723127,391782077,0,0,11880061,391,391,0,391210240,391210240,0,0,391210240,11880061,13.28,1.7
1023,2026-05-17 05:33:24,8,q66,0,14,343,1280,2047,9274,7580,1215,1254,0,154,0,22,232092,0,0,975454208,21660561,213478674,0,0,90,9,9,0,47940,47940,0,0,47940,90,7.25,1.28
1024,2026-05-17 05:33:26,8,q67,0,10,243,7058,7153,74963,72911,833,851,0,1022,0,1384,4653671,0,0,7594451448,28922616,221651828,0,0,11548825,187,187,0,866159379,866159379,0,0,866159379,11548825,10.62,7.06
1025,2026-05-17 05:33:35,8,q67a,0,18,384,10484,36057,138776,129867,1086,1134,0,938,0,5411,4653585,0,0,26569738752,28922616,221651828,0,0,55551436,1700,1700,0,4120616445,4120616445,0,0,900587757,13218740,13.24,10.48
1026,2026-05-17 05:33:46,8,q68,0,13,333,1015,1678,7745,6431,1130,1199,1,168,0,109,15378570,0,0,568481352,29577818,391461670,0,0,6174,10,10,0,436284,436284,0,0,436284,6174,7.63,1.01
1027,2026-05-17 05:33:48,8,q69,0,18,437,1070,2044,8278,7083,1407,1403,0,0,0,468,28817400,0,0,3806916136,53091851,79177207,0,0,1902033,101,101,0,9547581,9547581,0,0,9547581,1902033,7.74,1.07
1028,2026-05-17 05:33:50,8,q70,0,14,297,1020,1142,7229,6595,1099,1057,0,169,0,42,233503,0,0,1101810584,57621229,269678769,0,0,209,22,22,0,10316,10316,0,0,10316,209,7.09,1.02
1029,2026-05-17 05:33:53,8,q70a,0,17,302,932,995,5726,5517,1059,1068,0,0,0,49,233159,0,0,902580896,57621229,269678769,0,0,240,47,47,0,14125,14125,0,0,8085,180,6.14,0.93
1030,2026-05-17 05:33:55,8,q71,0,13,364,1020,1093,9620,8171,1241,1286,1,112,0,202,421741,0,0,956611448,50563041,453758100,0,0,32249,31,31,0,1648392,1648392,0,0,995252,21130,9.43,1.02
1031,2026-05-17 05:33:57,8,q72,0,26,680,17473,22596,220717,214974,2265,2299,4,807,0,5197,6609844,0,0,19933730552,151146962,901568011,0,0,142246513,1469,1469,0,2047663537,2047663537,0,0,2047663537,142246513,12.63,17.47
1032,2026-05-17 05:34:15,8,q73,0,14,310,700,1324,4897,4225,995,1033,0,0,0,137,233503,0,0,299939544,29327817,78924269,0,0,1002732,16,16,0,33968188,33968188,0,0,17050423,502732,7.0,0.7
1033,2026-05-17 05:34:17,8,q74,0,20,486,2080,4640,22577,18520,1795,1547,1,216,0,2222,15569619,0,0,13923889496,72541209,376809372,0,0,1763111,822,822,0,58842722,58842722,0,0,58842722,1763111,10.85,2.08
1034,2026-05-17 05:34:20,8,q75,0,31,829,3035,6903,41503,34552,2580,2486,0,528,0,4911,317616,0,0,11831406064,105981888,1099568270,0,0,14156499,1088,1088,0,314442100,314442100,0,0,214470943,9118711,13.67,3.04
1035,2026-05-17 05:34:24,8,q76,0,9,311,893,842,8814,7743,1048,1098,0,0,0,274,923844,0,0,2240847208,50576089,457506860,0,0,3127,24,24,0,261039,261039,0,0,261039,3127,9.87,0.89
1036,2026-05-17 05:34:26,8,q77,0,23,559,1243,2354,11221,9747,1940,1791,0,84,0,154,233503,0,0,868584744,55459152,493899545,0,0,1757,44,44,0,120257,120257,0,0,120257,1757,9.03,1.24
1037,2026-05-17 05:34:29,8,q77a,0,26,564,1266,2339,10526,9428,1852,1828,0,7,0,160,233202,0,0,1407552616,55459152,493899545,0,0,2221,55,55,0,176374,176374,0,0,134878,1891,8.31,1.27
1038,2026-05-17 05:34:31,8,q78,0,18,502,5958,12155,85661,77641,1656,1584,0,948,0,5199,6524927,0,0,19534062920,55458848,590454279,0,0,54207575,1326,1326,0,1579290498,1579290498,0,0,1579290498,54207575,14.38,5.96
1039,2026-05-17 05:34:38,8,q79,0,12,283,847,1327,6562,5696,964,1013,1,140,0,126,12830316,0,0,952877472,29327817,250526296,0,0,80366,22,22,0,2983084,2983084,0,0,2983084,80366,7.75,0.85
1040,2026-05-17 05:34:40,8,q80,0,29,762,6715,18615,99849,93733,2548,2535,3,1162,0,4830,233504,0,0,14185165104,55573497,844329211,0,0,53052375,819,819,0,1571654634,1571654634,0,0,1571654634,53052375,14.87,6.72
1041,2026-05-17 05:34:48,8,q80a,0,32,767,6860,18536,99989,93958,2607,2542,0,675,0,4915,233805,0,0,14657024136,55573497,844329211,0,0,53053332,830,830,0,1571770246,1571770246,0,0,1571667496,53052306,14.58,6.86
1042,2026-05-17 05:34:56,8,q81,0,19,370,1001,2042,7302,6056,1346,1225,0,80,0,236,2002949,0,0,2397107168,3899788,55276621,0,0,1372913,47,47,0,35450711,35450711,0,0,35450711,1372913,7.29,1.0
1043,2026-05-17 05:34:58,8,q82,0,10,262,1345,2005,13370,11732,884,843,0,366,0,714,233512,0,0,1658418336,162032523,837941438,0,0,13778665,194,194,0,137239500,137239500,0,0,137239500,28800829,9.94,1.34
1044,2026-05-17 05:35:00,8,q83,0,17,402,945,1431,7140,5595,1363,1364,0,144,0,331,788267,0,0,1261711248,5358962,38645849,0,0,43961,14,14,0,759663,759663,0,0,759663,43961,7.56,0.94
1045,2026-05-17 05:35:02,8,q84,0,15,352,710,1155,2856,2075,1065,1155,0,0,0,170,9765521,0,0,615806688,5555676,31377638,0,0,2778710,20,20,0,14454870,14454870,0,0,14454870,2778710,4.02,0.71
1046,2026-05-17 05:35:04,8,q85,0,18,472,1176,3179,7034,5305,1539,1600,0,60,0,131,17038024,0,0,8635287000,12032236,132128224,0,0,915638,92,92,0,33254834,33254834,0,0,33254834,915638,5.98,1.18
1047,2026-05-17 05:35:06,8,q86,0,8,172,558,538,2243,1806,662,619,0,0,0,29,1868212,0,0,571272816,7322094,62330579,0,0,816,5,5,0,54749,54749,0,0,54749,816,4.02,0.56
1048,2026-05-17 05:35:08,8,q86a,0,11,177,492,465,1691,1520,622,627,2,0,0,42,1868212,0,0,1110240560,7322094,62330579,0,0,2119,18,18,0,157721,157721,0,0,66577,929,3.44,0.49
1049,2026-05-17 05:35:10,8,q87,0,15,353,1631,3170,17634,14297,1099,1090,0,144,0,1435,12830144,0,0,8122560600,50921040,67372914,0,0,1694835,473,473,0,44526210,44526210,0,0,44526210,1694835,10.81,1.63
1050,2026-05-17 05:35:12,8,q88,0,44,1078,1750,6318,19363,16628,3416,3419,0,112,0,41,233503,0,0,514952960,230611400,283677260,0,0,160,160,160,0,9200,9200,0,0,9200,160,11.06,1.75
1051,2026-05-17 05:35:15,8,q89,0,10,228,707,843,4918,3865,908,814,0,233,0,151,233503,0,0,946676392,28922616,194535396,0,0,49975,22,22,0,2298553,2298553,0,0,2298553,49975,6.96,0.71
1052,2026-05-17 05:35:17,8,q90,0,14,338,411,787,2395,1713,1120,1169,0,0,0,4,232049,0,0,103596544,14447588,27906340,0,0,32,32,32,0,1816,1816,0,0,1816,32,5.83,0.41
1053,2026-05-17 05:35:18,8,q91,0,17,390,779,1661,4937,4017,1338,1388,0,0,0,4,9580995,0,0,1037410344,4137931,32811212,0,0,53,5,5,0,7711,7711,0,0,4761,34,6.34,0.78
1054,2026-05-17 05:35:20,8,q92,0,11,239,445,682,2912,2493,813,814,0,0,0,71,707825,0,0,110994360,14522186,123949851,0,0,135661,9,9,0,1837430,1837430,0,0,1837430,135661,6.54,0.44
1055,2026-05-17 05:35:22,8,q93,0,8,204,3760,4204,44274,42566,748,615,0,422,0,1749,233288,0,0,5766380072,31678201,270345845,0,0,31635854,357,357,0,754631060,754631060,0,0,754631060,31635854,11.78,3.76
1056,2026-05-17 05:35:27,8,q94,0,14,367,1654,2725,16674,15308,1140,1200,0,112,0,382,2580024,0,0,3571011840,15390508,100981412,0,0,14397040,153,153,0,217756751,217756751,0,0,217756751,14397040,10.08,1.65
1057,2026-05-17 05:35:29,8,q95,0,14,367,3789,5450,45875,40892,1742,1291,0,830,0,363,2580666,0,0,14560086280,15390504,97870635,0,0,35990240,357,357,0,319472623,319472623,0,0,196649755,14395274,12.11,3.79
1058,2026-05-17 05:35:34,8,q96,0,9,224,482,628,3407,2455,915,792,0,0,0,18,233503,0,0,63872480,28827816,35519563,0,0,20,20,20,0,1150,1150,0,0,1150,20,7.07,0.48
1059,2026-05-17 05:35:36,8,q97,0,8,209,1892,2290,19843,18133,763,714,0,112,0,324,233632,0,0,6212927976,43220947,230731493,0,0,8377699,238,238,0,96908300,96908300,0,0,96908300,8377699,10.49,1.89
1060,2026-05-17 05:35:39,8,q98,0,10,186,777,712,4370,3552,693,649,3,144,0,213,3361780,0,0,1690376016,28922513,250409339,0,0,106186,98,98,0,14472219,14472219,0,0,12501597,91022,5.62,0.78
1061,2026-05-17 05:35:41,8,q99,0,11,275,802,1140,5067,4552,983,1013,0,60,0,31,232089,0,0,156567144,14420493,41457907,0,0,2160,3,3,0,173855,173855,0,0,173855,2160,6.32,0.8
1062,2026-05-17 05:35:42,9,q1,0,15,313,805,1320,7349,6065,1029,1022,0,80,0,850,5100797,0,0,3337334424,6275389,66981055,0,0,1611249,182,182,0,25348430,25348430,0,0,25348430,1611249,9.13,0.8
1063,2026-05-17 05:35:44,9,q2,0,14,294,884,1025,6939,5660,1090,1055,0,164,0,77,755509,0,0,456068104,21713579,93455618,0,0,6838,44,44,0,352525,352525,0,0,127373,4198,7.85,0.88
1064,2026-05-17 05:35:46,9,q3,0,7,175,469,467,3438,2795,634,609,0,128,0,120,233976,0,0,119963624,28975562,244265651,0,0,2998,10,10,0,206438,206438,0,0,206438,2998,7.33,0.47
1065,2026-05-17 05:35:48,9,q4,0,28,573,7588,36414,115020,97359,1577,1628,1,2448,0,10348,1691203,0,0,39674206800,50941041,812341524,0,0,102286012,3503,3503,0,2536512620,2536512620,0,0,1273495988,51438627,15.16,7.59
1066,2026-05-17 05:35:57,9,q5,0,22,690,2189,4137,25084,21844,2258,2349,0,160,0,551,317451,0,0,3294366800,62671087,552805852,0,0,7890286,132,132,0,109305912,109305912,0,0,109305912,7890286,11.46,2.19
1067,2026-05-17 05:36:00,9,q5a,0,25,695,2179,4241,24091,22045,2490,2378,0,286,0,535,318010,0,0,3833334672,62671087,552805852,0,0,7892232,142,142,0,109464345,109464345,0,0,109331115,7890408,11.06,2.18
1068,2026-05-17 05:36:03,9,q6,0,18,407,1736,3124,21572,19233,1709,1445,19,320,0,705,2121631,0,0,5099075256,29847566,158211197,0,0,27358702,206,206,0,240333811,240333811,0,0,240333811,27358702,12.43,1.74
1069,2026-05-17 05:36:06,9,q7,0,12,288,1167,1454,9387,8319,994,1022,0,154,0,122,788267,0,0,1080238624,30843824,430732655,0,0,71861,22,22,0,2549492,2549492,0,0,2549492,71861,8.04,1.17
1070,2026-05-17 05:36:08,9,q8,0,16,337,829,1101,4566,3913,1199,1228,0,0,0,38,2373025,0,0,1792304608,29820618,139184944,0,0,6731,13,13,0,84406,84406,0,0,84406,6731,5.51,0.83
1071,2026-05-17 05:36:10,9,q9,0,17,406,946,3606,10942,8750,1127,1215,0,390,0,16,233503,0,0,0,144002601,909539780,0,0,100,100,100,0,6957,6957,0,0,6957,100,11.57,0.95
1072,2026-05-17 05:36:12,9,q10,0,18,437,1125,2200,8900,7872,1387,1381,4,0,0,315,29252468,0,0,3807972072,53091851,79308795,0,0,2400953,102,102,0,9684105,9684105,0,0,9684105,2400953,7.91,1.12
1073,2026-05-17 05:36:14,9,q10a,0,15,436,928,1363,5179,4717,1586,1426,11,280,0,516,29252812,0,0,4607448032,53091851,79308795,0,0,2368363,153,153,0,9644680,9644680,0,0,9644680,2368363,5.58,0.93
1074,2026-05-17 05:36:16,9,q11,0,22,434,4143,13654,60459,54280,1226,1248,0,427,0,5645,1380159,0,0,26856842912,36540606,272799659,0,0,71770406,2006,2006,0,1051794768,1051794768,0,0,537186984,36215116,14.59,4.14
1075,2026-05-17 05:36:22,9,q12,0,8,173,542,526,2044,1703,617,619,0,0,0,55,3286039,0,0,639059672,7322094,68674478,0,0,29116,10,10,0,3907960,3907960,0,0,3907960,29116,3.77,0.54
1076,2026-05-17 05:36:23,9,q13,0,13,336,1326,2118,10347,8854,1605,1260,0,0,0,3,1311415,0,0,691209280,30998627,510444599,0,0,20,20,20,0,1371,1371,0,0,1371,20,7.8,1.33
1077,2026-05-17 05:36:26,9,q14a,0,46,1080,6583,10334,60343,53926,3777,3556,11,1364,0,3248,1195253,0,0,9913299312,151671121,963980432,0,0,62586127,341,341,0,877745518,877745518,0,0,874734926,62499603,9.17,6.58
1078,2026-05-17 05:36:34,9,q14b,0,40,1019,4834,9302,52128,48685,3614,3494,0,467,0,2134,1195253,0,0,8446696624,130216694,764383429,0,0,68363041,315,315,0,1013219661,1013219661,0,0,529302539,40855834,10.78,4.83
1079,2026-05-17 05:36:40,9,q14,0,40,1016,4600,8638,49249,45846,3367,3468,0,490,0,2143,1169959,0,0,7563238792,130216694,764383429,0,0,68273664,280,280,0,1004568965,1004568965,0,0,520651843,40766457,10.71,4.6
1080,2026-05-17 05:36:46,9,q15,0,9,231,938,1060,6534,6126,790,819,0,24,0,10,5046346,0,0,951797424,15170438,57613648,0,0,502,1,1,0,18324,18324,0,0,18324,502,6.97,0.94
1081,2026-05-17 05:36:48,9,q16,0,14,377,2086,3810,28386,24579,1226,1211,0,128,0,1792,232089,0,0,4703921456,30510793,220163215,0,0,30114572,527,527,0,422214469,422214469,0,0,422214469,30114572,13.61,2.09
1082,2026-05-17 05:36:51,9,q17,0,17,446,4662,7166,59869,56804,1467,1481,1,656,0,3280,6980564,0,0,7880912176,46220694,350661785,0,0,45538041,803,803,0,1089146303,1089146303,0,0,1089146303,45538041,12.84,4.66
1083,2026-05-17 05:36:57,9,q18,0,16,407,1429,2186,8987,8138,1385,1421,0,5,0,26,9765736,0,0,3074056776,19114059,307641457,0,0,55958,9,9,0,3984849,3984849,0,0,3984849,55958,6.29,1.43
1084,2026-05-17 05:36:59,9,q18a,0,32,898,3029,7529,31163,28816,3148,3050,0,28,0,160,9765521,0,0,14494187648,77567803,1437120011,0,0,63894,37,37,0,4339335,4339335,0,0,4339335,63894,10.29,3.03
1085,2026-05-17 05:37:04,9,q19,0,13,335,1021,1636,7626,6543,1197,1213,0,98,0,174,5046346,0,0,1599037304,29672618,279328241,0,0,7397,10,10,0,541770,541770,0,0,541770,7397,7.47,1.02
1086,2026-05-17 05:37:06,9,q20,0,8,176,515,500,2469,2149,629,631,0,0,0,17,3286039,0,0,412686616,14522437,126467645,0,0,28486,2,2,0,3491832,3491832,0,0,3491832,28486,4.79,0.52
1087,2026-05-17 05:37:07,9,q21,0,9,226,947,1053,6624,6056,807,820,0,40,0,10,233770,0,0,208677936,133232023,713967467,0,0,31850,1,1,0,679321,679321,0,0,679321,31850,6.99,0.95
1088,2026-05-17 05:37:09,9,q22,0,10,243,59368,59434,125175,123889,828,818,0,150,0,69,4653671,0,0,1753344224,133232025,713251757,0,0,612866,68,68,0,25729614,25729614,0,0,25729614,612866,2.11,59.37
1089,2026-05-17 05:38:10,9,q22a,0,14,267,5855,6350,17464,15831,882,888,0,117,0,1173,4653585,0,0,5660862736,133232023,713263261,0,0,918610,160,160,0,45113549,45113549,0,0,14511781,306922,2.98,5.86
1090,2026-05-17 05:38:17,9,q23a,0,28,694,6084,11179,73922,70485,2208,2158,7,561,0,3402,6609758,0,0,12649074936,108664065,584237511,0,0,43897022,644,644,0,1114821051,1114821051,0,0,1084930284,41990015,12.15,6.08
1091,2026-05-17 05:38:24,9,q23b,0,32,771,6311,12280,77991,73558,2690,2453,0,752,0,3855,6609758,0,0,25624416072,109164066,589048076,0,0,48673518,1314,1314,0,1200060529,1200060529,0,0,1097300784,42452497,12.36,6.31
1092,2026-05-17 05:38:31,9,q24,0,14,366,2386,3780,28458,26281,1319,1199,3,112,0,1427,20739740,0,0,7068696000,32530259,315395941,0,0,29735885,340,340,0,678254112,678254112,0,0,678254112,29735885,11.93,2.39
1093,2026-05-17 05:38:35,9,q24a,0,20,439,3821,5507,45010,41655,1490,1451,21,126,0,1894,18177789,0,0,16497845272,32632260,313347934,0,0,59478907,712,712,0,1357451922,1357451922,0,0,679197810,29743022,11.78,3.82
1094,2026-05-17 05:38:40,9,q24b,0,20,439,2966,4095,31493,30688,1622,1472,2,366,0,1824,18177875,0,0,15891776752,32632260,313347934,0,0,59478765,700,700,0,1357428154,1357428154,0,0,679174042,29742880,10.62,2.97
1095,2026-05-17 05:38:44,9,q25,0,17,446,4619,7202,59401,56855,1475,1491,0,165,0,3141,6980564,0,0,7880887560,46220694,491370545,0,0,45538038,800,800,0,1108759789,1108759789,0,0,1108759789,45538038,12.86,4.62
1096,2026-05-17 05:38:49,9,q26,0,11,286,901,1200,5610,4971,1173,1025,0,112,0,32,788267,0,0,475734776,16443748,228736629,0,0,33482,3,3,0,1124909,1124909,0,0,1124909,33482,6.23,0.9
1097,2026-05-17 05:38:51,9,q27,0,12,288,834,1126,6005,5691,1046,1047,0,0,0,124,788267,0,0,1080698912,30843426,404290208,0,0,58884,22,22,0,2218125,2218125,0,0,2218125,58884,7.2,0.83
1098,2026-05-17 05:38:53,9,q27a,0,20,533,1660,3537,17196,15494,1843,1834,3,432,0,682,788224,0,0,1806596672,88546552,1194500421,0,0,60793,43,43,0,2451360,2451360,0,0,2451360,60793,10.36,1.66
1099,2026-05-17 05:38:56,9,q28,0,24,432,1572,3574,19804,15626,1513,1358,0,335,0,2704,233503,0,0,4462213584,172803066,1399179690,0,0,470650,66,66,0,7692048,7692048,0,0,7692048,470650,12.6,1.57
1100,2026-05-17 05:38:59,9,q29,0,19,497,4592,7539,58964,55844,1724,1716,0,272,0,3642,6980521,0,0,7880995000,46240695,351135960,0,0,45538045,805,805,0,1089147078,1089147078,0,0,1089147078,45538045,12.84,4.59
1101,2026-05-17 05:39:04,9,q30,0,17,356,804,1755,2744,1857,1157,1232,0,0,0,132,2002949,0,0,1060281576,2460554,45638775,0,0,755089,7,7,0,59269674,59269674,0,0,59269674,755089,3.41,0.8
1102,2026-05-17 05:39:06,9,q31,0,30,623,1741,4063,17537,15114,2303,2068,2,112,0,1460,3851861,0,0,3849525224,108311813,549469227,0,0,79892,49,49,0,2737920,2737920,0,0,2515713,73108,10.07,1.74
1103,2026-05-17 05:39:09,9,q32,0,11,247,493,737,4346,3759,827,816,0,112,0,44,707099,0,0,120389400,28922872,239176030,0,0,55420,12,12,0,760429,760429,0,0,760429,55420,8.82,0.49
1104,2026-05-17 05:39:11,9,q33,0,16,419,930,1474,6830,5783,1412,1439,0,0,0,328,895616,0,0,1175635736,50875042,468010747,0,0,17063,18,18,0,450450,450450,0,0,450450,17063,7.34,0.93
1105,2026-05-17 05:39:13,9,q34,0,14,310,715,1341,4885,4166,1031,1048,0,0,0,188,233460,0,0,301186776,29327817,78924269,0,0,1010675,16,16,0,34202764,34202764,0,0,17284999,510675,6.83,0.72
1106,2026-05-17 05:39:14,9,q35,0,17,442,1275,2294,11211,9608,1389,1397,2,144,0,875,24091884,0,0,8158821272,53091851,79100913,0,0,6056644,255,255,0,16002181,16002181,0,0,16002181,6056644,8.79,1.27
1107,2026-05-17 05:39:17,9,q35a,0,16,442,1180,1825,8681,7520,1610,1470,0,253,0,655,24091841,0,0,7370292408,53091851,79100913,0,0,6053558,255,255,0,16010477,16010477,0,0,16010477,6053558,7.36,1.18
1108,2026-05-17 05:39:19,9,q36,0,10,227,771,903,5470,4954,812,825,0,0,0,81,1868212,0,0,1036986400,28922616,365253403,0,0,1769,11,11,0,138561,138561,0,0,138561,1769,7.09,0.77
1109,2026-05-17 05:39:21,9,q36a,0,13,232,737,830,4562,4319,819,847,0,140,0,96,1868126,0,0,1575954272,28922616,365253403,0,0,4798,36,36,0,397299,397299,0,0,147261,1822,6.19,0.74
1110,2026-05-17 05:39:23,9,q37,0,10,262,996,1421,8668,7987,953,855,0,120,0,310,233340,0,0,886656304,147632447,779814592,0,0,4316414,180,180,0,64485606,64485606,0,0,64485606,14400617,8.7,1.0
1111,2026-05-17 05:39:25,9,q38,0,15,353,1998,4033,22245,18817,1059,1060,0,117,0,1373,12830144,0,0,8122560600,50921040,67372914,0,0,1694835,473,473,0,44526210,44526210,0,0,44526210,1694835,11.13,2.0
1112,2026-05-17 05:39:28,9,q39a,0,18,372,1978,3841,19800,16754,1320,1262,0,140,0,741,805959,0,0,2062236424,266362034,1424950743,0,0,1129925,56,56,0,27117544,27117544,0,0,26113005,1093917,10.01,1.98
1113,2026-05-17 05:39:31,9,q39b,0,18,372,1628,3177,15405,14799,1294,1259,0,204,0,443,524882,0,0,2056076040,266362034,1424950743,0,0,1093504,56,56,0,26086066,26086066,0,0,25081527,1057496,9.46,1.63
1114,2026-05-17 05:39:33,9,q40,0,12,308,1850,2748,22376,20781,995,1017,0,128,0,1071,233461,0,0,4141621464,15962340,138031677,0,0,15748014,357,357,0,309656666,309656666,0,0,309656666,15748014,12.1,1.85
1115,2026-05-17 05:39:36,9,q41,0,6,108,349,285,1943,279,424,441,0,0,0,7,232007,0,0,270538656,204002,2005296,0,0,140,2,2,0,9680,9680,0,0,9680,140,5.57,0.35
1116,2026-05-17 05:39:38,9,q42,0,7,175,425,431,3097,2615,591,617,0,0,0,23,233503,0,0,786960824,28922513,243884324,0,0,110,10,10,0,9116,9116,0,0,9116,110,7.29,0.42
1117,2026-05-17 05:39:39,9,q43,0,7,173,661,689,5355,4955,634,639,0,0,0,28,233503,0,0,114629704,28820615,76618274,0,0,210,10,10,0,27084,27084,0,0,27084,210,8.1,0.66
1118,2026-05-17 05:39:41,9,q44,0,11,206,650,714,4565,3535,661,650,0,0,0,166,1673996,0,0,1589568808,57703023,385315749,0,0,795972,120,120,0,10069011,10069011,0,0,5035816,398046,7.02,0.65
1119,2026-05-17 05:39:43,9,q45,0,13,333,722,1269,3065,2437,1146,1190,0,0,0,8,5046346,0,0,2009365456,8092097,58673559,0,0,29,4,4,0,2649,2649,0,0,2649,29,4.25,0.72
1120,2026-05-17 05:39:45,9,q46,0,13,333,950,1581,6756,6138,1151,1205,1,0,0,114,15378570,0,0,1039122784,29577818,254059409,0,0,27956,10,10,0,1371108,1371108,0,0,1371108,27956,7.11,0.95
1121,2026-05-17 05:39:47,9,q47,0,15,287,1773,2670,18501,15232,920,924,0,220,0,2153,2319872,0,0,6656509880,28922616,194256650,0,0,2665245,787,787,0,105358315,105358315,0,0,61754570,1560722,10.43,1.77
1122,2026-05-17 05:39:49,9,q48,0,11,285,1234,1544,10328,9403,1013,1021,0,120,0,4,1331982,0,0,669220160,30991426,272019757,0,0,20,20,20,0,1160,1160,0,0,1160,20,8.37,1.23
1123,2026-05-17 05:39:52,9,q49,0,25,510,1679,4055,19240,16980,1523,1557,0,288,0,2242,233288,0,0,4850067912,55458848,791936529,0,0,15195840,63,63,0,338276366,338276366,0,0,338276366,15195840,11.46,1.68
1124,2026-05-17 05:39:55,9,q50,0,12,306,2280,3097,27167,25430,1037,1046,0,88,0,1519,372338,0,0,4687124776,31771307,220541476,0,0,29262054,357,357,0,629536939,629536939,0,0,629536939,29262054,11.92,2.28
1125,2026-05-17 05:39:58,9,q51,0,13,289,2988,4245,39303,35093,764,793,0,120,0,3488,300713,0,0,9975730016,36020604,232094710,0,0,24415841,1679,1679,0,420203029,420203029,0,0,420203029,24415841,13.15,2.99
1126,2026-05-17 05:40:02,9,q51a,0,17,355,20387,24190,266061,256850,928,948,9,2318,0,4129,460428,0,0,26931198392,36020604,232094710,0,0,47531016,2587,2587,0,789082750,789082750,0,0,575699123,36069050,13.05,20.39
1127,2026-05-17 05:40:23,9,q52,0,7,175,521,533,4088,3557,603,619,0,0,0,130,233503,0,0,786960824,28922513,244080932,0,0,4250,10,10,0,266731,266731,0,0,266731,4250,7.85,0.52
1128,2026-05-17 05:40:25,9,q53,0,10,227,612,733,4089,3465,809,825,0,0,0,136,233503,0,0,208086096,28922616,194810562,0,0,31394,11,11,0,661843,661843,0,0,661843,31394,6.68,0.61
1129,2026-05-17 05:40:27,9,q54,0,26,644,1865,5260,21528,19336,2675,2328,0,0,0,948,5046303,0,0,2692837664,51386197,273652342,0,0,26873209,179,179,0,252845431,252845431,0,0,252845431,26873209,11.54,1.86
1130,2026-05-17 05:40:30,9,q55,0,7,175,497,509,3753,3299,619,622,0,15,0,102,233503,0,0,786960824,28922513,244080932,0,0,3448,10,10,0,211879,211879,0,0,211879,3448,7.55,0.5
1131,2026-05-17 05:40:31,9,q56,0,16,419,1084,1948,8522,7355,1403,1439,0,0,0,323,466522,0,0,1234116536,50875042,468605183,0,0,10844,18,18,0,393323,393323,0,0,393323,10844,7.86,1.08
1132,2026-05-17 05:40:33,9,q57,0,15,268,1578,2450,13352,11239,1009,908,0,120,0,888,2319872,0,0,5374089408,14522462,95474827,0,0,1160477,378,378,0,45127049,45127049,0,0,33392647,851478,8.46,1.58
1133,2026-05-17 05:40:36,9,q58,0,17,416,1152,1855,8946,7776,1383,1418,2,0,0,520,788267,0,0,2073645616,50669140,426579251,0,0,247040,25,25,0,3683252,3683252,0,0,3683252,247040,7.77,1.15
1134,2026-05-17 05:40:38,9,q59,0,16,339,1211,2000,8156,7654,1232,1260,0,27,0,319,755509,0,0,1673170840,28913769,77329341,0,0,304460,132,132,0,12848227,12848227,0,0,6671251,170845,6.73,1.21
1135,2026-05-17 05:40:41,9,q60,0,16,419,1084,1746,8902,7658,1390,1408,0,0,0,453,466522,0,0,1728975080,50875042,468540163,0,0,78428,19,19,0,1556606,1556606,0,0,1556606,78428,8.21,1.08
1136,2026-05-17 05:40:43,9,q61,0,18,457,1195,2705,12478,10941,1534,1580,0,224,0,6,5046346,0,0,1246748000,58473630,585660976,0,0,40,40,40,0,2319,2319,0,0,2319,40,10.44,1.2
1137,2026-05-17 05:40:45,9,q62,0,11,271,639,898,2824,2339,943,983,0,0,0,36,232049,0,0,138730216,7220168,27946993,0,0,1680,4,4,0,144678,144678,0,0,144678,1680,4.42,0.64
1138,2026-05-17 05:40:47,9,q63,0,10,227,601,705,4082,3487,821,827,0,0,0,124,233503,0,0,208020560,28922616,194814658,0,0,12917,11,11,0,338314,338314,0,0,338314,12917,6.79,0.6
1139,2026-05-17 05:40:48,9,q64,0,38,929,7022,17204,97083,88934,3252,3137,36,543,0,6157,13606822,0,0,35890420816,50412171,684921572,0,0,52026303,2318,2318,0,1952932789,1952932789,0,0,1806179638,48487731,13.83,7.02
1140,2026-05-17 05:40:57,9,q65,0,15,348,1733,3171,22719,19588,1147,1098,1,512,0,1647,9209889,0,0,6116202576,57723127,391782077,0,0,11880061,391,391,0,391210240,391210240,0,0,391210240,11880061,13.11,1.73
1141,2026-05-17 05:41:00,9,q66,0,14,343,1304,2065,9635,8196,1251,1256,0,35,0,23,232089,0,0,975454208,21660561,213478674,0,0,90,9,9,0,47940,47940,0,0,47940,90,7.39,1.3
1142,2026-05-17 05:41:02,9,q67,0,10,243,7073,7171,75394,73621,829,852,0,548,0,1427,4653671,0,0,7594451448,28922616,221651828,0,0,11548825,187,187,0,866159379,866159379,0,0,866159379,11548825,10.66,7.07
1143,2026-05-17 05:41:10,9,q67a,0,18,384,10686,36082,139394,130836,1086,1148,0,870,0,5124,4653585,0,0,26569738752,28922616,221651828,0,0,55551436,1700,1700,0,4120616445,4120616445,0,0,900587757,13218740,13.04,10.69
1144,2026-05-17 05:41:22,9,q68,0,13,333,943,1603,6975,6160,1142,1189,1,0,0,122,15378570,0,0,568481352,29577818,391461670,0,0,6174,10,10,0,436284,436284,0,0,436284,6174,7.4,0.94
1145,2026-05-17 05:41:24,9,q69,0,18,437,1169,2342,10078,7407,1548,1410,1,176,0,908,28817830,0,0,3806916136,53091851,79177207,0,0,1902033,101,101,0,9547581,9547581,0,0,9547581,1902033,8.62,1.17
1146,2026-05-17 05:41:26,9,q70,0,14,297,960,1056,6708,6157,1045,1064,1,0,0,45,233503,0,0,1101810584,57621229,269678769,0,0,209,22,22,0,10316,10316,0,0,10316,209,6.99,0.96
1147,2026-05-17 05:41:28,9,q70a,0,17,302,924,987,5674,5376,1157,1076,0,188,0,48,233718,0,0,902580896,57621229,269678769,0,0,240,47,47,0,14125,14125,0,0,8085,180,6.14,0.92
1148,2026-05-17 05:41:30,9,q71,0,13,364,1116,1172,11357,9907,1248,1278,2,0,0,225,421741,0,0,956611448,50563041,453758100,0,0,32249,31,31,0,1648392,1648392,0,0,995252,21130,10.18,1.12
1149,2026-05-17 05:41:32,9,q72,0,26,680,17273,22389,221372,214941,2233,2279,4,1248,0,4981,6609758,0,0,19933730552,151146962,901568011,0,0,142246513,1469,1469,0,2047663537,2047663537,0,0,2047663537,142246513,12.82,17.27
1150,2026-05-17 05:41:51,9,q73,0,14,310,712,1294,4971,4303,987,1027,0,0,0,128,233460,0,0,299939544,29327817,78924269,0,0,1002732,16,16,0,33968188,33968188,0,0,17050423,502732,6.98,0.71
1151,2026-05-17 05:41:53,9,q74,0,20,486,1985,4383,21568,17748,1603,1540,6,55,0,2560,15569619,0,0,13923889496,72541209,376809372,0,0,1763111,822,822,0,58842722,58842722,0,0,58842722,1763111,10.87,1.98
1152,2026-05-17 05:41:56,9,q75,0,31,829,2984,6869,40254,32506,2730,2571,0,436,0,4745,317616,0,0,11831406064,105981888,1099568270,0,0,14156499,1088,1088,0,314442100,314442100,0,0,214470943,9118711,13.49,2.98
1153,2026-05-17 05:42:00,9,q76,0,9,311,855,801,8899,7289,1069,1077,0,192,0,254,923844,0,0,2240847208,50576089,457506860,0,0,3127,24,24,0,261039,261039,0,0,261039,3127,10.41,0.86
1154,2026-05-17 05:42:02,9,q77,0,23,559,1259,2524,11498,9946,1843,1810,0,0,0,213,233589,0,0,868584744,55459152,493899545,0,0,1757,44,44,0,120257,120257,0,0,120257,1757,9.13,1.26
1155,2026-05-17 05:42:04,9,q77a,0,26,564,1187,2173,9663,8794,1973,1813,0,128,0,173,233203,0,0,1407552616,55459152,493899545,0,0,2221,55,55,0,176374,176374,0,0,134878,1891,8.14,1.19
1156,2026-05-17 05:42:06,9,q78,0,18,502,5525,11564,78497,70730,1596,1562,0,240,0,5479,6524755,0,0,19534062920,55458848,590454279,0,0,54207575,1326,1326,0,1579290498,1579290498,0,0,1579290498,54207575,14.21,5.52
1157,2026-05-17 05:42:13,9,q79,0,12,283,883,1358,6932,5937,996,1022,1,252,0,127,12830359,0,0,952877472,29327817,250526296,0,0,80366,22,22,0,2983084,2983084,0,0,2983084,80366,7.85,0.88
1158,2026-05-17 05:42:15,9,q80,0,29,762,6550,17943,96719,90917,2422,2504,0,600,0,4590,233546,0,0,14185165104,55573497,844329211,0,0,53052375,819,819,0,1571654634,1571654634,0,0,1571654634,53052375,14.77,6.55
1159,2026-05-17 05:42:23,9,q80a,0,32,767,7150,19240,104285,97953,2489,2553,0,640,0,5344,233503,0,0,14657024136,55573497,844329211,0,0,53053332,830,830,0,1571770246,1571770246,0,0,1571667496,53052306,14.59,7.15
1160,2026-05-17 05:42:31,9,q81,0,17,368,987,1878,6894,5828,1201,1218,0,0,0,202,2002949,0,0,2741754728,3899788,55276621,0,0,1305082,60,60,0,34629392,34629392,0,0,34629392,1305082,6.98,0.99
1161,2026-05-17 05:42:33,9,q82,0,10,262,1249,1841,12400,11354,814,831,0,120,0,521,233503,0,0,1658418336,162032523,837941438,0,0,13778665,194,194,0,137239500,137239500,0,0,137239500,28800829,9.93,1.25
1162,2026-05-17 05:42:35,9,q83,0,17,402,883,1276,6289,4964,1337,1349,0,0,0,342,788267,0,0,1261711248,5358962,38645849,0,0,43961,14,14,0,759663,759663,0,0,759663,43961,7.12,0.88
1163,2026-05-17 05:42:37,9,q84,0,15,352,710,1172,2980,2156,1048,1156,0,0,0,185,9765521,0,0,615806688,5555676,31377638,0,0,2778710,20,20,0,14454870,14454870,0,0,14454870,2778710,4.2,0.71
1164,2026-05-17 05:42:39,9,q85,0,18,472,1365,3927,9542,7665,1747,1633,0,165,0,116,17038024,0,0,8635287000,12032236,132128224,0,0,915638,92,92,0,33254834,33254834,0,0,33254834,915638,6.99,1.36
1165,2026-05-17 05:42:42,9,q86,0,8,172,500,493,2054,1731,620,619,0,0,0,30,1868212,0,0,571272816,7322094,62330579,0,0,816,5,5,0,54749,54749,0,0,54749,816,4.11,0.5
1166,2026-05-17 05:42:43,9,q86a,0,11,177,506,465,1629,1521,626,626,0,0,0,42,1868169,0,0,1110240560,7322094,62330579,0,0,2119,18,18,0,157721,157721,0,0,66577,929,3.22,0.51
1167,2026-05-17 05:42:45,9,q87,0,15,353,1734,3239,18001,15057,1126,1075,0,0,0,1372,12830101,0,0,8122560600,50921040,67372914,0,0,1694835,473,473,0,44526210,44526210,0,0,44526210,1694835,10.38,1.73
1168,2026-05-17 05:42:48,9,q88,0,44,1078,1764,6233,19619,16894,3381,3402,13,195,0,17,233503,0,0,514952960,230611400,283677260,0,0,160,160,160,0,9200,9200,0,0,9200,160,11.12,1.76
1169,2026-05-17 05:42:50,9,q89,0,10,228,968,1100,7649,6765,768,805,0,0,0,154,233503,0,0,946676392,28922616,194535396,0,0,49975,22,22,0,2298553,2298553,0,0,2298553,49975,7.9,0.97
1170,2026-05-17 05:42:52,9,q90,0,14,338,435,807,2469,1722,1246,1172,0,192,0,4,232049,0,0,103596544,14447588,27906340,0,0,32,32,32,0,1816,1816,0,0,1816,32,5.68,0.44
1171,2026-05-17 05:42:54,9,q91,0,17,390,715,1613,4181,3240,1311,1370,1,0,0,4,9581038,0,0,1037410344,4137931,32811212,0,0,53,5,5,0,7711,7711,0,0,4761,34,5.85,0.72
1172,2026-05-17 05:42:56,9,q92,0,11,239,490,716,3544,2401,828,829,0,0,0,77,707825,0,0,110994360,14522186,123949851,0,0,135661,9,9,0,1837430,1837430,0,0,1837430,135661,7.23,0.49
1173,2026-05-17 05:42:57,9,q93,0,8,204,3769,4176,44497,42657,584,610,0,210,0,1930,233374,0,0,5766380072,31678201,270345845,0,0,31635854,357,357,0,754631060,754631060,0,0,754631060,31635854,11.81,3.77
1174,2026-05-17 05:43:02,9,q94,0,14,367,1712,2842,17800,16435,1188,1205,0,0,0,373,2580110,0,0,3571011840,15390508,100981412,0,0,14397040,153,153,0,217756751,217756751,0,0,217756751,14397040,10.4,1.71
1175,2026-05-17 05:43:05,9,q95,0,14,367,3934,5309,49348,43363,1343,1234,10,1225,0,363,2580924,0,0,14560086280,15390504,97870635,0,0,35990240,357,357,0,319472623,319472623,0,0,196649755,14395274,12.54,3.93
1176,2026-05-17 05:43:10,9,q96,0,9,224,500,661,3468,2403,893,787,0,0,0,2,233503,0,0,63872480,28827816,35519563,0,0,20,20,20,0,1150,1150,0,0,1150,20,6.94,0.5
1177,2026-05-17 05:43:11,9,q97,0,8,209,2050,2574,21793,18677,839,660,1,208,0,325,233503,0,0,6212927976,43220947,230731493,0,0,8377699,238,238,0,96908300,96908300,0,0,96908300,8377699,10.63,2.05
1178,2026-05-17 05:43:15,9,q98,0,10,186,785,724,4324,3583,673,625,3,64,0,202,3361780,0,0,1690376016,28922513,250409339,0,0,106186,98,98,0,14472219,14472219,0,0,12501597,91022,5.51,0.78
1179,2026-05-17 05:43:16,9,q99,0,11,275,864,1233,4961,4315,1390,1015,0,152,0,31,232089,0,0,156567144,14420493,41457907,0,0,2160,3,3,0,173855,173855,0,0,173855,2160,5.74,0.86
