ID,timestamp,run_id,query,query_rerun_id,numStages,numTasks,elapsedTime,stageDuration,executorRunTime,executorCpuTime,executorDeserializeTime,executorDeserializeCpuTime,resultSerializationTime,jvmGCTime,shuffleFetchWaitTime,shuffleWriteTime,resultSize,diskBytesSpilled,memoryBytesSpilled,peakExecutionMemory,recordsRead,bytesRead,recordsWritten,bytesWritten,shuffleRecordsRead,shuffleTotalBlocksFetched,shuffleLocalBlocksFetched,shuffleRemoteBlocksFetched,shuffleTotalBytesRead,shuffleLocalBytesRead,shuffleRemoteBytesRead,shuffleRemoteBytesReadToDisk,shuffleBytesWritten,shuffleRecordsWritten,avg_active_tasks,elapsed_time_seconds
0,2026-05-16 04:19:04,0,q1,0,19,103,1642,3072,16806,9699,539,234,0,448,0,3148,305200,0,0,3939722376,6275366,135056392,0,0,7596765,251,251,0,131670413,131670413,0,0,131670413,7596765,10.24,1.64
1,2026-05-16 04:19:07,0,q2,0,11,46,839,673,7156,5363,74,68,0,98,0,428,751663,0,0,456068104,21713562,148645444,0,0,10012,86,86,0,606598,606598,0,0,212064,5256,8.53,0.84
2,2026-05-16 04:19:09,0,q3,0,8,44,691,1008,7769,6220,47,45,0,0,0,1157,140896,0,0,116006888,28975550,218073492,0,0,4431975,38,38,0,58954545,58954545,0,0,58954545,4431975,11.24,0.69
3,2026-05-16 04:19:11,0,q4,0,19,230,5881,26887,80668,60853,632,515,5,2378,12,8849,36928978,0,0,33110414720,101342028,1462566352,0,0,3043920,2203,2203,0,199411825,199411825,0,0,199411825,3043920,13.72,5.88
4,2026-05-16 04:19:18,0,q5,0,17,145,2458,4320,30775,25110,234,208,0,625,0,1056,241224,0,0,3389841616,62671034,669825860,0,0,7984230,217,217,0,110636990,110636990,0,0,110636990,7984230,12.52,2.46
5,2026-05-16 04:19:21,0,q5a,0,13,127,2015,3602,25979,21839,202,194,2,279,0,446,16637536,0,0,2865236856,62671034,669825860,0,0,6937,63,63,0,499511,499511,0,0,366537,5113,12.89,2.02
6,2026-05-16 04:19:25,0,q6,0,12,55,1893,3527,22939,16696,92,73,0,1099,0,1902,5019183,0,0,4937817168,29847550,171773248,0,0,27358702,376,376,0,240529098,240529098,0,0,240529098,27358702,12.12,1.89
7,2026-05-16 04:19:28,0,q7,0,12,58,2294,5863,29677,25575,64,60,0,784,0,3843,782379,0,0,1240561192,30843801,396665976,0,0,26636831,67,67,0,772137821,772137821,0,0,772137821,26636831,12.94,2.29
8,2026-05-16 04:19:31,0,q8,0,10,36,1023,964,10982,10014,63,60,0,96,0,67,2361248,0,0,1773265248,29820603,166544624,0,0,6821,23,23,0,91247,91247,0,0,91247,6821,10.74,1.02
9,2026-05-16 04:19:33,0,q9,0,12,107,1105,4920,15996,13090,38,75,0,272,0,33,42566,0,0,0,144002550,892586500,0,0,100,100,100,0,8203,8203,0,0,8203,100,14.48,1.1
10,2026-05-16 04:19:35,0,q10,0,13,97,944,2188,9539,8215,44,83,0,0,0,1546,591880,0,0,1548608232,53091814,200979160,0,0,4321867,206,206,0,66692796,66692796,0,0,66692796,4321867,10.1,0.94
11,2026-05-16 04:19:37,0,q10a,0,10,96,716,1498,7714,6112,36,83,0,704,0,1425,154690,0,0,2070311648,53091814,200979160,0,0,4289247,299,299,0,66652230,66652230,0,0,66652230,4289247,10.77,0.72
12,2026-05-16 04:19:39,0,q11,0,15,151,2800,7996,33605,26897,222,234,2,496,0,4609,36928978,0,0,21825432864,72541178,558384256,0,0,2000907,1402,1402,0,125072303,125072303,0,0,125072303,2000907,12.0,2.8
13,2026-05-16 04:19:43,0,q12,0,5,22,508,456,2375,2196,31,32,0,0,0,102,3268117,0,0,907495032,7322088,87362388,0,0,30509,18,18,0,4274847,4274847,0,0,4274847,30509,4.68,0.51
14,2026-05-16 04:19:45,0,q13,0,9,38,1334,1431,15859,14831,20,27,0,28,0,15,1303333,0,0,691209280,30998603,484887020,0,0,1460,21,21,0,26414,26414,0,0,26414,1460,11.89,1.33
15,2026-05-16 04:19:47,0,q14a,0,30,279,6693,14887,74254,63133,371,413,0,1868,0,7531,1189316,0,0,11785006800,151671042,1013566564,0,0,62756112,631,631,0,882868642,882868642,0,0,879759850,62669588,11.09,6.69
16,2026-05-16 04:19:56,0,q14b,0,24,217,5165,12312,67987,61640,270,307,0,772,0,4323,1189316,0,0,10586315184,130216627,807813236,0,0,68503878,585,585,0,1017343738,1017343738,0,0,532894681,40996671,13.16,5.16
17,2026-05-16 04:20:02,0,q14,0,24,213,3363,7847,42769,37989,325,340,0,1248,0,4619,1162249,0,0,9644006048,130216627,807813236,0,0,68363395,502,502,0,1007808595,1007808595,0,0,523359538,40856188,12.72,3.36
18,2026-05-16 04:20:07,0,q15,0,5,30,974,946,9815,9421,28,34,0,0,0,9,5019183,0,0,951797424,15170425,111969300,0,0,502,1,1,0,18324,18324,0,0,18324,502,10.08,0.97
19,2026-05-16 04:20:09,0,q16,0,11,80,2232,5909,31137,27854,51,74,0,800,0,2567,5381212,0,0,4960906096,30510756,281193476,0,0,28684716,700,700,0,416684498,416684498,0,0,416684498,28684716,13.95,2.23
20,2026-05-16 04:20:12,0,q17,0,10,95,4650,8020,62470,57260,80,105,0,1120,0,3937,6944789,0,0,7880912176,46220660,373149500,0,0,45538041,1143,1143,0,1089607918,1089607918,0,0,1089607918,45538041,13.43,4.65
21,2026-05-16 04:20:18,0,q18,0,9,55,1626,2326,16115,14554,56,64,0,384,0,49,9716301,0,0,3208798744,19114025,324942364,0,0,56710,15,15,0,4005761,4005761,0,0,4005761,56710,9.91,1.63
22,2026-05-16 04:20:21,0,q18a,0,17,145,3562,11083,45813,41668,183,219,0,384,0,371,9716344,0,0,15030534080,77567725,1360325836,0,0,64904,45,45,0,4691358,4691358,0,0,4691358,64904,12.86,3.56
23,2026-05-16 04:20:25,0,q19,0,7,33,1154,1145,13432,12488,47,41,0,150,0,409,5019183,0,0,2270125704,29672603,259212608,0,0,10279,20,20,0,824093,824093,0,0,824093,10279,11.64,1.15
24,2026-05-16 04:20:27,0,q20,0,5,25,651,606,3972,3748,27,31,0,0,0,17,3268117,0,0,412686616,14522425,133660204,0,0,28486,2,2,0,3491832,3491832,0,0,3491832,28486,6.1,0.65
25,2026-05-16 04:20:29,0,q21,0,8,37,5307,6596,54091,51249,25,33,0,633,0,2318,94080,0,0,12845713576,133232010,404526284,0,0,133141860,220,220,0,1313125100,1313125100,0,0,1313125100,133141860,10.19,5.31
26,2026-05-16 04:20:36,0,q22,0,6,42,33686,33612,124168,121574,105,69,0,360,0,105,4629135,0,0,1903814832,133232010,401657020,0,0,1020310,102,102,0,42923377,42923377,0,0,42923377,1020310,3.69,33.69
27,2026-05-16 04:21:10,0,q22a,0,10,90,2542,3037,21986,18745,175,170,0,183,0,1890,4629135,0,0,8824939688,133232010,401994956,0,0,1428768,391,391,0,71097539,71097539,0,0,20107839,409288,8.65,2.54
28,2026-05-16 04:21:14,0,q23a,0,18,192,6988,12327,92371,84795,244,254,3,1244,0,6171,6575826,0,0,14692224552,108664016,685793516,0,0,44598928,1266,1266,0,1130563014,1130563014,0,0,1097396384,42464388,13.22,6.99
29,2026-05-16 04:21:22,0,q23b,0,21,218,6829,14090,94587,85771,483,304,1,1292,0,6492,6575826,0,0,27667565688,109164016,700757796,0,0,49830490,2576,2576,0,1222357965,1222357965,0,0,1109770631,42926870,13.85,6.83
30,2026-05-16 04:21:30,0,q24,0,8,64,2683,7720,35839,30195,79,64,1,755,0,3673,20636865,0,0,7068696000,32530235,313105664,0,0,29735885,510,510,0,678542980,678542980,0,0,678542980,29735885,13.36,2.68
31,2026-05-16 04:21:34,0,q24a,0,13,86,3411,6714,43525,41032,101,96,1,208,0,2638,18087296,0,0,16497845272,32632235,315722048,0,0,59478907,1052,1052,0,1358029658,1358029658,0,0,679486678,29743022,12.76,3.41
32,2026-05-16 04:21:38,0,q24b,0,13,86,3038,6951,35598,31650,123,103,2,654,0,3453,18087296,0,0,15891776752,32632235,315722048,0,0,59478765,1040,1040,0,1358005890,1358005890,0,0,679462910,29742880,11.72,3.04
33,2026-05-16 04:21:42,0,q25,0,10,95,4759,10673,64515,60227,74,99,1,704,0,4410,6944789,0,0,7880887560,46220660,473534268,0,0,45538038,1140,1140,0,1109139539,1109139539,0,0,1109139539,45538038,13.56,4.76
34,2026-05-16 04:21:48,0,q26,0,6,35,920,935,12069,11327,39,41,0,0,0,66,782379,0,0,609952456,16443725,237656336,0,0,36267,5,5,0,1280199,1280199,0,0,1280199,36267,13.12,0.92
35,2026-05-16 04:21:50,0,q27,0,7,37,1012,1038,11010,9239,44,47,0,192,0,696,782379,0,0,1751787312,30843403,369488532,0,0,59806,42,42,0,2526768,2526768,0,0,2526768,59806,10.88,1.01
36,2026-05-16 04:21:52,0,q27a,0,11,81,1954,4364,26967,23873,89,103,0,240,0,984,782379,0,0,1135508272,88546507,1055705872,0,0,61693,63,63,0,2831800,2831800,0,0,2831800,61693,13.8,1.95
37,2026-05-16 04:21:55,0,q28,0,18,136,2401,12721,35435,28537,144,151,0,352,0,5069,58965,0,0,8489792560,172803006,1378799712,0,0,781558,210,210,0,12581279,12581279,0,0,12581279,781558,14.76,2.4
38,2026-05-16 04:21:59,0,q29,0,11,96,4706,10961,63821,60495,80,101,1,640,0,3961,6944789,0,0,7880995000,46240660,375583872,0,0,45538045,1145,1145,0,1089608693,1089608693,0,0,1089608693,45538045,13.56,4.71
39,2026-05-16 04:22:05,0,q30,0,12,52,715,1437,1839,1652,88,78,0,0,0,120,1992893,0,0,1012759832,2460548,94294236,0,0,787148,8,8,0,59648264,59648264,0,0,59648264,787148,2.57,0.72
40,2026-05-16 04:22:06,0,q31,0,19,122,2261,10784,31498,27354,117,145,0,176,0,2752,3832889,0,0,4117829512,108311767,642802012,0,0,117434,87,87,0,4204909,4204909,0,0,4096180,115594,13.93,2.26
41,2026-05-16 04:22:10,0,q32,0,7,46,606,1092,8281,7205,30,39,0,160,0,106,703508,0,0,120389400,28922850,252287700,0,0,55420,22,22,0,771615,771615,0,0,771615,55420,13.67,0.61
42,2026-05-16 04:22:11,0,q33,0,9,67,1387,3210,17732,16341,72,90,0,0,0,799,889109,0,0,1174579160,50875014,458721340,0,0,27903,32,32,0,740955,740955,0,0,740955,27903,12.78,1.39
43,2026-05-16 04:22:14,0,q34,0,8,32,855,1064,9133,8363,42,41,2,80,0,375,16394969,0,0,480760000,29327803,108792300,0,0,20445,41,41,0,825499,825499,0,0,440524,10675,10.68,0.86
44,2026-05-16 04:22:16,0,q35,0,10,91,1340,2278,12515,10481,44,79,1,10,0,1766,23973725,0,0,8152529816,53091814,200643288,0,0,6056607,435,435,0,16222302,16222302,0,0,16222302,6056607,9.34,1.34
45,2026-05-16 04:22:18,0,q35a,0,9,91,1001,1428,8306,7054,41,84,0,0,0,1556,23973682,0,0,7370292408,53091814,200643288,0,0,6053510,435,435,0,16233362,16233362,0,0,16233362,6053510,8.3,1.0
46,2026-05-16 04:22:20,0,q36,0,6,26,1095,1055,13204,12041,32,35,0,240,0,484,1857112,0,0,1708074800,28922603,313431472,0,0,3328,21,21,0,266774,266774,0,0,266774,3328,12.06,1.1
47,2026-05-16 04:22:22,0,q36a,0,9,31,996,933,10625,10001,37,41,0,0,0,318,1857112,0,0,2247042672,28922603,313431472,0,0,9115,66,66,0,762198,762198,0,0,268898,3261,10.67,1.0
48,2026-05-16 04:22:24,0,q37,0,6,61,1136,1812,13744,12457,47,55,0,105,0,840,157657,0,0,886656304,147632425,483939876,0,0,4316414,350,350,0,66486052,66486052,0,0,66486052,14400617,12.1,1.14
49,2026-05-16 04:22:27,0,q38,0,10,103,2075,4642,26144,22462,118,134,3,0,0,1821,12765592,0,0,9259478720,50921014,172599812,0,0,1696919,655,655,0,45579387,45579387,0,0,45579387,1696919,12.6,2.08
50,2026-05-16 04:22:30,0,q39a,0,11,80,1936,3463,22171,20369,170,158,0,304,0,365,801878,0,0,2907388416,266362010,800363016,0,0,1567909,55,55,0,36859402,36859402,0,0,25188288,1057909,11.45,1.94
51,2026-05-16 04:22:33,0,q39b,0,11,80,1491,2690,17071,15729,144,147,0,240,0,159,520274,0,0,2839624192,266362010,800363016,0,0,1531488,55,55,0,35748102,35748102,0,0,24076988,1021488,11.45,1.49
52,2026-05-16 04:22:35,0,q40,0,7,57,1643,3112,23209,20660,47,57,0,512,0,1786,173485,0,0,4141621464,15962317,191987692,0,0,15748014,527,527,0,309869964,309869964,0,0,309869964,15748014,14.13,1.64
53,2026-05-16 04:22:38,0,q41,0,4,6,165,132,146,128,6,6,0,0,0,7,12426,0,0,202903480,204000,8796288,0,0,140,2,2,0,9680,9680,0,0,9680,140,0.88,0.16
54,2026-05-16 04:22:39,0,q42,0,4,24,472,460,5158,4786,28,31,0,0,0,72,93060,0,0,988287344,28922501,217999764,0,0,213,20,20,0,17628,17628,0,0,17628,213,10.93,0.47
55,2026-05-16 04:22:41,0,q43,0,4,23,570,548,6947,6332,31,32,0,0,0,72,93060,0,0,114629704,28820603,124815064,0,0,420,20,20,0,53679,53679,0,0,53679,420,12.19,0.57
56,2026-05-16 04:22:42,0,q44,0,8,55,711,790,7304,6582,68,60,0,0,0,614,1663841,0,0,1590617384,57703002,366972000,0,0,918228,230,230,0,12036635,12036635,0,0,6019981,459179,10.27,0.71
57,2026-05-16 04:22:44,0,q45,0,7,30,639,704,3611,3471,31,32,0,0,0,15,5019183,0,0,2009365456,8092088,103713212,0,0,29,8,8,0,2649,2649,0,0,2649,29,5.65,0.64
58,2026-05-16 04:22:46,0,q46,0,7,32,1005,1162,10777,9708,154,37,2,128,0,554,15301580,0,0,636469744,29577803,242181596,0,0,27957,20,20,0,1521656,1521656,0,0,1521656,27957,10.72,1.0
59,2026-05-16 04:22:48,0,q47,0,11,86,2075,3093,25510,21170,139,140,0,0,0,2705,2306610,0,0,7322879688,28922603,207733528,0,0,3818373,1127,1127,0,151259210,151259210,0,0,84699632,2137286,12.29,2.08
60,2026-05-16 04:22:51,0,q48,0,6,35,1359,1406,17250,15673,30,26,0,480,0,3,1323804,0,0,669220160,30991403,301313964,0,0,20,20,20,0,1180,1180,0,0,1180,20,12.69,1.36
61,2026-05-16 04:22:53,0,q49,0,16,142,1721,6397,24548,20881,111,142,0,96,0,3186,231070,0,0,5856700512,55458802,804352820,0,0,12389988,93,93,0,274278201,274278201,0,0,274278201,12389988,14.26,1.72
62,2026-05-16 04:22:56,0,q50,0,7,56,2448,5211,32179,29815,52,62,0,480,0,2110,370352,0,0,4687124776,31771284,229668436,0,0,29262054,527,527,0,629906613,629906613,0,0,629906613,29262054,13.15,2.45
63,2026-05-16 04:23:00,0,q51,0,10,139,2960,4184,41815,37086,196,212,0,112,0,3998,299557,0,0,10903457296,36020589,268592932,0,0,24476742,1913,1913,0,422014267,422014267,0,0,422014267,24476742,14.13,2.96
64,2026-05-16 04:23:04,0,q51a,0,14,205,21208,24952,278992,265736,317,349,0,2603,0,4884,459272,0,0,27854731368,36020589,268592932,0,0,47591212,2821,2821,0,791165500,791165500,0,0,577779396,36129246,13.16,21.21
65,2026-05-16 04:23:26,0,q52,0,4,24,512,500,6846,6461,27,28,0,0,0,268,93060,0,0,988287344,28922501,218130836,0,0,6454,20,20,0,437185,437185,0,0,437185,6454,13.37,0.51
66,2026-05-16 04:23:28,0,q53,0,6,26,704,685,7590,6876,39,36,0,0,0,668,109860,0,0,208086096,28922603,208409368,0,0,53600,21,21,0,1161234,1161234,0,0,1161234,53600,10.78,0.7
67,2026-05-16 04:23:29,0,q54,0,15,92,1479,5359,18371,16284,107,118,0,128,0,1345,5019183,0,0,2759946504,51386165,335330100,0,0,26873230,354,354,0,253109945,253109945,0,0,253109945,26873230,12.42,1.48
68,2026-05-16 04:23:32,0,q55,0,4,24,574,559,6962,6434,24,27,0,0,0,361,93017,0,0,1323831544,28922501,218130836,0,0,5425,20,20,0,355036,355036,0,0,355036,5425,12.13,0.57
69,2026-05-16 04:23:34,0,q56,0,9,67,1050,2423,13021,11548,80,91,0,432,0,536,463898,0,0,1166876624,50875014,458983484,0,0,11059,32,32,0,457061,457061,0,0,457061,11059,12.4,1.05
70,2026-05-16 04:23:36,0,q57,0,11,69,1672,2507,16978,14442,121,121,0,0,0,862,2306610,0,0,5711730760,14522449,125179556,0,0,1216027,443,443,0,47668372,47668372,0,0,34698977,879253,10.15,1.67
71,2026-05-16 04:23:39,0,q58,0,10,65,1259,2748,14445,12639,74,83,0,0,0,1124,782379,0,0,2946060536,50669112,424340116,0,0,265395,49,49,0,4277836,4277836,0,0,4277836,265395,11.47,1.26
72,2026-05-16 04:23:41,0,q59,0,10,47,1048,1128,9775,8286,53,61,0,0,0,1253,751663,0,0,2900014248,28913754,129977060,0,0,569924,420,420,0,22306867,22306867,0,0,11427409,303577,9.33,1.05
73,2026-05-16 04:23:43,0,q60,0,9,67,1173,2526,13599,12268,76,86,0,0,0,950,463898,0,0,1527124272,50875014,458917948,0,0,82304,33,33,0,1813814,1813814,0,0,1813814,82304,11.59,1.17
74,2026-05-16 04:23:45,0,q61,0,10,55,1337,2262,17259,16020,16,34,0,176,0,5,5019183,0,0,1246748000,58473604,529345364,0,0,40,40,40,0,2360,2360,0,0,2360,40,12.91,1.34
75,2026-05-16 04:23:48,0,q62,0,8,40,1028,1015,10172,9282,44,45,0,0,0,294,183690,0,0,2879317768,7220160,65081020,0,0,7198144,180,180,0,126101050,126101050,0,0,126101050,7198144,9.89,1.03
76,2026-05-16 04:23:50,0,q63,0,6,26,634,618,6645,6072,34,34,0,0,0,628,109860,0,0,208020560,28922603,208413464,0,0,23455,21,21,0,656976,656976,0,0,656976,23455,10.48,0.63
77,2026-05-16 04:23:51,0,q64,0,28,248,7500,34739,111102,99706,556,448,3,1376,0,7845,13538285,0,0,43247486824,50412111,700711284,0,0,53587821,3947,3947,0,2142075481,2142075481,0,0,1995822885,50049189,14.81,7.5
78,2026-05-16 04:24:00,0,q65,0,10,97,2188,4006,32749,29695,133,139,1,208,0,2337,9163347,0,0,7453136496,57723104,408922920,0,0,12372989,731,731,0,399898797,399898797,0,0,399898797,12372989,14.97,2.19
79,2026-05-16 04:24:04,0,q66,0,12,78,1783,2947,12741,10994,153,153,0,144,0,471,167779,0,0,1303229080,21660543,267079924,0,0,4299794,28,28,0,136852866,136852866,0,0,136852866,4299794,7.15,1.78
80,2026-05-16 04:24:06,0,q67,0,6,44,7497,7442,89330,85827,70,71,0,1580,0,2507,4629135,0,0,9374408584,28922603,234050328,0,0,14431398,399,399,0,1072760536,1072760536,0,0,1072760536,14431398,11.92,7.5
81,2026-05-16 04:24:15,0,q67a,0,14,184,10604,37129,145043,134148,387,382,0,2258,0,5999,4629135,0,0,26626034128,28922603,234050328,0,0,55818862,3158,3158,0,4147042899,4147042899,0,0,903537763,13249350,13.68,10.6
82,2026-05-16 04:24:27,0,q68,0,7,32,1055,1183,11814,11041,32,39,2,0,0,279,15301537,0,0,568481352,29577803,371418588,0,0,6174,20,20,0,505336,505336,0,0,505336,6174,11.2,1.06
83,2026-05-16 04:24:29,0,q69,0,11,86,971,1976,9766,6769,29,62,1,384,0,1542,28676332,0,0,3806916136,53091814,200782552,0,0,1902034,185,185,0,9728784,9728784,0,0,9728784,1902034,10.06,0.97
84,2026-05-16 04:24:31,0,q70,0,9,47,1001,943,10505,9836,62,67,0,0,0,107,211360,0,0,1772898984,57621206,290080876,0,0,309,42,42,0,18928,18928,0,0,18928,309,10.49,1.0
85,2026-05-16 04:24:33,0,q70a,0,12,52,1238,1131,13280,12305,73,76,7,168,0,268,211100,0,0,902580896,57621206,290080876,0,0,360,87,87,0,25464,25464,0,0,13384,240,10.73,1.24
86,2026-05-16 04:24:35,0,q71,0,7,63,952,914,11420,10342,88,101,1,0,0,580,369637,0,0,956611448,50563014,444537276,0,0,32323,59,59,0,1848960,1848960,0,0,1095320,21167,12.0,0.95
87,2026-05-16 04:24:37,0,q72,0,14,113,19341,22830,263104,256295,121,145,1,880,0,5628,13126023,0,0,25673044504,151146915,644064404,0,0,140763211,1535,1535,0,2029304873,2029304873,0,0,2029304873,140763211,13.6,19.34
88,2026-05-16 04:24:58,0,q73,0,8,32,533,758,5883,5112,27,34,2,144,0,268,16394969,0,0,480153792,29327803,108792300,0,0,5455,41,41,0,311887,311887,0,0,156253,2732,11.04,0.53
89,2026-05-16 04:24:59,0,q74,0,13,136,2429,7791,32790,26516,170,192,1,400,0,3691,15491653,0,0,15870045856,72541178,443524224,0,0,1787958,1199,1199,0,62159931,62159931,0,0,62159931,1787958,13.5,2.43
90,2026-05-16 04:25:03,0,q75,0,17,227,3532,9254,53777,44713,254,306,3,944,0,5244,13514406,0,0,16101206384,105981816,1121825600,0,0,12427820,1644,1644,0,280070291,280070291,0,0,194354746,8110306,15.23,3.53
91,2026-05-16 04:25:08,0,q76,0,4,60,1029,995,14478,13215,72,87,1,160,0,673,917299,0,0,3851459368,50556063,446504972,0,0,5659,48,48,0,470467,470467,0,0,470467,5659,14.07,1.03
92,2026-05-16 04:25:10,0,q77,0,15,110,1192,5866,15092,13458,73,103,0,99,0,357,95252,0,0,1371597040,55459104,591453576,0,0,173670,70,70,0,2411645,2411645,0,0,2411645,173670,12.66,1.19
93,2026-05-16 04:25:12,0,q77a,0,17,113,1315,4998,15146,13566,106,128,0,81,0,339,93060,0,0,1472300312,55459104,591453576,0,0,3148,70,70,0,234010,234010,0,0,192514,2818,11.52,1.32
94,2026-05-16 04:25:14,0,q78,0,10,134,5603,12319,78100,72002,194,189,0,916,0,3725,13126023,0,0,20165576648,55458802,725754676,0,0,38475582,1020,1020,0,1136306789,1136306789,0,0,1136306789,38475582,13.94,5.6
95,2026-05-16 04:25:21,0,q79,0,7,33,1090,1250,13690,11993,34,39,1,160,0,805,12765592,0,0,1728629144,29327803,236280364,0,0,80466,63,63,0,3262576,3262576,0,0,3262576,80466,12.56,1.09
96,2026-05-16 04:25:23,0,q80,0,16,143,6583,25105,97614,90808,116,171,2,1808,0,5004,14436329,0,0,12610724304,55573446,842234804,0,0,45134935,1065,1065,0,1332383393,1332383393,0,0,1332383393,45134935,14.83,6.58
97,2026-05-16 04:25:31,0,q80a,0,19,148,6011,15509,88355,80326,142,184,2,2220,0,4615,14436587,0,0,13082583336,55573446,842234804,0,0,45135891,1076,1076,0,1332498886,1332498886,0,0,1332396136,45134865,14.7,6.01
98,2026-05-16 04:25:38,0,q81,0,11,54,665,1302,5635,4881,56,64,2,0,0,148,20721956,0,0,2470448864,3899764,134033468,0,0,805182,43,43,0,12400577,12400577,0,0,12400577,805182,8.47,0.66
99,2026-05-16 04:25:40,0,q82,0,6,61,1319,2202,15536,14561,46,57,0,105,0,885,158044,0,0,1658418336,162032501,523772300,0,0,13778665,364,364,0,137879558,137879558,0,0,137879558,28800829,11.78,1.32
100,2026-05-16 04:25:42,0,q83,0,10,50,612,1198,4922,4431,50,59,0,0,0,190,782379,0,0,1250670456,5358935,133356404,0,0,43961,14,14,0,759663,759663,0,0,759663,43961,8.04,0.61
101,2026-05-16 04:25:44,0,q84,0,7,36,623,437,1546,1310,39,24,0,120,0,0,14824038,0,0,1009709760,5555652,92599736,0,0,100,1,1,0,1865,1865,0,0,1865,100,2.48,0.62
102,2026-05-16 04:25:46,0,q85,0,9,54,1220,1567,5719,5162,41,53,2,84,0,9,24325038,0,0,8643243752,12032207,199886352,0,0,13,5,5,0,1363,1363,0,0,1363,13,4.69,1.22
103,2026-05-16 04:25:48,0,q86,0,5,21,407,367,2370,2216,23,24,0,0,0,58,1857112,0,0,839708176,7322088,83159892,0,0,1435,9,9,0,100665,100665,0,0,100665,1435,5.82,0.41
104,2026-05-16 04:25:49,0,q86a,0,8,26,427,362,2018,1888,29,31,0,0,0,73,1857112,0,0,1378675920,7322088,83159892,0,0,3829,30,30,0,289861,289861,0,0,110613,1499,4.73,0.43
105,2026-05-16 04:25:51,0,q87,0,10,103,1951,4326,24476,20729,136,133,1,160,0,1807,12765592,0,0,9259478720,50921014,172599812,0,0,1696919,655,655,0,45579387,45579387,0,0,45579387,1696919,12.55,1.95
106,2026-05-16 04:25:54,0,q88,0,26,178,1827,12050,27188,25230,37,99,0,160,0,20,46614,0,0,514952960,230611310,567567520,0,0,160,160,160,0,9440,9440,0,0,9440,160,14.88,1.83
107,2026-05-16 04:25:57,0,q89,0,6,28,815,793,8653,7445,29,32,0,0,0,788,109860,0,0,1685135776,28922603,208073496,0,0,76303,63,63,0,3843797,3843797,0,0,3843797,76303,10.62,0.82
108,2026-05-16 04:25:59,0,q90,0,8,38,297,412,2840,2695,10,19,0,0,0,3,38053,0,0,103596544,14447576,96855240,0,0,32,32,32,0,1839,1839,0,0,1839,32,9.56,0.3
109,2026-05-16 04:26:00,0,q91,0,10,39,488,493,2712,2465,31,38,0,0,0,4,9532008,0,0,1037410344,4137906,95493496,0,0,53,5,5,0,7711,7711,0,0,4761,34,5.56,0.49
110,2026-05-16 04:26:02,0,q92,0,7,39,389,663,4466,3728,24,32,0,272,0,193,711378,0,0,178103200,14522176,160597284,0,0,165703,25,25,0,2320717,2320717,0,0,2320717,165703,11.48,0.39
111,2026-05-16 04:26:03,0,q93,0,5,54,3955,5601,50505,47996,42,52,0,144,0,2715,144661,0,0,5766380072,31678178,290472956,0,0,31635854,527,527,0,755217841,755217841,0,0,755217841,31635854,12.77,3.96
112,2026-05-16 04:26:08,0,q94,0,8,66,1417,2082,18302,16702,62,67,13,160,0,542,2564140,0,0,3571011840,15390492,170744412,0,0,14397040,289,289,0,217867873,217867873,0,0,217867873,14397040,12.92,1.42
113,2026-05-16 04:26:10,0,q95,0,8,66,3710,4295,51137,41874,79,72,0,1596,0,587,2564898,0,0,14560086280,15390492,169052764,0,0,35990240,697,697,0,319722566,319722566,0,0,196775579,14395274,13.78,3.71
114,2026-05-16 04:26:15,0,q96,0,5,24,220,221,2578,2464,11,12,0,0,0,2,46313,0,0,63872480,28827803,72743008,0,0,20,20,20,0,1180,1180,0,0,1180,20,11.72,0.22
115,2026-05-16 04:26:16,0,q97,0,5,59,1999,2633,24679,21496,68,73,0,444,0,1317,160565,0,0,6981533896,43220926,235198972,0,0,8385110,442,442,0,97810667,97810667,0,0,97810667,8385110,12.35,2.0
116,2026-05-16 04:26:20,0,q98,0,7,36,1042,955,10243,9248,42,48,2,4,0,876,3268117,0,0,2428835400,28922501,222775700,0,0,113561,200,200,0,16121748,16121748,0,0,14133532,98397,9.83,1.04
117,2026-05-16 04:26:22,0,q99,0,6,25,1017,1005,13222,12625,31,34,0,0,0,68,124854,0,0,156567144,14420479,83039724,0,0,4320,6,6,0,342615,342615,0,0,342615,4320,13.0,1.02
118,2026-05-16 04:26:24,1,q1,0,10,62,622,1096,7279,6184,62,69,2,0,0,826,5073369,0,0,3337334424,6275366,135056392,0,0,1611249,182,182,0,25346946,25346946,0,0,25346946,1611249,11.7,0.62
119,2026-05-16 04:26:25,1,q2,0,9,44,638,574,6155,5656,55,58,0,0,0,193,751663,0,0,456068104,21713562,148645444,0,0,10012,86,86,0,606598,606598,0,0,212064,5256,9.65,0.64
120,2026-05-16 04:26:27,1,q3,0,4,24,574,564,6685,6234,23,27,0,32,0,431,93146,0,0,119963624,28975550,218073492,0,0,4427,20,20,0,327766,327766,0,0,327766,4427,11.65,0.57
121,2026-05-16 04:26:29,1,q4,0,19,230,5252,24725,72276,62801,409,408,15,1172,0,6084,36928978,0,0,33110414720,101342028,1462566352,0,0,3043920,2203,2203,0,199411825,199411825,0,0,199411825,3043920,13.76,5.25
122,2026-05-16 04:26:35,1,q5,0,10,122,1571,3148,21669,19129,133,165,2,0,0,448,16637450,0,0,2326268984,62671034,669825860,0,0,4669,52,52,0,322282,322282,0,0,322282,4669,13.79,1.57
123,2026-05-16 04:26:38,1,q5a,0,13,127,1895,3609,24811,22292,138,176,2,208,0,370,16637536,0,0,2865236856,62671034,669825860,0,0,6937,63,63,0,499511,499511,0,0,366537,5113,13.09,1.9
124,2026-05-16 04:26:41,1,q6,0,11,54,1666,3178,21524,18402,52,61,0,512,0,1327,2111032,0,0,5012926032,29847550,171773248,0,0,27358702,376,376,0,240395470,240395470,0,0,240395470,27358702,12.92,1.67
125,2026-05-16 04:26:44,1,q7,0,7,37,1100,1142,13880,13337,38,44,0,0,0,320,782379,0,0,1348673984,30843801,396665976,0,0,74456,42,42,0,2868939,2868939,0,0,2868939,74456,12.62,1.1
126,2026-05-16 04:26:46,1,q8,0,10,36,1044,998,10689,10079,44,47,0,144,0,70,2361205,0,0,1773265248,29820603,166544624,0,0,6821,23,23,0,91247,91247,0,0,91247,6821,10.24,1.04
127,2026-05-16 04:26:48,1,q9,0,11,106,978,4400,14217,13200,22,70,0,0,0,14,41964,0,0,0,144002550,892586500,0,0,100,100,100,0,8203,8203,0,0,8203,100,14.54,0.98
128,2026-05-16 04:26:50,1,q10,0,13,97,966,2716,11189,8890,34,73,0,272,0,2006,591880,0,0,1548608232,53091814,200979160,0,0,4321867,206,206,0,66692796,66692796,0,0,66692796,4321867,11.58,0.97
129,2026-05-16 04:26:52,1,q10a,0,10,96,640,1411,7174,6672,35,79,0,0,0,1179,154690,0,0,2070311648,53091814,200979160,0,0,4289247,299,299,0,66652230,66652230,0,0,66652230,4289247,11.21,0.64
130,2026-05-16 04:26:54,1,q11,0,15,151,2697,7683,32373,27583,194,224,3,368,0,4119,36929021,0,0,21825432864,72541178,558384256,0,0,2000907,1402,1402,0,125072303,125072303,0,0,125072303,2000907,12.0,2.7
131,2026-05-16 04:26:57,1,q12,0,5,22,437,394,2072,1933,28,27,0,0,0,102,3268117,0,0,907495032,7322088,87362388,0,0,30509,18,18,0,4274847,4274847,0,0,4274847,30509,4.74,0.44
132,2026-05-16 04:26:59,1,q13,0,7,36,1664,1726,21742,19903,22,25,0,256,0,16,1303376,0,0,691209280,30998603,484887020,0,0,20,20,20,0,1576,1576,0,0,1576,20,13.07,1.66
133,2026-05-16 04:27:02,1,q14a,0,30,279,6165,14795,69916,62844,383,417,0,1098,0,6047,1189316,0,0,11785006800,151671042,1013566564,0,0,62756112,631,631,0,882868642,882868642,0,0,879759850,62669588,11.34,6.16
134,2026-05-16 04:27:10,1,q14b,0,24,217,4544,11682,60464,53570,358,320,0,1165,0,4283,1189316,0,0,10586315184,130216627,807813236,0,0,68503878,585,585,0,1017343738,1017343738,0,0,532894681,40996671,13.31,4.54
135,2026-05-16 04:27:15,1,q14,0,24,213,3334,8875,41480,38714,307,345,5,568,0,3852,1162249,0,0,9644006048,130216627,807813236,0,0,68363395,502,502,0,1007808595,1007808595,0,0,523359538,40856188,12.44,3.33
136,2026-05-16 04:27:20,1,q15,0,5,30,1015,1001,12165,11672,28,34,0,10,0,9,5019226,0,0,951797424,15170425,111969300,0,0,502,1,1,0,18324,18324,0,0,18324,502,11.99,1.01
137,2026-05-16 04:27:22,1,q16,0,8,77,2012,5044,29045,25898,78,77,0,224,0,2634,5380997,0,0,4852315440,30510756,281193476,0,0,28674690,697,697,0,416496049,416496049,0,0,416496049,28674690,14.44,2.01
138,2026-05-16 04:27:25,1,q17,0,10,95,4554,9606,61080,57543,91,102,1,448,0,4647,6944789,0,0,7880912176,46220660,373149500,0,0,45538041,1143,1143,0,1089607918,1089607918,0,0,1089607918,45538041,13.41,4.55
139,2026-05-16 04:27:31,1,q18,0,9,55,1063,1252,8529,7797,50,61,0,0,0,52,9716301,0,0,3208798744,19114025,324942364,0,0,56710,15,15,0,4005761,4005761,0,0,4005761,56710,8.02,1.06
140,2026-05-16 04:27:33,1,q18a,0,17,145,3640,10983,49423,45225,184,209,0,272,0,356,9716430,0,0,15030534080,77567725,1360325836,0,0,64904,45,45,0,4691358,4691358,0,0,4691358,64904,13.58,3.64
141,2026-05-16 04:27:38,1,q19,0,7,33,1190,1196,13385,12270,33,39,0,100,0,698,5019441,0,0,2270125704,29672603,259212608,0,0,10279,20,20,0,824093,824093,0,0,824093,10279,11.25,1.19
142,2026-05-16 04:27:40,1,q20,0,5,25,467,424,3433,3200,27,30,0,0,0,17,3268117,0,0,412686616,14522425,133660204,0,0,28486,2,2,0,3491832,3491832,0,0,3491832,28486,7.35,0.47
143,2026-05-16 04:27:41,1,q21,0,5,25,822,812,10050,9555,30,31,0,0,0,11,107409,0,0,208677936,133232010,404526284,0,0,31850,1,1,0,679321,679321,0,0,679321,31850,12.23,0.82
144,2026-05-16 04:27:43,1,q22,0,6,42,34668,34621,129116,128130,96,68,0,241,0,107,4629135,0,0,1903814832,133232010,401657020,0,0,1020310,102,102,0,42923377,42923377,0,0,42923377,1020310,3.72,34.67
145,2026-05-16 04:28:19,1,q22a,0,10,90,2554,3098,21515,19034,145,163,0,16,0,1832,4629135,0,0,8824939688,133232010,401994956,0,0,1428768,391,391,0,71097539,71097539,0,0,20107839,409288,8.42,2.55
146,2026-05-16 04:28:23,1,q23a,0,18,192,6620,10919,86701,80234,220,240,0,1312,0,6043,6575783,0,0,14692224552,108664016,685793516,0,0,44598928,1266,1266,0,1130563014,1130563014,0,0,1097396384,42464388,13.1,6.62
147,2026-05-16 04:28:30,1,q23b,0,21,218,6654,13191,92394,84007,287,291,1,1304,0,5893,6575826,0,0,27667565688,109164016,700757796,0,0,49830490,2576,2576,0,1222357965,1222357965,0,0,1109770631,42926870,13.89,6.65
148,2026-05-16 04:28:38,1,q24,0,8,64,2502,6518,34620,32512,39,57,1,128,0,2182,20636822,0,0,7068696000,32530235,313105664,0,0,29735885,510,510,0,678542980,678542980,0,0,678542980,29735885,13.84,2.5
149,2026-05-16 04:28:42,1,q24a,0,13,86,3401,6735,44559,41913,82,96,1,160,0,2813,18087253,0,0,16497845272,32632235,315722048,0,0,59478907,1052,1052,0,1358029658,1358029658,0,0,679486678,29743022,13.1,3.4
150,2026-05-16 04:28:46,1,q24b,0,13,86,2937,6646,35058,32517,86,102,1,528,0,3188,18087253,0,0,15891776752,32632235,315722048,0,0,59478765,1040,1040,0,1358005890,1358005890,0,0,679462910,29742880,11.94,2.94
151,2026-05-16 04:28:50,1,q25,0,10,95,4734,10789,64129,60321,77,98,1,784,0,4068,6944832,0,0,7880887560,46220660,473534268,0,0,45538038,1140,1140,0,1109139539,1109139539,0,0,1109139539,45538038,13.55,4.73
152,2026-05-16 04:28:56,1,q26,0,6,35,1131,1148,15135,14271,28,37,0,0,0,61,782379,0,0,609952456,16443725,237656336,0,0,36267,5,5,0,1280199,1280199,0,0,1280199,36267,13.38,1.13
153,2026-05-16 04:28:58,1,q27,0,7,37,962,982,10401,8613,45,46,0,416,0,1180,782379,0,0,1751787312,30843403,369488532,0,0,59806,42,42,0,2526768,2526768,0,0,2526768,59806,10.81,0.96
154,2026-05-16 04:29:00,1,q27a,0,11,81,2211,4708,31354,29113,69,95,0,0,0,1341,782465,0,0,1135508272,88546507,1055705872,0,0,61693,63,63,0,2831800,2831800,0,0,2831800,61693,14.18,2.21
155,2026-05-16 04:29:03,1,q28,0,18,136,2264,12171,32992,28410,119,153,0,575,0,3963,58965,0,0,8489792560,172803006,1378799712,0,0,781558,210,210,0,12581279,12581279,0,0,12581279,781558,14.57,2.26
156,2026-05-16 04:29:07,1,q29,0,11,96,4438,10069,60203,57287,69,101,1,0,0,4227,6944789,0,0,7880995000,46240660,375583872,0,0,45538045,1145,1145,0,1089608693,1089608693,0,0,1089608693,45538045,13.57,4.44
157,2026-05-16 04:29:12,1,q30,0,11,51,721,1409,1889,1608,253,80,0,201,0,113,1992893,0,0,1012759832,2460548,94294236,0,0,755089,7,7,0,59269674,59269674,0,0,59269674,755089,2.62,0.72
158,2026-05-16 04:29:14,1,q31,0,20,123,2271,10391,31348,27817,131,144,0,0,0,2721,3832889,0,0,4117960584,108311767,642802012,0,0,127114,95,95,0,4531977,4531977,0,0,4162671,116493,13.8,2.27
159,2026-05-16 04:29:17,1,q32,0,7,46,511,900,6837,6293,33,38,0,0,0,92,703508,0,0,120389400,28922850,252287700,0,0,55420,22,22,0,771615,771615,0,0,771615,55420,13.38,0.51
160,2026-05-16 04:29:19,1,q33,0,9,67,1100,2360,11945,10871,73,91,0,192,0,717,889109,0,0,1174579160,50875014,458721340,0,0,27903,32,32,0,740955,740955,0,0,740955,27903,10.86,1.1
161,2026-05-16 04:29:21,1,q34,0,8,32,842,1050,9030,8351,32,38,2,0,0,487,16394969,0,0,480760000,29327803,108792300,0,0,20445,41,41,0,825499,825499,0,0,440524,10675,10.72,0.84
162,2026-05-16 04:29:23,1,q35,0,10,91,1240,2675,13462,11790,44,81,0,0,0,1262,23973725,0,0,8152529816,53091814,200643288,0,0,6056607,435,435,0,16222302,16222302,0,0,16222302,6056607,10.86,1.24
163,2026-05-16 04:29:25,1,q35a,0,9,91,905,1215,6972,6022,44,82,0,11,0,1484,23973811,0,0,7370292408,53091814,200643288,0,0,6053510,435,435,0,16233362,16233362,0,0,16233362,6053510,7.7,0.9
164,2026-05-16 04:29:27,1,q36,0,6,26,950,911,11559,10545,30,32,0,224,0,217,1857112,0,0,1708074800,28922603,313431472,0,0,3328,21,21,0,266774,266774,0,0,266774,3328,12.17,0.95
165,2026-05-16 04:29:29,1,q36a,0,9,31,1019,961,10904,10254,35,42,0,0,0,366,1857112,0,0,2247042672,28922603,313431472,0,0,9115,66,66,0,762198,762198,0,0,268898,3261,10.7,1.02
166,2026-05-16 04:29:31,1,q37,0,6,61,985,1386,11911,11237,40,55,0,0,0,625,157657,0,0,886656304,147632425,483939876,0,0,4316414,350,350,0,66486052,66486052,0,0,66486052,14400617,12.09,0.98
167,2026-05-16 04:29:33,1,q38,0,10,103,2008,4623,25995,21585,126,130,1,288,0,1830,12765592,0,0,9259478720,50921014,172599812,0,0,1696919,655,655,0,45579387,45579387,0,0,45579387,1696919,12.95,2.01
168,2026-05-16 04:29:37,1,q39a,0,11,80,2060,3503,23330,21888,145,138,0,180,0,360,801878,0,0,2907388416,266362010,800363016,0,0,1567909,55,55,0,36859402,36859402,0,0,25188288,1057909,11.33,2.06
169,2026-05-16 04:29:40,1,q39b,0,11,80,1426,2610,16637,16320,226,139,0,96,0,167,520274,0,0,2839624192,266362010,800363016,0,0,1531488,55,55,0,35748102,35748102,0,0,24076988,1021488,11.67,1.43
170,2026-05-16 04:29:42,1,q40,0,7,57,1514,3249,20378,18787,47,58,0,112,0,1668,174173,0,0,4141621464,15962317,191987692,0,0,15748014,527,527,0,309869964,309869964,0,0,309869964,15748014,13.46,1.51
171,2026-05-16 04:29:45,1,q41,0,4,6,157,127,142,125,5,5,0,0,0,7,12426,0,0,202903480,204000,8796288,0,0,140,2,2,0,9680,9680,0,0,9680,140,0.9,0.16
172,2026-05-16 04:29:46,1,q42,0,4,24,456,442,5195,4892,27,29,0,0,0,59,93060,0,0,988287344,28922501,217999764,0,0,213,20,20,0,17628,17628,0,0,17628,213,11.39,0.46
173,2026-05-16 04:29:47,1,q43,0,4,23,670,650,8672,7953,28,31,0,0,0,71,93060,0,0,114629704,28820603,124815064,0,0,420,20,20,0,53679,53679,0,0,53679,420,12.94,0.67
174,2026-05-16 04:29:49,1,q44,0,8,55,712,771,7595,6797,46,56,1,0,0,637,1663884,0,0,1590617384,57703002,366972000,0,0,918228,230,230,0,12036635,12036635,0,0,6019981,459179,10.67,0.71
175,2026-05-16 04:29:51,1,q45,0,7,30,552,587,3170,3056,27,31,0,0,0,15,5019183,0,0,2009365456,8092088,103713212,0,0,29,8,8,0,2649,2649,0,0,2649,29,5.74,0.55
176,2026-05-16 04:29:52,1,q46,0,7,32,1112,1247,13060,12133,32,37,1,0,0,508,15301537,0,0,636469744,29577803,242181596,0,0,27957,20,20,0,1521656,1521656,0,0,1521656,27957,11.74,1.11
177,2026-05-16 04:29:55,1,q47,0,11,86,1888,2730,23836,19437,135,135,0,560,0,2808,2306610,0,0,7322879688,28922603,207733528,0,0,3818373,1127,1127,0,151259210,151259210,0,0,84699632,2137286,12.62,1.89
178,2026-05-16 04:29:58,1,q48,0,6,35,1482,1528,18616,17584,22,26,0,332,0,3,1323847,0,0,669220160,30991403,301313964,0,0,20,20,20,0,1180,1180,0,0,1180,20,12.56,1.48
179,2026-05-16 04:30:00,1,q49,0,16,142,1644,6067,23440,20792,83,137,0,192,0,2953,231070,0,0,5856700512,55458802,804352820,0,0,12389988,93,93,0,274278201,274278201,0,0,274278201,12389988,14.26,1.64
180,2026-05-16 04:30:03,1,q50,0,7,56,2380,5147,31380,29382,51,58,0,112,0,2221,370352,0,0,4687124776,31771284,229668436,0,0,29262054,527,527,0,629906613,629906613,0,0,629906613,29262054,13.18,2.38
181,2026-05-16 04:30:06,1,q51,0,10,139,2851,4101,39816,34830,189,202,0,352,0,4142,299557,0,0,10903457296,36020589,268592932,0,0,24476742,1913,1913,0,422014267,422014267,0,0,422014267,24476742,13.97,2.85
182,2026-05-16 04:30:10,1,q51a,0,14,205,20969,24910,277934,254792,322,366,0,3714,0,4462,459272,0,0,27854731368,36020589,268592932,0,0,47591212,2821,2821,0,791165500,791165500,0,0,577779396,36129246,13.25,20.97
183,2026-05-16 04:30:32,1,q52,0,4,24,531,519,5704,5304,26,30,0,0,0,299,93060,0,0,988287344,28922501,218130836,0,0,6454,20,20,0,437185,437185,0,0,437185,6454,10.74,0.53
184,2026-05-16 04:30:34,1,q53,0,6,26,651,635,6793,6193,29,31,0,0,0,648,109860,0,0,208086096,28922603,208409368,0,0,53600,21,21,0,1161234,1161234,0,0,1161234,53600,10.43,0.65
185,2026-05-16 04:30:36,1,q54,0,15,92,1449,5218,18450,17041,148,117,0,144,0,1398,5019183,0,0,2759946504,51386165,335330100,0,0,26873230,354,354,0,253109945,253109945,0,0,253109945,26873230,12.73,1.45
186,2026-05-16 04:30:38,1,q55,0,4,24,565,553,6963,6606,25,28,0,0,0,251,93060,0,0,1323831544,28922501,218130836,0,0,5425,20,20,0,355036,355036,0,0,355036,5425,12.32,0.56
187,2026-05-16 04:30:40,1,q56,0,9,67,1276,2935,16617,15695,73,88,0,0,0,500,463898,0,0,1166876624,50875014,458983484,0,0,11059,32,32,0,457061,457061,0,0,457061,11059,13.02,1.28
188,2026-05-16 04:30:42,1,q57,0,11,69,1549,2267,18655,16505,118,116,0,0,0,823,2306610,0,0,5711730760,14522449,125179556,0,0,1216027,443,443,0,47668372,47668372,0,0,34698977,879253,12.04,1.55
189,2026-05-16 04:30:45,1,q58,0,10,65,1298,2835,15048,12968,70,81,0,272,0,781,782379,0,0,2946060536,50669112,424340116,0,0,265395,49,49,0,4277836,4277836,0,0,4277836,265395,11.59,1.3
190,2026-05-16 04:30:47,1,q59,0,10,47,1118,1218,11155,9609,55,64,0,0,0,1289,751663,0,0,2900014248,28913754,129977060,0,0,569924,420,420,0,22306867,22306867,0,0,11427409,303577,9.98,1.12
191,2026-05-16 04:30:49,1,q60,0,9,67,1196,2435,14084,12691,70,85,0,0,0,946,463898,0,0,1527124272,50875014,458917948,0,0,82304,33,33,0,1813814,1813814,0,0,1813814,82304,11.78,1.2
192,2026-05-16 04:30:52,1,q61,0,10,55,1148,1778,14232,13171,16,31,0,308,0,5,5019183,0,0,1246748000,58473604,529345364,0,0,40,40,40,0,2360,2360,0,0,2360,40,12.4,1.15
193,2026-05-16 04:30:54,1,q62,0,6,21,485,475,3302,3124,26,25,0,0,0,77,99952,0,0,138730216,7220160,65081020,0,0,3360,8,8,0,288245,288245,0,0,288245,3360,6.81,0.48
194,2026-05-16 04:30:55,1,q63,0,6,26,671,653,7251,6647,29,31,0,0,0,658,109817,0,0,208020560,28922603,208413464,0,0,23455,21,21,0,656976,656976,0,0,656976,23455,10.81,0.67
195,2026-05-16 04:30:57,1,q64,0,23,175,7309,18315,103049,95285,165,227,3,592,0,6195,13538242,0,0,35316849912,50412111,700711284,0,0,52026303,2610,2610,0,1952985139,1952985139,0,0,1806780160,48487731,14.1,7.31
196,2026-05-16 04:31:06,1,q65,0,10,97,1997,3708,29750,26022,141,145,1,560,0,2967,9163347,0,0,7453136496,57723104,408922920,0,0,12372989,731,731,0,399898797,399898797,0,0,399898797,12372989,14.9,2.0
197,2026-05-16 04:31:09,1,q66,0,8,43,1028,1413,9875,8122,97,100,0,0,0,46,147441,0,0,1378107248,21660543,267079924,0,0,150,15,15,0,74527,74527,0,0,74527,150,9.61,1.03
198,2026-05-16 04:31:11,1,q67,0,6,44,7272,7219,86429,83557,61,67,0,950,0,2617,4629135,0,0,9374408584,28922603,234050328,0,0,14431398,399,399,0,1072760536,1072760536,0,0,1072760536,14431398,11.89,7.27
199,2026-05-16 04:31:19,1,q67a,0,14,184,10348,35120,140811,131601,385,387,0,879,3,6290,4629135,0,0,26626034128,28922603,234050328,0,0,55818862,3158,3158,0,4147042899,4147042899,0,0,903537763,13249350,13.61,10.35
200,2026-05-16 04:31:31,1,q68,0,7,32,1114,1265,12687,10616,34,37,2,192,0,395,15301537,0,0,568481352,29577803,371418588,0,0,6174,20,20,0,505336,505336,0,0,505336,6174,11.39,1.11
201,2026-05-16 04:31:33,1,q69,0,11,86,886,1913,8331,6931,19,60,0,0,0,1339,28676332,0,0,3806916136,53091814,200782552,0,0,1902034,185,185,0,9728784,9728784,0,0,9728784,1902034,9.4,0.89
202,2026-05-16 04:31:35,1,q70,0,9,47,979,919,10486,9833,66,68,0,0,0,102,211360,0,0,1772898984,57621206,290080876,0,0,309,42,42,0,18928,18928,0,0,18928,309,10.71,0.98
203,2026-05-16 04:31:37,1,q70a,0,12,52,1098,1006,11306,10498,88,78,0,192,0,135,210928,0,0,902580896,57621206,290080876,0,0,360,87,87,0,25464,25464,0,0,13384,240,10.3,1.1
204,2026-05-16 04:31:39,1,q71,0,7,63,1238,1203,16123,14583,77,97,0,160,0,628,370325,0,0,956611448,50563014,444537276,0,0,32323,59,59,0,1848960,1848960,0,0,1095320,21167,13.02,1.24
205,2026-05-16 04:31:41,1,q72,0,14,113,19295,24918,256579,250017,111,138,0,884,0,5749,13125937,0,0,25673044504,151146915,644064404,0,0,140763211,1535,1535,0,2029304873,2029304873,0,0,2029304873,140763211,13.3,19.3
206,2026-05-16 04:32:02,1,q73,0,8,32,782,984,10204,8201,36,38,2,192,0,294,16394969,0,0,480153792,29327803,108792300,0,0,5455,41,41,0,311887,311887,0,0,156253,2732,13.05,0.78
207,2026-05-16 04:32:04,1,q74,0,13,136,2660,8773,36400,31191,165,183,1,295,0,3607,15491653,0,0,15870045856,72541178,443524224,0,0,1787958,1199,1199,0,62159931,62159931,0,0,62159931,1787958,13.68,2.66
208,2026-05-16 04:32:07,1,q75,0,17,227,3622,9965,55336,47656,219,304,7,560,0,5396,13514234,0,0,16101206384,105981816,1121825600,0,0,12427820,1644,1644,0,280070291,280070291,0,0,194354746,8110306,15.28,3.62
209,2026-05-16 04:32:12,1,q76,0,4,60,955,925,13145,12169,74,89,2,0,0,673,917299,0,0,3851459368,50556063,446504972,0,0,5659,48,48,0,470467,470467,0,0,470467,5659,13.76,0.96
210,2026-05-16 04:32:14,1,q77,0,14,108,1243,5031,15790,14191,106,120,0,176,0,343,93060,0,0,933332440,55459104,591453576,0,0,2684,59,59,0,178445,178445,0,0,178445,2684,12.7,1.24
211,2026-05-16 04:32:16,1,q77a,0,17,113,1492,6148,18281,16586,103,129,0,0,0,537,93060,0,0,1472300312,55459104,591453576,0,0,3148,70,70,0,234010,234010,0,0,192514,2818,12.25,1.49
212,2026-05-16 04:32:19,1,q78,0,10,134,5328,11683,72982,67289,193,186,1,659,0,4022,13125980,0,0,20165576648,55458802,725754676,0,0,38475582,1020,1020,0,1136306789,1136306789,0,0,1136306789,38475582,13.7,5.33
213,2026-05-16 04:32:25,1,q79,0,7,33,976,1132,12359,11334,39,42,1,0,0,593,12765592,0,0,1728629144,29327803,236280364,0,0,80466,63,63,0,3262576,3262576,0,0,3262576,80466,12.66,0.98
214,2026-05-16 04:32:27,1,q80,0,16,143,6141,22518,91458,83946,128,162,3,1873,0,5582,14436114,0,0,12610724304,55573446,842234804,0,0,45134935,1065,1065,0,1332383393,1332383393,0,0,1332383393,45134935,14.89,6.14
215,2026-05-16 04:32:35,1,q80a,0,19,148,5761,15053,84692,79526,132,186,2,1831,0,4576,14436329,0,0,13082583336,55573446,842234804,0,0,45135891,1076,1076,0,1332498886,1332498886,0,0,1332396136,45134865,14.7,5.76
216,2026-05-16 04:32:42,1,q81,0,11,54,720,1487,6336,5525,55,60,2,32,0,150,20721956,0,0,2470448864,3899764,134033468,0,0,805182,43,43,0,12400577,12400577,0,0,12400577,805182,8.8,0.72
217,2026-05-16 04:32:44,1,q82,0,6,61,1326,2205,15558,14567,49,56,0,128,0,838,158044,0,0,1658418336,162032501,523772300,0,0,13778665,364,364,0,137879558,137879558,0,0,137879558,28800829,11.73,1.33
218,2026-05-16 04:32:46,1,q83,0,10,50,611,1314,5743,5151,54,57,0,0,0,266,782379,0,0,1251194744,5358935,133356404,0,0,43961,14,14,0,759663,759663,0,0,759663,43961,9.4,0.61
219,2026-05-16 04:32:48,1,q84,0,7,36,603,306,1206,1080,23,24,0,0,0,0,14823565,0,0,1009709760,5555652,92599736,0,0,100,1,1,0,1865,1865,0,0,1865,100,2.0,0.6
220,2026-05-16 04:32:49,1,q85,0,9,54,1300,1560,6463,6021,40,55,2,16,0,9,24325081,0,0,8643243752,12032207,199886352,0,0,13,5,5,0,1363,1363,0,0,1363,13,4.97,1.3
221,2026-05-16 04:32:52,1,q86,0,5,21,398,354,2257,2052,26,23,0,56,0,59,1857112,0,0,839708176,7322088,83159892,0,0,1435,9,9,0,100665,100665,0,0,100665,1435,5.67,0.4
222,2026-05-16 04:32:53,1,q86a,0,8,26,392,331,1771,1635,27,30,0,0,0,71,1857112,0,0,1378675920,7322088,83159892,0,0,3829,30,30,0,289861,289861,0,0,110613,1499,4.52,0.39
223,2026-05-16 04:32:54,1,q87,0,10,103,2185,4954,27923,24109,123,134,1,21,0,1971,12765592,0,0,9259478720,50921014,172599812,0,0,1696919,655,655,0,45579387,45579387,0,0,45579387,1696919,12.78,2.18
224,2026-05-16 04:32:58,1,q88,0,26,178,2051,13554,30728,28917,12,100,0,144,0,26,46356,0,0,514952960,230611310,567567520,0,0,160,160,160,0,9440,9440,0,0,9440,160,14.98,2.05
225,2026-05-16 04:33:01,1,q89,0,6,28,790,767,8618,7557,33,35,0,0,0,798,109860,0,0,1685135776,28922603,208073496,0,0,76303,63,63,0,3843797,3843797,0,0,3843797,76303,10.91,0.79
226,2026-05-16 04:33:03,1,q90,0,8,38,235,397,2682,2529,9,19,0,0,0,4,38053,0,0,103596544,14447576,96855240,0,0,32,32,32,0,1839,1839,0,0,1839,32,11.41,0.24
227,2026-05-16 04:33:04,1,q91,0,10,39,603,674,4111,3953,32,39,0,0,0,5,9531965,0,0,1037410344,4137906,95493496,0,0,53,5,5,0,7711,7711,0,0,4761,34,6.82,0.6
228,2026-05-16 04:33:06,1,q92,0,7,39,401,678,4493,4162,26,33,0,0,0,186,711378,0,0,178103200,14522176,160597284,0,0,165703,25,25,0,2320717,2320717,0,0,2320717,165703,11.2,0.4
229,2026-05-16 04:33:07,1,q93,0,5,54,3965,5837,51321,48188,46,55,0,304,0,2211,144661,0,0,5766380072,31678178,290472956,0,0,31635854,527,527,0,755217841,755217841,0,0,755217841,31635854,12.94,3.96
230,2026-05-16 04:33:12,1,q94,0,8,66,1303,1935,16723,15362,51,65,0,0,0,571,2563925,0,0,3571011840,15390492,170744412,0,0,14397040,289,289,0,217867873,217867873,0,0,217867873,14397040,12.83,1.3
231,2026-05-16 04:33:14,1,q95,0,8,66,3544,4103,49059,40609,62,69,0,1876,0,522,2564683,0,0,14560086280,15390492,169052764,0,0,35990240,697,697,0,319722566,319722566,0,0,196775579,14395274,13.84,3.54
232,2026-05-16 04:33:19,1,q96,0,5,24,244,241,2860,2228,13,13,0,0,0,2,46313,0,0,63872480,28827803,72743008,0,0,20,20,20,0,1180,1180,0,0,1180,20,11.72,0.24
233,2026-05-16 04:33:20,1,q97,0,5,59,2127,2798,26486,22782,73,73,0,278,0,964,161253,0,0,6981533896,43220926,235198972,0,0,8385110,442,442,0,97810667,97810667,0,0,97810667,8385110,12.45,2.13
234,2026-05-16 04:33:24,1,q98,0,7,36,1117,1018,9755,8330,46,48,2,0,0,644,3268117,0,0,2428835400,28922501,222775700,0,0,113561,200,200,0,16121748,16121748,0,0,14133532,98397,8.73,1.12
235,2026-05-16 04:33:26,1,q99,0,6,25,601,590,7183,6648,31,34,0,0,0,66,124854,0,0,156567144,14420479,83039724,0,0,4320,6,6,0,342615,342615,0,0,342615,4320,11.95,0.6
236,2026-05-16 04:33:27,2,q1,0,10,62,654,1167,7922,6596,60,68,0,48,0,749,5073369,0,0,3337334424,6275366,135056392,0,0,1611249,182,182,0,25346946,25346946,0,0,25346946,1611249,12.11,0.65
237,2026-05-16 04:33:29,2,q2,0,9,44,692,606,6519,5734,55,60,3,144,0,175,751663,0,0,456068104,21713562,148645444,0,0,10012,86,86,0,606598,606598,0,0,212064,5256,9.42,0.69
238,2026-05-16 04:33:31,2,q3,0,4,24,482,470,5149,4651,29,30,0,0,0,502,93060,0,0,119963624,28975550,218073492,0,0,4427,20,20,0,327766,327766,0,0,327766,4427,10.68,0.48
239,2026-05-16 04:33:32,2,q4,0,19,230,5404,26271,74782,62149,387,405,6,1808,0,6790,36928978,0,0,33110414720,101342028,1462566352,0,0,3043920,2203,2203,0,199411825,199411825,0,0,199411825,3043920,13.84,5.4
240,2026-05-16 04:33:39,2,q5,0,10,122,1520,2968,21261,18471,129,162,2,195,0,400,16637579,0,0,2326268984,62671034,669825860,0,0,4669,52,52,0,322282,322282,0,0,322282,4669,13.99,1.52
241,2026-05-16 04:33:42,2,q5a,0,13,127,1694,3254,22191,20156,143,176,2,0,0,427,16637536,0,0,2865236856,62671034,669825860,0,0,6937,63,63,0,499511,499511,0,0,366537,5113,13.1,1.69
242,2026-05-16 04:33:44,2,q6,0,11,54,1598,3188,20501,18761,59,61,0,288,0,1554,2111075,0,0,5012926032,29847550,171773248,0,0,27358702,376,376,0,240395470,240395470,0,0,240395470,27358702,12.83,1.6
243,2026-05-16 04:33:47,2,q7,0,7,37,1191,1231,15223,14183,38,39,0,182,0,393,782465,0,0,1348673984,30843801,396665976,0,0,74456,42,42,0,2868939,2868939,0,0,2868939,74456,12.78,1.19
244,2026-05-16 04:33:49,2,q8,0,10,36,1200,1160,13098,12520,46,48,0,18,0,70,2361248,0,0,1773265248,29820603,166544624,0,0,6821,23,23,0,91247,91247,0,0,91247,6821,10.92,1.2
245,2026-05-16 04:33:52,2,q9,0,11,106,979,4413,14283,13157,20,67,0,112,0,18,42222,0,0,0,144002550,892586500,0,0,100,100,100,0,8203,8203,0,0,8203,100,14.59,0.98
246,2026-05-16 04:33:54,2,q10,0,13,97,970,2427,10325,9138,30,72,0,0,0,1419,591880,0,0,1548608232,53091814,200979160,0,0,4321867,206,206,0,66692796,66692796,0,0,66692796,4321867,10.64,0.97
247,2026-05-16 04:33:56,2,q10a,0,10,96,621,1367,6689,6174,36,80,0,0,0,1269,154690,0,0,2070311648,53091814,200979160,0,0,4289247,299,299,0,66652230,66652230,0,0,66652230,4289247,10.77,0.62
248,2026-05-16 04:33:57,2,q11,0,15,151,2712,7816,32861,27669,226,222,3,256,0,3904,36928978,0,0,21825432864,72541178,558384256,0,0,2000907,1402,1402,0,125072303,125072303,0,0,125072303,2000907,12.12,2.71
249,2026-05-16 04:34:01,2,q12,0,5,22,421,387,1867,1695,26,26,0,15,0,99,3268203,0,0,907495032,7322088,87362388,0,0,30509,18,18,0,4274847,4274847,0,0,4274847,30509,4.43,0.42
250,2026-05-16 04:34:03,2,q13,0,7,36,1413,1449,17273,16585,19,24,0,0,0,2,1303376,0,0,691209280,30998603,484887020,0,0,20,20,20,0,1576,1576,0,0,1576,20,12.22,1.41
251,2026-05-16 04:34:05,2,q14a,0,30,279,6197,14723,69831,63080,345,395,0,912,0,6163,1189316,0,0,11785006800,151671042,1013566564,0,0,62756112,631,631,0,882868642,882868642,0,0,879759850,62669588,11.27,6.2
252,2026-05-16 04:34:13,2,q14b,0,24,217,4540,11360,59693,54338,279,313,16,432,0,5353,1189316,0,0,10586315184,130216627,807813236,0,0,68503878,585,585,0,1017343738,1017343738,0,0,532894681,40996671,13.15,4.54
253,2026-05-16 04:34:19,2,q14,0,24,213,3267,8631,40752,38969,333,366,0,264,0,3871,1162249,0,0,9644006048,130216627,807813236,0,0,68363395,502,502,0,1007808595,1007808595,0,0,523359538,40856188,12.47,3.27
254,2026-05-16 04:34:23,2,q15,0,5,30,1098,1073,12916,12350,34,36,0,0,0,9,5019355,0,0,951797424,15170425,111969300,0,0,502,1,1,0,18324,18324,0,0,18324,502,11.76,1.1
255,2026-05-16 04:34:26,2,q16,0,8,77,1898,4300,26608,24655,60,76,4,0,0,2193,5380997,0,0,4852315440,30510756,281193476,0,0,28674690,697,697,0,416496049,416496049,0,0,416496049,28674690,14.02,1.9
256,2026-05-16 04:34:28,2,q17,0,10,95,4594,10219,61574,57634,73,102,1,880,0,4319,6944789,0,0,7880912176,46220660,373149500,0,0,45538041,1143,1143,0,1089607918,1089607918,0,0,1089607918,45538041,13.4,4.59
257,2026-05-16 04:34:34,2,q18,0,9,55,1139,1230,8535,7768,49,63,0,0,0,50,9716301,0,0,3208798744,19114025,324942364,0,0,56710,15,15,0,4005761,4005761,0,0,4005761,56710,7.49,1.14
258,2026-05-16 04:34:36,2,q18a,0,17,145,4459,13523,62357,57344,214,208,0,484,0,396,9716516,0,0,15030534080,77567725,1360325836,0,0,64904,45,45,0,4691358,4691358,0,0,4691358,64904,13.98,4.46
259,2026-05-16 04:34:42,2,q19,0,7,33,1141,1131,13571,12564,34,40,0,0,0,694,5019183,0,0,2270125704,29672603,259212608,0,0,10279,20,20,0,824093,824093,0,0,824093,10279,11.89,1.14
260,2026-05-16 04:34:44,2,q20,0,5,25,504,462,3663,3447,31,31,0,0,0,17,3268117,0,0,412686616,14522425,133660204,0,0,28486,2,2,0,3491832,3491832,0,0,3491832,28486,7.27,0.5
261,2026-05-16 04:34:46,2,q21,0,5,25,833,821,10145,9503,28,33,0,144,0,11,108097,0,0,208677936,133232010,404526284,0,0,31850,1,1,0,679321,679321,0,0,679321,31850,12.18,0.83
262,2026-05-16 04:34:48,2,q22,0,6,42,34077,34036,128593,127536,93,68,0,141,0,107,4629135,0,0,1903814832,133232010,401657020,0,0,1020310,102,102,0,42923377,42923377,0,0,42923377,1020310,3.77,34.08
263,2026-05-16 04:35:23,2,q22a,0,10,90,2471,2997,20138,17564,143,155,0,66,0,2150,4629135,0,0,8824939688,133232010,401994956,0,0,1428768,391,391,0,71097539,71097539,0,0,20107839,409288,8.15,2.47
264,2026-05-16 04:35:26,2,q23a,0,18,192,6241,12029,87037,81828,189,219,1,996,0,5301,6575826,0,0,14692224552,108664016,685793516,0,0,44598928,1266,1266,0,1130563014,1130563014,0,0,1097396384,42464388,13.95,6.24
265,2026-05-16 04:35:34,2,q23b,0,21,218,6788,14723,94511,86118,272,288,1,1204,0,6564,6575826,0,0,27667565688,109164016,700757796,0,0,49830490,2576,2576,0,1222357965,1222357965,0,0,1109770631,42926870,13.92,6.79
266,2026-05-16 04:35:42,2,q24,0,8,64,2379,6687,32924,30363,50,61,1,260,0,2419,20636822,0,0,7068696000,32530235,313105664,0,0,29735885,510,510,0,678542980,678542980,0,0,678542980,29735885,13.84,2.38
267,2026-05-16 04:35:45,2,q24a,0,13,86,3440,6776,42874,40832,93,95,1,0,0,2733,18087253,0,0,16497845272,32632235,315722048,0,0,59478907,1052,1052,0,1358029658,1358029658,0,0,679486678,29743022,12.46,3.44
268,2026-05-16 04:35:49,2,q24b,0,13,86,2968,6851,35567,32746,81,98,2,416,0,3799,18087253,0,0,15891776752,32632235,315722048,0,0,59478765,1040,1040,0,1358005890,1358005890,0,0,679462910,29742880,11.98,2.97
269,2026-05-16 04:35:54,2,q25,0,10,95,4603,10388,62314,58572,76,99,1,144,0,4214,6944789,0,0,7880887560,46220660,473534268,0,0,45538038,1140,1140,0,1109139539,1109139539,0,0,1109139539,45538038,13.54,4.6
270,2026-05-16 04:35:59,2,q26,0,6,35,1141,1173,15913,14811,33,40,0,112,0,71,782379,0,0,609952456,16443725,237656336,0,0,36267,5,5,0,1280199,1280199,0,0,1280199,36267,13.95,1.14
271,2026-05-16 04:36:01,2,q27,0,7,37,1286,1307,15583,14635,39,43,0,0,0,705,782379,0,0,1751787312,30843403,369488532,0,0,59806,42,42,0,2526768,2526768,0,0,2526768,59806,12.12,1.29
272,2026-05-16 04:36:04,2,q27a,0,11,81,2534,4755,36499,34261,71,96,1,256,0,1159,782379,0,0,1135508272,88546507,1055705872,0,0,61693,63,63,0,2831800,2831800,0,0,2831800,61693,14.4,2.53
273,2026-05-16 04:36:07,2,q28,0,18,136,2321,12737,34444,29540,99,140,0,144,0,3994,58578,0,0,8489792560,172803006,1378799712,0,0,781558,210,210,0,12581279,12581279,0,0,12581279,781558,14.84,2.32
274,2026-05-16 04:36:11,2,q29,0,11,96,4492,10328,60474,57466,74,100,0,560,0,4091,6944746,0,0,7880995000,46240660,375583872,0,0,45538045,1145,1145,0,1089608693,1089608693,0,0,1089608693,45538045,13.46,4.49
275,2026-05-16 04:36:16,2,q30,0,11,51,695,1382,1793,1597,73,72,0,0,0,108,1992893,0,0,1012759832,2460548,94294236,0,0,755089,7,7,0,59269674,59269674,0,0,59269674,755089,2.58,0.7
276,2026-05-16 04:36:18,2,q31,0,19,122,2164,10074,29583,25843,120,142,6,208,0,2671,3832889,0,0,4117829512,108311767,642802012,0,0,117434,87,87,0,4204909,4204909,0,0,4096180,115594,13.67,2.16
277,2026-05-16 04:36:21,2,q32,0,7,46,573,1025,7908,7165,24,38,0,0,0,84,703508,0,0,120389400,28922850,252287700,0,0,55420,22,22,0,771615,771615,0,0,771615,55420,13.8,0.57
278,2026-05-16 04:36:23,2,q33,0,9,67,1178,2586,13896,12833,67,84,0,0,0,802,889109,0,0,1174579160,50875014,458721340,0,0,27903,32,32,0,740955,740955,0,0,740955,27903,11.8,1.18
279,2026-05-16 04:36:25,2,q34,0,8,32,543,756,5851,4218,55,41,2,240,0,1219,16394969,0,0,480760000,29327803,108792300,0,0,20445,41,41,0,825499,825499,0,0,440524,10675,10.78,0.54
280,2026-05-16 04:36:27,2,q35,0,10,91,1156,2113,10972,9344,49,78,1,0,0,1560,23973768,0,0,8152529816,53091814,200643288,0,0,6056607,435,435,0,16222302,16222302,0,0,16222302,6056607,9.49,1.16
281,2026-05-16 04:36:29,2,q35a,0,9,91,895,1271,6938,6016,45,81,0,0,0,1457,23973811,0,0,7370292408,53091814,200643288,0,0,6053510,435,435,0,16233362,16233362,0,0,16233362,6053510,7.75,0.9
282,2026-05-16 04:36:31,2,q36,0,6,26,1089,1052,13093,11852,29,31,0,272,0,398,1857112,0,0,1708074800,28922603,313431472,0,0,3328,21,21,0,266774,266774,0,0,266774,3328,12.02,1.09
283,2026-05-16 04:36:33,2,q36a,0,9,31,939,892,9666,9053,34,39,0,18,0,272,1857155,0,0,2247042672,28922603,313431472,0,0,9115,66,66,0,762198,762198,0,0,268898,3261,10.29,0.94
284,2026-05-16 04:36:35,2,q37,0,6,61,1036,1479,12681,11968,47,55,0,0,0,469,157657,0,0,886656304,147632425,483939876,0,0,4316414,350,350,0,66486052,66486052,0,0,66486052,14400617,12.24,1.04
285,2026-05-16 04:36:37,2,q38,0,10,103,1941,4431,24832,20913,122,131,3,160,0,2033,12765592,0,0,9259478720,50921014,172599812,0,0,1696919,655,655,0,45579387,45579387,0,0,45579387,1696919,12.79,1.94
286,2026-05-16 04:36:40,2,q39a,0,11,80,1979,3433,22791,20315,139,139,0,128,0,354,801878,0,0,2907388416,266362010,800363016,0,0,1567909,55,55,0,36859402,36859402,0,0,25188288,1057909,11.52,1.98
287,2026-05-16 04:36:43,2,q39b,0,11,80,1421,2627,16668,15957,123,138,0,288,0,159,520274,0,0,2839624192,266362010,800363016,0,0,1531488,55,55,0,35748102,35748102,0,0,24076988,1021488,11.73,1.42
288,2026-05-16 04:36:46,2,q40,0,7,57,1717,3462,23328,21591,47,56,0,0,0,1964,173485,0,0,4141621464,15962317,191987692,0,0,15748014,527,527,0,309869964,309869964,0,0,309869964,15748014,13.59,1.72
289,2026-05-16 04:36:48,2,q41,0,4,6,157,127,143,123,6,6,0,0,0,7,12426,0,0,202903480,204000,8796288,0,0,140,2,2,0,9680,9680,0,0,9680,140,0.91,0.16
290,2026-05-16 04:36:50,2,q42,0,4,24,489,477,5731,5461,25,27,0,0,0,57,93060,0,0,988287344,28922501,217999764,0,0,213,20,20,0,17628,17628,0,0,17628,213,11.72,0.49
291,2026-05-16 04:36:51,2,q43,0,4,23,578,557,7109,6426,29,31,0,90,0,103,93490,0,0,114629704,28820603,124815064,0,0,420,20,20,0,53679,53679,0,0,53679,420,12.3,0.58
292,2026-05-16 04:36:53,2,q44,0,8,55,685,759,7238,6595,47,56,0,0,0,628,1663841,0,0,1590617384,57703002,366972000,0,0,918228,230,230,0,12036635,12036635,0,0,6019981,459179,10.57,0.68
293,2026-05-16 04:36:54,2,q45,0,7,30,704,721,3984,3841,26,29,0,14,0,15,5019226,0,0,2009365456,8092088,103713212,0,0,29,8,8,0,2649,2649,0,0,2649,29,5.66,0.7
294,2026-05-16 04:36:56,2,q46,0,7,32,1138,1280,13432,12396,33,38,1,0,0,621,15301666,0,0,636469744,29577803,242181596,0,0,27957,20,20,0,1521656,1521656,0,0,1521656,27957,11.8,1.14
295,2026-05-16 04:36:58,2,q47,0,11,86,1944,2697,24162,20889,138,140,0,0,0,2670,2306610,0,0,7322879688,28922603,207733528,0,0,3818373,1127,1127,0,151259210,151259210,0,0,84699632,2137286,12.43,1.94
296,2026-05-16 04:37:01,2,q48,0,6,35,1245,1310,15657,14352,16,24,0,480,0,3,1323804,0,0,669220160,30991403,301313964,0,0,20,20,20,0,1180,1180,0,0,1180,20,12.58,1.25
297,2026-05-16 04:37:04,2,q49,0,16,142,1667,6123,23920,21840,95,136,0,112,0,2667,231070,0,0,5856700512,55458802,804352820,0,0,12389988,93,93,0,274278201,274278201,0,0,274278201,12389988,14.35,1.67
298,2026-05-16 04:37:06,2,q50,0,7,56,2178,4919,28469,25721,48,59,0,128,0,2133,370352,0,0,4687124776,31771284,229668436,0,0,29262054,527,527,0,629906613,629906613,0,0,629906613,29262054,13.07,2.18
299,2026-05-16 04:37:10,2,q51,0,10,139,3073,4503,43980,39005,178,202,0,672,0,4610,299557,0,0,10903457296,36020589,268592932,0,0,24476742,1913,1913,0,422014267,422014267,0,0,422014267,24476742,14.31,3.07
300,2026-05-16 04:37:14,2,q51a,0,14,205,20453,24245,269428,258859,305,349,0,2524,0,4830,459272,0,0,27854731368,36020589,268592932,0,0,47591212,2821,2821,0,791165500,791165500,0,0,577779396,36129246,13.17,20.45
301,2026-05-16 04:37:35,2,q52,0,4,24,556,543,6094,5638,27,28,0,0,0,384,93060,0,0,988287344,28922501,218130836,0,0,6454,20,20,0,437185,437185,0,0,437185,6454,10.96,0.56
302,2026-05-16 04:37:37,2,q53,0,6,26,727,705,7749,7078,35,33,0,160,0,545,110548,0,0,208086096,28922603,208409368,0,0,53600,21,21,0,1161234,1161234,0,0,1161234,53600,10.66,0.73
303,2026-05-16 04:37:39,2,q54,0,15,92,1565,5164,20197,18957,94,114,0,0,0,1304,5019183,0,0,2759946504,51386165,335330100,0,0,26873230,354,354,0,253109945,253109945,0,0,253109945,26873230,12.91,1.56
304,2026-05-16 04:37:41,2,q55,0,4,24,488,475,5686,4204,30,28,0,192,0,286,93748,0,0,1323831544,28922501,218130836,0,0,5425,20,20,0,355036,355036,0,0,355036,5425,11.65,0.49
305,2026-05-16 04:37:43,2,q56,0,9,67,975,2136,11497,10685,68,88,0,0,0,537,463898,0,0,1166876624,50875014,458983484,0,0,11059,32,32,0,457061,457061,0,0,457061,11059,11.79,0.98
306,2026-05-16 04:37:45,2,q57,0,11,69,1444,2194,15654,13418,135,115,0,0,0,1343,2306610,0,0,5711730760,14522449,125179556,0,0,1216027,443,443,0,47668372,47668372,0,0,34698977,879253,10.84,1.44
307,2026-05-16 04:37:48,2,q58,0,10,65,1540,3540,18217,17062,67,79,0,0,0,732,782379,0,0,2946060536,50669112,424340116,0,0,265395,49,49,0,4277836,4277836,0,0,4277836,265395,11.83,1.54
308,2026-05-16 04:37:50,2,q59,0,10,47,1220,1332,12242,10296,53,58,0,416,0,1191,751663,0,0,2900014248,28913754,129977060,0,0,569924,420,420,0,22306867,22306867,0,0,11427409,303577,10.03,1.22
309,2026-05-16 04:37:52,2,q60,0,9,67,1074,2291,11757,10526,67,85,0,0,0,947,463898,0,0,1527124272,50875014,458917948,0,0,82304,33,33,0,1813814,1813814,0,0,1813814,82304,10.95,1.07
310,2026-05-16 04:37:55,2,q61,0,10,55,1198,2044,15553,14841,12,33,0,0,0,5,5019183,0,0,1246748000,58473604,529345364,0,0,40,40,40,0,2360,2360,0,0,2360,40,12.98,1.2
311,2026-05-16 04:37:57,2,q62,0,6,21,474,465,3148,2964,27,27,0,0,0,77,99952,0,0,138730216,7220160,65081020,0,0,3360,8,8,0,288245,288245,0,0,288245,3360,6.64,0.47
312,2026-05-16 04:37:58,2,q63,0,6,26,698,681,7471,6818,28,30,0,0,0,704,109860,0,0,208020560,28922603,208413464,0,0,23455,21,21,0,656976,656976,0,0,656976,23455,10.7,0.7
313,2026-05-16 04:38:00,2,q64,0,23,175,7180,24926,101286,93133,185,231,2,912,0,6639,13538285,0,0,35316849912,50412111,700711284,0,0,52026303,2610,2610,0,1952985139,1952985139,0,0,1806780160,48487731,14.11,7.18
314,2026-05-16 04:38:09,2,q65,0,10,97,1863,3477,27532,24843,129,138,1,32,0,2543,9163433,0,0,7453136496,57723104,408922920,0,0,12372989,731,731,0,399898797,399898797,0,0,399898797,12372989,14.78,1.86
315,2026-05-16 04:38:12,2,q66,0,8,43,1181,1499,13465,11337,99,102,0,0,0,44,147441,0,0,1378107248,21660543,267079924,0,0,150,15,15,0,74527,74527,0,0,74527,150,11.4,1.18
316,2026-05-16 04:38:14,2,q67,0,6,44,7333,7279,87596,84115,65,69,0,984,0,2389,4629135,0,0,9374408584,28922603,234050328,0,0,14431398,399,399,0,1072760536,1072760536,0,0,1072760536,14431398,11.95,7.33
317,2026-05-16 04:38:22,2,q67a,0,14,184,10580,35447,144661,134801,323,354,0,1437,0,6201,4629135,0,0,26626034128,28922603,234050328,0,0,55818862,3158,3158,0,4147042899,4147042899,0,0,903537763,13249350,13.67,10.58
318,2026-05-16 04:38:34,2,q68,0,7,32,1176,1303,13688,12471,31,38,4,176,0,348,15301537,0,0,568481352,29577803,371418588,0,0,6174,20,20,0,505336,505336,0,0,505336,6174,11.64,1.18
319,2026-05-16 04:38:36,2,q69,0,11,86,856,1970,9133,7494,20,62,0,0,0,1394,28676289,0,0,3806916136,53091814,200782552,0,0,1902034,185,185,0,9728784,9728784,0,0,9728784,1902034,10.67,0.86
320,2026-05-16 04:38:38,2,q70,0,9,47,1273,1210,15186,13595,67,68,0,0,0,101,211360,0,0,1772898984,57621206,290080876,0,0,309,42,42,0,18928,18928,0,0,18928,309,11.93,1.27
321,2026-05-16 04:38:40,2,q70a,0,12,52,1182,1082,13033,12463,73,75,0,0,0,105,210240,0,0,902580896,57621206,290080876,0,0,360,87,87,0,25464,25464,0,0,13384,240,11.03,1.18
322,2026-05-16 04:38:43,2,q71,0,7,63,938,904,11201,10038,81,101,0,0,0,602,369637,0,0,956611448,50563014,444537276,0,0,32323,59,59,0,1848960,1848960,0,0,1095320,21167,11.94,0.94
323,2026-05-16 04:38:45,2,q72,0,14,113,19403,22107,256689,250861,105,138,1,1088,0,5728,13125980,0,0,25673044504,151146915,644064404,0,0,140763211,1535,1535,0,2029304873,2029304873,0,0,2029304873,140763211,13.23,19.4
324,2026-05-16 04:39:05,2,q73,0,8,32,573,776,6975,6367,32,37,2,0,0,287,16394969,0,0,480153792,29327803,108792300,0,0,5455,41,41,0,311887,311887,0,0,156253,2732,12.17,0.57
325,2026-05-16 04:39:07,2,q74,0,13,136,2457,8010,33352,27954,178,191,1,160,0,3848,15491653,0,0,15870045856,72541178,443524224,0,0,1787958,1199,1199,0,62159931,62159931,0,0,62159931,1787958,13.57,2.46
326,2026-05-16 04:39:10,2,q75,0,17,227,3351,9379,51283,43992,221,303,3,465,0,5279,13514234,0,0,16101206384,105981816,1121825600,0,0,12427820,1644,1644,0,280070291,280070291,0,0,194354746,8110306,15.3,3.35
327,2026-05-16 04:39:15,2,q76,0,4,60,810,782,10881,9682,70,90,0,0,0,710,917299,0,0,3851459368,50556063,446504972,0,0,5659,48,48,0,470467,470467,0,0,470467,5659,13.43,0.81
328,2026-05-16 04:39:17,2,q77,0,14,108,1180,4817,14960,13468,100,119,0,176,0,282,93748,0,0,933332440,55459104,591453576,0,0,2684,59,59,0,178445,178445,0,0,178445,2684,12.68,1.18
329,2026-05-16 04:39:19,2,q77a,0,17,113,1233,4760,14456,13325,125,131,0,0,0,354,93060,0,0,1472300312,55459104,591453576,0,0,3148,70,70,0,234010,234010,0,0,192514,2818,11.72,1.23
330,2026-05-16 04:39:21,2,q78,0,10,134,5122,11236,71671,66569,180,188,0,560,0,3653,13125937,0,0,20165576648,55458802,725754676,0,0,38475582,1020,1020,0,1136306789,1136306789,0,0,1136306789,38475582,13.99,5.12
331,2026-05-16 04:39:28,2,q79,0,7,33,1013,1172,13028,11471,35,37,2,240,0,545,12765592,0,0,1728629144,29327803,236280364,0,0,80466,63,63,0,3262576,3262576,0,0,3262576,80466,12.86,1.01
332,2026-05-16 04:39:30,2,q80,0,16,143,6162,23345,90358,85285,105,158,2,528,0,5712,14436200,0,0,12610724304,55573446,842234804,0,0,45134935,1065,1065,0,1332383393,1332383393,0,0,1332383393,45134935,14.66,6.16
333,2026-05-16 04:39:37,2,q80a,0,19,148,5805,14928,83121,78206,137,184,3,912,0,5057,14436372,0,0,13082583336,55573446,842234804,0,0,45135891,1076,1076,0,1332498886,1332498886,0,0,1332396136,45134865,14.32,5.8
334,2026-05-16 04:39:44,2,q81,0,11,54,711,1400,6286,5364,57,63,2,42,0,175,20721956,0,0,2470448864,3899764,134033468,0,0,805182,43,43,0,12400577,12400577,0,0,12400577,805182,8.84,0.71
335,2026-05-16 04:39:46,2,q82,0,6,61,1387,2291,16281,15541,43,56,0,0,0,826,158044,0,0,1658418336,162032501,523772300,0,0,13778665,364,364,0,137879558,137879558,0,0,137879558,28800829,11.74,1.39
336,2026-05-16 04:39:48,2,q83,0,10,50,658,1438,6593,5758,52,57,6,12,0,496,782379,0,0,1251194744,5358935,133356404,0,0,43961,14,14,0,759663,759663,0,0,759663,43961,10.02,0.66
337,2026-05-16 04:39:50,2,q84,0,7,36,613,314,1259,1175,16,24,0,0,0,0,14823436,0,0,1009709760,5555652,92599736,0,0,100,1,1,0,1865,1865,0,0,1865,100,2.05,0.61
338,2026-05-16 04:39:52,2,q85,0,9,54,1177,1099,4792,4392,37,54,2,54,0,10,24325081,0,0,8643243752,12032207,199886352,0,0,13,5,5,0,1363,1363,0,0,1363,13,4.07,1.18
339,2026-05-16 04:39:54,2,q86,0,5,21,377,337,2178,2027,22,23,0,0,0,63,1857112,0,0,839708176,7322088,83159892,0,0,1435,9,9,0,100665,100665,0,0,100665,1435,5.78,0.38
340,2026-05-16 04:39:55,2,q86a,0,8,26,409,345,1920,1789,30,30,0,0,0,73,1857112,0,0,1378675920,7322088,83159892,0,0,3829,30,30,0,289861,289861,0,0,110613,1499,4.69,0.41
341,2026-05-16 04:39:57,2,q87,0,10,103,2322,5371,29457,25300,119,130,1,320,0,1607,12765592,0,0,9259478720,50921014,172599812,0,0,1696919,655,655,0,45579387,45579387,0,0,45579387,1696919,12.69,2.32
342,2026-05-16 04:40:00,2,q88,0,26,178,1685,10885,24818,23141,19,98,0,0,0,21,46227,0,0,514952960,230611310,567567520,0,0,160,160,160,0,9440,9440,0,0,9440,160,14.73,1.68
343,2026-05-16 04:40:03,2,q89,0,6,28,892,872,10134,8791,36,34,0,224,0,811,110548,0,0,1685135776,28922603,208073496,0,0,76303,63,63,0,3843797,3843797,0,0,3843797,76303,11.36,0.89
344,2026-05-16 04:40:05,2,q90,0,8,38,243,381,2508,2308,11,19,0,0,0,4,38053,0,0,103596544,14447576,96855240,0,0,32,32,32,0,1839,1839,0,0,1839,32,10.32,0.24
345,2026-05-16 04:40:06,2,q91,0,10,39,515,587,3191,2997,35,40,0,0,0,4,9531965,0,0,1037410344,4137906,95493496,0,0,53,5,5,0,7711,7711,0,0,4761,34,6.2,0.52
346,2026-05-16 04:40:08,2,q92,0,7,39,364,616,4064,3703,24,36,0,0,0,193,711378,0,0,178103200,14522176,160597284,0,0,165703,25,25,0,2320717,2320717,0,0,2320717,165703,11.16,0.36
347,2026-05-16 04:40:09,2,q93,0,5,54,3818,5479,49185,47752,44,51,0,144,0,2271,144661,0,0,5766380072,31678178,290472956,0,0,31635854,527,527,0,755217841,755217841,0,0,755217841,31635854,12.88,3.82
348,2026-05-16 04:40:14,2,q94,0,8,66,1255,1834,15318,14184,55,65,0,0,0,581,2564011,0,0,3571011840,15390492,170744412,0,0,14397040,289,289,0,217867873,217867873,0,0,217867873,14397040,12.21,1.25
349,2026-05-16 04:40:16,2,q95,0,8,66,3494,4029,47514,40764,63,73,0,1398,0,515,2564726,0,0,14560086280,15390492,169052764,0,0,35990240,697,697,0,319722566,319722566,0,0,196775579,14395274,13.6,3.49
350,2026-05-16 04:40:21,2,q96,0,5,24,302,302,3095,2943,11,12,0,0,0,2,46227,0,0,63872480,28827803,72743008,0,0,20,20,20,0,1180,1180,0,0,1180,20,10.25,0.3
351,2026-05-16 04:40:22,2,q97,0,5,59,2169,2798,25530,22385,68,72,0,192,0,937,160565,0,0,6981533896,43220926,235198972,0,0,8385110,442,442,0,97810667,97810667,0,0,97810667,8385110,11.77,2.17
352,2026-05-16 04:40:25,2,q98,0,7,36,832,765,7058,6035,39,44,3,196,0,778,3268117,0,0,2428835400,28922501,222775700,0,0,113561,200,200,0,16121748,16121748,0,0,14133532,98397,8.48,0.83
353,2026-05-16 04:40:27,2,q99,0,6,25,774,765,7874,7359,30,32,0,0,0,66,124854,0,0,156567144,14420479,83039724,0,0,4320,6,6,0,342615,342615,0,0,342615,4320,10.17,0.77
354,2026-05-16 04:40:29,3,q1,0,10,62,691,1249,8479,7170,69,71,0,0,0,893,5073369,0,0,3337334424,6275366,135056392,0,0,1611249,182,182,0,25346946,25346946,0,0,25346946,1611249,12.27,0.69
355,2026-05-16 04:40:31,3,q2,0,9,44,615,551,5958,5354,51,60,0,0,0,224,751663,0,0,456068104,21713562,148645444,0,0,10012,86,86,0,606598,606598,0,0,212064,5256,9.69,0.62
356,2026-05-16 04:40:32,3,q3,0,4,24,552,541,6524,6123,24,27,0,0,0,396,93017,0,0,119963624,28975550,218073492,0,0,4427,20,20,0,327766,327766,0,0,327766,4427,11.82,0.55
357,2026-05-16 04:40:34,3,q4,0,19,230,5210,25626,72572,62548,355,387,4,1149,0,5715,36929021,0,0,33110414720,101342028,1462566352,0,0,3043920,2203,2203,0,199411825,199411825,0,0,199411825,3043920,13.93,5.21
358,2026-05-16 04:40:40,3,q5,0,10,122,1641,3305,22680,20153,140,172,2,195,0,370,16637665,0,0,2326268984,62671034,669825860,0,0,4669,52,52,0,322282,322282,0,0,322282,4669,13.82,1.64
359,2026-05-16 04:40:43,3,q5a,0,13,127,1791,3492,23577,21159,137,175,2,0,0,322,16637622,0,0,2865236856,62671034,669825860,0,0,6937,63,63,0,499511,499511,0,0,366537,5113,13.16,1.79
360,2026-05-16 04:40:46,3,q6,0,11,54,1540,3066,19887,18337,54,61,0,352,0,1078,2111032,0,0,5012926032,29847550,171773248,0,0,27358702,376,376,0,240395470,240395470,0,0,240395470,27358702,12.91,1.54
361,2026-05-16 04:40:49,3,q7,0,7,37,1028,1066,12573,11945,38,41,2,0,0,362,782379,0,0,1348673984,30843801,396665976,0,0,74456,42,42,0,2868939,2868939,0,0,2868939,74456,12.23,1.03
362,2026-05-16 04:40:51,3,q8,0,10,36,1229,1178,11858,11414,45,49,0,0,0,71,2361205,0,0,1773265248,29820603,166544624,0,0,6821,23,23,0,91247,91247,0,0,91247,6821,9.65,1.23
363,2026-05-16 04:40:53,3,q9,0,11,106,1044,4775,15328,13171,30,71,0,320,0,13,42437,0,0,0,144002550,892586500,0,0,100,100,100,0,8203,8203,0,0,8203,100,14.68,1.04
364,2026-05-16 04:40:55,3,q10,0,13,97,983,2614,10694,9360,37,75,2,221,0,1355,591880,0,0,1548608232,53091814,200979160,0,0,4321867,206,206,0,66692796,66692796,0,0,66692796,4321867,10.88,0.98
365,2026-05-16 04:40:57,3,q10a,0,10,96,624,1310,6749,6342,45,81,0,0,0,1106,154690,0,0,2070311648,53091814,200979160,0,0,4289247,299,299,0,66652230,66652230,0,0,66652230,4289247,10.82,0.62
366,2026-05-16 04:40:59,3,q11,0,15,151,2728,7826,33035,28536,212,216,3,320,0,3711,36928978,0,0,21825432864,72541178,558384256,0,0,2000907,1402,1402,0,125072303,125072303,0,0,125072303,2000907,12.11,2.73
367,2026-05-16 04:41:03,3,q12,0,5,22,399,357,1814,1670,25,25,0,0,0,100,3268117,0,0,907495032,7322088,87362388,0,0,30509,18,18,0,4274847,4274847,0,0,4274847,30509,4.55,0.4
368,2026-05-16 04:41:04,3,q13,0,7,36,1484,1529,18381,17740,24,23,0,0,0,3,1303419,0,0,691209280,30998603,484887020,0,0,20,20,20,0,1576,1576,0,0,1576,20,12.39,1.48
369,2026-05-16 04:41:07,3,q14a,0,30,279,6544,14785,74967,66854,327,380,0,1754,0,6225,1189316,0,0,11785006800,151671042,1013566564,0,0,62756112,631,631,0,882868642,882868642,0,0,879759850,62669588,11.46,6.54
370,2026-05-16 04:41:15,3,q14b,0,24,217,4411,10454,59925,54835,249,303,0,751,0,4444,1189316,0,0,10586315184,130216627,807813236,0,0,68503878,585,585,0,1017343738,1017343738,0,0,532894681,40996671,13.59,4.41
371,2026-05-16 04:41:21,3,q14,0,24,213,3274,8810,41484,38677,322,343,0,696,0,4362,1162249,0,0,9644006048,130216627,807813236,0,0,68363395,502,502,0,1007808595,1007808595,0,0,523359538,40856188,12.67,3.27
372,2026-05-16 04:41:25,3,q15,0,5,30,863,837,9191,8734,28,33,0,0,0,9,5019183,0,0,951797424,15170425,111969300,0,0,502,1,1,0,18324,18324,0,0,18324,502,10.65,0.86
373,2026-05-16 04:41:27,3,q16,0,8,77,1837,4811,26050,22736,55,73,0,256,0,2099,5380954,0,0,4852315440,30510756,281193476,0,0,28674690,697,697,0,416496049,416496049,0,0,416496049,28674690,14.18,1.84
374,2026-05-16 04:41:30,3,q17,0,10,95,4659,10327,62953,59355,78,101,1,960,0,4228,6944789,0,0,7880912176,46220660,373149500,0,0,45538041,1143,1143,0,1089607918,1089607918,0,0,1089607918,45538041,13.51,4.66
375,2026-05-16 04:41:36,3,q18,0,9,55,1102,1172,9894,9165,49,61,0,0,0,59,9716301,0,0,3208798744,19114025,324942364,0,0,56710,15,15,0,4005761,4005761,0,0,4005761,56710,8.98,1.1
376,2026-05-16 04:41:38,3,q18a,0,17,145,3562,11052,48294,42907,172,213,0,366,0,387,9716645,0,0,15030534080,77567725,1360325836,0,0,64904,45,45,0,4691358,4691358,0,0,4691358,64904,13.56,3.56
377,2026-05-16 04:41:43,3,q19,0,7,33,1194,1184,14865,13748,34,40,0,0,0,679,5019183,0,0,2270125704,29672603,259212608,0,0,10279,20,20,0,824093,824093,0,0,824093,10279,12.45,1.19
378,2026-05-16 04:41:45,3,q20,0,5,25,476,437,3717,3509,29,32,0,0,0,18,3268117,0,0,412686616,14522425,133660204,0,0,28486,2,2,0,3491832,3491832,0,0,3491832,28486,7.81,0.48
379,2026-05-16 04:41:46,3,q21,0,5,25,842,830,10361,9350,30,31,0,416,0,11,108097,0,0,208677936,133232010,404526284,0,0,31850,1,1,0,679321,679321,0,0,679321,31850,12.31,0.84
380,2026-05-16 04:41:48,3,q22,0,6,42,34372,34329,128281,127253,95,69,0,110,0,107,4629135,0,0,1903814832,133232010,401657020,0,0,1020310,102,102,0,42923377,42923377,0,0,42923377,1020310,3.73,34.37
381,2026-05-16 04:42:24,3,q22a,0,10,90,2580,3104,22426,19920,146,161,0,20,0,1813,4629135,0,0,8824939688,133232010,401994956,0,0,1428768,391,391,0,71097539,71097539,0,0,20107839,409288,8.69,2.58
382,2026-05-16 04:42:27,3,q23a,0,18,192,6597,12867,92166,85312,191,220,1,856,0,6379,6575826,0,0,14692224552,108664016,685793516,0,0,44598928,1266,1266,0,1130563014,1130563014,0,0,1097396384,42464388,13.97,6.6
383,2026-05-16 04:42:35,3,q23b,0,21,218,6560,13921,92435,85319,276,292,0,624,0,6123,6575783,0,0,27667565688,109164016,700757796,0,0,49830490,2576,2576,0,1222357965,1222357965,0,0,1109770631,42926870,14.09,6.56
384,2026-05-16 04:42:43,3,q24,0,8,64,2367,6717,32328,30581,46,59,1,7,0,2171,20636822,0,0,7068696000,32530235,313105664,0,0,29735885,510,510,0,678542980,678542980,0,0,678542980,29735885,13.66,2.37
385,2026-05-16 04:42:46,3,q24a,0,13,86,3583,5808,44614,42083,84,96,1,416,0,2635,18087253,0,0,16497845272,32632235,315722048,0,0,59478907,1052,1052,0,1358029658,1358029658,0,0,679486678,29743022,12.45,3.58
386,2026-05-16 04:42:51,3,q24b,0,13,86,2893,6386,34475,33086,98,97,1,432,0,2685,18087253,0,0,15891776752,32632235,315722048,0,0,59478765,1040,1040,0,1358005890,1358005890,0,0,679462910,29742880,11.92,2.89
387,2026-05-16 04:42:55,3,q25,0,10,95,4687,10440,63599,59988,76,101,1,640,0,4067,6944789,0,0,7880887560,46220660,473534268,0,0,45538038,1140,1140,0,1109139539,1109139539,0,0,1109139539,45538038,13.57,4.69
388,2026-05-16 04:43:01,3,q26,0,6,35,1062,1082,14493,13664,35,41,0,0,0,71,782379,0,0,609952456,16443725,237656336,0,0,36267,5,5,0,1280199,1280199,0,0,1280199,36267,13.65,1.06
389,2026-05-16 04:43:03,3,q27,0,7,37,1324,1371,16364,15389,41,43,0,0,0,667,782379,0,0,1751787312,30843403,369488532,0,0,59806,42,42,0,2526768,2526768,0,0,2526768,59806,12.36,1.32
390,2026-05-16 04:43:05,3,q27a,0,11,81,2344,4911,33021,30020,73,97,0,256,0,1440,782465,0,0,1135508272,88546507,1055705872,0,0,61693,63,63,0,2831800,2831800,0,0,2831800,61693,14.09,2.34
391,2026-05-16 04:43:09,3,q28,0,18,136,2308,12650,34223,28705,130,155,0,416,0,4110,59008,0,0,8489792560,172803006,1378799712,0,0,781558,210,210,0,12581279,12581279,0,0,12581279,781558,14.83,2.31
392,2026-05-16 04:43:12,3,q29,0,11,96,4508,10559,60639,58366,76,102,0,0,0,3847,6944746,0,0,7880995000,46240660,375583872,0,0,45538045,1145,1145,0,1089608693,1089608693,0,0,1089608693,45538045,13.45,4.51
393,2026-05-16 04:43:17,3,q30,0,11,51,682,1355,1743,1573,76,72,0,0,0,109,1992893,0,0,1012759832,2460548,94294236,0,0,755089,7,7,0,59269674,59269674,0,0,59269674,755089,2.56,0.68
394,2026-05-16 04:43:19,3,q31,0,19,122,1884,8399,24845,20715,130,144,0,248,0,2933,3832889,0,0,4117829512,108311767,642802012,0,0,117434,87,87,0,4204909,4204909,0,0,4096180,115594,13.19,1.88
395,2026-05-16 04:43:22,3,q32,0,7,46,584,1059,7870,7276,26,38,0,0,0,92,703508,0,0,120389400,28922850,252287700,0,0,55420,22,22,0,771615,771615,0,0,771615,55420,13.48,0.58
396,2026-05-16 04:43:24,3,q33,0,9,67,1253,2717,14969,14050,67,82,0,0,0,736,889109,0,0,1174579160,50875014,458721340,0,0,27903,32,32,0,740955,740955,0,0,740955,27903,11.95,1.25
397,2026-05-16 04:43:26,3,q34,0,8,32,723,931,8406,7865,30,37,2,0,0,296,16394969,0,0,480760000,29327803,108792300,0,0,20445,41,41,0,825499,825499,0,0,440524,10675,11.63,0.72
398,2026-05-16 04:43:28,3,q35,0,10,91,1102,2019,10509,8507,44,76,0,204,0,1709,23973725,0,0,8152529816,53091814,200643288,0,0,6056607,435,435,0,16222302,16222302,0,0,16222302,6056607,9.54,1.1
399,2026-05-16 04:43:30,3,q35a,0,9,91,904,1253,7043,5908,37,83,0,192,0,1404,23974155,0,0,7370292408,53091814,200643288,0,0,6053510,435,435,0,16233362,16233362,0,0,16233362,6053510,7.79,0.9
400,2026-05-16 04:43:32,3,q36,0,6,26,1017,979,11835,11115,29,33,0,0,0,239,1857112,0,0,1708074800,28922603,313431472,0,0,3328,21,21,0,266774,266774,0,0,266774,3328,11.64,1.02
401,2026-05-16 04:43:34,3,q36a,0,9,31,951,894,9638,9003,34,38,0,0,0,378,1857112,0,0,2247042672,28922603,313431472,0,0,9115,66,66,0,762198,762198,0,0,268898,3261,10.13,0.95
402,2026-05-16 04:43:36,3,q37,0,6,61,1078,1511,13171,11942,48,57,0,288,0,604,157657,0,0,886656304,147632425,483939876,0,0,4316414,350,350,0,66486052,66486052,0,0,66486052,14400617,12.22,1.08
403,2026-05-16 04:43:38,3,q38,0,10,103,2053,4721,26743,22546,128,128,1,427,0,2023,12765592,0,0,9259478720,50921014,172599812,0,0,1696919,655,655,0,45579387,45579387,0,0,45579387,1696919,13.03,2.05
404,2026-05-16 04:43:41,3,q39a,0,11,80,2014,3481,22522,21372,148,139,0,160,0,356,801878,0,0,2907388416,266362010,800363016,0,0,1567909,55,55,0,36859402,36859402,0,0,25188288,1057909,11.18,2.01
405,2026-05-16 04:43:44,3,q39b,0,11,80,1382,2577,16209,15692,124,137,0,177,0,166,520274,0,0,2839624192,266362010,800363016,0,0,1531488,55,55,0,35748102,35748102,0,0,24076988,1021488,11.73,1.38
406,2026-05-16 04:43:47,3,q40,0,7,57,1443,3151,20448,18548,43,57,0,0,0,2196,173485,0,0,4141621464,15962317,191987692,0,0,15748014,527,527,0,309869964,309869964,0,0,309869964,15748014,14.17,1.44
407,2026-05-16 04:43:49,3,q41,0,4,6,158,129,145,127,6,6,0,0,0,7,12426,0,0,202903480,204000,8796288,0,0,140,2,2,0,9680,9680,0,0,9680,140,0.92,0.16
408,2026-05-16 04:43:51,3,q42,0,4,24,433,422,5826,5509,28,30,0,0,0,56,93060,0,0,988287344,28922501,217999764,0,0,213,20,20,0,17628,17628,0,0,17628,213,13.45,0.43
409,2026-05-16 04:43:52,3,q43,0,4,23,609,589,7715,7172,26,30,0,0,0,71,93060,0,0,114629704,28820603,124815064,0,0,420,20,20,0,53679,53679,0,0,53679,420,12.67,0.61
410,2026-05-16 04:43:54,3,q44,0,8,55,691,770,7343,6267,46,58,0,160,0,679,1663884,0,0,1590617384,57703002,366972000,0,0,918228,230,230,0,12036635,12036635,0,0,6019981,459179,10.63,0.69
411,2026-05-16 04:43:55,3,q45,0,7,30,600,629,3505,3396,27,31,0,0,0,15,5019183,0,0,2009365456,8092088,103713212,0,0,29,8,8,0,2649,2649,0,0,2649,29,5.84,0.6
412,2026-05-16 04:43:57,3,q46,0,7,32,1042,1170,11879,10632,33,38,2,0,0,787,15301537,0,0,636469744,29577803,242181596,0,0,27957,20,20,0,1521656,1521656,0,0,1521656,27957,11.4,1.04
413,2026-05-16 04:43:59,3,q47,0,11,86,1859,2753,23342,19796,136,137,0,176,0,2724,2306610,0,0,7322879688,28922603,207733528,0,0,3818373,1127,1127,0,151259210,151259210,0,0,84699632,2137286,12.56,1.86
414,2026-05-16 04:44:02,3,q48,0,6,35,1284,1323,16385,15304,17,23,0,240,0,3,1323804,0,0,669220160,30991403,301313964,0,0,20,20,20,0,1180,1180,0,0,1180,20,12.76,1.28
415,2026-05-16 04:44:04,3,q49,0,16,142,1621,5965,23027,20406,78,133,0,512,0,2892,231070,0,0,5856700512,55458802,804352820,0,0,12389988,93,93,0,274278201,274278201,0,0,274278201,12389988,14.21,1.62
416,2026-05-16 04:44:07,3,q50,0,7,56,2186,4902,28908,27039,49,61,0,0,0,2184,370352,0,0,4687124776,31771284,229668436,0,0,29262054,527,527,0,629906613,629906613,0,0,629906613,29262054,13.22,2.19
417,2026-05-16 04:44:10,3,q51,0,10,139,3063,4543,43005,37506,183,202,0,896,0,3871,299557,0,0,10903457296,36020589,268592932,0,0,24476742,1913,1913,0,422014267,422014267,0,0,422014267,24476742,14.04,3.06
418,2026-05-16 04:44:14,3,q51a,0,14,205,20493,24263,269372,259748,278,345,0,2451,0,4645,459272,0,0,27854731368,36020589,268592932,0,0,47591212,2821,2821,0,791165500,791165500,0,0,577779396,36129246,13.14,20.49
419,2026-05-16 04:44:36,3,q52,0,4,24,468,455,6108,5792,29,28,0,0,0,288,93060,0,0,988287344,28922501,218130836,0,0,6454,20,20,0,437185,437185,0,0,437185,6454,13.05,0.47
420,2026-05-16 04:44:38,3,q53,0,6,26,671,653,7221,6605,31,31,0,0,0,669,109860,0,0,208086096,28922603,208409368,0,0,53600,21,21,0,1161234,1161234,0,0,1161234,53600,10.76,0.67
421,2026-05-16 04:44:39,3,q54,0,15,92,1538,5323,19394,17921,100,115,0,336,0,1183,5019183,0,0,2759946504,51386165,335330100,0,0,26873230,354,354,0,253109945,253109945,0,0,253109945,26873230,12.61,1.54
422,2026-05-16 04:44:42,3,q55,0,4,24,783,768,10407,9922,27,30,0,0,0,237,93060,0,0,1323831544,28922501,218130836,0,0,5425,20,20,0,355036,355036,0,0,355036,5425,13.29,0.78
423,2026-05-16 04:44:44,3,q56,0,9,67,1053,2440,13187,12266,73,82,0,0,0,604,463898,0,0,1166876624,50875014,458983484,0,0,11059,32,32,0,457061,457061,0,0,457061,11059,12.52,1.05
424,2026-05-16 04:44:46,3,q57,0,11,69,1511,2219,16704,14410,122,118,0,110,0,1042,2306610,0,0,5711730760,14522449,125179556,0,0,1216027,443,443,0,47668372,47668372,0,0,34698977,879253,11.05,1.51
425,2026-05-16 04:44:48,3,q58,0,10,65,1170,2600,13581,12448,65,79,0,0,0,829,782379,0,0,2946060536,50669112,424340116,0,0,265395,49,49,0,4277836,4277836,0,0,4277836,265395,11.61,1.17
426,2026-05-16 04:44:51,3,q59,0,10,47,1193,1292,12264,10764,49,60,0,8,0,1217,751663,0,0,2900014248,28913754,129977060,0,0,569924,420,420,0,22306867,22306867,0,0,11427409,303577,10.28,1.19
427,2026-05-16 04:44:53,3,q60,0,9,67,1439,3071,18077,16690,70,82,0,0,0,927,463898,0,0,1527124272,50875014,458917948,0,0,82304,33,33,0,1813814,1813814,0,0,1813814,82304,12.56,1.44
428,2026-05-16 04:44:55,3,q61,0,10,55,1295,2116,16283,14343,13,34,0,208,0,5,5019183,0,0,1246748000,58473604,529345364,0,0,40,40,40,0,2360,2360,0,0,2360,40,12.57,1.3
429,2026-05-16 04:44:58,3,q62,0,6,21,488,477,3340,3156,26,27,0,0,0,82,99952,0,0,138730216,7220160,65081020,0,0,3360,8,8,0,288245,288245,0,0,288245,3360,6.84,0.49
430,2026-05-16 04:44:59,3,q63,0,6,26,692,679,7437,6831,29,32,0,0,0,650,109860,0,0,208020560,28922603,208413464,0,0,23455,21,21,0,656976,656976,0,0,656976,23455,10.75,0.69
431,2026-05-16 04:45:01,3,q64,0,23,175,6895,27135,102404,95030,173,224,2,960,0,6743,13538371,0,0,35316849912,50412111,700711284,0,0,52026303,2610,2610,0,1952985139,1952985139,0,0,1806780160,48487731,14.85,6.9
432,2026-05-16 04:45:09,3,q65,0,10,97,1895,3480,28067,25585,130,139,1,0,0,2340,9163347,0,0,7453136496,57723104,408922920,0,0,12372989,731,731,0,399898797,399898797,0,0,399898797,12372989,14.81,1.9
433,2026-05-16 04:45:12,3,q66,0,8,43,982,1237,10578,8352,106,105,0,272,0,50,147441,0,0,1378107248,21660543,267079924,0,0,150,15,15,0,74527,74527,0,0,74527,150,10.77,0.98
434,2026-05-16 04:45:14,3,q67,0,6,44,7416,7362,88388,84915,66,67,0,1412,0,2656,4629135,0,0,9374408584,28922603,234050328,0,0,14431398,399,399,0,1072760536,1072760536,0,0,1072760536,14431398,11.92,7.42
435,2026-05-16 04:45:23,3,q67a,0,14,184,10414,35762,142774,133092,332,373,0,1286,0,6097,4629135,0,0,26626034128,28922603,234050328,0,0,55818862,3158,3158,0,4147042899,4147042899,0,0,903537763,13249350,13.71,10.41
436,2026-05-16 04:45:34,3,q68,0,7,32,1169,1307,13983,12396,32,39,2,0,0,248,15301537,0,0,568481352,29577803,371418588,0,0,6174,20,20,0,505336,505336,0,0,505336,6174,11.96,1.17
437,2026-05-16 04:45:37,3,q69,0,11,86,856,1772,7618,5962,21,63,0,195,0,1404,28676289,0,0,3806916136,53091814,200782552,0,0,1902034,185,185,0,9728784,9728784,0,0,9728784,1902034,8.9,0.86
438,2026-05-16 04:45:39,3,q70,0,9,47,1054,999,11962,10059,63,65,0,160,0,108,212048,0,0,1772898984,57621206,290080876,0,0,309,42,42,0,18928,18928,0,0,18928,309,11.35,1.05
439,2026-05-16 04:45:41,3,q70a,0,12,52,937,836,8977,8513,69,74,0,0,0,108,210240,0,0,902580896,57621206,290080876,0,0,360,87,87,0,25464,25464,0,0,13384,240,9.58,0.94
440,2026-05-16 04:45:43,3,q71,0,7,63,1003,966,12456,11358,84,99,0,0,0,535,369637,0,0,956611448,50563014,444537276,0,0,32323,59,59,0,1848960,1848960,0,0,1095320,21167,12.42,1.0
441,2026-05-16 04:45:45,3,q72,0,14,113,18669,21881,254440,248582,110,141,0,1232,0,5361,13126023,0,0,25673044504,151146915,644064404,0,0,140763211,1535,1535,0,2029304873,2029304873,0,0,2029304873,140763211,13.63,18.67
442,2026-05-16 04:46:04,3,q73,0,8,32,480,689,5369,4701,31,36,2,0,0,445,16394969,0,0,480153792,29327803,108792300,0,0,5455,41,41,0,311887,311887,0,0,156253,2732,11.19,0.48
443,2026-05-16 04:46:06,3,q74,0,13,136,2473,8047,33416,28573,176,191,1,144,0,3299,15491653,0,0,15870045856,72541178,443524224,0,0,1787958,1199,1199,0,62159931,62159931,0,0,62159931,1787958,13.51,2.47
444,2026-05-16 04:46:10,3,q75,0,17,227,3456,9282,52833,45291,229,303,2,304,0,5228,13514191,0,0,16101206384,105981816,1121825600,0,0,12427820,1644,1644,0,280070291,280070291,0,0,194354746,8110306,15.29,3.46
445,2026-05-16 04:46:14,3,q76,0,4,60,813,780,10766,9525,75,90,0,0,0,755,917299,0,0,3851459368,50556063,446504972,0,0,5659,48,48,0,470467,470467,0,0,470467,5659,13.24,0.81
446,2026-05-16 04:46:16,3,q77,0,14,108,1364,5679,17600,15577,118,124,0,240,0,393,93060,0,0,933332440,55459104,591453576,0,0,2684,59,59,0,178445,178445,0,0,178445,2684,12.9,1.36
447,2026-05-16 04:46:18,3,q77a,0,17,113,1444,5686,17575,16240,110,129,0,0,0,320,93060,0,0,1472300312,55459104,591453576,0,0,3148,70,70,0,234010,234010,0,0,192514,2818,12.17,1.44
448,2026-05-16 04:46:21,3,q78,0,10,134,5300,12353,74482,68802,188,189,1,548,0,3458,13125980,0,0,20165576648,55458802,725754676,0,0,38475582,1020,1020,0,1136306789,1136306789,0,0,1136306789,38475582,14.05,5.3
449,2026-05-16 04:46:27,3,q79,0,7,33,994,1140,11689,10360,35,38,1,208,0,601,12765592,0,0,1728629144,29327803,236280364,0,0,80466,63,63,0,3262576,3262576,0,0,3262576,80466,11.76,0.99
450,2026-05-16 04:46:30,3,q80,0,16,143,5908,21392,87402,82766,113,164,29,496,0,5019,14436114,0,0,12610724304,55573446,842234804,0,0,45134935,1065,1065,0,1332383393,1332383393,0,0,1332383393,45134935,14.79,5.91
451,2026-05-16 04:46:37,3,q80a,0,19,148,5895,15005,84990,80856,125,182,2,368,0,4973,14436329,0,0,13082583336,55573446,842234804,0,0,45135891,1076,1076,0,1332498886,1332498886,0,0,1332396136,45134865,14.42,5.9
452,2026-05-16 04:46:44,3,q81,0,11,54,745,1528,6914,6130,53,60,3,0,0,157,20721956,0,0,2470448864,3899764,134033468,0,0,805182,43,43,0,12400577,12400577,0,0,12400577,805182,9.28,0.74
453,2026-05-16 04:46:46,3,q82,0,6,61,1450,2472,17477,15522,47,55,0,546,0,1175,158044,0,0,1658418336,162032501,523772300,0,0,13778665,364,364,0,137879558,137879558,0,0,137879558,28800829,12.05,1.45
454,2026-05-16 04:46:48,3,q83,0,10,50,615,1332,5967,5315,47,58,0,0,0,376,782379,0,0,1251194744,5358935,133356404,0,0,43961,14,14,0,759663,759663,0,0,759663,43961,9.7,0.62
455,2026-05-16 04:46:50,3,q84,0,7,36,690,442,1288,1142,14,23,0,7,0,0,14823393,0,0,1009709760,5555652,92599736,0,0,100,1,1,0,1865,1865,0,0,1865,100,1.87,0.69
456,2026-05-16 04:46:51,3,q85,0,9,54,1225,1414,5934,5567,42,57,2,0,0,9,24325038,0,0,8643243752,12032207,199886352,0,0,13,5,5,0,1363,1363,0,0,1363,13,4.84,1.23
457,2026-05-16 04:46:54,3,q86,0,5,21,383,341,2207,2064,25,25,0,0,0,60,1857112,0,0,839708176,7322088,83159892,0,0,1435,9,9,0,100665,100665,0,0,100665,1435,5.76,0.38
458,2026-05-16 04:46:55,3,q86a,0,8,26,420,357,1985,1792,31,31,0,70,0,75,1857112,0,0,1378675920,7322088,83159892,0,0,3829,30,30,0,289861,289861,0,0,110613,1499,4.73,0.42
459,2026-05-16 04:46:57,3,q87,0,10,103,1962,4596,25157,21333,117,126,1,144,0,1887,12765592,0,0,9259478720,50921014,172599812,0,0,1696919,655,655,0,45579387,45579387,0,0,45579387,1696919,12.82,1.96
460,2026-05-16 04:47:00,3,q88,0,26,178,1841,11976,27462,25586,17,99,0,0,0,16,46098,0,0,514952960,230611310,567567520,0,0,160,160,160,0,9440,9440,0,0,9440,160,14.92,1.84
461,2026-05-16 04:47:03,3,q89,0,6,28,786,764,8108,6989,29,33,0,36,0,793,110032,0,0,1685135776,28922603,208073496,0,0,76303,63,63,0,3843797,3843797,0,0,3843797,76303,10.32,0.79
462,2026-05-16 04:47:04,3,q90,0,8,38,272,476,2970,2785,10,20,0,0,0,3,38053,0,0,103596544,14447576,96855240,0,0,32,32,32,0,1839,1839,0,0,1839,32,10.92,0.27
463,2026-05-16 04:47:06,3,q91,0,10,39,538,492,2593,2261,33,37,0,0,0,5,9531965,0,0,1037410344,4137906,95493496,0,0,53,5,5,0,7711,7711,0,0,4761,34,4.82,0.54
464,2026-05-16 04:47:07,3,q92,0,7,39,374,619,4098,3737,30,35,0,0,0,191,711378,0,0,178103200,14522176,160597284,0,0,165703,25,25,0,2320717,2320717,0,0,2320717,165703,10.96,0.37
465,2026-05-16 04:47:09,3,q93,0,5,54,3863,5525,49423,47520,40,53,0,240,0,2600,144661,0,0,5766380072,31678178,290472956,0,0,31635854,527,527,0,755217841,755217841,0,0,755217841,31635854,12.79,3.86
466,2026-05-16 04:47:14,3,q94,0,8,66,1533,2121,19687,18539,57,64,0,0,0,563,2564011,0,0,3571011840,15390492,170744412,0,0,14397040,289,289,0,217867873,217867873,0,0,217867873,14397040,12.84,1.53
467,2026-05-16 04:47:16,3,q95,0,8,66,3368,3989,43916,37251,55,73,0,1319,0,532,2564683,0,0,14560086280,15390492,169052764,0,0,35990240,697,697,0,319722566,319722566,0,0,196775579,14395274,13.04,3.37
468,2026-05-16 04:47:21,3,q96,0,5,24,272,270,3167,2491,10,12,0,0,0,2,46270,0,0,63872480,28827803,72743008,0,0,20,20,20,0,1180,1180,0,0,1180,20,11.64,0.27
469,2026-05-16 04:47:22,3,q97,0,5,59,2156,2896,27392,24296,73,72,0,348,0,892,160565,0,0,6981533896,43220926,235198972,0,0,8385110,442,442,0,97810667,97810667,0,0,97810667,8385110,12.71,2.16
470,2026-05-16 04:47:25,3,q98,0,7,36,922,856,8675,7575,38,44,3,196,0,825,3268117,0,0,2428835400,28922501,222775700,0,0,113561,200,200,0,16121748,16121748,0,0,14133532,98397,9.41,0.92
471,2026-05-16 04:47:27,3,q99,0,6,25,747,735,9247,8734,30,33,0,0,0,71,124854,0,0,156567144,14420479,83039724,0,0,4320,6,6,0,342615,342615,0,0,342615,4320,12.38,0.75
472,2026-05-16 04:47:29,4,q1,0,10,62,636,1113,7349,6161,60,67,0,0,0,894,5073369,0,0,3337334424,6275366,135056392,0,0,1611249,182,182,0,25346946,25346946,0,0,25346946,1611249,11.56,0.64
473,2026-05-16 04:47:31,4,q2,0,9,44,645,583,6675,5821,47,57,0,192,0,206,751663,0,0,456068104,21713562,148645444,0,0,10012,86,86,0,606598,606598,0,0,212064,5256,10.35,0.64
474,2026-05-16 04:47:32,4,q3,0,4,24,526,516,6051,5584,28,30,0,0,0,446,93060,0,0,119963624,28975550,218073492,0,0,4427,20,20,0,327766,327766,0,0,327766,4427,11.5,0.53
475,2026-05-16 04:47:34,4,q4,0,19,230,5325,25925,73870,64501,368,393,3,1168,0,5621,36928978,0,0,33110414720,101342028,1462566352,0,0,3043920,2203,2203,0,199411825,199411825,0,0,199411825,3043920,13.87,5.32
476,2026-05-16 04:47:40,4,q5,0,10,122,1516,2983,21450,18984,138,169,2,143,0,474,16637536,0,0,2326268984,62671034,669825860,0,0,4669,52,52,0,322282,322282,0,0,322282,4669,14.15,1.52
477,2026-05-16 04:47:43,4,q5a,0,13,127,1920,3837,25975,22528,143,178,2,256,0,418,16637536,0,0,2865236856,62671034,669825860,0,0,6937,63,63,0,499511,499511,0,0,366537,5113,13.53,1.92
478,2026-05-16 04:47:46,4,q6,0,11,54,1652,3308,22439,20998,50,58,0,288,0,1260,2111032,0,0,5012926032,29847550,171773248,0,0,27358702,376,376,0,240395470,240395470,0,0,240395470,27358702,13.58,1.65
479,2026-05-16 04:47:49,4,q7,0,7,37,1147,1164,14482,13695,37,43,0,0,0,339,782379,0,0,1348673984,30843801,396665976,0,0,74456,42,42,0,2868939,2868939,0,0,2868939,74456,12.63,1.15
480,2026-05-16 04:47:51,4,q8,0,10,36,897,854,8332,7839,47,48,0,0,0,76,2361205,0,0,1773265248,29820603,166544624,0,0,6821,23,23,0,91247,91247,0,0,91247,6821,9.29,0.9
481,2026-05-16 04:47:53,4,q9,0,11,106,1105,5043,16115,13886,25,73,2,368,0,24,42222,0,0,0,144002550,892586500,0,0,100,100,100,0,8203,8203,0,0,8203,100,14.58,1.1
482,2026-05-16 04:47:55,4,q10,0,13,97,922,2483,9949,8910,42,75,0,0,0,1198,591880,0,0,1548608232,53091814,200979160,0,0,4321867,206,206,0,66692796,66692796,0,0,66692796,4321867,10.79,0.92
483,2026-05-16 04:47:57,4,q10a,0,10,96,662,1428,7554,6549,37,81,0,302,0,1416,154776,0,0,2070311648,53091814,200979160,0,0,4289247,299,299,0,66652230,66652230,0,0,66652230,4289247,11.41,0.66
484,2026-05-16 04:47:59,4,q11,0,15,151,2703,7713,32640,28387,193,224,3,135,0,3820,36928978,0,0,21825432864,72541178,558384256,0,0,2000907,1402,1402,0,125072303,125072303,0,0,125072303,2000907,12.08,2.7
485,2026-05-16 04:48:03,4,q12,0,5,22,395,356,1762,1627,23,25,0,0,0,103,3268117,0,0,907495032,7322088,87362388,0,0,30509,18,18,0,4274847,4274847,0,0,4274847,30509,4.46,0.4
486,2026-05-16 04:48:04,4,q13,0,7,36,1621,1697,20441,19597,19,23,0,0,0,2,1303419,0,0,691209280,30998603,484887020,0,0,20,20,20,0,1576,1576,0,0,1576,20,12.61,1.62
487,2026-05-16 04:48:07,4,q14a,0,30,279,6361,15135,72546,64082,340,384,0,1153,0,6700,1189316,0,0,11785006800,151671042,1013566564,0,0,62756112,631,631,0,882868642,882868642,0,0,879759850,62669588,11.4,6.36
488,2026-05-16 04:48:15,4,q14b,0,24,217,4390,10999,57873,53483,260,300,0,675,0,4078,1189316,0,0,10586315184,130216627,807813236,0,0,68503878,585,585,0,1017343738,1017343738,0,0,532894681,40996671,13.18,4.39
489,2026-05-16 04:48:21,4,q14,0,24,213,3364,8859,42250,39619,321,349,0,704,0,4076,1162249,0,0,9644006048,130216627,807813236,0,0,68363395,502,502,0,1007808595,1007808595,0,0,523359538,40856188,12.56,3.36
490,2026-05-16 04:48:25,4,q15,0,5,30,941,915,10304,9640,28,32,0,208,0,9,5019183,0,0,951797424,15170425,111969300,0,0,502,1,1,0,18324,18324,0,0,18324,502,10.95,0.94
491,2026-05-16 04:48:27,4,q16,0,8,77,2090,4763,30623,27357,83,78,0,304,0,2677,5380997,0,0,4852315440,30510756,281193476,0,0,28674690,697,697,0,416496049,416496049,0,0,416496049,28674690,14.65,2.09
492,2026-05-16 04:48:30,4,q17,0,10,95,4507,9647,60939,57660,79,105,1,176,0,4284,6944789,0,0,7880912176,46220660,373149500,0,0,45538041,1143,1143,0,1089607918,1089607918,0,0,1089607918,45538041,13.52,4.51
493,2026-05-16 04:48:36,4,q18,0,9,55,1002,1221,8302,7349,137,62,0,132,0,56,9717032,0,0,3208798744,19114025,324942364,0,0,56710,15,15,0,4005761,4005761,0,0,4005761,56710,8.29,1.0
494,2026-05-16 04:48:38,4,q18a,0,17,145,3475,10877,46454,42334,163,219,0,256,0,334,9716430,0,0,15030534080,77567725,1360325836,0,0,64904,45,45,0,4691358,4691358,0,0,4691358,64904,13.37,3.48
495,2026-05-16 04:48:43,4,q19,0,7,33,1137,1134,13059,12236,33,37,0,0,0,590,5019183,0,0,2270125704,29672603,259212608,0,0,10279,20,20,0,824093,824093,0,0,824093,10279,11.49,1.14
496,2026-05-16 04:48:45,4,q20,0,5,25,561,520,3670,3457,30,32,0,0,0,17,3268117,0,0,412686616,14522425,133660204,0,0,28486,2,2,0,3491832,3491832,0,0,3491832,28486,6.54,0.56
497,2026-05-16 04:48:46,4,q21,0,5,25,958,945,10301,9948,28,31,0,0,0,11,107409,0,0,208677936,133232010,404526284,0,0,31850,1,1,0,679321,679321,0,0,679321,31850,10.75,0.96
498,2026-05-16 04:48:48,4,q22,0,6,42,34203,34159,127947,126859,95,69,0,200,0,126,4629135,0,0,1903814832,133232010,401657020,0,0,1020310,102,102,0,42923377,42923377,0,0,42923377,1020310,3.74,34.2
499,2026-05-16 04:49:24,4,q22a,0,10,90,2591,3099,21847,19194,150,162,0,24,0,1991,4629135,0,0,8824939688,133232010,401994956,0,0,1428768,391,391,0,71097539,71097539,0,0,20107839,409288,8.43,2.59
500,2026-05-16 04:49:27,4,q23a,0,18,192,6527,12606,91827,85418,182,215,1,852,0,5826,6575826,0,0,14692224552,108664016,685793516,0,0,44598928,1266,1266,0,1130563014,1130563014,0,0,1097396384,42464388,14.07,6.53
501,2026-05-16 04:49:35,4,q23b,0,21,218,7135,13347,94460,86205,341,322,1,1168,0,6524,6575826,0,0,27667565688,109164016,700757796,0,0,49830490,2576,2576,0,1222357965,1222357965,0,0,1109770631,42926870,13.24,7.14
502,2026-05-16 04:49:43,4,q24,0,8,64,2463,6889,33901,31836,47,59,1,165,0,2174,20636822,0,0,7068696000,32530235,313105664,0,0,29735885,510,510,0,678542980,678542980,0,0,678542980,29735885,13.76,2.46
503,2026-05-16 04:49:47,4,q24a,0,13,86,3511,6948,44512,42353,90,96,1,400,0,2474,18087253,0,0,16497845272,32632235,315722048,0,0,59478907,1052,1052,0,1358029658,1358029658,0,0,679486678,29743022,12.68,3.51
504,2026-05-16 04:49:51,4,q24b,0,13,86,2906,6496,34752,32831,94,96,1,416,0,3290,18087253,0,0,15891776752,32632235,315722048,0,0,59478765,1040,1040,0,1358005890,1358005890,0,0,679462910,29742880,11.96,2.91
505,2026-05-16 04:49:55,4,q25,0,10,95,4747,10701,64139,61273,81,102,1,416,0,3533,6944789,0,0,7880887560,46220660,473534268,0,0,45538038,1140,1140,0,1109139539,1109139539,0,0,1109139539,45538038,13.51,4.75
506,2026-05-16 04:50:01,4,q26,0,6,35,1283,1305,16392,15241,32,39,0,256,0,95,782379,0,0,609952456,16443725,237656336,0,0,36267,5,5,0,1280199,1280199,0,0,1280199,36267,12.78,1.28
507,2026-05-16 04:50:03,4,q27,0,7,37,1041,1069,11933,11018,36,42,0,0,0,642,782379,0,0,1751787312,30843403,369488532,0,0,59806,42,42,0,2526768,2526768,0,0,2526768,59806,11.46,1.04
508,2026-05-16 04:50:05,4,q27a,0,11,81,1950,4115,27277,24888,63,91,0,288,0,1222,782379,0,0,1135508272,88546507,1055705872,0,0,61693,63,63,0,2831800,2831800,0,0,2831800,61693,13.99,1.95
509,2026-05-16 04:50:08,4,q28,0,18,136,2289,12629,34079,29728,111,142,0,240,0,4133,58750,0,0,8489792560,172803006,1378799712,0,0,781558,210,210,0,12581279,12581279,0,0,12581279,781558,14.89,2.29
510,2026-05-16 04:50:12,4,q29,0,11,96,4532,10059,60078,57297,73,98,1,432,0,3720,6944789,0,0,7880995000,46240660,375583872,0,0,45538045,1145,1145,0,1089608693,1089608693,0,0,1089608693,45538045,13.26,4.53
511,2026-05-16 04:50:17,4,q30,0,11,51,698,1414,1805,1634,74,72,0,0,0,111,1992893,0,0,1012759832,2460548,94294236,0,0,755089,7,7,0,59269674,59269674,0,0,59269674,755089,2.59,0.7
512,2026-05-16 04:50:19,4,q31,0,19,122,2363,11255,32870,29339,126,140,0,0,0,2555,3832889,0,0,4117829512,108311767,642802012,0,0,117434,87,87,0,4204909,4204909,0,0,4096180,115594,13.91,2.36
513,2026-05-16 04:50:23,4,q32,0,7,46,648,1182,9015,7923,29,39,0,272,0,91,703508,0,0,120389400,28922850,252287700,0,0,55420,22,22,0,771615,771615,0,0,771615,55420,13.91,0.65
514,2026-05-16 04:50:24,4,q33,0,9,67,1268,2708,15548,14311,77,86,0,0,0,812,889109,0,0,1174579160,50875014,458721340,0,0,27903,32,32,0,740955,740955,0,0,740955,27903,12.26,1.27
515,2026-05-16 04:50:27,4,q34,0,8,32,724,935,8834,8273,29,36,2,0,0,316,16394969,0,0,480760000,29327803,108792300,0,0,20445,41,41,0,825499,825499,0,0,440524,10675,12.2,0.72
516,2026-05-16 04:50:28,4,q35,0,10,91,1176,2383,11817,8683,43,81,2,432,0,2456,23973768,0,0,8152529816,53091814,200643288,0,0,6056607,435,435,0,16222302,16222302,0,0,16222302,6056607,10.05,1.18
517,2026-05-16 04:50:31,4,q35a,0,9,91,900,1240,7043,6115,43,79,0,0,0,1406,23973725,0,0,7370292408,53091814,200643288,0,0,6053510,435,435,0,16233362,16233362,0,0,16233362,6053510,7.83,0.9
518,2026-05-16 04:50:33,4,q36,0,6,26,1135,1098,13769,12951,29,32,0,0,0,390,1857112,0,0,1708074800,28922603,313431472,0,0,3328,21,21,0,266774,266774,0,0,266774,3328,12.13,1.14
519,2026-05-16 04:50:35,4,q36a,0,9,31,1082,1026,11855,11261,37,41,0,56,0,236,1857112,0,0,2247042672,28922603,313431472,0,0,9115,66,66,0,762198,762198,0,0,268898,3261,10.96,1.08
520,2026-05-16 04:50:37,4,q37,0,6,61,1024,1506,12617,11491,40,56,0,416,0,582,157657,0,0,886656304,147632425,483939876,0,0,4316414,350,350,0,66486052,66486052,0,0,66486052,14400617,12.32,1.02
521,2026-05-16 04:50:39,4,q38,0,10,103,1935,4391,24088,20829,139,128,1,0,0,1620,12765592,0,0,9259478720,50921014,172599812,0,0,1696919,655,655,0,45579387,45579387,0,0,45579387,1696919,12.45,1.94
522,2026-05-16 04:50:42,4,q39a,0,11,80,2124,3686,24861,23509,146,141,0,176,0,384,801878,0,0,2907388416,266362010,800363016,0,0,1567909,55,55,0,36859402,36859402,0,0,25188288,1057909,11.7,2.12
523,2026-05-16 04:50:45,4,q39b,0,11,80,1552,2909,18289,16585,124,142,0,144,0,162,520274,0,0,2839624192,266362010,800363016,0,0,1531488,55,55,0,35748102,35748102,0,0,24076988,1021488,11.78,1.55
524,2026-05-16 04:50:48,4,q40,0,7,57,1537,3110,21059,18444,40,56,0,272,0,1832,174173,0,0,4141621464,15962317,191987692,0,0,15748014,527,527,0,309869964,309869964,0,0,309869964,15748014,13.7,1.54
525,2026-05-16 04:50:50,4,q41,0,4,6,155,126,139,122,6,6,0,0,0,7,12426,0,0,202903480,204000,8796288,0,0,140,2,2,0,9680,9680,0,0,9680,140,0.9,0.16
526,2026-05-16 04:50:52,4,q42,0,4,24,535,522,6106,5789,26,30,0,0,0,57,93060,0,0,988287344,28922501,217999764,0,0,213,20,20,0,17628,17628,0,0,17628,213,11.41,0.54
527,2026-05-16 04:50:53,4,q43,0,4,23,601,581,7466,6923,32,33,0,0,0,69,93060,0,0,114629704,28820603,124815064,0,0,420,20,20,0,53679,53679,0,0,53679,420,12.42,0.6
528,2026-05-16 04:50:55,4,q44,0,8,55,685,755,7235,6629,48,57,0,0,0,554,1663841,0,0,1590617384,57703002,366972000,0,0,918228,230,230,0,12036635,12036635,0,0,6019981,459179,10.56,0.68
529,2026-05-16 04:50:57,4,q45,0,7,30,472,507,2574,2467,25,28,0,0,0,15,5019183,0,0,2009365456,8092088,103713212,0,0,29,8,8,0,2649,2649,0,0,2649,29,5.45,0.47
530,2026-05-16 04:50:58,4,q46,0,7,32,1054,1189,12104,10442,34,39,2,0,0,1231,15301537,0,0,636469744,29577803,242181596,0,0,27957,20,20,0,1521656,1521656,0,0,1521656,27957,11.48,1.05
531,2026-05-16 04:51:00,4,q47,0,11,86,1883,2827,23231,19946,137,138,0,44,0,2765,2306610,0,0,7322879688,28922603,207733528,0,0,3818373,1127,1127,0,151259210,151259210,0,0,84699632,2137286,12.34,1.88
532,2026-05-16 04:51:03,4,q48,0,6,35,1376,1422,17233,16363,27,28,0,224,0,3,1323847,0,0,669220160,30991403,301313964,0,0,20,20,20,0,1180,1180,0,0,1180,20,12.52,1.38
533,2026-05-16 04:51:06,4,q49,0,16,142,1691,6418,24373,22048,87,134,0,384,0,2475,231070,0,0,5856700512,55458802,804352820,0,0,12389988,93,93,0,274278201,274278201,0,0,274278201,12389988,14.41,1.69
534,2026-05-16 04:51:08,4,q50,0,7,56,2320,4955,31520,28192,54,60,0,160,0,2547,370352,0,0,4687124776,31771284,229668436,0,0,29262054,527,527,0,629906613,629906613,0,0,629906613,29262054,13.59,2.32
535,2026-05-16 04:51:12,4,q51,0,10,139,2935,4231,40924,36068,186,205,0,784,6,4303,299557,0,0,10903457296,36020589,268592932,0,0,24476742,1913,1913,0,422014267,422014267,0,0,422014267,24476742,13.94,2.94
536,2026-05-16 04:51:16,4,q51a,0,14,205,20497,24568,270712,260791,314,356,0,2103,0,4542,459272,0,0,27854731368,36020589,268592932,0,0,47591212,2821,2821,0,791165500,791165500,0,0,577779396,36129246,13.21,20.5
537,2026-05-16 04:51:37,4,q52,0,4,24,543,531,6784,6168,25,28,3,0,0,513,93103,0,0,988287344,28922501,218130836,0,0,6454,20,20,0,437185,437185,0,0,437185,6454,12.49,0.54
538,2026-05-16 04:51:39,4,q53,0,6,26,709,688,7609,6954,32,33,0,0,0,677,109860,0,0,208086096,28922603,208409368,0,0,53600,21,21,0,1161234,1161234,0,0,1161234,53600,10.73,0.71
539,2026-05-16 04:51:41,4,q54,0,15,92,1536,5533,19780,18257,101,118,0,352,0,1283,5019183,0,0,2759946504,51386165,335330100,0,0,26873230,354,354,0,253109945,253109945,0,0,253109945,26873230,12.88,1.54
540,2026-05-16 04:51:43,4,q55,0,4,24,630,618,7213,6877,27,28,0,0,0,239,93060,0,0,1323831544,28922501,218130836,0,0,5425,20,20,0,355036,355036,0,0,355036,5425,11.45,0.63
541,2026-05-16 04:51:45,4,q56,0,9,67,1126,2594,13809,13044,72,90,0,0,0,390,463898,0,0,1166876624,50875014,458983484,0,0,11059,32,32,0,457061,457061,0,0,457061,11059,12.26,1.13
542,2026-05-16 04:51:47,4,q57,0,11,69,1670,2354,19664,17244,122,119,1,126,0,1199,2306610,0,0,5711730760,14522449,125179556,0,0,1216027,443,443,0,47668372,47668372,0,0,34698977,879253,11.77,1.67
543,2026-05-16 04:51:50,4,q58,0,10,65,1075,2272,11722,10642,70,81,0,0,0,888,782379,0,0,2946060536,50669112,424340116,0,0,265395,49,49,0,4277836,4277836,0,0,4277836,265395,10.9,1.08
544,2026-05-16 04:51:52,4,q59,0,10,47,1042,1140,10021,8545,51,59,0,0,0,1303,751663,0,0,2900014248,28913754,129977060,0,0,569924,420,420,0,22306867,22306867,0,0,11427409,303577,9.62,1.04
545,2026-05-16 04:51:54,4,q60,0,9,67,1200,2513,14410,12798,69,85,0,240,0,1050,463898,0,0,1527124272,50875014,458917948,0,0,82304,33,33,0,1813814,1813814,0,0,1813814,82304,12.01,1.2
546,2026-05-16 04:51:56,4,q61,0,10,55,1289,2205,16698,15940,14,31,0,0,0,7,5019183,0,0,1246748000,58473604,529345364,0,0,40,40,40,0,2360,2360,0,0,2360,40,12.95,1.29
547,2026-05-16 04:51:59,4,q62,0,6,21,490,479,3331,3144,28,27,0,0,0,79,99952,0,0,138730216,7220160,65081020,0,0,3360,8,8,0,288245,288245,0,0,288245,3360,6.8,0.49
548,2026-05-16 04:52:00,4,q63,0,6,26,617,599,6512,5774,26,28,0,0,0,744,109860,0,0,208020560,28922603,208413464,0,0,23455,21,21,0,656976,656976,0,0,656976,23455,10.55,0.62
549,2026-05-16 04:52:02,4,q64,0,23,175,7422,26851,104501,96603,172,223,6,560,0,6754,13538285,0,0,35316849912,50412111,700711284,0,0,52026303,2610,2610,0,1952985139,1952985139,0,0,1806780160,48487731,14.08,7.42
550,2026-05-16 04:52:11,4,q65,0,10,97,1794,3299,26495,22801,134,141,1,464,0,2756,9163347,0,0,7453136496,57723104,408922920,0,0,12372989,731,731,0,399898797,399898797,0,0,399898797,12372989,14.77,1.79
551,2026-05-16 04:52:14,4,q66,0,8,43,880,1149,7348,5913,91,99,0,0,0,44,147441,0,0,1378107248,21660543,267079924,0,0,150,15,15,0,74527,74527,0,0,74527,150,8.35,0.88
552,2026-05-16 04:52:16,4,q67,0,6,44,7390,7340,86735,83910,68,70,0,1164,0,2550,4629135,0,0,9374408584,28922603,234050328,0,0,14431398,399,399,0,1072760536,1072760536,0,0,1072760536,14431398,11.74,7.39
553,2026-05-16 04:52:24,4,q67a,0,14,184,10554,36107,145019,135820,326,367,0,894,0,6002,4629135,0,0,26626034128,28922603,234050328,0,0,55818862,3158,3158,0,4147042899,4147042899,0,0,903537763,13249350,13.74,10.55
554,2026-05-16 04:52:36,4,q68,0,7,32,1278,1414,15671,14439,39,40,5,112,0,284,15301580,0,0,568481352,29577803,371418588,0,0,6174,20,20,0,505336,505336,0,0,505336,6174,12.26,1.28
555,2026-05-16 04:52:38,4,q69,0,11,86,949,1997,9999,7907,18,62,0,176,0,1405,28676332,0,0,3806916136,53091814,200782552,0,0,1902034,185,185,0,9728784,9728784,0,0,9728784,1902034,10.54,0.95
556,2026-05-16 04:52:40,4,q70,0,9,47,1054,998,11799,11199,64,68,0,0,0,117,211360,0,0,1772898984,57621206,290080876,0,0,309,42,42,0,18928,18928,0,0,18928,309,11.19,1.05
557,2026-05-16 04:52:42,4,q70a,0,12,52,1114,1013,11799,11266,70,75,0,0,0,102,210240,0,0,902580896,57621206,290080876,0,0,360,87,87,0,25464,25464,0,0,13384,240,10.59,1.11
558,2026-05-16 04:52:44,4,q71,0,7,63,975,943,12071,11159,90,101,0,0,0,386,369637,0,0,956611448,50563014,444537276,0,0,32323,59,59,0,1848960,1848960,0,0,1095320,21167,12.38,0.98
559,2026-05-16 04:52:46,4,q72,0,14,113,19449,25820,256764,250561,112,137,0,1216,0,6461,13126324,0,0,25673044504,151146915,644064404,0,0,140763211,1535,1535,0,2029304873,2029304873,0,0,2029304873,140763211,13.2,19.45
560,2026-05-16 04:53:07,4,q73,0,8,32,584,791,7109,6512,31,38,2,0,0,184,16394969,0,0,480153792,29327803,108792300,0,0,5455,41,41,0,311887,311887,0,0,156253,2732,12.17,0.58
561,2026-05-16 04:53:09,4,q74,0,13,136,2657,8717,36446,30941,170,190,1,192,0,3299,15491653,0,0,15870045856,72541178,443524224,0,0,1787958,1199,1199,0,62159931,62159931,0,0,62159931,1787958,13.72,2.66
562,2026-05-16 04:53:12,4,q75,0,17,227,3220,8880,49234,41815,213,302,1,467,0,4882,13514234,0,0,16101206384,105981816,1121825600,0,0,12427820,1644,1644,0,280070314,280070314,0,0,194354769,8110306,15.29,3.22
563,2026-05-16 04:53:17,4,q76,0,4,60,1147,1115,15851,14762,72,92,0,0,0,444,917299,0,0,3851459368,50556063,446504972,0,0,5659,48,48,0,470467,470467,0,0,470467,5659,13.82,1.15
564,2026-05-16 04:53:19,4,q77,0,14,108,1179,4889,15084,13736,99,120,0,0,0,243,93060,0,0,933332440,55459104,591453576,0,0,2684,59,59,0,178445,178445,0,0,178445,2684,12.79,1.18
565,2026-05-16 04:53:21,4,q77a,0,17,113,1501,5953,18445,15770,103,130,0,304,0,302,93748,0,0,1472300312,55459104,591453576,0,0,3148,70,70,0,234010,234010,0,0,192514,2818,12.29,1.5
566,2026-05-16 04:53:24,4,q78,0,10,134,5022,11117,69103,64656,186,186,1,364,0,3562,13125937,0,0,20165576648,55458802,725754676,0,0,38475582,1020,1020,0,1136306789,1136306789,0,0,1136306789,38475582,13.76,5.02
567,2026-05-16 04:53:30,4,q79,0,7,33,1128,1284,14843,13567,32,39,1,176,0,558,12765592,0,0,1728629144,29327803,236280364,0,0,80466,63,63,0,3262576,3262576,0,0,3262576,80466,13.16,1.13
568,2026-05-16 04:53:32,4,q80,0,16,143,5905,21917,87868,83309,111,159,2,400,0,5150,14436114,0,0,12610724304,55573446,842234804,0,0,45134935,1065,1065,0,1332383393,1332383393,0,0,1332383393,45134935,14.88,5.9
569,2026-05-16 04:53:39,4,q80a,0,19,148,5675,14867,81869,77027,127,183,2,192,0,6005,14436286,0,0,13082583336,55573446,842234804,0,0,45135891,1076,1076,0,1332498886,1332498886,0,0,1332396136,45134865,14.43,5.68
570,2026-05-16 04:53:46,4,q81,0,11,54,650,1325,5476,4511,197,64,3,144,0,155,20721999,0,0,2470448864,3899764,134033468,0,0,805182,43,43,0,12400577,12400577,0,0,12400577,805182,8.42,0.65
571,2026-05-16 04:53:48,4,q82,0,6,61,1364,2226,16030,15142,47,55,0,0,0,1016,158044,0,0,1658418336,162032501,523772300,0,0,13778665,364,364,0,137879558,137879558,0,0,137879558,28800829,11.75,1.36
572,2026-05-16 04:53:50,4,q83,0,10,50,608,1167,5320,4133,245,60,0,0,0,295,782379,0,0,1251194744,5358935,133356404,0,0,43961,14,14,0,759663,759663,0,0,759663,43961,8.75,0.61
573,2026-05-16 04:53:52,4,q84,0,7,36,631,380,1538,1429,22,25,0,0,0,0,14823737,0,0,1009709760,5555652,92599736,0,0,100,1,1,0,1865,1865,0,0,1865,100,2.44,0.63
574,2026-05-16 04:53:53,4,q85,0,9,54,1271,1401,6035,5641,35,51,2,0,0,9,24325038,0,0,8643243752,12032207,199886352,0,0,13,5,5,0,1363,1363,0,0,1363,13,4.75,1.27
575,2026-05-16 04:53:56,4,q86,0,5,21,349,306,1910,1771,23,24,0,0,0,60,1857112,0,0,839708176,7322088,83159892,0,0,1435,9,9,0,100665,100665,0,0,100665,1435,5.47,0.35
576,2026-05-16 04:53:57,4,q86a,0,8,26,401,343,1890,1652,28,31,0,104,0,72,1857112,0,0,1378675920,7322088,83159892,0,0,3829,30,30,0,289861,289861,0,0,110613,1499,4.71,0.4
577,2026-05-16 04:53:59,4,q87,0,10,103,1984,4408,24855,21337,125,129,1,176,0,1841,12765592,0,0,9259478720,50921014,172599812,0,0,1696919,655,655,0,45579387,45579387,0,0,45579387,1696919,12.53,1.98
578,2026-05-16 04:54:02,4,q88,0,26,178,1544,10011,22942,21518,21,98,0,0,0,17,46270,0,0,514952960,230611310,567567520,0,0,160,160,160,0,9440,9440,0,0,9440,160,14.86,1.54
579,2026-05-16 04:54:04,4,q89,0,6,28,803,781,8672,7217,34,35,0,240,0,772,110548,0,0,1685135776,28922603,208073496,0,0,76303,63,63,0,3843797,3843797,0,0,3843797,76303,10.8,0.8
580,2026-05-16 04:54:06,4,q90,0,8,38,294,502,3467,3347,13,19,0,0,0,5,38053,0,0,103596544,14447576,96855240,0,0,32,32,32,0,1839,1839,0,0,1839,32,11.79,0.29
581,2026-05-16 04:54:08,4,q91,0,10,39,476,534,2904,2689,34,38,0,0,0,4,9531965,0,0,1037410344,4137906,95493496,0,0,53,5,5,0,7711,7711,0,0,4761,34,6.1,0.48
582,2026-05-16 04:54:09,4,q92,0,7,39,361,600,3948,3640,28,33,0,0,0,201,711378,0,0,178103200,14522176,160597284,0,0,165703,25,25,0,2320717,2320717,0,0,2320717,165703,10.94,0.36
583,2026-05-16 04:54:10,4,q93,0,5,54,3855,5439,48443,46976,38,50,0,144,0,2433,144661,0,0,5766380072,31678178,290472956,0,0,31635854,527,527,0,755217841,755217841,0,0,755217841,31635854,12.57,3.86
584,2026-05-16 04:54:15,4,q94,0,8,66,1278,1844,15496,14520,58,66,0,0,0,535,2564011,0,0,3571011840,15390492,170744412,0,0,14397040,289,289,0,217867873,217867873,0,0,217867873,14397040,12.13,1.28
585,2026-05-16 04:54:18,4,q95,0,8,66,3384,3844,44277,38596,63,71,0,936,0,543,2564726,0,0,14560086280,15390492,169052764,0,0,35990240,697,697,0,319722566,319722566,0,0,196775579,14395274,13.08,3.38
586,2026-05-16 04:54:22,4,q96,0,5,24,324,324,3617,2971,10,13,0,0,0,2,46270,0,0,63872480,28827803,72743008,0,0,20,20,20,0,1180,1180,0,0,1180,20,11.16,0.32
587,2026-05-16 04:54:24,4,q97,0,5,59,1955,2553,24032,19751,74,73,0,176,0,1558,160565,0,0,6981533896,43220926,235198972,0,0,8385110,442,442,0,97810667,97810667,0,0,97810667,8385110,12.29,1.96
588,2026-05-16 04:54:27,4,q98,0,7,36,916,853,8697,7729,42,44,3,24,0,896,3268117,0,0,2428835400,28922501,222775700,0,0,113561,200,200,0,16121748,16121748,0,0,14133532,98397,9.49,0.92
589,2026-05-16 04:54:28,4,q99,0,6,25,874,862,10972,10175,29,32,0,128,0,74,125542,0,0,156567144,14420479,83039724,0,0,4320,6,6,0,342615,342615,0,0,342615,4320,12.55,0.87
590,2026-05-16 04:54:30,5,q1,0,10,62,635,1110,7487,6137,73,71,0,20,0,909,5073369,0,0,3337334424,6275366,135056392,0,0,1611249,182,182,0,25346946,25346946,0,0,25346946,1611249,11.79,0.64
591,2026-05-16 04:54:32,5,q2,0,9,44,628,562,6168,5394,49,59,0,160,0,198,751663,0,0,456068104,21713562,148645444,0,0,10012,86,86,0,606598,606598,0,0,212064,5256,9.82,0.63
592,2026-05-16 04:54:34,5,q3,0,4,24,521,513,6074,5644,23,28,0,0,0,403,93060,0,0,119963624,28975550,218073492,0,0,4427,20,20,0,327766,327766,0,0,327766,4427,11.66,0.52
593,2026-05-16 04:54:35,5,q4,0,19,230,5452,26050,74476,61697,390,403,3,1481,0,6659,36928978,0,0,33110414720,101342028,1462566352,0,0,3043920,2203,2203,0,199411825,199411825,0,0,199411825,3043920,13.66,5.45
594,2026-05-16 04:54:42,5,q5,0,10,122,1716,3527,24087,21335,132,170,2,182,0,463,16637536,0,0,2326268984,62671034,669825860,0,0,4669,52,52,0,322282,322282,0,0,322282,4669,14.04,1.72
595,2026-05-16 04:54:45,5,q5a,0,13,127,1758,3336,22654,20449,138,177,2,8,0,364,16637579,0,0,2865236856,62671034,669825860,0,0,6937,63,63,0,499511,499511,0,0,366537,5113,12.89,1.76
596,2026-05-16 04:54:48,5,q6,0,11,54,1894,3577,25985,23804,52,60,0,432,0,1454,2111075,0,0,5012926032,29847550,171773248,0,0,27358702,376,376,0,240395470,240395470,0,0,240395470,27358702,13.72,1.89
597,2026-05-16 04:54:51,5,q7,0,7,37,1281,1307,16628,15838,36,42,0,0,0,347,782379,0,0,1348673984,30843801,396665976,0,0,74456,42,42,0,2868939,2868939,0,0,2868939,74456,12.98,1.28
598,2026-05-16 04:54:53,5,q8,0,10,36,1113,1063,11244,10751,48,50,0,0,0,76,2361205,0,0,1773265248,29820603,166544624,0,0,6821,23,23,0,91247,91247,0,0,91247,6821,10.1,1.11
599,2026-05-16 04:54:55,5,q9,0,11,106,993,4437,14196,12835,21,68,0,352,0,14,42523,0,0,0,144002550,892586500,0,0,100,100,100,0,8203,8203,0,0,8203,100,14.3,0.99
600,2026-05-16 04:54:57,5,q10,0,13,97,973,2595,10918,9861,37,73,0,0,0,1215,591880,0,0,1548608232,53091814,200979160,0,0,4321867,206,206,0,66692796,66692796,0,0,66692796,4321867,11.22,0.97
601,2026-05-16 04:54:59,5,q10a,0,10,96,717,1531,7597,6480,30,79,0,368,0,1365,154690,0,0,2070311648,53091814,200979160,0,0,4289247,299,299,0,66652230,66652230,0,0,66652230,4289247,10.6,0.72
602,2026-05-16 04:55:01,5,q11,0,15,151,2706,7649,32597,27911,215,223,3,464,0,3712,36928978,0,0,21825432864,72541178,558384256,0,0,2000907,1402,1402,0,125072303,125072303,0,0,125072303,2000907,12.05,2.71
603,2026-05-16 04:55:05,5,q12,0,5,22,553,512,2928,2774,24,24,0,0,0,103,3268117,0,0,907495032,7322088,87362388,0,0,30509,18,18,0,4274847,4274847,0,0,4274847,30509,5.29,0.55
604,2026-05-16 04:55:06,5,q13,0,7,36,1492,1555,18717,17902,19,25,0,0,0,2,1303333,0,0,691209280,30998603,484887020,0,0,20,20,20,0,1576,1576,0,0,1576,20,12.54,1.49
605,2026-05-16 04:55:09,5,q14a,0,30,279,6324,14341,72944,65099,357,410,0,1271,0,6788,1189316,0,0,11785006800,151671042,1013566564,0,0,62756112,631,631,0,882868642,882868642,0,0,879759850,62669588,11.53,6.32
606,2026-05-16 04:55:17,5,q14b,0,24,217,4533,10833,59888,55079,303,298,0,535,0,4659,1189316,0,0,10586315184,130216627,807813236,0,0,68503878,585,585,0,1017343738,1017343738,0,0,532894681,40996671,13.21,4.53
607,2026-05-16 04:55:23,5,q14,0,24,213,3256,8492,40618,38664,401,364,0,512,0,3891,1162249,0,0,9644006048,130216627,807813236,0,0,68363395,502,502,0,1007808595,1007808595,0,0,523359538,40856188,12.47,3.26
608,2026-05-16 04:55:27,5,q15,0,5,30,926,900,10318,9952,29,32,0,0,0,9,5019183,0,0,951797424,15170425,111969300,0,0,502,1,1,0,18324,18324,0,0,18324,502,11.14,0.93
609,2026-05-16 04:55:29,5,q16,0,8,77,2041,5158,28870,26002,62,77,0,352,0,2231,5381040,0,0,4852315440,30510756,281193476,0,0,28674690,697,697,0,416496049,416496049,0,0,416496049,28674690,14.15,2.04
610,2026-05-16 04:55:32,5,q17,0,10,95,4563,10022,60987,58264,78,102,1,0,0,4074,6944789,0,0,7880912176,46220660,373149500,0,0,45538041,1143,1143,0,1089607918,1089607918,0,0,1089607918,45538041,13.37,4.56
611,2026-05-16 04:55:38,5,q18,0,9,55,1001,1100,7242,6609,50,60,0,0,0,53,9716344,0,0,3208798744,19114025,324942364,0,0,56710,15,15,0,4005761,4005761,0,0,4005761,56710,7.23,1.0
612,2026-05-16 04:55:40,5,q18a,0,17,145,3357,10549,43303,39572,176,212,0,0,0,319,9716516,0,0,15030534080,77567725,1360325836,0,0,64904,45,45,0,4691358,4691358,0,0,4691358,64904,12.9,3.36
613,2026-05-16 04:55:45,5,q19,0,7,33,1174,1168,13518,12586,35,38,0,0,0,690,5019183,0,0,2270125704,29672603,259212608,0,0,10279,20,20,0,824093,824093,0,0,824093,10279,11.51,1.17
614,2026-05-16 04:55:47,5,q20,0,5,25,503,461,3556,3341,26,29,0,0,0,17,3268117,0,0,412686616,14522425,133660204,0,0,28486,2,2,0,3491832,3491832,0,0,3491832,28486,7.07,0.5
615,2026-05-16 04:55:48,5,q21,0,5,25,821,809,10008,9346,28,31,0,176,0,11,108097,0,0,208677936,133232010,404526284,0,0,31850,1,1,0,679321,679321,0,0,679321,31850,12.19,0.82
616,2026-05-16 04:55:50,5,q22,0,6,42,33232,33189,124544,123514,94,67,0,136,0,107,4629135,0,0,1903814832,133232010,401657020,0,0,1020310,102,102,0,42923377,42923377,0,0,42923377,1020310,3.75,33.23
617,2026-05-16 04:56:25,5,q22a,0,10,90,2481,2959,20614,18202,146,157,0,0,0,1696,4629135,0,0,8824939688,133232010,401994956,0,0,1428768,391,391,0,71097539,71097539,0,0,20107839,409288,8.31,2.48
618,2026-05-16 04:56:28,5,q23a,0,18,192,6534,12696,91324,83902,231,225,1,1477,0,5809,6575869,0,0,14692224552,108664016,685793516,0,0,44598928,1266,1266,0,1130563014,1130563014,0,0,1097396384,42464388,13.98,6.53
619,2026-05-16 04:56:36,5,q23b,0,21,218,6935,12974,91144,84152,361,317,0,1056,0,6187,6575783,0,0,27667565688,109164016,700757796,0,0,49830490,2576,2576,0,1222357965,1222357965,0,0,1109770631,42926870,13.14,6.94
620,2026-05-16 04:56:44,5,q24,0,8,64,2318,6733,32028,30156,47,60,2,0,0,2173,20636822,0,0,7068696000,32530235,313105664,0,0,29735885,510,510,0,678542980,678542980,0,0,678542980,29735885,13.82,2.32
621,2026-05-16 04:56:47,5,q24a,0,13,86,3619,7344,45081,41674,99,96,1,284,0,3724,18087296,0,0,16497845272,32632235,315722048,0,0,59478907,1052,1052,0,1358029658,1358029658,0,0,679486678,29743022,12.46,3.62
622,2026-05-16 04:56:52,5,q24b,0,13,86,2895,6161,33577,32663,86,98,1,112,0,2486,18087253,0,0,15891776752,32632235,315722048,0,0,59478765,1040,1040,0,1358005890,1358005890,0,0,679462910,29742880,11.6,2.9
623,2026-05-16 04:56:56,5,q25,0,10,95,4643,10372,62766,60144,76,102,1,0,0,4134,6944789,0,0,7880887560,46220660,473534268,0,0,45538038,1140,1140,0,1109139539,1109139539,0,0,1109139539,45538038,13.52,4.64
624,2026-05-16 04:57:02,5,q26,0,6,35,1108,1125,15343,14551,33,39,0,0,0,63,782379,0,0,609952456,16443725,237656336,0,0,36267,5,5,0,1280199,1280199,0,0,1280199,36267,13.85,1.11
625,2026-05-16 04:57:04,5,q27,0,7,37,1122,1167,12994,11416,37,43,0,382,0,696,782379,0,0,1751787312,30843403,369488532,0,0,59806,42,42,0,2526768,2526768,0,0,2526768,59806,11.58,1.12
626,2026-05-16 04:57:06,5,q27a,0,11,81,1979,3962,27595,25180,70,95,0,0,0,1446,782379,0,0,1135508272,88546507,1055705872,0,0,61693,63,63,0,2831800,2831800,0,0,2831800,61693,13.94,1.98
627,2026-05-16 04:57:09,5,q28,0,18,136,2294,12567,34089,28834,132,156,3,288,0,4106,58965,0,0,8489792560,172803006,1378799712,0,0,781558,210,210,0,12581279,12581279,0,0,12581279,781558,14.86,2.29
628,2026-05-16 04:57:12,5,q29,0,11,96,4511,10147,60431,57430,78,105,1,536,0,4072,6944789,0,0,7880995000,46240660,375583872,0,0,45538045,1145,1145,0,1089608693,1089608693,0,0,1089608693,45538045,13.4,4.51
629,2026-05-16 04:57:18,5,q30,0,11,51,696,1370,1836,1586,78,74,0,0,0,121,1992893,0,0,1012759832,2460548,94294236,0,0,755089,7,7,0,59269674,59269674,0,0,59269674,755089,2.64,0.7
630,2026-05-16 04:57:20,5,q31,0,19,122,1993,9531,28152,24332,118,138,0,0,0,3094,3832889,0,0,4117829512,108311767,642802012,0,0,117434,87,87,0,4204909,4204909,0,0,4096180,115594,14.13,1.99
631,2026-05-16 04:57:23,5,q32,0,7,46,625,1133,8621,7946,24,39,0,0,0,125,703508,0,0,120389400,28922850,252287700,0,0,55420,22,22,0,771615,771615,0,0,771615,55420,13.79,0.62
632,2026-05-16 04:57:24,5,q33,0,9,67,1182,2593,14301,13037,70,83,0,176,0,705,889109,0,0,1174579160,50875014,458721340,0,0,27903,32,32,0,740955,740955,0,0,740955,27903,12.1,1.18
633,2026-05-16 04:57:27,5,q34,0,8,32,759,964,9150,7596,36,36,2,176,0,376,16394969,0,0,480760000,29327803,108792300,0,0,20445,41,41,0,825499,825499,0,0,440524,10675,12.06,0.76
634,2026-05-16 04:57:28,5,q35,0,10,91,1101,2185,11306,9618,49,78,0,0,0,1383,23973725,0,0,8152529816,53091814,200643288,0,0,6056607,435,435,0,16222302,16222302,0,0,16222302,6056607,10.27,1.1
635,2026-05-16 04:57:31,5,q35a,0,9,91,931,1392,7857,6512,37,83,0,0,0,1662,23973682,0,0,7370292408,53091814,200643288,0,0,6053510,435,435,0,16233362,16233362,0,0,16233362,6053510,8.44,0.93
636,2026-05-16 04:57:33,5,q36,0,6,26,863,826,9510,8861,31,34,0,0,0,232,1857112,0,0,1708074800,28922603,313431472,0,0,3328,21,21,0,266774,266774,0,0,266774,3328,11.02,0.86
637,2026-05-16 04:57:35,5,q36a,0,9,31,998,942,10830,9870,38,39,16,256,0,479,1857112,0,0,2247042672,28922603,313431472,0,0,9115,66,66,0,762198,762198,0,0,268898,3261,10.85,1.0
638,2026-05-16 04:57:37,5,q37,0,6,61,1020,1447,12532,11665,45,57,0,208,0,609,157657,0,0,886656304,147632425,483939876,0,0,4316414,350,350,0,66486052,66486052,0,0,66486052,14400617,12.29,1.02
639,2026-05-16 04:57:39,5,q38,0,10,103,1989,4527,25434,21903,127,128,1,0,0,1756,12765592,0,0,9259478720,50921014,172599812,0,0,1696919,655,655,0,45579387,45579387,0,0,45579387,1696919,12.79,1.99
640,2026-05-16 04:57:42,5,q39a,0,11,80,2072,3692,24579,21577,147,134,0,320,0,391,801878,0,0,2907388416,266362010,800363016,0,0,1567909,55,55,0,36859402,36859402,0,0,25188288,1057909,11.86,2.07
641,2026-05-16 04:57:45,5,q39b,0,11,80,1401,2579,16035,15785,126,137,0,48,0,158,520274,0,0,2839624192,266362010,800363016,0,0,1531488,55,55,0,35748102,35748102,0,0,24076988,1021488,11.45,1.4
642,2026-05-16 04:57:47,5,q40,0,7,57,1586,3137,22118,20530,46,57,0,96,0,1638,173485,0,0,4141621464,15962317,191987692,0,0,15748014,527,527,0,309869964,309869964,0,0,309869964,15748014,13.95,1.59
643,2026-05-16 04:57:50,5,q41,0,4,6,152,122,135,118,6,6,0,0,0,7,12426,0,0,202903480,204000,8796288,0,0,140,2,2,0,9680,9680,0,0,9680,140,0.89,0.15
644,2026-05-16 04:57:51,5,q42,0,4,24,465,453,6254,5975,27,29,0,0,0,54,93060,0,0,988287344,28922501,217999764,0,0,213,20,20,0,17628,17628,0,0,17628,213,13.45,0.46
645,2026-05-16 04:57:53,5,q43,0,4,23,593,572,7364,6680,30,32,0,0,0,69,93060,0,0,114629704,28820603,124815064,0,0,420,20,20,0,53679,53679,0,0,53679,420,12.42,0.59
646,2026-05-16 04:57:54,5,q44,0,8,55,688,741,7234,6626,51,60,1,0,0,600,1663884,0,0,1590617384,57703002,366972000,0,0,918228,230,230,0,12036635,12036635,0,0,6019981,459179,10.51,0.69
647,2026-05-16 04:57:56,5,q45,0,7,30,578,608,3364,3226,28,31,0,0,0,22,5019183,0,0,2009365456,8092088,103713212,0,0,29,8,8,0,2649,2649,0,0,2649,29,5.82,0.58
648,2026-05-16 04:57:58,5,q46,0,7,32,1113,1249,12971,11719,32,40,2,0,0,778,15301537,0,0,636469744,29577803,242181596,0,0,27957,20,20,0,1521656,1521656,0,0,1521656,27957,11.65,1.11
649,2026-05-16 04:58:00,5,q47,0,11,86,2011,2895,25450,21280,137,143,0,272,0,3022,2306610,0,0,7322879688,28922603,207733528,0,0,3818373,1127,1127,0,151259210,151259210,0,0,84699632,2137286,12.66,2.01
650,2026-05-16 04:58:03,5,q48,0,6,35,1076,1129,13234,12190,21,24,0,256,0,3,1323761,0,0,669220160,30991403,301313964,0,0,20,20,20,0,1180,1180,0,0,1180,20,12.3,1.08
651,2026-05-16 04:58:05,5,q49,0,16,142,1673,6231,24037,21870,125,139,0,256,0,2672,231070,0,0,5856700512,55458802,804352820,0,0,12389988,93,93,0,274278201,274278201,0,0,274278201,12389988,14.37,1.67
652,2026-05-16 04:58:08,5,q50,0,7,56,2260,4794,29296,26470,50,56,1,176,0,2108,370352,0,0,4687124776,31771284,229668436,0,0,29262054,527,527,0,629906613,629906613,0,0,629906613,29262054,12.96,2.26
653,2026-05-16 04:58:11,5,q51,0,10,139,2877,3866,39119,35451,192,212,0,0,0,3972,299557,0,0,10903457296,36020589,268592932,0,0,24476742,1913,1913,0,422014267,422014267,0,0,422014267,24476742,13.6,2.88
654,2026-05-16 04:58:15,5,q51a,0,14,205,20454,24315,269441,257984,329,348,0,2978,0,4630,459272,0,0,27854731368,36020589,268592932,0,0,47591212,2821,2821,0,791165500,791165500,0,0,577779396,36129246,13.17,20.45
655,2026-05-16 04:58:37,5,q52,0,4,24,608,597,6579,6109,25,28,0,0,0,452,93060,0,0,988287344,28922501,218130836,0,0,6454,20,20,0,437185,437185,0,0,437185,6454,10.82,0.61
656,2026-05-16 04:58:38,5,q53,0,6,26,644,623,6775,6153,29,29,0,0,0,659,109860,0,0,208086096,28922603,208409368,0,0,53600,21,21,0,1161234,1161234,0,0,1161234,53600,10.52,0.64
657,2026-05-16 04:58:40,5,q54,0,15,92,1602,5496,20403,18999,98,117,0,384,0,1173,5019183,0,0,2759946504,51386165,335330100,0,0,26873230,354,354,0,253109945,253109945,0,0,253109945,26873230,12.74,1.6
658,2026-05-16 04:58:43,5,q55,0,4,24,548,537,5820,5443,26,27,0,0,0,314,93017,0,0,1323831544,28922501,218130836,0,0,5425,20,20,0,355036,355036,0,0,355036,5425,10.62,0.55
659,2026-05-16 04:58:44,5,q56,0,9,67,832,1947,9912,9014,69,84,0,0,0,621,463898,0,0,1166876624,50875014,458983484,0,0,11059,32,32,0,457061,457061,0,0,457061,11059,11.91,0.83
660,2026-05-16 04:58:46,5,q57,0,11,69,1467,1996,15995,13182,123,118,0,0,0,1090,2306610,0,0,5711730760,14522449,125179556,0,0,1216027,443,443,0,47668372,47668372,0,0,34698977,879253,10.9,1.47
661,2026-05-16 04:58:49,5,q58,0,10,65,1231,2689,14331,13158,65,82,0,0,0,997,782379,0,0,2946060536,50669112,424340116,0,0,265395,49,49,0,4277836,4277836,0,0,4277836,265395,11.64,1.23
662,2026-05-16 04:58:51,5,q59,0,10,47,1145,1236,11047,9878,51,59,0,0,0,1042,751663,0,0,2900014248,28913754,129977060,0,0,569924,420,420,0,22306867,22306867,0,0,11427409,303577,9.65,1.14
663,2026-05-16 04:58:53,5,q60,0,9,67,1250,2789,16327,14549,75,87,0,432,0,1028,463898,0,0,1527124272,50875014,458917948,0,0,82304,33,33,0,1813814,1813814,0,0,1813814,82304,13.06,1.25
664,2026-05-16 04:58:55,5,q61,0,10,55,1224,1915,16110,15434,12,31,0,0,0,5,5019183,0,0,1246748000,58473604,529345364,0,0,40,40,40,0,2360,2360,0,0,2360,40,13.16,1.22
665,2026-05-16 04:58:58,5,q62,0,6,21,454,443,3112,2927,23,25,0,0,0,80,99952,0,0,138730216,7220160,65081020,0,0,3360,8,8,0,288245,288245,0,0,288245,3360,6.85,0.45
666,2026-05-16 04:58:59,5,q63,0,6,26,639,621,6568,5989,28,30,0,0,0,660,109817,0,0,208020560,28922603,208413464,0,0,23455,21,21,0,656976,656976,0,0,656976,23455,10.28,0.64
667,2026-05-16 04:59:01,5,q64,0,23,175,6882,26617,101734,95094,163,222,2,304,0,6504,13538285,0,0,35316849912,50412111,700711284,0,0,52026303,2610,2610,0,1952985139,1952985139,0,0,1806780160,48487731,14.78,6.88
668,2026-05-16 04:59:09,5,q65,0,10,97,1903,3559,28220,26119,129,134,1,0,0,2152,9163347,0,0,7453136496,57723104,408922920,0,0,12372989,731,731,0,399898797,399898797,0,0,399898797,12372989,14.83,1.9
669,2026-05-16 04:59:12,5,q66,0,8,43,1125,1678,10824,9068,104,105,0,0,0,44,147441,0,0,1378107248,21660543,267079924,0,0,150,15,15,0,74527,74527,0,0,74527,150,9.62,1.12
670,2026-05-16 04:59:14,5,q67,0,6,44,7294,7241,86739,83404,62,68,0,1116,0,2542,4629135,0,0,9374408584,28922603,234050328,0,0,14431398,399,399,0,1072760536,1072760536,0,0,1072760536,14431398,11.89,7.29
671,2026-05-16 04:59:23,5,q67a,0,14,184,10586,36523,145452,135657,328,357,0,1078,0,6296,4629135,0,0,26626034128,28922603,234050328,0,0,55818862,3158,3158,0,4147042899,4147042899,0,0,903537763,13249350,13.74,10.59
672,2026-05-16 04:59:34,5,q68,0,7,32,1186,1319,14122,13289,31,38,3,0,0,259,15301537,0,0,568481352,29577803,371418588,0,0,6174,20,20,0,505336,505336,0,0,505336,6174,11.91,1.19
673,2026-05-16 04:59:37,5,q69,0,11,86,986,2161,10685,7781,19,61,1,165,0,1813,28676375,0,0,3806916136,53091814,200782552,0,0,1902034,185,185,0,9728784,9728784,0,0,9728784,1902034,10.84,0.99
674,2026-05-16 04:59:39,5,q70,0,9,47,1097,1042,12574,11953,60,64,0,0,0,101,211360,0,0,1772898984,57621206,290080876,0,0,309,42,42,0,18928,18928,0,0,18928,309,11.46,1.1
675,2026-05-16 04:59:41,5,q70a,0,12,52,884,794,8338,7686,66,71,0,0,0,113,210240,0,0,902580896,57621206,290080876,0,0,360,87,87,0,25464,25464,0,0,13384,240,9.43,0.88
676,2026-05-16 04:59:43,5,q71,0,7,63,1096,1065,14418,13354,80,99,0,0,0,550,369637,0,0,956611448,50563014,444537276,0,0,32323,59,59,0,1848960,1848960,0,0,1095320,21167,13.16,1.1
677,2026-05-16 04:59:45,5,q72,0,14,113,18853,25069,257696,253073,125,138,13,832,0,6035,13126152,0,0,25673044504,151146915,644064404,0,0,140763211,1535,1535,0,2029304873,2029304873,0,0,2029304873,140763211,13.67,18.85
678,2026-05-16 05:00:05,5,q73,0,8,32,546,761,5935,5238,29,34,2,0,0,483,16394969,0,0,480153792,29327803,108792300,0,0,5455,41,41,0,311887,311887,0,0,156253,2732,10.87,0.55
679,2026-05-16 05:00:06,5,q74,0,13,136,2621,8625,35638,28624,169,193,1,160,0,3628,15491653,0,0,15870045856,72541178,443524224,0,0,1787958,1199,1199,0,62159931,62159931,0,0,62159931,1787958,13.6,2.62
680,2026-05-16 05:00:10,5,q75,0,17,227,3266,9125,49773,42566,234,305,2,672,0,5153,13514234,0,0,16101206384,105981816,1121825600,0,0,12427820,1644,1644,0,280070291,280070291,0,0,194354746,8110306,15.24,3.27
681,2026-05-16 05:00:15,5,q76,0,4,60,805,775,10871,9645,75,90,0,0,0,764,917299,0,0,3851459368,50556063,446504972,0,0,5659,48,48,0,470467,470467,0,0,470467,5659,13.5,0.8
682,2026-05-16 05:00:16,5,q77,0,14,108,1271,5381,16331,14238,99,118,0,80,0,845,93060,0,0,933332440,55459104,591453576,0,0,2684,59,59,0,178445,178445,0,0,178445,2684,12.85,1.27
683,2026-05-16 05:00:19,5,q77a,0,17,113,1342,5292,15945,14578,107,130,0,0,0,269,93017,0,0,1472300312,55459104,591453576,0,0,3148,70,70,0,234010,234010,0,0,192514,2818,11.88,1.34
684,2026-05-16 05:00:21,5,q78,0,10,134,5503,12421,74062,69302,183,188,4,640,0,3384,13125937,0,0,20165576648,55458802,725754676,0,0,38475582,1020,1020,0,1136306789,1136306789,0,0,1136306789,38475582,13.46,5.5
685,2026-05-16 05:00:28,5,q79,0,7,33,998,1211,12783,11838,35,39,1,0,0,481,12765592,0,0,1728629144,29327803,236280364,0,0,80466,63,63,0,3262576,3262576,0,0,3262576,80466,12.81,1.0
686,2026-05-16 05:00:30,5,q80,0,16,143,6196,23329,92035,84785,108,164,16,2384,0,5540,14436157,0,0,12610724304,55573446,842234804,0,0,45134935,1065,1065,0,1332383393,1332383393,0,0,1332383393,45134935,14.85,6.2
687,2026-05-16 05:00:37,5,q80a,0,19,148,5929,15162,86830,82012,123,181,3,974,0,4909,14436329,0,0,13082583336,55573446,842234804,0,0,45135891,1076,1076,0,1332498886,1332498886,0,0,1332396136,45134865,14.64,5.93
688,2026-05-16 05:00:44,5,q81,0,11,54,665,1380,5631,4967,56,62,5,0,0,154,20721956,0,0,2470448864,3899764,134033468,0,0,805182,43,43,0,12400577,12400577,0,0,12400577,805182,8.47,0.66
689,2026-05-16 05:00:46,5,q82,0,6,61,1396,2311,16534,15710,43,54,0,128,0,725,158044,0,0,1658418336,162032501,523772300,0,0,13778665,364,364,0,137879558,137879558,0,0,137879558,28800829,11.84,1.4
690,2026-05-16 05:00:49,5,q83,0,10,50,541,1144,4978,4491,56,60,0,0,0,286,782379,0,0,1251194744,5358935,133356404,0,0,43961,14,14,0,759663,759663,0,0,759663,43961,9.2,0.54
691,2026-05-16 05:00:50,5,q84,0,7,36,604,294,1113,1005,16,24,0,0,0,0,14823436,0,0,1009709760,5555652,92599736,0,0,100,1,1,0,1865,1865,0,0,1865,100,1.84,0.6
692,2026-05-16 05:00:52,5,q85,0,9,54,1221,1296,5597,5205,43,58,2,54,0,10,24325210,0,0,8643243752,12032207,199886352,0,0,13,5,5,0,1363,1363,0,0,1363,13,4.58,1.22
693,2026-05-16 05:00:54,5,q86,0,5,21,384,343,2173,2032,25,26,0,0,0,59,1857112,0,0,839708176,7322088,83159892,0,0,1435,9,9,0,100665,100665,0,0,100665,1435,5.66,0.38
694,2026-05-16 05:00:56,5,q86a,0,8,26,392,324,1733,1581,30,31,0,0,0,75,1857112,0,0,1378675920,7322088,83159892,0,0,3829,30,30,0,289861,289861,0,0,110613,1499,4.42,0.39
695,2026-05-16 05:00:57,5,q87,0,10,103,2035,4380,24800,21295,127,130,1,0,0,1654,12765592,0,0,9259478720,50921014,172599812,0,0,1696919,655,655,0,45579387,45579387,0,0,45579387,1696919,12.19,2.04
696,2026-05-16 05:01:00,5,q88,0,26,178,1730,11469,26027,24161,17,98,0,160,0,18,46485,0,0,514952960,230611310,567567520,0,0,160,160,160,0,9440,9440,0,0,9440,160,15.04,1.73
697,2026-05-16 05:01:03,5,q89,0,6,28,836,815,9197,8100,30,35,0,0,0,773,109860,0,0,1685135776,28922603,208073496,0,0,76303,63,63,0,3843797,3843797,0,0,3843797,76303,11.0,0.84
698,2026-05-16 05:01:05,5,q90,0,8,38,297,525,3161,2819,10,20,0,80,0,3,38053,0,0,103596544,14447576,96855240,0,0,32,32,32,0,1839,1839,0,0,1839,32,10.64,0.3
699,2026-05-16 05:01:06,5,q91,0,10,39,561,699,3395,3211,29,37,0,0,0,4,9531965,0,0,1037410344,4137906,95493496,0,0,53,5,5,0,7711,7711,0,0,4761,34,6.05,0.56
700,2026-05-16 05:01:08,5,q92,0,7,39,374,629,4073,3711,24,32,0,0,0,201,711378,0,0,178103200,14522176,160597284,0,0,165703,25,25,0,2320717,2320717,0,0,2320717,165703,10.89,0.37
701,2026-05-16 05:01:09,5,q93,0,5,54,3874,5517,49828,47783,43,53,0,52,0,2842,143973,0,0,5766380072,31678178,290472956,0,0,31635854,527,527,0,755217841,755217841,0,0,755217841,31635854,12.86,3.87
702,2026-05-16 05:01:14,5,q94,0,8,66,1218,1734,15398,14147,58,66,0,160,0,544,2564011,0,0,3571011840,15390492,170744412,0,0,14397040,289,289,0,217867873,217867873,0,0,217867873,14397040,12.64,1.22
703,2026-05-16 05:01:16,5,q95,0,8,66,3700,4286,49329,42343,62,70,0,1145,0,564,2564640,0,0,14560086280,15390492,169052764,0,0,35990240,697,697,0,319722566,319722566,0,0,196775579,14395274,13.33,3.7
704,2026-05-16 05:01:21,5,q96,0,5,24,296,298,3399,3312,11,12,0,0,0,2,46313,0,0,63872480,28827803,72743008,0,0,20,20,20,0,1180,1180,0,0,1180,20,11.48,0.3
705,2026-05-16 05:01:22,5,q97,0,5,59,1907,2585,23901,21703,67,73,6,220,0,888,161038,0,0,6981533896,43220926,235198972,0,0,8385110,442,442,0,97810667,97810667,0,0,97810667,8385110,12.53,1.91
706,2026-05-16 05:01:25,5,q98,0,7,36,827,763,7268,6324,42,45,3,0,0,972,3268117,0,0,2428835400,28922501,222775700,0,0,113561,200,200,0,16121748,16121748,0,0,14133532,98397,8.79,0.83
707,2026-05-16 05:01:27,5,q99,0,6,25,698,685,7090,6446,32,33,0,120,0,70,125499,0,0,156567144,14420479,83039724,0,0,4320,6,6,0,342615,342615,0,0,342615,4320,10.16,0.7
708,2026-05-16 05:01:29,6,q1,0,10,62,662,1233,8186,7107,61,69,0,35,0,596,5073627,0,0,3337334424,6275366,135056392,0,0,1611249,182,182,0,25346946,25346946,0,0,25346946,1611249,12.37,0.66
709,2026-05-16 05:01:31,6,q2,0,9,44,620,562,6420,5759,47,58,0,0,0,204,751663,0,0,456068104,21713562,148645444,0,0,10012,86,86,0,606598,606598,0,0,212064,5256,10.35,0.62
710,2026-05-16 05:01:32,6,q3,0,4,24,483,472,5234,4694,25,27,0,0,0,558,93017,0,0,119963624,28975550,218073492,0,0,4427,20,20,0,327766,327766,0,0,327766,4427,10.84,0.48
711,2026-05-16 05:01:34,6,q4,0,19,230,5461,26578,75711,64152,366,398,3,1664,0,5768,36928978,0,0,33110414720,101342028,1462566352,0,0,3043920,2203,2203,0,199411825,199411825,0,0,199411825,3043920,13.86,5.46
712,2026-05-16 05:01:41,6,q5,0,10,122,1630,3076,22462,20058,131,166,2,192,0,366,16637536,0,0,2326268984,62671034,669825860,0,0,4669,52,52,0,322282,322282,0,0,322282,4669,13.78,1.63
713,2026-05-16 05:01:43,6,q5a,0,13,127,1737,3287,23014,20754,145,177,2,182,0,430,16637536,0,0,2865236856,62671034,669825860,0,0,6937,63,63,0,499511,499511,0,0,366537,5113,13.25,1.74
714,2026-05-16 05:01:46,6,q6,0,11,54,1646,3168,22071,19609,53,59,0,176,0,1180,2111032,0,0,5012926032,29847550,171773248,0,0,27358702,376,376,0,240395470,240395470,0,0,240395470,27358702,13.41,1.65
715,2026-05-16 05:01:49,6,q7,0,7,37,1159,1196,14803,14048,35,40,0,0,0,308,782379,0,0,1348673984,30843801,396665976,0,0,74456,42,42,0,2868939,2868939,0,0,2868939,74456,12.77,1.16
716,2026-05-16 05:01:51,6,q8,0,10,36,974,925,9754,9330,43,48,0,0,0,73,2361205,0,0,1773265248,29820603,166544624,0,0,6821,23,23,0,91247,91247,0,0,91247,6821,10.01,0.97
717,2026-05-16 05:01:53,6,q9,0,11,106,1020,4635,14977,13592,21,68,2,372,0,19,42480,0,0,0,144002550,892586500,0,0,100,100,100,0,8203,8203,0,0,8203,100,14.68,1.02
718,2026-05-16 05:01:55,6,q10,0,13,97,973,2380,10603,9595,34,76,4,0,0,1294,591880,0,0,1548608232,53091814,200979160,0,0,4321867,206,206,0,66692796,66692796,0,0,66692796,4321867,10.9,0.97
719,2026-05-16 05:01:57,6,q10a,0,10,96,633,1354,6845,6395,34,79,0,0,0,1128,154690,0,0,2070311648,53091814,200979160,0,0,4289247,299,299,0,66652230,66652230,0,0,66652230,4289247,10.81,0.63
720,2026-05-16 05:01:59,6,q11,0,15,151,2751,8031,33490,27342,210,225,4,352,0,4559,36929021,0,0,21825432864,72541178,558384256,0,0,2000907,1402,1402,0,125072303,125072303,0,0,125072303,2000907,12.17,2.75
721,2026-05-16 05:02:03,6,q12,0,5,22,445,405,2125,1969,25,26,0,0,0,113,3268117,0,0,907495032,7322088,87362388,0,0,30509,18,18,0,4274847,4274847,0,0,4274847,30509,4.78,0.44
722,2026-05-16 05:02:04,6,q13,0,7,36,1547,1616,19519,18809,19,24,0,0,0,10,1303290,0,0,691209280,30998603,484887020,0,0,20,20,20,0,1576,1576,0,0,1576,20,12.62,1.55
723,2026-05-16 05:02:07,6,q14a,0,30,279,6321,14793,71460,64724,327,391,0,1008,3,5914,1189316,0,0,11785006800,151671042,1013566564,0,0,62756112,631,631,0,882868642,882868642,0,0,879759850,62669588,11.31,6.32
724,2026-05-16 05:02:15,6,q14b,0,24,217,4493,10671,59347,55146,257,291,0,361,0,4065,1189316,0,0,10586315184,130216627,807813236,0,0,68503878,585,585,0,1017343738,1017343738,0,0,532894681,40996671,13.21,4.49
725,2026-05-16 05:02:21,6,q14,0,24,213,3429,8855,42294,39122,386,363,3,607,0,3783,1162249,0,0,9644006048,130216627,807813236,0,0,68363395,502,502,0,1007808595,1007808595,0,0,523359538,40856188,12.33,3.43
726,2026-05-16 05:02:25,6,q15,0,5,30,923,900,10101,9680,30,33,0,0,0,9,5019183,0,0,951797424,15170425,111969300,0,0,502,1,1,0,18324,18324,0,0,18324,502,10.94,0.92
727,2026-05-16 05:02:27,6,q16,0,8,77,1867,3032,26007,24075,53,76,0,160,0,1750,5381255,0,0,4852315440,30510756,281193476,0,0,28674690,697,697,0,416496049,416496049,0,0,416496049,28674690,13.93,1.87
728,2026-05-16 05:02:30,6,q17,0,10,95,4550,9692,61138,58534,81,101,2,0,0,4022,6944789,0,0,7880912176,46220660,373149500,0,0,45538041,1143,1143,0,1089607918,1089607918,0,0,1089607918,45538041,13.44,4.55
729,2026-05-16 05:02:36,6,q18,0,9,55,974,1026,8065,7400,47,60,0,0,0,61,9716301,0,0,3208798744,19114025,324942364,0,0,56710,15,15,0,4005761,4005761,0,0,4005761,56710,8.28,0.97
730,2026-05-16 05:02:38,6,q18a,0,17,145,3715,11811,49841,45021,184,217,0,640,0,338,9716430,0,0,15030534080,77567725,1360325836,0,0,64904,45,45,0,4691358,4691358,0,0,4691358,64904,13.42,3.72
731,2026-05-16 05:02:43,6,q19,0,7,33,1015,1007,13072,12316,33,37,0,0,0,323,5019183,0,0,2270125704,29672603,259212608,0,0,10279,20,20,0,824093,824093,0,0,824093,10279,12.88,1.01
732,2026-05-16 05:02:45,6,q20,0,5,25,495,453,3538,3324,28,30,0,0,0,17,3268117,0,0,412686616,14522425,133660204,0,0,28486,2,2,0,3491832,3491832,0,0,3491832,28486,7.15,0.5
733,2026-05-16 05:02:46,6,q21,0,5,25,837,825,10061,9498,32,33,0,24,0,11,107581,0,0,208677936,133232010,404526284,0,0,31850,1,1,0,679321,679321,0,0,679321,31850,12.02,0.84
734,2026-05-16 05:02:48,6,q22,0,6,42,34279,34240,129856,128901,92,67,0,88,0,107,4629135,0,0,1903814832,133232010,401657020,0,0,1020310,102,102,0,42923377,42923377,0,0,42923377,1020310,3.79,34.28
735,2026-05-16 05:03:24,6,q22a,0,10,90,2458,3078,20132,17254,141,161,0,128,0,2204,4629135,0,0,8824939688,133232010,401994956,0,0,1428768,391,391,0,71097539,71097539,0,0,20107839,409288,8.19,2.46
736,2026-05-16 05:03:27,6,q23a,0,18,192,6319,12314,88868,83262,193,220,4,768,0,6502,6575826,0,0,14692224552,108664016,685793516,0,0,44598928,1266,1266,0,1130563014,1130563014,0,0,1097396384,42464388,14.06,6.32
737,2026-05-16 05:03:35,6,q23b,0,21,218,7172,13149,94939,85468,351,320,1,1200,0,8073,6575869,0,0,27667565688,109164016,700757796,0,0,49830490,2576,2576,0,1222357965,1222357965,0,0,1109770631,42926870,13.24,7.17
738,2026-05-16 05:03:43,6,q24,0,8,64,2312,6524,31553,29499,49,60,1,0,0,2276,20636822,0,0,7068696000,32530235,313105664,0,0,29735885,510,510,0,678542980,678542980,0,0,678542980,29735885,13.65,2.31
739,2026-05-16 05:03:46,6,q24a,0,13,86,3476,6918,44579,41857,85,97,1,364,0,2895,18087339,0,0,16497845272,32632235,315722048,0,0,59478907,1052,1052,0,1358029658,1358029658,0,0,679486678,29743022,12.82,3.48
740,2026-05-16 05:03:51,6,q24b,0,13,86,2885,6181,33862,32949,83,95,1,8,0,2605,18087253,0,0,15891776752,32632235,315722048,0,0,59478765,1040,1040,0,1358005890,1358005890,0,0,679462910,29742880,11.74,2.88
741,2026-05-16 05:03:55,6,q25,0,10,95,4799,11211,65768,61483,78,99,1,272,0,4223,6944789,0,0,7880887560,46220660,473534268,0,0,45538038,1140,1140,0,1109139539,1109139539,0,0,1109139539,45538038,13.7,4.8
742,2026-05-16 05:04:01,6,q26,0,6,35,967,995,11667,11057,103,37,0,112,0,61,782379,0,0,609952456,16443725,237656336,0,0,36267,5,5,0,1280199,1280199,0,0,1280199,36267,12.07,0.97
743,2026-05-16 05:04:03,6,q27,0,7,37,1016,1030,11457,10622,41,45,0,0,0,652,782379,0,0,1751787312,30843403,369488532,0,0,59806,42,42,0,2526768,2526768,0,0,2526768,59806,11.28,1.02
744,2026-05-16 05:04:05,6,q27a,0,11,81,2023,4505,28340,25952,76,95,0,240,0,1284,782379,0,0,1135508272,88546507,1055705872,0,0,61693,63,63,0,2831800,2831800,0,0,2831800,61693,14.01,2.02
745,2026-05-16 05:04:08,6,q28,0,18,136,2221,12139,32857,28818,107,145,0,208,0,4019,58793,0,0,8489792560,172803006,1378799712,0,0,781558,210,210,0,12581279,12581279,0,0,12581279,781558,14.79,2.22
746,2026-05-16 05:04:11,6,q29,0,11,96,4528,10385,60811,58329,73,101,1,0,0,3900,6944789,0,0,7880995000,46240660,375583872,0,0,45538045,1145,1145,0,1089608693,1089608693,0,0,1089608693,45538045,13.43,4.53
747,2026-05-16 05:04:17,6,q30,0,12,52,703,1442,1819,1624,80,76,0,33,0,126,1992893,0,0,1012759832,2460548,94294236,0,0,787148,8,8,0,59648264,59648264,0,0,59648264,787148,2.59,0.7
748,2026-05-16 05:04:18,6,q31,0,19,122,1951,9187,26701,23240,125,144,0,0,0,2796,3832889,0,0,4117829512,108311767,642802012,0,0,117434,87,87,0,4204909,4204909,0,0,4096180,115594,13.69,1.95
749,2026-05-16 05:04:22,6,q32,0,7,46,617,1113,8557,8051,22,37,0,0,0,86,703508,0,0,120389400,28922850,252287700,0,0,55420,22,22,0,771615,771615,0,0,771615,55420,13.87,0.62
750,2026-05-16 05:04:23,6,q33,0,9,67,1030,2226,12000,11024,66,85,0,0,0,820,889109,0,0,1174579160,50875014,458721340,0,0,27903,32,32,0,740955,740955,0,0,740955,27903,11.65,1.03
751,2026-05-16 05:04:25,6,q34,0,8,32,710,974,7327,6428,31,37,2,256,0,459,16395012,0,0,480760000,29327803,108792300,0,0,20445,41,41,0,825499,825499,0,0,440524,10675,10.32,0.71
752,2026-05-16 05:04:27,6,q35,0,10,91,1114,2216,11460,9716,51,79,1,0,0,1388,23973768,0,0,8152529816,53091814,200643288,0,0,6056607,435,435,0,16222302,16222302,0,0,16222302,6056607,10.29,1.11
753,2026-05-16 05:04:29,6,q35a,0,9,91,994,1363,7432,6294,35,77,1,32,0,1643,23973725,0,0,7370292408,53091814,200643288,0,0,6053510,435,435,0,16233362,16233362,0,0,16233362,6053510,7.48,0.99
754,2026-05-16 05:04:31,6,q36,0,6,26,1030,995,12340,11620,33,34,0,0,0,275,1857112,0,0,1708074800,28922603,313431472,0,0,3328,21,21,0,266774,266774,0,0,266774,3328,11.98,1.03
755,2026-05-16 05:04:33,6,q36a,0,9,31,956,899,9998,9423,39,40,0,0,0,338,1857112,0,0,2247042672,28922603,313431472,0,0,9115,66,66,0,762198,762198,0,0,268898,3261,10.46,0.96
756,2026-05-16 05:04:35,6,q37,0,6,61,954,1391,11621,10887,40,56,0,0,0,638,157657,0,0,886656304,147632425,483939876,0,0,4316414,350,350,0,66486052,66486052,0,0,66486052,14400617,12.18,0.95
757,2026-05-16 05:04:37,6,q38,0,10,103,1891,4266,23858,20018,127,132,1,384,0,1799,12765592,0,0,9259478720,50921014,172599812,0,0,1696919,655,655,0,45579387,45579387,0,0,45579387,1696919,12.62,1.89
758,2026-05-16 05:04:40,6,q39a,0,11,80,2019,3536,23393,22204,146,141,0,0,0,361,801878,0,0,2907388416,266362010,800363016,0,0,1567909,55,55,0,36859402,36859402,0,0,25188288,1057909,11.59,2.02
759,2026-05-16 05:04:43,6,q39b,0,11,80,1428,2579,16313,15820,117,134,0,176,0,160,520274,0,0,2839624192,266362010,800363016,0,0,1531488,55,55,0,35748102,35748102,0,0,24076988,1021488,11.42,1.43
760,2026-05-16 05:04:46,6,q40,0,7,57,1441,2956,20127,18459,49,57,3,0,0,1966,173528,0,0,4141621464,15962317,191987692,0,0,15748014,527,527,0,309869964,309869964,0,0,309869964,15748014,13.97,1.44
761,2026-05-16 05:04:48,6,q41,0,4,6,150,121,137,117,6,6,0,0,0,7,12426,0,0,202903480,204000,8796288,0,0,140,2,2,0,9680,9680,0,0,9680,140,0.91,0.15
762,2026-05-16 05:04:50,6,q42,0,4,24,448,436,5659,5379,28,29,0,0,0,52,93060,0,0,988287344,28922501,217999764,0,0,213,20,20,0,17628,17628,0,0,17628,213,12.63,0.45
763,2026-05-16 05:04:51,6,q43,0,4,23,645,624,8132,7506,146,33,0,112,0,71,93748,0,0,114629704,28820603,124815064,0,0,420,20,20,0,53679,53679,0,0,53679,420,12.61,0.64
764,2026-05-16 05:04:53,6,q44,0,8,55,670,745,7008,6343,48,60,0,0,0,596,1663841,0,0,1590617384,57703002,366972000,0,0,918228,230,230,0,12036635,12036635,0,0,6019981,459179,10.46,0.67
765,2026-05-16 05:04:54,6,q45,0,7,30,493,530,2829,2580,27,30,0,0,0,92,5019183,0,0,2009365456,8092088,103713212,0,0,29,8,8,0,2649,2649,0,0,2649,29,5.74,0.49
766,2026-05-16 05:04:56,6,q46,0,7,32,1062,1190,11966,9466,31,37,2,272,0,700,15301537,0,0,636469744,29577803,242181596,0,0,27957,20,20,0,1521656,1521656,0,0,1521656,27957,11.27,1.06
767,2026-05-16 05:04:58,6,q47,0,11,86,1839,2671,22827,19490,120,139,0,0,0,2805,2306610,0,0,7322879688,28922603,207733528,0,0,3818373,1127,1127,0,151259210,151259210,0,0,84699632,2137286,12.41,1.84
768,2026-05-16 05:05:01,6,q48,0,6,35,1238,1287,15886,14718,20,25,0,464,0,3,1323761,0,0,669220160,30991403,301313964,0,0,20,20,20,0,1180,1180,0,0,1180,20,12.83,1.24
769,2026-05-16 05:05:03,6,q49,0,16,142,1704,6361,24531,22179,108,133,0,105,0,2850,231070,0,0,5856700512,55458802,804352820,0,0,12389988,93,93,0,274278201,274278201,0,0,274278201,12389988,14.4,1.7
770,2026-05-16 05:05:06,6,q50,0,7,56,2381,5195,31865,28554,49,60,0,176,0,2252,370352,0,0,4687124776,31771284,229668436,0,0,29262054,527,527,0,629906613,629906613,0,0,629906613,29262054,13.38,2.38
771,2026-05-16 05:05:09,6,q51,0,10,139,2871,4085,40335,36080,186,211,0,512,0,4009,300245,0,0,10903457296,36020589,268592932,0,0,24476742,1913,1913,0,422014267,422014267,0,0,422014267,24476742,14.05,2.87
772,2026-05-16 05:05:13,6,q51a,0,14,205,20365,24091,267510,257693,303,359,0,2224,0,4310,459229,0,0,27854731368,36020589,268592932,0,0,47591212,2821,2821,0,791165500,791165500,0,0,577779396,36129246,13.14,20.36
773,2026-05-16 05:05:35,6,q52,0,4,24,420,408,5348,4891,26,28,0,80,0,279,93748,0,0,988287344,28922501,218130836,0,0,6454,20,20,0,437185,437185,0,0,437185,6454,12.73,0.42
774,2026-05-16 05:05:36,6,q53,0,6,26,637,621,6672,6048,29,33,0,0,0,680,109860,0,0,208086096,28922603,208409368,0,0,53600,21,21,0,1161234,1161234,0,0,1161234,53600,10.47,0.64
775,2026-05-16 05:05:38,6,q54,0,15,92,1584,5317,20431,18619,106,116,2,52,0,1213,5019183,0,0,2759946504,51386165,335330100,0,0,26873230,354,354,0,253109945,253109945,0,0,253109945,26873230,12.9,1.58
776,2026-05-16 05:05:41,6,q55,0,4,24,751,737,9530,9163,25,28,0,0,0,230,93060,0,0,1323831544,28922501,218130836,0,0,5425,20,20,0,355036,355036,0,0,355036,5425,12.69,0.75
777,2026-05-16 05:05:42,6,q56,0,9,67,1049,2337,12802,12017,74,87,0,0,0,481,463898,0,0,1166876624,50875014,458983484,0,0,11059,32,32,0,457061,457061,0,0,457061,11059,12.2,1.05
778,2026-05-16 05:05:45,6,q57,0,11,69,1500,2111,16126,13993,117,116,0,0,0,1334,2306610,0,0,5711730760,14522449,125179556,0,0,1216027,443,443,0,47668372,47668372,0,0,34698977,879253,10.75,1.5
779,2026-05-16 05:05:47,6,q58,0,10,65,1181,2581,13507,12192,77,82,0,91,0,986,782379,0,0,2946060536,50669112,424340116,0,0,265395,49,49,0,4277836,4277836,0,0,4277836,265395,11.44,1.18
780,2026-05-16 05:05:49,6,q59,0,10,47,1134,1230,10994,9433,49,55,0,208,0,1167,751663,0,0,2900014248,28913754,129977060,0,0,569924,420,420,0,22306867,22306867,0,0,11427409,303577,9.69,1.13
781,2026-05-16 05:05:52,6,q60,0,9,67,1424,3241,18180,16815,75,83,0,0,0,969,463898,0,0,1527124272,50875014,458917948,0,0,82304,33,33,0,1813814,1813814,0,0,1813814,82304,12.77,1.42
782,2026-05-16 05:05:54,6,q61,0,10,55,1407,2305,18463,17628,15,33,0,0,0,5,5019183,0,0,1246748000,58473604,529345364,0,0,40,40,40,0,2360,2360,0,0,2360,40,13.12,1.41
783,2026-05-16 05:05:57,6,q62,0,6,21,469,458,3177,2997,25,26,0,0,0,78,99952,0,0,138730216,7220160,65081020,0,0,3360,8,8,0,288245,288245,0,0,288245,3360,6.77,0.47
784,2026-05-16 05:05:58,6,q63,0,6,26,631,614,6714,6078,29,31,0,0,0,620,109860,0,0,208020560,28922603,208413464,0,0,23455,21,21,0,656976,656976,0,0,656976,23455,10.64,0.63
785,2026-05-16 05:06:00,6,q64,0,23,175,7013,29794,104722,96104,210,227,3,704,0,7342,13538285,0,0,35316849912,50412111,700711284,0,0,52026303,2610,2610,0,1952985139,1952985139,0,0,1806780160,48487731,14.93,7.01
786,2026-05-16 05:06:08,6,q65,0,10,97,2099,3899,31335,28261,128,135,1,330,0,2473,9163347,0,0,7453136496,57723104,408922920,0,0,12372989,731,731,0,399898797,399898797,0,0,399898797,12372989,14.93,2.1
787,2026-05-16 05:06:11,6,q66,0,8,43,940,1246,8561,6981,106,105,0,0,0,41,147441,0,0,1378107248,21660543,267079924,0,0,150,15,15,0,74527,74527,0,0,74527,150,9.11,0.94
788,2026-05-16 05:06:13,6,q67,0,6,44,7297,7248,86971,84352,66,69,0,716,0,2627,4629135,0,0,9374408584,28922603,234050328,0,0,14431398,399,399,0,1072760536,1072760536,0,0,1072760536,14431398,11.92,7.3
789,2026-05-16 05:06:22,6,q67a,0,14,184,10470,35489,142524,133369,341,369,0,1120,0,6041,4629135,0,0,26626034128,28922603,234050328,0,0,55818862,3158,3158,0,4147042899,4147042899,0,0,903537763,13249350,13.61,10.47
790,2026-05-16 05:06:33,6,q68,0,7,32,948,1085,10475,9575,35,41,2,0,0,443,15301537,0,0,568481352,29577803,371418588,0,0,6174,20,20,0,505336,505336,0,0,505336,6174,11.05,0.95
791,2026-05-16 05:06:35,6,q69,0,11,86,982,2181,9463,7693,25,59,12,192,0,1606,28676332,0,0,3806916136,53091814,200782552,0,0,1902034,185,185,0,9728784,9728784,0,0,9728784,1902034,9.64,0.98
792,2026-05-16 05:06:37,6,q70,0,9,47,1051,996,11912,11303,57,63,0,0,0,103,211360,0,0,1772898984,57621206,290080876,0,0,309,42,42,0,18928,18928,0,0,18928,309,11.33,1.05
793,2026-05-16 05:06:39,6,q70a,0,12,52,975,872,9109,8577,72,77,0,0,0,108,210240,0,0,902580896,57621206,290080876,0,0,360,87,87,0,25464,25464,0,0,13384,240,9.34,0.98
794,2026-05-16 05:06:42,6,q71,0,7,63,1122,1092,14534,13368,78,100,0,0,0,456,369637,0,0,956611448,50563014,444537276,0,0,32323,59,59,0,1848960,1848960,0,0,1095320,21167,12.95,1.12
795,2026-05-16 05:06:44,6,q72,0,14,113,19044,21661,254597,250603,105,139,1,405,0,5351,13125937,0,0,25673044504,151146915,644064404,0,0,140763211,1535,1535,0,2029304873,2029304873,0,0,2029304873,140763211,13.37,19.04
796,2026-05-16 05:07:04,6,q73,0,8,32,565,775,6066,5482,32,35,2,0,0,300,16394969,0,0,480153792,29327803,108792300,0,0,5455,41,41,0,311887,311887,0,0,156253,2732,10.74,0.56
797,2026-05-16 05:07:05,6,q74,0,13,136,2259,7102,29855,24037,175,192,1,0,0,3665,15491653,0,0,15870045856,72541178,443524224,0,0,1787958,1199,1199,0,62159931,62159931,0,0,62159931,1787958,13.22,2.26
798,2026-05-16 05:07:09,6,q75,0,17,227,3084,8373,46603,38974,237,304,2,656,0,5211,13514234,0,0,16101206384,105981816,1121825600,0,0,12427820,1644,1644,0,280070291,280070291,0,0,194354746,8110306,15.11,3.08
799,2026-05-16 05:07:13,6,q76,0,4,60,1072,1043,15023,13589,64,86,0,224,0,641,917299,0,0,3851459368,50556063,446504972,0,0,5659,48,48,0,470467,470467,0,0,470467,5659,14.01,1.07
800,2026-05-16 05:07:15,6,q77,0,14,108,1278,5409,16541,15065,104,122,0,0,0,323,93060,0,0,933332440,55459104,591453576,0,0,2684,59,59,0,178445,178445,0,0,178445,2684,12.94,1.28
801,2026-05-16 05:07:18,6,q77a,0,17,113,1394,5771,16957,15682,113,129,0,0,0,309,93060,0,0,1472300312,55459104,591453576,0,0,3148,70,70,0,234010,234010,0,0,192514,2818,12.16,1.39
802,2026-05-16 05:07:20,6,q78,0,10,134,5655,12095,76155,69920,200,190,0,464,0,3353,13125980,0,0,20165576648,55458802,725754676,0,0,38475582,1020,1020,0,1136306789,1136306789,0,0,1136306789,38475582,13.47,5.66
803,2026-05-16 05:07:27,6,q79,0,7,33,1057,1214,13325,12313,42,41,2,0,0,488,12765592,0,0,1728629144,29327803,236280364,0,0,80466,63,63,0,3262576,3262576,0,0,3262576,80466,12.61,1.06
804,2026-05-16 05:07:29,6,q80,0,16,143,5998,21816,88044,82845,116,165,2,368,0,5590,14436157,0,0,12610724304,55573446,842234804,0,0,45134935,1065,1065,0,1332383393,1332383393,0,0,1332383393,45134935,14.68,6.0
805,2026-05-16 05:07:36,6,q80a,0,19,148,5855,14840,87255,83226,121,178,2,160,0,4855,14436286,0,0,13082583336,55573446,842234804,0,0,45135891,1076,1076,0,1332498886,1332498886,0,0,1332396136,45134865,14.9,5.86
806,2026-05-16 05:07:43,6,q81,0,11,54,782,1582,7439,6412,55,58,3,0,0,147,20721956,0,0,2470448864,3899764,134033468,0,0,805182,43,43,0,12400577,12400577,0,0,12400577,805182,9.51,0.78
807,2026-05-16 05:07:45,6,q82,0,6,61,1344,2249,16066,14913,41,53,0,192,0,1023,158044,0,0,1658418336,162032501,523772300,0,0,13778665,364,364,0,137879558,137879558,0,0,137879558,28800829,11.95,1.34
808,2026-05-16 05:07:47,6,q83,0,10,50,638,1321,5126,4706,51,57,0,0,0,250,782379,0,0,1250670456,5358935,133356404,0,0,43961,14,14,0,759663,759663,0,0,759663,43961,8.03,0.64
809,2026-05-16 05:07:49,6,q84,0,7,36,628,349,1460,1357,15,23,0,0,0,0,14823393,0,0,1009709760,5555652,92599736,0,0,100,1,1,0,1865,1865,0,0,1865,100,2.32,0.63
810,2026-05-16 05:07:51,6,q85,0,9,54,1236,1235,5092,4753,41,56,2,0,0,9,24325081,0,0,8643243752,12032207,199886352,0,0,13,5,5,0,1363,1363,0,0,1363,13,4.12,1.24
811,2026-05-16 05:07:53,6,q86,0,5,21,379,340,2277,2022,25,25,0,0,0,61,1857112,0,0,839708176,7322088,83159892,0,0,1435,9,9,0,100665,100665,0,0,100665,1435,6.01,0.38
812,2026-05-16 05:07:54,6,q86a,0,8,26,415,356,1979,1846,29,31,0,0,0,72,1857112,0,0,1378675920,7322088,83159892,0,0,3829,30,30,0,289861,289861,0,0,110613,1499,4.77,0.42
813,2026-05-16 05:07:56,6,q87,0,10,103,2076,4706,26409,22969,119,130,1,0,0,1831,12765592,0,0,9259478720,50921014,172599812,0,0,1696919,655,655,0,45579387,45579387,0,0,45579387,1696919,12.72,2.08
814,2026-05-16 05:07:59,6,q88,0,26,178,1992,13182,29796,27416,16,101,0,434,0,107,46528,0,0,514952960,230611310,567567520,0,0,160,160,160,0,9440,9440,0,0,9440,160,14.96,1.99
815,2026-05-16 05:08:02,6,q89,0,6,28,831,808,9370,8163,30,33,0,0,0,880,109817,0,0,1685135776,28922603,208073496,0,0,76303,63,63,0,3843797,3843797,0,0,3843797,76303,11.28,0.83
816,2026-05-16 05:08:04,6,q90,0,8,38,299,504,3499,3369,11,19,0,0,0,3,38053,0,0,103596544,14447576,96855240,0,0,32,32,32,0,1839,1839,0,0,1839,32,11.7,0.3
817,2026-05-16 05:08:05,6,q91,0,10,39,501,582,3392,3243,31,37,0,0,0,4,9531965,0,0,1037410344,4137906,95493496,0,0,53,5,5,0,7711,7711,0,0,4761,34,6.77,0.5
818,2026-05-16 05:08:07,6,q92,0,7,39,374,619,4004,3685,28,33,0,0,0,172,711378,0,0,178103200,14522176,160597284,0,0,165703,25,25,0,2320717,2320717,0,0,2320717,165703,10.71,0.37
819,2026-05-16 05:08:08,6,q93,0,5,54,3834,5451,48899,47149,42,53,0,336,0,2589,143973,0,0,5766380072,31678178,290472956,0,0,31635854,527,527,0,755217841,755217841,0,0,755217841,31635854,12.75,3.83
820,2026-05-16 05:08:13,6,q94,0,8,66,1217,1842,15192,13920,55,66,0,0,0,573,2564011,0,0,3571011840,15390492,170744412,0,0,14397040,289,289,0,217867873,217867873,0,0,217867873,14397040,12.48,1.22
821,2026-05-16 05:08:16,6,q95,0,8,66,3344,3885,44953,39814,61,70,6,706,0,519,2564683,0,0,14560086280,15390492,169052764,0,0,35990240,697,697,0,319722566,319722566,0,0,196775579,14395274,13.44,3.34
822,2026-05-16 05:08:20,6,q96,0,5,24,319,322,3874,3084,9,13,0,0,0,2,46227,0,0,63872480,28827803,72743008,0,0,20,20,20,0,1180,1180,0,0,1180,20,12.14,0.32
823,2026-05-16 05:08:21,6,q97,0,5,59,1955,2525,24539,22462,76,74,0,120,0,659,160565,0,0,6981533896,43220926,235198972,0,0,8385110,442,442,0,97810667,97810667,0,0,97810667,8385110,12.55,1.96
824,2026-05-16 05:08:24,6,q98,0,7,36,846,775,7311,5564,43,45,2,7,0,851,3268160,0,0,2428835400,28922501,222775700,0,0,113561,200,200,0,16121748,16121748,0,0,14133532,98397,8.64,0.85
825,2026-05-16 05:08:26,6,q99,0,6,25,844,831,9382,8756,26,30,0,72,0,70,125370,0,0,156567144,14420479,83039724,0,0,4320,6,6,0,342615,342615,0,0,342615,4320,11.12,0.84
826,2026-05-16 05:08:28,7,q1,0,10,62,604,1115,7547,6153,61,71,0,128,0,797,5073369,0,0,3337334424,6275366,135056392,0,0,1611249,182,182,0,25346946,25346946,0,0,25346946,1611249,12.5,0.6
827,2026-05-16 05:08:30,7,q2,0,9,44,629,566,6300,5734,48,57,0,0,0,194,751663,0,0,456068104,21713562,148645444,0,0,10012,86,86,0,606598,606598,0,0,212064,5256,10.02,0.63
828,2026-05-16 05:08:31,7,q3,0,4,24,519,509,5876,5291,27,29,0,192,0,386,93705,0,0,119963624,28975550,218073492,0,0,4427,20,20,0,327766,327766,0,0,327766,4427,11.32,0.52
829,2026-05-16 05:08:33,7,q4,0,19,230,5291,25669,73124,62094,389,395,3,1216,6,5964,36928978,0,0,33110414720,101342028,1462566352,0,0,3043920,2203,2203,0,199411825,199411825,0,0,199411825,3043920,13.82,5.29
830,2026-05-16 05:08:39,7,q5,0,10,122,1538,2944,21682,19278,128,168,14,176,0,375,16637493,0,0,2326268984,62671034,669825860,0,0,4669,52,52,0,322282,322282,0,0,322282,4669,14.1,1.54
831,2026-05-16 05:08:42,7,q5a,0,13,127,1881,3567,25051,22701,155,180,2,180,0,358,16637579,0,0,2865236856,62671034,669825860,0,0,6937,63,63,0,499511,499511,0,0,366537,5113,13.32,1.88
832,2026-05-16 05:08:45,7,q6,0,11,54,1575,3343,19966,17157,53,60,0,128,0,1036,2111032,0,0,5012926032,29847550,171773248,0,0,27358702,376,376,0,240395470,240395470,0,0,240395470,27358702,12.68,1.58
833,2026-05-16 05:08:48,7,q7,0,7,37,1194,1219,14967,14161,32,41,0,0,0,407,782379,0,0,1348673984,30843801,396665976,0,0,74456,42,42,0,2868939,2868939,0,0,2868939,74456,12.54,1.19
834,2026-05-16 05:08:50,7,q8,0,10,36,1063,1012,10427,9955,43,50,0,0,0,74,2361205,0,0,1773265248,29820603,166544624,0,0,6821,23,23,0,91247,91247,0,0,91247,6821,9.81,1.06
835,2026-05-16 05:08:52,7,q9,0,11,106,1025,4631,14910,13341,23,66,0,400,0,14,42566,0,0,0,144002550,892586500,0,0,100,100,100,0,8203,8203,0,0,8203,100,14.55,1.02
836,2026-05-16 05:08:54,7,q10,0,13,97,927,2298,10376,9299,36,80,0,0,0,1337,591880,0,0,1548608232,53091814,200979160,0,0,4321867,206,206,0,66692796,66692796,0,0,66692796,4321867,11.19,0.93
837,2026-05-16 05:08:56,7,q10a,0,10,96,627,1364,6763,6228,32,78,0,0,0,1229,154690,0,0,2070311648,53091814,200979160,0,0,4289247,299,299,0,66652230,66652230,0,0,66652230,4289247,10.79,0.63
838,2026-05-16 05:08:58,7,q11,0,15,151,2826,8308,34728,29310,215,222,3,320,0,4282,36928978,0,0,21825432864,72541178,558384256,0,0,2000907,1402,1402,0,125072303,125072303,0,0,125072303,2000907,12.29,2.83
839,2026-05-16 05:09:02,7,q12,0,5,22,439,398,2140,1983,24,26,0,0,0,111,3268117,0,0,907495032,7322088,87362388,0,0,30509,18,18,0,4274847,4274847,0,0,4274847,30509,4.87,0.44
840,2026-05-16 05:09:03,7,q13,0,7,36,1429,1469,18082,16958,18,25,0,288,0,2,1303333,0,0,691209280,30998603,484887020,0,0,20,20,20,0,1576,1576,0,0,1576,20,12.65,1.43
841,2026-05-16 05:09:06,7,q14a,0,30,279,6467,14562,73209,65611,312,380,0,940,0,6732,1189316,0,0,11785006800,151671042,1013566564,0,0,62756112,631,631,0,882868642,882868642,0,0,879759850,62669588,11.32,6.47
842,2026-05-16 05:09:14,7,q14b,0,24,217,4726,10903,62797,57154,285,302,0,509,0,4603,1189316,0,0,10586315184,130216627,807813236,0,0,68503878,585,585,0,1017343738,1017343738,0,0,532894681,40996671,13.29,4.73
843,2026-05-16 05:09:20,7,q14,0,24,213,3256,8393,40902,38777,311,337,0,208,0,3948,1162249,0,0,9644006048,130216627,807813236,0,0,68363395,502,502,0,1007808595,1007808595,0,0,523359538,40856188,12.56,3.26
844,2026-05-16 05:09:24,7,q15,0,5,30,853,832,9886,9306,26,33,0,0,0,9,5019183,0,0,951797424,15170425,111969300,0,0,502,1,1,0,18324,18324,0,0,18324,502,11.59,0.85
845,2026-05-16 05:09:26,7,q16,0,8,77,1987,5335,29007,26702,60,76,0,0,0,2458,5380954,0,0,4852315440,30510756,281193476,0,0,28674690,697,697,0,416496049,416496049,0,0,416496049,28674690,14.6,1.99
846,2026-05-16 05:09:29,7,q17,0,10,95,4582,9859,61645,58246,77,101,1,480,0,4476,6944832,0,0,7880912176,46220660,373149500,0,0,45538041,1143,1143,0,1089607918,1089607918,0,0,1089607918,45538041,13.45,4.58
847,2026-05-16 05:09:35,7,q18,0,9,55,993,1063,7912,7260,49,62,0,0,0,58,9716301,0,0,3208798744,19114025,324942364,0,0,56710,15,15,0,4005761,4005761,0,0,4005761,56710,7.97,0.99
848,2026-05-16 05:09:37,7,q18a,0,17,145,4049,12528,55373,49676,171,215,4,512,0,343,9716473,0,0,15030534080,77567725,1360325836,0,0,64904,45,45,0,4691358,4691358,0,0,4691358,64904,13.68,4.05
849,2026-05-16 05:09:42,7,q19,0,7,33,1029,1024,11561,10713,33,38,0,0,0,626,5019183,0,0,2270125704,29672603,259212608,0,0,10279,20,20,0,824093,824093,0,0,824093,10279,11.24,1.03
850,2026-05-16 05:09:44,7,q20,0,5,25,653,610,7195,6696,28,29,0,0,0,18,3268117,0,0,412686616,14522425,133660204,0,0,28486,2,2,0,3491832,3491832,0,0,3491832,28486,11.02,0.65
851,2026-05-16 05:09:46,7,q21,0,5,25,852,841,10478,9553,28,32,0,384,0,11,108269,0,0,208677936,133232010,404526284,0,0,31850,1,1,0,679321,679321,0,0,679321,31850,12.3,0.85
852,2026-05-16 05:09:48,7,q22,0,6,42,33801,33760,123817,122869,93,68,0,80,0,106,4629135,0,0,1903814832,133232010,401657020,0,0,1020310,102,102,0,42923377,42923377,0,0,42923377,1020310,3.66,33.8
853,2026-05-16 05:10:23,7,q22a,0,10,90,2619,3141,22706,20093,137,155,0,112,0,1824,4629135,0,0,8824939688,133232010,401994956,0,0,1428768,391,391,0,71097539,71097539,0,0,20107839,409288,8.67,2.62
854,2026-05-16 05:10:27,7,q23a,0,18,192,6638,11091,87242,81767,228,238,1,1056,0,6176,6575826,0,0,14692224552,108664016,685793516,0,0,44598928,1266,1266,0,1130563014,1130563014,0,0,1097396384,42464388,13.14,6.64
855,2026-05-16 05:10:34,7,q23b,0,21,218,7035,13203,93387,85508,293,315,1,1344,0,6068,6575869,0,0,27667565688,109164016,700757796,0,0,49830490,2576,2576,0,1222357965,1222357965,0,0,1109770631,42926870,13.27,7.04
856,2026-05-16 05:10:42,7,q24,0,8,64,2284,6490,31028,28911,44,56,1,0,0,2513,20636822,0,0,7068696000,32530235,313105664,0,0,29735885,510,510,0,678542980,678542980,0,0,678542980,29735885,13.58,2.28
857,2026-05-16 05:10:46,7,q24a,0,13,86,3417,7045,43382,40150,88,97,1,832,0,2599,18087253,0,0,16497845272,32632235,315722048,0,0,59478907,1052,1052,0,1358029658,1358029658,0,0,679486678,29743022,12.7,3.42
858,2026-05-16 05:10:50,7,q24b,0,13,86,2846,6127,33490,32509,82,96,1,144,0,2407,18087253,0,0,15891776752,32632235,315722048,0,0,59478765,1040,1040,0,1358005890,1358005890,0,0,679462910,29742880,11.77,2.85
859,2026-05-16 05:10:54,7,q25,0,10,95,4697,8274,63168,58997,74,100,1,487,0,3787,6944875,0,0,7880887560,46220660,473534268,0,0,45538038,1140,1140,0,1109139539,1109139539,0,0,1109139539,45538038,13.45,4.7
860,2026-05-16 05:11:00,7,q26,0,6,35,1008,1030,11605,11115,34,36,0,0,0,58,782422,0,0,609952456,16443725,237656336,0,0,36267,5,5,0,1280199,1280199,0,0,1280199,36267,11.51,1.01
861,2026-05-16 05:11:02,7,q27,0,7,37,1067,1093,12081,11361,37,43,0,0,0,499,782379,0,0,1751787312,30843403,369488532,0,0,59806,42,42,0,2526768,2526768,0,0,2526768,59806,11.32,1.07
862,2026-05-16 05:11:04,7,q27a,0,11,81,2186,4645,30628,28086,69,97,0,240,0,1392,782379,0,0,1135508272,88546507,1055705872,0,0,61693,63,63,0,2831800,2831800,0,0,2831800,61693,14.01,2.19
863,2026-05-16 05:11:07,7,q28,0,18,136,2256,12398,33491,29524,105,144,0,128,0,4042,58535,0,0,8489792560,172803006,1378799712,0,0,781558,210,210,0,12581279,12581279,0,0,12581279,781558,14.85,2.26
864,2026-05-16 05:11:11,7,q29,0,11,96,4540,7690,60981,58100,79,104,0,416,0,4236,6944746,0,0,7880995000,46240660,375583872,0,0,45538045,1145,1145,0,1089608693,1089608693,0,0,1089608693,45538045,13.43,4.54
865,2026-05-16 05:11:16,7,q30,0,11,51,688,1358,1742,1577,85,74,0,0,0,109,1992893,0,0,1012759832,2460548,94294236,0,0,755089,7,7,0,59269674,59269674,0,0,59269674,755089,2.53,0.69
866,2026-05-16 05:11:18,7,q31,0,19,122,2064,9948,29243,25481,112,142,2,224,0,2542,3832889,0,0,4117829512,108311767,642802012,0,0,117434,87,87,0,4204909,4204909,0,0,4096180,115594,14.17,2.06
867,2026-05-16 05:11:21,7,q32,0,7,46,553,998,7487,6982,26,38,0,0,0,89,703508,0,0,120389400,28922850,252287700,0,0,55420,22,22,0,771615,771615,0,0,771615,55420,13.54,0.55
868,2026-05-16 05:11:23,7,q33,0,9,67,1079,2329,12968,11851,72,87,0,0,0,803,889109,0,0,1174579160,50875014,458721340,0,0,27903,32,32,0,740955,740955,0,0,740955,27903,12.02,1.08
869,2026-05-16 05:11:25,7,q34,0,8,32,644,861,6969,6384,27,35,2,0,0,420,16394969,0,0,480760000,29327803,108792300,0,0,20445,41,41,0,825499,825499,0,0,440524,10675,10.82,0.64
870,2026-05-16 05:11:27,7,q35,0,10,91,1142,2117,11980,9969,41,77,0,256,0,1452,23973682,0,0,8152529816,53091814,200643288,0,0,6056607,435,435,0,16222302,16222302,0,0,16222302,6056607,10.49,1.14
871,2026-05-16 05:11:29,7,q35a,0,9,91,886,1211,7011,5971,41,83,6,0,0,1525,23973768,0,0,7370292408,53091814,200643288,0,0,6053510,435,435,0,16233362,16233362,0,0,16233362,6053510,7.91,0.89
872,2026-05-16 05:11:31,7,q36,0,6,26,981,943,10871,10114,28,31,0,0,0,207,1857112,0,0,1708074800,28922603,313431472,0,0,3328,21,21,0,266774,266774,0,0,266774,3328,11.08,0.98
873,2026-05-16 05:11:33,7,q36a,0,9,31,997,934,10348,9239,37,40,0,240,0,436,1857112,0,0,2247042672,28922603,313431472,0,0,9115,66,66,0,762198,762198,0,0,268898,3261,10.38,1.0
874,2026-05-16 05:11:35,7,q37,0,6,61,966,1369,11708,11084,46,57,0,0,0,613,157657,0,0,886656304,147632425,483939876,0,0,4316414,350,350,0,66486052,66486052,0,0,66486052,14400617,12.12,0.97
875,2026-05-16 05:11:37,7,q38,0,10,103,2113,4641,26205,22423,121,130,1,0,0,1933,12765592,0,0,9259478720,50921014,172599812,0,0,1696919,655,655,0,45579387,45579387,0,0,45579387,1696919,12.4,2.11
876,2026-05-16 05:11:40,7,q39a,0,11,80,2046,3659,23619,21672,145,137,0,416,0,495,801878,0,0,2907388416,266362010,800363016,0,0,1567909,55,55,0,36859402,36859402,0,0,25188288,1057909,11.54,2.05
877,2026-05-16 05:11:43,7,q39b,0,11,80,1499,2690,17489,17007,121,135,0,160,0,156,520274,0,0,2839624192,266362010,800363016,0,0,1531488,55,55,0,35748102,35748102,0,0,24076988,1021488,11.67,1.5
878,2026-05-16 05:11:46,7,q40,0,7,57,1590,3257,22049,20313,43,58,0,0,0,1905,173485,0,0,4141621464,15962317,191987692,0,0,15748014,527,527,0,309869964,309869964,0,0,309869964,15748014,13.87,1.59
879,2026-05-16 05:11:48,7,q41,0,4,6,158,130,140,123,6,7,0,0,0,7,12426,0,0,202903480,204000,8796288,0,0,140,2,2,0,9680,9680,0,0,9680,140,0.89,0.16
880,2026-05-16 05:11:50,7,q42,0,4,24,433,422,5629,5369,23,28,0,0,0,53,93017,0,0,988287344,28922501,217999764,0,0,213,20,20,0,17628,17628,0,0,17628,213,13.0,0.43
881,2026-05-16 05:11:51,7,q43,0,4,23,601,580,7416,6906,28,33,0,0,0,81,93060,0,0,114629704,28820603,124815064,0,0,420,20,20,0,53679,53679,0,0,53679,420,12.34,0.6
882,2026-05-16 05:11:53,7,q44,0,8,55,708,781,7623,6621,46,57,0,160,0,686,1663841,0,0,1590617384,57703002,366972000,0,0,918228,230,230,0,12036635,12036635,0,0,6019981,459179,10.77,0.71
883,2026-05-16 05:11:54,7,q45,0,7,30,474,535,2436,2325,28,33,0,0,0,15,5019183,0,0,2009365456,8092088,103713212,0,0,29,8,8,0,2649,2649,0,0,2649,29,5.14,0.47
884,2026-05-16 05:11:56,7,q46,0,7,32,1151,1278,13234,11588,37,39,5,160,0,1065,15301537,0,0,636469744,29577803,242181596,0,0,27957,20,20,0,1521656,1521656,0,0,1521656,27957,11.5,1.15
885,2026-05-16 05:11:58,7,q47,0,11,86,2005,2862,25346,22055,133,136,0,0,0,2578,2306610,0,0,7322879688,28922603,207733528,0,0,3818373,1127,1127,0,151259210,151259210,0,0,84699632,2137286,12.64,2.0
886,2026-05-16 05:12:01,7,q48,0,6,35,1149,1200,13279,12063,26,29,0,464,0,3,1323890,0,0,669220160,30991403,301313964,0,0,20,20,20,0,1180,1180,0,0,1180,20,11.56,1.15
887,2026-05-16 05:12:03,7,q49,0,16,142,1687,6221,24188,21681,83,138,0,448,0,2616,231070,0,0,5856700512,55458802,804352820,0,0,12389988,93,93,0,274278201,274278201,0,0,274278201,12389988,14.34,1.69
888,2026-05-16 05:12:06,7,q50,0,7,56,2342,4974,30464,27370,52,59,0,144,0,2038,370352,0,0,4687124776,31771284,229668436,0,0,29262054,527,527,0,629906613,629906613,0,0,629906613,29262054,13.01,2.34
889,2026-05-16 05:12:10,7,q51,0,10,139,2805,4054,39337,34784,186,204,0,412,0,4224,299643,0,0,10903457296,36020589,268592932,0,0,24476742,1913,1913,0,422014267,422014267,0,0,422014267,24476742,14.02,2.8
890,2026-05-16 05:12:13,7,q51a,0,14,205,20385,24224,267509,257827,321,359,1,2006,0,5013,459272,0,0,27854731368,36020589,268592932,0,0,47591212,2821,2821,0,791165500,791165500,0,0,577779396,36129246,13.12,20.39
891,2026-05-16 05:12:35,7,q52,0,4,24,551,538,6592,6189,28,30,0,20,0,289,93232,0,0,988287344,28922501,218130836,0,0,6454,20,20,0,437185,437185,0,0,437185,6454,11.96,0.55
892,2026-05-16 05:12:37,7,q53,0,6,26,686,670,7560,6859,31,31,0,0,0,714,109860,0,0,208086096,28922603,208409368,0,0,53600,21,21,0,1161234,1161234,0,0,1161234,53600,11.02,0.69
893,2026-05-16 05:12:38,7,q54,0,15,92,1562,5241,19442,17357,109,117,3,44,0,1436,5019183,0,0,2759946504,51386165,335330100,0,0,26873230,354,354,0,253109945,253109945,0,0,253109945,26873230,12.45,1.56
894,2026-05-16 05:12:41,7,q55,0,4,24,463,451,5958,5661,28,26,0,0,0,250,93060,0,0,1323831544,28922501,218130836,0,0,5425,20,20,0,355036,355036,0,0,355036,5425,12.87,0.46
895,2026-05-16 05:12:42,7,q56,0,9,67,982,2263,11701,10809,66,84,0,0,0,467,463898,0,0,1166876624,50875014,458983484,0,0,11059,32,32,0,457061,457061,0,0,457061,11059,11.92,0.98
896,2026-05-16 05:12:44,7,q57,0,11,69,1437,2103,17415,15270,132,115,0,0,0,915,2306610,0,0,5711730760,14522449,125179556,0,0,1216027,443,443,0,47668372,47668372,0,0,34698977,879253,12.12,1.44
897,2026-05-16 05:12:47,7,q58,0,10,65,1356,3123,15923,14585,71,82,0,0,0,1051,782379,0,0,2946060536,50669112,424340116,0,0,265395,49,49,0,4277836,4277836,0,0,4277836,265395,11.74,1.36
898,2026-05-16 05:12:49,7,q59,0,10,47,1121,1215,10911,9445,53,61,0,176,0,1146,751663,0,0,2900014248,28913754,129977060,0,0,569924,420,420,0,22306867,22306867,0,0,11427409,303577,9.73,1.12
899,2026-05-16 05:12:52,7,q60,0,9,67,937,1939,10276,9174,66,86,2,0,0,1053,463898,0,0,1527124272,50875014,458917948,0,0,82304,33,33,0,1813814,1813814,0,0,1813814,82304,10.97,0.94
900,2026-05-16 05:12:54,7,q61,0,10,55,1286,1869,17195,16517,16,33,0,0,0,5,5019183,0,0,1246748000,58473604,529345364,0,0,40,40,40,0,2360,2360,0,0,2360,40,13.37,1.29
901,2026-05-16 05:12:56,7,q62,0,6,21,477,466,3167,2989,23,26,0,0,0,78,99952,0,0,138730216,7220160,65081020,0,0,3360,8,8,0,288245,288245,0,0,288245,3360,6.64,0.48
902,2026-05-16 05:12:57,7,q63,0,6,26,614,598,6610,5900,30,30,0,0,0,678,109860,0,0,208020560,28922603,208413464,0,0,23455,21,21,0,656976,656976,0,0,656976,23455,10.77,0.61
903,2026-05-16 05:12:59,7,q64,0,23,175,7027,23405,104345,97120,184,227,3,755,0,6521,13538242,0,0,35316849912,50412111,700711284,0,0,52026303,2610,2610,0,1952985139,1952985139,0,0,1806780160,48487731,14.85,7.03
904,2026-05-16 05:13:07,7,q65,0,10,97,2022,3756,30132,27037,133,139,1,0,0,2663,9163347,0,0,7453136496,57723104,408922920,0,0,12372989,731,731,0,399898797,399898797,0,0,399898797,12372989,14.9,2.02
905,2026-05-16 05:13:11,7,q66,0,8,43,947,1303,8467,6293,117,106,0,352,0,43,147441,0,0,1378107248,21660543,267079924,0,0,150,15,15,0,74527,74527,0,0,74527,150,8.94,0.95
906,2026-05-16 05:13:13,7,q67,0,6,44,7324,7273,86486,83745,68,68,0,936,0,2656,4629135,0,0,9374408584,28922603,234050328,0,0,14431398,399,399,0,1072760536,1072760536,0,0,1072760536,14431398,11.81,7.32
907,2026-05-16 05:13:21,7,q67a,0,14,184,10535,36176,144000,134712,339,365,0,1058,0,5672,4629135,0,0,26626034128,28922603,234050328,0,0,55818862,3158,3158,0,4147042899,4147042899,0,0,903537763,13249350,13.67,10.54
908,2026-05-16 05:13:33,7,q68,0,7,32,1233,1356,14838,13574,47,43,3,176,0,340,15301537,0,0,568481352,29577803,371418588,0,0,6174,20,20,0,505336,505336,0,0,505336,6174,12.03,1.23
909,2026-05-16 05:13:35,7,q69,0,11,86,870,1804,7450,6196,21,61,0,0,0,1285,28676289,0,0,3806916136,53091814,200782552,0,0,1902034,185,185,0,9728784,9728784,0,0,9728784,1902034,8.56,0.87
910,2026-05-16 05:13:37,7,q70,0,9,47,1084,1035,11743,10121,67,67,0,8,0,124,211360,0,0,1772898984,57621206,290080876,0,0,309,42,42,0,18928,18928,0,0,18928,309,10.83,1.08
911,2026-05-16 05:13:39,7,q70a,0,12,52,936,834,8985,8513,68,72,0,0,0,102,210240,0,0,902580896,57621206,290080876,0,0,360,87,87,0,25464,25464,0,0,13384,240,9.6,0.94
912,2026-05-16 05:13:41,7,q71,0,7,63,851,818,10211,9104,77,97,0,0,0,410,369637,0,0,956611448,50563014,444537276,0,0,32323,59,59,0,1848960,1848960,0,0,1095320,21167,12.0,0.85
913,2026-05-16 05:13:43,7,q72,0,14,113,19080,21308,254746,249793,102,137,1,1072,0,5521,13125980,0,0,25673044504,151146915,644064404,0,0,140763211,1535,1535,0,2029304873,2029304873,0,0,2029304873,140763211,13.35,19.08
914,2026-05-16 05:14:03,7,q73,0,8,32,432,606,4298,3753,35,37,2,0,0,432,16394969,0,0,480153792,29327803,108792300,0,0,5455,41,41,0,311887,311887,0,0,156253,2732,9.95,0.43
915,2026-05-16 05:14:05,7,q74,0,13,136,2549,8252,34412,28388,159,191,1,0,0,3412,15491653,0,0,15870045856,72541178,443524224,0,0,1787958,1199,1199,0,62159931,62159931,0,0,62159931,1787958,13.5,2.55
916,2026-05-16 05:14:08,7,q75,0,17,227,3203,8938,48768,41663,235,304,3,880,0,4895,13514277,0,0,16101206384,105981816,1121825600,0,0,12427820,1644,1644,0,280070291,280070291,0,0,194354746,8110306,15.23,3.2
917,2026-05-16 05:14:13,7,q76,0,4,60,1108,1078,15671,14700,78,89,0,0,0,578,917299,0,0,3851459368,50556063,446504972,0,0,5659,48,48,0,470467,470467,0,0,470467,5659,14.14,1.11
918,2026-05-16 05:14:15,7,q77,0,14,108,1114,4520,13794,12472,104,120,0,0,0,373,92974,0,0,933332440,55459104,591453576,0,0,2684,59,59,0,178445,178445,0,0,178445,2684,12.38,1.11
919,2026-05-16 05:14:17,7,q77a,0,17,113,1345,5100,15430,13842,115,128,0,160,0,333,93060,0,0,1472300312,55459104,591453576,0,0,3148,70,70,0,234010,234010,0,0,192514,2818,11.47,1.34
920,2026-05-16 05:14:19,7,q78,0,10,134,5068,11229,70781,66157,201,188,1,240,0,3557,13125980,0,0,20165576648,55458802,725754676,0,0,38475582,1020,1020,0,1136306789,1136306789,0,0,1136306789,38475582,13.97,5.07
921,2026-05-16 05:14:26,7,q79,0,7,33,960,1113,11580,10455,38,39,2,0,0,751,12765592,0,0,1728629144,29327803,236280364,0,0,80466,63,63,0,3262576,3262576,0,0,3262576,80466,12.06,0.96
922,2026-05-16 05:14:28,7,q80,0,16,143,6074,22936,90255,84873,107,163,2,576,0,5300,14436114,0,0,12610724304,55573446,842234804,0,0,45134935,1065,1065,0,1332383393,1332383393,0,0,1332383393,45134935,14.86,6.07
923,2026-05-16 05:14:35,7,q80a,0,19,148,5880,15249,84890,80267,119,177,2,784,0,4896,14436329,0,0,13082583336,55573446,842234804,0,0,45135891,1076,1076,0,1332498886,1332498886,0,0,1332396136,45134865,14.44,5.88
924,2026-05-16 05:14:42,7,q81,0,11,54,776,1600,7084,6148,58,60,2,64,0,150,20722128,0,0,2470448864,3899764,134033468,0,0,805182,43,43,0,12400577,12400577,0,0,12400577,805182,9.13,0.78
925,2026-05-16 05:14:44,7,q82,0,6,61,1341,2204,16238,15486,46,52,0,0,0,898,158044,0,0,1658418336,162032501,523772300,0,0,13778665,364,364,0,137879558,137879558,0,0,137879558,28800829,12.11,1.34
926,2026-05-16 05:14:46,7,q83,0,10,50,525,1065,4493,3905,46,59,0,0,0,371,782379,0,0,1250670456,5358935,133356404,0,0,43961,14,14,0,759663,759663,0,0,759663,43961,8.56,0.52
927,2026-05-16 05:14:48,7,q84,0,7,36,636,324,1182,1004,14,24,11,99,0,0,14823737,0,0,1009709760,5555652,92599736,0,0,100,1,1,0,1865,1865,0,0,1865,100,1.86,0.64
928,2026-05-16 05:14:49,7,q85,0,9,54,1290,1327,6146,5865,43,55,2,0,0,9,24325038,0,0,8643243752,12032207,199886352,0,0,13,5,5,0,1363,1363,0,0,1363,13,4.76,1.29
929,2026-05-16 05:14:52,7,q86,0,5,21,395,356,2266,2130,24,25,0,0,0,58,1857112,0,0,839708176,7322088,83159892,0,0,1435,9,9,0,100665,100665,0,0,100665,1435,5.74,0.4
930,2026-05-16 05:14:53,7,q86a,0,8,26,463,384,2160,1864,30,31,0,0,0,79,1857112,0,0,1378675920,7322088,83159892,0,0,3829,30,30,0,289861,289861,0,0,110613,1499,4.67,0.46
931,2026-05-16 05:14:55,7,q87,0,10,103,1942,4279,24129,20440,129,129,1,0,0,1745,12765592,0,0,9259478720,50921014,172599812,0,0,1696919,655,655,0,45579387,45579387,0,0,45579387,1696919,12.42,1.94
932,2026-05-16 05:14:58,7,q88,0,26,178,1786,11700,26938,24802,20,98,0,416,0,19,46528,0,0,514952960,230611310,567567520,0,0,160,160,160,0,9440,9440,0,0,9440,160,15.08,1.79
933,2026-05-16 05:15:01,7,q89,0,6,28,743,725,7813,6664,31,33,0,0,0,866,109817,0,0,1685135776,28922603,208073496,0,0,76303,63,63,0,3843797,3843797,0,0,3843797,76303,10.52,0.74
934,2026-05-16 05:15:02,7,q90,0,8,38,256,452,2870,2706,8,20,0,0,0,4,38053,0,0,103596544,14447576,96855240,0,0,32,32,32,0,1839,1839,0,0,1839,32,11.21,0.26
935,2026-05-16 05:15:04,7,q91,0,10,39,530,637,3261,3100,32,37,1,0,0,4,9532051,0,0,1037410344,4137906,95493496,0,0,53,5,5,0,7711,7711,0,0,4761,34,6.15,0.53
936,2026-05-16 05:15:05,7,q92,0,7,39,362,597,3909,3593,25,34,0,0,0,185,711378,0,0,178103200,14522176,160597284,0,0,165703,25,25,0,2320717,2320717,0,0,2320717,165703,10.8,0.36
937,2026-05-16 05:15:07,7,q93,0,5,54,3828,5394,48208,46586,39,52,0,128,0,2526,144661,0,0,5766380072,31678178,290472956,0,0,31635854,527,527,0,755217841,755217841,0,0,755217841,31635854,12.59,3.83
938,2026-05-16 05:15:12,7,q94,0,8,66,1275,1831,15940,14829,57,64,0,0,0,563,2563925,0,0,3571011840,15390492,170744412,0,0,14397040,289,289,0,217867873,217867873,0,0,217867873,14397040,12.5,1.27
939,2026-05-16 05:15:14,7,q95,0,8,66,3309,3894,42936,37494,70,75,0,757,0,544,2564769,0,0,14560086280,15390492,169052764,0,0,35990240,697,697,0,319722566,319722566,0,0,196775579,14395274,12.98,3.31
940,2026-05-16 05:15:18,7,q96,0,5,24,298,297,3452,3363,11,12,0,0,0,2,46313,0,0,63872480,28827803,72743008,0,0,20,20,20,0,1180,1180,0,0,1180,20,11.58,0.3
941,2026-05-16 05:15:20,7,q97,0,5,59,1895,2521,24190,21156,69,71,0,150,0,1059,160565,0,0,6981533896,43220926,235198972,0,0,8385110,442,442,0,97810667,97810667,0,0,97810667,8385110,12.77,1.9
942,2026-05-16 05:15:22,7,q98,0,7,36,984,903,9152,7254,44,44,3,6,0,861,3268160,0,0,2428835400,28922501,222775700,0,0,113561,200,200,0,16121748,16121748,0,0,14133532,98397,9.3,0.98
943,2026-05-16 05:15:25,7,q99,0,6,25,945,937,9674,8957,30,33,0,140,0,63,125542,0,0,156567144,14420479,83039724,0,0,4320,6,6,0,342615,342615,0,0,342615,4320,10.24,0.94
944,2026-05-16 05:15:27,8,q1,0,10,62,602,1024,6825,5614,71,72,0,0,0,921,5073369,0,0,3337334424,6275366,135056392,0,0,1611249,182,182,0,25346946,25346946,0,0,25346946,1611249,11.34,0.6
945,2026-05-16 05:15:28,8,q2,0,9,44,644,582,6185,5439,53,59,0,0,0,353,751663,0,0,456068104,21713562,148645444,0,0,10012,86,86,0,606598,606598,0,0,212064,5256,9.6,0.64
946,2026-05-16 05:15:30,8,q3,0,4,24,519,508,5969,5496,25,29,0,0,0,503,92931,0,0,119963624,28975550,218073492,0,0,4427,20,20,0,327766,327766,0,0,327766,4427,11.5,0.52
947,2026-05-16 05:15:31,8,q4,0,19,230,5267,25251,72381,62856,364,396,16,1014,0,5894,36929021,0,0,33110414720,101342028,1462566352,0,0,3043920,2203,2203,0,199411825,199411825,0,0,199411825,3043920,13.74,5.27
948,2026-05-16 05:15:38,8,q5,0,10,122,1592,3190,22509,20169,142,170,2,0,0,362,16637536,0,0,2326268984,62671034,669825860,0,0,4669,52,52,0,322282,322282,0,0,322282,4669,14.14,1.59
949,2026-05-16 05:15:41,8,q5a,0,13,127,1825,3512,24238,21490,133,173,2,416,0,425,16637493,0,0,2865236856,62671034,669825860,0,0,6937,63,63,0,499511,499511,0,0,366537,5113,13.28,1.82
950,2026-05-16 05:15:44,8,q6,0,11,54,1594,3137,21286,19976,51,60,0,0,0,1235,2111032,0,0,5012926032,29847550,171773248,0,0,27358702,376,376,0,240395470,240395470,0,0,240395470,27358702,13.35,1.59
951,2026-05-16 05:15:46,8,q7,0,7,37,1021,1044,12660,12123,48,44,0,0,0,312,782422,0,0,1348673984,30843801,396665976,0,0,74456,42,42,0,2868939,2868939,0,0,2868939,74456,12.4,1.02
952,2026-05-16 05:15:48,8,q8,0,10,36,942,900,8971,8620,44,50,0,0,0,72,2361205,0,0,1773265248,29820603,166544624,0,0,6821,23,23,0,91247,91247,0,0,91247,6821,9.52,0.94
953,2026-05-16 05:15:50,8,q9,0,11,106,1073,4823,15429,12948,39,72,3,288,0,14,42953,0,0,0,144002550,892586500,0,0,100,100,100,0,8203,8203,0,0,8203,100,14.38,1.07
954,2026-05-16 05:15:52,8,q10,0,13,97,969,2559,10815,9841,34,74,0,0,0,1200,591880,0,0,1548608232,53091814,200979160,0,0,4321867,206,206,0,66692796,66692796,0,0,66692796,4321867,11.16,0.97
955,2026-05-16 05:15:54,8,q10a,0,10,96,622,1369,6910,6463,33,79,0,0,0,1124,154690,0,0,2070311648,53091814,200979160,0,0,4289247,299,299,0,66652230,66652230,0,0,66652230,4289247,11.11,0.62
956,2026-05-16 05:15:56,8,q11,0,15,151,2702,7831,32677,28464,189,217,3,176,0,4013,36928978,0,0,21825432864,72541178,558384256,0,0,2000907,1402,1402,0,125072303,125072303,0,0,125072303,2000907,12.09,2.7
957,2026-05-16 05:16:00,8,q12,0,5,22,422,381,2115,1851,26,27,0,0,0,108,3268117,0,0,907495032,7322088,87362388,0,0,30509,18,18,0,4274847,4274847,0,0,4274847,30509,5.01,0.42
958,2026-05-16 05:16:01,8,q13,0,7,36,1481,1541,18016,16835,18,21,0,398,0,14,1303419,0,0,691209280,30998603,484887020,0,0,20,20,20,0,1576,1576,0,0,1576,20,12.16,1.48
959,2026-05-16 05:16:04,8,q14a,0,30,279,6258,14722,71250,64620,374,411,0,561,0,6416,1189316,0,0,11785006800,151671042,1013566564,0,0,62756112,631,631,0,882868642,882868642,0,0,879759850,62669588,11.39,6.26
960,2026-05-16 05:16:12,8,q14b,0,24,217,4475,10729,59412,54628,254,294,0,432,0,4729,1189316,0,0,10586315184,130216627,807813236,0,0,68503878,585,585,0,1017343738,1017343738,0,0,532894681,40996671,13.28,4.47
961,2026-05-16 05:16:18,8,q14,0,24,213,3549,9224,44451,40578,329,349,0,944,0,4184,1162292,0,0,9644006048,130216627,807813236,0,0,68363395,502,502,0,1007808595,1007808595,0,0,523359538,40856188,12.52,3.55
962,2026-05-16 05:16:22,8,q15,0,5,30,2064,2035,28090,8220,32,34,0,19216,0,9,5019183,0,0,951797424,15170425,111969300,0,0,502,1,1,0,18324,18324,0,0,18324,502,13.61,2.06
963,2026-05-16 05:16:26,8,q16,0,8,77,2465,6718,35993,29037,59,76,0,1234,0,3833,5381040,0,0,4852315440,30510756,281193476,0,0,28674690,697,697,0,416496049,416496049,0,0,416496049,28674690,14.6,2.46
964,2026-05-16 05:16:29,8,q17,0,10,95,5042,8863,68340,59665,109,106,1,1568,0,5862,6944875,0,0,7880912176,46220660,373149500,0,0,45538041,1143,1143,0,1089607918,1089607918,0,0,1089607918,45538041,13.55,5.04
965,2026-05-16 05:16:35,8,q18,0,9,55,1114,1094,7813,6853,49,62,2,192,0,50,9716301,0,0,3208798744,19114025,324942364,0,0,56710,15,15,0,4005761,4005761,0,0,4005761,56710,7.01,1.11
966,2026-05-16 05:16:37,8,q18a,0,17,145,3312,10211,41976,33110,215,228,0,1168,0,463,9716473,0,0,15030534080,77567725,1360325836,0,0,64904,45,45,0,4691358,4691358,0,0,4691358,64904,12.67,3.31
967,2026-05-16 05:16:42,8,q19,0,7,33,1234,1196,13401,9939,45,39,0,352,0,579,5019183,0,0,2270125704,29672603,259212608,0,0,10279,20,20,0,824093,824093,0,0,824093,10279,10.86,1.23
968,2026-05-16 05:16:44,8,q20,0,5,25,529,468,3179,2803,32,31,0,0,0,18,3268117,0,0,412686616,14522425,133660204,0,0,28486,2,2,0,3491832,3491832,0,0,3491832,28486,6.01,0.53
969,2026-05-16 05:16:46,8,q21,0,5,25,901,884,10459,8827,35,31,0,176,0,16,108097,0,0,208677936,133232010,404526284,0,0,31850,1,1,0,679321,679321,0,0,679321,31850,11.61,0.9
970,2026-05-16 05:16:48,8,q22,0,6,42,34142,34081,126335,124084,115,68,0,366,0,140,4629135,0,0,1903814832,133232010,401657020,0,0,1020310,102,102,0,42923377,42923377,0,0,42923377,1020310,3.7,34.14
971,2026-05-16 05:17:23,8,q22a,0,10,90,2558,3258,20263,16300,174,162,0,148,0,2876,4629135,0,0,8824939688,133232010,401994956,0,0,1428768,391,391,0,71097539,71097539,0,0,20107839,409288,7.92,2.56
972,2026-05-16 05:17:27,8,q23a,0,18,192,7187,14327,100667,80972,255,238,0,2484,0,7368,6575869,0,0,14692224552,108664016,685793516,0,0,44598928,1266,1266,0,1130563014,1130563014,0,0,1097396384,42464388,14.01,7.19
973,2026-05-16 05:17:35,8,q23b,0,21,218,6940,14252,97848,82116,283,297,1,2426,0,7516,6575826,0,0,27667565688,109164016,700757796,0,0,49830490,2576,2576,0,1222357965,1222357965,0,0,1109770631,42926870,14.1,6.94
974,2026-05-16 05:17:43,8,q24,0,8,64,2528,7436,35161,28968,55,62,1,544,0,4024,20636822,0,0,7068696000,32530235,313105664,0,0,29735885,510,510,0,678542980,678542980,0,0,678542980,29735885,13.91,2.53
975,2026-05-16 05:17:47,8,q24a,0,13,86,4081,7871,50098,43190,98,98,1,1232,0,3012,18087253,0,0,16497845272,32632235,315722048,0,0,59478907,1052,1052,0,1358029658,1358029658,0,0,679486678,29743022,12.28,4.08
976,2026-05-16 05:17:52,8,q24b,0,13,86,3080,7038,38320,33724,93,98,2,681,0,4273,18087253,0,0,15891776752,32632235,315722048,0,0,59478765,1040,1040,0,1358005890,1358005890,0,0,679462910,29742880,12.44,3.08
977,2026-05-16 05:17:56,8,q25,0,10,95,4878,11596,66798,60780,72,101,1,1008,0,4515,6944832,0,0,7880887560,46220660,473534268,0,0,45538038,1140,1140,0,1109139539,1109139539,0,0,1109139539,45538038,13.69,4.88
978,2026-05-16 05:18:02,8,q26,0,6,35,1179,1203,14379,13693,31,39,0,81,0,61,782379,0,0,609952456,16443725,237656336,0,0,36267,5,5,0,1280199,1280199,0,0,1280199,36267,12.2,1.18
979,2026-05-16 05:18:04,8,q27,0,7,37,976,1023,11127,10227,42,44,0,84,0,608,782465,0,0,1751787312,30843403,369488532,0,0,59806,42,42,0,2526768,2526768,0,0,2526768,59806,11.4,0.98
980,2026-05-16 05:18:06,8,q27a,0,11,81,2091,4315,27848,24055,88,100,0,494,0,1266,782422,0,0,1135508272,88546507,1055705872,0,0,61693,63,63,0,2831800,2831800,0,0,2831800,61693,13.32,2.09
981,2026-05-16 05:18:09,8,q28,0,18,136,2259,12405,33449,27780,131,154,0,608,0,4542,59051,0,0,8489792560,172803006,1378799712,0,0,781558,210,210,0,12581279,12581279,0,0,12581279,781558,14.81,2.26
982,2026-05-16 05:18:13,8,q29,0,11,96,4772,11561,62957,58290,85,106,5,960,0,5235,6944832,0,0,7880995000,46240660,375583872,0,0,45538045,1145,1145,0,1089608693,1089608693,0,0,1089608693,45538045,13.19,4.77
983,2026-05-16 05:18:18,8,q30,0,11,51,685,1339,1724,1553,74,71,0,0,0,109,1992893,0,0,1012759832,2460548,94294236,0,0,755089,7,7,0,59269674,59269674,0,0,59269674,755089,2.52,0.68
984,2026-05-16 05:18:20,8,q31,0,19,122,2116,10209,29480,23952,123,141,0,512,0,3409,3832889,0,0,4050655136,108311767,642802012,0,0,115552,87,87,0,4120585,4120585,0,0,4054018,114653,13.93,2.12
985,2026-05-16 05:18:23,8,q32,0,7,46,646,1166,8927,8367,30,39,0,0,0,85,703508,0,0,120389400,28922850,252287700,0,0,55420,22,22,0,771615,771615,0,0,771615,55420,13.82,0.65
986,2026-05-16 05:18:25,8,q33,0,9,67,1456,3087,17998,15690,65,83,0,192,0,1423,889109,0,0,1174579160,50875014,458721340,0,0,27903,32,32,0,740955,740955,0,0,740955,27903,12.36,1.46
987,2026-05-16 05:18:28,8,q34,0,8,32,765,980,9803,9083,35,38,2,0,0,303,16394969,0,0,480760000,29327803,108792300,0,0,20445,41,41,0,825499,825499,0,0,440524,10675,12.81,0.76
988,2026-05-16 05:18:29,8,q35,0,10,91,1121,2128,11297,9206,52,78,0,448,0,1488,23973682,0,0,8152529816,53091814,200643288,0,0,6056607,435,435,0,16222302,16222302,0,0,16222302,6056607,10.08,1.12
989,2026-05-16 05:18:32,8,q35a,0,9,91,1057,1314,7948,6512,38,81,1,0,0,1428,23973725,0,0,7370292408,53091814,200643288,0,0,6053510,435,435,0,16233362,16233362,0,0,16233362,6053510,7.52,1.06
990,2026-05-16 05:18:34,8,q36,0,6,26,919,884,10420,9557,32,32,0,188,0,271,1857112,0,0,1708074800,28922603,313431472,0,0,3328,21,21,0,266774,266774,0,0,266774,3328,11.34,0.92
991,2026-05-16 05:18:36,8,q36a,0,9,31,961,904,10070,9360,36,39,0,144,0,227,1857112,0,0,2247042672,28922603,313431472,0,0,9115,66,66,0,762198,762198,0,0,268898,3261,10.48,0.96
992,2026-05-16 05:18:38,8,q37,0,6,61,1088,1551,13190,11731,46,57,0,562,0,638,157657,0,0,886656304,147632425,483939876,0,0,4316414,350,350,0,66486052,66486052,0,0,66486052,14400617,12.12,1.09
993,2026-05-16 05:18:40,8,q38,0,10,103,2092,4830,27298,23266,138,133,1,416,0,1919,12765592,0,0,9259478720,50921014,172599812,0,0,1696919,655,655,0,45579387,45579387,0,0,45579387,1696919,13.05,2.09
994,2026-05-16 05:18:43,8,q39a,0,11,80,2087,3644,24277,21617,141,140,0,264,0,369,801878,0,0,2907388416,266362010,800363016,0,0,1567909,55,55,0,36859402,36859402,0,0,25188288,1057909,11.63,2.09
995,2026-05-16 05:18:46,8,q39b,0,11,80,1525,2760,17148,16218,129,136,0,239,0,167,520274,0,0,2839624192,266362010,800363016,0,0,1531488,55,55,0,35748102,35748102,0,0,24076988,1021488,11.24,1.52
996,2026-05-16 05:18:49,8,q40,0,7,57,1596,3037,22088,20269,43,57,0,0,0,1987,173485,0,0,4141621464,15962317,191987692,0,0,15748014,527,527,0,309869964,309869964,0,0,309869964,15748014,13.84,1.6
997,2026-05-16 05:18:51,8,q41,0,4,6,155,127,141,123,5,5,0,0,0,7,12426,0,0,202903480,204000,8796288,0,0,140,2,2,0,9680,9680,0,0,9680,140,0.91,0.16
998,2026-05-16 05:18:53,8,q42,0,4,24,514,502,6666,6091,26,29,0,192,0,70,93748,0,0,988287344,28922501,217999764,0,0,213,20,20,0,17628,17628,0,0,17628,213,12.97,0.51
999,2026-05-16 05:18:54,8,q43,0,4,23,770,750,10230,9593,29,31,0,80,0,72,93748,0,0,114629704,28820603,124815064,0,0,420,20,20,0,53679,53679,0,0,53679,420,13.29,0.77
1000,2026-05-16 05:18:56,8,q44,0,8,55,677,736,7228,6468,50,57,0,0,0,566,1663841,0,0,1590617384,57703002,366972000,0,0,918228,230,230,0,12036635,12036635,0,0,6019981,459179,10.68,0.68
1001,2026-05-16 05:18:58,8,q45,0,7,30,581,609,3384,3256,28,31,0,0,0,16,5019183,0,0,2009365456,8092088,103713212,0,0,29,8,8,0,2649,2649,0,0,2649,29,5.82,0.58
1002,2026-05-16 05:18:59,8,q46,0,7,32,957,1099,10728,8387,124,39,2,224,0,718,15301580,0,0,636469744,29577803,242181596,0,0,27957,20,20,0,1521656,1521656,0,0,1521656,27957,11.21,0.96
1003,2026-05-16 05:19:01,8,q47,0,11,86,1912,2729,23903,20116,139,141,0,428,0,2838,2306610,0,0,7322879688,28922603,207733528,0,0,3818373,1127,1127,0,151259210,151259210,0,0,84699632,2137286,12.5,1.91
1004,2026-05-16 05:19:04,8,q48,0,6,35,1173,1221,14768,13845,19,26,0,320,0,3,1323761,0,0,669220160,30991403,301313964,0,0,20,20,20,0,1180,1180,0,0,1180,20,12.59,1.17
1005,2026-05-16 05:19:06,8,q49,0,16,142,1662,6215,23785,21344,93,137,0,356,0,2823,231070,0,0,5856700512,55458802,804352820,0,0,12389988,93,93,0,274278201,274278201,0,0,274278201,12389988,14.31,1.66
1006,2026-05-16 05:19:09,8,q50,0,7,56,2160,4647,29311,26118,49,59,0,224,0,2030,370352,0,0,4687124776,31771284,229668436,0,0,29262054,527,527,0,629906613,629906613,0,0,629906613,29262054,13.57,2.16
1007,2026-05-16 05:19:12,8,q51,0,10,139,2951,4273,41365,34925,192,206,0,1552,0,4217,299557,0,0,10903457296,36020589,268592932,0,0,24476742,1913,1913,0,422014267,422014267,0,0,422014267,24476742,14.02,2.95
1008,2026-05-16 05:19:16,8,q51a,0,14,205,20845,24932,277033,247663,306,355,0,3837,0,4529,459272,0,0,27854731368,36020589,268592932,0,0,47591212,2821,2821,0,791165500,791165500,0,0,577779396,36129246,13.29,20.84
1009,2026-05-16 05:19:38,8,q52,0,4,24,482,461,5302,4052,28,30,0,0,0,402,93060,0,0,988287344,28922501,218130836,0,0,6454,20,20,0,437185,437185,0,0,437185,6454,11.0,0.48
1010,2026-05-16 05:19:40,8,q53,0,6,26,688,668,7417,6760,31,32,0,0,0,682,109817,0,0,208086096,28922603,208409368,0,0,53600,21,21,0,1161234,1161234,0,0,1161234,53600,10.78,0.69
1011,2026-05-16 05:19:42,8,q54,0,15,92,1548,5723,20042,18038,98,113,0,720,0,1436,5019183,0,0,2759946504,51386165,335330100,0,0,26873230,354,354,0,253109945,253109945,0,0,253109945,26873230,12.95,1.55
1012,2026-05-16 05:19:44,8,q55,0,4,24,625,612,7971,7637,27,29,0,0,0,242,93060,0,0,1323831544,28922501,218130836,0,0,5425,20,20,0,355036,355036,0,0,355036,5425,12.75,0.62
1013,2026-05-16 05:19:46,8,q56,0,9,67,1039,2329,12931,11835,77,88,0,128,0,401,463898,0,0,1166876624,50875014,458983484,0,0,11059,32,32,0,457061,457061,0,0,457061,11059,12.45,1.04
1014,2026-05-16 05:19:48,8,q57,0,11,69,1615,2356,18070,15644,122,120,0,120,0,940,2306610,0,0,5711730760,14522449,125179556,0,0,1216027,443,443,0,47668372,47668372,0,0,34698977,879253,11.19,1.62
1015,2026-05-16 05:19:51,8,q58,0,10,65,1185,2750,14024,12836,75,81,0,0,0,844,782379,0,0,2946060536,50669112,424340116,0,0,265395,49,49,0,4277836,4277836,0,0,4277836,265395,11.83,1.18
1016,2026-05-16 05:19:53,8,q59,0,10,47,1051,1161,10087,8523,58,62,0,144,0,1187,751663,0,0,2900014248,28913754,129977060,0,0,569924,420,420,0,22306867,22306867,0,0,11427409,303577,9.6,1.05
1017,2026-05-16 05:19:55,8,q60,0,9,67,1133,2483,13060,11545,70,87,0,224,0,963,463898,0,0,1527124272,50875014,458917948,0,0,82304,33,33,0,1813814,1813814,0,0,1813814,82304,11.53,1.13
1018,2026-05-16 05:19:57,8,q61,0,10,55,1554,2598,20271,18815,13,32,0,160,0,24,5019183,0,0,1246748000,58473604,529345364,0,0,40,40,40,0,2360,2360,0,0,2360,40,13.04,1.55
1019,2026-05-16 05:20:00,8,q62,0,6,21,494,484,3397,3211,27,26,0,0,0,79,99952,0,0,138730216,7220160,65081020,0,0,3360,8,8,0,288245,288245,0,0,288245,3360,6.88,0.49
1020,2026-05-16 05:20:01,8,q63,0,6,26,694,677,7459,6842,30,29,0,0,0,653,109860,0,0,208020560,28922603,208413464,0,0,23455,21,21,0,656976,656976,0,0,656976,23455,10.75,0.69
1021,2026-05-16 05:20:03,8,q64,0,23,175,7186,28334,101465,92298,187,226,3,1468,0,7131,13538285,0,0,35316849912,50412111,700711284,0,0,52026303,2610,2610,0,1952985139,1952985139,0,0,1806780160,48487731,14.12,7.19
1022,2026-05-16 05:20:12,8,q65,0,10,97,1905,3519,28266,25552,138,137,1,154,0,2315,9163347,0,0,7453136496,57723104,408922920,0,0,12372989,731,731,0,399898797,399898797,0,0,399898797,12372989,14.84,1.9
1023,2026-05-16 05:20:15,8,q66,0,8,43,970,1341,9049,7404,95,99,0,48,0,42,147441,0,0,1378107248,21660543,267079924,0,0,150,15,15,0,74527,74527,0,0,74527,150,9.33,0.97
1024,2026-05-16 05:20:17,8,q67,0,6,44,7311,7258,87143,82923,65,69,0,2176,0,2783,4629135,0,0,9374408584,28922603,234050328,0,0,14431398,399,399,0,1072760536,1072760536,0,0,1072760536,14431398,11.92,7.31
1025,2026-05-16 05:20:25,8,q67a,0,14,184,10629,36897,145657,134878,370,370,0,1965,0,6221,4629135,0,0,26626034128,28922603,234050328,0,0,55818862,3158,3158,0,4147042899,4147042899,0,0,903537763,13249350,13.7,10.63
1026,2026-05-16 05:20:37,8,q68,0,7,32,1172,1314,13811,10910,34,39,3,208,0,522,15301537,0,0,568481352,29577803,371418588,0,0,6174,20,20,0,505336,505336,0,0,505336,6174,11.78,1.17
1027,2026-05-16 05:20:39,8,q69,0,11,86,910,1906,8379,6656,31,61,0,501,0,1329,28676332,0,0,3806916136,53091814,200782552,0,0,1902034,185,185,0,9728784,9728784,0,0,9728784,1902034,9.21,0.91
1028,2026-05-16 05:20:41,8,q70,0,9,47,953,921,10476,9625,59,64,0,112,0,104,212048,0,0,1772898984,57621206,290080876,0,0,309,42,42,0,18928,18928,0,0,18928,309,10.99,0.95
1029,2026-05-16 05:20:43,8,q70a,0,12,52,1061,961,10797,10268,67,72,0,24,0,102,210412,0,0,902580896,57621206,290080876,0,0,360,87,87,0,25464,25464,0,0,13384,240,10.18,1.06
1030,2026-05-16 05:20:45,8,q71,0,7,63,1004,973,12271,10910,83,101,0,0,0,772,369637,0,0,956611448,50563014,444537276,0,0,32323,59,59,0,1848960,1848960,0,0,1095320,21167,12.22,1.0
1031,2026-05-16 05:20:47,8,q72,0,14,113,20228,22599,270294,252970,115,137,1,3225,0,5537,13125980,0,0,25673044504,151146915,644064404,0,0,140763211,1535,1535,0,2029304873,2029304873,0,0,2029304873,140763211,13.36,20.23
1032,2026-05-16 05:21:09,8,q73,0,8,32,568,784,6671,5500,32,37,2,343,0,381,16395012,0,0,480153792,29327803,108792300,0,0,5455,41,41,0,311887,311887,0,0,156253,2732,11.74,0.57
1033,2026-05-16 05:21:10,8,q74,0,13,136,2625,8560,35925,30251,181,194,1,416,0,3746,15491653,0,0,15870045856,72541178,443524224,0,0,1787958,1199,1199,0,62159931,62159931,0,0,62159931,1787958,13.69,2.62
1034,2026-05-16 05:21:14,8,q75,0,17,227,3363,9165,51386,43784,206,300,5,912,0,4806,13514234,0,0,16101206384,105981816,1121825600,0,0,12427820,1644,1644,0,280070291,280070291,0,0,194354746,8110306,15.28,3.36
1035,2026-05-16 05:21:18,8,q76,0,4,60,914,884,12259,11228,70,87,0,176,0,475,917299,0,0,3851459368,50556063,446504972,0,0,5659,48,48,0,470467,470467,0,0,470467,5659,13.41,0.91
1036,2026-05-16 05:21:20,8,q77,0,14,108,1403,6255,18790,17292,97,115,0,63,0,270,93060,0,0,933332440,55459104,591453576,0,0,2684,59,59,0,178445,178445,0,0,178445,2684,13.39,1.4
1037,2026-05-16 05:21:23,8,q77a,0,17,113,1377,5328,15890,14358,107,132,0,0,0,440,93060,0,0,1472300312,55459104,591453576,0,0,3148,70,70,0,234010,234010,0,0,192514,2818,11.54,1.38
1038,2026-05-16 05:21:25,8,q78,0,10,134,5819,12477,77253,70619,184,185,3,1159,0,3732,13125937,0,0,20165576648,55458802,725754676,0,0,38475582,1020,1020,0,1136306789,1136306789,0,0,1136306789,38475582,13.28,5.82
1039,2026-05-16 05:21:32,8,q79,0,7,33,1076,1232,13337,11681,34,37,1,304,0,783,12765592,0,0,1728629144,29327803,236280364,0,0,80466,63,63,0,3262576,3262576,0,0,3262576,80466,12.39,1.08
1040,2026-05-16 05:21:34,8,q80,0,16,143,6295,20478,92472,84251,105,162,2,1763,0,6554,14436372,0,0,12610724304,55573446,842234804,0,0,45134935,1065,1065,0,1332383393,1332383393,0,0,1332383393,45134935,14.69,6.3
1041,2026-05-16 05:21:42,8,q80a,0,19,148,6048,16043,87721,79214,182,188,3,2024,0,5983,14436501,0,0,13082583336,55573446,842234804,0,0,45135891,1076,1076,0,1332498886,1332498886,0,0,1332396136,45134865,14.5,6.05
1042,2026-05-16 05:21:49,8,q81,0,11,54,720,1483,6277,5606,51,60,2,0,0,147,20721956,0,0,2470448864,3899764,134033468,0,0,805182,43,43,0,12400577,12400577,0,0,12400577,805182,8.72,0.72
1043,2026-05-16 05:21:51,8,q82,0,6,61,1455,2567,18015,14916,54,59,0,959,0,859,158044,0,0,1658418336,162032501,523772300,0,0,13778665,364,364,0,137879558,137879558,0,0,137879558,28800829,12.38,1.46
1044,2026-05-16 05:21:53,8,q83,0,10,50,650,1453,6797,6333,50,57,0,0,0,246,782379,0,0,1250670456,5358935,133356404,0,0,43961,14,14,0,759663,759663,0,0,759663,43961,10.46,0.65
1045,2026-05-16 05:21:55,8,q84,0,7,36,704,533,2593,1758,14,24,0,0,0,0,14823393,0,0,1009709760,5555652,92599736,0,0,100,1,1,0,1865,1865,0,0,1865,100,3.68,0.7
1046,2026-05-16 05:21:57,8,q85,0,9,54,1368,1404,6493,5770,41,55,2,348,0,9,24325038,0,0,8643243752,12032207,199886352,0,0,13,5,5,0,1363,1363,0,0,1363,13,4.75,1.37
1047,2026-05-16 05:21:59,8,q86,0,5,21,393,353,2276,2134,20,23,0,0,0,59,1857112,0,0,839708176,7322088,83159892,0,0,1435,9,9,0,100665,100665,0,0,100665,1435,5.79,0.39
1048,2026-05-16 05:22:01,8,q86a,0,8,26,399,339,1883,1650,29,31,0,64,0,72,1857112,0,0,1378675920,7322088,83159892,0,0,3829,30,30,0,289861,289861,0,0,110613,1499,4.72,0.4
1049,2026-05-16 05:22:02,8,q87,0,10,103,1991,4437,24796,21040,121,129,1,272,0,1788,12765592,0,0,9259478720,50921014,172599812,0,0,1696919,655,655,0,45579387,45579387,0,0,45579387,1696919,12.45,1.99
1050,2026-05-16 05:22:05,8,q88,0,26,178,2051,13461,30795,28830,15,101,0,240,0,17,46528,0,0,514952960,230611310,567567520,0,0,160,160,160,0,9440,9440,0,0,9440,160,15.01,2.05
1051,2026-05-16 05:22:08,8,q89,0,6,28,790,770,8525,7341,34,35,0,0,0,819,109860,0,0,1685135776,28922603,208073496,0,0,76303,63,63,0,3843797,3843797,0,0,3843797,76303,10.79,0.79
1052,2026-05-16 05:22:10,8,q90,0,8,38,303,530,3490,3270,16,18,0,0,0,4,38053,0,0,103596544,14447576,96855240,0,0,32,32,32,0,1839,1839,0,0,1839,32,11.52,0.3
1053,2026-05-16 05:22:12,8,q91,0,10,39,481,570,2941,2711,29,39,0,0,0,4,9531965,0,0,1037410344,4137906,95493496,0,0,53,5,5,0,7711,7711,0,0,4761,34,6.11,0.48
1054,2026-05-16 05:22:13,8,q92,0,7,39,368,624,4148,3847,25,32,0,0,0,173,81343,0,0,178598656,14522176,160597284,0,0,165704,26,26,0,2320776,2320776,0,0,2320776,165704,11.27,0.37
1055,2026-05-16 05:22:15,8,q93,0,5,54,3848,5511,48686,46323,43,53,0,904,0,2491,144059,0,0,5766380072,31678178,290472956,0,0,31635854,527,527,0,755217841,755217841,0,0,755217841,31635854,12.65,3.85
1056,2026-05-16 05:22:19,8,q94,0,8,66,1275,1788,15083,13675,55,64,0,385,0,568,2563968,0,0,3571011840,15390492,170744412,0,0,14397040,289,289,0,217867873,217867873,0,0,217867873,14397040,11.83,1.27
1057,2026-05-16 05:22:22,8,q95,0,8,66,3890,4371,53585,41398,63,73,1,1421,0,565,2564640,0,0,14560086280,15390492,169052764,0,0,35990240,697,697,0,319722566,319722566,0,0,196775579,14395274,13.78,3.89
1058,2026-05-16 05:22:27,8,q96,0,5,24,349,347,4081,3130,13,13,0,0,0,2,46399,0,0,63872480,28827803,72743008,0,0,20,20,20,0,1180,1180,0,0,1180,20,11.69,0.35
1059,2026-05-16 05:22:28,8,q97,0,5,59,2360,3084,30179,22890,77,75,0,396,0,1338,161253,0,0,6981533896,43220926,235198972,0,0,8385110,442,442,0,97810667,97810667,0,0,97810667,8385110,12.79,2.36
1060,2026-05-16 05:22:32,8,q98,0,7,36,923,839,8040,6825,43,45,3,0,0,813,3268117,0,0,2428835400,28922501,222775700,0,0,113561,200,200,0,16121748,16121748,0,0,14133532,98397,8.71,0.92
1061,2026-05-16 05:22:34,8,q99,0,6,25,752,738,8164,6856,31,32,0,0,0,72,124854,0,0,156567144,14420479,83039724,0,0,4320,6,6,0,342615,342615,0,0,342615,4320,10.86,0.75
1062,2026-05-16 05:22:35,9,q1,0,10,62,586,1095,7022,5783,63,67,0,0,0,772,5073369,0,0,3337334424,6275366,135056392,0,0,1611249,182,182,0,25346946,25346946,0,0,25346946,1611249,11.98,0.59
1063,2026-05-16 05:22:37,9,q2,0,9,44,685,619,7206,6376,47,59,0,160,0,178,751663,0,0,456068104,21713562,148645444,0,0,10012,86,86,0,606598,606598,0,0,212064,5256,10.52,0.68
1064,2026-05-16 05:22:39,9,q3,0,4,24,480,469,5201,4564,21,25,0,144,0,540,93705,0,0,119963624,28975550,218073492,0,0,4427,20,20,0,327766,327766,0,0,327766,4427,10.84,0.48
1065,2026-05-16 05:22:40,9,q4,0,19,230,5673,27742,78144,59429,399,416,3,1990,0,6927,36928978,0,0,33110414720,101342028,1462566352,0,0,3043920,2203,2203,0,199411825,199411825,0,0,199411825,3043920,13.77,5.67
1066,2026-05-16 05:22:47,9,q5,0,10,122,1733,3431,24282,19628,143,168,5,352,0,407,16637579,0,0,2326268984,62671034,669825860,0,0,4669,52,52,0,322282,322282,0,0,322282,4669,14.01,1.73
1067,2026-05-16 05:22:50,9,q5a,0,13,127,1638,3099,20805,17680,157,180,3,144,0,502,16637536,0,0,2865236856,62671034,669825860,0,0,6937,63,63,0,499511,499511,0,0,366537,5113,12.7,1.64
1068,2026-05-16 05:22:53,9,q6,0,11,54,1593,3086,20979,18580,51,57,0,160,0,1213,2111032,0,0,5012926032,29847550,171773248,0,0,27358702,376,376,0,240395470,240395470,0,0,240395470,27358702,13.17,1.59
1069,2026-05-16 05:22:55,9,q7,0,7,37,1233,1259,15799,13580,37,42,0,438,0,336,782379,0,0,1348673984,30843801,396665976,0,0,74456,42,42,0,2868939,2868939,0,0,2868939,74456,12.81,1.23
1070,2026-05-16 05:22:58,9,q8,0,10,36,900,846,8487,8136,46,48,0,0,0,71,2361205,0,0,1773265248,29820603,166544624,0,0,6821,23,23,0,91247,91247,0,0,91247,6821,9.43,0.9
1071,2026-05-16 05:23:00,9,q9,0,11,106,1005,4498,14505,13083,27,68,0,240,0,20,42738,0,0,0,144002550,892586500,0,0,100,100,100,0,8203,8203,0,0,8203,100,14.43,1.0
1072,2026-05-16 05:23:02,9,q10,0,13,97,1035,2567,12085,10482,33,74,0,208,0,1723,591880,0,0,1548608232,53091814,200979160,0,0,4321867,206,206,0,66692796,66692796,0,0,66692796,4321867,11.68,1.03
1073,2026-05-16 05:23:04,9,q10a,0,10,96,646,1430,7238,6517,40,83,0,165,0,1312,154690,0,0,2070311648,53091814,200979160,0,0,4289247,299,299,0,66652230,66652230,0,0,66652230,4289247,11.2,0.65
1074,2026-05-16 05:23:05,9,q11,0,15,151,2789,8156,34158,28246,222,231,3,464,0,5037,36928978,0,0,21825432864,72541178,558384256,0,0,2000907,1402,1402,0,125072303,125072303,0,0,125072303,2000907,12.25,2.79
1075,2026-05-16 05:23:09,9,q12,0,5,22,412,372,1891,1744,25,25,0,0,0,105,3268117,0,0,907495032,7322088,87362388,0,0,30509,18,18,0,4274847,4274847,0,0,4274847,30509,4.59,0.41
1076,2026-05-16 05:23:11,9,q13,0,7,36,1382,1410,17267,16524,18,24,0,36,0,2,1303333,0,0,691209280,30998603,484887020,0,0,20,20,20,0,1576,1576,0,0,1576,20,12.49,1.38
1077,2026-05-16 05:23:13,9,q14a,0,30,279,6492,14771,74646,67682,330,387,0,1235,0,5691,1189316,0,0,11785006800,151671042,1013566564,0,0,62756112,631,631,0,882868642,882868642,0,0,879759850,62669588,11.5,6.49
1078,2026-05-16 05:23:22,9,q14b,0,24,217,4509,10889,59131,54155,284,304,0,464,0,4224,1189316,0,0,10586315184,130216627,807813236,0,0,68503878,585,585,0,1017343738,1017343738,0,0,532894681,40996671,13.11,4.51
1079,2026-05-16 05:23:27,9,q14,0,24,213,3404,8615,43352,39239,560,368,0,768,0,3965,1162335,0,0,9644006048,130216627,807813236,0,0,68363395,502,502,0,1007808595,1007808595,0,0,523359538,40856188,12.74,3.4
1080,2026-05-16 05:23:32,9,q15,0,5,30,975,954,11481,10651,29,36,0,192,0,10,5019183,0,0,951797424,15170425,111969300,0,0,502,1,1,0,18324,18324,0,0,18324,502,11.78,0.98
1081,2026-05-16 05:23:34,9,q16,0,8,77,1989,5108,28827,23958,58,76,0,432,0,2381,5380954,0,0,4852315440,30510756,281193476,0,0,28674690,697,697,0,416496049,416496049,0,0,416496049,28674690,14.49,1.99
1082,2026-05-16 05:23:37,9,q17,0,10,95,4569,7870,61417,58161,74,108,1,656,0,3878,6944832,0,0,7880912176,46220660,373149500,0,0,45538041,1143,1143,0,1089607918,1089607918,0,0,1089607918,45538041,13.44,4.57
1083,2026-05-16 05:23:43,9,q18,0,9,55,927,947,7046,6376,51,63,0,0,0,56,9716301,0,0,3208798744,19114025,324942364,0,0,56710,15,15,0,4005761,4005761,0,0,4005761,56710,7.6,0.93
1084,2026-05-16 05:23:45,9,q18a,0,17,145,3543,10904,46938,41889,174,213,0,384,0,417,9716731,0,0,15030534080,77567725,1360325836,0,0,64904,45,45,0,4691358,4691358,0,0,4691358,64904,13.25,3.54
1085,2026-05-16 05:23:49,9,q19,0,7,33,1102,1094,12943,12023,35,39,0,0,0,642,5019183,0,0,2270125704,29672603,259212608,0,0,10279,20,20,0,824093,824093,0,0,824093,10279,11.75,1.1
1086,2026-05-16 05:23:52,9,q20,0,5,25,579,538,3928,3705,30,32,0,9,0,17,3268160,0,0,412686616,14522425,133660204,0,0,28486,2,2,0,3491832,3491832,0,0,3491832,28486,6.78,0.58
1087,2026-05-16 05:23:53,9,q21,0,5,25,801,780,9812,9351,28,32,0,0,0,13,107409,0,0,208677936,133232010,404526284,0,0,31850,1,1,0,679321,679321,0,0,679321,31850,12.25,0.8
1088,2026-05-16 05:23:55,9,q22,0,6,42,33433,33391,125421,124395,94,68,0,149,0,122,4629135,0,0,1903814832,133232010,401657020,0,0,1020310,102,102,0,42923377,42923377,0,0,42923377,1020310,3.75,33.43
1089,2026-05-16 05:24:29,9,q22a,0,10,90,2367,2923,18377,14934,151,162,0,40,0,2122,4629135,0,0,8824939688,133232010,401994956,0,0,1428768,391,391,0,71097539,71097539,0,0,20107839,409288,7.76,2.37
1090,2026-05-16 05:24:33,9,q23a,0,18,192,6555,12738,90300,84122,198,221,1,1124,0,6418,6575826,0,0,14692224552,108664016,685793516,0,0,44598928,1266,1266,0,1130563014,1130563014,0,0,1097396384,42464388,13.78,6.56
1091,2026-05-16 05:24:41,9,q23b,0,21,218,6480,13440,90298,83727,265,293,0,1344,0,5637,6575826,0,0,27667565688,109164016,700757796,0,0,49830490,2576,2576,0,1222357965,1222357965,0,0,1109770631,42926870,13.93,6.48
1092,2026-05-16 05:24:48,9,q24,0,8,64,2467,6693,33717,30121,89,61,3,292,0,2169,20636908,0,0,7068696000,32530235,313105664,0,0,29735885,510,510,0,678542980,678542980,0,0,678542980,29735885,13.67,2.47
1093,2026-05-16 05:24:52,9,q24a,0,13,86,3489,6800,45049,42556,81,94,1,144,0,2726,18087253,0,0,16497845272,32632235,315722048,0,0,59478907,1052,1052,0,1358029658,1358029658,0,0,679486678,29743022,12.91,3.49
1094,2026-05-16 05:24:56,9,q24b,0,13,86,2873,4537,33584,32388,77,100,3,0,0,2541,18087253,0,0,15891776752,32632235,315722048,0,0,59478765,1040,1040,0,1358005890,1358005890,0,0,679462910,29742880,11.69,2.87
1095,2026-05-16 05:25:00,9,q25,0,10,95,4663,10463,63028,58912,97,103,0,112,0,4799,6944746,0,0,7880887560,46220660,473534268,0,0,45538038,1140,1140,0,1109139539,1109139539,0,0,1109139539,45538038,13.52,4.66
1096,2026-05-16 05:25:06,9,q26,0,6,35,1028,1076,13677,12453,31,40,0,272,0,76,782379,0,0,609952456,16443725,237656336,0,0,36267,5,5,0,1280199,1280199,0,0,1280199,36267,13.3,1.03
1097,2026-05-16 05:25:08,9,q27,0,7,37,1136,1159,13458,12661,34,42,0,0,0,558,782379,0,0,1751787312,30843403,369488532,0,0,59806,42,42,0,2526768,2526768,0,0,2526768,59806,11.85,1.14
1098,2026-05-16 05:25:10,9,q27a,0,11,81,2123,4210,29287,26924,74,98,0,224,0,1387,782379,0,0,1135508272,88546507,1055705872,0,0,61693,63,63,0,2831800,2831800,0,0,2831800,61693,13.8,2.12
1099,2026-05-16 05:25:13,9,q28,0,18,136,2317,12776,34454,30714,121,147,0,176,0,3690,58965,0,0,8489792560,172803006,1378799712,0,0,781558,210,210,0,12581279,12581279,0,0,12581279,781558,14.87,2.32
1100,2026-05-16 05:25:17,9,q29,0,11,96,4509,10491,60933,58031,67,100,1,416,0,4041,6944789,0,0,7880995000,46240660,375583872,0,0,45538045,1145,1145,0,1089608693,1089608693,0,0,1089608693,45538045,13.51,4.51
1101,2026-05-16 05:25:22,9,q30,0,11,51,707,1419,1848,1604,75,77,0,54,0,112,1992936,0,0,1012759832,2460548,94294236,0,0,755089,7,7,0,59269674,59269674,0,0,59269674,755089,2.61,0.71
1102,2026-05-16 05:25:24,9,q31,0,19,122,2273,10768,31993,28318,121,136,0,0,0,2564,3832889,0,0,4117829512,108311767,642802012,0,0,117434,87,87,0,4204909,4204909,0,0,4096180,115594,14.08,2.27
1103,2026-05-16 05:25:27,9,q32,0,7,46,808,1520,11659,9761,23,37,0,224,0,90,703508,0,0,120389400,28922850,252287700,0,0,55420,22,22,0,771615,771615,0,0,771615,55420,14.43,0.81
1104,2026-05-16 05:25:29,9,q33,0,9,67,1165,2431,13444,12384,73,83,0,0,0,846,889109,0,0,1174579160,50875014,458721340,0,0,27903,32,32,0,740955,740955,0,0,740955,27903,11.54,1.16
1105,2026-05-16 05:25:32,9,q34,0,8,32,709,915,8277,7689,34,37,2,0,0,410,16394969,0,0,480760000,29327803,108792300,0,0,20445,41,41,0,825499,825499,0,0,440524,10675,11.67,0.71
1106,2026-05-16 05:25:33,9,q35,0,10,91,1095,2171,10709,8480,45,82,0,255,0,1973,23973725,0,0,8152529816,53091814,200643288,0,0,6056607,435,435,0,16222302,16222302,0,0,16222302,6056607,9.78,1.1
1107,2026-05-16 05:25:35,9,q35a,0,9,91,968,1228,7323,6264,45,81,3,0,0,1534,23973811,0,0,7370292408,53091814,200643288,0,0,6053510,435,435,0,16233362,16233362,0,0,16233362,6053510,7.57,0.97
1108,2026-05-16 05:25:37,9,q36,0,6,26,828,794,9196,8510,31,33,0,0,0,334,1857112,0,0,1708074800,28922603,313431472,0,0,3328,21,21,0,266774,266774,0,0,266774,3328,11.11,0.83
1109,2026-05-16 05:25:39,9,q36a,0,9,31,1086,1028,12139,11631,36,40,0,0,0,218,1857112,0,0,2247042672,28922603,313431472,0,0,9115,66,66,0,762198,762198,0,0,268898,3261,11.18,1.09
1110,2026-05-16 05:25:42,9,q37,0,6,61,1033,1483,12735,11593,44,57,0,400,0,629,157657,0,0,886656304,147632425,483939876,0,0,4316414,350,350,0,66486052,66486052,0,0,66486052,14400617,12.33,1.03
1111,2026-05-16 05:25:44,9,q38,0,10,103,1835,4111,23227,19923,122,131,4,0,0,1787,12765592,0,0,9259478720,50921014,172599812,0,0,1696919,655,655,0,45579387,45579387,0,0,45579387,1696919,12.66,1.84
1112,2026-05-16 05:25:46,9,q39a,0,12,71,1874,3504,21417,19748,89,100,0,128,0,693,801878,0,0,2062236424,266362010,800363016,0,0,1129925,56,56,0,27117544,27117544,0,0,26113005,1093917,11.43,1.87
1113,2026-05-16 05:25:49,9,q39b,0,11,80,1683,2956,19993,18278,123,140,0,144,0,161,520274,0,0,2839624192,266362010,800363016,0,0,1531488,55,55,0,35748102,35748102,0,0,24076988,1021488,11.88,1.68
1114,2026-05-16 05:25:52,9,q40,0,7,57,1675,3448,23191,20938,46,57,0,640,0,1666,173485,0,0,4141621464,15962317,191987692,0,0,15748014,527,527,0,309869964,309869964,0,0,309869964,15748014,13.85,1.68
1115,2026-05-16 05:25:55,9,q41,0,4,6,157,128,142,121,7,7,0,0,0,7,12426,0,0,202903480,204000,8796288,0,0,140,2,2,0,9680,9680,0,0,9680,140,0.9,0.16
1116,2026-05-16 05:25:56,9,q42,0,4,24,432,418,5742,5489,27,29,0,0,0,53,93060,0,0,988287344,28922501,217999764,0,0,213,20,20,0,17628,17628,0,0,17628,213,13.29,0.43
1117,2026-05-16 05:25:58,9,q43,0,4,23,660,641,8326,7806,27,31,0,0,0,76,93060,0,0,114629704,28820603,124815064,0,0,420,20,20,0,53679,53679,0,0,53679,420,12.62,0.66
1118,2026-05-16 05:25:59,9,q44,0,8,55,692,759,7382,6634,53,61,0,0,0,582,1663841,0,0,1590617384,57703002,366972000,0,0,918228,230,230,0,12036635,12036635,0,0,6019981,459179,10.67,0.69
1119,2026-05-16 05:26:01,9,q45,0,7,30,486,519,2750,2635,27,31,0,0,0,15,5019183,0,0,2009365456,8092088,103713212,0,0,29,8,8,0,2649,2649,0,0,2649,29,5.66,0.49
1120,2026-05-16 05:26:03,9,q46,0,7,32,1051,1231,11725,10585,33,37,2,80,0,732,15301795,0,0,636469744,29577803,242181596,0,0,27957,20,20,0,1521656,1521656,0,0,1521656,27957,11.16,1.05
1121,2026-05-16 05:26:05,9,q47,0,11,86,1949,2796,24364,20960,139,135,0,0,0,2711,2306610,0,0,7322879688,28922603,207733528,0,0,3818373,1127,1127,0,151259210,151259210,0,0,84699632,2137286,12.5,1.95
1122,2026-05-16 05:26:08,9,q48,0,6,35,1179,1241,14694,13774,17,23,0,318,0,4,1324234,0,0,669220160,30991403,301313964,0,0,20,20,20,0,1180,1180,0,0,1180,20,12.46,1.18
1123,2026-05-16 05:26:10,9,q49,0,16,142,1697,6206,24450,21844,87,134,0,480,0,2813,231070,0,0,5856700512,55458802,804352820,0,0,12389988,93,93,0,274278201,274278201,0,0,274278201,12389988,14.41,1.7
1124,2026-05-16 05:26:13,9,q50,0,7,56,2294,4915,30882,27746,50,58,0,176,0,2150,370352,0,0,4687124776,31771284,229668436,0,0,29262054,527,527,0,629906613,629906613,0,0,629906613,29262054,13.46,2.29
1125,2026-05-16 05:26:16,9,q51,0,10,139,2814,4069,39051,34678,188,207,0,768,0,3875,299557,0,0,10903457296,36020589,268592932,0,0,24476742,1913,1913,0,422014267,422014267,0,0,422014267,24476742,13.88,2.81
1126,2026-05-16 05:26:20,9,q51a,0,14,205,20533,24659,269486,258883,290,348,0,2503,0,5483,459272,0,0,27854731368,36020589,268592932,0,0,47591212,2821,2821,0,791165500,791165500,0,0,577779396,36129246,13.12,20.53
1127,2026-05-16 05:26:41,9,q52,0,4,24,484,471,5739,5228,29,29,0,128,0,308,93748,0,0,988287344,28922501,218130836,0,0,6454,20,20,0,437185,437185,0,0,437185,6454,11.86,0.48
1128,2026-05-16 05:26:43,9,q53,0,6,26,634,615,6733,6007,26,29,0,0,0,726,109817,0,0,208086096,28922603,208409368,0,0,53600,21,21,0,1161234,1161234,0,0,1161234,53600,10.62,0.63
1129,2026-05-16 05:26:45,9,q54,0,15,92,1546,5216,19655,18476,97,114,0,0,0,1224,5019183,0,0,2759946504,51386165,335330100,0,0,26873230,354,354,0,253109945,253109945,0,0,253109945,26873230,12.71,1.55
1130,2026-05-16 05:26:47,9,q55,0,4,24,569,557,6798,6237,130,27,0,112,0,431,93748,0,0,1323831544,28922501,218130836,0,0,5425,20,20,0,355036,355036,0,0,355036,5425,11.95,0.57
1131,2026-05-16 05:26:49,9,q56,0,9,67,1049,2402,12837,11949,68,85,0,0,0,632,463898,0,0,1166876624,50875014,458983484,0,0,11059,32,32,0,457061,457061,0,0,457061,11059,12.24,1.05
1132,2026-05-16 05:26:51,9,q57,0,11,69,1503,2225,16576,14424,118,115,0,0,0,1117,2306610,0,0,5711730760,14522449,125179556,0,0,1216027,443,443,0,47668372,47668372,0,0,34698977,879253,11.03,1.5
1133,2026-05-16 05:26:54,9,q58,0,10,65,1164,2759,14140,12830,72,82,0,0,0,862,782379,0,0,2946060536,50669112,424340116,0,0,265395,49,49,0,4277836,4277836,0,0,4277836,265395,12.15,1.16
1134,2026-05-16 05:26:56,9,q59,0,10,47,1026,1123,9700,8264,51,58,0,0,0,1306,751663,0,0,2900014248,28913754,129977060,0,0,569924,420,420,0,22306867,22306867,0,0,11427409,303577,9.45,1.03
1135,2026-05-16 05:26:58,9,q60,0,9,67,1126,2430,13198,11732,69,87,0,224,0,855,463898,0,0,1527124272,50875014,458917948,0,0,82304,33,33,0,1813814,1813814,0,0,1813814,82304,11.72,1.13
1136,2026-05-16 05:27:00,9,q61,0,10,55,1162,1872,15033,14264,13,31,0,0,0,5,5019183,0,0,1246748000,58473604,529345364,0,0,40,40,40,0,2360,2360,0,0,2360,40,12.94,1.16
1137,2026-05-16 05:27:02,9,q62,0,6,21,456,449,3069,2895,20,24,0,0,0,81,99952,0,0,138730216,7220160,65081020,0,0,3360,8,8,0,288245,288245,0,0,288245,3360,6.73,0.46
1138,2026-05-16 05:27:04,9,q63,0,6,26,660,648,6865,5325,43,32,0,9,0,632,109860,0,0,208020560,28922603,208413464,0,0,23455,21,21,0,656976,656976,0,0,656976,23455,10.4,0.66
1139,2026-05-16 05:27:06,9,q64,0,23,175,6937,27045,103079,96431,188,226,2,777,0,6139,13538285,0,0,35316849912,50412111,700711284,0,0,52026303,2610,2610,0,1952985139,1952985139,0,0,1806780160,48487731,14.86,6.94
1140,2026-05-16 05:27:14,9,q65,0,10,97,1972,3641,29374,26513,129,137,1,160,0,2412,9163347,0,0,7453136496,57723104,408922920,0,0,12372989,731,731,0,399898797,399898797,0,0,399898797,12372989,14.9,1.97
1141,2026-05-16 05:27:17,9,q66,0,8,43,1025,1599,9920,8327,102,106,0,0,0,38,147441,0,0,1378107248,21660543,267079924,0,0,150,15,15,0,74527,74527,0,0,74527,150,9.68,1.02
1142,2026-05-16 05:27:19,9,q67,0,6,44,7376,7324,87420,83693,63,68,0,1832,0,2587,4629135,0,0,9374408584,28922603,234050328,0,0,14431398,399,399,0,1072760536,1072760536,0,0,1072760536,14431398,11.85,7.38
1143,2026-05-16 05:27:27,9,q67a,0,14,184,10598,36662,145472,135349,337,374,0,1948,0,6138,4629135,0,0,26626034128,28922603,234050328,0,0,55818862,3158,3158,0,4147042899,4147042899,0,0,903537763,13249350,13.73,10.6
1144,2026-05-16 05:27:39,9,q68,0,7,32,1168,1302,13785,12963,31,38,1,0,0,238,15301537,0,0,568481352,29577803,371418588,0,0,6174,20,20,0,505336,505336,0,0,505336,6174,11.8,1.17
1145,2026-05-16 05:27:41,9,q69,0,11,86,1027,2197,8898,7258,16,59,0,176,0,1227,28676289,0,0,3806916136,53091814,200782552,0,0,1902034,185,185,0,9728784,9728784,0,0,9728784,1902034,8.66,1.03
1146,2026-05-16 05:27:44,9,q70,0,9,47,971,918,10340,9746,62,66,0,0,0,103,211360,0,0,1772898984,57621206,290080876,0,0,309,42,42,0,18928,18928,0,0,18928,309,10.65,0.97
1147,2026-05-16 05:27:46,9,q70a,0,12,52,901,803,8395,7882,69,74,0,0,0,113,210240,0,0,902580896,57621206,290080876,0,0,360,87,87,0,25464,25464,0,0,13384,240,9.32,0.9
1148,2026-05-16 05:27:48,9,q71,0,7,63,1032,998,12995,11691,78,97,0,386,0,523,370454,0,0,956611448,50563014,444537276,0,0,32323,59,59,0,1848960,1848960,0,0,1095320,21167,12.59,1.03
1149,2026-05-16 05:27:50,9,q72,0,14,113,19232,22699,253924,247310,102,140,1,800,0,5744,13125980,0,0,25673044504,151146915,644064404,0,0,140763211,1535,1535,0,2029304873,2029304873,0,0,2029304873,140763211,13.2,19.23
1150,2026-05-16 05:28:10,9,q73,0,8,32,707,933,9121,8478,29,35,2,0,0,245,16394969,0,0,480153792,29327803,108792300,0,0,5455,41,41,0,311887,311887,0,0,156253,2732,12.9,0.71
1151,2026-05-16 05:28:12,9,q74,0,13,136,2476,7975,33350,28205,177,192,1,128,0,3309,15491653,0,0,15870045856,72541178,443524224,0,0,1787958,1199,1199,0,62159931,62159931,0,0,62159931,1787958,13.47,2.48
1152,2026-05-16 05:28:15,9,q75,0,17,227,3268,8848,50015,42700,226,304,2,640,0,4535,13514277,0,0,16101206384,105981816,1121825600,0,0,12427820,1644,1644,0,280070291,280070291,0,0,194354746,8110306,15.3,3.27
1153,2026-05-16 05:28:20,9,q76,0,4,60,1032,1001,14488,13176,68,89,0,160,0,598,917299,0,0,3851459368,50556063,446504972,0,0,5659,48,48,0,470467,470467,0,0,470467,5659,14.04,1.03
1154,2026-05-16 05:28:22,9,q77,0,14,108,1362,5564,17548,16121,97,119,0,0,0,262,93060,0,0,933332440,55459104,591453576,0,0,2684,59,59,0,178445,178445,0,0,178445,2684,12.88,1.36
1155,2026-05-16 05:28:24,9,q77a,0,17,113,1409,5765,17253,15747,101,126,0,0,0,494,93060,0,0,1472300312,55459104,591453576,0,0,3148,70,70,0,234010,234010,0,0,192514,2818,12.24,1.41
1156,2026-05-16 05:28:27,9,q78,0,10,134,5670,11923,74735,70045,185,186,1,504,0,3527,13125937,0,0,20165576648,55458802,725754676,0,0,38475582,1020,1020,0,1136306789,1136306789,0,0,1136306789,38475582,13.18,5.67
1157,2026-05-16 05:28:34,9,q79,0,7,33,857,1012,9883,8747,34,40,1,128,0,651,12765592,0,0,1728629144,29327803,236280364,0,0,80466,63,63,0,3262576,3262576,0,0,3262576,80466,11.53,0.86
1158,2026-05-16 05:28:35,9,q80,0,16,143,6164,22697,93759,88547,104,158,4,917,0,5033,14436114,0,0,12610724304,55573446,842234804,0,0,45134935,1065,1065,0,1332383393,1332383393,0,0,1332383393,45134935,15.21,6.16
1159,2026-05-16 05:28:43,9,q80a,0,19,148,5792,15029,83340,78073,121,184,3,1024,0,5301,14436243,0,0,13082583336,55573446,842234804,0,0,45135891,1076,1076,0,1332498886,1332498886,0,0,1332396136,45134865,14.39,5.79
1160,2026-05-16 05:28:50,9,q81,0,11,54,804,1700,7270,6061,61,62,7,0,0,153,20721956,0,0,2470448864,3899764,134033468,0,0,805182,43,43,0,12400577,12400577,0,0,12400577,805182,9.04,0.8
1161,2026-05-16 05:28:52,9,q82,0,6,61,1353,2274,16418,15199,47,56,0,464,0,737,158044,0,0,1658418336,162032501,523772300,0,0,13778665,364,364,0,137879558,137879558,0,0,137879558,28800829,12.13,1.35
1162,2026-05-16 05:28:54,9,q83,0,10,50,602,1282,5719,5092,50,60,0,0,0,462,782379,0,0,1251194744,5358935,133356404,0,0,43961,14,14,0,759663,759663,0,0,759663,43961,9.5,0.6
1163,2026-05-16 05:28:56,9,q84,0,7,36,615,441,1332,1208,20,23,0,0,0,0,14823651,0,0,1009709760,5555652,92599736,0,0,100,1,1,0,1865,1865,0,0,1865,100,2.17,0.62
1164,2026-05-16 05:28:57,9,q85,0,9,54,1263,1588,6058,5480,42,56,2,150,0,9,24325038,0,0,8643243752,12032207,199886352,0,0,13,5,5,0,1363,1363,0,0,1363,13,4.8,1.26
1165,2026-05-16 05:29:00,9,q86,0,5,21,352,312,1965,1831,24,24,0,0,0,60,1857112,0,0,839708176,7322088,83159892,0,0,1435,9,9,0,100665,100665,0,0,100665,1435,5.58,0.35
1166,2026-05-16 05:29:01,9,q86a,0,8,26,376,316,1717,1583,30,31,0,0,0,78,1857112,0,0,1378675920,7322088,83159892,0,0,3829,30,30,0,289861,289861,0,0,110613,1499,4.57,0.38
1167,2026-05-16 05:29:02,9,q87,0,10,103,2109,4852,27086,23147,124,132,1,144,0,1917,12765592,0,0,9259478720,50921014,172599812,0,0,1696919,655,655,0,45579387,45579387,0,0,45579387,1696919,12.84,2.11
1168,2026-05-16 05:29:06,9,q88,0,26,178,1911,12610,28910,27227,19,98,0,112,0,19,46571,0,0,514952960,230611310,567567520,0,0,160,160,160,0,9440,9440,0,0,9440,160,15.13,1.91
1169,2026-05-16 05:29:09,9,q89,0,6,28,829,806,8953,8018,30,34,0,0,0,775,109860,0,0,1685135776,28922603,208073496,0,0,76303,63,63,0,3843797,3843797,0,0,3843797,76303,10.8,0.83
1170,2026-05-16 05:29:11,9,q90,0,8,38,270,462,3221,2969,12,19,0,0,0,4,38053,0,0,103596544,14447576,96855240,0,0,32,32,32,0,1839,1839,0,0,1839,32,11.93,0.27
1171,2026-05-16 05:29:12,9,q91,0,10,39,441,528,2757,2505,33,38,0,72,0,4,9531965,0,0,1037410344,4137906,95493496,0,0,53,5,5,0,7711,7711,0,0,4761,34,6.25,0.44
1172,2026-05-16 05:29:13,9,q92,0,7,39,347,596,3760,3422,23,33,0,0,0,186,711378,0,0,178103200,14522176,160597284,0,0,165703,25,25,0,2320717,2320717,0,0,2320717,165703,10.84,0.35
1173,2026-05-16 05:29:15,9,q93,0,5,54,3840,5489,49021,47045,39,51,0,192,0,2657,143973,0,0,5766380072,31678178,290472956,0,0,31635854,527,527,0,755217841,755217841,0,0,755217841,31635854,12.77,3.84
1174,2026-05-16 05:29:20,9,q94,0,8,66,1185,1805,14006,12445,58,65,0,304,0,546,2564011,0,0,3571011840,15390492,170744412,0,0,14397040,289,289,0,217867873,217867873,0,0,217867873,14397040,11.82,1.18
1175,2026-05-16 05:29:22,9,q95,0,8,66,3740,4354,54619,45430,79,71,0,1474,0,556,2565070,0,0,14560086280,15390492,169052764,0,0,35990240,697,697,0,319722566,319722566,0,0,196775579,14395274,14.6,3.74
1176,2026-05-16 05:29:27,9,q96,0,5,24,296,297,3366,3283,8,12,0,0,0,2,46184,0,0,63872480,28827803,72743008,0,0,20,20,20,0,1180,1180,0,0,1180,20,11.37,0.3
1177,2026-05-16 05:29:28,9,q97,0,5,59,1905,2522,24344,21194,61,71,0,208,0,802,160565,0,0,6981533896,43220926,235198972,0,0,8385110,442,442,0,97810667,97810667,0,0,97810667,8385110,12.78,1.9
1178,2026-05-16 05:29:31,9,q98,0,7,36,817,750,6972,5941,41,46,2,128,0,825,3268117,0,0,2428835400,28922501,222775700,0,0,113561,200,200,0,16121748,16121748,0,0,14133532,98397,8.53,0.82
1179,2026-05-16 05:29:33,9,q99,0,6,25,783,771,10338,9873,34,34,0,0,0,68,124854,0,0,156567144,14420479,83039724,0,0,4320,6,6,0,342615,342615,0,0,342615,4320,13.2,0.78
