ID,timestamp,run_id,query,query_rerun_id,numStages,numTasks,elapsedTime,stageDuration,executorRunTime,executorCpuTime,executorDeserializeTime,executorDeserializeCpuTime,resultSerializationTime,jvmGCTime,shuffleFetchWaitTime,shuffleWriteTime,resultSize,diskBytesSpilled,memoryBytesSpilled,peakExecutionMemory,recordsRead,bytesRead,recordsWritten,bytesWritten,shuffleRecordsRead,shuffleTotalBlocksFetched,shuffleLocalBlocksFetched,shuffleRemoteBlocksFetched,shuffleTotalBytesRead,shuffleLocalBytesRead,shuffleRemoteBytesRead,shuffleRemoteBytesReadToDisk,shuffleBytesWritten,shuffleRecordsWritten,avg_active_tasks,elapsed_time_seconds
0,2026-05-17 00:31:35,0,q1,0,27,527,2345,2477,12635,9873,2573,2128,0,112,0,266,5101098,0,0,3658204440,6275438,63871652,0,0,1604383,290,290,0,24091055,24091055,0,0,24091055,1604383,5.39,2.35
1,2026-05-17 00:31:39,0,q2,0,20,396,1643,1480,10022,8621,1947,1705,0,156,0,90,755509,0,0,1516199784,21713623,94110308,0,0,6994,168,168,0,389522,389522,0,0,163740,4342,6.1,1.64
2,2026-05-17 00:31:42,0,q3,0,13,277,1158,820,7056,5848,1288,1165,0,192,0,112,265150,0,0,1122631296,28975600,245141147,0,0,3120,138,138,0,234335,234335,0,0,234335,3120,6.09,1.16
3,2026-05-17 00:31:44,0,q4,0,28,565,7698,35977,113934,98323,2074,1928,6,2014,0,9432,1691203,0,0,39674206800,50941020,813958217,0,0,102286012,3435,3435,0,2536436278,2536436278,0,0,1273457817,51438627,14.8,7.7
4,2026-05-17 00:31:53,0,q5,0,34,896,3574,4996,32214,26344,3853,3624,0,305,0,565,317752,0,0,4568095016,62671112,554541774,0,0,7890403,358,358,0,109334010,109334010,0,0,109334010,7890403,9.01,3.57
5,2026-05-17 00:31:58,0,q5a,0,25,689,2160,4168,21734,19208,3079,2833,0,315,0,499,317451,0,0,3818887728,62671045,554479361,0,0,7891824,134,134,0,109437496,109437496,0,0,109304266,7890000,10.06,2.16
6,2026-05-17 00:32:01,0,q6,0,21,455,2151,3261,23735,19528,2075,1906,0,544,0,659,2121631,0,0,5236569736,29847563,158719223,0,0,27358756,258,258,0,240352438,240352438,0,0,240352438,27358756,11.03,2.15
7,2026-05-17 00:32:04,0,q7,0,18,388,1742,1722,12447,10551,1611,1605,0,45,0,147,788267,0,0,1837426368,30843836,431599394,0,0,72008,134,134,0,2564764,2564764,0,0,2564764,72008,7.15,1.74
8,2026-05-17 00:32:07,0,q8,0,16,333,1011,1335,5642,4810,1532,1436,0,0,0,37,2373025,0,0,1514421792,29820609,140288119,0,0,6731,13,13,0,84411,84411,0,0,84411,6731,5.58,1.01
9,2026-05-17 00:32:09,0,q9,0,18,387,1247,3522,11928,8873,1303,1411,0,320,0,14,269973,0,0,137494480,144002559,913583562,0,0,84,82,82,0,6891,6891,0,0,6891,84,9.57,1.25
10,2026-05-17 00:32:12,0,q10,0,18,429,1203,2189,8714,7127,1657,1653,0,288,0,474,29252769,0,0,3799575784,53091830,80834266,0,0,2400953,101,101,0,9669568,9669568,0,0,9669568,2400953,7.24,1.2
11,2026-05-17 00:32:14,0,q10a,0,15,428,1039,1540,6045,5159,1666,1635,0,0,0,862,29252425,0,0,4599051616,53091830,80834266,0,0,2368363,153,153,0,9643291,9643291,0,0,9643291,2368363,5.82,1.04
12,2026-05-17 00:32:16,0,q11,0,22,430,4154,13269,59296,53006,1431,1432,0,384,0,5161,1380159,0,0,26856842912,36540594,273441966,0,0,71770406,2006,2006,0,1051779270,1051779270,0,0,537179235,36215116,14.27,4.15
13,2026-05-17 00:32:22,0,q12,0,8,173,573,550,2075,1685,725,719,0,0,0,54,3286039,0,0,639059672,7322091,68823730,0,0,28994,10,10,0,3887756,3887756,0,0,3887756,28994,3.62,0.57
14,2026-05-17 00:32:23,0,q13,0,16,384,1818,2308,14530,10844,1640,1618,0,384,0,11,1311415,0,0,690461904,30998624,511028754,0,0,70,68,68,0,6888,6888,0,0,6888,70,7.99,1.82
15,2026-05-17 00:32:26,0,q14a,0,46,1055,6732,10002,59137,53889,4036,4098,1,1503,0,3046,1195253,0,0,10126713176,151671058,968348951,0,0,62602963,349,349,0,878508003,878508003,0,0,875395407,62516439,8.78,6.73
16,2026-05-17 00:32:35,0,q14b,0,40,997,4584,9073,50502,46234,4030,3981,0,1004,0,2299,1195253,0,0,8726695408,130216643,768006622,0,0,68372216,313,313,0,1013614548,1013614548,0,0,529727868,40865009,11.02,4.58
17,2026-05-17 00:32:41,0,q14,0,40,994,4282,8509,45592,42105,3962,3994,0,729,0,2360,1170045,0,0,7872597704,130216643,768006622,0,0,68278767,278,278,0,1004774601,1004774601,0,0,520887921,40771560,10.65,4.28
18,2026-05-17 00:32:46,0,q15,0,9,227,972,1096,6188,5464,891,939,0,0,0,10,5046346,0,0,788333904,15170429,58149761,0,0,502,1,1,0,18324,18324,0,0,18324,502,6.37,0.97
19,2026-05-17 00:32:48,0,q16,0,17,423,2503,4305,29094,24219,1719,1652,0,402,0,1014,265795,0,0,4908524776,30510796,216432198,0,0,30114629,361,361,0,422042824,422042824,0,0,422042824,30114629,11.62,2.5
20,2026-05-17 00:32:52,0,q17,0,17,439,4527,7570,57088,52612,1777,1727,0,480,0,2450,6980521,0,0,7880912176,46220667,348529818,0,0,45538041,633,633,0,1088684385,1088684385,0,0,1088684385,45538041,12.61,4.53
21,2026-05-17 00:32:58,0,q18,0,16,403,1907,3031,8915,6386,2019,1679,1,336,0,48,9765994,0,0,2661568088,19114050,308435192,0,0,56803,15,15,0,4021295,4021295,0,0,4021295,56803,4.67,1.91
22,2026-05-17 00:33:01,0,q18a,0,32,878,3026,7795,28139,24766,4512,3668,2,545,0,365,9765607,0,0,12347073984,77567758,1441088714,0,0,64753,41,41,0,4687048,4687048,0,0,4687048,64753,9.3,3.03
23,2026-05-17 00:33:05,0,q19,0,13,331,1285,1930,9777,8888,1386,1415,0,45,0,118,5046346,0,0,1426921720,29672609,280253464,0,0,7338,10,10,0,538502,538502,0,0,538502,7338,7.61,1.28
24,2026-05-17 00:33:07,0,q20,0,8,172,553,540,2202,1765,712,731,0,0,0,17,3286039,0,0,370624312,14522428,126863015,0,0,28486,2,2,0,3491832,3491832,0,0,3491832,28486,3.98,0.55
25,2026-05-17 00:33:09,0,q21,0,15,328,1877,1561,10202,7614,1318,1354,0,48,0,29,265150,0,0,1140072960,133232061,713412050,0,0,31982,127,127,0,699340,699340,0,0,699340,31982,5.44,1.88
26,2026-05-17 00:33:12,0,q22,0,10,239,60090,60161,127545,126456,968,961,0,145,0,63,4653628,0,0,1677716768,133232017,713018751,0,0,612866,68,68,0,25860071,25860071,0,0,25860071,612866,2.12,60.09
27,2026-05-17 00:34:13,0,q22a,0,14,278,2935,3537,12736,10792,1151,1036,0,102,0,1475,4653628,0,0,7532702072,133232014,713029969,0,0,1173793,282,282,0,58356204,58356204,0,0,17414076,358209,4.34,2.94
28,2026-05-17 00:34:17,0,q23a,0,28,677,5831,11210,70138,66854,2462,2505,1,711,0,2943,6609844,0,0,12294688208,108664026,586531457,0,0,43875394,651,651,0,1114302891,1114302891,0,0,1084605277,41975235,12.03,5.83
29,2026-05-17 00:34:24,0,q23b,0,32,754,6318,12322,75946,71098,3012,2808,3,1159,0,3645,6609801,0,0,25270029344,109164027,591252040,0,0,48638194,1329,1329,0,1199152798,1199152798,0,0,1096972512,42437717,12.02,6.32
30,2026-05-17 00:34:31,0,q24,0,14,363,2454,4426,28650,26074,1582,1433,2,407,0,1221,20739826,0,0,7068696000,32530241,313289460,0,0,29735885,204,204,0,677934954,677934954,0,0,677934954,29735885,11.67,2.45
31,2026-05-17 00:34:35,0,q24a,0,20,436,3717,5277,41487,38850,1846,1729,2,229,0,1408,18177918,0,0,16497845272,32632242,311241453,0,0,59478907,440,440,0,1356813606,1356813606,0,0,678878652,29743022,11.16,3.72
32,2026-05-17 00:34:40,0,q24b,0,20,436,3078,4426,31264,30334,2121,1730,4,514,0,1594,18177789,0,0,15891776752,32632242,311241453,0,0,59478765,428,428,0,1356789838,1356789838,0,0,678854884,29742880,10.16,3.08
33,2026-05-17 00:34:44,0,q25,0,17,439,4524,7931,58046,53812,1764,1731,6,1318,0,3373,6980607,0,0,7880887560,46220667,489792216,0,0,45538038,630,630,0,1108314399,1108314399,0,0,1108314399,45538038,12.83,4.52
34,2026-05-17 00:34:50,0,q26,0,11,282,843,1139,4858,4103,1190,1196,3,33,0,32,788353,0,0,488171680,16443739,228883664,0,0,34144,3,3,0,1157101,1157101,0,0,1157101,34144,5.76,0.84
35,2026-05-17 00:34:52,0,q27,0,12,284,1099,1461,8443,7897,1158,1191,0,160,0,121,788267,0,0,1026039776,30843417,405671205,0,0,58862,22,22,0,2215582,2215582,0,0,2215582,58862,7.68,1.1
36,2026-05-17 00:34:54,0,q27a,0,20,521,2059,4543,22724,19697,2243,2143,2,718,0,383,788267,0,0,1459118536,88546525,1198643418,0,0,60727,39,39,0,2447957,2447957,0,0,2447957,60727,11.04,2.06
37,2026-05-17 00:34:57,0,q28,0,24,408,1715,3620,21044,16532,1806,1582,3,304,0,2073,232050,0,0,4455922128,172803012,1402362570,0,0,468289,66,66,0,7661152,7661152,0,0,7661152,468289,12.27,1.72
38,2026-05-17 00:35:00,0,q29,0,19,490,4555,8141,57651,55120,2015,1949,2,319,0,2855,6980521,0,0,7880995000,46240668,349003993,0,0,45538045,635,635,0,1088685160,1088685160,0,0,1088685160,45538045,12.66,4.56
39,2026-05-17 00:35:05,0,q30,0,17,356,866,1921,3025,1902,1481,1431,0,112,0,118,2002949,0,0,1060281576,2460554,45638772,0,0,755089,7,7,0,59269674,59269674,0,0,59269674,755089,3.49,0.87
40,2026-05-17 00:35:07,0,q31,0,29,610,1684,3951,16729,14145,2607,2392,4,478,0,1351,3851818,0,0,3474178008,108311777,551777958,0,0,73801,45,45,0,2494143,2494143,0,0,2413714,71955,9.93,1.68
41,2026-05-17 00:35:10,0,q32,0,11,239,508,784,3972,3399,970,959,0,128,0,39,707099,0,0,110945208,28922854,240028290,0,0,55420,10,10,0,761491,761491,0,0,761491,55420,7.82,0.51
42,2026-05-17 00:35:12,0,q33,0,16,411,1137,1836,8672,7214,1708,1671,0,224,0,406,895616,0,0,1075511576,50875021,469425630,0,0,17021,18,18,0,449731,449731,0,0,449731,17021,7.63,1.14
43,2026-05-17 00:35:14,0,q34,0,14,306,757,1423,5017,4169,1234,1192,0,140,0,198,232049,0,0,287388216,29327808,80140308,0,0,1010675,16,16,0,34202234,34202234,0,0,17284469,510675,6.63,0.76
44,2026-05-17 00:35:16,0,q35,0,17,434,1243,2085,10050,8582,1698,1640,1,224,0,664,24092271,0,0,8150415128,53091830,80626384,0,0,6056644,255,255,0,16018414,16018414,0,0,16018414,6056644,8.09,1.24
45,2026-05-17 00:35:18,0,q35a,0,16,434,1139,1877,8106,7251,2028,1715,0,504,0,595,24091841,0,0,7361886264,53091830,80626384,0,0,6053558,255,255,0,16031209,16031209,0,0,16031209,6053558,7.12,1.14
46,2026-05-17 00:35:20,0,q36,0,10,223,907,1060,6749,6115,919,942,0,48,0,80,1868212,0,0,990715872,28922607,366557283,0,0,1767,11,11,0,138575,138575,0,0,138575,1767,7.44,0.91
47,2026-05-17 00:35:22,0,q36a,0,13,228,852,943,5367,5145,936,965,0,110,0,90,1868126,0,0,1529683744,28922607,366557283,0,0,4792,36,36,0,397014,397014,0,0,147166,1820,6.3,0.85
48,2026-05-17 00:35:24,0,q37,0,10,254,1198,1717,8373,7382,998,986,15,212,0,245,232265,0,0,878263696,147632429,779683064,0,0,4316414,146,146,0,64592408,64592408,0,0,64592408,14400617,6.99,1.2
49,2026-05-17 00:35:26,0,q38,0,15,345,1633,2956,16720,13953,1340,1256,1,0,0,1176,12830187,0,0,7811615960,50921019,68898388,0,0,1694820,473,473,0,44539705,44539705,0,0,44539705,1694820,10.24,1.63
50,2026-05-17 00:35:29,0,q39a,0,18,364,1962,3867,14566,13155,1578,1476,3,152,0,848,802215,0,0,2003277096,266362016,1424063585,0,0,1129345,56,56,0,27131683,27131683,0,0,26113005,1093917,7.42,1.96
51,2026-05-17 00:35:32,0,q39b,0,18,364,1804,3523,12949,12464,1720,1488,0,217,0,417,524882,0,0,1997116712,266362016,1424063585,0,0,1093504,56,56,0,26086066,26086066,0,0,25081527,1057496,7.18,1.8
52,2026-05-17 00:35:35,0,q40,0,12,305,1668,2642,18225,16930,1208,1190,0,154,0,918,232350,0,0,4141621464,15962322,133296408,0,0,15748014,170,170,0,309224449,309224449,0,0,309224449,15748014,10.93,1.67
53,2026-05-17 00:35:38,0,q41,0,6,108,362,291,1876,278,501,518,0,0,0,7,232006,0,0,270538656,204002,2005296,0,0,140,2,2,0,9680,9680,0,0,9680,140,5.18,0.36
54,2026-05-17 00:35:39,0,q42,0,7,171,512,521,3707,3224,692,712,0,0,0,23,232050,0,0,777260536,28922504,244719436,0,0,110,10,10,0,9119,9119,0,0,9119,110,7.24,0.51
55,2026-05-17 00:35:41,0,q43,0,7,169,700,731,5370,4909,846,732,0,96,0,28,232050,0,0,105177960,28820606,77101130,0,0,210,10,10,0,27003,27003,0,0,27003,210,7.67,0.7
56,2026-05-17 00:35:43,0,q44,0,11,196,610,654,3922,3070,694,731,0,80,0,172,1673996,0,0,1319036296,57703005,386731469,0,0,792642,98,98,0,10026252,10026252,0,0,5014246,396370,6.43,0.61
57,2026-05-17 00:35:44,0,q45,0,13,333,776,1376,3141,2551,1377,1407,0,0,0,8,5046346,0,0,2009365456,8092094,58889378,0,0,29,4,4,0,2649,2649,0,0,2649,29,4.05,0.78
58,2026-05-17 00:35:46,0,q46,0,13,329,1016,1731,7006,6250,1426,1423,1,66,0,114,15378570,0,0,748821896,29577809,254617816,0,0,27956,10,10,0,1370335,1370335,0,0,1370335,27956,6.9,1.02
59,2026-05-17 00:35:48,0,q47,0,15,283,1788,2748,18221,14710,1051,1080,0,414,0,2072,2319872,0,0,6611285912,28922607,194842734,0,0,2654649,787,787,0,104923859,104923859,0,0,61537809,1555424,10.19,1.79
60,2026-05-17 00:35:51,0,q48,0,11,281,1440,1752,11761,10621,1176,1203,0,251,0,2,1332455,0,0,535376128,30991417,272302318,0,0,16,16,16,0,932,932,0,0,932,16,8.17,1.44
61,2026-05-17 00:35:54,0,q49,0,25,502,1651,3835,18098,15954,1947,1851,0,460,0,1659,239758,0,0,4980877224,55458809,786699359,0,0,15195841,48,48,0,337670533,337670533,0,0,337670533,15195841,10.96,1.65
62,2026-05-17 00:35:57,0,q50,0,12,303,2192,3396,24612,22848,1320,1239,0,504,0,1157,372338,0,0,4687124776,31771289,218061805,0,0,29262054,221,221,0,629482996,629482996,0,0,629482996,29262054,11.23,2.19
63,2026-05-17 00:36:00,0,q51,0,13,285,2955,4128,38643,34046,953,910,0,784,0,3387,300713,0,0,9962086816,36020592,232506462,0,0,24412982,1679,1679,0,420434145,420434145,0,0,420434145,24412982,13.08,2.96
64,2026-05-17 00:36:04,0,q51a,0,17,351,20510,24269,267426,254655,974,1032,0,3154,0,4274,460428,0,0,26917555224,36020592,232506462,0,0,47528628,2587,2587,0,789344338,789344338,0,0,575961895,36066662,13.04,20.51
65,2026-05-17 00:36:25,0,q52,0,7,171,503,523,3694,3047,704,709,0,30,0,122,232050,0,0,777260536,28922504,244916044,0,0,4234,10,10,0,266465,266465,0,0,266465,4234,7.34,0.5
66,2026-05-17 00:36:27,0,q53,0,10,223,695,833,4698,3782,927,954,7,77,0,133,232050,0,0,193391056,28922607,195396646,0,0,31292,11,11,0,659777,659777,0,0,659777,31292,6.76,0.7
67,2026-05-17 00:36:29,0,q54,0,26,636,1816,4734,20392,17984,2630,2669,1,462,0,1071,5046346,0,0,2599766336,51386176,275360731,0,0,26873206,179,179,0,252841478,252841478,0,0,252841478,26873206,11.23,1.82
68,2026-05-17 00:36:32,0,q55,0,7,171,497,517,3375,3008,687,720,0,0,0,100,232006,0,0,777260536,28922504,244916044,0,0,3449,10,10,0,212147,212147,0,0,212147,3449,6.79,0.5
69,2026-05-17 00:36:33,0,q56,0,16,411,905,1412,6618,5276,1711,1679,0,105,0,427,466522,0,0,1163589240,50875021,470020066,0,0,10861,18,18,0,393218,393218,0,0,393218,10861,7.31,0.9
70,2026-05-17 00:36:35,0,q57,0,15,264,1648,2525,12900,10606,1070,1053,0,0,0,1205,2319872,0,0,5327819360,14522453,95546612,0,0,1160477,378,378,0,45103411,45103411,0,0,33376650,851478,7.83,1.65
71,2026-05-17 00:36:38,0,q58,0,17,408,1297,2057,9659,8436,1751,1658,0,112,0,535,788267,0,0,1989522544,50669119,427992581,0,0,246082,25,25,0,3668153,3668153,0,0,3668153,246082,7.45,1.3
72,2026-05-17 00:36:40,0,q59,0,16,335,1179,2012,7490,6836,1356,1430,0,63,0,396,755509,0,0,1653007480,28913760,77812197,0,0,304444,132,132,0,12804419,12804419,0,0,6649494,170837,6.35,1.18
73,2026-05-17 00:36:43,0,q60,0,16,411,1053,1735,7814,6520,1631,1665,0,0,0,523,466522,0,0,1712740176,50875021,469955046,0,0,78327,19,19,0,1553349,1553349,0,0,1553349,78327,7.42,1.05
74,2026-05-17 00:36:45,0,q61,0,18,449,1150,2462,9974,8149,1925,1865,0,312,0,4,5046346,0,0,997398400,58473612,586756791,0,0,32,32,32,0,1864,1864,0,0,1864,32,8.67,1.15
75,2026-05-17 00:36:47,0,q62,0,14,323,1049,1097,6238,3677,1359,1389,0,0,0,50,265150,0,0,276224696,7220171,28283520,0,0,1734,56,56,0,150342,150342,0,0,150342,1734,5.95,1.05
76,2026-05-17 00:36:49,0,q63,0,10,223,674,835,4539,3739,1157,964,0,222,0,135,232695,0,0,193325520,28922607,195400742,0,0,12893,11,11,0,338212,338212,0,0,338212,12893,6.73,0.67
77,2026-05-17 00:36:51,0,q64,0,41,973,7517,18631,96985,88670,4094,3859,7,752,0,5353,13606994,0,0,35454344392,50412141,677769714,0,0,52026357,1891,1891,0,1951330152,1951330152,0,0,1805125173,48487785,12.9,7.52
78,2026-05-17 00:37:00,0,q65,0,15,340,1663,3011,20976,18842,1338,1252,1,82,0,1575,9210018,0,0,6088916240,57723109,392887053,0,0,11864589,391,391,0,390790175,390790175,0,0,390790175,11864589,12.61,1.66
79,2026-05-17 00:37:03,0,q66,0,17,391,1651,2131,11698,8381,1751,1678,0,112,0,35,265150,0,0,1228406656,21660555,214865373,0,0,164,63,63,0,60101,60101,0,0,60101,164,7.09,1.65
80,2026-05-17 00:37:05,0,q67,0,10,239,7200,7312,74125,71876,922,970,0,851,0,1438,4653671,0,0,7413963152,28922607,222327196,0,0,11517622,187,187,0,863913021,863913021,0,0,863913021,11517622,10.3,7.2
81,2026-05-17 00:37:14,0,q67a,0,18,380,10599,36232,140171,131387,1202,1267,0,998,0,5326,4653585,0,0,26406027704,28922607,222327196,0,0,55544740,1700,1700,0,4119857621,4119857621,0,0,900512141,13217996,13.22,10.6
82,2026-05-17 00:37:25,0,q68,0,13,329,1060,1790,7957,6707,1365,1412,1,130,0,115,15378570,0,0,479525608,29577809,391997773,0,0,6174,10,10,0,435242,435242,0,0,435242,6174,7.51,1.06
83,2026-05-17 00:37:28,0,q69,0,18,429,1073,1893,7616,6701,1724,1651,1,0,0,406,28817400,0,0,3798521704,53091830,80702678,0,0,1902033,101,101,0,9546588,9546588,0,0,9546588,1902033,7.1,1.07
84,2026-05-17 00:37:30,0,q70,0,14,289,1034,1174,6905,6199,1304,1223,0,174,0,43,232738,0,0,1082906264,57621211,271919453,0,0,209,22,22,0,10318,10318,0,0,10318,209,6.68,1.03
85,2026-05-17 00:37:32,0,q70a,0,17,294,972,1035,5756,5519,1172,1228,0,0,0,46,231362,0,0,883676640,57621211,271919453,0,0,240,47,47,0,14125,14125,0,0,8085,180,5.92,0.97
86,2026-05-17 00:37:34,0,q71,0,13,356,991,1067,8373,7137,1421,1483,1,96,0,199,421741,0,0,858487824,50563020,455709559,0,0,32225,31,31,0,1647107,1647107,0,0,994272,21118,8.45,0.99
87,2026-05-17 00:37:36,0,q72,0,26,673,18226,22906,216421,210024,2742,2697,7,949,0,4258,6609801,0,0,19933730552,151146935,897878107,0,0,142246513,1121,1121,0,2047926161,2047926161,0,0,2047926161,142246513,11.87,18.23
88,2026-05-17 00:37:55,0,q73,0,14,306,737,1402,4965,4235,1209,1190,0,60,0,125,232694,0,0,286157368,29327808,80140308,0,0,1002732,16,16,0,33966985,33966985,0,0,17049220,502732,6.74,0.74
89,2026-05-17 00:37:57,0,q74,0,20,478,2033,4576,21615,17710,1807,1768,1,192,0,2406,15569619,0,0,13344509464,72541185,378519971,0,0,1762073,822,822,0,58787775,58787775,0,0,58787775,1762073,10.63,2.03
90,2026-05-17 00:38:00,0,q75,0,31,815,3202,8364,42398,35420,3114,2995,19,416,0,3837,317616,0,0,11789416304,105981828,1093848030,0,0,14156495,869,869,0,314433702,314433702,0,0,214592381,9118707,13.24,3.2
91,2026-05-17 00:38:05,0,q76,0,9,303,885,823,8611,7120,1205,1246,0,192,0,252,923844,0,0,2026220376,50507442,458851137,0,0,3183,22,22,0,266492,266492,0,0,266492,3183,9.73,0.88
92,2026-05-17 00:38:07,0,q77,0,26,606,1622,2439,12368,8828,2535,2382,12,132,0,126,265150,0,0,994803096,55459123,494028555,0,0,1407,91,91,0,102590,102590,0,0,102590,1407,7.63,1.62
93,2026-05-17 00:38:09,0,q77a,0,26,558,1075,1962,6991,6406,2338,2151,9,77,0,132,231878,0,0,1396276488,55459113,494022214,0,0,1814,48,48,0,150988,150988,0,0,109492,1484,6.5,1.08
94,2026-05-17 00:38:12,0,q78,0,18,496,5363,12120,76301,68955,1985,1823,0,1170,0,4368,6525013,0,0,19529868616,55458809,583703190,0,0,54207575,1003,1003,0,1578864490,1578864490,0,0,1578864490,54207575,14.23,5.36
95,2026-05-17 00:38:18,0,q79,0,12,279,856,1369,6352,5566,1168,1197,1,0,0,129,12830316,0,0,939014112,29327808,251084703,0,0,80366,22,22,0,2984678,2984678,0,0,2984678,80366,7.42,0.86
96,2026-05-17 00:38:20,0,q80,0,29,756,6451,19409,94246,86475,2905,2925,0,1150,0,4297,232050,0,0,14185165104,55573458,839053875,0,0,53052375,496,496,0,1571583782,1571583782,0,0,1571583782,53052375,14.61,6.45
97,2026-05-17 00:38:28,0,q80a,0,32,761,6603,19247,93930,89002,2847,2913,0,738,0,4674,232050,0,0,14657024136,55573458,839053875,0,0,53053332,507,507,0,1571699394,1571699394,0,0,1571596644,53052306,14.23,6.6
98,2026-05-17 00:38:35,0,q81,0,17,370,932,1766,3354,2280,1469,1458,0,0,0,108,2002949,0,0,2388196312,3899770,53967562,0,0,1302197,36,36,0,34334297,34334297,0,0,34334297,1302197,3.6,0.93
99,2026-05-17 00:38:38,0,q82,0,10,254,1444,2231,13180,10719,1052,966,0,528,0,854,232050,0,0,1650023680,162032505,837781656,0,0,13778665,194,194,0,136820298,136820298,0,0,136820298,28800829,9.13,1.44
100,2026-05-17 00:38:40,0,q83,0,17,404,737,941,2639,1548,1709,1648,0,100,0,48,788267,0,0,1148526576,5358945,36394239,0,0,39989,4,4,0,560851,560851,0,0,560851,39989,3.58,0.74
101,2026-05-17 00:38:42,0,q84,0,15,353,796,1351,2263,1440,1254,1358,0,0,0,49,9765521,0,0,615806688,5555667,30907440,0,0,2778010,5,5,0,14580028,14580028,0,0,14580028,2778010,2.84,0.8
102,2026-05-17 00:38:44,0,q85,0,20,523,1481,4053,9664,6575,2499,2153,0,295,0,800,17038024,0,0,8635287000,12032236,132216532,0,0,915688,142,142,0,33267604,33267604,0,0,33267604,915688,6.53,1.48
103,2026-05-17 00:38:46,0,q86,0,8,172,524,515,2110,1763,694,705,0,0,0,29,1868212,0,0,571272816,7322091,62465748,0,0,816,5,5,0,54740,54740,0,0,54740,816,4.03,0.52
104,2026-05-17 00:38:48,0,q86a,0,11,177,501,473,1647,1487,688,724,0,0,0,45,1868126,0,0,1110240560,7322091,62465748,0,0,2122,18,18,0,157792,157792,0,0,66590,930,3.29,0.5
105,2026-05-17 00:38:49,0,q87,0,15,345,1752,3297,18574,14062,1303,1261,0,181,0,1467,12830187,0,0,7811615960,50921019,68898388,0,0,1694820,473,473,0,44539705,44539705,0,0,44539705,1694820,10.6,1.75
106,2026-05-17 00:38:52,0,q88,0,44,1046,1805,6370,19359,16575,4106,4093,0,238,0,16,232050,0,0,411962368,230611328,292765644,0,0,128,128,128,0,7407,7407,0,0,7407,128,10.73,1.8
107,2026-05-17 00:38:55,0,q89,0,10,224,731,870,4920,4285,947,954,0,0,0,138,232050,0,0,931981384,28922607,195121480,0,0,49694,22,22,0,2286319,2286319,0,0,2286319,49694,6.73,0.73
108,2026-05-17 00:38:57,0,q90,0,14,338,505,955,2836,1776,1413,1370,0,192,0,4,232694,0,0,103596544,14447582,28364597,0,0,32,32,32,0,1816,1816,0,0,1816,32,5.62,0.5
109,2026-05-17 00:38:59,0,q91,0,17,391,644,1645,3011,1946,1532,1642,0,0,0,2,9580995,0,0,1093109944,4137922,31987399,0,0,45,3,3,0,6451,6451,0,0,4131,30,4.68,0.64
110,2026-05-17 00:39:00,0,q92,0,11,239,507,732,3513,2386,1025,962,0,164,0,75,708309,0,0,110994360,14522180,124234272,0,0,134565,9,9,0,1823000,1823000,0,0,1823000,134565,6.93,0.51
111,2026-05-17 00:39:02,0,q93,0,8,201,3758,4512,45678,44235,693,711,0,80,0,1467,232047,0,0,5766380072,31678193,266262597,0,0,31635854,221,221,0,754534757,754534757,0,0,754534757,31635854,12.15,3.76
112,2026-05-17 00:39:07,0,q94,0,14,367,1526,2799,13593,12343,1385,1401,0,72,0,418,2579981,0,0,3571011840,15390507,101345378,0,0,14397040,153,153,0,217756544,217756544,0,0,217756544,14397040,8.91,1.53
113,2026-05-17 00:39:09,0,q95,0,14,367,3830,5198,47324,39133,1562,1472,6,1607,0,366,2580838,0,0,14560086280,15390498,98384799,0,0,35990240,357,357,0,319481278,319481278,0,0,196651615,14395274,12.36,3.83
114,2026-05-17 00:39:14,0,q96,0,9,220,437,578,2719,1978,966,917,0,128,0,2,232694,0,0,51097984,28827807,36655611,0,0,16,16,16,0,926,926,0,0,926,16,6.22,0.44
115,2026-05-17 00:39:16,0,q97,0,8,201,2106,2610,21875,16849,1006,782,1,201,0,403,232050,0,0,6197962344,43220929,232052167,0,0,8377536,238,238,0,96885569,96885569,0,0,96885569,8377536,10.39,2.11
116,2026-05-17 00:39:19,0,q98,0,10,182,885,820,4193,3280,917,750,4,0,0,200,3361780,0,0,1648313712,28922504,251278047,0,0,105830,98,98,0,14419166,14419166,0,0,12449291,90666,4.74,0.88
117,2026-05-17 00:39:21,0,q99,0,11,271,882,1235,4933,4421,1119,1166,0,48,0,29,232049,0,0,138727912,14420484,41803089,0,0,2160,3,3,0,173652,173652,0,0,173652,2160,5.59,0.88
118,2026-05-17 00:39:23,1,q1,0,15,315,796,1324,4143,3388,1247,1204,0,44,0,142,5100797,0,0,2302920440,6275371,63815498,0,0,1604137,54,54,0,24046275,24046275,0,0,24046275,1604137,5.2,0.8
119,2026-05-17 00:39:25,1,q2,0,14,290,817,977,5406,5131,1185,1225,0,45,0,70,755552,0,0,435904744,21713567,94047677,0,0,6856,38,38,0,353470,353470,0,0,127688,4204,6.62,0.82
120,2026-05-17 00:39:26,1,q3,0,7,171,608,616,4658,4146,719,721,0,0,0,106,232050,0,0,109445096,28975553,245100763,0,0,2988,10,10,0,205613,205613,0,0,205613,2988,7.66,0.61
121,2026-05-17 00:39:28,1,q4,0,28,565,7582,36261,113665,98692,2054,1859,3,1942,0,11019,1691203,0,0,39674206800,50941020,813958217,0,0,102286012,3435,3435,0,2536436278,2536436278,0,0,1273457817,51438627,14.99,7.58
122,2026-05-17 00:39:37,1,q5,0,22,684,1967,4067,21496,19010,2673,2729,0,255,0,474,317580,0,0,3279919856,62671045,554479361,0,0,7890157,124,124,0,109287703,109287703,0,0,109287703,7890157,10.93,1.97
123,2026-05-17 00:39:40,1,q5a,0,25,689,2134,4091,22135,19599,2666,2736,5,258,0,592,317623,0,0,3818887728,62671045,554479361,0,0,7891824,134,134,0,109437496,109437496,0,0,109304266,7890000,10.37,2.13
124,2026-05-17 00:39:43,1,q6,0,18,403,1543,2755,17690,16441,1681,1680,0,112,0,610,2121631,0,0,5099075256,29847557,158715508,0,0,27358702,206,206,0,240346192,240346192,0,0,240346192,27358702,11.46,1.54
125,2026-05-17 00:39:46,1,q7,0,12,284,1192,1553,9045,7760,1329,1195,6,355,0,123,788310,0,0,1025566688,30843815,431581172,0,0,71891,22,22,0,2547586,2547586,0,0,2547586,71891,7.59,1.19
126,2026-05-17 00:39:48,1,q8,0,16,333,980,1285,5808,4909,1328,1418,0,102,0,37,2373025,0,0,1514421792,29820609,140288119,0,0,6731,13,13,0,84411,84411,0,0,84411,6731,5.93,0.98
127,2026-05-17 00:39:50,1,q9,0,17,386,900,3588,10469,8563,1373,1429,2,602,0,12,232609,0,0,0,144002556,913584820,0,0,80,80,80,0,5816,5816,0,0,5816,80,11.63,0.9
128,2026-05-17 00:39:52,1,q10,0,18,429,1143,2103,8124,6994,1704,1639,15,154,0,463,29252425,0,0,3799575784,53091830,80834266,0,0,2400953,101,101,0,9669568,9669568,0,0,9669568,2400953,7.11,1.14
129,2026-05-17 00:39:54,1,q10a,0,15,428,974,1487,5868,5579,1672,1660,4,57,0,469,29252511,0,0,4599051616,53091830,80834266,0,0,2368363,153,153,0,9643291,9643291,0,0,9643291,2368363,6.02,0.97
130,2026-05-17 00:39:57,1,q11,0,22,430,4131,13612,59189,52384,1351,1426,0,771,0,5553,1380159,0,0,26856842912,36540594,273441966,0,0,71770406,2006,2006,0,1051779270,1051779270,0,0,537179235,36215116,14.33,4.13
131,2026-05-17 00:40:02,1,q12,0,8,173,613,597,2309,1828,693,713,0,24,0,55,3286039,0,0,639059672,7322091,68823730,0,0,28994,10,10,0,3887756,3887756,0,0,3887756,28994,3.77,0.61
132,2026-05-17 00:40:03,1,q13,0,13,332,1391,2018,11334,10207,1357,1403,0,0,0,2,1311544,0,0,552967424,30998618,511026468,0,0,16,16,16,0,1138,1138,0,0,1138,16,8.15,1.39
133,2026-05-17 00:40:06,1,q14a,0,46,1055,6548,10327,59467,54121,4144,4046,0,1256,0,3284,1195253,0,0,10126713176,151671058,968348951,0,0,62602963,349,349,0,878508003,878508003,0,0,875395407,62516439,9.08,6.55
134,2026-05-17 00:40:14,1,q14b,0,40,997,4535,8990,50962,47361,4016,4004,0,758,0,2302,1195253,0,0,8726695408,130216643,768006622,0,0,68372216,313,313,0,1013614548,1013614548,0,0,529727868,40865009,11.24,4.54
135,2026-05-17 00:40:20,1,q14,0,40,994,4236,8480,44752,41820,4032,4033,2,713,0,2018,1169959,0,0,7872597704,130216643,768006622,0,0,68278767,278,278,0,1004774601,1004774601,0,0,520887921,40771560,10.56,4.24
136,2026-05-17 00:40:26,1,q15,0,9,227,1087,1234,6625,6193,975,943,0,64,0,10,5046346,0,0,788333904,15170429,58149761,0,0,502,1,1,0,18324,18324,0,0,18324,502,6.09,1.09
137,2026-05-17 00:40:28,1,q16,0,14,370,2041,3909,25790,22754,1341,1400,1,596,0,1128,232049,0,0,4703921456,30510786,216421384,0,0,30114572,306,306,0,422033262,422033262,0,0,422033262,30114572,12.64,2.04
138,2026-05-17 00:40:31,1,q17,0,17,439,4519,7620,57025,54772,1733,1711,0,506,0,2468,6980564,0,0,7880912176,46220667,348529818,0,0,45538041,633,633,0,1088684385,1088684385,0,0,1088684385,45538041,12.62,4.52
139,2026-05-17 00:40:37,1,q18,0,16,403,1387,2313,6636,5597,1636,1642,0,84,0,47,9765521,0,0,2661568088,19114050,308435192,0,0,56803,15,15,0,4021295,4021295,0,0,4021295,56803,4.78,1.39
140,2026-05-17 00:40:39,1,q18a,0,32,878,2855,6898,27571,25100,3732,3574,0,292,0,339,9765564,0,0,12347073984,77567758,1441088714,0,0,64753,41,41,0,4687048,4687048,0,0,4687048,64753,9.66,2.86
141,2026-05-17 00:40:43,1,q19,0,13,331,1094,1682,8028,7239,1435,1414,0,112,0,119,5046346,0,0,1426921720,29672609,280253464,0,0,7338,10,10,0,538502,538502,0,0,538502,7338,7.34,1.09
142,2026-05-17 00:40:45,1,q20,0,8,172,535,524,2088,1700,697,716,0,0,0,17,3286039,0,0,370624312,14522428,126863015,0,0,28486,2,2,0,3491832,3491832,0,0,3491832,28486,3.9,0.54
143,2026-05-17 00:40:47,1,q21,0,9,222,1167,1291,5630,4905,886,918,0,48,0,10,232050,0,0,193995600,133232014,713392285,0,0,31850,1,1,0,679321,679321,0,0,679321,31850,4.82,1.17
144,2026-05-17 00:40:49,1,q22,0,10,239,58716,58796,123807,122766,966,959,0,116,0,63,4653671,0,0,1677716768,133232017,713018751,0,0,612866,68,68,0,25860071,25860071,0,0,25860071,612866,2.11,58.72
145,2026-05-17 00:41:49,1,q22a,0,14,278,3115,3674,13870,12063,992,1049,0,56,0,1374,4653585,0,0,7532702072,133232014,713029969,0,0,1173793,282,282,0,58356204,58356204,0,0,17414076,358209,4.45,3.12
146,2026-05-17 00:41:53,1,q23a,0,28,677,5906,11331,70694,67450,2420,2506,0,615,0,3126,6609758,0,0,12294688208,108664026,586531457,0,0,43875394,651,651,0,1114302891,1114302891,0,0,1084605277,41975235,11.97,5.91
147,2026-05-17 00:42:00,1,q23b,0,32,754,6337,12592,77141,71868,2892,2844,1,1407,0,4167,6609801,0,0,25270029344,109164027,591252040,0,0,48638194,1329,1329,0,1199152798,1199152798,0,0,1096972512,42437717,12.17,6.34
148,2026-05-17 00:42:08,1,q24,0,14,363,2439,4290,27974,26220,1363,1409,2,96,0,1105,20739740,0,0,7068696000,32530241,313289460,0,0,29735885,204,204,0,677934954,677934954,0,0,677934954,29735885,11.47,2.44
149,2026-05-17 00:42:11,1,q24a,0,20,436,3541,5061,40331,38581,1687,1717,2,96,0,1507,18177789,0,0,16497845272,32632242,311241453,0,0,59478907,440,440,0,1356813606,1356813606,0,0,678878652,29743022,11.39,3.54
150,2026-05-17 00:42:16,1,q24b,0,20,436,2888,4081,29361,28726,1684,1707,1,190,0,1641,18177746,0,0,15891776752,32632242,311241453,0,0,59478765,428,428,0,1356789838,1356789838,0,0,678854884,29742880,10.17,2.89
151,2026-05-17 00:42:20,1,q25,0,17,439,4616,7715,58007,55531,1770,1727,0,432,0,2932,6980521,0,0,7880887560,46220667,489792216,0,0,45538038,630,630,0,1108314399,1108314399,0,0,1108314399,45538038,12.57,4.62
152,2026-05-17 00:42:25,1,q26,0,11,282,724,1032,4060,3387,1165,1192,0,0,0,32,788267,0,0,488171680,16443739,228883664,0,0,34144,3,3,0,1157101,1157101,0,0,1157101,34144,5.61,0.72
153,2026-05-17 00:42:27,1,q27,0,12,284,874,1185,6451,5783,1151,1186,0,195,0,136,788267,0,0,1026039776,30843417,405671205,0,0,58862,22,22,0,2215582,2215582,0,0,2215582,58862,7.38,0.87
154,2026-05-17 00:42:29,1,q27a,0,20,521,1793,4083,19386,17921,2092,2143,0,320,0,387,788267,0,0,1459118536,88546525,1198643418,0,0,60727,39,39,0,2447957,2447957,0,0,2447957,60727,10.81,1.79
155,2026-05-17 00:42:32,1,q28,0,24,408,1581,3656,19778,16072,1767,1568,0,432,0,2057,232050,0,0,4455922128,172803012,1402362570,0,0,468289,66,66,0,7661152,7661152,0,0,7661152,468289,12.51,1.58
156,2026-05-17 00:42:35,1,q29,0,19,490,4536,8067,57523,55075,1942,1976,0,416,0,2611,6980521,0,0,7880995000,46240668,349003993,0,0,45538045,635,635,0,1088685160,1088685160,0,0,1088685160,45538045,12.68,4.54
157,2026-05-17 00:42:40,1,q30,0,17,356,824,1854,2811,1872,1502,1448,8,88,0,126,2002949,0,0,1060281576,2460554,45638772,0,0,755089,7,7,0,59269674,59269674,0,0,59269674,755089,3.41,0.82
158,2026-05-17 00:42:42,1,q31,0,30,611,1790,4280,18830,16181,2526,2423,0,195,0,1311,3851818,0,0,3339829256,108311777,551777958,0,0,73747,46,46,0,2575383,2575383,0,0,2508868,72848,10.52,1.79
159,2026-05-17 00:42:45,1,q32,0,11,239,487,753,3694,3280,940,953,0,0,0,40,707099,0,0,110945208,28922854,240028290,0,0,55420,10,10,0,761491,761491,0,0,761491,55420,7.59,0.49
160,2026-05-17 00:42:47,1,q33,0,16,411,1044,1715,8193,6888,1708,1674,14,224,0,351,895616,0,0,1075511576,50875021,469425630,0,0,17021,18,18,0,449731,449731,0,0,449731,17021,7.85,1.04
161,2026-05-17 00:42:49,1,q34,0,14,306,720,1380,4817,4075,1133,1209,0,0,0,195,232049,0,0,287388216,29327808,80140308,0,0,1010675,16,16,0,34202234,34202234,0,0,17284469,510675,6.69,0.72
162,2026-05-17 00:42:51,1,q35,0,17,434,1144,2031,9261,7863,1747,1621,0,135,0,792,24091841,0,0,8150415128,53091830,80626384,0,0,6056644,255,255,0,16018414,16018414,0,0,16018414,6056644,8.1,1.14
163,2026-05-17 00:42:53,1,q35a,0,16,434,1106,1799,7936,7550,1762,1693,0,140,0,513,24091841,0,0,7361886264,53091830,80626384,0,0,6053558,255,255,0,16031209,16031209,0,0,16031209,6053558,7.18,1.11
164,2026-05-17 00:42:55,1,q36,0,10,223,747,880,4927,4400,908,936,0,0,0,85,1868212,0,0,990715872,28922607,366557283,0,0,1767,11,11,0,138575,138575,0,0,138575,1767,6.6,0.75
165,2026-05-17 00:42:57,1,q36a,0,13,228,735,830,4318,4195,940,972,0,0,0,90,1868126,0,0,1529683744,28922607,366557283,0,0,4792,36,36,0,397014,397014,0,0,147166,1820,5.87,0.74
166,2026-05-17 00:42:59,1,q37,0,10,254,1102,1594,7665,6880,947,988,0,70,0,244,232006,0,0,878263696,147632429,779683064,0,0,4316414,146,146,0,64592408,64592408,0,0,64592408,14400617,6.96,1.1
167,2026-05-17 00:43:01,1,q38,0,15,345,1810,3656,20097,16831,1386,1275,0,0,0,1305,12830187,0,0,7811615960,50921019,68898388,0,0,1694820,473,473,0,44539705,44539705,0,0,44539705,1694820,11.1,1.81
168,2026-05-17 00:43:04,1,q39a,0,18,364,2033,3952,14879,13479,1504,1480,0,70,0,687,802215,0,0,2003277096,266362016,1424063585,0,0,1129345,56,56,0,27131683,27131683,0,0,26113005,1093917,7.32,2.03
169,2026-05-17 00:43:07,1,q39b,0,18,364,1707,3396,11376,11079,1561,1499,0,199,0,484,524796,0,0,1997116712,266362016,1424063585,0,0,1093504,56,56,0,26086066,26086066,0,0,25081527,1057496,6.66,1.71
170,2026-05-17 00:43:09,1,q40,0,12,305,1672,2848,16461,13830,1529,1225,10,263,0,981,232479,0,0,4141621464,15962322,133296408,0,0,15748014,170,170,0,309224449,309224449,0,0,309224449,15748014,9.85,1.67
171,2026-05-17 00:43:12,1,q41,0,6,108,356,286,1916,279,504,532,0,0,0,7,232006,0,0,270538656,204002,2005296,0,0,140,2,2,0,9680,9680,0,0,9680,140,5.38,0.36
172,2026-05-17 00:43:14,1,q42,0,7,171,479,489,3473,2963,710,725,0,0,0,24,232050,0,0,777260536,28922504,244719436,0,0,110,10,10,0,9119,9119,0,0,9119,110,7.25,0.48
173,2026-05-17 00:43:15,1,q43,0,7,169,659,690,5179,4810,723,736,0,0,0,28,232050,0,0,105177960,28820606,77101130,0,0,210,10,10,0,27003,27003,0,0,27003,210,7.86,0.66
174,2026-05-17 00:43:17,1,q44,0,11,196,614,668,4056,3043,695,729,0,228,0,173,1673996,0,0,1319036296,57703005,386731469,0,0,792642,98,98,0,10026252,10026252,0,0,5014246,396370,6.61,0.61
175,2026-05-17 00:43:19,1,q45,0,13,333,772,1337,3175,2562,1312,1386,0,0,0,8,5046346,0,0,2009365456,8092094,58889378,0,0,29,4,4,0,2649,2649,0,0,2649,29,4.11,0.77
176,2026-05-17 00:43:21,1,q46,0,13,329,957,1615,6685,5855,1338,1401,2,144,0,115,15378570,0,0,748821896,29577809,254617816,0,0,27956,10,10,0,1370335,1370335,0,0,1370335,27956,6.99,0.96
177,2026-05-17 00:43:23,1,q47,0,15,283,1802,2804,18085,14839,1370,1074,0,0,0,2106,2320001,0,0,6611285912,28922607,194842734,0,0,2654649,787,787,0,104923859,104923859,0,0,61537809,1555424,10.04,1.8
178,2026-05-17 00:43:26,1,q48,0,11,281,1404,1799,11666,10581,1239,1193,0,283,0,3,1332240,0,0,535376128,30991417,272302318,0,0,16,16,16,0,932,932,0,0,932,16,8.31,1.4
179,2026-05-17 00:43:28,1,q49,0,25,502,1910,4785,22857,19435,1925,1791,2,924,0,1773,239758,0,0,4980877224,55458809,786699359,0,0,15195841,48,48,0,337670533,337670533,0,0,337670533,15195841,11.97,1.91
180,2026-05-17 00:43:31,1,q50,0,12,303,2227,3264,24930,22400,1172,1220,0,128,0,1113,372338,0,0,4687124776,31771289,218061805,0,0,29262054,221,221,0,629482996,629482996,0,0,629482996,29262054,11.19,2.23
181,2026-05-17 00:43:34,1,q51,0,13,285,3027,3948,38672,33858,917,903,0,928,0,3611,300713,0,0,9962086816,36020592,232506462,0,0,24412982,1679,1679,0,420434145,420434145,0,0,420434145,24412982,12.78,3.03
182,2026-05-17 00:43:38,1,q51a,0,17,351,20699,24862,272522,247796,1035,1048,0,3274,0,3891,460428,0,0,26917555224,36020592,232506462,0,0,47528628,2587,2587,0,789344338,789344338,0,0,575961895,36066662,13.17,20.7
183,2026-05-17 00:44:00,1,q52,0,7,171,619,631,4258,3662,685,710,0,0,0,115,232050,0,0,777260536,28922504,244916044,0,0,4234,10,10,0,266465,266465,0,0,266465,4234,6.88,0.62
184,2026-05-17 00:44:02,1,q53,0,10,223,626,770,4074,3387,962,957,0,75,0,128,232050,0,0,193391056,28922607,195396646,0,0,31292,11,11,0,659777,659777,0,0,659777,31292,6.51,0.63
185,2026-05-17 00:44:04,1,q54,0,26,636,1844,5013,20650,18004,2679,2644,0,221,0,808,5046389,0,0,2599766336,51386176,275360731,0,0,26873206,179,179,0,252841478,252841478,0,0,252841478,26873206,11.2,1.84
186,2026-05-17 00:44:06,1,q55,0,7,171,598,621,4109,3771,701,721,0,0,0,92,232006,0,0,777260536,28922504,244916044,0,0,3449,10,10,0,212147,212147,0,0,212147,3449,6.87,0.6
187,2026-05-17 00:44:08,1,q56,0,16,411,909,1394,6636,5319,1732,1677,2,295,0,320,466522,0,0,1163589240,50875021,470020066,0,0,10861,18,18,0,393218,393218,0,0,393218,10861,7.3,0.91
188,2026-05-17 00:44:10,1,q57,0,15,264,1918,2753,13313,11297,1020,1046,0,0,0,878,2319872,0,0,5327819360,14522453,95546612,0,0,1160477,378,378,0,45103411,45103411,0,0,33376650,851478,6.94,1.92
189,2026-05-17 00:44:13,1,q58,0,17,408,1382,2262,11256,9906,1679,1642,0,192,0,511,788267,0,0,1989522544,50669119,427992581,0,0,246082,25,25,0,3668153,3668153,0,0,3668153,246082,8.14,1.38
190,2026-05-17 00:44:16,1,q59,0,16,335,1190,1991,7471,6872,1377,1438,0,0,0,331,755509,0,0,1653007480,28913760,77812197,0,0,304444,132,132,0,12804419,12804419,0,0,6649494,170837,6.28,1.19
191,2026-05-17 00:44:18,1,q60,0,16,411,1097,1857,8032,6737,2064,1676,4,0,0,396,466522,0,0,1712740176,50875021,469955046,0,0,78327,19,19,0,1553349,1553349,0,0,1553349,78327,7.32,1.1
192,2026-05-17 00:44:20,1,q61,0,18,449,1276,2814,12830,11483,1868,1887,0,16,0,4,5046346,0,0,997398400,58473612,586756791,0,0,32,32,32,0,1864,1864,0,0,1864,32,10.05,1.28
193,2026-05-17 00:44:22,1,q62,0,11,271,584,898,2771,2022,1119,1174,6,90,0,37,232608,0,0,138730216,7220165,28281087,0,0,1680,4,4,0,144524,144524,0,0,144524,1680,4.74,0.58
194,2026-05-17 00:44:24,1,q63,0,10,223,631,715,4290,3689,966,965,0,0,0,131,232050,0,0,193325520,28922607,195400742,0,0,12893,11,11,0,338212,338212,0,0,338212,12893,6.8,0.63
195,2026-05-17 00:44:26,1,q64,0,38,921,7299,17804,94913,87993,3674,3639,5,418,0,5091,13606779,0,0,35316849912,50412135,677767795,0,0,52026303,1839,1839,0,1951324540,1951324540,0,0,1805119561,48487731,13.0,7.3
196,2026-05-17 00:44:34,1,q65,0,15,340,1702,3089,22063,18797,1271,1265,1,416,0,1746,9209889,0,0,6088916240,57723109,392887053,0,0,11864589,391,391,0,390790175,390790175,0,0,390790175,11864589,12.96,1.7
197,2026-05-17 00:44:37,1,q66,0,14,339,1308,1987,8824,7588,1420,1447,0,28,0,28,232049,0,0,1090912176,21660549,214862416,0,0,110,11,11,0,54164,54164,0,0,54164,110,6.75,1.31
198,2026-05-17 00:44:40,1,q67,0,10,239,7244,7327,73720,71971,1050,1046,0,621,0,1391,4653671,0,0,7413963152,28922607,222327196,0,0,11517622,187,187,0,863913021,863913021,0,0,863913021,11517622,10.18,7.24
199,2026-05-17 00:44:48,1,q67a,0,18,380,10258,35265,134931,126322,1261,1319,0,1054,0,5450,4653628,0,0,26406027704,28922607,222327196,0,0,55544740,1700,1700,0,4119857621,4119857621,0,0,900512141,13217996,13.15,10.26
200,2026-05-17 00:44:59,1,q68,0,13,329,1068,1797,8087,6848,1328,1399,1,120,0,113,15378570,0,0,479525608,29577809,391997773,0,0,6174,10,10,0,435242,435242,0,0,435242,6174,7.57,1.07
201,2026-05-17 00:45:02,1,q69,0,18,429,1043,1955,7430,6352,1637,1652,3,0,0,465,28817400,0,0,3798521704,53091830,80702678,0,0,1902033,101,101,0,9546588,9546588,0,0,9546588,1902033,7.12,1.04
202,2026-05-17 00:45:04,1,q70,0,14,289,998,1119,6758,6014,1289,1227,9,194,0,42,232652,0,0,1082906264,57621211,271919453,0,0,209,22,22,0,10318,10318,0,0,10318,209,6.77,1.0
203,2026-05-17 00:45:06,1,q70a,0,17,294,931,1010,5593,5349,1145,1197,0,0,0,47,231362,0,0,883676640,57621211,271919453,0,0,240,47,47,0,14125,14125,0,0,8085,180,6.01,0.93
204,2026-05-17 00:45:08,1,q71,0,13,356,999,1068,8838,7622,1424,1472,1,0,0,341,421741,0,0,858487824,50563020,455709559,0,0,32225,31,31,0,1647107,1647107,0,0,994272,21118,8.85,1.0
205,2026-05-17 00:45:10,1,q72,0,26,673,17913,22939,211517,203663,2817,2674,8,736,0,4410,6609801,0,0,19933730552,151146935,897878107,0,0,142246513,1121,1121,0,2047926161,2047926161,0,0,2047926161,142246513,11.81,17.91
206,2026-05-17 00:45:29,1,q73,0,14,306,777,1441,5201,4362,1420,1197,0,7,0,123,232049,0,0,286157368,29327808,80140308,0,0,1002732,16,16,0,33966985,33966985,0,0,17049220,502732,6.69,0.78
207,2026-05-17 00:45:31,1,q74,0,20,478,2101,4787,22896,18978,1883,1774,3,257,0,2097,15569619,0,0,13344509464,72541185,378519971,0,0,1762073,822,822,0,58787775,58787775,0,0,58787775,1762073,10.9,2.1
208,2026-05-17 00:45:34,1,q75,0,31,815,3119,8203,40450,33037,3207,3033,0,322,0,4082,317616,0,0,11789416304,105981828,1093848030,0,0,14156495,869,869,0,314433702,314433702,0,0,214592381,9118707,12.97,3.12
209,2026-05-17 00:45:38,1,q76,0,9,303,871,814,8605,7243,1204,1252,0,5,0,392,923887,0,0,2026220376,50507442,458851137,0,0,3183,22,22,0,266492,266492,0,0,266492,3183,9.88,0.87
210,2026-05-17 00:45:40,1,q77,0,23,553,1051,1976,7762,6489,2256,2156,0,0,0,125,232050,0,0,857308616,55459113,494022214,0,0,1350,37,37,0,94853,94853,0,0,94853,1350,7.39,1.05
211,2026-05-17 00:45:42,1,q77a,0,26,558,1125,2068,7421,6331,2653,2180,0,214,0,151,231921,0,0,1396276488,55459113,494022214,0,0,1814,48,48,0,150988,150988,0,0,109492,1484,6.6,1.12
212,2026-05-17 00:45:45,1,q78,0,18,496,5474,12186,76820,70624,1773,1772,0,912,0,4442,6524755,0,0,19529868616,55458809,583703190,0,0,54207575,1003,1003,0,1578864490,1578864490,0,0,1578864490,54207575,14.03,5.47
213,2026-05-17 00:45:51,1,q79,0,12,279,870,1381,6542,5660,1101,1185,1,112,0,127,12830316,0,0,939014112,29327808,251084703,0,0,80366,22,22,0,2984678,2984678,0,0,2984678,80366,7.52,0.87
214,2026-05-17 00:45:53,1,q80,0,29,756,6544,19574,94759,88691,3365,2950,10,1142,0,4352,232093,0,0,14185165104,55573458,839053875,0,0,53052375,496,496,0,1571583782,1571583782,0,0,1571583782,53052375,14.48,6.54
215,2026-05-17 00:46:01,1,q80a,0,32,761,6750,19392,96767,90970,3058,2974,0,1338,0,4117,232050,0,0,14657024136,55573458,839053875,0,0,53053332,507,507,0,1571699394,1571699394,0,0,1571596644,53052306,14.34,6.75
216,2026-05-17 00:46:09,1,q81,0,19,372,900,1773,3366,2341,1407,1479,0,0,0,142,2002949,0,0,2043548752,3899770,53967562,0,0,1370028,23,23,0,35155527,35155527,0,0,35155527,1370028,3.74,0.9
217,2026-05-17 00:46:11,1,q82,0,10,254,1417,2079,12203,10740,1184,1000,0,187,0,476,232050,0,0,1650023680,162032505,837781656,0,0,13778665,194,194,0,136820298,136820298,0,0,136820298,28800829,8.61,1.42
218,2026-05-17 00:46:13,1,q83,0,17,404,743,990,2736,1560,1728,1628,0,116,0,53,788267,0,0,1148526576,5358945,36394239,0,0,39989,4,4,0,560851,560851,0,0,560851,39989,3.68,0.74
219,2026-05-17 00:46:15,1,q84,0,15,353,787,1338,2054,1311,1280,1373,0,0,0,49,9765521,0,0,615806688,5555667,30907440,0,0,2778010,5,5,0,14580028,14580028,0,0,14580028,2778010,2.61,0.79
220,2026-05-17 00:46:17,1,q85,0,18,472,1357,4100,9237,7287,1744,1868,1,98,0,116,17038153,0,0,8635287000,12032233,132213374,0,0,915638,92,92,0,33263061,33263061,0,0,33263061,915638,6.81,1.36
221,2026-05-17 00:46:19,1,q86,0,8,172,580,582,2246,1769,845,759,14,128,0,29,1868255,0,0,571272816,7322091,62465748,0,0,816,5,5,0,54740,54740,0,0,54740,816,3.87,0.58
222,2026-05-17 00:46:21,1,q86a,0,11,177,494,467,1613,1492,705,730,0,0,0,44,1868212,0,0,1110240560,7322091,62465748,0,0,2122,18,18,0,157792,157792,0,0,66590,930,3.27,0.49
223,2026-05-17 00:46:23,1,q87,0,15,345,1690,3195,17743,14301,1224,1252,0,216,0,1466,12830144,0,0,7811615960,50921019,68898388,0,0,1694820,473,473,0,44539705,44539705,0,0,44539705,1694820,10.5,1.69
224,2026-05-17 00:46:25,1,q88,0,44,1046,1901,6224,19843,16451,4339,4099,2,212,0,16,232050,0,0,411962368,230611328,292765644,0,0,128,128,128,0,7407,7407,0,0,7407,128,10.44,1.9
225,2026-05-17 00:46:28,1,q89,0,10,224,782,920,5379,4709,927,959,0,24,0,148,232050,0,0,931981384,28922607,195121480,0,0,49694,22,22,0,2286319,2286319,0,0,2286319,49694,6.88,0.78
226,2026-05-17 00:46:30,1,q90,0,14,338,465,962,2674,1926,1331,1384,0,96,0,4,232694,0,0,103596544,14447582,28364597,0,0,32,32,32,0,1816,1816,0,0,1816,32,5.75,0.46
227,2026-05-17 00:46:32,1,q91,0,17,391,665,1624,3131,2066,1566,1637,1,0,0,2,9581038,0,0,1093109944,4137922,31987399,0,0,45,3,3,0,6451,6451,0,0,4131,30,4.71,0.66
228,2026-05-17 00:46:34,1,q92,0,11,239,480,712,2972,2477,997,957,0,105,0,72,708309,0,0,110994360,14522180,124234272,0,0,134565,9,9,0,1823000,1823000,0,0,1823000,134565,6.19,0.48
229,2026-05-17 00:46:35,1,q93,0,8,201,3789,4603,45285,42768,693,725,0,112,0,1460,232047,0,0,5766380072,31678193,266262597,0,0,31635854,221,221,0,754534757,754534757,0,0,754534757,31635854,11.95,3.79
230,2026-05-17 00:46:40,1,q94,0,14,367,1687,2899,16543,15281,1334,1398,0,112,0,377,2579981,0,0,3571011840,15390507,101345378,0,0,14397040,153,153,0,217756544,217756544,0,0,217756544,14397040,9.81,1.69
231,2026-05-17 00:46:43,1,q95,0,14,367,3758,4920,47617,40320,1498,1466,7,1479,0,358,2580752,0,0,14560086280,15390498,98384799,0,0,35990240,357,357,0,319481278,319481278,0,0,196651615,14395274,12.67,3.76
232,2026-05-17 00:46:48,1,q96,0,9,220,467,646,3183,2241,1134,931,0,36,0,41,232050,0,0,51097984,28827807,36655611,0,0,16,16,16,0,926,926,0,0,926,16,6.82,0.47
233,2026-05-17 00:46:49,1,q97,0,8,201,2205,2740,23206,17291,1021,770,0,455,0,365,232093,0,0,6197962344,43220929,232052167,0,0,8377536,238,238,0,96885569,96885569,0,0,96885569,8377536,10.52,2.2
234,2026-05-17 00:46:52,1,q98,0,10,182,768,700,4009,3480,715,747,3,0,0,194,3361780,0,0,1648313712,28922504,251278047,0,0,105830,98,98,0,14419166,14419166,0,0,12449291,90666,5.22,0.77
235,2026-05-17 00:46:54,1,q99,0,11,271,910,1256,5052,4386,1341,1163,0,65,0,31,232694,0,0,138727912,14420484,41803089,0,0,2160,3,3,0,173652,173652,0,0,173652,2160,5.55,0.91
236,2026-05-17 00:46:56,2,q1,0,15,315,815,1357,4325,3515,1202,1203,0,45,0,149,5100797,0,0,2302920440,6275371,63815498,0,0,1604137,54,54,0,24046275,24046275,0,0,24046275,1604137,5.31,0.82
237,2026-05-17 00:46:58,2,q2,0,14,290,803,951,5457,5208,1186,1224,0,0,0,70,755509,0,0,435904744,21713567,94047677,0,0,6856,38,38,0,353470,353470,0,0,127688,4204,6.8,0.8
238,2026-05-17 00:47:00,2,q3,0,7,171,417,415,2628,2154,708,709,0,0,0,102,232050,0,0,109445096,28975553,245100763,0,0,2988,10,10,0,205613,205613,0,0,205613,2988,6.3,0.42
239,2026-05-17 00:47:01,2,q4,0,28,565,7964,38957,120212,100550,1863,1864,1,2213,0,9062,1691203,0,0,39674206800,50941020,813958217,0,0,102286012,3435,3435,0,2536436278,2536436278,0,0,1273457817,51438627,15.09,7.96
240,2026-05-17 00:47:11,2,q5,0,22,684,2014,4037,22031,18687,2710,2728,0,352,0,532,317795,0,0,3279919856,62671045,554479361,0,0,7890157,124,124,0,109287703,109287703,0,0,109287703,7890157,10.94,2.01
241,2026-05-17 00:47:14,2,q5a,0,24,688,1943,3963,20853,18958,2591,2722,0,320,0,580,318096,0,0,3751516744,62671045,554479361,0,0,7890908,131,131,0,109377365,109377365,0,0,109304266,7890000,10.73,1.94
242,2026-05-17 00:47:17,2,q6,0,18,403,1598,2800,18487,17221,1646,1683,0,128,0,605,2121631,0,0,5099075256,29847557,158715508,0,0,27358702,206,206,0,240346192,240346192,0,0,240346192,27358702,11.57,1.6
243,2026-05-17 00:47:19,2,q7,0,12,284,1186,1498,9530,8459,1122,1176,0,96,0,140,788267,0,0,1025566688,30843815,431581172,0,0,71891,22,22,0,2547586,2547586,0,0,2547586,71891,8.04,1.19
244,2026-05-17 00:47:22,2,q8,0,16,333,972,1276,5767,5013,1312,1409,0,0,0,38,2373068,0,0,1514421792,29820609,140288119,0,0,6731,13,13,0,84411,84411,0,0,84411,6731,5.93,0.97
245,2026-05-17 00:47:24,2,q9,0,17,386,966,3785,11133,8216,1295,1409,0,390,0,14,232050,0,0,0,144002556,913584820,0,0,80,80,80,0,5816,5816,0,0,5816,80,11.52,0.97
246,2026-05-17 00:47:26,2,q10,0,18,429,1181,2182,8249,7031,1739,1621,0,60,0,369,29252425,0,0,3799575784,53091830,80834266,0,0,2400953,101,101,0,9669568,9669568,0,0,9669568,2400953,6.98,1.18
247,2026-05-17 00:47:28,2,q10a,0,15,428,1034,1610,5941,5440,1993,1679,1,0,0,463,29252511,0,0,4599051616,53091830,80834266,0,0,2368363,153,153,0,9643291,9643291,0,0,9643291,2368363,5.75,1.03
248,2026-05-17 00:47:30,2,q11,0,22,430,4108,13478,59165,53506,1441,1410,0,464,0,5293,1380159,0,0,26856842912,36540594,273441966,0,0,71770406,2006,2006,0,1051779270,1051779270,0,0,537179235,36215116,14.4,4.11
249,2026-05-17 00:47:35,2,q12,0,8,173,542,526,2041,1689,704,733,0,0,0,54,3286039,0,0,639059672,7322091,68823730,0,0,28994,10,10,0,3887756,3887756,0,0,3887756,28994,3.77,0.54
250,2026-05-17 00:47:37,2,q13,0,13,332,1417,2001,11625,10407,1311,1397,3,120,0,2,1311501,0,0,552967424,30998618,511026468,0,0,16,16,16,0,1138,1138,0,0,1138,16,8.2,1.42
251,2026-05-17 00:47:39,2,q14a,0,46,1055,6460,9950,58292,53859,4207,4089,3,1409,0,2836,1195253,0,0,10126713176,151671058,968348951,0,0,62602963,349,349,0,878508003,878508003,0,0,875395407,62516439,9.02,6.46
252,2026-05-17 00:47:48,2,q14b,0,40,997,4499,9067,50189,46322,3958,3982,0,746,0,2275,1195253,0,0,8726695408,130216643,768006622,0,0,68372216,313,313,0,1013614548,1013614548,0,0,529727868,40865009,11.16,4.5
253,2026-05-17 00:47:54,2,q14,0,40,994,4301,8533,45063,42370,3932,4024,0,690,0,2009,1169916,0,0,7872597704,130216643,768006622,0,0,68278767,278,278,0,1004774601,1004774601,0,0,520887921,40771560,10.48,4.3
254,2026-05-17 00:47:59,2,q15,0,9,227,972,1101,5601,5225,892,949,0,0,0,9,5046346,0,0,788333904,15170429,58149761,0,0,502,1,1,0,18324,18324,0,0,18324,502,5.76,0.97
255,2026-05-17 00:48:01,2,q16,0,14,370,2193,3748,27772,25435,1499,1431,0,432,0,1114,232049,0,0,4703921456,30510786,216421384,0,0,30114572,306,306,0,422033262,422033262,0,0,422033262,30114572,12.66,2.19
256,2026-05-17 00:48:04,2,q17,0,17,439,4549,7575,57552,54955,1669,1730,0,384,0,2567,6980521,0,0,7880912176,46220667,348529818,0,0,45538041,633,633,0,1088684385,1088684385,0,0,1088684385,45538041,12.65,4.55
257,2026-05-17 00:48:10,2,q18,0,16,403,1454,2403,7788,6524,1552,1631,0,120,0,47,9765908,0,0,2661568088,19114050,308435192,0,0,56803,15,15,0,4021295,4021295,0,0,4021295,56803,5.36,1.45
258,2026-05-17 00:48:13,2,q18a,0,32,878,2839,7584,28045,24997,4135,3648,0,480,0,416,9765521,0,0,12347073984,77567758,1441088714,0,0,64753,41,41,0,4687048,4687048,0,0,4687048,64753,9.88,2.84
259,2026-05-17 00:48:17,2,q19,0,13,331,1379,2039,11058,10053,1383,1399,0,96,0,149,5046346,0,0,1426921720,29672609,280253464,0,0,7338,10,10,0,538502,538502,0,0,538502,7338,8.02,1.38
260,2026-05-17 00:48:19,2,q20,0,8,172,538,528,2093,1744,690,731,0,0,0,17,3286039,0,0,370624312,14522428,126863015,0,0,28486,2,2,0,3491832,3491832,0,0,3491832,28486,3.89,0.54
261,2026-05-17 00:48:21,2,q21,0,9,222,1176,1288,5566,4874,923,942,0,36,0,10,232050,0,0,193995600,133232014,713392285,0,0,31850,1,1,0,679321,679321,0,0,679321,31850,4.73,1.18
262,2026-05-17 00:48:23,2,q22,0,10,239,57910,57999,122312,120830,987,956,0,96,0,64,4653671,0,0,1677716768,133232017,713018751,0,0,612866,68,68,0,25860071,25860071,0,0,25860071,612866,2.11,57.91
263,2026-05-17 00:49:22,2,q22a,0,14,278,3008,3589,12996,11165,1308,1063,0,16,0,1415,4653585,0,0,7532702072,133232014,713029969,0,0,1173793,282,282,0,58356204,58356204,0,0,17414076,358209,4.32,3.01
264,2026-05-17 00:49:26,2,q23a,0,28,677,5994,11498,72490,67614,2537,2541,0,1020,0,3172,6609844,0,0,12294688208,108664026,586531457,0,0,43875394,651,651,0,1114302891,1114302891,0,0,1084605277,41975235,12.09,5.99
265,2026-05-17 00:49:33,2,q23b,0,32,754,6299,12460,76732,72160,3180,2828,0,1000,0,3303,6609715,0,0,25270029344,109164027,591252040,0,0,48638194,1329,1329,0,1199152798,1199152798,0,0,1096972512,42437717,12.18,6.3
266,2026-05-17 00:49:41,2,q24,0,14,363,2386,4110,27926,25691,1371,1423,3,553,0,1130,20739783,0,0,7068696000,32530241,313289460,0,0,29735885,204,204,0,677934954,677934954,0,0,677934954,29735885,11.7,2.39
267,2026-05-17 00:49:44,2,q24a,0,20,436,3804,5249,43915,40547,1622,1702,1,171,0,1651,18177746,0,0,16497845272,32632242,311241453,0,0,59478907,440,440,0,1356813606,1356813606,0,0,678878652,29743022,11.54,3.8
268,2026-05-17 00:49:49,2,q24b,0,20,436,2912,4222,29697,29072,1626,1713,2,429,0,1590,18177703,0,0,15891776752,32632242,311241453,0,0,59478765,428,428,0,1356789838,1356789838,0,0,678854884,29742880,10.2,2.91
269,2026-05-17 00:49:53,2,q25,0,17,439,4704,8067,60440,55722,1724,1742,0,1256,0,2761,6980521,0,0,7880887560,46220667,489792216,0,0,45538038,630,630,0,1108314399,1108314399,0,0,1108314399,45538038,12.85,4.7
270,2026-05-17 00:49:59,2,q26,0,11,282,806,1115,4676,3978,1142,1185,0,0,0,32,788267,0,0,488171680,16443739,228883664,0,0,34144,3,3,0,1157101,1157101,0,0,1157101,34144,5.8,0.81
271,2026-05-17 00:50:01,2,q27,0,12,284,1000,1308,7304,6705,1208,1218,0,160,0,114,788267,0,0,1026039776,30843417,405671205,0,0,58862,22,22,0,2215582,2215582,0,0,2215582,58862,7.3,1.0
272,2026-05-17 00:50:03,2,q27a,0,20,521,1875,4309,20178,18809,2173,2173,0,575,0,382,788224,0,0,1459118536,88546525,1198643418,0,0,60727,39,39,0,2447957,2447957,0,0,2447957,60727,10.76,1.88
273,2026-05-17 00:50:06,2,q28,0,24,408,1696,3717,20507,15804,1910,1600,5,567,0,2420,232093,0,0,4455922128,172803012,1402362570,0,0,468289,66,66,0,7661152,7661152,0,0,7661152,468289,12.09,1.7
274,2026-05-17 00:50:08,2,q29,0,19,490,4667,8079,59055,55207,1880,1963,5,714,0,2714,6980564,0,0,7880995000,46240668,349003993,0,0,45538045,635,635,0,1088685160,1088685160,0,0,1088685160,45538045,12.65,4.67
275,2026-05-17 00:50:14,2,q30,0,17,356,817,1812,2809,1856,1376,1430,0,12,0,136,2002949,0,0,1060281576,2460554,45638772,0,0,755089,7,7,0,59269674,59269674,0,0,59269674,755089,3.44,0.82
276,2026-05-17 00:50:16,2,q31,0,30,611,1643,3864,16171,14187,2507,2391,0,60,0,1251,3851818,0,0,3407134704,108311777,551777958,0,0,79630,49,49,0,2730805,2730805,0,0,2508788,72848,9.84,1.64
277,2026-05-17 00:50:19,2,q32,0,11,239,557,812,4311,3376,1166,975,0,105,0,37,707099,0,0,110945208,28922854,240028290,0,0,55420,10,10,0,761491,761491,0,0,761491,55420,7.74,0.56
278,2026-05-17 00:50:20,2,q33,0,16,411,1133,1892,8823,7557,1638,1687,0,0,0,377,895616,0,0,1075511576,50875021,469425630,0,0,17021,18,18,0,449731,449731,0,0,449731,17021,7.79,1.13
279,2026-05-17 00:50:23,2,q34,0,14,306,896,1567,6326,5454,1260,1210,0,201,0,176,232651,0,0,287388216,29327808,80140308,0,0,1010675,16,16,0,34202234,34202234,0,0,17284469,510675,7.06,0.9
280,2026-05-17 00:50:25,2,q35,0,17,434,1252,2220,9935,8696,1664,1661,1,0,0,719,24091841,0,0,8150415128,53091830,80626384,0,0,6056644,255,255,0,16018414,16018414,0,0,16018414,6056644,7.94,1.25
281,2026-05-17 00:50:27,2,q35a,0,16,434,1142,1888,8344,7476,2074,1698,1,288,0,592,24091927,0,0,7361886264,53091830,80626384,0,0,6053558,255,255,0,16031209,16031209,0,0,16031209,6053558,7.31,1.14
282,2026-05-17 00:50:29,2,q36,0,10,223,763,909,5371,4824,923,949,0,0,0,75,1868212,0,0,990715872,28922607,366557283,0,0,1767,11,11,0,138575,138575,0,0,138575,1767,7.04,0.76
283,2026-05-17 00:50:31,2,q36a,0,13,228,768,889,4496,4303,972,953,0,126,0,90,1868169,0,0,1529683744,28922607,366557283,0,0,4792,36,36,0,397014,397014,0,0,147166,1820,5.85,0.77
284,2026-05-17 00:50:33,2,q37,0,10,254,1075,1550,7429,6836,940,987,0,0,0,235,232006,0,0,878263696,147632429,779683064,0,0,4316414,146,146,0,64592408,64592408,0,0,64592408,14400617,6.91,1.08
285,2026-05-17 00:50:35,2,q38,0,15,345,1603,2865,15881,13088,1442,1247,1,219,0,1162,12830187,0,0,7811615960,50921019,68898388,0,0,1694820,473,473,0,44539705,44539705,0,0,44539705,1694820,9.91,1.6
286,2026-05-17 00:50:38,2,q39a,0,18,364,2019,3968,15293,13985,1414,1487,0,208,0,602,802215,0,0,2003277096,266362016,1424063585,0,0,1129345,56,56,0,27131683,27131683,0,0,26113005,1093917,7.57,2.02
287,2026-05-17 00:50:41,2,q39b,0,18,364,1722,3352,11809,11494,1681,1489,5,65,0,518,524839,0,0,1997116712,266362016,1424063585,0,0,1093504,56,56,0,26086066,26086066,0,0,25081527,1057496,6.86,1.72
288,2026-05-17 00:50:44,2,q40,0,12,305,1794,2823,19098,17757,1240,1201,0,256,0,743,232007,0,0,4141621464,15962322,133296408,0,0,15748014,170,170,0,309224449,309224449,0,0,309224449,15748014,10.65,1.79
289,2026-05-17 00:50:46,2,q41,0,6,108,357,290,1959,275,488,515,0,0,0,7,232049,0,0,270538656,204002,2005296,0,0,140,2,2,0,9680,9680,0,0,9680,140,5.49,0.36
290,2026-05-17 00:50:48,2,q42,0,7,171,463,475,3365,2855,685,722,0,0,0,24,232050,0,0,777260536,28922504,244719436,0,0,110,10,10,0,9119,9119,0,0,9119,110,7.27,0.46
291,2026-05-17 00:50:50,2,q43,0,7,169,619,651,4748,4315,709,733,0,0,0,29,232050,0,0,105177960,28820606,77101130,0,0,210,10,10,0,27003,27003,0,0,27003,210,7.67,0.62
292,2026-05-17 00:50:51,2,q44,0,11,196,631,651,3913,2997,740,738,0,100,0,174,1673996,0,0,1319036296,57703005,386731469,0,0,792642,98,98,0,10026252,10026252,0,0,5014246,396370,6.2,0.63
293,2026-05-17 00:50:53,2,q45,0,13,333,784,1389,3274,2564,1332,1401,0,0,0,8,5046346,0,0,2009365456,8092094,58889378,0,0,29,4,4,0,2649,2649,0,0,2649,29,4.18,0.78
294,2026-05-17 00:50:55,2,q46,0,13,329,877,1541,5698,5016,1361,1418,1,0,0,122,15378570,0,0,748821896,29577809,254617816,0,0,27956,10,10,0,1370335,1370335,0,0,1370335,27956,6.5,0.88
295,2026-05-17 00:50:57,2,q47,0,15,283,1819,2742,18724,15530,1086,1075,0,150,0,2226,2319872,0,0,6611285912,28922607,194842734,0,0,2654649,787,787,0,104923859,104923859,0,0,61537809,1555424,10.29,1.82
296,2026-05-17 00:51:00,2,q48,0,11,281,1428,1767,11480,10480,1163,1181,0,130,0,3,1332025,0,0,535376128,30991417,272302318,0,0,16,16,16,0,932,932,0,0,932,16,8.04,1.43
297,2026-05-17 00:51:02,2,q49,0,25,502,1590,3729,17717,15906,1866,1841,0,0,0,1594,239758,0,0,4980877224,55458809,786699359,0,0,15195841,48,48,0,337670533,337670533,0,0,337670533,15195841,11.14,1.59
298,2026-05-17 00:51:05,2,q50,0,12,303,2077,3284,22721,21217,1257,1232,0,224,0,1191,372338,0,0,4687124776,31771289,218061805,0,0,29262054,221,221,0,629482996,629482996,0,0,629482996,29262054,10.94,2.08
299,2026-05-17 00:51:08,2,q51,0,13,285,2986,4190,39099,34290,903,900,0,368,0,3684,300713,0,0,9962086816,36020592,232506462,0,0,24412982,1679,1679,0,420434145,420434145,0,0,420434145,24412982,13.09,2.99
300,2026-05-17 00:51:12,2,q51a,0,17,351,20222,23841,266092,246551,1054,1055,0,2811,0,4106,460428,0,0,26917555224,36020592,232506462,0,0,47528628,2587,2587,0,789344338,789344338,0,0,575961895,36066662,13.16,20.22
301,2026-05-17 00:51:33,2,q52,0,7,171,563,574,4319,3450,685,709,0,80,0,110,232050,0,0,777260536,28922504,244916044,0,0,4234,10,10,0,266465,266465,0,0,266465,4234,7.67,0.56
302,2026-05-17 00:51:35,2,q53,0,10,223,610,736,3953,3276,978,977,0,0,0,134,232050,0,0,193391056,28922607,195396646,0,0,31292,11,11,0,659777,659777,0,0,659777,31292,6.48,0.61
303,2026-05-17 00:51:37,2,q54,0,26,636,1769,4663,20226,17912,2554,2632,1,446,0,1368,5046389,0,0,2599766336,51386176,275360731,0,0,26873206,179,179,0,252841478,252841478,0,0,252841478,26873206,11.43,1.77
304,2026-05-17 00:51:39,2,q55,0,7,171,557,578,4006,3657,682,722,0,0,0,101,232049,0,0,777260536,28922504,244916044,0,0,3449,10,10,0,212147,212147,0,0,212147,3449,7.19,0.56
305,2026-05-17 00:51:41,2,q56,0,16,411,885,1365,6293,5072,1679,1687,0,96,0,365,466522,0,0,1163589240,50875021,470020066,0,0,10861,18,18,0,393218,393218,0,0,393218,10861,7.11,0.88
306,2026-05-17 00:51:43,2,q57,0,15,264,1558,2370,12327,10305,1008,1045,0,0,0,886,2319872,0,0,5327819360,14522453,95546612,0,0,1160477,378,378,0,45103411,45103411,0,0,33376650,851478,7.91,1.56
307,2026-05-17 00:51:46,2,q58,0,17,408,1212,1847,8531,7283,1702,1681,0,192,0,531,788267,0,0,1989522544,50669119,427992581,0,0,246082,25,25,0,3668153,3668153,0,0,3668153,246082,7.04,1.21
308,2026-05-17 00:51:48,2,q59,0,16,335,1170,2013,7523,6915,1358,1447,0,0,0,362,755509,0,0,1653007480,28913760,77812197,0,0,304444,132,132,0,12804419,12804419,0,0,6649494,170837,6.43,1.17
309,2026-05-17 00:51:50,2,q60,0,16,411,1059,1699,7581,6271,1647,1690,0,99,0,473,466522,0,0,1712740176,50875021,469955046,0,0,78327,19,19,0,1553349,1553349,0,0,1553349,78327,7.16,1.06
310,2026-05-17 00:51:52,2,q61,0,18,449,1288,2887,12576,10944,2081,1874,0,110,0,12,5046346,0,0,997398400,58473612,586756791,0,0,32,32,32,0,1864,1864,0,0,1864,32,9.76,1.29
311,2026-05-17 00:51:55,2,q62,0,11,271,572,866,2647,2010,1114,1163,0,0,0,38,232049,0,0,138730216,7220165,28281087,0,0,1680,4,4,0,144524,144524,0,0,144524,1680,4.63,0.57
312,2026-05-17 00:51:56,2,q63,0,10,223,607,686,3907,3329,962,966,0,0,0,120,232050,0,0,193325520,28922607,195400742,0,0,12893,11,11,0,338212,338212,0,0,338212,12893,6.44,0.61
313,2026-05-17 00:51:58,2,q64,0,38,921,7180,18168,94268,86953,3772,3643,2,842,0,4245,13606736,0,0,35316849912,50412135,677767795,0,0,52026303,1839,1839,0,1951324540,1951324540,0,0,1805119561,48487731,13.13,7.18
314,2026-05-17 00:52:07,2,q65,0,15,340,1625,2927,20854,18422,1245,1272,1,208,0,1566,9209889,0,0,6088916240,57723109,392887053,0,0,11864589,391,391,0,390790175,390790175,0,0,390790175,11864589,12.83,1.62
315,2026-05-17 00:52:09,2,q66,0,14,339,1265,1945,8239,7018,1435,1466,0,0,0,28,232049,0,0,1090912176,21660549,214862416,0,0,110,11,11,0,54164,54164,0,0,54164,110,6.51,1.26
316,2026-05-17 00:52:12,2,q67,0,10,239,7145,7258,74536,72871,956,982,5,666,0,1438,4653671,0,0,7413963152,28922607,222327196,0,0,11517622,187,187,0,863913021,863913021,0,0,863913021,11517622,10.43,7.14
317,2026-05-17 00:52:20,2,q67a,0,18,380,10207,34724,133777,124706,1238,1318,0,1035,0,5730,4653671,0,0,26406027704,28922607,222327196,0,0,55544740,1700,1700,0,4119857621,4119857621,0,0,900512141,13217996,13.11,10.21
318,2026-05-17 00:52:31,2,q68,0,13,329,1031,1759,7536,6271,1321,1395,1,140,0,104,15378570,0,0,479525608,29577809,391997773,0,0,6174,10,10,0,435242,435242,0,0,435242,6174,7.31,1.03
319,2026-05-17 00:52:33,2,q69,0,18,429,1053,1974,7698,6637,1695,1630,0,0,0,501,28817400,0,0,3798521704,53091830,80702678,0,0,1902033,101,101,0,9546588,9546588,0,0,9546588,1902033,7.31,1.05
320,2026-05-17 00:52:36,2,q70,0,14,289,1076,1188,7489,6679,1133,1215,0,184,0,44,232050,0,0,1082906264,57621211,271919453,0,0,209,22,22,0,10318,10318,0,0,10318,209,6.96,1.08
321,2026-05-17 00:52:38,2,q70a,0,17,294,940,1009,5515,5307,1172,1204,0,0,0,46,231362,0,0,883676640,57621211,271919453,0,0,240,47,47,0,14125,14125,0,0,8085,180,5.87,0.94
322,2026-05-17 00:52:40,2,q71,0,13,356,935,1004,7797,6602,1420,1480,1,0,0,230,421741,0,0,858487824,50563020,455709559,0,0,32225,31,31,0,1647107,1647107,0,0,994272,21118,8.34,0.94
323,2026-05-17 00:52:42,2,q72,0,26,673,18049,22878,212427,205991,2779,2677,1,1605,0,4621,6609844,0,0,19933730552,151146935,897878107,0,0,142246513,1121,1121,0,2047926161,2047926161,0,0,2047926161,142246513,11.77,18.05
324,2026-05-17 00:53:01,2,q73,0,14,306,707,1301,4747,4088,1154,1198,0,0,0,127,232049,0,0,286157368,29327808,80140308,0,0,1002732,16,16,0,33966985,33966985,0,0,17049220,502732,6.71,0.71
325,2026-05-17 00:53:03,2,q74,0,20,478,2046,4468,21843,16845,1855,1778,1,490,0,2526,15569705,0,0,13344509464,72541185,378519971,0,0,1762073,822,822,0,58787775,58787775,0,0,58787775,1762073,10.68,2.05
326,2026-05-17 00:53:06,2,q75,0,31,815,3102,8111,40970,33253,2976,2996,0,310,1,4395,318304,0,0,11789416304,105981828,1093848030,0,0,14156495,869,869,0,314433702,314433702,0,0,214592381,9118707,13.21,3.1
327,2026-05-17 00:53:10,2,q76,0,9,303,832,776,8394,6938,1202,1254,0,0,0,311,923844,0,0,2026220376,50507442,458851137,0,0,3183,22,22,0,266492,266492,0,0,266492,3183,10.09,0.83
328,2026-05-17 00:53:12,2,q77,0,23,553,1088,2080,8147,6644,2295,2173,0,313,0,125,232050,0,0,857308616,55459113,494022214,0,0,1350,37,37,0,94853,94853,0,0,94853,1350,7.49,1.09
329,2026-05-17 00:53:14,2,q77a,0,26,558,1034,1827,6692,6062,2254,2163,0,0,0,135,231405,0,0,1396276488,55459113,494022214,0,0,1814,48,48,0,150988,150988,0,0,109492,1484,6.47,1.03
330,2026-05-17 00:53:16,2,q78,0,18,496,5603,12050,80596,74452,1821,1791,21,576,0,4006,6524712,0,0,19529868616,55458809,583703190,0,0,54207575,1003,1003,0,1578864490,1578864490,0,0,1578864490,54207575,14.38,5.6
331,2026-05-17 00:53:23,2,q79,0,12,279,927,1423,7137,6365,1094,1185,1,0,0,125,12830316,0,0,939014112,29327808,251084703,0,0,80366,22,22,0,2984678,2984678,0,0,2984678,80366,7.7,0.93
332,2026-05-17 00:53:25,2,q80,0,29,756,6343,18626,91912,86021,3020,2941,0,888,0,3998,232092,0,0,14185165104,55573458,839053875,0,0,53052375,496,496,0,1571583782,1571583782,0,0,1571583782,53052375,14.49,6.34
333,2026-05-17 00:53:33,2,q80a,0,32,761,6239,18552,88507,84458,3282,2980,0,596,3,3981,232050,0,0,14657024136,55573458,839053875,0,0,53053332,507,507,0,1571699394,1571699394,0,0,1571596644,53052306,14.19,6.24
334,2026-05-17 00:53:40,2,q81,0,19,372,986,1934,3634,2451,1511,1475,0,157,0,149,2002949,0,0,2043548752,3899770,53967562,0,0,1370028,23,23,0,35155527,35155527,0,0,35155527,1370028,3.69,0.99
335,2026-05-17 00:53:42,2,q82,0,10,254,1286,1890,10999,10231,948,991,0,0,0,409,232050,0,0,1650023680,162032505,837781656,0,0,13778665,194,194,0,136820298,136820298,0,0,136820298,28800829,8.55,1.29
336,2026-05-17 00:53:45,2,q83,0,17,404,735,925,2684,1547,1808,1668,9,174,0,45,788267,0,0,1148526576,5358945,36394239,0,0,39989,4,4,0,560851,560851,0,0,560851,39989,3.65,0.74
337,2026-05-17 00:53:46,2,q84,0,15,353,773,1321,1967,1181,1262,1375,0,0,0,55,9765521,0,0,615806688,5555667,30907440,0,0,2778010,5,5,0,14580028,14580028,0,0,14580028,2778010,2.54,0.77
338,2026-05-17 00:53:48,2,q85,0,18,472,1371,3887,8895,7030,1804,1890,0,80,0,118,17038024,0,0,8635287000,12032233,132213374,0,0,915638,92,92,0,33263061,33263061,0,0,33263061,915638,6.49,1.37
339,2026-05-17 00:53:51,2,q86,0,8,172,514,508,2063,1752,697,715,0,0,0,31,1868212,0,0,571272816,7322091,62465748,0,0,816,5,5,0,54740,54740,0,0,54740,816,4.01,0.51
340,2026-05-17 00:53:52,2,q86a,0,11,177,505,478,1653,1531,711,734,0,0,0,42,1868126,0,0,1110240560,7322091,62465748,0,0,2122,18,18,0,157792,157792,0,0,66590,930,3.27,0.5
341,2026-05-17 00:53:54,2,q87,0,15,345,1586,2903,16347,13387,1275,1248,0,160,0,1293,12830187,0,0,7811615960,50921019,68898388,0,0,1694820,473,473,0,44539705,44539705,0,0,44539705,1694820,10.31,1.59
342,2026-05-17 00:53:56,2,q88,0,44,1046,1780,6328,19103,16417,4189,4114,0,128,0,16,232050,0,0,411962368,230611328,292765644,0,0,128,128,128,0,7407,7407,0,0,7407,128,10.73,1.78
343,2026-05-17 00:53:59,2,q89,0,10,224,800,947,5103,4223,1166,973,0,203,0,153,232050,0,0,931981384,28922607,195121480,0,0,49694,22,22,0,2286319,2286319,0,0,2286319,49694,6.38,0.8
344,2026-05-17 00:54:01,2,q90,0,14,338,435,870,2525,1809,1292,1371,0,0,0,4,232049,0,0,103596544,14447582,28364597,0,0,32,32,32,0,1816,1816,0,0,1816,32,5.8,0.44
345,2026-05-17 00:54:03,2,q91,0,17,391,651,1643,3196,2132,1560,1644,1,0,0,2,9581038,0,0,1093109944,4137922,31987399,0,0,45,3,3,0,6451,6451,0,0,4131,30,4.91,0.65
346,2026-05-17 00:54:04,2,q92,0,11,239,493,737,3022,2518,1079,962,0,191,0,75,708309,0,0,110994360,14522180,124234272,0,0,134565,9,9,0,1823000,1823000,0,0,1823000,134565,6.13,0.49
347,2026-05-17 00:54:06,2,q93,0,8,201,3740,4558,44040,42839,699,737,0,0,0,1437,232047,0,0,5766380072,31678193,266262597,0,0,31635854,221,221,0,754534757,754534757,0,0,754534757,31635854,11.78,3.74
348,2026-05-17 00:54:11,2,q94,0,14,367,1685,2889,16796,14681,1348,1391,0,30,0,380,2580110,0,0,3571011840,15390507,101345378,0,0,14397040,153,153,0,217756544,217756544,0,0,217756544,14397040,9.97,1.68
349,2026-05-17 00:54:14,2,q95,0,14,367,3594,4841,42604,37948,1363,1450,0,800,0,471,2580838,0,0,14560086280,15390498,98384799,0,0,35990240,357,357,0,319481278,319481278,0,0,196651615,14395274,11.85,3.59
350,2026-05-17 00:54:18,2,q96,0,9,220,461,624,2889,2012,1065,929,0,0,0,3,232092,0,0,51097984,28827807,36655611,0,0,16,16,16,0,926,926,0,0,926,16,6.27,0.46
351,2026-05-17 00:54:20,2,q97,0,8,201,2020,2509,21407,17563,980,774,0,90,0,363,232050,0,0,6197962344,43220929,232052167,0,0,8377536,238,238,0,96885569,96885569,0,0,96885569,8377536,10.6,2.02
352,2026-05-17 00:54:23,2,q98,0,10,182,799,729,4201,3463,696,727,24,27,0,187,3361780,0,0,1648313712,28922504,251278047,0,0,105830,98,98,0,14419166,14419166,0,0,12449291,90666,5.26,0.8
353,2026-05-17 00:54:25,2,q99,0,11,271,741,1108,3980,3531,1195,1184,0,56,0,30,232565,0,0,138727912,14420484,41803089,0,0,2160,3,3,0,173652,173652,0,0,173652,2160,5.37,0.74
354,2026-05-17 00:54:26,3,q1,0,15,315,788,1330,4118,3350,1201,1201,0,66,0,143,5100797,0,0,2302920440,6275371,63815498,0,0,1604137,54,54,0,24046275,24046275,0,0,24046275,1604137,5.23,0.79
355,2026-05-17 00:54:28,3,q2,0,14,290,847,989,6083,5330,1173,1225,2,105,0,68,755509,0,0,435904744,21713567,94047677,0,0,6856,38,38,0,353470,353470,0,0,127688,4204,7.18,0.85
356,2026-05-17 00:54:30,3,q3,0,7,171,476,478,3388,2623,683,702,0,112,0,118,232050,0,0,109445096,28975553,245100763,0,0,2988,10,10,0,205613,205613,0,0,205613,2988,7.12,0.48
357,2026-05-17 00:54:32,3,q4,0,28,565,7526,35807,113328,101483,1840,1858,4,1588,0,9240,1691203,0,0,39674206800,50941020,813958217,0,0,102286012,3435,3435,0,2536436278,2536436278,0,0,1273457817,51438627,15.06,7.53
358,2026-05-17 00:54:41,3,q5,0,22,684,2085,4322,22960,19065,2685,2715,0,352,0,614,318139,0,0,3279919856,62671045,554479361,0,0,7890157,124,124,0,109287703,109287703,0,0,109287703,7890157,11.01,2.08
359,2026-05-17 00:54:44,3,q5a,0,25,689,2098,4152,22353,19748,2718,2764,0,434,0,467,318053,0,0,3818887728,62671045,554479361,0,0,7891824,134,134,0,109437496,109437496,0,0,109304266,7890000,10.65,2.1
360,2026-05-17 00:54:47,3,q6,0,18,403,1646,2829,19576,18165,1690,1684,0,128,0,603,2121631,0,0,5099075256,29847557,158715508,0,0,27358702,206,206,0,240346192,240346192,0,0,240346192,27358702,11.89,1.65
361,2026-05-17 00:54:50,3,q7,0,12,284,1170,1469,9093,7917,1146,1198,0,150,0,121,788267,0,0,1025566688,30843815,431581172,0,0,71891,22,22,0,2547586,2547586,0,0,2547586,71891,7.77,1.17
362,2026-05-17 00:54:52,3,q8,0,16,333,858,1160,4709,3978,1331,1412,0,0,0,43,2373025,0,0,1514421792,29820609,140288119,0,0,6731,13,13,0,84411,84411,0,0,84411,6731,5.49,0.86
363,2026-05-17 00:54:54,3,q9,0,17,386,953,3825,11062,8062,1432,1423,0,416,0,16,232738,0,0,0,144002556,913584820,0,0,80,80,80,0,5816,5816,0,0,5816,80,11.61,0.95
364,2026-05-17 00:54:56,3,q10,0,18,429,1178,2180,8369,7031,1776,1620,2,63,0,473,29252468,0,0,3799575784,53091830,80834266,0,0,2400953,101,101,0,9669568,9669568,0,0,9669568,2400953,7.1,1.18
365,2026-05-17 00:54:58,3,q10a,0,15,428,973,1364,5401,5054,1670,1684,0,0,0,440,29252425,0,0,4599051616,53091830,80834266,0,0,2368363,153,153,0,9643291,9643291,0,0,9643291,2368363,5.55,0.97
366,2026-05-17 00:55:00,3,q11,0,22,430,4162,13735,60285,54004,1365,1421,2,392,0,5305,1380159,0,0,26856842912,36540594,273441966,0,0,71770406,2006,2006,0,1051779270,1051779270,0,0,537179235,36215116,14.48,4.16
367,2026-05-17 00:55:05,3,q12,0,8,173,586,576,2180,1793,850,713,0,112,0,54,3286039,0,0,639059672,7322091,68823730,0,0,28994,10,10,0,3887756,3887756,0,0,3887756,28994,3.72,0.59
368,2026-05-17 00:55:07,3,q13,0,13,332,1338,1985,10806,9579,1360,1404,0,99,0,2,1311415,0,0,552967424,30998618,511026468,0,0,16,16,16,0,1138,1138,0,0,1138,16,8.08,1.34
369,2026-05-17 00:55:10,3,q14a,0,46,1055,6471,9911,59214,54573,4012,4121,0,1360,0,2845,1195253,0,0,10126713176,151671058,968348951,0,0,62602963,349,349,0,878508003,878508003,0,0,875395407,62516439,9.15,6.47
370,2026-05-17 00:55:18,3,q14b,0,40,997,4679,9331,52688,48849,4166,3939,0,716,0,2561,1195253,0,0,8726695408,130216643,768006622,0,0,68372216,313,313,0,1013614548,1013614548,0,0,529727868,40865009,11.26,4.68
371,2026-05-17 00:55:24,3,q14,0,40,994,4228,8458,45364,42624,4029,4017,11,664,0,2110,1169959,0,0,7872597704,130216643,768006622,0,0,68278767,278,278,0,1004774601,1004774601,0,0,520887921,40771560,10.73,4.23
372,2026-05-17 00:55:29,3,q15,0,9,227,1038,1173,6363,5781,947,948,0,192,0,10,5046346,0,0,788333904,15170429,58149761,0,0,502,1,1,0,18324,18324,0,0,18324,502,6.13,1.04
373,2026-05-17 00:55:31,3,q16,0,14,370,2119,3873,27166,25199,1366,1408,0,144,0,947,232049,0,0,4703921456,30510786,216421384,0,0,30114572,306,306,0,422033262,422033262,0,0,422033262,30114572,12.82,2.12
374,2026-05-17 00:55:35,3,q17,0,17,439,4501,7534,56572,54400,1783,1735,3,256,0,2643,6980521,0,0,7880912176,46220667,348529818,0,0,45538041,633,633,0,1088684385,1088684385,0,0,1088684385,45538041,12.57,4.5
375,2026-05-17 00:55:40,3,q18,0,16,403,1522,2469,7815,6505,1596,1666,0,104,0,51,9765521,0,0,2661568088,19114050,308435192,0,0,56803,15,15,0,4021295,4021295,0,0,4021295,56803,5.13,1.52
376,2026-05-17 00:55:43,3,q18a,0,32,878,2893,7297,27571,24374,3778,3580,0,272,0,429,9765564,0,0,12347073984,77567758,1441088714,0,0,64753,41,41,0,4687048,4687048,0,0,4687048,64753,9.53,2.89
377,2026-05-17 00:55:47,3,q19,0,13,331,1152,1797,8722,7731,1383,1415,0,144,0,125,5046346,0,0,1426921720,29672609,280253464,0,0,7338,10,10,0,538502,538502,0,0,538502,7338,7.57,1.15
378,2026-05-17 00:55:49,3,q20,0,8,172,566,552,2370,1997,727,721,0,0,0,17,3286039,0,0,370624312,14522428,126863015,0,0,28486,2,2,0,3491832,3491832,0,0,3491832,28486,4.19,0.57
379,2026-05-17 00:55:51,3,q21,0,9,222,1183,1297,5567,4824,917,945,0,110,0,10,232050,0,0,193995600,133232014,713392285,0,0,31850,1,1,0,679321,679321,0,0,679321,31850,4.71,1.18
380,2026-05-17 00:55:53,3,q22,0,10,239,58340,58425,123017,121791,941,948,0,128,0,125,4653671,0,0,1677716768,133232017,713018751,0,0,612866,68,68,0,25860071,25860071,0,0,25860071,612866,2.11,58.34
381,2026-05-17 00:56:52,3,q22a,0,14,278,2947,3493,12829,11082,1036,1061,0,60,0,1191,4653628,0,0,7532702072,133232014,713029969,0,0,1173793,282,282,0,58356204,58356204,0,0,17414076,358209,4.35,2.95
382,2026-05-17 00:56:56,3,q23a,0,28,677,5981,11455,71998,68529,2549,2548,1,1041,0,2969,6609801,0,0,12294688208,108664026,586531457,0,0,43875394,651,651,0,1114302891,1114302891,0,0,1084605277,41975235,12.04,5.98
383,2026-05-17 00:57:03,3,q23b,0,32,754,6908,12016,77464,73061,3016,2922,8,709,0,4101,6609801,0,0,25270029344,109164027,591252040,0,0,48638194,1329,1329,0,1199152798,1199152798,0,0,1096972512,42437717,11.21,6.91
384,2026-05-17 00:57:12,3,q24,0,14,363,2426,3976,28955,25861,1497,1417,3,240,0,1156,20739740,0,0,7068696000,32530241,313289460,0,0,29735885,204,204,0,677934954,677934954,0,0,677934954,29735885,11.94,2.43
385,2026-05-17 00:57:15,3,q24a,0,20,436,3694,5194,41671,39802,1744,1720,2,189,0,1350,18177789,0,0,16497845272,32632242,311241453,0,0,59478907,440,440,0,1356813606,1356813606,0,0,678878652,29743022,11.28,3.69
386,2026-05-17 00:57:20,3,q24b,0,20,436,2863,4052,29231,29069,1729,1699,2,96,0,1411,18177832,0,0,15891776752,32632242,311241453,0,0,59478765,428,428,0,1356789838,1356789838,0,0,678854884,29742880,10.21,2.86
387,2026-05-17 00:57:24,3,q25,0,17,439,5380,8548,69968,55332,1928,1753,4,10782,0,3057,6980521,0,0,7880887560,46220667,489792216,0,0,45538038,630,630,0,1108314399,1108314399,0,0,1108314399,45538038,13.01,5.38
388,2026-05-17 00:57:30,3,q26,0,11,282,891,1291,4844,3910,1443,1236,0,0,0,35,788267,0,0,488171680,16443739,228883664,0,0,34144,3,3,0,1157101,1157101,0,0,1157101,34144,5.44,0.89
389,2026-05-17 00:57:32,3,q27,0,12,284,843,1141,6031,5558,1154,1203,0,0,0,145,788310,0,0,1026039776,30843417,405671205,0,0,58862,22,22,0,2215582,2215582,0,0,2215582,58862,7.15,0.84
390,2026-05-17 00:57:34,3,q27a,0,20,521,1736,4050,18524,15705,2160,2154,0,592,0,365,788267,0,0,1459118536,88546525,1198643418,0,0,60727,39,39,0,2447957,2447957,0,0,2447957,60727,10.67,1.74
391,2026-05-17 00:57:37,3,q28,0,24,408,1905,4200,23243,16550,2093,1574,0,793,0,2475,232050,0,0,4455922128,172803012,1402362570,0,0,468289,66,66,0,7661152,7661152,0,0,7661152,468289,12.2,1.9
392,2026-05-17 00:57:40,3,q29,0,19,490,4706,8398,58790,54748,1868,1949,0,861,0,2659,6980521,0,0,7880995000,46240668,349003993,0,0,45538045,635,635,0,1088685160,1088685160,0,0,1088685160,45538045,12.49,4.71
393,2026-05-17 00:57:46,3,q30,0,17,356,808,1793,2800,1862,1376,1449,0,0,0,113,2002949,0,0,1060281576,2460554,45638772,0,0,755089,7,7,0,59269674,59269674,0,0,59269674,755089,3.47,0.81
394,2026-05-17 00:57:48,3,q31,0,30,611,1842,4298,18685,16108,2616,2381,0,234,0,1378,3851818,0,0,3407134704,108311777,551777958,0,0,79630,49,49,0,2730805,2730805,0,0,2508788,72848,10.14,1.84
395,2026-05-17 00:57:51,3,q32,0,11,239,501,751,3784,3244,925,952,0,90,0,37,707142,0,0,110945208,28922854,240028290,0,0,55420,10,10,0,761491,761491,0,0,761491,55420,7.55,0.5
396,2026-05-17 00:57:52,3,q33,0,16,411,1135,1882,9050,6864,1796,1674,15,224,0,412,895616,0,0,1075511576,50875021,469425630,0,0,17021,18,18,0,449731,449731,0,0,449731,17021,7.97,1.14
397,2026-05-17 00:57:54,3,q34,0,14,306,713,1364,4709,4004,1146,1187,0,0,0,191,232049,0,0,287388216,29327808,80140308,0,0,1010675,16,16,0,34202234,34202234,0,0,17284469,510675,6.6,0.71
398,2026-05-17 00:57:56,3,q35,0,17,434,1400,2534,12317,9667,1817,1676,0,321,0,1170,24091841,0,0,8150415128,53091830,80626384,0,0,6056644,255,255,0,16018414,16018414,0,0,16018414,6056644,8.8,1.4
399,2026-05-17 00:57:59,3,q35a,0,16,434,1311,2096,8986,7398,2139,1696,13,165,0,605,24092400,0,0,7361886264,53091830,80626384,0,0,6053558,255,255,0,16031209,16031209,0,0,16031209,6053558,6.85,1.31
400,2026-05-17 00:58:01,3,q36,0,10,223,820,972,5800,4885,910,948,1,120,0,76,1868212,0,0,990715872,28922607,366557283,0,0,1767,11,11,0,138575,138575,0,0,138575,1767,7.07,0.82
401,2026-05-17 00:58:03,3,q36a,0,13,228,792,969,4669,4262,1130,984,15,0,0,85,1868126,0,0,1529683744,28922607,366557283,0,0,4792,36,36,0,397014,397014,0,0,147166,1820,5.9,0.79
402,2026-05-17 00:58:05,3,q37,0,10,254,1114,1574,7595,6745,1041,965,0,266,0,256,232093,0,0,878263696,147632429,779683064,0,0,4316414,146,146,0,64592408,64592408,0,0,64592408,14400617,6.82,1.11
403,2026-05-17 00:58:07,3,q38,0,15,345,1642,3004,17038,14139,1224,1247,1,192,0,1323,12830230,0,0,7811615960,50921019,68898388,0,0,1694820,473,473,0,44539705,44539705,0,0,44539705,1694820,10.38,1.64
404,2026-05-17 00:58:10,3,q39a,0,18,364,2180,4040,15392,13843,1599,1497,0,182,0,570,806002,0,0,2003277096,266362016,1424063585,0,0,1129925,56,56,0,27117544,27117544,0,0,26113005,1093917,7.06,2.18
405,2026-05-17 00:58:13,3,q39b,0,17,373,2017,3727,14719,13454,1813,1559,0,56,0,188,524925,0,0,2780664864,266362016,1424063585,0,0,1531488,55,55,0,35748102,35748102,0,0,24076988,1021488,7.3,2.02
406,2026-05-17 00:58:16,3,q40,0,12,305,1747,2728,18661,15608,1553,1217,0,164,0,1196,232049,0,0,4141621464,15962322,133296408,0,0,15748014,170,170,0,309224449,309224449,0,0,309224449,15748014,10.68,1.75
407,2026-05-17 00:58:19,3,q41,0,6,108,411,320,2065,285,697,528,0,0,0,7,232049,0,0,270538656,204002,2005296,0,0,140,2,2,0,9680,9680,0,0,9680,140,5.02,0.41
408,2026-05-17 00:58:21,3,q42,0,7,171,512,522,3686,2968,720,727,0,70,0,25,232050,0,0,777260536,28922504,244719436,0,0,110,10,10,0,9119,9119,0,0,9119,110,7.2,0.51
409,2026-05-17 00:58:22,3,q43,0,7,169,718,760,5558,4928,874,729,13,0,0,29,232050,0,0,105177960,28820606,77101130,0,0,210,10,10,0,27003,27003,0,0,27003,210,7.74,0.72
410,2026-05-17 00:58:24,3,q44,0,11,196,589,636,3808,2990,680,736,0,70,0,192,1673996,0,0,1319036296,57703005,386731469,0,0,792642,98,98,0,10026252,10026252,0,0,5014246,396370,6.47,0.59
411,2026-05-17 00:58:26,3,q45,0,13,333,810,1380,3602,2562,1458,1401,0,45,0,8,5046346,0,0,2009365456,8092094,58889378,0,0,29,4,4,0,2649,2649,0,0,2649,29,4.45,0.81
412,2026-05-17 00:58:27,3,q46,0,13,329,1026,1675,7081,6265,1393,1400,1,0,0,121,15378570,0,0,748821896,29577809,254617816,0,0,27956,10,10,0,1370335,1370335,0,0,1370335,27956,6.9,1.03
413,2026-05-17 00:58:30,3,q47,0,15,283,1993,3102,20870,15512,1277,1096,7,186,0,3108,2319872,0,0,6611285912,28922607,194842734,0,0,2654649,787,787,0,104923859,104923859,0,0,61537809,1555424,10.47,1.99
414,2026-05-17 00:58:33,3,q48,0,11,281,1451,1907,12071,10550,1335,1201,0,315,0,2,1332025,0,0,535376128,30991417,272302318,0,0,16,16,16,0,932,932,0,0,932,16,8.32,1.45
415,2026-05-17 00:58:35,3,q49,0,25,502,1997,4684,21017,15645,2562,1862,17,881,0,1858,239758,0,0,4980877224,55458809,786699359,0,0,15195841,48,48,0,337670533,337670533,0,0,337670533,15195841,10.52,2.0
416,2026-05-17 00:58:38,3,q50,0,12,303,2389,3772,27318,22205,1570,1227,3,464,0,1171,372338,0,0,4687124776,31771289,218061805,0,0,29262054,221,221,0,629482996,629482996,0,0,629482996,29262054,11.43,2.39
417,2026-05-17 00:58:42,3,q51,0,13,285,3116,4396,40431,32607,1248,931,4,853,0,3933,300713,0,0,9962086816,36020592,232506462,0,0,24412982,1679,1679,0,420434145,420434145,0,0,420434145,24412982,12.98,3.12
418,2026-05-17 00:58:46,3,q51a,0,17,351,21001,24882,276000,238761,1077,1065,0,3378,0,4597,460428,0,0,26917555224,36020592,232506462,0,0,47528628,2587,2587,0,789344338,789344338,0,0,575961895,36066662,13.14,21.0
419,2026-05-17 00:59:08,3,q52,0,7,171,566,578,4251,3293,803,723,0,0,0,109,232050,0,0,777260536,28922504,244916044,0,0,4234,10,10,0,266465,266465,0,0,266465,4234,7.51,0.57
420,2026-05-17 00:59:10,3,q53,0,10,223,691,808,4732,3847,924,966,0,80,0,128,232050,0,0,193391056,28922607,195396646,0,0,31292,11,11,0,659777,659777,0,0,659777,31292,6.85,0.69
421,2026-05-17 00:59:11,3,q54,0,26,636,1814,4601,21035,19384,2635,2671,0,234,0,971,5046432,0,0,2599766336,51386176,275360731,0,0,26873206,179,179,0,252841478,252841478,0,0,252841478,26873206,11.6,1.81
422,2026-05-17 00:59:14,3,q55,0,7,171,487,504,3178,2838,676,718,0,0,0,94,232006,0,0,777260536,28922504,244916044,0,0,3449,10,10,0,212147,212147,0,0,212147,3449,6.53,0.49
423,2026-05-17 00:59:16,3,q56,0,16,411,880,1375,6556,5458,1645,1672,0,0,0,300,466522,0,0,1163589240,50875021,470020066,0,0,10861,18,18,0,393218,393218,0,0,393218,10861,7.45,0.88
424,2026-05-17 00:59:18,3,q57,0,15,264,1608,2400,12191,9928,1121,1046,32,0,0,896,2319872,0,0,5327819360,14522453,95546612,0,0,1160477,378,378,0,45103411,45103411,0,0,33376650,851478,7.58,1.61
425,2026-05-17 00:59:21,3,q58,0,18,409,1357,2122,10406,8758,1790,1681,0,130,0,265,788267,0,0,2126885952,50669119,427992581,0,0,246123,27,27,0,3671733,3671733,0,0,3671733,246123,7.67,1.36
426,2026-05-17 00:59:23,3,q59,0,16,335,1196,2004,7645,6837,1383,1431,0,0,0,363,755509,0,0,1653007480,28913760,77812197,0,0,304444,132,132,0,12804419,12804419,0,0,6649494,170837,6.39,1.2
427,2026-05-17 00:59:25,3,q60,0,16,411,1067,1602,7486,5644,1779,1698,0,200,0,478,466522,0,0,1712740176,50875021,469955046,0,0,78327,19,19,0,1553349,1553349,0,0,1553349,78327,7.02,1.07
428,2026-05-17 00:59:27,3,q61,0,18,449,1315,2733,11947,9746,2067,1860,11,302,0,7,5046346,0,0,997398400,58473612,586756791,0,0,32,32,32,0,1864,1864,0,0,1864,32,9.09,1.32
429,2026-05-17 00:59:30,3,q62,0,11,271,611,986,2780,2039,1353,1181,0,0,0,39,232135,0,0,138730216,7220165,28281087,0,0,1680,4,4,0,144524,144524,0,0,144524,1680,4.55,0.61
430,2026-05-17 00:59:32,3,q63,0,10,223,582,706,3762,3164,902,951,0,0,0,134,232050,0,0,193325520,28922607,195400742,0,0,12893,11,11,0,338212,338212,0,0,338212,12893,6.46,0.58
431,2026-05-17 00:59:33,3,q64,0,38,921,8005,19526,105944,86885,4097,3699,4,3258,0,5969,13606779,0,0,35316849912,50412135,677767795,0,0,52026303,1839,1839,0,1951324540,1951324540,0,0,1805119561,48487731,13.23,8.01
432,2026-05-17 00:59:43,3,q65,0,15,340,1716,3094,22466,19851,1268,1279,0,272,0,1537,9209846,0,0,6088916240,57723109,392887053,0,0,11864589,391,391,0,390790175,390790175,0,0,390790175,11864589,13.09,1.72
433,2026-05-17 00:59:45,3,q66,0,14,339,1225,1985,7994,6717,1418,1443,0,80,0,28,232049,0,0,1090912176,21660549,214862416,0,0,110,11,11,0,54164,54164,0,0,54164,110,6.53,1.23
434,2026-05-17 00:59:48,3,q67,0,10,239,7403,7485,76529,72362,1044,1010,2,1040,0,1410,4653671,0,0,7413963152,28922607,222327196,0,0,11517622,187,187,0,863913021,863913021,0,0,863913021,11517622,10.34,7.4
435,2026-05-17 00:59:56,3,q67a,0,18,380,10706,36327,139142,128912,1314,1321,1,1341,0,5255,4653585,0,0,26406027704,28922607,222327196,0,0,55544740,1700,1700,0,4119857621,4119857621,0,0,900512141,13217996,13.0,10.71
436,2026-05-17 01:00:08,3,q68,0,13,329,1023,1929,7485,6127,1491,1411,1,84,0,104,15378570,0,0,479525608,29577809,391997773,0,0,6174,10,10,0,435242,435242,0,0,435242,6174,7.32,1.02
437,2026-05-17 01:00:10,3,q69,0,18,429,1047,1942,7432,6238,1674,1632,0,75,0,496,28817400,0,0,3798521704,53091830,80702678,0,0,1902033,101,101,0,9546588,9546588,0,0,9546588,1902033,7.1,1.05
438,2026-05-17 01:00:12,3,q70,0,14,289,1011,1136,6848,6193,1197,1215,0,70,0,44,232050,0,0,1082906264,57621211,271919453,0,0,209,22,22,0,10318,10318,0,0,10318,209,6.77,1.01
439,2026-05-17 01:00:14,3,q70a,0,17,294,924,1001,5540,5242,1144,1208,0,80,0,48,231362,0,0,883676640,57621211,271919453,0,0,240,47,47,0,14125,14125,0,0,8085,180,6.0,0.92
440,2026-05-17 01:00:16,3,q71,0,13,356,992,1055,8548,7339,1393,1478,1,120,0,323,421741,0,0,858487824,50563020,455709559,0,0,32225,31,31,0,1647107,1647107,0,0,994272,21118,8.62,0.99
441,2026-05-17 01:00:18,3,q72,0,26,673,18571,23238,221629,210241,2702,2660,1,1406,0,4396,6609887,0,0,19933730552,151146935,897878107,0,0,142246513,1121,1121,0,2047926161,2047926161,0,0,2047926161,142246513,11.93,18.57
442,2026-05-17 01:00:38,3,q73,0,14,306,824,1573,5472,4135,1460,1220,0,32,0,125,232050,0,0,286157368,29327808,80140308,0,0,1002732,16,16,0,33966985,33966985,0,0,17049220,502732,6.64,0.82
443,2026-05-17 01:00:40,3,q74,0,20,478,2458,5400,26197,18040,2359,1812,15,528,0,3188,15569619,0,0,13344509464,72541185,378519971,0,0,1762073,822,822,0,58787775,58787775,0,0,58787775,1762073,10.66,2.46
444,2026-05-17 01:00:44,3,q75,0,31,815,3147,8201,40543,31846,3552,3015,19,748,0,4598,318304,0,0,11789416304,105981828,1093848030,0,0,14156495,869,869,0,314433702,314433702,0,0,214592381,9118707,12.88,3.15
445,2026-05-17 01:00:48,3,q76,0,9,303,868,805,8149,5677,1217,1263,7,272,0,451,923844,0,0,2026220376,50507442,458851137,0,0,3183,22,22,0,266492,266492,0,0,266492,3183,9.39,0.87
446,2026-05-17 01:00:50,3,q77,0,23,553,1327,2420,9190,6636,3295,2178,0,214,0,145,232050,0,0,857308616,55459113,494022214,0,0,1350,37,37,0,94853,94853,0,0,94853,1350,6.93,1.33
447,2026-05-17 01:00:52,3,q77a,0,26,558,1230,2256,8080,6564,2826,2189,1,99,0,117,231404,0,0,1396276488,55459113,494022214,0,0,1814,48,48,0,150988,150988,0,0,109492,1484,6.57,1.23
448,2026-05-17 01:00:55,3,q78,0,18,496,6370,14294,89987,71056,2329,1848,0,2274,0,5772,6524712,0,0,19529868616,55458809,583703190,0,0,54207575,1003,1003,0,1578864490,1578864490,0,0,1578864490,54207575,14.13,6.37
449,2026-05-17 01:01:02,3,q79,0,12,279,981,1608,7393,5559,1460,1179,2,150,0,122,12830359,0,0,939014112,29327808,251084703,0,0,80366,22,22,0,2984678,2984678,0,0,2984678,80366,7.54,0.98
450,2026-05-17 01:01:04,3,q80,0,29,756,7191,22359,103458,82700,3376,2994,3,2453,0,5051,232737,0,0,14185165104,55573458,839053875,0,0,53052375,496,496,0,1571583782,1571583782,0,0,1571583782,53052375,14.39,7.19
451,2026-05-17 01:01:13,3,q80a,0,32,761,7028,20829,98916,86652,3596,3000,16,1485,0,4760,232050,0,0,14657024136,55573458,839053875,0,0,53053332,507,507,0,1571699394,1571699394,0,0,1571596644,53052306,14.07,7.03
452,2026-05-17 01:01:21,3,q81,0,17,370,1188,2227,4270,2538,1842,1485,0,129,0,159,2002949,0,0,2388196312,3899770,53967562,0,0,1302197,36,36,0,34334297,34334297,0,0,34334297,1302197,3.59,1.19
453,2026-05-17 01:01:23,3,q82,0,10,254,1543,2394,14085,11432,1448,982,29,400,0,431,232006,0,0,1650023680,162032505,837781656,0,0,13778665,194,194,0,136820298,136820298,0,0,136820298,28800829,9.13,1.54
454,2026-05-17 01:01:26,3,q83,0,17,404,881,1103,3228,1625,2059,1685,0,61,0,57,788267,0,0,1148526576,5358945,36394239,0,0,39989,4,4,0,560851,560851,0,0,560851,39989,3.66,0.88
455,2026-05-17 01:01:28,3,q84,0,15,353,775,1351,2241,1474,1255,1360,0,0,0,50,9765521,0,0,615806688,5555667,30907440,0,0,2778010,5,5,0,14580028,14580028,0,0,14580028,2778010,2.89,0.78
456,2026-05-17 01:01:30,3,q85,0,18,472,1399,4291,10158,8104,1825,1881,0,298,0,115,17038411,0,0,8635287000,12032233,132213374,0,0,915638,92,92,0,33263061,33263061,0,0,33263061,915638,7.26,1.4
457,2026-05-17 01:01:32,3,q86,0,8,172,525,517,2240,1758,655,706,0,0,0,30,1868212,0,0,571272816,7322091,62465748,0,0,816,5,5,0,54740,54740,0,0,54740,816,4.27,0.52
458,2026-05-17 01:01:34,3,q86a,0,11,177,548,519,1786,1536,793,739,0,0,0,43,1868212,0,0,1110240560,7322091,62465748,0,0,2122,18,18,0,157792,157792,0,0,66590,930,3.26,0.55
459,2026-05-17 01:01:35,3,q87,0,15,345,1610,2924,16367,13374,1268,1250,0,160,0,1126,12830144,0,0,7811615960,50921019,68898388,0,0,1694820,473,473,0,44539705,44539705,0,0,44539705,1694820,10.17,1.61
460,2026-05-17 01:01:38,3,q88,0,44,1046,1761,6097,18559,15919,3991,4095,0,240,0,18,232522,0,0,411962368,230611328,292765644,0,0,128,128,128,0,7407,7407,0,0,7407,128,10.54,1.76
461,2026-05-17 01:01:41,3,q89,0,10,224,848,975,5839,4803,906,946,0,192,0,150,232050,0,0,931981384,28922607,195121480,0,0,49694,22,22,0,2286319,2286319,0,0,2286319,49694,6.89,0.85
462,2026-05-17 01:01:43,3,q90,0,14,338,588,1123,3201,1905,1790,1437,0,44,0,22,232092,0,0,103596544,14447582,28364597,0,0,32,32,32,0,1816,1816,0,0,1816,32,5.44,0.59
463,2026-05-17 01:01:44,3,q91,0,17,391,862,2134,4342,2384,1957,1646,1,200,0,2,9581038,0,0,1093109944,4137922,31987399,0,0,45,3,3,0,6451,6451,0,0,4131,30,5.04,0.86
464,2026-05-17 01:01:46,3,q92,0,11,239,607,892,3526,2668,1309,967,14,18,0,76,708309,0,0,110994360,14522180,124234272,0,0,134565,9,9,0,1823000,1823000,0,0,1823000,134565,5.81,0.61
465,2026-05-17 01:01:48,3,q93,0,8,201,4110,5018,49850,44781,950,731,0,352,0,1477,232047,0,0,5766380072,31678193,266262597,0,0,31635854,221,221,0,754534757,754534757,0,0,754534757,31635854,12.13,4.11
466,2026-05-17 01:01:53,3,q94,0,14,367,1798,3292,16527,12785,1767,1418,2,262,0,477,2580110,0,0,3571011840,15390507,101345378,0,0,14397040,153,153,0,217756544,217756544,0,0,217756544,14397040,9.19,1.8
467,2026-05-17 01:01:56,3,q95,0,14,367,4278,5818,53221,36095,1938,1509,0,1758,0,418,2580967,0,0,14560086280,15390498,98384799,0,0,35990240,357,357,0,319481278,319481278,0,0,196651615,14395274,12.44,4.28
468,2026-05-17 01:02:02,3,q96,0,9,220,469,649,2970,2041,1230,933,0,0,0,2,232092,0,0,51097984,28827807,36655611,0,0,16,16,16,0,926,926,0,0,926,16,6.33,0.47
469,2026-05-17 01:02:03,3,q97,0,8,201,2051,2513,21264,16401,966,762,3,165,0,333,232050,0,0,6197962344,43220929,232052167,0,0,8377536,238,238,0,96885569,96885569,0,0,96885569,8377536,10.37,2.05
470,2026-05-17 01:02:06,3,q98,0,10,182,864,791,4262,3269,995,755,4,0,0,196,3361780,0,0,1648313712,28922504,251278047,0,0,105830,98,98,0,14419166,14419166,0,0,12449291,90666,4.93,0.86
471,2026-05-17 01:02:08,3,q99,0,11,271,921,1413,4791,3856,1621,1234,0,5,0,30,232049,0,0,138727912,14420484,41803089,0,0,2160,3,3,0,173652,173652,0,0,173652,2160,5.2,0.92
472,2026-05-17 01:02:10,4,q1,0,15,315,1008,1680,5147,3617,1503,1218,7,24,0,185,5100840,0,0,2302920440,6275371,63815498,0,0,1604137,54,54,0,24046275,24046275,0,0,24046275,1604137,5.11,1.01
473,2026-05-17 01:02:12,4,q2,0,14,290,1008,1206,7006,5802,1582,1256,9,0,0,76,755509,0,0,435904744,21713567,94047677,0,0,6856,38,38,0,353470,353470,0,0,127688,4204,6.95,1.01
474,2026-05-17 01:02:14,4,q3,0,7,171,525,534,3279,2544,928,725,0,0,0,103,232050,0,0,109445096,28975553,245100763,0,0,2988,10,10,0,205613,205613,0,0,205613,2988,6.25,0.52
475,2026-05-17 01:02:16,4,q4,0,28,565,7955,37886,118721,101363,2192,1892,1,1718,0,10080,1691203,0,0,39674206800,50941020,813958217,0,0,102286012,3435,3435,0,2536436278,2536436278,0,0,1273457817,51438627,14.92,7.96
476,2026-05-17 01:02:25,4,q5,0,22,684,2358,4793,24966,19844,3508,2797,0,463,0,541,318010,0,0,3279919856,62671045,554479361,0,0,7890157,124,124,0,109287703,109287703,0,0,109287703,7890157,10.59,2.36
477,2026-05-17 01:02:29,4,q5a,0,25,689,2027,4082,20851,19418,2961,2769,0,140,0,512,317451,0,0,3818887728,62671045,554479361,0,0,7891824,134,134,0,109437496,109437496,0,0,109304266,7890000,10.29,2.03
478,2026-05-17 01:02:32,4,q6,0,18,403,1784,2990,20370,17664,1761,1689,0,336,0,604,2121631,0,0,5099075256,29847557,158715508,0,0,27358702,206,206,0,240346192,240346192,0,0,240346192,27358702,11.42,1.78
479,2026-05-17 01:02:35,4,q7,0,12,284,1196,1523,9435,8266,1210,1191,0,144,0,113,788267,0,0,1025566688,30843815,431581172,0,0,71891,22,22,0,2547586,2547586,0,0,2547586,71891,7.89,1.2
480,2026-05-17 01:02:37,4,q8,0,16,333,997,1291,6106,5405,1347,1414,0,81,0,38,2373025,0,0,1514421792,29820609,140288119,0,0,6731,13,13,0,84411,84411,0,0,84411,6731,6.12,1.0
481,2026-05-17 01:02:39,4,q9,0,17,386,831,3250,9615,8084,1277,1416,0,168,0,11,232050,0,0,0,144002556,913584820,0,0,80,80,80,0,5816,5816,0,0,5816,80,11.57,0.83
482,2026-05-17 01:02:41,4,q10,0,18,429,1092,1988,7669,6464,1637,1649,2,72,0,469,29252468,0,0,3799575784,53091830,80834266,0,0,2400953,101,101,0,9669568,9669568,0,0,9669568,2400953,7.02,1.09
483,2026-05-17 01:02:43,4,q10a,0,15,428,1244,1992,7938,6429,1733,1670,0,180,0,573,29252898,0,0,4599051616,53091830,80834266,0,0,2368363,153,153,0,9643291,9643291,0,0,9643291,2368363,6.38,1.24
484,2026-05-17 01:02:45,4,q11,0,22,430,4180,13894,60361,53856,1370,1434,0,651,0,5547,1380159,0,0,26856842912,36540594,273441966,0,0,71770406,2006,2006,0,1051779270,1051779270,0,0,537179235,36215116,14.44,4.18
485,2026-05-17 01:02:51,4,q12,0,8,173,528,514,2003,1636,718,722,0,0,0,57,3286039,0,0,639059672,7322091,68823730,0,0,28994,10,10,0,3887756,3887756,0,0,3887756,28994,3.79,0.53
486,2026-05-17 01:02:52,4,q13,0,13,332,1308,1877,10345,8960,1349,1396,0,180,0,2,1311845,0,0,552967424,30998618,511026468,0,0,16,16,16,0,1138,1138,0,0,1138,16,7.91,1.31
487,2026-05-17 01:02:55,4,q14a,0,46,1055,7157,11302,64681,54646,4829,4192,7,2583,0,3100,1195253,0,0,10126713176,151671058,968348951,0,0,62602963,349,349,0,878508003,878508003,0,0,875395407,62516439,9.04,7.16
488,2026-05-17 01:03:04,4,q14b,0,40,997,4557,9182,50994,47327,4055,4004,0,609,0,2264,1195253,0,0,8726695408,130216643,768006622,0,0,68372216,313,313,0,1013614548,1013614548,0,0,529727868,40865009,11.19,4.56
489,2026-05-17 01:03:10,4,q14,0,40,994,4435,9041,47280,43582,4123,3983,1,670,0,2348,1169916,0,0,7872597704,130216643,768006622,0,0,68278767,278,278,0,1004774601,1004774601,0,0,520887921,40771560,10.66,4.43
490,2026-05-17 01:03:15,4,q15,0,9,227,848,1005,4751,4321,1027,926,0,90,0,9,5046346,0,0,788333904,15170429,58149761,0,0,502,1,1,0,18324,18324,0,0,18324,502,5.6,0.85
491,2026-05-17 01:03:17,4,q16,0,14,370,2203,3966,27117,23191,1367,1442,0,315,0,1079,232049,0,0,4703921456,30510786,216421384,0,0,30114572,306,306,0,422033262,422033262,0,0,422033262,30114572,12.31,2.2
492,2026-05-17 01:03:20,4,q17,0,17,439,4675,7757,58471,54376,2046,1731,0,266,0,2451,6980521,0,0,7880912176,46220667,348529818,0,0,45538041,633,633,0,1088684385,1088684385,0,0,1088684385,45538041,12.51,4.68
493,2026-05-17 01:03:26,4,q18,0,16,403,1446,2315,7670,6527,1567,1634,0,72,0,47,9765521,0,0,2661568088,19114050,308435192,0,0,56803,15,15,0,4021295,4021295,0,0,4021295,56803,5.3,1.45
494,2026-05-17 01:03:29,4,q18a,0,32,878,2958,7117,28432,24455,3964,3595,1,380,0,459,9765521,0,0,12347073984,77567758,1441088714,0,0,64753,41,41,0,4687048,4687048,0,0,4687048,64753,9.61,2.96
495,2026-05-17 01:03:33,4,q19,0,13,331,1236,1842,8142,7283,1312,1385,0,112,0,110,5046346,0,0,1426921720,29672609,280253464,0,0,7338,10,10,0,538502,538502,0,0,538502,7338,6.59,1.24
496,2026-05-17 01:03:35,4,q20,0,8,172,627,609,2845,2455,695,716,0,72,0,17,3286039,0,0,370624312,14522428,126863015,0,0,28486,2,2,0,3491832,3491832,0,0,3491832,28486,4.54,0.63
497,2026-05-17 01:03:37,4,q21,0,9,222,1171,1290,5561,4876,885,930,0,36,0,10,232050,0,0,193995600,133232014,713392285,0,0,31850,1,1,0,679321,679321,0,0,679321,31850,4.75,1.17
498,2026-05-17 01:03:39,4,q22,0,10,239,56842,56865,119737,118550,989,948,0,87,0,64,4653671,0,0,1677716768,133232017,713018751,0,0,612866,68,68,0,25860071,25860071,0,0,25860071,612866,2.11,56.84
499,2026-05-17 01:04:37,4,q22a,0,14,278,3135,3698,13421,11617,1067,1041,5,138,0,1166,4653671,0,0,7532702072,133232014,713029969,0,0,1173793,282,282,0,58356204,58356204,0,0,17414076,358209,4.28,3.14
500,2026-05-17 01:04:41,4,q23a,0,28,677,6036,11467,72449,67713,2476,2510,0,844,0,3110,6609801,0,0,12294688208,108664026,586531457,0,0,43875394,651,651,0,1114302891,1114302891,0,0,1084605277,41975235,12.0,6.04
501,2026-05-17 01:04:48,4,q23b,0,32,754,6435,12914,78663,72772,3204,2842,9,1262,0,3502,6609801,0,0,25270029344,109164027,591252040,0,0,48638194,1329,1329,0,1199152798,1199152798,0,0,1096972512,42437717,12.22,6.44
502,2026-05-17 01:04:56,4,q24,0,14,363,2464,4470,29031,24174,1657,1430,3,575,0,1180,20739783,0,0,7068696000,32530241,313289460,0,0,29735885,204,204,0,677934954,677934954,0,0,677934954,29735885,11.78,2.46
503,2026-05-17 01:05:00,4,q24a,0,20,436,3631,5292,42413,39724,1765,1720,2,168,0,1381,18178004,0,0,16497845272,32632242,311241453,0,0,59478907,440,440,0,1356813606,1356813606,0,0,678878652,29743022,11.68,3.63
504,2026-05-17 01:05:04,4,q24b,0,20,436,2919,4056,29880,29475,1657,1701,2,153,0,1635,18177789,0,0,15891776752,32632242,311241453,0,0,59478765,428,428,0,1356789838,1356789838,0,0,678854884,29742880,10.24,2.92
505,2026-05-17 01:05:08,4,q25,0,17,439,4546,7681,57160,55042,1755,1712,0,308,0,2534,6980521,0,0,7880887560,46220667,489792216,0,0,45538038,630,630,0,1108314399,1108314399,0,0,1108314399,45538038,12.57,4.55
506,2026-05-17 01:05:14,4,q26,0,11,282,827,1134,4417,3697,1147,1195,0,0,0,32,788267,0,0,488171680,16443739,228883664,0,0,34144,3,3,0,1157101,1157101,0,0,1157101,34144,5.34,0.83
507,2026-05-17 01:05:16,4,q27,0,12,284,855,1202,5981,5616,1242,1193,0,72,0,124,788267,0,0,1026039776,30843417,405671205,0,0,58862,22,22,0,2215582,2215582,0,0,2215582,58862,7.0,0.86
508,2026-05-17 01:05:18,4,q27a,0,20,521,2039,4608,23010,19590,2632,2161,5,582,0,359,788267,0,0,1459118536,88546525,1198643418,0,0,60727,39,39,0,2447957,2447957,0,0,2447957,60727,11.28,2.04
509,2026-05-17 01:05:21,4,q28,0,24,408,2028,4636,24950,17548,2447,1612,0,956,0,2925,232050,0,0,4455922128,172803012,1402362570,0,0,468289,66,66,0,7661152,7661152,0,0,7661152,468289,12.3,2.03
510,2026-05-17 01:05:24,4,q29,0,19,490,5006,9231,63401,56383,2508,1991,5,975,0,3533,6980564,0,0,7880995000,46240668,349003993,0,0,45538045,635,635,0,1088685160,1088685160,0,0,1088685160,45538045,12.67,5.01
511,2026-05-17 01:05:30,4,q30,0,17,356,817,1824,2780,1877,1411,1441,0,18,0,122,2002992,0,0,1060281576,2460554,45638772,0,0,755089,7,7,0,59269674,59269674,0,0,59269674,755089,3.4,0.82
512,2026-05-17 01:05:32,4,q31,0,29,610,1743,4153,17926,15103,2799,2416,0,224,0,1449,3851818,0,0,3474178008,108311777,551777958,0,0,73801,45,45,0,2494143,2494143,0,0,2413714,71955,10.28,1.74
513,2026-05-17 01:05:35,4,q32,0,11,239,557,869,4503,3606,1091,967,0,126,0,39,707099,0,0,110945208,28922854,240028290,0,0,55420,10,10,0,761491,761491,0,0,761491,55420,8.08,0.56
514,2026-05-17 01:05:36,4,q33,0,16,411,1185,1742,8537,6503,1851,1669,0,120,0,410,895616,0,0,1075511576,50875021,469425630,0,0,17021,18,18,0,449731,449731,0,0,449731,17021,7.2,1.18
515,2026-05-17 01:05:39,4,q34,0,14,306,892,1525,6363,5679,1263,1197,0,96,0,169,232522,0,0,287388216,29327808,80140308,0,0,1010675,16,16,0,34202234,34202234,0,0,17284469,510675,7.13,0.89
516,2026-05-17 01:05:41,4,q35,0,17,434,1237,2262,10490,9067,1679,1655,2,192,0,803,24091841,0,0,8150415128,53091830,80626384,0,0,6056644,255,255,0,16018414,16018414,0,0,16018414,6056644,8.48,1.24
517,2026-05-17 01:05:43,4,q35a,0,16,434,1070,1658,7520,7129,1689,1699,0,144,0,503,24091841,0,0,7361886264,53091830,80626384,0,0,6053558,255,255,0,16031209,16031209,0,0,16031209,6053558,7.03,1.07
518,2026-05-17 01:05:45,4,q36,0,10,223,794,941,5698,5112,914,945,0,0,0,75,1868212,0,0,990715872,28922607,366557283,0,0,1767,11,11,0,138575,138575,0,0,138575,1767,7.18,0.79
519,2026-05-17 01:05:47,4,q36a,0,13,228,823,922,5123,5015,924,959,0,0,0,85,1868126,0,0,1529683744,28922607,366557283,0,0,4792,36,36,0,397014,397014,0,0,147166,1820,6.22,0.82
520,2026-05-17 01:05:49,4,q37,0,10,254,1155,1695,8348,7209,922,974,0,195,0,300,232006,0,0,878263696,147632429,779683064,0,0,4316414,146,146,0,64592408,64592408,0,0,64592408,14400617,7.23,1.16
521,2026-05-17 01:05:51,4,q38,0,15,345,1765,3344,18560,15824,1295,1261,0,0,0,829,12830230,0,0,7811615960,50921019,68898388,0,0,1694820,473,473,0,44539705,44539705,0,0,44539705,1694820,10.52,1.76
522,2026-05-17 01:05:54,4,q39a,0,18,364,2033,3889,15734,14105,1495,1480,0,184,0,701,806002,0,0,2003277096,266362016,1424063585,0,0,1129925,56,56,0,27117544,27117544,0,0,26113005,1093917,7.74,2.03
523,2026-05-17 01:05:57,4,q39b,0,17,373,2003,3713,14084,13642,1896,1523,0,162,0,345,802215,0,0,2850526240,266362016,1424063585,0,0,1566117,55,55,0,37296349,37296349,0,0,24991446,1056117,7.03,2.0
524,2026-05-17 01:06:00,4,q40,0,12,305,1763,2973,18860,15932,1650,1272,0,98,0,1121,232092,0,0,4141621464,15962322,133296408,0,0,15748014,170,170,0,309224449,309224449,0,0,309224449,15748014,10.7,1.76
525,2026-05-17 01:06:03,4,q41,0,6,108,365,293,1984,280,506,522,0,0,0,7,232006,0,0,270538656,204002,2005296,0,0,140,2,2,0,9680,9680,0,0,9680,140,5.44,0.36
526,2026-05-17 01:06:05,4,q42,0,7,171,474,490,3477,3036,684,718,0,0,0,23,232050,0,0,777260536,28922504,244719436,0,0,110,10,10,0,9119,9119,0,0,9119,110,7.34,0.47
527,2026-05-17 01:06:06,4,q43,0,7,169,632,670,4874,4451,739,712,0,90,0,28,232050,0,0,105177960,28820606,77101130,0,0,210,10,10,0,27003,27003,0,0,27003,210,7.71,0.63
528,2026-05-17 01:06:08,4,q44,0,11,196,657,704,4331,3323,704,736,0,112,0,168,1673996,0,0,1319036296,57703005,386731469,0,0,792642,98,98,0,10026252,10026252,0,0,5014246,396370,6.59,0.66
529,2026-05-17 01:06:10,4,q45,0,13,333,734,1309,3005,2441,1307,1385,0,0,0,8,5046346,0,0,2009365456,8092094,58889378,0,0,29,4,4,0,2649,2649,0,0,2649,29,4.09,0.73
530,2026-05-17 01:06:11,4,q46,0,13,329,1028,1911,6842,6006,1903,1427,1,192,0,118,15378570,0,0,748821896,29577809,254617816,0,0,27956,10,10,0,1370335,1370335,0,0,1370335,27956,6.66,1.03
531,2026-05-17 01:06:13,4,q47,0,15,283,1784,2696,18122,14819,1129,1040,0,96,0,2180,2319872,0,0,6611285912,28922607,194842734,0,0,2654649,787,787,0,104923859,104923859,0,0,61537809,1555424,10.16,1.78
532,2026-05-17 01:06:16,4,q48,0,11,281,1411,1762,10985,9866,1242,1207,0,314,0,2,1332068,0,0,535376128,30991417,272302318,0,0,16,16,16,0,932,932,0,0,932,16,7.79,1.41
533,2026-05-17 01:06:19,4,q49,0,25,502,1658,3961,18378,15642,2018,1848,0,564,0,1754,239758,0,0,4980877224,55458809,786699359,0,0,15195841,48,48,0,337670533,337670533,0,0,337670533,15195841,11.08,1.66
534,2026-05-17 01:06:22,4,q50,0,12,303,2116,3295,23149,21839,1212,1217,0,80,0,1187,372381,0,0,4687124776,31771289,218061805,0,0,29262054,221,221,0,629482996,629482996,0,0,629482996,29262054,10.94,2.12
535,2026-05-17 01:06:25,4,q51,0,13,285,2948,4213,38466,33901,899,896,17,726,0,3654,300713,0,0,9962086816,36020592,232506462,0,0,24412982,1679,1679,0,420434145,420434145,0,0,420434145,24412982,13.05,2.95
536,2026-05-17 01:06:29,4,q51a,0,17,351,20329,23818,265783,248102,991,1060,0,2675,0,4676,460428,0,0,26917555224,36020592,232506462,0,0,47528628,2587,2587,0,789344338,789344338,0,0,575961895,36066662,13.07,20.33
537,2026-05-17 01:06:50,4,q52,0,7,171,535,544,4004,3152,700,711,0,134,0,123,232694,0,0,777260536,28922504,244916044,0,0,4234,10,10,0,266465,266465,0,0,266465,4234,7.48,0.54
538,2026-05-17 01:06:52,4,q53,0,10,223,764,943,4966,3791,1250,977,0,80,0,136,232050,0,0,193391056,28922607,195396646,0,0,31292,11,11,0,659777,659777,0,0,659777,31292,6.5,0.76
539,2026-05-17 01:06:54,4,q54,0,26,636,1674,4488,19070,17380,2679,2687,0,288,0,850,5046346,0,0,2599766336,51386176,275360731,0,0,26873206,179,179,0,252841478,252841478,0,0,252841478,26873206,11.39,1.67
540,2026-05-17 01:06:56,4,q55,0,7,171,500,521,3538,3246,665,704,0,0,0,96,232006,0,0,777260536,28922504,244916044,0,0,3449,10,10,0,212147,212147,0,0,212147,3449,7.08,0.5
541,2026-05-17 01:06:58,4,q56,0,16,411,901,1427,6690,5517,1621,1664,0,112,0,262,466522,0,0,1163589240,50875021,470020066,0,0,10861,18,18,0,393218,393218,0,0,393218,10861,7.43,0.9
542,2026-05-17 01:07:00,4,q57,0,15,264,1707,2527,13545,11134,1019,1049,0,80,0,947,2319872,0,0,5327819360,14522453,95546612,0,0,1160477,378,378,0,45103411,45103411,0,0,33376650,851478,7.93,1.71
543,2026-05-17 01:07:03,4,q58,0,17,408,1262,1979,9295,8337,1691,1677,0,0,0,339,788267,0,0,1989522544,50669119,427992581,0,0,246082,25,25,0,3668153,3668153,0,0,3668153,246082,7.37,1.26
544,2026-05-17 01:07:05,4,q59,0,16,335,1212,2043,7965,7060,1381,1455,0,99,0,332,755509,0,0,1653007480,28913760,77812197,0,0,304444,132,132,0,12804419,12804419,0,0,6649494,170837,6.57,1.21
545,2026-05-17 01:07:07,4,q60,0,16,411,1079,1724,7633,6514,1660,1676,0,48,0,424,466522,0,0,1712740176,50875021,469955046,0,0,78327,19,19,0,1553349,1553349,0,0,1553349,78327,7.07,1.08
546,2026-05-17 01:07:10,4,q61,0,18,449,1143,2460,10039,8398,1960,1881,0,130,0,4,5046346,0,0,997398400,58473612,586756791,0,0,32,32,32,0,1864,1864,0,0,1864,32,8.78,1.14
547,2026-05-17 01:07:12,4,q62,0,11,271,576,879,2655,2036,1100,1156,0,0,0,38,232049,0,0,138730216,7220165,28281087,0,0,1680,4,4,0,144524,144524,0,0,144524,1680,4.61,0.58
548,2026-05-17 01:07:13,4,q63,0,10,223,669,867,4483,3590,1152,982,0,0,0,142,232050,0,0,193325520,28922607,195400742,0,0,12893,11,11,0,338212,338212,0,0,338212,12893,6.7,0.67
549,2026-05-17 01:07:15,4,q64,0,38,921,7548,19028,98575,88452,4078,3681,2,1502,0,4329,13606779,0,0,35316849912,50412135,677767795,0,0,52026303,1839,1839,0,1951324540,1951324540,0,0,1805119561,48487731,13.06,7.55
550,2026-05-17 01:07:24,4,q65,0,15,340,1872,3362,23730,19429,1697,1299,4,554,0,1492,9209889,0,0,6088916240,57723109,392887053,0,0,11864589,391,391,0,390790175,390790175,0,0,390790175,11864589,12.68,1.87
551,2026-05-17 01:07:27,4,q66,0,14,339,1193,1875,7655,6239,1425,1443,0,168,0,28,232049,0,0,1090912176,21660549,214862416,0,0,110,11,11,0,54164,54164,0,0,54164,110,6.42,1.19
552,2026-05-17 01:07:29,4,q67,0,10,239,7284,7379,74581,72711,954,995,0,820,0,1394,4653671,0,0,7413963152,28922607,222327196,0,0,11517622,187,187,0,863913021,863913021,0,0,863913021,11517622,10.24,7.28
553,2026-05-17 01:07:38,4,q67a,0,18,380,10498,36065,137435,128784,1218,1305,0,988,0,5688,4653585,0,0,26406027704,28922607,222327196,0,0,55544740,1700,1700,0,4119857621,4119857621,0,0,900512141,13217996,13.09,10.5
554,2026-05-17 01:07:49,4,q68,0,13,329,1101,1927,7536,6219,1514,1381,1,187,0,111,15378613,0,0,479525608,29577809,391997773,0,0,6174,10,10,0,435242,435242,0,0,435242,6174,6.84,1.1
555,2026-05-17 01:07:52,4,q69,0,18,429,1123,2172,7877,6681,1907,1641,17,72,0,480,28817400,0,0,3798521704,53091830,80702678,0,0,1902033,101,101,0,9546588,9546588,0,0,9546588,1902033,7.01,1.12
556,2026-05-17 01:07:54,4,q70,0,14,289,1013,1122,6836,6286,1163,1213,0,0,0,42,232050,0,0,1082906264,57621211,271919453,0,0,209,22,22,0,10318,10318,0,0,10318,209,6.75,1.01
557,2026-05-17 01:07:56,4,q70a,0,17,294,991,1059,6399,5318,1161,1223,0,81,0,665,231362,0,0,883676640,57621211,271919453,0,0,240,47,47,0,14125,14125,0,0,8085,180,6.46,0.99
558,2026-05-17 01:07:58,4,q71,0,13,356,1086,1131,9529,8053,1448,1487,1,154,0,313,421741,0,0,858487824,50563020,455709559,0,0,32225,31,31,0,1647107,1647107,0,0,994272,21118,8.77,1.09
559,2026-05-17 01:08:00,4,q72,0,26,673,18700,23897,221363,209311,2725,2683,9,1644,0,4792,6609844,0,0,19933730552,151146935,897878107,0,0,142246513,1121,1121,0,2047926161,2047926161,0,0,2047926161,142246513,11.84,18.7
560,2026-05-17 01:08:20,4,q73,0,14,306,827,1619,5474,3986,1568,1221,0,56,0,130,232050,0,0,286157368,29327808,80140308,0,0,1002732,16,16,0,33966985,33966985,0,0,17049220,502732,6.62,0.83
561,2026-05-17 01:08:22,4,q74,0,20,478,2371,5178,24457,17827,2444,1823,3,373,0,2358,15569619,0,0,13344509464,72541185,378519971,0,0,1762073,822,822,0,58787775,58787775,0,0,58787775,1762073,10.32,2.37
562,2026-05-17 01:08:25,4,q75,0,31,815,3196,8285,40832,33058,3676,3081,12,484,0,3940,317616,0,0,11789416304,105981828,1093848030,0,0,14156495,869,869,0,314433702,314433702,0,0,214592381,9118707,12.78,3.2
563,2026-05-17 01:08:30,4,q76,0,9,303,992,940,10824,9472,1172,1243,0,0,0,249,923844,0,0,2026220376,50507442,458851137,0,0,3183,22,22,0,266492,266492,0,0,266492,3183,10.91,0.99
564,2026-05-17 01:08:32,4,q77,0,23,553,1111,2126,8114,6791,2248,2142,6,66,0,163,232050,0,0,857308616,55459113,494022214,0,0,1350,37,37,0,94853,94853,0,0,94853,1350,7.3,1.11
565,2026-05-17 01:08:34,4,q77a,0,26,558,1050,1892,6973,6305,2202,2149,0,112,0,120,231362,0,0,1396276488,55459113,494022214,0,0,1814,48,48,0,150988,150988,0,0,109492,1484,6.64,1.05
566,2026-05-17 01:08:36,4,q78,0,18,496,6056,13400,85950,70486,2118,1841,0,1690,0,4243,6524712,0,0,19529868616,55458809,583703190,0,0,54207575,1003,1003,0,1578864490,1578864490,0,0,1578864490,54207575,14.19,6.06
567,2026-05-17 01:08:43,4,q79,0,12,279,865,1355,6417,5702,1108,1169,1,0,0,124,12830316,0,0,939014112,29327808,251084703,0,0,80366,22,22,0,2984678,2984678,0,0,2984678,80366,7.42,0.86
568,2026-05-17 01:08:45,4,q80,0,29,756,7160,21427,102627,86140,3860,3022,2,2211,0,5459,232050,0,0,14185165104,55573458,839053875,0,0,53052375,496,496,0,1571583782,1571583782,0,0,1571583782,53052375,14.33,7.16
569,2026-05-17 01:08:54,4,q80a,0,32,761,6521,19628,91088,86821,3733,3008,1,676,0,3931,232050,0,0,14657024136,55573458,839053875,0,0,53053332,507,507,0,1571699394,1571699394,0,0,1571596644,53052306,13.97,6.52
570,2026-05-17 01:09:01,4,q81,0,19,372,896,1784,3344,2386,1402,1476,0,0,0,140,2002949,0,0,2043548752,3899770,53967562,0,0,1370028,23,23,0,35155527,35155527,0,0,35155527,1370028,3.73,0.9
571,2026-05-17 01:09:03,4,q82,0,10,254,1527,2335,14084,11606,1200,958,0,333,0,441,232050,0,0,1650023680,162032505,837781656,0,0,13778665,194,194,0,136820298,136820298,0,0,136820298,28800829,9.22,1.53
572,2026-05-17 01:09:06,4,q83,0,17,404,797,988,2908,1558,1710,1643,9,108,0,64,788267,0,0,1148002288,5358945,36394239,0,0,39989,4,4,0,560851,560851,0,0,560851,39989,3.65,0.8
573,2026-05-17 01:09:08,4,q84,0,15,353,928,1378,2139,1274,1290,1365,0,25,0,52,9765521,0,0,615806688,5555667,30907440,0,0,2778010,5,5,0,14580028,14580028,0,0,14580028,2778010,2.3,0.93
574,2026-05-17 01:09:10,4,q85,0,18,472,1350,3967,9346,7463,1765,1877,0,52,0,117,17038024,0,0,8635287000,12032233,132213374,0,0,915638,92,92,0,33263061,33263061,0,0,33263061,915638,6.92,1.35
575,2026-05-17 01:09:12,4,q86,0,8,172,509,502,2035,1729,685,709,0,0,0,30,1868212,0,0,571272816,7322091,62465748,0,0,816,5,5,0,54740,54740,0,0,54740,816,4.0,0.51
576,2026-05-17 01:09:14,4,q86a,0,11,177,504,482,1921,1507,691,719,0,0,0,42,1868126,0,0,1110240560,7322091,62465748,0,0,2122,18,18,0,157792,157792,0,0,66590,930,3.81,0.5
577,2026-05-17 01:09:15,4,q87,0,15,345,1647,2889,16089,12955,1262,1248,0,0,0,1426,12830144,0,0,7811615960,50921019,68898388,0,0,1694820,473,473,0,44539705,44539705,0,0,44539705,1694820,9.77,1.65
578,2026-05-17 01:09:18,4,q88,0,44,1046,1890,6969,20551,16435,4324,4125,0,374,0,16,232050,0,0,411962368,230611328,292765644,0,0,128,128,128,0,7407,7407,0,0,7407,128,10.87,1.89
579,2026-05-17 01:09:21,4,q89,0,10,224,848,975,5928,4807,930,936,9,135,0,150,232050,0,0,931981384,28922607,195121480,0,0,49694,22,22,0,2286319,2286319,0,0,2286319,49694,6.99,0.85
580,2026-05-17 01:09:23,4,q90,0,14,338,437,887,2525,1845,1283,1377,0,0,0,4,232049,0,0,103596544,14447582,28364597,0,0,32,32,32,0,1816,1816,0,0,1816,32,5.78,0.44
581,2026-05-17 01:09:24,4,q91,0,17,391,651,1627,3101,1944,1515,1611,0,128,0,2,9580995,0,0,1093109944,4137922,31987399,0,0,45,3,3,0,6451,6451,0,0,4131,30,4.76,0.65
582,2026-05-17 01:09:26,4,q92,0,11,239,451,681,2802,2395,921,950,0,0,0,69,708309,0,0,110994360,14522180,124234272,0,0,134565,9,9,0,1823000,1823000,0,0,1823000,134565,6.21,0.45
583,2026-05-17 01:09:28,4,q93,0,8,201,3734,4563,43429,41747,685,724,0,304,0,1636,232090,0,0,5766380072,31678193,266262597,0,0,31635854,221,221,0,754534757,754534757,0,0,754534757,31635854,11.63,3.73
584,2026-05-17 01:09:33,4,q94,0,14,367,1758,3030,17777,16416,1420,1379,0,128,0,385,2580153,0,0,3571011840,15390507,101345378,0,0,14397040,153,153,0,217756544,217756544,0,0,217756544,14397040,10.11,1.76
585,2026-05-17 01:09:35,4,q95,0,14,367,3926,5299,50594,39683,1519,1450,0,1739,0,361,2580881,0,0,14560086280,15390498,98384799,0,0,35990240,357,357,0,319481278,319481278,0,0,196651615,14395274,12.89,3.93
586,2026-05-17 01:09:40,4,q96,0,9,220,467,625,2847,2052,1175,938,14,0,0,3,232050,0,0,51097984,28827807,36655611,0,0,16,16,16,0,926,926,0,0,926,16,6.1,0.47
587,2026-05-17 01:09:42,4,q97,0,8,201,2168,2703,22543,18904,953,773,0,256,0,357,232050,0,0,6197962344,43220929,232052167,0,0,8377536,238,238,0,96885569,96885569,0,0,96885569,8377536,10.4,2.17
588,2026-05-17 01:09:45,4,q98,0,10,182,828,751,4197,3396,702,739,3,110,0,218,3361780,0,0,1648313712,28922504,251278047,0,0,105830,98,98,0,14419166,14419166,0,0,12449291,90666,5.07,0.83
589,2026-05-17 01:09:47,4,q99,0,11,271,864,1289,4416,3530,1487,1187,0,0,0,30,232049,0,0,138727912,14420484,41803089,0,0,2160,3,3,0,173652,173652,0,0,173652,2160,5.11,0.86
590,2026-05-17 01:09:49,5,q1,0,15,315,853,1433,4514,3405,1330,1217,0,24,0,149,5100883,0,0,2302920440,6275371,63815498,0,0,1604137,54,54,0,24046275,24046275,0,0,24046275,1604137,5.29,0.85
591,2026-05-17 01:09:51,5,q2,0,14,290,818,957,5670,5249,1161,1210,0,60,0,66,755509,0,0,435904744,21713567,94047677,0,0,6856,38,38,0,353470,353470,0,0,127688,4204,6.93,0.82
592,2026-05-17 01:09:53,5,q3,0,7,171,423,426,2812,2324,680,709,0,0,0,97,232050,0,0,109445096,28975553,245100763,0,0,2988,10,10,0,205613,205613,0,0,205613,2988,6.65,0.42
593,2026-05-17 01:09:54,5,q4,0,28,565,8137,39027,121497,96480,1878,1879,20,2625,0,11239,1691203,0,0,39674206800,50941020,813958217,0,0,102286012,3435,3435,0,2536436278,2536436278,0,0,1273457817,51438627,14.93,8.14
594,2026-05-17 01:10:04,5,q5,0,22,684,2369,4808,25912,20284,3412,2813,0,489,0,511,318139,0,0,3279919856,62671045,554479361,0,0,7890157,124,124,0,109287703,109287703,0,0,109287703,7890157,10.94,2.37
595,2026-05-17 01:10:07,5,q5a,0,25,689,2019,4049,20240,18693,3053,2740,16,117,0,514,317451,0,0,3818887728,62671045,554479361,0,0,7891824,134,134,0,109437496,109437496,0,0,109304266,7890000,10.02,2.02
596,2026-05-17 01:10:10,5,q6,0,18,403,1771,3180,20983,17190,1988,1668,0,268,0,735,2121674,0,0,5099075256,29847557,158715508,0,0,27358702,206,206,0,240346192,240346192,0,0,240346192,27358702,11.85,1.77
597,2026-05-17 01:10:13,5,q7,0,12,284,1264,1721,10117,8957,1481,1196,0,0,0,119,788267,0,0,1025566688,30843815,431581172,0,0,71891,22,22,0,2547586,2547586,0,0,2547586,71891,8.0,1.26
598,2026-05-17 01:10:15,5,q8,0,16,333,1016,1336,6265,5464,1368,1407,0,112,0,38,2373025,0,0,1514421792,29820609,140288119,0,0,6731,13,13,0,84411,84411,0,0,84411,6731,6.17,1.02
599,2026-05-17 01:10:18,5,q9,0,17,386,827,3256,9367,7707,1309,1413,0,208,0,22,232050,0,0,0,144002556,913584820,0,0,80,80,80,0,5816,5816,0,0,5816,80,11.33,0.83
600,2026-05-17 01:10:19,5,q10,0,18,429,1132,2275,8502,7297,1714,1631,2,208,0,326,29252683,0,0,3799575784,53091830,80834266,0,0,2400953,101,101,0,9669568,9669568,0,0,9669568,2400953,7.51,1.13
601,2026-05-17 01:10:22,5,q10a,0,15,428,1033,1514,6359,5829,1744,1666,3,0,0,443,29252597,0,0,4599051616,53091830,80834266,0,0,2368363,153,153,0,9643291,9643291,0,0,9643291,2368363,6.16,1.03
602,2026-05-17 01:10:24,5,q11,0,22,430,4148,13522,59998,53767,1382,1415,0,915,0,4994,1380159,0,0,26856842912,36540594,273441966,0,0,71770406,2006,2006,0,1051779270,1051779270,0,0,537179235,36215116,14.46,4.15
603,2026-05-17 01:10:29,5,q12,0,8,173,570,554,2120,1765,690,713,0,0,0,54,3286039,0,0,639059672,7322091,68823730,0,0,28994,10,10,0,3887756,3887756,0,0,3887756,28994,3.72,0.57
604,2026-05-17 01:10:31,5,q13,0,13,332,1333,1937,10657,9205,1471,1379,0,90,0,2,1311501,0,0,552967424,30998618,511026468,0,0,16,16,16,0,1138,1138,0,0,1138,16,7.99,1.33
605,2026-05-17 01:10:33,5,q14a,0,46,1055,6669,10837,61622,55706,4497,4064,24,1082,0,3603,1195253,0,0,10126713176,151671058,968348951,0,0,62602963,349,349,0,878508003,878508003,0,0,875395407,62516439,9.24,6.67
606,2026-05-17 01:10:42,5,q14b,0,40,997,4600,8654,51432,47938,3821,3921,0,524,0,2414,1195253,0,0,8726695408,130216643,768006622,0,0,68372216,313,313,0,1013614548,1013614548,0,0,529727868,40865009,11.18,4.6
607,2026-05-17 01:10:48,5,q14,0,40,994,4201,8508,44613,42412,3906,3976,0,304,0,2156,1169916,0,0,7872597704,130216643,768006622,0,0,68278767,278,278,0,1004774601,1004774601,0,0,520887921,40771560,10.62,4.2
608,2026-05-17 01:10:53,5,q15,0,9,227,958,1086,5492,5087,891,939,0,0,0,10,5046346,0,0,788333904,15170429,58149761,0,0,502,1,1,0,18324,18324,0,0,18324,502,5.73,0.96
609,2026-05-17 01:10:55,5,q16,0,14,370,2085,3831,26226,22772,1426,1442,0,272,0,1078,232049,0,0,4703921456,30510786,216421384,0,0,30114572,306,306,0,422033262,422033262,0,0,422033262,30114572,12.58,2.08
610,2026-05-17 01:10:58,5,q17,0,17,439,4473,7563,56632,53858,1773,1716,31,864,0,2669,6980521,0,0,7880912176,46220667,348529818,0,0,45538041,633,633,0,1088684385,1088684385,0,0,1088684385,45538041,12.66,4.47
611,2026-05-17 01:11:04,5,q18,0,16,403,1561,2370,8372,7236,1545,1616,0,186,0,55,9765951,0,0,2661568088,19114050,308435192,0,0,56803,15,15,0,4021295,4021295,0,0,4021295,56803,5.36,1.56
612,2026-05-17 01:11:06,5,q18a,0,32,878,2931,7685,28770,26405,3799,3577,0,375,0,389,9765564,0,0,12347073984,77567758,1441088714,0,0,64753,41,41,0,4687048,4687048,0,0,4687048,64753,9.82,2.93
613,2026-05-17 01:11:10,5,q19,0,13,331,1014,1604,7274,6468,1344,1417,0,0,0,115,5046346,0,0,1426921720,29672609,280253464,0,0,7338,10,10,0,538502,538502,0,0,538502,7338,7.17,1.01
614,2026-05-17 01:11:13,5,q20,0,8,172,554,536,2410,1946,696,724,0,0,0,18,3286039,0,0,370624312,14522428,126863015,0,0,28486,2,2,0,3491832,3491832,0,0,3491832,28486,4.35,0.55
615,2026-05-17 01:11:14,5,q21,0,9,222,1097,1220,5115,4598,894,915,0,0,0,10,232050,0,0,193995600,133232014,713392285,0,0,31850,1,1,0,679321,679321,0,0,679321,31850,4.66,1.1
616,2026-05-17 01:11:16,5,q22,0,10,239,58247,58340,122842,121702,974,938,0,188,0,64,4653671,0,0,1677716768,133232017,713018751,0,0,612866,68,68,0,25860071,25860071,0,0,25860071,612866,2.11,58.25
617,2026-05-17 01:12:16,5,q22a,0,14,278,2980,3577,12705,11053,1011,1055,0,29,0,1302,4653671,0,0,7532702072,133232014,713029969,0,0,1173793,282,282,0,58356204,58356204,0,0,17414076,358209,4.26,2.98
618,2026-05-17 01:12:20,5,q23a,0,28,677,5824,11287,70860,67396,2541,2502,10,835,0,2948,6609758,0,0,12294688208,108664026,586531457,0,0,43875394,651,651,0,1114302891,1114302891,0,0,1084605277,41975235,12.17,5.82
619,2026-05-17 01:12:27,5,q23b,0,32,754,6221,12228,76228,72069,2886,2832,11,996,0,3428,6609801,0,0,25270029344,109164027,591252040,0,0,48638194,1329,1329,0,1199152798,1199152798,0,0,1096972512,42437717,12.25,6.22
620,2026-05-17 01:12:34,5,q24,0,14,363,2539,4105,28832,26800,1443,1413,3,320,0,1127,20739783,0,0,7068696000,32530241,313289460,0,0,29735885,204,204,0,677934954,677934954,0,0,677934954,29735885,11.36,2.54
621,2026-05-17 01:12:38,5,q24a,0,20,436,3650,5234,41508,39543,1695,1702,12,256,0,1528,18177703,0,0,16497845272,32632242,311241453,0,0,59478907,440,440,0,1356813606,1356813606,0,0,678878652,29743022,11.37,3.65
622,2026-05-17 01:12:42,5,q24b,0,20,436,2860,4180,29240,28856,1654,1708,3,128,0,1413,18177746,0,0,15891776752,32632242,311241453,0,0,59478765,428,428,0,1356789838,1356789838,0,0,678854884,29742880,10.22,2.86
623,2026-05-17 01:12:46,5,q25,0,17,439,4527,7729,58176,55463,1755,1733,0,448,0,2798,6980521,0,0,7880887560,46220667,489792216,0,0,45538038,630,630,0,1108314399,1108314399,0,0,1108314399,45538038,12.85,4.53
624,2026-05-17 01:12:52,5,q26,0,11,282,1029,1330,6806,6154,1140,1182,0,0,0,35,788267,0,0,488171680,16443739,228883664,0,0,34144,3,3,0,1157101,1157101,0,0,1157101,34144,6.61,1.03
625,2026-05-17 01:12:54,5,q27,0,12,284,994,1300,7406,6936,1147,1197,0,150,0,127,788267,0,0,1026039776,30843417,405671205,0,0,58862,22,22,0,2215582,2215582,0,0,2215582,58862,7.45,0.99
626,2026-05-17 01:12:56,5,q27a,0,20,521,1926,4077,20410,19064,2093,2145,0,320,0,335,788267,0,0,1459118536,88546525,1198643418,0,0,60727,39,39,0,2447957,2447957,0,0,2447957,60727,10.6,1.93
627,2026-05-17 01:12:59,5,q28,0,24,408,1620,3797,20651,16853,1737,1551,3,384,0,2106,232050,0,0,4455922128,172803012,1402362570,0,0,468289,66,66,0,7661152,7661152,0,0,7661152,468289,12.75,1.62
628,2026-05-17 01:13:02,5,q29,0,19,490,4540,7970,56724,54724,1897,1965,4,189,0,2440,6980564,0,0,7880995000,46240668,349003993,0,0,45538045,635,635,0,1088685160,1088685160,0,0,1088685160,45538045,12.49,4.54
629,2026-05-17 01:13:07,5,q30,0,17,356,787,1782,2708,1853,1391,1433,0,0,0,112,2002949,0,0,1060281576,2460554,45638772,0,0,755089,7,7,0,59269674,59269674,0,0,59269674,755089,3.44,0.79
630,2026-05-17 01:13:09,5,q31,0,30,611,1800,4187,18565,15110,2569,2367,0,240,0,1891,3851818,0,0,3339829256,108311777,551777958,0,0,73747,46,46,0,2575383,2575383,0,0,2508868,72848,10.31,1.8
631,2026-05-17 01:13:12,5,q32,0,11,239,503,749,3811,3289,975,964,0,112,0,37,707099,0,0,110945208,28922854,240028290,0,0,55420,10,10,0,761491,761491,0,0,761491,55420,7.58,0.5
632,2026-05-17 01:13:14,5,q33,0,16,411,1099,1831,8151,6812,1653,1661,0,0,0,424,895616,0,0,1075511576,50875021,469425630,0,0,17021,18,18,0,449731,449731,0,0,449731,17021,7.42,1.1
633,2026-05-17 01:13:16,5,q34,0,14,306,744,1436,5032,4134,1173,1201,9,144,0,185,232049,0,0,287388216,29327808,80140308,0,0,1010675,16,16,0,34202234,34202234,0,0,17284469,510675,6.76,0.74
634,2026-05-17 01:13:18,5,q35,0,17,434,1220,2169,9747,8688,1714,1657,1,36,0,516,24091884,0,0,8150415128,53091830,80626384,0,0,6056644,255,255,0,16018414,16018414,0,0,16018414,6056644,7.99,1.22
635,2026-05-17 01:13:20,5,q35a,0,16,434,1106,1654,7693,7379,1658,1688,0,9,0,540,24091841,0,0,7361886264,53091830,80626384,0,0,6053558,255,255,0,16031209,16031209,0,0,16031209,6053558,6.96,1.11
636,2026-05-17 01:13:22,5,q36,0,10,223,793,942,5666,5124,910,949,0,0,0,76,1868212,0,0,990715872,28922607,366557283,0,0,1767,11,11,0,138575,138575,0,0,138575,1767,7.15,0.79
637,2026-05-17 01:13:24,5,q36a,0,13,228,756,845,4513,4236,919,966,0,150,0,88,1868126,0,0,1529683744,28922607,366557283,0,0,4792,36,36,0,397014,397014,0,0,147166,1820,5.97,0.76
638,2026-05-17 01:13:26,5,q37,0,10,254,1087,1556,7575,6850,961,988,0,0,0,252,232006,0,0,878263696,147632429,779683064,0,0,4316414,146,146,0,64592408,64592408,0,0,64592408,14400617,6.97,1.09
639,2026-05-17 01:13:28,5,q38,0,15,345,1666,3045,17289,14477,1286,1251,11,128,0,1067,12830187,0,0,7811615960,50921019,68898388,0,0,1694820,473,473,0,44539705,44539705,0,0,44539705,1694820,10.38,1.67
640,2026-05-17 01:13:31,5,q39a,0,18,364,1957,3817,14902,13188,1472,1470,0,165,0,687,805959,0,0,2003277096,266362016,1424063585,0,0,1129925,56,56,0,27117544,27117544,0,0,26113005,1093917,7.61,1.96
641,2026-05-17 01:13:34,5,q39b,0,18,364,1608,3173,11498,11416,1457,1479,10,55,0,396,524839,0,0,1997116712,266362016,1424063585,0,0,1093504,56,56,0,26086066,26086066,0,0,25081527,1057496,7.15,1.61
642,2026-05-17 01:13:36,5,q40,0,12,305,1921,2859,21622,19304,1227,1195,0,208,0,761,232007,0,0,4141621464,15962322,133296408,0,0,15748014,170,170,0,309224449,309224449,0,0,309224449,15748014,11.26,1.92
643,2026-05-17 01:13:39,5,q41,0,6,108,348,281,1861,270,506,528,0,0,0,7,232006,0,0,270538656,204002,2005296,0,0,140,2,2,0,9680,9680,0,0,9680,140,5.35,0.35
644,2026-05-17 01:13:41,5,q42,0,7,171,472,483,3412,2768,701,714,0,90,0,29,232050,0,0,777260536,28922504,244719436,0,0,110,10,10,0,9119,9119,0,0,9119,110,7.23,0.47
645,2026-05-17 01:13:43,5,q43,0,7,169,618,649,4772,4418,706,727,0,0,0,30,232050,0,0,105177960,28820606,77101130,0,0,210,10,10,0,27003,27003,0,0,27003,210,7.72,0.62
646,2026-05-17 01:13:44,5,q44,0,11,196,621,661,4025,3164,709,743,0,80,0,183,1673996,0,0,1319036296,57703005,386731469,0,0,792642,98,98,0,10026252,10026252,0,0,5014246,396370,6.48,0.62
647,2026-05-17 01:13:46,5,q45,0,13,333,748,1310,3050,2501,1297,1383,0,0,0,8,5046346,0,0,2009365456,8092094,58889378,0,0,29,4,4,0,2649,2649,0,0,2649,29,4.08,0.75
648,2026-05-17 01:13:48,5,q46,0,13,329,982,1642,6770,6070,1358,1399,1,0,0,115,15378570,0,0,748821896,29577809,254617816,0,0,27956,10,10,0,1370335,1370335,0,0,1370335,27956,6.89,0.98
649,2026-05-17 01:13:50,5,q47,0,15,283,1733,2643,17534,14242,1050,1067,0,128,0,2399,2319872,0,0,6611285912,28922607,194842734,0,0,2654649,787,787,0,104923859,104923859,0,0,61537809,1555424,10.12,1.73
650,2026-05-17 01:13:53,5,q48,0,11,281,1377,1703,10891,9840,1139,1187,0,220,0,3,1332111,0,0,535376128,30991417,272302318,0,0,16,16,16,0,932,932,0,0,932,16,7.91,1.38
651,2026-05-17 01:13:55,5,q49,0,25,502,1695,4104,19248,16370,1907,1859,0,320,0,1842,239758,0,0,4980877224,55458809,786699359,0,0,15195841,48,48,0,337670533,337670533,0,0,337670533,15195841,11.36,1.7
652,2026-05-17 01:13:58,5,q50,0,12,303,2223,3370,24951,22181,1340,1223,0,252,0,1180,372338,0,0,4687124776,31771289,218061805,0,0,29262054,221,221,0,629482996,629482996,0,0,629482996,29262054,11.22,2.22
653,2026-05-17 01:14:01,5,q51,0,13,285,2876,4045,37450,33535,877,901,0,512,0,3447,300713,0,0,9962086816,36020592,232506462,0,0,24412982,1679,1679,0,420434145,420434145,0,0,420434145,24412982,13.02,2.88
654,2026-05-17 01:14:05,5,q51a,0,17,351,20308,23941,263967,254587,1023,1055,0,2311,0,4273,460428,0,0,26917555224,36020592,232506462,0,0,47528628,2587,2587,0,789344338,789344338,0,0,575961895,36066662,13.0,20.31
655,2026-05-17 01:14:26,5,q52,0,7,171,560,573,4093,3504,677,711,0,0,0,106,232050,0,0,777260536,28922504,244916044,0,0,4234,10,10,0,266465,266465,0,0,266465,4234,7.31,0.56
656,2026-05-17 01:14:28,5,q53,0,10,223,694,833,4789,3786,942,960,0,80,0,131,232050,0,0,193391056,28922607,195396646,0,0,31292,11,11,0,659777,659777,0,0,659777,31292,6.9,0.69
657,2026-05-17 01:14:30,5,q54,0,26,636,1705,4538,18800,17064,2823,2677,1,576,0,726,5046389,0,0,2599766336,51386176,275360731,0,0,26873206,179,179,0,252841478,252841478,0,0,252841478,26873206,11.03,1.7
658,2026-05-17 01:14:33,5,q55,0,7,171,502,518,3255,2975,684,704,0,0,0,92,232006,0,0,777260536,28922504,244916044,0,0,3449,10,10,0,212147,212147,0,0,212147,3449,6.48,0.5
659,2026-05-17 01:14:34,5,q56,0,16,411,897,1435,6643,5529,1635,1688,0,24,0,327,466522,0,0,1163589240,50875021,470020066,0,0,10861,18,18,0,393218,393218,0,0,393218,10861,7.41,0.9
660,2026-05-17 01:14:36,5,q57,0,15,264,1600,2406,12188,10331,1020,1043,0,0,0,779,2319872,0,0,5327819360,14522453,95546612,0,0,1160477,378,378,0,45103411,45103411,0,0,33376650,851478,7.62,1.6
661,2026-05-17 01:14:39,5,q58,0,17,408,1352,2274,11182,8955,1618,1643,0,192,0,1070,788267,0,0,1989522544,50669119,427992581,0,0,246082,25,25,0,3668153,3668153,0,0,3668153,246082,8.27,1.35
662,2026-05-17 01:14:41,5,q59,0,16,335,1133,1951,7088,6583,1388,1440,0,0,0,333,755552,0,0,1653007480,28913760,77812197,0,0,304444,132,132,0,12804419,12804419,0,0,6649494,170837,6.26,1.13
663,2026-05-17 01:14:44,5,q60,0,16,411,1019,1573,6830,5724,1713,1692,0,98,0,351,466522,0,0,1712740176,50875021,469955046,0,0,78327,19,19,0,1553349,1553349,0,0,1553349,78327,6.7,1.02
664,2026-05-17 01:14:46,5,q61,0,18,449,1283,2909,12992,11259,2011,1865,0,120,0,6,5046346,0,0,997398400,58473612,586756791,0,0,32,32,32,0,1864,1864,0,0,1864,32,10.13,1.28
665,2026-05-17 01:14:48,5,q62,0,11,271,571,860,2584,2029,1097,1147,0,0,0,38,232049,0,0,138730216,7220165,28281087,0,0,1680,4,4,0,144524,144524,0,0,144524,1680,4.53,0.57
666,2026-05-17 01:14:50,5,q63,0,10,223,591,668,3868,3306,928,951,0,0,0,135,232050,0,0,193325520,28922607,195400742,0,0,12893,11,11,0,338212,338212,0,0,338212,12893,6.54,0.59
667,2026-05-17 01:14:51,5,q64,0,38,921,7044,17449,90911,83739,3813,3622,3,871,0,4567,13606693,0,0,35316849912,50412135,677767795,0,0,52026303,1839,1839,0,1951324540,1951324540,0,0,1805119561,48487731,12.91,7.04
668,2026-05-17 01:15:00,5,q65,0,15,340,1613,2890,20587,18551,1290,1263,2,128,0,1542,9209889,0,0,6088916240,57723109,392887053,0,0,11864589,391,391,0,390790175,390790175,0,0,390790175,11864589,12.76,1.61
669,2026-05-17 01:15:02,5,q66,0,14,339,1223,1883,7605,6386,1543,1453,0,80,0,27,232049,0,0,1090912176,21660549,214862416,0,0,110,11,11,0,54164,54164,0,0,54164,110,6.22,1.22
670,2026-05-17 01:15:05,5,q67,0,10,239,6869,6972,72867,71238,921,981,0,696,0,1373,4653671,0,0,7413963152,28922607,222327196,0,0,11517622,187,187,0,863913021,863913021,0,0,863913021,11517622,10.61,6.87
671,2026-05-17 01:15:13,5,q67a,0,18,380,10411,35923,137671,128927,1261,1325,0,1009,0,5412,4653628,0,0,26406027704,28922607,222327196,0,0,55544740,1700,1700,0,4119857621,4119857621,0,0,900512141,13217996,13.22,10.41
672,2026-05-17 01:15:24,5,q68,0,13,329,954,1652,6841,5661,1324,1407,1,140,0,111,15378570,0,0,479525608,29577809,391997773,0,0,6174,10,10,0,435242,435242,0,0,435242,6174,7.17,0.95
673,2026-05-17 01:15:26,5,q69,0,18,429,992,1826,7123,6288,1665,1612,0,0,0,434,28817400,0,0,3798521704,53091830,80702678,0,0,1902033,101,101,0,9546588,9546588,0,0,9546588,1902033,7.18,0.99
674,2026-05-17 01:15:28,5,q70,0,14,289,1048,1153,7196,6480,1159,1206,0,100,0,43,232050,0,0,1082906264,57621211,271919453,0,0,209,22,22,0,10318,10318,0,0,10318,209,6.87,1.05
675,2026-05-17 01:15:30,5,q70a,0,17,294,913,992,5294,5097,1191,1209,0,0,0,47,231362,0,0,883676640,57621211,271919453,0,0,240,47,47,0,14125,14125,0,0,8085,180,5.8,0.91
676,2026-05-17 01:15:33,5,q71,0,13,356,1090,1160,10153,8695,1382,1462,1,160,0,242,421741,0,0,858487824,50563020,455709559,0,0,32225,31,31,0,1647107,1647107,0,0,994272,21118,9.31,1.09
677,2026-05-17 01:15:35,5,q72,0,26,673,18376,23123,217201,211666,2703,2660,1,538,0,4505,6609801,0,0,19933730552,151146935,897878107,0,0,142246513,1121,1121,0,2047926161,2047926161,0,0,2047926161,142246513,11.82,18.38
678,2026-05-17 01:15:54,5,q73,0,14,306,709,1314,4734,4103,1138,1187,0,0,0,121,232049,0,0,286157368,29327808,80140308,0,0,1002732,16,16,0,33966985,33966985,0,0,17049220,502732,6.68,0.71
679,2026-05-17 01:15:56,5,q74,0,20,478,1989,4410,20679,17167,1853,1791,1,144,0,2088,15569619,0,0,13344509464,72541185,378519971,0,0,1762073,822,822,0,58787775,58787775,0,0,58787775,1762073,10.4,1.99
680,2026-05-17 01:15:59,5,q75,0,31,815,3124,7848,41562,34845,3045,3002,0,80,0,3814,317616,0,0,11789416304,105981828,1093848030,0,0,14156495,869,869,0,314433702,314433702,0,0,214592381,9118707,13.3,3.12
681,2026-05-17 01:16:03,5,q76,0,9,303,1012,960,10723,9363,1271,1263,0,72,0,169,923844,0,0,2026220376,50507442,458851137,0,0,3183,22,22,0,266492,266492,0,0,266492,3183,10.6,1.01
682,2026-05-17 01:16:05,5,q77,0,23,553,1100,2009,8282,6358,2311,2164,2,168,0,152,232050,0,0,857308616,55459113,494022214,0,0,1350,37,37,0,94853,94853,0,0,94853,1350,7.53,1.1
683,2026-05-17 01:16:08,5,q77a,0,26,558,1091,2021,7312,6503,2294,2158,3,312,0,120,231706,0,0,1396276488,55459113,494022214,0,0,1814,48,48,0,150988,150988,0,0,109492,1484,6.7,1.09
684,2026-05-17 01:16:10,5,q78,0,18,496,5551,12066,77799,72358,1886,1823,0,640,0,4275,6524755,0,0,19529868616,55458809,583703190,0,0,54207575,1003,1003,0,1578864490,1578864490,0,0,1578864490,54207575,14.02,5.55
685,2026-05-17 01:16:17,5,q79,0,12,279,845,1325,6218,5537,1086,1163,1,0,0,119,12830316,0,0,939014112,29327808,251084703,0,0,80366,22,22,0,2984678,2984678,0,0,2984678,80366,7.36,0.84
686,2026-05-17 01:16:18,5,q80,0,29,756,6636,19863,96511,91507,3036,2942,0,762,0,3854,232393,0,0,14185165104,55573458,839053875,0,0,53052375,496,496,0,1571583782,1571583782,0,0,1571583782,53052375,14.54,6.64
687,2026-05-17 01:16:26,5,q80a,0,32,761,6447,18672,92368,88286,2904,2941,0,848,0,4102,232093,0,0,14657024136,55573458,839053875,0,0,53053332,507,507,0,1571699394,1571699394,0,0,1571596644,53052306,14.33,6.45
688,2026-05-17 01:16:34,5,q81,0,19,372,904,1831,3369,2361,1496,1478,0,70,0,141,2002949,0,0,2043548752,3899770,53967562,0,0,1370028,23,23,0,35155527,35155527,0,0,35155527,1370028,3.73,0.9
689,2026-05-17 01:16:36,5,q82,0,10,254,1447,2199,13124,10918,931,978,0,320,0,699,232050,0,0,1650023680,162032505,837781656,0,0,13778665,194,194,0,136820298,136820298,0,0,136820298,28800829,9.07,1.45
690,2026-05-17 01:16:38,5,q83,0,17,404,737,976,2891,1581,1691,1642,0,201,0,45,788267,0,0,1148526576,5358945,36394239,0,0,39989,4,4,0,560851,560851,0,0,560851,39989,3.92,0.74
691,2026-05-17 01:16:40,5,q84,0,15,353,785,1326,2146,1441,1268,1388,0,0,0,51,9765521,0,0,615806688,5555667,30907440,0,0,2778010,5,5,0,14580028,14580028,0,0,14580028,2778010,2.73,0.78
692,2026-05-17 01:16:42,5,q85,0,18,472,1246,3510,7747,5869,1792,1889,0,240,0,112,17038024,0,0,8635287000,12032233,132213374,0,0,915638,92,92,0,33263061,33263061,0,0,33263061,915638,6.22,1.25
693,2026-05-17 01:16:44,5,q86,0,8,172,490,484,1938,1658,708,715,0,0,0,31,1868212,0,0,571272816,7322091,62465748,0,0,816,5,5,0,54740,54740,0,0,54740,816,3.96,0.49
694,2026-05-17 01:16:46,5,q86a,0,11,177,508,484,1705,1526,693,732,0,32,0,43,1868126,0,0,1110240560,7322091,62465748,0,0,2122,18,18,0,157792,157792,0,0,66590,930,3.36,0.51
695,2026-05-17 01:16:47,5,q87,0,15,345,1730,3262,18164,14858,1254,1257,0,0,0,1494,12830144,0,0,7811615960,50921019,68898388,0,0,1694820,473,473,0,44539705,44539705,0,0,44539705,1694820,10.5,1.73
696,2026-05-17 01:16:50,5,q88,0,44,1046,1726,5967,18262,15775,4153,4083,3,296,0,24,232651,0,0,411962368,230611328,292765644,0,0,128,128,128,0,7407,7407,0,0,7407,128,10.58,1.73
697,2026-05-17 01:16:53,5,q89,0,10,224,845,987,6115,5484,940,943,0,0,0,144,232050,0,0,931981384,28922607,195121480,0,0,49694,22,22,0,2286319,2286319,0,0,2286319,49694,7.24,0.84
698,2026-05-17 01:16:55,5,q90,0,14,338,451,859,2450,1764,1332,1346,0,0,0,4,232049,0,0,103596544,14447582,28364597,0,0,32,32,32,0,1816,1816,0,0,1816,32,5.43,0.45
699,2026-05-17 01:16:57,5,q91,0,17,391,671,1693,3593,2043,1658,1631,0,140,0,2,9580995,0,0,1093109944,4137922,31987399,0,0,45,3,3,0,6451,6451,0,0,4131,30,5.35,0.67
700,2026-05-17 01:16:58,5,q92,0,11,239,459,693,2830,2421,929,951,0,0,0,70,708309,0,0,110994360,14522180,124234272,0,0,134565,9,9,0,1823000,1823000,0,0,1823000,134565,6.17,0.46
701,2026-05-17 01:17:00,5,q93,0,8,201,3727,4510,43307,41733,709,722,0,180,0,1656,232047,0,0,5766380072,31678193,266262597,0,0,31635854,221,221,0,754534757,754534757,0,0,754534757,31635854,11.62,3.73
702,2026-05-17 01:17:05,5,q94,0,14,367,1465,2592,13899,12496,1326,1383,0,144,0,379,2580239,0,0,3571011840,15390507,101345378,0,0,14397040,153,153,0,217756544,217756544,0,0,217756544,14397040,9.49,1.46
703,2026-05-17 01:17:07,5,q95,0,14,367,3765,5128,44303,35909,1387,1470,0,1683,0,369,2580666,0,0,14560086280,15390498,98384799,0,0,35990240,357,357,0,319481278,319481278,0,0,196651615,14395274,11.77,3.76
704,2026-05-17 01:17:12,5,q96,0,9,220,505,690,3282,2368,1136,933,0,0,0,2,232050,0,0,51097984,28827807,36655611,0,0,16,16,16,0,926,926,0,0,926,16,6.5,0.5
705,2026-05-17 01:17:14,5,q97,0,8,201,1883,2254,20194,18367,861,765,0,0,0,306,232050,0,0,6197962344,43220929,232052167,0,0,8377536,238,238,0,96885569,96885569,0,0,96885569,8377536,10.72,1.88
706,2026-05-17 01:17:16,5,q98,0,10,182,776,711,4016,3478,777,724,3,112,0,208,3361780,0,0,1648313712,28922504,251278047,0,0,105830,98,98,0,14419166,14419166,0,0,12449291,90666,5.18,0.78
707,2026-05-17 01:17:18,5,q99,0,11,271,792,1136,4177,3709,1119,1180,0,64,0,30,232049,0,0,138727912,14420484,41803089,0,0,2160,3,3,0,173652,173652,0,0,173652,2160,5.27,0.79
708,2026-05-17 01:17:20,6,q1,0,15,315,947,1575,4634,3581,1467,1233,0,12,0,165,5100840,0,0,2302920440,6275371,63815498,0,0,1604137,54,54,0,24046275,24046275,0,0,24046275,1604137,4.89,0.95
709,2026-05-17 01:17:22,6,q2,0,14,290,906,1082,6013,5391,1506,1270,0,8,0,70,755509,0,0,435904744,21713567,94047677,0,0,6856,38,38,0,353470,353470,0,0,127688,4204,6.64,0.91
710,2026-05-17 01:17:24,6,q3,0,7,171,431,434,2935,2463,689,717,0,0,0,108,232050,0,0,109445096,28975553,245100763,0,0,2988,10,10,0,205613,205613,0,0,205613,2988,6.81,0.43
711,2026-05-17 01:17:26,6,q4,0,28,565,7513,35873,112813,98502,1908,1858,0,1899,0,9440,1691203,0,0,39674206800,50941020,813958217,0,0,102286012,3435,3435,0,2536436278,2536436278,0,0,1273457817,51438627,15.02,7.51
712,2026-05-17 01:17:34,6,q5,0,22,684,2017,4128,21904,19165,2831,2739,0,260,0,506,318311,0,0,3279919856,62671045,554479361,0,0,7890157,124,124,0,109287703,109287703,0,0,109287703,7890157,10.86,2.02
713,2026-05-17 01:17:38,6,q5a,0,25,689,2042,4034,22114,18952,2616,2691,0,237,0,555,317451,0,0,3818887728,62671045,554479361,0,0,7891824,134,134,0,109437496,109437496,0,0,109304266,7890000,10.83,2.04
714,2026-05-17 01:17:41,6,q6,0,18,403,1538,2753,17086,15820,1776,1687,0,368,0,602,2121631,0,0,5099075256,29847557,158715508,0,0,27358702,206,206,0,240346192,240346192,0,0,240346192,27358702,11.11,1.54
715,2026-05-17 01:17:43,6,q7,0,12,284,1235,1529,9064,8241,1145,1169,0,0,0,115,788267,0,0,1025566688,30843815,431581172,0,0,71891,22,22,0,2547586,2547586,0,0,2547586,71891,7.34,1.24
716,2026-05-17 01:17:46,6,q8,0,16,333,909,1203,5061,4306,1340,1416,0,42,0,38,2373025,0,0,1514421792,29820609,140288119,0,0,6731,13,13,0,84411,84411,0,0,84411,6731,5.57,0.91
717,2026-05-17 01:17:48,6,q9,0,17,386,830,3173,9349,7917,1287,1412,0,144,0,12,232050,0,0,0,144002556,913584820,0,0,80,80,80,0,5816,5816,0,0,5816,80,11.26,0.83
718,2026-05-17 01:17:50,6,q10,0,18,429,1007,1827,6633,5731,1610,1615,1,0,0,455,29252468,0,0,3799575784,53091830,80834266,0,0,2400953,101,101,0,9669568,9669568,0,0,9669568,2400953,6.59,1.01
719,2026-05-17 01:17:52,6,q10a,0,15,428,936,1397,5439,5125,1645,1666,0,120,0,439,29252855,0,0,4599051616,53091830,80834266,0,0,2368363,153,153,0,9643291,9643291,0,0,9643291,2368363,5.81,0.94
720,2026-05-17 01:17:54,6,q11,0,22,430,4258,14253,61745,55240,1337,1411,4,518,0,5704,1380159,0,0,26856842912,36540594,273441966,0,0,71770406,2006,2006,0,1051779270,1051779270,0,0,537179235,36215116,14.5,4.26
721,2026-05-17 01:17:59,6,q12,0,8,173,574,557,2191,1775,704,718,0,56,0,55,3286039,0,0,639059672,7322091,68823730,0,0,28994,10,10,0,3887756,3887756,0,0,3887756,28994,3.82,0.57
722,2026-05-17 01:18:01,6,q13,0,13,332,1328,1905,10871,9519,1345,1404,0,100,0,2,1311544,0,0,552967424,30998618,511026468,0,0,16,16,16,0,1138,1138,0,0,1138,16,8.19,1.33
723,2026-05-17 01:18:03,6,q14a,0,46,1055,6540,10143,59589,53520,4230,4117,0,1436,0,3092,1195253,0,0,10126713176,151671058,968348951,0,0,62602963,349,349,0,878508003,878508003,0,0,875395407,62516439,9.11,6.54
724,2026-05-17 01:18:12,6,q14b,0,40,997,4495,9058,50171,46611,4033,3965,3,582,0,2092,1195253,0,0,8726695408,130216643,768006622,0,0,68372216,313,313,0,1013614548,1013614548,0,0,529727868,40865009,11.16,4.5
725,2026-05-17 01:18:17,6,q14,0,40,994,4203,9086,45417,42628,3978,4015,8,632,0,2210,1169959,0,0,7872597704,130216643,768006622,0,0,68278767,278,278,0,1004774601,1004774601,0,0,520887921,40771560,10.81,4.2
726,2026-05-17 01:18:23,6,q15,0,9,227,860,992,5159,4621,886,938,0,0,0,10,5046346,0,0,788333904,15170429,58149761,0,0,502,1,1,0,18324,18324,0,0,18324,502,6.0,0.86
727,2026-05-17 01:18:25,6,q16,0,14,370,2057,3884,26988,23011,1326,1395,0,592,0,1218,232049,0,0,4703921456,30510786,216421384,0,0,30114572,306,306,0,422033262,422033262,0,0,422033262,30114572,13.12,2.06
728,2026-05-17 01:18:28,6,q17,0,17,439,4484,7650,56657,53759,1715,1725,2,752,0,2510,6980564,0,0,7880912176,46220667,348529818,0,0,45538041,633,633,0,1088684385,1088684385,0,0,1088684385,45538041,12.64,4.48
729,2026-05-17 01:18:33,6,q18,0,16,403,1487,2562,8140,7093,1532,1642,0,105,0,48,9765521,0,0,2661568088,19114050,308435192,0,0,56803,15,15,0,4021295,4021295,0,0,4021295,56803,5.47,1.49
730,2026-05-17 01:18:36,6,q18a,0,32,878,2834,7040,27188,24570,3916,3579,0,487,0,358,9765564,0,0,12347073984,77567758,1441088714,0,0,64753,41,41,0,4687048,4687048,0,0,4687048,64753,9.59,2.83
731,2026-05-17 01:18:40,6,q19,0,13,331,1126,1732,8222,7417,1314,1395,0,0,0,118,5046346,0,0,1426921720,29672609,280253464,0,0,7338,10,10,0,538502,538502,0,0,538502,7338,7.3,1.13
732,2026-05-17 01:18:42,6,q20,0,8,172,537,524,2102,1767,701,719,0,0,0,17,3286039,0,0,370624312,14522428,126863015,0,0,28486,2,2,0,3491832,3491832,0,0,3491832,28486,3.91,0.54
733,2026-05-17 01:18:44,6,q21,0,9,222,1176,1308,5616,4940,1003,934,0,126,0,10,232694,0,0,193995600,133232014,713392285,0,0,31850,1,1,0,679321,679321,0,0,679321,31850,4.78,1.18
734,2026-05-17 01:18:46,6,q22,0,10,239,57805,57889,121824,120839,958,971,0,68,0,64,4653671,0,0,1677716768,133232017,713018751,0,0,612866,68,68,0,25860071,25860071,0,0,25860071,612866,2.11,57.8
735,2026-05-17 01:19:45,6,q22a,0,14,278,3060,3718,13394,11190,981,1036,0,36,0,1758,4653671,0,0,7532702072,133232014,713029969,0,0,1173793,282,282,0,58356204,58356204,0,0,17414076,358209,4.38,3.06
736,2026-05-17 01:19:49,6,q23a,0,28,677,6527,11149,72121,68581,2570,2589,0,763,0,3079,6609801,0,0,12294688208,108664026,586531457,0,0,43875394,651,651,0,1114302891,1114302891,0,0,1084605277,41975235,11.05,6.53
737,2026-05-17 01:19:57,6,q23b,0,32,754,6326,12645,77204,72600,2901,2815,13,921,0,3718,6609801,0,0,25270029344,109164027,591252040,0,0,48638194,1329,1329,0,1199152798,1199152798,0,0,1096972512,42437717,12.2,6.33
738,2026-05-17 01:20:04,6,q24,0,14,363,2285,4077,25732,23676,1824,1434,3,160,0,1142,20739826,0,0,7068696000,32530241,313289460,0,0,29735885,204,204,0,677934954,677934954,0,0,677934954,29735885,11.26,2.28
739,2026-05-17 01:20:07,6,q24a,0,20,436,3630,5231,40551,38224,1779,1707,2,586,0,1618,18177746,0,0,16497845272,32632242,311241453,0,0,59478907,440,440,0,1356813606,1356813606,0,0,678878652,29743022,11.17,3.63
740,2026-05-17 01:20:12,6,q24b,0,20,436,2826,4101,28948,28785,1620,1707,4,132,0,1505,18177789,0,0,15891776752,32632242,311241453,0,0,59478765,428,428,0,1356789838,1356789838,0,0,678854884,29742880,10.24,2.83
741,2026-05-17 01:20:16,6,q25,0,17,439,4580,7883,57860,55055,2001,1789,50,344,0,2623,6980521,0,0,7880887560,46220667,489792216,0,0,45538038,630,630,0,1108314399,1108314399,0,0,1108314399,45538038,12.63,4.58
742,2026-05-17 01:20:22,6,q26,0,11,282,807,1092,4698,4073,1151,1192,0,0,0,33,788267,0,0,488171680,16443739,228883664,0,0,34144,3,3,0,1157101,1157101,0,0,1157101,34144,5.82,0.81
743,2026-05-17 01:20:24,6,q27,0,12,284,944,1252,6859,6340,1146,1206,0,140,0,118,788267,0,0,1026039776,30843417,405671205,0,0,58862,22,22,0,2215582,2215582,0,0,2215582,58862,7.27,0.94
744,2026-05-17 01:20:26,6,q27a,0,20,521,1565,3660,16880,14349,2079,2125,0,272,0,448,788267,0,0,1459118536,88546525,1198643418,0,0,60727,39,39,0,2447957,2447957,0,0,2447957,60727,10.79,1.56
745,2026-05-17 01:20:28,6,q28,0,24,408,1607,3449,19471,15828,1810,1594,3,343,0,2116,232050,0,0,4455922128,172803012,1402362570,0,0,468289,66,66,0,7661152,7661152,0,0,7661152,468289,12.12,1.61
746,2026-05-17 01:20:31,6,q29,0,19,490,4562,8047,57207,54745,1918,1967,0,448,0,2476,6980521,0,0,7880995000,46240668,349003993,0,0,45538045,635,635,0,1088685160,1088685160,0,0,1088685160,45538045,12.54,4.56
747,2026-05-17 01:20:37,6,q30,0,17,356,796,1754,2705,1846,1386,1444,0,0,0,111,2002949,0,0,1060281576,2460554,45638772,0,0,755089,7,7,0,59269674,59269674,0,0,59269674,755089,3.4,0.8
748,2026-05-17 01:20:38,6,q31,0,29,610,1905,4317,18544,15854,2591,2401,0,240,0,1295,3851818,0,0,3474178008,108311777,551777958,0,0,73801,45,45,0,2494143,2494143,0,0,2413714,71955,9.73,1.9
749,2026-05-17 01:20:41,6,q32,0,11,239,504,742,3808,3410,949,952,0,0,0,37,707099,0,0,110945208,28922854,240028290,0,0,55420,10,10,0,761491,761491,0,0,761491,55420,7.56,0.5
750,2026-05-17 01:20:43,6,q33,0,16,411,1110,1798,8165,6946,1727,1676,0,120,0,369,895616,0,0,1075511576,50875021,469425630,0,0,17021,18,18,0,449731,449731,0,0,449731,17021,7.36,1.11
751,2026-05-17 01:20:45,6,q34,0,14,306,706,1362,4743,4027,1149,1202,0,0,0,179,232049,0,0,287388216,29327808,80140308,0,0,1010675,16,16,0,34202234,34202234,0,0,17284469,510675,6.72,0.71
752,2026-05-17 01:20:47,6,q35,0,17,434,1245,2261,10189,8027,1823,1649,1,176,0,844,24091884,0,0,8150415128,53091830,80626384,0,0,6056644,255,255,0,16018414,16018414,0,0,16018414,6056644,8.18,1.25
753,2026-05-17 01:20:49,6,q35a,0,16,434,1082,1781,7842,7520,1849,1701,0,228,0,499,24091841,0,0,7361886264,53091830,80626384,0,0,6053558,255,255,0,16031209,16031209,0,0,16031209,6053558,7.25,1.08
754,2026-05-17 01:20:51,6,q36,0,10,223,764,915,5450,4881,887,948,0,0,0,79,1868212,0,0,990715872,28922607,366557283,0,0,1767,11,11,0,138575,138575,0,0,138575,1767,7.13,0.76
755,2026-05-17 01:20:53,6,q36a,0,13,228,741,841,4387,4263,953,972,0,0,0,86,1868126,0,0,1529683744,28922607,366557283,0,0,4792,36,36,0,397014,397014,0,0,147166,1820,5.92,0.74
756,2026-05-17 01:20:55,6,q37,0,10,254,1201,1697,8487,7137,946,979,0,268,0,345,232006,0,0,878263696,147632429,779683064,0,0,4316414,146,146,0,64592408,64592408,0,0,64592408,14400617,7.07,1.2
757,2026-05-17 01:20:57,6,q38,0,15,345,1667,3126,17425,14297,1246,1260,1,208,0,1343,12830230,0,0,7811615960,50921019,68898388,0,0,1694820,473,473,0,44539705,44539705,0,0,44539705,1694820,10.45,1.67
758,2026-05-17 01:21:00,6,q39a,0,18,364,1906,3714,14543,13300,1420,1458,0,0,0,671,802215,0,0,2003277096,266362016,1424063585,0,0,1129345,56,56,0,27131683,27131683,0,0,26113005,1093917,7.63,1.91
759,2026-05-17 01:21:03,6,q39b,0,18,364,1806,3590,12750,12181,1636,1478,1,141,0,405,802215,0,0,2003277096,266362016,1424063585,0,0,1058875,56,56,0,25171608,25171608,0,0,25081527,1057496,7.06,1.81
760,2026-05-17 01:21:06,6,q40,0,12,305,1651,2637,17305,15774,1150,1198,3,265,0,907,232006,0,0,4141621464,15962322,133296408,0,0,15748014,170,170,0,309224449,309224449,0,0,309224449,15748014,10.48,1.65
761,2026-05-17 01:21:09,6,q41,0,6,108,352,285,1901,275,499,522,0,0,0,7,232006,0,0,270538656,204002,2005296,0,0,140,2,2,0,9680,9680,0,0,9680,140,5.4,0.35
762,2026-05-17 01:21:10,6,q42,0,7,171,478,491,3509,3051,702,716,0,0,0,24,232050,0,0,777260536,28922504,244719436,0,0,110,10,10,0,9119,9119,0,0,9119,110,7.34,0.48
763,2026-05-17 01:21:12,6,q43,0,7,169,652,684,5132,4764,693,715,0,0,0,28,232050,0,0,105177960,28820606,77101130,0,0,210,10,10,0,27003,27003,0,0,27003,210,7.87,0.65
764,2026-05-17 01:21:13,6,q44,0,11,196,597,658,3795,3054,711,746,0,28,0,177,1673996,0,0,1319036296,57703005,386731469,0,0,792642,98,98,0,10026252,10026252,0,0,5014246,396370,6.36,0.6
765,2026-05-17 01:21:15,6,q45,0,13,333,743,1324,3024,2433,1329,1392,0,0,0,8,5046346,0,0,2009365456,8092094,58889378,0,0,29,4,4,0,2649,2649,0,0,2649,29,4.07,0.74
766,2026-05-17 01:21:17,6,q46,0,13,329,868,1537,5747,5066,1334,1402,1,0,0,118,15378613,0,0,748821896,29577809,254617816,0,0,27956,10,10,0,1370335,1370335,0,0,1370335,27956,6.62,0.87
767,2026-05-17 01:21:19,6,q47,0,15,283,1863,2884,19293,16351,1090,1070,0,158,0,2166,2319872,0,0,6611285912,28922607,194842734,0,0,2654649,787,787,0,104923859,104923859,0,0,61537809,1555424,10.36,1.86
768,2026-05-17 01:21:22,6,q48,0,11,281,1357,1672,10826,9884,1137,1175,0,140,0,2,1331939,0,0,535376128,30991417,272302318,0,0,16,16,16,0,932,932,0,0,932,16,7.98,1.36
769,2026-05-17 01:21:24,6,q49,0,25,502,1590,3843,17477,16018,1751,1812,2,0,0,1393,239758,0,0,4980877224,55458809,786699359,0,0,15195841,48,48,0,337670533,337670533,0,0,337670533,15195841,10.99,1.59
770,2026-05-17 01:21:27,6,q50,0,12,303,2164,3371,23607,21763,1243,1211,0,90,0,1594,372338,0,0,4687124776,31771289,218061805,0,0,29262054,221,221,0,629482996,629482996,0,0,629482996,29262054,10.91,2.16
771,2026-05-17 01:21:30,6,q51,0,13,285,2944,4153,39007,34313,881,900,0,352,0,3435,300713,0,0,9962086816,36020592,232506462,0,0,24412982,1679,1679,0,420434145,420434145,0,0,420434145,24412982,13.25,2.94
772,2026-05-17 01:21:34,6,q51a,0,17,351,20352,23903,266801,248079,994,1037,0,3448,0,3908,460428,0,0,26917555224,36020592,232506462,0,0,47528628,2587,2587,0,789344338,789344338,0,0,575961895,36066662,13.11,20.35
773,2026-05-17 01:21:56,6,q52,0,7,171,563,572,4263,3450,695,720,0,78,0,116,232050,0,0,777260536,28922504,244916044,0,0,4234,10,10,0,266465,266465,0,0,266465,4234,7.57,0.56
774,2026-05-17 01:21:57,6,q53,0,10,223,638,784,4151,3511,952,951,0,0,0,129,232050,0,0,193391056,28922607,195396646,0,0,31292,11,11,0,659777,659777,0,0,659777,31292,6.51,0.64
775,2026-05-17 01:21:59,6,q54,0,26,636,1663,4570,18487,16564,2781,2649,1,525,0,989,5046346,0,0,2599766336,51386176,275360731,0,0,26873206,179,179,0,252841478,252841478,0,0,252841478,26873206,11.12,1.66
776,2026-05-17 01:22:02,6,q55,0,7,171,563,584,4067,3725,688,723,0,0,0,99,232006,0,0,777260536,28922504,244916044,0,0,3449,10,10,0,212147,212147,0,0,212147,3449,7.22,0.56
777,2026-05-17 01:22:03,6,q56,0,16,411,967,1576,7355,6178,1626,1669,0,0,0,341,466522,0,0,1163589240,50875021,470020066,0,0,10861,18,18,0,393218,393218,0,0,393218,10861,7.61,0.97
778,2026-05-17 01:22:05,6,q57,0,15,264,1869,2635,12846,10948,1009,1032,0,0,0,883,2319872,0,0,5327819360,14522453,95546612,0,0,1160477,378,378,0,45103411,45103411,0,0,33376650,851478,6.87,1.87
779,2026-05-17 01:22:08,6,q58,0,17,408,1348,2179,10393,8205,1720,1642,0,224,0,692,788267,0,0,1989522544,50669119,427992581,0,0,246082,25,25,0,3668153,3668153,0,0,3668153,246082,7.71,1.35
780,2026-05-17 01:22:11,6,q59,0,16,335,1141,1952,7170,6660,1356,1452,0,0,0,292,755509,0,0,1653007480,28913760,77812197,0,0,304444,132,132,0,12804419,12804419,0,0,6649494,170837,6.28,1.14
781,2026-05-17 01:22:13,6,q60,0,16,411,1055,1721,7863,6331,1824,1666,0,288,0,560,466522,0,0,1712740176,50875021,469955046,0,0,78327,19,19,0,1553349,1553349,0,0,1553349,78327,7.45,1.06
782,2026-05-17 01:22:15,6,q61,0,18,449,1139,2318,9592,8683,1852,1876,0,0,0,8,5046346,0,0,997398400,58473612,586756791,0,0,32,32,32,0,1864,1864,0,0,1864,32,8.42,1.14
783,2026-05-17 01:22:17,6,q62,0,11,271,567,876,2624,1991,1100,1154,0,0,0,39,232049,0,0,138730216,7220165,28281087,0,0,1680,4,4,0,144524,144524,0,0,144524,1680,4.63,0.57
784,2026-05-17 01:22:19,6,q63,0,10,223,624,770,4241,3531,994,960,0,144,0,134,232050,0,0,193325520,28922607,195400742,0,0,12893,11,11,0,338212,338212,0,0,338212,12893,6.8,0.62
785,2026-05-17 01:22:21,6,q64,0,38,921,7072,17437,93565,86533,3803,3661,3,800,0,4276,13606693,0,0,35316849912,50412135,677767795,0,0,52026303,1839,1839,0,1951324540,1951324540,0,0,1805119561,48487731,13.23,7.07
786,2026-05-17 01:22:29,6,q65,0,15,340,1626,2954,20700,18719,1274,1286,1,128,0,1493,9209889,0,0,6088916240,57723109,392887053,0,0,11864589,391,391,0,390790175,390790175,0,0,390790175,11864589,12.73,1.63
787,2026-05-17 01:22:32,6,q66,0,14,339,1256,2086,8949,7616,1437,1454,0,0,0,27,232049,0,0,1090912176,21660549,214862416,0,0,110,11,11,0,54164,54164,0,0,54164,110,7.12,1.26
788,2026-05-17 01:22:34,6,q67,0,10,239,7168,7273,74551,72852,920,976,0,734,0,1358,4653671,0,0,7413963152,28922607,222327196,0,0,11517622,187,187,0,863913021,863913021,0,0,863913021,11517622,10.4,7.17
789,2026-05-17 01:22:42,6,q67a,0,18,380,10487,36195,138697,130557,1201,1310,0,1084,0,5316,4653585,0,0,26406027704,28922607,222327196,0,0,55544740,1700,1700,0,4119857621,4119857621,0,0,900512141,13217996,13.23,10.49
790,2026-05-17 01:22:54,6,q68,0,13,329,1063,1796,7964,6597,1316,1399,1,140,0,109,15378570,0,0,479525608,29577809,391997773,0,0,6174,10,10,0,435242,435242,0,0,435242,6174,7.49,1.06
791,2026-05-17 01:22:56,6,q69,0,18,429,1070,2010,7566,6559,1628,1631,0,0,0,483,28817400,0,0,3798521704,53091830,80702678,0,0,1902033,101,101,0,9546588,9546588,0,0,9546588,1902033,7.07,1.07
792,2026-05-17 01:22:58,6,q70,0,14,289,1014,1117,6875,6198,1159,1208,0,80,0,44,232050,0,0,1082906264,57621211,271919453,0,0,209,22,22,0,10318,10318,0,0,10318,209,6.78,1.01
793,2026-05-17 01:23:01,6,q70a,0,17,294,907,977,5414,5209,1131,1196,0,0,0,46,231362,0,0,883676640,57621211,271919453,0,0,240,47,47,0,14125,14125,0,0,8085,180,5.97,0.91
794,2026-05-17 01:23:03,6,q71,0,13,356,1016,1079,8790,7686,1383,1470,1,0,0,263,421741,0,0,858487824,50563020,455709559,0,0,32225,31,31,0,1647107,1647107,0,0,994272,21118,8.65,1.02
795,2026-05-17 01:23:05,6,q72,0,26,673,18166,23017,219767,213692,2928,2673,0,1054,0,4341,6609844,0,0,19933730552,151146935,897878107,0,0,142246513,1121,1121,0,2047926161,2047926161,0,0,2047926161,142246513,12.1,18.17
796,2026-05-17 01:23:24,6,q73,0,14,306,715,1320,4804,4141,1123,1189,0,0,0,122,232049,0,0,286157368,29327808,80140308,0,0,1002732,16,16,0,33966985,33966985,0,0,17049220,502732,6.72,0.72
797,2026-05-17 01:23:26,6,q74,0,20,478,2082,4745,22414,17071,1888,1767,1,352,0,2647,15569619,0,0,13344509464,72541185,378519971,0,0,1762073,822,822,0,58787775,58787775,0,0,58787775,1762073,10.77,2.08
798,2026-05-17 01:23:29,6,q75,0,31,815,3092,8145,40349,33813,3169,2983,0,464,0,3959,317702,0,0,11789416304,105981828,1093848030,0,0,14156495,869,869,0,314433702,314433702,0,0,214592381,9118707,13.05,3.09
799,2026-05-17 01:23:33,6,q76,0,9,303,892,839,9130,6673,1198,1251,0,176,0,204,923844,0,0,2026220376,50507442,458851137,0,0,3183,22,22,0,266492,266492,0,0,266492,3183,10.24,0.89
800,2026-05-17 01:23:35,6,q77,0,23,553,1081,2021,7742,6608,2286,2164,3,0,0,127,232050,0,0,857308616,55459113,494022214,0,0,1350,37,37,0,94853,94853,0,0,94853,1350,7.16,1.08
801,2026-05-17 01:23:37,6,q77a,0,26,558,1088,1962,7200,6483,2384,2153,1,296,0,126,232050,0,0,1396276488,55459113,494022214,0,0,1814,48,48,0,150988,150988,0,0,109492,1484,6.62,1.09
802,2026-05-17 01:23:40,6,q78,0,18,496,5549,12334,79637,72181,1833,1797,0,720,0,4307,6524755,0,0,19529868616,55458809,583703190,0,0,54207575,1003,1003,0,1578864490,1578864490,0,0,1578864490,54207575,14.35,5.55
803,2026-05-17 01:23:46,6,q79,0,12,279,910,1402,6969,5878,1093,1170,1,170,0,115,12830316,0,0,939014112,29327808,251084703,0,0,80366,22,22,0,2984678,2984678,0,0,2984678,80366,7.66,0.91
804,2026-05-17 01:23:48,6,q80,0,29,756,6643,19158,96905,91273,3159,2942,1,309,0,4013,232050,0,0,14185165104,55573458,839053875,0,0,53052375,496,496,0,1571583782,1571583782,0,0,1571583782,53052375,14.59,6.64
805,2026-05-17 01:23:56,6,q80a,0,32,761,6458,17981,91351,87188,3270,2962,0,658,0,3930,232050,0,0,14657024136,55573458,839053875,0,0,53053332,507,507,0,1571699394,1571699394,0,0,1571596644,53052306,14.15,6.46
806,2026-05-17 01:24:04,6,q81,0,19,372,916,1838,3491,2393,1427,1468,0,0,0,142,2002949,0,0,2043548752,3899770,53967562,0,0,1370028,23,23,0,35155527,35155527,0,0,35155527,1370028,3.81,0.92
807,2026-05-17 01:24:06,6,q82,0,10,254,1387,2028,11942,10620,1069,965,0,150,0,422,232050,0,0,1650023680,162032505,837781656,0,0,13778665,194,194,0,136820298,136820298,0,0,136820298,28800829,8.61,1.39
808,2026-05-17 01:24:08,6,q83,0,17,404,719,896,2622,1529,1610,1639,0,0,0,47,788267,0,0,1148002288,5358945,36394239,0,0,39989,4,4,0,560851,560851,0,0,560851,39989,3.65,0.72
809,2026-05-17 01:24:10,6,q84,0,15,353,807,1408,2255,1453,1307,1370,35,85,0,49,9765521,0,0,615806688,5555667,30907440,0,0,2778010,5,5,0,14580028,14580028,0,0,14580028,2778010,2.79,0.81
810,2026-05-17 01:24:12,6,q85,0,18,472,1305,3715,8211,6531,1797,1885,2,0,0,112,17038067,0,0,8635287000,12032233,132213374,0,0,915638,92,92,0,33263061,33263061,0,0,33263061,915638,6.29,1.3
811,2026-05-17 01:24:14,6,q86,0,8,172,500,491,2003,1651,682,712,0,49,0,30,1868212,0,0,571272816,7322091,62465748,0,0,816,5,5,0,54740,54740,0,0,54740,816,4.01,0.5
812,2026-05-17 01:24:16,6,q86a,0,11,177,499,468,1667,1504,692,725,0,0,0,43,1868169,0,0,1110240560,7322091,62465748,0,0,2122,18,18,0,157792,157792,0,0,66590,930,3.34,0.5
813,2026-05-17 01:24:17,6,q87,0,15,345,1821,3596,19929,15060,1246,1263,0,110,0,1654,12830101,0,0,7811615960,50921019,68898388,0,0,1694820,473,473,0,44539705,44539705,0,0,44539705,1694820,10.94,1.82
814,2026-05-17 01:24:20,6,q88,0,44,1046,1854,6517,20283,17234,4056,4067,0,352,0,16,232093,0,0,411962368,230611328,292765644,0,0,128,128,128,0,7407,7407,0,0,7407,128,10.94,1.85
815,2026-05-17 01:24:23,6,q89,0,10,224,724,861,4875,4260,928,936,0,0,0,151,232050,0,0,931981384,28922607,195121480,0,0,49694,22,22,0,2286319,2286319,0,0,2286319,49694,6.73,0.72
816,2026-05-17 01:24:25,6,q90,0,14,338,435,848,2421,1743,1286,1358,0,0,0,4,232049,0,0,103596544,14447582,28364597,0,0,32,32,32,0,1816,1816,0,0,1816,32,5.57,0.44
817,2026-05-17 01:24:26,6,q91,0,17,391,694,1740,3153,2154,1663,1628,0,111,0,2,9580952,0,0,1093109944,4137922,31987399,0,0,45,3,3,0,6451,6451,0,0,4131,30,4.54,0.69
818,2026-05-17 01:24:28,6,q92,0,11,239,460,704,2860,2446,981,968,0,0,0,68,708309,0,0,110994360,14522180,124234272,0,0,134565,9,9,0,1823000,1823000,0,0,1823000,134565,6.22,0.46
819,2026-05-17 01:24:30,6,q93,0,8,201,3760,4561,45046,43625,712,712,0,0,0,1512,232047,0,0,5766380072,31678193,266262597,0,0,31635854,221,221,0,754534757,754534757,0,0,754534757,31635854,11.98,3.76
820,2026-05-17 01:24:34,6,q94,0,14,367,1527,2772,14222,13112,1452,1402,0,172,0,392,2579938,0,0,3571011840,15390507,101345378,0,0,14397040,153,153,0,217756544,217756544,0,0,217756544,14397040,9.31,1.53
821,2026-05-17 01:24:37,6,q95,0,14,367,3742,5096,46692,40865,1376,1447,0,1040,0,356,2580881,0,0,14560086280,15390498,98384799,0,0,35990240,357,357,0,319481278,319481278,0,0,196651615,14395274,12.48,3.74
822,2026-05-17 01:24:42,6,q96,0,9,220,441,599,2757,1950,1113,936,0,60,0,7,232050,0,0,51097984,28827807,36655611,0,0,16,16,16,0,926,926,0,0,926,16,6.25,0.44
823,2026-05-17 01:24:43,6,q97,0,8,201,1894,2297,19579,17001,1120,787,4,88,0,320,232050,0,0,6197962344,43220929,232052167,0,0,8377536,238,238,0,96885569,96885569,0,0,96885569,8377536,10.34,1.89
824,2026-05-17 01:24:46,6,q98,0,10,182,788,722,4121,3486,737,737,3,119,0,211,3361780,0,0,1648313712,28922504,251278047,0,0,105830,98,98,0,14419166,14419166,0,0,12449291,90666,5.23,0.79
825,2026-05-17 01:24:48,6,q99,0,11,271,825,1169,4196,3711,1104,1177,0,30,0,30,232049,0,0,138727912,14420484,41803089,0,0,2160,3,3,0,173652,173652,0,0,173652,2160,5.09,0.82
826,2026-05-17 01:24:50,7,q1,0,15,315,849,1444,4412,3438,1461,1226,0,18,0,143,5100840,0,0,2302920440,6275371,63815498,0,0,1604137,54,54,0,24046275,24046275,0,0,24046275,1604137,5.2,0.85
827,2026-05-17 01:24:52,7,q2,0,14,290,843,965,5515,5122,1286,1249,0,36,0,68,755509,0,0,435904744,21713567,94047677,0,0,6856,38,38,0,353470,353470,0,0,127688,4204,6.54,0.84
828,2026-05-17 01:24:54,7,q3,0,7,171,396,400,2653,2085,670,709,0,0,0,95,232050,0,0,109445096,28975553,245100763,0,0,2988,10,10,0,205613,205613,0,0,205613,2988,6.7,0.4
829,2026-05-17 01:24:55,7,q4,0,28,565,7779,36979,116632,96353,1954,1886,0,2249,0,11022,1691203,0,0,39674206800,50941020,813958217,0,0,102286012,3435,3435,0,2536436278,2536436278,0,0,1273457817,51438627,14.99,7.78
830,2026-05-17 01:25:04,7,q5,0,22,684,1935,4090,21424,18986,2688,2702,0,201,0,467,317666,0,0,3279919856,62671045,554479361,0,0,7890157,124,124,0,109287703,109287703,0,0,109287703,7890157,11.07,1.94
831,2026-05-17 01:25:07,7,q5a,0,25,689,2148,4230,22364,19421,2746,2731,0,527,0,596,318182,0,0,3818887728,62671045,554479361,0,0,7891824,134,134,0,109437496,109437496,0,0,109304266,7890000,10.41,2.15
832,2026-05-17 01:25:11,7,q6,0,18,403,1596,2776,18664,17467,1657,1673,0,128,0,598,2121631,0,0,5099075256,29847557,158715508,0,0,27358702,206,206,0,240346192,240346192,0,0,240346192,27358702,11.69,1.6
833,2026-05-17 01:25:13,7,q7,0,12,284,1080,1384,8409,7216,1151,1182,8,88,0,120,788267,0,0,1025566688,30843815,431581172,0,0,71891,22,22,0,2547586,2547586,0,0,2547586,71891,7.79,1.08
834,2026-05-17 01:25:16,7,q8,0,16,333,856,1155,4581,3866,1343,1413,0,0,0,38,2373025,0,0,1514421792,29820609,140288119,0,0,6731,13,13,0,84411,84411,0,0,84411,6731,5.35,0.86
835,2026-05-17 01:25:17,7,q9,0,17,386,869,3451,9890,8266,1351,1421,7,320,0,13,232824,0,0,0,144002556,913584820,0,0,80,80,80,0,5816,5816,0,0,5816,80,11.38,0.87
836,2026-05-17 01:25:19,7,q10,0,18,429,1190,2348,9018,7261,1825,1621,0,432,0,563,29252855,0,0,3799575784,53091830,80834266,0,0,2400953,101,101,0,9669568,9669568,0,0,9669568,2400953,7.58,1.19
837,2026-05-17 01:25:22,7,q10a,0,15,428,1026,1562,6415,6012,1598,1638,3,0,0,508,29252425,0,0,4599051616,53091830,80834266,0,0,2368363,153,153,0,9643291,9643291,0,0,9643291,2368363,6.25,1.03
838,2026-05-17 01:25:24,7,q11,0,22,430,4061,13225,58595,51775,1535,1432,0,585,0,5563,1380202,0,0,26856842912,36540594,273441966,0,0,71770406,2006,2006,0,1051779270,1051779270,0,0,537179235,36215116,14.43,4.06
839,2026-05-17 01:25:29,7,q12,0,8,173,594,584,2259,1699,754,736,0,128,0,55,3286039,0,0,639059672,7322091,68823730,0,0,28994,10,10,0,3887756,3887756,0,0,3887756,28994,3.8,0.59
840,2026-05-17 01:25:31,7,q13,0,13,332,1361,1930,10561,9274,1413,1425,0,90,0,2,1311501,0,0,552967424,30998618,511026468,0,0,16,16,16,0,1138,1138,0,0,1138,16,7.76,1.36
841,2026-05-17 01:25:33,7,q14a,0,46,1055,6604,10517,60206,53420,4286,4101,13,1333,0,3372,1195253,0,0,10126713176,151671058,968348951,0,0,62602963,349,349,0,878508003,878508003,0,0,875395407,62516439,9.12,6.6
842,2026-05-17 01:25:42,7,q14b,0,40,997,4530,8668,50352,46841,3978,4014,0,680,0,2180,1195253,0,0,8726695408,130216643,768006622,0,0,68372216,313,313,0,1013614548,1013614548,0,0,529727868,40865009,11.12,4.53
843,2026-05-17 01:25:47,7,q14,0,40,994,4325,9051,46268,42536,4076,3994,28,598,0,2331,1169959,0,0,7872597704,130216643,768006622,0,0,68278767,278,278,0,1004774601,1004774601,0,0,520887921,40771560,10.7,4.32
844,2026-05-17 01:25:53,7,q15,0,9,227,894,1010,5196,4495,1018,943,0,0,0,10,5046346,0,0,788333904,15170429,58149761,0,0,502,1,1,0,18324,18324,0,0,18324,502,5.81,0.89
845,2026-05-17 01:25:55,7,q16,0,14,370,2073,3552,25571,23401,1333,1410,0,240,0,1093,232049,0,0,4703921456,30510786,216421384,0,0,30114572,306,306,0,422033262,422033262,0,0,422033262,30114572,12.34,2.07
846,2026-05-17 01:25:58,7,q17,0,17,439,4569,7572,57400,53978,1703,1734,0,352,0,2483,6980521,0,0,7880912176,46220667,348529818,0,0,45538041,633,633,0,1088684385,1088684385,0,0,1088684385,45538041,12.56,4.57
847,2026-05-17 01:26:04,7,q18,0,16,403,1500,2225,7092,6258,1581,1649,0,0,0,50,9765521,0,0,2661568088,19114050,308435192,0,0,56803,15,15,0,4021295,4021295,0,0,4021295,56803,4.73,1.5
848,2026-05-17 01:26:06,7,q18a,0,32,878,2967,7680,29041,26149,3996,3613,11,457,0,380,9765521,0,0,12347073984,77567758,1441088714,0,0,64753,41,41,0,4687048,4687048,0,0,4687048,64753,9.79,2.97
849,2026-05-17 01:26:10,7,q19,0,13,331,1369,1965,10398,9510,1334,1411,0,0,0,111,5046346,0,0,1426921720,29672609,280253464,0,0,7338,10,10,0,538502,538502,0,0,538502,7338,7.6,1.37
850,2026-05-17 01:26:13,7,q20,0,8,172,565,556,2416,1941,775,732,20,184,0,17,3286039,0,0,370624312,14522428,126863015,0,0,28486,2,2,0,3491832,3491832,0,0,3491832,28486,4.28,0.56
851,2026-05-17 01:26:14,7,q21,0,9,222,1112,1233,5165,4690,905,934,0,0,0,10,232050,0,0,193995600,133232014,713392285,0,0,31850,1,1,0,679321,679321,0,0,679321,31850,4.64,1.11
852,2026-05-17 01:26:17,7,q22,0,10,239,57781,57856,121044,119748,1004,945,0,107,0,64,4653671,0,0,1677716768,133232017,713018751,0,0,612866,68,68,0,25860071,25860071,0,0,25860071,612866,2.09,57.78
853,2026-05-17 01:27:15,7,q22a,0,14,278,2946,3544,12730,11000,1227,1066,0,46,0,1220,4653671,0,0,7532702072,133232014,713029969,0,0,1173793,282,282,0,58356204,58356204,0,0,17414076,358209,4.32,2.95
854,2026-05-17 01:27:20,7,q23a,0,28,677,6007,11456,71342,66860,2585,2531,0,1015,0,3078,6609758,0,0,12294688208,108664026,586531457,0,0,43875394,651,651,0,1114302891,1114302891,0,0,1084605277,41975235,11.88,6.01
855,2026-05-17 01:27:27,7,q23b,0,32,754,9189,23348,110566,78285,8081,2869,60,20770,0,4238,6609758,0,0,25270029344,109164027,591252040,0,0,48638194,1329,1329,0,1199152798,1199152798,0,0,1096972512,42437717,12.03,9.19
856,2026-05-17 01:27:37,7,q24,0,14,363,2611,4948,30243,24461,1865,1466,2,840,0,1346,20739826,0,0,7068696000,32530241,313289460,0,0,29735885,204,204,0,677934954,677934954,0,0,677934954,29735885,11.58,2.61
857,2026-05-17 01:27:41,7,q24a,0,20,436,4113,6182,46763,38106,1949,1725,2,1040,0,1552,18177789,0,0,16497845272,32632242,311241453,0,0,59478907,440,440,0,1356813606,1356813606,0,0,678878652,29743022,11.37,4.11
858,2026-05-17 01:27:46,7,q24b,0,20,436,3280,4868,35244,30634,2207,1762,5,907,0,1533,18177832,0,0,15891776752,32632242,311241453,0,0,59478765,428,428,0,1356789838,1356789838,0,0,678854884,29742880,10.75,3.28
859,2026-05-17 01:27:50,7,q25,0,17,439,4940,8652,62331,55461,2397,1783,34,964,0,3381,6980521,0,0,7880887560,46220667,489792216,0,0,45538038,630,630,0,1108314399,1108314399,0,0,1108314399,45538038,12.62,4.94
860,2026-05-17 01:27:56,7,q26,0,11,282,854,1150,5042,4400,1158,1174,0,0,0,34,788267,0,0,488171680,16443739,228883664,0,0,34144,3,3,0,1157101,1157101,0,0,1157101,34144,5.9,0.85
861,2026-05-17 01:27:58,7,q27,0,12,284,924,1270,6646,6212,1232,1193,8,142,0,125,788267,0,0,1026039776,30843417,405671205,0,0,58862,22,22,0,2215582,2215582,0,0,2215582,58862,7.19,0.92
862,2026-05-17 01:28:00,7,q27a,0,20,521,1986,4302,19914,16411,2535,2177,0,889,0,543,788267,0,0,1459118536,88546525,1198643418,0,0,60727,39,39,0,2447957,2447957,0,0,2447957,60727,10.03,1.99
863,2026-05-17 01:28:03,7,q28,0,24,408,2062,4776,25058,16646,2483,1633,4,878,0,3069,232050,0,0,4455922128,172803012,1402362570,0,0,468289,66,66,0,7661152,7661152,0,0,7661152,468289,12.15,2.06
864,2026-05-17 01:28:07,7,q29,0,19,490,5305,9522,67393,54839,2681,1990,3,1827,0,3869,6980521,0,0,7880995000,46240668,349003993,0,0,45538045,635,635,0,1088685160,1088685160,0,0,1088685160,45538045,12.7,5.3
865,2026-05-17 01:28:13,7,q30,0,17,356,1063,2332,3783,2022,1929,1532,0,67,0,187,2003078,0,0,1060281576,2460554,45638772,0,0,755089,7,7,0,59269674,59269674,0,0,59269674,755089,3.56,1.06
866,2026-05-17 01:28:15,7,q31,0,30,611,2231,5266,22771,16530,3490,2450,0,606,0,1316,3851818,0,0,3407134704,108311777,551777958,0,0,79630,49,49,0,2730805,2730805,0,0,2508788,72848,10.21,2.23
867,2026-05-17 01:28:18,7,q32,0,11,239,489,731,3802,3326,915,944,0,0,0,37,707099,0,0,110945208,28922854,240028290,0,0,55420,10,10,0,761491,761491,0,0,761491,55420,7.78,0.49
868,2026-05-17 01:28:20,7,q33,0,16,411,1113,1790,7985,6691,1700,1647,0,47,0,488,895616,0,0,1075511576,50875021,469425630,0,0,17021,18,18,0,449731,449731,0,0,449731,17021,7.17,1.11
869,2026-05-17 01:28:22,7,q34,0,14,306,788,1423,4961,4150,1164,1196,0,81,0,230,232049,0,0,287388216,29327808,80140308,0,0,1010675,16,16,0,34202234,34202234,0,0,17284469,510675,6.3,0.79
870,2026-05-17 01:28:24,7,q35,0,17,434,1350,2336,11184,9356,1643,1654,0,132,0,576,24091970,0,0,8150415128,53091830,80626384,0,0,6056644,255,255,0,16018414,16018414,0,0,16018414,6056644,8.28,1.35
871,2026-05-17 01:28:26,7,q35a,0,16,434,1286,2093,8880,6927,2250,1707,0,208,0,766,24092658,0,0,7361886264,53091830,80626384,0,0,6053558,255,255,0,16031209,16031209,0,0,16031209,6053558,6.91,1.29
872,2026-05-17 01:28:29,7,q36,0,10,223,893,1065,6706,4995,1110,946,0,0,0,809,1868212,0,0,990715872,28922607,366557283,0,0,1767,11,11,0,138575,138575,0,0,138575,1767,7.51,0.89
873,2026-05-17 01:28:31,7,q36a,0,13,228,790,979,4781,4355,1171,980,0,0,0,89,1868212,0,0,1529683744,28922607,366557283,0,0,4792,36,36,0,397014,397014,0,0,147166,1820,6.05,0.79
874,2026-05-17 01:28:33,7,q37,0,10,254,1215,1748,8513,7230,959,971,0,282,0,385,232006,0,0,878263696,147632429,779683064,0,0,4316414,146,146,0,64592408,64592408,0,0,64592408,14400617,7.01,1.22
875,2026-05-17 01:28:35,7,q38,0,15,345,2066,3792,21045,14913,1620,1261,2,141,0,1148,12830316,0,0,7811615960,50921019,68898388,0,0,1694820,473,473,0,44539705,44539705,0,0,44539705,1694820,10.19,2.07
876,2026-05-17 01:28:38,7,q39a,0,18,364,2129,4168,16209,13462,2123,1522,0,114,0,1086,805959,0,0,2003277096,266362016,1424063585,0,0,1129925,56,56,0,27117544,27117544,0,0,26113005,1093917,7.61,2.13
877,2026-05-17 01:28:41,7,q39b,0,18,364,1939,3795,13541,12288,1924,1494,2,132,0,660,524796,0,0,1997116712,266362016,1424063585,0,0,1093504,56,56,0,26086066,26086066,0,0,25081527,1057496,6.98,1.94
878,2026-05-17 01:28:44,7,q40,0,12,305,1834,2950,19431,15629,1417,1222,0,224,0,1087,232006,0,0,4141621464,15962322,133296408,0,0,15748014,170,170,0,309224449,309224449,0,0,309224449,15748014,10.59,1.83
879,2026-05-17 01:28:47,7,q41,0,6,108,452,363,2348,294,688,524,0,0,0,7,232049,0,0,270538656,204002,2005296,0,0,140,2,2,0,9680,9680,0,0,9680,140,5.19,0.45
880,2026-05-17 01:28:49,7,q42,0,7,171,474,490,3034,2325,963,726,1,0,0,24,232050,0,0,777260536,28922504,244719436,0,0,110,10,10,0,9119,9119,0,0,9119,110,6.4,0.47
881,2026-05-17 01:28:51,7,q43,0,7,169,762,789,5854,4950,894,735,0,0,0,29,232093,0,0,105177960,28820606,77101130,0,0,210,10,10,0,27003,27003,0,0,27003,210,7.68,0.76
882,2026-05-17 01:28:52,7,q44,0,11,196,655,702,4081,3157,951,732,0,0,0,161,1673996,0,0,1319036296,57703005,386731469,0,0,792642,98,98,0,10026252,10026252,0,0,5014246,396370,6.23,0.66
883,2026-05-17 01:28:54,7,q45,0,13,333,810,1344,3186,2537,1353,1398,0,0,0,8,5046346,0,0,2009365456,8092094,58889378,0,0,29,4,4,0,2649,2649,0,0,2649,29,3.93,0.81
884,2026-05-17 01:28:56,7,q46,0,13,329,1009,1694,6828,6074,1443,1434,1,14,0,118,15378613,0,0,748821896,29577809,254617816,0,0,27956,10,10,0,1370335,1370335,0,0,1370335,27956,6.77,1.01
885,2026-05-17 01:28:58,7,q47,0,15,283,1922,2924,19447,13910,1115,1066,0,384,0,3024,2319872,0,0,6611285912,28922607,194842734,0,0,2654649,787,787,0,104923859,104923859,0,0,61537809,1555424,10.12,1.92
886,2026-05-17 01:29:01,7,q48,0,11,281,1500,1924,11827,9979,1390,1219,0,102,0,71,1332025,0,0,535376128,30991417,272302318,0,0,16,16,16,0,932,932,0,0,932,16,7.88,1.5
887,2026-05-17 01:29:04,7,q49,0,25,502,2127,4532,21818,16881,2481,1844,0,839,0,2050,239758,0,0,4980877224,55458809,786699359,0,0,15195841,48,48,0,337670533,337670533,0,0,337670533,15195841,10.26,2.13
888,2026-05-17 01:29:07,7,q50,0,12,303,2660,4085,29570,24899,1765,1257,1,432,0,1226,372424,0,0,4687124776,31771289,218061805,0,0,29262054,221,221,0,629482996,629482996,0,0,629482996,29262054,11.12,2.66
889,2026-05-17 01:29:11,7,q51,0,13,285,3217,4542,41976,33486,1083,926,0,460,0,4221,300713,0,0,9962086816,36020592,232506462,0,0,24412982,1679,1679,0,420434145,420434145,0,0,420434145,24412982,13.05,3.22
890,2026-05-17 01:29:15,7,q51a,0,17,351,21055,25304,274826,244010,1259,1076,0,3128,0,4809,460428,0,0,26917555224,36020592,232506462,0,0,47528628,2587,2587,0,789344338,789344338,0,0,575961895,36066662,13.05,21.06
891,2026-05-17 01:29:37,7,q52,0,7,171,563,566,3966,3300,941,726,16,0,0,115,232050,0,0,777260536,28922504,244916044,0,0,4234,10,10,0,266465,266465,0,0,266465,4234,7.04,0.56
892,2026-05-17 01:29:39,7,q53,0,10,223,661,806,4425,3800,911,948,0,0,0,130,232050,0,0,193391056,28922607,195396646,0,0,31292,11,11,0,659777,659777,0,0,659777,31292,6.69,0.66
893,2026-05-17 01:29:40,7,q54,0,26,636,1657,4639,18389,16813,2655,2663,9,96,0,929,5046346,0,0,2599766336,51386176,275360731,0,0,26873206,179,179,0,252841478,252841478,0,0,252841478,26873206,11.1,1.66
894,2026-05-17 01:29:43,7,q55,0,7,171,503,521,3375,3059,704,719,0,0,0,93,232006,0,0,777260536,28922504,244916044,0,0,3449,10,10,0,212147,212147,0,0,212147,3449,6.71,0.5
895,2026-05-17 01:29:45,7,q56,0,16,411,972,1518,7621,5591,1757,1687,1,120,0,394,466522,0,0,1163589240,50875021,470020066,0,0,10861,18,18,0,393218,393218,0,0,393218,10861,7.84,0.97
896,2026-05-17 01:29:47,7,q57,0,15,264,1630,2540,12806,10416,1009,1031,0,105,0,1012,2319872,0,0,5327819360,14522453,95546612,0,0,1160477,378,378,0,45103411,45103411,0,0,33376650,851478,7.86,1.63
897,2026-05-17 01:29:50,7,q58,0,17,408,1315,2180,10645,8871,1701,1661,0,195,0,520,788267,0,0,1989522544,50669119,427992581,0,0,246082,25,25,0,3668153,3668153,0,0,3668153,246082,8.1,1.32
898,2026-05-17 01:29:52,7,q59,0,16,335,1168,1985,7574,6952,1360,1430,0,7,0,325,755509,0,0,1653007480,28913760,77812197,0,0,304444,132,132,0,12804419,12804419,0,0,6649494,170837,6.48,1.17
899,2026-05-17 01:29:54,7,q60,0,16,411,1068,1742,8252,6490,1764,1666,1,140,0,461,466522,0,0,1712740176,50875021,469955046,0,0,78327,19,19,0,1553349,1553349,0,0,1553349,78327,7.73,1.07
900,2026-05-17 01:29:56,7,q61,0,18,449,1156,2626,10559,9056,1820,1838,0,165,0,35,5046346,0,0,997398400,58473612,586756791,0,0,32,32,32,0,1864,1864,0,0,1864,32,9.13,1.16
901,2026-05-17 01:29:59,7,q62,0,11,271,571,849,2595,2023,1116,1151,0,0,0,37,232049,0,0,138730216,7220165,28281087,0,0,1680,4,4,0,144524,144524,0,0,144524,1680,4.54,0.57
902,2026-05-17 01:30:00,7,q63,0,10,223,609,706,3964,3363,924,945,0,36,0,145,232050,0,0,193325520,28922607,195400742,0,0,12893,11,11,0,338212,338212,0,0,338212,12893,6.51,0.61
903,2026-05-17 01:30:02,7,q64,0,38,921,7534,18669,98055,85247,3856,3641,3,1732,0,4714,13606779,0,0,35316849912,50412135,677767795,0,0,52026303,1839,1839,0,1951324540,1951324540,0,0,1805119561,48487731,13.01,7.53
904,2026-05-17 01:30:11,7,q65,0,15,340,1692,3062,21900,19205,1225,1262,1,160,0,1961,9209889,0,0,6088916240,57723109,392887053,0,0,11864589,391,391,0,390790175,390790175,0,0,390790175,11864589,12.94,1.69
905,2026-05-17 01:30:14,7,q66,0,14,339,1248,1909,8382,7134,1383,1442,0,7,0,29,232049,0,0,1090912176,21660549,214862416,0,0,110,11,11,0,54164,54164,0,0,54164,110,6.72,1.25
906,2026-05-17 01:30:16,7,q67,0,10,239,7167,7267,75218,72850,947,975,0,1091,0,1523,4653671,0,0,7413963152,28922607,222327196,0,0,11517622,187,187,0,863913021,863913021,0,0,863913021,11517622,10.5,7.17
907,2026-05-17 01:30:24,7,q67a,0,18,380,10459,35295,135450,127384,1406,1270,0,952,0,5334,4653628,0,0,26406027704,28922607,222327196,0,0,55544740,1700,1700,0,4119857621,4119857621,0,0,900512141,13217996,12.95,10.46
908,2026-05-17 01:30:36,7,q68,0,13,329,989,1727,7075,5855,1348,1379,1,80,0,105,15378570,0,0,479525608,29577809,391997773,0,0,6174,10,10,0,435242,435242,0,0,435242,6174,7.15,0.99
909,2026-05-17 01:30:38,7,q69,0,18,429,1149,2183,8446,6924,1739,1652,0,176,0,509,28817400,0,0,3798521704,53091830,80702678,0,0,1902033,101,101,0,9546588,9546588,0,0,9546588,1902033,7.35,1.15
910,2026-05-17 01:30:40,7,q70,0,14,289,1073,1185,7403,6600,1152,1204,8,104,0,44,232050,0,0,1082906264,57621211,271919453,0,0,209,22,22,0,10318,10318,0,0,10318,209,6.9,1.07
911,2026-05-17 01:30:42,7,q70a,0,17,294,993,1104,6120,5378,1442,1230,0,120,0,50,231362,0,0,883676640,57621211,271919453,0,0,240,47,47,0,14125,14125,0,0,8085,180,6.16,0.99
912,2026-05-17 01:30:44,7,q71,0,13,356,969,1030,8087,6599,1406,1480,1,160,0,267,421741,0,0,858487824,50563020,455709559,0,0,32225,31,31,0,1647107,1647107,0,0,994272,21118,8.35,0.97
913,2026-05-17 01:30:46,7,q72,0,26,673,18587,23643,220277,208436,2778,2686,2,1876,0,4691,6609844,0,0,19933730552,151146935,897878107,0,0,142246513,1121,1121,0,2047926161,2047926161,0,0,2047926161,142246513,11.85,18.59
914,2026-05-17 01:31:06,7,q73,0,14,306,822,1647,5371,3993,1517,1188,0,48,0,137,232049,0,0,286157368,29327808,80140308,0,0,1002732,16,16,0,33966985,33966985,0,0,17049220,502732,6.53,0.82
915,2026-05-17 01:31:08,7,q74,0,20,478,2352,4964,24213,16110,2345,1833,1,544,0,3017,15569619,0,0,13344509464,72541185,378519971,0,0,1762073,822,822,0,58787775,58787775,0,0,58787775,1762073,10.29,2.35
916,2026-05-17 01:31:11,7,q75,0,31,815,3373,8766,44004,33347,3338,3022,5,1000,0,5571,318304,0,0,11789416304,105981828,1093848030,0,0,14156495,869,869,0,314433702,314433702,0,0,214592381,9118707,13.05,3.37
917,2026-05-17 01:31:16,7,q76,0,9,303,964,911,8638,6265,1583,1249,0,0,0,237,923844,0,0,2026220376,50507442,458851137,0,0,3183,22,22,0,266492,266492,0,0,266492,3183,8.96,0.96
918,2026-05-17 01:31:18,7,q77,0,23,553,1080,2015,7853,6560,2210,2128,0,112,0,154,232093,0,0,857308616,55459113,494022214,0,0,1350,37,37,0,94853,94853,0,0,94853,1350,7.27,1.08
919,2026-05-17 01:31:20,7,q77a,0,26,558,1060,1979,7228,6644,2247,2149,0,98,0,130,231620,0,0,1396276488,55459113,494022214,0,0,1814,48,48,0,150988,150988,0,0,109492,1484,6.82,1.06
920,2026-05-17 01:31:23,7,q78,0,18,496,5962,12928,85319,70400,1872,1826,0,1384,0,4548,6524755,0,0,19529868616,55458809,583703190,0,0,54207575,1003,1003,0,1578864490,1578864490,0,0,1578864490,54207575,14.31,5.96
921,2026-05-17 01:31:30,7,q79,0,12,279,998,1489,7780,6734,1122,1174,1,170,0,130,12830316,0,0,939014112,29327808,251084703,0,0,80366,22,22,0,2984678,2984678,0,0,2984678,80366,7.8,1.0
922,2026-05-17 01:31:32,7,q80,0,29,756,6716,20152,95983,86805,3481,2980,35,1509,0,4022,232737,0,0,14185165104,55573458,839053875,0,0,53052375,496,496,0,1571583782,1571583782,0,0,1571583782,53052375,14.29,6.72
923,2026-05-17 01:31:39,7,q80a,0,32,761,6698,19677,96137,87964,2974,2939,0,1122,0,7106,232566,0,0,14657024136,55573458,839053875,0,0,53053332,507,507,0,1571699394,1571699394,0,0,1571596644,53052306,14.35,6.7
924,2026-05-17 01:31:47,7,q81,0,17,370,943,1782,3321,2302,1495,1454,40,144,0,108,2002949,0,0,2388196312,3899770,53967562,0,0,1302197,36,36,0,34334297,34334297,0,0,34334297,1302197,3.52,0.94
925,2026-05-17 01:31:49,7,q82,0,10,254,1364,1989,11814,10685,921,966,0,240,0,405,232006,0,0,1650023680,162032505,837781656,0,0,13778665,194,194,0,136820298,136820298,0,0,136820298,28800829,8.66,1.36
926,2026-05-17 01:31:52,7,q83,0,17,404,710,915,2594,1523,1578,1633,0,0,0,48,788267,0,0,1148526576,5358945,36394239,0,0,39989,4,4,0,560851,560851,0,0,560851,39989,3.65,0.71
927,2026-05-17 01:31:54,7,q84,0,15,353,896,1406,2126,1347,1325,1346,0,99,0,60,9765521,0,0,615806688,5555667,30907440,0,0,2778010,5,5,0,14580028,14580028,0,0,14580028,2778010,2.37,0.9
928,2026-05-17 01:31:56,7,q85,0,18,472,1442,4389,10774,8772,1775,1871,0,208,0,116,17038454,0,0,8635287000,12032233,132213374,0,0,915638,92,92,0,33263061,33263061,0,0,33263061,915638,7.47,1.44
929,2026-05-17 01:31:58,7,q86,0,8,172,505,491,2053,1697,706,714,0,84,0,29,1868212,0,0,571272816,7322091,62465748,0,0,816,5,5,0,54740,54740,0,0,54740,816,4.07,0.5
930,2026-05-17 01:32:00,7,q86a,0,11,177,567,538,1818,1559,851,731,0,0,0,43,1868169,0,0,1110240560,7322091,62465748,0,0,2122,18,18,0,157792,157792,0,0,66590,930,3.21,0.57
931,2026-05-17 01:32:01,7,q87,0,15,345,1645,3065,16901,13551,1380,1270,1,128,0,1720,12830273,0,0,7811615960,50921019,68898388,0,0,1694820,473,473,0,44539705,44539705,0,0,44539705,1694820,10.27,1.64
932,2026-05-17 01:32:04,7,q88,0,44,1046,1728,6158,18208,15450,4112,4104,3,280,0,16,232695,0,0,411962368,230611328,292765644,0,0,128,128,128,0,7407,7407,0,0,7407,128,10.54,1.73
933,2026-05-17 01:32:07,7,q89,0,10,224,752,884,5161,4586,907,935,0,0,0,144,232050,0,0,931981384,28922607,195121480,0,0,49694,22,22,0,2286319,2286319,0,0,2286319,49694,6.86,0.75
934,2026-05-17 01:32:09,7,q90,0,14,338,448,852,2431,1782,1399,1375,0,112,0,4,232049,0,0,103596544,14447582,28364597,0,0,32,32,32,0,1816,1816,0,0,1816,32,5.43,0.45
935,2026-05-17 01:32:10,7,q91,0,17,391,645,1587,2953,2012,1542,1609,1,0,0,2,9581038,0,0,1093109944,4137922,31987399,0,0,45,3,3,0,6451,6451,0,0,4131,30,4.58,0.64
936,2026-05-17 01:32:12,7,q92,0,11,239,518,772,3449,2435,1150,959,0,160,0,67,708309,0,0,110994360,14522180,124234272,0,0,134565,9,9,0,1823000,1823000,0,0,1823000,134565,6.66,0.52
937,2026-05-17 01:32:14,7,q93,0,8,201,3844,4426,45639,42093,714,699,0,400,0,1472,232047,0,0,5766380072,31678193,266262597,0,0,31635854,221,221,0,754534757,754534757,0,0,754534757,31635854,11.87,3.84
938,2026-05-17 01:32:18,7,q94,0,14,367,1750,3118,17929,16011,1565,1407,0,144,0,389,2580110,0,0,3571011840,15390507,101345378,0,0,14397040,153,153,0,217756544,217756544,0,0,217756544,14397040,10.25,1.75
939,2026-05-17 01:32:21,7,q95,0,14,367,3855,5192,46803,35117,1378,1457,0,1740,0,373,2581096,0,0,14560086280,15390498,98384799,0,0,35990240,357,357,0,319481278,319481278,0,0,196651615,14395274,12.14,3.86
940,2026-05-17 01:32:26,7,q96,0,9,220,513,691,3251,2329,1197,930,0,0,0,3,232092,0,0,51097984,28827807,36655611,0,0,16,16,16,0,926,926,0,0,926,16,6.34,0.51
941,2026-05-17 01:32:28,7,q97,0,8,201,2193,2685,22846,16728,1016,770,2,377,0,448,232050,0,0,6197962344,43220929,232052167,0,0,8377536,238,238,0,96885569,96885569,0,0,96885569,8377536,10.42,2.19
942,2026-05-17 01:32:31,7,q98,0,10,182,898,827,4401,3598,883,722,3,0,0,274,3361780,0,0,1648313712,28922504,251278047,0,0,105830,98,98,0,14419166,14419166,0,0,12449291,90666,4.9,0.9
943,2026-05-17 01:32:33,7,q99,0,11,271,871,1285,4217,3430,1446,1184,0,0,0,30,232049,0,0,138727912,14420484,41803089,0,0,2160,3,3,0,173652,173652,0,0,173652,2160,4.84,0.87
944,2026-05-17 01:32:35,8,q1,0,15,315,843,1427,4462,3487,1394,1218,0,8,0,142,5100797,0,0,2302920440,6275371,63815498,0,0,1604137,54,54,0,24046275,24046275,0,0,24046275,1604137,5.29,0.84
945,2026-05-17 01:32:37,8,q2,0,14,290,798,949,5558,5229,1155,1208,0,72,0,71,755509,0,0,435904744,21713567,94047677,0,0,6856,38,38,0,353470,353470,0,0,127688,4204,6.96,0.8
946,2026-05-17 01:32:39,8,q3,0,7,171,507,514,3314,2593,976,725,0,91,0,108,232050,0,0,109445096,28975553,245100763,0,0,2988,10,10,0,205613,205613,0,0,205613,2988,6.54,0.51
947,2026-05-17 01:32:40,8,q4,0,28,565,7987,37529,119892,98292,1978,1866,0,2251,0,11450,1691203,0,0,39674206800,50941020,813958217,0,0,102286012,3435,3435,0,2536436278,2536436278,0,0,1273457817,51438627,15.01,7.99
948,2026-05-17 01:32:50,8,q5,0,22,684,1969,4017,21765,19292,2676,2664,0,260,0,455,317451,0,0,3279919856,62671045,554479361,0,0,7890157,124,124,0,109287703,109287703,0,0,109287703,7890157,11.05,1.97
949,2026-05-17 01:32:53,8,q5a,0,25,689,2120,4117,21698,20008,2832,2712,0,285,0,558,318139,0,0,3818887728,62671045,554479361,0,0,7891824,134,134,0,109437496,109437496,0,0,109304266,7890000,10.23,2.12
950,2026-05-17 01:32:56,8,q6,0,18,403,1592,2822,18567,17476,1698,1673,1,36,0,631,2121631,0,0,5099075256,29847557,158715508,0,0,27358702,206,206,0,240346192,240346192,0,0,240346192,27358702,11.66,1.59
951,2026-05-17 01:32:59,8,q7,0,12,284,1106,1405,8536,7625,1122,1167,0,0,0,127,788224,0,0,1025566688,30843815,431581172,0,0,71891,22,22,0,2547586,2547586,0,0,2547586,71891,7.72,1.11
952,2026-05-17 01:33:01,8,q8,0,16,333,1057,1356,6578,5813,1295,1385,0,72,0,38,2373025,0,0,1514421792,29820609,140288119,0,0,6731,13,13,0,84411,84411,0,0,84411,6731,6.22,1.06
953,2026-05-17 01:33:03,8,q9,0,17,386,828,3329,9604,8218,1277,1405,28,96,0,11,232910,0,0,0,144002556,913584820,0,0,80,80,80,0,5816,5816,0,0,5816,80,11.6,0.83
954,2026-05-17 01:33:05,8,q10,0,18,429,1285,2634,10024,8242,1848,1640,0,160,0,333,29252425,0,0,3799575784,53091830,80834266,0,0,2400953,101,101,0,9669568,9669568,0,0,9669568,2400953,7.8,1.28
955,2026-05-17 01:33:07,8,q10a,0,15,428,983,1547,5904,5420,1723,1647,0,193,0,465,29252898,0,0,4599051616,53091830,80834266,0,0,2368363,153,153,0,9643291,9643291,0,0,9643291,2368363,6.01,0.98
956,2026-05-17 01:33:09,8,q11,0,22,430,4189,13883,60970,53780,1384,1436,0,711,0,5270,1380159,0,0,26856842912,36540594,273441966,0,0,71770406,2006,2006,0,1051779270,1051779270,0,0,537179235,36215116,14.55,4.19
957,2026-05-17 01:33:14,8,q12,0,8,173,539,524,2018,1676,693,719,0,0,0,55,3286039,0,0,639059672,7322091,68823730,0,0,28994,10,10,0,3887756,3887756,0,0,3887756,28994,3.74,0.54
958,2026-05-17 01:33:16,8,q13,0,13,332,1555,2261,12737,11088,1505,1414,0,249,0,2,1311415,0,0,552967424,30998618,511026468,0,0,16,16,16,0,1138,1138,0,0,1138,16,8.19,1.56
959,2026-05-17 01:33:19,8,q14a,0,46,1055,6740,10476,60709,54175,4224,4069,30,2046,0,3182,1195253,0,0,10126713176,151671058,968348951,0,0,62602963,349,349,0,878508003,878508003,0,0,875395407,62516439,9.01,6.74
960,2026-05-17 01:33:27,8,q14b,0,40,997,4691,8992,52553,47039,3916,3918,6,935,0,2833,1195253,0,0,8726695408,130216643,768006622,0,0,68372216,313,313,0,1013614548,1013614548,0,0,529727868,40865009,11.2,4.69
961,2026-05-17 01:33:33,8,q14,0,40,994,4113,8781,44152,41513,4062,4001,23,780,0,2177,1169959,0,0,7872597704,130216643,768006622,0,0,68278767,278,278,0,1004774601,1004774601,0,0,520887921,40771560,10.73,4.11
962,2026-05-17 01:33:39,8,q15,0,9,227,935,1056,5479,5048,908,956,0,56,0,9,5046346,0,0,788333904,15170429,58149761,0,0,502,1,1,0,18324,18324,0,0,18324,502,5.86,0.94
963,2026-05-17 01:33:41,8,q16,0,14,370,2059,3764,26163,22923,1358,1425,0,144,0,1097,232049,0,0,4703921456,30510786,216421384,0,0,30114572,306,306,0,422033262,422033262,0,0,422033262,30114572,12.71,2.06
964,2026-05-17 01:33:44,8,q17,0,17,439,4479,7594,56487,53944,1760,1718,0,640,0,2675,6980521,0,0,7880912176,46220667,348529818,0,0,45538041,633,633,0,1088684385,1088684385,0,0,1088684385,45538041,12.61,4.48
965,2026-05-17 01:33:49,8,q18,0,16,403,1571,2544,7579,6124,1753,1642,5,172,0,47,9765564,0,0,2661568088,19114050,308435192,0,0,56803,15,15,0,4021295,4021295,0,0,4021295,56803,4.82,1.57
966,2026-05-17 01:33:52,8,q18a,0,32,878,2754,7172,27246,24756,3885,3568,0,443,0,394,9765521,0,0,12347073984,77567758,1441088714,0,0,64753,41,41,0,4687048,4687048,0,0,4687048,64753,9.89,2.75
967,2026-05-17 01:33:56,8,q19,0,13,331,1171,1759,8463,7407,1310,1414,0,100,0,110,5046346,0,0,1426921720,29672609,280253464,0,0,7338,10,10,0,538502,538502,0,0,538502,7338,7.23,1.17
968,2026-05-17 01:33:58,8,q20,0,8,172,609,593,2583,2258,699,714,0,0,0,17,3286039,0,0,370624312,14522428,126863015,0,0,28486,2,2,0,3491832,3491832,0,0,3491832,28486,4.24,0.61
969,2026-05-17 01:34:00,8,q21,0,9,222,1152,1258,5361,4777,909,930,0,60,0,10,232050,0,0,193995600,133232014,713392285,0,0,31850,1,1,0,679321,679321,0,0,679321,31850,4.65,1.15
970,2026-05-17 01:34:02,8,q22,0,10,239,58750,58820,122823,121885,946,932,0,92,0,63,4653671,0,0,1677716768,133232017,713018751,0,0,612866,68,68,0,25860071,25860071,0,0,25860071,612866,2.09,58.75
971,2026-05-17 01:35:02,8,q22a,0,14,278,3061,3692,13788,11757,991,1051,0,140,0,1538,4653671,0,0,7532702072,133232014,713029969,0,0,1173793,282,282,0,58356204,58356204,0,0,17414076,358209,4.5,3.06
972,2026-05-17 01:35:06,8,q23a,0,28,677,6068,11625,73528,69891,2438,2494,4,1151,0,2955,6609801,0,0,12294688208,108664026,586531457,0,0,43875394,651,651,0,1114302891,1114302891,0,0,1084605277,41975235,12.12,6.07
973,2026-05-17 01:35:13,8,q23b,0,32,754,6262,12478,76722,72071,2914,2806,1,1170,0,3789,6609844,0,0,25270029344,109164027,591252040,0,0,48638194,1329,1329,0,1199152798,1199152798,0,0,1096972512,42437717,12.25,6.26
974,2026-05-17 01:35:21,8,q24,0,14,363,2449,4260,28188,25603,1524,1412,5,96,0,1184,20739783,0,0,7068696000,32530241,313289460,0,0,29735885,204,204,0,677934954,677934954,0,0,677934954,29735885,11.51,2.45
975,2026-05-17 01:35:24,8,q24a,0,20,436,3501,5186,38431,36209,1740,1697,2,560,0,1411,18177789,0,0,16497845272,32632242,311241453,0,0,59478907,440,440,0,1356813606,1356813606,0,0,678878652,29743022,10.98,3.5
976,2026-05-17 01:35:29,8,q24b,0,20,436,2958,4261,29922,29031,1852,1703,4,298,0,1436,18177832,0,0,15891776752,32632242,311241453,0,0,59478765,428,428,0,1356789838,1356789838,0,0,678854884,29742880,10.12,2.96
977,2026-05-17 01:35:33,8,q25,0,17,439,4559,7754,57652,54789,1776,1740,0,704,0,2995,6980521,0,0,7880887560,46220667,489792216,0,0,45538038,630,630,0,1108314399,1108314399,0,0,1108314399,45538038,12.65,4.56
978,2026-05-17 01:35:38,8,q26,0,11,282,884,1181,5456,4854,1179,1196,1,0,0,32,788267,0,0,488171680,16443739,228883664,0,0,34144,3,3,0,1157101,1157101,0,0,1157101,34144,6.17,0.88
979,2026-05-17 01:35:40,8,q27,0,12,284,865,1217,6125,5730,1313,1202,0,80,0,138,788267,0,0,1026039776,30843417,405671205,0,0,58862,22,22,0,2215582,2215582,0,0,2215582,58862,7.08,0.86
980,2026-05-17 01:35:42,8,q27a,0,20,521,1693,3694,17519,15657,2443,2167,0,514,0,392,788267,0,0,1459118536,88546525,1198643418,0,0,60727,39,39,0,2447957,2447957,0,0,2447957,60727,10.35,1.69
981,2026-05-17 01:35:45,8,q28,0,24,408,1624,3814,20410,16532,1828,1547,1,416,0,2216,232050,0,0,4455922128,172803012,1402362570,0,0,468289,66,66,0,7661152,7661152,0,0,7661152,468289,12.57,1.62
982,2026-05-17 01:35:48,8,q29,0,19,490,4571,8042,57449,54817,1941,1965,0,568,0,2547,6980521,0,0,7880995000,46240668,349003993,0,0,45538045,635,635,0,1088685160,1088685160,0,0,1088685160,45538045,12.57,4.57
983,2026-05-17 01:35:53,8,q30,0,17,356,795,1774,2757,1860,1384,1440,0,0,0,112,2002949,0,0,1060281576,2460554,45638772,0,0,755089,7,7,0,59269674,59269674,0,0,59269674,755089,3.47,0.8
984,2026-05-17 01:35:55,8,q31,0,30,611,1720,4022,17242,15109,2573,2390,0,256,0,991,3851818,0,0,3339829256,108311777,551777958,0,0,73747,46,46,0,2575383,2575383,0,0,2508868,72848,10.02,1.72
985,2026-05-17 01:35:58,8,q32,0,11,239,489,726,3757,3311,908,947,0,0,0,38,707099,0,0,110945208,28922854,240028290,0,0,55420,10,10,0,761491,761491,0,0,761491,55420,7.68,0.49
986,2026-05-17 01:36:00,8,q33,0,16,411,1064,1747,8394,6986,1655,1654,0,0,0,340,895616,0,0,1075511576,50875021,469425630,0,0,17021,18,18,0,449731,449731,0,0,449731,17021,7.89,1.06
987,2026-05-17 01:36:02,8,q34,0,14,306,893,1498,6222,5556,1151,1198,0,0,0,163,232049,0,0,287388216,29327808,80140308,0,0,1010675,16,16,0,34202234,34202234,0,0,17284469,510675,6.97,0.89
988,2026-05-17 01:36:04,8,q35,0,17,434,1171,2021,9348,8089,1639,1629,0,0,0,859,24091841,0,0,8150415128,53091830,80626384,0,0,6056644,255,255,0,16018414,16018414,0,0,16018414,6056644,7.98,1.17
989,2026-05-17 01:36:06,8,q35a,0,16,434,1099,1694,7715,6934,1636,1672,2,243,0,643,24091970,0,0,7361886264,53091830,80626384,0,0,6053558,255,255,0,16031209,16031209,0,0,16031209,6053558,7.02,1.1
990,2026-05-17 01:36:08,8,q36,0,10,223,719,878,4962,4400,904,942,0,0,0,78,1868212,0,0,990715872,28922607,366557283,0,0,1767,11,11,0,138575,138575,0,0,138575,1767,6.9,0.72
991,2026-05-17 01:36:10,8,q36a,0,13,228,842,949,5388,5099,918,958,0,172,0,107,1868212,0,0,1529683744,28922607,366557283,0,0,4792,36,36,0,397014,397014,0,0,147166,1820,6.4,0.84
992,2026-05-17 01:36:12,8,q37,0,10,254,1095,1603,7980,6965,909,967,0,0,0,431,232006,0,0,878263696,147632429,779683064,0,0,4316414,146,146,0,64592408,64592408,0,0,64592408,14400617,7.29,1.1
993,2026-05-17 01:36:14,8,q38,0,15,345,1601,2953,16699,13563,1265,1258,0,0,0,1470,12830101,0,0,7811615960,50921019,68898388,0,0,1694820,473,473,0,44539705,44539705,0,0,44539705,1694820,10.43,1.6
994,2026-05-17 01:36:17,8,q39a,0,17,373,2132,3990,16330,15158,1580,1524,0,107,0,359,805959,0,0,2848429088,266362016,1424063585,0,0,1567909,55,55,0,36859402,36859402,0,0,25188288,1057909,7.66,2.13
995,2026-05-17 01:36:20,8,q39b,0,18,364,1785,3421,12839,12559,1442,1487,0,54,0,475,524796,0,0,1997116712,266362016,1424063585,0,0,1093504,56,56,0,26086066,26086066,0,0,25081527,1057496,7.19,1.78
996,2026-05-17 01:36:23,8,q40,0,12,305,1713,2847,18329,16653,1143,1201,0,162,0,908,232006,0,0,4141621464,15962322,133296408,0,0,15748014,170,170,0,309224449,309224449,0,0,309224449,15748014,10.7,1.71
997,2026-05-17 01:36:26,8,q41,0,6,108,357,293,1960,278,531,527,0,0,0,7,232006,0,0,270538656,204002,2005296,0,0,140,2,2,0,9680,9680,0,0,9680,140,5.49,0.36
998,2026-05-17 01:36:27,8,q42,0,7,171,478,489,3628,3156,671,708,0,0,0,25,232050,0,0,777260536,28922504,244719436,0,0,110,10,10,0,9119,9119,0,0,9119,110,7.59,0.48
999,2026-05-17 01:36:29,8,q43,0,7,169,690,726,5461,4887,708,719,10,168,0,28,232050,0,0,105177960,28820606,77101130,0,0,210,10,10,0,27003,27003,0,0,27003,210,7.91,0.69
1000,2026-05-17 01:36:30,8,q44,0,11,196,574,625,3622,2880,713,733,0,0,0,145,1673996,0,0,1319036296,57703005,386731469,0,0,792642,98,98,0,10026252,10026252,0,0,5014246,396370,6.31,0.57
1001,2026-05-17 01:36:32,8,q45,0,13,333,738,1303,2955,2433,1314,1381,0,0,0,8,5046303,0,0,2009365456,8092094,58889378,0,0,29,4,4,0,2649,2649,0,0,2649,29,4.0,0.74
1002,2026-05-17 01:36:34,8,q46,0,13,329,1027,1789,6782,6024,1555,1402,1,196,0,118,15378570,0,0,748821896,29577809,254617816,0,0,27956,10,10,0,1370335,1370335,0,0,1370335,27956,6.6,1.03
1003,2026-05-17 01:36:36,8,q47,0,15,283,1799,2779,18588,15322,1046,1062,0,198,0,2487,2319872,0,0,6611285912,28922607,194842734,0,0,2654649,787,787,0,104923859,104923859,0,0,61537809,1555424,10.33,1.8
1004,2026-05-17 01:36:39,8,q48,0,11,281,1407,1746,11455,10425,1149,1179,0,140,0,3,1332025,0,0,535376128,30991417,272302318,0,0,16,16,16,0,932,932,0,0,932,16,8.14,1.41
1005,2026-05-17 01:36:41,8,q49,0,25,502,1612,3677,17137,15006,1817,1834,0,619,0,1305,239758,0,0,4980877224,55458809,786699359,0,0,15195841,48,48,0,337670533,337670533,0,0,337670533,15195841,10.63,1.61
1006,2026-05-17 01:36:44,8,q50,0,12,303,2324,3492,26065,24745,1153,1217,0,0,0,1120,372338,0,0,4687124776,31771289,218061805,0,0,29262054,221,221,0,629482996,629482996,0,0,629482996,29262054,11.22,2.32
1007,2026-05-17 01:36:47,8,q51,0,13,285,2907,4061,37460,32894,1058,900,0,618,0,3423,300713,0,0,9962086816,36020592,232506462,0,0,24412982,1679,1679,0,420434145,420434145,0,0,420434145,24412982,12.89,2.91
1008,2026-05-17 01:36:51,8,q51a,0,17,351,20444,24130,266015,248875,1017,1057,0,2599,0,4213,460428,0,0,26917555224,36020592,232506462,0,0,47528628,2587,2587,0,789344338,789344338,0,0,575961895,36066662,13.01,20.44
1009,2026-05-17 01:37:13,8,q52,0,7,171,546,555,4152,3539,674,714,0,0,0,109,232050,0,0,777260536,28922504,244916044,0,0,4234,10,10,0,266465,266465,0,0,266465,4234,7.6,0.55
1010,2026-05-17 01:37:15,8,q53,0,10,223,708,916,4817,3814,1102,960,0,0,0,127,232093,0,0,193391056,28922607,195396646,0,0,31292,11,11,0,659777,659777,0,0,659777,31292,6.8,0.71
1011,2026-05-17 01:37:16,8,q54,0,26,636,1745,4633,19727,17751,2598,2677,0,536,0,894,5046346,0,0,2599766336,51386176,275360731,0,0,26873206,179,179,0,252841478,252841478,0,0,252841478,26873206,11.3,1.74
1012,2026-05-17 01:37:19,8,q55,0,7,171,522,535,3521,3224,721,717,0,0,0,155,231877,0,0,777260536,28922504,244916044,0,0,3449,10,10,0,212147,212147,0,0,212147,3449,6.75,0.52
1013,2026-05-17 01:37:21,8,q56,0,16,411,936,1503,6954,5915,1606,1681,0,70,0,226,466522,0,0,1163589240,50875021,470020066,0,0,10861,18,18,0,393218,393218,0,0,393218,10861,7.43,0.94
1014,2026-05-17 01:37:23,8,q57,0,15,264,1613,2489,12802,10670,1018,1034,0,126,0,833,2319872,0,0,5327819360,14522453,95546612,0,0,1160477,378,378,0,45103411,45103411,0,0,33376650,851478,7.94,1.61
1015,2026-05-17 01:37:25,8,q58,0,17,408,1254,1977,9431,8425,1664,1650,0,0,0,316,788267,0,0,1989522544,50669119,427992581,0,0,246082,25,25,0,3668153,3668153,0,0,3668153,246082,7.52,1.25
1016,2026-05-17 01:37:28,8,q59,0,16,335,1143,1949,7142,6573,1356,1429,0,80,0,342,755509,0,0,1653007480,28913760,77812197,0,0,304444,132,132,0,12804419,12804419,0,0,6649494,170837,6.25,1.14
1017,2026-05-17 01:37:30,8,q60,0,16,411,1050,1768,7816,6453,1648,1633,0,32,0,579,466522,0,0,1712740176,50875021,469955046,0,0,78327,19,19,0,1553349,1553349,0,0,1553349,78327,7.44,1.05
1018,2026-05-17 01:37:32,8,q61,0,18,449,1115,2368,9917,7957,1789,1826,0,192,0,4,5046346,0,0,997398400,58473612,586756791,0,0,32,32,32,0,1864,1864,0,0,1864,32,8.89,1.12
1019,2026-05-17 01:37:34,8,q62,0,11,271,574,855,2580,2006,1095,1167,0,0,0,36,232049,0,0,138730216,7220165,28281087,0,0,1680,4,4,0,144524,144524,0,0,144524,1680,4.49,0.57
1020,2026-05-17 01:37:36,8,q63,0,10,223,638,755,4281,3707,956,950,0,0,0,137,232050,0,0,193325520,28922607,195400742,0,0,12893,11,11,0,338212,338212,0,0,338212,12893,6.71,0.64
1021,2026-05-17 01:37:38,8,q64,0,38,921,7112,17735,92819,87094,3817,3652,8,657,0,4320,13606693,0,0,35316849912,50412135,677767795,0,0,52026303,1839,1839,0,1951324540,1951324540,0,0,1805119561,48487731,13.05,7.11
1022,2026-05-17 01:37:46,8,q65,0,15,340,1740,3191,22731,19220,1286,1263,1,224,0,1503,9209889,0,0,6088916240,57723109,392887053,0,0,11864589,391,391,0,390790175,390790175,0,0,390790175,11864589,13.06,1.74
1023,2026-05-17 01:37:49,8,q66,0,14,339,1205,1911,7736,6338,1411,1451,0,255,0,27,232049,0,0,1090912176,21660549,214862416,0,0,110,11,11,0,54164,54164,0,0,54164,110,6.42,1.2
1024,2026-05-17 01:37:51,8,q67,0,10,239,7007,7106,73574,71821,933,987,0,775,0,1360,4653671,0,0,7413963152,28922607,222327196,0,0,11517622,187,187,0,863913021,863913021,0,0,863913021,11517622,10.5,7.01
1025,2026-05-17 01:37:59,8,q67a,0,18,380,10318,35225,135663,126772,1254,1310,0,1418,0,5635,4653585,0,0,26406027704,28922607,222327196,0,0,55544740,1700,1700,0,4119857621,4119857621,0,0,900512141,13217996,13.15,10.32
1026,2026-05-17 01:38:11,8,q68,0,13,329,933,1686,6696,5442,1401,1394,1,236,0,113,15378570,0,0,479525608,29577809,391997773,0,0,6174,10,10,0,435242,435242,0,0,435242,6174,7.18,0.93
1027,2026-05-17 01:38:13,8,q69,0,18,429,976,1857,6895,5717,1610,1626,0,0,0,424,28817400,0,0,3798521704,53091830,80702678,0,0,1902033,101,101,0,9546588,9546588,0,0,9546588,1902033,7.06,0.98
1028,2026-05-17 01:38:15,8,q70,0,14,289,1048,1195,7192,6465,1258,1219,7,181,0,44,232050,0,0,1082906264,57621211,271919453,0,0,209,22,22,0,10318,10318,0,0,10318,209,6.86,1.05
1029,2026-05-17 01:38:17,8,q70a,0,17,294,911,986,5398,5222,1136,1209,0,0,0,47,231362,0,0,883676640,57621211,271919453,0,0,240,47,47,0,14125,14125,0,0,8085,180,5.93,0.91
1030,2026-05-17 01:38:19,8,q71,0,13,356,1047,1130,9764,8553,1429,1475,1,112,0,204,421741,0,0,858487824,50563020,455709559,0,0,32225,31,31,0,1647107,1647107,0,0,994272,21118,9.33,1.05
1031,2026-05-17 01:38:21,8,q72,0,26,673,18442,23589,219689,211372,2733,2671,1,1673,0,4593,6609844,0,0,19933730552,151146935,897878107,0,0,142246513,1121,1121,0,2047926161,2047926161,0,0,2047926161,142246513,11.91,18.44
1032,2026-05-17 01:38:41,8,q73,0,14,306,705,1310,4798,4096,1138,1197,0,0,0,150,232049,0,0,286157368,29327808,80140308,0,0,1002732,16,16,0,33966985,33966985,0,0,17049220,502732,6.81,0.7
1033,2026-05-17 01:38:42,8,q74,0,20,478,2033,4482,20743,16701,1853,1764,1,342,0,2353,15569619,0,0,13344509464,72541185,378519971,0,0,1762073,822,822,0,58787775,58787775,0,0,58787775,1762073,10.2,2.03
1034,2026-05-17 01:38:46,8,q75,0,31,815,3139,7969,41147,32033,3115,2992,0,869,0,4506,317702,0,0,11789416304,105981828,1093848030,0,0,14156495,869,869,0,314433702,314433702,0,0,214592381,9118707,13.11,3.14
1035,2026-05-17 01:38:50,8,q76,0,9,303,835,780,8474,7324,1208,1254,0,0,0,293,923844,0,0,2026220376,50507442,458851137,0,0,3183,22,22,0,266492,266492,0,0,266492,3183,10.15,0.84
1036,2026-05-17 01:38:52,8,q77,0,23,553,1067,1982,7594,6362,2172,2152,0,80,0,133,232050,0,0,857308616,55459113,494022214,0,0,1350,37,37,0,94853,94853,0,0,94853,1350,7.12,1.07
1037,2026-05-17 01:38:54,8,q77a,0,26,558,1063,1897,6992,6471,2229,2153,0,0,0,119,231362,0,0,1396276488,55459113,494022214,0,0,1814,48,48,0,150988,150988,0,0,109492,1484,6.58,1.06
1038,2026-05-17 01:38:56,8,q78,0,18,496,5672,12686,79214,71564,2048,1816,0,916,0,4444,6524841,0,0,19529868616,55458809,583703190,0,0,54207575,1003,1003,0,1578864490,1578864490,0,0,1578864490,54207575,13.97,5.67
1039,2026-05-17 01:39:03,8,q79,0,12,279,818,1351,5936,5191,1218,1184,6,160,0,115,12830316,0,0,939014112,29327808,251084703,0,0,80366,22,22,0,2984678,2984678,0,0,2984678,80366,7.26,0.82
1040,2026-05-17 01:39:05,8,q80,0,29,756,6680,19402,96303,89292,3021,2917,0,1626,0,4233,232050,0,0,14185165104,55573458,839053875,0,0,53052375,496,496,0,1571583782,1571583782,0,0,1571583782,53052375,14.42,6.68
1041,2026-05-17 01:39:13,8,q80a,0,32,761,6791,19797,97081,89447,3224,2955,0,1683,0,4431,232050,0,0,14657024136,55573458,839053875,0,0,53053332,507,507,0,1571699394,1571699394,0,0,1571596644,53052306,14.3,6.79
1042,2026-05-17 01:39:21,8,q81,0,19,372,890,1778,3339,2374,1391,1460,0,0,0,169,2002949,0,0,2043548752,3899770,53967562,0,0,1370028,23,23,0,35155527,35155527,0,0,35155527,1370028,3.75,0.89
1043,2026-05-17 01:39:23,8,q82,0,10,254,1346,1960,11417,10298,1087,970,3,528,0,409,232050,0,0,1650023680,162032505,837781656,0,0,13778665,194,194,0,136820298,136820298,0,0,136820298,28800829,8.48,1.35
1044,2026-05-17 01:39:25,8,q83,0,17,404,767,981,2789,1566,1609,1644,0,95,0,53,788267,0,0,1148526576,5358945,36394239,0,0,39989,4,4,0,560851,560851,0,0,560851,39989,3.64,0.77
1045,2026-05-17 01:39:27,8,q84,0,15,353,771,1310,2000,1306,1217,1342,0,0,0,50,9765521,0,0,615806688,5555667,30907440,0,0,2778010,5,5,0,14580028,14580028,0,0,14580028,2778010,2.59,0.77
1046,2026-05-17 01:39:29,8,q85,0,18,472,1252,3839,8461,6420,1901,1887,1,409,0,122,17038239,0,0,8635287000,12032233,132213374,0,0,915638,92,92,0,33263061,33263061,0,0,33263061,915638,6.76,1.25
1047,2026-05-17 01:39:31,8,q86,0,8,172,510,503,1999,1733,699,721,0,0,0,29,1868212,0,0,571272816,7322091,62465748,0,0,816,5,5,0,54740,54740,0,0,54740,816,3.92,0.51
1048,2026-05-17 01:39:33,8,q86a,0,11,177,499,474,1645,1514,702,724,0,0,0,42,1868126,0,0,1110240560,7322091,62465748,0,0,2122,18,18,0,157792,157792,0,0,66590,930,3.3,0.5
1049,2026-05-17 01:39:34,8,q87,0,15,345,1691,3136,17230,14446,1426,1247,7,144,3,1045,12830273,0,0,7811615960,50921019,68898388,0,0,1694820,473,473,0,44539705,44539705,0,0,44539705,1694820,10.19,1.69
1050,2026-05-17 01:39:37,8,q88,0,44,1046,1764,6259,18998,16562,4251,4077,0,216,0,42,232694,0,0,411962368,230611328,292765644,0,0,128,128,128,0,7407,7407,0,0,7407,128,10.77,1.76
1051,2026-05-17 01:39:40,8,q89,0,10,224,793,927,5317,4564,900,947,0,90,0,142,232050,0,0,931981384,28922607,195121480,0,0,49694,22,22,0,2286319,2286319,0,0,2286319,49694,6.7,0.79
1052,2026-05-17 01:39:42,8,q90,0,14,338,443,855,2425,1766,1289,1376,0,0,0,4,232049,0,0,103596544,14447582,28364597,0,0,32,32,32,0,1816,1816,0,0,1816,32,5.47,0.44
1053,2026-05-17 01:39:43,8,q91,0,17,391,649,1590,3031,2043,1511,1590,1,0,0,2,9581038,0,0,1093109944,4137922,31987399,0,0,45,3,3,0,6451,6451,0,0,4131,30,4.67,0.65
1054,2026-05-17 01:39:45,8,q92,0,11,239,469,701,2910,2480,935,953,0,0,0,74,708309,0,0,110994360,14522180,124234272,0,0,134565,9,9,0,1823000,1823000,0,0,1823000,134565,6.2,0.47
1055,2026-05-17 01:39:47,8,q93,0,8,201,3820,4648,46344,44700,778,727,8,321,0,1454,232047,0,0,5766380072,31678193,266262597,0,0,31635854,221,221,0,754534757,754534757,0,0,754534757,31635854,12.13,3.82
1056,2026-05-17 01:39:51,8,q94,0,14,367,1624,2750,15099,12872,1428,1390,0,192,0,382,2580067,0,0,3571011840,15390507,101345378,0,0,14397040,153,153,0,217756544,217756544,0,0,217756544,14397040,9.3,1.62
1057,2026-05-17 01:39:54,8,q95,0,14,367,3771,5081,47779,40330,1404,1456,0,1448,0,357,2580838,0,0,14560086280,15390498,98384799,0,0,35990240,357,357,0,319481278,319481278,0,0,196651615,14395274,12.67,3.77
1058,2026-05-17 01:39:59,8,q96,0,9,220,427,577,2953,2220,879,921,0,114,0,7,232694,0,0,51097984,28827807,36655611,0,0,16,16,16,0,926,926,0,0,926,16,6.92,0.43
1059,2026-05-17 01:40:00,8,q97,0,8,201,2204,2706,23006,16991,1034,815,0,287,0,354,232093,0,0,6197962344,43220929,232052167,0,0,8377536,238,238,0,96885569,96885569,0,0,96885569,8377536,10.44,2.2
1060,2026-05-17 01:40:04,8,q98,0,10,182,903,851,5028,4334,838,740,5,80,0,237,3361780,0,0,1648313712,28922504,251278047,0,0,105830,98,98,0,14419166,14419166,0,0,12449291,90666,5.57,0.9
1061,2026-05-17 01:40:06,8,q99,0,11,271,824,1188,4416,3909,1136,1155,45,97,0,30,232049,0,0,138727912,14420484,41803089,0,0,2160,3,3,0,173652,173652,0,0,173652,2160,5.36,0.82
1062,2026-05-17 01:40:08,9,q1,0,15,315,805,1364,4414,3564,1218,1215,0,68,0,155,5100797,0,0,2302920440,6275371,63815498,0,0,1604137,54,54,0,24046275,24046275,0,0,24046275,1604137,5.48,0.8
1063,2026-05-17 01:40:09,9,q2,0,14,290,812,954,5577,5180,1168,1232,0,0,0,71,755509,0,0,435904744,21713567,94047677,0,0,6856,38,38,0,353470,353470,0,0,127688,4204,6.87,0.81
1064,2026-05-17 01:40:11,9,q3,0,7,171,404,407,2590,2121,729,724,0,70,0,105,232050,0,0,109445096,28975553,245100763,0,0,2988,10,10,0,205613,205613,0,0,205613,2988,6.41,0.4
1065,2026-05-17 01:40:13,9,q4,0,28,565,7374,35267,111162,95778,1808,1861,0,1664,0,9576,1691203,0,0,39674206800,50941020,813958217,0,0,102286012,3435,3435,0,2536436278,2536436278,0,0,1273457817,51438627,15.07,7.37
1066,2026-05-17 01:40:21,9,q5,0,22,684,1974,4152,21982,19556,2745,2714,2,191,0,487,317451,0,0,3279919856,62671045,554479361,0,0,7890157,124,124,0,109287703,109287703,0,0,109287703,7890157,11.14,1.97
1067,2026-05-17 01:40:24,9,q5a,0,25,689,2060,4162,21876,19172,2680,2727,0,322,0,561,317580,0,0,3818887728,62671045,554479361,0,0,7891824,134,134,0,109437496,109437496,0,0,109304266,7890000,10.62,2.06
1068,2026-05-17 01:40:28,9,q6,0,18,403,1564,2767,18502,17405,1705,1695,0,96,0,630,2121631,0,0,5099075256,29847557,158715508,0,0,27358702,206,206,0,240346192,240346192,0,0,240346192,27358702,11.83,1.56
1069,2026-05-17 01:40:30,9,q7,0,12,284,1149,1508,8900,7707,1295,1184,0,226,0,121,788267,0,0,1025566688,30843815,431581172,0,0,71891,22,22,0,2547586,2547586,0,0,2547586,71891,7.75,1.15
1070,2026-05-17 01:40:33,9,q8,0,16,333,903,1201,5124,4415,1333,1410,0,0,0,39,2373025,0,0,1514421792,29820609,140288119,0,0,6731,13,13,0,84411,84411,0,0,84411,6731,5.67,0.9
1071,2026-05-17 01:40:35,9,q9,0,17,386,864,3392,9966,8346,1299,1416,0,336,0,18,232738,0,0,0,144002556,913584820,0,0,80,80,80,0,5816,5816,0,0,5816,80,11.53,0.86
1072,2026-05-17 01:40:36,9,q10,0,18,429,1202,2289,8747,7267,1710,1634,0,294,0,375,29252855,0,0,3799575784,53091830,80834266,0,0,2400953,101,101,0,9669568,9669568,0,0,9669568,2400953,7.28,1.2
1073,2026-05-17 01:40:39,9,q10a,0,15,428,994,1519,6302,5953,1672,1660,2,0,0,436,29252468,0,0,4599051616,53091830,80834266,0,0,2368363,153,153,0,9643291,9643291,0,0,9643291,2368363,6.34,0.99
1074,2026-05-17 01:40:41,9,q11,0,22,430,4191,13900,60397,52365,1461,1416,0,960,0,5484,1380159,0,0,26856842912,36540594,273441966,0,0,71770406,2006,2006,0,1051779270,1051779270,0,0,537179235,36215116,14.41,4.19
1075,2026-05-17 01:40:46,9,q12,0,8,173,544,531,2073,1677,717,721,0,18,0,61,3286039,0,0,639059672,7322091,68823730,0,0,28994,10,10,0,3887756,3887756,0,0,3887756,28994,3.81,0.54
1076,2026-05-17 01:40:48,9,q13,0,13,332,1208,1828,9700,8597,1357,1396,0,90,0,2,1311415,0,0,552967424,30998618,511026468,0,0,16,16,16,0,1138,1138,0,0,1138,16,8.03,1.21
1077,2026-05-17 01:40:50,9,q14a,0,46,1055,6589,10460,59470,53993,4422,4128,0,1772,0,3084,1195253,0,0,10126713176,151671058,968348951,0,0,62602963,349,349,0,878508003,878508003,0,0,875395407,62516439,9.03,6.59
1078,2026-05-17 01:40:59,9,q14b,0,40,997,4509,9016,50647,46898,3920,3964,2,768,0,2213,1195253,0,0,8726695408,130216643,768006622,0,0,68372216,313,313,0,1013614548,1013614548,0,0,529727868,40865009,11.23,4.51
1079,2026-05-17 01:41:04,9,q14,0,40,994,4303,9236,46246,42317,4266,4006,3,872,0,2296,1169959,0,0,7872597704,130216643,768006622,0,0,68278767,278,278,0,1004774601,1004774601,0,0,520887921,40771560,10.75,4.3
1080,2026-05-17 01:41:10,9,q15,0,9,227,898,1020,5491,4883,887,944,0,49,0,13,5046346,0,0,788333904,15170429,58149761,0,0,502,1,1,0,18324,18324,0,0,18324,502,6.11,0.9
1081,2026-05-17 01:41:12,9,q16,0,14,370,2146,3895,27387,23986,1343,1399,0,128,0,1109,232049,0,0,4703921456,30510786,216421384,0,0,30114572,306,306,0,422033262,422033262,0,0,422033262,30114572,12.76,2.15
1082,2026-05-17 01:41:15,9,q17,0,17,439,4539,7560,57552,54886,1728,1721,0,640,0,2614,6980521,0,0,7880912176,46220667,348529818,0,0,45538041,633,633,0,1088684385,1088684385,0,0,1088684385,45538041,12.68,4.54
1083,2026-05-17 01:41:21,9,q18,0,16,403,1469,2272,6969,6039,1547,1647,0,52,0,48,9765951,0,0,2661568088,19114050,308435192,0,0,56803,15,15,0,4021295,4021295,0,0,4021295,56803,4.74,1.47
1084,2026-05-17 01:41:23,9,q18a,0,32,878,2858,7444,27585,24979,3883,3585,0,335,0,426,9765521,0,0,12347073984,77567758,1441088714,0,0,64753,41,41,0,4687048,4687048,0,0,4687048,64753,9.65,2.86
1085,2026-05-17 01:41:27,9,q19,0,13,331,1023,1562,7086,6087,1346,1379,0,0,0,124,5046346,0,0,1426921720,29672609,280253464,0,0,7338,10,10,0,538502,538502,0,0,538502,7338,6.93,1.02
1086,2026-05-17 01:41:29,9,q20,0,8,172,557,549,2387,2044,675,705,0,0,0,17,3286039,0,0,370624312,14522428,126863015,0,0,28486,2,2,0,3491832,3491832,0,0,3491832,28486,4.29,0.56
1087,2026-05-17 01:41:31,9,q21,0,9,222,1093,1207,5165,4627,913,928,0,35,0,10,232050,0,0,193995600,133232014,713392285,0,0,31850,1,1,0,679321,679321,0,0,679321,31850,4.73,1.09
1088,2026-05-17 01:41:33,9,q22,0,10,239,57061,57139,119101,118242,1012,946,0,116,0,64,4653671,0,0,1677716768,133232017,713018751,0,0,612866,68,68,0,25860071,25860071,0,0,25860071,612866,2.09,57.06
1089,2026-05-17 01:42:31,9,q22a,0,14,278,3042,3670,13117,11375,996,1047,0,10,0,1411,4653671,0,0,7532702072,133232014,713029969,0,0,1173793,282,282,0,58356204,58356204,0,0,17414076,358209,4.31,3.04
1090,2026-05-17 01:42:35,9,q23a,0,28,677,6077,11532,73034,68628,2507,2513,1,810,0,2922,6609801,0,0,12294688208,108664026,586531457,0,0,43875394,651,651,0,1114302891,1114302891,0,0,1084605277,41975235,12.02,6.08
1091,2026-05-17 01:42:42,9,q23b,0,32,754,6528,12792,79848,72136,3069,2800,2,1008,0,3528,6609801,0,0,25270029344,109164027,591252040,0,0,48638194,1329,1329,0,1199152798,1199152798,0,0,1096972512,42437717,12.23,6.53
1092,2026-05-17 01:42:50,9,q24,0,14,363,2296,3946,25702,23753,1410,1428,3,482,0,1138,20739783,0,0,7068696000,32530241,313289460,0,0,29735885,204,204,0,677934954,677934954,0,0,677934954,29735885,11.19,2.3
1093,2026-05-17 01:42:54,9,q24a,0,20,436,3567,5040,40662,38449,1638,1709,2,162,0,1548,18177789,0,0,16497845272,32632242,311241453,0,0,59478907,440,440,0,1356813606,1356813606,0,0,678878652,29743022,11.4,3.57
1094,2026-05-17 01:42:58,9,q24b,0,20,436,2918,4236,29197,28668,1807,1717,2,70,0,1556,18177789,0,0,15891776752,32632242,311241453,0,0,59478765,428,428,0,1356789838,1356789838,0,0,678854884,29742880,10.01,2.92
1095,2026-05-17 01:43:02,9,q25,0,17,439,4597,7813,57637,55063,1810,1747,0,713,0,2757,6980521,0,0,7880887560,46220667,489792216,0,0,45538038,630,630,0,1108314399,1108314399,0,0,1108314399,45538038,12.54,4.6
1096,2026-05-17 01:43:08,9,q26,0,11,282,1116,1422,7694,7018,1201,1186,0,75,0,33,788267,0,0,488171680,16443739,228883664,0,0,34144,3,3,0,1157101,1157101,0,0,1157101,34144,6.89,1.12
1097,2026-05-17 01:43:10,9,q27,0,12,284,891,1209,6210,5601,1254,1172,0,72,0,123,788267,0,0,1026039776,30843417,405671205,0,0,58862,22,22,0,2215582,2215582,0,0,2215582,58862,6.97,0.89
1098,2026-05-17 01:43:12,9,q27a,0,20,521,1784,4347,20818,18865,2065,2146,0,624,0,497,788267,0,0,1459118536,88546525,1198643418,0,0,60727,39,39,0,2447957,2447957,0,0,2447957,60727,11.67,1.78
1099,2026-05-17 01:43:15,9,q28,0,24,408,1651,3596,20157,15583,1940,1592,4,494,0,2078,232050,0,0,4455922128,172803012,1402362570,0,0,468289,66,66,0,7661152,7661152,0,0,7661152,468289,12.21,1.65
1100,2026-05-17 01:43:18,9,q29,0,19,490,4553,8002,57506,55102,1904,1959,2,336,0,2511,6980564,0,0,7880995000,46240668,349003993,0,0,45538045,635,635,0,1088685160,1088685160,0,0,1088685160,45538045,12.63,4.55
1101,2026-05-17 01:43:23,9,q30,0,17,356,794,1775,2665,1851,1380,1424,0,0,0,111,2002949,0,0,1060281576,2460554,45638772,0,0,755089,7,7,0,59269674,59269674,0,0,59269674,755089,3.36,0.79
1102,2026-05-17 01:43:25,9,q31,0,30,611,1803,4162,17765,15319,2498,2401,0,108,0,1144,3851818,0,0,3407134704,108311777,551777958,0,0,79630,49,49,0,2730805,2730805,0,0,2508788,72848,9.85,1.8
1103,2026-05-17 01:43:28,9,q32,0,11,239,491,725,3730,3288,929,942,0,0,0,37,707099,0,0,110945208,28922854,240028290,0,0,55420,10,10,0,761491,761491,0,0,761491,55420,7.6,0.49
1104,2026-05-17 01:43:30,9,q33,0,16,411,1076,1712,7941,6455,1711,1685,0,322,0,396,895616,0,0,1075511576,50875021,469425630,0,0,17021,18,18,0,449731,449731,0,0,449731,17021,7.38,1.08
1105,2026-05-17 01:43:32,9,q34,0,14,306,713,1353,4735,4024,1137,1206,0,0,0,183,232049,0,0,287388216,29327808,80140308,0,0,1010675,16,16,0,34202234,34202234,0,0,17284469,510675,6.64,0.71
1106,2026-05-17 01:43:34,9,q35,0,17,434,1183,1994,9152,7908,1727,1624,0,304,0,521,24091841,0,0,8150415128,53091830,80626384,0,0,6056644,255,255,0,16018414,16018414,0,0,16018414,6056644,7.74,1.18
1107,2026-05-17 01:43:36,9,q35a,0,16,434,1141,1814,7798,7489,1719,1684,3,18,0,469,24091970,0,0,7361886264,53091830,80626384,0,0,6053558,255,255,0,16031209,16031209,0,0,16031209,6053558,6.83,1.14
1108,2026-05-17 01:43:38,9,q36,0,10,223,764,912,5355,4844,908,942,0,0,0,75,1868212,0,0,990715872,28922607,366557283,0,0,1767,11,11,0,138575,138575,0,0,138575,1767,7.01,0.76
1109,2026-05-17 01:43:40,9,q36a,0,13,228,816,915,5164,4926,917,957,0,140,0,95,1868126,0,0,1529683744,28922607,366557283,0,0,4792,36,36,0,397014,397014,0,0,147166,1820,6.33,0.82
1110,2026-05-17 01:43:42,9,q37,0,10,254,1082,1507,7272,6554,926,981,0,0,0,246,232006,0,0,878263696,147632429,779683064,0,0,4316414,146,146,0,64592408,64592408,0,0,64592408,14400617,6.72,1.08
1111,2026-05-17 01:43:44,9,q38,0,15,345,1658,3254,17786,14514,1347,1238,10,144,0,1590,12830058,0,0,7811615960,50921019,68898388,0,0,1694820,473,473,0,44539705,44539705,0,0,44539705,1694820,10.73,1.66
1112,2026-05-17 01:43:47,9,q39a,0,18,364,1969,3828,14519,13000,1474,1460,0,144,0,655,802215,0,0,2003277096,266362016,1424063585,0,0,1129345,56,56,0,27131683,27131683,0,0,26113005,1093917,7.37,1.97
1113,2026-05-17 01:43:50,9,q39b,0,17,373,1734,3276,12365,12292,1605,1529,0,141,0,294,802215,0,0,2850526240,266362016,1424063585,0,0,1566117,55,55,0,37296349,37296349,0,0,24991446,1056117,7.13,1.73
1114,2026-05-17 01:43:52,9,q40,0,12,305,1817,2759,18910,16598,1164,1200,0,249,0,728,232006,0,0,4141621464,15962322,133296408,0,0,15748014,170,170,0,309224449,309224449,0,0,309224449,15748014,10.41,1.82
1115,2026-05-17 01:43:55,9,q41,0,6,108,342,277,1856,265,503,516,0,0,0,7,232006,0,0,270538656,204002,2005296,0,0,140,2,2,0,9680,9680,0,0,9680,140,5.43,0.34
1116,2026-05-17 01:43:57,9,q42,0,7,171,463,477,3440,3001,694,719,0,0,0,25,232050,0,0,777260536,28922504,244719436,0,0,110,10,10,0,9119,9119,0,0,9119,110,7.43,0.46
1117,2026-05-17 01:43:58,9,q43,0,7,169,615,649,4748,4295,680,733,0,0,0,28,232050,0,0,105177960,28820606,77101130,0,0,210,10,10,0,27003,27003,0,0,27003,210,7.72,0.62
1118,2026-05-17 01:44:00,9,q44,0,11,196,581,633,3823,2965,682,727,0,110,0,170,1673996,0,0,1319036296,57703005,386731469,0,0,792642,98,98,0,10026252,10026252,0,0,5014246,396370,6.58,0.58
1119,2026-05-17 01:44:02,9,q45,0,13,333,760,1345,3029,2489,1475,1383,0,112,0,8,5046346,0,0,2009365456,8092094,58889378,0,0,29,4,4,0,2649,2649,0,0,2649,29,3.99,0.76
1120,2026-05-17 01:44:04,9,q46,0,13,329,876,1539,5833,5121,1316,1379,1,0,0,123,15378570,0,0,748821896,29577809,254617816,0,0,27956,10,10,0,1370335,1370335,0,0,1370335,27956,6.66,0.88
1121,2026-05-17 01:44:05,9,q47,0,15,283,1916,2974,19807,16738,1095,1073,0,120,0,2211,2319872,0,0,6611285912,28922607,194842734,0,0,2654649,787,787,0,104923859,104923859,0,0,61537809,1555424,10.34,1.92
1122,2026-05-17 01:44:08,9,q48,0,11,281,1370,1706,11150,10027,1140,1170,0,240,0,30,1331939,0,0,535376128,30991417,272302318,0,0,16,16,16,0,932,932,0,0,932,16,8.14,1.37
1123,2026-05-17 01:44:11,9,q49,0,25,502,1695,3943,18222,15941,2053,1840,0,205,0,1573,239758,0,0,4980877224,55458809,786699359,0,0,15195841,48,48,0,337670533,337670533,0,0,337670533,15195841,10.75,1.7
1124,2026-05-17 01:44:14,9,q50,0,12,303,2298,3528,26277,24580,1238,1224,0,532,0,1154,372338,0,0,4687124776,31771289,218061805,0,0,29262054,221,221,0,629482996,629482996,0,0,629482996,29262054,11.43,2.3
1125,2026-05-17 01:44:17,9,q51,0,13,285,2872,4022,37081,33265,857,895,0,384,0,3698,300713,0,0,9962086816,36020592,232506462,0,0,24412982,1679,1679,0,420434145,420434145,0,0,420434145,24412982,12.91,2.87
1126,2026-05-17 01:44:21,9,q51a,0,17,351,20181,23695,263393,251743,1002,1052,0,2697,3,4609,460428,0,0,26917555224,36020592,232506462,0,0,47528628,2587,2587,0,789344338,789344338,0,0,575961895,36066662,13.05,20.18
1127,2026-05-17 01:44:42,9,q52,0,7,171,544,564,4049,3418,697,706,0,0,0,111,232050,0,0,777260536,28922504,244916044,0,0,4234,10,10,0,266465,266465,0,0,266465,4234,7.44,0.54
1128,2026-05-17 01:44:44,9,q53,0,10,223,683,807,4705,3801,919,953,6,78,0,147,232050,0,0,193391056,28922607,195396646,0,0,31292,11,11,0,659777,659777,0,0,659777,31292,6.89,0.68
1129,2026-05-17 01:44:46,9,q54,0,26,636,1733,4646,19177,17328,2605,2639,18,450,0,833,5046346,0,0,2599766336,51386176,275360731,0,0,26873206,179,179,0,252841478,252841478,0,0,252841478,26873206,11.07,1.73
1130,2026-05-17 01:44:48,9,q55,0,7,171,522,544,3470,3167,716,720,0,0,0,95,232006,0,0,777260536,28922504,244916044,0,0,3449,10,10,0,212147,212147,0,0,212147,3449,6.65,0.52
1131,2026-05-17 01:44:50,9,q56,0,16,411,962,1625,7672,6539,1620,1656,0,0,0,244,466522,0,0,1163589240,50875021,470020066,0,0,10861,18,18,0,393218,393218,0,0,393218,10861,7.98,0.96
1132,2026-05-17 01:44:52,9,q57,0,15,264,1922,2883,13746,11500,1007,1035,0,96,0,1040,2319872,0,0,5327819360,14522453,95546612,0,0,1160477,378,378,0,45103411,45103411,0,0,33376650,851478,7.15,1.92
1133,2026-05-17 01:44:55,9,q58,0,17,408,1262,1989,9950,8718,1734,1655,0,128,0,434,788267,0,0,1989522544,50669119,427992581,0,0,246082,25,25,0,3668153,3668153,0,0,3668153,246082,7.88,1.26
1134,2026-05-17 01:44:57,9,q59,0,16,335,1144,1946,7265,6767,1335,1439,0,0,0,310,755509,0,0,1653007480,28913760,77812197,0,0,304444,132,132,0,12804419,12804419,0,0,6649494,170837,6.35,1.14
1135,2026-05-17 01:45:00,9,q60,0,16,411,1002,1614,7226,6121,1728,1668,0,98,0,414,466522,0,0,1712740176,50875021,469955046,0,0,78327,19,19,0,1553349,1553349,0,0,1553349,78327,7.21,1.0
1136,2026-05-17 01:45:02,9,q61,0,18,449,1133,2407,9979,8179,1835,1864,0,192,0,5,5046346,0,0,997398400,58473612,586756791,0,0,32,32,32,0,1864,1864,0,0,1864,32,8.81,1.13
1137,2026-05-17 01:45:04,9,q62,0,11,271,565,849,2527,1993,1098,1151,0,0,0,38,232049,0,0,138730216,7220165,28281087,0,0,1680,4,4,0,144524,144524,0,0,144524,1680,4.47,0.56
1138,2026-05-17 01:45:06,9,q63,0,10,223,634,714,4877,3783,934,964,0,0,0,141,232050,0,0,193325520,28922607,195400742,0,0,12893,11,11,0,338212,338212,0,0,338212,12893,7.69,0.63
1139,2026-05-17 01:45:07,9,q64,0,38,921,6998,17856,91376,85473,3879,3651,2,577,0,4470,13606607,0,0,35316849912,50412135,677767795,0,0,52026303,1839,1839,0,1951324540,1951324540,0,0,1805119561,48487731,13.06,7.0
1140,2026-05-17 01:45:16,9,q65,0,15,340,1617,2943,20620,18546,1350,1276,2,96,0,1463,9209889,0,0,6088916240,57723109,392887053,0,0,11864589,391,391,0,390790175,390790175,0,0,390790175,11864589,12.75,1.62
1141,2026-05-17 01:45:18,9,q66,0,14,339,1154,1833,7557,6231,1472,1435,14,98,0,28,232049,0,0,1090912176,21660549,214862416,0,0,110,11,11,0,54164,54164,0,0,54164,110,6.55,1.15
1142,2026-05-17 01:45:21,9,q67,0,10,239,6974,7080,72466,70839,933,967,0,654,0,1408,4653671,0,0,7413963152,28922607,222327196,0,0,11517622,187,187,0,863913021,863913021,0,0,863913021,11517622,10.39,6.97
1143,2026-05-17 01:45:29,9,q67a,0,18,380,10241,34955,133541,124973,1215,1302,0,1200,0,5222,4653585,0,0,26406027704,28922607,222327196,0,0,55544740,1700,1700,0,4119857621,4119857621,0,0,900512141,13217996,13.04,10.24
1144,2026-05-17 01:45:40,9,q68,0,13,329,1034,1698,7852,6813,1354,1398,1,130,0,120,15378570,0,0,479525608,29577809,391997773,0,0,6174,10,10,0,435242,435242,0,0,435242,6174,7.59,1.03
1145,2026-05-17 01:45:42,9,q69,0,18,429,1043,1822,6905,5898,1608,1624,4,0,0,591,28817572,0,0,3798521704,53091830,80702678,0,0,1902033,101,101,0,9546588,9546588,0,0,9546588,1902033,6.62,1.04
1146,2026-05-17 01:45:44,9,q70,0,14,289,1011,1131,7003,6411,1157,1225,0,0,0,45,232050,0,0,1082906264,57621211,271919453,0,0,209,22,22,0,10318,10318,0,0,10318,209,6.93,1.01
1147,2026-05-17 01:45:46,9,q70a,0,17,294,918,990,5475,5282,1174,1226,0,0,0,47,231362,0,0,883676640,57621211,271919453,0,0,240,47,47,0,14125,14125,0,0,8085,180,5.96,0.92
1148,2026-05-17 01:45:48,9,q71,0,13,356,965,1052,8394,7107,1394,1494,1,96,0,244,421741,0,0,858487824,50563020,455709559,0,0,32225,31,31,0,1647107,1647107,0,0,994272,21118,8.7,0.96
1149,2026-05-17 01:45:50,9,q72,0,26,673,18342,23041,216383,209699,2587,2650,3,1194,0,4746,6609801,0,0,19933730552,151146935,897878107,0,0,142246513,1121,1121,0,2047926161,2047926161,0,0,2047926161,142246513,11.8,18.34
1150,2026-05-17 01:46:10,9,q73,0,14,306,744,1403,5148,4366,1145,1201,0,90,0,128,232049,0,0,286157368,29327808,80140308,0,0,1002732,16,16,0,33966985,33966985,0,0,17049220,502732,6.92,0.74
1151,2026-05-17 01:46:12,9,q74,0,20,478,2031,4682,22159,18272,1838,1791,1,120,0,2643,15569619,0,0,13344509464,72541185,378519971,0,0,1762073,822,822,0,58787775,58787775,0,0,58787775,1762073,10.91,2.03
1152,2026-05-17 01:46:15,9,q75,0,31,815,2962,7582,39031,32151,3035,2994,3,496,0,4206,317616,0,0,11789416304,105981828,1093848030,0,0,14156495,869,869,0,314433702,314433702,0,0,214592381,9118707,13.18,2.96
1153,2026-05-17 01:46:19,9,q76,0,9,303,959,906,8562,7300,1229,1244,0,0,0,299,923844,0,0,2026220376,50507442,458851137,0,0,3183,22,22,0,266492,266492,0,0,266492,3183,8.93,0.96
1154,2026-05-17 01:46:21,9,q77,0,23,553,1110,2142,8216,7032,2248,2120,7,56,0,126,232437,0,0,857308616,55459113,494022214,0,0,1350,37,37,0,94853,94853,0,0,94853,1350,7.4,1.11
1155,2026-05-17 01:46:23,9,q77a,0,26,558,1134,2026,7798,6407,2383,2169,0,180,0,184,231405,0,0,1396276488,55459113,494022214,0,0,1814,48,48,0,150988,150988,0,0,109492,1484,6.88,1.13
1156,2026-05-17 01:46:26,9,q78,0,18,496,5340,11703,76447,71074,1834,1784,1,816,0,4045,6525013,0,0,19529868616,55458809,583703190,0,0,54207575,1003,1003,0,1578864490,1578864490,0,0,1578864490,54207575,14.32,5.34
1157,2026-05-17 01:46:32,9,q79,0,12,279,911,1405,7014,6313,1121,1160,1,52,0,132,12830617,0,0,939014112,29327808,251084703,0,0,80366,22,22,0,2984678,2984678,0,0,2984678,80366,7.7,0.91
1158,2026-05-17 01:46:34,9,q80,0,29,756,6427,18973,93627,87317,2953,2924,0,1024,0,4171,232050,0,0,14185165104,55573458,839053875,0,0,53052375,496,496,0,1571583782,1571583782,0,0,1571583782,53052375,14.57,6.43
1159,2026-05-17 01:46:41,9,q80a,0,32,761,6443,19165,91735,87355,2840,2951,1,532,0,4264,232050,0,0,14657024136,55573458,839053875,0,0,53053332,507,507,0,1571699394,1571699394,0,0,1571596644,53052306,14.24,6.44
1160,2026-05-17 01:46:49,9,q81,0,19,372,920,1813,3322,2356,1582,1467,0,96,0,157,2002949,0,0,2043548752,3899770,53967562,0,0,1370028,23,23,0,35155527,35155527,0,0,35155527,1370028,3.61,0.92
1161,2026-05-17 01:46:51,9,q82,0,10,254,1397,2107,12748,10808,907,968,0,304,0,734,232050,0,0,1650023680,162032505,837781656,0,0,13778665,194,194,0,136820298,136820298,0,0,136820298,28800829,9.13,1.4
1162,2026-05-17 01:46:54,9,q83,0,17,404,723,929,2695,1550,1575,1635,0,0,0,47,788267,0,0,1148526576,5358945,36394239,0,0,39989,4,4,0,560851,560851,0,0,560851,39989,3.73,0.72
1163,2026-05-17 01:46:55,9,q84,0,15,353,786,1369,1975,1193,1431,1376,0,189,0,49,9765564,0,0,615806688,5555667,30907440,0,0,2778010,5,5,0,14580028,14580028,0,0,14580028,2778010,2.51,0.79
1164,2026-05-17 01:46:57,9,q85,0,18,472,1207,3296,7319,5732,1779,1872,4,36,0,113,17038067,0,0,8635287000,12032233,132213374,0,0,915638,92,92,0,33263061,33263061,0,0,33263061,915638,6.06,1.21
1165,2026-05-17 01:47:00,9,q86,0,8,172,505,497,1998,1734,688,726,0,0,0,29,1868212,0,0,571272816,7322091,62465748,0,0,816,5,5,0,54740,54740,0,0,54740,816,3.96,0.5
1166,2026-05-17 01:47:01,9,q86a,0,11,177,497,472,1785,1519,683,728,0,0,0,42,1868126,0,0,1110240560,7322091,62465748,0,0,2122,18,18,0,157792,157792,0,0,66590,930,3.59,0.5
1167,2026-05-17 01:47:03,9,q87,0,15,345,1770,3326,18454,15432,1312,1259,0,160,0,1238,12830101,0,0,7811615960,50921019,68898388,0,0,1694820,473,473,0,44539705,44539705,0,0,44539705,1694820,10.43,1.77
1168,2026-05-17 01:47:06,9,q88,0,44,1046,1775,6361,19300,16659,3955,4040,0,160,0,16,232050,0,0,411962368,230611328,292765644,0,0,128,128,128,0,7407,7407,0,0,7407,128,10.87,1.78
1169,2026-05-17 01:47:08,9,q89,0,10,224,749,877,5151,4562,902,938,0,0,0,161,232050,0,0,931981384,28922607,195121480,0,0,49694,22,22,0,2286319,2286319,0,0,2286319,49694,6.88,0.75
1170,2026-05-17 01:47:10,9,q90,0,14,338,453,937,2647,1830,1295,1367,0,176,0,4,232049,0,0,103596544,14447582,28364597,0,0,32,32,32,0,1816,1816,0,0,1816,32,5.84,0.45
1171,2026-05-17 01:47:12,9,q91,0,17,391,653,1641,3069,2062,1541,1618,0,0,0,2,9580995,0,0,1093109944,4137922,31987399,0,0,45,3,3,0,6451,6451,0,0,4131,30,4.7,0.65
1172,2026-05-17 01:47:13,9,q92,0,11,239,451,686,2841,2403,956,971,0,0,0,70,708309,0,0,110994360,14522180,124234272,0,0,134565,9,9,0,1823000,1823000,0,0,1823000,134565,6.3,0.45
1173,2026-05-17 01:47:15,9,q93,0,8,201,3703,4331,42733,41340,710,731,0,264,0,1420,232047,0,0,5766380072,31678193,266262597,0,0,31635854,221,221,0,754534757,754534757,0,0,754534757,31635854,11.54,3.7
1174,2026-05-17 01:47:20,9,q94,0,14,367,1540,2755,14768,13482,1361,1404,0,128,0,376,2580110,0,0,3571011840,15390507,101345378,0,0,14397040,153,153,0,217756544,217756544,0,0,217756544,14397040,9.59,1.54
1175,2026-05-17 01:47:22,9,q95,0,14,367,3677,4820,43631,35707,1367,1436,0,1756,0,352,2580709,0,0,14560086280,15390498,98384799,0,0,35990240,357,357,0,319481278,319481278,0,0,196651615,14395274,11.87,3.68
1176,2026-05-17 01:47:27,9,q96,0,9,220,459,619,2899,2168,1005,916,0,150,0,2,232608,0,0,51097984,28827807,36655611,0,0,16,16,16,0,926,926,0,0,926,16,6.32,0.46
1177,2026-05-17 01:47:29,9,q97,0,8,201,1768,2159,18722,17359,732,742,0,12,0,314,232050,0,0,6197962344,43220929,232052167,0,0,8377536,238,238,0,96885569,96885569,0,0,96885569,8377536,10.59,1.77
1178,2026-05-17 01:47:31,9,q98,0,10,182,808,728,3953,3450,725,721,3,32,0,230,3361780,0,0,1648313712,28922504,251278047,0,0,105830,98,98,0,14419166,14419166,0,0,12449291,90666,4.89,0.81
1179,2026-05-17 01:47:33,9,q99,0,11,271,862,1276,4685,3729,1490,1180,0,0,0,30,232092,0,0,138727912,14420484,41803089,0,0,2160,3,3,0,173652,173652,0,0,173652,2160,5.44,0.86
