ID,timestamp,run_id,query,query_rerun_id,numStages,numTasks,elapsedTime,stageDuration,executorRunTime,executorCpuTime,executorDeserializeTime,executorDeserializeCpuTime,resultSerializationTime,jvmGCTime,shuffleFetchWaitTime,shuffleWriteTime,resultSize,diskBytesSpilled,memoryBytesSpilled,peakExecutionMemory,recordsRead,bytesRead,recordsWritten,bytesWritten,shuffleRecordsRead,shuffleTotalBlocksFetched,shuffleLocalBlocksFetched,shuffleRemoteBlocksFetched,shuffleTotalBytesRead,shuffleLocalBytesRead,shuffleRemoteBytesRead,shuffleRemoteBytesReadToDisk,shuffleBytesWritten,shuffleRecordsWritten,avg_active_tasks,elapsed_time_seconds
0,2026-05-05 15:12:37,0,q1,0,12,126,3797,6796,52222,34279,963,518,6,2306,5,5547,892432,0,0,7376429816,59623624,610061018,0,0,18384283,751,751,0,277540917,277540917,0,0,277540917,18384283,13.75,3.8
1,2026-05-05 15:12:42,0,q2,0,9,129,3486,3324,47215,40228,228,231,4,448,0,1008,755509,0,0,884539504,216108786,908409234,0,0,35347,362,362,0,2673870,2673870,0,0,901000,13701,13.54,3.49
2,2026-05-05 15:12:47,0,q3,0,5,110,1576,1539,21843,15801,148,168,0,384,0,3199,478227,0,0,401162192,288283437,2405169324,0,0,43002,202,202,0,2702444,2702444,0,0,2702444,43002,13.86,1.58
3,2026-05-05 15:12:50,0,q4,0,25,707,44253,221417,698928,650447,1762,1718,2,9643,1,37195,765025,0,0,115346137600,794088513,12061661723,0,0,566100624,25854,25854,0,14421654048,14421654048,0,0,8530726381,341212705,15.79,44.25
4,2026-05-05 15:13:35,0,q5,0,11,349,12795,23447,173464,160324,533,625,14,2375,0,6437,644188,0,0,8871091184,626443386,5412241102,0,0,78889487,1136,1136,0,1105462275,1105462275,0,0,1105462275,78889487,13.56,12.8
5,2026-05-05 15:13:49,0,q5a,0,14,354,12575,22380,168442,158682,550,626,12,2364,0,6573,643973,0,0,9342950216,626443386,5412241102,0,0,78892792,1146,1146,0,1105699951,1105699951,0,0,1105491147,78889358,13.39,12.58
6,2026-05-05 15:14:03,0,q6,0,13,160,2092,4730,29611,25106,342,336,0,758,0,3590,8479826,0,0,5288963336,291580486,1529874260,0,0,5131498,1890,1890,0,46226184,46226184,0,0,46226184,5131498,14.15,2.09
7,2026-05-05 15:14:06,0,q7,0,7,136,3770,3789,55544,47196,293,287,2,1796,0,2108,1573386,0,0,10166726520,290152188,4203485784,0,0,741415,1717,1717,0,25861088,25861088,0,0,25861088,741415,14.73,3.77
8,2026-05-05 15:14:11,0,q8,0,10,142,2596,2564,34629,31825,189,233,0,272,0,576,9492937,0,0,9020943192,292026790,1348989214,0,0,50784,121,121,0,762861,762861,0,0,762861,50784,13.34,2.6
9,2026-05-05 15:14:15,0,q9,0,11,511,5207,25509,80605,73133,205,436,0,2832,0,118,220919,0,0,0,1440031995,8990279241,0,0,505,505,505,0,41518,41518,0,0,41518,505,15.48,5.21
10,2026-05-05 15:14:21,0,q10,0,11,286,2612,5759,37386,31289,162,218,6,688,0,4962,29252511,0,0,10164816488,509942925,687079116,0,0,19145607,2490,2490,0,20647402,20647402,0,0,20647402,19145607,14.31,2.61
11,2026-05-05 15:14:25,0,q10a,0,8,276,2116,3475,29617,24759,48,189,1,671,0,5992,29252468,0,0,9484456576,508942925,680674263,0,0,20856568,2635,2635,0,50574179,50574179,0,0,50574179,20856568,14.0,2.12
12,2026-05-05 15:14:28,0,q11,0,20,423,16919,52727,264065,239489,965,973,0,10398,0,16506,589857,0,0,44791176400,650094389,4447346008,0,0,269945080,8173,8173,0,4443307808,4443307808,0,0,2964976244,191970515,15.61,16.92
13,2026-05-05 15:14:46,0,q12,0,6,66,879,804,9672,7963,84,86,0,144,0,1762,6554102,0,0,4753471800,72225613,616731193,0,0,218539,691,691,0,30886877,30886877,0,0,30886877,218539,11.0,0.88
14,2026-05-05 15:14:48,0,q13,0,7,125,4235,4371,64362,58828,93,142,0,1732,0,27,1760007,0,0,5367720952,290954790,4986737863,0,0,101,101,101,0,7978,7978,0,0,7978,101,15.2,4.24
15,2026-05-05 15:14:53,0,q14a,0,40,1224,36157,100007,530640,475845,2614,2673,5,16718,0,43198,2441791,0,0,48203787152,2016904500,14110336969,0,0,639431334,5845,5845,0,9123777585,9123777585,0,0,9108942548,638964125,14.68,36.16
16,2026-05-05 15:15:31,0,q14b,0,30,770,20208,31338,288822,266251,1604,1696,11,8931,0,13771,2441791,0,0,28953463416,1585185222,10168695659,0,0,135576682,3990,3990,0,524109934,524109934,0,0,524109934,135576682,14.29,20.21
17,2026-05-05 15:15:53,0,q14,0,29,764,17433,26696,250471,236663,1766,1812,11,5151,0,11713,2336826,0,0,28721040136,1585185222,10168695659,0,0,134713570,3744,3744,0,432179432,432179432,0,0,432179432,134713570,14.37,17.43
18,2026-05-05 15:16:11,0,q15,0,5,108,3060,2845,41001,38300,89,126,3,592,0,46,19126718,0,0,13190560760,147014124,534363876,0,0,2305,3,3,0,69877,69877,0,0,69877,2305,13.4,3.06
19,2026-05-05 15:16:16,0,q16,0,8,295,12223,33035,187372,173772,370,461,0,2908,0,13032,1280357,0,0,41785807200,303406100,2094797272,0,0,301125284,17100,17100,0,4308531096,4308531096,0,0,4308531096,301125284,15.33,12.22
20,2026-05-05 15:16:29,0,q17,0,14,249,4839,8331,69057,64468,588,626,1,976,0,4350,13952362,0,0,6358661496,461086525,3394625328,0,0,28190115,2517,2517,0,601012828,601012828,0,0,601012828,28190115,14.27,4.84
21,2026-05-05 15:16:35,0,q18,0,10,167,3166,3843,46131,40214,162,197,1,1168,0,3545,9765564,0,0,8709817336,151059724,2835246513,0,0,11669020,1836,1836,0,365378572,365378572,0,0,365378572,11669020,14.57,3.17
22,2026-05-05 15:16:39,0,q18a,0,18,271,5713,14641,85024,76026,357,396,0,974,0,4713,9765564,0,0,31535543288,154263724,2854290595,0,0,56294457,7974,7974,0,1677849899,1677849899,0,0,368910883,11778229,14.88,5.71
23,2026-05-05 15:16:46,0,q19,0,8,140,2944,2853,39433,35073,159,194,0,368,0,3352,19126675,0,0,23184447472,291230790,2730449864,0,0,103989,606,606,0,6979336,6979336,0,0,6979336,103989,13.39,2.94
24,2026-05-05 15:16:50,0,q20,0,6,94,1076,1010,9815,8711,106,134,0,0,0,30,6554102,0,0,2069718224,144218124,1189646424,0,0,61386,15,15,0,7314659,7314659,0,0,7314659,61386,9.12,1.08
25,2026-05-05 15:16:52,0,q21,0,5,28,2170,2142,26396,18736,22,28,0,256,0,12,136013,0,0,217853776,399554015,2120318627,0,0,95955,1,1,0,1951830,1951830,0,0,1951830,95955,12.16,2.17
26,2026-05-05 15:16:55,0,q22,0,6,45,175749,175667,566541,564060,91,65,0,461,0,218,9285378,0,0,2306272944,399554015,2117762741,0,0,2038885,102,102,0,87766507,87766507,0,0,87766507,2038885,3.22,175.75
27,2026-05-05 15:19:52,0,q22a,0,10,112,7583,8397,46553,40769,143,170,0,140,0,3062,9285378,0,0,11487341208,399554015,2118587234,0,0,2855440,508,508,0,144373282,144373282,0,0,40505050,816780,6.14,7.58
28,2026-05-05 15:20:01,0,q23a,0,19,620,41491,69403,649122,630585,1190,1287,1,6103,0,22030,13214689,0,0,89218044872,1082298901,5728291502,0,0,236739789,17956,17956,0,6673942561,6673942561,0,0,6295401013,209328167,15.64,41.49
29,2026-05-05 15:20:43,0,q23b,0,22,654,43869,76499,682365,662354,1260,1375,10,6582,0,24815,13214560,0,0,102160617664,1084298901,5751513089,0,0,286041380,23604,23604,0,7485676443,7485676443,0,0,6351486034,211405670,15.55,43.87
30,2026-05-05 15:21:28,0,q24,0,14,197,3513,8229,50584,43895,616,566,0,1264,0,5185,13036729,0,0,7305478504,320216803,3045986981,0,0,31568283,2073,2073,0,398409965,398409965,0,0,398409965,31568283,14.4,3.51
31,2026-05-05 15:21:33,0,q24a,0,21,348,8998,12946,119743,111787,1030,975,1,1696,0,9259,7978888,0,0,21018360104,608427191,5839519513,0,0,100579193,4983,4983,0,1806953452,1806953452,0,0,1449021628,69847454,13.31,9.0
32,2026-05-05 15:21:43,0,q24b,0,22,348,8914,15546,116996,107821,949,921,0,1920,0,10330,7978888,0,0,18322225928,608427191,5839519513,0,0,99830491,3060,3060,0,1783171383,1783171383,0,0,1425239559,69098752,13.12,8.91
33,2026-05-05 15:21:53,0,q25,0,14,249,4143,7496,59714,55643,583,644,1,1004,0,4322,13952362,0,0,6009723240,461086525,4788285393,0,0,20197026,2496,2496,0,408759219,408759219,0,0,408759219,20197026,14.41,4.14
34,2026-05-05 15:21:58,0,q26,0,7,110,2012,2001,28871,26399,164,198,0,370,0,475,1573343,0,0,3737818640,146139924,2185675704,0,0,361199,198,198,0,11486221,11486221,0,0,11486221,361199,14.35,2.01
35,2026-05-05 15:22:01,0,q27,0,7,127,3006,3022,43701,40737,232,222,0,708,0,2711,1573300,0,0,9561988704,290151590,3914200165,0,0,176608,808,808,0,8253960,8253960,0,0,8253960,176608,14.54,3.01
36,2026-05-05 15:22:05,0,q27a,0,11,336,7196,14301,109854,102335,439,547,0,1504,0,5396,1573300,0,0,6866942048,866368768,11723780549,0,0,180086,910,910,0,9374294,9374294,0,0,9374294,180086,15.27,7.2
37,2026-05-05 15:22:14,0,q28,0,18,685,9311,54807,146096,133448,732,967,3,1792,0,14397,302188,0,0,40845952816,1728038328,13841297244,0,0,4703800,7373,7373,0,76893877,76893877,0,0,76893877,4703800,15.69,9.31
38,2026-05-05 15:22:24,0,q29,0,17,258,9934,14847,134518,128972,573,651,1,1408,0,7264,13952362,0,0,12510713656,461126525,3395404852,0,0,93232843,3583,3583,0,1605292282,1605292282,0,0,1605292282,93232843,13.54,9.93
39,2026-05-05 15:22:35,0,q30,0,13,142,1649,2857,20687,17627,128,156,0,0,0,2291,8012019,0,0,9356907168,18418778,292872866,0,0,6150626,386,386,0,281188943,281188943,0,0,281188943,6150626,12.55,1.65
40,2026-05-05 15:22:38,0,q31,0,18,461,6031,30919,89750,78567,435,580,2,1072,0,13168,15423104,0,0,42871514776,1081084003,5476782264,0,0,871389,2165,2165,0,28620286,28620286,0,0,23129989,703934,14.88,6.03
41,2026-05-05 15:22:45,0,q32,0,7,173,1264,2338,18037,16347,127,194,2,0,0,616,1342856,0,0,610555800,288212248,2348854281,0,0,350080,90,90,0,4605586,4605586,0,0,4605586,350080,14.27,1.26
42,2026-05-05 15:22:47,0,q33,0,9,248,2965,6397,43039,38549,311,391,0,400,0,4562,1868056,0,0,8627755800,505430125,4647188125,0,0,140265,246,246,0,3533195,3533195,0,0,3533195,140265,14.52,2.96
43,2026-05-05 15:22:51,0,q34,0,9,151,2061,2323,28133,26475,146,196,0,416,0,1910,562766,0,0,519365960,290033990,757634879,0,0,4031113,130,130,0,135779937,135779937,0,0,68692258,2031113,13.65,2.06
44,2026-05-05 15:22:54,0,q35,0,10,293,3851,7315,53622,47161,140,230,0,528,0,5061,24091884,0,0,15327862352,508942925,679190875,0,0,57691365,3026,3026,0,112816037,112816037,0,0,112816037,57691365,13.92,3.85
45,2026-05-05 15:22:59,0,q35a,0,9,293,3380,4785,46430,42186,94,226,0,608,0,4924,24091884,0,0,14472224744,508942925,679190875,0,0,57706997,3026,3026,0,112793402,112793402,0,0,112793402,57706997,13.74,3.38
46,2026-05-05 15:23:04,0,q36,0,6,110,2247,2176,31233,28654,143,176,0,384,0,1588,3736575,0,0,8943656688,288230790,3610981308,0,0,16094,101,101,0,1304708,1304708,0,0,1304708,16094,13.9,2.25
47,2026-05-05 15:23:07,0,q36a,0,9,115,2194,2133,28875,26981,158,187,0,408,0,1609,3736446,0,0,9482624560,288230790,3610981308,0,0,44513,306,306,0,3722869,3722869,0,0,1257107,15087,13.16,2.19
48,2026-05-05 15:23:10,0,q37,0,6,125,4338,7678,48618,45987,45,99,0,388,0,3176,179655,0,0,4879633376,543548124,2721626609,0,0,51928707,1372,1372,0,655185226,655185226,0,0,655185226,143994433,11.21,4.34
49,2026-05-05 15:23:16,0,q38,0,13,358,8213,21772,126200,113367,154,310,6,1680,0,9689,405169,0,0,23376023992,506022125,657465672,0,0,120819579,4930,4930,0,740190567,740190567,0,0,635050557,116819579,15.37,8.21
50,2026-05-05 15:23:25,0,q39a,0,11,102,4504,8257,48695,42546,220,190,0,616,0,1193,2476383,0,0,5156915760,798904015,4234827208,0,0,4703618,85,85,0,112366429,112366429,0,0,75919735,3173618,10.81,4.5
51,2026-05-05 15:23:31,0,q39b,0,11,101,4064,7558,43086,39939,163,187,0,480,0,488,1045696,0,0,4773464624,798904015,4234827208,0,0,4594459,85,85,0,109301092,109301092,0,0,72854398,3064459,10.6,4.06
52,2026-05-05 15:23:36,0,q40,0,8,164,7664,20377,111252,106632,107,184,0,1212,0,8869,514954,0,0,24442330840,158615961,1293469186,0,0,157478827,4755,4755,0,3042545985,3042545985,0,0,3042545985,157478827,14.52,7.66
53,2026-05-05 15:23:44,0,q41,0,4,12,223,179,288,163,11,15,0,0,0,18,31157,0,0,540036928,408000,3191493,0,0,292,2,2,0,19225,19225,0,0,19225,292,1.29,0.22
54,2026-05-05 15:23:46,0,q42,0,4,108,1155,1136,16854,14950,121,156,0,342,0,420,478141,0,0,4278343952,288230388,2404635449,0,0,1059,100,100,0,88397,88397,0,0,88397,1059,14.59,1.16
55,2026-05-05 15:23:48,0,q43,0,4,104,1855,1829,26889,25437,119,138,0,96,0,1191,477367,0,0,306279616,288026790,750933658,0,0,11900,100,100,0,1353429,1353429,0,0,1353429,11900,14.5,1.86
56,2026-05-05 15:23:51,0,q44,0,8,242,2417,2604,35133,26944,248,306,0,952,0,5813,3452907,0,0,11325128360,576216776,3836534913,0,0,2616272,3332,3332,0,35014545,35014545,0,0,17513938,1308362,14.54,2.42
57,2026-05-05 15:23:54,0,q45,0,7,77,1570,1432,18367,16376,48,76,1,112,0,99,19126761,0,0,10271954264,75245613,525226538,0,0,182,39,39,0,17021,17021,0,0,17021,182,11.7,1.57
58,2026-05-05 15:23:57,0,q46,0,9,150,3311,3437,45510,42708,186,225,0,528,0,2659,13582955,0,0,9995153552,291033990,2495164429,0,0,2097510,520,520,0,69753817,69753817,0,0,69753817,2097510,13.75,3.31
59,2026-05-05 15:24:01,0,q47,0,11,170,5092,6144,72469,67927,229,272,0,304,0,4665,4637411,0,0,14691945008,288230790,1911338768,0,0,20520741,3847,3847,0,801437415,801437415,0,0,410113619,10492204,14.23,5.09
60,2026-05-05 15:24:07,0,q48,0,6,124,6820,6976,103341,98461,164,196,0,2160,0,73,2213440,0,0,5256677512,290947590,2622356314,0,0,101,101,101,0,5957,5957,0,0,5957,101,15.15,6.82
61,2026-05-05 15:24:15,0,q49,0,20,349,7792,27798,117048,105822,523,563,1,2304,0,12400,2341319,0,0,6799501864,554439913,7744351006,0,0,86104330,303,303,0,1847165774,1847165774,0,0,1847165774,86104330,15.02,7.79
62,2026-05-05 15:24:24,0,q50,0,10,230,11017,34874,166795,157208,316,412,0,912,0,18106,1285788,0,0,40984956952,316921450,2152603072,0,0,265637490,12304,12304,0,5976596674,5976596674,0,0,5976596674,265637490,15.14,11.02
63,2026-05-05 15:24:36,0,q51,0,10,245,14798,22842,209851,197609,316,358,0,1760,0,13012,393731,0,0,29827411512,360028001,2283739496,0,0,173923508,3842,3842,0,2939131747,2939131747,0,0,2939131747,173923508,14.18,14.8
64,2026-05-05 15:24:52,0,q51a,0,14,316,247906,288713,3229699,3176924,568,629,4,19777,0,15804,541680,0,0,73985031544,360028001,2283739496,0,0,313992514,4882,4882,0,5206645271,5206645271,0,0,3938124581,247599251,13.03,247.91
65,2026-05-05 15:29:01,0,q52,0,5,111,1244,1225,17706,15756,121,159,0,128,0,2676,477453,0,0,4413085920,288230388,2404949352,0,0,56873,303,303,0,3229758,3229758,0,0,3229758,56873,14.23,1.24
66,2026-05-05 15:29:03,0,q53,0,6,115,1744,1728,24232,22764,125,163,0,176,0,2503,562379,0,0,869234520,288230790,1912078171,0,0,324087,606,606,0,6834396,6834396,0,0,6834396,324087,13.89,1.74
67,2026-05-05 15:29:06,0,q54,0,17,281,3179,4312,45396,40044,436,517,1,544,0,3621,19126675,0,0,14788138776,507412625,2671897249,0,0,8236026,1806,1806,0,80270347,80270347,0,0,80270347,8236026,14.28,3.18
68,2026-05-05 15:29:11,0,q55,0,5,110,1238,1217,17602,15177,236,170,0,288,0,3119,478098,0,0,7097177376,288230388,2404949352,0,0,43008,202,202,0,2504732,2504732,0,0,2504732,43008,14.22,1.24
69,2026-05-05 15:29:13,0,q56,0,9,247,2539,5712,36235,32528,296,386,0,224,0,4151,1868056,0,0,7083399056,505430125,4648247852,0,0,78464,145,145,0,2864341,2864341,0,0,2864341,78464,14.27,2.54
70,2026-05-05 15:29:16,0,q57,0,11,157,2718,3622,36905,31631,215,244,0,248,0,2819,4637411,0,0,9789608072,144218154,924697236,0,0,1882447,1298,1298,0,76772188,76772188,0,0,52999171,1287630,13.58,2.72
71,2026-05-05 15:29:20,0,q58,0,10,249,2713,6437,39792,35687,339,396,0,192,0,4162,1573386,0,0,19770339632,504372223,4192225259,0,0,2376775,2398,2398,0,36037027,36037027,0,0,36037027,2376775,14.67,2.71
72,2026-05-05 15:29:24,0,q59,0,16,248,4643,8410,60913,55953,323,413,1,400,0,6890,700345,0,0,16118379352,576239678,1503139602,0,0,2188602,3436,3436,0,73070440,73070440,0,0,73070440,2188602,13.12,4.64
73,2026-05-05 15:29:30,0,q60,0,9,253,3046,6414,44420,40619,324,397,0,364,0,3731,1868056,0,0,14010721592,505430125,4648171970,0,0,553663,691,691,0,10646349,10646349,0,0,10646349,553663,14.58,3.05
74,2026-05-05 15:29:34,0,q61,0,10,237,4219,6361,60151,56216,74,189,0,533,0,65,19126675,0,0,22747629656,579238178,5817923330,0,0,202,202,202,0,11913,11913,0,0,11913,202,14.26,4.22
75,2026-05-05 15:29:39,0,q62,0,6,45,1263,1248,17889,16440,46,59,0,0,0,888,256034,0,0,245764904,72021672,259479684,0,0,14400,40,40,0,1319317,1319317,0,0,1319317,14400,14.16,1.26
76,2026-05-05 15:29:42,0,q63,0,6,112,1836,1806,25667,23352,129,162,0,180,0,2746,562164,0,0,801273712,288230790,1911998199,0,0,119054,303,303,0,3234733,3234733,0,0,3234733,119054,13.98,1.84
77,2026-05-05 15:29:44,0,q64,0,39,532,23622,84165,359581,338603,1470,1390,48,4272,0,14882,40030835,0,0,41657040264,768696804,11326187657,0,0,232434788,5325,5325,0,3517064144,3517064144,0,0,3039790703,195467289,15.22,23.62
78,2026-05-05 15:30:09,0,q65,0,10,279,11265,21497,167024,156245,330,419,2,1154,0,12917,18416299,0,0,23921344000,576237178,3819404838,0,0,123893292,3485,3485,0,3689308652,3689308652,0,0,3689308652,123893292,14.83,11.26
79,2026-05-05 15:30:22,0,q66,0,8,128,3165,4200,43767,36720,371,381,0,752,0,223,512408,0,0,4729544928,216055772,2092235178,0,0,885,59,59,0,423776,423776,0,0,423776,885,13.83,3.16
80,2026-05-05 15:30:26,0,q67,0,7,317,52959,52842,806525,779519,474,549,7,9291,0,31353,9285378,0,0,74773448160,288230790,2173204266,0,0,144335292,21608,21608,0,10982551594,10982551594,0,0,10982551594,144335292,15.23,52.96
81,2026-05-05 15:31:20,0,q67a,0,15,798,72866,244701,1141015,1109058,2005,1995,0,8971,0,33335,9285378,0,0,222134308344,288230790,2173204266,0,0,549286568,66468,66468,0,42293681887,42293681887,0,0,8661555895,122567976,15.66,72.87
82,2026-05-05 15:32:34,0,q68,0,9,146,3669,3891,50585,43805,198,232,0,464,0,1765,13582998,0,0,9177842832,291033990,3861504495,0,0,2022735,120,120,0,65905489,65905489,0,0,65905489,2022735,13.79,3.67
83,2026-05-05 15:32:39,0,q69,0,9,276,2409,5291,34426,29441,47,174,5,592,0,5148,28817400,0,0,10691049848,508942925,679878263,0,0,16091419,2618,2618,0,47356480,47356480,0,0,47356480,16091419,14.29,2.41
84,2026-05-05 15:32:42,0,q70,0,9,209,3462,3400,50022,48129,259,330,0,384,0,774,1074954,0,0,7524903464,576033580,2669415153,0,0,3221,202,202,0,236975,236975,0,0,236975,3221,14.45,3.46
85,2026-05-05 15:32:47,0,q70a,0,12,214,3051,2947,42634,41373,296,357,8,126,0,721,1068610,0,0,1285876880,576033580,2669415153,0,0,4050,407,407,0,343348,343348,0,0,165400,2250,13.97,3.05
86,2026-05-05 15:32:51,0,q71,0,7,243,2758,2678,38871,31605,356,417,12,160,0,4580,2527710,0,0,4775910576,504266125,4474521744,0,0,276608,1740,1740,0,14441102,14441102,0,0,8279738,169054,14.09,2.76
87,2026-05-05 15:32:55,0,q72,0,15,377,152055,196440,2368112,2343042,528,655,1,3528,0,25655,13214689,0,0,82523784096,560021059,3804794918,0,0,537663712,23876,23876,0,9674287230,9674287230,0,0,9674287230,537663712,15.57,152.06
88,2026-05-05 15:35:28,0,q73,0,9,151,1960,2222,27171,25502,135,174,0,390,0,1659,562551,0,0,515092048,290033990,757634879,0,0,4016581,130,130,0,135101187,135101187,0,0,68013508,2016581,13.86,1.96
89,2026-05-05 15:35:31,0,q74,0,20,417,14445,46418,224329,203013,828,889,1,3088,0,13698,589169,0,0,43804974688,650094389,3343645304,0,0,269945080,7771,7771,0,2942454364,2942454364,0,0,2069316717,191970515,15.53,14.44
90,2026-05-05 15:35:47,0,q75,0,20,603,12849,45971,197094,182061,407,635,1,2712,0,15507,430072,0,0,24656981872,1058647072,10751226168,0,0,140054991,4858,4858,0,3124293933,3124293933,0,0,2106315257,89656169,15.34,12.85
91,2026-05-05 15:36:01,0,q76,0,5,231,2747,2684,40353,36502,328,401,0,150,0,2930,1845962,0,0,18242328224,503804997,4526049463,0,0,29370,442,442,0,2390946,2390946,0,0,2390946,29370,14.69,2.75
92,2026-05-05 15:36:04,0,q77,0,14,292,3343,15469,48692,43046,321,388,1,544,0,3635,477324,0,0,1298283888,554423389,4881145005,0,0,79783,195,195,0,2926518,2926518,0,0,2926518,79783,14.57,3.34
93,2026-05-05 15:36:09,0,q77a,0,17,297,3374,15162,47247,43356,308,415,0,384,0,3849,477926,0,0,1904360592,554423389,4881145005,0,0,80032,207,207,0,3092955,3092955,0,0,2922341,77558,14.0,3.37
94,2026-05-05 15:36:13,0,q78,0,14,500,31876,88786,485325,460681,792,924,2,4512,0,35860,1068552,0,0,94462501856,554440947,5765414518,0,0,406636630,22041,22041,0,11364756495,11364756495,0,0,11364756495,406636630,15.23,31.88
95,2026-05-05 15:36:46,0,q79,0,8,154,3332,3705,49392,41807,254,252,2,1880,0,4616,563927,0,0,10624236264,290033990,2481714898,0,0,3605125,2176,2176,0,110377148,110377148,0,0,110377148,3605125,14.82,3.33
96,2026-05-05 15:36:51,0,q80,0,23,465,26701,81034,410488,390545,1112,1172,0,4000,0,25344,1112317,0,0,54884401176,554871773,8300634181,0,0,265494091,13409,13409,0,7544361604,7544361604,0,0,7544361604,265494091,15.37,26.7
97,2026-05-05 15:37:19,0,q80a,0,26,470,25768,76380,394417,378116,1114,1211,0,3116,0,25793,1112575,0,0,55356260208,554871773,8300634181,0,0,265493763,13424,13424,0,7544531034,7544531034,0,0,7544309334,265491833,15.31,25.77
98,2026-05-05 15:37:46,0,q81,0,13,163,2357,4025,27050,23452,204,213,0,0,0,2230,8012019,0,0,13574738872,32815644,433534164,0,0,11352561,1105,1105,0,248757358,248757358,0,0,248757358,11352561,11.48,2.36
99,2026-05-05 15:37:49,0,q82,0,8,135,2349,3207,29816,27246,216,277,0,340,0,524,228714,0,0,178877936,687764388,3302317099,0,0,40832,108,108,0,226994,226994,0,0,226994,40832,12.69,2.35
100,2026-05-05 15:37:52,0,q83,0,10,73,1322,3322,16941,15451,67,78,0,0,0,783,1573386,0,0,3952556144,50821969,324883188,0,0,402103,73,73,0,5531326,5531326,0,0,5531326,402103,12.81,1.32
101,2026-05-05 15:37:55,0,q84,0,9,76,1493,2410,12904,11728,68,56,0,0,0,653,9765521,0,0,1313097696,33729631,166106540,0,0,27798849,47,47,0,145652083,145652083,0,0,145652083,27798849,8.64,1.49
102,2026-05-05 15:37:57,0,q85,0,10,111,3493,18075,47484,43123,69,111,0,1868,0,1962,17038540,0,0,9166144312,84064697,1165766415,0,0,9151985,867,867,0,340232586,340232586,0,0,340232586,9151985,13.59,3.49
103,2026-05-05 15:38:02,0,q86,0,5,48,1068,1008,13788,12706,43,55,0,96,0,682,3736575,0,0,3607813520,72225613,602207297,0,0,7501,41,41,0,521172,521172,0,0,521172,7501,12.91,1.07
104,2026-05-05 15:38:04,0,q86a,0,8,53,875,808,9774,9066,46,59,0,0,0,669,3736489,0,0,4146781072,72225613,602207297,0,0,20456,126,126,0,1499876,1499876,0,0,514828,7068,11.17,0.88
105,2026-05-05 15:38:06,0,q87,0,13,358,8264,21147,127709,116379,153,308,21,1104,0,9116,405169,0,0,23376023992,506022125,657465672,0,0,120819579,4930,4930,0,740190567,740190567,0,0,635050557,116819579,15.45,8.26
106,2026-05-05 15:38:15,0,q88,0,26,826,7824,54625,122010,116656,31,432,10,832,0,124,239779,0,0,2602458112,2304258706,2780568679,0,0,808,808,808,0,47645,47645,0,0,47645,808,15.59,7.82
107,2026-05-05 15:38:24,0,q89,0,6,125,2142,2114,30582,28002,137,176,2,336,0,3180,562680,0,0,8359864800,288230790,1911673852,0,0,461388,1616,1616,0,22068092,22068092,0,0,22068092,461388,14.28,2.14
108,2026-05-05 15:38:27,0,q90,0,8,86,867,1331,12897,12294,2,41,0,0,0,10,94486,0,0,259051520,144052466,314507563,0,0,80,80,80,0,4720,4720,0,0,4720,80,14.88,0.87
109,2026-05-05 15:38:29,0,q91,0,11,78,674,1214,6648,5779,43,61,1,0,0,572,918736,0,0,2985287144,19345852,181632803,0,0,2083224,239,239,0,44262536,44262536,0,0,44240552,2083083,9.86,0.67
110,2026-05-05 15:38:31,0,q92,0,7,104,1171,1770,16846,14128,86,101,0,240,0,2162,775307,0,0,3957955072,144227226,1205645911,0,0,1672198,696,696,0,21434447,21434447,0,0,21434447,1672198,14.39,1.17
111,2026-05-05 15:38:33,0,q93,0,8,336,32401,60832,489258,354150,390,530,0,1626,0,146715,2224290,0,0,68145363512,316808109,2644388186,0,0,288995290,26212,26212,0,7313586156,7313586156,0,0,7313586156,288995290,15.1,32.4
112,2026-05-05 15:39:07,0,q94,0,8,153,7205,20844,107941,92157,108,163,0,696,0,16252,511515,0,0,16630437440,152222639,968415096,0,0,151171114,3640,3640,0,2240321543,2240321543,0,0,2240321543,151171114,14.98,7.2
113,2026-05-05 15:39:15,0,q95,0,8,180,23193,38274,349886,304064,353,352,0,3388,0,31625,944164,0,0,49888658408,152222639,939946633,0,0,367104120,14137,14137,0,3290949327,3290949327,0,0,1995058746,151153176,15.09,23.19
114,2026-05-05 15:39:39,0,q96,0,5,105,1013,1006,14825,14588,0,53,0,0,0,15,238317,0,0,322799232,288033990,347660689,0,0,101,101,101,0,5955,5955,0,0,5955,101,14.63,1.01
115,2026-05-05 15:39:41,0,q97,0,5,201,11599,14403,153165,144040,212,257,1,976,0,5729,394505,0,0,25013521472,432020512,2301754268,0,0,83873546,2006,2006,0,961239745,961239745,0,0,961239745,83873546,13.21,11.6
116,2026-05-05 15:39:54,0,q98,0,7,133,2033,1932,25670,21326,173,208,6,416,0,3766,6774497,0,0,10455054600,288230388,2422838107,0,0,782637,1811,1811,0,107196409,107196409,0,0,103201691,752094,12.63,2.03
117,2026-05-05 15:39:57,0,q99,0,7,88,1775,1755,22253,18386,91,117,0,416,0,366,512322,0,0,1636843824,144014189,374432850,0,0,32599,50,50,0,2191785,2191785,0,0,2191785,32599,12.54,1.78
118,2026-05-05 15:40:00,1,q1,0,12,126,2062,3392,29088,24001,115,139,0,864,0,4529,892432,0,0,7376429816,59623624,610061018,0,0,18384283,751,751,0,277540917,277540917,0,0,277540917,18384283,14.11,2.06
119,2026-05-05 15:40:03,1,q2,0,9,129,2579,2512,36247,33923,149,181,0,624,0,1125,755509,0,0,884539504,216108786,908409234,0,0,35347,362,362,0,2673870,2673870,0,0,901000,13701,14.05,2.58
120,2026-05-05 15:40:07,1,q3,0,5,110,1222,1208,17242,15766,116,156,0,176,0,2424,477496,0,0,401162192,288283437,2405169324,0,0,43002,202,202,0,2702444,2702444,0,0,2702444,43002,14.11,1.22
121,2026-05-05 15:40:09,1,q4,0,25,707,69274,341683,1100019,621514,1551,1659,0,12928,0,455290,765025,0,0,115346137600,794088513,12061661723,0,0,566100624,25854,25854,0,14421654048,14421654048,0,0,8530726381,341212705,15.88,69.27
122,2026-05-05 15:41:19,1,q5,0,11,349,14269,27108,197425,162543,391,526,0,2249,0,14897,642468,0,0,8871091184,626443386,5412241102,0,0,78889487,1136,1136,0,1105462275,1105462275,0,0,1105462275,78889487,13.84,14.27
123,2026-05-05 15:41:35,1,q5a,0,14,354,12797,22838,172121,160852,517,625,0,1544,0,6810,641780,0,0,9342950216,626443386,5412241102,0,0,78892792,1146,1146,0,1105699951,1105699951,0,0,1105491147,78889358,13.45,12.8
124,2026-05-05 15:41:49,1,q6,0,13,160,1969,4478,28234,24431,288,324,20,640,0,3741,8479826,0,0,5288963336,291580486,1529874260,0,0,5131498,1890,1890,0,46226184,46226184,0,0,46226184,5131498,14.34,1.97
125,2026-05-05 15:41:52,1,q7,0,7,136,3381,3405,50149,45771,234,242,0,922,0,2218,1573386,0,0,10166726520,290152188,4203485784,0,0,741415,1717,1717,0,25861088,25861088,0,0,25861088,741415,14.83,3.38
126,2026-05-05 15:41:56,1,q8,0,10,142,2121,2037,26310,25231,187,235,0,100,0,613,9492937,0,0,9020943192,292026790,1348989214,0,0,50784,121,121,0,762861,762861,0,0,762861,50784,12.4,2.12
127,2026-05-05 15:41:59,1,q9,0,11,511,5284,25898,81902,75538,217,452,0,3606,0,146,220704,0,0,0,1440031995,8990279241,0,0,505,505,505,0,41518,41518,0,0,41518,505,15.5,5.28
128,2026-05-05 15:42:06,1,q10,0,11,286,2462,5614,35513,31146,79,215,0,512,0,4709,29252425,0,0,10164816488,509942925,687079116,0,0,19145607,2490,2490,0,20647402,20647402,0,0,20647402,19145607,14.42,2.46
129,2026-05-05 15:42:09,1,q10a,0,8,276,2002,3207,27649,24631,54,182,0,320,0,4810,29252468,0,0,9484456576,508942925,680674263,0,0,20856568,2635,2635,0,50574179,50574179,0,0,50574179,20856568,13.81,2.0
130,2026-05-05 15:42:12,1,q11,0,20,423,16212,51071,253300,231296,881,954,0,7434,0,15687,589857,0,0,44791176400,650094389,4447346008,0,0,269945080,8173,8173,0,4443307808,4443307808,0,0,2964976244,191970515,15.62,16.21
131,2026-05-05 15:42:30,1,q12,0,6,66,887,822,9863,7929,66,77,0,0,0,2095,6554102,0,0,4753471800,72225613,616731193,0,0,218539,691,691,0,30886877,30886877,0,0,30886877,218539,11.12,0.89
132,2026-05-05 15:42:31,1,q13,0,7,125,5833,5827,89800,54250,95,127,0,28066,0,133,1760007,0,0,5367720952,290954790,4986737863,0,0,101,101,101,0,7978,7978,0,0,7978,101,15.4,5.83
133,2026-05-05 15:42:38,1,q14a,0,40,1224,55538,162411,844434,451889,2530,2501,32,14161,0,374801,2441791,0,0,48203787152,2016904500,14110336969,0,0,639431334,5845,5845,0,9123777585,9123777585,0,0,9108942548,638964125,15.2,55.54
134,2026-05-05 15:43:36,1,q14b,0,30,770,20964,31752,301026,267924,1703,1754,8,5448,0,20323,2441791,0,0,28953463416,1585185222,10168695659,0,0,135576682,3990,3990,0,524109934,524109934,0,0,524109934,135576682,14.36,20.96
135,2026-05-05 15:43:58,1,q14,0,29,764,17798,27006,257013,231246,1716,1693,0,4430,0,12219,2336826,0,0,28721040136,1585185222,10168695659,0,0,134713570,3744,3744,0,432179432,432179432,0,0,432179432,134713570,14.44,17.8
136,2026-05-05 15:44:17,1,q15,0,5,108,3084,2853,41169,38794,87,120,0,352,0,44,19126675,0,0,13190560760,147014124,534363876,0,0,2305,3,3,0,69877,69877,0,0,69877,2305,13.35,3.08
137,2026-05-05 15:44:21,1,q16,0,8,295,14384,37730,219693,163643,344,421,0,1361,0,56191,1279153,0,0,41785807200,303406100,2094797272,0,0,301125284,17100,17100,0,4308531096,4308531096,0,0,4308531096,301125284,15.27,14.38
138,2026-05-05 15:44:36,1,q17,0,14,249,5034,8763,72041,65170,638,650,1,1680,0,4219,13952362,0,0,6358661496,461086525,3394625328,0,0,28190115,2517,2517,0,601012828,601012828,0,0,601012828,28190115,14.31,5.03
139,2026-05-05 15:44:43,1,q18,0,10,167,3212,4165,46647,40976,138,182,0,640,0,3448,9765521,0,0,8709817336,151059724,2835246513,0,0,11669020,1836,1836,0,365378572,365378572,0,0,365378572,11669020,14.52,3.21
140,2026-05-05 15:44:47,1,q18a,0,18,271,6582,15666,99644,79424,349,405,2,4144,0,8312,9765521,0,0,31535543288,154263724,2854290595,0,0,56294457,7974,7974,0,1677849899,1677849899,0,0,368910883,11778229,15.14,6.58
141,2026-05-05 15:44:55,1,q19,0,8,140,2500,2301,32610,30971,141,197,0,160,0,1927,19126675,0,0,23184447472,291230790,2730449864,0,0,103989,606,606,0,6979336,6979336,0,0,6979336,103989,13.04,2.5
142,2026-05-05 15:44:58,1,q20,0,6,94,1063,1002,9451,8870,99,128,0,144,0,30,6554102,0,0,2069718224,144218124,1189646424,0,0,61386,15,15,0,7314659,7314659,0,0,7314659,61386,8.89,1.06
143,2026-05-05 15:45:00,1,q21,0,5,28,2164,2144,26000,19214,22,29,0,128,0,12,136013,0,0,217853776,399554015,2120318627,0,0,95955,1,1,0,1951830,1951830,0,0,1951830,95955,12.01,2.16
144,2026-05-05 15:45:03,1,q22,0,6,45,185046,184963,594019,590973,88,68,0,527,0,158,9285378,0,0,2306272944,399554015,2117762741,0,0,2038885,102,102,0,87766507,87766507,0,0,87766507,2038885,3.21,185.05
145,2026-05-05 15:48:10,1,q22a,0,10,112,7178,7927,44224,40001,149,174,0,116,0,2566,9285378,0,0,11487341208,399554015,2118587234,0,0,2855440,508,508,0,144373282,144373282,0,0,40505050,816780,6.16,7.18
146,2026-05-05 15:48:18,1,q23a,0,19,620,41333,69228,647186,629252,1158,1256,2,5254,0,22880,13214646,0,0,89218044872,1082298901,5728291502,0,0,236739789,17956,17956,0,6673942561,6673942561,0,0,6295401013,209328167,15.66,41.33
147,2026-05-05 15:49:00,1,q23b,0,22,654,43983,77128,682388,655445,1243,1352,1,5342,0,30026,13214517,0,0,102160617664,1084298901,5751513089,0,0,286041380,23604,23604,0,7485676443,7485676443,0,0,6351486034,211405670,15.51,43.98
148,2026-05-05 15:49:45,1,q24,0,14,197,3785,8950,55219,44315,486,517,0,352,0,4543,13036729,0,0,7305478504,320216803,3045986981,0,0,31568283,2073,2073,0,398409965,398409965,0,0,398409965,31568283,14.59,3.78
149,2026-05-05 15:49:50,1,q24a,0,21,348,9098,13300,120718,110363,951,975,20,1622,0,10161,7979017,0,0,21018360104,608427191,5839519513,0,0,100579193,4983,4983,0,1806953452,1806953452,0,0,1449021628,69847454,13.27,9.1
150,2026-05-05 15:50:00,1,q24b,0,22,348,9315,16236,118502,106251,977,937,0,1243,0,13081,7978931,0,0,18322225928,608427191,5839519513,0,0,99830491,3060,3060,0,1783171383,1783171383,0,0,1425239559,69098752,12.72,9.32
151,2026-05-05 15:50:11,1,q25,0,14,249,4211,7576,60843,56735,605,670,1,868,0,4486,13952362,0,0,6009723240,461086525,4788285393,0,0,20197026,2496,2496,0,408759219,408759219,0,0,408759219,20197026,14.45,4.21
152,2026-05-05 15:50:16,1,q26,0,7,110,1987,2024,28745,26621,175,190,0,272,0,470,1573386,0,0,3737818640,146139924,2185675704,0,0,361199,198,198,0,11486221,11486221,0,0,11486221,361199,14.47,1.99
153,2026-05-05 15:50:19,1,q27,0,7,127,3246,3266,47539,40650,210,226,0,544,0,3351,1573386,0,0,9561988704,290151590,3914200165,0,0,176608,808,808,0,8253960,8253960,0,0,8253960,176608,14.65,3.25
154,2026-05-05 15:50:23,1,q27a,0,11,336,7295,14584,111587,102621,476,554,3,1728,0,5656,1573386,0,0,6866942048,866368768,11723780549,0,0,180086,910,910,0,9374294,9374294,0,0,9374294,180086,15.3,7.3
155,2026-05-05 15:50:32,1,q28,0,18,685,9424,55598,147960,134391,718,973,16,1552,3,15595,302532,0,0,40845952816,1728038328,13841297244,0,0,4703800,7373,7373,0,76893877,76893877,0,0,76893877,4703800,15.7,9.42
156,2026-05-05 15:50:42,1,q29,0,17,258,9930,14713,134356,129179,609,660,1,1056,0,7118,13952362,0,0,12510713656,461126525,3395404852,0,0,93232843,3583,3583,0,1605292282,1605292282,0,0,1605292282,93232843,13.53,9.93
157,2026-05-05 15:50:53,1,q30,0,13,142,1670,2747,21368,18271,127,152,0,0,0,2354,8012019,0,0,9356907168,18418778,292872866,0,0,6150626,386,386,0,281188943,281188943,0,0,281188943,6150626,12.8,1.67
158,2026-05-05 15:50:56,1,q31,0,18,461,6600,33783,97574,84555,530,584,0,1024,0,13585,15423104,0,0,42871514776,1081084003,5476782264,0,0,871389,2165,2165,0,28620286,28620286,0,0,23129989,703934,14.78,6.6
159,2026-05-05 15:51:04,1,q32,0,7,173,1370,2578,19413,15506,124,194,0,464,0,882,1342856,0,0,610555800,288212248,2348854281,0,0,350080,90,90,0,4605586,4605586,0,0,4605586,350080,14.17,1.37
160,2026-05-05 15:51:06,1,q33,0,9,248,2970,6783,43332,36971,329,396,2,752,0,5211,1868056,0,0,8627755800,505430125,4647188125,0,0,140265,246,246,0,3533195,3533195,0,0,3533195,140265,14.59,2.97
161,2026-05-05 15:51:10,1,q34,0,9,151,1976,2233,26854,25350,159,187,2,240,0,2031,562379,0,0,519365960,290033990,757634879,0,0,4031113,130,130,0,135779937,135779937,0,0,68692258,2031113,13.59,1.98
162,2026-05-05 15:51:13,1,q35,0,10,293,3701,7237,51402,45393,118,226,0,224,0,4987,24091841,0,0,15327862352,508942925,679190875,0,0,57691365,3026,3026,0,112816037,112816037,0,0,112816037,57691365,13.89,3.7
163,2026-05-05 15:51:18,1,q35a,0,9,293,3413,4790,46415,41299,96,238,4,624,0,5290,24091841,0,0,14472224744,508942925,679190875,0,0,57706997,3026,3026,0,112793402,112793402,0,0,112793402,57706997,13.6,3.41
164,2026-05-05 15:51:23,1,q36,0,6,110,2277,2206,31850,27366,199,201,3,832,0,1746,3736575,0,0,8943656688,288230790,3610981308,0,0,16094,101,101,0,1304708,1304708,0,0,1304708,16094,13.99,2.28
165,2026-05-05 15:51:26,1,q36a,0,9,115,2165,2102,28376,24608,356,195,1,576,0,2162,3736489,0,0,9482624560,288230790,3610981308,0,0,44513,306,306,0,3722869,3722869,0,0,1257107,15087,13.11,2.16
166,2026-05-05 15:51:29,1,q37,0,6,125,4270,7639,48773,45027,38,95,0,540,0,3201,179741,0,0,4879633376,543548124,2721626609,0,0,51928707,1372,1372,0,655185226,655185226,0,0,655185226,143994433,11.42,4.27
167,2026-05-05 15:51:34,1,q38,0,13,358,8380,21623,129004,115864,157,308,0,976,0,8231,405169,0,0,23376023992,506022125,657465672,0,0,120819579,4930,4930,0,740190567,740190567,0,0,635050557,116819579,15.39,8.38
168,2026-05-05 15:51:44,1,q39a,0,11,102,4591,8452,50043,43168,210,191,0,736,0,897,2476383,0,0,5156915760,798904015,4234827208,0,0,4703618,85,85,0,112366429,112366429,0,0,75919735,3173618,10.9,4.59
169,2026-05-05 15:51:50,1,q39b,0,11,101,3904,7259,41039,38314,163,181,0,384,0,397,1045739,0,0,4773464624,798904015,4234827208,0,0,4594459,85,85,0,109301092,109301092,0,0,72854398,3064459,10.51,3.9
170,2026-05-05 15:51:54,1,q40,0,8,164,7809,20600,113674,109712,111,189,0,800,0,8375,514438,0,0,24442330840,158615961,1293469186,0,0,157478827,4755,4755,0,3042545985,3042545985,0,0,3042545985,157478827,14.56,7.81
171,2026-05-05 15:52:03,1,q41,0,4,12,174,146,215,147,8,13,0,0,0,12,31157,0,0,540036928,408000,3191493,0,0,292,2,2,0,19225,19225,0,0,19225,292,1.24,0.17
172,2026-05-05 15:52:05,1,q42,0,4,108,1156,1132,16578,13857,121,157,10,336,0,398,478227,0,0,4278343952,288230388,2404635449,0,0,1059,100,100,0,88397,88397,0,0,88397,1059,14.34,1.16
173,2026-05-05 15:52:07,1,q43,0,4,104,1932,1906,28348,26442,108,142,8,128,0,1054,477367,0,0,306279616,288026790,750933658,0,0,11900,100,100,0,1353429,1353429,0,0,1353429,11900,14.67,1.93
174,2026-05-05 15:52:10,1,q44,0,8,242,2423,2629,35688,26405,239,295,0,1065,0,6839,3452993,0,0,11325128360,576216776,3836534913,0,0,2616272,3332,3332,0,35014545,35014545,0,0,17513938,1308362,14.73,2.42
175,2026-05-05 15:52:13,1,q45,0,7,77,1394,1330,15160,13543,51,73,0,144,0,104,19126675,0,0,10271954264,75245613,525226538,0,0,182,39,39,0,17021,17021,0,0,17021,182,10.88,1.39
176,2026-05-05 15:52:16,1,q46,0,9,150,3376,3472,46814,44100,192,232,0,352,0,2697,13582955,0,0,9995153552,291033990,2495164429,0,0,2097510,520,520,0,69753817,69753817,0,0,69753817,2097510,13.87,3.38
177,2026-05-05 15:52:20,1,q47,0,11,170,5126,6079,73091,68097,247,264,0,640,0,4705,4637411,0,0,14691945008,288230790,1911338768,0,0,20520741,3847,3847,0,801437415,801437415,0,0,410113619,10492204,14.26,5.13
178,2026-05-05 15:52:26,1,q48,0,6,124,6623,6621,100710,96525,170,185,0,1936,0,75,2213440,0,0,5256677512,290947590,2622356314,0,0,101,101,101,0,5957,5957,0,0,5957,101,15.21,6.62
179,2026-05-05 15:52:34,1,q49,0,20,349,7490,26693,112623,105065,430,540,0,2080,0,11083,2341319,0,0,6799501864,554439913,7744351006,0,0,86104330,303,303,0,1847165774,1847165774,0,0,1847165774,86104330,15.04,7.49
180,2026-05-05 15:52:43,1,q50,0,10,230,41781,176768,630304,149039,249,353,0,1360,0,491073,1285788,0,0,40984956952,316921450,2152603072,0,0,265637490,12304,12304,0,5976596674,5976596674,0,0,5976596674,265637490,15.09,41.78
181,2026-05-05 15:53:25,1,q51,0,10,245,21310,31040,297462,174809,276,335,0,992,0,126151,392914,0,0,29827411512,360028001,2283739496,0,0,173923508,3842,3842,0,2939131747,2939131747,0,0,2939131747,173923508,13.96,21.31
182,2026-05-05 15:53:48,1,q51a,0,14,316,247830,290095,3244117,3187848,500,605,1,15920,0,22271,541680,0,0,73985031544,360028001,2283739496,0,0,313992514,4882,4882,0,5206645271,5206645271,0,0,3938124581,247599251,13.09,247.83
183,2026-05-05 15:57:57,1,q52,0,5,111,1318,1297,18865,15834,140,155,0,160,0,3675,477453,0,0,4413085920,288230388,2404949352,0,0,56873,303,303,0,3229758,3229758,0,0,3229758,56873,14.31,1.32
184,2026-05-05 15:57:59,1,q53,0,6,115,1842,1817,25750,24071,119,163,0,165,0,2752,562250,0,0,869234520,288230790,1912078171,0,0,324087,606,606,0,6834396,6834396,0,0,6834396,324087,13.98,1.84
185,2026-05-05 15:58:02,1,q54,0,17,281,3172,4428,45546,40177,452,508,0,466,0,4799,19126675,0,0,14788138776,507412625,2671897249,0,0,8236026,1806,1806,0,80270347,80270347,0,0,80270347,8236026,14.36,3.17
186,2026-05-05 15:58:06,1,q55,0,5,110,1374,1355,19815,17503,125,155,0,192,0,2933,477324,0,0,7097177376,288230388,2404949352,0,0,43008,202,202,0,2504732,2504732,0,0,2504732,43008,14.42,1.37
187,2026-05-05 15:58:09,1,q56,0,9,247,2859,6362,41039,36245,306,395,0,340,0,3726,1868056,0,0,7083399056,505430125,4648247852,0,0,78464,145,145,0,2864341,2864341,0,0,2864341,78464,14.35,2.86
188,2026-05-05 15:58:13,1,q57,0,11,157,2532,3197,33859,28854,204,243,0,192,0,2202,4637411,0,0,9789608072,144218154,924697236,0,0,1882447,1298,1298,0,76772188,76772188,0,0,52999171,1287630,13.37,2.53
189,2026-05-05 15:58:16,1,q58,0,10,249,2904,6981,42682,37468,357,390,0,352,2,4492,1573386,0,0,19770339632,504372223,4192225259,0,0,2376775,2398,2398,0,36037027,36037027,0,0,36037027,2376775,14.7,2.9
190,2026-05-05 15:58:20,1,q59,0,16,248,4633,8373,60485,55466,339,413,0,240,0,6833,700001,0,0,16118379352,576239678,1503139602,0,0,2188602,3436,3436,0,73070440,73070440,0,0,73070440,2188602,13.06,4.63
191,2026-05-05 15:58:26,1,q60,0,9,253,3105,6774,45307,40561,333,393,0,531,0,4336,1868486,0,0,14010721592,505430125,4648171970,0,0,553663,691,691,0,10646349,10646349,0,0,10646349,553663,14.59,3.1
192,2026-05-05 15:58:30,1,q61,0,10,237,4002,5996,57139,52993,42,181,0,640,0,53,19126761,0,0,22747629656,579238178,5817923330,0,0,202,202,202,0,11913,11913,0,0,11913,202,14.28,4.0
193,2026-05-05 15:58:35,1,q62,0,6,45,1325,1313,19070,17633,41,55,0,0,0,823,256034,0,0,245764904,72021672,259479684,0,0,14400,40,40,0,1319317,1319317,0,0,1319317,14400,14.39,1.32
194,2026-05-05 15:58:37,1,q63,0,6,112,1822,1797,25403,23730,140,163,0,165,0,2691,562250,0,0,801273712,288230790,1911998199,0,0,119054,303,303,0,3234733,3234733,0,0,3234733,119054,13.94,1.82
195,2026-05-05 15:58:40,1,q64,0,39,532,24364,86598,370946,350577,1340,1355,0,3568,0,14646,40030405,0,0,41657040264,768696804,11326187657,0,0,232434788,5325,5325,0,3517064144,3517064144,0,0,3039790703,195467289,15.23,24.36
196,2026-05-05 15:59:06,1,q65,0,10,279,11233,21318,167413,155679,329,412,5,1312,0,12548,18416256,0,0,23921344000,576237178,3819404838,0,0,123893292,3485,3485,0,3689308652,3689308652,0,0,3689308652,123893292,14.9,11.23
197,2026-05-05 15:59:18,1,q66,0,8,128,2887,3983,39428,31330,324,335,1,768,0,277,511634,0,0,4729544928,216055772,2092235178,0,0,885,59,59,0,423776,423776,0,0,423776,885,13.66,2.89
198,2026-05-05 15:59:22,1,q67,0,7,317,95669,95576,1464979,721040,406,520,3,8900,0,747161,9285464,0,0,74773448160,288230790,2173204266,0,0,144335292,21608,21608,0,10982551594,10982551594,0,0,10982551594,144335292,15.31,95.67
199,2026-05-05 16:00:59,1,q67a,0,15,798,108431,421983,1659516,1032644,1745,1884,3,5944,0,633966,9285249,0,0,222134308344,288230790,2173204266,0,0,549286568,66468,66468,0,42293681887,42293681887,0,0,8661555895,122567976,15.3,108.43
200,2026-05-05 16:02:49,1,q68,0,9,146,3428,3479,48046,42067,189,230,0,560,0,1978,13582955,0,0,9177842832,291033990,3861504495,0,0,2022735,120,120,0,65905489,65905489,0,0,65905489,2022735,14.02,3.43
201,2026-05-05 16:02:53,1,q69,0,9,276,2265,4959,32004,27671,50,172,0,0,0,5493,28817400,0,0,10691049848,508942925,679878263,0,0,16091419,2618,2618,0,47356480,47356480,0,0,47356480,16091419,14.13,2.26
202,2026-05-05 16:02:56,1,q70,0,9,209,3572,3509,51632,49119,257,324,0,384,0,729,1074954,0,0,7524903464,576033580,2669415153,0,0,3221,202,202,0,236975,236975,0,0,236975,3221,14.45,3.57
203,2026-05-05 16:03:01,1,q70a,0,12,214,3047,2944,42840,40012,293,354,0,416,0,771,1069298,0,0,1285876880,576033580,2669415153,0,0,4050,407,407,0,343348,343348,0,0,165400,2250,14.06,3.05
204,2026-05-05 16:03:05,1,q71,0,7,243,2697,2630,37859,32971,390,466,17,448,0,4364,2527710,0,0,4775910576,504266125,4474521744,0,0,276608,1740,1740,0,14440611,14440611,0,0,8279247,169054,14.04,2.7
205,2026-05-05 16:03:09,1,q72,0,15,377,223319,339957,3432271,2305382,525,623,1,1984,0,1113480,13214560,0,0,82523784096,560021059,3804794918,0,0,537663712,23876,23876,0,9674287230,9674287230,0,0,9674287230,537663712,15.37,223.32
206,2026-05-05 16:06:53,1,q73,0,9,151,1985,2268,27540,25076,155,170,13,208,0,2308,562379,0,0,515092048,290033990,757634879,0,0,4016581,130,130,0,135101187,135101187,0,0,68013508,2016581,13.87,1.98
207,2026-05-05 16:06:56,1,q74,0,20,417,14483,45992,221626,205673,787,902,0,1760,0,12007,589169,0,0,43804974688,650094389,3343645304,0,0,269945080,7771,7771,0,2942454364,2942454364,0,0,2069316717,191970515,15.3,14.48
208,2026-05-05 16:07:12,1,q75,0,20,603,12705,45849,195736,175735,355,638,1,2038,0,17560,430072,0,0,24656981872,1058647072,10751226168,0,0,140054991,4858,4858,0,3124293933,3124293933,0,0,2106315257,89656169,15.41,12.7
209,2026-05-05 16:07:26,1,q76,0,5,231,2754,2700,40345,34307,380,411,2,676,0,3830,1845962,0,0,18242328224,503804997,4526049463,0,0,29370,442,442,0,2390946,2390946,0,0,2390946,29370,14.65,2.75
210,2026-05-05 16:07:30,1,q77,0,14,292,3208,15118,46778,41625,296,399,0,320,0,3951,477410,0,0,1298283888,554423389,4881145005,0,0,79783,195,195,0,2926518,2926518,0,0,2926518,79783,14.58,3.21
211,2026-05-05 16:07:34,1,q77a,0,17,297,3545,15878,49962,42610,316,392,0,992,0,3724,478958,0,0,1904360592,554423389,4881145005,0,0,80032,207,207,0,3092955,3092955,0,0,2922341,77558,14.09,3.54
212,2026-05-05 16:07:39,1,q78,0,14,500,85752,292816,1346337,389422,681,834,0,2608,0,972476,1068208,0,0,94462501856,554440947,5765414518,0,0,406636630,22041,22041,0,11364756495,11364756495,0,0,11364756495,406636630,15.7,85.75
213,2026-05-05 16:09:05,1,q79,0,8,154,3372,3564,50134,43240,201,234,0,288,0,4308,562250,0,0,10624236264,290033990,2481714898,0,0,3605125,2176,2176,0,110377148,110377148,0,0,110377148,3605125,14.87,3.37
214,2026-05-05 16:09:10,1,q80,0,23,465,55258,204060,868205,367423,1146,1157,0,2688,0,507038,1112876,0,0,54884401176,554871773,8300634181,0,0,265494091,13409,13409,0,7544361604,7544361604,0,0,7544361604,265494091,15.71,55.26
215,2026-05-05 16:10:06,1,q80a,0,26,470,60534,219673,951846,358586,1276,1192,0,2787,0,603007,1112188,0,0,55356260208,554871773,8300634181,0,0,265493763,13424,13424,0,7544531034,7544531034,0,0,7544309334,265491833,15.72,60.53
216,2026-05-05 16:11:08,1,q81,0,13,163,2680,4355,32752,22464,206,206,0,192,0,4911,8012019,0,0,13574738872,32815644,433534164,0,0,11352561,1105,1105,0,248757358,248757358,0,0,248757358,11352561,12.22,2.68
217,2026-05-05 16:11:12,1,q82,0,8,135,2636,3550,34269,26203,270,274,0,572,0,649,228241,0,0,178877936,687764388,3302317099,0,0,40832,108,108,0,226994,226994,0,0,226994,40832,13.0,2.64
218,2026-05-05 16:11:15,1,q83,0,10,73,1284,3089,16083,14728,61,76,0,0,0,807,1573386,0,0,3952556144,50821969,324883188,0,0,402103,73,73,0,5531326,5531326,0,0,5531326,402103,12.53,1.28
219,2026-05-05 16:11:18,1,q84,0,9,76,1357,2289,12246,10998,60,57,0,0,0,685,9765564,0,0,1313097696,33729631,166106540,0,0,27798849,47,47,0,145652083,145652083,0,0,145652083,27798849,9.02,1.36
220,2026-05-05 16:11:20,1,q85,0,10,111,3633,17630,47953,41029,75,115,0,2128,0,2794,17038110,0,0,9166144312,84064697,1165766415,0,0,9151985,867,867,0,340232586,340232586,0,0,340232586,9151985,13.2,3.63
221,2026-05-05 16:11:25,1,q86,0,5,48,986,923,12390,11074,45,57,0,0,0,777,3736575,0,0,3607813520,72225613,602207297,0,0,7501,41,41,0,521172,521172,0,0,521172,7501,12.57,0.99
222,2026-05-05 16:11:27,1,q86a,0,8,53,944,872,10703,10042,50,61,1,0,0,612,3736532,0,0,4146781072,72225613,602207297,0,0,20456,126,126,0,1499876,1499876,0,0,514828,7068,11.34,0.94
223,2026-05-05 16:11:29,1,q87,0,13,358,8583,22185,131766,117252,160,317,2,1296,0,7951,405169,0,0,23376023992,506022125,657465672,0,0,120819579,4930,4930,0,740190567,740190567,0,0,635050557,116819579,15.35,8.58
224,2026-05-05 16:11:39,1,q88,0,26,826,7888,54409,122015,115400,65,434,0,1136,0,125,239693,0,0,2602458112,2304258706,2780568679,0,0,808,808,808,0,47645,47645,0,0,47645,808,15.47,7.89
225,2026-05-05 16:11:48,1,q89,0,6,125,2087,2040,29318,26107,134,176,0,256,0,2968,563024,0,0,8359864800,288230790,1911673852,0,0,461388,1616,1616,0,22068092,22068092,0,0,22068092,461388,14.05,2.09
226,2026-05-05 16:11:51,1,q90,0,8,86,811,1225,11690,10458,2,43,0,0,0,11,94443,0,0,259051520,144052466,314507563,0,0,80,80,80,0,4720,4720,0,0,4720,80,14.41,0.81
227,2026-05-05 16:11:53,1,q91,0,11,78,653,1360,7188,6221,35,61,0,0,0,535,918693,0,0,2985287144,19345852,181632803,0,0,2083224,239,239,0,44262536,44262536,0,0,44240552,2083083,11.01,0.65
228,2026-05-05 16:11:54,1,q92,0,7,104,1358,2129,19859,17544,80,108,0,240,0,2006,775307,0,0,3957955072,144227226,1205645911,0,0,1672198,696,696,0,21434447,21434447,0,0,21434447,1672198,14.62,1.36
229,2026-05-05 16:11:57,1,q93,0,8,336,56575,126777,853216,349008,468,539,0,11960,0,501061,2231600,0,0,68145363512,316808109,2644388186,0,0,288995290,26212,26212,0,7313586156,7313586156,0,0,7313586156,288995290,15.08,56.58
230,2026-05-05 16:12:54,1,q94,0,8,153,7510,20142,111918,94873,141,178,0,4018,0,9771,512160,0,0,16630437440,152222639,968415096,0,0,151171114,3640,3640,0,2240321543,2240321543,0,0,2240321543,151171114,14.9,7.51
231,2026-05-05 16:13:03,1,q95,0,8,180,23438,33741,350860,310340,359,361,17,9365,0,6294,944164,0,0,49888658408,152222639,939946633,0,0,367104120,14137,14137,0,3290949327,3290949327,0,0,1995058746,151153176,14.97,23.44
232,2026-05-05 16:13:27,1,q96,0,5,105,1095,1085,15961,15307,3,52,0,0,0,15,238446,0,0,322799232,288033990,347660689,0,0,101,101,101,0,5955,5955,0,0,5955,101,14.58,1.1
233,2026-05-05 16:13:30,1,q97,0,5,201,11506,14145,151783,143530,171,243,0,480,0,4667,392613,0,0,25013521472,432020512,2301754268,0,0,83873546,2006,2006,0,961239745,961239745,0,0,961239745,83873546,13.19,11.51
234,2026-05-05 16:13:42,1,q98,0,7,133,2002,1893,25363,20526,152,191,5,640,0,4385,6774497,0,0,10455054600,288230388,2422838107,0,0,782637,1811,1811,0,107196409,107196409,0,0,103201691,752094,12.67,2.0
235,2026-05-05 16:13:45,1,q99,0,7,88,1906,1884,24410,20594,83,115,0,320,0,355,512838,0,0,1636843824,144014189,374432850,0,0,32599,50,50,0,2191785,2191785,0,0,2191785,32599,12.81,1.91
236,2026-05-05 16:13:48,2,q1,0,12,126,1908,3262,26890,21929,119,145,1,512,0,3978,892432,0,0,7376429816,59623624,610061018,0,0,18384283,751,751,0,277540917,277540917,0,0,277540917,18384283,14.09,1.91
237,2026-05-05 16:13:51,2,q2,0,9,129,2570,2503,36176,34667,143,184,0,240,0,1008,755509,0,0,884539504,216108786,908409234,0,0,35347,362,362,0,2673870,2673870,0,0,901000,13701,14.08,2.57
238,2026-05-05 16:13:55,2,q3,0,5,110,1261,1244,17851,14849,115,150,1,368,0,3169,478184,0,0,401162192,288283437,2405169324,0,0,43002,202,202,0,2702444,2702444,0,0,2702444,43002,14.16,1.26
239,2026-05-05 16:13:57,2,q4,0,25,707,55958,278967,886112,636096,1739,1700,2,11054,0,216417,765025,0,0,115346137600,794088513,12061661723,0,0,566100624,25854,25854,0,14421654048,14421654048,0,0,8530726381,341212705,15.84,55.96
240,2026-05-05 16:14:54,2,q5,0,11,349,13097,23898,177895,161789,511,605,2,1922,0,7879,643457,0,0,8871091184,626443386,5412241102,0,0,78889487,1136,1136,0,1105462275,1105462275,0,0,1105462275,78889487,13.58,13.1
241,2026-05-05 16:15:08,2,q5a,0,14,354,12888,23133,172642,161044,499,607,0,1728,0,6880,642554,0,0,9342950216,626443386,5412241102,0,0,78892792,1146,1146,0,1105699951,1105699951,0,0,1105491147,78889358,13.4,12.89
242,2026-05-05 16:15:22,2,q6,0,13,160,2093,4759,30082,23789,394,338,0,1104,0,3874,8480127,0,0,5288963336,291580486,1529874260,0,0,5131498,1890,1890,0,46226184,46226184,0,0,46226184,5131498,14.37,2.09
243,2026-05-05 16:15:26,2,q7,0,7,136,3355,3377,50083,42656,230,234,0,1679,0,3296,1573386,0,0,10166726520,290152188,4203485784,0,0,741415,1717,1717,0,25861088,25861088,0,0,25861088,741415,14.93,3.36
244,2026-05-05 16:15:30,2,q8,0,10,142,2009,1889,25386,23658,231,241,0,240,0,595,9492937,0,0,9020943192,292026790,1348989214,0,0,50784,121,121,0,762861,762861,0,0,762861,50784,12.64,2.01
245,2026-05-05 16:15:33,2,q9,0,11,511,5251,25712,81529,74810,148,444,0,1600,0,127,219371,0,0,0,1440031995,8990279241,0,0,505,505,505,0,41518,41518,0,0,41518,505,15.53,5.25
246,2026-05-05 16:15:39,2,q10,0,11,286,2448,5659,35149,30516,83,213,0,288,0,4552,29252425,0,0,10164816488,509942925,687079116,0,0,19145607,2490,2490,0,20647402,20647402,0,0,20647402,19145607,14.36,2.45
247,2026-05-05 16:15:43,2,q10a,0,8,276,1980,3199,27366,24423,57,178,0,160,0,4366,29252554,0,0,9484456576,508942925,680674263,0,0,20856568,2635,2635,0,50574179,50574179,0,0,50574179,20856568,13.82,1.98
248,2026-05-05 16:15:46,2,q11,0,20,423,15886,50957,248034,229853,797,940,0,3536,0,14353,589857,0,0,44791176400,650094389,4447346008,0,0,269945080,8173,8173,0,4443307808,4443307808,0,0,2964976244,191970515,15.61,15.89
249,2026-05-05 16:16:03,2,q12,0,6,66,1179,1085,13529,9193,105,89,4,432,0,3099,6554102,0,0,4753471800,72225613,616731193,0,0,218539,691,691,0,30886877,30886877,0,0,30886877,218539,11.47,1.18
250,2026-05-05 16:16:05,2,q13,0,7,125,3934,3930,60145,53803,109,143,0,2566,0,27,1760007,0,0,5367720952,290954790,4986737863,0,0,101,101,101,0,7978,7978,0,0,7978,101,15.29,3.93
251,2026-05-05 16:16:10,2,q14a,0,40,1224,54829,159535,829243,464755,2329,2561,4,12284,0,350693,2441791,0,0,48203787152,2016904500,14110336969,0,0,639431334,5845,5845,0,9123777585,9123777585,0,0,9108942548,638964125,15.12,54.83
252,2026-05-05 16:17:07,2,q14b,0,30,770,20440,31047,292252,255918,1649,1653,27,6330,0,16375,2441791,0,0,28953463416,1585185222,10168695659,0,0,135576682,3990,3990,0,524109934,524109934,0,0,524109934,135576682,14.3,20.44
253,2026-05-05 16:17:28,2,q14,0,29,764,18234,27465,261291,236019,1780,1781,0,5804,0,13493,2336869,0,0,28721040136,1585185222,10168695659,0,0,134713570,3744,3744,0,432179432,432179432,0,0,432179432,134713570,14.33,18.23
254,2026-05-05 16:17:48,2,q15,0,5,108,2942,2700,39620,37965,92,123,0,304,0,48,19126675,0,0,13190560760,147014124,534363876,0,0,2305,3,3,0,69877,69877,0,0,69877,2305,13.47,2.94
255,2026-05-05 16:17:52,2,q16,0,8,295,12986,32693,198481,176939,306,399,0,1860,0,15874,1280400,0,0,41785807200,303406100,2094797272,0,0,301125284,17100,17100,0,4308531096,4308531096,0,0,4308531096,301125284,15.28,12.99
256,2026-05-05 16:18:06,2,q17,0,14,249,5094,8950,73025,63210,617,650,2,2752,0,5613,13952362,0,0,6358661496,461086525,3394625328,0,0,28190115,2517,2517,0,601012828,601012828,0,0,601012828,28190115,14.34,5.09
257,2026-05-05 16:18:12,2,q18,0,10,167,3193,4246,46583,41701,158,191,1,976,0,3343,9765521,0,0,8709817336,151059724,2835246513,0,0,11669020,1836,1836,0,365378572,365378572,0,0,365378572,11669020,14.59,3.19
258,2026-05-05 16:18:16,2,q18a,0,18,271,6341,15915,96643,86114,331,396,0,880,0,5071,9765521,0,0,31535543288,154263724,2854290595,0,0,56294457,7974,7974,0,1677849899,1677849899,0,0,368910883,11778229,15.24,6.34
259,2026-05-05 16:18:24,2,q19,0,8,140,2658,2482,34906,32679,153,197,0,312,0,2579,19126718,0,0,23184447472,291230790,2730449864,0,0,103989,606,606,0,6979336,6979336,0,0,6979336,103989,13.13,2.66
260,2026-05-05 16:18:28,2,q20,0,6,94,1067,1002,9938,9520,118,140,0,0,0,31,6554102,0,0,2069718224,144218124,1189646424,0,0,61386,15,15,0,7314659,7314659,0,0,7314659,61386,9.31,1.07
261,2026-05-05 16:18:30,2,q21,0,5,28,2342,2320,29356,19422,22,31,0,240,0,12,136013,0,0,217853776,399554015,2120318627,0,0,95955,1,1,0,1951830,1951830,0,0,1951830,95955,12.53,2.34
262,2026-05-05 16:18:33,2,q22,0,6,45,175803,175694,566343,561531,98,74,2,774,0,162,9285421,0,0,2306272944,399554015,2117762741,0,0,2038885,102,102,0,87766507,87766507,0,0,87766507,2038885,3.22,175.8
263,2026-05-05 16:21:30,2,q22a,0,10,112,7251,8066,43304,38197,149,177,0,348,0,2677,9285378,0,0,11487341208,399554015,2118587234,0,0,2855440,508,508,0,144373282,144373282,0,0,40505050,816780,5.97,7.25
264,2026-05-05 16:21:38,2,q23a,0,19,620,41886,70869,654931,630923,1261,1300,5,7782,0,23301,13214689,0,0,89218044872,1082298901,5728291502,0,0,236739789,17956,17956,0,6673942561,6673942561,0,0,6295401013,209328167,15.64,41.89
265,2026-05-05 16:22:21,2,q23b,0,22,654,44514,77503,689192,651028,1299,1378,1,7603,0,38094,13214560,0,0,102160617664,1084298901,5751513089,0,0,286041380,23604,23604,0,7485676443,7485676443,0,0,6351486034,211405670,15.48,44.51
266,2026-05-05 16:23:07,2,q24,0,14,197,4249,10157,61804,47785,620,584,0,3096,0,8679,13036987,0,0,7305478504,320216803,3045986981,0,0,31568283,2073,2073,0,398409965,398409965,0,0,398409965,31568283,14.55,4.25
267,2026-05-05 16:23:12,2,q24a,0,21,348,9502,14173,128846,112349,969,977,3,3098,0,14468,7979017,0,0,21018360104,608427191,5839519513,0,0,100579193,4983,4983,0,1806953452,1806953452,0,0,1449021628,69847454,13.56,9.5
268,2026-05-05 16:23:23,2,q24b,0,22,348,9078,15612,118647,109294,994,934,0,2512,0,9765,7979017,0,0,18322225928,608427191,5839519513,0,0,99830491,3060,3060,0,1783171383,1783171383,0,0,1425239559,69098752,13.07,9.08
269,2026-05-05 16:23:33,2,q25,0,14,249,4379,7840,63065,57288,627,655,2,1696,0,5008,13952405,0,0,6009723240,461086525,4788285393,0,0,20197026,2496,2496,0,408759219,408759219,0,0,408759219,20197026,14.4,4.38
270,2026-05-05 16:23:38,2,q26,0,7,110,1791,1816,25622,23104,163,178,1,512,0,462,1573386,0,0,3737818640,146139924,2185675704,0,0,361199,198,198,0,11486221,11486221,0,0,11486221,361199,14.31,1.79
271,2026-05-05 16:23:41,2,q27,0,7,127,2997,3002,43602,39327,173,223,1,2124,0,2801,1573386,0,0,9561988704,290151590,3914200165,0,0,176608,808,808,0,8253960,8253960,0,0,8253960,176608,14.55,3.0
272,2026-05-05 16:23:45,2,q27a,0,11,336,7444,14920,114071,105752,423,536,15,3778,0,5377,1573386,0,0,6866942048,866368768,11723780549,0,0,180086,910,910,0,9374294,9374294,0,0,9374294,180086,15.32,7.44
273,2026-05-05 16:23:54,2,q28,0,18,685,9529,56076,149556,135702,708,943,11,1990,0,16544,303134,0,0,40845952816,1728038328,13841297244,0,0,4703800,7373,7373,0,76893877,76893877,0,0,76893877,4703800,15.69,9.53
274,2026-05-05 16:24:04,2,q29,0,17,258,10015,14834,134565,129456,609,671,1,1296,0,7655,13952362,0,0,12510713656,461126525,3395404852,0,0,93232843,3583,3583,0,1605292282,1605292282,0,0,1605292282,93232843,13.44,10.02
275,2026-05-05 16:24:15,2,q30,0,13,142,1660,2737,20683,17988,127,157,8,72,0,1862,8012019,0,0,9356907168,18418778,292872866,0,0,6150626,386,386,0,281188943,281188943,0,0,281188943,6150626,12.46,1.66
276,2026-05-05 16:24:18,2,q31,0,18,461,6484,33424,97017,85859,458,596,0,932,0,12879,15423104,0,0,42871514776,1081084003,5476782264,0,0,871389,2165,2165,0,28620286,28620286,0,0,23129989,703934,14.96,6.48
277,2026-05-05 16:24:26,2,q32,0,7,173,1216,2267,17331,15390,150,196,0,208,0,646,1342856,0,0,610555800,288212248,2348854281,0,0,350080,90,90,0,4605586,4605586,0,0,4605586,350080,14.25,1.22
278,2026-05-05 16:24:28,2,q33,0,9,248,2991,6354,43617,39410,316,380,0,304,0,4168,1868056,0,0,8627755800,505430125,4647188125,0,0,140265,246,246,0,3533195,3533195,0,0,3533195,140265,14.58,2.99
279,2026-05-05 16:24:32,2,q34,0,9,151,1984,2222,27147,25963,142,187,0,130,0,1885,561605,0,0,519365960,290033990,757634879,0,0,4031113,130,130,0,135779937,135779937,0,0,68692258,2031113,13.68,1.98
280,2026-05-05 16:24:35,2,q35,0,10,293,3714,6914,52005,47227,114,229,0,432,0,4611,24092099,0,0,15327862352,508942925,679190875,0,0,57691365,3026,3026,0,112816037,112816037,0,0,112816037,57691365,14.0,3.71
281,2026-05-05 16:24:40,2,q35a,0,9,293,3314,4809,45754,41511,115,234,1,295,0,5008,24091927,0,0,14472224744,508942925,679190875,0,0,57706997,3026,3026,0,112793402,112793402,0,0,112793402,57706997,13.81,3.31
282,2026-05-05 16:24:44,2,q36,0,6,110,2267,2203,31781,29196,157,195,0,400,0,1898,3736575,0,0,8943656688,288230790,3610981308,0,0,16094,101,101,0,1304708,1304708,0,0,1304708,16094,14.02,2.27
283,2026-05-05 16:24:48,2,q36a,0,9,115,2134,2081,28304,26472,149,192,0,480,0,1361,3736403,0,0,9482624560,288230790,3610981308,0,0,44513,306,306,0,3722869,3722869,0,0,1257107,15087,13.26,2.13
284,2026-05-05 16:24:51,2,q37,0,6,125,4518,7980,51248,47659,23,90,0,828,0,3742,180429,0,0,4879633376,543548124,2721626609,0,0,51928707,1372,1372,0,655185226,655185226,0,0,655185226,143994433,11.34,4.52
285,2026-05-05 16:24:56,2,q38,0,13,358,8134,21289,125343,113630,146,306,0,896,0,8657,404481,0,0,23376023992,506022125,657465672,0,0,120819579,4930,4930,0,740190567,740190567,0,0,635050557,116819579,15.41,8.13
286,2026-05-05 16:25:06,2,q39a,0,11,102,4468,8186,47344,42449,195,179,0,540,0,1145,2476383,0,0,5156915760,798904015,4234827208,0,0,4703618,85,85,0,112366429,112366429,0,0,75919735,3173618,10.6,4.47
287,2026-05-05 16:25:11,2,q39b,0,11,101,3940,7316,40943,38375,163,187,0,316,0,435,1045653,0,0,4773464624,798904015,4234827208,0,0,4594459,85,85,0,109301092,109301092,0,0,72854398,3064459,10.39,3.94
288,2026-05-05 16:25:16,2,q40,0,8,164,7754,20618,112768,105445,101,179,0,976,0,10742,515126,0,0,24442330840,158615961,1293469186,0,0,157478827,4755,4755,0,3042545985,3042545985,0,0,3042545985,157478827,14.54,7.75
289,2026-05-05 16:25:25,2,q41,0,4,12,212,176,256,166,11,14,0,0,0,12,31157,0,0,540036928,408000,3191493,0,0,292,2,2,0,19225,19225,0,0,19225,292,1.21,0.21
290,2026-05-05 16:25:26,2,q42,0,4,108,1095,1079,15877,15288,134,169,0,0,0,370,476679,0,0,4278343952,288230388,2404635449,0,0,1059,100,100,0,88397,88397,0,0,88397,1059,14.5,1.1
291,2026-05-05 16:25:28,2,q43,0,4,104,1710,1686,24640,23366,106,145,0,224,0,1092,478184,0,0,306279616,288026790,750933658,0,0,11900,100,100,0,1353429,1353429,0,0,1353429,11900,14.41,1.71
292,2026-05-05 16:25:31,2,q44,0,8,242,2255,2400,33211,29548,240,293,0,290,0,3503,3452907,0,0,11325128360,576216776,3836534913,0,0,2616272,3332,3332,0,35014545,35014545,0,0,17513938,1308362,14.73,2.26
293,2026-05-05 16:25:34,2,q45,0,7,77,1754,1668,20884,19031,58,76,0,144,0,129,19126675,0,0,10271954264,75245613,525226538,0,0,182,39,39,0,17021,17021,0,0,17021,182,11.91,1.75
294,2026-05-05 16:25:37,2,q46,0,9,150,3276,3299,45204,42445,187,221,0,416,0,3066,13582955,0,0,9995153552,291033990,2495164429,0,0,2097510,520,520,0,69753817,69753817,0,0,69753817,2097510,13.8,3.28
295,2026-05-05 16:25:41,2,q47,0,11,170,5211,6231,74700,70151,208,256,0,448,6,4876,4637411,0,0,14691945008,288230790,1911338768,0,0,20520741,3847,3847,0,801437415,801437415,0,0,410113619,10492204,14.34,5.21
296,2026-05-05 16:25:48,2,q48,0,6,124,6687,6676,101928,97634,150,198,0,2832,0,39,2213440,0,0,5256677512,290947590,2622356314,0,0,101,101,101,0,5957,5957,0,0,5957,101,15.24,6.69
297,2026-05-05 16:25:55,2,q49,0,20,349,7696,28099,116165,103423,451,556,20,5988,0,12809,2341319,0,0,6799501864,554439913,7744351006,0,0,86104330,303,303,0,1847165774,1847165774,0,0,1847165774,86104330,15.09,7.7
298,2026-05-05 16:26:04,2,q50,0,10,230,39165,160464,577841,146322,255,353,0,2736,0,441034,1286476,0,0,40984956952,316921450,2152603072,0,0,265637490,12304,12304,0,5976596674,5976596674,0,0,5976596674,265637490,14.75,39.16
299,2026-05-05 16:26:44,2,q51,0,10,245,21647,31096,295885,179996,273,362,1,1200,0,115543,393301,0,0,29827411512,360028001,2283739496,0,0,173923508,3842,3842,0,2939131747,2939131747,0,0,2939131747,173923508,13.67,21.65
300,2026-05-05 16:27:07,2,q51a,0,14,316,248493,288601,3228844,3174912,562,622,0,17177,0,18943,541680,0,0,73985031544,360028001,2283739496,0,0,313992514,4882,4882,0,5206645271,5206645271,0,0,3938124581,247599251,12.99,248.49
301,2026-05-05 16:31:17,2,q52,0,5,111,1287,1267,18261,15545,129,163,0,160,0,3090,477367,0,0,4413085920,288230388,2404949352,0,0,56873,303,303,0,3229758,3229758,0,0,3229758,56873,14.19,1.29
302,2026-05-05 16:31:19,2,q53,0,6,115,1759,1739,24577,22856,132,163,0,336,0,2498,563024,0,0,869234520,288230790,1912078171,0,0,324087,606,606,0,6834396,6834396,0,0,6834396,324087,13.97,1.76
303,2026-05-05 16:31:22,2,q54,0,17,281,3091,4282,44538,40944,444,525,1,544,0,3417,19126718,0,0,14788138776,507412625,2671897249,0,0,8236026,1806,1806,0,80270347,80270347,0,0,80270347,8236026,14.41,3.09
304,2026-05-05 16:31:26,2,q55,0,5,110,1485,1467,21577,17946,122,154,0,176,0,3944,477410,0,0,7097177376,288230388,2404949352,0,0,43008,202,202,0,2504732,2504732,0,0,2504732,43008,14.53,1.48
305,2026-05-05 16:31:29,2,q56,0,9,247,2629,5836,37472,34103,294,373,0,304,0,3511,1868056,0,0,7083399056,505430125,4648247852,0,0,78464,145,145,0,2864341,2864341,0,0,2864341,78464,14.25,2.63
306,2026-05-05 16:31:32,2,q57,0,11,157,2576,3355,34245,30387,205,239,0,130,0,2241,4637411,0,0,9789608072,144218154,924697236,0,0,1882447,1298,1298,0,76772188,76772188,0,0,52999171,1287630,13.29,2.58
307,2026-05-05 16:31:36,2,q58,0,10,249,3023,7185,44904,40228,340,411,3,208,0,4748,1573386,0,0,19770339632,504372223,4192225259,0,0,2376775,2398,2398,0,36037027,36037027,0,0,36037027,2376775,14.85,3.02
308,2026-05-05 16:31:40,2,q59,0,16,248,4634,8376,60654,56213,332,419,0,531,0,6116,700474,0,0,16118379352,576239678,1503139602,0,0,2188602,3436,3436,0,73070440,73070440,0,0,73070440,2188602,13.09,4.63
309,2026-05-05 16:31:46,2,q60,0,9,253,3397,7617,50085,45737,306,381,3,240,0,3910,1868056,0,0,14010721592,505430125,4648171970,0,0,553663,691,691,0,10646349,10646349,0,0,10646349,553663,14.74,3.4
310,2026-05-05 16:31:50,2,q61,0,10,237,3940,5940,55831,54150,58,193,0,465,0,44,19126675,0,0,22747629656,579238178,5817923330,0,0,202,202,202,0,11913,11913,0,0,11913,202,14.17,3.94
311,2026-05-05 16:31:55,2,q62,0,6,45,1157,1139,16006,14625,43,56,0,0,0,884,256077,0,0,245764904,72021672,259479684,0,0,14400,40,40,0,1319317,1319317,0,0,1319317,14400,13.83,1.16
312,2026-05-05 16:31:58,2,q63,0,6,112,1790,1762,25215,22706,115,158,0,180,0,2856,562121,0,0,801273712,288230790,1911998199,0,0,119054,303,303,0,3234733,3234733,0,0,3234733,119054,14.09,1.79
313,2026-05-05 16:32:00,2,q64,0,39,532,23767,83384,359827,341272,1280,1377,2,3792,0,14835,40030491,0,0,41657040264,768696804,11326187657,0,0,232434788,5325,5325,0,3517064144,3517064144,0,0,3039790703,195467289,15.14,23.77
314,2026-05-05 16:32:25,2,q65,0,10,279,11545,21515,164054,155953,356,426,2,939,0,12161,18416256,0,0,23921344000,576237178,3819404838,0,0,123893292,3485,3485,0,3689308652,3689308652,0,0,3689308652,123893292,14.21,11.54
315,2026-05-05 16:32:38,2,q66,0,8,128,3095,4147,42584,31779,267,290,0,704,0,225,511032,0,0,4729544928,216055772,2092235178,0,0,885,59,59,0,423776,423776,0,0,423776,885,13.76,3.1
316,2026-05-05 16:32:42,2,q67,0,7,317,121038,120947,1886302,724409,391,515,0,6712,0,1171549,9285378,0,0,74773448160,288230790,2173204266,0,0,144335292,21608,21608,0,10982551594,10982551594,0,0,10982551594,144335292,15.58,121.04
317,2026-05-05 16:34:44,2,q67a,0,15,798,80167,293149,1257463,1101897,1843,1960,1,6956,0,158769,9285292,0,0,222134308344,288230790,2173204266,0,0,549286568,66468,66468,0,42293681887,42293681887,0,0,8661555895,122567976,15.69,80.17
318,2026-05-05 16:36:06,2,q68,0,9,146,3599,3632,50692,44897,175,225,0,649,0,1701,13582955,0,0,9177842832,291033990,3861504495,0,0,2022735,120,120,0,65905489,65905489,0,0,65905489,2022735,14.09,3.6
319,2026-05-05 16:36:10,2,q69,0,9,276,2295,5244,32755,28056,44,173,0,0,0,5927,28817400,0,0,10691049848,508942925,679878263,0,0,16091419,2618,2618,0,47356480,47356480,0,0,47356480,16091419,14.27,2.3
320,2026-05-05 16:36:14,2,q70,0,9,209,3707,3645,54155,49736,319,326,0,355,0,805,1074954,0,0,7524903464,576033580,2669415153,0,0,3221,202,202,0,236975,236975,0,0,236975,3221,14.61,3.71
321,2026-05-05 16:36:18,2,q70a,0,12,214,3017,2921,42360,40958,267,339,0,432,0,716,1069298,0,0,1285876880,576033580,2669415153,0,0,4050,407,407,0,343348,343348,0,0,165400,2250,14.04,3.02
322,2026-05-05 16:36:23,2,q71,0,7,243,2918,2857,41735,36588,357,435,16,304,0,3791,2527710,0,0,4775910576,504266125,4474521744,0,0,276608,1740,1740,0,14440372,14440372,0,0,8279008,169054,14.3,2.92
323,2026-05-05 16:36:27,2,q72,0,15,377,179311,216296,2764611,2271742,510,635,2,2320,0,484732,13214689,0,0,82523784096,560021059,3804794918,0,0,537663712,23876,23876,0,9674287230,9674287230,0,0,9674287230,537663712,15.42,179.31
324,2026-05-05 16:39:27,2,q73,0,9,151,1842,2136,25841,24340,130,176,0,240,0,1646,562379,0,0,515092048,290033990,757634879,0,0,4016581,130,130,0,135101187,135101187,0,0,68013508,2016581,14.03,1.84
325,2026-05-05 16:39:30,2,q74,0,20,417,14172,45300,218648,204537,828,913,0,1776,0,13051,589169,0,0,43804974688,650094389,3343645304,0,0,269945080,7771,7771,0,2942454364,2942454364,0,0,2069316717,191970515,15.43,14.17
326,2026-05-05 16:39:45,2,q75,0,20,603,13743,51876,212794,179002,399,635,0,5511,0,19620,430330,0,0,24656981872,1058647072,10751226168,0,0,140054991,4858,4858,0,3124293933,3124293933,0,0,2106315257,89656169,15.48,13.74
327,2026-05-05 16:40:00,2,q76,0,5,231,3065,3017,45633,38771,353,421,0,1056,0,3636,1845962,0,0,18242328224,503804997,4526049463,0,0,29370,442,442,0,2390946,2390946,0,0,2390946,29370,14.89,3.06
328,2026-05-05 16:40:04,2,q77,0,14,292,3164,14500,45737,41245,292,394,3,662,0,3563,478012,0,0,1298283888,554423389,4881145005,0,0,79783,195,195,0,2926518,2926518,0,0,2926518,79783,14.46,3.16
329,2026-05-05 16:40:08,2,q77a,0,17,297,3530,15874,49929,45796,292,398,0,544,0,3890,478098,0,0,1904360592,554423389,4881145005,0,0,80032,207,207,0,3092955,3092955,0,0,2922341,77558,14.14,3.53
330,2026-05-05 16:40:13,2,q78,0,14,500,51484,157385,795139,409347,684,876,7,4000,0,396331,1068208,0,0,94462501856,554440947,5765414518,0,0,406636630,22041,22041,0,11364756495,11364756495,0,0,11364756495,406636630,15.44,51.48
331,2026-05-05 16:41:06,2,q79,0,8,154,3327,3519,49523,42499,214,223,3,528,0,3203,561949,0,0,10624236264,290033990,2481714898,0,0,3605125,2176,2176,0,110377148,110377148,0,0,110377148,3605125,14.89,3.33
332,2026-05-05 16:41:10,2,q80,0,23,465,58140,217383,916254,362220,1000,1113,0,2824,0,558099,1112532,0,0,54884401176,554871773,8300634181,0,0,265494091,13409,13409,0,7544361604,7544361604,0,0,7544361604,265494091,15.76,58.14
333,2026-05-05 16:42:09,2,q80a,0,26,470,47117,168236,735112,366505,1115,1180,0,37866,0,344968,1115800,0,0,55356260208,554871773,8300634181,0,0,265493763,13424,13424,0,7544531034,7544531034,0,0,7544309334,265491833,15.6,47.12
334,2026-05-05 16:42:58,2,q81,0,13,163,2801,4774,32616,23664,213,226,12,853,0,3514,8012019,0,0,13574738872,32815644,433534164,0,0,11352561,1105,1105,0,248757358,248757358,0,0,248757358,11352561,11.64,2.8
335,2026-05-05 16:43:01,2,q82,0,8,135,2917,3921,37406,25457,272,283,0,1148,0,854,230176,0,0,178877936,687764388,3302317099,0,0,40832,108,108,0,226994,226994,0,0,226994,40832,12.82,2.92
336,2026-05-05 16:43:05,2,q83,0,10,73,1624,3627,19226,14495,106,84,1,604,0,1173,1573386,0,0,3952556144,50821969,324883188,0,0,402103,73,73,0,5531326,5531326,0,0,5531326,402103,11.84,1.62
337,2026-05-05 16:43:08,2,q84,0,9,76,1520,2684,13800,11224,43,61,0,500,0,776,9765607,0,0,1313097696,33729631,166106540,0,0,27798849,47,47,0,145652083,145652083,0,0,145652083,27798849,9.08,1.52
338,2026-05-05 16:43:11,2,q85,0,10,111,3745,18792,50805,41265,70,118,0,2945,0,3259,17038325,0,0,9166144312,84064697,1165766415,0,0,9151985,867,867,0,340232586,340232586,0,0,340232586,9151985,13.57,3.74
339,2026-05-05 16:43:15,2,q86,0,5,48,919,857,11542,10106,38,56,0,0,0,802,3736575,0,0,3607813520,72225613,602207297,0,0,7501,41,41,0,521172,521172,0,0,521172,7501,12.56,0.92
340,2026-05-05 16:43:17,2,q86a,0,8,53,1035,936,10888,8406,49,61,0,512,0,1423,3736489,0,0,4146781072,72225613,602207297,0,0,20456,126,126,0,1499876,1499876,0,0,514828,7068,10.52,1.03
341,2026-05-05 16:43:20,2,q87,0,13,358,8719,22902,134252,114225,168,320,1,2064,0,8552,405169,0,0,23376023992,506022125,657465672,0,0,120819579,4930,4930,0,740190567,740190567,0,0,635050557,116819579,15.4,8.72
342,2026-05-05 16:43:29,2,q88,0,26,826,7879,54537,122227,111636,30,434,0,1734,0,121,239865,0,0,2602458112,2304258706,2780568679,0,0,808,808,808,0,47645,47645,0,0,47645,808,15.51,7.88
343,2026-05-05 16:43:38,2,q89,0,6,125,2752,2696,39351,28269,189,191,0,1622,0,5731,565948,0,0,8359864800,288230790,1911673852,0,0,461388,1616,1616,0,22068092,22068092,0,0,22068092,461388,14.3,2.75
344,2026-05-05 16:43:42,2,q90,0,8,86,641,923,8992,8002,5,41,0,0,0,10,94615,0,0,259051520,144052466,314507563,0,0,80,80,80,0,4720,4720,0,0,4720,80,14.03,0.64
345,2026-05-05 16:43:44,2,q91,0,11,78,951,2074,8959,6189,65,63,0,288,0,756,918994,0,0,2985287144,19345852,181632803,0,0,2083224,239,239,0,44262536,44262536,0,0,44240552,2083083,9.42,0.95
346,2026-05-05 16:43:46,2,q92,0,7,104,1305,1931,18514,12443,103,113,0,784,0,3612,775307,0,0,3957955072,144227226,1205645911,0,0,1672198,696,696,0,21434447,21434447,0,0,21434447,1672198,14.19,1.3
347,2026-05-05 16:43:48,2,q93,0,8,336,33554,59636,491541,353479,412,538,3,6176,0,139820,2224376,0,0,68145363512,316808109,2644388186,0,0,288995290,26212,26212,0,7313586156,7313586156,0,0,7313586156,288995290,14.65,33.55
348,2026-05-05 16:44:23,2,q94,0,8,153,6902,19017,102777,88680,121,169,0,2043,0,9067,512160,0,0,16630437440,152222639,968415096,0,0,151171114,3640,3640,0,2240321543,2240321543,0,0,2240321543,151171114,14.89,6.9
349,2026-05-05 16:44:31,2,q95,0,8,180,23567,35034,355103,302625,368,345,0,11012,0,9255,944164,0,0,49888658408,152222639,939946633,0,0,367104120,14137,14137,0,3290949327,3290949327,0,0,1995058746,151153176,15.07,23.57
350,2026-05-05 16:44:55,2,q96,0,5,105,1068,1061,15779,15323,4,54,0,96,0,14,239048,0,0,322799232,288033990,347660689,0,0,101,101,101,0,5955,5955,0,0,5955,101,14.77,1.07
351,2026-05-05 16:44:58,2,q97,0,5,201,11557,14451,152389,144997,197,256,1,1511,0,4908,394505,0,0,25013521472,432020512,2301754268,0,0,83873546,2006,2006,0,961239745,961239745,0,0,961239745,83873546,13.19,11.56
352,2026-05-05 16:45:10,2,q98,0,7,133,2129,2004,27113,23553,149,191,5,608,0,3967,6774497,0,0,10455054600,288230388,2422838107,0,0,782637,1811,1811,0,107196409,107196409,0,0,103201691,752094,12.74,2.13
353,2026-05-05 16:45:13,2,q99,0,7,88,1772,1761,22198,19974,95,124,0,376,0,375,513010,0,0,1636843824,144014189,374432850,0,0,32599,50,50,0,2191785,2191785,0,0,2191785,32599,12.53,1.77
354,2026-05-05 16:45:16,3,q1,0,12,126,2079,3434,29454,24484,124,143,1,816,0,4162,892432,0,0,7376429816,59623624,610061018,0,0,18384283,751,751,0,277540917,277540917,0,0,277540917,18384283,14.17,2.08
355,2026-05-05 16:45:19,3,q2,0,9,129,2609,2539,36097,33825,127,175,0,628,0,1248,755509,0,0,884539504,216108786,908409234,0,0,35347,362,362,0,2673870,2673870,0,0,901000,13701,13.84,2.61
356,2026-05-05 16:45:23,3,q3,0,5,110,1424,1407,20132,16565,128,154,0,432,0,3224,478700,0,0,401162192,288283437,2405169324,0,0,43002,202,202,0,2702444,2702444,0,0,2702444,43002,14.14,1.42
357,2026-05-05 16:45:25,3,q4,0,25,707,50669,252775,801560,619369,1859,1795,3,11678,6,155145,765068,0,0,115346137600,794088513,12061661723,0,0,566100624,25854,25854,0,14421654048,14421654048,0,0,8530726381,341212705,15.82,50.67
358,2026-05-05 16:46:17,3,q5,0,11,349,13391,24048,182253,163580,478,599,0,2797,0,6170,643242,0,0,8871091184,626443386,5412241102,0,0,78889487,1136,1136,0,1105462275,1105462275,0,0,1105462275,78889487,13.61,13.39
359,2026-05-05 16:46:32,3,q5a,0,14,354,12980,23510,174735,162668,468,588,2,2432,0,6642,641608,0,0,9342950216,626443386,5412241102,0,0,78892792,1146,1146,0,1105699951,1105699951,0,0,1105491147,78889358,13.46,12.98
360,2026-05-05 16:46:46,3,q6,0,13,160,2023,4471,29418,25776,271,325,2,1245,0,3267,8479826,0,0,5288963336,291580486,1529874260,0,0,5131498,1890,1890,0,46226184,46226184,0,0,46226184,5131498,14.54,2.02
361,2026-05-05 16:46:49,3,q7,0,7,136,3552,3581,53364,48183,198,226,0,1025,0,2439,1573386,0,0,10166726520,290152188,4203485784,0,0,741415,1717,1717,0,25861088,25861088,0,0,25861088,741415,15.02,3.55
362,2026-05-05 16:46:54,3,q8,0,10,142,2133,2064,27298,24616,186,230,8,432,0,578,9492937,0,0,9020943192,292026790,1348989214,0,0,50784,121,121,0,762861,762861,0,0,762861,50784,12.8,2.13
363,2026-05-05 16:46:57,3,q9,0,11,511,5110,25076,79425,74249,163,441,0,1815,0,130,220274,0,0,0,1440031995,8990279241,0,0,505,505,505,0,41518,41518,0,0,41518,505,15.54,5.11
364,2026-05-05 16:47:03,3,q10,0,11,286,2623,5664,37436,30619,102,217,3,512,0,5119,29252425,0,0,10164816488,509942925,687079116,0,0,19145607,2490,2490,0,20647402,20647402,0,0,20647402,19145607,14.27,2.62
365,2026-05-05 16:47:07,3,q10a,0,8,276,1986,3274,27763,24666,70,182,6,288,0,4509,29252511,0,0,9484456576,508942925,680674263,0,0,20856568,2635,2635,0,50574179,50574179,0,0,50574179,20856568,13.98,1.99
366,2026-05-05 16:47:10,3,q11,0,20,423,16294,50604,249234,231956,994,952,1,6955,0,14347,589169,0,0,44791176400,650094389,4447346008,0,0,269945080,8173,8173,0,4443307808,4443307808,0,0,2964976244,191970515,15.3,16.29
367,2026-05-05 16:47:27,3,q12,0,6,66,1057,984,12857,10171,79,76,0,180,0,2035,6554102,0,0,4753471800,72225613,616731193,0,0,218539,691,691,0,30886877,30886877,0,0,30886877,218539,12.16,1.06
368,2026-05-05 16:47:29,3,q13,0,7,125,4602,4685,69880,54360,107,122,0,1381,0,2513,1760007,0,0,5367720952,290954790,4986737863,0,0,101,101,101,0,7978,7978,0,0,7978,101,15.18,4.6
369,2026-05-05 16:47:35,3,q14a,0,40,1224,81822,242782,1261518,449869,2208,2537,24,7522,0,811563,2441791,0,0,48203787152,2016904500,14110336969,0,0,639431334,5845,5845,0,9123777585,9123777585,0,0,9108942548,638964125,15.42,81.82
370,2026-05-05 16:48:59,3,q14b,0,30,770,20999,31413,302913,264979,1586,1721,1,5302,0,22808,2441791,0,0,28953463416,1585185222,10168695659,0,0,135576682,3990,3990,0,524109934,524109934,0,0,524109934,135576682,14.43,21.0
371,2026-05-05 16:49:21,3,q14,0,29,764,17909,28073,258564,237068,1970,1879,0,4226,0,18230,2336826,0,0,28721040136,1585185222,10168695659,0,0,134713570,3744,3744,0,432179432,432179432,0,0,432179432,134713570,14.44,17.91
372,2026-05-05 16:49:40,3,q15,0,5,108,2998,2816,40764,38595,85,128,0,307,0,45,19126675,0,0,13190560760,147014124,534363876,0,0,2305,3,3,0,69877,69877,0,0,69877,2305,13.6,3.0
373,2026-05-05 16:49:44,3,q16,0,8,295,12548,33399,194835,172987,358,427,0,1600,0,19323,1280228,0,0,41785807200,303406100,2094797272,0,0,301125284,17100,17100,0,4308531096,4308531096,0,0,4308531096,301125284,15.53,12.55
374,2026-05-05 16:49:57,3,q17,0,14,249,5646,10145,81600,63551,787,676,1,4554,0,7031,13952362,0,0,6358661496,461086525,3394625328,0,0,28190115,2517,2517,0,601012828,601012828,0,0,601012828,28190115,14.45,5.65
375,2026-05-05 16:50:04,3,q18,0,10,167,3562,4122,51320,39007,185,195,7,3162,0,5134,9765521,0,0,8709817336,151059724,2835246513,0,0,11669020,1836,1836,0,365378572,365378572,0,0,365378572,11669020,14.41,3.56
376,2026-05-05 16:50:09,3,q18a,0,18,271,6771,17052,103108,92644,336,413,0,1572,0,5145,9765564,0,0,31535543288,154263724,2854290595,0,0,56294457,7974,7974,0,1677849899,1677849899,0,0,368910883,11778229,15.23,6.77
377,2026-05-05 16:50:17,3,q19,0,8,140,2761,2545,36421,34565,143,203,1,160,0,1986,19126675,0,0,23184447472,291230790,2730449864,0,0,103989,606,606,0,6979336,6979336,0,0,6979336,103989,13.19,2.76
378,2026-05-05 16:50:21,3,q20,0,6,94,1045,988,9036,8655,105,132,0,0,0,30,6554102,0,0,2069718224,144218124,1189646424,0,0,61386,15,15,0,7314659,7314659,0,0,7314659,61386,8.65,1.04
379,2026-05-05 16:50:23,3,q21,0,5,28,2300,2279,28987,19351,22,29,0,272,0,12,136013,0,0,217853776,399554015,2120318627,0,0,95955,1,1,0,1951830,1951830,0,0,1951830,95955,12.6,2.3
380,2026-05-05 16:50:26,3,q22,0,6,45,178097,178021,576120,574478,84,67,0,426,0,163,9285378,0,0,2306272944,399554015,2117762741,0,0,2038885,102,102,0,87766507,87766507,0,0,87766507,2038885,3.23,178.1
381,2026-05-05 16:53:25,3,q22a,0,10,112,7233,8130,43678,38930,146,170,1,272,0,2547,9285378,0,0,11487341208,399554015,2118587234,0,0,2855440,508,508,0,144373282,144373282,0,0,40505050,816780,6.04,7.23
382,2026-05-05 16:53:33,3,q23a,0,19,620,41512,69650,649213,632745,1248,1353,1,5144,0,22712,13214689,0,0,89218044872,1082298901,5728291502,0,0,236739789,17956,17956,0,6673942561,6673942561,0,0,6295401013,209328167,15.64,41.51
383,2026-05-05 16:54:16,3,q23b,0,22,654,51788,92881,806236,647158,1339,1433,1,6688,0,148128,13214560,0,0,102160617664,1084298901,5751513089,0,0,286041380,23604,23604,0,7485676443,7485676443,0,0,6351486034,211405670,15.57,51.79
384,2026-05-05 16:55:09,3,q24,0,14,197,3601,8438,52457,44508,629,580,0,1024,0,5547,13036729,0,0,7305478504,320216803,3045986981,0,0,31568283,2073,2073,0,398409965,398409965,0,0,398409965,31568283,14.57,3.6
385,2026-05-05 16:55:14,3,q24a,0,21,348,9728,14789,131570,114055,1047,978,1,1872,0,15880,7978888,0,0,21018360104,608427191,5839519513,0,0,100579193,4983,4983,0,1806953452,1806953452,0,0,1449021628,69847454,13.52,9.73
386,2026-05-05 16:55:24,3,q24b,0,22,348,9805,16848,127822,112857,971,942,0,2080,0,12116,7978888,0,0,18322225928,608427191,5839519513,0,0,99830491,3060,3060,0,1783171383,1783171383,0,0,1425239559,69098752,13.04,9.8
387,2026-05-05 16:55:35,3,q25,0,14,249,5239,9748,76977,59041,645,645,5,1168,0,14268,13952362,0,0,6009723240,461086525,4788285393,0,0,20197026,2496,2496,0,408759219,408759219,0,0,408759219,20197026,14.69,5.24
388,2026-05-05 16:55:42,3,q26,0,7,110,1843,1863,26454,24065,186,185,2,224,0,512,1573386,0,0,3737818640,146139924,2185675704,0,0,361199,198,198,0,11486221,11486221,0,0,11486221,361199,14.35,1.84
389,2026-05-05 16:55:45,3,q27,0,7,127,3247,3236,47473,40927,198,216,0,880,0,2746,1573386,0,0,9561988704,290151590,3914200165,0,0,176608,808,808,0,8253960,8253960,0,0,8253960,176608,14.62,3.25
390,2026-05-05 16:55:49,3,q27a,0,11,336,7634,15233,116974,105944,407,532,0,2306,0,5333,1573343,0,0,6866942048,866368768,11723780549,0,0,180086,910,910,0,9374294,9374294,0,0,9374294,180086,15.32,7.63
391,2026-05-05 16:55:58,3,q28,0,18,685,9545,56343,149849,137861,686,942,3,1382,0,14659,302188,0,0,40845952816,1728038328,13841297244,0,0,4703800,7373,7373,0,76893877,76893877,0,0,76893877,4703800,15.7,9.54
392,2026-05-05 16:56:08,3,q29,0,17,258,10174,14989,136401,131735,603,663,1,736,0,6992,13952362,0,0,12510713656,461126525,3395404852,0,0,93232843,3583,3583,0,1605292282,1605292282,0,0,1605292282,93232843,13.41,10.17
393,2026-05-05 16:56:19,3,q30,0,13,142,1567,2686,20219,17878,126,157,0,0,0,1917,8012148,0,0,9356907168,18418778,292872866,0,0,6150626,386,386,0,281188943,281188943,0,0,281188943,6150626,12.9,1.57
394,2026-05-05 16:56:22,3,q31,0,18,461,6174,31101,90754,82313,429,574,0,419,0,12250,15423104,0,0,42871514776,1081084003,5476782264,0,0,871389,2165,2165,0,28620286,28620286,0,0,23129989,703934,14.7,6.17
395,2026-05-05 16:56:29,3,q32,0,7,173,1401,2650,20249,17808,136,212,0,144,0,698,1342856,0,0,610555800,288212248,2348854281,0,0,350080,90,90,0,4605586,4605586,0,0,4605586,350080,14.45,1.4
396,2026-05-05 16:56:32,3,q33,0,9,248,3205,7085,47304,41526,334,397,12,609,0,4535,1868056,0,0,8627755800,505430125,4647188125,0,0,140265,246,246,0,3533195,3533195,0,0,3533195,140265,14.76,3.2
397,2026-05-05 16:56:36,3,q34,0,9,151,2067,2314,28131,26843,137,187,0,240,0,1853,562336,0,0,519365960,290033990,757634879,0,0,4031113,130,130,0,135779937,135779937,0,0,68692258,2031113,13.61,2.07
398,2026-05-05 16:56:39,3,q35,0,10,293,4205,9840,59330,53010,130,226,0,320,0,4814,24091841,0,0,15327862352,508942925,679190875,0,0,57691365,3026,3026,0,112816037,112816037,0,0,112816037,57691365,14.11,4.2
399,2026-05-05 16:56:44,3,q35a,0,9,293,3400,4762,46617,42199,100,233,2,688,0,5259,24091970,0,0,14472224744,508942925,679190875,0,0,57706997,3026,3026,0,112793402,112793402,0,0,112793402,57706997,13.71,3.4
400,2026-05-05 16:56:49,3,q36,0,6,110,2221,2156,31163,28475,164,184,0,389,0,1536,3736575,0,0,8943656688,288230790,3610981308,0,0,16094,101,101,0,1304708,1304708,0,0,1304708,16094,14.03,2.22
401,2026-05-05 16:56:52,3,q36a,0,9,115,2167,2118,28626,27021,160,187,0,359,0,1511,3736403,0,0,9482624560,288230790,3610981308,0,0,44513,306,306,0,3722869,3722869,0,0,1257107,15087,13.21,2.17
402,2026-05-05 16:56:55,3,q37,0,6,125,4348,7684,50080,46952,36,106,0,960,0,3496,179698,0,0,4879633376,543548124,2721626609,0,0,51928707,1372,1372,0,655185226,655185226,0,0,655185226,143994433,11.52,4.35
403,2026-05-05 16:57:01,3,q38,0,13,358,8657,22325,132910,118207,171,313,3,1376,0,8776,405169,0,0,23376023992,506022125,657465672,0,0,120819579,4930,4930,0,740190567,740190567,0,0,635050557,116819579,15.35,8.66
404,2026-05-05 16:57:11,3,q39a,0,11,102,4961,8925,54848,45011,248,187,10,890,0,1392,2476383,0,0,5156915760,798904015,4234827208,0,0,4703618,85,85,0,112366429,112366429,0,0,75919735,3173618,11.06,4.96
405,2026-05-05 16:57:17,3,q39b,0,11,101,4243,7831,45322,39995,217,192,0,702,0,628,1045739,0,0,4773464624,798904015,4234827208,0,0,4594459,85,85,0,109301092,109301092,0,0,72854398,3064459,10.68,4.24
406,2026-05-05 16:57:22,3,q40,0,8,164,9192,25585,136809,113433,124,194,0,5662,0,12643,515126,0,0,24442330840,158615961,1293469186,0,0,157478827,4755,4755,0,3042545985,3042545985,0,0,3042545985,157478827,14.88,9.19
407,2026-05-05 16:57:32,3,q41,0,4,12,240,200,278,174,10,15,0,0,0,13,31157,0,0,540036928,408000,3191493,0,0,292,2,2,0,19225,19225,0,0,19225,292,1.16,0.24
408,2026-05-05 16:57:33,3,q42,0,4,108,1297,1277,18772,14407,143,161,0,631,0,532,479517,0,0,4278343952,288230388,2404635449,0,0,1059,100,100,0,88397,88397,0,0,88397,1059,14.47,1.3
409,2026-05-05 16:57:36,3,q43,0,4,104,2258,2226,33270,28621,119,143,3,464,0,2125,480291,0,0,306279616,288026790,750933658,0,0,11900,100,100,0,1353429,1353429,0,0,1353429,11900,14.73,2.26
410,2026-05-05 16:57:39,3,q44,0,8,242,2032,2157,28874,25786,247,296,0,656,0,2994,3452950,0,0,11325128360,576216776,3836534913,0,0,2616272,3332,3332,0,35014545,35014545,0,0,17513938,1308362,14.21,2.03
411,2026-05-05 16:57:42,3,q45,0,7,77,1733,1825,21443,20160,44,73,0,0,0,102,19126675,0,0,10271954264,75245613,525226538,0,0,182,39,39,0,17021,17021,0,0,17021,182,12.37,1.73
412,2026-05-05 16:57:45,3,q46,0,9,150,3320,3320,45667,42798,191,227,0,896,0,2593,13582955,0,0,9995153552,291033990,2495164429,0,0,2097510,520,520,0,69753817,69753817,0,0,69753817,2097510,13.76,3.32
413,2026-05-05 16:57:49,3,q47,0,11,170,5148,6118,73732,68980,218,269,0,784,0,4801,4637411,0,0,14691945008,288230790,1911338768,0,0,20520741,3847,3847,0,801437415,801437415,0,0,410113619,10492204,14.32,5.15
414,2026-05-05 16:57:56,3,q48,0,6,124,6799,6782,102471,95199,226,213,0,2688,0,46,2213440,0,0,5256677512,290947590,2622356314,0,0,101,101,101,0,5957,5957,0,0,5957,101,15.07,6.8
415,2026-05-05 16:58:03,3,q49,0,20,349,7189,26411,108842,99880,461,535,1,1808,0,11634,2341319,0,0,6799501864,554439913,7744351006,0,0,86104330,303,303,0,1847165774,1847165774,0,0,1847165774,86104330,15.14,7.19
416,2026-05-05 16:58:12,3,q50,0,10,230,20648,51910,236553,155566,282,363,0,1088,0,90270,1285788,0,0,40984956952,316921450,2152603072,0,0,265637490,12304,12304,0,5976596674,5976596674,0,0,5976596674,265637490,11.46,20.65
417,2026-05-05 16:58:33,3,q51,0,10,245,18498,30086,264325,183724,274,350,0,1493,0,83373,392398,0,0,29827411512,360028001,2283739496,0,0,173923508,3842,3842,0,2939131747,2939131747,0,0,2939131747,173923508,14.29,18.5
418,2026-05-05 16:58:53,3,q51a,0,14,316,249127,290515,3243259,3181745,521,586,1,17354,0,16141,541680,0,0,73985031544,360028001,2283739496,0,0,313992514,4882,4882,0,5206645271,5206645271,0,0,3938124581,247599251,13.02,249.13
419,2026-05-05 17:03:03,3,q52,0,5,111,1243,1224,17687,15126,141,164,0,144,0,3210,477539,0,0,4413085920,288230388,2404949352,0,0,56873,303,303,0,3229758,3229758,0,0,3229758,56873,14.23,1.24
420,2026-05-05 17:03:05,3,q53,0,6,115,1825,1807,25655,23850,124,170,0,304,0,2679,562680,0,0,869234520,288230790,1912078171,0,0,324087,606,606,0,6834396,6834396,0,0,6834396,324087,14.06,1.82
421,2026-05-05 17:03:08,3,q54,0,17,281,3204,4484,46375,41878,455,521,1,560,0,3880,19127062,0,0,14788138776,507412625,2671897249,0,0,8236026,1806,1806,0,80270347,80270347,0,0,80270347,8236026,14.47,3.2
422,2026-05-05 17:03:13,3,q55,0,5,110,1353,1334,19318,15606,133,155,0,208,0,3552,477367,0,0,7097177376,288230388,2404949352,0,0,43008,202,202,0,2504732,2504732,0,0,2504732,43008,14.28,1.35
423,2026-05-05 17:03:15,3,q56,0,9,247,2932,6581,42282,37896,296,369,3,240,0,4002,1868056,0,0,7083399056,505430125,4648247852,0,0,78464,145,145,0,2864341,2864341,0,0,2864341,78464,14.42,2.93
424,2026-05-05 17:03:19,3,q57,0,11,157,2675,3414,35936,31346,219,234,0,293,0,2480,4637411,0,0,9789608072,144218154,924697236,0,0,1882447,1298,1298,0,76772188,76772188,0,0,52999171,1287630,13.43,2.68
425,2026-05-05 17:03:23,3,q58,0,10,249,2777,6620,40732,36030,318,385,0,320,0,4253,1573386,0,0,19770339632,504372223,4192225259,0,0,2376775,2398,2398,0,36037027,36037027,0,0,36037027,2376775,14.67,2.78
426,2026-05-05 17:03:27,3,q59,0,16,248,4660,8405,60851,56251,345,420,0,345,0,6693,700818,0,0,16118379352,576239678,1503139602,0,0,2188602,3436,3436,0,73070440,73070440,0,0,73070440,2188602,13.06,4.66
427,2026-05-05 17:03:32,3,q60,0,9,253,3360,7146,49437,45501,294,391,0,210,0,3619,1868056,0,0,14010721592,505430125,4648171970,0,0,553663,691,691,0,10646349,10646349,0,0,10646349,553663,14.71,3.36
428,2026-05-05 17:03:37,3,q61,0,10,237,4011,6042,57312,54995,51,183,0,592,0,45,19126675,0,0,22747629656,579238178,5817923330,0,0,202,202,202,0,11913,11913,0,0,11913,202,14.29,4.01
429,2026-05-05 17:03:42,3,q62,0,6,45,1210,1193,17128,15853,42,60,0,0,0,750,256077,0,0,245764904,72021672,259479684,0,0,14400,40,40,0,1319317,1319317,0,0,1319317,14400,14.16,1.21
430,2026-05-05 17:03:44,3,q63,0,6,112,1869,1842,25859,23375,119,156,0,160,0,2669,562250,0,0,801273712,288230790,1911998199,0,0,119054,303,303,0,3234733,3234733,0,0,3234733,119054,13.84,1.87
431,2026-05-05 17:03:47,3,q64,0,39,532,23738,83290,358686,342698,1392,1383,13,4000,0,14603,40030448,0,0,41657040264,768696804,11326187657,0,0,232434788,5325,5325,0,3517064144,3517064144,0,0,3039790703,195467289,15.11,23.74
432,2026-05-05 17:04:12,3,q65,0,10,279,11164,21174,165738,157589,321,405,2,836,0,13943,18416256,0,0,23921344000,576237178,3819404838,0,0,123893292,3485,3485,0,3689308652,3689308652,0,0,3689308652,123893292,14.85,11.16
433,2026-05-05 17:04:24,3,q66,0,8,128,2692,3483,36329,30355,270,294,0,368,0,368,511032,0,0,4729544928,216055772,2092235178,0,0,885,59,59,0,423776,423776,0,0,423776,885,13.5,2.69
434,2026-05-05 17:04:28,3,q67,0,7,317,94874,94781,1492966,719646,363,500,0,6592,0,777848,9285378,0,0,74773448160,288230790,2173204266,0,0,144335292,21608,21608,0,10982551594,10982551594,0,0,10982551594,144335292,15.74,94.87
435,2026-05-05 17:06:04,3,q67a,0,15,798,91509,324322,1424883,1073476,1937,2025,0,6715,0,344486,9285378,0,0,222134308344,288230790,2173204266,0,0,549286568,66468,66468,0,42293681887,42293681887,0,0,8661555895,122567976,15.57,91.51
436,2026-05-05 17:07:37,3,q68,0,9,146,3832,3834,54246,40496,135,204,0,739,0,1343,13582955,0,0,9177842832,291033990,3861504495,0,0,2022735,120,120,0,65905489,65905489,0,0,65905489,2022735,14.16,3.83
437,2026-05-05 17:07:42,3,q69,0,9,276,2246,4851,32120,28052,48,177,2,0,0,5114,28817400,0,0,10691049848,508942925,679878263,0,0,16091419,2618,2618,0,47356480,47356480,0,0,47356480,16091419,14.3,2.25
438,2026-05-05 17:07:45,3,q70,0,9,209,3776,3713,55198,49919,273,345,0,416,0,855,1074954,0,0,7524903464,576033580,2669415153,0,0,3221,202,202,0,236975,236975,0,0,236975,3221,14.62,3.78
439,2026-05-05 17:07:50,3,q70a,0,12,214,3015,2917,42259,40726,281,345,0,519,0,811,1069255,0,0,1285876880,576033580,2669415153,0,0,4050,407,407,0,343348,343348,0,0,165400,2250,14.02,3.02
440,2026-05-05 17:07:54,3,q71,0,7,243,2872,2799,40899,36697,377,435,12,144,0,3413,2527710,0,0,4775910576,504266125,4474521744,0,0,276608,1740,1740,0,14440081,14440081,0,0,8278717,169054,14.24,2.87
441,2026-05-05 17:07:58,3,q72,0,15,377,209704,297140,3237060,2321287,536,647,1,2992,0,898598,13214603,0,0,82523784096,560021059,3804794918,0,0,537663712,23876,23876,0,9674287230,9674287230,0,0,9674287230,537663712,15.44,209.7
442,2026-05-05 17:11:29,3,q73,0,9,151,1907,2162,26535,24988,125,173,0,224,0,1809,562379,0,0,515092048,290033990,757634879,0,0,4016581,130,130,0,135101187,135101187,0,0,68013508,2016581,13.91,1.91
443,2026-05-05 17:11:31,3,q74,0,20,417,14441,45862,221258,205891,807,895,2,2256,0,12596,589169,0,0,43804974688,650094389,3343645304,0,0,269945080,7771,7771,0,2942454364,2942454364,0,0,2069316717,191970515,15.32,14.44
444,2026-05-05 17:11:47,3,q75,0,20,603,12853,47813,198852,177107,358,640,1,4836,0,18231,430373,0,0,24656981872,1058647072,10751226168,0,0,140054991,4858,4858,0,3124293933,3124293933,0,0,2106315257,89656169,15.47,12.85
445,2026-05-05 17:12:01,3,q76,0,5,231,2571,2523,37691,34888,319,399,0,340,0,2966,1845962,0,0,18242328224,503804997,4526049463,0,0,29370,442,442,0,2390946,2390946,0,0,2390946,29370,14.66,2.57
446,2026-05-05 17:12:05,3,q77,0,14,292,3625,16910,53012,41861,397,419,11,1104,0,5121,478055,0,0,1298283888,554423389,4881145005,0,0,79783,195,195,0,2926518,2926518,0,0,2926518,79783,14.62,3.62
447,2026-05-05 17:12:09,3,q77a,0,17,297,3789,16898,53554,45471,377,426,0,800,0,4693,478356,0,0,1904360592,554423389,4881145005,0,0,80032,207,207,0,3092955,3092955,0,0,2922341,77558,14.13,3.79
448,2026-05-05 17:12:14,3,q78,0,14,500,81754,275189,1279095,383047,650,837,0,2960,0,912946,1067520,0,0,94462501856,554440947,5765414518,0,0,406636630,22041,22041,0,11364756495,11364756495,0,0,11364756495,406636630,15.65,81.75
449,2026-05-05 17:13:37,3,q79,0,8,154,3270,3619,48489,38453,219,239,0,1360,0,4893,563454,0,0,10624236264,290033990,2481714898,0,0,3605125,2176,2176,0,110377148,110377148,0,0,110377148,3605125,14.83,3.27
450,2026-05-05 17:13:41,3,q80,0,23,465,73890,296665,1163940,361611,980,1141,0,2416,0,803374,1112790,0,0,54884401176,554871773,8300634181,0,0,265494091,13409,13409,0,7544361604,7544361604,0,0,7544361604,265494091,15.75,73.89
451,2026-05-05 17:14:56,3,q80a,0,26,470,48849,170746,764621,358472,1236,1180,0,3200,0,412587,1112188,0,0,55356260208,554871773,8300634181,0,0,265493763,13424,13424,0,7544531034,7544531034,0,0,7544309334,265491833,15.65,48.85
452,2026-05-05 17:15:47,3,q81,0,13,163,2462,3999,27630,23028,190,206,0,0,0,2402,8012019,0,0,13574738872,32815644,433534164,0,0,11352561,1105,1105,0,248757358,248757358,0,0,248757358,11352561,11.22,2.46
453,2026-05-05 17:15:50,3,q82,0,8,135,3105,3936,41217,22554,241,278,0,192,0,746,228069,0,0,178877936,687764388,3302317099,0,0,40832,108,108,0,226994,226994,0,0,226994,40832,13.27,3.1
454,2026-05-05 17:15:54,3,q83,0,10,73,1075,2466,12580,9968,69,74,0,176,0,897,1573386,0,0,3952556144,50821969,324883188,0,0,402103,73,73,0,5531326,5531326,0,0,5531326,402103,11.7,1.08
455,2026-05-05 17:15:56,3,q84,0,9,76,1398,2337,13030,10901,39,57,0,160,0,606,9765521,0,0,1313097696,33729631,166106540,0,0,27798849,47,47,0,145652083,145652083,0,0,145652083,27798849,9.32,1.4
456,2026-05-05 17:15:59,3,q85,0,10,111,3379,8138,47761,38036,88,125,0,992,0,5482,17038024,0,0,9166144312,84064697,1165766415,0,0,9151985,867,867,0,340232586,340232586,0,0,340232586,9151985,14.13,3.38
457,2026-05-05 17:16:03,3,q86,0,5,48,980,920,12232,10418,52,55,0,90,0,761,3736575,0,0,3607813520,72225613,602207297,0,0,7501,41,41,0,521172,521172,0,0,521172,7501,12.48,0.98
458,2026-05-05 17:16:05,3,q86a,0,8,53,868,798,9592,8779,45,62,0,0,0,723,3736575,0,0,4146781072,72225613,602207297,0,0,20456,126,126,0,1499876,1499876,0,0,514828,7068,11.05,0.87
459,2026-05-05 17:16:07,3,q87,0,13,358,8689,22415,133527,114974,160,320,2,1312,0,7960,405169,0,0,23376023992,506022125,657465672,0,0,120819579,4930,4930,0,740190567,740190567,0,0,635050557,116819579,15.37,8.69
460,2026-05-05 17:16:17,3,q88,0,26,826,8047,55757,124680,115902,22,439,0,1346,0,128,239521,0,0,2602458112,2304258706,2780568679,0,0,808,808,808,0,47645,47645,0,0,47645,808,15.49,8.05
461,2026-05-05 17:16:26,3,q89,0,6,125,2078,2037,29334,25197,132,180,0,496,0,3560,563024,0,0,8359864800,288230790,1911673852,0,0,461388,1616,1616,0,22068092,22068092,0,0,22068092,461388,14.12,2.08
462,2026-05-05 17:16:29,3,q90,0,8,86,711,1084,10391,9955,2,40,0,0,0,11,94486,0,0,259051520,144052466,314507563,0,0,80,80,80,0,4720,4720,0,0,4720,80,14.61,0.71
463,2026-05-05 17:16:31,3,q91,0,11,78,714,1337,6987,6153,40,60,0,0,0,548,918693,0,0,2985287144,19345852,181632803,0,0,2083224,239,239,0,44262536,44262536,0,0,44240552,2083083,9.79,0.71
464,2026-05-05 17:16:33,3,q92,0,7,104,1203,1820,17375,14757,82,105,0,320,0,2376,775307,0,0,3957955072,144227226,1205645911,0,0,1672198,696,696,0,21434447,21434447,0,0,21434447,1672198,14.44,1.2
465,2026-05-05 17:16:35,3,q93,0,8,336,50646,113723,774212,347782,378,515,0,1744,0,434453,2224376,0,0,68145363512,316808109,2644388186,0,0,288995290,26212,26212,0,7313586156,7313586156,0,0,7313586156,288995290,15.29,50.65
466,2026-05-05 17:17:27,3,q94,0,8,153,6889,18377,102457,87489,91,154,0,640,0,12943,512160,0,0,16630437440,152222639,968415096,0,0,151171114,3640,3640,0,2240321543,2240321543,0,0,2240321543,151171114,14.87,6.89
467,2026-05-05 17:17:35,3,q95,0,8,180,22598,34389,339161,305767,362,363,0,5572,0,9826,944164,0,0,49888658408,152222639,939946633,0,0,367104120,14137,14137,0,3290949327,3290949327,0,0,1995058746,151153176,15.01,22.6
468,2026-05-05 17:17:58,3,q96,0,5,105,1058,1050,15425,14611,3,55,0,0,0,14,238446,0,0,322799232,288033990,347660689,0,0,101,101,101,0,5955,5955,0,0,5955,101,14.58,1.06
469,2026-05-05 17:18:00,3,q97,0,5,201,11518,14247,151713,142802,194,253,0,759,0,5443,392828,0,0,25013521472,432020512,2301754268,0,0,83873546,2006,2006,0,961239745,961239745,0,0,961239745,83873546,13.17,11.52
470,2026-05-05 17:18:13,3,q98,0,7,133,2153,2008,26436,20561,200,220,6,677,0,5203,6774497,0,0,10455054600,288230388,2422838107,0,0,782637,1811,1811,0,107196409,107196409,0,0,103201691,752094,12.28,2.15
471,2026-05-05 17:18:16,3,q99,0,7,88,2101,2086,27580,24850,88,123,0,272,0,374,512279,0,0,1636843824,144014189,374432850,0,0,32599,50,50,0,2191785,2191785,0,0,2191785,32599,13.13,2.1
472,2026-05-05 17:18:19,4,q1,0,12,126,2051,3453,29387,24784,106,147,0,912,0,3315,892432,0,0,7376429816,59623624,610061018,0,0,18384283,751,751,0,277540917,277540917,0,0,277540917,18384283,14.33,2.05
473,2026-05-05 17:18:22,4,q2,0,9,129,2627,2558,37446,35719,128,180,0,192,0,1235,755509,0,0,884539504,216108786,908409234,0,0,35347,362,362,0,2673870,2673870,0,0,901000,13701,14.25,2.63
474,2026-05-05 17:18:26,4,q3,0,5,110,1194,1175,16719,14501,120,150,0,112,0,2227,477453,0,0,401162192,288283437,2405169324,0,0,43002,202,202,0,2702444,2702444,0,0,2702444,43002,14.0,1.19
475,2026-05-05 17:18:28,4,q4,0,25,707,69135,338165,1097181,621433,1663,1699,0,7904,0,465165,765025,0,0,115346137600,794088513,12061661723,0,0,566100624,25854,25854,0,14421654048,14421654048,0,0,8530726381,341212705,15.87,69.14
476,2026-05-05 17:19:39,4,q5,0,11,349,12717,23043,172698,164112,440,579,0,1056,0,6267,641823,0,0,8871091184,626443386,5412241102,0,0,78889487,1136,1136,0,1105462275,1105462275,0,0,1105462275,78889487,13.58,12.72
477,2026-05-05 17:19:52,4,q5a,0,14,354,12570,22256,167416,161304,517,628,0,1029,0,5894,641135,0,0,9342950216,626443386,5412241102,0,0,78892792,1146,1146,0,1105699951,1105699951,0,0,1105491147,78889358,13.32,12.57
478,2026-05-05 17:20:06,4,q6,0,13,160,2030,4563,29779,24043,302,332,0,608,0,3801,8479826,0,0,5288963336,291580486,1529874260,0,0,5131498,1890,1890,0,46226184,46226184,0,0,46226184,5131498,14.67,2.03
479,2026-05-05 17:20:09,4,q7,0,7,136,3587,3615,54132,48898,203,230,0,576,0,2639,1573386,0,0,10166726520,290152188,4203485784,0,0,741415,1717,1717,0,25861088,25861088,0,0,25861088,741415,15.09,3.59
480,2026-05-05 17:20:14,4,q8,0,10,142,2032,1963,25747,24683,177,232,0,60,0,571,9492937,0,0,9020943192,292026790,1348989214,0,0,50784,121,121,0,762861,762861,0,0,762861,50784,12.67,2.03
481,2026-05-05 17:20:17,4,q9,0,11,511,5116,25065,79366,74763,138,445,0,1104,0,132,219586,0,0,0,1440031995,8990279241,0,0,505,505,505,0,41518,41518,0,0,41518,505,15.51,5.12
482,2026-05-05 17:20:23,4,q10,0,11,286,2449,5584,35230,30773,90,219,2,192,0,4505,29252425,0,0,10164816488,509942925,687079116,0,0,19145607,2490,2490,0,20647402,20647402,0,0,20647402,19145607,14.39,2.45
483,2026-05-05 17:20:27,4,q10a,0,8,276,1957,3197,27264,23985,40,182,0,0,0,5404,29252425,0,0,9484456576,508942925,680674263,0,0,20856568,2635,2635,0,50574179,50574179,0,0,50574179,20856568,13.93,1.96
484,2026-05-05 17:20:30,4,q11,0,20,423,15548,49243,243169,229568,812,947,0,2800,3,14859,589169,0,0,44791176400,650094389,4447346008,0,0,269945080,8173,8173,0,4443307808,4443307808,0,0,2964976244,191970515,15.64,15.55
485,2026-05-05 17:20:46,4,q12,0,6,66,1034,968,12563,10218,64,82,2,90,0,1916,6554102,0,0,4753471800,72225613,616731193,0,0,218539,691,691,0,30886877,30886877,0,0,30886877,218539,12.15,1.03
486,2026-05-05 17:20:48,4,q13,0,7,125,4000,4108,60628,54693,68,120,0,1000,0,23,1760007,0,0,5367720952,290954790,4986737863,0,0,101,101,101,0,7978,7978,0,0,7978,101,15.16,4.0
487,2026-05-05 17:20:53,4,q14a,0,40,1224,74392,215645,1146730,450578,2239,2521,12,4524,0,694460,2441791,0,0,48203787152,2016904500,14110336969,0,0,639431334,5845,5845,0,9123777585,9123777585,0,0,9108942548,638964125,15.41,74.39
488,2026-05-05 17:22:10,4,q14b,0,30,770,21128,32373,303301,261578,1589,1743,0,3235,0,19306,2441791,0,0,28953463416,1585185222,10168695659,0,0,135576682,3990,3990,0,524109934,524109934,0,0,524109934,135576682,14.36,21.13
489,2026-05-05 17:22:32,4,q14,0,29,764,17482,26883,252098,239984,1876,1920,1,3406,0,11233,2336869,0,0,28721040136,1585185222,10168695659,0,0,134713570,3744,3744,0,432179432,432179432,0,0,432179432,134713570,14.42,17.48
490,2026-05-05 17:22:51,4,q15,0,5,108,2999,2891,40236,38325,82,124,3,160,0,43,19126675,0,0,13190560760,147014124,534363876,0,0,2305,3,3,0,69877,69877,0,0,69877,2305,13.42,3.0
491,2026-05-05 17:22:55,4,q16,0,8,295,12347,32719,188427,175641,312,416,0,1807,0,12864,1278981,0,0,41785807200,303406100,2094797272,0,0,301125284,17100,17100,0,4308531096,4308531096,0,0,4308531096,301125284,15.26,12.35
492,2026-05-05 17:23:08,4,q17,0,14,249,4945,8521,70620,63715,635,643,1,1150,0,4642,13952362,0,0,6358661496,461086525,3394625328,0,0,28190115,2517,2517,0,601012828,601012828,0,0,601012828,28190115,14.28,4.94
493,2026-05-05 17:23:14,4,q18,0,10,167,3263,4484,47480,41808,130,163,1,656,0,3776,9765521,0,0,8709817336,151059724,2835246513,0,0,11669020,1836,1836,0,365378572,365378572,0,0,365378572,11669020,14.55,3.26
494,2026-05-05 17:23:18,4,q18a,0,18,271,6714,17827,101245,91349,389,429,2,729,0,4835,9765521,0,0,31535543288,154263724,2854290595,0,0,56294457,7974,7974,0,1677849899,1677849899,0,0,368910883,11778229,15.08,6.71
495,2026-05-05 17:23:26,4,q19,0,8,140,2727,2506,36943,32798,158,198,0,416,0,3611,19126675,0,0,23184447472,291230790,2730449864,0,0,103989,606,606,0,6979336,6979336,0,0,6979336,103989,13.55,2.73
496,2026-05-05 17:23:30,4,q20,0,6,94,984,925,8490,8095,107,139,0,0,0,31,6554102,0,0,2069718224,144218124,1189646424,0,0,61386,15,15,0,7314659,7314659,0,0,7314659,61386,8.63,0.98
497,2026-05-05 17:23:32,4,q21,0,5,28,2191,2173,27888,18059,24,32,0,280,0,12,136013,0,0,217853776,399554015,2120318627,0,0,95955,1,1,0,1951830,1951830,0,0,1951830,95955,12.73,2.19
498,2026-05-05 17:23:35,4,q22,0,6,45,175114,175036,565722,564256,86,66,0,288,0,160,9285378,0,0,2306272944,399554015,2117762741,0,0,2038885,102,102,0,87766507,87766507,0,0,87766507,2038885,3.23,175.11
499,2026-05-05 17:26:32,4,q22a,0,10,112,7121,7816,42002,37668,138,175,0,144,0,2498,9285335,0,0,11487341208,399554015,2118587234,0,0,2855440,508,508,0,144373282,144373282,0,0,40505050,816780,5.9,7.12
500,2026-05-05 17:26:40,4,q23a,0,19,620,41611,69472,650505,630207,1172,1279,2,5472,0,24666,13214646,0,0,89218044872,1082298901,5728291502,0,0,236739789,17956,17956,0,6673942561,6673942561,0,0,6295401013,209328167,15.63,41.61
501,2026-05-05 17:27:22,4,q23b,0,22,654,63202,113716,987959,632328,1323,1368,2,5172,0,345738,13214560,0,0,102160617664,1084298901,5751513089,0,0,286041380,23604,23604,0,7485676443,7485676443,0,0,6351486034,211405670,15.63,63.2
502,2026-05-05 17:28:27,4,q24,0,14,197,3656,8379,53519,45277,564,570,0,1264,0,4824,13036729,0,0,7305478504,320216803,3045986981,0,0,31568283,2073,2073,0,398409965,398409965,0,0,398409965,31568283,14.64,3.66
503,2026-05-05 17:28:31,4,q24a,0,21,348,9204,13351,123645,112181,906,967,2,1632,0,11864,7978888,0,0,21018360104,608427191,5839519513,0,0,100579193,4983,4983,0,1806953452,1806953452,0,0,1449021628,69847454,13.43,9.2
504,2026-05-05 17:28:42,4,q24b,0,22,348,8852,15297,115323,108056,942,950,0,1600,0,9235,7978931,0,0,18322225928,608427191,5839519513,0,0,99830491,3060,3060,0,1783171383,1783171383,0,0,1425239559,69098752,13.03,8.85
505,2026-05-05 17:28:52,4,q25,0,14,249,4612,8053,69366,56031,651,651,1,1113,0,10388,13952362,0,0,6009723240,461086525,4788285393,0,0,20197026,2496,2496,0,408759219,408759219,0,0,408759219,20197026,15.04,4.61
506,2026-05-05 17:28:57,4,q26,0,7,110,1994,2012,29044,23258,120,154,0,256,0,335,1573386,0,0,3737818640,146139924,2185675704,0,0,361199,198,198,0,11486221,11486221,0,0,11486221,361199,14.57,1.99
507,2026-05-05 17:29:00,4,q27,0,7,127,3183,3181,46719,40567,171,218,0,672,0,3401,1573257,0,0,9561988704,290151590,3914200165,0,0,176608,808,808,0,8253960,8253960,0,0,8253960,176608,14.68,3.18
508,2026-05-05 17:29:05,4,q27a,0,11,336,7570,15447,115845,108412,417,528,0,1536,0,5071,1573343,0,0,6866942048,866368768,11723780549,0,0,180086,910,910,0,9374294,9374294,0,0,9374294,180086,15.3,7.57
509,2026-05-05 17:29:13,4,q28,0,18,685,9287,54782,145775,134758,702,957,0,1296,3,15030,301844,0,0,40845952816,1728038328,13841297244,0,0,4703800,7373,7373,0,76893877,76893877,0,0,76893877,4703800,15.7,9.29
510,2026-05-05 17:29:24,4,q29,0,17,258,9928,14665,134222,128522,607,663,1,1024,0,7339,13952362,0,0,12510713656,461126525,3395404852,0,0,93232843,3583,3583,0,1605292282,1605292282,0,0,1605292282,93232843,13.52,9.93
511,2026-05-05 17:29:35,4,q30,0,13,142,1733,3232,21935,19491,132,162,0,0,0,2034,8012019,0,0,9356907168,18418778,292872866,0,0,6150626,386,386,0,281188943,281188943,0,0,281188943,6150626,12.66,1.73
512,2026-05-05 17:29:38,4,q31,0,18,461,6216,31904,92771,82396,467,588,0,832,0,13045,15423104,0,0,42871514776,1081084003,5476782264,0,0,871389,2165,2165,0,28620286,28620286,0,0,23129989,703934,14.92,6.22
513,2026-05-05 17:29:45,4,q32,0,7,173,1385,2620,20109,16141,112,185,0,320,0,676,1342856,0,0,610555800,288212248,2348854281,0,0,350080,90,90,0,4605586,4605586,0,0,4605586,350080,14.52,1.38
514,2026-05-05 17:29:47,4,q33,0,9,248,2662,5930,38603,35061,290,377,0,160,0,4119,1868056,0,0,8627755800,505430125,4647188125,0,0,140265,246,246,0,3533195,3533195,0,0,3533195,140265,14.5,2.66
515,2026-05-05 17:29:51,4,q34,0,9,151,2053,2347,28251,27209,144,188,0,0,0,1722,561691,0,0,519365960,290033990,757634879,0,0,4031113,130,130,0,135779937,135779937,0,0,68692258,2031113,13.76,2.05
516,2026-05-05 17:29:54,4,q35,0,10,293,3577,6916,49338,42926,100,224,4,400,0,5162,24091841,0,0,15327862352,508942925,679190875,0,0,57691365,3026,3026,0,112816037,112816037,0,0,112816037,57691365,13.79,3.58
517,2026-05-05 17:29:59,4,q35a,0,9,293,3238,4584,44160,40677,96,231,0,272,0,4573,24091841,0,0,14472224744,508942925,679190875,0,0,57706997,3026,3026,0,112793402,112793402,0,0,112793402,57706997,13.64,3.24
518,2026-05-05 17:30:03,4,q36,0,6,110,2173,2106,29892,27885,145,177,1,432,0,1587,3736575,0,0,8943656688,288230790,3610981308,0,0,16094,101,101,0,1304708,1304708,0,0,1304708,16094,13.76,2.17
519,2026-05-05 17:30:06,4,q36a,0,9,115,2210,2142,28815,25701,212,212,0,380,0,1651,3736618,0,0,9482624560,288230790,3610981308,0,0,44513,306,306,0,3722869,3722869,0,0,1257107,15087,13.04,2.21
520,2026-05-05 17:30:10,4,q37,0,6,125,4271,7373,48511,44712,31,95,0,368,0,2821,179010,0,0,4879633376,543548124,2721626609,0,0,51928707,1372,1372,0,655185226,655185226,0,0,655185226,143994433,11.36,4.27
521,2026-05-05 17:30:15,4,q38,0,13,358,8346,21556,128846,116759,155,314,0,928,0,9101,405169,0,0,23376023992,506022125,657465672,0,0,120819579,4930,4930,0,740190567,740190567,0,0,635050557,116819579,15.44,8.35
522,2026-05-05 17:30:24,4,q39a,0,11,102,4788,8598,52950,44209,245,186,0,586,0,1620,2476383,0,0,5156915760,798904015,4234827208,0,0,4703618,85,85,0,112366429,112366429,0,0,75919735,3173618,11.06,4.79
523,2026-05-05 17:30:30,4,q39b,0,11,101,4105,7817,42987,39445,163,183,0,335,0,896,1045653,0,0,4773464624,798904015,4234827208,0,0,4594459,85,85,0,109301092,109301092,0,0,72854398,3064459,10.47,4.11
524,2026-05-05 17:30:35,4,q40,0,8,164,8027,21206,118190,111893,103,181,0,1394,0,9731,515126,0,0,24442330840,158615961,1293469186,0,0,157478827,4755,4755,0,3042545985,3042545985,0,0,3042545985,157478827,14.72,8.03
525,2026-05-05 17:30:44,4,q41,0,4,12,183,154,224,154,7,11,0,0,0,12,31157,0,0,540036928,408000,3191493,0,0,292,2,2,0,19225,19225,0,0,19225,292,1.22,0.18
526,2026-05-05 17:30:46,4,q42,0,4,108,1149,1130,16637,14787,122,154,0,320,0,359,477625,0,0,4278343952,288230388,2404635449,0,0,1059,100,100,0,88397,88397,0,0,88397,1059,14.48,1.15
527,2026-05-05 17:30:48,4,q43,0,4,104,2361,2337,35026,30995,101,139,0,428,0,3193,479431,0,0,306279616,288026790,750933658,0,0,11900,100,100,0,1353429,1353429,0,0,1353429,11900,14.84,2.36
528,2026-05-05 17:30:51,4,q44,0,8,242,2170,2431,31770,28638,206,297,0,788,0,3291,3452864,0,0,11325128360,576216776,3836534913,0,0,2616272,3332,3332,0,35014545,35014545,0,0,17513938,1308362,14.64,2.17
529,2026-05-05 17:30:54,4,q45,0,7,77,1536,1415,18033,16071,45,72,0,0,0,98,19126847,0,0,10271954264,75245613,525226538,0,0,182,39,39,0,17021,17021,0,0,17021,182,11.74,1.54
530,2026-05-05 17:30:57,4,q46,0,9,150,3582,3615,49828,44766,176,217,0,2558,0,2843,13582955,0,0,9995153552,291033990,2495164429,0,0,2097510,520,520,0,69753817,69753817,0,0,69753817,2097510,13.91,3.58
531,2026-05-05 17:31:02,4,q47,0,11,170,5314,6444,76158,71667,209,261,0,912,0,4840,4637411,0,0,14691945008,288230790,1911338768,0,0,20520741,3847,3847,0,801437415,801437415,0,0,410113619,10492204,14.33,5.31
532,2026-05-05 17:31:08,4,q48,0,6,124,6764,6847,103133,95993,169,208,13,2984,0,39,2213698,0,0,5256677512,290947590,2622356314,0,0,101,101,101,0,5957,5957,0,0,5957,101,15.25,6.76
533,2026-05-05 17:31:16,4,q49,0,20,349,7926,29095,120316,106465,470,556,0,1648,0,14735,2341319,0,0,6799501864,554439913,7744351006,0,0,86104330,303,303,0,1847165774,1847165774,0,0,1847165774,86104330,15.18,7.93
534,2026-05-05 17:31:25,4,q50,0,10,230,46927,200592,715238,142489,237,343,1,880,0,570406,1285831,0,0,40984956952,316921450,2152603072,0,0,265637490,12304,12304,0,5976596674,5976596674,0,0,5976596674,265637490,15.24,46.93
535,2026-05-05 17:32:13,4,q51,0,10,245,14551,22472,206938,190753,270,343,1,1184,0,14399,392828,0,0,29827411512,360028001,2283739496,0,0,173923508,3842,3842,0,2939131747,2939131747,0,0,2939131747,173923508,14.22,14.55
536,2026-05-05 17:32:28,4,q51a,0,14,316,251312,292250,3240120,3194142,535,615,0,17275,0,14916,541680,0,0,73985031544,360028001,2283739496,0,0,313992514,4882,4882,0,5206645271,5206645271,0,0,3938124581,247599251,12.89,251.31
537,2026-05-05 17:36:41,4,q52,0,5,111,1406,1387,20275,17943,128,156,15,144,0,2834,477410,0,0,4413085920,288230388,2404949352,0,0,56873,303,303,0,3229758,3229758,0,0,3229758,56873,14.42,1.41
538,2026-05-05 17:36:43,4,q53,0,6,115,1773,1751,24845,23086,122,165,0,304,0,2592,562809,0,0,869234520,288230790,1912078171,0,0,324087,606,606,0,6834396,6834396,0,0,6834396,324087,14.01,1.77
539,2026-05-05 17:36:46,4,q54,0,17,281,3026,4212,43495,40175,481,520,0,486,0,3436,19126675,0,0,14788138776,507412625,2671897249,0,0,8236026,1806,1806,0,80270347,80270347,0,0,80270347,8236026,14.37,3.03
540,2026-05-05 17:36:50,4,q55,0,5,110,1323,1303,18907,15293,125,149,4,208,0,4061,477453,0,0,7097177376,288230388,2404949352,0,0,43008,202,202,0,2504732,2504732,0,0,2504732,43008,14.29,1.32
541,2026-05-05 17:36:53,4,q56,0,9,247,2702,6162,38883,35014,285,366,0,304,0,3778,1868056,0,0,7083399056,505430125,4648247852,0,0,78464,145,145,0,2864341,2864341,0,0,2864341,78464,14.39,2.7
542,2026-05-05 17:36:56,4,q57,0,11,157,2410,3073,31536,27312,203,238,0,99,0,2445,4637411,0,0,9789608072,144218154,924697236,0,0,1882447,1298,1298,0,76772188,76772188,0,0,52999171,1287630,13.09,2.41
543,2026-05-05 17:37:00,4,q58,0,10,249,2647,6361,38862,34449,316,389,0,256,0,4548,1573386,0,0,19770339632,504372223,4192225259,0,0,2376775,2398,2398,0,36037027,36037027,0,0,36037027,2376775,14.68,2.65
544,2026-05-05 17:37:04,4,q59,0,16,248,4669,8440,61275,57115,323,419,0,361,0,6175,700560,0,0,16118379352,576239678,1503139602,0,0,2188602,3436,3436,0,73070440,73070440,0,0,73070440,2188602,13.12,4.67
545,2026-05-05 17:37:09,4,q60,0,9,253,2939,6777,42889,38820,295,386,0,240,0,4187,1868056,0,0,14010721592,505430125,4648171970,0,0,553663,691,691,0,10646349,10646349,0,0,10646349,553663,14.59,2.94
546,2026-05-05 17:37:13,4,q61,0,10,237,4153,6210,59498,56870,62,183,0,672,0,49,19126675,0,0,22747629656,579238178,5817923330,0,0,202,202,202,0,11913,11913,0,0,11913,202,14.33,4.15
547,2026-05-05 17:37:19,4,q62,0,6,45,1435,1421,20601,19276,44,59,0,0,0,673,256077,0,0,245764904,72021672,259479684,0,0,14400,40,40,0,1319317,1319317,0,0,1319317,14400,14.36,1.44
548,2026-05-05 17:37:21,4,q63,0,6,112,1787,1759,25418,22797,115,160,3,208,0,2997,562336,0,0,801273712,288230790,1911998199,0,0,119054,303,303,0,3234733,3234733,0,0,3234733,119054,14.22,1.79
549,2026-05-05 17:37:24,4,q64,0,39,532,24435,85743,369449,348201,1416,1396,7,3792,0,14414,40030620,0,0,41657040264,768696804,11326187657,0,0,232434788,5325,5325,0,3517064144,3517064144,0,0,3039790703,195467289,15.12,24.44
550,2026-05-05 17:37:50,4,q65,0,10,279,11514,21848,171546,155773,338,420,2,1856,0,14342,18416256,0,0,23921344000,576237178,3819404838,0,0,123893292,3485,3485,0,3689308652,3689308652,0,0,3689308652,123893292,14.9,11.51
551,2026-05-05 17:38:02,4,q66,0,8,128,3098,4139,42416,35601,289,306,0,442,0,261,511462,0,0,4729544928,216055772,2092235178,0,0,885,59,59,0,423776,423776,0,0,423776,885,13.69,3.1
552,2026-05-05 17:38:06,4,q67,0,7,317,87022,86795,1333461,718162,403,519,0,8989,0,520687,9285378,0,0,74773448160,288230790,2173204266,0,0,144335292,21608,21608,0,10982551594,10982551594,0,0,10982551594,144335292,15.32,87.02
553,2026-05-05 17:39:34,4,q67a,0,15,798,114278,425561,1794062,1079527,1817,1951,0,8147,0,694765,9285335,0,0,222134308344,288230790,2173204266,0,0,549286568,66468,66468,0,42293681887,42293681887,0,0,8661555895,122567976,15.7,114.28
554,2026-05-05 17:41:30,4,q68,0,9,146,4124,4364,57598,44383,196,228,0,1023,0,1729,13582955,0,0,9177842832,291033990,3861504495,0,0,2022735,120,120,0,65905489,65905489,0,0,65905489,2022735,13.97,4.12
555,2026-05-05 17:41:35,4,q69,0,9,276,2588,5876,37421,30927,34,169,0,1245,0,5579,28817400,0,0,10691049848,508942925,679878263,0,0,16091419,2618,2618,0,47356480,47356480,0,0,47356480,16091419,14.46,2.59
556,2026-05-05 17:41:39,4,q70,0,9,209,3916,3856,57455,49387,258,319,0,496,0,877,1074954,0,0,7524903464,576033580,2669415153,0,0,3221,202,202,0,236975,236975,0,0,236975,3221,14.67,3.92
557,2026-05-05 17:41:44,4,q70a,0,12,214,3032,2934,42152,40567,276,344,0,512,0,685,1069298,0,0,1285876880,576033580,2669415153,0,0,4050,407,407,0,343348,343348,0,0,165400,2250,13.9,3.03
558,2026-05-05 17:41:48,4,q71,0,7,243,2871,2794,40755,30977,327,404,12,176,0,2862,2527710,0,0,4775910576,504266125,4474521744,0,0,276608,1740,1740,0,14440312,14440312,0,0,8278948,169054,14.2,2.87
559,2026-05-05 17:41:52,4,q72,0,15,377,194414,251739,3036366,2291906,538,637,2,76536,0,642981,13214689,0,0,82523784096,560021059,3804794918,0,0,537663712,23876,23876,0,9674287230,9674287230,0,0,9674287230,537663712,15.62,194.41
560,2026-05-05 17:45:07,4,q73,0,9,151,2120,2362,28982,24939,189,182,0,795,0,1803,564873,0,0,515092048,290033990,757634879,0,0,4016581,130,130,0,135101187,135101187,0,0,68013508,2016581,13.67,2.12
561,2026-05-05 17:45:10,4,q74,0,20,417,15410,49914,240225,204667,959,934,0,8186,0,13789,589857,0,0,43804974688,650094389,3343645304,0,0,269945080,7771,7771,0,2942454364,2942454364,0,0,2069316717,191970515,15.59,15.41
562,2026-05-05 17:45:27,4,q75,0,20,603,14268,53087,219588,178543,375,639,46,6321,0,20156,430373,0,0,24656981872,1058647072,10751226168,0,0,140054991,4858,4858,0,3124293933,3124293933,0,0,2106315257,89656169,15.39,14.27
563,2026-05-05 17:45:42,4,q76,0,5,231,3227,3139,46831,34833,395,396,0,1560,0,4523,1845962,0,0,18242328224,503804997,4526049463,0,0,29370,442,442,0,2390946,2390946,0,0,2390946,29370,14.51,3.23
564,2026-05-05 17:45:47,4,q77,0,14,292,3921,18005,56759,40289,356,392,6,1855,0,5559,480420,0,0,1298283888,554423389,4881145005,0,0,79783,195,195,0,2926518,2926518,0,0,2926518,79783,14.48,3.92
565,2026-05-05 17:45:52,4,q77a,0,17,297,3954,17701,55880,50811,324,418,0,622,0,4106,478141,0,0,1904360592,554423389,4881145005,0,0,80032,207,207,0,3092955,3092955,0,0,2922341,77558,14.13,3.95
566,2026-05-05 17:45:57,4,q78,0,14,500,67105,224138,1046383,411577,713,877,0,7864,0,639165,1068552,0,0,94462501856,554440947,5765414518,0,0,406636630,22041,22041,0,11364756495,11364756495,0,0,11364756495,406636630,15.59,67.1
567,2026-05-05 17:47:05,4,q79,0,8,154,3884,4047,54972,48250,188,227,0,928,0,3159,563411,0,0,10624236264,290033990,2481714898,0,0,3605125,2176,2176,0,110377148,110377148,0,0,110377148,3605125,14.15,3.88
568,2026-05-05 17:47:10,4,q80,0,23,465,32710,105484,507272,376953,1086,1130,0,3264,0,132861,1112876,0,0,54884401176,554871773,8300634181,0,0,265494091,13409,13409,0,7544361604,7544361604,0,0,7544361604,265494091,15.51,32.71
569,2026-05-05 17:47:44,4,q80a,0,26,470,75717,304086,1192530,348009,1095,1157,0,3577,0,854095,1113220,0,0,55356260208,554871773,8300634181,0,0,265493763,13424,13424,0,7544531034,7544531034,0,0,7544309334,265491833,15.75,75.72
570,2026-05-05 17:49:01,4,q81,0,13,163,2733,4533,33506,25552,209,207,0,144,0,3400,8012019,0,0,13574738872,32815644,433534164,0,0,11352561,1105,1105,0,248757358,248757358,0,0,248757358,11352561,12.26,2.73
571,2026-05-05 17:49:04,4,q82,0,8,135,2479,3508,31429,27493,272,293,0,662,0,767,229359,0,0,178877936,687764388,3302317099,0,0,40832,108,108,0,226994,226994,0,0,226994,40832,12.68,2.48
572,2026-05-05 17:49:08,4,q83,0,10,73,1382,3504,17949,16303,64,74,0,0,0,1095,1573386,0,0,3952556144,50821969,324883188,0,0,402103,73,73,0,5531326,5531326,0,0,5531326,402103,12.99,1.38
573,2026-05-05 17:49:10,4,q84,0,9,76,1358,2172,12697,11796,38,54,0,0,0,689,9765521,0,0,1313097696,33729631,166106540,0,0,27798849,47,47,0,145652083,145652083,0,0,145652083,27798849,9.35,1.36
574,2026-05-05 17:49:13,4,q85,0,10,111,3430,17991,45845,41568,93,121,2,1952,0,2214,17038540,0,0,9166144312,84064697,1165766415,0,0,9151985,867,867,0,340232586,340232586,0,0,340232586,9151985,13.37,3.43
575,2026-05-05 17:49:17,4,q86,0,5,48,1002,940,12972,11749,39,53,0,144,0,658,3736575,0,0,3607813520,72225613,602207297,0,0,7501,41,41,0,521172,521172,0,0,521172,7501,12.95,1.0
576,2026-05-05 17:49:19,4,q86a,0,8,53,941,871,10572,9791,52,58,0,0,0,714,3736446,0,0,4146781072,72225613,602207297,0,0,20456,126,126,0,1499876,1499876,0,0,514828,7068,11.23,0.94
577,2026-05-05 17:49:21,4,q87,0,13,358,8326,21469,127416,111162,159,315,3,1808,0,9239,405169,0,0,23376023992,506022125,657465672,0,0,120819579,4930,4930,0,740190567,740190567,0,0,635050557,116819579,15.3,8.33
578,2026-05-05 17:49:31,4,q88,0,26,826,8193,56881,127681,117087,17,435,16,1440,0,129,239994,0,0,2602458112,2304258706,2780568679,0,0,808,808,808,0,47645,47645,0,0,47645,808,15.58,8.19
579,2026-05-05 17:49:40,4,q89,0,6,125,2270,2230,33035,27359,136,181,0,1584,0,4678,563110,0,0,8359864800,288230790,1911673852,0,0,461388,1616,1616,0,22068092,22068092,0,0,22068092,461388,14.55,2.27
580,2026-05-05 17:49:43,4,q90,0,8,86,723,999,10462,9869,2,41,0,90,0,11,94787,0,0,259051520,144052466,314507563,0,0,80,80,80,0,4720,4720,0,0,4720,80,14.47,0.72
581,2026-05-05 17:49:45,4,q91,0,11,78,610,935,6068,5192,35,61,4,104,0,500,918693,0,0,2985287144,19345852,181632803,0,0,2083224,239,239,0,44262536,44262536,0,0,44240552,2083083,9.95,0.61
582,2026-05-05 17:49:47,4,q92,0,7,104,1072,1607,15355,12382,80,104,0,496,0,2028,775307,0,0,3957955072,144227226,1205645911,0,0,1672198,696,696,0,21434447,21434447,0,0,21434447,1672198,14.32,1.07
583,2026-05-05 17:49:49,4,q93,0,8,336,27482,43253,399061,355474,386,535,0,4000,0,54036,2225752,0,0,68145363512,316808109,2644388186,0,0,288995290,26212,26212,0,7313586156,7313586156,0,0,7313586156,288995290,14.52,27.48
584,2026-05-05 17:50:18,4,q94,0,8,153,9820,33658,145045,84780,115,156,0,1891,0,55551,512160,0,0,16630437440,152222639,968415096,0,0,151171114,3640,3640,0,2240321543,2240321543,0,0,2240321543,151171114,14.77,9.82
585,2026-05-05 17:50:28,4,q95,0,8,180,22406,32493,335386,307744,326,349,2,8790,0,6232,944164,0,0,49888658408,152222639,939946633,0,0,367104120,14137,14137,0,3290949327,3290949327,0,0,1995058746,151153176,14.97,22.41
586,2026-05-05 17:50:52,4,q96,0,5,105,1048,1040,15382,14874,1,54,5,160,0,15,239779,0,0,322799232,288033990,347660689,0,0,101,101,101,0,5955,5955,0,0,5955,101,14.68,1.05
587,2026-05-05 17:50:54,4,q97,0,5,201,11483,14136,151658,145975,173,247,3,1019,0,4696,394032,0,0,25013521472,432020512,2301754268,0,0,83873546,2006,2006,0,961239745,961239745,0,0,961239745,83873546,13.21,11.48
588,2026-05-05 17:51:07,4,q98,0,7,133,1847,1743,22850,20776,145,188,7,176,0,3013,6774497,0,0,10455054600,288230388,2422838107,0,0,782637,1811,1811,0,107196409,107196409,0,0,103201691,752094,12.37,1.85
589,2026-05-05 17:51:09,4,q99,0,7,88,1770,1756,22358,20841,89,120,0,272,0,376,512623,0,0,1636843824,144014189,374432850,0,0,32599,50,50,0,2191785,2191785,0,0,2191785,32599,12.63,1.77
590,2026-05-05 17:51:12,5,q1,0,12,126,1871,3157,26027,23228,107,142,0,448,0,3079,892432,0,0,7376429816,59623624,610061018,0,0,18384283,751,751,0,277540917,277540917,0,0,277540917,18384283,13.91,1.87
591,2026-05-05 17:51:15,5,q2,0,9,129,2691,2622,38306,36691,135,183,0,320,0,1095,755509,0,0,884539504,216108786,908409234,0,0,35347,362,362,0,2673870,2673870,0,0,901000,13701,14.23,2.69
592,2026-05-05 17:51:19,5,q3,0,5,110,1375,1354,19474,15908,136,151,0,544,0,3552,478786,0,0,401162192,288283437,2405169324,0,0,43002,202,202,0,2702444,2702444,0,0,2702444,43002,14.16,1.38
593,2026-05-05 17:51:21,5,q4,0,25,707,49922,250603,789925,639249,1536,1620,0,10251,0,132966,765025,0,0,115346137600,794088513,12061661723,0,0,566100624,25854,25854,0,14421654048,14421654048,0,0,8530726381,341212705,15.82,49.92
594,2026-05-05 17:52:12,5,q5,0,11,349,12894,23735,175585,163223,444,588,0,1920,0,9784,643543,0,0,8871091184,626443386,5412241102,0,0,78889487,1136,1136,0,1105462275,1105462275,0,0,1105462275,78889487,13.62,12.89
595,2026-05-05 17:52:26,5,q5a,0,14,354,12615,22391,168755,159660,503,609,0,2624,0,7414,643758,0,0,9342950216,626443386,5412241102,0,0,78892792,1146,1146,0,1105699951,1105699951,0,0,1105491147,78889358,13.38,12.62
596,2026-05-05 17:52:40,5,q6,0,13,160,2120,4943,30960,24598,285,326,0,1141,0,4924,8479826,0,0,5288963336,291580486,1529874260,0,0,5131498,1890,1890,0,46226184,46226184,0,0,46226184,5131498,14.6,2.12
597,2026-05-05 17:52:43,5,q7,0,7,136,3349,3379,49950,46340,232,238,0,1408,0,2268,1573386,0,0,10166726520,290152188,4203485784,0,0,741415,1717,1717,0,25861088,25861088,0,0,25861088,741415,14.91,3.35
598,2026-05-05 17:52:48,5,q8,0,10,142,2203,2247,28897,27408,191,228,0,400,0,575,9492937,0,0,9020943192,292026790,1348989214,0,0,50784,121,121,0,762861,762861,0,0,762861,50784,13.12,2.2
599,2026-05-05 17:52:51,5,q9,0,11,511,5140,25205,79792,74179,141,441,0,3764,0,154,220446,0,0,0,1440031995,8990279241,0,0,505,505,505,0,41518,41518,0,0,41518,505,15.52,5.14
600,2026-05-05 17:52:57,5,q10,0,11,286,2377,5353,34231,29933,84,216,1,720,0,4938,29252425,0,0,10164816488,509942925,687079116,0,0,19145607,2490,2490,0,20647402,20647402,0,0,20647402,19145607,14.4,2.38
601,2026-05-05 17:53:01,5,q10a,0,8,276,1999,3252,27937,24684,41,181,0,752,0,4657,29252683,0,0,9484456576,508942925,680674263,0,0,20856568,2635,2635,0,50574179,50574179,0,0,50574179,20856568,13.98,2.0
602,2026-05-05 17:53:04,5,q11,0,20,423,16055,50801,250818,229347,818,932,0,6726,0,20481,589169,0,0,44791176400,650094389,4447346008,0,0,269945080,8173,8173,0,4443307808,4443307808,0,0,2964976244,191970515,15.62,16.06
603,2026-05-05 17:53:21,5,q12,0,6,66,884,819,10418,8369,58,78,0,224,0,2075,6554102,0,0,4753471800,72225613,616731193,0,0,218539,691,691,0,30886877,30886877,0,0,30886877,218539,11.79,0.88
604,2026-05-05 17:53:23,5,q13,0,7,125,4023,4011,61036,54484,86,133,0,1686,0,27,1760007,0,0,5367720952,290954790,4986737863,0,0,101,101,101,0,7978,7978,0,0,7978,101,15.17,4.02
605,2026-05-05 17:53:28,5,q14a,0,40,1224,51818,147044,780204,465388,2311,2577,4,8558,0,315609,2441791,0,0,48203787152,2016904500,14110336969,0,0,639431334,5845,5845,0,9123777585,9123777585,0,0,9108942548,638964125,15.06,51.82
606,2026-05-05 17:54:22,5,q14b,0,30,770,20663,32025,295599,264175,1777,1834,0,5675,0,22088,2441791,0,0,28953463416,1585185222,10168695659,0,0,135576682,3990,3990,0,524109934,524109934,0,0,524109934,135576682,14.31,20.66
607,2026-05-05 17:54:43,5,q14,0,28,763,17431,26852,253811,241180,1672,1834,0,4624,0,11303,2336826,0,0,28586527544,1585185222,10168695659,0,0,134699018,3727,3727,0,431467449,431467449,0,0,432179432,134713570,14.56,17.43
608,2026-05-05 17:55:02,5,q15,0,5,108,3060,2731,40175,38547,89,132,3,416,0,43,19126933,0,0,13190560760,147014124,534363876,0,0,2305,3,3,0,69877,69877,0,0,69877,2305,13.13,3.06
609,2026-05-05 17:55:06,5,q16,0,8,295,12883,35395,197311,173829,293,410,0,1952,0,19876,1280314,0,0,41785807200,303406100,2094797272,0,0,301125284,17100,17100,0,4308531096,4308531096,0,0,4308531096,301125284,15.32,12.88
610,2026-05-05 17:55:20,5,q17,0,14,249,4905,8576,70657,62455,647,655,1,2477,0,4937,13952362,0,0,6358661496,461086525,3394625328,0,0,28190115,2517,2517,0,601012828,601012828,0,0,601012828,28190115,14.41,4.9
611,2026-05-05 17:55:26,5,q18,0,10,167,3224,3715,46600,40739,165,195,0,1040,0,3368,9765521,0,0,8709817336,151059724,2835246513,0,0,11669020,1836,1836,0,365378572,365378572,0,0,365378572,11669020,14.45,3.22
612,2026-05-05 17:55:30,5,q18a,0,18,271,5990,15201,90569,79562,355,403,2,1168,0,5510,9765822,0,0,31535543288,154263724,2854290595,0,0,56294457,7974,7974,0,1677849899,1677849899,0,0,368910883,11778229,15.12,5.99
613,2026-05-05 17:55:38,5,q19,0,8,140,2770,2576,36807,33203,144,198,0,464,0,2458,19126675,0,0,23184447472,291230790,2730449864,0,0,103989,606,606,0,6979336,6979336,0,0,6979336,103989,13.29,2.77
614,2026-05-05 17:55:41,5,q20,0,6,94,1043,983,9041,8671,107,136,0,0,0,30,6554102,0,0,2069718224,144218124,1189646424,0,0,61386,15,15,0,7314659,7314659,0,0,7314659,61386,8.67,1.04
615,2026-05-05 17:55:44,5,q21,0,5,28,1983,1962,24197,22690,24,33,0,240,0,12,136013,0,0,217853776,399554015,2120318627,0,0,95955,1,1,0,1951830,1951830,0,0,1951830,95955,12.2,1.98
616,2026-05-05 17:55:47,5,q22,0,6,45,180373,180293,579052,576707,66,66,0,436,0,164,9285378,0,0,2306272944,399554015,2117762741,0,0,2038885,102,102,0,87766507,87766507,0,0,87766507,2038885,3.21,180.37
617,2026-05-05 17:58:48,5,q22a,0,10,112,7386,8213,45952,40310,146,176,0,258,0,2399,9285378,0,0,11487341208,399554015,2118587234,0,0,2855440,508,508,0,144373282,144373282,0,0,40505050,816780,6.22,7.39
618,2026-05-05 17:58:56,5,q23a,0,19,620,41712,70107,652628,630427,1115,1269,1,8464,0,22775,13214689,0,0,89218044872,1082298901,5728291502,0,0,236739789,17956,17956,0,6673942561,6673942561,0,0,6295401013,209328167,15.65,41.71
619,2026-05-05 17:59:39,5,q23b,0,22,654,45572,79595,708332,658883,1293,1374,1,9898,0,44435,13214560,0,0,102160617664,1084298901,5751513089,0,0,286041380,23604,23604,0,7485676443,7485676443,0,0,6351486034,211405670,15.54,45.57
620,2026-05-05 18:00:26,5,q24,0,14,197,3719,8598,53894,45564,619,581,0,1552,0,4510,13036729,0,0,7305478504,320216803,3045986981,0,0,31568283,2073,2073,0,398409965,398409965,0,0,398409965,31568283,14.49,3.72
621,2026-05-05 18:00:31,5,q24a,0,21,348,9159,13227,122289,111835,986,971,2,2204,0,10979,7978888,0,0,21018360104,608427191,5839519513,0,0,100579193,4983,4983,0,1806953452,1806953452,0,0,1449021628,69847454,13.35,9.16
622,2026-05-05 18:00:41,5,q24b,0,22,348,9030,15790,118330,108125,998,924,0,2831,0,9592,7978888,0,0,18322225928,608427191,5839519513,0,0,99830491,3060,3060,0,1783171383,1783171383,0,0,1425239559,69098752,13.1,9.03
623,2026-05-05 18:00:51,5,q25,0,14,249,4360,7844,62788,57589,618,663,14,1652,0,4538,13952362,0,0,6009723240,461086525,4788285393,0,0,20197026,2496,2496,0,408759219,408759219,0,0,408759219,20197026,14.4,4.36
624,2026-05-05 18:00:57,5,q26,0,7,110,1948,1985,27964,24808,214,179,0,688,0,408,1573386,0,0,3737818640,146139924,2185675704,0,0,361199,198,198,0,11486221,11486221,0,0,11486221,361199,14.36,1.95
625,2026-05-05 18:01:00,5,q27,0,7,127,3275,3274,47883,43985,200,222,0,464,0,2669,1573386,0,0,9561988704,290151590,3914200165,0,0,176608,808,808,0,8253960,8253960,0,0,8253960,176608,14.62,3.28
626,2026-05-05 18:01:04,5,q27a,0,11,336,7303,14614,111745,104750,402,546,0,2069,0,4874,1573386,0,0,6866942048,866368768,11723780549,0,0,180086,910,910,0,9374294,9374294,0,0,9374294,180086,15.3,7.3
627,2026-05-05 18:01:12,5,q28,0,18,685,9295,54757,145860,134429,700,949,5,1575,0,15241,302403,0,0,40845952816,1728038328,13841297244,0,0,4703800,7373,7373,0,76893877,76893877,0,0,76893877,4703800,15.69,9.3
628,2026-05-05 18:01:23,5,q29,0,17,258,10066,14940,136293,130390,586,663,1,1376,0,7732,13952362,0,0,12510713656,461126525,3395404852,0,0,93232843,3583,3583,0,1605292282,1605292282,0,0,1605292282,93232843,13.54,10.07
629,2026-05-05 18:01:34,5,q30,0,13,142,1849,3009,23946,20653,152,162,0,294,0,2228,8012062,0,0,9356907168,18418778,292872866,0,0,6150626,386,386,0,281188943,281188943,0,0,281188943,6150626,12.95,1.85
630,2026-05-05 18:01:37,5,q31,0,18,461,6127,31354,91344,80507,477,589,0,912,0,13208,15423104,0,0,42871514776,1081084003,5476782264,0,0,871389,2165,2165,0,28620286,28620286,0,0,23129989,703934,14.91,6.13
631,2026-05-05 18:01:44,5,q32,0,7,173,1259,2382,17968,16977,138,207,0,202,0,604,1342856,0,0,610555800,288212248,2348854281,0,0,350080,90,90,0,4605586,4605586,0,0,4605586,350080,14.27,1.26
632,2026-05-05 18:01:46,5,q33,0,9,248,3061,6663,44802,38895,306,385,0,686,0,3679,1868056,0,0,8627755800,505430125,4647188125,0,0,140265,246,246,0,3533195,3533195,0,0,3533195,140265,14.64,3.06
633,2026-05-05 18:01:50,5,q34,0,9,151,2056,2385,27870,25767,149,188,0,160,0,2099,561648,0,0,519365960,290033990,757634879,0,0,4031113,130,130,0,135779937,135779937,0,0,68692258,2031113,13.56,2.06
634,2026-05-05 18:01:53,5,q35,0,10,293,3888,7135,54780,46330,124,226,0,1040,0,4819,24092099,0,0,15327862352,508942925,679190875,0,0,57691365,3026,3026,0,112816037,112816037,0,0,112816037,57691365,14.09,3.89
635,2026-05-05 18:01:58,5,q35a,0,9,293,3391,4731,46579,40547,110,232,0,704,0,5047,24091884,0,0,14472224744,508942925,679190875,0,0,57706997,3026,3026,0,112793402,112793402,0,0,112793402,57706997,13.74,3.39
636,2026-05-05 18:02:03,5,q36,0,6,110,2313,2186,31547,27509,161,182,3,560,0,1575,3736575,0,0,8943656688,288230790,3610981308,0,0,16094,101,101,0,1304708,1304708,0,0,1304708,16094,13.64,2.31
637,2026-05-05 18:02:06,5,q36a,0,9,115,2463,2400,33328,26226,175,179,0,960,0,2131,3736532,0,0,9482624560,288230790,3610981308,0,0,44513,306,306,0,3722869,3722869,0,0,1257107,15087,13.53,2.46
638,2026-05-05 18:02:10,5,q37,0,6,125,4351,7546,49700,47120,43,92,0,816,0,2988,180343,0,0,4879633376,543548124,2721626609,0,0,51928707,1372,1372,0,655185226,655185226,0,0,655185226,143994433,11.42,4.35
639,2026-05-05 18:02:15,5,q38,0,13,358,8382,21861,129016,115365,186,316,2,1936,0,9411,405169,0,0,23376023992,506022125,657465672,0,0,120819579,4930,4930,0,740190567,740190567,0,0,635050557,116819579,15.39,8.38
640,2026-05-05 18:02:25,5,q39a,0,11,102,4907,8991,54742,47922,213,188,0,832,0,1185,2476383,0,0,5156915760,798904015,4234827208,0,0,4703618,85,85,0,112366429,112366429,0,0,75919735,3173618,11.16,4.91
641,2026-05-05 18:02:30,5,q39b,0,11,101,4264,8000,47735,42165,154,187,0,670,0,655,1045653,0,0,4773464624,798904015,4234827208,0,0,4594459,85,85,0,109301092,109301092,0,0,72854398,3064459,11.19,4.26
642,2026-05-05 18:02:36,5,q40,0,8,164,7913,20944,114091,108613,92,170,0,1824,0,9543,515814,0,0,24442330840,158615961,1293469186,0,0,157478827,4755,4755,0,3042545985,3042545985,0,0,3042545985,157478827,14.42,7.91
643,2026-05-05 18:02:45,5,q41,0,4,12,178,148,220,153,12,14,0,0,0,11,31157,0,0,540036928,408000,3191493,0,0,292,2,2,0,19225,19225,0,0,19225,292,1.24,0.18
644,2026-05-05 18:02:46,5,q42,0,4,108,1033,1018,14968,14383,116,161,0,96,0,348,477367,0,0,4278343952,288230388,2404635449,0,0,1059,100,100,0,88397,88397,0,0,88397,1059,14.49,1.03
645,2026-05-05 18:02:48,5,q43,0,4,104,2292,2266,34072,31241,110,144,0,352,0,1244,478227,0,0,306279616,288026790,750933658,0,0,11900,100,100,0,1353429,1353429,0,0,1353429,11900,14.87,2.29
646,2026-05-05 18:02:51,5,q44,0,8,242,2125,2254,30613,27513,233,304,9,538,0,2960,3452993,0,0,11325128360,576216776,3836534913,0,0,2616272,3332,3332,0,35014545,35014545,0,0,17513938,1308362,14.41,2.12
647,2026-05-05 18:02:55,5,q45,0,7,77,1749,1704,21599,20153,43,74,2,0,0,102,19126761,0,0,10271954264,75245613,525226538,0,0,182,39,39,0,17021,17021,0,0,17021,182,12.35,1.75
648,2026-05-05 18:02:57,5,q46,0,9,150,3367,3444,46683,43531,191,220,0,1328,0,2450,13582955,0,0,9995153552,291033990,2495164429,0,0,2097510,520,520,0,69753817,69753817,0,0,69753817,2097510,13.86,3.37
649,2026-05-05 18:03:02,5,q47,0,11,170,5202,6177,74798,70129,223,256,0,528,0,5063,4637411,0,0,14691945008,288230790,1911338768,0,0,20520741,3847,3847,0,801437415,801437415,0,0,410113619,10492204,14.38,5.2
650,2026-05-05 18:03:08,5,q48,0,6,124,6748,6816,102602,94659,211,238,0,3080,0,44,2213440,0,0,5256677512,290947590,2622356314,0,0,101,101,101,0,5957,5957,0,0,5957,101,15.2,6.75
651,2026-05-05 18:03:16,5,q49,0,20,349,7245,26120,109702,102062,445,555,3,1920,0,11198,2341319,0,0,6799501864,554439913,7744351006,0,0,86104330,303,303,0,1847165774,1847165774,0,0,1847165774,86104330,15.14,7.24
652,2026-05-05 18:03:24,5,q50,0,10,230,11695,36189,178121,161319,259,366,0,1024,0,25119,1285960,0,0,40984956952,316921450,2152603072,0,0,265637490,12304,12304,0,5976596674,5976596674,0,0,5976596674,265637490,15.23,11.7
653,2026-05-05 18:03:37,5,q51,0,10,245,14752,22606,209410,194235,299,356,4,3008,0,13060,393989,0,0,29827411512,360028001,2283739496,0,0,173923508,3842,3842,0,2939131747,2939131747,0,0,2939131747,173923508,14.2,14.75
654,2026-05-05 18:03:53,5,q51a,0,14,316,247359,288383,3219189,3157144,553,608,0,24882,0,21040,541680,0,0,73985031544,360028001,2283739496,0,0,313992514,4882,4882,0,5206645271,5206645271,0,0,3938124581,247599251,13.01,247.36
655,2026-05-05 18:08:01,5,q52,0,5,111,1423,1404,20527,16396,160,167,11,464,0,4171,478700,0,0,4413085920,288230388,2404949352,0,0,56873,303,303,0,3229758,3229758,0,0,3229758,56873,14.43,1.42
656,2026-05-05 18:08:04,5,q53,0,6,115,1825,1801,25821,24301,125,162,0,144,0,2646,562293,0,0,869234520,288230790,1912078171,0,0,324087,606,606,0,6834396,6834396,0,0,6834396,324087,14.15,1.82
657,2026-05-05 18:08:07,5,q54,0,17,281,3346,4769,48296,42109,443,517,5,1168,0,4188,19126976,0,0,14788138776,507412625,2671897249,0,0,8236026,1806,1806,0,80270347,80270347,0,0,80270347,8236026,14.43,3.35
658,2026-05-05 18:08:11,5,q55,0,5,110,1427,1409,20547,17637,131,155,2,320,0,3229,478055,0,0,7097177376,288230388,2404949352,0,0,43008,202,202,0,2504732,2504732,0,0,2504732,43008,14.4,1.43
659,2026-05-05 18:08:13,5,q56,0,9,247,2794,6296,40070,36402,304,390,0,513,0,3943,1868056,0,0,7083399056,505430125,4648247852,0,0,78464,145,145,0,2864341,2864341,0,0,2864341,78464,14.34,2.79
660,2026-05-05 18:08:17,5,q57,0,11,157,3183,4352,39973,32165,209,249,0,128,0,2420,4637411,0,0,9789608072,144218154,924697236,0,0,1882447,1298,1298,0,76772188,76772188,0,0,52999171,1287630,12.56,3.18
661,2026-05-05 18:08:22,5,q58,0,10,249,2840,6866,41885,36549,341,385,1,400,0,5071,1573386,0,0,19770339632,504372223,4192225259,0,0,2376775,2398,2398,0,36037027,36037027,0,0,36037027,2376775,14.75,2.84
662,2026-05-05 18:08:26,5,q59,0,16,248,4653,8408,60908,56194,331,418,0,640,0,6359,701033,0,0,16118379352,576239678,1503139602,0,0,2188602,3436,3436,0,73070440,73070440,0,0,73070440,2188602,13.09,4.65
663,2026-05-05 18:08:31,5,q60,0,9,253,3280,6876,48149,43366,295,380,2,624,0,3961,1868056,0,0,14010721592,505430125,4648171970,0,0,553663,691,691,0,10646349,10646349,0,0,10646349,553663,14.68,3.28
664,2026-05-05 18:08:36,5,q61,0,10,237,4149,6110,59617,54892,56,176,0,848,0,48,19126675,0,0,22747629656,579238178,5817923330,0,0,202,202,202,0,11913,11913,0,0,11913,202,14.37,4.15
665,2026-05-05 18:08:41,5,q62,0,6,45,1148,1131,16216,15082,52,57,0,0,0,699,256120,0,0,245764904,72021672,259479684,0,0,14400,40,40,0,1319317,1319317,0,0,1319317,14400,14.13,1.15
666,2026-05-05 18:08:43,5,q63,0,6,112,1735,1707,24471,21962,141,164,0,160,0,2776,562250,0,0,801273712,288230790,1911998199,0,0,119054,303,303,0,3234733,3234733,0,0,3234733,119054,14.1,1.74
667,2026-05-05 18:08:46,5,q64,0,39,532,24701,85023,374116,341296,1592,1377,3,21629,0,14179,40030534,0,0,41657040264,768696804,11326187657,0,0,232434788,5325,5325,0,3517064144,3517064144,0,0,3039790703,195467289,15.15,24.7
668,2026-05-05 18:09:12,5,q65,0,10,279,11202,21276,166443,156812,332,412,2,1392,0,13352,18416299,0,0,23921344000,576237178,3819404838,0,0,123893292,3485,3485,0,3689308652,3689308652,0,0,3689308652,123893292,14.86,11.2
669,2026-05-05 18:09:24,5,q66,0,8,128,2792,3625,37962,32093,281,300,0,512,0,257,511720,0,0,4729544928,216055772,2092235178,0,0,885,59,59,0,423776,423776,0,0,423776,885,13.6,2.79
670,2026-05-05 18:09:28,5,q67,0,7,317,52417,52324,798231,775578,427,534,0,11028,0,27146,9285378,0,0,74773448160,288230790,2173204266,0,0,144335292,21608,21608,0,10982551594,10982551594,0,0,10982551594,144335292,15.23,52.42
671,2026-05-05 18:10:22,5,q67a,0,15,798,109136,467986,1691279,1034964,1831,1931,0,10999,0,652111,9285378,0,0,222134308344,288230790,2173204266,0,0,549286568,66468,66468,0,42293681887,42293681887,0,0,8661555895,122567976,15.5,109.14
672,2026-05-05 18:12:12,5,q68,0,9,146,4082,4092,57645,42831,165,219,0,942,0,7568,13582955,0,0,9177842832,291033990,3861504495,0,0,2022735,120,120,0,65905489,65905489,0,0,65905489,2022735,14.12,4.08
673,2026-05-05 18:12:17,5,q69,0,9,276,2629,5339,37745,28144,45,173,0,352,0,5469,28817400,0,0,10691049848,508942925,679878263,0,0,16091419,2618,2618,0,47356480,47356480,0,0,47356480,16091419,14.36,2.63
674,2026-05-05 18:12:21,5,q70,0,9,209,3552,3495,51601,49458,243,325,0,454,0,757,1075642,0,0,7524903464,576033580,2669415153,0,0,3221,202,202,0,236975,236975,0,0,236975,3221,14.53,3.55
675,2026-05-05 18:12:25,5,q70a,0,12,214,3220,3121,45544,43796,261,340,0,595,0,714,1069943,0,0,1285876880,576033580,2669415153,0,0,4050,407,407,0,343348,343348,0,0,165400,2250,14.14,3.22
676,2026-05-05 18:12:30,5,q71,0,7,243,2791,2727,39674,32293,363,439,11,533,0,5853,2527710,0,0,4775910576,504266125,4474521744,0,0,276608,1740,1740,0,14440621,14440621,0,0,8279257,169054,14.21,2.79
677,2026-05-05 18:12:34,5,q72,0,15,377,173560,205315,2683896,2308009,576,647,13,31144,3,314728,13214732,0,0,82523784096,560021059,3804794918,0,0,537663712,23876,23876,0,9674287230,9674287230,0,0,9674287230,537663712,15.46,173.56
678,2026-05-05 18:15:28,5,q73,0,9,151,2099,2387,27745,24337,180,182,0,578,0,1947,563712,0,0,515092048,290033990,757634879,0,0,4016581,130,130,0,135101187,135101187,0,0,68013508,2016581,13.22,2.1
679,2026-05-05 18:15:31,5,q74,0,20,417,17097,53161,263147,209227,1195,966,5,10978,0,21002,589900,0,0,43804974688,650094389,3343645304,0,0,269945080,7771,7771,0,2942454364,2942454364,0,0,2069316717,191970515,15.39,17.1
680,2026-05-05 18:15:50,5,q75,0,20,603,13287,47638,204735,178742,367,640,0,4699,0,17640,430115,0,0,24656981872,1058647072,10751226168,0,0,140054991,4858,4858,0,3124293933,3124293933,0,0,2106315257,89656169,15.41,13.29
681,2026-05-05 18:16:04,5,q76,0,5,231,3147,3078,46309,35880,360,394,0,1200,0,4738,1845962,0,0,18242328224,503804997,4526049463,0,0,29370,442,442,0,2390946,2390946,0,0,2390946,29370,14.72,3.15
682,2026-05-05 18:16:08,5,q77,0,14,292,3271,15086,47656,43033,316,402,0,384,0,3763,478098,0,0,1298283888,554423389,4881145005,0,0,79783,195,195,0,2926518,2926518,0,0,2926518,79783,14.57,3.27
683,2026-05-05 18:16:13,5,q77a,0,17,297,3744,16554,51978,42985,382,414,0,1048,0,4871,478098,0,0,1904360592,554423389,4881145005,0,0,80032,207,207,0,3092955,3092955,0,0,2922341,77558,13.88,3.74
684,2026-05-05 18:16:17,5,q78,0,14,500,64608,214716,1009362,436363,716,884,0,4144,0,584681,1068552,0,0,94462501856,554440947,5765414518,0,0,406636630,22041,22041,0,11364756495,11364756495,0,0,11364756495,406636630,15.62,64.61
685,2026-05-05 18:17:23,5,q79,0,8,154,3601,3784,52680,43493,203,235,0,1314,0,3024,564658,0,0,10624236264,290033990,2481714898,0,0,3605125,2176,2176,0,110377148,110377148,0,0,110377148,3605125,14.63,3.6
686,2026-05-05 18:17:28,5,q80,0,23,465,41428,138985,641589,368060,1233,1157,0,3496,0,278479,1112876,0,0,54884401176,554871773,8300634181,0,0,265494091,13409,13409,0,7544361604,7544361604,0,0,7544361604,265494091,15.49,41.43
687,2026-05-05 18:18:10,5,q80a,0,26,470,62150,248978,977365,366195,1101,1183,6,3781,0,621740,1112876,0,0,55356260208,554871773,8300634181,0,0,265493763,13424,13424,0,7544531034,7544531034,0,0,7544309334,265491833,15.73,62.15
688,2026-05-05 18:19:14,5,q81,0,13,163,2700,4450,32085,25653,204,211,0,0,0,2365,8012062,0,0,13574738872,32815644,433534164,0,0,11352561,1105,1105,0,248757358,248757358,0,0,248757358,11352561,11.88,2.7
689,2026-05-05 18:19:18,5,q82,0,8,135,3064,4045,37380,24376,260,274,0,582,0,1482,228886,0,0,178877936,687764388,3302317099,0,0,40832,108,108,0,226994,226994,0,0,226994,40832,12.2,3.06
690,2026-05-05 18:19:22,5,q83,0,10,73,1158,2571,13608,12522,69,78,1,0,0,792,1573386,0,0,3952556144,50821969,324883188,0,0,402103,73,73,0,5531326,5531326,0,0,5531326,402103,11.75,1.16
691,2026-05-05 18:19:24,5,q84,0,9,76,1358,2534,12922,11633,40,57,0,272,0,710,9765521,0,0,1313097696,33729631,166106540,0,0,27798849,47,47,0,145652083,145652083,0,0,145652083,27798849,9.52,1.36
692,2026-05-05 18:19:26,5,q85,0,10,111,3509,17111,46414,42676,90,124,4,1440,0,1889,17038196,0,0,9166144312,84064697,1165766415,0,0,9151985,867,867,0,340232586,340232586,0,0,340232586,9151985,13.23,3.51
693,2026-05-05 18:19:31,5,q86,0,5,48,876,816,10651,9813,44,55,0,0,0,667,3736575,0,0,3607813520,72225613,602207297,0,0,7501,41,41,0,521172,521172,0,0,521172,7501,12.16,0.88
694,2026-05-05 18:19:33,5,q86a,0,8,53,893,824,9921,8883,51,65,0,112,0,801,3736532,0,0,4146781072,72225613,602207297,0,0,20456,126,126,0,1499876,1499876,0,0,514828,7068,11.11,0.89
695,2026-05-05 18:19:35,5,q87,0,13,358,8551,21981,131801,117456,155,308,0,1228,0,7901,405169,0,0,23376023992,506022125,657465672,0,0,120819579,4930,4930,0,740190567,740190567,0,0,635050557,116819579,15.41,8.55
696,2026-05-05 18:19:44,5,q88,0,26,826,8117,56338,126114,116240,26,443,11,1088,0,202,239650,0,0,2602458112,2304258706,2780568679,0,0,808,808,808,0,47645,47645,0,0,47645,808,15.54,8.12
697,2026-05-05 18:19:54,5,q89,0,6,125,2364,2331,34151,30374,146,180,0,448,0,3311,563067,0,0,8359864800,288230790,1911673852,0,0,461388,1616,1616,0,22068092,22068092,0,0,22068092,461388,14.45,2.36
698,2026-05-05 18:19:57,5,q90,0,8,86,803,1227,11863,11244,1,42,0,0,0,10,94443,0,0,259051520,144052466,314507563,0,0,80,80,80,0,4720,4720,0,0,4720,80,14.77,0.8
699,2026-05-05 18:19:59,5,q91,0,11,78,693,1318,7496,6626,25,58,0,0,0,559,918693,0,0,2985287144,19345852,181632803,0,0,2083224,239,239,0,44262536,44262536,0,0,44240552,2083083,10.82,0.69
700,2026-05-05 18:20:01,5,q92,0,7,104,1064,1614,15220,12678,75,102,0,112,0,1952,775307,0,0,3957955072,144227226,1205645911,0,0,1672198,696,696,0,21434447,21434447,0,0,21434447,1672198,14.3,1.06
701,2026-05-05 18:20:03,5,q93,0,8,336,41338,88610,638878,347628,390,540,0,1488,0,302198,2224376,0,0,68145363512,316808109,2644388186,0,0,288995290,26212,26212,0,7313586156,7313586156,0,0,7313586156,288995290,15.45,41.34
702,2026-05-05 18:20:45,5,q94,0,8,153,7040,19717,105333,90868,105,164,3,1152,0,10715,511859,0,0,16630437440,152222639,968415096,0,0,151171114,3640,3640,0,2240321543,2240321543,0,0,2240321543,151171114,14.96,7.04
703,2026-05-05 18:20:53,5,q95,0,8,180,22499,32910,340682,311002,369,368,7,5095,0,7197,944207,0,0,49888658408,152222639,939946633,0,0,367104120,14137,14137,0,3290949327,3290949327,0,0,1995058746,151153176,15.14,22.5
704,2026-05-05 18:21:17,5,q96,0,5,105,1111,1105,16550,16141,0,53,0,80,0,20,239005,0,0,322799232,288033990,347660689,0,0,101,101,101,0,5955,5955,0,0,5955,101,14.9,1.11
705,2026-05-05 18:21:19,5,q97,0,5,201,11475,14236,150964,141592,197,259,0,592,0,5856,394032,0,0,25013521472,432020512,2301754268,0,0,83873546,2006,2006,0,961239745,961239745,0,0,961239745,83873546,13.16,11.48
706,2026-05-05 18:21:31,5,q98,0,7,133,3047,2942,41772,20127,191,195,6,592,0,13262,6774497,0,0,10455054600,288230388,2422838107,0,0,782637,1811,1811,0,107196409,107196409,0,0,103201691,752094,13.71,3.05
707,2026-05-05 18:21:36,5,q99,0,7,88,1857,1837,23619,20637,88,118,0,368,0,372,512752,0,0,1636843824,144014189,374432850,0,0,32599,50,50,0,2191785,2191785,0,0,2191785,32599,12.72,1.86
708,2026-05-05 18:21:38,6,q1,0,12,126,1901,3110,26709,22490,96,137,4,496,0,3099,892432,0,0,7376429816,59623624,610061018,0,0,18384283,751,751,0,277540917,277540917,0,0,277540917,18384283,14.05,1.9
709,2026-05-05 18:21:41,6,q2,0,9,129,2656,2587,37657,35513,140,177,0,512,0,1290,755509,0,0,884539504,216108786,908409234,0,0,35347,362,362,0,2673870,2673870,0,0,901000,13701,14.18,2.66
710,2026-05-05 18:21:45,6,q3,0,5,110,1290,1271,18214,14636,113,152,1,456,0,3678,478786,0,0,401162192,288283437,2405169324,0,0,43002,202,202,0,2702444,2702444,0,0,2702444,43002,14.12,1.29
711,2026-05-05 18:21:47,6,q4,0,25,707,46578,234166,736068,647040,1581,1657,2,9448,3,75625,765025,0,0,115346137600,794088513,12061661723,0,0,566100624,25854,25854,0,14421654048,14421654048,0,0,8530726381,341212705,15.8,46.58
712,2026-05-05 18:22:35,6,q5,0,11,349,13322,24808,181897,162475,430,569,0,1780,0,16457,642425,0,0,8871091184,626443386,5412241102,0,0,78889487,1136,1136,0,1105462275,1105462275,0,0,1105462275,78889487,13.65,13.32
713,2026-05-05 18:22:50,6,q5a,0,14,354,13199,23674,178481,162778,470,605,0,1872,0,6629,643156,0,0,9342950216,626443386,5412241102,0,0,78892792,1146,1146,0,1105699951,1105699951,0,0,1105491147,78889358,13.52,13.2
714,2026-05-05 18:23:04,6,q6,0,13,160,1950,4467,27873,25013,280,330,4,496,0,3011,8479826,0,0,5288963336,291580486,1529874260,0,0,5131498,1890,1890,0,46226184,46226184,0,0,46226184,5131498,14.29,1.95
715,2026-05-05 18:23:07,6,q7,0,7,136,3456,3486,51397,44002,239,234,0,1032,0,2156,1573386,0,0,10166726520,290152188,4203485784,0,0,741415,1717,1717,0,25861088,25861088,0,0,25861088,741415,14.87,3.46
716,2026-05-05 18:23:11,6,q8,0,10,142,2132,2064,28026,26603,173,224,0,144,0,587,9492937,0,0,9020943192,292026790,1348989214,0,0,50784,121,121,0,762861,762861,0,0,762861,50784,13.15,2.13
717,2026-05-05 18:23:15,6,q9,0,11,511,5156,25293,80161,76708,159,460,0,1637,0,124,219801,0,0,0,1440031995,8990279241,0,0,505,505,505,0,41518,41518,0,0,41518,505,15.55,5.16
718,2026-05-05 18:23:21,6,q10,0,11,286,2490,5754,36338,31207,92,212,3,400,0,4727,29252425,0,0,10164816488,509942925,687079116,0,0,19145607,2490,2490,0,20647402,20647402,0,0,20647402,19145607,14.59,2.49
719,2026-05-05 18:23:24,6,q10a,0,8,276,1980,3310,27395,24522,33,177,8,328,0,4556,29252425,0,0,9484456576,508942925,680674263,0,0,20856568,2635,2635,0,50574179,50574179,0,0,50574179,20856568,13.84,1.98
720,2026-05-05 18:23:27,6,q11,0,20,423,15860,50168,245925,232149,835,939,0,5318,0,14588,589857,0,0,44791176400,650094389,4447346008,0,0,269945080,8173,8173,0,4443307808,4443307808,0,0,2964976244,191970515,15.51,15.86
721,2026-05-05 18:23:44,6,q12,0,6,66,892,830,10504,9066,67,79,0,0,0,1756,6554102,0,0,4753471800,72225613,616731193,0,0,218539,691,691,0,30886877,30886877,0,0,30886877,218539,11.78,0.89
722,2026-05-05 18:23:46,6,q13,0,7,125,3854,3982,57796,52155,86,132,0,1194,0,27,1760007,0,0,5367720952,290954790,4986737863,0,0,101,101,101,0,7978,7978,0,0,7978,101,15.0,3.85
723,2026-05-05 18:23:51,6,q14a,0,40,1224,66349,191755,1014311,460790,2234,2532,1,9072,0,550165,2441791,0,0,48203787152,2016904500,14110336969,0,0,639431334,5845,5845,0,9123777585,9123777585,0,0,9108942548,638964125,15.29,66.35
724,2026-05-05 18:24:59,6,q14b,0,30,770,20578,32229,295566,268201,1507,1613,8,6110,0,18727,2441791,0,0,28953463416,1585185222,10168695659,0,0,135576682,3990,3990,0,524109934,524109934,0,0,524109934,135576682,14.36,20.58
725,2026-05-05 18:25:21,6,q14,0,29,764,17860,28049,256941,239970,1644,1805,3,6326,0,15529,2336783,0,0,28721040136,1585185222,10168695659,0,0,134713570,3744,3744,0,432179432,432179432,0,0,432179432,134713570,14.39,17.86
726,2026-05-05 18:25:40,6,q15,0,5,108,3010,2785,40507,38461,86,126,0,560,0,44,19126675,0,0,13190560760,147014124,534363876,0,0,2305,3,3,0,69877,69877,0,0,69877,2305,13.46,3.01
727,2026-05-05 18:25:44,6,q16,0,8,295,12081,32771,184876,173407,324,427,0,3536,0,13278,1280357,0,0,41785807200,303406100,2094797272,0,0,301125284,17100,17100,0,4308531096,4308531096,0,0,4308531096,301125284,15.3,12.08
728,2026-05-05 18:25:57,6,q17,0,14,249,5347,9271,77629,64147,682,660,3,5002,0,7596,13952405,0,0,6358661496,461086525,3394625328,0,0,28190115,2517,2517,0,601012828,601012828,0,0,601012828,28190115,14.52,5.35
729,2026-05-05 18:26:04,6,q18,0,10,167,3314,3837,47938,40259,137,172,0,3211,0,3326,9765521,0,0,8709817336,151059724,2835246513,0,0,11669020,1836,1836,0,365378572,365378572,0,0,365378572,11669020,14.47,3.31
730,2026-05-05 18:26:08,6,q18a,0,18,271,6629,17840,100955,89550,336,398,1,960,0,6043,9765521,0,0,31535543288,154263724,2854290595,0,0,56294457,7974,7974,0,1677849899,1677849899,0,0,368910883,11778229,15.23,6.63
731,2026-05-05 18:26:16,6,q19,0,8,140,2840,2669,37709,35095,144,198,0,320,0,2847,19126675,0,0,23184447472,291230790,2730449864,0,0,103989,606,606,0,6979336,6979336,0,0,6979336,103989,13.28,2.84
732,2026-05-05 18:26:20,6,q20,0,6,94,1054,992,9589,9219,99,125,0,0,0,31,6554102,0,0,2069718224,144218124,1189646424,0,0,61386,15,15,0,7314659,7314659,0,0,7314659,61386,9.1,1.05
733,2026-05-05 18:26:22,6,q21,0,5,28,1840,1821,22043,18874,23,33,0,329,0,12,136013,0,0,217853776,399554015,2120318627,0,0,95955,1,1,0,1951830,1951830,0,0,1951830,95955,11.98,1.84
734,2026-05-05 18:26:25,6,q22,0,6,45,175260,175184,567383,565201,94,66,0,435,0,161,9285378,0,0,2306272944,399554015,2117762741,0,0,2038885,102,102,0,87766507,87766507,0,0,87766507,2038885,3.24,175.26
735,2026-05-05 18:29:21,6,q22a,0,10,112,7340,8212,44190,39507,157,176,0,244,0,2557,9285335,0,0,11487341208,399554015,2118587234,0,0,2855440,508,508,0,144373282,144373282,0,0,40505050,816780,6.02,7.34
736,2026-05-05 18:29:30,6,q23a,0,19,620,41436,69661,649604,630766,1100,1247,4,5968,0,22591,13214560,0,0,89218044872,1082298901,5728291502,0,0,236739789,17956,17956,0,6673942561,6673942561,0,0,6295401013,209328167,15.68,41.44
737,2026-05-05 18:30:12,6,q23b,0,22,654,44169,77269,686690,663967,1245,1369,1,5862,0,28440,13214603,0,0,102160617664,1084298901,5751513089,0,0,286041380,23604,23604,0,7485676443,7485676443,0,0,6351486034,211405670,15.55,44.17
738,2026-05-05 18:30:57,6,q24,0,14,197,3577,8332,51478,44773,656,569,0,1056,0,4926,13036729,0,0,7305478504,320216803,3045986981,0,0,31568283,2073,2073,0,398409965,398409965,0,0,398409965,31568283,14.39,3.58
739,2026-05-05 18:31:02,6,q24a,0,21,348,9107,13129,121508,112237,1000,965,2,1558,0,9806,7978888,0,0,21018360104,608427191,5839519513,0,0,100579193,4983,4983,0,1806953452,1806953452,0,0,1449021628,69847454,13.34,9.11
740,2026-05-05 18:31:12,6,q24b,0,22,348,9109,15615,118161,109406,899,944,0,2128,0,9938,7978888,0,0,18322225928,608427191,5839519513,0,0,99830491,3060,3060,0,1783171383,1783171383,0,0,1425239559,69098752,12.97,9.11
741,2026-05-05 18:31:22,6,q25,0,14,249,4271,7663,61855,56367,638,660,1,992,0,4292,13952362,0,0,6009723240,461086525,4788285393,0,0,20197026,2496,2496,0,408759219,408759219,0,0,408759219,20197026,14.48,4.27
742,2026-05-05 18:31:28,6,q26,0,7,110,2080,2121,30117,28034,151,189,0,272,0,410,1573343,0,0,3737818640,146139924,2185675704,0,0,361199,198,198,0,11486221,11486221,0,0,11486221,361199,14.48,2.08
743,2026-05-05 18:31:31,6,q27,0,7,127,3072,3067,44512,39933,203,223,0,672,0,2406,1573300,0,0,9561988704,290151590,3914200165,0,0,176608,808,808,0,8253960,8253960,0,0,8253960,176608,14.49,3.07
744,2026-05-05 18:31:35,6,q27a,0,11,336,7661,15169,117035,110877,441,545,0,1314,0,4827,1573300,0,0,6866942048,866368768,11723780549,0,0,180086,910,910,0,9374294,9374294,0,0,9374294,180086,15.28,7.66
745,2026-05-05 18:31:44,6,q28,0,18,685,9406,55499,147660,137037,728,969,1,1253,0,14619,302188,0,0,40845952816,1728038328,13841297244,0,0,4703800,7373,7373,0,76893877,76893877,0,0,76893877,4703800,15.7,9.41
746,2026-05-05 18:31:54,6,q29,0,17,258,10007,14833,135041,129905,592,660,1,1040,0,7087,13952362,0,0,12510713656,461126525,3395404852,0,0,93232843,3583,3583,0,1605292282,1605292282,0,0,1605292282,93232843,13.49,10.01
747,2026-05-05 18:32:05,6,q30,0,13,142,1701,3036,21208,18129,131,154,0,0,0,2367,8012019,0,0,9356907168,18418778,292872866,0,0,6150626,386,386,0,281188943,281188943,0,0,281188943,6150626,12.47,1.7
748,2026-05-05 18:32:08,6,q31,0,18,461,6545,33884,98075,87339,490,592,0,780,0,12717,15423104,0,0,42871514776,1081084003,5476782264,0,0,871389,2165,2165,0,28620286,28620286,0,0,23129989,703934,14.98,6.54
749,2026-05-05 18:32:16,6,q32,0,7,173,1422,2674,20474,17915,114,187,0,120,0,639,1342856,0,0,610555800,288212248,2348854281,0,0,350080,90,90,0,4605586,4605586,0,0,4605586,350080,14.4,1.42
750,2026-05-05 18:32:18,6,q33,0,9,248,2971,6518,43506,39905,290,381,1,176,0,4496,1868056,0,0,8627755800,505430125,4647188125,0,0,140265,246,246,0,3533195,3533195,0,0,3533195,140265,14.64,2.97
751,2026-05-05 18:32:22,6,q34,0,9,151,2000,2236,27321,26284,142,187,0,0,0,1834,561691,0,0,519365960,290033990,757634879,0,0,4031113,130,130,0,135779937,135779937,0,0,68692258,2031113,13.66,2.0
752,2026-05-05 18:32:25,6,q35,0,10,293,3818,7244,53993,47678,116,225,3,496,0,4647,24091841,0,0,15327862352,508942925,679190875,0,0,57691365,3026,3026,0,112816037,112816037,0,0,112816037,57691365,14.14,3.82
753,2026-05-05 18:32:30,6,q35a,0,9,293,3370,4717,46478,42707,90,231,0,416,0,4821,24091841,0,0,14472224744,508942925,679190875,0,0,57706997,3026,3026,0,112793402,112793402,0,0,112793402,57706997,13.79,3.37
754,2026-05-05 18:32:35,6,q36,0,6,110,2270,2192,31440,29701,153,193,0,272,0,1351,3736575,0,0,8943656688,288230790,3610981308,0,0,16094,101,101,0,1304708,1304708,0,0,1304708,16094,13.85,2.27
755,2026-05-05 18:32:38,6,q36a,0,9,115,2145,2088,28089,25961,169,192,0,208,0,1416,3736446,0,0,9482624560,288230790,3610981308,0,0,44513,306,306,0,3722869,3722869,0,0,1257107,15087,13.1,2.14
756,2026-05-05 18:32:41,6,q37,0,6,125,4272,7437,48500,46589,28,92,0,657,0,2935,179870,0,0,4879633376,543548124,2721626609,0,0,51928707,1372,1372,0,655185226,655185226,0,0,655185226,143994433,11.35,4.27
757,2026-05-05 18:32:46,6,q38,0,13,358,8387,21926,129370,119264,165,315,0,879,0,8407,405169,0,0,23376023992,506022125,657465672,0,0,120819579,4930,4930,0,740190567,740190567,0,0,635050557,116819579,15.43,8.39
758,2026-05-05 18:32:56,6,q39a,0,11,102,5526,9691,50864,46828,203,194,3,368,0,914,2489970,0,0,5156915760,798904015,4234827208,0,0,4704119,85,85,0,112077479,112077479,0,0,75935010,3174119,9.2,5.53
759,2026-05-05 18:33:02,6,q39b,0,11,101,4342,7960,47393,44465,163,193,0,569,0,582,1045653,0,0,4773464624,798904015,4234827208,0,0,4594459,85,85,0,109301092,109301092,0,0,72854398,3064459,10.92,4.34
760,2026-05-05 18:33:08,6,q40,0,8,164,7842,20419,113581,109878,95,177,0,406,0,8437,514524,0,0,24442330840,158615961,1293469186,0,0,157478827,4755,4755,0,3042545985,3042545985,0,0,3042545985,157478827,14.48,7.84
761,2026-05-05 18:33:17,6,q41,0,4,12,190,160,226,154,10,12,0,0,0,11,31157,0,0,540036928,408000,3191493,0,0,292,2,2,0,19225,19225,0,0,19225,292,1.19,0.19
762,2026-05-05 18:33:18,6,q42,0,4,108,1240,1223,18280,15948,127,158,0,256,0,436,477324,0,0,4278343952,288230388,2404635449,0,0,1059,100,100,0,88397,88397,0,0,88397,1059,14.74,1.24
763,2026-05-05 18:33:20,6,q43,0,4,104,2046,2023,29963,28664,111,146,2,128,0,1089,477539,0,0,306279616,288026790,750933658,0,0,11900,100,100,0,1353429,1353429,0,0,1353429,11900,14.64,2.05
764,2026-05-05 18:33:23,6,q44,0,8,242,2134,2266,31286,28828,215,299,2,160,0,3183,3452950,0,0,11325128360,576216776,3836534913,0,0,2616272,3332,3332,0,35014545,35014545,0,0,17513938,1308362,14.66,2.13
765,2026-05-05 18:33:27,6,q45,0,7,77,1788,1698,19539,18132,41,73,0,0,0,106,19126675,0,0,10271954264,75245613,525226538,0,0,182,39,39,0,17021,17021,0,0,17021,182,10.93,1.79
766,2026-05-05 18:33:29,6,q46,0,9,150,3216,3187,44355,42016,172,219,0,288,0,2632,13582955,0,0,9995153552,291033990,2495164429,0,0,2097510,520,520,0,69753817,69753817,0,0,69753817,2097510,13.79,3.22
767,2026-05-05 18:33:34,6,q47,0,11,170,5319,6361,76252,72442,216,265,0,424,0,4481,4637411,0,0,14691945008,288230790,1911338768,0,0,20520741,3847,3847,0,801437415,801437415,0,0,410113619,10492204,14.34,5.32
768,2026-05-05 18:33:40,6,q48,0,6,124,6579,6673,100115,95260,204,231,0,2709,0,69,2213440,0,0,5256677512,290947590,2622356314,0,0,101,101,101,0,5957,5957,0,0,5957,101,15.22,6.58
769,2026-05-05 18:33:48,6,q49,0,20,349,7514,27433,114279,101516,436,548,0,6832,0,11461,2341319,0,0,6799501864,554439913,7744351006,0,0,86104330,303,303,0,1847165774,1847165774,0,0,1847165774,86104330,15.21,7.51
770,2026-05-05 18:33:56,6,q50,0,10,230,11266,35596,170792,160695,356,400,0,1424,0,18198,1286218,0,0,40984956952,316921450,2152603072,0,0,265637490,12304,12304,0,5976596674,5976596674,0,0,5976596674,265637490,15.16,11.27
771,2026-05-05 18:34:09,6,q51,0,10,245,14154,21661,199695,190318,282,353,0,763,0,12657,392441,0,0,29827411512,360028001,2283739496,0,0,173923508,3842,3842,0,2939131747,2939131747,0,0,2939131747,173923508,14.11,14.15
772,2026-05-05 18:34:24,6,q51a,0,14,316,245180,286155,3217132,3170989,532,599,0,17488,0,15441,541680,0,0,73985031544,360028001,2283739496,0,0,313992514,4882,4882,0,5206645271,5206645271,0,0,3938124581,247599251,13.12,245.18
773,2026-05-05 18:38:30,6,q52,0,5,111,1336,1316,19243,16782,140,163,1,192,0,2932,477539,0,0,4413085920,288230388,2404949352,0,0,56873,303,303,0,3229758,3229758,0,0,3229758,56873,14.4,1.34
774,2026-05-05 18:38:32,6,q53,0,6,115,1812,1788,25494,23897,116,164,0,272,0,2580,562250,0,0,869234520,288230790,1912078171,0,0,324087,606,606,0,6834396,6834396,0,0,6834396,324087,14.07,1.81
775,2026-05-05 18:38:35,6,q54,0,17,281,3226,4532,46714,40749,427,513,1,496,0,5362,19126675,0,0,14788138776,507412625,2671897249,0,0,8236026,1806,1806,0,80270347,80270347,0,0,80270347,8236026,14.48,3.23
776,2026-05-05 18:38:40,6,q55,0,5,110,1436,1419,20848,18058,129,166,0,180,0,3383,477410,0,0,7097177376,288230388,2404949352,0,0,43008,202,202,0,2504732,2504732,0,0,2504732,43008,14.52,1.44
777,2026-05-05 18:38:42,6,q56,0,9,247,2719,6096,38895,33033,317,383,0,432,0,4410,1868056,0,0,7083399056,505430125,4648247852,0,0,78464,145,145,0,2864341,2864341,0,0,2864341,78464,14.3,2.72
778,2026-05-05 18:38:46,6,q57,0,11,157,2746,3483,37087,32436,214,241,0,160,0,2442,4637411,0,0,9789608072,144218154,924697236,0,0,1882447,1298,1298,0,76772188,76772188,0,0,52999171,1287630,13.51,2.75
779,2026-05-05 18:38:50,6,q58,0,10,249,2914,6953,43127,37216,372,404,2,464,0,5333,1573386,0,0,19770339632,504372223,4192225259,0,0,2376775,2398,2398,0,36037027,36037027,0,0,36037027,2376775,14.8,2.91
780,2026-05-05 18:38:54,6,q59,0,16,248,4761,8621,62598,58049,322,413,0,208,0,6569,700302,0,0,16118379352,576239678,1503139602,0,0,2188602,3436,3436,0,73070440,73070440,0,0,73070440,2188602,13.15,4.76
781,2026-05-05 18:39:00,6,q60,0,9,253,3321,7007,48310,43760,289,378,19,642,0,4106,1868056,0,0,14010721592,505430125,4648171970,0,0,553663,691,691,0,10646349,10646349,0,0,10646349,553663,14.55,3.32
782,2026-05-05 18:39:04,6,q61,0,10,237,4157,6179,59468,54350,48,175,0,592,0,47,19126675,0,0,22747629656,579238178,5817923330,0,0,202,202,202,0,11913,11913,0,0,11913,202,14.31,4.16
783,2026-05-05 18:39:09,6,q62,0,6,45,1396,1383,20032,18298,41,55,0,0,0,765,256077,0,0,245764904,72021672,259479684,0,0,14400,40,40,0,1319317,1319317,0,0,1319317,14400,14.35,1.4
784,2026-05-05 18:39:12,6,q63,0,6,112,1857,1825,25741,23220,145,167,0,180,0,2749,562207,0,0,801273712,288230790,1911998199,0,0,119054,303,303,0,3234733,3234733,0,0,3234733,119054,13.86,1.86
785,2026-05-05 18:39:15,6,q64,0,39,532,24382,85226,367688,344694,1434,1368,1,3808,0,14555,40030405,0,0,41657040264,768696804,11326187657,0,0,232434788,5325,5325,0,3517064144,3517064144,0,0,3039790703,195467289,15.08,24.38
786,2026-05-05 18:39:40,6,q65,0,10,279,12019,22971,179343,159938,409,431,2,2396,0,14796,18416471,0,0,23921344000,576237178,3819404838,0,0,123893292,3485,3485,0,3689308652,3689308652,0,0,3689308652,123893292,14.92,12.02
787,2026-05-05 18:39:53,6,q66,0,8,128,2832,3719,38464,31315,258,301,0,544,0,276,511462,0,0,4729544928,216055772,2092235178,0,0,885,59,59,0,423776,423776,0,0,423776,885,13.58,2.83
788,2026-05-05 18:39:57,6,q67,0,7,317,52773,52570,802772,781089,457,532,0,7572,0,34754,9285378,0,0,74773448160,288230790,2173204266,0,0,144335292,21608,21608,0,10982551594,10982551594,0,0,10982551594,144335292,15.21,52.77
789,2026-05-05 18:40:51,6,q67a,0,15,798,88695,335776,1371518,1085050,1834,2004,0,6695,0,280741,9285292,0,0,222134308344,288230790,2173204266,0,0,549286568,66468,66468,0,42293681887,42293681887,0,0,8661555895,122567976,15.46,88.7
790,2026-05-05 18:42:21,6,q68,0,9,146,3658,3769,51163,43947,172,220,27,512,0,1810,13582955,0,0,9177842832,291033990,3861504495,0,0,2022735,120,120,0,65905489,65905489,0,0,65905489,2022735,13.99,3.66
791,2026-05-05 18:42:26,6,q69,0,9,276,2322,5344,33673,28370,46,171,0,0,0,6149,28817443,0,0,10691049848,508942925,679878263,0,0,16091419,2618,2618,0,47356480,47356480,0,0,47356480,16091419,14.5,2.32
792,2026-05-05 18:42:29,6,q70,0,9,209,3554,3497,51317,49574,256,333,0,400,0,803,1074954,0,0,7524903464,576033580,2669415153,0,0,3221,202,202,0,236975,236975,0,0,236975,3221,14.44,3.55
793,2026-05-05 18:42:34,6,q70a,0,12,214,6131,5993,60112,45390,362,390,12,4492,0,852,1070674,0,0,1285876880,576033580,2669415153,0,0,4050,407,407,0,343348,343348,0,0,165400,2250,9.8,6.13
794,2026-05-05 18:42:41,6,q71,0,7,243,3187,3110,45666,36599,400,426,20,761,0,5782,2527710,0,0,4775910576,504266125,4474521744,0,0,276608,1740,1740,0,14440922,14440922,0,0,8279558,169054,14.33,3.19
795,2026-05-05 18:42:45,6,q72,0,15,377,175768,221271,2745080,2346048,531,644,2,5424,0,387547,13214732,0,0,82523784096,560021059,3804794918,0,0,537663712,23876,23876,0,9674287230,9674287230,0,0,9674287230,537663712,15.62,175.77
796,2026-05-05 18:45:42,6,q73,0,9,151,2005,2259,27499,25066,169,178,0,144,0,2107,562336,0,0,515092048,290033990,757634879,0,0,4016581,130,130,0,135101187,135101187,0,0,68013508,2016581,13.72,2.0
797,2026-05-05 18:45:45,6,q74,0,20,417,15669,49273,239229,215954,882,936,57,9140,0,13155,589169,0,0,43804974688,650094389,3343645304,0,0,269945080,7771,7771,0,2942454364,2942454364,0,0,2069316717,191970515,15.27,15.67
798,2026-05-05 18:46:02,6,q75,0,20,603,13479,49187,208702,176120,347,631,4,3904,0,24413,429857,0,0,24656981872,1058647072,10751226168,0,0,140054991,4858,4858,0,3124293933,3124293933,0,0,2106315257,89656169,15.48,13.48
799,2026-05-05 18:46:16,6,q76,0,5,231,2916,2866,43179,35936,304,373,3,600,0,4038,1845962,0,0,18242328224,503804997,4526049463,0,0,29370,442,442,0,2390946,2390946,0,0,2390946,29370,14.81,2.92
800,2026-05-05 18:46:20,6,q77,0,14,292,3370,15546,49139,41006,373,416,0,624,0,3925,476980,0,0,1298283888,554423389,4881145005,0,0,79783,195,195,0,2926518,2926518,0,0,2926518,79783,14.58,3.37
801,2026-05-05 18:46:25,6,q77a,0,17,297,3480,15791,48590,40957,368,413,0,704,0,4834,479517,0,0,1904360592,554423389,4881145005,0,0,80032,207,207,0,3092955,3092955,0,0,2922341,77558,13.96,3.48
802,2026-05-05 18:46:29,6,q78,0,14,500,91296,317703,1431963,395391,675,852,0,1760,0,1044020,1067864,0,0,94462501856,554440947,5765414518,0,0,406636630,22041,22041,0,11364756495,11364756495,0,0,11364756495,406636630,15.68,91.3
803,2026-05-05 18:48:02,6,q79,0,8,154,3568,3707,53920,41641,190,225,0,512,0,4076,562809,0,0,10624236264,290033990,2481714898,0,0,3605125,2176,2176,0,110377148,110377148,0,0,110377148,3605125,15.11,3.57
804,2026-05-05 18:48:06,6,q80,0,23,465,66025,256242,1041784,356090,1253,1184,0,2064,0,689795,1112274,0,0,54884401176,554871773,8300634181,0,0,265494091,13409,13409,0,7544361604,7544361604,0,0,7544361604,265494091,15.78,66.03
805,2026-05-05 18:49:14,6,q80a,0,26,470,65040,252894,1023168,357845,1079,1138,0,2273,0,674341,1112188,0,0,55356260208,554871773,8300634181,0,0,265493763,13424,13424,0,7544531034,7544531034,0,0,7544309334,265491833,15.73,65.04
806,2026-05-05 18:50:20,6,q81,0,13,163,2531,4285,30183,24008,208,209,0,0,0,2295,8012019,0,0,13574738872,32815644,433534164,0,0,11352561,1105,1105,0,248757358,248757358,0,0,248757358,11352561,11.93,2.53
807,2026-05-05 18:50:23,6,q82,0,8,135,2910,3870,37682,24557,223,272,0,668,0,1179,228456,0,0,178877936,687764388,3302317099,0,0,40832,108,108,0,226994,226994,0,0,226994,40832,12.95,2.91
808,2026-05-05 18:50:27,6,q83,0,10,73,1001,2160,11144,10130,63,78,0,0,0,660,1573386,0,0,3952556144,50821969,324883188,0,0,402103,73,73,0,5531326,5531326,0,0,5531326,402103,11.13,1.0
809,2026-05-05 18:50:30,6,q84,0,9,76,1330,2521,12750,11731,59,58,0,0,0,632,9765521,0,0,1313097696,33729631,166106540,0,0,27798849,47,47,0,145652083,145652083,0,0,145652083,27798849,9.59,1.33
810,2026-05-05 18:50:32,6,q85,0,10,111,3553,18079,47048,42351,78,124,0,1616,0,2235,17038067,0,0,9166144312,84064697,1165766415,0,0,9151985,867,867,0,340232586,340232586,0,0,340232586,9151985,13.24,3.55
811,2026-05-05 18:50:36,6,q86,0,5,48,991,930,12542,10869,43,58,0,0,0,522,3736575,0,0,3607813520,72225613,602207297,0,0,7501,41,41,0,521172,521172,0,0,521172,7501,12.66,0.99
812,2026-05-05 18:50:39,6,q86a,0,8,53,868,803,9481,8784,43,59,0,0,0,746,3736532,0,0,4146781072,72225613,602207297,0,0,20456,126,126,0,1499876,1499876,0,0,514828,7068,10.92,0.87
813,2026-05-05 18:50:40,6,q87,0,13,358,8191,21395,125940,116282,151,312,0,672,0,7967,405169,0,0,23376023992,506022125,657465672,0,0,120819579,4930,4930,0,740190567,740190567,0,0,635050557,116819579,15.38,8.19
814,2026-05-05 18:50:50,6,q88,0,26,826,7743,54027,120754,116936,13,430,0,311,0,133,239048,0,0,2602458112,2304258706,2780568679,0,0,808,808,808,0,47645,47645,0,0,47645,808,15.6,7.74
815,2026-05-05 18:50:59,6,q89,0,6,125,2321,2288,33106,28032,148,185,0,368,0,3418,562981,0,0,8359864800,288230790,1911673852,0,0,461388,1616,1616,0,22068092,22068092,0,0,22068092,461388,14.26,2.32
816,2026-05-05 18:51:02,6,q90,0,8,86,832,1251,12068,11562,2,42,0,0,0,10,94486,0,0,259051520,144052466,314507563,0,0,80,80,80,0,4720,4720,0,0,4720,80,14.5,0.83
817,2026-05-05 18:51:04,6,q91,0,11,78,568,935,5692,5002,42,60,0,0,0,439,918736,0,0,2985287144,19345852,181632803,0,0,2083224,239,239,0,44262536,44262536,0,0,44240552,2083083,10.02,0.57
818,2026-05-05 18:51:05,6,q92,0,7,104,1245,1868,17692,13565,80,104,0,304,0,2121,775307,0,0,3957955072,144227226,1205645911,0,0,1672198,696,696,0,21434447,21434447,0,0,21434447,1672198,14.21,1.25
819,2026-05-05 18:51:08,6,q93,0,8,336,61196,146684,946377,344264,372,526,0,784,0,613977,2223688,0,0,68145363512,316808109,2644388186,0,0,288995290,26212,26212,0,7313586156,7313586156,0,0,7313586156,288995290,15.46,61.2
820,2026-05-05 18:52:10,6,q94,0,8,153,6965,19504,103553,89841,129,171,0,672,0,9263,511816,0,0,16630437440,152222639,968415096,0,0,151171114,3640,3640,0,2240321543,2240321543,0,0,2240321543,151171114,14.87,6.96
821,2026-05-05 18:52:18,6,q95,0,8,180,22001,31989,328525,309542,334,365,0,2809,0,6860,944164,0,0,49888658408,152222639,939946633,0,0,367104120,14137,14137,0,3290949327,3290949327,0,0,1995058746,151153176,14.93,22.0
822,2026-05-05 18:52:41,6,q96,0,5,105,1152,1146,17098,16618,1,54,0,96,0,14,239048,0,0,322799232,288033990,347660689,0,0,101,101,101,0,5955,5955,0,0,5955,101,14.84,1.15
823,2026-05-05 18:52:43,6,q97,0,5,201,11539,14402,152109,144116,188,257,0,848,0,5318,393215,0,0,25013521472,432020512,2301754268,0,0,83873546,2006,2006,0,961239745,961239745,0,0,961239745,83873546,13.18,11.54
824,2026-05-05 18:52:56,6,q98,0,7,133,1982,1871,24979,19828,150,190,6,176,0,3214,6774497,0,0,10455054600,288230388,2422838107,0,0,782637,1811,1811,0,107196409,107196409,0,0,103201691,752094,12.6,1.98
825,2026-05-05 18:52:59,6,q99,0,7,88,1713,1703,21500,19651,89,126,0,224,0,367,511935,0,0,1636843824,144014189,374432850,0,0,32599,50,50,0,2191785,2191785,0,0,2191785,32599,12.55,1.71
826,2026-05-05 18:53:02,7,q1,0,12,126,2118,3595,30119,25652,101,136,0,112,0,4331,892432,0,0,7376429816,59623624,610061018,0,0,18384283,751,751,0,277540917,277540917,0,0,277540917,18384283,14.22,2.12
827,2026-05-05 18:53:05,7,q2,0,9,129,2801,2734,39820,36717,121,169,0,288,0,958,755509,0,0,884539504,216108786,908409234,0,0,35347,362,362,0,2673870,2673870,0,0,901000,13701,14.22,2.8
828,2026-05-05 18:53:09,7,q3,0,5,110,1306,1288,18501,15990,127,157,0,272,0,2798,477410,0,0,401162192,288283437,2405169324,0,0,43002,202,202,0,2702444,2702444,0,0,2702444,43002,14.17,1.31
829,2026-05-05 18:53:11,7,q4,0,25,707,83282,388749,1322974,617094,1662,1696,0,7733,0,686776,765025,0,0,115346137600,794088513,12061661723,0,0,566100624,25854,25854,0,14421654048,14421654048,0,0,8530726381,341212705,15.89,83.28
830,2026-05-05 18:54:35,7,q5,0,11,349,12763,23083,171998,162270,460,584,0,827,0,8298,641092,0,0,8871091184,626443386,5412241102,0,0,78889487,1136,1136,0,1105462275,1105462275,0,0,1105462275,78889487,13.48,12.76
831,2026-05-05 18:54:49,7,q5a,0,14,354,12656,22702,169460,161174,482,613,0,1012,0,7489,641049,0,0,9342950216,626443386,5412241102,0,0,78892792,1146,1146,0,1105699951,1105699951,0,0,1105491147,78889358,13.39,12.66
832,2026-05-05 18:55:03,7,q6,0,13,160,1891,4361,27291,23639,355,333,0,336,0,3775,8479826,0,0,5288963336,291580486,1529874260,0,0,5131498,1890,1890,0,46226184,46226184,0,0,46226184,5131498,14.43,1.89
833,2026-05-05 18:55:06,7,q7,0,7,136,3264,3293,48946,40694,196,225,3,704,0,1782,1573386,0,0,10166726520,290152188,4203485784,0,0,741415,1717,1717,0,25861088,25861088,0,0,25861088,741415,15.0,3.26
834,2026-05-05 18:55:10,7,q8,0,10,142,2003,1936,25623,24632,171,224,0,0,0,606,9492937,0,0,9020943192,292026790,1348989214,0,0,50784,121,121,0,762861,762861,0,0,762861,50784,12.79,2.0
835,2026-05-05 18:55:14,7,q9,0,11,511,5232,25664,81346,73956,118,431,0,1088,0,119,219156,0,0,0,1440031995,8990279241,0,0,505,505,505,0,41518,41518,0,0,41518,505,15.55,5.23
836,2026-05-05 18:55:20,7,q10,0,11,286,2399,5558,34095,30294,91,215,2,165,0,4526,29252468,0,0,10164816488,509942925,687079116,0,0,19145607,2490,2490,0,20647402,20647402,0,0,20647402,19145607,14.21,2.4
837,2026-05-05 18:55:23,7,q10a,0,8,276,1966,3258,27637,24545,41,181,1,176,0,4828,29252425,0,0,9484456576,508942925,680674263,0,0,20856568,2635,2635,0,50574179,50574179,0,0,50574179,20856568,14.06,1.97
838,2026-05-05 18:55:26,7,q11,0,20,423,16115,51630,252499,232124,797,919,0,1840,0,21861,589169,0,0,44791176400,650094389,4447346008,0,0,269945080,8173,8173,0,4443307808,4443307808,0,0,2964976244,191970515,15.67,16.11
839,2026-05-05 18:55:43,7,q12,0,6,66,1031,967,11630,8940,66,78,0,224,0,2586,6554102,0,0,4753471800,72225613,616731193,0,0,218539,691,691,0,30886877,30886877,0,0,30886877,218539,11.28,1.03
840,2026-05-05 18:55:46,7,q13,0,7,125,4143,4138,62559,55762,114,140,3,640,0,26,1760007,0,0,5367720952,290954790,4986737863,0,0,101,101,101,0,7978,7978,0,0,7978,101,15.1,4.14
841,2026-05-05 18:55:51,7,q14a,0,40,1224,84044,247293,1297901,444192,1943,2387,22,6337,0,801637,2441791,0,0,48203787152,2016904500,14110336969,0,0,639431334,5845,5845,0,9123777585,9123777585,0,0,9108942548,638964125,15.44,84.04
842,2026-05-05 18:57:17,7,q14b,0,30,770,20371,31532,290819,267766,1680,1773,1,5089,0,19509,2441791,0,0,28953463416,1585185222,10168695659,0,0,135576682,3990,3990,0,524109934,524109934,0,0,524109934,135576682,14.28,20.37
843,2026-05-05 18:57:38,7,q14,0,29,764,17558,27159,251805,241145,1781,1839,0,5534,0,11401,2336826,0,0,28721040136,1585185222,10168695659,0,0,134713570,3744,3744,0,432179432,432179432,0,0,432179432,134713570,14.34,17.56
844,2026-05-05 18:57:57,7,q15,0,5,108,3058,2833,40621,38040,94,125,0,352,0,45,19126718,0,0,13190560760,147014124,534363876,0,0,2305,3,3,0,69877,69877,0,0,69877,2305,13.28,3.06
845,2026-05-05 18:58:01,7,q16,0,8,295,30776,118536,479778,161736,259,372,4,1488,0,291072,1278852,0,0,41785807200,303406100,2094797272,0,0,301125284,17100,17100,0,4308531096,4308531096,0,0,4308531096,301125284,15.59,30.78
846,2026-05-05 18:58:33,7,q17,0,14,249,5067,8668,69777,62244,632,632,1,844,0,5861,13952362,0,0,6358661496,461086525,3394625328,0,0,28190115,2517,2517,0,601012828,601012828,0,0,601012828,28190115,13.77,5.07
847,2026-05-05 18:58:39,7,q18,0,10,167,3251,4221,47675,40460,152,174,0,477,0,3232,9765521,0,0,8709817336,151059724,2835246513,0,0,11669020,1836,1836,0,365378572,365378572,0,0,365378572,11669020,14.66,3.25
848,2026-05-05 18:58:43,7,q18a,0,18,271,6410,17105,97381,83605,352,402,2,1006,0,5943,9765521,0,0,31535543288,154263724,2854290595,0,0,56294457,7974,7974,0,1677849899,1677849899,0,0,368910883,11778229,15.19,6.41
849,2026-05-05 18:58:51,7,q19,0,8,140,2722,2723,36251,31515,186,204,0,581,0,3141,19126847,0,0,23184447472,291230790,2730449864,0,0,103989,606,606,0,6979336,6979336,0,0,6979336,103989,13.32,2.72
850,2026-05-05 18:58:55,7,q20,0,6,94,982,922,8642,7241,95,125,0,208,0,30,6554102,0,0,2069718224,144218124,1189646424,0,0,61386,15,15,0,7314659,7314659,0,0,7314659,61386,8.8,0.98
851,2026-05-05 18:58:57,7,q21,0,5,28,2257,2232,29005,18680,22,30,0,263,0,12,136013,0,0,217853776,399554015,2120318627,0,0,95955,1,1,0,1951830,1951830,0,0,1951830,95955,12.85,2.26
852,2026-05-05 18:59:00,7,q22,0,6,45,182885,182805,585489,580936,69,65,0,802,0,158,9285378,0,0,2306272944,399554015,2117762741,0,0,2038885,102,102,0,87766507,87766507,0,0,87766507,2038885,3.2,182.88
853,2026-05-05 19:02:04,7,q22a,0,10,112,7274,8033,44056,39258,145,173,0,228,0,2729,9285378,0,0,11487341208,399554015,2118587234,0,0,2855440,508,508,0,144373282,144373282,0,0,40505050,816780,6.06,7.27
854,2026-05-05 19:02:12,7,q23a,0,19,620,41698,70460,651853,632356,1119,1308,2,5344,0,24292,13214689,0,0,89218044872,1082298901,5728291502,0,0,236739789,17956,17956,0,6673942561,6673942561,0,0,6295401013,209328167,15.63,41.7
855,2026-05-05 19:02:55,7,q23b,0,22,654,43674,75541,679130,660729,1287,1385,1,5049,0,24370,13214517,0,0,102160617664,1084298901,5751513089,0,0,286041380,23604,23604,0,7485676443,7485676443,0,0,6351486034,211405670,15.55,43.67
856,2026-05-05 19:03:40,7,q24,0,14,197,3668,8567,53023,44240,568,563,0,656,0,5077,13036729,0,0,7305478504,320216803,3045986981,0,0,31568283,2073,2073,0,398409965,398409965,0,0,398409965,31568283,14.46,3.67
857,2026-05-05 19:03:45,7,q24a,0,21,348,9325,13443,125069,114726,964,980,0,912,0,9986,7978931,0,0,21018360104,608427191,5839519513,0,0,100579193,4983,4983,0,1806953452,1806953452,0,0,1449021628,69847454,13.41,9.32
858,2026-05-05 19:03:55,7,q24b,0,22,348,9032,15715,118265,108834,958,948,0,1648,0,10284,7978931,0,0,18322225928,608427191,5839519513,0,0,99830491,3060,3060,0,1783171383,1783171383,0,0,1425239559,69098752,13.09,9.03
859,2026-05-05 19:04:05,7,q25,0,14,249,4406,8045,63673,55947,587,644,2,912,0,4897,13952362,0,0,6009723240,461086525,4788285393,0,0,20197026,2496,2496,0,408759219,408759219,0,0,408759219,20197026,14.45,4.41
860,2026-05-05 19:04:11,7,q26,0,7,110,2035,2040,29273,23038,133,165,0,315,0,393,1573386,0,0,3737818640,146139924,2185675704,0,0,361199,198,198,0,11486221,11486221,0,0,11486221,361199,14.38,2.04
861,2026-05-05 19:04:14,7,q27,0,7,127,3236,3234,47374,41283,186,221,0,624,0,2585,1573386,0,0,9561988704,290151590,3914200165,0,0,176608,808,808,0,8253960,8253960,0,0,8253960,176608,14.64,3.24
862,2026-05-05 19:04:18,7,q27a,0,11,336,7662,15244,117575,105638,431,527,9,1690,0,4601,1573343,0,0,6866942048,866368768,11723780549,0,0,180086,910,910,0,9374294,9374294,0,0,9374294,180086,15.35,7.66
863,2026-05-05 19:04:27,7,q28,0,18,685,9517,56229,149465,132957,716,959,5,1335,0,17607,301758,0,0,40845952816,1728038328,13841297244,0,0,4703800,7373,7373,0,76893877,76893877,0,0,76893877,4703800,15.71,9.52
864,2026-05-05 19:04:37,7,q29,0,17,258,10204,15270,138437,134082,587,665,1,800,0,7611,13952362,0,0,12510713656,461126525,3395404852,0,0,93232843,3583,3583,0,1605292282,1605292282,0,0,1605292282,93232843,13.57,10.2
865,2026-05-05 19:04:49,7,q30,0,13,142,1707,3003,22161,18944,133,160,1,0,0,2232,8012019,0,0,9356907168,18418778,292872866,0,0,6150626,386,386,0,281188943,281188943,0,0,281188943,6150626,12.98,1.71
866,2026-05-05 19:04:51,7,q31,0,18,461,6364,32645,94898,83325,574,575,1,528,0,13736,15423104,0,0,42871514776,1081084003,5476782264,0,0,871389,2165,2165,0,28620286,28620286,0,0,23129989,703934,14.91,6.36
867,2026-05-05 19:04:59,7,q32,0,7,173,1309,2433,18616,15274,136,202,0,210,0,618,1342856,0,0,610555800,288212248,2348854281,0,0,350080,90,90,0,4605586,4605586,0,0,4605586,350080,14.22,1.31
868,2026-05-05 19:05:01,7,q33,0,9,248,3187,7230,46942,39884,286,381,0,560,0,4472,1868056,0,0,8627755800,505430125,4647188125,0,0,140265,246,246,0,3533195,3533195,0,0,3533195,140265,14.73,3.19
869,2026-05-05 19:05:06,7,q34,0,9,151,1960,2251,26557,25430,142,189,0,0,0,2001,561691,0,0,519365960,290033990,757634879,0,0,4031113,130,130,0,135779937,135779937,0,0,68692258,2031113,13.55,1.96
870,2026-05-05 19:05:09,7,q35,0,10,293,3778,7051,52686,47299,115,226,0,416,0,4825,24091841,0,0,15327862352,508942925,679190875,0,0,57691365,3026,3026,0,112816037,112816037,0,0,112816037,57691365,13.95,3.78
871,2026-05-05 19:05:13,7,q35a,0,9,293,3350,4753,46511,42037,83,226,0,288,0,4863,24091841,0,0,14472224744,508942925,679190875,0,0,57706997,3026,3026,0,112793402,112793402,0,0,112793402,57706997,13.88,3.35
872,2026-05-05 19:05:18,7,q36,0,6,110,2292,2225,31756,27366,152,185,4,812,0,1809,3736575,0,0,8943656688,288230790,3610981308,0,0,16094,101,101,0,1304708,1304708,0,0,1304708,16094,13.86,2.29
873,2026-05-05 19:05:21,7,q36a,0,9,115,2289,2237,30468,26837,166,173,1,523,0,1821,3736446,0,0,9482624560,288230790,3610981308,0,0,44513,306,306,0,3722869,3722869,0,0,1257107,15087,13.31,2.29
874,2026-05-05 19:05:24,7,q37,0,6,125,4734,7788,55838,42284,26,96,0,288,0,2849,179010,0,0,4879633376,543548124,2721626609,0,0,51928707,1372,1372,0,655185226,655185226,0,0,655185226,143994433,11.8,4.73
875,2026-05-05 19:05:30,7,q38,0,13,358,8297,21709,127400,117441,157,306,2,1104,0,8161,405169,0,0,23376023992,506022125,657465672,0,0,120819579,4930,4930,0,740190567,740190567,0,0,635050557,116819579,15.35,8.3
876,2026-05-05 19:05:40,7,q39a,0,11,102,4723,8688,52121,45857,183,178,0,612,0,1129,2476383,0,0,5156915760,798904015,4234827208,0,0,4703618,85,85,0,112366429,112366429,0,0,75919735,3173618,11.04,4.72
877,2026-05-05 19:05:45,7,q39b,0,11,101,4091,7722,45241,42806,158,190,0,480,0,624,1045653,0,0,4773464624,798904015,4234827208,0,0,4594459,85,85,0,109301092,109301092,0,0,72854398,3064459,11.06,4.09
878,2026-05-05 19:05:51,7,q40,0,8,164,8445,22889,122121,113914,132,184,0,529,0,14255,514438,0,0,24442330840,158615961,1293469186,0,0,157478827,4755,4755,0,3042545985,3042545985,0,0,3042545985,157478827,14.46,8.44
879,2026-05-05 19:06:00,7,q41,0,4,12,182,154,224,151,7,12,0,0,0,11,31157,0,0,540036928,408000,3191493,0,0,292,2,2,0,19225,19225,0,0,19225,292,1.23,0.18
880,2026-05-05 19:06:01,7,q42,0,4,108,1253,1231,18349,15921,125,152,1,165,0,395,477496,0,0,4278343952,288230388,2404635449,0,0,1059,100,100,0,88397,88397,0,0,88397,1059,14.64,1.25
881,2026-05-05 19:06:04,7,q43,0,4,104,1992,1967,28921,27133,111,142,0,120,0,1023,477324,0,0,306279616,288026790,750933658,0,0,11900,100,100,0,1353429,1353429,0,0,1353429,11900,14.52,1.99
882,2026-05-05 19:06:07,7,q44,0,8,242,2300,2444,33760,28484,244,299,1,496,0,4386,3452907,0,0,11325128360,576216776,3836534913,0,0,2616272,3332,3332,0,35014545,35014545,0,0,17513938,1308362,14.68,2.3
883,2026-05-05 19:06:10,7,q45,0,7,77,1455,1421,15848,14129,44,76,0,150,0,107,19126675,0,0,10271954264,75245613,525226538,0,0,182,39,39,0,17021,17021,0,0,17021,182,10.89,1.46
884,2026-05-05 19:06:12,7,q46,0,9,150,3316,3419,45767,43043,181,223,0,592,0,2491,13582955,0,0,9995153552,291033990,2495164429,0,0,2097510,520,520,0,69753817,69753817,0,0,69753817,2097510,13.8,3.32
885,2026-05-05 19:06:17,7,q47,0,11,170,5214,6166,74449,70516,202,259,0,368,2,4802,4637411,0,0,14691945008,288230790,1911338768,0,0,20520741,3847,3847,0,801437415,801437415,0,0,410113619,10492204,14.28,5.21
886,2026-05-05 19:06:23,7,q48,0,6,124,7390,7370,112781,101471,212,212,3,7292,0,44,2213440,0,0,5256677512,290947590,2622356314,0,0,101,101,101,0,5957,5957,0,0,5957,101,15.26,7.39
887,2026-05-05 19:06:32,7,q49,0,20,349,7703,28456,116868,95842,368,493,0,1536,0,10487,2341362,0,0,6799501864,554439913,7744351006,0,0,86104330,303,303,0,1847165774,1847165774,0,0,1847165774,86104330,15.17,7.7
888,2026-05-05 19:06:40,7,q50,0,10,230,21305,71077,288837,147584,272,372,0,688,0,142521,1285788,0,0,40984956952,316921450,2152603072,0,0,265637490,12304,12304,0,5976596674,5976596674,0,0,5976596674,265637490,13.56,21.3
889,2026-05-05 19:07:03,7,q51,0,10,245,15773,24501,226365,182336,272,341,0,1104,0,38034,391925,0,0,29827411512,360028001,2283739496,0,0,173923508,3842,3842,0,2939131747,2939131747,0,0,2939131747,173923508,14.35,15.77
890,2026-05-05 19:07:20,7,q51a,0,14,316,248644,290137,3238285,3186025,492,587,0,21579,0,24326,541680,0,0,73985031544,360028001,2283739496,0,0,313992514,4882,4882,0,5206645271,5206645271,0,0,3938124581,247599251,13.02,248.64
891,2026-05-05 19:11:29,7,q52,0,5,111,1487,1468,21152,15621,128,163,0,208,0,2875,477539,0,0,4413085920,288230388,2404949352,0,0,56873,303,303,0,3229758,3229758,0,0,3229758,56873,14.22,1.49
892,2026-05-05 19:11:32,7,q53,0,6,115,1773,1750,24549,23136,123,163,0,0,0,2462,561605,0,0,869234520,288230790,1912078171,0,0,324087,606,606,0,6834396,6834396,0,0,6834396,324087,13.85,1.77
893,2026-05-05 19:11:35,7,q54,0,17,281,3219,4734,46465,41922,415,516,0,480,0,3337,19126718,0,0,14788138776,507412625,2671897249,0,0,8236026,1806,1806,0,80270347,80270347,0,0,80270347,8236026,14.43,3.22
894,2026-05-05 19:11:39,7,q55,0,5,110,1336,1318,19092,17097,116,157,0,256,0,2618,477367,0,0,7097177376,288230388,2404949352,0,0,43008,202,202,0,2504732,2504732,0,0,2504732,43008,14.29,1.34
895,2026-05-05 19:11:41,7,q56,0,9,247,3255,7706,47407,38997,273,369,0,304,0,5327,1868056,0,0,7083399056,505430125,4648247852,0,0,78464,145,145,0,2864341,2864341,0,0,2864341,78464,14.56,3.26
896,2026-05-05 19:11:46,7,q57,0,11,157,2363,3074,30784,26196,203,245,0,0,0,2573,4637411,0,0,9789608072,144218154,924697236,0,0,1882447,1298,1298,0,76772188,76772188,0,0,52999171,1287630,13.03,2.36
897,2026-05-05 19:11:49,7,q58,0,10,249,2763,6494,40482,36669,320,395,1,256,8,4268,1573386,0,0,19770339632,504372223,4192225259,0,0,2376775,2398,2398,0,36037027,36037027,0,0,36037027,2376775,14.65,2.76
898,2026-05-05 19:11:53,7,q59,0,16,248,4875,8862,64301,59551,328,420,0,336,0,6836,700345,0,0,16118379352,576239678,1503139602,0,0,2188602,3436,3436,0,73070440,73070440,0,0,73070440,2188602,13.19,4.88
899,2026-05-05 19:11:59,7,q60,0,9,253,3683,7840,54622,51633,294,385,1,336,0,3077,1868056,0,0,14010721592,505430125,4648171970,0,0,553663,691,691,0,10646349,10646349,0,0,10646349,553663,14.83,3.68
900,2026-05-05 19:12:04,7,q61,0,10,237,4114,6172,58558,54425,44,176,20,528,0,45,19126675,0,0,22747629656,579238178,5817923330,0,0,202,202,202,0,11913,11913,0,0,11913,202,14.23,4.11
901,2026-05-05 19:12:09,7,q62,0,6,45,1186,1170,16611,14812,43,56,0,0,0,833,256077,0,0,245764904,72021672,259479684,0,0,14400,40,40,0,1319317,1319317,0,0,1319317,14400,14.01,1.19
902,2026-05-05 19:12:11,7,q63,0,6,112,1796,1774,24622,23081,125,165,0,0,0,2572,561605,0,0,801273712,288230790,1911998199,0,0,119054,303,303,0,3234733,3234733,0,0,3234733,119054,13.71,1.8
903,2026-05-05 19:12:14,7,q64,0,39,532,25946,89664,392548,342569,1284,1381,4,27504,0,15480,40030405,0,0,41657040264,768696804,11326187657,0,0,232434788,5325,5325,0,3517064144,3517064144,0,0,3039790703,195467289,15.13,25.95
904,2026-05-05 19:12:41,7,q65,0,10,279,11450,21900,170457,160611,319,403,4,1128,0,13046,18416256,0,0,23921344000,576237178,3819404838,0,0,123893292,3485,3485,0,3689308652,3689308652,0,0,3689308652,123893292,14.89,11.45
905,2026-05-05 19:12:54,7,q66,0,8,128,3053,4103,41690,32050,237,274,0,443,0,260,511075,0,0,4729544928,216055772,2092235178,0,0,885,59,59,0,423776,423776,0,0,423776,885,13.66,3.05
906,2026-05-05 19:12:58,7,q67,0,7,317,85750,85660,1321313,743740,384,518,0,10368,0,582155,9285378,0,0,74773448160,288230790,2173204266,0,0,144335292,21608,21608,0,10982551594,10982551594,0,0,10982551594,144335292,15.41,85.75
907,2026-05-05 19:14:25,7,q67a,0,15,798,105773,402752,1631814,1060458,1743,1926,0,10610,0,571248,9285378,0,0,222134308344,288230790,2173204266,0,0,549286568,66468,66468,0,42293681887,42293681887,0,0,8661555895,122567976,15.43,105.77
908,2026-05-05 19:16:12,7,q68,0,9,146,4639,4712,65769,43575,161,203,0,672,0,2461,13582955,0,0,9177842832,291033990,3861504495,0,0,2022735,120,120,0,65905489,65905489,0,0,65905489,2022735,14.18,4.64
909,2026-05-05 19:16:17,7,q69,0,9,276,2424,5437,35918,27100,48,168,2,448,0,5813,28817486,0,0,10691049848,508942925,679878263,0,0,16091419,2618,2618,0,47356480,47356480,0,0,47356480,16091419,14.82,2.42
910,2026-05-05 19:16:21,7,q70,0,9,209,4443,4383,65332,49476,203,289,0,400,0,5187,1074954,0,0,7524903464,576033580,2669415153,0,0,3221,202,202,0,236975,236975,0,0,236975,3221,14.7,4.44
911,2026-05-05 19:16:26,7,q70a,0,12,214,3349,3250,47556,41217,265,343,0,544,0,4970,1069986,0,0,1285876880,576033580,2669415153,0,0,4050,407,407,0,343348,343348,0,0,165400,2250,14.2,3.35
912,2026-05-05 19:16:31,7,q71,0,7,243,2904,2835,41423,36109,352,427,14,336,0,3727,2527710,0,0,4775910576,504266125,4474521744,0,0,276608,1740,1740,0,14440429,14440429,0,0,8279065,169054,14.26,2.9
913,2026-05-05 19:16:35,7,q72,0,15,377,188450,240433,2933103,2282306,528,634,2,3568,0,619966,13214603,0,0,82523784096,560021059,3804794918,0,0,537663712,23876,23876,0,9674287230,9674287230,0,0,9674287230,537663712,15.56,188.45
914,2026-05-05 19:19:44,7,q73,0,9,151,2005,2304,27734,23925,166,177,0,208,0,2115,562336,0,0,515092048,290033990,757634879,0,0,4016581,130,130,0,135101187,135101187,0,0,68013508,2016581,13.83,2.0
915,2026-05-05 19:19:47,7,q74,0,20,417,15132,48280,233914,207659,930,899,2,7195,0,14284,589169,0,0,43804974688,650094389,3343645304,0,0,269945080,7771,7771,0,2942454364,2942454364,0,0,2069316717,191970515,15.46,15.13
916,2026-05-05 19:20:04,7,q75,0,20,603,13062,46411,200611,179200,355,636,10,6259,0,15745,430373,0,0,24656981872,1058647072,10751226168,0,0,140054991,4858,4858,0,3124293933,3124293933,0,0,2106315257,89656169,15.36,13.06
917,2026-05-05 19:20:18,7,q76,0,5,231,3339,3262,49009,37648,416,411,1,1376,0,4715,1845962,0,0,18242328224,503804997,4526049463,0,0,29370,442,442,0,2390946,2390946,0,0,2390946,29370,14.68,3.34
918,2026-05-05 19:20:22,7,q77,0,14,292,3635,17077,53222,41210,311,382,10,716,0,4139,478356,0,0,1298283888,554423389,4881145005,0,0,79783,195,195,0,2926518,2926518,0,0,2926518,79783,14.64,3.64
919,2026-05-05 19:20:27,7,q77a,0,17,297,3457,15329,47792,40106,342,405,0,553,0,4436,478141,0,0,1904360592,554423389,4881145005,0,0,80032,207,207,0,3092955,3092955,0,0,2922341,77558,13.82,3.46
920,2026-05-05 19:20:31,7,q78,0,14,500,72211,235706,1127294,390653,700,855,0,4032,0,747212,1068208,0,0,94462501856,554440947,5765414518,0,0,406636630,22041,22041,0,11364756495,11364756495,0,0,11364756495,406636630,15.61,72.21
921,2026-05-05 19:21:45,7,q79,0,8,154,3549,3739,52637,46542,203,248,1,623,0,3724,563067,0,0,10624236264,290033990,2481714898,0,0,3605125,2176,2176,0,110377148,110377148,0,0,110377148,3605125,14.83,3.55
922,2026-05-05 19:21:49,7,q80,0,23,465,42261,144181,664355,376245,1108,1168,0,3056,0,295726,1112188,0,0,54884401176,554871773,8300634181,0,0,265494091,13409,13409,0,7544361604,7544361604,0,0,7544361604,265494091,15.72,42.26
923,2026-05-05 19:22:33,7,q80a,0,26,470,40285,134902,624700,360926,1288,1188,0,3584,0,272123,1112876,0,0,55356260208,554871773,8300634181,0,0,265493763,13424,13424,0,7544531034,7544531034,0,0,7544309334,265491833,15.51,40.28
924,2026-05-05 19:23:14,7,q81,0,13,163,2462,3988,28476,22054,192,212,0,416,0,2973,8012019,0,0,13574738872,32815644,433534164,0,0,11352561,1105,1105,0,248757358,248757358,0,0,248757358,11352561,11.57,2.46
925,2026-05-05 19:23:18,7,q82,0,8,135,2401,3389,29585,26501,232,286,0,448,0,542,228069,0,0,178877936,687764388,3302317099,0,0,40832,108,108,0,226994,226994,0,0,226994,40832,12.32,2.4
926,2026-05-05 19:23:21,7,q83,0,10,73,1325,3096,16319,13854,68,80,0,160,0,873,1573386,0,0,3952556144,50821969,324883188,0,0,402103,73,73,0,5531326,5531326,0,0,5531326,402103,12.32,1.32
927,2026-05-05 19:23:24,7,q84,0,9,76,1326,2037,11897,10812,37,52,0,0,0,635,9765521,0,0,1313097696,33729631,166106540,0,0,27798849,47,47,0,145652083,145652083,0,0,145652083,27798849,8.97,1.33
928,2026-05-05 19:23:26,7,q85,0,10,111,3569,17484,48223,44885,74,113,3,1232,0,1813,17038024,0,0,9166144312,84064697,1165766415,0,0,9151985,867,867,0,340232586,340232586,0,0,340232586,9151985,13.51,3.57
929,2026-05-05 19:23:31,7,q86,0,5,48,879,817,10751,9328,39,53,0,128,0,1215,3736575,0,0,3607813520,72225613,602207297,0,0,7501,41,41,0,521172,521172,0,0,521172,7501,12.23,0.88
930,2026-05-05 19:23:33,7,q86a,0,8,53,989,922,11511,10660,52,63,0,0,0,781,3736489,0,0,4146781072,72225613,602207297,0,0,20456,126,126,0,1499876,1499876,0,0,514828,7068,11.64,0.99
931,2026-05-05 19:23:35,7,q87,0,13,358,8555,22101,131485,118983,158,305,0,928,0,8606,405169,0,0,23376023992,506022125,657465672,0,0,120819579,4930,4930,0,740190567,740190567,0,0,635050557,116819579,15.37,8.56
932,2026-05-05 19:23:44,7,q88,0,26,826,7595,52792,118122,113392,23,438,0,495,0,119,239134,0,0,2602458112,2304258706,2780568679,0,0,808,808,808,0,47645,47645,0,0,47645,808,15.55,7.6
933,2026-05-05 19:23:53,7,q89,0,6,125,2289,2255,33211,27597,173,178,0,512,0,3749,563626,0,0,8359864800,288230790,1911673852,0,0,461388,1616,1616,0,22068092,22068092,0,0,22068092,461388,14.51,2.29
934,2026-05-05 19:23:56,7,q90,0,8,86,783,1152,11222,10693,2,41,0,0,0,10,94486,0,0,259051520,144052466,314507563,0,0,80,80,80,0,4720,4720,0,0,4720,80,14.33,0.78
935,2026-05-05 19:23:58,7,q91,0,11,78,797,1989,9314,7271,43,63,0,320,0,843,918951,0,0,2985287144,19345852,181632803,0,0,2083224,239,239,0,44262536,44262536,0,0,44240552,2083083,11.69,0.8
936,2026-05-05 19:24:00,7,q92,0,7,104,1284,2070,18811,14735,75,105,0,320,0,2425,775307,0,0,3957955072,144227226,1205645911,0,0,1672198,696,696,0,21434447,21434447,0,0,21434447,1672198,14.65,1.28
937,2026-05-05 19:24:02,7,q93,0,8,336,41099,83567,614320,352655,382,527,0,1824,0,273057,2224376,0,0,68145363512,316808109,2644388186,0,0,288995290,26212,26212,0,7313586156,7313586156,0,0,7313586156,288995290,14.95,41.1
938,2026-05-05 19:24:44,7,q94,0,8,153,6877,19149,102937,90178,117,167,0,964,0,10159,511988,0,0,16630437440,152222639,968415096,0,0,151171114,3640,3640,0,2240321543,2240321543,0,0,2240321543,151171114,14.97,6.88
939,2026-05-05 19:24:52,7,q95,0,8,180,22858,32599,340854,308101,353,348,0,5194,3,7398,944164,0,0,49888658408,152222639,939946633,0,0,367104120,14137,14137,0,3290949327,3290949327,0,0,1995058746,151153176,14.91,22.86
940,2026-05-05 19:25:16,7,q96,0,5,105,1074,1061,15620,15405,0,53,0,0,0,15,238317,0,0,322799232,288033990,347660689,0,0,101,101,101,0,5955,5955,0,0,5955,101,14.54,1.07
941,2026-05-05 19:25:18,7,q97,0,5,201,11387,14105,149286,142689,182,262,0,656,0,4577,393301,0,0,25013521472,432020512,2301754268,0,0,83873546,2006,2006,0,961239745,961239745,0,0,961239745,83873546,13.11,11.39
942,2026-05-05 19:25:31,7,q98,0,7,133,1931,1822,23960,20431,158,192,9,464,0,2993,6774497,0,0,10455054600,288230388,2422838107,0,0,782637,1811,1811,0,107196409,107196409,0,0,103201691,752094,12.41,1.93
943,2026-05-05 19:25:34,7,q99,0,7,88,1901,1884,24251,22709,96,123,0,448,0,372,512967,0,0,1636843824,144014189,374432850,0,0,32599,50,50,0,2191785,2191785,0,0,2191785,32599,12.76,1.9
944,2026-05-05 19:25:37,8,q1,0,12,126,1879,3179,26292,23337,132,138,0,288,0,3182,892432,0,0,7376429816,59623624,610061018,0,0,18384283,751,751,0,277540917,277540917,0,0,277540917,18384283,13.99,1.88
945,2026-05-05 19:25:40,8,q2,0,9,129,2656,2588,37032,34474,136,183,0,688,0,1288,755509,0,0,884539504,216108786,908409234,0,0,35347,362,362,0,2673870,2673870,0,0,901000,13701,13.94,2.66
946,2026-05-05 19:25:43,8,q3,0,5,110,1503,1485,21731,18224,157,148,0,450,0,2965,478098,0,0,401162192,288283437,2405169324,0,0,43002,202,202,0,2702444,2702444,0,0,2702444,43002,14.46,1.5
947,2026-05-05 19:25:46,8,q4,0,25,707,66059,326878,1047669,620386,1632,1670,3,8880,0,417086,765025,0,0,115346137600,794088513,12061661723,0,0,566100624,25854,25854,0,14421654048,14421654048,0,0,8530726381,341212705,15.86,66.06
948,2026-05-05 19:26:53,8,q5,0,11,349,12716,22963,171941,162260,465,590,1,1248,0,7461,641737,0,0,8871091184,626443386,5412241102,0,0,78889487,1136,1136,0,1105462275,1105462275,0,0,1105462275,78889487,13.52,12.72
949,2026-05-05 19:27:07,8,q5a,0,14,354,13098,24214,177018,159303,449,596,0,1641,0,14782,641823,0,0,9342950216,626443386,5412241102,0,0,78892792,1146,1146,0,1105699951,1105699951,0,0,1105491147,78889358,13.51,13.1
950,2026-05-05 19:27:21,8,q6,0,13,160,2156,5172,31373,23782,325,324,0,640,0,6512,8479826,0,0,5288963336,291580486,1529874260,0,0,5131498,1890,1890,0,46226184,46226184,0,0,46226184,5131498,14.55,2.16
951,2026-05-05 19:27:24,8,q7,0,7,136,3522,3549,52588,45498,231,236,0,816,0,2436,1573386,0,0,10166726520,290152188,4203485784,0,0,741415,1717,1717,0,25861088,25861088,0,0,25861088,741415,14.93,3.52
952,2026-05-05 19:27:29,8,q8,0,10,142,2189,2034,27904,26516,178,226,0,240,0,622,9492937,0,0,9020943192,292026790,1348989214,0,0,50784,121,121,0,762861,762861,0,0,762861,50784,12.75,2.19
953,2026-05-05 19:27:32,8,q9,0,11,511,5003,24580,77786,74676,136,432,0,1312,0,126,219801,0,0,0,1440031995,8990279241,0,0,505,505,505,0,41518,41518,0,0,41518,505,15.55,5.0
954,2026-05-05 19:27:38,8,q10,0,11,286,2643,5742,38259,32701,95,210,0,240,0,4776,29252425,0,0,10164816488,509942925,687079116,0,0,19145607,2490,2490,0,20647402,20647402,0,0,20647402,19145607,14.48,2.64
955,2026-05-05 19:27:42,8,q10a,0,8,276,1963,3217,27364,24556,42,178,2,272,0,4675,29252425,0,0,9484456576,508942925,680674263,0,0,20856568,2635,2635,0,50574179,50574179,0,0,50574179,20856568,13.94,1.96
956,2026-05-05 19:27:45,8,q11,0,20,423,15779,50046,246583,232506,875,938,1,5216,0,14222,589169,0,0,44791176400,650094389,4447346008,0,0,269945080,8173,8173,0,4443307808,4443307808,0,0,2964976244,191970515,15.63,15.78
957,2026-05-05 19:28:02,8,q12,0,6,66,953,892,11518,9803,66,77,0,128,0,1733,6554102,0,0,4753471800,72225613,616731193,0,0,218539,691,691,0,30886877,30886877,0,0,30886877,218539,12.09,0.95
958,2026-05-05 19:28:04,8,q13,0,7,125,3735,3779,56501,51799,90,123,0,1029,0,27,1760007,0,0,5367720952,290954790,4986737863,0,0,101,101,101,0,7978,7978,0,0,7978,101,15.13,3.74
959,2026-05-05 19:28:09,8,q14a,0,40,1224,72012,209432,1105935,455568,2165,2522,1,10539,0,653090,2441791,0,0,48203787152,2016904500,14110336969,0,0,639431334,5845,5845,0,9123777585,9123777585,0,0,9108942548,638964125,15.36,72.01
960,2026-05-05 19:29:23,8,q14b,0,30,770,20115,30773,286638,266980,1593,1731,5,4771,0,12952,2441791,0,0,28953463416,1585185222,10168695659,0,0,135576682,3990,3990,0,524109934,524109934,0,0,524109934,135576682,14.25,20.11
961,2026-05-05 19:29:44,8,q14,0,29,764,17752,27320,255551,238923,1692,1755,19,5430,0,11755,2336869,0,0,28721040136,1585185222,10168695659,0,0,134713570,3744,3744,0,432179432,432179432,0,0,432179432,134713570,14.4,17.75
962,2026-05-05 19:30:03,8,q15,0,5,108,3062,2844,41182,38969,85,123,0,280,0,43,19126675,0,0,13190560760,147014124,534363876,0,0,2305,3,3,0,69877,69877,0,0,69877,2305,13.45,3.06
963,2026-05-05 19:30:07,8,q16,0,8,295,12436,34757,190860,176388,328,429,0,1712,0,15795,1280228,0,0,41785807200,303406100,2094797272,0,0,301125284,17100,17100,0,4308531096,4308531096,0,0,4308531096,301125284,15.35,12.44
964,2026-05-05 19:30:20,8,q17,0,14,249,5057,8937,72215,64657,698,645,1,1280,0,5289,13952362,0,0,6358661496,461086525,3394625328,0,0,28190115,2517,2517,0,601012828,601012828,0,0,601012828,28190115,14.28,5.06
965,2026-05-05 19:30:27,8,q18,0,10,167,3439,3958,48835,39218,167,188,0,1360,0,4537,9765521,0,0,8709817336,151059724,2835246513,0,0,11669020,1836,1836,0,365378572,365378572,0,0,365378572,11669020,14.2,3.44
966,2026-05-05 19:30:31,8,q18a,0,18,271,6216,15849,93695,81981,360,392,0,874,0,6663,9765521,0,0,31535543288,154263724,2854290595,0,0,56294457,7974,7974,0,1677849899,1677849899,0,0,368910883,11778229,15.07,6.22
967,2026-05-05 19:30:38,8,q19,0,8,140,2681,2520,35270,31843,154,205,0,351,0,2445,19126718,0,0,23184447472,291230790,2730449864,0,0,103989,606,606,0,6979336,6979336,0,0,6979336,103989,13.16,2.68
968,2026-05-05 19:30:42,8,q20,0,6,94,1049,990,9606,9263,99,128,0,0,0,30,6554102,0,0,2069718224,144218124,1189646424,0,0,61386,15,15,0,7314659,7314659,0,0,7314659,61386,9.16,1.05
969,2026-05-05 19:30:44,8,q21,0,5,28,2246,2227,29174,18945,24,29,0,336,0,12,136013,0,0,217853776,399554015,2120318627,0,0,95955,1,1,0,1951830,1951830,0,0,1951830,95955,12.99,2.25
970,2026-05-05 19:30:48,8,q22,0,6,45,175892,175810,569087,564896,83,67,0,1009,0,160,9285378,0,0,2306272944,399554015,2117762741,0,0,2038885,102,102,0,87766507,87766507,0,0,87766507,2038885,3.24,175.89
971,2026-05-05 19:33:44,8,q22a,0,10,112,7202,7965,42810,38738,149,173,0,24,0,2584,9285335,0,0,11487341208,399554015,2118587234,0,0,2855440,508,508,0,144373282,144373282,0,0,40505050,816780,5.94,7.2
972,2026-05-05 19:33:53,8,q23a,0,19,620,41744,70354,653186,633423,1140,1286,1,6815,0,22896,13214689,0,0,89218044872,1082298901,5728291502,0,0,236739789,17956,17956,0,6673942561,6673942561,0,0,6295401013,209328167,15.65,41.74
973,2026-05-05 19:34:36,8,q23b,0,22,654,44171,77711,686026,661856,1311,1409,1,6880,0,26237,13214603,0,0,102160617664,1084298901,5751513089,0,0,286041380,23604,23604,0,7485676443,7485676443,0,0,6351486034,211405670,15.53,44.17
974,2026-05-05 19:35:21,8,q24,0,14,197,3693,8459,53388,46325,689,574,0,1072,0,4917,13036729,0,0,7305478504,320216803,3045986981,0,0,31568283,2073,2073,0,398409965,398409965,0,0,398409965,31568283,14.46,3.69
975,2026-05-05 19:35:26,8,q24a,0,21,348,9268,13382,124436,113347,999,971,1,2394,0,11120,7978888,0,0,21018360104,608427191,5839519513,0,0,100579193,4983,4983,0,1806953452,1806953452,0,0,1449021628,69847454,13.43,9.27
976,2026-05-05 19:35:36,8,q24b,0,22,348,9268,15867,120504,111242,927,933,0,1996,0,10442,7978931,0,0,18322225928,608427191,5839519513,0,0,99830491,3060,3060,0,1783171383,1783171383,0,0,1425239559,69098752,13.0,9.27
977,2026-05-05 19:35:46,8,q25,0,14,249,4358,7883,62902,57938,599,659,2,1061,0,4492,13952362,0,0,6009723240,461086525,4788285393,0,0,20197026,2496,2496,0,408759219,408759219,0,0,408759219,20197026,14.43,4.36
978,2026-05-05 19:35:52,8,q26,0,7,110,1678,1720,23736,21461,146,181,0,256,0,471,1573386,0,0,3737818640,146139924,2185675704,0,0,361199,198,198,0,11486221,11486221,0,0,11486221,361199,14.15,1.68
979,2026-05-05 19:35:54,8,q27,0,7,127,3060,3055,44451,39920,184,220,0,800,0,2193,1573343,0,0,9561988704,290151590,3914200165,0,0,176608,808,808,0,8253960,8253960,0,0,8253960,176608,14.53,3.06
980,2026-05-05 19:35:59,8,q27a,0,11,336,7401,14710,113273,105084,416,543,3,1552,0,5271,1573386,0,0,6866942048,866368768,11723780549,0,0,180086,910,910,0,9374294,9374294,0,0,9374294,180086,15.31,7.4
981,2026-05-05 19:36:07,8,q28,0,18,685,9455,55797,148444,135159,727,945,1,1808,0,15520,301973,0,0,40845952816,1728038328,13841297244,0,0,4703800,7373,7373,0,76893877,76893877,0,0,76893877,4703800,15.7,9.46
982,2026-05-05 19:36:18,8,q29,0,17,258,9983,14764,134726,129901,580,666,1,928,0,6960,13952362,0,0,12510713656,461126525,3395404852,0,0,93232843,3583,3583,0,1605292282,1605292282,0,0,1605292282,93232843,13.5,9.98
983,2026-05-05 19:36:29,8,q30,0,13,142,1750,2921,22754,20135,122,154,2,0,0,1845,8012019,0,0,9356907168,18418778,292872866,0,0,6150626,386,386,0,281188943,281188943,0,0,281188943,6150626,13.0,1.75
984,2026-05-05 19:36:31,8,q31,0,18,461,6361,32618,95271,84276,461,597,4,1152,0,12973,15423104,0,0,42871514776,1081084003,5476782264,0,0,871389,2165,2165,0,28620286,28620286,0,0,23129989,703934,14.98,6.36
985,2026-05-05 19:36:39,8,q32,0,7,173,1242,2319,17670,15770,114,183,0,0,0,621,1342813,0,0,610555800,288212248,2348854281,0,0,350080,90,90,0,4605586,4605586,0,0,4605586,350080,14.23,1.24
986,2026-05-05 19:36:41,8,q33,0,9,248,2825,6259,40891,36659,306,378,0,372,0,4312,1868056,0,0,8627755800,505430125,4647188125,0,0,140265,246,246,0,3533195,3533195,0,0,3533195,140265,14.47,2.82
987,2026-05-05 19:36:45,8,q34,0,9,151,2060,2326,28025,26513,149,182,0,240,0,2321,562379,0,0,519365960,290033990,757634879,0,0,4031113,130,130,0,135779937,135779937,0,0,68692258,2031113,13.6,2.06
988,2026-05-05 19:36:48,8,q35,0,10,293,3875,7098,54801,44717,140,227,0,608,0,5249,24091841,0,0,15327862352,508942925,679190875,0,0,57691365,3026,3026,0,112816037,112816037,0,0,112816037,57691365,14.14,3.88
989,2026-05-05 19:36:53,8,q35a,0,9,293,3360,4757,46645,43181,81,227,0,240,0,4666,24091841,0,0,14472224744,508942925,679190875,0,0,57706997,3026,3026,0,112793402,112793402,0,0,112793402,57706997,13.88,3.36
990,2026-05-05 19:36:58,8,q36,0,6,110,2451,2388,35119,28626,181,173,0,960,0,1766,3736575,0,0,8943656688,288230790,3610981308,0,0,16094,101,101,0,1304708,1304708,0,0,1304708,16094,14.33,2.45
991,2026-05-05 19:37:01,8,q36a,0,9,115,2223,2176,29670,27758,160,194,0,464,0,1638,3736489,0,0,9482624560,288230790,3610981308,0,0,44513,306,306,0,3722869,3722869,0,0,1257107,15087,13.35,2.22
992,2026-05-05 19:37:04,8,q37,0,6,125,4326,7460,48216,44948,30,94,0,413,0,3062,179913,0,0,4879633376,543548124,2721626609,0,0,51928707,1372,1372,0,655185226,655185226,0,0,655185226,143994433,11.15,4.33
993,2026-05-05 19:37:10,8,q38,0,13,358,8248,21515,127273,114970,149,309,0,1808,0,8428,404481,0,0,23376023992,506022125,657465672,0,0,120819579,4930,4930,0,740190567,740190567,0,0,635050557,116819579,15.43,8.25
994,2026-05-05 19:37:19,8,q39a,0,11,102,4410,7995,47146,43240,207,180,0,368,0,1092,2476383,0,0,5156915760,798904015,4234827208,0,0,4703618,85,85,0,112366429,112366429,0,0,75919735,3173618,10.69,4.41
995,2026-05-05 19:37:24,8,q39b,0,11,101,4133,7756,45546,41435,154,185,0,640,0,580,1045739,0,0,4773464624,798904015,4234827208,0,0,4594459,85,85,0,109301092,109301092,0,0,72854398,3064459,11.02,4.13
996,2026-05-05 19:37:30,8,q40,0,8,164,7775,20572,112362,107446,83,172,0,992,0,8897,515126,0,0,24442330840,158615961,1293469186,0,0,157478827,4755,4755,0,3042545985,3042545985,0,0,3042545985,157478827,14.45,7.78
997,2026-05-05 19:37:39,8,q41,0,4,12,175,146,219,147,7,11,0,0,0,11,31157,0,0,540036928,408000,3191493,0,0,292,2,2,0,19225,19225,0,0,19225,292,1.25,0.18
998,2026-05-05 19:37:40,8,q42,0,4,108,1153,1133,16505,13299,133,153,0,368,0,431,478227,0,0,4278343952,288230388,2404635449,0,0,1059,100,100,0,88397,88397,0,0,88397,1059,14.31,1.15
999,2026-05-05 19:37:42,8,q43,0,4,104,2459,2433,36737,33809,106,143,0,128,0,1329,477367,0,0,306279616,288026790,750933658,0,0,11900,100,100,0,1353429,1353429,0,0,1353429,11900,14.94,2.46
1000,2026-05-05 19:37:45,8,q44,0,8,242,2428,2569,35751,29331,270,300,2,519,0,5146,3452950,0,0,11325128360,576216776,3836534913,0,0,2616272,3332,3332,0,35014545,35014545,0,0,17513938,1308362,14.72,2.43
1001,2026-05-05 19:37:49,8,q45,0,7,77,1556,1398,16090,15299,41,72,0,0,0,104,19126675,0,0,10271954264,75245613,525226538,0,0,182,39,39,0,17021,17021,0,0,17021,182,10.34,1.56
1002,2026-05-05 19:37:52,8,q46,0,9,150,3517,3569,48897,45162,178,224,0,544,0,2576,13582955,0,0,9995153552,291033990,2495164429,0,0,2097510,520,520,0,69753817,69753817,0,0,69753817,2097510,13.9,3.52
1003,2026-05-05 19:37:56,8,q47,0,11,170,5175,6175,74045,70041,220,269,0,328,0,4396,4637411,0,0,14691945008,288230790,1911338768,0,0,20520741,3847,3847,0,801437415,801437415,0,0,410113619,10492204,14.31,5.18
1004,2026-05-05 19:38:02,8,q48,0,6,124,6652,6671,101184,96736,199,223,0,2610,0,42,2213440,0,0,5256677512,290947590,2622356314,0,0,101,101,101,0,5957,5957,0,0,5957,101,15.21,6.65
1005,2026-05-05 19:38:10,8,q49,0,20,349,7376,26126,110963,103136,487,546,2,1552,0,11232,2341319,0,0,6799501864,554439913,7744351006,0,0,86104330,303,303,0,1847165774,1847165774,0,0,1847165774,86104330,15.04,7.38
1006,2026-05-05 19:38:19,8,q50,0,10,230,19914,66857,279089,150623,357,372,0,585,0,136536,1285788,0,0,40984956952,316921450,2152603072,0,0,265637490,12304,12304,0,5976596674,5976596674,0,0,5976596674,265637490,14.01,19.91
1007,2026-05-05 19:38:39,8,q51,0,10,245,14367,22054,203967,192897,284,355,4,1728,0,11527,392699,0,0,29827411512,360028001,2283739496,0,0,173923508,3842,3842,0,2939131747,2939131747,0,0,2939131747,173923508,14.2,14.37
1008,2026-05-05 19:38:55,8,q51a,0,14,316,250233,290434,3246226,3191947,531,617,0,25588,0,16325,541680,0,0,73985031544,360028001,2283739496,0,0,313992514,4882,4882,0,5206645271,5206645271,0,0,3938124581,247599251,12.97,250.23
1009,2026-05-05 19:43:06,8,q52,0,5,111,1477,1455,21152,15307,127,160,0,624,0,4058,479603,0,0,4413085920,288230388,2404949352,0,0,56873,303,303,0,3229758,3229758,0,0,3229758,56873,14.32,1.48
1010,2026-05-05 19:43:09,8,q53,0,6,115,2238,2212,31451,24139,153,165,0,887,0,3814,565045,0,0,869234520,288230790,1912078171,0,0,324087,606,606,0,6834396,6834396,0,0,6834396,324087,14.05,2.24
1011,2026-05-05 19:43:12,8,q54,0,17,281,3472,4899,50042,41911,471,525,0,2592,0,4119,19126675,0,0,14788138776,507412625,2671897249,0,0,8236026,1806,1806,0,80270347,80270347,0,0,80270347,8236026,14.41,3.47
1012,2026-05-05 19:43:17,8,q55,0,5,110,1406,1386,19916,15380,181,162,0,535,0,4163,478743,0,0,7097177376,288230388,2404949352,0,0,43008,202,202,0,2504732,2504732,0,0,2504732,43008,14.17,1.41
1013,2026-05-05 19:43:19,8,q56,0,9,247,2708,5945,38270,31431,328,394,0,832,0,4823,1868056,0,0,7083399056,505430125,4648247852,0,0,78464,145,145,0,2864341,2864341,0,0,2864341,78464,14.13,2.71
1014,2026-05-05 19:43:23,8,q57,0,11,157,2649,3475,35303,29360,213,247,13,731,0,2317,4637411,0,0,9789608072,144218154,924697236,0,0,1882447,1298,1298,0,76772188,76772188,0,0,52999171,1287630,13.33,2.65
1015,2026-05-05 19:43:27,8,q58,0,10,249,3319,7934,48535,38713,374,380,0,1086,0,5553,1573386,0,0,19770339632,504372223,4192225259,0,0,2376775,2398,2398,0,36037027,36037027,0,0,36037027,2376775,14.62,3.32
1016,2026-05-05 19:43:31,8,q59,0,16,248,5083,9271,67470,55345,384,445,2,1417,0,7745,703441,0,0,16118379352,576239678,1503139602,0,0,2188602,3436,3436,0,73070440,73070440,0,0,73070440,2188602,13.27,5.08
1017,2026-05-05 19:43:37,8,q60,0,9,253,3761,7950,55644,42620,348,387,1,1912,0,5226,1868056,0,0,14010721592,505430125,4648171970,0,0,553663,691,691,0,10646349,10646349,0,0,10646349,553663,14.8,3.76
1018,2026-05-05 19:43:42,8,q61,0,10,237,4536,6849,64029,51425,45,176,0,1792,0,74,19126675,0,0,22747629656,579238178,5817923330,0,0,202,202,202,0,11913,11913,0,0,11913,202,14.12,4.54
1019,2026-05-05 19:43:48,8,q62,0,6,45,1245,1230,17662,15952,42,59,0,176,0,562,256808,0,0,245764904,72021672,259479684,0,0,14400,40,40,0,1319317,1319317,0,0,1319317,14400,14.19,1.25
1020,2026-05-05 19:43:50,8,q63,0,6,112,2035,2009,28615,22238,128,165,0,768,0,3755,565131,0,0,801273712,288230790,1911998199,0,0,119054,303,303,0,3234733,3234733,0,0,3234733,119054,14.06,2.04
1021,2026-05-05 19:43:53,8,q64,0,39,532,26070,93247,394103,346935,1679,1410,0,9651,0,16017,40030835,0,0,41657040264,768696804,11326187657,0,0,232434788,5325,5325,0,3517064144,3517064144,0,0,3039790703,195467289,15.12,26.07
1022,2026-05-05 19:44:20,8,q65,0,10,279,11964,22651,179023,156739,359,428,5,2798,0,14508,18416256,0,0,23921344000,576237178,3819404838,0,0,123893292,3485,3485,0,3689308652,3689308652,0,0,3689308652,123893292,14.96,11.96
1023,2026-05-05 19:44:33,8,q66,0,8,128,3148,4081,42779,32811,319,299,0,1072,0,296,512365,0,0,4729544928,216055772,2092235178,0,0,885,59,59,0,423776,423776,0,0,423776,885,13.59,3.15
1024,2026-05-05 19:44:38,8,q67,0,7,317,67251,67161,941634,773823,439,541,64,14184,0,155383,9285378,0,0,74773448160,288230790,2173204266,0,0,144335292,21608,21608,0,10982551594,10982551594,0,0,10982551594,144335292,14.0,67.25
1025,2026-05-05 19:45:46,8,q67a,0,15,798,95671,399275,1503636,1058059,1796,1924,1,10292,0,443333,9285335,0,0,222134308344,288230790,2173204266,0,0,549286568,66468,66468,0,42293681887,42293681887,0,0,8661555895,122567976,15.72,95.67
1026,2026-05-05 19:47:23,8,q68,0,9,146,3779,3845,52243,42033,189,222,0,743,0,1736,13582955,0,0,9177842832,291033990,3861504495,0,0,2022735,120,120,0,65905489,65905489,0,0,65905489,2022735,13.82,3.78
1027,2026-05-05 19:47:28,8,q69,0,9,276,3075,7725,45406,30180,49,177,3,336,0,14693,28817744,0,0,10691049848,508942925,679878263,0,0,16091419,2618,2618,0,47356480,47356480,0,0,47356480,16091419,14.77,3.08
1028,2026-05-05 19:47:32,8,q70,0,9,209,3949,3881,57869,48945,245,316,0,583,0,3490,1075642,0,0,7524903464,576033580,2669415153,0,0,3221,202,202,0,236975,236975,0,0,236975,3221,14.65,3.95
1029,2026-05-05 19:47:37,8,q70a,0,12,214,3712,3608,53335,41665,288,363,0,784,0,6879,1069986,0,0,1285876880,576033580,2669415153,0,0,4050,407,407,0,343348,343348,0,0,165400,2250,14.37,3.71
1030,2026-05-05 19:47:42,8,q71,0,7,243,3117,3056,44705,33160,403,423,12,912,0,5898,2527710,0,0,4775910576,504266125,4474521744,0,0,276608,1740,1740,0,14440809,14440809,0,0,8279445,169054,14.34,3.12
1031,2026-05-05 19:47:46,8,q72,0,15,377,179735,223244,2807997,2345191,543,649,2,5936,0,437510,13214646,0,0,82523784096,560021059,3804794918,0,0,537663712,23876,23876,0,9674287230,9674287230,0,0,9674287230,537663712,15.62,179.74
1032,2026-05-05 19:50:47,8,q73,0,9,151,1825,2061,25388,23895,119,173,0,288,0,1702,562723,0,0,515092048,290033990,757634879,0,0,4016581,130,130,0,135101187,135101187,0,0,68013508,2016581,13.91,1.82
1033,2026-05-05 19:50:49,8,q74,0,20,417,14696,47682,230591,201230,860,895,1,5297,0,15036,589169,0,0,43804974688,650094389,3343645304,0,0,269945080,7771,7771,0,2942454364,2942454364,0,0,2069316717,191970515,15.69,14.7
1034,2026-05-05 19:51:05,8,q75,0,20,603,13794,50985,211708,173146,392,646,28,5943,3,21347,430330,0,0,24656981872,1058647072,10751226168,0,0,140054991,4858,4858,0,3124293933,3124293933,0,0,2106315257,89656169,15.35,13.79
1035,2026-05-05 19:51:20,8,q76,0,5,231,3565,3484,52562,40290,375,396,21,1350,0,4595,1845962,0,0,18242328224,503804997,4526049463,0,0,29370,442,442,0,2390946,2390946,0,0,2390946,29370,14.74,3.56
1036,2026-05-05 19:51:25,8,q77,0,14,292,3625,16855,52749,39532,327,406,0,1120,0,5182,479603,0,0,1298283888,554423389,4881145005,0,0,79783,195,195,0,2926518,2926518,0,0,2926518,79783,14.55,3.62
1037,2026-05-05 19:51:29,8,q77a,0,17,297,3599,16676,51421,43175,395,423,0,784,0,5391,478270,0,0,1904360592,554423389,4881145005,0,0,80032,207,207,0,3092955,3092955,0,0,2922341,77558,14.29,3.6
1038,2026-05-05 19:51:34,8,q78,0,14,500,59834,184755,926530,413573,687,844,0,5232,0,523927,1068552,0,0,94462501856,554440947,5765414518,0,0,406636630,22041,22041,0,11364756495,11364756495,0,0,11364756495,406636630,15.49,59.83
1039,2026-05-05 19:52:35,8,q79,0,8,154,3426,3650,50777,43233,223,250,0,800,0,4150,563669,0,0,10624236264,290033990,2481714898,0,0,3605125,2176,2176,0,110377148,110377148,0,0,110377148,3605125,14.82,3.43
1040,2026-05-05 19:52:40,8,q80,0,23,465,34250,112123,531673,369367,1288,1142,0,3552,0,162827,1113048,0,0,54884401176,554871773,8300634181,0,0,265494091,13409,13409,0,7544361604,7544361604,0,0,7544361604,265494091,15.52,34.25
1041,2026-05-05 19:53:15,8,q80a,0,26,470,60188,222275,944427,356720,1483,1166,7,5003,0,591632,1112962,0,0,55356260208,554871773,8300634181,0,0,265493763,13424,13424,0,7544531034,7544531034,0,0,7544309334,265491833,15.69,60.19
1042,2026-05-05 19:54:16,8,q81,0,13,163,2471,4104,28149,22903,195,205,0,128,0,2238,8012019,0,0,13574738872,32815644,433534164,0,0,11352561,1105,1105,0,248757358,248757358,0,0,248757358,11352561,11.39,2.47
1043,2026-05-05 19:54:20,8,q82,0,8,135,2583,3571,31885,27358,258,291,0,567,0,682,228714,0,0,178877936,687764388,3302317099,0,0,40832,108,108,0,226994,226994,0,0,226994,40832,12.34,2.58
1044,2026-05-05 19:54:24,8,q83,0,10,73,1387,3275,17341,16041,68,79,0,0,0,671,1573386,0,0,3952556144,50821969,324883188,0,0,402103,73,73,0,5531326,5531326,0,0,5531326,402103,12.5,1.39
1045,2026-05-05 19:54:26,8,q84,0,9,76,1499,2552,14039,11284,36,55,0,84,0,1505,9765521,0,0,1313097696,33729631,166106540,0,0,27798849,47,47,0,145652083,145652083,0,0,145652083,27798849,9.37,1.5
1046,2026-05-05 19:54:29,8,q85,0,10,111,3807,19807,54016,39050,111,125,12,2666,0,3936,17038282,0,0,9166144312,84064697,1165766415,0,0,9151985,867,867,0,340232586,340232586,0,0,340232586,9151985,14.19,3.81
1047,2026-05-05 19:54:33,8,q86,0,5,48,1100,1035,14389,13000,45,51,0,128,0,1146,3736575,0,0,3607813520,72225613,602207297,0,0,7501,41,41,0,521172,521172,0,0,521172,7501,13.08,1.1
1048,2026-05-05 19:54:36,8,q86a,0,8,53,969,897,11241,10459,49,62,0,0,0,715,3736575,0,0,4146781072,72225613,602207297,0,0,20456,126,126,0,1499876,1499876,0,0,514828,7068,11.6,0.97
1049,2026-05-05 19:54:38,8,q87,0,13,358,8720,22647,134363,115516,167,313,0,1619,0,8253,405212,0,0,23376023992,506022125,657465672,0,0,120819579,4930,4930,0,740190567,740190567,0,0,635050557,116819579,15.41,8.72
1050,2026-05-05 19:54:47,8,q88,0,26,826,8502,58995,132130,120921,34,439,0,1124,0,243,239521,0,0,2602458112,2304258706,2780568679,0,0,808,808,808,0,47645,47645,0,0,47645,808,15.54,8.5
1051,2026-05-05 19:54:57,8,q89,0,6,125,2420,2387,34702,28891,189,187,1,528,0,3724,563755,0,0,8359864800,288230790,1911673852,0,0,461388,1616,1616,0,22068092,22068092,0,0,22068092,461388,14.34,2.42
1052,2026-05-05 19:55:00,8,q90,0,8,86,886,1318,12963,12421,3,41,0,0,0,10,94529,0,0,259051520,144052466,314507563,0,0,80,80,80,0,4720,4720,0,0,4720,80,14.63,0.89
1053,2026-05-05 19:55:02,8,q91,0,11,78,715,1286,6966,5864,51,68,0,144,0,444,918693,0,0,2985287144,19345852,181632803,0,0,2083224,239,239,0,44262536,44262536,0,0,44240552,2083083,9.74,0.72
1054,2026-05-05 19:55:04,8,q92,0,7,104,1303,2004,18580,12264,107,110,5,394,0,3204,775307,0,0,3957955072,144227226,1205645911,0,0,1672198,696,696,0,21434447,21434447,0,0,21434447,1672198,14.26,1.3
1055,2026-05-05 19:55:07,8,q93,0,8,336,26572,42977,401944,359948,398,536,4,2042,0,46612,2225150,0,0,68145363512,316808109,2644388186,0,0,288995290,26212,26212,0,7313586156,7313586156,0,0,7313586156,288995290,15.13,26.57
1056,2026-05-05 19:55:34,8,q94,0,8,153,7244,20973,108544,90252,130,174,0,1967,0,11013,512160,0,0,16630437440,152222639,968415096,0,0,151171114,3640,3640,0,2240321543,2240321543,0,0,2240321543,151171114,14.98,7.24
1057,2026-05-05 19:55:43,8,q95,0,8,180,22907,34570,344539,298816,346,339,0,7920,0,10166,944164,0,0,49888658408,152222639,939946633,0,0,367104120,14137,14137,0,3290949327,3290949327,0,0,1995058746,151153176,15.04,22.91
1058,2026-05-05 19:56:06,8,q96,0,5,105,1177,1170,17424,16979,7,53,0,176,0,27,239822,0,0,322799232,288033990,347660689,0,0,101,101,101,0,5955,5955,0,0,5955,101,14.8,1.18
1059,2026-05-05 19:56:09,8,q97,0,5,201,11492,14247,151209,143976,205,258,0,1274,0,4250,394849,0,0,25013521472,432020512,2301754268,0,0,83873546,2006,2006,0,961239745,961239745,0,0,961239745,83873546,13.16,11.49
1060,2026-05-05 19:56:21,8,q98,0,7,133,1985,1885,25089,22814,147,191,6,328,0,3122,6774497,0,0,10455054600,288230388,2422838107,0,0,782637,1811,1811,0,107196409,107196409,0,0,103201691,752094,12.64,1.98
1061,2026-05-05 19:56:24,8,q99,0,7,88,1803,1785,22793,21272,85,125,0,256,0,358,512537,0,0,1636843824,144014189,374432850,0,0,32599,50,50,0,2191785,2191785,0,0,2191785,32599,12.64,1.8
1062,2026-05-05 19:56:27,9,q1,0,12,126,1819,3106,25498,22634,108,143,3,752,0,2703,892432,0,0,7376429816,59623624,610061018,0,0,18384283,751,751,0,277540917,277540917,0,0,277540917,18384283,14.02,1.82
1063,2026-05-05 19:56:30,9,q2,0,9,129,2739,2671,38403,36281,136,167,0,497,0,1294,755509,0,0,884539504,216108786,908409234,0,0,35347,362,362,0,2673870,2673870,0,0,901000,13701,14.02,2.74
1064,2026-05-05 19:56:34,9,q3,0,5,110,1319,1297,18580,15594,145,157,0,281,0,3203,478055,0,0,401162192,288283437,2405169324,0,0,43002,202,202,0,2702444,2702444,0,0,2702444,43002,14.09,1.32
1065,2026-05-05 19:56:36,9,q4,0,25,707,45297,229397,716437,639974,1643,1672,4,12304,0,47423,765025,0,0,115346137600,794088513,12061661723,0,0,566100624,25854,25854,0,14421654048,14421654048,0,0,8530726381,341212705,15.82,45.3
1066,2026-05-05 19:57:23,9,q5,0,11,349,13569,25557,184846,162771,500,585,0,2129,0,15877,643715,0,0,8871091184,626443386,5412241102,0,0,78889487,1136,1136,0,1105462275,1105462275,0,0,1105462275,78889487,13.62,13.57
1067,2026-05-05 19:57:37,9,q5a,0,14,354,12727,22624,171382,162947,435,585,0,2793,0,6292,643801,0,0,9342950216,626443386,5412241102,0,0,78892792,1146,1146,0,1105699951,1105699951,0,0,1105491147,78889358,13.47,12.73
1068,2026-05-05 19:57:51,9,q6,0,13,160,2172,5138,31827,23234,325,335,0,960,0,5947,8479826,0,0,5288963336,291580486,1529874260,0,0,5131498,1890,1890,0,46226184,46226184,0,0,46226184,5131498,14.65,2.17
1069,2026-05-05 19:57:54,9,q7,0,7,136,3457,3465,51460,46766,235,238,0,1760,0,2116,1573386,0,0,10166726520,290152188,4203485784,0,0,741415,1717,1717,0,25861088,25861088,0,0,25861088,741415,14.89,3.46
1070,2026-05-05 19:57:59,9,q8,0,10,142,2113,2025,27603,26371,172,227,0,168,0,578,9492937,0,0,9020943192,292026790,1348989214,0,0,50784,121,121,0,762861,762861,0,0,762861,50784,13.06,2.11
1071,2026-05-05 19:58:02,9,q9,0,11,511,5227,25679,81083,76960,159,452,11,2230,0,122,220403,0,0,0,1440031995,8990279241,0,0,505,505,505,0,41518,41518,0,0,41518,505,15.51,5.23
1072,2026-05-05 19:58:08,9,q10,0,11,286,2397,5384,34594,30604,81,214,1,456,0,4822,29252855,0,0,10164816488,509942925,687079116,0,0,19145607,2490,2490,0,20647402,20647402,0,0,20647402,19145607,14.43,2.4
1073,2026-05-05 19:58:12,9,q10a,0,8,276,2479,3724,35301,25174,39,179,2,784,0,4707,29252425,0,0,9484456576,508942925,680674263,0,0,20856568,2635,2635,0,50574179,50574179,0,0,50574179,20856568,14.24,2.48
1074,2026-05-05 19:58:15,9,q11,0,20,423,16211,50963,252748,232364,904,962,1,8292,0,17575,589685,0,0,44791176400,650094389,4447346008,0,0,269945080,8173,8173,0,4443307808,4443307808,0,0,2964976244,191970515,15.59,16.21
1075,2026-05-05 19:58:33,9,q12,0,6,66,955,892,11524,9895,68,81,0,0,0,1824,6554102,0,0,4753471800,72225613,616731193,0,0,218539,691,691,0,30886877,30886877,0,0,30886877,218539,12.07,0.96
1076,2026-05-05 19:58:35,9,q13,0,7,125,4038,4133,60224,54211,109,145,0,1294,0,27,1760222,0,0,5367720952,290954790,4986737863,0,0,101,101,101,0,7978,7978,0,0,7978,101,14.91,4.04
1077,2026-05-05 19:58:40,9,q14a,0,40,1224,52407,150183,791139,458523,2141,2489,0,8722,0,330964,2441791,0,0,48203787152,2016904500,14110336969,0,0,639431334,5845,5845,0,9123777585,9123777585,0,0,9108942548,638964125,15.1,52.41
1078,2026-05-05 19:59:34,9,q14b,0,30,770,20869,32885,297480,263508,1656,1722,6,5676,0,25163,2441791,0,0,28953463416,1585185222,10168695659,0,0,135576682,3990,3990,0,524109934,524109934,0,0,524109934,135576682,14.25,20.87
1079,2026-05-05 19:59:56,9,q14,0,29,764,17788,27336,255651,240794,1643,1754,0,5324,0,12327,2336869,0,0,28721040136,1585185222,10168695659,0,0,134713570,3744,3744,0,432179432,432179432,0,0,432179432,134713570,14.37,17.79
1080,2026-05-05 20:00:15,9,q15,0,5,108,3030,2805,39961,38273,82,127,0,400,0,45,19126675,0,0,13190560760,147014124,534363876,0,0,2305,3,3,0,69877,69877,0,0,69877,2305,13.19,3.03
1081,2026-05-05 20:00:19,9,q16,0,8,295,12203,32723,186842,176361,321,414,3,1988,0,12871,1280357,0,0,41785807200,303406100,2094797272,0,0,301125284,17100,17100,0,4308531096,4308531096,0,0,4308531096,301125284,15.31,12.2
1082,2026-05-05 20:00:32,9,q17,0,14,249,4844,8349,69442,62355,570,647,25,1578,0,5398,13952362,0,0,6358661496,461086525,3394625328,0,0,28190115,2517,2517,0,601012828,601012828,0,0,601012828,28190115,14.34,4.84
1083,2026-05-05 20:00:38,9,q18,0,10,167,3051,4364,44300,38421,161,193,21,1104,0,3352,9765564,0,0,8709817336,151059724,2835246513,0,0,11669020,1836,1836,0,365378572,365378572,0,0,365378572,11669020,14.52,3.05
1084,2026-05-05 20:00:42,9,q18a,0,18,271,6124,14969,92902,81818,359,408,18,1264,0,5043,9765650,0,0,31535543288,154263724,2854290595,0,0,56294457,7974,7974,0,1677849899,1677849899,0,0,368910883,11778229,15.17,6.12
1085,2026-05-05 20:00:50,9,q19,0,8,140,2858,2578,36892,34685,172,202,0,448,0,2263,19126675,0,0,23184447472,291230790,2730449864,0,0,103989,606,606,0,6979336,6979336,0,0,6979336,103989,12.91,2.86
1086,2026-05-05 20:00:54,9,q20,0,6,94,943,883,7937,7616,111,139,0,0,0,30,6554102,0,0,2069718224,144218124,1189646424,0,0,61386,15,15,0,7314659,7314659,0,0,7314659,61386,8.42,0.94
1087,2026-05-05 20:00:56,9,q21,0,5,28,1993,1973,26354,24650,23,34,0,240,0,13,136013,0,0,217853776,399554015,2120318627,0,0,95955,1,1,0,1951830,1951830,0,0,1951830,95955,13.22,1.99
1088,2026-05-05 20:00:59,9,q22,0,6,45,177112,177033,576526,574514,79,66,0,501,0,169,9285378,0,0,2306272944,399554015,2117762741,0,0,2038885,102,102,0,87766507,87766507,0,0,87766507,2038885,3.26,177.11
1089,2026-05-05 20:03:57,9,q22a,0,10,112,7440,8205,44307,39943,144,177,0,144,0,2515,9285378,0,0,11487341208,399554015,2118587234,0,0,2855440,508,508,0,144373282,144373282,0,0,40505050,816780,5.96,7.44
1090,2026-05-05 20:04:05,9,q23a,0,19,620,41641,70252,651726,632241,1088,1253,1,7744,0,23478,13214689,0,0,89218044872,1082298901,5728291502,0,0,236739789,17956,17956,0,6673942561,6673942561,0,0,6295401013,209328167,15.65,41.64
1091,2026-05-05 20:04:48,9,q23b,0,22,654,43867,76374,682783,659103,1319,1376,28,8640,0,25783,13214560,0,0,102160617664,1084298901,5751513089,0,0,286041380,23604,23604,0,7485676443,7485676443,0,0,6351486034,211405670,15.56,43.87
1092,2026-05-05 20:05:33,9,q24,0,14,197,3664,8573,52954,44904,694,568,3,1296,0,5527,13037030,0,0,7305478504,320216803,3045986981,0,0,31568283,2073,2073,0,398409965,398409965,0,0,398409965,31568283,14.45,3.66
1093,2026-05-05 20:05:38,9,q24a,0,21,348,9252,13558,124329,112977,996,970,1,2629,0,9972,7978888,0,0,21018360104,608427191,5839519513,0,0,100579193,4983,4983,0,1806953452,1806953452,0,0,1449021628,69847454,13.44,9.25
1094,2026-05-05 20:05:48,9,q24b,0,22,348,9497,16413,123860,113587,939,932,0,2720,0,10252,7978974,0,0,18322225928,608427191,5839519513,0,0,99830491,3060,3060,0,1783171383,1783171383,0,0,1425239559,69098752,13.04,9.5
1095,2026-05-05 20:05:59,9,q25,0,14,249,4417,7983,63840,58989,644,665,1,1647,0,3758,13952362,0,0,6009723240,461086525,4788285393,0,0,20197026,2496,2496,0,408759219,408759219,0,0,408759219,20197026,14.45,4.42
1096,2026-05-05 20:06:04,9,q26,0,7,110,1844,1878,26173,22920,139,178,0,704,0,354,1573386,0,0,3737818640,146139924,2185675704,0,0,361199,198,198,0,11486221,11486221,0,0,11486221,361199,14.19,1.84
1097,2026-05-05 20:06:07,9,q27,0,7,127,3051,3049,44191,40432,183,212,0,608,0,2772,1573386,0,0,9561988704,290151590,3914200165,0,0,176608,808,808,0,8253960,8253960,0,0,8253960,176608,14.48,3.05
1098,2026-05-05 20:06:11,9,q27a,0,11,336,7434,14593,113635,107454,425,543,1,1975,0,4616,1573386,0,0,6866942048,866368768,11723780549,0,0,180086,910,910,0,9374294,9374294,0,0,9374294,180086,15.29,7.43
1099,2026-05-05 20:06:20,9,q28,0,18,685,9381,55197,147291,137433,722,947,0,1430,0,14841,302489,0,0,40845952816,1728038328,13841297244,0,0,4703800,7373,7373,0,76893877,76893877,0,0,76893877,4703800,15.7,9.38
1100,2026-05-05 20:06:30,9,q29,0,17,258,10090,15018,136853,130899,604,656,1,1312,0,7318,13952362,0,0,12510713656,461126525,3395404852,0,0,93232843,3583,3583,0,1605292282,1605292282,0,0,1605292282,93232843,13.56,10.09
1101,2026-05-05 20:06:41,9,q30,0,13,142,1628,2914,20558,17893,159,166,0,264,0,2185,8012019,0,0,9356907168,18418778,292872866,0,0,6150626,386,386,0,281188943,281188943,0,0,281188943,6150626,12.63,1.63
1102,2026-05-05 20:06:44,9,q31,0,18,461,5971,30516,88340,78453,455,594,0,792,0,12847,15423104,0,0,42871514776,1081084003,5476782264,0,0,871389,2165,2165,0,28620286,28620286,0,0,23129989,703934,14.79,5.97
1103,2026-05-05 20:06:51,9,q32,0,7,173,1242,2334,17641,15593,144,193,0,160,0,559,1342856,0,0,610555800,288212248,2348854281,0,0,350080,90,90,0,4605586,4605586,0,0,4605586,350080,14.2,1.24
1104,2026-05-05 20:06:53,9,q33,0,9,248,2821,6401,41029,38037,318,377,13,640,0,3654,1868056,0,0,8627755800,505430125,4647188125,0,0,140265,246,246,0,3533195,3533195,0,0,3533195,140265,14.54,2.82
1105,2026-05-05 20:06:57,9,q34,0,9,151,2205,2442,30462,29287,149,186,0,192,0,1951,562379,0,0,519365960,290033990,757634879,0,0,4031113,130,130,0,135779937,135779937,0,0,68692258,2031113,13.81,2.2
1106,2026-05-05 20:07:00,9,q35,0,10,293,3716,7063,52170,45461,134,228,3,624,0,5698,24091841,0,0,15327862352,508942925,679190875,0,0,57691365,3026,3026,0,112816037,112816037,0,0,112816037,57691365,14.04,3.72
1107,2026-05-05 20:07:05,9,q35a,0,9,293,3447,4832,47357,42197,117,232,1,448,0,5022,24091884,0,0,14472224744,508942925,679190875,0,0,57706997,3026,3026,0,112793402,112793402,0,0,112793402,57706997,13.74,3.45
1108,2026-05-05 20:07:10,9,q36,0,6,110,2298,2237,32362,30441,140,169,0,544,0,1530,3736575,0,0,8943656688,288230790,3610981308,0,0,16094,101,101,0,1304708,1304708,0,0,1304708,16094,14.08,2.3
1109,2026-05-05 20:07:13,9,q36a,0,9,115,2308,2255,30979,28098,137,182,0,496,0,1462,3736489,0,0,9482624560,288230790,3610981308,0,0,44513,306,306,0,3722869,3722869,0,0,1257107,15087,13.42,2.31
1110,2026-05-05 20:07:16,9,q37,0,6,125,4508,7773,49980,46588,36,101,0,432,0,4114,179999,0,0,4879633376,543548124,2721626609,0,0,51928707,1372,1372,0,655185226,655185226,0,0,655185226,143994433,11.09,4.51
1111,2026-05-05 20:07:22,9,q38,0,13,358,8529,22230,131520,115541,180,330,0,1488,0,8841,405169,0,0,23376023992,506022125,657465672,0,0,120819579,4930,4930,0,740190567,740190567,0,0,635050557,116819579,15.42,8.53
1112,2026-05-05 20:07:31,9,q39a,0,11,102,5155,9220,59410,51915,192,179,0,688,0,883,2476383,0,0,5156915760,798904015,4234827208,0,0,4703618,85,85,0,112366429,112366429,0,0,75919735,3173618,11.52,5.16
1113,2026-05-05 20:07:38,9,q39b,0,11,101,4451,8059,49525,45862,146,179,0,482,0,560,1045739,0,0,4773464624,798904015,4234827208,0,0,4594459,85,85,0,109301092,109301092,0,0,72854398,3064459,11.13,4.45
1114,2026-05-05 20:07:43,9,q40,0,8,164,7816,21120,112881,109151,95,173,0,1024,0,8594,515126,0,0,24442330840,158615961,1293469186,0,0,157478827,4755,4755,0,3042545985,3042545985,0,0,3042545985,157478827,14.44,7.82
1115,2026-05-05 20:07:52,9,q41,0,4,12,173,145,214,147,10,13,0,0,0,11,31157,0,0,540036928,408000,3191493,0,0,292,2,2,0,19225,19225,0,0,19225,292,1.24,0.17
1116,2026-05-05 20:07:53,9,q42,0,4,108,1157,1137,16708,14345,142,159,0,192,0,398,477539,0,0,4278343952,288230388,2404635449,0,0,1059,100,100,0,88397,88397,0,0,88397,1059,14.44,1.16
1117,2026-05-05 20:07:56,9,q43,0,4,104,1986,1961,28888,26593,109,141,0,208,0,1026,478227,0,0,306279616,288026790,750933658,0,0,11900,100,100,0,1353429,1353429,0,0,1353429,11900,14.55,1.99
1118,2026-05-05 20:07:59,9,q44,0,8,242,2475,2636,36098,29063,248,304,2,672,0,4901,3452993,0,0,11325128360,576216776,3836534913,0,0,2616272,3332,3332,0,35014545,35014545,0,0,17513938,1308362,14.59,2.48
1119,2026-05-05 20:08:02,9,q45,0,7,77,1746,1572,21465,19789,62,69,0,0,0,139,19126675,0,0,10271954264,75245613,525226538,0,0,182,39,39,0,17021,17021,0,0,17021,182,12.29,1.75
1120,2026-05-05 20:08:05,9,q46,0,9,150,3531,3509,49046,44577,175,221,0,926,0,2864,13582955,0,0,9995153552,291033990,2495164429,0,0,2097510,520,520,0,69753817,69753817,0,0,69753817,2097510,13.89,3.53
1121,2026-05-05 20:08:09,9,q47,0,11,170,5201,6204,74334,70585,204,260,0,648,0,4685,4637411,0,0,14691945008,288230790,1911338768,0,0,20520741,3847,3847,0,801437415,801437415,0,0,410113619,10492204,14.29,5.2
1122,2026-05-05 20:08:16,9,q48,0,6,124,6599,6612,100187,95240,146,190,0,2980,0,37,2213440,0,0,5256677512,290947590,2622356314,0,0,101,101,101,0,5957,5957,0,0,5957,101,15.18,6.6
1123,2026-05-05 20:08:23,9,q49,0,20,349,7675,27367,116108,109006,457,552,0,1632,0,10727,2341319,0,0,6799501864,554439913,7744351006,0,0,86104330,303,303,0,1847165774,1847165774,0,0,1847165774,86104330,15.13,7.68
1124,2026-05-05 20:08:32,9,q50,0,10,230,11344,35637,172374,163635,331,404,0,1104,0,16383,1285788,0,0,40984956952,316921450,2152603072,0,0,265637490,12304,12304,0,5976596674,5976596674,0,0,5976596674,265637490,15.2,11.34
1125,2026-05-05 20:08:45,9,q51,0,10,245,14304,21990,203170,192447,282,356,0,1856,0,12229,393258,0,0,29827411512,360028001,2283739496,0,0,173923508,3842,3842,0,2939131747,2939131747,0,0,2939131747,173923508,14.2,14.3
1126,2026-05-05 20:09:00,9,q51a,0,14,316,251293,290573,3242581,3191085,531,626,0,26138,0,13745,541680,0,0,73985031544,360028001,2283739496,0,0,313992514,4882,4882,0,5206645271,5206645271,0,0,3938124581,247599251,12.9,251.29
1127,2026-05-05 20:13:12,9,q52,0,5,111,1545,1523,22270,15247,145,158,0,576,0,5273,479732,0,0,4413085920,288230388,2404949352,0,0,56873,303,303,0,3229758,3229758,0,0,3229758,56873,14.41,1.54
1128,2026-05-05 20:13:15,9,q53,0,6,115,1993,1967,28290,23039,121,167,0,576,0,2962,564486,0,0,869234520,288230790,1912078171,0,0,324087,606,606,0,6834396,6834396,0,0,6834396,324087,14.19,1.99
1129,2026-05-05 20:13:18,9,q54,0,17,281,3519,4962,50683,43331,472,538,0,2600,0,4456,19126761,0,0,14788138776,507412625,2671897249,0,0,8236026,1806,1806,0,80270347,80270347,0,0,80270347,8236026,14.4,3.52
1130,2026-05-05 20:13:23,9,q55,0,5,110,1404,1387,20057,15809,136,154,0,424,0,3943,478657,0,0,7097177376,288230388,2404949352,0,0,43008,202,202,0,2504732,2504732,0,0,2504732,43008,14.29,1.4
1131,2026-05-05 20:13:25,9,q56,0,9,247,2748,6446,38876,33137,290,388,0,837,0,4243,1868056,0,0,7083399056,505430125,4648247852,0,0,78464,145,145,0,2864341,2864341,0,0,2864341,78464,14.15,2.75
1132,2026-05-05 20:13:29,9,q57,0,11,157,2532,3237,32629,28537,221,246,0,404,0,2311,4637411,0,0,9789608072,144218154,924697236,0,0,1882447,1298,1298,0,76772188,76772188,0,0,52999171,1287630,12.89,2.53
1133,2026-05-05 20:13:33,9,q58,0,10,249,2867,6834,42106,34108,368,380,12,512,0,4698,1573386,0,0,19770339632,504372223,4192225259,0,0,2376775,2398,2398,0,36037027,36037027,0,0,36037027,2376775,14.69,2.87
1134,2026-05-05 20:13:36,9,q59,0,16,248,4749,8613,62120,57491,326,425,0,685,0,5995,701678,0,0,16118379352,576239678,1503139602,0,0,2188602,3436,3436,0,73070440,73070440,0,0,73070440,2188602,13.08,4.75
1135,2026-05-05 20:13:42,9,q60,0,9,253,3228,7393,47009,37909,282,377,9,1287,0,5006,1868056,0,0,14010721592,505430125,4648171970,0,0,553663,691,691,0,10646349,10646349,0,0,10646349,553663,14.56,3.23
1136,2026-05-05 20:13:47,9,q61,0,10,237,4311,6408,61376,54035,18,170,0,1216,0,41,19126718,0,0,22747629656,579238178,5817923330,0,0,202,202,202,0,11913,11913,0,0,11913,202,14.24,4.31
1137,2026-05-05 20:13:52,9,q62,0,6,45,1123,1090,15366,14106,42,57,0,176,0,911,256765,0,0,245764904,72021672,259479684,0,0,14400,40,40,0,1319317,1319317,0,0,1319317,14400,13.68,1.12
1138,2026-05-05 20:13:54,9,q63,0,6,112,1909,1880,27282,23360,123,161,0,432,0,3570,563755,0,0,801273712,288230790,1911998199,0,0,119054,303,303,0,3234733,3234733,0,0,3234733,119054,14.29,1.91
1139,2026-05-05 20:13:57,9,q64,0,39,532,25598,90867,386512,344017,1574,1396,2,8915,0,14683,40030878,0,0,41657040264,768696804,11326187657,0,0,232434788,5325,5325,0,3517064144,3517064144,0,0,3039790703,195467289,15.1,25.6
1140,2026-05-05 20:14:24,9,q65,0,10,279,12876,24538,192842,160418,430,428,2,3968,0,16077,18416256,0,0,23921344000,576237178,3819404838,0,0,123893292,3485,3485,0,3689308652,3689308652,0,0,3689308652,123893292,14.98,12.88
1141,2026-05-05 20:14:38,9,q66,0,8,128,2727,3551,36741,30177,259,290,0,856,0,244,512580,0,0,4729544928,216055772,2092235178,0,0,885,59,59,0,423776,423776,0,0,423776,885,13.47,2.73
1142,2026-05-05 20:14:42,9,q67,0,7,317,66430,66337,988821,756329,415,533,0,14656,0,229853,9285378,0,0,74773448160,288230790,2173204266,0,0,144335292,21608,21608,0,10982551594,10982551594,0,0,10982551594,144335292,14.89,66.43
1143,2026-05-05 20:15:49,9,q67a,0,15,798,98403,434193,1541182,1061581,1800,1969,4,11668,0,469881,9285378,0,0,222134308344,288230790,2173204266,0,0,549286568,66468,66468,0,42293681887,42293681887,0,0,8661555895,122567976,15.66,98.4
1144,2026-05-05 20:17:29,9,q68,0,9,146,3780,3826,52919,42299,171,221,0,961,0,1546,13582955,0,0,9177842832,291033990,3861504495,0,0,2022735,120,120,0,65905489,65905489,0,0,65905489,2022735,14.0,3.78
1145,2026-05-05 20:17:34,9,q69,0,9,276,2356,5350,33739,28904,51,172,0,352,0,5238,28817400,0,0,10691049848,508942925,679878263,0,0,16091419,2618,2618,0,47356480,47356480,0,0,47356480,16091419,14.32,2.36
1146,2026-05-05 20:17:37,9,q70,0,9,209,4001,3941,56252,54110,248,321,0,576,0,763,1075642,0,0,7524903464,576033580,2669415153,0,0,3221,202,202,0,236975,236975,0,0,236975,3221,14.06,4.0
1147,2026-05-05 20:17:42,9,q70a,0,12,214,3262,3163,46163,44612,272,337,0,448,0,687,1069986,0,0,1285876880,576033580,2669415153,0,0,4050,407,407,0,343348,343348,0,0,165400,2250,14.15,3.26
1148,2026-05-05 20:17:47,9,q71,0,7,243,3491,3426,50379,34076,379,403,12,793,0,8384,2527710,0,0,4775910576,504266125,4474521744,0,0,276608,1740,1740,0,14439938,14439938,0,0,8278574,169054,14.43,3.49
1149,2026-05-05 20:17:51,9,q72,0,15,377,181901,258208,2845706,2338176,546,641,2,5662,0,483482,13214646,0,0,82523784096,560021059,3804794918,0,0,537663712,23876,23876,0,9674287230,9674287230,0,0,9674287230,537663712,15.64,181.9
1150,2026-05-05 20:20:54,9,q73,0,9,151,2105,2409,29224,27285,168,180,0,176,0,1401,562379,0,0,515092048,290033990,757634879,0,0,4016581,130,130,0,135101187,135101187,0,0,68013508,2016581,13.88,2.1
1151,2026-05-05 20:20:57,9,q74,0,20,417,14970,47775,233352,200400,840,913,0,5168,0,16532,589857,0,0,43804974688,650094389,3343645304,0,0,269945080,7771,7771,0,2942454364,2942454364,0,0,2069316717,191970515,15.59,14.97
1152,2026-05-05 20:21:13,9,q75,0,20,603,13858,51640,212000,172695,365,644,20,7535,0,20798,430330,0,0,24656981872,1058647072,10751226168,0,0,140054991,4858,4858,0,3124293933,3124293933,0,0,2106315257,89656169,15.3,13.86
1153,2026-05-05 20:21:28,9,q76,0,5,231,2975,2908,43415,32428,380,401,12,1169,0,4538,1845962,0,0,18242328224,503804997,4526049463,0,0,29370,442,442,0,2390946,2390946,0,0,2390946,29370,14.59,2.98
1154,2026-05-05 20:21:32,9,q77,0,14,292,3432,16193,50079,43162,289,378,0,698,0,3763,479431,0,0,1298283888,554423389,4881145005,0,0,79783,195,195,0,2926518,2926518,0,0,2926518,79783,14.59,3.43
1155,2026-05-05 20:21:37,9,q77a,0,17,297,3183,14453,44457,39544,302,401,7,762,0,3793,478915,0,0,1904360592,554423389,4881145005,0,0,80032,207,207,0,3092955,3092955,0,0,2922341,77558,13.97,3.18
1156,2026-05-05 20:21:41,9,q78,0,14,500,58629,185912,909328,419345,796,877,0,5080,0,498790,1068896,0,0,94462501856,554440947,5765414518,0,0,406636630,22041,22041,0,11364756495,11364756495,0,0,11364756495,406636630,15.51,58.63
1157,2026-05-05 20:22:41,9,q79,0,8,154,3426,3652,51113,43783,219,242,0,1392,0,3803,564400,0,0,10624236264,290033990,2481714898,0,0,3605125,2176,2176,0,110377148,110377148,0,0,110377148,3605125,14.92,3.43
1158,2026-05-05 20:22:45,9,q80,0,23,465,32269,104783,499318,375392,1177,1178,0,7133,0,124011,1114510,0,0,54884401176,554871773,8300634181,0,0,265494091,13409,13409,0,7544361604,7544361604,0,0,7544361604,265494091,15.47,32.27
1159,2026-05-05 20:23:19,9,q80a,0,26,470,35539,118445,552280,367977,1185,1191,0,3944,0,192865,1112317,0,0,55356260208,554871773,8300634181,0,0,265493763,13424,13424,0,7544531034,7544531034,0,0,7544309334,265491833,15.54,35.54
1160,2026-05-05 20:23:56,9,q81,0,13,163,2607,4264,30983,21534,182,205,0,0,0,3175,8012019,0,0,13574738872,32815644,433534164,0,0,11352561,1105,1105,0,248757358,248757358,0,0,248757358,11352561,11.88,2.61
1161,2026-05-05 20:23:59,9,q82,0,8,135,2385,3258,29133,26992,245,280,0,511,0,586,228671,0,0,178877936,687764388,3302317099,0,0,40832,108,108,0,226994,226994,0,0,226994,40832,12.22,2.38
1162,2026-05-05 20:24:03,9,q83,0,10,73,1161,2751,14078,12898,68,75,0,0,0,966,1573386,0,0,3952556144,50821969,324883188,0,0,402103,73,73,0,5531326,5531326,0,0,5531326,402103,12.13,1.16
1163,2026-05-05 20:24:06,9,q84,0,9,76,1208,2334,11371,10018,38,57,0,240,0,759,9765521,0,0,1313097696,33729631,166106540,0,0,27798849,47,47,0,145652083,145652083,0,0,145652083,27798849,9.41,1.21
1164,2026-05-05 20:24:08,9,q85,0,10,111,3528,17580,47881,42784,61,103,0,1600,0,2316,17038067,0,0,9166144312,84064697,1165766415,0,0,9151985,867,867,0,340232586,340232586,0,0,340232586,9151985,13.57,3.53
1165,2026-05-05 20:24:12,9,q86,0,5,48,1084,1003,13513,12406,43,52,0,0,0,668,3736575,0,0,3607813520,72225613,602207297,0,0,7501,41,41,0,521172,521172,0,0,521172,7501,12.47,1.08
1166,2026-05-05 20:24:15,9,q86a,0,8,53,866,796,9390,8636,44,59,0,60,0,622,3736575,0,0,4146781072,72225613,602207297,0,0,20456,126,126,0,1499876,1499876,0,0,514828,7068,10.84,0.87
1167,2026-05-05 20:24:16,9,q87,0,13,358,8731,22529,134631,117557,171,313,0,1344,0,8523,405169,0,0,23376023992,506022125,657465672,0,0,120819579,4930,4930,0,740190567,740190567,0,0,635050557,116819579,15.42,8.73
1168,2026-05-05 20:24:26,9,q88,0,26,826,9133,63383,142003,131941,19,430,0,1120,0,140,239564,0,0,2602458112,2304258706,2780568679,0,0,808,808,808,0,47645,47645,0,0,47645,808,15.55,9.13
1169,2026-05-05 20:24:37,9,q89,0,6,125,2295,2263,33007,28527,147,183,1,352,0,3649,563024,0,0,8359864800,288230790,1911673852,0,0,461388,1616,1616,0,22068092,22068092,0,0,22068092,461388,14.38,2.3
1170,2026-05-05 20:24:40,9,q90,0,8,86,606,928,8625,8338,2,40,0,0,0,11,94443,0,0,259051520,144052466,314507563,0,0,80,80,80,0,4720,4720,0,0,4720,80,14.23,0.61
1171,2026-05-05 20:24:42,9,q91,0,11,78,657,1063,6803,5302,34,59,0,128,0,632,918693,0,0,2985287144,19345852,181632803,0,0,2083224,239,239,0,44262536,44262536,0,0,44240552,2083083,10.35,0.66
1172,2026-05-05 20:24:43,9,q92,0,7,104,1225,1892,17310,13040,99,106,0,288,0,2635,775307,0,0,3957955072,144227226,1205645911,0,0,1672198,696,696,0,21434447,21434447,0,0,21434447,1672198,14.13,1.23
1173,2026-05-05 20:24:46,9,q93,0,8,336,32826,56045,479340,352698,391,540,0,1775,0,134120,2224376,0,0,68145363512,316808109,2644388186,0,0,288995290,26212,26212,0,7313586156,7313586156,0,0,7313586156,288995290,14.6,32.83
1174,2026-05-05 20:25:19,9,q94,0,8,153,6923,19222,103627,92070,148,188,0,1423,0,7688,512160,0,0,16630437440,152222639,968415096,0,0,151171114,3640,3640,0,2240321543,2240321543,0,0,2240321543,151171114,14.97,6.92
1175,2026-05-05 20:25:27,9,q95,0,8,180,22382,33315,339123,304387,366,366,0,6575,0,8561,944164,0,0,49888658408,152222639,939946633,0,0,367104120,14137,14137,0,3290949327,3290949327,0,0,1995058746,151153176,15.15,22.38
1176,2026-05-05 20:25:51,9,q96,0,5,105,1199,1193,17522,17290,0,52,0,96,0,14,239005,0,0,322799232,288033990,347660689,0,0,101,101,101,0,5955,5955,0,0,5955,101,14.61,1.2
1177,2026-05-05 20:25:53,9,q97,0,5,201,11346,14134,149458,142173,190,258,0,1229,0,4487,394548,0,0,25013521472,432020512,2301754268,0,0,83873546,2006,2006,0,961239745,961239745,0,0,961239745,83873546,13.17,11.35
1178,2026-05-05 20:26:05,9,q98,0,7,133,1903,1796,23673,21816,157,188,6,160,0,2990,6774497,0,0,10455054600,288230388,2422838107,0,0,782637,1811,1811,0,107196409,107196409,0,0,103201691,752094,12.44,1.9
1179,2026-05-05 20:26:08,9,q99,0,7,88,1883,1864,24166,22591,87,120,0,256,0,425,512408,0,0,1636843824,144014189,374432850,0,0,32599,50,50,0,2191785,2191785,0,0,2191785,32599,12.83,1.88
