ID,timestamp,run_id,query,query_rerun_id,numStages,numTasks,elapsedTime,stageDuration,executorRunTime,executorCpuTime,executorDeserializeTime,executorDeserializeCpuTime,resultSerializationTime,jvmGCTime,shuffleFetchWaitTime,shuffleWriteTime,resultSize,diskBytesSpilled,memoryBytesSpilled,peakExecutionMemory,recordsRead,bytesRead,recordsWritten,bytesWritten,shuffleRecordsRead,shuffleTotalBlocksFetched,shuffleLocalBlocksFetched,shuffleRemoteBlocksFetched,shuffleTotalBytesRead,shuffleLocalBytesRead,shuffleRemoteBytesRead,shuffleRemoteBytesReadToDisk,shuffleBytesWritten,shuffleRecordsWritten,avg_active_tasks,elapsed_time_seconds
0,2026-05-17 12:07:08,0,q1,0,12,53,1344,2281,10842,5993,267,122,0,0,0,1609,306771,0,0,3119842872,6328415,47343738,0,0,2168136,192,192,0,31369447,31369447,0,0,31369447,2168136,8.07,1.34
1,2026-05-17 12:07:11,0,q2,0,9,22,864,692,5879,4509,48,34,0,0,0,83,754407,0,0,345169624,21819660,67870754,0,0,6838,44,44,0,352525,352525,0,0,127373,4198,6.8,0.86
2,2026-05-17 12:07:13,0,q3,0,4,13,356,332,2612,2448,13,15,0,0,0,104,110270,0,0,93667304,28975550,166603616,0,0,2998,10,10,0,206438,206438,0,0,206438,2998,7.34,0.36
3,2026-05-17 12:07:14,0,q4,0,22,235,7824,37577,120288,102346,435,422,0,1872,0,11080,1682654,0,0,39674206800,51047112,607382666,0,0,102286012,3503,3503,0,2536512620,2536512620,0,0,1273495988,51438627,15.37,7.82
4,2026-05-17 12:07:24,0,q5,0,11,69,1832,3824,22959,18915,130,117,0,80,0,715,421683,0,0,3181537976,62724083,413647286,0,0,7890286,132,132,0,109305912,109305912,0,0,109305912,7890286,12.53,1.83
5,2026-05-17 12:07:27,0,q5a,0,14,74,1798,3562,20851,17174,110,120,0,336,0,580,421683,0,0,3720505848,62724083,413647286,0,0,7892232,142,142,0,109464345,109464345,0,0,109331115,7890408,11.6,1.8
6,2026-05-17 12:07:30,0,q6,0,11,36,1521,2197,18532,16594,124,93,1,256,0,629,5014322,0,0,4851667944,29900599,103630716,0,0,27358702,206,206,0,240467439,240467439,0,0,240467439,27358702,12.18,1.52
7,2026-05-17 12:07:32,0,q7,0,9,30,2268,2592,19987,19209,21,29,0,280,0,1580,783559,0,0,943558784,30896850,320150123,0,0,26634669,35,35,0,771509016,771509016,0,0,771509016,26634669,8.81,2.27
8,2026-05-17 12:07:36,0,q8,0,10,19,660,606,3779,3710,21,25,0,0,0,36,1283173,0,0,974972800,29873652,105569352,0,0,6731,13,13,0,84238,84238,0,0,84238,6731,5.73,0.66
9,2026-05-17 12:07:38,0,q9,0,31,166,2329,32867,35186,27963,335,289,0,1488,0,60,48680,0,0,0,432007560,970422060,0,0,150,150,150,0,9453,9453,0,0,9453,150,15.11,2.33
10,2026-05-17 12:07:41,0,q10,0,13,57,750,1837,6743,5507,48,58,0,0,0,862,592058,0,0,1521597160,53144863,59602942,0,0,4321867,132,132,0,66400239,66400239,0,0,66400239,4321867,8.99,0.75
11,2026-05-17 12:07:43,0,q10a,0,10,56,550,1271,5676,5008,35,55,0,0,0,677,444765,0,0,2037008608,53144863,59602942,0,0,4289247,183,183,0,66359315,66359315,0,0,66359315,4289247,10.32,0.55
12,2026-05-17 12:07:45,0,q11,0,17,156,3918,13019,59508,51733,222,247,0,793,0,5851,1373324,0,0,26856842912,36646687,205307118,0,0,71770406,2006,2006,0,1051794768,1051794768,0,0,537186984,36215116,15.19,3.92
13,2026-05-17 12:07:50,0,q12,0,5,9,405,360,881,804,13,13,0,36,0,58,3269297,0,0,512872760,7375137,45931260,0,0,29116,10,10,0,3907103,3907103,0,0,3907103,29116,2.18,0.4
14,2026-05-17 12:07:51,0,q13,0,9,20,1040,1215,8172,8103,10,12,0,0,0,166,1611538,0,0,109217120,31051652,402774873,0,0,193014,14,14,0,2711685,2711685,0,0,2711685,193014,7.86,1.04
15,2026-05-17 12:07:53,0,q14a,0,30,163,5918,10063,58901,51707,237,271,0,400,0,4848,1189316,0,0,10472473064,151830189,623624460,0,0,62618775,351,351,0,879083795,879083795,0,0,875977067,62532251,9.95,5.92
16,2026-05-17 12:08:02,0,q14b,0,24,123,3918,6831,49053,43765,132,168,0,848,0,3255,1189316,0,0,8267151424,130375774,496550338,0,0,68372312,289,289,0,1013581742,1013581742,0,0,529664620,40865105,12.52,3.92
17,2026-05-17 12:08:07,0,q14,0,24,120,2962,5492,35793,33292,145,177,0,796,0,2779,1163429,0,0,7513717016,130375774,496550338,0,0,68278758,254,254,0,1004808282,1004808282,0,0,520891160,40771551,12.08,2.96
18,2026-05-17 12:08:12,0,q15,0,6,31,1836,1823,21414,19925,21,32,0,198,0,594,5014279,0,0,4165109160,15223474,50392286,0,0,14544315,204,204,0,125445003,125445003,0,0,125445003,14544315,11.66,1.84
19,2026-05-17 12:08:15,0,q16,0,8,46,1874,3107,26180,24177,48,56,0,368,0,1150,424379,0,0,4703921456,30563805,163444772,0,0,30114572,442,442,0,422088498,422088498,0,0,422088498,30114572,13.97,1.87
20,2026-05-17 12:08:18,0,q17,0,10,69,4304,6020,55597,52675,62,79,1,0,0,3155,6945969,0,0,7880912176,46326758,240776630,0,0,45538041,803,803,0,1089146303,1089146303,0,0,1089146303,45538041,12.92,4.3
21,2026-05-17 12:08:23,0,q18,0,12,36,1580,2432,13726,12536,28,35,0,407,0,902,9713760,0,0,1706635496,19167074,223424435,0,0,14504153,23,23,0,423927855,423927855,0,0,423927855,14504153,8.69,1.58
22,2026-05-17 12:08:26,0,q18a,0,21,83,2272,6485,26722,23541,70,103,1,330,0,1115,9713760,0,0,7785537408,20019074,226658089,0,0,71656438,82,82,0,2096878181,2096878181,0,0,424789813,14560854,11.76,2.27
23,2026-05-17 12:08:29,0,q19,0,7,16,748,722,5460,5345,13,16,0,0,0,114,5014279,0,0,1168748344,29725652,193890954,0,0,7397,10,10,0,541770,541770,0,0,541770,7397,7.3,0.75
24,2026-05-17 12:08:31,0,q20,0,5,14,369,330,1248,1160,14,16,0,0,0,17,3269297,0,0,307530856,14575474,82668674,0,0,28486,2,2,0,3491832,3491832,0,0,3491832,28486,3.38,0.37
25,2026-05-17 12:08:32,0,q21,0,5,14,870,853,7107,6515,12,15,0,280,0,11,137459,0,0,171972096,133285059,521280710,0,0,31850,1,1,0,679321,679321,0,0,679321,31850,8.17,0.87
26,2026-05-17 12:08:34,0,q22,0,6,31,56704,56658,118760,117929,93,54,0,318,0,63,4630315,0,0,1564275584,133285059,521261101,0,0,612866,68,68,0,25729614,25729614,0,0,25729614,612866,2.09,56.7
27,2026-05-17 12:09:32,0,q22a,0,10,55,3328,3724,13958,12661,78,92,0,16,0,1212,4630315,0,0,5461307616,133285059,521266189,0,0,918610,160,160,0,45113549,45113549,0,0,14511781,306922,4.19,3.33
28,2026-05-17 12:09:37,0,q23a,0,18,127,5591,10269,73452,69075,135,156,0,826,0,3875,6576963,0,0,12019353816,108823163,443356832,0,0,43897022,767,767,0,1116260376,1116260376,0,0,1086369609,41990015,13.14,5.59
29,2026-05-17 12:09:43,0,q23b,0,21,148,6555,11130,80930,73957,211,229,0,1450,0,4775,6576963,0,0,24994694952,109323163,446408878,0,0,48673518,1581,1581,0,1201500821,1201500821,0,0,1098741076,42452497,12.35,6.56
30,2026-05-17 12:09:51,0,q24,0,12,63,2308,3846,26612,25154,24,48,0,0,0,2155,463487,0,0,4795803152,32530235,211136248,0,0,30468590,392,392,0,704283614,704283614,0,0,704283614,30468590,11.53,2.31
31,2026-05-17 12:09:54,0,q24a,0,19,116,3402,4506,36963,34457,104,136,0,448,0,3356,3560798,0,0,14728425696,32632235,209830306,0,0,61448141,1349,1349,0,1431432510,1431432510,0,0,733412274,30991090,10.87,3.4
32,2026-05-17 12:09:59,0,q24b,0,19,116,3158,4314,33863,32018,116,133,0,350,0,3182,3560798,0,0,14722420960,32632235,209830306,0,0,61437701,1349,1349,0,1430205327,1430205327,0,0,732185091,30980650,10.72,3.16
33,2026-05-17 12:10:03,0,q25,0,10,69,4292,6167,56683,53964,65,77,1,496,0,2900,6945969,0,0,7880887560,46326758,336724939,0,0,45538038,800,800,0,1108759789,1108759789,0,0,1108759789,45538038,13.21,4.29
34,2026-05-17 12:10:09,0,q26,0,8,28,1315,1566,11464,11005,12,23,0,240,0,843,783559,0,0,339054936,16496774,167426909,0,0,14334907,16,16,0,388692645,388692645,0,0,388692645,14334907,8.72,1.32
35,2026-05-17 12:10:11,0,q27,0,9,30,2097,2255,18091,17553,17,25,0,260,0,1401,783559,0,0,944051072,30896452,292410015,0,0,26620676,35,35,0,687564889,687564889,0,0,687564889,26620676,8.63,2.1
36,2026-05-17 12:10:14,0,q27a,0,13,53,2530,4251,26746,24665,32,50,0,520,0,2339,783559,0,0,1306999952,30998554,292718825,0,0,79691279,66,66,0,2058123915,2058123915,0,0,687795217,26622575,10.57,2.53
37,2026-05-17 12:10:18,0,q28,0,18,72,2783,15016,41586,34041,284,228,0,1077,0,2677,54290,0,0,4446484944,172803006,1055684604,0,0,470650,66,66,0,7692048,7692048,0,0,7692048,470650,14.94,2.78
38,2026-05-17 12:10:22,0,q29,0,11,70,4145,5817,54338,51885,60,76,1,512,0,2901,6945969,0,0,7880995000,46399807,241256382,0,0,45538045,805,805,0,1089147078,1089147078,0,0,1089147078,45538045,13.11,4.14
39,2026-05-17 12:10:27,0,q30,0,12,28,594,1268,1720,1643,92,62,0,0,0,111,1994073,0,0,589111080,2763597,32998878,0,0,756384,37,37,0,59407913,59407913,0,0,59407913,756384,2.9,0.59
40,2026-05-17 12:10:28,0,q31,0,19,55,1458,5979,16822,13890,46,56,0,252,0,1496,3834069,0,0,2590716528,108470914,404522920,0,0,74061,45,45,0,2500991,2500991,0,0,2420582,72215,11.54,1.46
41,2026-05-17 12:10:31,0,q32,0,7,25,390,654,4183,3822,12,19,0,0,0,46,707930,0,0,96778920,28975899,157518878,0,0,55420,12,12,0,760429,760429,0,0,760429,55420,10.73,0.39
42,2026-05-17 12:10:33,0,q33,0,9,32,667,1309,6564,5947,27,35,0,0,0,350,890190,0,0,773025944,50928063,321332628,0,0,17063,18,18,0,450455,450455,0,0,450455,17063,9.84,0.67
43,2026-05-17 12:10:34,0,q34,0,9,48,600,841,5095,4825,131,80,0,0,0,291,140401,0,0,271015752,29380852,55558472,0,0,1010675,58,58,0,34237222,34237222,0,0,17319457,510675,8.49,0.6
44,2026-05-17 12:10:36,0,q35,0,12,62,1099,2477,10913,8334,73,76,0,656,0,1211,2112212,0,0,5047516496,53144863,59336702,0,0,8052611,291,291,0,39043620,39043620,0,0,39043620,8052611,9.93,1.1
45,2026-05-17 12:10:38,0,q35a,0,11,62,883,1699,8302,7634,52,72,0,0,0,943,2112212,0,0,4258987632,53144863,59336702,0,0,8049848,291,291,0,39052774,39052774,0,0,39052774,8049848,9.4,0.88
46,2026-05-17 12:10:40,0,q36,0,6,15,578,538,4246,4113,14,17,0,0,0,87,1858292,0,0,921310080,28975652,258803460,0,0,1769,11,11,0,138565,138565,0,0,138565,1769,7.35,0.58
47,2026-05-17 12:10:42,0,q36a,0,9,20,626,553,3996,3894,21,25,0,0,0,96,1858292,0,0,1460277952,28975652,258803460,0,0,4798,36,36,0,397299,397299,0,0,147261,1822,6.38,0.63
48,2026-05-17 12:10:43,0,q37,0,6,40,938,1228,8683,8174,31,40,0,0,0,331,299199,0,0,865674784,147685474,559893194,0,0,4316414,180,180,0,64485606,64485606,0,0,64485606,14400617,9.26,0.94
49,2026-05-17 12:10:45,0,q38,0,13,112,1681,4318,23667,18891,123,140,2,0,0,3661,2992803,0,0,14718664424,50974063,51807646,0,0,12908807,1008,1008,0,99744004,99744004,0,0,73569116,11908807,14.08,1.68
50,2026-05-17 12:10:48,0,q39a,0,11,59,2189,3906,22501,19905,129,104,0,576,0,371,801878,0,0,2759990096,266468108,1041220090,0,0,1567909,55,55,0,36859402,36859402,0,0,25188288,1057909,10.28,2.19
51,2026-05-17 12:10:52,0,q39b,0,11,59,1749,3168,17922,16308,175,116,0,400,0,158,521454,0,0,2692225872,266468108,1041220090,0,0,1531488,55,55,0,35748102,35748102,0,0,24076988,1021488,10.25,1.75
52,2026-05-17 12:10:54,0,q40,0,7,36,1419,1630,16495,15389,35,40,0,0,0,1021,348211,0,0,4141621464,16015366,96488322,0,0,15748014,272,272,0,309641571,309641571,0,0,309641571,15748014,11.62,1.42
53,2026-05-17 12:10:57,0,q41,0,4,4,168,140,125,105,5,5,0,0,0,7,13527,0,0,135268304,204000,1272987,0,0,140,2,2,0,9680,9680,0,0,9680,140,0.74,0.17
54,2026-05-17 12:10:58,0,q42,0,4,13,293,283,2295,2208,13,14,0,0,0,23,110270,0,0,762710104,28975550,166472652,0,0,110,10,10,0,9116,9116,0,0,9116,110,7.83,0.29
55,2026-05-17 12:10:59,0,q43,0,4,13,499,477,4170,4079,14,18,0,0,0,29,110270,0,0,91000344,28873652,71938410,0,0,210,10,10,0,27084,27084,0,0,27084,210,8.36,0.5
56,2026-05-17 12:11:01,0,q44,0,8,34,518,594,3880,3549,36,32,0,0,0,162,1665021,0,0,1584325928,57703002,275173453,0,0,795972,120,120,0,10069011,10069011,0,0,5035816,398046,7.49,0.52
57,2026-05-17 12:11:03,0,q45,0,8,27,1366,1423,12671,11927,24,32,0,0,0,214,5014279,0,0,4113055456,8227137,42934120,0,0,7447479,98,98,0,100517155,100517155,0,0,100517155,7447479,9.28,1.37
58,2026-05-17 12:11:05,0,q46,0,9,32,928,1107,7255,7085,60,53,0,0,0,180,3376534,0,0,1089199376,29630852,188447600,0,0,529456,40,40,0,17231653,17231653,0,0,17231653,529456,7.82,0.93
59,2026-05-17 12:11:07,0,q47,0,11,75,1675,2465,18190,14948,118,120,0,150,0,2202,2307790,0,0,6540828520,28975652,145263360,0,0,2665245,787,787,0,105362886,105362886,0,0,61758664,1560722,10.86,1.68
60,2026-05-17 12:11:10,0,q48,0,8,28,1171,1431,10821,10434,1,13,0,240,0,321,1686071,0,0,334610080,31044452,224412221,0,0,4383958,23,23,0,101501998,101501998,0,0,101501998,4383958,9.24,1.17
61,2026-05-17 12:11:12,0,q49,0,18,87,1566,6089,21334,18628,74,90,0,528,0,1969,234592,0,0,4893318176,55511851,557056798,0,0,15195841,85,85,0,338212852,338212852,0,0,338212852,15195841,13.62,1.57
62,2026-05-17 12:11:15,0,q50,0,7,41,2005,2342,23431,22099,33,45,0,0,0,1385,373053,0,0,4687124776,31824333,142334948,0,0,29262054,357,357,0,629536939,629536939,0,0,629536939,29262054,11.69,2.0
63,2026-05-17 12:11:18,0,q51,0,10,117,2792,4101,37889,34005,146,167,0,364,0,3662,407915,0,0,9946829760,36073638,172274676,0,0,24415841,1679,1679,0,420200139,420200139,0,0,420200139,24415841,13.57,2.79
64,2026-05-17 12:11:22,0,q51a,0,14,183,20591,24600,270996,259726,241,301,0,2707,0,4956,567630,0,0,26902298312,36073638,172274676,0,0,47531016,2587,2587,0,789080756,789080756,0,0,575698126,36069050,13.16,20.59
65,2026-05-17 12:11:43,0,q52,0,4,13,329,318,2481,2393,12,14,0,0,0,111,110270,0,0,762710104,28975550,166603724,0,0,4250,10,10,0,266731,266731,0,0,266731,4250,7.54,0.33
66,2026-05-17 12:11:45,0,q53,0,6,15,499,480,3538,3479,13,16,0,0,0,148,138190,0,0,171348496,28975652,145799972,0,0,31394,11,11,0,661866,661866,0,0,661866,31394,7.09,0.5
67,2026-05-17 12:11:46,0,q54,0,17,59,1367,2187,14701,13883,47,68,1,0,0,868,5014322,0,0,3085658512,51545312,190048440,0,0,27925376,152,152,0,266108014,266108014,0,0,266108014,27925376,10.75,1.37
68,2026-05-17 12:11:49,0,q55,0,4,13,310,302,2356,2273,10,14,0,0,0,105,110184,0,0,762710104,28975550,166603724,0,0,3448,10,10,0,211879,211879,0,0,211879,3448,7.6,0.31
69,2026-05-17 12:11:50,0,q56,0,9,32,635,1177,5554,5029,68,72,0,0,0,311,465078,0,0,817527528,50928063,321597316,0,0,10844,18,18,0,393452,393452,0,0,393452,10844,8.75,0.64
70,2026-05-17 12:11:52,0,q57,0,11,56,1522,2435,13384,11262,99,97,0,0,0,926,2307790,0,0,5257365712,14575498,67902007,0,0,1160477,378,378,0,45054696,45054696,0,0,33346766,851478,8.79,1.52
71,2026-05-17 12:11:54,0,q58,0,11,33,765,1605,7506,6614,30,38,0,0,0,302,783559,0,0,1874516736,50722161,286836650,0,0,247081,27,27,0,3686832,3686832,0,0,3686832,247081,9.81,0.76
72,2026-05-17 12:11:56,0,q59,0,10,29,1026,1101,6772,6463,27,31,0,88,0,374,754364,0,0,1622762440,29019852,72241290,0,0,304460,132,132,0,12848209,12848209,0,0,6671233,170845,6.6,1.03
73,2026-05-17 12:11:58,0,q60,0,9,32,756,1481,6500,5779,33,43,0,0,0,368,465078,0,0,1260333848,50928063,321533332,0,0,78428,19,19,0,1556487,1556487,0,0,1556487,78428,8.6,0.76
74,2026-05-17 12:12:00,0,q61,0,10,28,758,1178,8417,7994,3,15,0,0,0,2,5014279,0,0,623374000,58526653,415009764,0,0,20,20,20,0,1179,1179,0,0,1179,20,11.1,0.76
75,2026-05-17 12:12:02,0,q62,0,6,9,424,409,1381,1345,7,7,0,0,0,37,66444,0,0,85210792,7273209,25080911,0,0,1680,4,4,0,144678,144678,0,0,144678,1680,3.26,0.42
76,2026-05-17 12:12:04,0,q63,0,6,15,470,454,3406,3351,13,16,0,0,0,127,138190,0,0,171282960,28975652,145802092,0,0,12917,11,11,0,338319,338319,0,0,338319,12917,7.25,0.47
77,2026-05-17 12:12:05,0,q64,0,33,298,8952,21256,130401,114845,598,625,6,1904,0,13615,1086691,0,0,43419547432,50518209,483849547,0,0,66198164,5431,5431,0,2332424612,2332424612,0,0,2094334387,55680264,14.57,8.95
78,2026-05-17 12:12:16,0,q65,0,10,76,1593,2929,23087,20479,100,109,1,224,0,1688,9164527,0,0,6089929776,57776153,293046734,0,0,11880061,391,391,0,391220668,391220668,0,0,391220668,11880061,14.49,1.59
79,2026-05-17 12:12:18,0,q66,0,8,21,925,1232,6207,5448,36,41,0,0,0,22,165207,0,0,872275792,21759992,173133259,0,0,90,9,9,0,47940,47940,0,0,47940,90,6.71,0.92
80,2026-05-17 12:12:20,0,q67,0,6,31,6813,6761,72219,70656,53,49,0,816,0,1385,4630315,0,0,7394888888,28975652,172757611,0,0,11548825,187,187,0,866159379,866159379,0,0,866159379,11548825,10.6,6.81
81,2026-05-17 12:12:28,0,q67a,0,14,172,10469,36288,139293,129298,276,320,0,1346,0,5612,4630315,0,0,26370438416,28975652,172757611,0,0,55551443,1700,1700,0,4120622499,4120622499,0,0,900593811,13218747,13.31,10.47
82,2026-05-17 12:12:40,0,q68,0,9,32,736,892,5587,5325,57,48,0,110,0,152,3376534,0,0,591079384,29630852,301203560,0,0,507674,40,40,0,16318004,16318004,0,0,16318004,507674,7.59,0.74
83,2026-05-17 12:12:42,0,q69,0,13,57,682,1769,6610,5639,36,56,0,0,0,1081,467445,0,0,1524419368,53144863,59406334,0,0,3828287,131,131,0,62118565,62118565,0,0,62118565,3828287,9.69,0.68
84,2026-05-17 12:12:43,0,q70,0,9,27,764,704,5585,5416,27,33,0,0,0,45,208460,0,0,1054549784,57674255,204110256,0,0,209,22,22,0,10316,10316,0,0,10316,209,7.31,0.76
85,2026-05-17 12:12:45,0,q70a,0,12,32,765,642,4824,4680,30,39,0,0,0,54,207900,0,0,855320256,57674255,204110256,0,0,240,47,47,0,14125,14125,0,0,8085,180,6.31,0.76
86,2026-05-17 12:12:47,0,q71,0,7,30,556,524,5058,4580,34,44,0,0,0,228,452415,0,0,832552312,50662463,309202270,0,0,32249,31,31,0,1647968,1647968,0,0,994828,21130,9.1,0.56
87,2026-05-17 12:12:49,0,q72,0,16,93,17096,20628,215627,208966,120,137,0,1248,0,4990,6577006,0,0,19933730552,151199964,657716443,0,0,142630673,1392,1392,0,2049530107,2049530107,0,0,2049530107,142630673,12.61,17.1
88,2026-05-17 12:13:07,0,q73,0,9,48,456,683,3723,3593,36,35,0,0,0,124,138190,0,0,269680456,29380852,55558472,0,0,1002732,49,49,0,33968564,33968564,0,0,17050799,502732,8.16,0.46
89,2026-05-17 12:13:08,0,q74,0,15,131,4105,13736,61675,55386,171,195,0,459,1,3512,1428954,0,0,22921014288,36646687,138902766,0,0,71557457,1399,1399,0,759410780,759410780,0,0,388018178,36002167,15.02,4.11
90,2026-05-17 12:13:14,0,q75,0,19,136,2483,9133,37713,29597,144,186,0,464,0,4923,574640,0,0,11663447024,106087914,761041160,0,0,14156492,1038,1038,0,314359407,314359407,0,0,214429694,9118704,15.19,2.48
91,2026-05-17 12:13:17,0,q76,0,4,27,629,596,7746,6012,29,39,0,304,0,260,918479,0,0,1919210600,50576063,311687490,0,0,3127,24,24,0,261039,261039,0,0,261039,3127,12.31,0.63
92,2026-05-17 12:13:19,0,q77,0,14,50,794,3282,9172,7371,46,55,1,130,0,160,121458,0,0,752913968,55512153,370004033,0,0,1747,34,34,0,119687,119687,0,0,119687,1747,11.55,0.79
93,2026-05-17 12:13:21,0,q77a,0,17,55,900,2892,8006,6937,49,64,0,0,0,214,141450,0,0,1291881840,55512153,370004033,0,0,2211,45,45,0,175804,175804,0,0,134308,1881,8.9,0.9
94,2026-05-17 12:13:23,0,q78,0,12,94,5704,13367,84347,76849,183,158,1,627,0,5331,6475451,0,0,18310339880,55584900,461459194,0,0,54207575,1241,1241,0,1579148800,1579148800,0,0,1579148800,54207575,14.79,5.7
95,2026-05-17 12:13:30,0,q79,0,8,29,875,1052,7301,7022,49,45,0,160,0,178,2263289,0,0,991772448,29380852,185998480,0,0,581366,44,44,0,16092595,16092595,0,0,16092595,581366,8.34,0.88
96,2026-05-17 12:13:32,0,q80,0,17,101,6054,20943,91979,83814,146,139,0,1648,0,5074,396320,0,0,14185165104,55626495,607719862,0,0,53052375,734,734,0,1571615941,1571615941,0,0,1571615941,53052375,15.19,6.05
97,2026-05-17 12:13:39,0,q80a,0,20,106,6083,21360,91205,86768,112,139,0,256,0,4317,396363,0,0,14657024136,55626495,607719862,0,0,53053332,745,745,0,1571731553,1571731553,0,0,1571628803,53052306,14.99,6.08
98,2026-05-17 12:13:47,0,q81,0,15,46,678,1427,4125,3924,95,79,0,0,0,254,1994073,0,0,2017309984,4202813,42435214,0,0,1386550,76,76,0,36822058,36822058,0,0,36822058,1386550,6.08,0.68
99,2026-05-17 12:13:48,0,q82,0,6,40,1262,1853,13088,11520,24,40,0,320,0,1138,299586,0,0,1637431696,162085550,598297048,0,0,13778665,194,194,0,137239500,137239500,0,0,137239500,28800829,10.37,1.26
100,2026-05-17 12:13:51,0,q83,0,10,23,475,861,3265,2929,18,21,0,0,0,193,783559,0,0,977241352,5358935,28110796,0,0,43961,14,14,0,759663,759663,0,0,759663,43961,6.87,0.48
101,2026-05-17 12:13:52,0,q84,0,9,29,553,453,2045,1962,21,22,0,0,0,179,9713803,0,0,96623136,5555652,22261454,0,0,2778810,21,21,0,14458335,14458335,0,0,14458335,2778810,3.7,0.55
102,2026-05-17 12:13:54,0,q85,0,13,50,949,2076,7354,6648,52,68,0,168,0,372,1611538,0,0,3925239888,12085256,98304120,0,0,3001776,128,128,0,62818568,62818568,0,0,62818568,3001776,7.75,0.95
103,2026-05-17 12:13:56,0,q86,0,5,8,346,307,942,911,8,8,0,0,0,35,1858292,0,0,445053744,7375137,42167036,0,0,816,5,5,0,54744,54744,0,0,54744,816,2.72,0.35
104,2026-05-17 12:13:57,0,q86a,0,8,13,422,362,1040,1002,11,13,0,0,0,43,1858292,0,0,984021584,7375137,42167036,0,0,2119,18,18,0,157705,157705,0,0,66561,929,2.46,0.42
105,2026-05-17 12:13:59,0,q87,0,13,112,1648,4349,23355,18338,117,134,0,160,0,3207,2992760,0,0,14718664424,50974063,51807646,0,0,12908807,1008,1008,0,99744004,99744004,0,0,73569116,11908807,14.17,1.65
106,2026-05-17 12:14:02,0,q88,0,26,98,1241,7694,17732,16019,4,43,0,0,0,11,49973,0,0,257476480,231102510,223408392,0,0,80,80,80,0,4720,4720,0,0,4720,80,14.29,1.24
107,2026-05-17 12:14:04,0,q89,0,6,16,535,515,3797,3690,15,18,0,0,0,151,138190,0,0,909938872,28975652,145533696,0,0,49975,22,22,0,2298949,2298949,0,0,2298949,49975,7.1,0.54
108,2026-05-17 12:14:06,0,q90,0,8,14,175,272,884,872,0,3,0,0,0,0,40754,0,0,25899136,14580376,22811276,0,0,8,8,8,0,472,472,0,0,472,8,5.05,0.18
109,2026-05-17 12:14:07,0,q91,0,11,17,369,433,959,873,9,12,0,0,0,75,9527061,0,0,480414344,4190955,24237735,0,0,109813,8,8,0,1095219,1095219,0,0,1092269,109794,2.6,0.37
110,2026-05-17 12:14:08,0,q92,0,7,13,337,559,1805,1758,2,7,0,0,0,81,708778,0,0,82624920,14575225,84044050,0,0,135661,9,9,0,1837430,1837430,0,0,1837430,135661,5.36,0.34
111,2026-05-17 12:14:10,0,q93,0,5,39,3813,4192,45253,42957,22,38,0,528,0,1975,252331,0,0,5766380072,31678178,201779522,0,0,31635854,357,357,0,754631060,754631060,0,0,754631060,31635854,11.87,3.81
112,2026-05-17 12:14:14,0,q94,0,8,30,1347,1765,13026,12361,42,37,0,0,0,376,2550511,0,0,3571011840,15443541,75645096,0,0,14397040,153,153,0,217756751,217756751,0,0,217756751,14397040,9.67,1.35
113,2026-05-17 12:14:17,0,q95,0,8,30,3608,4104,46950,38153,43,43,0,1792,0,461,2550567,0,0,14560086280,15443541,72405160,0,0,35990240,357,357,0,319472623,319472623,0,0,196649755,14395274,13.01,3.61
114,2026-05-17 12:14:22,0,q96,0,5,14,263,240,1852,1811,0,5,0,0,0,1,49930,0,0,31936240,28894203,27982490,0,0,10,10,10,0,590,590,0,0,590,10,7.04,0.26
115,2026-05-17 12:14:23,0,q97,0,5,39,1735,2167,19490,17552,44,44,0,0,0,307,268923,0,0,6186655016,43273975,150799738,0,0,8377699,238,238,0,96908300,96908300,0,0,96908300,8377699,11.23,1.74
116,2026-05-17 12:14:26,0,q98,0,7,24,736,618,3168,2831,25,29,3,0,0,216,3269297,0,0,1585220256,28975550,169831312,0,0,106186,98,98,0,14470568,14470568,0,0,12500913,91022,4.3,0.74
117,2026-05-17 12:14:27,0,q99,0,6,15,580,560,2855,2585,35,38,0,0,0,61,165207,0,0,111969064,14473528,33990610,0,0,2160,3,3,0,173855,173855,0,0,173855,2160,4.92,0.58
118,2026-05-17 12:14:29,1,q1,0,12,53,738,1215,7043,5367,50,53,0,30,0,1094,306771,0,0,3119842872,6328415,47343738,0,0,2168136,192,192,0,31369447,31369447,0,0,31369447,2168136,9.54,0.74
119,2026-05-17 12:14:31,1,q2,0,9,22,575,520,4797,4389,19,24,0,148,0,77,754364,0,0,345169624,21819660,67870754,0,0,6838,44,44,0,352525,352525,0,0,127373,4198,8.34,0.57
120,2026-05-17 12:14:33,1,q3,0,4,13,286,274,2134,2051,13,14,0,0,0,99,110270,0,0,93667304,28975550,166603616,0,0,2998,10,10,0,206438,206438,0,0,206438,2998,7.46,0.29
121,2026-05-17 12:14:34,1,q4,0,22,235,7453,36454,115436,102340,347,393,1,2032,0,9752,1682654,0,0,39674206800,51047112,607382666,0,0,102286012,3503,3503,0,2536512620,2536512620,0,0,1273495988,51438627,15.49,7.45
122,2026-05-17 12:14:43,1,q5,0,11,69,1754,3672,22369,19892,73,102,0,0,0,869,421683,0,0,3181537976,62724083,413647286,0,0,7890286,132,132,0,109305912,109305912,0,0,109305912,7890286,12.75,1.75
123,2026-05-17 12:14:45,1,q5a,0,14,74,1753,3507,21477,18961,86,117,0,288,0,585,421683,0,0,3720505848,62724083,413647286,0,0,7892232,142,142,0,109464345,109464345,0,0,109331115,7890408,12.25,1.75
124,2026-05-17 12:14:48,1,q6,0,11,36,1330,1738,15405,14736,40,46,0,0,0,554,5014279,0,0,4851667944,29900599,103630716,0,0,27358702,206,206,0,240467439,240467439,0,0,240467439,27358702,11.58,1.33
125,2026-05-17 12:14:51,1,q7,0,9,30,2148,2395,18809,18321,17,27,0,250,0,1480,783559,0,0,943558784,30896850,320150123,0,0,26634669,35,35,0,771509016,771509016,0,0,771509016,26634669,8.76,2.15
126,2026-05-17 12:14:54,1,q8,0,10,19,655,610,4058,3991,17,19,0,0,0,38,1283173,0,0,974972800,29873652,105569352,0,0,6731,13,13,0,84238,84238,0,0,84238,6731,6.2,0.66
127,2026-05-17 12:14:56,1,q9,0,31,166,2147,30814,32762,28971,328,319,3,1198,0,90,48594,0,0,0,432007560,970422060,0,0,150,150,150,0,9453,9453,0,0,9453,150,15.26,2.15
128,2026-05-17 12:14:59,1,q10,0,13,57,741,1879,7206,6399,33,54,0,0,0,733,592058,0,0,1521597160,53144863,59602942,0,0,4321867,132,132,0,66400239,66400239,0,0,66400239,4321867,9.72,0.74
129,2026-05-17 12:15:01,1,q10a,0,10,56,535,1274,5504,5141,37,58,0,0,0,517,444765,0,0,2037008608,53144863,59602942,0,0,4289247,183,183,0,66359315,66359315,0,0,66359315,4289247,10.29,0.54
130,2026-05-17 12:15:02,1,q11,0,17,156,4065,13489,61353,55373,216,242,0,1129,0,5296,1373324,0,0,26856842912,36646687,205307118,0,0,71770406,2006,2006,0,1051794768,1051794768,0,0,537186984,36215116,15.09,4.07
131,2026-05-17 12:15:08,1,q12,0,5,9,377,340,874,841,8,8,0,0,0,55,3269297,0,0,512872760,7375137,45931260,0,0,29116,10,10,0,3907103,3907103,0,0,3907103,29116,2.32,0.38
132,2026-05-17 12:15:09,1,q13,0,9,20,1109,1277,9101,9044,0,8,0,0,0,165,1611538,0,0,109217120,31051652,402774873,0,0,193014,14,14,0,2711685,2711685,0,0,2711685,193014,8.21,1.11
133,2026-05-17 12:15:11,1,q14a,0,30,163,6033,10616,60376,53139,218,252,0,1392,0,4370,1189316,0,0,10472473064,151830189,623624460,0,0,62618775,351,351,0,879083795,879083795,0,0,875977067,62532251,10.01,6.03
134,2026-05-17 12:15:20,1,q14b,0,24,123,3998,6994,48480,44409,143,177,0,784,0,2856,1189316,0,0,8267151424,130375774,496550338,0,0,68372312,289,289,0,1013581742,1013581742,0,0,529664620,40865105,12.13,4.0
135,2026-05-17 12:15:25,1,q14,0,24,120,2932,5433,35289,33319,135,166,0,784,0,2487,1163429,0,0,7513717016,130375774,496550338,0,0,68278758,254,254,0,1004808282,1004808282,0,0,520891160,40771551,12.04,2.93
136,2026-05-17 12:15:29,1,q15,0,6,31,1361,1359,14673,13255,20,32,0,368,0,507,5014279,0,0,4165109160,15223474,50392286,0,0,14544315,204,204,0,125445003,125445003,0,0,125445003,14544315,10.78,1.36
137,2026-05-17 12:15:32,1,q16,0,8,46,1867,3096,24674,23126,47,54,22,220,0,1150,424164,0,0,4703921456,30563805,163444772,0,0,30114572,442,442,0,422088498,422088498,0,0,422088498,30114572,13.22,1.87
138,2026-05-17 12:15:35,1,q17,0,10,69,4337,6056,56997,55444,63,80,1,0,0,2663,6945969,0,0,7880912176,46326758,240776630,0,0,45538041,803,803,0,1089146303,1089146303,0,0,1089146303,45538041,13.14,4.34
139,2026-05-17 12:15:40,1,q18,0,12,36,1547,2350,13668,12601,27,36,0,340,0,914,9713760,0,0,1706635496,19167074,223424435,0,0,14504153,23,23,0,423927855,423927855,0,0,423927855,14504153,8.84,1.55
140,2026-05-17 12:15:43,1,q18a,0,21,83,2230,6315,26469,23361,84,105,0,320,0,1245,9713803,0,0,7785537408,20019074,226658089,0,0,71656438,82,82,0,2096878181,2096878181,0,0,424789813,14560854,11.87,2.23
141,2026-05-17 12:15:46,1,q19,0,7,16,696,670,4959,4854,13,17,0,0,0,116,5014279,0,0,1168748344,29725652,193890954,0,0,7397,10,10,0,541770,541770,0,0,541770,7397,7.12,0.7
142,2026-05-17 12:15:48,1,q20,0,5,14,374,335,1323,1234,12,14,0,0,0,17,3269297,0,0,307530856,14575474,82668674,0,0,28486,2,2,0,3491832,3491832,0,0,3491832,28486,3.54,0.37
143,2026-05-17 12:15:49,1,q21,0,5,14,989,977,7485,6832,12,13,0,270,0,10,137459,0,0,171972096,133285059,521280710,0,0,31850,1,1,0,679321,679321,0,0,679321,31850,7.57,0.99
144,2026-05-17 12:15:52,1,q22,0,6,31,58609,58566,121130,120378,86,50,0,308,0,63,4630315,0,0,1564275584,133285059,521261101,0,0,612866,68,68,0,25729614,25729614,0,0,25729614,612866,2.07,58.61
145,2026-05-17 12:16:51,1,q22a,0,10,55,3280,3667,13876,12623,78,91,0,18,0,1210,4630315,0,0,5461307616,133285059,521266189,0,0,918610,160,160,0,45113549,45113549,0,0,14511781,306922,4.23,3.28
146,2026-05-17 12:16:56,1,q23a,0,18,127,6305,9993,74717,70969,140,158,1,788,0,3940,6577006,0,0,12019353816,108823163,443356832,0,0,43897022,767,767,0,1116260376,1116260376,0,0,1086369609,41990015,11.85,6.3
147,2026-05-17 12:17:03,1,q23b,0,21,148,6645,11362,80962,75778,205,226,1,788,0,3993,6577006,0,0,24994694952,109323163,446408878,0,0,48673518,1581,1581,0,1201500821,1201500821,0,0,1098741076,42452497,12.18,6.64
148,2026-05-17 12:17:11,1,q24,0,12,63,2358,3661,27435,25488,20,48,0,320,0,2435,463487,0,0,4795803152,32530235,211136248,0,0,30468590,392,392,0,704283614,704283614,0,0,704283614,30468590,11.63,2.36
149,2026-05-17 12:17:14,1,q24a,0,19,116,3413,4452,36610,34631,95,135,0,0,0,3443,3560798,0,0,14728425696,32632235,209830306,0,0,61448141,1349,1349,0,1431432510,1431432510,0,0,733412274,30991090,10.73,3.41
150,2026-05-17 12:17:19,1,q24b,0,19,116,3051,4301,33002,31549,95,132,0,480,0,2719,3560798,0,0,14722420960,32632235,209830306,0,0,61437701,1349,1349,0,1430205327,1430205327,0,0,732185091,30980650,10.82,3.05
151,2026-05-17 12:17:23,1,q25,0,10,69,4520,6413,58712,56470,60,74,1,496,0,2727,6945969,0,0,7880887560,46326758,336724939,0,0,45538038,800,800,0,1108759789,1108759789,0,0,1108759789,45538038,12.99,4.52
152,2026-05-17 12:17:29,1,q26,0,8,28,1326,1596,11608,11167,13,21,0,240,0,816,783559,0,0,339054936,16496774,167426909,0,0,14334907,16,16,0,388692645,388692645,0,0,388692645,14334907,8.75,1.33
153,2026-05-17 12:17:31,1,q27,0,9,30,2047,2196,17554,16946,19,25,0,250,0,1515,783559,0,0,944051072,30896452,292410015,0,0,26620676,35,35,0,687564889,687564889,0,0,687564889,26620676,8.58,2.05
154,2026-05-17 12:17:34,1,q27a,0,13,53,2633,4432,28413,26686,29,46,0,530,0,2010,783559,0,0,1306999952,30998554,292718825,0,0,79691279,66,66,0,2058123915,2058123915,0,0,687795217,26622575,10.79,2.63
155,2026-05-17 12:17:38,1,q28,0,18,72,2804,15230,42053,35957,190,161,0,1032,0,2652,54290,0,0,4446484944,172803006,1055684604,0,0,470650,66,66,0,7692048,7692048,0,0,7692048,470650,15.0,2.8
156,2026-05-17 12:17:42,1,q29,0,11,70,4307,6002,56880,54464,61,77,1,0,0,3084,6945969,0,0,7880995000,46399807,241256382,0,0,45538045,805,805,0,1089147078,1089147078,0,0,1089147078,45538045,13.21,4.31
157,2026-05-17 12:17:47,1,q30,0,13,29,607,1286,1673,1582,91,60,0,0,0,122,1994073,0,0,589111080,2763597,32998878,0,0,788443,38,38,0,59786503,59786503,0,0,59786503,788443,2.76,0.61
158,2026-05-17 12:17:49,1,q31,0,19,55,1544,6332,17662,14787,46,50,0,0,0,1714,3834069,0,0,2523542152,108470914,404522920,0,0,74049,45,45,0,2557735,2557735,0,0,2448954,72209,11.44,1.54
159,2026-05-17 12:17:51,1,q32,0,7,25,360,603,3491,3252,9,17,0,0,0,44,707930,0,0,96778920,28975899,157518878,0,0,55420,12,12,0,760429,760429,0,0,760429,55420,9.7,0.36
160,2026-05-17 12:17:53,1,q33,0,9,32,685,1324,6248,5743,27,36,0,0,0,316,890190,0,0,773025944,50928063,321332628,0,0,17063,18,18,0,450455,450455,0,0,450455,17063,9.12,0.68
161,2026-05-17 12:17:55,1,q34,0,9,48,562,817,5006,4738,48,41,0,0,0,357,140358,0,0,271015752,29380852,55558472,0,0,1010675,58,58,0,34237222,34237222,0,0,17319457,510675,8.91,0.56
162,2026-05-17 12:17:56,1,q35,0,12,62,1022,2183,10080,8727,53,71,0,0,0,1172,2112212,0,0,5047516496,53144863,59336702,0,0,8052611,291,291,0,39043620,39043620,0,0,39043620,8052611,9.86,1.02
163,2026-05-17 12:17:58,1,q35a,0,11,62,1012,2112,10424,8385,48,70,0,1232,0,1126,2112212,0,0,4258987632,53144863,59336702,0,0,8049848,291,291,0,39052774,39052774,0,0,39052774,8049848,10.3,1.01
164,2026-05-17 12:18:00,1,q36,0,6,15,545,508,3973,3868,14,16,0,0,0,77,1858292,0,0,921310080,28975652,258803460,0,0,1769,11,11,0,138565,138565,0,0,138565,1769,7.29,0.55
165,2026-05-17 12:18:02,1,q36a,0,9,20,618,553,4005,3912,19,24,0,0,0,92,1858292,0,0,1460277952,28975652,258803460,0,0,4798,36,36,0,397299,397299,0,0,147261,1822,6.48,0.62
166,2026-05-17 12:18:04,1,q37,0,6,40,954,1371,10227,8108,23,39,0,368,0,639,299199,0,0,865674784,147685474,559893194,0,0,4316414,180,180,0,64485606,64485606,0,0,64485606,14400617,10.72,0.95
167,2026-05-17 12:18:06,1,q38,0,13,112,1804,4887,26036,21015,118,132,0,0,0,3410,2992803,0,0,14718664424,50974063,51807646,0,0,12908807,1008,1008,0,99744004,99744004,0,0,73569116,11908807,14.43,1.8
168,2026-05-17 12:18:09,1,q39a,0,11,59,2155,3870,23054,21634,102,101,0,448,0,368,801878,0,0,2759990096,266468108,1041220090,0,0,1567909,55,55,0,36859402,36859402,0,0,25188288,1057909,10.7,2.15
169,2026-05-17 12:18:12,1,q39b,0,11,59,1661,3027,17078,16874,98,114,0,0,0,160,521454,0,0,2692225872,266468108,1041220090,0,0,1531488,55,55,0,35748102,35748102,0,0,24076988,1021488,10.28,1.66
170,2026-05-17 12:18:14,1,q40,0,7,36,1899,2226,23005,20838,26,39,0,448,0,905,348899,0,0,4141621464,16015366,96488322,0,0,15748014,272,272,0,309641571,309641571,0,0,309641571,15748014,12.11,1.9
171,2026-05-17 12:18:17,1,q41,0,4,4,143,116,102,101,5,5,0,0,0,7,13527,0,0,135268304,204000,1272987,0,0,140,2,2,0,9680,9680,0,0,9680,140,0.71,0.14
172,2026-05-17 12:18:19,1,q42,0,4,13,315,305,2480,2392,10,13,0,0,0,24,110184,0,0,762710104,28975550,166472652,0,0,110,10,10,0,9116,9116,0,0,9116,110,7.87,0.32
173,2026-05-17 12:18:20,1,q43,0,4,13,434,414,3569,3470,12,15,0,0,0,28,110227,0,0,91000344,28873652,71938410,0,0,210,10,10,0,27084,27084,0,0,27084,210,8.22,0.43
174,2026-05-17 12:18:21,1,q44,0,8,34,474,513,3540,3342,25,33,0,0,0,158,1665021,0,0,1584325928,57703002,275173453,0,0,795972,120,120,0,10069011,10069011,0,0,5035816,398046,7.47,0.47
175,2026-05-17 12:18:23,1,q45,0,8,27,1113,1182,8464,8017,23,31,0,0,0,212,5014279,0,0,4113055456,8227137,42934120,0,0,7447479,98,98,0,100517155,100517155,0,0,100517155,7447479,7.6,1.11
176,2026-05-17 12:18:25,1,q46,0,9,32,958,1117,7899,7404,57,51,0,350,0,172,3376534,0,0,1089199376,29630852,188447600,0,0,529456,40,40,0,17231653,17231653,0,0,17231653,529456,8.25,0.96
177,2026-05-17 12:18:27,1,q47,0,11,75,1679,2571,18428,14578,118,115,9,224,0,2892,2307790,0,0,6540828520,28975652,145263360,0,0,2665245,787,787,0,105362886,105362886,0,0,61758664,1560722,10.98,1.68
178,2026-05-17 12:18:30,1,q48,0,8,28,1164,1438,10839,10249,0,13,0,400,0,328,1686071,0,0,334610080,31044452,224412221,0,0,4383958,23,23,0,101501998,101501998,0,0,101501998,4383958,9.31,1.16
179,2026-05-17 12:18:32,1,q49,0,18,87,1492,5956,20619,18885,67,86,0,0,0,1629,234592,0,0,4893318176,55511851,557056798,0,0,15195841,85,85,0,338212852,338212852,0,0,338212852,15195841,13.82,1.49
180,2026-05-17 12:18:35,1,q50,0,7,41,2198,2520,26995,25166,28,46,0,336,0,1463,373053,0,0,4687124776,31824333,142334948,0,0,29262054,357,357,0,629536939,629536939,0,0,629536939,29262054,12.28,2.2
181,2026-05-17 12:18:38,1,q51,0,10,117,2767,4069,37835,34280,138,160,0,0,0,3651,407915,0,0,9946829760,36073638,172274676,0,0,24415841,1679,1679,0,420200139,420200139,0,0,420200139,24415841,13.67,2.77
182,2026-05-17 12:18:42,1,q51a,0,14,183,20859,24980,274345,252685,268,305,0,2912,0,4408,567587,0,0,26902298312,36073638,172274676,0,0,47531016,2587,2587,0,789080756,789080756,0,0,575698126,36069050,13.15,20.86
183,2026-05-17 12:19:04,1,q52,0,4,13,340,331,2763,2620,9,13,0,40,0,123,110528,0,0,762710104,28975550,166603724,0,0,4250,10,10,0,266731,266731,0,0,266731,4250,8.13,0.34
184,2026-05-17 12:19:05,1,q53,0,6,15,510,495,3678,3612,13,17,0,0,0,141,138190,0,0,171348496,28975652,145799972,0,0,31394,11,11,0,661866,661866,0,0,661866,31394,7.21,0.51
185,2026-05-17 12:19:07,1,q54,0,17,59,1362,2341,14640,13504,49,64,2,0,0,962,5014322,0,0,3085658512,51545312,190048440,0,0,27925376,152,152,0,266108014,266108014,0,0,266108014,27925376,10.75,1.36
186,2026-05-17 12:19:09,1,q55,0,4,13,321,312,2620,2526,10,13,0,0,0,124,110184,0,0,762710104,28975550,166603724,0,0,3448,10,10,0,211879,211879,0,0,211879,3448,8.16,0.32
187,2026-05-17 12:19:11,1,q56,0,9,32,703,1436,6634,6152,28,35,0,0,0,207,465078,0,0,817527528,50928063,321597316,0,0,10844,18,18,0,393452,393452,0,0,393452,10844,9.44,0.7
188,2026-05-17 12:19:12,1,q57,0,11,56,1702,2361,11941,10195,105,92,3,0,0,1067,2307790,0,0,5257365712,14575498,67902007,0,0,1160477,378,378,0,45054696,45054696,0,0,33346766,851478,7.02,1.7
189,2026-05-17 12:19:15,1,q58,0,11,33,971,2159,11010,10056,32,36,0,0,0,317,783559,0,0,1874516736,50722161,286836650,0,0,247081,27,27,0,3686832,3686832,0,0,3686832,247081,11.34,0.97
190,2026-05-17 12:19:17,1,q59,0,10,29,972,1027,6450,5841,25,31,0,390,0,331,754364,0,0,1622762440,29019852,72241290,0,0,304460,132,132,0,12848209,12848209,0,0,6671233,170845,6.64,0.97
191,2026-05-17 12:19:19,1,q60,0,9,32,791,1830,8789,8036,31,39,0,0,0,250,465078,0,0,1260333848,50928063,321533332,0,0,78428,19,19,0,1556487,1556487,0,0,1556487,78428,11.11,0.79
192,2026-05-17 12:19:21,1,q61,0,10,28,763,1232,8299,7903,0,12,0,0,0,2,5014279,0,0,623374000,58526653,415009764,0,0,20,20,20,0,1179,1179,0,0,1179,20,10.88,0.76
193,2026-05-17 12:19:23,1,q62,0,6,9,420,405,1361,1328,5,6,0,0,0,36,66401,0,0,85210792,7273209,25080911,0,0,1680,4,4,0,144678,144678,0,0,144678,1680,3.24,0.42
194,2026-05-17 12:19:25,1,q63,0,6,15,456,442,3308,3250,13,16,0,0,0,133,138190,0,0,171282960,28975652,145802092,0,0,12917,11,11,0,338319,338319,0,0,338319,12917,7.25,0.46
195,2026-05-17 12:19:26,1,q64,0,33,298,9176,22222,135498,120805,546,587,1,1582,0,13312,1086691,0,0,43419547432,50518209,483849547,0,0,66198164,5431,5431,0,2332424612,2332424612,0,0,2094334387,55680264,14.77,9.18
196,2026-05-17 12:19:37,1,q65,0,10,76,1597,2971,22896,19380,101,106,1,176,0,1550,9164527,0,0,6089929776,57776153,293046734,0,0,11880061,391,391,0,391220668,391220668,0,0,391220668,11880061,14.34,1.6
197,2026-05-17 12:19:39,1,q66,0,8,21,956,1331,6805,6176,34,40,0,0,0,26,165207,0,0,872275792,21759992,173133259,0,0,90,9,9,0,47940,47940,0,0,47940,90,7.12,0.96
198,2026-05-17 12:19:41,1,q67,0,6,31,7011,6961,74293,72721,34,45,0,566,0,1409,4630315,0,0,7394888888,28975652,172757611,0,0,11548825,187,187,0,866159379,866159379,0,0,866159379,11548825,10.6,7.01
199,2026-05-17 12:19:50,1,q67a,0,14,172,10463,36184,138590,130210,304,333,0,1035,0,5328,4630315,0,0,26370438416,28975652,172757611,0,0,55551443,1700,1700,0,4120622499,4120622499,0,0,900593811,13218747,13.25,10.46
200,2026-05-17 12:20:01,1,q68,0,9,32,853,1029,6742,6592,57,47,0,0,0,164,3376534,0,0,591079384,29630852,301203560,0,0,507674,40,40,0,16318004,16318004,0,0,16318004,507674,7.9,0.85
201,2026-05-17 12:20:03,1,q69,0,13,57,803,2073,7716,6700,35,52,0,108,0,1051,467445,0,0,1524419368,53144863,59406334,0,0,3828287,131,131,0,62118565,62118565,0,0,62118565,3828287,9.61,0.8
202,2026-05-17 12:20:05,1,q70,0,9,27,789,732,5842,5693,22,30,0,0,0,44,208460,0,0,1054549784,57674255,204110256,0,0,209,22,22,0,10316,10316,0,0,10316,209,7.4,0.79
203,2026-05-17 12:20:07,1,q70a,0,12,32,747,632,4713,4575,27,36,0,0,0,46,207900,0,0,855320256,57674255,204110256,0,0,240,47,47,0,14125,14125,0,0,8085,180,6.31,0.75
204,2026-05-17 12:20:09,1,q71,0,7,30,772,742,8895,8186,35,42,0,0,0,218,452415,0,0,832552312,50662463,309202270,0,0,32249,31,31,0,1647968,1647968,0,0,994828,21130,11.52,0.77
205,2026-05-17 12:20:11,1,q72,0,16,93,17240,20361,222476,217543,122,138,1,840,0,5265,6577006,0,0,19933730552,151199964,657716443,0,0,142630673,1392,1392,0,2049530107,2049530107,0,0,2049530107,142630673,12.9,17.24
206,2026-05-17 12:20:29,1,q73,0,9,48,477,744,4047,3943,29,33,0,0,0,135,138190,0,0,269680456,29380852,55558472,0,0,1002732,49,49,0,33968564,33968564,0,0,17050799,502732,8.48,0.48
207,2026-05-17 12:20:30,1,q74,0,15,131,3931,13219,59721,54076,160,186,0,519,0,3614,1428954,0,0,22921014288,36646687,138902766,0,0,71557457,1399,1399,0,759410780,759410780,0,0,388018178,36002167,15.19,3.93
208,2026-05-17 12:20:36,1,q75,0,19,136,2768,10156,42499,33881,156,186,0,448,0,5131,574640,0,0,11663447024,106087914,761041160,0,0,14156492,1038,1038,0,314359407,314359407,0,0,214429694,9118704,15.35,2.77
209,2026-05-17 12:20:39,1,q76,0,4,27,713,686,9331,8273,28,41,0,0,0,197,918479,0,0,1919210600,50576063,311687490,0,0,3127,24,24,0,261039,261039,0,0,261039,3127,13.09,0.71
210,2026-05-17 12:20:41,1,q77,0,14,50,728,2890,7848,7013,49,55,0,0,0,170,121458,0,0,752913968,55512153,370004033,0,0,1747,34,34,0,119687,119687,0,0,119687,1747,10.78,0.73
211,2026-05-17 12:20:43,1,q77a,0,17,55,984,3785,10172,8064,54,62,1,644,0,183,141450,0,0,1291881840,55512153,370004033,0,0,2211,45,45,0,175804,175804,0,0,134308,1881,10.34,0.98
212,2026-05-17 12:20:45,1,q78,0,12,94,5637,13370,81905,76529,158,151,1,272,0,4545,6475408,0,0,18310339880,55584900,461459194,0,0,54207575,1241,1241,0,1579148800,1579148800,0,0,1579148800,54207575,14.53,5.64
213,2026-05-17 12:20:52,1,q79,0,8,29,865,1009,7189,6950,49,41,0,130,0,156,2263289,0,0,991772448,29380852,185998480,0,0,581366,44,44,0,16092595,16092595,0,0,16092595,581366,8.31,0.86
214,2026-05-17 12:20:54,1,q80,0,17,101,6011,20647,91868,86782,111,135,0,656,0,5125,396191,0,0,14185165104,55626495,607719862,0,0,53052375,734,734,0,1571615941,1571615941,0,0,1571615941,53052375,15.28,6.01
215,2026-05-17 12:21:01,1,q80a,0,20,106,6333,24007,95463,90139,114,141,0,512,0,4440,396363,0,0,14657024136,55626495,607719862,0,0,53053332,745,745,0,1571731553,1571731553,0,0,1571628803,53052306,15.07,6.33
216,2026-05-17 12:21:09,1,q81,0,15,46,652,1329,4056,3885,100,80,0,0,0,234,1994073,0,0,2017309984,4202813,42435214,0,0,1386550,76,76,0,36822058,36822058,0,0,36822058,1386550,6.22,0.65
217,2026-05-17 12:21:11,1,q82,0,6,40,1195,1696,12062,11607,21,39,0,0,0,501,299586,0,0,1637431696,162085550,598297048,0,0,13778665,194,194,0,137239500,137239500,0,0,137239500,28800829,10.09,1.2
218,2026-05-17 12:21:13,1,q83,0,10,23,485,1028,4358,4003,16,19,0,0,0,272,783559,0,0,977765640,5358935,28110796,0,0,43961,14,14,0,759663,759663,0,0,759663,43961,8.99,0.48
219,2026-05-17 12:21:14,1,q84,0,9,29,573,409,1856,1593,21,23,0,0,0,300,9713760,0,0,96623136,5555652,22261454,0,0,2778810,21,21,0,14458335,14458335,0,0,14458335,2778810,3.24,0.57
220,2026-05-17 12:21:16,1,q85,0,13,50,858,1941,6751,6347,55,70,0,0,0,346,1611538,0,0,3925239888,12085256,98304120,0,0,3001776,128,128,0,62818568,62818568,0,0,62818568,3001776,7.87,0.86
221,2026-05-17 12:21:18,1,q86,0,5,8,341,305,953,928,6,7,0,0,0,29,1858292,0,0,445053744,7375137,42167036,0,0,816,5,5,0,54744,54744,0,0,54744,816,2.79,0.34
222,2026-05-17 12:21:19,1,q86a,0,8,13,365,306,832,796,12,12,0,0,0,42,1858292,0,0,984021584,7375137,42167036,0,0,2119,18,18,0,157705,157705,0,0,66561,929,2.28,0.36
223,2026-05-17 12:21:21,1,q87,0,13,112,1789,4728,25085,19060,113,131,0,12,0,4380,2992803,0,0,14718664424,50974063,51807646,0,0,12908807,1008,1008,0,99744004,99744004,0,0,73569116,11908807,14.02,1.79
224,2026-05-17 12:21:24,1,q88,0,26,98,1244,7485,17666,16198,0,44,0,0,0,173,49930,0,0,257476480,231102510,223408392,0,0,80,80,80,0,4720,4720,0,0,4720,80,14.2,1.24
225,2026-05-17 12:21:26,1,q89,0,6,16,553,533,3939,3830,14,15,0,0,0,147,138190,0,0,909938872,28975652,145533696,0,0,49975,22,22,0,2298949,2298949,0,0,2298949,49975,7.12,0.55
226,2026-05-17 12:21:28,1,q90,0,8,14,179,296,1023,1011,0,4,0,0,0,0,40754,0,0,25899136,14580376,22811276,0,0,8,8,8,0,472,472,0,0,472,8,5.72,0.18
227,2026-05-17 12:21:29,1,q91,0,11,17,413,493,993,937,9,12,0,0,0,40,9527061,0,0,480414344,4190955,24237735,0,0,109813,8,8,0,1095219,1095219,0,0,1092269,109794,2.4,0.41
228,2026-05-17 12:21:30,1,q92,0,7,13,359,597,1972,1823,3,5,0,96,0,73,708778,0,0,82624920,14575225,84044050,0,0,135661,9,9,0,1837430,1837430,0,0,1837430,135661,5.49,0.36
229,2026-05-17 12:21:32,1,q93,0,5,39,3766,4158,45696,44746,21,39,0,0,0,1603,252331,0,0,5766380072,31678178,201779522,0,0,31635854,357,357,0,754631060,754631060,0,0,754631060,31635854,12.13,3.77
230,2026-05-17 12:21:37,1,q94,0,8,30,1332,1747,12180,11435,38,39,0,0,0,379,2550511,0,0,3571011840,15443541,75645096,0,0,14397040,153,153,0,217756751,217756751,0,0,217756751,14397040,9.14,1.33
231,2026-05-17 12:21:39,1,q95,0,8,30,3636,3964,47597,42782,47,42,0,679,0,354,2550567,0,0,14560086280,15443541,72405160,0,0,35990240,357,357,0,319472623,319472623,0,0,196649755,14395274,13.09,3.64
232,2026-05-17 12:21:44,1,q96,0,5,14,258,253,1955,1848,0,6,0,0,0,1,49930,0,0,31936240,28894203,27982490,0,0,10,10,10,0,590,590,0,0,590,10,7.58,0.26
233,2026-05-17 12:21:45,1,q97,0,5,39,1632,2135,18759,16540,70,46,0,0,0,347,268923,0,0,6186655016,43273975,150799738,0,0,8377699,238,238,0,96908300,96908300,0,0,96908300,8377699,11.49,1.63
234,2026-05-17 12:21:48,1,q98,0,7,24,710,623,3177,2907,26,30,3,0,0,208,3269297,0,0,1585220256,28975550,169831312,0,0,106186,98,98,0,14470568,14470568,0,0,12500913,91022,4.47,0.71
235,2026-05-17 12:21:49,1,q99,0,6,15,511,480,2970,2811,13,15,0,0,0,31,165207,0,0,111969064,14473528,33990610,0,0,2160,3,3,0,173855,173855,0,0,173855,2160,5.81,0.51
236,2026-05-17 12:21:51,2,q1,0,12,53,658,1142,6804,5527,43,50,0,120,0,978,306771,0,0,3119842872,6328415,47343738,0,0,2168136,192,192,0,31369447,31369447,0,0,31369447,2168136,10.34,0.66
237,2026-05-17 12:21:53,2,q2,0,9,22,548,497,4435,4112,19,25,0,70,0,77,754364,0,0,345169624,21819660,67870754,0,0,6838,44,44,0,352525,352525,0,0,127373,4198,8.09,0.55
238,2026-05-17 12:21:54,2,q3,0,4,13,269,258,1972,1883,9,13,0,0,0,100,110141,0,0,93667304,28975550,166603616,0,0,2998,10,10,0,206438,206438,0,0,206438,2998,7.33,0.27
239,2026-05-17 12:21:56,2,q4,0,22,235,7775,38170,120791,105884,358,398,1,1920,0,10094,1682654,0,0,39674206800,51047112,607382666,0,0,102286012,3503,3503,0,2536512620,2536512620,0,0,1273495988,51438627,15.54,7.78
240,2026-05-17 12:22:05,2,q5,0,11,69,1874,3949,23454,20811,77,104,0,240,0,568,421683,0,0,3181537976,62724083,413647286,0,0,7890286,132,132,0,109305912,109305912,0,0,109305912,7890286,12.52,1.87
241,2026-05-17 12:22:08,2,q5a,0,14,74,2082,4196,24918,19224,122,121,0,870,0,703,422371,0,0,3720505848,62724083,413647286,0,0,7892232,142,142,0,109464345,109464345,0,0,109331115,7890408,11.97,2.08
242,2026-05-17 12:22:11,2,q6,0,11,36,1571,2099,19235,17757,48,52,0,198,0,658,5014279,0,0,4851667944,29900599,103630716,0,0,27358702,206,206,0,240467439,240467439,0,0,240467439,27358702,12.24,1.57
243,2026-05-17 12:22:14,2,q7,0,9,30,2214,2465,19267,18604,15,26,0,490,0,1499,783559,0,0,943558784,30896850,320150123,0,0,26634669,35,35,0,771509016,771509016,0,0,771509016,26634669,8.7,2.21
244,2026-05-17 12:22:17,2,q8,0,10,19,618,588,3631,3559,19,22,0,0,0,37,1283173,0,0,974972800,29873652,105569352,0,0,6731,13,13,0,84238,84238,0,0,84238,6731,5.88,0.62
245,2026-05-17 12:22:19,2,q9,0,31,166,2242,32175,34139,28588,338,288,1,1376,0,53,48680,0,0,0,432007560,970422060,0,0,150,150,150,0,9453,9453,0,0,9453,150,15.23,2.24
246,2026-05-17 12:22:22,2,q10,0,13,57,845,2165,7977,5980,42,56,0,122,0,973,592058,0,0,1521597160,53144863,59602942,0,0,4321867,132,132,0,66400239,66400239,0,0,66400239,4321867,9.44,0.84
247,2026-05-17 12:22:24,2,q10a,0,10,56,652,1653,6949,6063,38,57,0,18,0,621,444765,0,0,2037008608,53144863,59602942,0,0,4289247,183,183,0,66359315,66359315,0,0,66359315,4289247,10.66,0.65
248,2026-05-17 12:22:26,2,q11,0,17,156,4109,13470,62303,55466,206,236,0,1152,0,6167,1373324,0,0,26856842912,36646687,205307118,0,0,71770406,2006,2006,0,1051794768,1051794768,0,0,537186984,36215116,15.16,4.11
249,2026-05-17 12:22:31,2,q12,0,5,9,363,327,884,852,8,7,0,0,0,58,3269297,0,0,512872760,7375137,45931260,0,0,29116,10,10,0,3907103,3907103,0,0,3907103,29116,2.44,0.36
250,2026-05-17 12:22:32,2,q13,0,9,20,1161,1340,9645,9319,0,8,0,260,0,166,1611538,0,0,109217120,31051652,402774873,0,0,193014,14,14,0,2711685,2711685,0,0,2711685,193014,8.31,1.16
251,2026-05-17 12:22:34,2,q14a,0,30,163,5854,10474,61185,53935,219,254,2,2130,0,4166,1189316,0,0,10472473064,151830189,623624460,0,0,62618775,351,351,0,879083795,879083795,0,0,875977067,62532251,10.45,5.85
252,2026-05-17 12:22:43,2,q14b,0,24,123,3775,6752,46524,43107,147,174,0,480,0,2555,1189316,0,0,8267151424,130375774,496550338,0,0,68372312,289,289,0,1013581742,1013581742,0,0,529664620,40865105,12.32,3.78
253,2026-05-17 12:22:48,2,q14,0,24,120,2959,5474,35912,34270,158,178,1,480,0,2435,1163472,0,0,7513717016,130375774,496550338,0,0,68278758,254,254,0,1004808282,1004808282,0,0,520891160,40771551,12.14,2.96
254,2026-05-17 12:22:52,2,q15,0,6,31,1530,1528,16820,15667,19,33,0,192,0,429,5014279,0,0,4165109160,15223474,50392286,0,0,14544315,204,204,0,125445003,125445003,0,0,125445003,14544315,10.99,1.53
255,2026-05-17 12:22:55,2,q16,0,8,46,1939,3452,26352,23636,48,54,0,192,0,1291,423691,0,0,4703921456,30563805,163444772,0,0,30114572,442,442,0,422088498,422088498,0,0,422088498,30114572,13.59,1.94
256,2026-05-17 12:22:58,2,q17,0,10,69,4315,6079,56604,54084,60,81,1,620,0,2959,6945969,0,0,7880912176,46326758,240776630,0,0,45538041,803,803,0,1089146303,1089146303,0,0,1089146303,45538041,13.12,4.32
257,2026-05-17 12:23:03,2,q18,0,12,36,1508,2335,13025,12388,24,34,0,0,0,872,9713760,0,0,1706635496,19167074,223424435,0,0,14504153,23,23,0,423927855,423927855,0,0,423927855,14504153,8.64,1.51
258,2026-05-17 12:23:06,2,q18a,0,21,83,2295,6859,27238,23745,70,98,1,730,0,1171,9713889,0,0,7785537408,20019074,226658089,0,0,71656438,82,82,0,2096878181,2096878181,0,0,424789813,14560854,11.87,2.3
259,2026-05-17 12:23:09,2,q19,0,7,16,707,683,4952,4846,13,16,0,0,0,119,5014279,0,0,1168748344,29725652,193890954,0,0,7397,10,10,0,541770,541770,0,0,541770,7397,7.0,0.71
260,2026-05-17 12:23:11,2,q20,0,5,14,390,355,1330,1244,13,15,0,0,0,17,3269297,0,0,307530856,14575474,82668674,0,0,28486,2,2,0,3491832,3491832,0,0,3491832,28486,3.41,0.39
261,2026-05-17 12:23:12,2,q21,0,5,14,807,798,6541,6450,11,13,0,0,0,11,136986,0,0,171972096,133285059,521280710,0,0,31850,1,1,0,679321,679321,0,0,679321,31850,8.11,0.81
262,2026-05-17 12:23:14,2,q22,0,6,31,59512,59472,123900,123398,84,52,0,127,0,103,4630315,0,0,1564275584,133285059,521261101,0,0,612866,68,68,0,25729614,25729614,0,0,25729614,612866,2.08,59.51
263,2026-05-17 12:24:15,2,q22a,0,10,55,3128,3567,13888,12569,75,87,0,0,0,1172,4630315,0,0,5461307616,133285059,521266189,0,0,918610,160,160,0,45113549,45113549,0,0,14511781,306922,4.44,3.13
264,2026-05-17 12:24:19,2,q23a,0,18,127,6386,10100,74642,70843,141,161,1,880,0,3894,6577006,0,0,12019353816,108823163,443356832,0,0,43897022,767,767,0,1116260376,1116260376,0,0,1086369609,41990015,11.69,6.39
265,2026-05-17 12:24:27,2,q23b,0,21,148,6742,12097,82506,75693,245,248,1,1196,0,3899,6577049,0,0,24994694952,109323163,446408878,0,0,48673518,1581,1581,0,1201500821,1201500821,0,0,1098741076,42452497,12.24,6.74
266,2026-05-17 12:24:35,2,q24,0,12,63,2258,3323,25593,24384,22,47,0,0,0,2067,463487,0,0,4795803152,32530235,211136248,0,0,30468590,392,392,0,704283614,704283614,0,0,704283614,30468590,11.33,2.26
267,2026-05-17 12:24:38,2,q24a,0,19,116,3515,4752,38004,35382,102,132,0,376,0,3704,3560798,0,0,14728425696,32632235,209830306,0,0,61448141,1349,1349,0,1431432510,1431432510,0,0,733412274,30991090,10.81,3.52
268,2026-05-17 12:24:43,2,q24b,0,19,116,3154,4159,33969,32345,102,133,0,432,0,2677,3560798,0,0,14722420960,32632235,209830306,0,0,61437701,1349,1349,0,1430205327,1430205327,0,0,732185091,30980650,10.77,3.15
269,2026-05-17 12:24:47,2,q25,0,10,69,4320,6233,57010,55268,58,74,1,0,0,2826,6945969,0,0,7880887560,46326758,336724939,0,0,45538038,800,800,0,1108759789,1108759789,0,0,1108759789,45538038,13.2,4.32
270,2026-05-17 12:24:52,2,q26,0,8,28,1337,1548,11362,10568,12,22,0,460,0,911,783559,0,0,339054936,16496774,167426909,0,0,14334907,16,16,0,388692645,388692645,0,0,388692645,14334907,8.5,1.34
271,2026-05-17 12:24:55,2,q27,0,9,30,2126,2290,18420,17897,17,25,0,240,0,1392,783559,0,0,944051072,30896452,292410015,0,0,26620676,35,35,0,687564889,687564889,0,0,687564889,26620676,8.66,2.13
272,2026-05-17 12:24:58,2,q27a,0,13,53,2530,4291,26758,24888,105,47,3,64,0,1900,783559,0,0,1306999952,30998554,292718825,0,0,79691279,66,66,0,2058123915,2058123915,0,0,687795217,26622575,10.58,2.53
273,2026-05-17 12:25:01,2,q28,0,18,72,2749,14843,40578,34892,215,176,0,560,0,3144,54290,0,0,4446484944,172803006,1055684604,0,0,470650,66,66,0,7692048,7692048,0,0,7692048,470650,14.76,2.75
274,2026-05-17 12:25:05,2,q29,0,11,70,4401,6097,57505,54418,63,78,1,448,0,2787,6946012,0,0,7880995000,46399807,241256382,0,0,45538045,805,805,0,1089147078,1089147078,0,0,1089147078,45538045,13.07,4.4
275,2026-05-17 12:25:11,2,q30,0,12,28,594,1272,1536,1494,87,60,0,0,0,116,1994073,0,0,589111080,2763597,32998878,0,0,756384,37,37,0,59407913,59407913,0,0,59407913,756384,2.59,0.59
276,2026-05-17 12:25:12,2,q31,0,19,55,1465,6386,18102,15856,49,57,0,0,0,1183,3834069,0,0,2590716528,108470914,404522920,0,0,74061,45,45,0,2500991,2500991,0,0,2420582,72215,12.36,1.46
277,2026-05-17 12:25:15,2,q32,0,7,25,370,633,3836,3590,10,15,0,0,0,44,707887,0,0,96778920,28975899,157518878,0,0,55420,12,12,0,760429,760429,0,0,760429,55420,10.37,0.37
278,2026-05-17 12:25:16,2,q33,0,9,32,739,1479,7779,7269,30,38,0,0,0,273,890190,0,0,773025944,50928063,321332628,0,0,17063,18,18,0,450455,450455,0,0,450455,17063,10.53,0.74
279,2026-05-17 12:25:18,2,q34,0,9,48,581,847,4992,4784,56,45,0,0,0,297,140444,0,0,271015752,29380852,55558472,0,0,1010675,58,58,0,34237222,34237222,0,0,17319457,510675,8.59,0.58
280,2026-05-17 12:25:20,2,q35,0,12,62,1020,2161,9814,8577,52,69,0,0,0,1250,2112212,0,0,5047516496,53144863,59336702,0,0,8052611,291,291,0,39043620,39043620,0,0,39043620,8052611,9.62,1.02
281,2026-05-17 12:25:22,2,q35a,0,11,62,965,1928,9599,7419,50,68,0,1084,0,1364,2112212,0,0,4258987632,53144863,59336702,0,0,8049848,291,291,0,39052774,39052774,0,0,39052774,8049848,9.95,0.96
282,2026-05-17 12:25:24,2,q36,0,6,15,598,565,4542,4435,14,16,0,0,0,83,1858292,0,0,921310080,28975652,258803460,0,0,1769,11,11,0,138565,138565,0,0,138565,1769,7.6,0.6
283,2026-05-17 12:25:26,2,q36a,0,9,20,614,550,3915,3821,20,23,0,0,0,91,1858292,0,0,1460277952,28975652,258803460,0,0,4798,36,36,0,397299,397299,0,0,147261,1822,6.38,0.61
284,2026-05-17 12:25:27,2,q37,0,6,40,859,1122,8116,7758,24,39,0,0,0,323,299199,0,0,865674784,147685474,559893194,0,0,4316414,180,180,0,64485606,64485606,0,0,64485606,14400617,9.45,0.86
285,2026-05-17 12:25:29,2,q38,0,13,112,1896,4988,26875,22293,104,135,0,0,0,3109,2992803,0,0,14718664424,50974063,51807646,0,0,12908807,1008,1008,0,99744004,99744004,0,0,73569116,11908807,14.17,1.9
286,2026-05-17 12:25:32,2,q39a,0,11,59,2294,4071,23668,21666,108,102,0,640,0,365,801878,0,0,2759990096,266468108,1041220090,0,0,1567909,55,55,0,36859402,36859402,0,0,25188288,1057909,10.32,2.29
287,2026-05-17 12:25:36,2,q39b,0,11,59,1672,3017,16612,16439,90,110,0,0,0,155,521454,0,0,2692225872,266468108,1041220090,0,0,1531488,55,55,0,35748102,35748102,0,0,24076988,1021488,9.94,1.67
288,2026-05-17 12:25:38,2,q40,0,7,36,1442,1684,17560,16558,23,39,0,0,0,1193,348211,0,0,4141621464,16015366,96488322,0,0,15748014,272,272,0,309641571,309641571,0,0,309641571,15748014,12.18,1.44
289,2026-05-17 12:25:41,2,q41,0,4,4,141,115,101,100,4,4,0,0,0,7,13527,0,0,135268304,204000,1272987,0,0,140,2,2,0,9680,9680,0,0,9680,140,0.72,0.14
290,2026-05-17 12:25:42,2,q42,0,4,13,308,298,2388,2306,13,15,0,0,0,26,110270,0,0,762710104,28975550,166472652,0,0,110,10,10,0,9116,9116,0,0,9116,110,7.75,0.31
291,2026-05-17 12:25:43,2,q43,0,4,13,510,489,4213,3791,13,15,0,290,0,56,110700,0,0,91000344,28873652,71938410,0,0,210,10,10,0,27084,27084,0,0,27084,210,8.26,0.51
292,2026-05-17 12:25:45,2,q44,0,8,34,503,541,3806,3466,28,33,0,100,0,172,1665021,0,0,1584325928,57703002,275173453,0,0,795972,120,120,0,10069011,10069011,0,0,5035816,398046,7.57,0.5
293,2026-05-17 12:25:46,2,q45,0,8,27,1136,1199,9109,8504,20,32,0,0,0,222,5014279,0,0,4113055456,8227137,42934120,0,0,7447479,98,98,0,100517155,100517155,0,0,100517155,7447479,8.02,1.14
294,2026-05-17 12:25:49,2,q46,0,9,32,961,1148,7826,7648,57,51,0,0,0,205,3376534,0,0,1089199376,29630852,188447600,0,0,529456,40,40,0,17231653,17231653,0,0,17231653,529456,8.14,0.96
295,2026-05-17 12:25:51,2,q47,0,11,75,1678,2525,18535,14711,108,113,0,190,0,2595,2307790,0,0,6540828520,28975652,145263360,0,0,2665245,787,787,0,105362886,105362886,0,0,61758664,1560722,11.05,1.68
296,2026-05-17 12:25:53,2,q48,0,8,28,1183,1534,11025,10718,1,13,0,179,0,343,1686114,0,0,334610080,31044452,224412221,0,0,4383958,23,23,0,101501998,101501998,0,0,101501998,4383958,9.32,1.18
297,2026-05-17 12:25:56,2,q49,0,18,87,1459,5699,19731,18339,68,89,0,0,0,1685,234592,0,0,4893318176,55511851,557056798,0,0,15195841,85,85,0,338212852,338212852,0,0,338212852,15195841,13.52,1.46
298,2026-05-17 12:25:58,2,q50,0,7,41,2082,2590,25374,24169,30,45,0,0,0,1374,373053,0,0,4687124776,31824333,142334948,0,0,29262054,357,357,0,629536939,629536939,0,0,629536939,29262054,12.19,2.08
299,2026-05-17 12:26:01,2,q51,0,10,117,2662,3836,36056,31533,150,159,0,640,0,3565,407915,0,0,9946829760,36073638,172274676,0,0,24415841,1679,1679,0,420200139,420200139,0,0,420200139,24415841,13.54,2.66
300,2026-05-17 12:26:05,2,q51a,0,14,183,20482,24602,268150,256586,239,290,0,2322,0,4454,567630,0,0,26902298312,36073638,172274676,0,0,47531016,2587,2587,0,789080756,789080756,0,0,575698126,36069050,13.09,20.48
301,2026-05-17 12:26:27,2,q52,0,4,13,300,290,2311,2233,9,13,0,0,0,118,110141,0,0,762710104,28975550,166603724,0,0,4250,10,10,0,266731,266731,0,0,266731,4250,7.7,0.3
302,2026-05-17 12:26:28,2,q53,0,6,15,470,455,3323,3259,13,16,0,0,0,138,138190,0,0,171348496,28975652,145799972,0,0,31394,11,11,0,661866,661866,0,0,661866,31394,7.07,0.47
303,2026-05-17 12:26:30,2,q54,0,17,59,1412,2254,14956,13325,48,65,0,210,0,877,5014279,0,0,3085658512,51545312,190048440,0,0,27925376,152,152,0,266108014,266108014,0,0,266108014,27925376,10.59,1.41
304,2026-05-17 12:26:32,2,q55,0,4,13,326,316,2501,2422,10,13,0,0,0,107,110184,0,0,762710104,28975550,166603724,0,0,3448,10,10,0,211879,211879,0,0,211879,3448,7.67,0.33
305,2026-05-17 12:26:33,2,q56,0,9,32,628,1343,6427,6000,29,38,0,0,0,220,465078,0,0,817527528,50928063,321597316,0,0,10844,18,18,0,393452,393452,0,0,393452,10844,10.23,0.63
306,2026-05-17 12:26:35,2,q57,0,11,56,1409,2096,12162,10097,97,90,0,0,0,1088,2307790,0,0,5257365712,14575498,67902007,0,0,1160477,378,378,0,45054696,45054696,0,0,33346766,851478,8.63,1.41
307,2026-05-17 12:26:38,2,q58,0,10,32,717,1659,7782,6828,26,34,0,0,0,365,783559,0,0,1737153328,50722161,286836650,0,0,247040,25,25,0,3683252,3683252,0,0,3683252,247040,10.85,0.72
308,2026-05-17 12:26:39,2,q59,0,10,29,962,1025,6421,5745,26,28,0,461,0,454,754364,0,0,1622762440,29019852,72241290,0,0,304460,132,132,0,12848209,12848209,0,0,6671233,170845,6.67,0.96
309,2026-05-17 12:26:42,2,q60,0,9,32,909,1855,8668,7934,33,40,0,0,0,331,465078,0,0,1260333848,50928063,321533332,0,0,78428,19,19,0,1556487,1556487,0,0,1556487,78428,9.54,0.91
310,2026-05-17 12:26:44,2,q61,0,10,28,970,1568,10542,10170,0,12,0,0,0,2,5014279,0,0,623374000,58526653,415009764,0,0,20,20,20,0,1179,1179,0,0,1179,20,10.87,0.97
311,2026-05-17 12:26:46,2,q62,0,6,9,410,396,1342,1308,6,6,0,0,0,37,66444,0,0,85210792,7273209,25080911,0,0,1680,4,4,0,144678,144678,0,0,144678,1680,3.27,0.41
312,2026-05-17 12:26:47,2,q63,0,6,15,450,434,3226,3169,13,15,0,0,0,127,138190,0,0,171282960,28975652,145802092,0,0,12917,11,11,0,338319,338319,0,0,338319,12917,7.17,0.45
313,2026-05-17 12:26:49,2,q64,0,33,298,8706,20561,127216,114287,587,615,0,1120,0,12165,1086691,0,0,43419547432,50518209,483849547,0,0,66198164,5431,5431,0,2332424612,2332424612,0,0,2094334387,55680264,14.61,8.71
314,2026-05-17 12:26:59,2,q65,0,10,76,1702,3138,24210,21739,103,108,1,176,0,1423,9164570,0,0,6089929776,57776153,293046734,0,0,11880061,391,391,0,391220668,391220668,0,0,391220668,11880061,14.22,1.7
315,2026-05-17 12:27:01,2,q66,0,8,21,1004,1394,7053,6395,33,36,0,0,0,21,165207,0,0,872275792,21759992,173133259,0,0,90,9,9,0,47940,47940,0,0,47940,90,7.02,1.0
316,2026-05-17 12:27:04,2,q67,0,6,31,6964,6917,73620,72058,37,45,0,764,0,1393,4630315,0,0,7394888888,28975652,172757611,0,0,11548825,187,187,0,866159379,866159379,0,0,866159379,11548825,10.57,6.96
317,2026-05-17 12:27:12,2,q67a,0,14,172,10659,37269,141735,132745,292,330,0,913,0,5599,4630358,0,0,26370438416,28975652,172757611,0,0,55551443,1700,1700,0,4120622499,4120622499,0,0,900593811,13218747,13.3,10.66
318,2026-05-17 12:27:23,2,q68,0,9,32,827,994,6488,6337,57,48,0,0,0,157,3376534,0,0,591079384,29630852,301203560,0,0,507674,40,40,0,16318004,16318004,0,0,16318004,507674,7.85,0.83
319,2026-05-17 12:27:25,2,q69,0,13,57,690,1781,6800,5829,32,54,0,0,0,1155,467445,0,0,1524419368,53144863,59406334,0,0,3828287,131,131,0,62118565,62118565,0,0,62118565,3828287,9.86,0.69
320,2026-05-17 12:27:27,2,q70,0,9,27,888,821,6582,6121,28,32,0,0,0,43,208460,0,0,1054549784,57674255,204110256,0,0,209,22,22,0,10316,10316,0,0,10316,209,7.41,0.89
321,2026-05-17 12:27:29,2,q70a,0,12,32,746,631,4681,4542,32,38,0,0,0,47,207900,0,0,855320256,57674255,204110256,0,0,240,47,47,0,14125,14125,0,0,8085,180,6.27,0.75
322,2026-05-17 12:27:31,2,q71,0,7,30,863,833,10413,9654,30,40,0,0,0,221,452415,0,0,832552312,50662463,309202270,0,0,32249,31,31,0,1647968,1647968,0,0,994828,21130,12.07,0.86
323,2026-05-17 12:27:33,2,q72,0,16,93,17199,20117,219079,214993,108,132,1,676,0,5082,6577006,0,0,19933730552,151199964,657716443,0,0,142630673,1392,1392,0,2049530107,2049530107,0,0,2049530107,142630673,12.74,17.2
324,2026-05-17 12:27:51,2,q73,0,9,48,448,723,3891,3782,27,33,0,0,0,142,138190,0,0,269680456,29380852,55558472,0,0,1002732,49,49,0,33968564,33968564,0,0,17050799,502732,8.69,0.45
325,2026-05-17 12:27:53,2,q74,0,15,131,3846,13106,58191,53076,170,190,0,272,0,3606,1428954,0,0,22921014288,36646687,138902766,0,0,71557457,1399,1399,0,759410780,759410780,0,0,388018178,36002167,15.13,3.85
326,2026-05-17 12:27:58,2,q75,0,19,136,2617,9675,40122,33423,115,179,0,256,0,5050,574640,0,0,11663447024,106087914,761041160,0,0,14156492,1038,1038,0,314359407,314359407,0,0,214429694,9118704,15.33,2.62
327,2026-05-17 12:28:01,2,q76,0,4,27,605,578,7594,6700,33,40,0,0,0,219,918479,0,0,1919210600,50576063,311687490,0,0,3127,24,24,0,261039,261039,0,0,261039,3127,12.55,0.6
328,2026-05-17 12:28:03,2,q77,0,14,50,770,2995,8299,7077,49,57,0,0,0,265,121458,0,0,752913968,55512153,370004033,0,0,1747,34,34,0,119687,119687,0,0,119687,1747,10.78,0.77
329,2026-05-17 12:28:05,2,q77a,0,17,55,943,3301,8997,8093,52,61,0,0,0,160,141450,0,0,1291881840,55512153,370004033,0,0,2211,45,45,0,175804,175804,0,0,134308,1881,9.54,0.94
330,2026-05-17 12:28:07,2,q78,0,12,94,5548,13043,82084,75206,162,155,1,1088,0,4937,6475408,0,0,18310339880,55584900,461459194,0,0,54207575,1241,1241,0,1579148800,1579148800,0,0,1579148800,54207575,14.8,5.55
331,2026-05-17 12:28:14,2,q79,0,8,29,863,1006,7143,6866,49,42,0,170,0,169,2263289,0,0,991772448,29380852,185998480,0,0,581366,44,44,0,16092595,16092595,0,0,16092595,581366,8.28,0.86
332,2026-05-17 12:28:16,2,q80,0,17,101,6201,20398,95384,90379,101,134,0,608,0,4821,396363,0,0,14185165104,55626495,607719862,0,0,53052375,734,734,0,1571615941,1571615941,0,0,1571615941,53052375,15.38,6.2
333,2026-05-17 12:28:23,2,q80a,0,20,106,6239,20441,93121,87031,112,145,0,752,0,4384,396406,0,0,14657024136,55626495,607719862,0,0,53053332,745,745,0,1571731553,1571731553,0,0,1571628803,53052306,14.93,6.24
334,2026-05-17 12:28:31,2,q81,0,13,44,624,1392,3906,3733,102,86,0,0,0,218,1994073,0,0,2361957544,4202813,42435214,0,0,1318719,89,89,0,36000739,36000739,0,0,36000739,1318719,6.26,0.62
335,2026-05-17 12:28:32,2,q82,0,6,40,1200,1706,12141,11495,23,39,0,0,0,642,299586,0,0,1637431696,162085550,598297048,0,0,13778665,194,194,0,137239500,137239500,0,0,137239500,28800829,10.12,1.2
336,2026-05-17 12:28:35,2,q83,0,10,23,486,988,3954,3579,20,23,0,0,0,307,783559,0,0,977241352,5358935,28110796,0,0,43961,14,14,0,759663,759663,0,0,759663,43961,8.14,0.49
337,2026-05-17 12:28:36,2,q84,0,9,29,534,423,1965,1905,20,23,0,0,0,177,9713760,0,0,96623136,5555652,22261454,0,0,2778810,21,21,0,14458335,14458335,0,0,14458335,2778810,3.68,0.53
338,2026-05-17 12:28:38,2,q85,0,13,50,892,1970,7008,6335,53,67,0,234,0,398,1611581,0,0,3925239888,12085256,98304120,0,0,3001776,128,128,0,62818568,62818568,0,0,62818568,3001776,7.86,0.89
339,2026-05-17 12:28:40,2,q86,0,5,8,342,306,951,924,8,8,0,0,0,29,1858292,0,0,445053744,7375137,42167036,0,0,816,5,5,0,54744,54744,0,0,54744,816,2.78,0.34
340,2026-05-17 12:28:41,2,q86a,0,8,13,367,305,840,804,9,12,0,0,0,42,1858292,0,0,984021584,7375137,42167036,0,0,2119,18,18,0,157705,157705,0,0,66561,929,2.29,0.37
341,2026-05-17 12:28:43,2,q87,0,13,112,1883,4958,26908,21850,120,137,0,0,0,3802,2992803,0,0,14718664424,50974063,51807646,0,0,12908807,1008,1008,0,99744004,99744004,0,0,73569116,11908807,14.29,1.88
342,2026-05-17 12:28:46,2,q88,0,26,98,1124,6676,15830,14636,6,42,0,0,0,8,50016,0,0,257476480,231102510,223408392,0,0,80,80,80,0,4720,4720,0,0,4720,80,14.08,1.12
343,2026-05-17 12:28:48,2,q89,0,6,16,604,586,4462,4350,14,15,0,0,0,158,138190,0,0,909938872,28975652,145533696,0,0,49975,22,22,0,2298949,2298949,0,0,2298949,49975,7.39,0.6
344,2026-05-17 12:28:49,2,q90,0,8,14,180,301,1011,997,0,3,0,0,0,0,40754,0,0,25899136,14580376,22811276,0,0,8,8,8,0,472,472,0,0,472,8,5.62,0.18
345,2026-05-17 12:28:51,2,q91,0,11,17,408,502,1104,992,11,14,0,0,0,45,9527061,0,0,480414344,4190955,24237735,0,0,109813,8,8,0,1095219,1095219,0,0,1092269,109794,2.71,0.41
346,2026-05-17 12:28:52,2,q92,0,7,13,334,572,1825,1784,2,6,0,0,0,69,708778,0,0,82624920,14575225,84044050,0,0,135661,9,9,0,1837430,1837430,0,0,1837430,135661,5.46,0.33
347,2026-05-17 12:28:54,2,q93,0,5,39,3743,4149,45606,44131,25,38,0,0,0,1724,252331,0,0,5766380072,31678178,201779522,0,0,31635854,357,357,0,754631060,754631060,0,0,754631060,31635854,12.18,3.74
348,2026-05-17 12:28:58,2,q94,0,8,30,1326,1755,12262,11623,39,37,0,0,0,379,2550511,0,0,3571011840,15443541,75645096,0,0,14397040,153,153,0,217756751,217756751,0,0,217756751,14397040,9.25,1.33
349,2026-05-17 12:29:01,2,q95,0,8,30,3418,3840,41518,37866,45,43,0,632,0,358,2550567,0,0,14560086280,15443541,72405160,0,0,35990240,357,357,0,319472623,319472623,0,0,196649755,14395274,12.15,3.42
350,2026-05-17 12:29:05,2,q96,0,5,14,217,214,1637,1610,0,6,0,0,0,1,49930,0,0,31936240,28894203,27982490,0,0,10,10,10,0,590,590,0,0,590,10,7.54,0.22
351,2026-05-17 12:29:07,2,q97,0,5,39,1793,2380,22021,19556,37,45,0,144,0,306,268923,0,0,6186655016,43273975,150799738,0,0,8377699,238,238,0,96908300,96908300,0,0,96908300,8377699,12.28,1.79
352,2026-05-17 12:29:09,2,q98,0,7,24,631,555,3332,3204,24,26,3,0,0,197,3269297,0,0,1585220256,28975550,169831312,0,0,106186,98,98,0,14470568,14470568,0,0,12500913,91022,5.28,0.63
353,2026-05-17 12:29:11,2,q99,0,6,15,588,574,3265,3116,12,15,0,0,0,31,165207,0,0,111969064,14473528,33990610,0,0,2160,3,3,0,173855,173855,0,0,173855,2160,5.55,0.59
354,2026-05-17 12:29:13,3,q1,0,12,53,766,1311,7961,6259,64,55,0,418,0,810,306771,0,0,3119842872,6328415,47343738,0,0,2168136,192,192,0,31369447,31369447,0,0,31369447,2168136,10.39,0.77
355,2026-05-17 12:29:14,3,q2,0,9,22,569,511,4613,4394,19,24,0,0,0,77,754364,0,0,345169624,21819660,67870754,0,0,6838,44,44,0,352525,352525,0,0,127373,4198,8.11,0.57
356,2026-05-17 12:29:16,3,q3,0,4,13,280,269,2218,2005,11,14,0,50,0,169,110657,0,0,93667304,28975550,166603616,0,0,2998,10,10,0,206438,206438,0,0,206438,2998,7.92,0.28
357,2026-05-17 12:29:17,3,q4,0,22,235,7696,37522,119342,104409,343,390,1,2096,0,11908,1682654,0,0,39674206800,51047112,607382666,0,0,102286012,3503,3503,0,2536512620,2536512620,0,0,1273495988,51438627,15.51,7.7
358,2026-05-17 12:29:26,3,q5,0,11,69,1767,3883,23267,21006,81,103,0,0,0,627,421683,0,0,3181537976,62724083,413647286,0,0,7890286,132,132,0,109305912,109305912,0,0,109305912,7890286,13.17,1.77
359,2026-05-17 12:29:29,3,q5a,0,14,74,1884,4087,24088,21563,92,114,0,544,0,652,421683,0,0,3720505848,62724083,413647286,0,0,7892232,142,142,0,109464345,109464345,0,0,109331115,7890408,12.79,1.88
360,2026-05-17 12:29:32,3,q6,0,11,36,1370,1735,15869,15221,39,45,0,0,0,598,5014279,0,0,4851667944,29900599,103630716,0,0,27358702,206,206,0,240467439,240467439,0,0,240467439,27358702,11.58,1.37
361,2026-05-17 12:29:35,3,q7,0,9,30,2186,2390,19091,18365,15,27,0,300,0,1475,783559,0,0,943558784,30896850,320150123,0,0,26634669,35,35,0,771509016,771509016,0,0,771509016,26634669,8.73,2.19
362,2026-05-17 12:29:38,3,q8,0,10,19,661,614,4068,4000,17,21,0,0,0,38,1283173,0,0,974972800,29873652,105569352,0,0,6731,13,13,0,84238,84238,0,0,84238,6731,6.15,0.66
363,2026-05-17 12:29:40,3,q9,0,31,166,2160,30469,32866,29001,265,284,0,1250,0,53,48680,0,0,0,432007560,970422060,0,0,150,150,150,0,9453,9453,0,0,9453,150,15.22,2.16
364,2026-05-17 12:29:43,3,q10,0,13,57,694,1808,6412,5764,34,53,0,0,0,609,592058,0,0,1521597160,53144863,59602942,0,0,4321867,132,132,0,66400239,66400239,0,0,66400239,4321867,9.24,0.69
365,2026-05-17 12:29:45,3,q10a,0,10,56,598,1542,6461,6016,30,57,0,0,0,648,444765,0,0,2037008608,53144863,59602942,0,0,4289247,183,183,0,66359315,66359315,0,0,66359315,4289247,10.8,0.6
366,2026-05-17 12:29:46,3,q11,0,17,156,4054,13409,61590,54363,226,243,0,892,0,6153,1373324,0,0,26856842912,36646687,205307118,0,0,71770406,2006,2006,0,1051794768,1051794768,0,0,537186984,36215116,15.19,4.05
367,2026-05-17 12:29:52,3,q12,0,5,9,353,317,809,778,8,8,0,0,0,55,3269297,0,0,512872760,7375137,45931260,0,0,29116,10,10,0,3907103,3907103,0,0,3907103,29116,2.29,0.35
368,2026-05-17 12:29:53,3,q13,0,9,20,1114,1329,9305,9070,2,8,0,0,0,268,1611538,0,0,109217120,31051652,402774873,0,0,193014,14,14,0,2711685,2711685,0,0,2711685,193014,8.35,1.11
369,2026-05-17 12:29:55,3,q14a,0,30,163,5835,10642,60757,53690,202,249,0,2052,0,3947,1189316,0,0,10472473064,151830189,623624460,0,0,62618775,351,351,0,879083795,879083795,0,0,875977067,62532251,10.41,5.84
370,2026-05-17 12:30:04,3,q14b,0,24,123,3790,6745,47276,43555,130,159,0,544,0,2537,1189316,0,0,8267151424,130375774,496550338,0,0,68372312,289,289,0,1013581742,1013581742,0,0,529664620,40865105,12.47,3.79
371,2026-05-17 12:30:09,3,q14,0,24,120,3094,5890,38058,34226,171,184,0,1248,0,3163,1163429,0,0,7513717016,130375774,496550338,0,0,68278758,254,254,0,1004808282,1004808282,0,0,520891160,40771551,12.3,3.09
372,2026-05-17 12:30:13,3,q15,0,6,31,1550,1545,16517,15559,19,34,0,0,0,609,5014279,0,0,4165109160,15223474,50392286,0,0,14544315,204,204,0,125445003,125445003,0,0,125445003,14544315,10.66,1.55
373,2026-05-17 12:30:16,3,q16,0,8,46,1978,3240,26209,24605,44,52,0,272,0,1139,424379,0,0,4703921456,30563805,163444772,0,0,30114572,442,442,0,422088498,422088498,0,0,422088498,30114572,13.25,1.98
374,2026-05-17 12:30:19,3,q17,0,10,69,4244,6047,55743,53674,60,80,1,0,0,2875,6945969,0,0,7880912176,46326758,240776630,0,0,45538041,803,803,0,1089146303,1089146303,0,0,1089146303,45538041,13.13,4.24
375,2026-05-17 12:30:24,3,q18,0,12,36,1601,2517,13993,13080,28,36,0,198,0,861,9713760,0,0,1706635496,19167074,223424435,0,0,14504153,23,23,0,423927855,423927855,0,0,423927855,14504153,8.74,1.6
376,2026-05-17 12:30:27,3,q18a,0,21,83,2344,7331,28124,25426,78,101,3,0,0,1131,9713846,0,0,7785537408,20019074,226658089,0,0,71656438,82,82,0,2096878181,2096878181,0,0,424789813,14560854,12.0,2.34
377,2026-05-17 12:30:30,3,q19,0,7,16,735,704,5417,5310,13,18,0,0,0,119,5014279,0,0,1168748344,29725652,193890954,0,0,7397,10,10,0,541770,541770,0,0,541770,7397,7.37,0.74
378,2026-05-17 12:30:32,3,q20,0,5,14,382,345,1311,1206,12,15,0,0,0,17,3269297,0,0,307530856,14575474,82668674,0,0,28486,2,2,0,3491832,3491832,0,0,3491832,28486,3.43,0.38
379,2026-05-17 12:30:33,3,q21,0,5,14,900,891,6604,6507,12,15,0,0,0,11,137029,0,0,171972096,133285059,521280710,0,0,31850,1,1,0,679321,679321,0,0,679321,31850,7.34,0.9
380,2026-05-17 12:30:35,3,q22,0,6,31,57687,57644,120202,119456,94,54,0,382,0,63,4630315,0,0,1564275584,133285059,521261101,0,0,612866,68,68,0,25729614,25729614,0,0,25729614,612866,2.08,57.69
381,2026-05-17 12:31:34,3,q22a,0,10,55,3316,3696,13892,12447,78,89,0,11,0,1325,4630358,0,0,5461307616,133285059,521266189,0,0,918610,160,160,0,45113549,45113549,0,0,14511781,306922,4.19,3.32
382,2026-05-17 12:31:39,3,q23a,0,18,127,5693,10760,75089,70604,128,154,1,809,0,3483,6577006,0,0,12019353816,108823163,443356832,0,0,43897022,767,767,0,1116260376,1116260376,0,0,1086369609,41990015,13.19,5.69
383,2026-05-17 12:31:45,3,q23b,0,21,148,6121,11541,81634,75249,204,211,2,604,0,4161,6577006,0,0,24994694952,109323163,446408878,0,0,48673518,1581,1581,0,1201500821,1201500821,0,0,1098741076,42452497,13.34,6.12
384,2026-05-17 12:31:53,3,q24,0,12,63,2209,3247,24915,23630,23,47,0,0,0,2155,463487,0,0,4795803152,32530235,211136248,0,0,30468590,392,392,0,704283614,704283614,0,0,704283614,30468590,11.28,2.21
385,2026-05-17 12:31:56,3,q24a,0,19,116,3537,4601,37989,35532,88,133,0,322,0,3627,3560798,0,0,14728425696,32632235,209830306,0,0,61448141,1349,1349,0,1431432510,1431432510,0,0,733412274,30991090,10.74,3.54
386,2026-05-17 12:32:01,3,q24b,0,19,116,3095,4102,33347,32506,93,133,0,0,0,2808,3560798,0,0,14722420960,32632235,209830306,0,0,61437701,1349,1349,0,1430205327,1430205327,0,0,732185091,30980650,10.77,3.1
387,2026-05-17 12:32:05,3,q25,0,10,69,4509,6757,59938,55479,64,77,1,880,0,2995,6946012,0,0,7880887560,46326758,336724939,0,0,45538038,800,800,0,1108759789,1108759789,0,0,1108759789,45538038,13.29,4.51
388,2026-05-17 12:32:10,3,q26,0,8,28,1233,1490,10581,10257,13,22,0,0,0,935,783559,0,0,339054936,16496774,167426909,0,0,14334907,16,16,0,388692645,388692645,0,0,388692645,14334907,8.58,1.23
389,2026-05-17 12:32:13,3,q27,0,9,30,2089,2319,18010,17191,15,25,0,534,0,1410,783602,0,0,944051072,30896452,292410015,0,0,26620676,35,35,0,687564889,687564889,0,0,687564889,26620676,8.62,2.09
390,2026-05-17 12:32:16,3,q27a,0,13,53,2477,4109,26486,24626,29,46,0,280,0,2395,783559,0,0,1306999952,30998554,292718825,0,0,79691279,66,66,0,2058123915,2058123915,0,0,687795217,26622575,10.69,2.48
391,2026-05-17 12:32:19,3,q28,0,18,72,2887,15836,43004,34993,170,151,0,1168,0,3054,54290,0,0,4446484944,172803006,1055684604,0,0,470650,66,66,0,7692048,7692048,0,0,7692048,470650,14.9,2.89
392,2026-05-17 12:32:23,3,q29,0,11,70,4317,6375,56462,53300,72,79,1,154,0,3144,6946012,0,0,7880995000,46399807,241256382,0,0,45538045,805,805,0,1089147078,1089147078,0,0,1089147078,45538045,13.08,4.32
393,2026-05-17 12:32:29,3,q30,0,13,29,586,1224,1557,1512,88,65,0,0,0,122,1994073,0,0,589111080,2763597,32998878,0,0,788443,38,38,0,59786503,59786503,0,0,59786503,788443,2.66,0.59
394,2026-05-17 12:32:30,3,q31,0,20,56,1456,6001,17405,14862,54,60,0,0,0,1410,3834069,0,0,2523673224,108470914,404522920,0,0,79898,49,49,0,2714998,2714998,0,0,2492791,73114,11.95,1.46
395,2026-05-17 12:32:33,3,q32,0,7,25,524,878,5918,5624,12,17,0,0,0,45,707930,0,0,96778920,28975899,157518878,0,0,55420,12,12,0,760429,760429,0,0,760429,55420,11.29,0.52
396,2026-05-17 12:32:35,3,q33,0,9,32,705,1461,7035,6397,29,37,0,0,0,272,890190,0,0,773025944,50928063,321332628,0,0,17063,18,18,0,450455,450455,0,0,450455,17063,9.98,0.7
397,2026-05-17 12:32:36,3,q34,0,9,48,626,823,5640,4591,47,45,0,736,0,391,140272,0,0,271015752,29380852,55558472,0,0,1010675,58,58,0,34237222,34237222,0,0,17319457,510675,9.01,0.63
398,2026-05-17 12:32:38,3,q35,0,12,62,974,2103,9469,7847,57,71,0,416,0,1274,2112212,0,0,5047516496,53144863,59336702,0,0,8052611,291,291,0,39043620,39043620,0,0,39043620,8052611,9.72,0.97
399,2026-05-17 12:32:40,3,q35a,0,11,62,853,1646,8084,7231,43,66,0,0,0,1148,2112212,0,0,4258987632,53144863,59336702,0,0,8049848,291,291,0,39052774,39052774,0,0,39052774,8049848,9.48,0.85
400,2026-05-17 12:32:42,3,q36,0,6,15,569,529,4223,4100,13,16,0,0,0,98,1858292,0,0,921310080,28975652,258803460,0,0,1769,11,11,0,138565,138565,0,0,138565,1769,7.42,0.57
401,2026-05-17 12:32:44,3,q36a,0,9,20,582,517,3707,3610,19,22,0,0,0,96,1858292,0,0,1460277952,28975652,258803460,0,0,4798,36,36,0,397299,397299,0,0,147261,1822,6.37,0.58
402,2026-05-17 12:32:45,3,q37,0,6,40,881,1168,8423,7947,24,41,0,0,0,363,299199,0,0,865674784,147685474,559893194,0,0,4316414,180,180,0,64485606,64485606,0,0,64485606,14400617,9.56,0.88
403,2026-05-17 12:32:47,3,q38,0,13,112,1611,4228,23099,18394,116,134,0,592,0,3130,2992803,0,0,14718664424,50974063,51807646,0,0,12908807,1008,1008,0,99744004,99744004,0,0,73569116,11908807,14.34,1.61
404,2026-05-17 12:32:50,3,q39a,0,11,59,2187,3801,22442,20754,108,100,0,21,0,386,801878,0,0,2759990096,266468108,1041220090,0,0,1567909,55,55,0,36859402,36859402,0,0,25188288,1057909,10.26,2.19
405,2026-05-17 12:32:53,3,q39b,0,11,59,1663,3107,17150,16963,93,113,0,0,0,153,521454,0,0,2692225872,266468108,1041220090,0,0,1531488,55,55,0,35748102,35748102,0,0,24076988,1021488,10.31,1.66
406,2026-05-17 12:32:56,3,q40,0,7,36,1859,2095,22318,21278,24,39,0,0,0,884,348211,0,0,4141621464,16015366,96488322,0,0,15748014,272,272,0,309641571,309641571,0,0,309641571,15748014,12.01,1.86
407,2026-05-17 12:32:59,3,q41,0,4,4,141,115,99,99,5,5,0,0,0,7,13527,0,0,135268304,204000,1272987,0,0,140,2,2,0,9680,9680,0,0,9680,140,0.7,0.14
408,2026-05-17 12:33:00,3,q42,0,4,13,247,237,1887,1801,8,13,0,0,0,24,110098,0,0,762710104,28975550,166472652,0,0,110,10,10,0,9116,9116,0,0,9116,110,7.64,0.25
409,2026-05-17 12:33:01,3,q43,0,4,13,530,510,4532,3941,13,14,0,460,0,30,110700,0,0,91000344,28873652,71938410,0,0,210,10,10,0,27084,27084,0,0,27084,210,8.55,0.53
410,2026-05-17 12:33:03,3,q44,0,8,34,483,536,3695,3500,28,33,0,0,0,159,1665021,0,0,1584325928,57703002,275173453,0,0,795972,120,120,0,10069011,10069011,0,0,5035816,398046,7.65,0.48
411,2026-05-17 12:33:04,3,q45,0,8,27,1148,1227,9074,8523,22,31,0,0,0,218,5014279,0,0,4113055456,8227137,42934120,0,0,7447479,98,98,0,100517155,100517155,0,0,100517155,7447479,7.9,1.15
412,2026-05-17 12:33:07,3,q46,0,9,32,945,1106,7754,7622,57,49,0,0,0,177,3376534,0,0,1089199376,29630852,188447600,0,0,529456,40,40,0,17231653,17231653,0,0,17231653,529456,8.21,0.94
413,2026-05-17 12:33:09,3,q47,0,11,75,1695,2504,18606,15745,94,110,0,200,0,2247,2307790,0,0,6540828520,28975652,145263360,0,0,2665245,787,787,0,105362886,105362886,0,0,61758664,1560722,10.98,1.7
414,2026-05-17 12:33:11,3,q48,0,8,28,1203,1558,11226,10366,4,13,1,210,0,371,1686157,0,0,334610080,31044452,224412221,0,0,4383958,23,23,0,101501998,101501998,0,0,101501998,4383958,9.33,1.2
415,2026-05-17 12:33:14,3,q49,0,18,87,1669,6677,23081,20451,65,87,0,912,0,1768,234592,0,0,4893318176,55511851,557056798,0,0,15195841,85,85,0,338212852,338212852,0,0,338212852,15195841,13.83,1.67
416,2026-05-17 12:33:16,3,q50,0,7,41,2130,2697,24982,23840,26,45,0,0,0,1323,373053,0,0,4687124776,31824333,142334948,0,0,29262054,357,357,0,629536939,629536939,0,0,629536939,29262054,11.73,2.13
417,2026-05-17 12:33:20,3,q51,0,10,117,2716,3878,36480,33602,133,155,0,20,0,3723,407915,0,0,9946829760,36073638,172274676,0,0,24415841,1679,1679,0,420200139,420200139,0,0,420200139,24415841,13.43,2.72
418,2026-05-17 12:33:23,3,q51a,0,14,183,20542,24194,268085,256726,248,286,0,2034,0,4158,567630,0,0,26902298312,36073638,172274676,0,0,47531016,2587,2587,0,789080756,789080756,0,0,575698126,36069050,13.05,20.54
419,2026-05-17 12:33:45,3,q52,0,4,13,319,311,2418,2343,10,14,0,0,0,114,110184,0,0,762710104,28975550,166603724,0,0,4250,10,10,0,266731,266731,0,0,266731,4250,7.58,0.32
420,2026-05-17 12:33:46,3,q53,0,6,15,522,505,3828,3528,13,15,0,60,0,151,138620,0,0,171348496,28975652,145799972,0,0,31394,11,11,0,661866,661866,0,0,661866,31394,7.33,0.52
421,2026-05-17 12:33:48,3,q54,0,17,59,1362,2238,14578,13900,48,62,0,0,0,815,5014279,0,0,3085658512,51545312,190048440,0,0,27925376,152,152,0,266108014,266108014,0,0,266108014,27925376,10.7,1.36
422,2026-05-17 12:33:50,3,q55,0,4,13,342,333,2615,2537,12,13,0,0,0,100,110270,0,0,762710104,28975550,166603724,0,0,3448,10,10,0,211879,211879,0,0,211879,3448,7.65,0.34
423,2026-05-17 12:33:52,3,q56,0,9,32,684,1392,6471,5955,25,37,1,0,0,253,465078,0,0,817527528,50928063,321597316,0,0,10844,18,18,0,393452,393452,0,0,393452,10844,9.46,0.68
424,2026-05-17 12:33:54,3,q57,0,11,56,1341,1994,11444,9765,96,89,0,0,0,1022,2307790,0,0,5257365712,14575498,67902007,0,0,1160477,378,378,0,45054696,45054696,0,0,33346766,851478,8.53,1.34
425,2026-05-17 12:33:56,3,q58,0,11,33,785,1624,7677,6963,30,38,0,0,0,341,783559,0,0,1874516736,50722161,286836650,0,0,247081,27,27,0,3686832,3686832,0,0,3686832,247081,9.78,0.78
426,2026-05-17 12:33:58,3,q59,0,10,29,962,1013,6406,5793,20,26,0,410,0,325,754364,0,0,1622762440,29019852,72241290,0,0,304460,132,132,0,12848209,12848209,0,0,6671233,170845,6.66,0.96
427,2026-05-17 12:34:00,3,q60,0,9,32,755,1582,7026,6215,30,37,0,0,0,403,465078,0,0,1260333848,50928063,321533332,0,0,78428,19,19,0,1556487,1556487,0,0,1556487,78428,9.31,0.76
428,2026-05-17 12:34:02,3,q61,0,10,28,794,1312,9211,8829,0,12,0,0,0,2,5014279,0,0,623374000,58526653,415009764,0,0,20,20,20,0,1179,1179,0,0,1179,20,11.6,0.79
429,2026-05-17 12:34:04,3,q62,0,6,9,427,415,1390,1357,6,6,0,0,0,38,66444,0,0,85210792,7273209,25080911,0,0,1680,4,4,0,144678,144678,0,0,144678,1680,3.26,0.43
430,2026-05-17 12:34:05,3,q63,0,6,15,482,469,3601,3515,13,16,0,0,0,163,138190,0,0,171282960,28975652,145802092,0,0,12917,11,11,0,338319,338319,0,0,338319,12917,7.47,0.48
431,2026-05-17 12:34:07,3,q64,0,33,298,8933,21898,131546,117418,533,595,0,1024,0,13797,1086691,0,0,43419547432,50518209,483849547,0,0,66198164,5431,5431,0,2332424612,2332424612,0,0,2094334387,55680264,14.73,8.93
432,2026-05-17 12:34:17,3,q65,0,10,76,1625,3054,23329,21045,101,101,3,256,0,1609,9164527,0,0,6089929776,57776153,293046734,0,0,11880061,391,391,0,391220668,391220668,0,0,391220668,11880061,14.36,1.62
433,2026-05-17 12:34:20,3,q66,0,8,21,922,1310,6928,6118,33,38,0,0,0,22,165207,0,0,872275792,21759992,173133259,0,0,90,9,9,0,47940,47940,0,0,47940,90,7.51,0.92
434,2026-05-17 12:34:22,3,q67,0,6,31,6923,6874,73209,72013,39,45,0,477,0,1397,4630315,0,0,7394888888,28975652,172757611,0,0,11548825,187,187,0,866159379,866159379,0,0,866159379,11548825,10.57,6.92
435,2026-05-17 12:34:30,3,q67a,0,14,172,10554,36276,140488,131962,273,316,0,887,0,5375,4630315,0,0,26370438416,28975652,172757611,0,0,55551443,1700,1700,0,4120622499,4120622499,0,0,900593811,13218747,13.31,10.55
436,2026-05-17 12:34:42,3,q68,0,9,32,835,1031,6657,6366,57,45,0,110,0,170,3376534,0,0,591079384,29630852,301203560,0,0,507674,40,40,0,16318004,16318004,0,0,16318004,507674,7.97,0.84
437,2026-05-17 12:34:43,3,q69,0,13,57,718,1885,6849,5959,32,54,0,0,0,1080,467445,0,0,1524419368,53144863,59406334,0,0,3828287,131,131,0,62118565,62118565,0,0,62118565,3828287,9.54,0.72
438,2026-05-17 12:34:45,3,q70,0,9,27,789,732,5778,5605,24,30,0,0,0,44,208460,0,0,1054549784,57674255,204110256,0,0,209,22,22,0,10316,10316,0,0,10316,209,7.32,0.79
439,2026-05-17 12:34:47,3,q70a,0,12,32,792,651,4884,4710,30,37,0,0,0,47,207900,0,0,855320256,57674255,204110256,0,0,240,47,47,0,14125,14125,0,0,8085,180,6.17,0.79
440,2026-05-17 12:34:49,3,q71,0,7,30,615,588,6017,5493,32,43,0,0,0,221,452415,0,0,832552312,50662463,309202270,0,0,32249,31,31,0,1647968,1647968,0,0,994828,21130,9.78,0.62
441,2026-05-17 12:34:51,3,q72,0,16,93,17096,20080,218418,212904,115,136,1,1008,0,5128,6577006,0,0,19933730552,151199964,657716443,0,0,142630673,1392,1392,0,2049530107,2049530107,0,0,2049530107,142630673,12.78,17.1
442,2026-05-17 12:35:09,3,q73,0,9,48,456,731,3826,3719,31,36,0,0,0,141,138190,0,0,269680456,29380852,55558472,0,0,1002732,49,49,0,33968564,33968564,0,0,17050799,502732,8.39,0.46
443,2026-05-17 12:35:10,3,q74,0,15,131,4005,13378,60587,55133,153,188,0,240,0,3857,1428954,0,0,22921014288,36646687,138902766,0,0,71557457,1399,1399,0,759410780,759410780,0,0,388018178,36002167,15.13,4.0
444,2026-05-17 12:35:16,3,q75,0,19,136,2995,10274,44898,38016,154,192,0,0,0,4543,574640,0,0,11663447024,106087914,761041160,0,0,14156492,1038,1038,0,314359407,314359407,0,0,214429694,9118704,14.99,3.0
445,2026-05-17 12:35:20,3,q76,0,4,27,736,709,9357,8525,35,39,0,0,0,210,918479,0,0,1919210600,50576063,311687490,0,0,3127,24,24,0,261039,261039,0,0,261039,3127,12.71,0.74
446,2026-05-17 12:35:22,3,q77,0,14,50,667,2645,7194,6220,48,51,0,0,0,195,121458,0,0,752913968,55512153,370004033,0,0,1747,34,34,0,119687,119687,0,0,119687,1747,10.79,0.67
447,2026-05-17 12:35:23,3,q77a,0,17,55,856,3054,8104,7296,58,62,0,0,0,167,141450,0,0,1291881840,55512153,370004033,0,0,2211,45,45,0,175804,175804,0,0,134308,1881,9.47,0.86
448,2026-05-17 12:35:25,3,q78,0,12,94,5691,13384,84977,78460,164,153,1,1120,0,4918,6475408,0,0,18310339880,55584900,461459194,0,0,54207575,1241,1241,0,1579148800,1579148800,0,0,1579148800,54207575,14.93,5.69
449,2026-05-17 12:35:32,3,q79,0,8,29,945,1114,8119,7855,47,41,0,160,0,180,2263289,0,0,991772448,29380852,185998480,0,0,581366,44,44,0,16092595,16092595,0,0,16092595,581366,8.59,0.94
450,2026-05-17 12:35:34,3,q80,0,17,101,6252,20906,96384,91140,89,130,0,384,0,4857,396148,0,0,14185165104,55626495,607719862,0,0,53052375,734,734,0,1571615941,1571615941,0,0,1571615941,53052375,15.42,6.25
451,2026-05-17 12:35:42,3,q80a,0,20,106,6347,21907,94820,90692,93,138,0,640,0,4217,396363,0,0,14657024136,55626495,607719862,0,0,53053332,745,745,0,1571731553,1571731553,0,0,1571628803,53052306,14.94,6.35
452,2026-05-17 12:35:49,3,q81,0,15,46,659,1425,4064,3574,102,83,0,0,0,522,1994073,0,0,2017309984,4202813,42435214,0,0,1386550,76,76,0,36822058,36822058,0,0,36822058,1386550,6.17,0.66
453,2026-05-17 12:35:51,3,q82,0,6,40,1188,1667,11753,11334,21,39,0,0,0,452,299586,0,0,1637431696,162085550,598297048,0,0,13778665,194,194,0,137239500,137239500,0,0,137239500,28800829,9.89,1.19
454,2026-05-17 12:35:53,3,q83,0,10,23,597,1210,5184,4584,19,22,0,0,0,302,783559,0,0,977241352,5358935,28110796,0,0,43961,14,14,0,759663,759663,0,0,759663,43961,8.68,0.6
455,2026-05-17 12:35:55,3,q84,0,9,29,557,433,1968,1605,20,22,0,0,0,203,9713760,0,0,96623136,5555652,22261454,0,0,2778810,21,21,0,14458335,14458335,0,0,14458335,2778810,3.53,0.56
456,2026-05-17 12:35:57,3,q85,0,13,50,872,1860,6842,6429,51,66,0,0,0,339,1611538,0,0,3925239888,12085256,98304120,0,0,3001776,128,128,0,62818568,62818568,0,0,62818568,3001776,7.85,0.87
457,2026-05-17 12:35:58,3,q86,0,5,8,352,316,978,953,4,6,0,0,0,29,1858292,0,0,445053744,7375137,42167036,0,0,816,5,5,0,54744,54744,0,0,54744,816,2.78,0.35
458,2026-05-17 12:36:00,3,q86a,0,8,13,373,312,849,799,9,12,0,0,0,42,1858292,0,0,984021584,7375137,42167036,0,0,2119,18,18,0,157705,157705,0,0,66561,929,2.28,0.37
459,2026-05-17 12:36:01,3,q87,0,13,112,1732,4629,24331,19459,120,138,23,550,0,3363,2992760,0,0,14718664424,50974063,51807646,0,0,12908807,1008,1008,0,99744004,99744004,0,0,73569116,11908807,14.05,1.73
460,2026-05-17 12:36:04,3,q88,0,26,98,1159,7141,16630,15406,1,41,0,0,0,8,49973,0,0,257476480,231102510,223408392,0,0,80,80,80,0,4720,4720,0,0,4720,80,14.35,1.16
461,2026-05-17 12:36:06,3,q89,0,6,16,579,561,4178,4064,15,18,0,0,0,145,138190,0,0,909938872,28975652,145533696,0,0,49975,22,22,0,2298949,2298949,0,0,2298949,49975,7.22,0.58
462,2026-05-17 12:36:08,3,q90,0,8,14,189,308,1030,1019,0,4,0,0,0,0,40754,0,0,25899136,14580376,22811276,0,0,8,8,8,0,472,472,0,0,472,8,5.45,0.19
463,2026-05-17 12:36:09,3,q91,0,11,17,400,484,1138,1086,8,11,0,0,0,39,9527061,0,0,480414344,4190955,24237735,0,0,109813,8,8,0,1095219,1095219,0,0,1092269,109794,2.84,0.4
464,2026-05-17 12:36:11,3,q92,0,7,13,343,590,1924,1854,0,4,0,0,0,80,708735,0,0,82624920,14575225,84044050,0,0,135661,9,9,0,1837430,1837430,0,0,1837430,135661,5.61,0.34
465,2026-05-17 12:36:12,3,q93,0,5,39,3748,4129,44668,43687,27,40,0,0,0,1742,252331,0,0,5766380072,31678178,201779522,0,0,31635854,357,357,0,754631060,754631060,0,0,754631060,31635854,11.92,3.75
466,2026-05-17 12:36:17,3,q94,0,8,30,1388,1993,12682,11618,41,39,0,294,0,393,2550511,0,0,3571011840,15443541,75645096,0,0,14397040,153,153,0,217756751,217756751,0,0,217756751,14397040,9.14,1.39
467,2026-05-17 12:36:19,3,q95,0,8,30,3290,3697,42257,38501,44,44,6,588,0,362,2550567,0,0,14560086280,15443541,72405160,0,0,35990240,357,357,0,319472623,319472623,0,0,196649755,14395274,12.84,3.29
468,2026-05-17 12:36:24,3,q96,0,5,14,219,214,1654,1631,0,6,0,0,0,1,49930,0,0,31936240,28894203,27982490,0,0,10,10,10,0,590,590,0,0,590,10,7.55,0.22
469,2026-05-17 12:36:25,3,q97,0,5,39,1688,2236,20830,19443,30,43,0,0,0,291,268923,0,0,6186655016,43273975,150799738,0,0,8377699,238,238,0,96908300,96908300,0,0,96908300,8377699,12.34,1.69
470,2026-05-17 12:36:28,3,q98,0,7,24,593,520,3030,2904,24,28,3,0,0,191,3269297,0,0,1585220256,28975550,169831312,0,0,106186,98,98,0,14470568,14470568,0,0,12500913,91022,5.11,0.59
471,2026-05-17 12:36:29,3,q99,0,6,15,598,586,3402,3297,12,14,0,0,0,31,165207,0,0,111969064,14473528,33990610,0,0,2160,3,3,0,173855,173855,0,0,173855,2160,5.69,0.6
472,2026-05-17 12:36:31,4,q1,0,12,53,2379,1127,6586,5063,49,53,0,316,0,1102,306771,0,0,3119842872,6328415,47343738,0,0,2168136,192,192,0,31369447,31369447,0,0,31369447,2168136,2.77,2.38
473,2026-05-17 12:36:34,4,q2,0,9,22,783,712,6934,5415,20,23,0,358,0,80,754364,0,0,345169624,21819660,67870754,0,0,6838,44,44,0,352525,352525,0,0,127373,4198,8.86,0.78
474,2026-05-17 12:36:36,4,q3,0,4,13,299,278,2113,1815,13,15,0,60,0,131,110700,0,0,93667304,28975550,166603616,0,0,2998,10,10,0,206438,206438,0,0,206438,2998,7.07,0.3
475,2026-05-17 12:36:38,4,q4,0,22,235,8964,43098,138237,106973,486,443,0,4242,0,10884,1682654,0,0,39674206800,51047112,607382666,0,0,102286012,3503,3503,0,2536512620,2536512620,0,0,1273495988,51438627,15.42,8.96
476,2026-05-17 12:36:48,4,q5,0,11,69,2120,4573,28447,21255,117,111,0,859,0,753,422457,0,0,3181537976,62724083,413647286,0,0,7890286,132,132,0,109305912,109305912,0,0,109305912,7890286,13.42,2.12
477,2026-05-17 12:36:51,4,q5a,0,14,74,2113,4309,26233,19252,105,121,0,763,0,738,422457,0,0,3720505848,62724083,413647286,0,0,7892232,142,142,0,109464345,109464345,0,0,109331115,7890408,12.42,2.11
478,2026-05-17 12:36:55,4,q6,0,11,36,1603,2159,19012,15076,45,47,2,384,0,595,5014322,0,0,4851667944,29900599,103630716,0,0,27358702,206,206,0,240467439,240467439,0,0,240467439,27358702,11.86,1.6
479,2026-05-17 12:36:57,4,q7,0,9,30,2376,2694,21445,19550,17,27,0,600,0,1554,783559,0,0,943558784,30896850,320150123,0,0,26634669,35,35,0,771509016,771509016,0,0,771509016,26634669,9.03,2.38
480,2026-05-17 12:37:01,4,q8,0,10,19,657,572,3316,3233,23,23,0,0,0,39,1283173,0,0,974972800,29873652,105569352,0,0,6731,13,13,0,84238,84238,0,0,84238,6731,5.05,0.66
481,2026-05-17 12:37:02,4,q9,0,31,166,2504,35795,38084,27989,296,271,0,1757,0,88,48680,0,0,0,432007560,970422060,0,0,150,150,150,0,9453,9453,0,0,9453,150,15.21,2.5
482,2026-05-17 12:37:06,4,q10,0,13,57,868,2176,7767,6030,37,54,0,71,0,745,592058,0,0,1521597160,53144863,59602942,0,0,4321867,132,132,0,66400239,66400239,0,0,66400239,4321867,8.95,0.87
483,2026-05-17 12:37:08,4,q10a,0,10,56,663,1654,6815,5931,61,64,0,20,0,655,444765,0,0,2037008608,53144863,59602942,0,0,4289247,183,183,0,66359315,66359315,0,0,66359315,4289247,10.28,0.66
484,2026-05-17 12:37:10,4,q11,0,17,156,4498,14706,67960,51654,247,245,0,1594,0,8183,1373324,0,0,26856842912,36646687,205307118,0,0,71770406,2006,2006,0,1051794768,1051794768,0,0,537186984,36215116,15.11,4.5
485,2026-05-17 12:37:15,4,q12,0,5,9,427,368,940,891,9,9,0,0,0,57,3269297,0,0,512872760,7375137,45931260,0,0,29116,10,10,0,3907103,3907103,0,0,3907103,29116,2.2,0.43
486,2026-05-17 12:37:17,4,q13,0,9,20,1132,1388,9605,8668,10,10,0,420,0,201,1611538,0,0,109217120,31051652,402774873,0,0,193014,14,14,0,2711685,2711685,0,0,2711685,193014,8.48,1.13
487,2026-05-17 12:37:19,4,q14a,0,30,163,7515,13798,74568,57402,277,290,3,3736,0,6091,1189316,0,0,10472473064,151830189,623624460,0,0,62618775,351,351,0,879083795,879083795,0,0,875977067,62532251,9.92,7.52
488,2026-05-17 12:37:29,4,q14b,0,24,123,4371,7750,53011,44620,184,170,0,1036,0,3918,1189316,0,0,8267151424,130375774,496550338,0,0,68372312,289,289,0,1013581742,1013581742,0,0,529664620,40865105,12.13,4.37
489,2026-05-17 12:37:35,4,q14,0,24,120,3037,5880,37190,33968,158,179,0,1320,0,2343,1163472,0,0,7513717016,130375774,496550338,0,0,68278758,254,254,0,1004808282,1004808282,0,0,520891160,40771551,12.25,3.04
490,2026-05-17 12:37:39,4,q15,0,6,31,1487,1481,16208,15135,19,34,0,128,0,423,5014279,0,0,4165109160,15223474,50392286,0,0,14544315,204,204,0,125445003,125445003,0,0,125445003,14544315,10.9,1.49
491,2026-05-17 12:37:42,4,q16,0,8,46,2050,4279,29129,25869,41,50,0,360,0,1253,424379,0,0,4703921456,30563805,163444772,0,0,30114572,442,442,0,422088498,422088498,0,0,422088498,30114572,14.21,2.05
492,2026-05-17 12:37:45,4,q17,0,10,69,4391,6114,56526,53847,64,83,1,880,0,2928,6945969,0,0,7880912176,46326758,240776630,0,0,45538041,803,803,0,1089146303,1089146303,0,0,1089146303,45538041,12.87,4.39
493,2026-05-17 12:37:51,4,q18,0,12,36,1649,2525,14674,13346,29,36,0,393,0,928,9713760,0,0,1706635496,19167074,223424435,0,0,14504153,23,23,0,423927855,423927855,0,0,423927855,14504153,8.9,1.65
494,2026-05-17 12:37:53,4,q18a,0,21,83,2277,6788,26167,22541,77,96,1,450,0,1152,9713760,0,0,7785537408,20019074,226658089,0,0,71656438,82,82,0,2096878181,2096878181,0,0,424789813,14560854,11.49,2.28
495,2026-05-17 12:37:57,4,q19,0,7,16,700,673,5024,4913,13,16,0,0,0,111,5014279,0,0,1168748344,29725652,193890954,0,0,7397,10,10,0,541770,541770,0,0,541770,7397,7.18,0.7
496,2026-05-17 12:37:59,4,q20,0,5,14,393,356,1316,1234,13,15,0,0,0,18,3269297,0,0,307530856,14575474,82668674,0,0,28486,2,2,0,3491832,3491832,0,0,3491832,28486,3.35,0.39
497,2026-05-17 12:38:00,4,q21,0,5,14,889,879,6608,6513,11,14,0,0,0,10,136986,0,0,171972096,133285059,521280710,0,0,31850,1,1,0,679321,679321,0,0,679321,31850,7.43,0.89
498,2026-05-17 12:38:02,4,q22,0,6,31,57798,57759,119852,119191,108,54,0,92,0,72,4630315,0,0,1564275584,133285059,521261101,0,0,612866,68,68,0,25729614,25729614,0,0,25729614,612866,2.07,57.8
499,2026-05-17 12:39:01,4,q22a,0,10,55,3176,3615,14216,12934,77,87,0,0,0,1216,4630315,0,0,5461307616,133285059,521266189,0,0,918610,160,160,0,45113549,45113549,0,0,14511781,306922,4.48,3.18
500,2026-05-17 12:39:05,4,q23a,0,18,127,5969,11244,78601,71259,140,151,1,1658,0,4647,6577006,0,0,12019353816,108823163,443356832,0,0,43897022,767,767,0,1116260376,1116260376,0,0,1086369609,41990015,13.17,5.97
501,2026-05-17 12:39:12,4,q23b,0,21,148,6962,11632,81907,75983,213,221,1,788,0,3987,6577006,0,0,24994694952,109323163,446408878,0,0,48673518,1581,1581,0,1201500821,1201500821,0,0,1098741076,42452497,11.76,6.96
502,2026-05-17 12:39:20,4,q24,0,12,63,2303,3572,26914,25448,40,46,0,266,0,2030,463487,0,0,4795803152,32530235,211136248,0,0,30468590,392,392,0,704283614,704283614,0,0,704283614,30468590,11.69,2.3
503,2026-05-17 12:39:24,4,q24a,0,19,116,3564,4560,37935,35596,95,130,0,10,0,3254,3560798,0,0,14728425696,32632235,209830306,0,0,61448141,1349,1349,0,1431432510,1431432510,0,0,733412274,30991090,10.64,3.56
504,2026-05-17 12:39:28,4,q24b,0,19,116,3117,4140,33470,32630,97,134,0,176,0,2676,3560798,0,0,14722420960,32632235,209830306,0,0,61437701,1349,1349,0,1430205327,1430205327,0,0,732185091,30980650,10.74,3.12
505,2026-05-17 12:39:33,4,q25,0,10,69,4451,6249,58846,57120,65,78,1,0,0,2724,6945969,0,0,7880887560,46326758,336724939,0,0,45538038,800,800,0,1108759789,1108759789,0,0,1108759789,45538038,13.22,4.45
506,2026-05-17 12:39:38,4,q26,0,8,28,1422,1678,12545,11705,12,24,0,420,0,857,783559,0,0,339054936,16496774,167426909,0,0,14334907,16,16,0,388692645,388692645,0,0,388692645,14334907,8.82,1.42
507,2026-05-17 12:39:41,4,q27,0,9,30,2081,2295,18165,17541,15,25,0,440,0,1380,783559,0,0,944051072,30896452,292410015,0,0,26620676,35,35,0,687564889,687564889,0,0,687564889,26620676,8.73,2.08
508,2026-05-17 12:39:44,4,q27a,0,13,53,2661,4510,28649,26530,30,48,12,252,0,2575,783559,0,0,1306999952,30998554,292718825,0,0,79691279,66,66,0,2058123915,2058123915,0,0,687795217,26622575,10.77,2.66
509,2026-05-17 12:39:47,4,q28,0,18,72,2966,16230,44046,36256,138,139,1,992,0,3027,54333,0,0,4446484944,172803006,1055684604,0,0,470650,66,66,0,7692048,7692048,0,0,7692048,470650,14.85,2.97
510,2026-05-17 12:39:52,4,q29,0,11,70,4363,5981,56788,53496,65,77,1,272,0,2738,6945969,0,0,7880995000,46399807,241256382,0,0,45538045,805,805,0,1089147078,1089147078,0,0,1089147078,45538045,13.02,4.36
511,2026-05-17 12:39:57,4,q30,0,13,29,608,1232,1596,1556,88,64,0,0,0,125,1994073,0,0,589111080,2763597,32998878,0,0,788443,38,38,0,59786503,59786503,0,0,59786503,788443,2.62,0.61
512,2026-05-17 12:39:59,4,q31,0,20,56,1523,6116,17960,15470,52,58,0,64,0,1181,3834069,0,0,2523673224,108470914,404522920,0,0,79898,49,49,0,2714998,2714998,0,0,2492791,73114,11.79,1.52
513,2026-05-17 12:40:01,4,q32,0,7,25,520,950,6217,5708,8,17,0,160,0,48,707930,0,0,96778920,28975899,157518878,0,0,55420,12,12,0,760429,760429,0,0,760429,55420,11.96,0.52
514,2026-05-17 12:40:03,4,q33,0,9,32,753,1654,8063,7522,28,37,0,0,0,379,890190,0,0,773025944,50928063,321332628,0,0,17063,18,18,0,450455,450455,0,0,450455,17063,10.71,0.75
515,2026-05-17 12:40:05,4,q34,0,9,48,560,816,4959,4722,47,43,0,0,0,311,140401,0,0,271015752,29380852,55558472,0,0,1010675,58,58,0,34237222,34237222,0,0,17319457,510675,8.86,0.56
516,2026-05-17 12:40:06,4,q35,0,12,62,996,2063,9719,8613,54,70,0,0,0,1145,2112212,0,0,5047516496,53144863,59336702,0,0,8052611,291,291,0,39043620,39043620,0,0,39043620,8052611,9.76,1.0
517,2026-05-17 12:40:08,4,q35a,0,11,62,904,1702,8541,7424,50,67,36,444,0,1113,2112212,0,0,4258987632,53144863,59336702,0,0,8049848,291,291,0,39052774,39052774,0,0,39052774,8049848,9.45,0.9
518,2026-05-17 12:40:10,4,q36,0,6,15,535,502,3936,3840,14,17,0,0,0,77,1858292,0,0,921310080,28975652,258803460,0,0,1769,11,11,0,138565,138565,0,0,138565,1769,7.36,0.54
519,2026-05-17 12:40:12,4,q36a,0,9,20,597,532,3897,3806,18,21,0,0,0,97,1858292,0,0,1460277952,28975652,258803460,0,0,4798,36,36,0,397299,397299,0,0,147261,1822,6.53,0.6
520,2026-05-17 12:40:14,4,q37,0,6,40,976,1319,9621,8456,27,41,0,240,0,742,299199,0,0,865674784,147685474,559893194,0,0,4316414,180,180,0,64485606,64485606,0,0,64485606,14400617,9.86,0.98
521,2026-05-17 12:40:16,4,q38,0,13,112,1827,4937,26775,21250,115,134,0,336,0,3881,2992803,0,0,14718664424,50974063,51807646,0,0,12908807,1008,1008,0,99744004,99744004,0,0,73569116,11908807,14.66,1.83
522,2026-05-17 12:40:19,4,q39a,0,11,59,2107,3672,21268,20429,106,99,0,0,0,361,801878,0,0,2759990096,266468108,1041220090,0,0,1567909,55,55,0,36859402,36859402,0,0,25188288,1057909,10.09,2.11
523,2026-05-17 12:40:22,4,q39b,0,11,59,1771,3180,16778,16062,110,122,0,130,0,334,521454,0,0,2692225872,266468108,1041220090,0,0,1531488,55,55,0,35748102,35748102,0,0,24076988,1021488,9.47,1.77
524,2026-05-17 12:40:25,4,q40,0,7,36,1724,1936,19854,18953,25,37,0,0,0,917,348211,0,0,4141621464,16015366,96488322,0,0,15748014,272,272,0,309641571,309641571,0,0,309641571,15748014,11.52,1.72
525,2026-05-17 12:40:27,4,q41,0,4,4,146,120,105,99,4,4,0,0,0,7,13527,0,0,135268304,204000,1272987,0,0,140,2,2,0,9680,9680,0,0,9680,140,0.72,0.15
526,2026-05-17 12:40:29,4,q42,0,4,13,305,297,2396,2315,8,12,0,0,0,24,110098,0,0,762710104,28975550,166472652,0,0,110,10,10,0,9116,9116,0,0,9116,110,7.86,0.3
527,2026-05-17 12:40:30,4,q43,0,4,13,458,438,3767,3687,12,15,0,0,0,29,110227,0,0,91000344,28873652,71938410,0,0,210,10,10,0,27084,27084,0,0,27084,210,8.22,0.46
528,2026-05-17 12:40:31,4,q44,0,8,34,480,542,3709,3510,29,34,0,0,0,165,1665021,0,0,1584325928,57703002,275173453,0,0,795972,120,120,0,10069011,10069011,0,0,5035816,398046,7.73,0.48
529,2026-05-17 12:40:33,4,q45,0,8,27,1193,1262,9346,8429,23,31,0,338,0,221,5014279,0,0,4113055456,8227137,42934120,0,0,7447479,98,98,0,100517155,100517155,0,0,100517155,7447479,7.83,1.19
530,2026-05-17 12:40:35,4,q46,0,9,32,959,1129,7910,7772,57,48,0,0,0,165,3376534,0,0,1089199376,29630852,188447600,0,0,529456,40,40,0,17231653,17231653,0,0,17231653,529456,8.25,0.96
531,2026-05-17 12:40:37,4,q47,0,11,75,1675,2525,18484,14565,113,117,0,120,0,2185,2307790,0,0,6540828520,28975652,145263360,0,0,2665245,787,787,0,105362886,105362886,0,0,61758664,1560722,11.04,1.68
532,2026-05-17 12:40:40,4,q48,0,8,28,1174,1515,11016,10518,1,13,0,390,0,324,1686114,0,0,334610080,31044452,224412221,0,0,4383958,23,23,0,101501998,101501998,0,0,101501998,4383958,9.38,1.17
533,2026-05-17 12:40:42,4,q49,0,18,87,1530,5830,21051,18420,72,87,6,528,0,1645,234893,0,0,4893318176,55511851,557056798,0,0,15195841,85,85,0,338212852,338212852,0,0,338212852,15195841,13.76,1.53
534,2026-05-17 12:40:45,4,q50,0,7,41,2072,2416,24054,22896,25,45,0,0,0,1332,373053,0,0,4687124776,31824333,142334948,0,0,29262054,357,357,0,629536939,629536939,0,0,629536939,29262054,11.61,2.07
535,2026-05-17 12:40:48,4,q51,0,10,117,2684,3784,36688,32680,137,163,0,752,0,3842,407915,0,0,9946829760,36073638,172274676,0,0,24415841,1679,1679,0,420200139,420200139,0,0,420200139,24415841,13.67,2.68
536,2026-05-17 12:40:52,4,q51a,0,14,183,20639,24719,270426,258230,243,301,0,3011,0,4082,567630,0,0,26902298312,36073638,172274676,0,0,47531016,2587,2587,0,789080756,789080756,0,0,575698126,36069050,13.1,20.64
537,2026-05-17 12:41:13,4,q52,0,4,13,318,309,2376,2294,12,13,0,0,0,110,110270,0,0,762710104,28975550,166603724,0,0,4250,10,10,0,266731,266731,0,0,266731,4250,7.47,0.32
538,2026-05-17 12:41:15,4,q53,0,6,15,505,490,3691,3626,13,14,0,0,0,150,138190,0,0,171348496,28975652,145799972,0,0,31394,11,11,0,661866,661866,0,0,661866,31394,7.31,0.5
539,2026-05-17 12:41:16,4,q54,0,17,59,1402,2316,15334,14299,46,67,0,0,0,888,5014279,0,0,3085658512,51545312,190048440,0,0,27925376,152,152,0,266108014,266108014,0,0,266108014,27925376,10.94,1.4
540,2026-05-17 12:41:19,4,q55,0,4,13,301,292,2224,2149,11,13,0,0,0,94,110227,0,0,762710104,28975550,166603724,0,0,3448,10,10,0,211879,211879,0,0,211879,3448,7.39,0.3
541,2026-05-17 12:41:20,4,q56,0,9,32,700,1613,8065,7633,24,34,0,0,0,207,465078,0,0,817527528,50928063,321597316,0,0,10844,18,18,0,393452,393452,0,0,393452,10844,11.52,0.7
542,2026-05-17 12:41:22,4,q57,0,11,56,1427,2233,12365,9900,94,89,0,525,0,1112,2307790,0,0,5257365712,14575498,67902007,0,0,1160477,378,378,0,45054696,45054696,0,0,33346766,851478,8.67,1.43
543,2026-05-17 12:41:25,4,q58,0,11,33,748,1565,7415,6783,31,35,0,0,0,225,783559,0,0,1874516736,50722161,286836650,0,0,247081,27,27,0,3686832,3686832,0,0,3686832,247081,9.91,0.75
544,2026-05-17 12:41:26,4,q59,0,10,29,909,958,5786,5590,21,29,0,0,0,359,754364,0,0,1622762440,29019852,72241290,0,0,304460,132,132,0,12848209,12848209,0,0,6671233,170845,6.37,0.91
545,2026-05-17 12:41:28,4,q60,0,9,32,856,1792,8521,7920,30,38,0,0,0,329,465078,0,0,1260333848,50928063,321533332,0,0,78428,19,19,0,1556487,1556487,0,0,1556487,78428,9.95,0.86
546,2026-05-17 12:41:30,4,q61,0,10,28,823,1376,9675,8857,2,12,0,352,0,2,5014279,0,0,623374000,58526653,415009764,0,0,20,20,20,0,1179,1179,0,0,1179,20,11.76,0.82
547,2026-05-17 12:41:32,4,q62,0,6,9,424,411,1388,1354,6,7,0,0,0,37,66401,0,0,85210792,7273209,25080911,0,0,1680,4,4,0,144678,144678,0,0,144678,1680,3.27,0.42
548,2026-05-17 12:41:34,4,q63,0,6,15,445,432,3200,3127,13,15,0,0,0,152,138190,0,0,171282960,28975652,145802092,0,0,12917,11,11,0,338319,338319,0,0,338319,12917,7.19,0.44
549,2026-05-17 12:41:35,4,q64,0,33,298,9188,22464,135293,120572,608,603,0,1478,0,13379,1086691,0,0,43419547432,50518209,483849547,0,0,66198164,5431,5431,0,2332424612,2332424612,0,0,2094334387,55680264,14.72,9.19
550,2026-05-17 12:41:46,4,q65,0,10,76,1578,2953,22543,20804,114,109,1,0,0,1524,9164527,0,0,6089929776,57776153,293046734,0,0,11880061,391,391,0,391220668,391220668,0,0,391220668,11880061,14.29,1.58
551,2026-05-17 12:41:48,4,q66,0,8,21,1060,1605,8738,7947,38,42,0,0,0,25,165207,0,0,872275792,21759992,173133259,0,0,90,9,9,0,47940,47940,0,0,47940,90,8.24,1.06
552,2026-05-17 12:41:51,4,q67,0,6,31,6946,6894,73278,71792,42,47,0,530,0,1374,4630315,0,0,7394888888,28975652,172757611,0,0,11548825,187,187,0,866159379,866159379,0,0,866159379,11548825,10.55,6.95
553,2026-05-17 12:41:59,4,q67a,0,14,172,10612,36894,140967,131558,294,333,1,734,0,5514,4630315,0,0,26370438416,28975652,172757611,0,0,55551443,1700,1700,0,4120622499,4120622499,0,0,900593811,13218747,13.28,10.61
554,2026-05-17 12:42:10,4,q68,0,9,32,849,1017,6668,6405,63,47,0,0,0,163,3376534,0,0,591079384,29630852,301203560,0,0,507674,40,40,0,16318004,16318004,0,0,16318004,507674,7.85,0.85
555,2026-05-17 12:42:12,4,q69,0,13,57,700,1803,6669,5892,32,51,0,0,0,1013,467445,0,0,1524419368,53144863,59406334,0,0,3828287,131,131,0,62118565,62118565,0,0,62118565,3828287,9.53,0.7
556,2026-05-17 12:42:14,4,q70,0,9,27,756,698,5467,5316,25,30,0,0,0,43,208460,0,0,1054549784,57674255,204110256,0,0,209,22,22,0,10316,10316,0,0,10316,209,7.23,0.76
557,2026-05-17 12:42:16,4,q70a,0,12,32,745,654,4771,4620,28,37,0,0,0,47,207900,0,0,855320256,57674255,204110256,0,0,240,47,47,0,14125,14125,0,0,8085,180,6.4,0.74
558,2026-05-17 12:42:18,4,q71,0,7,30,667,640,6738,6259,32,42,0,0,0,236,452415,0,0,832552312,50662463,309202270,0,0,32249,31,31,0,1647968,1647968,0,0,994828,21130,10.1,0.67
559,2026-05-17 12:42:20,4,q72,0,16,93,17043,20266,220118,214417,122,132,1,2016,0,4936,6577006,0,0,19933730552,151199964,657716443,0,0,142630673,1392,1392,0,2049530107,2049530107,0,0,2049530107,142630673,12.92,17.04
560,2026-05-17 12:42:38,4,q73,0,9,48,485,687,4064,3955,28,34,0,0,0,129,138190,0,0,269680456,29380852,55558472,0,0,1002732,49,49,0,33968564,33968564,0,0,17050799,502732,8.38,0.48
561,2026-05-17 12:42:39,4,q74,0,15,131,3781,12679,57275,51951,187,186,3,292,0,3825,1428954,0,0,22921014288,36646687,138902766,0,0,71557457,1399,1399,0,759410780,759410780,0,0,388018178,36002167,15.15,3.78
562,2026-05-17 12:42:44,4,q75,0,19,136,3213,11484,48234,40854,172,192,0,688,0,4228,575242,0,0,11663447024,106087914,761041160,0,0,14156492,1038,1038,0,314359407,314359407,0,0,214429694,9118704,15.01,3.21
563,2026-05-17 12:42:49,4,q76,0,4,27,501,472,6222,5346,32,41,0,0,0,213,918479,0,0,1919210600,50576063,311687490,0,0,3127,24,24,0,261039,261039,0,0,261039,3127,12.42,0.5
564,2026-05-17 12:42:50,4,q77,0,14,50,791,3253,8900,8040,39,53,0,0,0,153,121458,0,0,752913968,55512153,370004033,0,0,1747,34,34,0,119687,119687,0,0,119687,1747,11.25,0.79
565,2026-05-17 12:42:52,4,q77a,0,17,55,898,3271,8979,8026,48,59,0,175,0,197,141450,0,0,1291881840,55512153,370004033,0,0,2211,45,45,0,175804,175804,0,0,134308,1881,10.0,0.9
566,2026-05-17 12:42:54,4,q78,0,12,94,5623,13558,83164,76198,163,153,0,800,0,4894,6475408,0,0,18310339880,55584900,461459194,0,0,54207575,1241,1241,0,1579148800,1579148800,0,0,1579148800,54207575,14.79,5.62
567,2026-05-17 12:43:01,4,q79,0,8,29,885,1079,7471,7226,49,43,0,130,0,177,2263289,0,0,991772448,29380852,185998480,0,0,581366,44,44,0,16092595,16092595,0,0,16092595,581366,8.44,0.88
568,2026-05-17 12:43:03,4,q80,0,17,101,6135,20667,94772,88164,101,133,0,768,0,5116,395933,0,0,14185165104,55626495,607719862,0,0,53052375,734,734,0,1571615941,1571615941,0,0,1571615941,53052375,15.45,6.14
569,2026-05-17 12:43:10,4,q80a,0,20,106,6194,21889,93039,88209,109,144,0,432,0,4418,396363,0,0,14657024136,55626495,607719862,0,0,53053332,745,745,0,1571731553,1571731553,0,0,1571628803,53052306,15.02,6.19
570,2026-05-17 12:43:18,4,q81,0,15,46,616,1275,3828,3591,101,82,0,0,0,263,1994073,0,0,2017309984,4202813,42435214,0,0,1386550,76,76,0,36822058,36822058,0,0,36822058,1386550,6.21,0.62
571,2026-05-17 12:43:19,4,q82,0,6,40,1292,1926,13376,11306,30,41,0,544,0,1286,299586,0,0,1637431696,162085550,598297048,0,0,13778665,194,194,0,137239500,137239500,0,0,137239500,28800829,10.35,1.29
572,2026-05-17 12:43:22,4,q83,0,10,23,549,1155,5232,4857,20,23,0,0,0,226,783559,0,0,977241352,5358935,28110796,0,0,43961,14,14,0,759663,759663,0,0,759663,43961,9.53,0.55
573,2026-05-17 12:43:23,4,q84,0,9,29,546,431,2121,1996,20,21,0,0,0,219,9713760,0,0,96623136,5555652,22261454,0,0,2778810,21,21,0,14458335,14458335,0,0,14458335,2778810,3.88,0.55
574,2026-05-17 12:43:25,4,q85,0,13,50,861,1873,6714,6340,52,69,0,0,0,345,1611538,0,0,3925239888,12085256,98304120,0,0,3001776,128,128,0,62818568,62818568,0,0,62818568,3001776,7.8,0.86
575,2026-05-17 12:43:27,4,q86,0,5,8,367,328,969,943,8,8,0,0,0,30,1858292,0,0,445053744,7375137,42167036,0,0,816,5,5,0,54744,54744,0,0,54744,816,2.64,0.37
576,2026-05-17 12:43:28,4,q86a,0,8,13,365,305,843,791,12,13,0,0,0,43,1858292,0,0,984021584,7375137,42167036,0,0,2119,18,18,0,157705,157705,0,0,66561,929,2.31,0.36
577,2026-05-17 12:43:30,4,q87,0,13,112,1731,4541,24480,19975,108,129,0,16,0,3428,2992803,0,0,14718664424,50974063,51807646,0,0,12908807,1008,1008,0,99744004,99744004,0,0,73569116,11908807,14.14,1.73
578,2026-05-17 12:43:32,4,q88,0,26,98,1294,7942,18522,16769,0,44,0,345,0,14,50360,0,0,257476480,231102510,223408392,0,0,80,80,80,0,4720,4720,0,0,4720,80,14.31,1.29
579,2026-05-17 12:43:35,4,q89,0,6,16,522,504,3691,3579,11,16,0,0,0,157,138061,0,0,909938872,28975652,145533696,0,0,49975,22,22,0,2298949,2298949,0,0,2298949,49975,7.07,0.52
580,2026-05-17 12:43:37,4,q90,0,8,14,181,302,1001,989,0,4,0,0,0,0,40754,0,0,25899136,14580376,22811276,0,0,8,8,8,0,472,472,0,0,472,8,5.53,0.18
581,2026-05-17 12:43:38,4,q91,0,11,17,364,423,1006,951,9,11,0,0,0,40,9527061,0,0,480414344,4190955,24237735,0,0,109813,8,8,0,1095219,1095219,0,0,1092269,109794,2.76,0.36
582,2026-05-17 12:43:39,4,q92,0,7,13,323,553,1752,1660,2,6,0,0,0,108,708778,0,0,82624920,14575225,84044050,0,0,135661,9,9,0,1837430,1837430,0,0,1837430,135661,5.42,0.32
583,2026-05-17 12:43:41,4,q93,0,5,39,3867,4185,46049,44712,22,38,0,294,0,1628,253062,0,0,5766380072,31678178,201779522,0,0,31635854,357,357,0,754631060,754631060,0,0,754631060,31635854,11.91,3.87
584,2026-05-17 12:43:45,4,q94,0,8,30,1471,1847,14527,13805,35,35,0,0,0,377,2550511,0,0,3571011840,15443541,75645096,0,0,14397040,153,153,0,217756751,217756751,0,0,217756751,14397040,9.88,1.47
585,2026-05-17 12:43:48,4,q95,0,8,30,3495,3836,42632,35990,46,44,0,899,0,348,2550567,0,0,14560086280,15443541,72405160,0,0,35990240,357,357,0,319472623,319472623,0,0,196649755,14395274,12.2,3.5
586,2026-05-17 12:43:53,4,q96,0,5,14,261,254,2015,1906,0,6,0,0,0,1,49930,0,0,31936240,28894203,27982490,0,0,10,10,10,0,590,590,0,0,590,10,7.72,0.26
587,2026-05-17 12:43:54,4,q97,0,5,39,1895,2614,22539,18507,35,43,0,392,0,405,268880,0,0,6186655016,43273975,150799738,0,0,8377699,238,238,0,96908300,96908300,0,0,96908300,8377699,11.89,1.9
588,2026-05-17 12:43:57,4,q98,0,7,24,609,549,3240,3097,24,28,2,0,0,209,3269297,0,0,1585220256,28975550,169831312,0,0,106186,98,98,0,14470568,14470568,0,0,12500913,91022,5.32,0.61
589,2026-05-17 12:43:58,4,q99,0,6,15,567,554,2907,2802,14,16,0,0,0,31,165207,0,0,111969064,14473528,33990610,0,0,2160,3,3,0,173855,173855,0,0,173855,2160,5.13,0.57
590,2026-05-17 12:44:00,5,q1,0,12,53,655,1208,7428,5951,43,53,0,192,0,931,306771,0,0,3119842872,6328415,47343738,0,0,2168136,192,192,0,31369447,31369447,0,0,31369447,2168136,11.34,0.66
591,2026-05-17 12:44:02,5,q2,0,9,22,639,571,5054,4217,22,26,0,6,0,79,754407,0,0,345169624,21819660,67870754,0,0,6838,44,44,0,352525,352525,0,0,127373,4198,7.91,0.64
592,2026-05-17 12:44:04,5,q3,0,4,13,286,270,2053,1815,13,14,0,0,0,98,110270,0,0,93667304,28975550,166603616,0,0,2998,10,10,0,206438,206438,0,0,206438,2998,7.18,0.29
593,2026-05-17 12:44:05,5,q4,0,22,235,8354,40327,128758,101263,409,425,3,2898,0,12522,1682654,0,0,39674206800,51047112,607382666,0,0,102286012,3503,3503,0,2536512620,2536512620,0,0,1273495988,51438627,15.41,8.35
594,2026-05-17 12:44:15,5,q5,0,11,69,1892,4034,23938,18970,117,107,0,518,0,884,422328,0,0,3181537976,62724083,413647286,0,0,7890286,132,132,0,109305912,109305912,0,0,109305912,7890286,12.65,1.89
595,2026-05-17 12:44:18,5,q5a,0,14,74,2026,4304,25178,21956,117,112,0,80,0,596,421683,0,0,3720505848,62724083,413647286,0,0,7892232,142,142,0,109464345,109464345,0,0,109331115,7890408,12.43,2.03
596,2026-05-17 12:44:21,5,q6,0,11,36,1437,1836,17084,16200,41,47,0,210,0,651,5014279,0,0,4851667944,29900599,103630716,0,0,27358702,206,206,0,240467439,240467439,0,0,240467439,27358702,11.89,1.44
597,2026-05-17 12:44:23,5,q7,0,9,30,2134,2374,18639,18162,17,27,0,306,0,1519,783559,0,0,943558784,30896850,320150123,0,0,26634669,35,35,0,771509016,771509016,0,0,771509016,26634669,8.73,2.13
598,2026-05-17 12:44:27,5,q8,0,10,19,615,564,3649,3562,17,19,0,30,0,38,1283173,0,0,974972800,29873652,105569352,0,0,6731,13,13,0,84238,84238,0,0,84238,6731,5.93,0.62
599,2026-05-17 12:44:28,5,q9,0,31,166,2322,33375,35370,29264,281,285,0,1413,0,64,48680,0,0,0,432007560,970422060,0,0,150,150,150,0,9453,9453,0,0,9453,150,15.23,2.32
600,2026-05-17 12:44:32,5,q10,0,13,57,728,2019,7550,6773,32,55,0,0,0,731,592058,0,0,1521597160,53144863,59602942,0,0,4321867,132,132,0,66400239,66400239,0,0,66400239,4321867,10.37,0.73
601,2026-05-17 12:44:33,5,q10a,0,10,56,590,1528,6526,6161,31,57,0,0,0,556,444765,0,0,2037008608,53144863,59602942,0,0,4289247,183,183,0,66359315,66359315,0,0,66359315,4289247,11.06,0.59
602,2026-05-17 12:44:35,5,q11,0,17,156,4113,13869,62658,55640,186,228,2,646,0,5976,1373324,0,0,26856842912,36646687,205307118,0,0,71770406,2006,2006,0,1051794768,1051794768,0,0,537186984,36215116,15.23,4.11
603,2026-05-17 12:44:40,5,q12,0,5,9,369,332,901,869,8,9,0,0,0,57,3269297,0,0,512872760,7375137,45931260,0,0,29116,10,10,0,3907103,3907103,0,0,3907103,29116,2.44,0.37
604,2026-05-17 12:44:42,5,q13,0,9,20,1080,1319,9287,8915,0,9,0,160,0,168,1611538,0,0,109217120,31051652,402774873,0,0,193014,14,14,0,2711685,2711685,0,0,2711685,193014,8.6,1.08
605,2026-05-17 12:44:44,5,q14a,0,30,163,5945,10965,59771,51438,217,263,0,2230,0,4482,1189316,0,0,10472473064,151830189,623624460,0,0,62618775,351,351,0,879083795,879083795,0,0,875977067,62532251,10.05,5.94
606,2026-05-17 12:44:52,5,q14b,0,24,123,3938,6929,49336,45848,150,156,0,416,0,2691,1189316,0,0,8267151424,130375774,496550338,0,0,68372312,289,289,0,1013581742,1013581742,0,0,529664620,40865105,12.53,3.94
607,2026-05-17 12:44:58,5,q14,0,24,120,3071,5523,37279,34227,187,181,3,590,0,2112,1163429,0,0,7513717016,130375774,496550338,0,0,68278758,254,254,0,1004808282,1004808282,0,0,520891160,40771551,12.14,3.07
608,2026-05-17 12:45:02,5,q15,0,6,31,1577,1575,17441,16488,19,34,0,0,0,428,5014279,0,0,4165109160,15223474,50392286,0,0,14544315,204,204,0,125445003,125445003,0,0,125445003,14544315,11.06,1.58
609,2026-05-17 12:45:05,5,q16,0,8,46,1873,3103,25522,23832,49,52,0,224,0,1185,424379,0,0,4703921456,30563805,163444772,0,0,30114572,442,442,0,422088498,422088498,0,0,422088498,30114572,13.63,1.87
610,2026-05-17 12:45:07,5,q17,0,10,69,4279,5924,55743,54122,61,83,1,0,0,2720,6945969,0,0,7880912176,46326758,240776630,0,0,45538041,803,803,0,1089146303,1089146303,0,0,1089146303,45538041,13.03,4.28
611,2026-05-17 12:45:13,5,q18,0,12,36,1517,2187,13076,11834,29,38,0,520,0,928,9713760,0,0,1706635496,19167074,223424435,0,0,14504153,23,23,0,423927855,423927855,0,0,423927855,14504153,8.62,1.52
612,2026-05-17 12:45:15,5,q18a,0,21,83,2322,6894,27000,23177,87,102,1,114,0,1220,9713803,0,0,7785537408,20019074,226658089,0,0,71656438,82,82,0,2096878181,2096878181,0,0,424789813,14560854,11.63,2.32
613,2026-05-17 12:45:19,5,q19,0,7,16,715,691,5098,4986,13,18,0,0,0,111,5014279,0,0,1168748344,29725652,193890954,0,0,7397,10,10,0,541770,541770,0,0,541770,7397,7.13,0.72
614,2026-05-17 12:45:21,5,q20,0,5,14,373,337,1317,1238,13,14,0,0,0,17,3269297,0,0,307530856,14575474,82668674,0,0,28486,2,2,0,3491832,3491832,0,0,3491832,28486,3.53,0.37
615,2026-05-17 12:45:22,5,q21,0,5,14,900,892,6709,6621,11,15,0,0,0,10,136986,0,0,171972096,133285059,521280710,0,0,31850,1,1,0,679321,679321,0,0,679321,31850,7.45,0.9
616,2026-05-17 12:45:24,5,q22,0,6,31,59758,59718,125410,125089,83,51,0,70,0,64,4630315,0,0,1564275584,133285059,521261101,0,0,612866,68,68,0,25729614,25729614,0,0,25729614,612866,2.1,59.76
617,2026-05-17 12:46:25,5,q22a,0,10,55,3257,3753,13709,12201,76,91,0,16,0,1387,4630315,0,0,5461307616,133285059,521266189,0,0,918610,160,160,0,45113549,45113549,0,0,14511781,306922,4.21,3.26
618,2026-05-17 12:46:29,5,q23a,0,18,127,6456,10334,75575,70036,137,161,0,682,0,3768,6576963,0,0,12019353816,108823163,443356832,0,0,43897022,767,767,0,1116260376,1116260376,0,0,1086369609,41990015,11.71,6.46
619,2026-05-17 12:46:37,5,q23b,0,21,148,6296,12079,83068,77053,226,206,1,648,0,3994,6577006,0,0,24994694952,109323163,446408878,0,0,48673518,1581,1581,0,1201500821,1201500821,0,0,1098741076,42452497,13.19,6.3
620,2026-05-17 12:46:44,5,q24,0,12,63,2328,3676,27034,25372,20,47,0,369,0,2112,463487,0,0,4795803152,32530235,211136248,0,0,30468590,392,392,0,704283614,704283614,0,0,704283614,30468590,11.61,2.33
621,2026-05-17 12:46:48,5,q24a,0,19,116,3417,4434,36454,34561,93,133,0,256,0,3265,3560798,0,0,14728425696,32632235,209830306,0,0,61448141,1349,1349,0,1431432510,1431432510,0,0,733412274,30991090,10.67,3.42
622,2026-05-17 12:46:52,5,q24b,0,19,116,3103,4122,33427,32601,93,132,1,40,0,2831,3560798,0,0,14722420960,32632235,209830306,0,0,61437701,1349,1349,0,1430205327,1430205327,0,0,732185091,30980650,10.77,3.1
623,2026-05-17 12:46:56,5,q25,0,10,69,4542,6689,59778,56180,58,74,1,432,0,2986,6945969,0,0,7880887560,46326758,336724939,0,0,45538038,800,800,0,1108759789,1108759789,0,0,1108759789,45538038,13.16,4.54
624,2026-05-17 12:47:02,5,q26,0,8,28,1244,1491,11266,10526,12,23,0,440,0,918,783559,0,0,339054936,16496774,167426909,0,0,14334907,16,16,0,388692645,388692645,0,0,388692645,14334907,9.06,1.24
625,2026-05-17 12:47:04,5,q27,0,9,30,2128,2336,18381,17976,15,25,0,240,0,1362,783559,0,0,944051072,30896452,292410015,0,0,26620676,35,35,0,687564889,687564889,0,0,687564889,26620676,8.64,2.13
626,2026-05-17 12:47:08,5,q27a,0,13,53,2562,4292,27716,25906,32,48,0,360,0,2166,783559,0,0,1306999952,30998554,292718825,0,0,79691279,66,66,0,2058123915,2058123915,0,0,687795217,26622575,10.82,2.56
627,2026-05-17 12:47:11,5,q28,0,18,72,2852,15435,41986,33524,188,159,0,1106,0,3107,54290,0,0,4446484944,172803006,1055684604,0,0,470650,66,66,0,7692048,7692048,0,0,7692048,470650,14.72,2.85
628,2026-05-17 12:47:15,5,q29,0,11,70,4398,6172,57743,54280,58,79,1,624,0,2786,6945969,0,0,7880995000,46399807,241256382,0,0,45538045,805,805,0,1089147078,1089147078,0,0,1089147078,45538045,13.13,4.4
629,2026-05-17 12:47:21,5,q30,0,13,29,579,1229,1488,1446,87,66,0,0,0,124,1994073,0,0,589111080,2763597,32998878,0,0,788443,38,38,0,59786503,59786503,0,0,59786503,788443,2.57,0.58
630,2026-05-17 12:47:22,5,q31,0,20,56,1465,6433,18199,15544,46,55,0,0,0,1245,3834069,0,0,2523673224,108470914,404522920,0,0,79898,49,49,0,2714998,2714998,0,0,2492791,73114,12.42,1.46
631,2026-05-17 12:47:25,5,q32,0,7,25,436,786,4984,4714,5,15,0,0,0,43,707887,0,0,96778920,28975899,157518878,0,0,55420,12,12,0,760429,760429,0,0,760429,55420,11.43,0.44
632,2026-05-17 12:47:26,5,q33,0,9,32,782,1650,8026,7393,30,36,0,0,0,461,890190,0,0,773025944,50928063,321332628,0,0,17063,18,18,0,450455,450455,0,0,450455,17063,10.26,0.78
633,2026-05-17 12:47:28,5,q34,0,9,48,532,775,4571,4361,45,41,0,0,0,295,140315,0,0,271015752,29380852,55558472,0,0,1010675,58,58,0,34237222,34237222,0,0,17319457,510675,8.59,0.53
634,2026-05-17 12:47:30,5,q35,0,12,62,1109,2709,11476,8771,59,72,0,1152,0,1392,2112212,0,0,5047516496,53144863,59336702,0,0,8052611,291,291,0,39043620,39043620,0,0,39043620,8052611,10.35,1.11
635,2026-05-17 12:47:32,5,q35a,0,11,62,909,1736,8762,8036,52,70,0,0,0,1082,2112212,0,0,4258987632,53144863,59336702,0,0,8049848,291,291,0,39052774,39052774,0,0,39052774,8049848,9.64,0.91
636,2026-05-17 12:47:34,5,q36,0,6,15,583,549,4364,4211,13,15,0,0,0,104,1858292,0,0,921310080,28975652,258803460,0,0,1769,11,11,0,138565,138565,0,0,138565,1769,7.49,0.58
637,2026-05-17 12:47:36,5,q36a,0,9,20,599,534,3871,3778,18,21,0,0,0,93,1858292,0,0,1460277952,28975652,258803460,0,0,4798,36,36,0,397299,397299,0,0,147261,1822,6.46,0.6
638,2026-05-17 12:47:37,5,q37,0,6,40,909,1207,8592,7997,22,41,0,0,0,513,299199,0,0,865674784,147685474,559893194,0,0,4316414,180,180,0,64485606,64485606,0,0,64485606,14400617,9.45,0.91
639,2026-05-17 12:47:39,5,q38,0,13,112,1799,4778,25118,20184,124,136,3,540,0,3251,2992717,0,0,14718664424,50974063,51807646,0,0,12908807,1008,1008,0,99744004,99744004,0,0,73569116,11908807,13.96,1.8
640,2026-05-17 12:47:42,5,q39a,0,11,59,2350,4054,24637,22450,101,100,0,160,0,399,801878,0,0,2759990096,266468108,1041220090,0,0,1567909,55,55,0,36859402,36859402,0,0,25188288,1057909,10.48,2.35
641,2026-05-17 12:47:45,5,q39b,0,11,59,1648,3057,17183,16997,89,104,0,0,0,157,521454,0,0,2692225872,266468108,1041220090,0,0,1531488,55,55,0,35748102,35748102,0,0,24076988,1021488,10.43,1.65
642,2026-05-17 12:47:48,5,q40,0,7,36,1745,1978,19634,18108,21,38,0,598,0,911,348899,0,0,4141621464,16015366,96488322,0,0,15748014,272,272,0,309641571,309641571,0,0,309641571,15748014,11.25,1.74
643,2026-05-17 12:47:51,5,q41,0,4,4,138,113,99,99,4,4,0,0,0,7,13527,0,0,135268304,204000,1272987,0,0,140,2,2,0,9680,9680,0,0,9680,140,0.72,0.14
644,2026-05-17 12:47:52,5,q42,0,4,13,285,275,2162,2081,10,13,0,0,0,25,110184,0,0,762710104,28975550,166472652,0,0,110,10,10,0,9116,9116,0,0,9116,110,7.59,0.28
645,2026-05-17 12:47:53,5,q43,0,4,13,460,440,3848,3769,13,16,0,0,0,29,110270,0,0,91000344,28873652,71938410,0,0,210,10,10,0,27084,27084,0,0,27084,210,8.37,0.46
646,2026-05-17 12:47:55,5,q44,0,8,34,473,511,3523,3339,27,34,0,0,0,164,1665021,0,0,1584325928,57703002,275173453,0,0,795972,120,120,0,10069011,10069011,0,0,5035816,398046,7.45,0.47
647,2026-05-17 12:47:56,5,q45,0,8,27,1107,1160,8727,8274,18,32,0,0,0,214,5014279,0,0,4113055456,8227137,42934120,0,0,7447479,98,98,0,100517155,100517155,0,0,100517155,7447479,7.88,1.11
648,2026-05-17 12:47:59,5,q46,0,9,32,908,1056,7358,7010,62,52,0,210,0,166,3376534,0,0,1089199376,29630852,188447600,0,0,529456,40,40,0,17231653,17231653,0,0,17231653,529456,8.1,0.91
649,2026-05-17 12:48:01,5,q47,0,11,75,1777,2680,20085,16853,95,114,0,120,0,2181,2307790,0,0,6540828520,28975652,145263360,0,0,2665245,787,787,0,105362886,105362886,0,0,61758664,1560722,11.3,1.78
650,2026-05-17 12:48:04,5,q48,0,8,28,1250,1670,11880,11349,1,13,0,420,0,330,1686114,0,0,334610080,31044452,224412221,0,0,4383958,23,23,0,101501998,101501998,0,0,101501998,4383958,9.5,1.25
651,2026-05-17 12:48:06,5,q49,0,18,87,1687,6721,23339,22083,66,86,0,0,0,1416,234592,0,0,4893318176,55511851,557056798,0,0,15195841,85,85,0,338212852,338212852,0,0,338212852,15195841,13.83,1.69
652,2026-05-17 12:48:09,5,q50,0,7,41,2280,2683,26663,23680,28,46,0,448,0,1314,373096,0,0,4687124776,31824333,142334948,0,0,29262054,357,357,0,629536939,629536939,0,0,629536939,29262054,11.69,2.28
653,2026-05-17 12:48:12,5,q51,0,10,117,2781,3999,37746,33584,138,161,0,400,0,3622,407915,0,0,9946829760,36073638,172274676,0,0,24415841,1679,1679,0,420200139,420200139,0,0,420200139,24415841,13.57,2.78
654,2026-05-17 12:48:16,5,q51a,0,14,183,20561,24525,269014,258674,245,294,0,2422,0,4205,567630,0,0,26902298312,36073638,172274676,0,0,47531016,2587,2587,0,789080756,789080756,0,0,575698126,36069050,13.08,20.56
655,2026-05-17 12:48:37,5,q52,0,4,13,309,299,2318,2243,12,13,0,0,0,112,110270,0,0,762710104,28975550,166603724,0,0,4250,10,10,0,266731,266731,0,0,266731,4250,7.5,0.31
656,2026-05-17 12:48:39,5,q53,0,6,15,514,497,3834,3520,9,14,0,60,0,130,138448,0,0,171348496,28975652,145799972,0,0,31394,11,11,0,661866,661866,0,0,661866,31394,7.46,0.51
657,2026-05-17 12:48:40,5,q54,0,17,59,1318,2122,13973,13290,46,63,0,0,0,862,5014279,0,0,3085658512,51545312,190048440,0,0,27925376,152,152,0,266108014,266108014,0,0,266108014,27925376,10.6,1.32
658,2026-05-17 12:48:43,5,q55,0,4,13,315,306,2415,2336,9,12,0,0,0,102,110141,0,0,762710104,28975550,166603724,0,0,3448,10,10,0,211879,211879,0,0,211879,3448,7.67,0.32
659,2026-05-17 12:48:44,5,q56,0,9,32,669,1335,6194,5718,28,36,0,0,0,227,465078,0,0,817527528,50928063,321597316,0,0,10844,18,18,0,393452,393452,0,0,393452,10844,9.26,0.67
660,2026-05-17 12:48:46,5,q57,0,11,56,1404,2183,12629,10760,95,89,0,0,0,832,2307790,0,0,5257365712,14575498,67902007,0,0,1160477,378,378,0,45054696,45054696,0,0,33346766,851478,9.0,1.4
661,2026-05-17 12:48:48,5,q58,0,10,32,881,1990,9647,7961,28,34,0,613,0,595,783559,0,0,1737153328,50722161,286836650,0,0,247040,25,25,0,3683252,3683252,0,0,3683252,247040,10.95,0.88
662,2026-05-17 12:48:50,5,q59,0,10,29,940,992,6082,5902,25,28,0,0,0,314,754364,0,0,1622762440,29019852,72241290,0,0,304460,132,132,0,12848209,12848209,0,0,6671233,170845,6.47,0.94
663,2026-05-17 12:48:52,5,q60,0,9,32,768,1684,7950,7226,28,39,0,0,0,449,465078,0,0,1260333848,50928063,321533332,0,0,78428,19,19,0,1556487,1556487,0,0,1556487,78428,10.35,0.77
664,2026-05-17 12:48:54,5,q61,0,10,28,995,1624,11156,10802,2,13,0,0,0,2,5014279,0,0,623374000,58526653,415009764,0,0,20,20,20,0,1179,1179,0,0,1179,20,11.21,1.0
665,2026-05-17 12:48:56,5,q62,0,6,9,422,410,1374,1344,6,6,0,0,0,37,66444,0,0,85210792,7273209,25080911,0,0,1680,4,4,0,144678,144678,0,0,144678,1680,3.26,0.42
666,2026-05-17 12:48:58,5,q63,0,6,15,464,450,3407,3350,13,15,0,0,0,144,138190,0,0,171282960,28975652,145802092,0,0,12917,11,11,0,338319,338319,0,0,338319,12917,7.34,0.46
667,2026-05-17 12:48:59,5,q64,0,33,298,8933,21311,130773,116933,562,608,0,1586,0,13164,1086691,0,0,43419547432,50518209,483849547,0,0,66198164,5431,5431,0,2332424612,2332424612,0,0,2094334387,55680264,14.64,8.93
668,2026-05-17 12:49:10,5,q65,0,10,76,1617,2969,23116,20783,105,107,1,208,0,1630,9164527,0,0,6089929776,57776153,293046734,0,0,11880061,391,391,0,391220668,391220668,0,0,391220668,11880061,14.3,1.62
669,2026-05-17 12:49:12,5,q66,0,8,21,1021,1399,7992,7242,30,34,0,0,0,23,165207,0,0,872275792,21759992,173133259,0,0,90,9,9,0,47940,47940,0,0,47940,90,7.83,1.02
670,2026-05-17 12:49:14,5,q67,0,6,31,6951,6902,74045,72667,38,44,0,663,0,1394,4630315,0,0,7394888888,28975652,172757611,0,0,11548825,187,187,0,866159379,866159379,0,0,866159379,11548825,10.65,6.95
671,2026-05-17 12:49:22,5,q67a,0,14,172,10348,35707,138257,128795,298,337,0,953,0,5745,4630358,0,0,26370438416,28975652,172757611,0,0,55551443,1700,1700,0,4120622499,4120622499,0,0,900593811,13218747,13.36,10.35
672,2026-05-17 12:49:34,5,q68,0,9,32,855,1022,6766,6625,57,47,0,0,0,159,3376534,0,0,591079384,29630852,301203560,0,0,507674,40,40,0,16318004,16318004,0,0,16318004,507674,7.91,0.86
673,2026-05-17 12:49:36,5,q69,0,13,57,698,1771,6533,5558,33,53,0,0,0,1163,467445,0,0,1524419368,53144863,59406334,0,0,3828287,131,131,0,62118565,62118565,0,0,62118565,3828287,9.36,0.7
674,2026-05-17 12:49:38,5,q70,0,9,27,852,790,6538,6027,24,30,0,170,0,48,208460,0,0,1054549784,57674255,204110256,0,0,209,22,22,0,10316,10316,0,0,10316,209,7.67,0.85
675,2026-05-17 12:49:40,5,q70a,0,12,32,741,628,4714,4579,27,37,0,0,0,45,207900,0,0,855320256,57674255,204110256,0,0,240,47,47,0,14125,14125,0,0,8085,180,6.36,0.74
676,2026-05-17 12:49:42,5,q71,0,7,30,813,785,9602,8886,28,42,0,0,0,201,452415,0,0,832552312,50662463,309202270,0,0,32249,31,31,0,1647968,1647968,0,0,994828,21130,11.81,0.81
677,2026-05-17 12:49:43,5,q72,0,16,93,16906,21588,215761,211848,118,136,1,788,0,4848,6577006,0,0,19933730552,151199964,657716443,0,0,142630673,1392,1392,0,2049530107,2049530107,0,0,2049530107,142630673,12.76,16.91
678,2026-05-17 12:50:01,5,q73,0,9,48,455,653,3812,3707,42,35,0,0,0,125,138190,0,0,269680456,29380852,55558472,0,0,1002732,49,49,0,33968564,33968564,0,0,17050799,502732,8.38,0.46
679,2026-05-17 12:50:03,5,q74,0,15,131,3980,13508,60417,55065,165,186,0,519,0,3612,1428954,0,0,22921014288,36646687,138902766,0,0,71557457,1399,1399,0,759410780,759410780,0,0,388018178,36002167,15.18,3.98
680,2026-05-17 12:50:08,5,q75,0,19,136,2854,10371,43223,36443,163,185,1,432,0,4448,574640,0,0,11663447024,106087914,761041160,0,0,14156492,1038,1038,0,314359407,314359407,0,0,214429694,9118704,15.14,2.85
681,2026-05-17 12:50:12,5,q76,0,4,27,790,764,10443,9599,27,39,0,0,0,218,918479,0,0,1919210600,50576063,311687490,0,0,3127,24,24,0,261039,261039,0,0,261039,3127,13.22,0.79
682,2026-05-17 12:50:14,5,q77,0,14,50,752,2994,8101,6510,47,51,0,288,0,200,121458,0,0,752913968,55512153,370004033,0,0,1747,34,34,0,119687,119687,0,0,119687,1747,10.77,0.75
683,2026-05-17 12:50:16,5,q77a,0,17,55,797,2489,6861,5996,52,64,0,0,0,227,141450,0,0,1291881840,55512153,370004033,0,0,2211,45,45,0,175804,175804,0,0,134308,1881,8.61,0.8
684,2026-05-17 12:50:18,5,q78,0,12,94,5648,13413,84219,78033,160,158,1,1184,0,4558,6475408,0,0,18310339880,55584900,461459194,0,0,54207575,1241,1241,0,1579148800,1579148800,0,0,1579148800,54207575,14.91,5.65
685,2026-05-17 12:50:25,5,q79,0,8,29,899,1038,7482,7337,47,41,0,44,0,164,2263289,0,0,991772448,29380852,185998480,0,0,581366,44,44,0,16092595,16092595,0,0,16092595,581366,8.32,0.9
686,2026-05-17 12:50:27,5,q80,0,17,101,5838,19918,88919,84296,91,132,0,288,0,4740,396234,0,0,14185165104,55626495,607719862,0,0,53052375,734,734,0,1571615941,1571615941,0,0,1571615941,53052375,15.23,5.84
687,2026-05-17 12:50:33,5,q80a,0,20,106,5927,22931,88750,84359,106,138,0,560,0,4281,396363,0,0,14657024136,55626495,607719862,0,0,53053332,745,745,0,1571731553,1571731553,0,0,1571628803,53052306,14.97,5.93
688,2026-05-17 12:50:41,5,q81,0,15,46,675,1438,4223,4063,110,83,0,0,0,244,1994073,0,0,2017309984,4202813,42435214,0,0,1386550,76,76,0,36822058,36822058,0,0,36822058,1386550,6.26,0.68
689,2026-05-17 12:50:42,5,q82,0,6,40,1274,1808,12538,11480,23,40,0,220,0,499,299586,0,0,1637431696,162085550,598297048,0,0,13778665,194,194,0,137239500,137239500,0,0,137239500,28800829,9.84,1.27
690,2026-05-17 12:50:45,5,q83,0,10,23,531,1176,5210,4795,19,20,0,0,0,271,783559,0,0,977765640,5358935,28110796,0,0,43961,14,14,0,759663,759663,0,0,759663,43961,9.81,0.53
691,2026-05-17 12:50:46,5,q84,0,9,29,624,456,2191,1814,21,24,0,0,0,396,9713760,0,0,96623136,5555652,22261454,0,0,2778810,21,21,0,14458335,14458335,0,0,14458335,2778810,3.51,0.62
692,2026-05-17 12:50:48,5,q85,0,13,50,882,1898,7076,6530,55,62,0,0,0,448,1611538,0,0,3925239888,12085256,98304120,0,0,3001776,128,128,0,62818568,62818568,0,0,62818568,3001776,8.02,0.88
693,2026-05-17 12:50:50,5,q86,0,5,8,368,329,1035,1010,7,6,0,0,0,30,1858292,0,0,445053744,7375137,42167036,0,0,816,5,5,0,54744,54744,0,0,54744,816,2.81,0.37
694,2026-05-17 12:50:51,5,q86a,0,8,13,373,314,831,798,12,13,0,0,0,42,1858292,0,0,984021584,7375137,42167036,0,0,2119,18,18,0,157705,157705,0,0,66561,929,2.23,0.37
695,2026-05-17 12:50:53,5,q87,0,13,112,1707,4428,24343,19065,111,133,0,468,0,3702,2992803,0,0,14718664424,50974063,51807646,0,0,12908807,1008,1008,0,99744004,99744004,0,0,73569116,11908807,14.26,1.71
696,2026-05-17 12:50:56,5,q88,0,26,98,1316,8281,19221,17794,0,43,0,0,0,8,49930,0,0,257476480,231102510,223408392,0,0,80,80,80,0,4720,4720,0,0,4720,80,14.61,1.32
697,2026-05-17 12:50:58,5,q89,0,6,16,523,507,3662,3561,13,17,0,0,0,153,138147,0,0,909938872,28975652,145533696,0,0,49975,22,22,0,2298949,2298949,0,0,2298949,49975,7.0,0.52
698,2026-05-17 12:51:00,5,q90,0,8,14,201,338,1162,1150,0,4,0,0,0,0,40754,0,0,25899136,14580376,22811276,0,0,8,8,8,0,472,472,0,0,472,8,5.78,0.2
699,2026-05-17 12:51:01,5,q91,0,11,17,370,435,995,956,9,13,0,0,0,42,9527061,0,0,480414344,4190955,24237735,0,0,109813,8,8,0,1095219,1095219,0,0,1092269,109794,2.69,0.37
700,2026-05-17 12:51:02,5,q92,0,7,13,335,571,1810,1768,1,6,0,0,0,67,708778,0,0,82624920,14575225,84044050,0,0,135661,9,9,0,1837430,1837430,0,0,1837430,135661,5.4,0.34
701,2026-05-17 12:51:04,5,q93,0,5,39,3863,4247,46386,44921,20,37,0,440,0,1800,252331,0,0,5766380072,31678178,201779522,0,0,31635854,357,357,0,754631060,754631060,0,0,754631060,31635854,12.01,3.86
702,2026-05-17 12:51:09,5,q94,0,8,30,1309,1715,12147,11310,38,38,0,0,0,380,2550511,0,0,3571011840,15443541,75645096,0,0,14397040,153,153,0,217756751,217756751,0,0,217756751,14397040,9.28,1.31
703,2026-05-17 12:51:11,5,q95,0,8,30,3503,3857,44490,38534,43,42,0,858,0,351,2550567,0,0,14560086280,15443541,72405160,0,0,35990240,357,357,0,319472623,319472623,0,0,196649755,14395274,12.7,3.5
704,2026-05-17 12:51:16,5,q96,0,5,14,236,233,1814,1790,0,5,0,0,0,1,49930,0,0,31936240,28894203,27982490,0,0,10,10,10,0,590,590,0,0,590,10,7.69,0.24
705,2026-05-17 12:51:17,5,q97,0,5,39,1706,2282,20095,17957,33,42,0,132,0,313,268923,0,0,6186655016,43273975,150799738,0,0,8377699,238,238,0,96908300,96908300,0,0,96908300,8377699,11.78,1.71
706,2026-05-17 12:51:20,5,q98,0,7,24,661,592,3497,3152,24,26,3,0,0,408,3269297,0,0,1585220256,28975550,169831312,0,0,106186,98,98,0,14470568,14470568,0,0,12500913,91022,5.29,0.66
707,2026-05-17 12:51:21,5,q99,0,6,15,584,560,3171,3073,12,15,0,0,0,32,165207,0,0,111969064,14473528,33990610,0,0,2160,3,3,0,173855,173855,0,0,173855,2160,5.43,0.58
708,2026-05-17 12:51:23,6,q1,0,12,53,672,1155,6878,5657,51,56,0,160,0,788,306771,0,0,3119842872,6328415,47343738,0,0,2168136,192,192,0,31369447,31369447,0,0,31369447,2168136,10.24,0.67
709,2026-05-17 12:51:25,6,q2,0,9,22,627,555,4827,4106,24,27,0,42,0,94,754364,0,0,345169624,21819660,67870754,0,0,6838,44,44,0,352525,352525,0,0,127373,4198,7.7,0.63
710,2026-05-17 12:51:26,6,q3,0,4,13,290,274,2207,1953,12,14,0,0,0,107,110270,0,0,93667304,28975550,166603616,0,0,2998,10,10,0,206438,206438,0,0,206438,2998,7.61,0.29
711,2026-05-17 12:51:28,6,q4,0,22,235,7503,36445,116762,101101,373,411,4,1968,0,11810,1682654,0,0,39674206800,51047112,607382666,0,0,102286012,3503,3503,0,2536512620,2536512620,0,0,1273495988,51438627,15.56,7.5
712,2026-05-17 12:51:37,6,q5,0,11,69,1683,3613,22324,20150,76,100,0,0,0,609,421683,0,0,3181537976,62724083,413647286,0,0,7890286,132,132,0,109305912,109305912,0,0,109305912,7890286,13.26,1.68
713,2026-05-17 12:51:39,6,q5a,0,14,74,1805,3732,22565,19593,84,110,0,480,0,667,421683,0,0,3720505848,62724083,413647286,0,0,7892232,142,142,0,109464345,109464345,0,0,109331115,7890408,12.5,1.8
714,2026-05-17 12:51:42,6,q6,0,11,36,1369,1784,15927,15469,41,46,0,0,0,567,5014279,0,0,4851667944,29900599,103630716,0,0,27358702,206,206,0,240467439,240467439,0,0,240467439,27358702,11.63,1.37
715,2026-05-17 12:51:45,6,q7,0,9,30,2257,2574,20185,19151,15,26,0,644,0,1476,783559,0,0,943558784,30896850,320150123,0,0,26634669,35,35,0,771509016,771509016,0,0,771509016,26634669,8.94,2.26
716,2026-05-17 12:51:48,6,q8,0,10,19,526,478,2774,2719,20,20,0,0,0,38,1283173,0,0,974972800,29873652,105569352,0,0,6731,13,13,0,84238,84238,0,0,84238,6731,5.27,0.53
717,2026-05-17 12:51:50,6,q9,0,31,166,2200,30307,33224,30128,265,267,0,1040,0,51,48680,0,0,0,432007560,970422060,0,0,150,150,150,0,9453,9453,0,0,9453,150,15.1,2.2
718,2026-05-17 12:51:53,6,q10,0,13,57,666,1748,6272,5585,32,52,0,0,0,640,592058,0,0,1521597160,53144863,59602942,0,0,4321867,132,132,0,66400239,66400239,0,0,66400239,4321867,9.42,0.67
719,2026-05-17 12:51:55,6,q10a,0,10,56,624,1458,6275,5410,35,54,0,231,0,630,444765,0,0,2037008608,53144863,59602942,0,0,4289247,183,183,0,66359315,66359315,0,0,66359315,4289247,10.06,0.62
720,2026-05-17 12:51:56,6,q11,0,17,156,4000,13502,61185,55828,206,227,0,304,0,5610,1373324,0,0,26856842912,36646687,205307118,0,0,71770406,2006,2006,0,1051794768,1051794768,0,0,537186984,36215116,15.3,4.0
721,2026-05-17 12:52:02,6,q12,0,5,9,486,449,1373,1344,8,8,0,0,0,55,3269297,0,0,512872760,7375137,45931260,0,0,29116,10,10,0,3907103,3907103,0,0,3907103,29116,2.83,0.49
722,2026-05-17 12:52:03,6,q13,0,9,20,1145,1372,9241,8934,3,8,0,230,0,176,1611538,0,0,109217120,31051652,402774873,0,0,193014,14,14,0,2711685,2711685,0,0,2711685,193014,8.07,1.14
723,2026-05-17 12:52:05,6,q14a,0,30,163,5842,10603,58821,53205,204,249,3,1132,0,3793,1189316,0,0,10472473064,151830189,623624460,0,0,62618775,351,351,0,879083795,879083795,0,0,875977067,62532251,10.07,5.84
724,2026-05-17 12:52:14,6,q14b,0,23,122,3715,6688,46015,42820,142,161,0,448,0,2483,1189316,0,0,8132409456,130375774,496550338,0,0,68363758,279,279,0,1013170223,1013170223,0,0,529664620,40865105,12.39,3.72
725,2026-05-17 12:52:19,6,q14,0,24,120,3158,6013,38319,35002,140,178,0,988,0,2181,1163472,0,0,7513717016,130375774,496550338,0,0,68278758,254,254,0,1004808282,1004808282,0,0,520891160,40771551,12.13,3.16
726,2026-05-17 12:52:23,6,q15,0,6,31,1472,1465,15998,15129,22,34,0,0,0,435,5014279,0,0,4165109160,15223474,50392286,0,0,14544315,204,204,0,125445003,125445003,0,0,125445003,14544315,10.87,1.47
727,2026-05-17 12:52:26,6,q16,0,8,46,1896,3153,26883,24841,47,55,0,288,0,1111,424379,0,0,4703921456,30563805,163444772,0,0,30114572,442,442,0,422088498,422088498,0,0,422088498,30114572,14.18,1.9
728,2026-05-17 12:52:29,6,q17,0,10,69,4317,6056,56574,55034,61,82,1,0,0,2640,6945969,0,0,7880912176,46326758,240776630,0,0,45538041,803,803,0,1089146303,1089146303,0,0,1089146303,45538041,13.1,4.32
729,2026-05-17 12:52:34,6,q18,0,12,36,1679,2452,14400,13570,21,34,0,148,0,870,9713760,0,0,1706635496,19167074,223424435,0,0,14504153,23,23,0,423927855,423927855,0,0,423927855,14504153,8.58,1.68
730,2026-05-17 12:52:37,6,q18a,0,21,83,2213,6522,25839,23298,79,101,1,0,0,1244,9713760,0,0,7785537408,20019074,226658089,0,0,71656438,82,82,0,2096878181,2096878181,0,0,424789813,14560854,11.68,2.21
731,2026-05-17 12:52:40,6,q19,0,7,16,728,705,5148,5044,12,15,0,0,0,112,5014279,0,0,1168748344,29725652,193890954,0,0,7397,10,10,0,541770,541770,0,0,541770,7397,7.07,0.73
732,2026-05-17 12:52:42,6,q20,0,5,14,367,332,1171,1092,14,18,0,0,0,17,3269297,0,0,307530856,14575474,82668674,0,0,28486,2,2,0,3491832,3491832,0,0,3491832,28486,3.19,0.37
733,2026-05-17 12:52:43,6,q21,0,5,14,872,863,7070,6742,14,18,0,230,0,11,137459,0,0,171972096,133285059,521280710,0,0,31850,1,1,0,679321,679321,0,0,679321,31850,8.11,0.87
734,2026-05-17 12:52:45,6,q22,0,6,31,57950,57911,120836,120480,88,52,0,52,0,64,4630315,0,0,1564275584,133285059,521261101,0,0,612866,68,68,0,25729614,25729614,0,0,25729614,612866,2.09,57.95
735,2026-05-17 12:53:44,6,q22a,0,10,55,3312,3704,13767,12417,77,90,0,32,0,1220,4630315,0,0,5461307616,133285059,521266189,0,0,918610,160,160,0,45113549,45113549,0,0,14511781,306922,4.16,3.31
736,2026-05-17 12:53:49,6,q23a,0,18,127,6393,10374,76363,68878,147,155,1,862,0,4279,6577006,0,0,12019353816,108823163,443356832,0,0,43897022,767,767,0,1116260376,1116260376,0,0,1086369609,41990015,11.94,6.39
737,2026-05-17 12:53:56,6,q23b,0,21,148,6795,11621,81766,76066,209,224,18,880,0,3929,6577006,0,0,24994694952,109323163,446408878,0,0,48673518,1581,1581,0,1201500821,1201500821,0,0,1098741076,42452497,12.03,6.8
738,2026-05-17 12:54:04,6,q24,0,12,63,2234,3269,25337,24117,25,45,0,0,0,2134,463487,0,0,4795803152,32530235,211136248,0,0,30468590,392,392,0,704283614,704283614,0,0,704283614,30468590,11.34,2.23
739,2026-05-17 12:54:08,6,q24a,0,19,116,3442,4537,37101,35042,87,131,0,272,0,3285,3560798,0,0,14728425696,32632235,209830306,0,0,61448141,1349,1349,0,1431432510,1431432510,0,0,733412274,30991090,10.78,3.44
740,2026-05-17 12:54:12,6,q24b,0,19,116,3166,4258,33782,32671,98,136,0,288,0,2789,3560798,0,0,14722420960,32632235,209830306,0,0,61437701,1349,1349,0,1430205327,1430205327,0,0,732185091,30980650,10.67,3.17
741,2026-05-17 12:54:16,6,q25,0,10,69,4535,6501,59947,56664,60,77,1,290,0,2878,6945969,0,0,7880887560,46326758,336724939,0,0,45538038,800,800,0,1108759789,1108759789,0,0,1108759789,45538038,13.22,4.54
742,2026-05-17 12:54:22,6,q26,0,8,28,1294,1598,11580,11414,12,22,0,0,0,808,783559,0,0,339054936,16496774,167426909,0,0,14334907,16,16,0,388692645,388692645,0,0,388692645,14334907,8.95,1.29
743,2026-05-17 12:54:24,6,q27,0,9,30,2113,2318,18524,17794,15,26,0,500,0,1463,783559,0,0,944051072,30896452,292410015,0,0,26620676,35,35,0,687564889,687564889,0,0,687564889,26620676,8.77,2.11
744,2026-05-17 12:54:27,6,q27a,0,13,53,2649,4476,28488,25832,35,54,0,250,0,2178,783559,0,0,1306999952,30998554,292718825,0,0,79691279,66,66,0,2058123915,2058123915,0,0,687795217,26622575,10.75,2.65
745,2026-05-17 12:54:31,6,q28,0,18,72,2854,15410,42656,37330,216,176,0,784,0,2211,54290,0,0,4446484944,172803006,1055684604,0,0,470650,66,66,0,7692048,7692048,0,0,7692048,470650,14.95,2.85
746,2026-05-17 12:54:35,6,q29,0,11,70,4401,6237,57712,54065,59,78,1,752,0,2708,6945969,0,0,7880995000,46399807,241256382,0,0,45538045,805,805,0,1089147078,1089147078,0,0,1089147078,45538045,13.11,4.4
747,2026-05-17 12:54:41,6,q30,0,13,29,600,1266,1594,1548,87,63,0,0,0,134,1994073,0,0,589111080,2763597,32998878,0,0,788443,38,38,0,59786503,59786503,0,0,59786503,788443,2.66,0.6
748,2026-05-17 12:54:42,6,q31,0,20,56,1502,6141,17338,15102,52,56,0,0,0,1372,3834069,0,0,2523542152,108470914,404522920,0,0,75895,46,46,0,2643881,2643881,0,0,2535100,74055,11.54,1.5
749,2026-05-17 12:54:45,6,q32,0,7,25,450,774,5128,4850,11,17,0,0,0,45,707930,0,0,96778920,28975899,157518878,0,0,55420,12,12,0,760429,760429,0,0,760429,55420,11.4,0.45
750,2026-05-17 12:54:46,6,q33,0,9,32,784,1600,7611,6907,29,38,0,0,0,466,890190,0,0,773025944,50928063,321332628,0,0,17063,18,18,0,450455,450455,0,0,450455,17063,9.71,0.78
751,2026-05-17 12:54:48,6,q34,0,9,48,603,867,5216,4968,45,41,0,0,0,348,140315,0,0,271015752,29380852,55558472,0,0,1010675,58,58,0,34237222,34237222,0,0,17319457,510675,8.65,0.6
752,2026-05-17 12:54:50,6,q35,0,12,62,1024,2172,10424,9263,57,71,0,0,0,1144,2112212,0,0,5047516496,53144863,59336702,0,0,8052611,291,291,0,39043620,39043620,0,0,39043620,8052611,10.18,1.02
753,2026-05-17 12:54:52,6,q35a,0,11,62,983,1929,9469,7375,50,69,0,1012,0,1869,2112212,0,0,4258987632,53144863,59336702,0,0,8049848,291,291,0,39052774,39052774,0,0,39052774,8049848,9.63,0.98
754,2026-05-17 12:54:54,6,q36,0,6,15,577,542,4293,4158,13,15,0,0,0,85,1858292,0,0,921310080,28975652,258803460,0,0,1769,11,11,0,138565,138565,0,0,138565,1769,7.44,0.58
755,2026-05-17 12:54:56,6,q36a,0,9,20,601,536,3885,3787,19,22,0,0,0,96,1858292,0,0,1460277952,28975652,258803460,0,0,4798,36,36,0,397299,397299,0,0,147261,1822,6.46,0.6
756,2026-05-17 12:54:57,6,q37,0,6,40,874,1141,8280,7894,25,41,0,0,0,315,299199,0,0,865674784,147685474,559893194,0,0,4316414,180,180,0,64485606,64485606,0,0,64485606,14400617,9.47,0.87
757,2026-05-17 12:54:59,6,q38,0,13,112,1804,4688,25667,21360,111,135,0,0,0,2892,2992760,0,0,14718664424,50974063,51807646,0,0,12908807,1008,1008,0,99744004,99744004,0,0,73569116,11908807,14.23,1.8
758,2026-05-17 12:55:02,6,q39a,0,11,59,2238,3969,22856,20461,107,101,1,704,0,380,801878,0,0,2759990096,266468108,1041220090,0,0,1567909,55,55,0,36859402,36859402,0,0,25188288,1057909,10.21,2.24
759,2026-05-17 12:55:05,6,q39b,0,11,59,1680,3117,17077,16916,107,120,0,0,0,158,521454,0,0,2692225872,266468108,1041220090,0,0,1531488,55,55,0,35748102,35748102,0,0,24076988,1021488,10.16,1.68
760,2026-05-17 12:55:08,6,q40,0,7,36,1442,1680,16832,15956,20,39,0,0,0,982,348211,0,0,4141621464,16015366,96488322,0,0,15748014,272,272,0,309641571,309641571,0,0,309641571,15748014,11.67,1.44
761,2026-05-17 12:55:11,6,q41,0,4,4,142,115,100,100,4,4,0,0,0,7,13527,0,0,135268304,204000,1272987,0,0,140,2,2,0,9680,9680,0,0,9680,140,0.7,0.14
762,2026-05-17 12:55:12,6,q42,0,4,13,259,250,2058,1976,12,14,0,0,0,24,110270,0,0,762710104,28975550,166472652,0,0,110,10,10,0,9116,9116,0,0,9116,110,7.95,0.26
763,2026-05-17 12:55:13,6,q43,0,4,13,531,511,4501,4065,13,15,0,344,0,28,110700,0,0,91000344,28873652,71938410,0,0,210,10,10,0,27084,27084,0,0,27084,210,8.48,0.53
764,2026-05-17 12:55:15,6,q44,0,8,34,471,507,3516,3307,27,32,0,0,0,163,1665021,0,0,1584325928,57703002,275173453,0,0,795972,120,120,0,10069011,10069011,0,0,5035816,398046,7.46,0.47
765,2026-05-17 12:55:16,6,q45,0,8,27,1109,1169,9290,8760,23,32,0,0,0,215,5014279,0,0,4113055456,8227137,42934120,0,0,7447479,98,98,0,100517155,100517155,0,0,100517155,7447479,8.38,1.11
766,2026-05-17 12:55:18,6,q46,0,9,32,963,1153,7836,7664,57,47,0,0,0,185,3376534,0,0,1089199376,29630852,188447600,0,0,529456,40,40,0,17231653,17231653,0,0,17231653,529456,8.14,0.96
767,2026-05-17 12:55:20,6,q47,0,11,75,1702,2552,18893,14884,114,116,0,190,0,2722,2307790,0,0,6540828520,28975652,145263360,0,0,2665245,787,787,0,105362886,105362886,0,0,61758664,1560722,11.1,1.7
768,2026-05-17 12:55:23,6,q48,0,8,28,1205,1586,11128,10889,0,12,0,129,0,323,1686071,0,0,334610080,31044452,224412221,0,0,4383958,23,23,0,101501998,101501998,0,0,101501998,4383958,9.23,1.2
769,2026-05-17 12:55:26,6,q49,0,18,87,1585,6073,21587,20015,65,91,0,0,0,1799,234592,0,0,4893318176,55511851,557056798,0,0,15195841,85,85,0,338212852,338212852,0,0,338212852,15195841,13.62,1.58
770,2026-05-17 12:55:28,6,q50,0,7,41,2078,2419,24880,23656,25,44,0,0,0,1382,373053,0,0,4687124776,31824333,142334948,0,0,29262054,357,357,0,629536939,629536939,0,0,629536939,29262054,11.97,2.08
771,2026-05-17 12:55:31,6,q51,0,10,117,2862,4194,39244,34124,146,160,0,544,0,3830,407915,0,0,9946829760,36073638,172274676,0,0,24415841,1679,1679,0,420200139,420200139,0,0,420200139,24415841,13.71,2.86
772,2026-05-17 12:55:35,6,q51a,0,14,183,20283,23863,264738,253602,253,300,0,1941,0,4218,567587,0,0,26902298312,36073638,172274676,0,0,47531016,2587,2587,0,789080756,789080756,0,0,575698126,36069050,13.05,20.28
773,2026-05-17 12:55:57,6,q52,0,4,13,346,337,2618,2544,11,13,0,0,0,114,110227,0,0,762710104,28975550,166603724,0,0,4250,10,10,0,266731,266731,0,0,266731,4250,7.57,0.35
774,2026-05-17 12:55:58,6,q53,0,6,15,467,451,3358,3207,13,15,0,80,0,186,138620,0,0,171348496,28975652,145799972,0,0,31394,11,11,0,661866,661866,0,0,661866,31394,7.19,0.47
775,2026-05-17 12:56:00,6,q54,0,17,59,1456,2339,15686,14245,85,63,0,220,0,878,5014279,0,0,3085658512,51545312,190048440,0,0,27925376,152,152,0,266108014,266108014,0,0,266108014,27925376,10.77,1.46
776,2026-05-17 12:56:02,6,q55,0,4,13,297,288,2203,2129,12,13,0,0,0,95,110270,0,0,762710104,28975550,166603724,0,0,3448,10,10,0,211879,211879,0,0,211879,3448,7.42,0.3
777,2026-05-17 12:56:03,6,q56,0,9,32,675,1470,7256,6824,31,36,0,0,0,219,465078,0,0,817527528,50928063,321597316,0,0,10844,18,18,0,393452,393452,0,0,393452,10844,10.75,0.68
778,2026-05-17 12:56:05,6,q57,0,11,56,1347,2043,11433,9652,95,88,0,0,0,857,2307790,0,0,5257365712,14575498,67902007,0,0,1160477,378,378,0,45054696,45054696,0,0,33346766,851478,8.49,1.35
779,2026-05-17 12:56:08,6,q58,0,11,33,754,1554,7389,6472,30,36,0,0,0,386,783559,0,0,1874516736,50722161,286836650,0,0,247081,27,27,0,3686832,3686832,0,0,3686832,247081,9.8,0.75
780,2026-05-17 12:56:10,6,q59,0,10,29,1071,1152,6564,6095,21,29,0,181,0,443,754364,0,0,1622762440,29019852,72241290,0,0,304460,132,132,0,12848209,12848209,0,0,6671233,170845,6.13,1.07
781,2026-05-17 12:56:12,6,q60,0,9,32,781,1617,7269,6524,32,40,0,0,0,350,465078,0,0,1260333848,50928063,321533332,0,0,78428,19,19,0,1556487,1556487,0,0,1556487,78428,9.31,0.78
782,2026-05-17 12:56:14,6,q61,0,10,28,813,1346,9138,8779,3,13,0,0,0,2,5014279,0,0,623374000,58526653,415009764,0,0,20,20,20,0,1179,1179,0,0,1179,20,11.24,0.81
783,2026-05-17 12:56:15,6,q62,0,6,9,414,402,1351,1316,7,7,0,0,0,37,66444,0,0,85210792,7273209,25080911,0,0,1680,4,4,0,144678,144678,0,0,144678,1680,3.26,0.41
784,2026-05-17 12:56:17,6,q63,0,6,15,462,447,3325,3268,13,17,0,0,0,140,138190,0,0,171282960,28975652,145802092,0,0,12917,11,11,0,338319,338319,0,0,338319,12917,7.2,0.46
785,2026-05-17 12:56:18,6,q64,0,33,298,8817,21662,129640,116580,541,599,3,1072,0,13279,1086691,0,0,43419547432,50518209,483849547,0,0,66198164,5431,5431,0,2332424612,2332424612,0,0,2094334387,55680264,14.7,8.82
786,2026-05-17 12:56:29,6,q65,0,10,76,1669,3108,24127,20072,100,107,1,256,0,1497,9164527,0,0,6089929776,57776153,293046734,0,0,11880061,391,391,0,391220668,391220668,0,0,391220668,11880061,14.46,1.67
787,2026-05-17 12:56:31,6,q66,0,8,21,978,1492,7977,7208,33,36,0,0,0,22,165207,0,0,872275792,21759992,173133259,0,0,90,9,9,0,47940,47940,0,0,47940,90,8.16,0.98
788,2026-05-17 12:56:33,6,q67,0,6,31,6994,6947,73449,72088,43,41,0,530,0,1411,4630315,0,0,7394888888,28975652,172757611,0,0,11548825,187,187,0,866159379,866159379,0,0,866159379,11548825,10.5,6.99
789,2026-05-17 12:56:42,6,q67a,0,14,172,10514,36390,139950,130986,289,318,0,803,3,5672,4630315,0,0,26370438416,28975652,172757611,0,0,55551443,1700,1700,0,4120622499,4120622499,0,0,900593811,13218747,13.31,10.51
790,2026-05-17 12:56:53,6,q68,0,9,32,835,991,6639,6506,57,48,0,0,0,156,3376534,0,0,591079384,29630852,301203560,0,0,507674,40,40,0,16318004,16318004,0,0,16318004,507674,7.95,0.84
791,2026-05-17 12:56:55,6,q69,0,13,57,710,1725,6685,5739,33,55,0,0,0,1033,467445,0,0,1524419368,53144863,59406334,0,0,3828287,131,131,0,62118565,62118565,0,0,62118565,3828287,9.42,0.71
792,2026-05-17 12:56:57,6,q70,0,9,27,819,734,6032,5680,33,34,0,0,0,43,208460,0,0,1054549784,57674255,204110256,0,0,209,22,22,0,10316,10316,0,0,10316,209,7.37,0.82
793,2026-05-17 12:56:59,6,q70a,0,12,32,727,614,4610,4475,29,37,0,0,0,45,207900,0,0,855320256,57674255,204110256,0,0,240,47,47,0,14125,14125,0,0,8085,180,6.34,0.73
794,2026-05-17 12:57:01,6,q71,0,7,30,733,705,7660,7137,35,42,0,0,0,222,452415,0,0,832552312,50662463,309202270,0,0,32249,31,31,0,1647968,1647968,0,0,994828,21130,10.45,0.73
795,2026-05-17 12:57:02,6,q72,0,16,93,16940,20245,216775,213012,124,138,1,521,0,4872,6577006,0,0,19933730552,151199964,657716443,0,0,142630673,1392,1392,0,2049530107,2049530107,0,0,2049530107,142630673,12.8,16.94
796,2026-05-17 12:57:21,6,q73,0,9,48,486,687,4071,3955,38,34,0,0,0,125,138190,0,0,269680456,29380852,55558472,0,0,1002732,49,49,0,33968564,33968564,0,0,17050799,502732,8.38,0.49
797,2026-05-17 12:57:22,6,q74,0,15,131,3849,12910,57250,52807,156,191,0,240,0,3149,1428911,0,0,22921014288,36646687,138902766,0,0,71557457,1399,1399,0,759410780,759410780,0,0,388018178,36002167,14.87,3.85
798,2026-05-17 12:57:27,6,q75,0,19,136,3095,11519,47140,39690,149,182,0,576,0,4246,574640,0,0,11663447024,106087914,761041160,0,0,14156492,1038,1038,0,314359407,314359407,0,0,214429694,9118704,15.23,3.1
799,2026-05-17 12:57:31,6,q76,0,4,27,607,579,7700,6940,29,41,0,0,0,221,918479,0,0,1919210600,50576063,311687490,0,0,3127,24,24,0,261039,261039,0,0,261039,3127,12.69,0.61
800,2026-05-17 12:57:33,6,q77,0,14,50,864,3189,8625,7671,51,55,0,88,0,227,121458,0,0,752913968,55512153,370004033,0,0,1747,34,34,0,119687,119687,0,0,119687,1747,9.98,0.86
801,2026-05-17 12:57:35,6,q77a,0,17,55,891,3220,8831,7895,52,60,0,0,0,207,141450,0,0,1291881840,55512153,370004033,0,0,2211,45,45,0,175804,175804,0,0,134308,1881,9.91,0.89
802,2026-05-17 12:57:37,6,q78,0,12,94,5645,13355,83352,76833,154,156,1,512,0,4902,6475408,0,0,18310339880,55584900,461459194,0,0,54207575,1241,1241,0,1579148800,1579148800,0,0,1579148800,54207575,14.77,5.64
803,2026-05-17 12:57:44,6,q79,0,8,29,884,1061,7370,7130,46,43,0,130,0,157,2263289,0,0,991772448,29380852,185998480,0,0,581366,44,44,0,16092595,16092595,0,0,16092595,581366,8.34,0.88
804,2026-05-17 12:57:46,6,q80,0,17,101,6270,21372,96943,91491,102,132,0,368,0,5578,395675,0,0,14185165104,55626495,607719862,0,0,53052375,734,734,0,1571615941,1571615941,0,0,1571615941,53052375,15.46,6.27
805,2026-05-17 12:57:53,6,q80a,0,20,106,6058,21465,90769,84705,124,141,0,896,0,4268,396363,0,0,14657024136,55626495,607719862,0,0,53053332,745,745,0,1571731553,1571731553,0,0,1571628803,53052306,14.98,6.06
806,2026-05-17 12:58:01,6,q81,0,15,46,623,1317,3697,3555,112,82,0,0,0,244,1994073,0,0,2017309984,4202813,42435214,0,0,1386550,76,76,0,36822058,36822058,0,0,36822058,1386550,5.93,0.62
807,2026-05-17 12:58:02,6,q82,0,6,40,1199,1699,12012,11617,22,38,0,0,0,445,299586,0,0,1637431696,162085550,598297048,0,0,13778665,194,194,0,137239500,137239500,0,0,137239500,28800829,10.02,1.2
808,2026-05-17 12:58:04,6,q83,0,10,23,497,1056,4570,3893,18,22,0,0,0,296,783559,0,0,977765640,5358935,28110796,0,0,43961,14,14,0,759663,759663,0,0,759663,43961,9.2,0.5
809,2026-05-17 12:58:06,6,q84,0,9,29,528,403,1765,1705,20,21,0,0,0,187,9713760,0,0,96623136,5555652,22261454,0,0,2778810,21,21,0,14458335,14458335,0,0,14458335,2778810,3.34,0.53
810,2026-05-17 12:58:08,6,q85,0,13,50,911,1882,7054,6490,51,68,0,75,0,356,1611538,0,0,3925239888,12085256,98304120,0,0,3001776,128,128,0,62818568,62818568,0,0,62818568,3001776,7.74,0.91
811,2026-05-17 12:58:10,6,q86,0,5,8,355,319,1016,973,7,6,0,0,0,30,1858292,0,0,445053744,7375137,42167036,0,0,816,5,5,0,54744,54744,0,0,54744,816,2.86,0.36
812,2026-05-17 12:58:11,6,q86a,0,8,13,352,295,793,759,9,13,0,0,0,42,1858292,0,0,984021584,7375137,42167036,0,0,2119,18,18,0,157705,157705,0,0,66561,929,2.25,0.35
813,2026-05-17 12:58:12,6,q87,0,13,112,1755,4593,24820,19926,127,135,1,0,0,3897,2992717,0,0,14718664424,50974063,51807646,0,0,12908807,1008,1008,0,99744004,99744004,0,0,73569116,11908807,14.14,1.76
814,2026-05-17 12:58:15,6,q88,0,26,98,1343,8121,19348,15938,1,44,0,304,0,8,50360,0,0,257476480,231102510,223408392,0,0,80,80,80,0,4720,4720,0,0,4720,80,14.41,1.34
815,2026-05-17 12:58:18,6,q89,0,6,16,569,551,4122,4012,14,16,0,0,0,155,138190,0,0,909938872,28975652,145533696,0,0,49975,22,22,0,2298949,2298949,0,0,2298949,49975,7.24,0.57
816,2026-05-17 12:58:19,6,q90,0,8,14,181,301,1010,995,0,3,0,0,0,0,40754,0,0,25899136,14580376,22811276,0,0,8,8,8,0,472,472,0,0,472,8,5.58,0.18
817,2026-05-17 12:58:21,6,q91,0,11,17,364,432,971,926,9,12,0,0,0,41,9527061,0,0,480414344,4190955,24237735,0,0,109813,8,8,0,1095219,1095219,0,0,1092269,109794,2.67,0.36
818,2026-05-17 12:58:22,6,q92,0,7,13,327,569,1805,1765,1,6,0,0,0,73,708778,0,0,82624920,14575225,84044050,0,0,135661,9,9,0,1837430,1837430,0,0,1837430,135661,5.52,0.33
819,2026-05-17 12:58:23,6,q93,0,5,39,3745,4063,45214,44182,21,39,1,0,0,1673,252331,0,0,5766380072,31678178,201779522,0,0,31635854,357,357,0,754631060,754631060,0,0,754631060,31635854,12.07,3.74
820,2026-05-17 12:58:28,6,q94,0,8,30,1471,1948,14521,13254,41,38,0,473,0,408,2550511,0,0,3571011840,15443541,75645096,0,0,14397040,153,153,0,217756751,217756751,0,0,217756751,14397040,9.87,1.47
821,2026-05-17 12:58:31,6,q95,0,8,30,3504,3923,43321,39119,64,44,0,393,0,382,2550567,0,0,14560086280,15443541,72405160,0,0,35990240,357,357,0,319472623,319472623,0,0,196649755,14395274,12.36,3.5
822,2026-05-17 12:58:35,6,q96,0,5,14,229,225,1747,1723,0,5,0,0,0,1,49930,0,0,31936240,28894203,27982490,0,0,10,10,10,0,590,590,0,0,590,10,7.63,0.23
823,2026-05-17 12:58:37,6,q97,0,5,39,1665,2176,19803,18427,31,44,0,0,0,299,268923,0,0,6186655016,43273975,150799738,0,0,8377699,238,238,0,96908300,96908300,0,0,96908300,8377699,11.89,1.66
824,2026-05-17 12:58:39,6,q98,0,7,24,605,542,3252,3114,24,26,3,0,0,209,3269297,0,0,1585220256,28975550,169831312,0,0,106186,98,98,0,14470568,14470568,0,0,12500913,91022,5.38,0.6
825,2026-05-17 12:58:41,6,q99,0,6,15,607,594,3270,3124,13,16,0,45,0,33,165336,0,0,111969064,14473528,33990610,0,0,2160,3,3,0,173855,173855,0,0,173855,2160,5.39,0.61
826,2026-05-17 12:58:43,7,q1,0,12,53,715,1288,8256,7210,45,53,0,0,0,834,306771,0,0,3119842872,6328415,47343738,0,0,2168136,192,192,0,31369447,31369447,0,0,31369447,2168136,11.55,0.72
827,2026-05-17 12:58:44,7,q2,0,9,22,559,504,4415,4144,19,23,0,54,0,76,754364,0,0,345169624,21819660,67870754,0,0,6838,44,44,0,352525,352525,0,0,127373,4198,7.9,0.56
828,2026-05-17 12:58:46,7,q3,0,4,13,248,238,1783,1707,12,13,0,0,0,99,110270,0,0,93667304,28975550,166603616,0,0,2998,10,10,0,206438,206438,0,0,206438,2998,7.19,0.25
829,2026-05-17 12:58:47,7,q4,0,22,235,7634,37102,118601,103070,496,402,5,1904,0,10413,1682654,0,0,39674206800,51047112,607382666,0,0,102286012,3503,3503,0,2536512620,2536512620,0,0,1273495988,51438627,15.54,7.63
830,2026-05-17 12:58:56,7,q5,0,11,69,1587,3324,21339,19083,91,102,0,176,0,582,421683,0,0,3181537976,62724083,413647286,0,0,7890286,132,132,0,109305912,109305912,0,0,109305912,7890286,13.45,1.59
831,2026-05-17 12:58:59,7,q5a,0,14,74,1975,3930,23911,21218,92,111,0,448,0,604,422543,0,0,3720505848,62724083,413647286,0,0,7892232,142,142,0,109464345,109464345,0,0,109331115,7890408,12.11,1.98
832,2026-05-17 12:59:02,7,q6,0,11,36,1386,1869,16198,15434,42,45,0,0,0,565,5014279,0,0,4851667944,29900599,103630716,0,0,27358702,206,206,0,240467439,240467439,0,0,240467439,27358702,11.69,1.39
833,2026-05-17 12:59:05,7,q7,0,9,30,2143,2405,19147,18459,16,25,0,510,0,1507,783559,0,0,943558784,30896850,320150123,0,0,26634669,35,35,0,771509016,771509016,0,0,771509016,26634669,8.93,2.14
834,2026-05-17 12:59:08,7,q8,0,10,19,637,586,3766,3711,18,21,0,0,0,38,1283173,0,0,974972800,29873652,105569352,0,0,6731,13,13,0,84238,84238,0,0,84238,6731,5.91,0.64
835,2026-05-17 12:59:09,7,q9,0,31,166,2250,29085,32939,27053,291,262,11,1131,0,72,48637,0,0,0,432007560,970422060,0,0,150,150,150,0,9453,9453,0,0,9453,150,14.64,2.25
836,2026-05-17 12:59:13,7,q10,0,13,57,676,1755,6435,5703,37,52,1,0,0,739,592058,0,0,1521597160,53144863,59602942,0,0,4321867,132,132,0,66400239,66400239,0,0,66400239,4321867,9.52,0.68
837,2026-05-17 12:59:15,7,q10a,0,10,56,602,1586,6722,6309,34,54,0,0,0,530,444765,0,0,2037008608,53144863,59602942,0,0,4289247,183,183,0,66359315,66359315,0,0,66359315,4289247,11.17,0.6
838,2026-05-17 12:59:16,7,q11,0,17,156,4155,13852,63105,55959,228,246,0,621,0,5536,1373324,0,0,26856842912,36646687,205307118,0,0,71770406,2006,2006,0,1051794768,1051794768,0,0,537186984,36215116,15.19,4.16
839,2026-05-17 12:59:21,7,q12,0,5,9,357,323,822,791,8,7,0,0,0,54,3269297,0,0,512872760,7375137,45931260,0,0,29116,10,10,0,3907103,3907103,0,0,3907103,29116,2.3,0.36
840,2026-05-17 12:59:23,7,q13,0,9,20,1164,1394,9334,9200,1,9,0,72,0,173,1611538,0,0,109217120,31051652,402774873,0,0,193014,14,14,0,2711685,2711685,0,0,2711685,193014,8.02,1.16
841,2026-05-17 12:59:25,7,q14a,0,30,163,5941,10520,59388,54137,226,271,0,665,0,3965,1189316,0,0,10472473064,151830189,623624460,0,0,62618775,351,351,0,879083795,879083795,0,0,875977067,62532251,10.0,5.94
842,2026-05-17 12:59:34,7,q14b,0,24,123,3900,6727,47094,43377,125,162,0,512,0,2455,1189316,0,0,8267151424,130375774,496550338,0,0,68372312,289,289,0,1013581742,1013581742,0,0,529664620,40865105,12.08,3.9
843,2026-05-17 12:59:39,7,q14,0,24,120,3000,5422,36208,34277,154,175,0,544,0,2443,1163429,0,0,7513717016,130375774,496550338,0,0,68278758,254,254,0,1004808282,1004808282,0,0,520891160,40771551,12.07,3.0
844,2026-05-17 12:59:43,7,q15,0,6,31,1682,1679,18770,17803,21,34,0,0,0,414,5014279,0,0,4165109160,15223474,50392286,0,0,14544315,204,204,0,125445003,125445003,0,0,125445003,14544315,11.16,1.68
845,2026-05-17 12:59:46,7,q16,0,8,46,1978,3308,27583,23970,53,53,0,512,0,1191,423691,0,0,4703921456,30563805,163444772,0,0,30114572,442,442,0,422088498,422088498,0,0,422088498,30114572,13.94,1.98
846,2026-05-17 12:59:49,7,q17,0,10,69,4380,6223,57678,55847,58,77,1,0,0,2841,6945969,0,0,7880912176,46326758,240776630,0,0,45538041,803,803,0,1089146303,1089146303,0,0,1089146303,45538041,13.17,4.38
847,2026-05-17 12:59:54,7,q18,0,12,36,1587,2515,14289,13035,21,32,0,540,0,934,9713760,0,0,1706635496,19167074,223424435,0,0,14504153,23,23,0,423927855,423927855,0,0,423927855,14504153,9.0,1.59
848,2026-05-17 12:59:57,7,q18a,0,21,83,2287,7001,27035,24527,68,100,2,85,0,1077,9713760,0,0,7785537408,20019074,226658089,0,0,71656438,82,82,0,2096878181,2096878181,0,0,424789813,14560854,11.82,2.29
849,2026-05-17 13:00:00,7,q19,0,7,16,627,600,4203,4103,13,18,0,0,0,119,5014279,0,0,1168748344,29725652,193890954,0,0,7397,10,10,0,541770,541770,0,0,541770,7397,6.7,0.63
850,2026-05-17 13:00:02,7,q20,0,5,14,345,310,1219,1120,13,14,0,0,0,17,3269297,0,0,307530856,14575474,82668674,0,0,28486,2,2,0,3491832,3491832,0,0,3491832,28486,3.53,0.34
851,2026-05-17 13:00:03,7,q21,0,5,14,811,802,6591,6501,11,14,0,0,0,11,136986,0,0,171972096,133285059,521280710,0,0,31850,1,1,0,679321,679321,0,0,679321,31850,8.13,0.81
852,2026-05-17 13:00:05,7,q22,0,6,31,58846,58808,122233,121895,85,51,0,68,0,64,4630315,0,0,1564275584,133285059,521261101,0,0,612866,68,68,0,25729614,25729614,0,0,25729614,612866,2.08,58.85
853,2026-05-17 13:01:05,7,q22a,0,10,55,3259,3685,13726,12531,75,87,0,16,0,1074,4630315,0,0,5461307616,133285059,521266189,0,0,918610,160,160,0,45113549,45113549,0,0,14511781,306922,4.21,3.26
854,2026-05-17 13:01:10,7,q23a,0,18,127,6397,10157,74321,70488,137,158,1,686,0,3694,6577006,0,0,12019353816,108823163,443356832,0,0,43897022,767,767,0,1116260376,1116260376,0,0,1086369609,41990015,11.62,6.4
855,2026-05-17 13:01:17,7,q23b,0,21,148,6700,11273,80900,74574,202,218,1,677,0,4186,6577006,0,0,24994694952,109323163,446408878,0,0,48673518,1581,1581,0,1201500821,1201500821,0,0,1098741076,42452497,12.07,6.7
856,2026-05-17 13:01:25,7,q24,0,12,63,2403,4058,28171,26851,21,48,0,0,0,2088,463487,0,0,4795803152,32530235,211136248,0,0,30468590,392,392,0,704283614,704283614,0,0,704283614,30468590,11.72,2.4
857,2026-05-17 13:01:28,7,q24a,0,19,116,3567,4603,38616,36287,93,135,0,496,0,3252,3560798,0,0,14728425696,32632235,209830306,0,0,61448141,1349,1349,0,1431432510,1431432510,0,0,733412274,30991090,10.83,3.57
858,2026-05-17 13:01:33,7,q24b,0,19,116,3102,4166,33518,32773,95,135,0,0,0,2786,3560798,0,0,14722420960,32632235,209830306,0,0,61437701,1349,1349,0,1430205327,1430205327,0,0,732185091,30980650,10.81,3.1
859,2026-05-17 13:01:37,7,q25,0,10,69,4580,6715,60683,56316,64,78,1,992,0,3157,6945969,0,0,7880887560,46326758,336724939,0,0,45538038,800,800,0,1108759789,1108759789,0,0,1108759789,45538038,13.25,4.58
860,2026-05-17 13:01:43,7,q26,0,8,28,1263,1490,10754,10588,12,22,0,0,0,809,783559,0,0,339054936,16496774,167426909,0,0,14334907,16,16,0,388692645,388692645,0,0,388692645,14334907,8.51,1.26
861,2026-05-17 13:01:45,7,q27,0,9,30,2155,2328,18686,17842,15,26,0,540,0,1546,783559,0,0,944051072,30896452,292410015,0,0,26620676,35,35,0,687564889,687564889,0,0,687564889,26620676,8.67,2.15
862,2026-05-17 13:01:49,7,q27a,0,13,53,2581,4433,27763,25064,35,53,0,260,0,1808,783559,0,0,1306999952,30998554,292718825,0,0,79691279,66,66,0,2058123915,2058123915,0,0,687795217,26622575,10.76,2.58
863,2026-05-17 13:01:52,7,q28,0,18,72,2767,15017,41289,35356,218,170,10,800,0,2925,54333,0,0,4446484944,172803006,1055684604,0,0,470650,66,66,0,7692048,7692048,0,0,7692048,470650,14.92,2.77
864,2026-05-17 13:01:56,7,q29,0,11,70,4427,6146,58649,55043,59,76,1,320,0,2778,6945969,0,0,7880995000,46399807,241256382,0,0,45538045,805,805,0,1089147078,1089147078,0,0,1089147078,45538045,13.25,4.43
865,2026-05-17 13:02:02,7,q30,0,13,29,591,1254,1631,1585,87,64,0,0,0,131,1994073,0,0,589111080,2763597,32998878,0,0,788443,38,38,0,59786503,59786503,0,0,59786503,788443,2.76,0.59
866,2026-05-17 13:02:03,7,q31,0,20,56,1506,6273,18123,15921,50,58,0,0,0,1091,3834069,0,0,2523673224,108470914,404522920,0,0,79898,49,49,0,2714998,2714998,0,0,2492791,73114,12.03,1.51
867,2026-05-17 13:02:06,7,q32,0,7,25,399,716,4680,4394,8,17,0,0,0,45,707930,0,0,96778920,28975899,157518878,0,0,55420,12,12,0,760429,760429,0,0,760429,55420,11.73,0.4
868,2026-05-17 13:02:07,7,q33,0,9,32,701,1498,7190,6463,30,35,0,0,0,375,890190,0,0,773025944,50928063,321332628,0,0,17063,18,18,0,450455,450455,0,0,450455,17063,10.26,0.7
869,2026-05-17 13:02:09,7,q34,0,9,48,580,846,5369,5113,49,41,0,0,0,317,140358,0,0,271015752,29380852,55558472,0,0,1010675,58,58,0,34237222,34237222,0,0,17319457,510675,9.26,0.58
870,2026-05-17 13:02:11,7,q35,0,12,62,1016,2158,9735,8566,54,69,0,0,0,1165,2112212,0,0,5047516496,53144863,59336702,0,0,8052611,291,291,0,39043620,39043620,0,0,39043620,8052611,9.58,1.02
871,2026-05-17 13:02:13,7,q35a,0,11,62,976,1881,9772,8153,46,69,0,795,0,1417,2112212,0,0,4258987632,53144863,59336702,0,0,8049848,291,291,0,39052774,39052774,0,0,39052774,8049848,10.01,0.98
872,2026-05-17 13:02:15,7,q36,0,6,15,589,552,4436,4211,14,16,0,110,0,91,1858292,0,0,921310080,28975652,258803460,0,0,1769,11,11,0,138565,138565,0,0,138565,1769,7.53,0.59
873,2026-05-17 13:02:16,7,q36a,0,9,20,606,541,3909,3817,19,21,0,0,0,92,1858292,0,0,1460277952,28975652,258803460,0,0,4798,36,36,0,397299,397299,0,0,147261,1822,6.45,0.61
874,2026-05-17 13:02:18,7,q37,0,6,40,877,1166,8385,7911,20,40,0,0,0,340,299199,0,0,865674784,147685474,559893194,0,0,4316414,180,180,0,64485606,64485606,0,0,64485606,14400617,9.56,0.88
875,2026-05-17 13:02:20,7,q38,0,13,112,1748,4792,25768,20493,116,137,0,0,0,3730,2992803,0,0,14718664424,50974063,51807646,0,0,12908807,1008,1008,0,99744004,99744004,0,0,73569116,11908807,14.74,1.75
876,2026-05-17 13:02:23,7,q39a,0,11,59,2262,4040,22723,21281,114,97,0,182,0,739,801878,0,0,2759990096,266468108,1041220090,0,0,1567909,55,55,0,36859402,36859402,0,0,25188288,1057909,10.05,2.26
877,2026-05-17 13:02:26,7,q39b,0,11,59,1661,3122,17802,17466,109,120,0,0,0,153,521454,0,0,2692225872,266468108,1041220090,0,0,1531488,55,55,0,35748102,35748102,0,0,24076988,1021488,10.72,1.66
878,2026-05-17 13:02:29,7,q40,0,7,36,1703,1964,20221,18911,24,38,0,0,0,1201,348211,0,0,4141621464,16015366,96488322,0,0,15748014,272,272,0,309641571,309641571,0,0,309641571,15748014,11.87,1.7
879,2026-05-17 13:02:32,7,q41,0,4,4,138,115,98,98,5,5,0,0,0,7,13527,0,0,135268304,204000,1272987,0,0,140,2,2,0,9680,9680,0,0,9680,140,0.71,0.14
880,2026-05-17 13:02:33,7,q42,0,4,13,245,237,1906,1820,9,13,0,0,0,23,110141,0,0,762710104,28975550,166472652,0,0,110,10,10,0,9116,9116,0,0,9116,110,7.78,0.24
881,2026-05-17 13:02:34,7,q43,0,4,13,484,464,4044,3960,13,16,0,0,0,29,110270,0,0,91000344,28873652,71938410,0,0,210,10,10,0,27084,27084,0,0,27084,210,8.36,0.48
882,2026-05-17 13:02:36,7,q44,0,8,34,494,547,3811,3605,21,31,0,0,0,161,1665021,0,0,1584325928,57703002,275173453,0,0,795972,120,120,0,10069011,10069011,0,0,5035816,398046,7.71,0.49
883,2026-05-17 13:02:37,7,q45,0,8,27,1370,1448,11944,10881,20,31,0,496,0,211,5014279,0,0,4113055456,8227137,42934120,0,0,7447479,98,98,0,100517155,100517155,0,0,100517155,7447479,8.72,1.37
884,2026-05-17 13:02:40,7,q46,0,9,32,941,1104,7659,7339,57,51,0,176,0,193,3376534,0,0,1089199376,29630852,188447600,0,0,529456,40,40,0,17231653,17231653,0,0,17231653,529456,8.14,0.94
885,2026-05-17 13:02:42,7,q47,0,11,75,1641,2463,18194,15682,102,112,0,0,0,2407,2307790,0,0,6540828520,28975652,145263360,0,0,2665245,787,787,0,105362886,105362886,0,0,61758664,1560722,11.09,1.64
886,2026-05-17 13:02:44,7,q48,0,8,28,1337,1623,12211,11598,0,13,0,290,0,315,1686071,0,0,334610080,31044452,224412221,0,0,4383958,23,23,0,101501998,101501998,0,0,101501998,4383958,9.13,1.34
887,2026-05-17 13:02:47,7,q49,0,18,87,1516,5927,20519,19158,63,89,0,0,0,1569,234592,0,0,4893318176,55511851,557056798,0,0,15195841,85,85,0,338212852,338212852,0,0,338212852,15195841,13.53,1.52
888,2026-05-17 13:02:49,7,q50,0,7,41,2128,2484,26181,25046,28,45,0,0,0,1383,373053,0,0,4687124776,31824333,142334948,0,0,29262054,357,357,0,629536939,629536939,0,0,629536939,29262054,12.3,2.13
889,2026-05-17 13:02:53,7,q51,0,10,117,2772,3908,37572,33508,148,158,0,960,0,3675,407915,0,0,9946829760,36073638,172274676,0,0,24415841,1679,1679,0,420200139,420200139,0,0,420200139,24415841,13.55,2.77
890,2026-05-17 13:02:56,7,q51a,0,14,183,20319,23917,265346,255508,253,303,0,1987,3,4597,567630,0,0,26902298312,36073638,172274676,0,0,47531016,2587,2587,0,789080756,789080756,0,0,575698126,36069050,13.06,20.32
891,2026-05-17 13:03:18,7,q52,0,4,13,366,358,2625,2551,10,13,0,0,0,104,110184,0,0,762710104,28975550,166603724,0,0,4250,10,10,0,266731,266731,0,0,266731,4250,7.17,0.37
892,2026-05-17 13:03:19,7,q53,0,6,15,475,461,3419,3353,13,16,0,0,0,150,138190,0,0,171348496,28975652,145799972,0,0,31394,11,11,0,661866,661866,0,0,661866,31394,7.2,0.48
893,2026-05-17 13:03:21,7,q54,0,17,59,1344,2210,14281,13638,52,65,0,0,0,794,5014279,0,0,3085658512,51545312,190048440,0,0,27925376,152,152,0,266108014,266108014,0,0,266108014,27925376,10.63,1.34
894,2026-05-17 13:03:23,7,q55,0,4,13,293,282,2143,2073,12,14,0,0,0,100,110270,0,0,762710104,28975550,166603724,0,0,3448,10,10,0,211879,211879,0,0,211879,3448,7.31,0.29
895,2026-05-17 13:03:25,7,q56,0,9,32,649,1449,7086,6662,26,35,0,0,0,201,465078,0,0,817527528,50928063,321597316,0,0,10844,18,18,0,393452,393452,0,0,393452,10844,10.92,0.65
896,2026-05-17 13:03:26,7,q57,0,11,56,1353,2008,11479,10188,99,91,0,0,0,696,2307790,0,0,5257365712,14575498,67902007,0,0,1160477,378,378,0,45054696,45054696,0,0,33346766,851478,8.48,1.35
897,2026-05-17 13:03:29,7,q58,0,11,33,765,1591,7968,7182,30,34,0,0,0,216,783559,0,0,1874516736,50722161,286836650,0,0,247081,27,27,0,3686832,3686832,0,0,3686832,247081,10.42,0.76
898,2026-05-17 13:03:31,7,q59,0,10,29,929,980,5946,5699,22,30,0,0,0,372,754364,0,0,1622762440,29019852,72241290,0,0,304460,132,132,0,12848209,12848209,0,0,6671233,170845,6.4,0.93
899,2026-05-17 13:03:33,7,q60,0,9,32,734,1546,6740,6050,28,37,0,0,0,382,465078,0,0,1260333848,50928063,321533332,0,0,78428,19,19,0,1556487,1556487,0,0,1556487,78428,9.18,0.73
900,2026-05-17 13:03:34,7,q61,0,10,28,907,1505,10998,10602,3,13,0,0,0,2,5014279,0,0,623374000,58526653,415009764,0,0,20,20,20,0,1179,1179,0,0,1179,20,12.13,0.91
901,2026-05-17 13:03:36,7,q62,0,6,9,466,452,1544,1337,6,7,0,172,0,37,66616,0,0,85210792,7273209,25080911,0,0,1680,4,4,0,144678,144678,0,0,144678,1680,3.31,0.47
902,2026-05-17 13:03:38,7,q63,0,6,15,498,483,3784,3606,13,15,0,120,0,136,138620,0,0,171282960,28975652,145802092,0,0,12917,11,11,0,338319,338319,0,0,338319,12917,7.6,0.5
903,2026-05-17 13:03:40,7,q64,0,33,298,8922,20974,130247,117054,533,587,1,1008,0,13399,1086691,0,0,43419547432,50518209,483849547,0,0,66198164,5431,5431,0,2332424612,2332424612,0,0,2094334387,55680264,14.6,8.92
904,2026-05-17 13:03:50,7,q65,0,10,76,1545,2871,22283,20222,102,107,1,0,0,1782,9164527,0,0,6089929776,57776153,293046734,0,0,11880061,391,391,0,391220668,391220668,0,0,391220668,11880061,14.42,1.54
905,2026-05-17 13:03:52,7,q66,0,8,21,1153,1655,9058,6685,162,42,0,182,0,25,165637,0,0,872275792,21759992,173133259,0,0,90,9,9,0,47940,47940,0,0,47940,90,7.86,1.15
906,2026-05-17 13:03:55,7,q67,0,6,31,6899,6852,73355,72288,31,44,0,442,0,1427,4630315,0,0,7394888888,28975652,172757611,0,0,11548825,187,187,0,866159379,866159379,0,0,866159379,11548825,10.63,6.9
907,2026-05-17 13:04:03,7,q67a,0,14,172,10258,35305,135341,126543,258,310,2,962,0,5604,4630358,0,0,26370438416,28975652,172757611,0,0,55551443,1700,1700,0,4120622499,4120622499,0,0,900593811,13218747,13.19,10.26
908,2026-05-17 13:04:14,7,q68,0,9,32,810,964,6369,6211,57,47,0,0,0,166,3376534,0,0,591079384,29630852,301203560,0,0,507674,40,40,0,16318004,16318004,0,0,16318004,507674,7.86,0.81
909,2026-05-17 13:04:16,7,q69,0,13,57,835,2489,8857,5571,33,53,0,0,0,3091,467445,0,0,1524419368,53144863,59406334,0,0,3828287,131,131,0,62118565,62118565,0,0,62118565,3828287,10.61,0.84
910,2026-05-17 13:04:18,7,q70,0,9,27,767,713,5661,5518,25,30,0,0,0,43,208460,0,0,1054549784,57674255,204110256,0,0,209,22,22,0,10316,10316,0,0,10316,209,7.38,0.77
911,2026-05-17 13:04:20,7,q70a,0,12,32,809,663,5082,4727,30,39,0,0,0,47,207900,0,0,855320256,57674255,204110256,0,0,240,47,47,0,14125,14125,0,0,8085,180,6.28,0.81
912,2026-05-17 13:04:22,7,q71,0,7,30,674,647,6890,6246,29,41,0,0,0,224,452415,0,0,832552312,50662463,309202270,0,0,32249,31,31,0,1647968,1647968,0,0,994828,21130,10.22,0.67
913,2026-05-17 13:04:23,7,q72,0,16,93,17025,20136,217585,213486,177,132,0,888,0,4856,6576963,0,0,19933730552,151199964,657716443,0,0,142630673,1392,1392,0,2049530107,2049530107,0,0,2049530107,142630673,12.78,17.02
914,2026-05-17 13:04:42,7,q73,0,9,48,480,742,4087,3980,31,32,0,0,0,134,138190,0,0,269680456,29380852,55558472,0,0,1002732,49,49,0,33968564,33968564,0,0,17050799,502732,8.51,0.48
915,2026-05-17 13:04:43,7,q74,0,15,131,3983,13584,59997,54291,161,187,0,224,0,4265,1428954,0,0,22921014288,36646687,138902766,0,0,71557457,1399,1399,0,759410780,759410780,0,0,388018178,36002167,15.06,3.98
916,2026-05-17 13:04:48,7,q75,0,19,136,3025,11351,46405,36980,119,183,0,304,0,4914,574640,0,0,11663447024,106087914,761041160,0,0,14156492,1038,1038,0,314359407,314359407,0,0,214429694,9118704,15.34,3.02
917,2026-05-17 13:04:52,7,q76,0,4,27,754,727,10031,9180,29,41,0,0,0,182,918479,0,0,1919210600,50576063,311687490,0,0,3127,24,24,0,261039,261039,0,0,261039,3127,13.3,0.75
918,2026-05-17 13:04:54,7,q77,0,14,50,645,2429,6594,5873,43,53,0,0,0,208,121458,0,0,752913968,55512153,370004033,0,0,1747,34,34,0,119687,119687,0,0,119687,1747,10.22,0.64
919,2026-05-17 13:04:56,7,q77a,0,17,55,878,2998,8012,7257,53,62,0,0,0,194,141450,0,0,1291881840,55512153,370004033,0,0,2211,45,45,0,175804,175804,0,0,134308,1881,9.13,0.88
920,2026-05-17 13:04:58,7,q78,0,12,94,5867,13924,86122,78697,166,154,1,1728,0,4899,6475408,0,0,18310339880,55584900,461459194,0,0,54207575,1241,1241,0,1579148800,1579148800,0,0,1579148800,54207575,14.68,5.87
921,2026-05-17 13:05:05,7,q79,0,8,29,945,1124,8074,7971,50,41,0,0,0,172,2263289,0,0,991772448,29380852,185998480,0,0,581366,44,44,0,16092595,16092595,0,0,16092595,581366,8.54,0.94
922,2026-05-17 13:05:07,7,q80,0,17,101,6377,21255,97972,90753,109,132,0,648,0,5244,396105,0,0,14185165104,55626495,607719862,0,0,53052375,734,734,0,1571615941,1571615941,0,0,1571615941,53052375,15.36,6.38
923,2026-05-17 13:05:15,7,q80a,0,20,106,6211,22559,93133,89291,116,140,0,16,0,4674,395675,0,0,14657024136,55626495,607719862,0,0,53053332,745,745,0,1571731553,1571731553,0,0,1571628803,53052306,14.99,6.21
924,2026-05-17 13:05:22,7,q81,0,13,44,639,1347,3852,3691,101,82,0,0,0,223,1994073,0,0,2361957544,4202813,42435214,0,0,1318719,89,89,0,36000739,36000739,0,0,36000739,1318719,6.03,0.64
925,2026-05-17 13:05:24,7,q82,0,6,40,1369,2012,13496,11599,23,40,0,272,0,1347,299543,0,0,1637431696,162085550,598297048,0,0,13778665,194,194,0,137239500,137239500,0,0,137239500,28800829,9.86,1.37
926,2026-05-17 13:05:26,7,q83,0,10,23,542,1196,5382,4879,18,20,0,0,0,310,783559,0,0,977241352,5358935,28110796,0,0,43961,14,14,0,759663,759663,0,0,759663,43961,9.93,0.54
927,2026-05-17 13:05:28,7,q84,0,9,29,528,401,1755,1636,20,21,0,0,0,199,9713760,0,0,96623136,5555652,22261454,0,0,2778810,21,21,0,14458335,14458335,0,0,14458335,2778810,3.32,0.53
928,2026-05-17 13:05:29,7,q85,0,13,50,806,1788,6207,5807,52,69,0,0,0,337,1611538,0,0,3925239888,12085256,98304120,0,0,3001776,128,128,0,62818568,62818568,0,0,62818568,3001776,7.7,0.81
929,2026-05-17 13:05:31,7,q86,0,5,8,366,331,1045,1003,7,7,0,0,0,40,1858292,0,0,445053744,7375137,42167036,0,0,816,5,5,0,54744,54744,0,0,54744,816,2.86,0.37
930,2026-05-17 13:05:33,7,q86a,0,8,13,364,303,827,793,13,14,0,0,0,42,1858292,0,0,984021584,7375137,42167036,0,0,2119,18,18,0,157705,157705,0,0,66561,929,2.27,0.36
931,2026-05-17 13:05:34,7,q87,0,13,112,1815,4835,25814,21103,117,133,0,0,0,3095,2992803,0,0,14718664424,50974063,51807646,0,0,12908807,1008,1008,0,99744004,99744004,0,0,73569116,11908807,14.22,1.82
932,2026-05-17 13:05:37,7,q88,0,26,98,1195,7443,17078,15560,0,44,0,208,0,8,50360,0,0,257476480,231102510,223408392,0,0,80,80,80,0,4720,4720,0,0,4720,80,14.29,1.2
933,2026-05-17 13:05:39,7,q89,0,6,16,541,523,3880,3762,14,16,0,0,0,160,138190,0,0,909938872,28975652,145533696,0,0,49975,22,22,0,2298949,2298949,0,0,2298949,49975,7.17,0.54
934,2026-05-17 13:05:41,7,q90,0,8,14,180,304,1023,1012,0,4,0,0,0,0,40754,0,0,25899136,14580376,22811276,0,0,8,8,8,0,472,472,0,0,472,8,5.68,0.18
935,2026-05-17 13:05:42,7,q91,0,11,17,373,460,1021,976,9,12,0,0,0,39,9527061,0,0,480414344,4190955,24237735,0,0,109813,8,8,0,1095219,1095219,0,0,1092269,109794,2.74,0.37
936,2026-05-17 13:05:44,7,q92,0,7,13,314,538,1713,1672,2,6,0,0,0,68,708778,0,0,82624920,14575225,84044050,0,0,135661,9,9,0,1837430,1837430,0,0,1837430,135661,5.46,0.31
937,2026-05-17 13:05:45,7,q93,0,5,39,3769,4065,44195,43174,19,38,0,0,0,1660,252331,0,0,5766380072,31678178,201779522,0,0,31635854,357,357,0,754631060,754631060,0,0,754631060,31635854,11.73,3.77
938,2026-05-17 13:05:50,7,q94,0,8,30,1458,1848,14216,13482,40,36,0,0,0,380,2550511,0,0,3571011840,15443541,75645096,0,0,14397040,153,153,0,217756751,217756751,0,0,217756751,14397040,9.75,1.46
939,2026-05-17 13:05:52,7,q95,0,8,30,3347,3760,40896,36693,44,43,0,784,0,367,2550567,0,0,14560086280,15443541,72405160,0,0,35990240,357,357,0,319472623,319472623,0,0,196649755,14395274,12.22,3.35
940,2026-05-17 13:05:57,7,q96,0,5,14,249,245,1911,1790,0,6,0,0,0,1,49930,0,0,31936240,28894203,27982490,0,0,10,10,10,0,590,590,0,0,590,10,7.67,0.25
941,2026-05-17 13:05:58,7,q97,0,5,39,1620,2124,18999,17824,29,44,0,0,0,284,268923,0,0,6186655016,43273975,150799738,0,0,8377699,238,238,0,96908300,96908300,0,0,96908300,8377699,11.73,1.62
942,2026-05-17 13:06:01,7,q98,0,7,24,576,511,2895,2762,24,24,2,0,0,205,3269297,0,0,1585220256,28975550,169831312,0,0,106186,98,98,0,14470568,14470568,0,0,12500913,91022,5.03,0.58
943,2026-05-17 13:06:02,7,q99,0,6,15,573,558,3048,2947,12,14,0,0,0,31,165207,0,0,111969064,14473528,33990610,0,0,2160,3,3,0,173855,173855,0,0,173855,2160,5.32,0.57
944,2026-05-17 13:06:04,8,q1,0,12,53,652,1106,6627,5370,44,52,0,114,0,1088,306771,0,0,3119842872,6328415,47343738,0,0,2168136,192,192,0,31369447,31369447,0,0,31369447,2168136,10.16,0.65
945,2026-05-17 13:06:06,8,q2,0,9,22,558,511,4656,4248,19,24,0,126,0,76,754364,0,0,345169624,21819660,67870754,0,0,6838,44,44,0,352525,352525,0,0,127373,4198,8.34,0.56
946,2026-05-17 13:06:07,8,q3,0,4,13,250,239,1775,1706,10,14,0,0,0,99,110141,0,0,93667304,28975550,166603616,0,0,2998,10,10,0,206438,206438,0,0,206438,2998,7.1,0.25
947,2026-05-17 13:06:09,8,q4,0,22,235,7698,37668,119596,103706,366,399,0,1600,0,10212,1682654,0,0,39674206800,51047112,607382666,0,0,102286012,3503,3503,0,2536512620,2536512620,0,0,1273495988,51438627,15.54,7.7
948,2026-05-17 13:06:18,8,q5,0,11,69,1624,3474,21475,19057,77,102,0,226,0,601,421683,0,0,3181537976,62724083,413647286,0,0,7890286,132,132,0,109305912,109305912,0,0,109305912,7890286,13.22,1.62
949,2026-05-17 13:06:20,8,q5a,0,14,74,1917,3843,22977,21021,84,114,0,0,0,528,421683,0,0,3720505848,62724083,413647286,0,0,7892232,142,142,0,109464345,109464345,0,0,109331115,7890408,11.99,1.92
950,2026-05-17 13:06:23,8,q6,0,11,36,1424,1851,17047,16171,39,44,0,0,0,615,5014279,0,0,4851667944,29900599,103630716,0,0,27358702,206,206,0,240467439,240467439,0,0,240467439,27358702,11.97,1.42
951,2026-05-17 13:06:26,8,q7,0,9,30,2144,2415,18960,18220,15,26,0,520,0,1490,783559,0,0,943558784,30896850,320150123,0,0,26634669,35,35,0,771509016,771509016,0,0,771509016,26634669,8.84,2.14
952,2026-05-17 13:06:29,8,q8,0,10,19,702,654,4555,4498,22,23,0,0,0,39,1283173,0,0,974972800,29873652,105569352,0,0,6731,13,13,0,84238,84238,0,0,84238,6731,6.49,0.7
953,2026-05-17 13:06:31,8,q9,0,31,166,2279,31997,34546,28204,199,220,0,1597,0,67,48637,0,0,0,432007560,970422060,0,0,150,150,150,0,9453,9453,0,0,9453,150,15.16,2.28
954,2026-05-17 13:06:34,8,q10,0,13,57,704,1826,6446,5699,29,54,0,48,0,674,592101,0,0,1521597160,53144863,59602942,0,0,4321867,132,132,0,66400239,66400239,0,0,66400239,4321867,9.16,0.7
955,2026-05-17 13:06:36,8,q10a,0,10,56,560,1485,6124,5827,27,53,0,0,0,536,444765,0,0,2037008608,53144863,59602942,0,0,4289247,183,183,0,66359315,66359315,0,0,66359315,4289247,10.94,0.56
956,2026-05-17 13:06:38,8,q11,0,17,156,3978,13138,59781,54204,201,235,0,568,0,5597,1373324,0,0,26856842912,36646687,205307118,0,0,71770406,2006,2006,0,1051794768,1051794768,0,0,537186984,36215116,15.03,3.98
957,2026-05-17 13:06:43,8,q12,0,5,9,372,333,912,880,8,8,0,0,0,60,3269297,0,0,512872760,7375137,45931260,0,0,29116,10,10,0,3907103,3907103,0,0,3907103,29116,2.45,0.37
958,2026-05-17 13:06:44,8,q13,0,9,20,1172,1356,9592,9178,0,8,0,120,0,174,1611538,0,0,109217120,31051652,402774873,0,0,193014,14,14,0,2711685,2711685,0,0,2711685,193014,8.18,1.17
959,2026-05-17 13:06:46,8,q14a,0,30,163,5895,10625,61705,56231,204,243,0,1171,0,3824,1189316,0,0,10472473064,151830189,623624460,0,0,62618775,351,351,0,879083795,879083795,0,0,875977067,62532251,10.47,5.9
960,2026-05-17 13:06:55,8,q14b,0,24,123,3948,7074,48739,44848,174,175,0,544,0,2269,1189316,0,0,8267151424,130375774,496550338,0,0,68372312,289,289,0,1013581742,1013581742,0,0,529664620,40865105,12.35,3.95
961,2026-05-17 13:07:00,8,q14,0,24,120,3062,5518,36482,34945,159,185,0,496,0,2068,1163429,0,0,7513717016,130375774,496550338,0,0,68278758,254,254,0,1004808282,1004808282,0,0,520891160,40771551,11.91,3.06
962,2026-05-17 13:07:04,8,q15,0,6,31,1384,1380,14477,13614,19,34,0,0,0,525,5014279,0,0,4165109160,15223474,50392286,0,0,14544315,204,204,0,125445003,125445003,0,0,125445003,14544315,10.46,1.38
963,2026-05-17 13:07:07,8,q16,0,8,46,1937,3206,26887,24952,44,52,0,328,0,1210,424379,0,0,4703921456,30563805,163444772,0,0,30114572,442,442,0,422088498,422088498,0,0,422088498,30114572,13.88,1.94
964,2026-05-17 13:07:10,8,q17,0,10,69,4352,6127,57046,55280,61,81,3,0,0,2728,6945969,0,0,7880912176,46326758,240776630,0,0,45538041,803,803,0,1089146303,1089146303,0,0,1089146303,45538041,13.11,4.35
965,2026-05-17 13:07:15,8,q18,0,12,36,1597,2481,13785,12457,28,33,0,620,0,930,9713760,0,0,1706635496,19167074,223424435,0,0,14504153,23,23,0,423927855,423927855,0,0,423927855,14504153,8.63,1.6
966,2026-05-17 13:07:18,8,q18a,0,21,83,2262,6787,26766,23799,75,105,0,220,0,1191,9713760,0,0,7785537408,20019074,226658089,0,0,71656438,82,82,0,2096878181,2096878181,0,0,424789813,14560854,11.83,2.26
967,2026-05-17 13:07:21,8,q19,0,7,16,600,575,3962,3859,13,17,0,0,0,112,5014279,0,0,1168748344,29725652,193890954,0,0,7397,10,10,0,541770,541770,0,0,541770,7397,6.6,0.6
968,2026-05-17 13:07:23,8,q20,0,5,14,451,413,1833,1745,14,16,0,0,0,17,3269297,0,0,307530856,14575474,82668674,0,0,28486,2,2,0,3491832,3491832,0,0,3491832,28486,4.06,0.45
969,2026-05-17 13:07:25,8,q21,0,5,14,922,914,6839,6653,11,15,0,76,0,11,137115,0,0,171972096,133285059,521280710,0,0,31850,1,1,0,679321,679321,0,0,679321,31850,7.42,0.92
970,2026-05-17 13:07:27,8,q22,0,6,31,58221,58180,121679,121277,95,52,0,80,0,64,4630315,0,0,1564275584,133285059,521261101,0,0,612866,68,68,0,25729614,25729614,0,0,25729614,612866,2.09,58.22
971,2026-05-17 13:08:26,8,q22a,0,10,55,3352,3784,14671,13463,75,89,0,0,0,1130,4630315,0,0,5461307616,133285059,521266189,0,0,918610,160,160,0,45113549,45113549,0,0,14511781,306922,4.38,3.35
972,2026-05-17 13:08:30,8,q23a,0,18,127,5775,10995,76257,70400,158,154,1,1014,0,4016,6577006,0,0,12019353816,108823163,443356832,0,0,43897022,767,767,0,1116260376,1116260376,0,0,1086369609,41990015,13.2,5.78
973,2026-05-17 13:08:37,8,q23b,0,21,148,6745,11358,82228,76290,207,219,0,566,0,3753,6576963,0,0,24994694952,109323163,446408878,0,0,48673518,1581,1581,0,1201500821,1201500821,0,0,1098741076,42452497,12.19,6.74
974,2026-05-17 13:08:45,8,q24,0,12,63,2357,3607,27384,26006,23,49,0,0,0,2370,463487,0,0,4795803152,32530235,211136248,0,0,30468590,392,392,0,704283614,704283614,0,0,704283614,30468590,11.62,2.36
975,2026-05-17 13:08:49,8,q24a,0,19,116,3526,4500,37489,34767,98,132,0,352,0,3575,3560798,0,0,14728425696,32632235,209830306,0,0,61448141,1349,1349,0,1431432510,1431432510,0,0,733412274,30991090,10.63,3.53
976,2026-05-17 13:08:53,8,q24b,0,19,116,3127,4164,33650,32785,102,132,0,0,0,2830,3560798,0,0,14722420960,32632235,209830306,0,0,61437701,1349,1349,0,1430205327,1430205327,0,0,732185091,30980650,10.76,3.13
977,2026-05-17 13:08:57,8,q25,0,10,69,4426,6429,58971,56296,59,73,1,638,0,3032,6945969,0,0,7880887560,46326758,336724939,0,0,45538038,800,800,0,1108759789,1108759789,0,0,1108759789,45538038,13.32,4.43
978,2026-05-17 13:09:03,8,q26,0,8,28,1317,1603,11482,11314,12,23,0,0,0,827,783559,0,0,339054936,16496774,167426909,0,0,14334907,16,16,0,388692645,388692645,0,0,388692645,14334907,8.72,1.32
979,2026-05-17 13:09:05,8,q27,0,9,30,2115,2292,18511,17788,16,28,0,270,0,1400,783559,0,0,944051072,30896452,292410015,0,0,26620676,35,35,0,687564889,687564889,0,0,687564889,26620676,8.75,2.12
980,2026-05-17 13:09:08,8,q27a,0,13,53,2567,4382,27947,26786,30,52,0,0,0,2086,783559,0,0,1306999952,30998554,292718825,0,0,79691279,66,66,0,2058123915,2058123915,0,0,687795217,26622575,10.89,2.57
981,2026-05-17 13:09:12,8,q28,0,18,72,2918,16103,43185,33297,166,133,0,1152,0,3838,54290,0,0,4446484944,172803006,1055684604,0,0,470650,66,66,0,7692048,7692048,0,0,7692048,470650,14.8,2.92
982,2026-05-17 13:09:16,8,q29,0,11,70,4322,6096,56422,54678,61,76,2,0,0,2698,6945969,0,0,7880995000,46399807,241256382,0,0,45538045,805,805,0,1089147078,1089147078,0,0,1089147078,45538045,13.05,4.32
983,2026-05-17 13:09:21,8,q30,0,13,29,589,1222,1546,1500,88,65,0,0,0,123,1994073,0,0,589111080,2763597,32998878,0,0,788443,38,38,0,59786503,59786503,0,0,59786503,788443,2.62,0.59
984,2026-05-17 13:09:23,8,q31,0,20,56,1456,6486,17828,15190,51,58,0,0,0,1608,3834069,0,0,2523673224,108470914,404522920,0,0,79892,49,49,0,2737546,2737546,0,0,2515339,73108,12.24,1.46
985,2026-05-17 13:09:26,8,q32,0,7,25,450,799,4985,4732,9,17,0,0,0,47,707930,0,0,96778920,28975899,157518878,0,0,55420,12,12,0,760429,760429,0,0,760429,55420,11.08,0.45
986,2026-05-17 13:09:27,8,q33,0,9,32,694,1349,6470,5810,29,37,0,0,0,529,890190,0,0,773025944,50928063,321332628,0,0,17063,18,18,0,450455,450455,0,0,450455,17063,9.32,0.69
987,2026-05-17 13:09:29,8,q34,0,9,48,587,847,5092,4847,45,42,0,0,0,328,140315,0,0,271015752,29380852,55558472,0,0,1010675,58,58,0,34237222,34237222,0,0,17319457,510675,8.67,0.59
988,2026-05-17 13:09:31,8,q35,0,12,62,1212,2264,11241,9014,69,74,0,0,0,1610,2112212,0,0,5047516496,53144863,59336702,0,0,8052611,291,291,0,39043620,39043620,0,0,39043620,8052611,9.27,1.21
989,2026-05-17 13:09:33,8,q35a,0,11,62,922,1927,9139,8285,48,67,0,0,0,1171,2112212,0,0,4258987632,53144863,59336702,0,0,8049848,291,291,0,39052774,39052774,0,0,39052774,8049848,9.91,0.92
990,2026-05-17 13:09:35,8,q36,0,6,15,578,543,4360,4251,13,16,0,0,0,84,1858292,0,0,921310080,28975652,258803460,0,0,1769,11,11,0,138565,138565,0,0,138565,1769,7.54,0.58
991,2026-05-17 13:09:36,8,q36a,0,9,20,610,545,3946,3855,19,22,0,0,0,95,1858292,0,0,1460277952,28975652,258803460,0,0,4798,36,36,0,397299,397299,0,0,147261,1822,6.47,0.61
992,2026-05-17 13:09:38,8,q37,0,6,40,864,1160,8823,8193,22,39,0,190,0,344,299199,0,0,865674784,147685474,559893194,0,0,4316414,180,180,0,64485606,64485606,0,0,64485606,14400617,10.21,0.86
993,2026-05-17 13:09:40,8,q38,0,13,112,1749,4676,25059,19757,109,133,0,0,0,3425,2992760,0,0,14718664424,50974063,51807646,0,0,12908807,1008,1008,0,99744004,99744004,0,0,73569116,11908807,14.33,1.75
994,2026-05-17 13:09:43,8,q39a,0,11,59,2003,3472,19979,19181,105,98,0,0,0,404,801878,0,0,2759990096,266468108,1041220090,0,0,1567909,55,55,0,36859402,36859402,0,0,25188288,1057909,9.97,2.0
995,2026-05-17 13:09:46,8,q39b,0,11,59,1720,3185,18479,17719,92,108,0,432,0,175,521454,0,0,2692225872,266468108,1041220090,0,0,1531488,55,55,0,35748102,35748102,0,0,24076988,1021488,10.74,1.72
996,2026-05-17 13:09:49,8,q40,0,7,36,1747,2056,21865,20865,23,39,0,0,0,891,348211,0,0,4141621464,16015366,96488322,0,0,15748014,272,272,0,309641571,309641571,0,0,309641571,15748014,12.52,1.75
997,2026-05-17 13:09:52,8,q41,0,4,4,140,114,98,98,4,4,0,0,0,7,13527,0,0,135268304,204000,1272987,0,0,140,2,2,0,9680,9680,0,0,9680,140,0.7,0.14
998,2026-05-17 13:09:53,8,q42,0,4,13,265,256,2055,1974,10,13,0,0,0,24,110184,0,0,762710104,28975550,166472652,0,0,110,10,10,0,9116,9116,0,0,9116,110,7.75,0.26
999,2026-05-17 13:09:54,8,q43,0,4,13,442,422,3633,3552,13,15,0,0,0,28,110270,0,0,91000344,28873652,71938410,0,0,210,10,10,0,27084,27084,0,0,27084,210,8.22,0.44
1000,2026-05-17 13:09:56,8,q44,0,8,34,493,531,3751,3295,33,33,0,270,0,161,1665021,0,0,1584325928,57703002,275173453,0,0,795972,120,120,0,10069011,10069011,0,0,5035816,398046,7.61,0.49
1001,2026-05-17 13:09:57,8,q45,0,8,27,1166,1241,9039,8530,23,33,0,0,0,217,5014279,0,0,4113055456,8227137,42934120,0,0,7447479,98,98,0,100517155,100517155,0,0,100517155,7447479,7.75,1.17
1002,2026-05-17 13:09:59,8,q46,0,9,32,957,1094,7761,7599,58,53,0,0,0,164,3376534,0,0,1089199376,29630852,188447600,0,0,529456,40,40,0,17231653,17231653,0,0,17231653,529456,8.11,0.96
1003,2026-05-17 13:10:01,8,q47,0,11,75,1633,2306,17462,14636,99,113,0,190,0,2487,2307790,0,0,6540828520,28975652,145263360,0,0,2665245,787,787,0,105362886,105362886,0,0,61758664,1560722,10.69,1.63
1004,2026-05-17 13:10:04,8,q48,0,8,28,1071,1361,9963,9575,1,14,0,250,0,336,1686114,0,0,334610080,31044452,224412221,0,0,4383958,23,23,0,101501998,101501998,0,0,101501998,4383958,9.3,1.07
1005,2026-05-17 13:10:06,8,q49,0,18,87,1581,6047,21676,20089,59,86,3,0,0,1779,234549,0,0,4893318176,55511851,557056798,0,0,15195841,85,85,0,338212852,338212852,0,0,338212852,15195841,13.71,1.58
1006,2026-05-17 13:10:09,8,q50,0,7,41,1919,2260,22357,21239,26,44,0,0,0,1317,373053,0,0,4687124776,31824333,142334948,0,0,29262054,357,357,0,629536939,629536939,0,0,629536939,29262054,11.65,1.92
1007,2026-05-17 13:10:12,8,q51,0,10,117,2758,3973,37036,32968,150,158,0,310,0,4331,407915,0,0,9946829760,36073638,172274676,0,0,24415841,1679,1679,0,420200139,420200139,0,0,420200139,24415841,13.43,2.76
1008,2026-05-17 13:10:16,8,q51a,0,14,183,20440,24072,267111,258151,238,291,0,2449,0,4274,567630,0,0,26902298312,36073638,172274676,0,0,47531016,2587,2587,0,789080756,789080756,0,0,575698126,36069050,13.07,20.44
1009,2026-05-17 13:10:37,8,q52,0,4,13,332,322,2606,2530,12,13,0,0,0,109,110270,0,0,762710104,28975550,166603724,0,0,4250,10,10,0,266731,266731,0,0,266731,4250,7.85,0.33
1010,2026-05-17 13:10:39,8,q53,0,6,15,519,501,3879,3518,13,15,0,60,0,147,138620,0,0,171348496,28975652,145799972,0,0,31394,11,11,0,661866,661866,0,0,661866,31394,7.47,0.52
1011,2026-05-17 13:10:40,8,q54,0,17,59,1424,2245,14944,14279,50,65,0,0,0,818,5014322,0,0,3085658512,51545312,190048440,0,0,27925376,152,152,0,266108014,266108014,0,0,266108014,27925376,10.49,1.42
1012,2026-05-17 13:10:43,8,q55,0,4,13,315,307,2408,2329,12,14,0,0,0,104,110270,0,0,762710104,28975550,166603724,0,0,3448,10,10,0,211879,211879,0,0,211879,3448,7.64,0.32
1013,2026-05-17 13:10:44,8,q56,0,9,32,752,1526,7231,6798,32,36,0,0,0,248,465078,0,0,817527528,50928063,321597316,0,0,10844,18,18,0,393452,393452,0,0,393452,10844,9.62,0.75
1014,2026-05-17 13:10:46,8,q57,0,11,56,1432,2087,11722,10218,88,89,0,0,0,786,2307790,0,0,5257365712,14575498,67902007,0,0,1160477,378,378,0,45054696,45054696,0,0,33346766,851478,8.19,1.43
1015,2026-05-17 13:10:48,8,q58,0,11,33,821,1739,8665,7832,27,34,0,0,0,260,783559,0,0,1874516736,50722161,286836650,0,0,247081,27,27,0,3686832,3686832,0,0,3686832,247081,10.55,0.82
1016,2026-05-17 13:10:50,8,q59,0,10,29,970,1035,6148,5904,22,28,0,34,0,380,754364,0,0,1622762440,29019852,72241290,0,0,304460,132,132,0,12848209,12848209,0,0,6671233,170845,6.34,0.97
1017,2026-05-17 13:10:52,8,q60,0,9,32,924,2065,9470,8606,31,38,0,192,0,332,465078,0,0,1260333848,50928063,321533332,0,0,78428,19,19,0,1556487,1556487,0,0,1556487,78428,10.25,0.92
1018,2026-05-17 13:10:54,8,q61,0,10,28,781,1314,9157,8774,1,13,0,0,0,2,5014279,0,0,623374000,58526653,415009764,0,0,20,20,20,0,1179,1179,0,0,1179,20,11.72,0.78
1019,2026-05-17 13:10:56,8,q62,0,6,9,417,403,1349,1319,5,7,0,0,0,37,66401,0,0,85210792,7273209,25080911,0,0,1680,4,4,0,144678,144678,0,0,144678,1680,3.24,0.42
1020,2026-05-17 13:10:58,8,q63,0,6,15,450,435,3274,3220,13,15,0,0,0,137,138190,0,0,171282960,28975652,145802092,0,0,12917,11,11,0,338319,338319,0,0,338319,12917,7.28,0.45
1021,2026-05-17 13:10:59,8,q64,0,33,298,8896,20845,130657,117614,548,605,0,1036,0,13318,1086691,0,0,43419547432,50518209,483849547,0,0,66198164,5431,5431,0,2332424612,2332424612,0,0,2094334387,55680264,14.69,8.9
1022,2026-05-17 13:11:10,8,q65,0,10,76,1650,3037,23613,21502,106,107,1,0,0,1683,9164527,0,0,6089929776,57776153,293046734,0,0,11880061,391,391,0,391220668,391220668,0,0,391220668,11880061,14.31,1.65
1023,2026-05-17 13:11:12,8,q66,0,8,21,1110,1572,8400,6027,37,41,0,60,0,22,165207,0,0,872275792,21759992,173133259,0,0,90,9,9,0,47940,47940,0,0,47940,90,7.57,1.11
1024,2026-05-17 13:11:14,8,q67,0,6,31,6898,6851,73103,71934,31,43,0,457,0,1469,4630315,0,0,7394888888,28975652,172757611,0,0,11548825,187,187,0,866159379,866159379,0,0,866159379,11548825,10.6,6.9
1025,2026-05-17 13:11:22,8,q67a,0,14,172,10671,36828,142275,133482,281,311,0,967,0,5593,4630315,0,0,26370438416,28975652,172757611,0,0,55551443,1700,1700,0,4120622499,4120622499,0,0,900593811,13218747,13.33,10.67
1026,2026-05-17 13:11:34,8,q68,0,9,32,798,970,6201,6070,57,48,0,0,0,161,3376534,0,0,591079384,29630852,301203560,0,0,507674,40,40,0,16318004,16318004,0,0,16318004,507674,7.77,0.8
1027,2026-05-17 13:11:36,8,q69,0,13,57,738,1849,6885,5879,33,55,0,0,0,1161,467445,0,0,1524419368,53144863,59406334,0,0,3828287,131,131,0,62118565,62118565,0,0,62118565,3828287,9.33,0.74
1028,2026-05-17 13:11:38,8,q70,0,9,27,843,781,6515,5917,28,30,0,190,0,57,208890,0,0,1054549784,57674255,204110256,0,0,209,22,22,0,10316,10316,0,0,10316,209,7.73,0.84
1029,2026-05-17 13:11:40,8,q70a,0,12,32,738,626,4722,4587,29,36,0,0,0,48,207900,0,0,855320256,57674255,204110256,0,0,240,47,47,0,14125,14125,0,0,8085,180,6.4,0.74
1030,2026-05-17 13:11:42,8,q71,0,7,30,756,726,8278,7598,30,42,0,0,0,201,452415,0,0,832552312,50662463,309202270,0,0,32249,31,31,0,1647968,1647968,0,0,994828,21130,10.95,0.76
1031,2026-05-17 13:11:44,8,q72,0,16,93,17066,19926,217564,213533,121,139,1,720,0,4902,6577006,0,0,19933730552,151199964,657716443,0,0,142630673,1392,1392,0,2049530107,2049530107,0,0,2049530107,142630673,12.75,17.07
1032,2026-05-17 13:12:02,8,q73,0,9,48,481,686,4026,3913,30,34,0,0,0,128,138190,0,0,269680456,29380852,55558472,0,0,1002732,49,49,0,33968564,33968564,0,0,17050799,502732,8.37,0.48
1033,2026-05-17 13:12:03,8,q74,0,15,131,3691,12420,55064,49155,156,193,0,315,0,3943,1428911,0,0,22921014288,36646687,138902766,0,0,71557457,1399,1399,0,759410780,759410780,0,0,388018178,36002167,14.92,3.69
1034,2026-05-17 13:12:08,8,q75,0,19,136,2625,8950,39925,31473,159,192,0,640,0,4427,574640,0,0,11663447024,106087914,761041160,0,0,14156492,1038,1038,0,314359407,314359407,0,0,214429694,9118704,15.21,2.62
1035,2026-05-17 13:12:12,8,q76,0,4,27,568,541,7035,6234,28,40,0,0,0,257,918479,0,0,1919210600,50576063,311687490,0,0,3127,24,24,0,261039,261039,0,0,261039,3127,12.39,0.57
1036,2026-05-17 13:12:13,8,q77,0,14,50,693,2740,7542,6755,36,52,0,0,0,153,121458,0,0,752913968,55512153,370004033,0,0,1747,34,34,0,119687,119687,0,0,119687,1747,10.88,0.69
1037,2026-05-17 13:12:15,8,q77a,0,17,55,819,2870,7652,6889,56,63,0,0,0,163,141450,0,0,1291881840,55512153,370004033,0,0,2211,45,45,0,175804,175804,0,0,134308,1881,9.34,0.82
1038,2026-05-17 13:12:17,8,q78,0,12,94,5703,13926,85191,78459,153,152,0,1376,0,5095,6475365,0,0,18310339880,55584900,461459194,0,0,54207575,1241,1241,0,1579148800,1579148800,0,0,1579148800,54207575,14.94,5.7
1039,2026-05-17 13:12:24,8,q79,0,8,29,873,1047,7354,7042,48,41,0,190,0,179,2263289,0,0,991772448,29380852,185998480,0,0,581366,44,44,0,16092595,16092595,0,0,16092595,581366,8.42,0.87
1040,2026-05-17 13:12:26,8,q80,0,17,101,6010,20460,91576,86638,111,136,1,480,0,4673,395675,0,0,14185165104,55626495,607719862,0,0,53052375,734,734,0,1571615941,1571615941,0,0,1571615941,53052375,15.24,6.01
1041,2026-05-17 13:12:33,8,q80a,0,20,106,6225,21525,93707,89339,104,141,0,768,0,4270,396277,0,0,14657024136,55626495,607719862,0,0,53053332,745,745,0,1571731553,1571731553,0,0,1571628803,53052306,15.05,6.22
1042,2026-05-17 13:12:41,8,q81,0,15,46,633,1349,3793,3630,112,82,0,0,0,251,1994073,0,0,2017309984,4202813,42435214,0,0,1386550,76,76,0,36822058,36822058,0,0,36822058,1386550,5.99,0.63
1043,2026-05-17 13:12:42,8,q82,0,6,40,1188,1700,11978,11531,25,40,0,0,0,519,299586,0,0,1637431696,162085550,598297048,0,0,13778665,194,194,0,137239500,137239500,0,0,137239500,28800829,10.08,1.19
1044,2026-05-17 13:12:45,8,q83,0,10,23,587,1215,5343,4201,24,24,0,0,0,336,783559,0,0,977241352,5358935,28110796,0,0,43961,14,14,0,759663,759663,0,0,759663,43961,9.1,0.59
1045,2026-05-17 13:12:46,8,q84,0,9,29,519,392,1727,1650,20,22,0,0,0,177,9713760,0,0,96623136,5555652,22261454,0,0,2778810,21,21,0,14458335,14458335,0,0,14458335,2778810,3.33,0.52
1046,2026-05-17 13:12:48,8,q85,0,13,50,868,1845,6957,6541,56,68,0,0,0,337,1611538,0,0,3925239888,12085256,98304120,0,0,3001776,128,128,0,62818568,62818568,0,0,62818568,3001776,8.01,0.87
1047,2026-05-17 13:12:50,8,q86,0,5,8,342,308,966,927,7,7,0,0,0,29,1858292,0,0,445053744,7375137,42167036,0,0,816,5,5,0,54744,54744,0,0,54744,816,2.82,0.34
1048,2026-05-17 13:12:51,8,q86a,0,8,13,368,309,835,797,12,13,0,0,0,43,1858292,0,0,984021584,7375137,42167036,0,0,2119,18,18,0,157705,157705,0,0,66561,929,2.27,0.37
1049,2026-05-17 13:12:53,8,q87,0,13,112,1952,5159,27524,22275,129,131,1,168,0,3834,2992803,0,0,14718664424,50974063,51807646,0,0,12908807,1008,1008,0,99744004,99744004,0,0,73569116,11908807,14.1,1.95
1050,2026-05-17 13:12:56,8,q88,0,26,98,1153,7095,16415,14961,0,42,0,0,0,8,49930,0,0,257476480,231102510,223408392,0,0,80,80,80,0,4720,4720,0,0,4720,80,14.24,1.15
1051,2026-05-17 13:12:58,8,q89,0,6,16,578,559,4175,4061,14,17,0,0,0,151,138190,0,0,909938872,28975652,145533696,0,0,49975,22,22,0,2298949,2298949,0,0,2298949,49975,7.22,0.58
1052,2026-05-17 13:13:00,8,q90,0,8,14,175,303,1012,1000,0,3,0,0,0,0,40754,0,0,25899136,14580376,22811276,0,0,8,8,8,0,472,472,0,0,472,8,5.78,0.18
1053,2026-05-17 13:13:01,8,q91,0,11,17,374,416,1052,959,9,11,0,0,0,40,9527061,0,0,480414344,4190955,24237735,0,0,109813,8,8,0,1095219,1095219,0,0,1092269,109794,2.81,0.37
1054,2026-05-17 13:13:02,8,q92,0,7,13,317,539,1729,1687,1,6,0,0,0,72,708735,0,0,82624920,14575225,84044050,0,0,135661,9,9,0,1837430,1837430,0,0,1837430,135661,5.45,0.32
1055,2026-05-17 13:13:04,8,q93,0,5,39,3751,4071,44436,43308,19,38,0,0,0,1726,252331,0,0,5766380072,31678178,201779522,0,0,31635854,357,357,0,754631060,754631060,0,0,754631060,31635854,11.85,3.75
1056,2026-05-17 13:13:09,8,q94,0,8,30,1434,1851,14488,13421,42,40,0,222,0,377,2550511,0,0,3571011840,15443541,75645096,0,0,14397040,153,153,0,217756751,217756751,0,0,217756751,14397040,10.1,1.43
1057,2026-05-17 13:13:11,8,q95,0,8,30,3273,3608,40811,36241,43,44,0,416,0,379,2550567,0,0,14560086280,15443541,72405160,0,0,35990240,357,357,0,319472623,319472623,0,0,196649755,14395274,12.47,3.27
1058,2026-05-17 13:13:15,8,q96,0,5,14,213,206,1583,1563,0,5,0,0,0,1,49930,0,0,31936240,28894203,27982490,0,0,10,10,10,0,590,590,0,0,590,10,7.43,0.21
1059,2026-05-17 13:13:17,8,q97,0,5,39,1670,2252,19673,18360,30,45,0,0,0,297,268923,0,0,6186655016,43273975,150799738,0,0,8377699,238,238,0,96908300,96908300,0,0,96908300,8377699,11.78,1.67
1060,2026-05-17 13:13:19,8,q98,0,7,24,636,559,3309,3185,24,25,3,0,0,198,3269297,0,0,1585220256,28975550,169831312,0,0,106186,98,98,0,14470568,14470568,0,0,12500913,91022,5.2,0.64
1061,2026-05-17 13:13:21,8,q99,0,6,15,579,566,3036,2931,12,15,0,0,0,31,165207,0,0,111969064,14473528,33990610,0,0,2160,3,3,0,173855,173855,0,0,173855,2160,5.24,0.58
1062,2026-05-17 13:13:23,9,q1,0,12,53,643,1123,6865,5745,46,50,0,0,0,971,306771,0,0,3119842872,6328415,47343738,0,0,2168136,192,192,0,31369447,31369447,0,0,31369447,2168136,10.68,0.64
1063,2026-05-17 13:13:24,9,q2,0,9,22,548,496,4483,4275,19,24,0,0,0,83,754364,0,0,345169624,21819660,67870754,0,0,6838,44,44,0,352525,352525,0,0,127373,4198,8.18,0.55
1064,2026-05-17 13:13:26,9,q3,0,4,13,280,269,2115,2039,12,13,0,0,0,100,110270,0,0,93667304,28975550,166603616,0,0,2998,10,10,0,206438,206438,0,0,206438,2998,7.55,0.28
1065,2026-05-17 13:13:27,9,q4,0,22,235,7584,36851,117590,100564,370,415,3,2120,0,10447,1682654,0,0,39674206800,51047112,607382666,0,0,102286012,3503,3503,0,2536512620,2536512620,0,0,1273495988,51438627,15.51,7.58
1066,2026-05-17 13:13:36,9,q5,0,11,69,1685,3639,22476,20100,76,102,0,0,0,585,421683,0,0,3181537976,62724083,413647286,0,0,7890286,132,132,0,109305912,109305912,0,0,109305912,7890286,13.34,1.68
1067,2026-05-17 13:13:39,9,q5a,0,14,74,1940,4159,24708,22139,78,108,0,262,0,635,421683,0,0,3720505848,62724083,413647286,0,0,7892232,142,142,0,109464345,109464345,0,0,109331115,7890408,12.74,1.94
1068,2026-05-17 13:13:42,9,q6,0,11,36,1347,1759,15618,15019,40,46,0,0,0,562,5014279,0,0,4851667944,29900599,103630716,0,0,27358702,206,206,0,240467439,240467439,0,0,240467439,27358702,11.59,1.35
1069,2026-05-17 13:13:44,9,q7,0,9,30,2197,2471,19555,18896,15,27,0,300,0,1488,783559,0,0,943558784,30896850,320150123,0,0,26634669,35,35,0,771509016,771509016,0,0,771509016,26634669,8.9,2.2
1070,2026-05-17 13:13:48,9,q8,0,10,19,600,557,3542,3487,16,20,0,0,0,38,1283173,0,0,974972800,29873652,105569352,0,0,6731,13,13,0,84238,84238,0,0,84238,6731,5.9,0.6
1071,2026-05-17 13:13:49,9,q9,0,31,166,2183,30977,33071,28932,291,297,0,1024,0,68,48680,0,0,0,432007560,970422060,0,0,150,150,150,0,9453,9453,0,0,9453,150,15.15,2.18
1072,2026-05-17 13:13:53,9,q10,0,13,57,710,1788,6761,6134,36,54,0,0,0,572,592058,0,0,1521597160,53144863,59602942,0,0,4321867,132,132,0,66400239,66400239,0,0,66400239,4321867,9.52,0.71
1073,2026-05-17 13:13:54,9,q10a,0,10,56,585,1536,6497,5955,30,54,0,0,0,599,444765,0,0,2037008608,53144863,59602942,0,0,4289247,183,183,0,66359315,66359315,0,0,66359315,4289247,11.11,0.58
1074,2026-05-17 13:13:56,9,q11,0,17,156,4088,13357,61238,53297,228,241,2,1220,0,6777,1373324,0,0,26856842912,36646687,205307118,0,0,71770406,2006,2006,0,1051794768,1051794768,0,0,537186984,36215116,14.98,4.09
1075,2026-05-17 13:14:01,9,q12,0,5,9,373,337,911,880,9,9,0,0,0,55,3269297,0,0,512872760,7375137,45931260,0,0,29116,10,10,0,3907103,3907103,0,0,3907103,29116,2.44,0.37
1076,2026-05-17 13:14:03,9,q13,0,9,20,1100,1348,9011,8939,0,9,0,0,0,169,1611538,0,0,109217120,31051652,402774873,0,0,193014,14,14,0,2711685,2711685,0,0,2711685,193014,8.19,1.1
1077,2026-05-17 13:14:05,9,q14a,0,30,163,5982,10542,60907,54878,232,270,0,1430,0,3908,1189316,0,0,10472473064,151830189,623624460,0,0,62618775,351,351,0,879083795,879083795,0,0,875977067,62532251,10.18,5.98
1078,2026-05-17 13:14:13,9,q14b,0,24,123,3897,6905,48374,44577,136,164,0,776,0,2286,1189316,0,0,8267151424,130375774,496550338,0,0,68372312,289,289,0,1013581742,1013581742,0,0,529664620,40865105,12.41,3.9
1079,2026-05-17 13:14:19,9,q14,0,24,120,2978,5397,35866,34315,152,193,0,874,0,2210,1163429,0,0,7513717016,130375774,496550338,0,0,68278758,254,254,0,1004808282,1004808282,0,0,520891160,40771551,12.04,2.98
1080,2026-05-17 13:14:23,9,q15,0,6,31,1652,1644,18490,17636,20,34,0,0,0,436,5014279,0,0,4165109160,15223474,50392286,0,0,14544315,204,204,0,125445003,125445003,0,0,125445003,14544315,11.19,1.65
1081,2026-05-17 13:14:25,9,q16,0,8,46,1903,3101,25699,24241,46,52,0,0,0,1346,423691,0,0,4703921456,30563805,163444772,0,0,30114572,442,442,0,422088498,422088498,0,0,422088498,30114572,13.5,1.9
1082,2026-05-17 13:14:28,9,q17,0,10,69,4434,6355,58349,55032,60,79,1,1200,0,3087,6945969,0,0,7880912176,46326758,240776630,0,0,45538041,803,803,0,1089146303,1089146303,0,0,1089146303,45538041,13.16,4.43
1083,2026-05-17 13:14:34,9,q18,0,12,36,1507,2344,13058,12367,28,38,1,0,0,902,9713803,0,0,1706635496,19167074,223424435,0,0,14504153,23,23,0,423927855,423927855,0,0,423927855,14504153,8.66,1.51
1084,2026-05-17 13:14:37,9,q18a,0,21,83,2255,6541,26305,23492,67,96,1,350,0,1125,9713760,0,0,7785537408,20019074,226658089,0,0,71656438,82,82,0,2096878181,2096878181,0,0,424789813,14560854,11.67,2.26
1085,2026-05-17 13:14:40,9,q19,0,7,16,707,681,5207,5102,14,17,0,0,0,121,5014279,0,0,1168748344,29725652,193890954,0,0,7397,10,10,0,541770,541770,0,0,541770,7397,7.36,0.71
1086,2026-05-17 13:14:42,9,q20,0,5,14,372,334,1249,1156,13,15,0,0,0,17,3269297,0,0,307530856,14575474,82668674,0,0,28486,2,2,0,3491832,3491832,0,0,3491832,28486,3.36,0.37
1087,2026-05-17 13:14:43,9,q21,0,5,14,903,898,6669,6571,10,14,0,0,0,11,136943,0,0,171972096,133285059,521280710,0,0,31850,1,1,0,679321,679321,0,0,679321,31850,7.39,0.9
1088,2026-05-17 13:14:45,9,q22,0,6,31,57343,57302,119464,119047,88,53,0,106,0,64,4630315,0,0,1564275584,133285059,521261101,0,0,612866,68,68,0,25729614,25729614,0,0,25729614,612866,2.08,57.34
1089,2026-05-17 13:15:44,9,q22a,0,10,55,3270,3704,13873,12465,76,87,0,170,0,1217,4630315,0,0,5461307616,133285059,521266189,0,0,918610,160,160,0,45113549,45113549,0,0,14511781,306922,4.24,3.27
1090,2026-05-17 13:15:48,9,q23a,0,18,127,5682,10423,74976,70825,138,153,1,704,0,3741,6577006,0,0,12019353816,108823163,443356832,0,0,43897022,767,767,0,1116260376,1116260376,0,0,1086369609,41990015,13.2,5.68
1091,2026-05-17 13:15:55,9,q23b,0,21,148,6257,12320,82938,74921,226,213,1,1420,0,4526,6577006,0,0,24994694952,109323163,446408878,0,0,48673518,1581,1581,0,1201500821,1201500821,0,0,1098741076,42452497,13.26,6.26
1092,2026-05-17 13:16:02,9,q24,0,12,63,2277,3419,26317,25030,22,49,0,0,0,2098,463487,0,0,4795803152,32530235,211136248,0,0,30468590,392,392,0,704283614,704283614,0,0,704283614,30468590,11.56,2.28
1093,2026-05-17 13:16:06,9,q24a,0,19,116,3484,4489,38182,35568,88,131,0,464,0,3413,3560798,0,0,14728425696,32632235,209830306,0,0,61448141,1349,1349,0,1431432510,1431432510,0,0,733412274,30991090,10.96,3.48
1094,2026-05-17 13:16:10,9,q24b,0,19,116,3111,4085,33170,32319,96,136,0,0,0,2782,3560798,0,0,14722420960,32632235,209830306,0,0,61437701,1349,1349,0,1430205327,1430205327,0,0,732185091,30980650,10.66,3.11
1095,2026-05-17 13:16:14,9,q25,0,10,69,4526,7447,60719,56452,59,72,1,544,0,2792,6945969,0,0,7880887560,46326758,336724939,0,0,45538038,800,800,0,1108759789,1108759789,0,0,1108759789,45538038,13.42,4.53
1096,2026-05-17 13:16:20,9,q26,0,8,28,1216,1445,10522,10329,13,22,0,0,0,832,783559,0,0,339054936,16496774,167426909,0,0,14334907,16,16,0,388692645,388692645,0,0,388692645,14334907,8.65,1.22
1097,2026-05-17 13:16:22,9,q27,0,9,30,2166,2370,18595,18059,15,26,0,344,0,1410,783559,0,0,944051072,30896452,292410015,0,0,26620676,35,35,0,687564889,687564889,0,0,687564889,26620676,8.58,2.17
1098,2026-05-17 13:16:25,9,q27a,0,13,53,2524,4318,27353,26286,30,45,0,0,0,1969,783559,0,0,1306999952,30998554,292718825,0,0,79691279,66,66,0,2058123915,2058123915,0,0,687795217,26622575,10.84,2.52
1099,2026-05-17 13:16:29,9,q28,0,18,72,2895,15599,42463,33483,241,183,15,1006,0,2924,54247,0,0,4446484944,172803006,1055684604,0,0,470650,66,66,0,7692048,7692048,0,0,7692048,470650,14.67,2.9
1100,2026-05-17 13:16:33,9,q29,0,11,70,4366,6143,57914,54610,60,77,1,272,0,2638,6945969,0,0,7880995000,46399807,241256382,0,0,45538045,805,805,0,1089147078,1089147078,0,0,1089147078,45538045,13.26,4.37
1101,2026-05-17 13:16:38,9,q30,0,12,28,596,1218,1481,1441,86,63,0,0,0,116,1994073,0,0,589111080,2763597,32998878,0,0,756384,37,37,0,59407913,59407913,0,0,59407913,756384,2.48,0.6
1102,2026-05-17 13:16:40,9,q31,0,20,56,1497,6301,17768,15088,51,56,1,0,0,1532,3834069,0,0,2523673224,108470914,404522920,0,0,79898,49,49,0,2714998,2714998,0,0,2492791,73114,11.87,1.5
1103,2026-05-17 13:16:43,9,q32,0,7,25,472,791,5015,4653,11,17,0,0,0,46,707930,0,0,96778920,28975899,157518878,0,0,55420,12,12,0,760429,760429,0,0,760429,55420,10.62,0.47
1104,2026-05-17 13:16:44,9,q33,0,9,32,696,1349,6665,6197,29,37,0,0,0,279,890190,0,0,773025944,50928063,321332628,0,0,17063,18,18,0,450455,450455,0,0,450455,17063,9.58,0.7
1105,2026-05-17 13:16:46,9,q34,0,9,48,627,971,5567,5289,46,41,0,0,0,325,140358,0,0,271015752,29380852,55558472,0,0,1010675,58,58,0,34237222,34237222,0,0,17319457,510675,8.88,0.63
1106,2026-05-17 13:16:48,9,q35,0,12,62,1027,2191,10009,8872,53,69,0,0,0,1128,2112212,0,0,5047516496,53144863,59336702,0,0,8052611,291,291,0,39043620,39043620,0,0,39043620,8052611,9.75,1.03
1107,2026-05-17 13:16:50,9,q35a,0,11,62,879,1694,8391,7647,45,66,0,0,0,1098,2112255,0,0,4258987632,53144863,59336702,0,0,8049848,291,291,0,39052774,39052774,0,0,39052774,8049848,9.55,0.88
1108,2026-05-17 13:16:52,9,q36,0,6,15,565,530,4203,4094,13,16,0,0,0,83,1858292,0,0,921310080,28975652,258803460,0,0,1769,11,11,0,138565,138565,0,0,138565,1769,7.44,0.56
1109,2026-05-17 13:16:53,9,q36a,0,9,20,706,627,4716,4073,19,22,0,550,0,100,1858292,0,0,1460277952,28975652,258803460,0,0,4798,36,36,0,397299,397299,0,0,147261,1822,6.68,0.71
1110,2026-05-17 13:16:55,9,q37,0,6,40,869,1145,8392,7958,21,40,0,0,0,373,299199,0,0,865674784,147685474,559893194,0,0,4316414,180,180,0,64485606,64485606,0,0,64485606,14400617,9.66,0.87
1111,2026-05-17 13:16:57,9,q38,0,13,112,1762,4641,25079,20672,113,135,0,0,0,3537,2992760,0,0,14718664424,50974063,51807646,0,0,12908807,1008,1008,0,99744004,99744004,0,0,73569116,11908807,14.23,1.76
1112,2026-05-17 13:17:00,9,q39a,0,11,59,2182,3814,21687,20722,105,96,0,0,0,374,801878,0,0,2759990096,266468108,1041220090,0,0,1567909,55,55,0,36859402,36859402,0,0,25188288,1057909,9.94,2.18
1113,2026-05-17 13:17:03,9,q39b,0,11,59,1803,3290,17783,17243,104,119,0,217,0,179,521454,0,0,2692225872,266468108,1041220090,0,0,1531488,55,55,0,35748102,35748102,0,0,24076988,1021488,9.86,1.8
1114,2026-05-17 13:17:06,9,q40,0,7,36,1501,1764,18742,17540,19,38,0,0,0,1237,348211,0,0,4141621464,16015366,96488322,0,0,15748014,272,272,0,309641571,309641571,0,0,309641571,15748014,12.49,1.5
1115,2026-05-17 13:17:09,9,q41,0,4,4,139,115,99,99,3,3,0,0,0,7,13527,0,0,135268304,204000,1272987,0,0,140,2,2,0,9680,9680,0,0,9680,140,0.71,0.14
1116,2026-05-17 13:17:10,9,q42,0,4,13,305,295,2402,2320,12,14,0,0,0,25,110270,0,0,762710104,28975550,166472652,0,0,110,10,10,0,9116,9116,0,0,9116,110,7.88,0.3
1117,2026-05-17 13:17:11,9,q43,0,4,13,482,462,4119,3955,13,16,0,0,0,89,110270,0,0,91000344,28873652,71938410,0,0,210,10,10,0,27084,27084,0,0,27084,210,8.55,0.48
1118,2026-05-17 13:17:13,9,q44,0,8,34,475,516,3579,3373,31,33,0,0,0,165,1665021,0,0,1584325928,57703002,275173453,0,0,795972,120,120,0,10069011,10069011,0,0,5035816,398046,7.53,0.48
1119,2026-05-17 13:17:14,9,q45,0,8,27,1234,1308,10206,9664,23,32,0,0,0,211,5014279,0,0,4113055456,8227137,42934120,0,0,7447479,98,98,0,100517155,100517155,0,0,100517155,7447479,8.27,1.23
1120,2026-05-17 13:17:16,9,q46,0,9,32,999,1149,8287,7744,44,51,0,408,0,216,3376534,0,0,1089199376,29630852,188447600,0,0,529456,40,40,0,17231653,17231653,0,0,17231653,529456,8.3,1.0
1121,2026-05-17 13:17:18,9,q47,0,11,75,1658,2479,18369,15613,110,112,0,0,0,2274,2307790,0,0,6540828520,28975652,145263360,0,0,2665245,787,787,0,105362886,105362886,0,0,61758664,1560722,11.08,1.66
1122,2026-05-17 13:17:21,9,q48,0,8,28,1190,1595,11353,11020,0,11,0,198,0,403,1686071,0,0,334610080,31044452,224412221,0,0,4383958,23,23,0,101501998,101501998,0,0,101501998,4383958,9.54,1.19
1123,2026-05-17 13:17:23,9,q49,0,18,87,1690,6506,22883,19626,103,88,0,672,0,1989,234893,0,0,4893318176,55511851,557056798,0,0,15195841,85,85,0,338212852,338212852,0,0,338212852,15195841,13.54,1.69
1124,2026-05-17 13:17:26,9,q50,0,7,41,2045,2413,25121,23258,29,44,0,405,0,1662,373053,0,0,4687124776,31824333,142334948,0,0,29262054,357,357,0,629536939,629536939,0,0,629536939,29262054,12.28,2.04
1125,2026-05-17 13:17:29,9,q51,0,10,117,2678,3804,35919,32152,140,161,0,869,0,3559,407915,0,0,9946829760,36073638,172274676,0,0,24415841,1679,1679,0,420200139,420200139,0,0,420200139,24415841,13.41,2.68
1126,2026-05-17 13:17:33,9,q51a,0,14,183,20277,24001,265010,253093,264,312,0,1720,0,3973,567630,0,0,26902298312,36073638,172274676,0,0,47531016,2587,2587,0,789080756,789080756,0,0,575698126,36069050,13.07,20.28
1127,2026-05-17 13:17:54,9,q52,0,4,13,322,312,2438,2364,11,14,0,0,0,114,110227,0,0,762710104,28975550,166603724,0,0,4250,10,10,0,266731,266731,0,0,266731,4250,7.57,0.32
1128,2026-05-17 13:17:56,9,q53,0,6,15,456,442,3300,3210,13,15,0,0,0,171,138190,0,0,171348496,28975652,145799972,0,0,31394,11,11,0,661866,661866,0,0,661866,31394,7.24,0.46
1129,2026-05-17 13:17:57,9,q54,0,17,59,1404,2237,15166,14471,45,67,0,0,0,839,5014279,0,0,3085658512,51545312,190048440,0,0,27925376,152,152,0,266108014,266108014,0,0,266108014,27925376,10.8,1.4
1130,2026-05-17 13:18:00,9,q55,0,4,13,312,301,2319,2245,12,14,0,0,0,99,110270,0,0,762710104,28975550,166603724,0,0,3448,10,10,0,211879,211879,0,0,211879,3448,7.43,0.31
1131,2026-05-17 13:18:01,9,q56,0,9,32,787,1829,9075,6656,47,45,0,320,0,235,465078,0,0,817527528,50928063,321597316,0,0,10844,18,18,0,393452,393452,0,0,393452,10844,11.53,0.79
1132,2026-05-17 13:18:03,9,q57,0,11,56,1813,2596,13724,11771,83,94,0,0,0,1027,2307790,0,0,5257365712,14575498,67902007,0,0,1160477,378,378,0,45054696,45054696,0,0,33346766,851478,7.57,1.81
1133,2026-05-17 13:18:06,9,q58,0,11,33,815,1825,9064,7923,31,36,0,0,0,424,783559,0,0,1874516736,50722161,286836650,0,0,247081,27,27,0,3686832,3686832,0,0,3686832,247081,11.12,0.82
1134,2026-05-17 13:18:08,9,q59,0,10,29,925,981,6009,5832,22,27,0,0,0,320,754364,0,0,1622762440,29019852,72241290,0,0,304460,132,132,0,12848209,12848209,0,0,6671233,170845,6.5,0.92
1135,2026-05-17 13:18:10,9,q60,0,9,32,674,1382,6158,5530,29,37,0,0,0,359,465078,0,0,1260333848,50928063,321533332,0,0,78428,19,19,0,1556487,1556487,0,0,1556487,78428,9.14,0.67
1136,2026-05-17 13:18:12,9,q61,0,10,28,857,1427,10010,9654,1,12,0,0,0,3,5014279,0,0,623374000,58526653,415009764,0,0,20,20,20,0,1179,1179,0,0,1179,20,11.68,0.86
1137,2026-05-17 13:18:14,9,q62,0,6,9,417,405,1359,1325,6,7,0,0,0,37,66444,0,0,85210792,7273209,25080911,0,0,1680,4,4,0,144678,144678,0,0,144678,1680,3.26,0.42
1138,2026-05-17 13:18:15,9,q63,0,6,15,484,469,3636,3560,13,15,0,0,0,162,138190,0,0,171282960,28975652,145802092,0,0,12917,11,11,0,338319,338319,0,0,338319,12917,7.51,0.48
1139,2026-05-17 13:18:17,9,q64,0,33,298,9455,23093,138589,124231,578,600,0,2016,0,12557,1086691,0,0,43419547432,50518209,483849547,0,0,66198164,5431,5431,0,2332424612,2332424612,0,0,2094334387,55680264,14.66,9.46
1140,2026-05-17 13:18:27,9,q65,0,10,76,1569,2881,22486,20112,108,108,2,240,0,1582,9164527,0,0,6089929776,57776153,293046734,0,0,11880061,391,391,0,391220668,391220668,0,0,391220668,11880061,14.33,1.57
1141,2026-05-17 13:18:30,9,q66,0,8,21,882,1156,5788,5184,38,42,0,0,0,29,165207,0,0,872275792,21759992,173133259,0,0,90,9,9,0,47940,47940,0,0,47940,90,6.56,0.88
1142,2026-05-17 13:18:32,9,q67,0,6,31,6859,6810,72594,71445,41,47,0,536,0,1394,4630315,0,0,7394888888,28975652,172757611,0,0,11548825,187,187,0,866159379,866159379,0,0,866159379,11548825,10.58,6.86
1143,2026-05-17 13:18:40,9,q67a,0,14,172,10421,35677,137581,127958,272,315,0,1076,0,5409,4630358,0,0,26370438416,28975652,172757611,0,0,55551443,1700,1700,0,4120622499,4120622499,0,0,900593811,13218747,13.2,10.42
1144,2026-05-17 13:18:52,9,q68,0,9,32,845,1011,6703,6429,57,47,0,120,0,156,3376534,0,0,591079384,29630852,301203560,0,0,507674,40,40,0,16318004,16318004,0,0,16318004,507674,7.93,0.84
1145,2026-05-17 13:18:54,9,q69,0,13,57,691,1815,6655,5868,31,52,0,0,0,1014,467445,0,0,1524419368,53144863,59406334,0,0,3828287,131,131,0,62118565,62118565,0,0,62118565,3828287,9.63,0.69
1146,2026-05-17 13:18:55,9,q70,0,9,27,791,737,5933,5788,25,32,0,0,0,44,208460,0,0,1054549784,57674255,204110256,0,0,209,22,22,0,10316,10316,0,0,10316,209,7.5,0.79
1147,2026-05-17 13:18:57,9,q70a,0,12,32,738,628,4728,4588,28,35,0,0,0,49,207900,0,0,855320256,57674255,204110256,0,0,240,47,47,0,14125,14125,0,0,8085,180,6.41,0.74
1148,2026-05-17 13:18:59,9,q71,0,7,30,804,771,8891,7167,34,41,0,0,0,199,452415,0,0,832552312,50662463,309202270,0,0,32249,31,31,0,1647968,1647968,0,0,994828,21130,11.06,0.8
1149,2026-05-17 13:19:01,9,q72,0,16,93,16569,19635,210980,206990,120,133,1,816,0,4943,6577006,0,0,19933730552,151199964,657716443,0,0,142630673,1392,1392,0,2049530107,2049530107,0,0,2049530107,142630673,12.73,16.57
1150,2026-05-17 13:19:19,9,q73,0,9,48,501,771,4342,4207,29,36,0,0,0,132,138190,0,0,269680456,29380852,55558472,0,0,1002732,49,49,0,33968564,33968564,0,0,17050799,502732,8.67,0.5
1151,2026-05-17 13:19:20,9,q74,0,15,131,4190,13975,62623,56627,162,189,0,272,0,3474,1428954,0,0,22921014288,36646687,138902766,0,0,71557457,1399,1399,0,759410780,759410780,0,0,388018178,36002167,14.95,4.19
1152,2026-05-17 13:19:25,9,q75,0,19,136,3448,13639,53247,45996,138,182,4,0,3,4872,574683,0,0,11663447024,106087914,761041160,0,0,14156492,1038,1038,0,314359407,314359407,0,0,214429694,9118704,15.44,3.45
1153,2026-05-17 13:19:30,9,q76,0,4,27,752,722,10260,7082,32,45,0,496,0,328,918479,0,0,1919210600,50576063,311687490,0,0,3127,24,24,0,261039,261039,0,0,261039,3127,13.64,0.75
1154,2026-05-17 13:19:32,9,q77,0,14,50,671,2622,7083,6318,44,52,0,0,0,202,121458,0,0,752913968,55512153,370004033,0,0,1747,34,34,0,119687,119687,0,0,119687,1747,10.56,0.67
1155,2026-05-17 13:19:34,9,q77a,0,17,55,891,3009,8200,7363,56,64,0,0,0,254,141450,0,0,1291881840,55512153,370004033,0,0,2211,45,45,0,175804,175804,0,0,134308,1881,9.2,0.89
1156,2026-05-17 13:19:36,9,q78,0,12,94,5764,13301,85698,79553,159,157,1,736,0,4588,6475408,0,0,18310339880,55584900,461459194,0,0,54207575,1241,1241,0,1579148800,1579148800,0,0,1579148800,54207575,14.87,5.76
1157,2026-05-17 13:19:43,9,q79,0,8,29,856,994,7105,7001,49,41,0,0,0,175,2263289,0,0,991772448,29380852,185998480,0,0,581366,44,44,0,16092595,16092595,0,0,16092595,581366,8.3,0.86
1158,2026-05-17 13:19:45,9,q80,0,17,101,6157,21405,94558,89082,95,129,0,528,0,4754,395675,0,0,14185165104,55626495,607719862,0,0,53052375,734,734,0,1571615941,1571615941,0,0,1571615941,53052375,15.36,6.16
1159,2026-05-17 13:19:52,9,q80a,0,20,106,6042,21252,91107,87038,106,140,0,512,0,4027,395675,0,0,14657024136,55626495,607719862,0,0,53053332,745,745,0,1571731553,1571731553,0,0,1571628803,53052306,15.08,6.04
1160,2026-05-17 13:19:59,9,q81,0,15,46,699,1506,4413,3955,103,85,0,225,0,268,1994073,0,0,2017309984,4202813,42435214,0,0,1386550,76,76,0,36822058,36822058,0,0,36822058,1386550,6.31,0.7
1161,2026-05-17 13:20:01,9,q82,0,6,40,1182,1674,11900,11476,21,41,0,0,0,485,299586,0,0,1637431696,162085550,598297048,0,0,13778665,194,194,0,137239500,137239500,0,0,137239500,28800829,10.07,1.18
1162,2026-05-17 13:20:03,9,q83,0,10,23,534,1199,5258,4837,18,21,0,0,0,287,783559,0,0,977241352,5358935,28110796,0,0,43961,14,14,0,759663,759663,0,0,759663,43961,9.85,0.53
1163,2026-05-17 13:20:05,9,q84,0,9,29,682,533,2451,1887,20,21,0,336,0,216,9713889,0,0,96623136,5555652,22261454,0,0,2778810,21,21,0,14458335,14458335,0,0,14458335,2778810,3.59,0.68
1164,2026-05-17 13:20:07,9,q85,0,13,50,811,1752,6187,5788,51,68,0,0,0,324,1611538,0,0,3925239888,12085256,98304120,0,0,3001776,128,128,0,62818568,62818568,0,0,62818568,3001776,7.63,0.81
1165,2026-05-17 13:20:08,9,q86,0,5,8,361,323,1008,982,5,7,0,0,0,28,1858292,0,0,445053744,7375137,42167036,0,0,816,5,5,0,54744,54744,0,0,54744,816,2.79,0.36
1166,2026-05-17 13:20:10,9,q86a,0,8,13,364,301,824,785,8,11,0,0,0,43,1858292,0,0,984021584,7375137,42167036,0,0,2119,18,18,0,157705,157705,0,0,66561,929,2.26,0.36
1167,2026-05-17 13:20:11,9,q87,0,13,112,1800,4871,25836,21111,110,134,0,0,0,3301,2992803,0,0,14718664424,50974063,51807646,0,0,12908807,1008,1008,0,99744004,99744004,0,0,73569116,11908807,14.35,1.8
1168,2026-05-17 13:20:14,9,q88,0,26,98,1227,7278,17462,15438,5,43,0,528,0,8,50360,0,0,257476480,231102510,223408392,0,0,80,80,80,0,4720,4720,0,0,4720,80,14.23,1.23
1169,2026-05-17 13:20:17,9,q89,0,6,16,614,599,4653,4339,14,16,0,150,0,184,138577,0,0,909938872,28975652,145533696,0,0,49975,22,22,0,2298949,2298949,0,0,2298949,49975,7.58,0.61
1170,2026-05-17 13:20:18,9,q90,0,8,14,195,337,1140,1128,0,4,0,0,0,0,40754,0,0,25899136,14580376,22811276,0,0,8,8,8,0,472,472,0,0,472,8,5.85,0.2
1171,2026-05-17 13:20:19,9,q91,0,11,17,369,452,978,934,9,12,0,0,0,38,9527061,0,0,480414344,4190955,24237735,0,0,109813,8,8,0,1095219,1095219,0,0,1092269,109794,2.65,0.37
1172,2026-05-17 13:20:21,9,q92,0,7,13,317,542,1748,1708,1,6,0,0,0,78,708778,0,0,82624920,14575225,84044050,0,0,135661,9,9,0,1837430,1837430,0,0,1837430,135661,5.51,0.32
1173,2026-05-17 13:20:22,9,q93,0,5,39,3765,4127,44519,43353,22,39,0,0,0,1814,252331,0,0,5766380072,31678178,201779522,0,0,31635854,357,357,0,754631060,754631060,0,0,754631060,31635854,11.82,3.76
1174,2026-05-17 13:20:27,9,q94,0,8,30,1322,1750,12139,11487,38,36,0,0,0,381,2550511,0,0,3571011840,15443541,75645096,0,0,14397040,153,153,0,217756751,217756751,0,0,217756751,14397040,9.18,1.32
1175,2026-05-17 13:20:29,9,q95,0,8,30,3347,3730,41476,35856,45,44,0,672,0,346,2550567,0,0,14560086280,15443541,72405160,0,0,35990240,357,357,0,319472623,319472623,0,0,196649755,14395274,12.39,3.35
1176,2026-05-17 13:20:34,9,q96,0,5,14,250,246,2003,1894,0,7,0,0,0,1,49930,0,0,31936240,28894203,27982490,0,0,10,10,10,0,590,590,0,0,590,10,8.01,0.25
1177,2026-05-17 13:20:35,9,q97,0,5,39,1853,2485,21815,18064,41,47,0,0,0,296,268923,0,0,6186655016,43273975,150799738,0,0,8377699,238,238,0,96908300,96908300,0,0,96908300,8377699,11.77,1.85
1178,2026-05-17 13:20:38,9,q98,0,7,24,629,551,3090,2861,25,29,3,0,0,225,3269297,0,0,1585220256,28975550,169831312,0,0,106186,98,98,0,14470568,14470568,0,0,12500913,91022,4.91,0.63
1179,2026-05-17 13:20:40,9,q99,0,6,15,592,576,3133,2932,14,17,0,0,0,30,165207,0,0,111969064,14473528,33990610,0,0,2160,3,3,0,173855,173855,0,0,173855,2160,5.29,0.59
